# Blender v2.75 (sub 0) OBJ File: 'plaza.blend'
# www.blender.org
mtllib banco.mtl
o banco.005_Cube.004
v 1.083072 0.238407 -4.500573
v 1.083072 0.296357 -4.500573
v 1.083072 0.354306 -4.500573
v 1.083072 0.196440 -4.500573
v 1.083072 0.254390 -4.500573
v 1.083072 0.312340 -4.500573
v 1.843509 0.196440 -4.500573
v 1.843509 0.254390 -4.500573
v 1.843509 0.312340 -4.500573
v 1.843508 0.238407 -4.500573
v 1.843508 0.296357 -4.500573
v 1.843508 0.354306 -4.500573
v 1.083072 0.238407 -4.524250
v 1.083072 0.296357 -4.524250
v 1.083072 0.354306 -4.524250
v 1.083072 0.196440 -4.524250
v 1.083072 0.254390 -4.524250
v 1.083072 0.312340 -4.524250
v 1.843509 0.196440 -4.524250
v 1.843509 0.254390 -4.524250
v 1.843509 0.312340 -4.524250
v 1.843509 0.238407 -4.524250
v 1.843509 0.296357 -4.524250
v 1.843509 0.354306 -4.524250
v 1.760035 -0.030268 -4.858248
v 1.754416 -0.030154 -4.862434
v 1.747410 -0.030169 -4.862520
v 1.741691 -0.030308 -4.858473
v 1.739445 -0.030517 -4.851839
v 1.741529 -0.030717 -4.845152
v 1.747147 -0.030832 -4.840966
v 1.754153 -0.030817 -4.840880
v 1.759872 -0.030678 -4.844927
v 1.762118 -0.030469 -4.851561
v 1.759972 -0.006915 -4.859461
v 1.754354 -0.006800 -4.863647
v 1.747348 -0.006815 -4.863733
v 1.741629 -0.006954 -4.859686
v 1.739383 -0.007163 -4.853053
v 1.741467 -0.007364 -4.846365
v 1.747085 -0.007478 -4.842180
v 1.754092 -0.007463 -4.842094
v 1.759810 -0.007324 -4.846141
v 1.762056 -0.007115 -4.852775
v 1.759922 0.014590 -4.857007
v 1.754302 0.015446 -4.861103
v 1.747295 0.015448 -4.861187
v 1.741579 0.014596 -4.857226
v 1.739335 0.013216 -4.850733
v 1.741422 0.011834 -4.844188
v 1.747041 0.010979 -4.840092
v 1.754048 0.010976 -4.840008
v 1.759765 0.011828 -4.843969
v 1.762008 0.013208 -4.850462
v 1.759884 0.033381 -4.851102
v 1.754263 0.035029 -4.854947
v 1.747256 0.035050 -4.855025
v 1.741541 0.033437 -4.851306
v 1.739300 0.030805 -4.845211
v 1.741389 0.028160 -4.839068
v 1.747010 0.026513 -4.835223
v 1.754017 0.026492 -4.835145
v 1.759732 0.028105 -4.838864
v 1.761974 0.030737 -4.844959
v 1.759859 0.049523 -4.842077
v 1.754236 0.051918 -4.845504
v 1.747230 0.051957 -4.845572
v 1.741516 0.049623 -4.842255
v 1.739276 0.045809 -4.836821
v 1.741367 0.041971 -4.831344
v 1.746990 0.039576 -4.827917
v 1.753997 0.039537 -4.827848
v 1.759711 0.041871 -4.831165
v 1.761950 0.045685 -4.836600
v 1.759845 0.063087 -4.830349
v 1.754222 0.066100 -4.833247
v 1.747215 0.066153 -4.833302
v 1.741501 0.063226 -4.830495
v 1.739263 0.058436 -4.825896
v 1.741355 0.053614 -4.821263
v 1.746979 0.050601 -4.818365
v 1.753985 0.050548 -4.818309
v 1.759699 0.053475 -4.821117
v 1.761937 0.058265 -4.825716
v 1.759840 0.074229 -4.816382
v 1.754217 0.077692 -4.818723
v 1.747211 0.077755 -4.818766
v 1.741497 0.074394 -4.816494
v 1.739259 0.068893 -4.812776
v 1.741352 0.063353 -4.809031
v 1.746975 0.059890 -4.806689
v 1.753982 0.059827 -4.806646
v 1.759695 0.063188 -4.808918
v 1.761933 0.068689 -4.812637
v 1.759844 0.083181 -4.800614
v 1.754221 0.086942 -4.802439
v 1.747214 0.087012 -4.802470
v 1.741501 0.083365 -4.800696
v 1.739263 0.077392 -4.797794
v 1.741355 0.071376 -4.794873
v 1.746978 0.067615 -4.793049
v 1.753985 0.067545 -4.793018
v 1.759699 0.071193 -4.794792
v 1.761937 0.077165 -4.797694
v 1.759855 0.090214 -4.783431
v 1.754232 0.094160 -4.784811
v 1.747225 0.094234 -4.784832
v 1.741511 0.090408 -4.783486
v 1.739273 0.084143 -4.781287
v 1.741365 0.077833 -4.779075
v 1.746988 0.073886 -4.777694
v 1.753994 0.073812 -4.777673
v 1.759708 0.077638 -4.779020
v 1.761947 0.083903 -4.781219
v 1.759871 0.095596 -4.765176
v 1.754248 0.099652 -4.766191
v 1.747241 0.099729 -4.766204
v 1.741527 0.095797 -4.765210
v 1.739288 0.089359 -4.763587
v 1.741379 0.082873 -4.761956
v 1.747002 0.078817 -4.760941
v 1.754009 0.078740 -4.760928
v 1.759723 0.082672 -4.761923
v 1.761962 0.089110 -4.763546
v 1.759890 0.099581 -4.746173
v 1.754268 0.103699 -4.746897
v 1.747261 0.103778 -4.746903
v 1.741547 0.099786 -4.746190
v 1.739307 0.093249 -4.745028
v 1.741398 0.086663 -4.743862
v 1.747021 0.082545 -4.743138
v 1.754027 0.082467 -4.743132
v 1.759742 0.086458 -4.743846
v 1.761981 0.092995 -4.745008
v 1.759912 0.102408 -4.726740
v 1.754290 0.106561 -4.727237
v 1.747283 0.106640 -4.727239
v 1.741569 0.102615 -4.726744
v 1.739329 0.096024 -4.725943
v 1.741419 0.089384 -4.725141
v 1.747042 0.085232 -4.724644
v 1.754048 0.085153 -4.724643
v 1.759763 0.089178 -4.725137
v 1.762003 0.095769 -4.725938
v 1.759936 0.104306 -4.707198
v 1.754314 0.108476 -4.707521
v 1.747307 0.108555 -4.707520
v 1.741592 0.104514 -4.707192
v 1.739352 0.097895 -4.706665
v 1.741442 0.091228 -4.706139
v 1.747064 0.087058 -4.705815
v 1.754071 0.086979 -4.705817
v 1.759786 0.091020 -4.706144
v 1.762026 0.097639 -4.706672
v 1.759959 0.105495 -4.687869
v 1.754337 0.109673 -4.688068
v 1.747330 0.109752 -4.688064
v 1.741616 0.105703 -4.687857
v 1.739375 0.099072 -4.687527
v 1.741465 0.092392 -4.687201
v 1.747087 0.088215 -4.687001
v 1.754093 0.088135 -4.687006
v 1.759808 0.092184 -4.687212
v 1.762049 0.098815 -4.687541
v 1.759981 0.106193 -4.669081
v 1.754359 0.110374 -4.669201
v 1.747352 0.110453 -4.669196
v 1.741637 0.106401 -4.669067
v 1.739397 0.099765 -4.668864
v 1.741487 0.093080 -4.668664
v 1.747108 0.088899 -4.668543
v 1.754115 0.088820 -4.668549
v 1.759830 0.092872 -4.668678
v 1.762070 0.099508 -4.668881
v 1.760000 0.106613 -4.651171
v 1.754378 0.110795 -4.651259
v 1.747372 0.110874 -4.651254
v 1.741657 0.106821 -4.651157
v 1.739416 0.100184 -4.651007
v 1.741506 0.093497 -4.650860
v 1.747127 0.089316 -4.650772
v 1.754134 0.089236 -4.650777
v 1.759849 0.093289 -4.650873
v 1.762090 0.099927 -4.651024
v 1.760015 0.106967 -4.634481
v 1.754393 0.111148 -4.634590
v 1.747387 0.111228 -4.634586
v 1.741672 0.107175 -4.634473
v 1.739431 0.100538 -4.634292
v 1.741521 0.093853 -4.634113
v 1.747143 0.089671 -4.634004
v 1.754149 0.089592 -4.634007
v 1.759864 0.093645 -4.634121
v 1.762105 0.100281 -4.634303
v 1.760025 0.107462 -4.619371
v 1.754403 0.111640 -4.619570
v 1.747397 0.111719 -4.619571
v 1.741682 0.107670 -4.619372
v 1.739441 0.101038 -4.619052
v 1.741531 0.094358 -4.618731
v 1.747153 0.090180 -4.618532
v 1.754159 0.090101 -4.618531
v 1.759874 0.094150 -4.618729
v 1.762115 0.100782 -4.619050
v 1.760029 0.108314 -4.606001
v 1.754407 0.112489 -4.606249
v 1.747400 0.112568 -4.606253
v 1.741685 0.108521 -4.606011
v 1.739445 0.101894 -4.605616
v 1.741535 0.095217 -4.605219
v 1.747157 0.091042 -4.604971
v 1.754163 0.090963 -4.604967
v 1.759878 0.095010 -4.605209
v 1.762119 0.101638 -4.605604
v 1.760029 0.109360 -4.587034
v 1.754407 0.113542 -4.587085
v 1.747400 0.113621 -4.587086
v 1.741685 0.109567 -4.587037
v 1.739445 0.102929 -4.586955
v 1.741535 0.096241 -4.586873
v 1.747157 0.092059 -4.586821
v 1.754163 0.091980 -4.586820
v 1.759878 0.096034 -4.586870
v 1.762119 0.102672 -4.586952
v 1.760029 0.108877 -4.571572
v 1.754407 0.113042 -4.571185
v 1.747400 0.113121 -4.571178
v 1.741685 0.109084 -4.571553
v 1.739445 0.102473 -4.572166
v 1.741535 0.095813 -4.572784
v 1.747157 0.091649 -4.573171
v 1.754163 0.091570 -4.573178
v 1.759878 0.095607 -4.572803
v 1.762119 0.102218 -4.572190
v 1.760029 0.106950 -4.559269
v 1.754407 0.111008 -4.558258
v 1.747400 0.111085 -4.558239
v 1.741685 0.107151 -4.559219
v 1.739445 0.100709 -4.560825
v 1.741535 0.094219 -4.562442
v 1.747157 0.090161 -4.563454
v 1.754163 0.090084 -4.563473
v 1.759878 0.094018 -4.562493
v 1.762119 0.100460 -4.560887
v 1.760029 0.103574 -4.549634
v 1.754407 0.107318 -4.547769
v 1.747400 0.107389 -4.547733
v 1.741685 0.103760 -4.549541
v 1.739445 0.097817 -4.552502
v 1.741535 0.091831 -4.555484
v 1.747157 0.088087 -4.557349
v 1.754163 0.088016 -4.557384
v 1.759878 0.091645 -4.555576
v 1.762119 0.097588 -4.552616
v 1.760029 0.098678 -4.542380
v 1.754407 0.101735 -4.539525
v 1.747400 0.101793 -4.539471
v 1.741685 0.098830 -4.542238
v 1.739445 0.093978 -4.546770
v 1.741535 0.089091 -4.551336
v 1.747157 0.086035 -4.554191
v 1.754163 0.085977 -4.554245
v 1.759878 0.088939 -4.551477
v 1.762119 0.093791 -4.546945
v 1.760029 0.092443 -4.537559
v 1.754407 0.094438 -4.533882
v 1.747400 0.094475 -4.533813
v 1.741685 0.092542 -4.537376
v 1.739445 0.089376 -4.543212
v 1.741535 0.086187 -4.549090
v 1.747157 0.084192 -4.552767
v 1.754163 0.084155 -4.552836
v 1.759878 0.086088 -4.549273
v 1.762119 0.089254 -4.543437
v 1.760029 0.085556 -4.535117
v 1.754407 0.086435 -4.531028
v 1.747400 0.086451 -4.530951
v 1.741685 0.085600 -4.534914
v 1.739445 0.084205 -4.541405
v 1.741535 0.082801 -4.547944
v 1.747157 0.081922 -4.552033
v 1.754163 0.081905 -4.552111
v 1.759878 0.082757 -4.548147
v 1.762119 0.084151 -4.541656
v 1.760029 0.078717 -4.534488
v 1.754407 0.078753 -4.530306
v 1.747400 0.078754 -4.530227
v 1.741685 0.078719 -4.534281
v 1.739445 0.078661 -4.540920
v 1.741535 0.078602 -4.547607
v 1.747157 0.078566 -4.551790
v 1.754163 0.078565 -4.551869
v 1.759878 0.078600 -4.547815
v 1.762119 0.078658 -4.541176
v 1.760029 0.072230 -4.534926
v 1.754407 0.071776 -4.530769
v 1.747400 0.071767 -4.530690
v 1.741685 0.072208 -4.534720
v 1.739445 0.072929 -4.541320
v 1.741535 0.073655 -4.547968
v 1.747157 0.074110 -4.552126
v 1.754163 0.074118 -4.552205
v 1.759878 0.073678 -4.548175
v 1.762119 0.072957 -4.541575
v 1.760029 0.066218 -4.535817
v 1.754407 0.065583 -4.531683
v 1.747400 0.065571 -4.531605
v 1.741685 0.066186 -4.535612
v 1.739445 0.067194 -4.542174
v 1.741535 0.068209 -4.548785
v 1.747157 0.068844 -4.552919
v 1.754163 0.068856 -4.552997
v 1.759878 0.068241 -4.548990
v 1.762119 0.067233 -4.542428
v 1.760029 0.060843 -4.536671
v 1.754407 0.060326 -4.532520
v 1.747400 0.060316 -4.532442
v 1.741685 0.060818 -4.536465
v 1.739445 0.061639 -4.543053
v 1.741535 0.062467 -4.549690
v 1.747157 0.062985 -4.553840
v 1.754163 0.062995 -4.553918
v 1.759878 0.062493 -4.549895
v 1.762119 0.061671 -4.543307
v 1.760029 0.056404 -4.537097
v 1.754407 0.056372 -4.532914
v 1.747401 0.056371 -4.532835
v 1.741685 0.056402 -4.536889
v 1.739445 0.056453 -4.543528
v 1.741535 0.056504 -4.550216
v 1.747157 0.056536 -4.554399
v 1.754163 0.056536 -4.554478
v 1.759878 0.056505 -4.550424
v 1.762119 0.056455 -4.543785
v 1.760029 0.053306 -4.536918
v 1.754407 0.054270 -4.532848
v 1.747401 0.054289 -4.532772
v 1.741685 0.053354 -4.536716
v 1.739445 0.051822 -4.543177
v 1.741535 0.050280 -4.549685
v 1.747157 0.049315 -4.553754
v 1.754163 0.049297 -4.553831
v 1.759878 0.050232 -4.549886
v 1.762119 0.051763 -4.543426
v 1.760029 0.051612 -4.536307
v 1.754407 0.054006 -4.532877
v 1.747401 0.054051 -4.532813
v 1.741685 0.051731 -4.536137
v 1.739445 0.047931 -4.541581
v 1.741535 0.044103 -4.547065
v 1.747157 0.041709 -4.550495
v 1.754163 0.041664 -4.550560
v 1.759878 0.043984 -4.547235
v 1.762119 0.047784 -4.541791
v 1.760029 0.050453 -4.535000
v 1.754407 0.054037 -4.532844
v 1.747401 0.054104 -4.532803
v 1.741685 0.050631 -4.534894
v 1.739445 0.044943 -4.538317
v 1.741535 0.039212 -4.541766
v 1.747157 0.035629 -4.543922
v 1.754163 0.035561 -4.543963
v 1.759878 0.039034 -4.541873
v 1.762119 0.044723 -4.538449
v 1.760029 0.049316 -4.531584
v 1.754407 0.053405 -4.530705
v 1.747401 0.053482 -4.530688
v 1.741685 0.049519 -4.531540
v 1.739445 0.043028 -4.532936
v 1.741535 0.036489 -4.534342
v 1.747157 0.032400 -4.535222
v 1.754163 0.032323 -4.535238
v 1.759878 0.036286 -4.534386
v 1.762119 0.042777 -4.532990
v 1.760029 0.048812 -4.524974
v 1.754407 0.052994 -4.524959
v 1.747400 0.053073 -4.524959
v 1.741685 0.049019 -4.524973
v 1.739445 0.042380 -4.524998
v 1.741535 0.035692 -4.525022
v 1.747157 0.031510 -4.525037
v 1.754163 0.031430 -4.525037
v 1.759878 0.035485 -4.525023
v 1.762119 0.042124 -4.524999
v 1.760029 0.049485 -4.515409
v 1.754407 0.053578 -4.516270
v 1.747400 0.053656 -4.516286
v 1.741685 0.049688 -4.515452
v 1.739445 0.043191 -4.514086
v 1.741535 0.036646 -4.512710
v 1.747157 0.032553 -4.511849
v 1.754163 0.032475 -4.511833
v 1.759878 0.036443 -4.512667
v 1.762119 0.042940 -4.514033
v 1.760029 0.052686 -4.506070
v 1.754407 0.056229 -4.508291
v 1.747400 0.056296 -4.508333
v 1.741685 0.052861 -4.506180
v 1.739445 0.047236 -4.502653
v 1.741535 0.041570 -4.499101
v 1.747157 0.038026 -4.496879
v 1.754163 0.037959 -4.496837
v 1.759878 0.041394 -4.498991
v 1.762119 0.047019 -4.502517
v 1.760029 0.059458 -4.499312
v 1.754407 0.061899 -4.502709
v 1.747400 0.061945 -4.502773
v 1.741685 0.059579 -4.499481
v 1.739445 0.055705 -4.494089
v 1.741535 0.051803 -4.488657
v 1.747157 0.049362 -4.485261
v 1.754163 0.049316 -4.485197
v 1.759878 0.051682 -4.488489
v 1.762119 0.055556 -4.493881
v 1.760029 0.070285 -4.494077
v 1.754407 0.071713 -4.498008
v 1.747400 0.071740 -4.498083
v 1.741685 0.070356 -4.494272
v 1.739445 0.068089 -4.488031
v 1.741535 0.065806 -4.481745
v 1.747157 0.064378 -4.477814
v 1.754163 0.064351 -4.477739
v 1.759878 0.065735 -4.481550
v 1.762119 0.068002 -4.487791
v 1.760029 0.084994 -4.490474
v 1.754407 0.085726 -4.494592
v 1.747400 0.085740 -4.494670
v 1.741685 0.085030 -4.490678
v 1.739445 0.083867 -4.484142
v 1.741535 0.082696 -4.477557
v 1.747157 0.081964 -4.473439
v 1.754163 0.081950 -4.473361
v 1.759878 0.082660 -4.477353
v 1.762119 0.083823 -4.483889
v 1.760029 0.102953 -4.488494
v 1.754407 0.103241 -4.492667
v 1.747400 0.103247 -4.492746
v 1.741685 0.102967 -4.488701
v 1.739445 0.102510 -4.482078
v 1.741535 0.102048 -4.475406
v 1.747157 0.101760 -4.471233
v 1.754163 0.101754 -4.471154
v 1.759878 0.102034 -4.475199
v 1.762119 0.102492 -4.481822
v 1.760029 0.123496 -4.487927
v 1.754407 0.123504 -4.492110
v 1.747400 0.123504 -4.492189
v 1.741685 0.123496 -4.488135
v 1.739445 0.123485 -4.481495
v 1.741535 0.123473 -4.474807
v 1.747157 0.123465 -4.470625
v 1.754163 0.123465 -4.470546
v 1.759878 0.123472 -4.474600
v 1.762119 0.123484 -4.481239
v 1.760029 0.146006 -4.488474
v 1.754407 0.145840 -4.492653
v 1.747400 0.145836 -4.492732
v 1.741685 0.145998 -4.488681
v 1.739445 0.146263 -4.482047
v 1.741535 0.146530 -4.475364
v 1.747157 0.146697 -4.471185
v 1.754163 0.146700 -4.471106
v 1.759878 0.146538 -4.475157
v 1.762119 0.146273 -4.481791
v 1.760029 0.169907 -4.489804
v 1.754407 0.169641 -4.493978
v 1.747400 0.169636 -4.494057
v 1.741685 0.169894 -4.490011
v 1.739445 0.170315 -4.483386
v 1.741535 0.170740 -4.476711
v 1.747157 0.171006 -4.472537
v 1.754163 0.171011 -4.472457
v 1.759878 0.170753 -4.476504
v 1.762119 0.170332 -4.483130
v 1.760029 0.194644 -4.491577
v 1.754407 0.194339 -4.495748
v 1.747401 0.194333 -4.495827
v 1.741685 0.194629 -4.491784
v 1.739445 0.195113 -4.485162
v 1.741535 0.195601 -4.478492
v 1.747157 0.195907 -4.474321
v 1.754163 0.195912 -4.474242
v 1.759878 0.195617 -4.478285
v 1.762119 0.195132 -4.484907
v 1.760029 0.219680 -4.493446
v 1.754407 0.219388 -4.497619
v 1.747401 0.219382 -4.497697
v 1.741685 0.219665 -4.493653
v 1.739445 0.220129 -4.487030
v 1.741535 0.220595 -4.480359
v 1.747157 0.220887 -4.476186
v 1.754163 0.220892 -4.476107
v 1.759878 0.220610 -4.480152
v 1.762119 0.220146 -4.486774
v 1.760029 0.244488 -4.495063
v 1.754407 0.244264 -4.499240
v 1.747401 0.244260 -4.499319
v 1.741685 0.244477 -4.495271
v 1.739445 0.244833 -4.488641
v 1.741535 0.245191 -4.481963
v 1.747157 0.245415 -4.477786
v 1.754163 0.245420 -4.477707
v 1.759878 0.245202 -4.481755
v 1.762119 0.244847 -4.488385
v 1.760029 0.268555 -4.496077
v 1.754407 0.268462 -4.500258
v 1.747401 0.268461 -4.500338
v 1.741685 0.268551 -4.496284
v 1.739445 0.268698 -4.489647
v 1.741535 0.268847 -4.482961
v 1.747157 0.268940 -4.478779
v 1.754163 0.268942 -4.478700
v 1.759878 0.268852 -4.482753
v 1.762119 0.268704 -4.489391
v 1.760029 0.291385 -4.496129
v 1.754407 0.291506 -4.500309
v 1.747401 0.291508 -4.500389
v 1.741685 0.291391 -4.496336
v 1.739445 0.291198 -4.489700
v 1.741535 0.291003 -4.483015
v 1.747157 0.290881 -4.478834
v 1.754163 0.290879 -4.478755
v 1.759878 0.290997 -4.482807
v 1.762119 0.291190 -4.489444
v 1.760029 0.312505 -4.494844
v 1.754407 0.312961 -4.499002
v 1.747401 0.312970 -4.499081
v 1.741685 0.312528 -4.495051
v 1.739445 0.311804 -4.488451
v 1.741535 0.311074 -4.481803
v 1.747157 0.310618 -4.477645
v 1.754163 0.310609 -4.477567
v 1.759878 0.311051 -4.481597
v 1.762119 0.311776 -4.488196
v 1.760029 0.331485 -4.491807
v 1.754407 0.332457 -4.495875
v 1.747401 0.332476 -4.495952
v 1.741685 0.331533 -4.492009
v 1.739445 0.329990 -4.485552
v 1.741535 0.328435 -4.479047
v 1.747157 0.327463 -4.474979
v 1.754163 0.327445 -4.474902
v 1.759878 0.328387 -4.478845
v 1.762119 0.329930 -4.485302
v 1.760029 0.347923 -4.486491
v 1.754407 0.349674 -4.490290
v 1.747401 0.349707 -4.490362
v 1.741685 0.348010 -4.486680
v 1.739445 0.345231 -4.480650
v 1.741535 0.342432 -4.474576
v 1.747157 0.340681 -4.470778
v 1.754163 0.340648 -4.470706
v 1.759878 0.342345 -4.474388
v 1.762119 0.345124 -4.480417
v 1.760029 0.361294 -4.478179
v 1.754407 0.364086 -4.481293
v 1.747401 0.364139 -4.481352
v 1.741685 0.361432 -4.478334
v 1.739445 0.357000 -4.473391
v 1.741535 0.352534 -4.468412
v 1.747157 0.349741 -4.465299
v 1.754163 0.349689 -4.465240
v 1.759878 0.352395 -4.468258
v 1.762119 0.356828 -4.473200
v 1.760029 0.369021 -4.468249
v 1.754407 0.371813 -4.471363
v 1.747400 0.371866 -4.471422
v 1.741685 0.369159 -4.468403
v 1.739445 0.364726 -4.463461
v 1.741535 0.360261 -4.458482
v 1.747157 0.357468 -4.455369
v 1.754163 0.357415 -4.455309
v 1.759878 0.360122 -4.458327
v 1.762119 0.364555 -4.463270
v 1.164132 -0.030269 -4.858249
v 1.158514 -0.030154 -4.862434
v 1.151508 -0.030169 -4.862520
v 1.145789 -0.030308 -4.858473
v 1.143543 -0.030517 -4.851840
v 1.145627 -0.030717 -4.845153
v 1.151245 -0.030832 -4.840967
v 1.158251 -0.030817 -4.840881
v 1.163970 -0.030678 -4.844928
v 1.166216 -0.030469 -4.851562
v 1.164070 -0.006915 -4.859462
v 1.158452 -0.006800 -4.863648
v 1.151446 -0.006815 -4.863734
v 1.145727 -0.006954 -4.859687
v 1.143481 -0.007163 -4.853053
v 1.145565 -0.007364 -4.846366
v 1.151183 -0.007478 -4.842180
v 1.158189 -0.007463 -4.842094
v 1.163908 -0.007325 -4.846141
v 1.166154 -0.007115 -4.852775
v 1.164020 0.014590 -4.857007
v 1.158400 0.015445 -4.861104
v 1.151393 0.015448 -4.861187
v 1.145676 0.014596 -4.857226
v 1.143433 0.013216 -4.850733
v 1.145519 0.011834 -4.844189
v 1.151139 0.010978 -4.840092
v 1.158146 0.010976 -4.840008
v 1.163863 0.011827 -4.843969
v 1.166106 0.013208 -4.850462
v 1.163982 0.033381 -4.851103
v 1.158361 0.035029 -4.854948
v 1.151354 0.035050 -4.855025
v 1.145639 0.033436 -4.851306
v 1.143398 0.030805 -4.845212
v 1.145487 0.028160 -4.839068
v 1.151108 0.026513 -4.835224
v 1.158115 0.026491 -4.835145
v 1.163830 0.028105 -4.838864
v 1.166071 0.030737 -4.844959
v 1.163957 0.049522 -4.842077
v 1.158334 0.051918 -4.845504
v 1.151328 0.051957 -4.845572
v 1.145613 0.049623 -4.842256
v 1.143374 0.045809 -4.836821
v 1.145465 0.041971 -4.831344
v 1.151088 0.039576 -4.827917
v 1.158094 0.039537 -4.827849
v 1.163809 0.041870 -4.831165
v 1.166048 0.045685 -4.836600
v 1.163943 0.063087 -4.830349
v 1.158319 0.066100 -4.833247
v 1.151313 0.066153 -4.833303
v 1.145599 0.063226 -4.830495
v 1.143361 0.058436 -4.825897
v 1.145453 0.053614 -4.821264
v 1.151076 0.050601 -4.818366
v 1.158083 0.050548 -4.818310
v 1.163797 0.053475 -4.821117
v 1.166035 0.058265 -4.825716
v 1.163938 0.074229 -4.816382
v 1.158315 0.077692 -4.818724
v 1.151308 0.077755 -4.818767
v 1.145595 0.074394 -4.816495
v 1.143357 0.068893 -4.812776
v 1.145449 0.063353 -4.809031
v 1.151073 0.059890 -4.806689
v 1.158079 0.059827 -4.806646
v 1.163793 0.063187 -4.808918
v 1.166031 0.068688 -4.812637
v 1.163942 0.083181 -4.800615
v 1.158319 0.086942 -4.802439
v 1.151312 0.087012 -4.802470
v 1.145599 0.083365 -4.800696
v 1.143361 0.077392 -4.797794
v 1.145453 0.071376 -4.794874
v 1.151076 0.067615 -4.793049
v 1.158083 0.067545 -4.793018
v 1.163796 0.071193 -4.794793
v 1.166034 0.077165 -4.797694
v 1.163953 0.090214 -4.783432
v 1.158329 0.094160 -4.784812
v 1.151323 0.094234 -4.784833
v 1.145609 0.090408 -4.783486
v 1.143371 0.084143 -4.781287
v 1.145463 0.077832 -4.779075
v 1.151086 0.073886 -4.777695
v 1.158092 0.073812 -4.777674
v 1.163806 0.077638 -4.779020
v 1.166044 0.083903 -4.781219
v 1.163968 0.095596 -4.765177
v 1.158346 0.099652 -4.766192
v 1.151339 0.099728 -4.766205
v 1.145625 0.095797 -4.765210
v 1.143386 0.089359 -4.763587
v 1.145477 0.082873 -4.761957
v 1.151100 0.078817 -4.760941
v 1.158107 0.078740 -4.760929
v 1.163821 0.082671 -4.761923
v 1.166060 0.089110 -4.763546
v 1.163988 0.099581 -4.746173
v 1.158365 0.103699 -4.746898
v 1.151359 0.103777 -4.746904
v 1.145645 0.099786 -4.746190
v 1.143405 0.093249 -4.745028
v 1.145496 0.086663 -4.743863
v 1.151118 0.082545 -4.743138
v 1.158125 0.082467 -4.743132
v 1.163839 0.086458 -4.743846
v 1.166079 0.092995 -4.745008
v 1.164010 0.102408 -4.726741
v 1.158388 0.106560 -4.727237
v 1.151381 0.106639 -4.727239
v 1.145667 0.102615 -4.726745
v 1.143427 0.096024 -4.725943
v 1.145517 0.089384 -4.725141
v 1.151139 0.085232 -4.724645
v 1.158146 0.085153 -4.724643
v 1.163861 0.089178 -4.725138
v 1.166101 0.095768 -4.725939
v 1.164033 0.104306 -4.707198
v 1.158411 0.108475 -4.707522
v 1.151405 0.108555 -4.707520
v 1.145690 0.104513 -4.707192
v 1.143450 0.097895 -4.706666
v 1.145540 0.091228 -4.706140
v 1.151162 0.087058 -4.705816
v 1.158169 0.086979 -4.705818
v 1.163883 0.091020 -4.706145
v 1.166124 0.097638 -4.706672
v 1.164057 0.105495 -4.687869
v 1.158435 0.109673 -4.688068
v 1.151428 0.109752 -4.688064
v 1.145713 0.105703 -4.687858
v 1.143473 0.099072 -4.687528
v 1.145563 0.092392 -4.687201
v 1.151185 0.088214 -4.687002
v 1.158191 0.088135 -4.687006
v 1.163906 0.092184 -4.687212
v 1.166147 0.098815 -4.687542
v 1.164079 0.106193 -4.669082
v 1.158457 0.110374 -4.669202
v 1.151450 0.110453 -4.669197
v 1.145735 0.106401 -4.669067
v 1.143495 0.099765 -4.668864
v 1.145584 0.093080 -4.668664
v 1.151206 0.088899 -4.668543
v 1.158213 0.088820 -4.668549
v 1.163928 0.092872 -4.668678
v 1.166168 0.099508 -4.668881
v 1.164098 0.106613 -4.651171
v 1.158476 0.110795 -4.651259
v 1.151469 0.110874 -4.651254
v 1.145754 0.106821 -4.651158
v 1.143514 0.100184 -4.651007
v 1.145603 0.093497 -4.650860
v 1.151225 0.089316 -4.650773
v 1.158232 0.089236 -4.650777
v 1.163947 0.093289 -4.650874
v 1.166187 0.099926 -4.651024
v 1.164113 0.106967 -4.634482
v 1.158491 0.111148 -4.634590
v 1.151485 0.111227 -4.634587
v 1.145770 0.107175 -4.634473
v 1.143529 0.100538 -4.634292
v 1.145619 0.093852 -4.634113
v 1.151240 0.089671 -4.634005
v 1.158247 0.089592 -4.634008
v 1.163962 0.093644 -4.634122
v 1.166203 0.100281 -4.634303
v 1.164123 0.107462 -4.619371
v 1.158501 0.111640 -4.619570
v 1.151495 0.111719 -4.619571
v 1.145780 0.107670 -4.619373
v 1.143539 0.101038 -4.619052
v 1.145629 0.094358 -4.618731
v 1.151251 0.090180 -4.618532
v 1.158257 0.090101 -4.618532
v 1.163972 0.094150 -4.618730
v 1.166213 0.100781 -4.619051
v 1.164127 0.108314 -4.606002
v 1.158505 0.112489 -4.606250
v 1.151498 0.112568 -4.606254
v 1.145783 0.108521 -4.606012
v 1.143543 0.101894 -4.605617
v 1.145633 0.095217 -4.605219
v 1.151254 0.091042 -4.604971
v 1.158261 0.090963 -4.604968
v 1.163976 0.095010 -4.605209
v 1.166216 0.101637 -4.605604
v 1.164127 0.109360 -4.587034
v 1.158505 0.113542 -4.587086
v 1.151498 0.113621 -4.587087
v 1.145783 0.109567 -4.587037
v 1.143543 0.102929 -4.586955
v 1.145633 0.096241 -4.586873
v 1.151254 0.092059 -4.586822
v 1.158261 0.091980 -4.586821
v 1.163976 0.096034 -4.586870
v 1.166216 0.102672 -4.586952
v 1.164127 0.108877 -4.571572
v 1.158505 0.113042 -4.571186
v 1.151498 0.113120 -4.571178
v 1.145783 0.109084 -4.571553
v 1.143543 0.102473 -4.572166
v 1.145633 0.095813 -4.572784
v 1.151254 0.091649 -4.573171
v 1.158261 0.091570 -4.573178
v 1.163976 0.095607 -4.572804
v 1.166216 0.102217 -4.572190
v 1.164127 0.106949 -4.559270
v 1.158505 0.111008 -4.558258
v 1.151498 0.111085 -4.558239
v 1.145783 0.107151 -4.559219
v 1.143543 0.100709 -4.560825
v 1.145633 0.094219 -4.562443
v 1.151254 0.090161 -4.563455
v 1.158261 0.090084 -4.563474
v 1.163976 0.094018 -4.562493
v 1.166216 0.100460 -4.560887
v 1.164127 0.103574 -4.549634
v 1.158505 0.107318 -4.547769
v 1.151498 0.107389 -4.547734
v 1.145783 0.103760 -4.549541
v 1.143543 0.097817 -4.552502
v 1.145633 0.091831 -4.555484
v 1.151254 0.088087 -4.557349
v 1.158261 0.088016 -4.557384
v 1.163976 0.091645 -4.555577
v 1.166216 0.097588 -4.552616
v 1.164127 0.098678 -4.542380
v 1.158505 0.101735 -4.539525
v 1.151498 0.101793 -4.539471
v 1.145783 0.098830 -4.542238
v 1.143543 0.093978 -4.546771
v 1.145633 0.089091 -4.551336
v 1.151254 0.086034 -4.554191
v 1.158261 0.085977 -4.554245
v 1.163976 0.088939 -4.551478
v 1.166216 0.093791 -4.546946
v 1.164127 0.092443 -4.537559
v 1.158505 0.094437 -4.533883
v 1.151498 0.094475 -4.533813
v 1.145783 0.092542 -4.537376
v 1.143543 0.089376 -4.543212
v 1.145633 0.086187 -4.549091
v 1.151254 0.084192 -4.552767
v 1.158261 0.084155 -4.552837
v 1.163976 0.086088 -4.549273
v 1.166216 0.089254 -4.543437
v 1.164127 0.085556 -4.535118
v 1.158505 0.086435 -4.531028
v 1.151498 0.086451 -4.530951
v 1.145783 0.085600 -4.534914
v 1.143543 0.084205 -4.541406
v 1.145633 0.082800 -4.547945
v 1.151254 0.081922 -4.552034
v 1.158261 0.081905 -4.552111
v 1.163976 0.082757 -4.548148
v 1.166216 0.084151 -4.541656
v 1.164127 0.078717 -4.534489
v 1.158505 0.078753 -4.530306
v 1.151498 0.078754 -4.530227
v 1.145783 0.078719 -4.534281
v 1.143543 0.078661 -4.540920
v 1.145633 0.078602 -4.547608
v 1.151254 0.078565 -4.551790
v 1.158261 0.078565 -4.551869
v 1.163976 0.078600 -4.547815
v 1.166216 0.078658 -4.541176
v 1.164127 0.072230 -4.534927
v 1.158505 0.071776 -4.530769
v 1.151498 0.071767 -4.530690
v 1.145783 0.072208 -4.534720
v 1.143543 0.072929 -4.541320
v 1.145633 0.073655 -4.547969
v 1.151254 0.074110 -4.552126
v 1.158261 0.074118 -4.552206
v 1.163976 0.073678 -4.548175
v 1.166216 0.072957 -4.541575
v 1.164127 0.066217 -4.535818
v 1.158505 0.065583 -4.531683
v 1.151498 0.065571 -4.531605
v 1.145783 0.066186 -4.535613
v 1.143543 0.067194 -4.542175
v 1.145633 0.068209 -4.548785
v 1.151254 0.068844 -4.552919
v 1.158261 0.068856 -4.552998
v 1.163976 0.068240 -4.548990
v 1.166216 0.067233 -4.542428
v 1.164127 0.060843 -4.536671
v 1.158505 0.060326 -4.532521
v 1.151498 0.060316 -4.532442
v 1.145783 0.060818 -4.536465
v 1.143543 0.061639 -4.543053
v 1.145633 0.062467 -4.549690
v 1.151254 0.062985 -4.553840
v 1.158261 0.062995 -4.553919
v 1.163976 0.062493 -4.549896
v 1.166216 0.061671 -4.543308
v 1.164127 0.056404 -4.537097
v 1.158505 0.056372 -4.532915
v 1.151498 0.056371 -4.532835
v 1.145783 0.056402 -4.536890
v 1.143543 0.056453 -4.543529
v 1.145633 0.056504 -4.550217
v 1.151254 0.056535 -4.554399
v 1.158261 0.056536 -4.554478
v 1.163976 0.056505 -4.550424
v 1.166216 0.056455 -4.543785
v 1.164127 0.053306 -4.536919
v 1.158505 0.054270 -4.532849
v 1.151498 0.054289 -4.532772
v 1.145783 0.053354 -4.536717
v 1.143543 0.051822 -4.543177
v 1.145633 0.050280 -4.549685
v 1.151254 0.049315 -4.553754
v 1.158261 0.049297 -4.553832
v 1.163976 0.050232 -4.549887
v 1.166216 0.051763 -4.543427
v 1.164127 0.051612 -4.536308
v 1.158505 0.054006 -4.532878
v 1.151498 0.054051 -4.532813
v 1.145783 0.051731 -4.536138
v 1.143543 0.047931 -4.541582
v 1.145633 0.044103 -4.547066
v 1.151254 0.041709 -4.550496
v 1.158261 0.041664 -4.550560
v 1.163976 0.043984 -4.547236
v 1.166216 0.047784 -4.541792
v 1.164127 0.050453 -4.535001
v 1.158505 0.054036 -4.532844
v 1.151498 0.054104 -4.532803
v 1.145783 0.050631 -4.534894
v 1.143543 0.044942 -4.538317
v 1.145633 0.039212 -4.541766
v 1.151254 0.035629 -4.543923
v 1.158261 0.035561 -4.543964
v 1.163976 0.039034 -4.541873
v 1.166216 0.044723 -4.538450
v 1.164127 0.049316 -4.531584
v 1.158505 0.053405 -4.530705
v 1.151498 0.053482 -4.530689
v 1.145783 0.049519 -4.531541
v 1.143543 0.043028 -4.532937
v 1.145633 0.036489 -4.534343
v 1.151254 0.032400 -4.535222
v 1.158261 0.032323 -4.535238
v 1.163976 0.036286 -4.534386
v 1.166216 0.042777 -4.532990
v 1.164127 0.048812 -4.524974
v 1.158505 0.052994 -4.524960
v 1.151498 0.053073 -4.524959
v 1.145783 0.049019 -4.524974
v 1.143543 0.042380 -4.524998
v 1.145633 0.035692 -4.525022
v 1.151254 0.031510 -4.525037
v 1.158261 0.031430 -4.525038
v 1.163976 0.035485 -4.525023
v 1.166216 0.042124 -4.524999
v 1.164127 0.049485 -4.515409
v 1.158505 0.053578 -4.516270
v 1.151498 0.053655 -4.516286
v 1.145783 0.049688 -4.515452
v 1.143543 0.043191 -4.514086
v 1.145633 0.036646 -4.512710
v 1.151254 0.032553 -4.511849
v 1.158261 0.032475 -4.511833
v 1.163976 0.036443 -4.512667
v 1.166216 0.042940 -4.514033
v 1.164127 0.052685 -4.506070
v 1.158505 0.056229 -4.508292
v 1.151498 0.056296 -4.508334
v 1.145783 0.052861 -4.506180
v 1.143543 0.047236 -4.502654
v 1.145633 0.041570 -4.499101
v 1.151254 0.038026 -4.496880
v 1.158261 0.037959 -4.496837
v 1.163976 0.041394 -4.498991
v 1.166216 0.047019 -4.502517
v 1.164127 0.059458 -4.499313
v 1.158505 0.061899 -4.502709
v 1.151498 0.061945 -4.502774
v 1.145783 0.059579 -4.499481
v 1.143543 0.055705 -4.494090
v 1.145633 0.051803 -4.488658
v 1.151254 0.049362 -4.485261
v 1.158261 0.049316 -4.485197
v 1.163976 0.051681 -4.488490
v 1.166216 0.055555 -4.493881
v 1.164127 0.070285 -4.494077
v 1.158505 0.071713 -4.498009
v 1.151498 0.071740 -4.498083
v 1.145783 0.070356 -4.494272
v 1.143543 0.068089 -4.488032
v 1.145633 0.065806 -4.481746
v 1.151254 0.064378 -4.477815
v 1.158261 0.064351 -4.477740
v 1.163976 0.065735 -4.481551
v 1.166216 0.068002 -4.487791
v 1.164127 0.084994 -4.490474
v 1.158505 0.085726 -4.494592
v 1.151498 0.085740 -4.494670
v 1.145783 0.085030 -4.490679
v 1.143543 0.083867 -4.484142
v 1.145633 0.082696 -4.477557
v 1.151254 0.081964 -4.473439
v 1.158261 0.081950 -4.473361
v 1.163976 0.082660 -4.477353
v 1.166216 0.083822 -4.483890
v 1.164127 0.102953 -4.488495
v 1.158505 0.103241 -4.492667
v 1.151498 0.103247 -4.492746
v 1.145783 0.102967 -4.488702
v 1.143543 0.102509 -4.482079
v 1.145633 0.102048 -4.475406
v 1.151254 0.101760 -4.471234
v 1.158261 0.101754 -4.471155
v 1.163976 0.102034 -4.475199
v 1.166216 0.102492 -4.481822
v 1.164127 0.123496 -4.487927
v 1.158505 0.123503 -4.492110
v 1.151498 0.123504 -4.492189
v 1.145783 0.123496 -4.488135
v 1.143543 0.123485 -4.481496
v 1.145633 0.123473 -4.474808
v 1.151254 0.123465 -4.470625
v 1.158261 0.123465 -4.470546
v 1.163976 0.123472 -4.474600
v 1.166216 0.123484 -4.481239
v 1.164127 0.146006 -4.488474
v 1.158505 0.145840 -4.492653
v 1.151498 0.145836 -4.492733
v 1.145783 0.145998 -4.488681
v 1.143543 0.146263 -4.482048
v 1.145633 0.146530 -4.475365
v 1.151254 0.146696 -4.471186
v 1.158261 0.146700 -4.471107
v 1.163976 0.146538 -4.475157
v 1.166216 0.146273 -4.481791
v 1.164127 0.169907 -4.489804
v 1.158505 0.169641 -4.493979
v 1.151498 0.169636 -4.494058
v 1.145783 0.169894 -4.490012
v 1.143543 0.170315 -4.483386
v 1.145633 0.170740 -4.476711
v 1.151254 0.171006 -4.472537
v 1.158261 0.171011 -4.472458
v 1.163976 0.170753 -4.476504
v 1.166216 0.170332 -4.483130
v 1.164127 0.194644 -4.491577
v 1.158505 0.194339 -4.495749
v 1.151498 0.194333 -4.495828
v 1.145783 0.194629 -4.491784
v 1.143543 0.195113 -4.485163
v 1.145633 0.195601 -4.478492
v 1.151254 0.195906 -4.474321
v 1.158261 0.195912 -4.474242
v 1.163976 0.195616 -4.478285
v 1.166216 0.195132 -4.484907
v 1.164127 0.219680 -4.493447
v 1.158505 0.219388 -4.497619
v 1.151498 0.219382 -4.497698
v 1.145783 0.219665 -4.493654
v 1.143543 0.220128 -4.487031
v 1.145633 0.220595 -4.480359
v 1.151254 0.220887 -4.476187
v 1.158261 0.220892 -4.476108
v 1.163976 0.220609 -4.480152
v 1.166216 0.220146 -4.486775
v 1.164127 0.244488 -4.495064
v 1.158505 0.244264 -4.499240
v 1.151498 0.244259 -4.499320
v 1.145783 0.244477 -4.495271
v 1.143543 0.244833 -4.488642
v 1.145633 0.245191 -4.481963
v 1.151254 0.245415 -4.477787
v 1.158261 0.245419 -4.477707
v 1.163976 0.245202 -4.481756
v 1.166216 0.244846 -4.488385
v 1.164127 0.268555 -4.496078
v 1.158505 0.268462 -4.500259
v 1.151498 0.268460 -4.500338
v 1.145783 0.268550 -4.496285
v 1.143543 0.268698 -4.489647
v 1.145633 0.268847 -4.482961
v 1.151254 0.268940 -4.478780
v 1.158261 0.268942 -4.478700
v 1.163976 0.268851 -4.482754
v 1.166216 0.268704 -4.489391
v 1.164127 0.291384 -4.496129
v 1.158505 0.291506 -4.500310
v 1.151498 0.291508 -4.500389
v 1.145783 0.291390 -4.496336
v 1.143543 0.291197 -4.489700
v 1.145633 0.291003 -4.483015
v 1.151254 0.290881 -4.478834
v 1.158261 0.290879 -4.478755
v 1.163976 0.290997 -4.482808
v 1.166216 0.291190 -4.489444
v 1.164127 0.312505 -4.494845
v 1.158505 0.312961 -4.499002
v 1.151498 0.312970 -4.499081
v 1.145783 0.312528 -4.495051
v 1.143543 0.311803 -4.488451
v 1.145633 0.311074 -4.481803
v 1.151254 0.310617 -4.477646
v 1.158261 0.310609 -4.477567
v 1.163976 0.311051 -4.481597
v 1.166216 0.311775 -4.488197
v 1.164127 0.331485 -4.491807
v 1.158505 0.332457 -4.495875
v 1.151498 0.332476 -4.495953
v 1.145783 0.331533 -4.492010
v 1.143543 0.329990 -4.485552
v 1.145633 0.328435 -4.479047
v 1.151254 0.327463 -4.474979
v 1.158261 0.327444 -4.474902
v 1.163976 0.328387 -4.478846
v 1.166216 0.329930 -4.485303
v 1.164127 0.347923 -4.486492
v 1.158505 0.349674 -4.490290
v 1.151498 0.349707 -4.490362
v 1.145783 0.348010 -4.486680
v 1.143543 0.345231 -4.480650
v 1.145633 0.342432 -4.474576
v 1.151254 0.340681 -4.470778
v 1.158261 0.340648 -4.470706
v 1.163976 0.342345 -4.474388
v 1.166216 0.345124 -4.480418
v 1.164127 0.361293 -4.478180
v 1.158505 0.364086 -4.481293
v 1.151498 0.364139 -4.481352
v 1.145783 0.361432 -4.478334
v 1.143543 0.356999 -4.473392
v 1.145633 0.352534 -4.468413
v 1.151254 0.349741 -4.465299
v 1.158261 0.349688 -4.465240
v 1.163976 0.352395 -4.468258
v 1.166216 0.356828 -4.473201
v 1.164127 0.369020 -4.468249
v 1.158505 0.371813 -4.471363
v 1.151498 0.371866 -4.471422
v 1.145783 0.369159 -4.468404
v 1.143543 0.364726 -4.463461
v 1.145633 0.360261 -4.458482
v 1.151254 0.357468 -4.455369
v 1.158261 0.357415 -4.455310
v 1.163976 0.360122 -4.458328
v 1.166216 0.364555 -4.463270
v 1.083072 0.098222 -4.757900
v 1.083072 0.110440 -4.687611
v 1.083072 0.122658 -4.617321
v 1.083072 0.134876 -4.547032
v 1.083072 0.091035 -4.799246
v 1.083072 0.103253 -4.728957
v 1.083072 0.115471 -4.658668
v 1.083072 0.127689 -4.588379
v 1.843509 0.091035 -4.799246
v 1.843509 0.103253 -4.728957
v 1.843509 0.115471 -4.658668
v 1.843509 0.127689 -4.588379
v 1.843508 0.098222 -4.757900
v 1.843508 0.110440 -4.687611
v 1.843508 0.122658 -4.617321
v 1.843508 0.134876 -4.547032
v 1.083072 0.121549 -4.761954
v 1.083072 0.133767 -4.691666
v 1.083072 0.145985 -4.621377
v 1.083072 0.158203 -4.551087
v 1.083072 0.114362 -4.803301
v 1.083072 0.126580 -4.733012
v 1.083072 0.138798 -4.662723
v 1.083072 0.151016 -4.592434
v 1.843509 0.114362 -4.803301
v 1.843509 0.126580 -4.733012
v 1.843509 0.138798 -4.662723
v 1.843509 0.151016 -4.592434
v 1.843508 0.121549 -4.761954
v 1.843508 0.133767 -4.691666
v 1.843509 0.145985 -4.621377
v 1.843509 0.158203 -4.551087
vt 0.350141 0.712737
vt 0.312360 0.712671
vt 0.312360 0.638400
vt 0.350141 0.638466
vt 0.754484 0.712676
vt 0.716704 0.712610
vt 0.716704 0.638339
vt 0.754484 0.638405
vt 0.307877 0.712737
vt 0.270097 0.712671
vt 0.270097 0.638400
vt 0.307877 0.638466
vt 0.434717 0.638400
vt 0.434717 0.712672
vt 0.396912 0.712690
vt 0.396912 0.638418
vt 0.392429 0.638400
vt 0.392429 0.712672
vt 0.354623 0.712690
vt 0.354623 0.638418
vt 0.674416 0.712629
vt 0.674416 0.638357
vt 0.712221 0.638339
vt 0.712221 0.712611
vt 0.336355 0.754822
vt 0.305467 0.754822
vt 0.305467 0.717198
vt 0.336355 0.717198
vt 0.234727 0.717384
vt 0.265614 0.717384
vt 0.265614 0.755008
vt 0.234727 0.755008
vt 0.300985 0.754822
vt 0.270097 0.754822
vt 0.270097 0.717198
vt 0.300985 0.717198
vt 0.599105 0.790887
vt 0.568393 0.791199
vt 0.568393 0.717189
vt 0.599105 0.716876
vt 0.563910 0.790887
vt 0.533199 0.791199
vt 0.533199 0.717189
vt 0.563910 0.716876
vt 0.528716 0.790887
vt 0.498004 0.791199
vt 0.498004 0.717189
vt 0.528716 0.716876
vt 0.265614 0.797093
vt 0.234727 0.797093
vt 0.234727 0.759469
vt 0.265614 0.759469
vt 0.336355 0.796907
vt 0.305467 0.796907
vt 0.305467 0.759283
vt 0.336355 0.759283
vt 0.300985 0.796907
vt 0.270097 0.796907
vt 0.270097 0.759283
vt 0.300985 0.759283
vt 0.603588 0.716876
vt 0.634296 0.717191
vt 0.634296 0.791202
vt 0.603588 0.790887
vt 0.091754 0.791258
vt 0.061045 0.790943
vt 0.061045 0.716933
vt 0.091754 0.717248
vt 0.638779 0.716876
vt 0.669488 0.717191
vt 0.669488 0.791202
vt 0.638779 0.790887
vt 0.552325 0.712415
vt 0.498004 0.712349
vt 0.498004 0.638339
vt 0.552325 0.638405
vt 0.002241 0.638400
vt 0.056562 0.638466
vt 0.056562 0.712476
vt 0.002241 0.712410
vt 0.669933 0.712415
vt 0.615612 0.712349
vt 0.615612 0.638339
vt 0.669933 0.638405
vt 0.611129 0.712415
vt 0.556808 0.712349
vt 0.556808 0.638339
vt 0.611129 0.638405
vt 0.119850 0.712472
vt 0.119850 0.638461
vt 0.174171 0.638400
vt 0.174171 0.712410
vt 0.178654 0.712472
vt 0.178654 0.638461
vt 0.232975 0.638400
vt 0.232975 0.712410
vt 0.439200 0.712472
vt 0.439200 0.638461
vt 0.493521 0.638400
vt 0.493521 0.712411
vt 0.115367 0.638400
vt 0.115367 0.712410
vt 0.061045 0.712472
vt 0.061045 0.638461
vt 0.049020 0.773733
vt 0.027524 0.770999
vt 0.027524 0.716937
vt 0.049020 0.719671
vt 0.402098 0.773947
vt 0.380602 0.771213
vt 0.380602 0.717151
vt 0.402098 0.719885
vt 0.695912 0.773886
vt 0.674416 0.771152
vt 0.674416 0.717090
vt 0.695912 0.719824
vt 0.439200 0.716933
vt 0.460696 0.719667
vt 0.460696 0.773728
vt 0.439200 0.770995
vt 0.774311 0.638590
vt 0.795270 0.638339
vt 0.795270 0.712611
vt 0.774311 0.712862
vt 0.121679 0.717184
vt 0.142638 0.716933
vt 0.142638 0.791205
vt 0.121679 0.791456
vt 0.244655 0.638651
vt 0.265614 0.638400
vt 0.265614 0.712672
vt 0.244655 0.712923
vt 0.117196 0.791205
vt 0.096237 0.791456
vt 0.096237 0.717184
vt 0.117196 0.716933
vt 0.716704 0.719871
vt 0.738200 0.717137
vt 0.738200 0.771199
vt 0.716704 0.773933
vt 0.486675 0.770994
vt 0.465179 0.773728
vt 0.465179 0.719667
vt 0.486675 0.716933
vt 0.406581 0.719885
vt 0.428077 0.717151
vt 0.428077 0.771213
vt 0.406581 0.773947
vt 0.376119 0.771213
vt 0.354623 0.773947
vt 0.354623 0.719885
vt 0.376119 0.717151
vt 0.197686 0.716933
vt 0.218486 0.717211
vt 0.218486 0.791483
vt 0.197686 0.791204
vt 0.167921 0.791483
vt 0.147121 0.791204
vt 0.147121 0.716933
vt 0.167921 0.717211
vt 0.193203 0.791483
vt 0.172403 0.791204
vt 0.172403 0.716933
vt 0.193203 0.717211
vt 0.023041 0.791487
vt 0.002241 0.791208
vt 0.002241 0.716937
vt 0.023041 0.717216
vt 0.682919 0.006870
vt 0.701881 0.016078
vt 0.697322 0.023482
vt 0.678361 0.014274
vt 0.685764 0.002231
vt 0.704725 0.011439
vt 0.237940 0.712258
vt 0.237580 0.691341
vt 0.238273 0.691318
vt 0.238633 0.712235
vt 0.187194 0.629467
vt 0.206156 0.620258
vt 0.208929 0.624731
vt 0.189968 0.633939
vt 0.182663 0.622127
vt 0.201624 0.612919
vt 0.178105 0.614723
vt 0.197066 0.605515
vt 0.175260 0.610084
vt 0.194221 0.600876
vt 0.701497 0.717115
vt 0.701166 0.737975
vt 0.700474 0.737950
vt 0.700804 0.717090
vt 0.673829 0.021613
vt 0.692791 0.030821
vt 0.690018 0.035294
vt 0.671056 0.026086
vt 0.716989 0.028561
vt 0.711605 0.035270
vt 0.720351 0.024357
vt 0.237458 0.671348
vt 0.238151 0.671341
vt 0.221296 0.607749
vt 0.224567 0.611803
vt 0.215946 0.601097
vt 0.210562 0.594388
vt 0.207200 0.590183
vt 0.701087 0.754597
vt 0.700394 0.754588
vt 0.706255 0.041922
vt 0.702984 0.045976
vt 0.727715 0.043681
vt 0.721614 0.049369
vt 0.731528 0.040118
vt 0.237585 0.653690
vt 0.238277 0.653699
vt 0.232050 0.592589
vt 0.235754 0.596026
vt 0.225990 0.586949
vt 0.219888 0.581261
vt 0.216075 0.577698
vt 0.701206 0.768738
vt 0.700513 0.768746
vt 0.715553 0.055009
vt 0.711849 0.058446
vt 0.734326 0.061100
vt 0.727735 0.065501
vt 0.738445 0.058343
vt 0.237941 0.638400
vt 0.238633 0.638425
vt 0.238679 0.575121
vt 0.242678 0.577782
vt 0.232134 0.570756
vt 0.225543 0.566355
vt 0.221424 0.563598
vt 0.701497 0.780788
vt 0.700805 0.780812
vt 0.721190 0.069866
vt 0.717190 0.072527
vt 0.737153 0.080382
vt 0.730352 0.083392
vt 0.741403 0.078497
vt 0.997069 0.408713
vt 0.995995 0.391511
vt 0.996685 0.391444
vt 0.997759 0.408628
vt 0.241514 0.555786
vt 0.245640 0.557608
vt 0.234761 0.552800
vt 0.227960 0.549789
vt 0.223709 0.547905
vt 0.769828 0.638423
vt 0.769017 0.651788
vt 0.768327 0.651721
vt 0.769138 0.638339
vt 0.723598 0.086378
vt 0.719472 0.088200
vt 0.736621 0.101076
vt 0.729846 0.102767
vt 0.740855 0.100019
vt 0.995170 0.371633
vt 0.995861 0.371583
vt 0.240981 0.535041
vt 0.245091 0.536066
vt 0.234254 0.533363
vt 0.227479 0.531673
vt 0.223245 0.530616
vt 0.768385 0.667730
vt 0.767693 0.667681
vt 0.723119 0.104445
vt 0.719009 0.105470
vt 0.733201 0.122798
vt 0.726599 0.123349
vt 0.737327 0.122455
vt 0.994567 0.349709
vt 0.995259 0.349675
vt 0.237554 0.513276
vt 0.241560 0.513614
vt 0.230999 0.512727
vt 0.224397 0.512176
vt 0.220271 0.511834
vt 0.767913 0.686058
vt 0.767222 0.686025
vt 0.720044 0.123898
vt 0.716038 0.124236
vt 0.727356 0.145238
vt 0.720991 0.144861
vt 0.731333 0.145477
vt 0.994155 0.326249
vt 0.994847 0.326229
vt 0.231700 0.490802
vt 0.235563 0.490579
vt 0.225380 0.491172
vt 0.219015 0.491549
vt 0.215038 0.491788
vt 0.767591 0.706464
vt 0.766899 0.706445
vt 0.714670 0.144491
vt 0.710808 0.144268
vt 0.719521 0.168132
vt 0.713404 0.167024
vt 0.723344 0.168829
vt 0.993903 0.301678
vt 0.994595 0.301668
vt 0.223857 0.467881
vt 0.227570 0.467217
vt 0.217781 0.468976
vt 0.211663 0.470084
vt 0.207841 0.470781
vt 0.767402 0.728550
vt 0.766710 0.728541
vt 0.707328 0.165929
vt 0.703614 0.165265
vt 0.710108 0.191232
vt 0.704219 0.189558
vt 0.713787 0.192284
vt 0.993782 0.276376
vt 0.994474 0.276375
vt 0.214435 0.444761
vt 0.218010 0.443754
vt 0.208586 0.446417
vt 0.202697 0.448091
vt 0.199018 0.449142
vt 0.767331 0.751878
vt 0.766639 0.751878
vt 0.698370 0.187902
vt 0.694794 0.186896
vt 0.699511 0.214290
vt 0.693819 0.212184
vt 0.703067 0.215612
vt 0.993768 0.250719
vt 0.994460 0.250724
vt 0.203831 0.421688
vt 0.207287 0.420420
vt 0.198177 0.423772
vt 0.192486 0.425878
vt 0.188930 0.427200
vt 0.767359 0.776001
vt 0.766667 0.776007
vt 0.688166 0.210099
vt 0.684710 0.208832
vt 0.688119 0.237050
vt 0.682587 0.234622
vt 0.691574 0.238574
vt 0.993836 0.225083
vt 0.994528 0.225092
vt 0.192433 0.398917
vt 0.195792 0.397455
vt 0.186939 0.401321
vt 0.181407 0.403749
vt 0.177952 0.405272
vt 0.767465 0.800475
vt 0.766773 0.800486
vt 0.677093 0.232218
vt 0.673734 0.230756
vt 0.676316 0.259250
vt 0.670906 0.256594
vt 0.679696 0.260917
vt 0.993962 0.199856
vt 0.994654 0.199868
vt 0.180627 0.376709
vt 0.183912 0.375108
vt 0.175253 0.379341
vt 0.169842 0.381997
vt 0.166463 0.383664
vt 0.767628 0.824868
vt 0.766936 0.824882
vt 0.665532 0.253963
vt 0.662246 0.252362
vt 0.664488 0.280621
vt 0.659157 0.277820
vt 0.667818 0.282378
vt 0.994123 0.175436
vt 0.994815 0.175450
vt 0.168797 0.355336
vt 0.172034 0.353647
vt 0.163502 0.358111
vt 0.158171 0.360912
vt 0.154841 0.362668
vt 0.767826 0.848758
vt 0.767134 0.848773
vt 0.653862 0.275045
vt 0.650625 0.273356
vt 0.653022 0.300883
vt 0.647725 0.298022
vt 0.656331 0.302677
vt 0.994298 0.152237
vt 0.994990 0.152250
vt 0.157331 0.335074
vt 0.160547 0.333348
vt 0.152070 0.337909
vt 0.146773 0.340770
vt 0.143463 0.342564
vt 0.768038 0.871738
vt 0.767346 0.871752
vt 0.642463 0.295187
vt 0.639247 0.293461
vt 0.642307 0.319747
vt 0.636990 0.316922
vt 0.645630 0.321518
vt 0.994463 0.130690
vt 0.995155 0.130701
vt 0.146620 0.316216
vt 0.149847 0.314509
vt 0.141339 0.319016
vt 0.136022 0.321841
vt 0.132699 0.323611
vt 0.768241 0.893418
vt 0.767549 0.893430
vt 0.631709 0.314122
vt 0.628482 0.312416
vt 0.632743 0.336906
vt 0.627336 0.334242
vt 0.636122 0.338573
vt 0.994596 0.111262
vt 0.995288 0.111268
vt 0.137061 0.299069
vt 0.140342 0.297458
vt 0.131693 0.301710
vt 0.126286 0.304374
vt 0.122907 0.306041
vt 0.768412 0.913444
vt 0.767720 0.913451
vt 0.621967 0.331601
vt 0.618687 0.329990
vt 0.624602 0.352274
vt 0.619148 0.349699
vt 0.628011 0.353886
vt 0.994679 0.093991
vt 0.995371 0.093993
vt 0.128926 0.283710
vt 0.132233 0.282149
vt 0.123511 0.286266
vt 0.118057 0.288842
vt 0.114648 0.290453
vt 0.768526 0.931035
vt 0.767834 0.931038
vt 0.613733 0.347142
vt 0.610426 0.345582
vt 0.612926 0.374005
vt 0.607671 0.371071
vt 0.616212 0.375839
vt 0.994812 0.069151
vt 0.995504 0.069156
vt 0.117245 0.261971
vt 0.120431 0.260193
vt 0.112028 0.264884
vt 0.106773 0.267818
vt 0.103487 0.269653
vt 0.768690 0.954557
vt 0.767998 0.954563
vt 0.602454 0.368158
vt 0.599268 0.366379
vt 0.602369 0.391115
vt 0.597597 0.387409
vt 0.605353 0.393432
vt 0.995040 0.048666
vt 0.995732 0.048682
vt 0.106673 0.244837
vt 0.109567 0.242591
vt 0.101936 0.248517
vt 0.097164 0.252223
vt 0.094180 0.254540
vt 0.768913 0.972127
vt 0.768221 0.972144
vt 0.592860 0.383729
vt 0.589966 0.381483
vt 0.592769 0.404030
vt 0.588788 0.399280
vt 0.595259 0.407000
vt 0.995364 0.032160
vt 0.996056 0.032192
vt 0.097049 0.231890
vt 0.099463 0.229011
vt 0.093096 0.236605
vt 0.089114 0.241354
vt 0.086625 0.244324
vt 0.769174 0.984512
vt 0.768482 0.984544
vt 0.584835 0.394566
vt 0.582420 0.391686
vt 0.583800 0.413301
vt 0.581108 0.407250
vt 0.585482 0.417085
vt 0.995803 0.018956
vt 0.996494 0.019008
vt 0.088039 0.222578
vt 0.089672 0.218910
vt 0.085367 0.228585
vt 0.082675 0.234636
vt 0.080992 0.238420
vt 0.769435 0.992174
vt 0.768744 0.992227
vt 0.578435 0.401243
vt 0.576803 0.397575
vt 0.575216 0.419215
vt 0.574421 0.411887
vt 0.575712 0.423798
vt 0.996378 0.008830
vt 0.997068 0.008904
vt 0.079396 0.216625
vt 0.079879 0.212182
vt 0.078607 0.223899
vt 0.077812 0.231227
vt 0.077316 0.235810
vt 0.769653 0.996032
vt 0.768963 0.996107
vt 0.573632 0.404612
vt 0.573149 0.400170
vt 0.567192 0.421797
vt 0.568583 0.413765
vt 0.566321 0.426819
vt 0.997071 0.002231
vt 0.997759 0.002323
vt 0.071305 0.214021
vt 0.070462 0.209153
vt 0.072685 0.221994
vt 0.074076 0.230025
vt 0.074946 0.235048
vt 0.769828 0.997676
vt 0.769140 0.997769
vt 0.569963 0.405793
vt 0.570805 0.400924
vt 0.560228 0.421416
vt 0.563442 0.413453
vt 0.558218 0.426396
vt 0.341713 0.717198
vt 0.341553 0.724246
vt 0.340870 0.724267
vt 0.341030 0.717237
vt 0.064285 0.214404
vt 0.062337 0.209576
vt 0.067474 0.222309
vt 0.070687 0.230273
vt 0.072697 0.235253
vt 0.433399 0.717188
vt 0.433438 0.719195
vt 0.432755 0.719177
vt 0.432716 0.717151
vt 0.566631 0.405547
vt 0.568578 0.400719
vt 0.554495 0.419026
vt 0.558853 0.411505
vt 0.551769 0.423730
vt 0.341520 0.731107
vt 0.340838 0.731113
vt 0.058516 0.216808
vt 0.055874 0.212248
vt 0.062842 0.224274
vt 0.067200 0.231796
vt 0.069926 0.236499
vt 0.433445 0.722186
vt 0.432762 0.722182
vt 0.563179 0.404038
vt 0.565821 0.399479
vt 0.549739 0.415600
vt 0.554682 0.408478
vt 0.546647 0.420054
vt 0.341559 0.737388
vt 0.340876 0.737387
vt 0.053741 0.220246
vt 0.050746 0.215929
vt 0.058648 0.227317
vt 0.063591 0.234439
vt 0.066683 0.238893
vt 0.433416 0.726177
vt 0.432733 0.726181
vt 0.559588 0.401408
vt 0.562584 0.397090
vt 0.545649 0.411881
vt 0.550792 0.404932
vt 0.542433 0.416226
vt 0.341623 0.742985
vt 0.340940 0.742980
vt 0.049646 0.223971
vt 0.046529 0.219758
vt 0.054750 0.230869
vt 0.059893 0.237818
vt 0.063109 0.242164
vt 0.433357 0.730905
vt 0.432674 0.730913
vt 0.555896 0.398033
vt 0.559013 0.393821
vt 0.542032 0.408492
vt 0.547046 0.401429
vt 0.538896 0.412909
vt 0.341681 0.747734
vt 0.340998 0.747731
vt 0.046032 0.227356
vt 0.042993 0.223074
vt 0.051009 0.234367
vt 0.056023 0.241431
vt 0.059159 0.245847
vt 0.433290 0.736172
vt 0.432607 0.736177
vt 0.552023 0.394418
vt 0.555061 0.390136
vt 0.538859 0.406006
vt 0.543303 0.398534
vt 0.536080 0.410678
vt 0.341711 0.751287
vt 0.341028 0.751293
vt 0.042877 0.229830
vt 0.040184 0.225300
vt 0.047288 0.237247
vt 0.051732 0.244719
vt 0.054511 0.249392
vt 0.433242 0.741969
vt 0.432560 0.741966
vt 0.547714 0.391116
vt 0.550406 0.386587
vt 0.536333 0.404804
vt 0.539418 0.396813
vt 0.534402 0.409801
vt 0.341710 0.753149
vt 0.341027 0.753172
vt 0.040393 0.231015
vt 0.038523 0.226171
vt 0.043455 0.238948
vt 0.046541 0.246940
vt 0.048471 0.251937
vt 0.433266 0.748450
vt 0.432583 0.748431
vt 0.542481 0.388880
vt 0.544351 0.384035
vt 0.534613 0.404722
vt 0.535247 0.396844
vt 0.534216 0.409649
vt 0.341713 0.753364
vt 0.341029 0.753410
vt 0.038749 0.231101
vt 0.038366 0.226325
vt 0.039379 0.238921
vt 0.040013 0.246800
vt 0.040410 0.251727
vt 0.433445 0.755250
vt 0.432761 0.755206
vt 0.535877 0.389023
vt 0.536260 0.384247
vt 0.532851 0.405662
vt 0.530666 0.399204
vt 0.534217 0.409701
vt 0.711565 0.717094
vt 0.711613 0.717775
vt 0.037075 0.230205
vt 0.034905 0.236616
vt 0.032720 0.243074
vt 0.031354 0.247112
vt 0.224146 0.802036
vt 0.223556 0.794103
vt 0.224247 0.794045
vt 0.224835 0.801950
vt 0.528496 0.392793
vt 0.527170 0.388878
vt 0.529717 0.408976
vt 0.525558 0.404442
vt 0.532318 0.411812
vt 0.743779 0.717201
vt 0.743679 0.719870
vt 0.742988 0.719836
vt 0.743089 0.717137
vt 0.034002 0.226950
vt 0.036524 0.224201
vt 0.029873 0.231452
vt 0.025714 0.235986
vt 0.023113 0.238822
vt 0.223191 0.783148
vt 0.223883 0.783121
vt 0.521429 0.399940
vt 0.518907 0.397191
vt 0.524973 0.416156
vt 0.519788 0.413102
vt 0.528215 0.418065
vt 0.743518 0.727224
vt 0.742826 0.727212
vt 0.029290 0.219817
vt 0.032434 0.217965
vt 0.024142 0.222848
vt 0.018957 0.225902
vt 0.015715 0.227811
vt 0.223012 0.770065
vt 0.223704 0.770059
vt 0.514640 0.410071
vt 0.511496 0.408220
vt 0.519198 0.427180
vt 0.513202 0.425761
vt 0.522947 0.428068
vt 0.743375 0.738474
vt 0.742683 0.738483
vt 0.023540 0.208843
vt 0.027175 0.207982
vt 0.017587 0.210252
vt 0.011591 0.211672
vt 0.007842 0.212559
vt 0.222969 0.752920
vt 0.223661 0.752936
vt 0.507249 0.424352
vt 0.503614 0.423491
vt 0.515537 0.439096
vt 0.508791 0.440513
vt 0.519755 0.438209
vt 0.743423 0.748993
vt 0.742731 0.749036
vt 0.019903 0.197016
vt 0.023993 0.197875
vt 0.013205 0.195609
vt 0.006460 0.194192
vt 0.002241 0.193306
vt 0.223288 0.733041
vt 0.223979 0.733090
vt 0.502094 0.441919
vt 0.498004 0.442778
vt 0.516355 0.449733
vt 0.509744 0.454054
vt 0.520489 0.447031
vt 0.743779 0.756716
vt 0.743088 0.756790
vt 0.020716 0.186468
vt 0.024725 0.189088
vt 0.014153 0.182179
vt 0.007541 0.177858
vt 0.003408 0.175156
vt 0.224145 0.716933
vt 0.224835 0.717013
vt 0.503181 0.458344
vt 0.499172 0.460963
vt 0.521328 0.460500
vt 0.515413 0.466512
vt 0.525026 0.456740
vt 0.818678 0.638380
vt 0.818405 0.647224
vt 0.817712 0.647200
vt 0.817987 0.638339
vt 0.025667 0.175754
vt 0.029253 0.179398
vt 0.019795 0.169786
vt 0.013881 0.163774
vt 0.010182 0.160015
vt 0.800514 0.908464
vt 0.800090 0.894627
vt 0.800782 0.894606
vt 0.801205 0.908425
vt 0.509541 0.472480
vt 0.505955 0.476124
vt 0.530395 0.471193
vt 0.525148 0.478043
vt 0.533675 0.466910
vt 0.818210 0.659820
vt 0.817517 0.659809
vt 0.034713 0.165086
vt 0.037894 0.169238
vt 0.029505 0.158287
vt 0.024259 0.151437
vt 0.020978 0.147154
vt 0.799855 0.878645
vt 0.800548 0.878636
vt 0.519940 0.484843
vt 0.516759 0.488995
vt 0.543059 0.481539
vt 0.538307 0.488808
vt 0.546030 0.476993
vt 0.818106 0.675541
vt 0.817413 0.675537
vt 0.047362 0.154754
vt 0.050243 0.159160
vt 0.042644 0.147538
vt 0.037892 0.140270
vt 0.034921 0.135724
vt 0.799755 0.860794
vt 0.800447 0.860793
vt 0.533589 0.496023
vt 0.530708 0.500429
vt 0.558662 0.491471
vt 0.554249 0.498961
vt 0.561421 0.486787
vt 0.818085 0.693708
vt 0.817392 0.693709
vt 0.062954 0.144829
vt 0.065630 0.149369
vt 0.058573 0.137394
vt 0.054160 0.129904
vt 0.051401 0.125220
vt 0.799753 0.841314
vt 0.800445 0.841318
vt 0.549868 0.506396
vt 0.547192 0.510936
vt 0.576528 0.501045
vt 0.572336 0.508655
vt 0.579150 0.496285
vt 0.818131 0.713722
vt 0.817439 0.713726
vt 0.080814 0.135259
vt 0.083356 0.139872
vt 0.076652 0.127704
vt 0.072459 0.120094
vt 0.069837 0.115335
vt 0.799824 0.820526
vt 0.800516 0.820533
vt 0.568173 0.516209
vt 0.565631 0.520822
vt 0.595992 0.510369
vt 0.591928 0.518042
vt 0.598533 0.505571
vt 0.818225 0.735040
vt 0.817533 0.735046
vt 0.100274 0.125936
vt 0.102738 0.130587
vt 0.096239 0.118320
vt 0.092174 0.110647
vt 0.089633 0.105849
vt 0.799944 0.798813
vt 0.800636 0.798821
vt 0.587893 0.525658
vt 0.585428 0.530309
vt 0.616398 0.519576
vt 0.612386 0.527273
vt 0.618906 0.514763
vt 0.818346 0.757156
vt 0.817654 0.757163
vt 0.120678 0.116730
vt 0.123111 0.121395
vt 0.116694 0.109090
vt 0.112682 0.101393
vt 0.110173 0.096580
vt 0.800090 0.776592
vt 0.800783 0.776601
vt 0.608402 0.534912
vt 0.605969 0.539578
vt 0.637099 0.528810
vt 0.633069 0.536499
vt 0.639619 0.524002
vt 0.818473 0.779587
vt 0.817781 0.779593
vt 0.141380 0.107495
vt 0.143824 0.112155
vt 0.137379 0.099863
vt 0.133349 0.092175
vt 0.130829 0.087367
vt 0.800242 0.754304
vt 0.800935 0.754313
vt 0.629068 0.544131
vt 0.626625 0.548791
vt 0.657458 0.538224
vt 0.653340 0.545871
vt 0.660033 0.533442
vt 0.818585 0.801867
vt 0.817893 0.801872
vt 0.161741 0.098080
vt 0.164239 0.102715
vt 0.157653 0.090489
vt 0.153534 0.082843
vt 0.150959 0.078060
vt 0.800377 0.732409
vt 0.801070 0.732417
vt 0.649251 0.553462
vt 0.646753 0.558097
vt 0.676843 0.547979
vt 0.672556 0.555540
vt 0.679523 0.543251
vt 0.818661 0.823549
vt 0.817969 0.823552
vt 0.181132 0.088322
vt 0.183731 0.092906
vt 0.176876 0.080817
vt 0.172589 0.073256
vt 0.169908 0.068528
vt 0.800475 0.711385
vt 0.801167 0.711391
vt 0.668300 0.563045
vt 0.665701 0.567628
vt 0.694632 0.558252
vt 0.690079 0.565656
vt 0.697478 0.553621
vt 0.818678 0.844210
vt 0.817986 0.844209
vt 0.198928 0.078045
vt 0.201689 0.082533
vt 0.194408 0.070695
vt 0.189855 0.063291
vt 0.187008 0.058660
vt 0.800513 0.691735
vt 0.801205 0.691737
vt 0.685559 0.573006
vt 0.682798 0.577494
vt 0.710212 0.569248
vt 0.705267 0.576369
vt 0.713304 0.564795
vt 0.818614 0.863468
vt 0.817921 0.863461
vt 0.214521 0.067039
vt 0.217519 0.071355
vt 0.209612 0.059971
vt 0.204667 0.052850
vt 0.201575 0.048397
vt 0.800473 0.674001
vt 0.801166 0.673997
vt 0.700358 0.583437
vt 0.697360 0.587753
vt 0.722973 0.581241
vt 0.717481 0.587828
vt 0.726407 0.577122
vt 0.818439 0.880996
vt 0.817747 0.880981
vt 0.227299 0.055030
vt 0.230629 0.059022
vt 0.221846 0.048492
vt 0.216354 0.041905
vt 0.212920 0.037786
vt 0.800340 0.658787
vt 0.801032 0.658774
vt 0.712029 0.594366
vt 0.708698 0.598358
vt 0.732257 0.594637
vt 0.726081 0.600178
vt 0.736119 0.591172
vt 0.818116 0.896519
vt 0.817424 0.896491
vt 0.236604 0.041601
vt 0.240349 0.044959
vt 0.230472 0.036101
vt 0.224296 0.030561
vt 0.220434 0.027096
vt 0.800109 0.646752
vt 0.800801 0.646725
vt 0.719949 0.605678
vt 0.716204 0.609036
vt 0.737182 0.610003
vt 0.730431 0.613562
vt 0.741403 0.607777
vt 0.774620 0.743982
vt 0.774311 0.730920
vt 0.775004 0.730891
vt 0.775313 0.743934
vt 0.241547 0.026174
vt 0.245640 0.028331
vt 0.234845 0.022641
vt 0.228094 0.019082
vt 0.223872 0.016856
vt 0.799796 0.638384
vt 0.800487 0.638339
vt 0.723729 0.617095
vt 0.719636 0.619253
vt 0.736653 0.624628
vt 0.729901 0.628188
vt 0.740874 0.622402
vt 0.774619 0.717352
vt 0.775313 0.717323
vt 0.241017 0.011549
vt 0.245110 0.013706
vt 0.234315 0.008016
vt 0.227564 0.004456
vt 0.223343 0.002231
vt 0.346706 0.757915
vt 0.346706 0.771482
vt 0.346013 0.771437
vt 0.346013 0.757871
vt 0.723199 0.631721
vt 0.719106 0.633878
vt 0.930801 0.006870
vt 0.949762 0.016078
vt 0.945204 0.023482
vt 0.926243 0.014274
vt 0.933646 0.002231
vt 0.952607 0.011439
vt 0.491639 0.790791
vt 0.491279 0.769874
vt 0.491972 0.769851
vt 0.492332 0.790767
vt 0.435076 0.629467
vt 0.454037 0.620258
vt 0.456810 0.624731
vt 0.437849 0.633939
vt 0.430545 0.622127
vt 0.449506 0.612919
vt 0.425986 0.614723
vt 0.444947 0.605515
vt 0.423141 0.610084
vt 0.442103 0.600876
vt 0.707083 0.717115
vt 0.706752 0.737975
vt 0.706059 0.737950
vt 0.706390 0.717090
vt 0.921711 0.021613
vt 0.940673 0.030821
vt 0.937899 0.035294
vt 0.918938 0.026086
vt 0.964871 0.028561
vt 0.959486 0.035270
vt 0.968233 0.024356
vt 0.491157 0.749881
vt 0.491850 0.749873
vt 0.469177 0.607749
vt 0.472448 0.611803
vt 0.463828 0.601097
vt 0.458444 0.594388
vt 0.455082 0.590183
vt 0.706672 0.754597
vt 0.705980 0.754588
vt 0.954137 0.041922
vt 0.950866 0.045976
vt 0.975597 0.043681
vt 0.969496 0.049369
vt 0.979409 0.040118
vt 0.491284 0.732222
vt 0.491976 0.732231
vt 0.479931 0.592589
vt 0.483636 0.596027
vt 0.473871 0.586949
vt 0.467769 0.581261
vt 0.463957 0.577698
vt 0.706791 0.768738
vt 0.706099 0.768746
vt 0.963435 0.055009
vt 0.959731 0.058446
vt 0.982207 0.061100
vt 0.975617 0.065501
vt 0.986327 0.058343
vt 0.491640 0.716933
vt 0.492332 0.716958
vt 0.486560 0.575121
vt 0.490560 0.577782
vt 0.480015 0.570756
vt 0.473424 0.566355
vt 0.469305 0.563598
vt 0.707083 0.780788
vt 0.706390 0.780812
vt 0.969071 0.069866
vt 0.965072 0.072527
vt 0.985034 0.080382
vt 0.978234 0.083392
vt 0.989285 0.078497
vt 0.997069 0.819656
vt 0.995995 0.802455
vt 0.996685 0.802387
vt 0.997759 0.819571
vt 0.489395 0.555786
vt 0.493521 0.557608
vt 0.482642 0.552800
vt 0.475841 0.549789
vt 0.471590 0.547905
vt 0.762156 0.638423
vt 0.761345 0.651788
vt 0.760655 0.651721
vt 0.761467 0.638339
vt 0.971480 0.086378
vt 0.967354 0.088200
vt 0.984503 0.101076
vt 0.977728 0.102767
vt 0.988737 0.100019
vt 0.995170 0.782577
vt 0.995861 0.782526
vt 0.488862 0.535041
vt 0.492973 0.536066
vt 0.482135 0.533363
vt 0.475361 0.531673
vt 0.471126 0.530616
vt 0.760713 0.667730
vt 0.760022 0.667681
vt 0.971001 0.104445
vt 0.966891 0.105470
vt 0.981083 0.122798
vt 0.974481 0.123349
vt 0.985208 0.122455
vt 0.994567 0.760652
vt 0.995259 0.760618
vt 0.485436 0.513277
vt 0.489442 0.513614
vt 0.478880 0.512727
vt 0.472279 0.512176
vt 0.468153 0.511834
vt 0.760242 0.686058
vt 0.759550 0.686025
vt 0.967925 0.123898
vt 0.963920 0.124236
vt 0.975238 0.145238
vt 0.968873 0.144861
vt 0.979215 0.145477
vt 0.994155 0.737193
vt 0.994847 0.737172
vt 0.479582 0.490802
vt 0.483445 0.490580
vt 0.473261 0.491172
vt 0.466896 0.491549
vt 0.462919 0.491788
vt 0.759919 0.706464
vt 0.759227 0.706445
vt 0.962552 0.144491
vt 0.958690 0.144268
vt 0.967403 0.168132
vt 0.961286 0.167024
vt 0.971226 0.168829
vt 0.993903 0.712621
vt 0.994595 0.712611
vt 0.471738 0.467881
vt 0.475452 0.467217
vt 0.465662 0.468976
vt 0.459545 0.470084
vt 0.455722 0.470781
vt 0.759730 0.728550
vt 0.759038 0.728541
vt 0.955210 0.165929
vt 0.951496 0.165265
vt 0.957990 0.191232
vt 0.952101 0.189558
vt 0.961669 0.192284
vt 0.993782 0.687320
vt 0.994474 0.687318
vt 0.462316 0.444761
vt 0.465892 0.443754
vt 0.456467 0.446417
vt 0.450578 0.448091
vt 0.446899 0.449143
vt 0.759659 0.751878
vt 0.758967 0.751878
vt 0.946252 0.187902
vt 0.942676 0.186896
vt 0.947393 0.214289
vt 0.941701 0.212184
vt 0.950948 0.215612
vt 0.993768 0.661662
vt 0.994460 0.661667
vt 0.451712 0.421688
vt 0.455168 0.420420
vt 0.446059 0.423772
vt 0.440367 0.425878
vt 0.436811 0.427200
vt 0.759687 0.776001
vt 0.758995 0.776007
vt 0.936048 0.210099
vt 0.932591 0.208832
vt 0.936001 0.237050
vt 0.930469 0.234622
vt 0.939456 0.238574
vt 0.993836 0.636026
vt 0.994528 0.636036
vt 0.440315 0.398917
vt 0.443674 0.397455
vt 0.434820 0.401321
vt 0.429289 0.403749
vt 0.425833 0.405273
vt 0.759793 0.800475
vt 0.759101 0.800486
vt 0.924975 0.232218
vt 0.921616 0.230756
vt 0.924198 0.259250
vt 0.918788 0.256594
vt 0.927577 0.260917
vt 0.993962 0.610799
vt 0.994654 0.610811
vt 0.428508 0.376710
vt 0.431794 0.375108
vt 0.423134 0.379341
vt 0.417724 0.381997
vt 0.414344 0.383664
vt 0.759956 0.824868
vt 0.759264 0.824882
vt 0.913413 0.253963
vt 0.910128 0.252361
vt 0.912370 0.280621
vt 0.907039 0.277820
vt 0.915700 0.282378
vt 0.994123 0.586379
vt 0.994815 0.586393
vt 0.416679 0.355336
vt 0.419916 0.353647
vt 0.411383 0.358111
vt 0.406053 0.360912
vt 0.402723 0.362668
vt 0.760154 0.848758
vt 0.759463 0.848773
vt 0.901744 0.275045
vt 0.898507 0.273356
vt 0.900903 0.300883
vt 0.895607 0.298022
vt 0.904213 0.302677
vt 0.994298 0.563180
vt 0.994990 0.563194
vt 0.405212 0.335074
vt 0.408428 0.333348
vt 0.399951 0.337909
vt 0.394654 0.340770
vt 0.391345 0.342564
vt 0.760366 0.871738
vt 0.759674 0.871752
vt 0.890345 0.295187
vt 0.887129 0.293461
vt 0.890189 0.319747
vt 0.884872 0.316922
vt 0.893512 0.321518
vt 0.994463 0.541634
vt 0.995155 0.541645
vt 0.394501 0.316216
vt 0.397728 0.314509
vt 0.389220 0.319016
vt 0.383903 0.321841
vt 0.380581 0.323611
vt 0.760569 0.893418
vt 0.759877 0.893430
vt 0.879591 0.314122
vt 0.876364 0.312416
vt 0.880625 0.336905
vt 0.875218 0.334242
vt 0.884004 0.338573
vt 0.994596 0.522205
vt 0.995288 0.522211
vt 0.384943 0.299069
vt 0.388223 0.297458
vt 0.379574 0.301711
vt 0.374167 0.304374
vt 0.370788 0.306041
vt 0.760740 0.913444
vt 0.760048 0.913451
vt 0.869849 0.331601
vt 0.866569 0.329990
vt 0.872484 0.352274
vt 0.867030 0.349699
vt 0.875893 0.353886
vt 0.994679 0.504934
vt 0.995371 0.504936
vt 0.376807 0.283710
vt 0.380114 0.282149
vt 0.371392 0.286266
vt 0.365939 0.288842
vt 0.362529 0.290453
vt 0.760854 0.931035
vt 0.760162 0.931038
vt 0.861615 0.347142
vt 0.858308 0.345582
vt 0.860808 0.374005
vt 0.855553 0.371071
vt 0.864094 0.375839
vt 0.994812 0.480094
vt 0.995504 0.480100
vt 0.365127 0.261971
vt 0.368313 0.260193
vt 0.359910 0.264884
vt 0.354655 0.267818
vt 0.351369 0.269653
vt 0.761018 0.954557
vt 0.760326 0.954563
vt 0.850336 0.368158
vt 0.847149 0.366379
vt 0.850251 0.391115
vt 0.845479 0.387408
vt 0.853235 0.393432
vt 0.995040 0.459609
vt 0.995732 0.459625
vt 0.354555 0.244837
vt 0.357448 0.242591
vt 0.349817 0.248517
vt 0.345045 0.252223
vt 0.342062 0.254540
vt 0.761241 0.972127
vt 0.760549 0.972144
vt 0.840742 0.383729
vt 0.837848 0.381483
vt 0.840651 0.404030
vt 0.836670 0.399280
vt 0.843141 0.407000
vt 0.995364 0.443104
vt 0.996056 0.443135
vt 0.344930 0.231890
vt 0.347345 0.229011
vt 0.340977 0.236605
vt 0.336996 0.241354
vt 0.334506 0.244324
vt 0.761502 0.984512
vt 0.760811 0.984544
vt 0.832717 0.394566
vt 0.830302 0.391686
vt 0.831682 0.413301
vt 0.828990 0.407250
vt 0.833364 0.417085
vt 0.995803 0.429900
vt 0.996494 0.429951
vt 0.335921 0.222578
vt 0.337553 0.218910
vt 0.333248 0.228585
vt 0.330556 0.234636
vt 0.328874 0.238420
vt 0.761763 0.992174
vt 0.761072 0.992227
vt 0.826317 0.401243
vt 0.824685 0.397575
vt 0.823097 0.419215
vt 0.822303 0.411887
vt 0.823594 0.423798
vt 0.996378 0.419773
vt 0.997068 0.419847
vt 0.327278 0.216625
vt 0.327760 0.212182
vt 0.326488 0.223899
vt 0.325694 0.231228
vt 0.325198 0.235810
vt 0.761981 0.996032
vt 0.761291 0.996107
vt 0.821514 0.404612
vt 0.821031 0.400170
vt 0.815074 0.421797
vt 0.816465 0.413765
vt 0.814203 0.426819
vt 0.997071 0.413174
vt 0.997759 0.413267
vt 0.319186 0.214021
vt 0.318344 0.209153
vt 0.320566 0.221994
vt 0.321957 0.230026
vt 0.322827 0.235048
vt 0.762156 0.997676
vt 0.761468 0.997770
vt 0.817845 0.405793
vt 0.818687 0.400924
vt 0.808110 0.421416
vt 0.811324 0.413453
vt 0.806100 0.426396
vt 0.347071 0.717198
vt 0.346911 0.724246
vt 0.346228 0.724267
vt 0.346388 0.717237
vt 0.312166 0.214404
vt 0.310219 0.209576
vt 0.315355 0.222309
vt 0.318569 0.230273
vt 0.320579 0.235253
vt 0.230157 0.716969
vt 0.230196 0.718976
vt 0.229513 0.718958
vt 0.229474 0.716933
vt 0.814513 0.405547
vt 0.816460 0.400719
vt 0.802377 0.419026
vt 0.806735 0.411505
vt 0.799651 0.423730
vt 0.346879 0.731107
vt 0.346196 0.731113
vt 0.306397 0.216808
vt 0.303756 0.212248
vt 0.310723 0.224274
vt 0.315082 0.231796
vt 0.317808 0.236499
vt 0.230203 0.721968
vt 0.229520 0.721964
vt 0.811061 0.404038
vt 0.813703 0.399479
vt 0.797621 0.415600
vt 0.802564 0.408478
vt 0.794529 0.420054
vt 0.346917 0.737388
vt 0.346234 0.737387
vt 0.301623 0.220246
vt 0.298627 0.215929
vt 0.306529 0.227317
vt 0.311472 0.234439
vt 0.314564 0.238893
vt 0.230173 0.725958
vt 0.229490 0.725963
vt 0.807470 0.401408
vt 0.810466 0.397090
vt 0.793531 0.411881
vt 0.798674 0.404932
vt 0.790315 0.416226
vt 0.346981 0.742985
vt 0.346298 0.742980
vt 0.297527 0.223971
vt 0.294410 0.219758
vt 0.302632 0.230869
vt 0.307774 0.237818
vt 0.310991 0.242164
vt 0.230115 0.730686
vt 0.229432 0.730694
vt 0.803778 0.398033
vt 0.806895 0.393821
vt 0.789914 0.408492
vt 0.794928 0.401429
vt 0.786777 0.412909
vt 0.347039 0.747734
vt 0.346356 0.747731
vt 0.293914 0.227356
vt 0.290875 0.223074
vt 0.298890 0.234367
vt 0.303904 0.241431
vt 0.307041 0.245847
vt 0.230047 0.735953
vt 0.229365 0.735959
vt 0.799904 0.394418
vt 0.802943 0.390136
vt 0.786741 0.406006
vt 0.791185 0.398534
vt 0.783962 0.410678
vt 0.347069 0.751287
vt 0.346386 0.751293
vt 0.290759 0.229830
vt 0.288066 0.225300
vt 0.295169 0.237247
vt 0.299613 0.244719
vt 0.302393 0.249392
vt 0.230000 0.741751
vt 0.229317 0.741748
vt 0.795595 0.391116
vt 0.798288 0.386587
vt 0.784214 0.404804
vt 0.787300 0.396813
vt 0.782284 0.409801
vt 0.347068 0.753149
vt 0.346385 0.753172
vt 0.288274 0.231016
vt 0.286405 0.226171
vt 0.291337 0.238948
vt 0.294423 0.246940
vt 0.296353 0.251937
vt 0.230024 0.748232
vt 0.229341 0.748212
vt 0.790363 0.388880
vt 0.792232 0.384035
vt 0.782495 0.404722
vt 0.783129 0.396844
vt 0.782098 0.409649
vt 0.347071 0.753364
vt 0.346387 0.753410
vt 0.286631 0.231101
vt 0.286247 0.226325
vt 0.287260 0.238921
vt 0.287894 0.246800
vt 0.288292 0.251727
vt 0.230203 0.755031
vt 0.229519 0.754988
vt 0.783758 0.389023
vt 0.784142 0.384247
vt 0.780733 0.405662
vt 0.778548 0.399204
vt 0.782099 0.409701
vt 0.711565 0.722240
vt 0.711613 0.722921
vt 0.284956 0.230205
vt 0.286282 0.226290
vt 0.282787 0.236616
vt 0.280601 0.243074
vt 0.279235 0.247112
vt 0.054680 0.802041
vt 0.054091 0.794107
vt 0.054781 0.794049
vt 0.055369 0.801954
vt 0.776378 0.392793
vt 0.775052 0.388878
vt 0.777599 0.408976
vt 0.773440 0.404442
vt 0.780199 0.411812
vt 0.749358 0.717201
vt 0.749258 0.719870
vt 0.748567 0.719836
vt 0.748668 0.717137
vt 0.281884 0.226950
vt 0.284406 0.224201
vt 0.277754 0.231452
vt 0.273595 0.235986
vt 0.270995 0.238822
vt 0.053725 0.783152
vt 0.054417 0.783125
vt 0.769311 0.399940
vt 0.766789 0.397191
vt 0.772855 0.416156
vt 0.767669 0.413102
vt 0.776097 0.418066
vt 0.749096 0.727224
vt 0.748405 0.727212
vt 0.277171 0.219817
vt 0.280315 0.217965
vt 0.272023 0.222848
vt 0.266838 0.225902
vt 0.263596 0.227811
vt 0.053546 0.770070
vt 0.054238 0.770063
vt 0.762522 0.410071
vt 0.759378 0.408220
vt 0.767080 0.427180
vt 0.761084 0.425761
vt 0.770829 0.428068
vt 0.748954 0.738474
vt 0.748262 0.738482
vt 0.271421 0.208843
vt 0.275057 0.207983
vt 0.265469 0.210252
vt 0.259473 0.211672
vt 0.255723 0.212559
vt 0.053503 0.752925
vt 0.054195 0.752940
vt 0.755131 0.424352
vt 0.751496 0.423491
vt 0.763419 0.439096
vt 0.756673 0.440513
vt 0.767637 0.438209
vt 0.749002 0.748993
vt 0.748310 0.749036
vt 0.267784 0.197016
vt 0.271874 0.197875
vt 0.261087 0.195609
vt 0.254341 0.194192
vt 0.250123 0.193306
vt 0.053822 0.733045
vt 0.054513 0.733095
vt 0.749976 0.441919
vt 0.745886 0.442778
vt 0.764237 0.449733
vt 0.757626 0.454054
vt 0.768371 0.447031
vt 0.749358 0.756716
vt 0.748667 0.756790
vt 0.268598 0.186468
vt 0.272606 0.189088
vt 0.262034 0.182179
vt 0.255423 0.177858
vt 0.251289 0.175156
vt 0.054679 0.716937
vt 0.055369 0.717017
vt 0.751063 0.458343
vt 0.747054 0.460963
vt 0.769210 0.460500
vt 0.763295 0.466512
vt 0.772908 0.456740
vt 0.812910 0.638380
vt 0.812636 0.647224
vt 0.811944 0.647200
vt 0.812218 0.638339
vt 0.273549 0.175754
vt 0.277135 0.179399
vt 0.267677 0.169786
vt 0.261762 0.163774
vt 0.258064 0.160015
vt 0.806449 0.908463
vt 0.806026 0.894626
vt 0.806718 0.894606
vt 0.807141 0.908425
vt 0.757423 0.472480
vt 0.753837 0.476124
vt 0.778277 0.471193
vt 0.773030 0.478043
vt 0.781557 0.466910
vt 0.812441 0.659820
vt 0.811748 0.659809
vt 0.282595 0.165086
vt 0.285776 0.169239
vt 0.277386 0.158287
vt 0.272140 0.151437
vt 0.268860 0.147154
vt 0.805791 0.878645
vt 0.806483 0.878636
vt 0.767822 0.484843
vt 0.764641 0.488995
vt 0.790941 0.481539
vt 0.786189 0.488808
vt 0.793912 0.476993
vt 0.812337 0.675541
vt 0.811644 0.675537
vt 0.295243 0.154754
vt 0.298125 0.159160
vt 0.290526 0.147538
vt 0.285774 0.140270
vt 0.282803 0.135724
vt 0.805690 0.860794
vt 0.806382 0.860793
vt 0.781471 0.496023
vt 0.778590 0.500429
vt 0.806544 0.491471
vt 0.802131 0.498961
vt 0.809303 0.486787
vt 0.812316 0.693708
vt 0.811624 0.693709
vt 0.310836 0.144829
vt 0.313512 0.149369
vt 0.306455 0.137394
vt 0.302042 0.129904
vt 0.299283 0.125220
vt 0.805688 0.841314
vt 0.806381 0.841317
vt 0.797750 0.506396
vt 0.795074 0.510936
vt 0.824410 0.501045
vt 0.820218 0.508655
vt 0.827032 0.496285
vt 0.812362 0.713722
vt 0.811670 0.713726
vt 0.328696 0.135259
vt 0.331238 0.139872
vt 0.324533 0.127704
vt 0.320340 0.120094
vt 0.317719 0.115335
vt 0.805759 0.820526
vt 0.806451 0.820533
vt 0.816055 0.516209
vt 0.813513 0.520822
vt 0.843874 0.510369
vt 0.839810 0.518042
vt 0.846415 0.505571
vt 0.812456 0.735040
vt 0.811764 0.735045
vt 0.348155 0.125936
vt 0.350620 0.130587
vt 0.344120 0.118320
vt 0.340056 0.110647
vt 0.337514 0.105849
vt 0.805879 0.798812
vt 0.806571 0.798821
vt 0.835775 0.525658
vt 0.833310 0.530309
vt 0.864280 0.519576
vt 0.860267 0.527273
vt 0.866788 0.514763
vt 0.812577 0.757156
vt 0.811885 0.757163
vt 0.368559 0.116730
vt 0.370992 0.121395
vt 0.364576 0.109090
vt 0.360564 0.101394
vt 0.358055 0.096581
vt 0.806026 0.776591
vt 0.806718 0.776601
vt 0.856284 0.534912
vt 0.853851 0.539577
vt 0.884981 0.528810
vt 0.880951 0.536499
vt 0.887501 0.524002
vt 0.812704 0.779587
vt 0.812012 0.779593
vt 0.389261 0.107495
vt 0.391705 0.112156
vt 0.385260 0.099863
vt 0.381230 0.092175
vt 0.378711 0.087367
vt 0.806178 0.754304
vt 0.806870 0.754313
vt 0.876950 0.544131
vt 0.874507 0.548791
vt 0.905340 0.538224
vt 0.901222 0.545871
vt 0.907915 0.533442
vt 0.812817 0.801867
vt 0.812124 0.801872
vt 0.409623 0.098080
vt 0.412120 0.102715
vt 0.405534 0.090489
vt 0.401415 0.082843
vt 0.398840 0.078060
vt 0.806313 0.732409
vt 0.807005 0.732417
vt 0.897133 0.553462
vt 0.894635 0.558097
vt 0.924725 0.547979
vt 0.920438 0.555540
vt 0.927405 0.543250
vt 0.812892 0.823549
vt 0.812200 0.823552
vt 0.429013 0.088323
vt 0.431612 0.092906
vt 0.424757 0.080817
vt 0.420470 0.073256
vt 0.417790 0.068528
vt 0.806410 0.711385
vt 0.807102 0.711391
vt 0.916182 0.563045
vt 0.913583 0.567628
vt 0.942514 0.558252
vt 0.937961 0.565656
vt 0.945360 0.553621
vt 0.812910 0.844210
vt 0.812217 0.844209
vt 0.446810 0.078045
vt 0.449571 0.082533
vt 0.442290 0.070695
vt 0.437737 0.063291
vt 0.434890 0.058660
vt 0.806448 0.691735
vt 0.807141 0.691737
vt 0.933440 0.573006
vt 0.930680 0.577494
vt 0.958094 0.569248
vt 0.953149 0.576369
vt 0.961185 0.564795
vt 0.812845 0.863468
vt 0.812153 0.863461
vt 0.462402 0.067039
vt 0.465400 0.071355
vt 0.457493 0.059971
vt 0.452548 0.052850
vt 0.449456 0.048397
vt 0.806409 0.674001
vt 0.807101 0.673997
vt 0.948240 0.583437
vt 0.945242 0.587753
vt 0.970855 0.581241
vt 0.965363 0.587828
vt 0.974289 0.577122
vt 0.812670 0.880996
vt 0.811978 0.880981
vt 0.475180 0.055030
vt 0.478510 0.059023
vt 0.469728 0.048492
vt 0.464236 0.041905
vt 0.460801 0.037786
vt 0.806275 0.658787
vt 0.806968 0.658774
vt 0.959910 0.594366
vt 0.956580 0.598358
vt 0.980139 0.594637
vt 0.973962 0.600178
vt 0.984001 0.591172
vt 0.812347 0.896519
vt 0.811655 0.896490
vt 0.484485 0.041601
vt 0.488230 0.044960
vt 0.478354 0.036102
vt 0.472177 0.030561
vt 0.468315 0.027096
vt 0.806045 0.646752
vt 0.806737 0.646725
vt 0.967831 0.605677
vt 0.964086 0.609036
vt 0.985064 0.610003
vt 0.978313 0.613562
vt 0.989285 0.607777
vt 0.774620 0.775101
vt 0.774311 0.762039
vt 0.775004 0.762010
vt 0.775313 0.775054
vt 0.489428 0.026174
vt 0.493521 0.028332
vt 0.482726 0.022641
vt 0.475975 0.019082
vt 0.471753 0.016856
vt 0.805731 0.638384
vt 0.806422 0.638339
vt 0.971611 0.617095
vt 0.967517 0.619252
vt 0.984535 0.624628
vt 0.977783 0.628187
vt 0.988756 0.622402
vt 0.774619 0.748471
vt 0.775313 0.748443
vt 0.488899 0.011549
vt 0.492992 0.013706
vt 0.482196 0.008016
vt 0.475445 0.004456
vt 0.471224 0.002231
vt 0.340838 0.771438
vt 0.340838 0.757871
vt 0.341530 0.757915
vt 0.341530 0.771482
vt 0.971081 0.631721
vt 0.966988 0.633878
vn 0.000000 0.000000 1.000000
vn 0.000000 0.000000 -1.000000
vn -1.000000 -0.000000 0.000000
vn 0.000000 -1.000000 0.000000
vn 1.000000 0.000000 0.000000
vn -0.000000 1.000000 -0.000000
vn 0.000000 -0.985200 0.171300
vn -0.000000 0.985200 -0.171300
vn 0.000000 -0.171200 -0.985200
vn 0.000000 -0.171300 -0.985200
vn 0.000000 0.171200 0.985200
vn 0.000000 0.171300 0.985200
vn 0.823000 -0.027300 -0.567300
vn 0.808400 0.020200 -0.588200
vn 1.000000 0.002700 -0.004000
vn 0.999600 0.004100 0.028600
vn 0.324800 -0.048200 -0.944500
vn 0.315700 0.030200 -0.948400
vn -0.300900 -0.050300 -0.952300
vn -0.292900 0.028800 -0.955700
vn -0.808500 -0.032700 -0.587500
vn -0.794000 0.016800 -0.607700
vn -1.000000 -0.002400 0.004000
vn -0.999600 -0.001600 -0.028500
vn -0.807600 0.028400 0.588900
vn -0.823700 -0.019300 0.566600
vn -0.315000 0.048400 0.947800
vn -0.325500 -0.029500 0.945000
vn 0.291800 0.050400 0.955100
vn 0.302000 -0.028200 0.952900
vn 0.792900 0.033700 0.608300
vn 0.809500 -0.015900 0.586900
vn 0.807100 0.124200 -0.577200
vn 1.000000 0.003600 -0.006400
vn 0.314600 0.197800 -0.928400
vn -0.292600 0.197900 -0.935500
vn -0.793100 0.124800 -0.596100
vn -0.999500 0.004300 -0.030300
vn -0.824800 -0.118700 0.552800
vn -0.326100 -0.196100 0.924800
vn 0.303200 -0.196400 0.932500
vn 0.811100 -0.119300 0.572600
vn 0.806200 0.235500 -0.542700
vn 0.999900 0.005000 -0.007400
vn 0.313900 0.376500 -0.871600
vn -0.292600 0.378200 -0.878200
vn -0.792700 0.240200 -0.560300
vn -0.999500 0.011000 -0.029600
vn -0.825300 -0.224700 0.518000
vn -0.326200 -0.374600 0.867900
vn 0.304100 -0.376500 0.875100
vn 0.812000 -0.229700 0.536400
vn 0.806100 0.340300 -0.484000
vn 0.999900 0.006000 -0.006700
vn 0.313700 0.545200 -0.777400
vn -0.292900 0.548500 -0.783100
vn -0.793000 0.348900 -0.499300
vn -0.999500 0.016900 -0.026100
vn -0.825100 -0.325200 0.462000
vn -0.325900 -0.543400 0.773600
vn 0.304300 -0.546900 0.779900
vn 0.812100 -0.334400 0.478200
vn 0.806900 0.426100 -0.409100
vn 1.000000 0.005500 -0.004600
vn 0.314000 0.684500 -0.657900
vn -0.293600 0.689000 -0.662600
vn -0.793900 0.438000 -0.421600
vn -0.999600 0.020600 -0.020600
vn -0.824100 -0.409000 0.391900
vn -0.325100 -0.682600 0.654500
vn 0.303800 -0.687500 0.659600
vn 0.811200 -0.421600 0.405100
vn 0.808100 0.487800 -0.330100
vn 1.000000 0.003700 -0.002600
vn 0.314800 0.786000 -0.532000
vn -0.294300 0.791400 -0.535700
vn -0.795200 0.502200 -0.339800
vn -0.999600 0.021800 -0.014800
vn -0.822700 -0.471100 0.318100
vn -0.324200 -0.784100 0.529300
vn 0.303000 -0.789800 0.533200
vn 0.809900 -0.486000 0.328200
vn 0.809400 0.527900 -0.257000
vn 1.000000 0.001300 -0.001100
vn 0.315600 0.853300 -0.415000
vn -0.295100 0.859300 -0.417700
vn -0.796500 0.543900 -0.264000
vn -0.999700 0.021300 -0.009900
vn -0.821300 -0.513000 0.249300
vn -0.323300 -0.851400 0.413000
vn 0.302200 -0.857800 0.415800
vn 0.808500 -0.529500 0.256600
vn 0.810700 0.552200 -0.194500
vn 1.000000 -0.001200 -0.000300
vn 0.316400 0.895000 -0.314500
vn -0.295700 0.901400 -0.316300
vn -0.797700 0.569200 -0.199200
vn -0.999800 0.020000 -0.006300
vn -0.820200 -0.539700 0.189800
vn -0.322500 -0.893200 0.313200
vn 0.301400 -0.899900 0.315100
vn 0.807200 -0.557100 0.194700
vn 0.811700 0.566100 -0.143300
vn 1.000000 -0.003300 -0.000100
vn 0.317100 0.919600 -0.231900
vn -0.296200 0.926200 -0.233000
vn -0.798700 0.583700 -0.146200
vn -0.999800 0.018600 -0.003800
vn -0.819200 -0.556000 0.140600
vn -0.321900 -0.918100 0.231100
vn 0.300700 -0.925000 0.232300
vn 0.806200 -0.573900 0.143600
vn 0.812600 0.573700 -0.102700
vn 1.000000 -0.005100 -0.000200
vn 0.317700 0.933500 -0.166000
vn -0.296600 0.940300 -0.166500
vn -0.799500 0.591600 -0.104100
vn -0.999800 0.017200 -0.002000
vn -0.818400 -0.565700 0.101100
vn -0.321500 -0.932300 0.165500
vn 0.300100 -0.939300 0.166100
vn 0.805300 -0.583800 0.102600
vn 0.813300 0.577400 -0.070900
vn 1.000000 -0.006600 -0.000400
vn 0.318200 0.941100 -0.114500
vn -0.297000 0.948000 -0.114600
vn -0.800100 0.595600 -0.071300
vn -0.999800 0.015900 -0.000800
vn -0.817700 -0.571200 0.070100
vn -0.321100 -0.940100 0.114200
vn 0.299600 -0.947100 0.114300
vn 0.804600 -0.589600 0.070500
vn 0.813900 0.579000 -0.046900
vn 0.999900 -0.007800 -0.000600
vn 0.318600 0.944900 -0.075300
vn -0.297300 0.951800 -0.075100
vn -0.800700 0.597300 -0.046400
vn -0.999900 0.014800 0.000000
vn -0.817200 -0.574400 0.046500
vn -0.320700 -0.944200 0.075100
vn 0.299300 -0.951200 0.075000
vn 0.804000 -0.592800 0.046000
vn 0.814500 0.579400 -0.029500
vn 0.999900 -0.008900 -0.000700
vn 0.319000 0.946600 -0.047100
vn -0.297600 0.953600 -0.046700
vn -0.801200 0.597700 -0.028500
vn -0.999900 0.013700 0.000500
vn -0.816700 -0.576300 0.029400
vn -0.320400 -0.946100 0.047000
vn 0.298900 -0.953100 0.046600
vn 0.803500 -0.594700 0.028400
vn 0.815000 0.579100 -0.018400
vn 0.999900 -0.010000 -0.000800
vn 0.319300 0.947200 -0.029100
vn -0.297800 0.954200 -0.028600
vn -0.801700 0.597500 -0.017200
vn -0.999900 0.012700 0.000700
vn -0.816200 -0.577400 0.018400
vn -0.320100 -0.946900 0.029000
vn 0.298600 -0.953900 0.028500
vn 0.802900 -0.595800 0.017100
vn 0.815500 0.578500 -0.013700
vn 0.999900 -0.011100 -0.000700
vn 0.319700 0.947300 -0.021500
vn -0.298100 0.954300 -0.021000
vn -0.802200 0.596900 -0.012500
vn -0.999900 0.011500 0.000700
vn -0.815700 -0.578300 0.013700
vn -0.319800 -0.947200 0.021500
vn 0.298300 -0.954200 0.021000
vn 0.802400 -0.596600 0.012500
vn 0.816100 0.577600 -0.016200
vn 0.999900 -0.012500 -0.000400
vn 0.320100 0.947000 -0.025800
vn -0.298500 0.954000 -0.025500
vn -0.802800 0.596000 -0.015400
vn -0.999900 0.010200 0.000500
vn -0.815100 -0.579100 0.016300
vn -0.319400 -0.947300 0.025800
vn 0.297900 -0.954200 0.025500
vn 0.801800 -0.597400 0.015500
vn 0.817000 0.575800 -0.028100
vn 0.999900 -0.014300 0.000200
vn 0.320700 0.946000 -0.045800
vn -0.299100 0.953100 -0.045800
vn -0.803800 0.594300 -0.028300
vn -0.999900 0.008300 0.000100
vn -0.814200 -0.579900 0.028300
vn -0.318800 -0.946700 0.045800
vn 0.297400 -0.953600 0.045800
vn 0.800900 -0.598100 0.028400
vn 0.815100 0.578200 -0.034500
vn 0.999900 -0.010500 0.000500
vn 0.319400 0.945900 -0.056200
vn -0.297900 0.952900 -0.056500
vn -0.801800 0.596500 -0.035300
vn -0.999900 0.012100 -0.000500
vn -0.815900 -0.577100 0.034600
vn -0.319900 -0.945700 0.056600
vn 0.298400 -0.952700 0.056900
vn 0.802600 -0.595400 0.035400
vn 0.811600 0.584100 -0.006900
vn 1.000000 -0.002800 0.000100
vn 0.317200 0.948300 -0.011100
vn -0.295800 0.955100 -0.011200
vn -0.798200 0.602300 -0.007100
vn -0.999800 0.019800 -0.000200
vn -0.819600 -0.572900 0.007300
vn -0.322300 -0.946500 0.012200
vn 0.300700 -0.953600 0.012300
vn 0.806400 -0.591300 0.007500
vn 0.809800 0.584100 0.054700
vn 1.000000 0.000800 0.000200
vn 0.316000 0.944600 0.088700
vn -0.294700 0.951400 0.089400
vn -0.796400 0.602100 0.056400
vn -0.999700 0.023300 0.002300
vn -0.821300 -0.568200 -0.052200
vn -0.323300 -0.942300 -0.086100
vn 0.301600 -0.949500 -0.086700
vn 0.808000 -0.586700 -0.053900
vn 0.807100 0.572500 0.144000
vn 1.000000 0.006100 0.001900
vn 0.314300 0.920500 0.232000
vn -0.293200 0.927000 0.233700
vn -0.793700 0.589900 0.148400
vn -0.999600 0.028000 0.007400
vn -0.823800 -0.550500 -0.135600
vn -0.324900 -0.918600 -0.224900
vn 0.303100 -0.925600 -0.226600
vn 0.810600 -0.568600 -0.140000
vn 0.803800 0.531500 0.267200
vn 0.999900 0.012100 0.006700
vn 0.312300 0.848500 0.427200
vn -0.291300 0.854400 0.430200
vn -0.790300 0.547400 0.275200
vn -0.999300 0.032300 0.016800
vn -0.827300 -0.504100 -0.247700
vn -0.327200 -0.849600 -0.413600
vn 0.305300 -0.856200 -0.416700
vn 0.814200 -0.521100 -0.255900
vn 0.801200 0.436400 0.409400
vn 0.999800 0.014600 0.014200
vn 0.310900 0.693000 0.650400
vn -0.289900 0.697800 0.655000
vn -0.787700 0.449300 0.421400
vn -0.999100 0.031100 0.029600
vn -0.831400 -0.407400 -0.377900
vn -0.330700 -0.693500 -0.640100
vn 0.308500 -0.699000 -0.645100
vn 0.818300 -0.421400 -0.390800
vn 0.801200 0.286700 0.525100
vn 0.999800 0.010200 0.017700
vn 0.310900 0.455800 0.834000
vn -0.290000 0.458900 0.839800
vn -0.787800 0.295100 0.540600
vn -0.999100 0.020900 0.037500
vn -0.831500 -0.262100 -0.489700
vn -0.331100 -0.441500 -0.833900
vn 0.309000 -0.444900 -0.840600
vn 0.818600 -0.270900 -0.506400
vn 0.804100 0.127800 0.580600
vn 0.999900 0.003700 0.012600
vn 0.312500 0.205100 0.927500
vn -0.291500 0.206600 0.934000
vn -0.790700 0.131600 0.597900
vn -0.999400 0.008500 0.034700
vn -0.827000 -0.112700 -0.550800
vn -0.326900 -0.183100 -0.927200
vn 0.305000 -0.184300 -0.934400
vn 0.813800 -0.116300 -0.569300
vn 0.808100 0.007300 0.588900
vn 1.000000 0.000700 0.004100
vn 0.315000 0.012700 0.949000
vn -0.293700 0.012800 0.955800
vn -0.794700 0.007600 0.606900
vn -0.999600 0.000900 0.026700
vn -0.822500 -0.001600 -0.568700
vn -0.324000 0.000300 -0.946000
vn 0.302200 0.000400 -0.953200
vn 0.809300 -0.001600 -0.587300
vn 0.811800 -0.062400 0.580500
vn 1.000000 0.000700 -0.003600
vn 0.317300 -0.100900 0.942900
vn -0.295900 -0.101600 0.949800
vn -0.798500 -0.064300 0.598500
vn -0.999800 -0.001800 0.018900
vn -0.819000 0.063600 -0.570200
vn -0.321800 0.105800 -0.940800
vn 0.300200 0.106700 -0.947900
vn 0.805800 0.065600 -0.588500
vn 0.815000 -0.087900 0.572600
vn 0.999900 0.001600 -0.010300
vn 0.319300 -0.143700 0.936700
vn -0.297800 -0.144800 0.943500
vn -0.801800 -0.090600 0.590700
vn -0.999900 -0.001800 0.012000
vn -0.815900 0.087900 -0.571500
vn -0.319800 0.144000 -0.936400
vn 0.298300 0.145100 -0.943400
vn 0.802600 0.090600 -0.589600
vn 0.818300 -0.072700 0.570100
vn 0.999800 0.001800 -0.017600
vn 0.321300 -0.121000 0.939200
vn -0.299700 -0.122000 0.946200
vn -0.805000 -0.075100 0.588400
vn -1.000000 -0.000900 0.004800
vn -0.812300 0.071000 -0.578800
vn -0.317600 0.114800 -0.941300
vn 0.296200 0.115600 -0.948100
vn 0.799000 0.073200 -0.596900
vn 0.822200 -0.012100 0.569100
vn 0.999600 -0.001100 -0.027700
vn 0.322900 -0.028800 0.946000
vn -0.301200 -0.029200 0.953100
vn -0.808900 -0.012700 0.587800
vn -1.000000 -0.001300 -0.005000
vn -0.807400 0.000500 -0.590000
vn -0.314400 -0.000600 -0.949300
vn 0.293300 -0.000600 -0.956000
vn 0.793900 0.000500 -0.607900
vn 0.827500 0.103300 0.551800
vn 0.999100 -0.012200 -0.040200
vn 0.314300 0.036000 0.948600
vn -0.292000 0.034700 0.955700
vn -0.814100 0.105400 0.571000
vn -0.999800 -0.007100 -0.018200
vn -0.801000 -0.144700 -0.580800
vn -0.310700 -0.231400 -0.921900
vn 0.289700 -0.233000 -0.928300
vn 0.787500 -0.149100 -0.597900
vn 0.842100 0.299500 0.448400
vn 0.998500 -0.032100 -0.044200
vn 0.556400 0.525900 0.643300
vn -0.534100 0.527800 0.660400
vn -0.829800 0.309400 0.464300
vn -0.999500 -0.019300 -0.025800
vn -0.796800 -0.348000 -0.493900
vn -0.308500 -0.548200 -0.777400
vn 0.287600 -0.551900 -0.782700
vn 0.783300 -0.358000 -0.508200
vn 0.834600 0.479500 0.271200
vn 0.998700 -0.042400 -0.027400
vn 0.358200 0.933600 -0.007500
vn -0.343400 0.939100 0.003400
vn -0.821600 0.496700 0.279900
vn -0.999600 -0.023100 -0.015900
vn -0.797900 -0.514100 -0.314700
vn -0.309000 -0.810700 -0.497300
vn 0.288100 -0.816200 -0.500700
vn 0.784400 -0.528900 -0.323900
vn 0.826300 0.552400 0.109700
vn 0.999300 -0.035700 -0.009200
vn 0.325300 0.929600 0.173000
vn -0.303400 0.936800 0.174000
vn -0.813100 0.571000 0.113200
vn -0.999900 -0.013600 -0.004400
vn -0.803100 -0.581500 -0.129600
vn -0.311900 -0.927100 -0.207900
vn 0.290800 -0.933600 -0.209400
vn 0.789700 -0.598800 -0.133400
vn 0.821700 0.569900 0.001600
vn 0.999600 -0.026600 -0.000200
vn 0.323100 0.946300 0.002200
vn -0.301300 0.953500 0.002200
vn -0.808400 0.588500 0.001600
vn -1.000000 -0.003900 -0.000100
vn -0.807500 -0.589800 -0.002300
vn -0.314400 -0.949300 -0.003900
vn 0.293200 -0.956000 -0.003900
vn 0.794100 -0.607700 -0.002400
vn 0.827100 0.550900 -0.111500
vn 0.999300 -0.036400 0.008700
vn 0.326700 0.927200 -0.183400
vn -0.304800 0.934300 -0.184700
vn -0.813900 0.569400 -0.115200
vn -0.999900 -0.014300 0.004000
vn -0.802700 -0.582800 0.126100
vn -0.311500 -0.928500 0.201900
vn 0.290500 -0.935000 0.203400
vn 0.789200 -0.600100 0.129900
vn 0.838600 0.462000 -0.288600
vn 0.998500 -0.045800 0.029000
vn 0.336900 0.799100 -0.497900
vn -0.314300 0.805700 -0.502000
vn -0.825800 0.478300 -0.298700
vn -0.999500 -0.026900 0.017100
vn -0.797300 -0.510900 0.321400
vn -0.309000 -0.804900 0.506500
vn 0.288200 -0.810400 0.510000
vn 0.783800 -0.525600 0.330600
vn 0.831000 0.321900 -0.453600
vn 0.999000 -0.026500 0.035500
vn 0.329800 0.543300 -0.772000
vn -0.307600 0.547500 -0.778100
vn -0.818000 0.332800 -0.469100
vn -0.999800 -0.013300 0.017200
vn -0.800100 -0.352300 0.485500
vn -0.310100 -0.559000 0.769000
vn 0.289200 -0.562900 0.774300
vn 0.786600 -0.362700 0.499700
vn 0.825100 0.191200 -0.531600
vn 0.999500 -0.011400 0.030200
vn 0.325700 0.318300 -0.890200
vn -0.303800 0.320700 -0.897100
vn -0.811900 0.197500 -0.549300
vn -0.999900 -0.003700 0.008900
vn -0.805400 -0.203900 0.556500
vn -0.313200 -0.327200 0.891500
vn 0.292100 -0.329600 0.897800
vn 0.792000 -0.210000 0.573200
vn 0.821500 0.099200 -0.561400
vn 0.999700 -0.004400 0.023800
vn 0.323500 0.164200 -0.931900
vn -0.301800 0.165400 -0.938900
vn -0.808300 0.102500 -0.579700
vn -1.000000 -0.000400 0.001600
vn -0.809400 -0.103400 0.578100
vn -0.315700 -0.167300 0.934000
vn 0.294400 -0.168500 0.940700
vn 0.796000 -0.106600 0.595800
vn 0.819400 0.039300 -0.571900
vn 0.999800 -0.001400 0.019400
vn 0.322200 0.064800 -0.944500
vn -0.300500 0.065300 -0.951500
vn -0.806100 0.040600 -0.590300
vn -1.000000 0.000200 -0.003200
vn -0.811700 -0.040500 0.582600
vn -0.317200 -0.065800 0.946000
vn 0.295900 -0.066300 0.952900
vn 0.798400 -0.041700 0.600700
vn 0.818000 0.000900 -0.575200
vn 0.999800 -0.000000 0.016400
vn 0.321300 0.001500 -0.947000
vn -0.299600 0.001500 -0.954000
vn -0.804700 0.001000 -0.593600
vn -1.000000 0.000000 -0.006200
vn -0.813200 -0.001100 0.582000
vn -0.318200 -0.001800 0.948000
vn 0.296700 -0.001800 0.954900
vn 0.799800 -0.001100 0.600200
vn 0.817000 -0.023000 -0.576100
vn 0.999900 0.000500 0.014400
vn 0.320700 -0.037800 -0.946400
vn -0.299100 -0.038100 -0.953400
vn -0.803800 -0.023700 -0.594400
vn -0.999900 -0.000300 -0.008200
vn -0.814100 0.023100 0.580200
vn -0.318800 0.037700 0.947100
vn 0.297300 0.038000 0.954000
vn 0.800800 0.023800 0.598400
vn 0.816300 -0.036700 -0.576400
vn 0.999900 0.000800 0.012800
vn 0.320200 -0.060200 -0.945400
vn -0.298700 -0.060600 -0.952400
vn -0.803100 -0.037800 -0.594700
vn -0.999900 -0.000600 -0.009700
vn -0.814800 0.036800 0.578400
vn -0.319300 0.060200 0.945700
vn 0.297800 0.060600 0.952700
vn 0.801600 0.037900 0.596700
vn 0.815700 -0.042200 -0.576900
vn 0.999900 0.000800 0.011600
vn 0.319800 -0.069100 -0.944900
vn -0.298300 -0.069600 -0.951900
vn -0.802500 -0.043500 -0.595100
vn -0.999900 -0.000800 -0.011000
vn -0.815500 0.042200 0.577200
vn -0.319700 0.069100 0.945000
vn 0.298100 0.069600 0.952000
vn 0.802200 0.043500 0.595500
vn 0.815100 -0.040400 -0.577800
vn 0.999900 0.000700 0.010300
vn 0.319400 -0.066100 -0.945300
vn -0.298000 -0.066600 -0.952200
vn -0.801800 -0.041700 -0.596000
vn -0.999900 -0.000800 -0.012200
vn -0.816000 0.040300 0.576600
vn -0.320000 0.066100 0.945100
vn 0.298500 0.066600 0.952100
vn 0.802800 0.041600 0.594800
vn 0.814500 -0.031100 -0.579300
vn 0.999900 0.000500 0.009000
vn 0.319000 -0.050800 -0.946300
vn -0.297600 -0.051100 -0.953300
vn -0.801200 -0.032000 -0.597500
vn -0.999900 -0.000700 -0.013600
vn -0.816700 0.030900 0.576300
vn -0.320400 0.050800 0.945900
vn 0.298800 0.051200 0.952900
vn 0.803400 0.031900 0.594600
vn 0.813700 -0.012900 -0.581000
vn 1.000000 0.000200 0.007400
vn 0.318600 -0.021000 -0.947700
vn -0.297100 -0.021100 -0.954600
vn -0.800400 -0.013300 -0.599300
vn -0.999900 -0.000300 -0.015200
vn -0.817400 0.012800 0.575900
vn -0.320900 0.021100 0.946800
vn 0.299300 0.021300 0.953900
vn 0.804200 0.013200 0.594200
vn 0.812600 0.017000 -0.582400
vn 1.000000 -0.000100 0.005100
vn 0.317900 0.027800 -0.947700
vn -0.296500 0.028000 -0.954600
vn -0.799300 0.017500 -0.600600
vn -0.999800 0.000500 -0.017500
vn -0.818500 -0.016600 0.574200
vn -0.321600 -0.027300 0.946500
vn 0.300000 -0.027500 0.953600
vn 0.805200 -0.017100 0.592700
vn 0.811000 0.064100 -0.581500
vn 1.000000 -0.000100 0.001700
vn 0.316800 0.104000 -0.942700
vn -0.295400 0.104800 -0.949600
vn -0.797600 0.066100 -0.599500
vn -0.999800 0.002300 -0.020800
vn -0.820100 -0.062100 0.568900
vn -0.322600 -0.102600 0.940900
vn 0.300900 -0.103400 0.948000
vn 0.806800 -0.064100 0.587300
vn 0.808300 0.137600 -0.572400
vn 1.000000 0.001000 -0.003600
vn 0.315100 0.222100 -0.922700
vn -0.293800 0.223700 -0.929300
vn -0.794900 0.141800 -0.589900
vn -0.999600 0.006300 -0.025600
vn -0.822500 -0.131400 0.553300
vn -0.324100 -0.218000 0.920500
vn 0.302300 -0.219700 0.927500
vn 0.809300 -0.135700 0.571400
vn 0.804200 0.250400 -0.539000
vn 0.999900 0.005600 -0.011000
vn 0.312500 0.400800 -0.861200
vn -0.291400 0.403600 -0.867300
vn -0.790700 0.257900 -0.555100
vn -0.999400 0.015100 -0.031600
vn -0.826400 -0.233900 0.512100
vn -0.326600 -0.390900 0.860500
vn 0.304700 -0.393900 0.867200
vn 0.813300 -0.241600 0.529200
vn 0.799800 0.401700 -0.445900
vn 0.999700 0.016100 -0.017500
vn 0.310200 0.636500 -0.706100
vn -0.289200 0.640900 -0.711000
vn -0.786400 0.413500 -0.459000
vn -0.998900 0.031200 -0.034200
vn -0.833000 -0.368400 0.412700
vn -0.331800 -0.627100 0.704700
vn 0.309500 -0.632000 0.710400
vn 0.820100 -0.381000 0.426900
vn 0.828200 0.442300 -0.344200
vn 0.998900 -0.037100 0.028900
vn 0.326200 0.746100 -0.580500
vn -0.304200 0.751800 -0.585000
vn -0.814900 0.457400 -0.355900
vn -0.999700 -0.019100 0.014800
vn -0.794500 -0.479200 0.372800
vn -0.305200 -0.751500 0.584800
vn 0.284500 -0.756600 0.588700
vn 0.780900 -0.493000 0.383600
vn 0.324900 -0.048200 -0.944500
vn -0.292800 0.028800 -0.955700
vn -0.808500 -0.032700 -0.587600
vn -0.807600 0.028400 0.589000
vn 0.792900 0.033700 0.608400
vn -0.292700 0.197900 -0.935500
vn -0.326100 -0.196100 0.924700
vn 0.303200 -0.196400 0.932400
vn -0.292700 0.378200 -0.878200
vn -0.792700 0.240200 -0.560200
vn -0.999500 0.011000 -0.029700
vn -0.326300 -0.374600 0.867900
vn 0.304000 -0.376500 0.875100
vn 0.812000 -0.229700 0.536500
vn -0.293000 0.548500 -0.783100
vn -0.825000 -0.325200 0.462000
vn -0.325900 -0.543300 0.773600
vn 0.304200 -0.546900 0.779900
vn 0.811300 -0.421600 0.405100
vn 0.314700 0.786000 -0.532000
vn -0.324200 -0.784100 0.529200
vn 0.303000 -0.789800 0.533100
vn 0.808500 -0.529600 0.256600
vn 0.810700 0.552200 -0.194400
vn -0.797700 0.569100 -0.199200
vn 0.299700 -0.947100 0.114300
vn 0.804600 -0.589600 0.070400
vn 0.814400 0.579400 -0.029500
vn -0.801100 0.597700 -0.028500
vn 0.815000 0.579200 -0.018400
vn -0.815900 -0.577100 0.034500
vn 0.811600 0.584200 -0.006900
vn -0.295800 0.955200 -0.011200
vn 0.300600 -0.953600 0.012300
vn -0.821200 -0.568200 -0.052200
vn 0.314400 0.920500 0.232000
vn -0.823700 -0.550500 -0.135600
vn 0.312400 0.848500 0.427200
vn -0.790300 0.547400 0.275100
vn -0.827300 -0.504200 -0.247700
vn 0.305200 -0.856200 -0.416700
vn -0.831300 -0.407500 -0.377900
vn 0.801200 0.286700 0.525200
vn -0.831600 -0.262100 -0.489700
vn -0.331200 -0.441500 -0.833900
vn 0.308900 -0.444900 -0.840600
vn 0.804100 0.127800 0.580500
vn -0.790600 0.131600 0.597900
vn -0.326900 -0.183000 -0.927200
vn 0.305000 -0.184300 -0.934300
vn 0.808200 0.007300 0.588900
vn 0.811900 -0.062400 0.580500
vn 0.805700 0.065600 -0.588500
vn 0.815100 -0.087900 0.572600
vn 0.319300 -0.143700 0.936600
vn -0.297900 -0.144800 0.943500
vn -0.319900 0.144000 -0.936400
vn 0.321400 -0.121000 0.939200
vn -0.317500 0.114800 -0.941300
vn 0.822100 -0.012100 0.569100
vn 0.322900 -0.028700 0.946000
vn 0.793900 0.000500 -0.608000
vn 0.314300 0.035700 0.948600
vn -0.292000 0.034500 0.955800
vn -0.814200 0.105300 0.571000
vn 0.842200 0.299500 0.448400
vn 0.556600 0.525700 0.643300
vn -0.534000 0.527600 0.660600
vn 0.287700 -0.551900 -0.782700
vn 0.358200 0.933600 -0.007400
vn -0.343300 0.939200 0.003400
vn -0.821500 0.496700 0.279900
vn -0.999600 -0.023100 -0.015800
vn 0.288200 -0.816200 -0.500700
vn 0.784400 -0.528900 -0.323800
vn 0.325300 0.929700 0.173000
vn -0.813100 0.570900 0.113200
vn 0.290800 -0.933600 -0.209300
vn 0.789700 -0.598800 -0.133500
vn -0.301400 0.953500 0.002200
vn -0.314400 0.805700 -0.502000
vn -0.307700 0.547500 -0.778100
vn -0.800100 -0.352400 0.485500
vn 0.325700 0.318300 -0.890300
vn 0.292200 -0.329600 0.897800
vn 0.323500 0.164200 -0.931800
vn 0.294500 -0.168500 0.940600
vn 0.322200 0.064800 -0.944400
vn -0.317300 -0.065800 0.946000
vn -0.299700 0.001500 -0.954000
vn 0.999900 0.000500 0.014300
vn -0.803000 -0.037800 -0.594700
vn -0.814800 0.036800 0.578500
vn 0.801500 0.038000 0.596700
vn -0.815500 0.042200 0.577300
vn 0.802100 0.043500 0.595500
vn 0.319500 -0.066100 -0.945300
vn 0.802700 0.041600 0.594900
vn 0.814500 -0.031100 -0.579200
vn -0.999900 -0.000700 -0.013500
vn -0.816600 0.030900 0.576300
vn 0.298900 0.051200 0.952900
vn -0.321000 0.021100 0.946800
vn 0.317800 0.027800 -0.947700
vn -0.799300 0.017600 -0.600600
vn -0.321600 -0.027300 0.946400
vn 0.300000 -0.027500 0.953500
vn -0.797600 0.066000 -0.599500
vn -0.293900 0.223700 -0.929300
vn -0.794900 0.141800 -0.589800
vn -0.324200 -0.218000 0.920500
vn 0.302400 -0.219700 0.927500
vn 0.999900 0.005600 -0.011100
vn -0.291400 0.403600 -0.867200
vn -0.786300 0.413500 -0.459000
vn 0.309600 -0.632000 0.710400
vn -0.794600 -0.479200 0.372800
usemtl Material.001
s off
f 1/1/1 4/2/1 7/3/1 10/4/1
f 2/5/1 5/6/1 8/7/1 11/8/1
f 3/9/1 6/10/1 9/11/1 12/12/1
f 13/13/2 22/14/2 19/15/2 16/16/2
f 14/17/2 23/18/2 20/19/2 17/20/2
f 15/21/2 24/22/2 21/23/2 18/24/2
f 1/25/3 13/26/3 16/27/3 4/28/3
f 2/29/3 14/30/3 17/31/3 5/32/3
f 3/33/3 15/34/3 18/35/3 6/36/3
f 4/37/4 16/38/4 19/39/4 7/40/4
f 5/41/4 17/42/4 20/43/4 8/44/4
f 6/45/4 18/46/4 21/47/4 9/48/4
f 7/49/5 19/50/5 22/51/5 10/52/5
f 8/53/5 20/54/5 23/55/5 11/56/5
f 9/57/5 21/58/5 24/59/5 12/60/5
f 13/61/6 1/62/6 10/63/6 22/64/6
f 14/65/6 2/66/6 11/67/6 23/68/6
f 15/69/6 3/70/6 12/71/6 24/72/6
f 1125/73/7 1129/74/7 1133/75/7 1137/76/7
f 1126/77/7 1130/78/7 1134/79/7 1138/80/7
f 1127/81/7 1131/82/7 1135/83/7 1139/84/7
f 1128/85/7 1132/86/7 1136/87/7 1140/88/7
f 1141/89/8 1153/90/8 1149/91/8 1145/92/8
f 1142/93/8 1154/94/8 1150/95/8 1146/96/8
f 1143/97/8 1155/98/8 1151/99/8 1147/100/8
f 1144/101/8 1156/102/8 1152/103/8 1148/104/8
f 1125/105/3 1141/106/3 1145/107/3 1129/108/3
f 1126/109/3 1142/110/3 1146/111/3 1130/112/3
f 1127/113/3 1143/114/3 1147/115/3 1131/116/3
f 1128/117/3 1144/118/3 1148/119/3 1132/120/3
f 1129/121/9 1145/122/9 1149/123/9 1133/124/9
f 1130/125/10 1146/126/10 1150/127/10 1134/128/10
f 1131/129/10 1147/130/10 1151/131/10 1135/132/10
f 1132/133/10 1148/134/10 1152/135/10 1136/136/10
f 1133/137/5 1149/138/5 1153/139/5 1137/140/5
f 1134/141/5 1150/142/5 1154/143/5 1138/144/5
f 1135/145/5 1151/146/5 1155/147/5 1139/148/5
f 1136/149/5 1152/150/5 1156/151/5 1140/152/5
f 1141/153/11 1125/154/11 1137/155/11 1153/156/11
f 1142/157/12 1126/158/12 1138/159/12 1154/160/12
f 1143/161/12 1127/162/12 1139/163/12 1155/164/12
f 1144/165/12 1128/166/12 1140/167/12 1156/168/12
s 1
f 25/169/13 35/170/14 44/171/15 34/172/16
f 35/170/14 25/169/13 26/173/17 36/174/18
f 27/175/19 37/176/20 36/177/18 26/178/17
f 28/179/21 38/180/22 37/181/20 27/182/19
f 29/183/23 39/184/24 38/180/22 28/179/21
f 30/185/25 40/186/26 39/184/24 29/183/23
f 31/187/27 41/188/28 40/186/26 30/185/25
f 32/189/29 42/190/30 41/191/28 31/192/27
f 33/193/31 43/194/32 42/195/30 32/196/29
f 34/172/16 44/171/15 43/194/32 33/193/31
f 35/170/14 45/197/33 54/198/34 44/171/15
f 36/174/18 46/199/35 45/197/33 35/170/14
f 37/176/20 47/200/36 46/201/35 36/177/18
f 38/180/22 48/202/37 47/203/36 37/181/20
f 39/184/24 49/204/38 48/202/37 38/180/22
f 40/186/26 50/205/39 49/204/38 39/184/24
f 41/188/28 51/206/40 50/205/39 40/186/26
f 42/190/30 52/207/41 51/208/40 41/191/28
f 43/194/32 53/209/42 52/210/41 42/195/30
f 44/171/15 54/198/34 53/209/42 43/194/32
f 45/197/33 55/211/43 64/212/44 54/198/34
f 46/199/35 56/213/45 55/211/43 45/197/33
f 47/200/36 57/214/46 56/215/45 46/201/35
f 48/202/37 58/216/47 57/217/46 47/203/36
f 49/204/38 59/218/48 58/216/47 48/202/37
f 50/205/39 60/219/49 59/218/48 49/204/38
f 51/206/40 61/220/50 60/219/49 50/205/39
f 52/207/41 62/221/51 61/222/50 51/208/40
f 53/209/42 63/223/52 62/224/51 52/210/41
f 54/198/34 64/212/44 63/223/52 53/209/42
f 55/211/43 65/225/53 74/226/54 64/212/44
f 56/213/45 66/227/55 65/225/53 55/211/43
f 57/214/46 67/228/56 66/229/55 56/215/45
f 58/216/47 68/230/57 67/231/56 57/217/46
f 59/218/48 69/232/58 68/230/57 58/216/47
f 60/219/49 70/233/59 69/232/58 59/218/48
f 61/220/50 71/234/60 70/233/59 60/219/49
f 62/221/51 72/235/61 71/236/60 61/222/50
f 63/223/52 73/237/62 72/238/61 62/224/51
f 64/212/44 74/226/54 73/237/62 63/223/52
f 65/225/53 75/239/63 84/240/64 74/226/54
f 66/227/55 76/241/65 75/239/63 65/225/53
f 67/242/56 77/243/66 76/244/65 66/245/55
f 68/230/57 78/246/67 77/247/66 67/231/56
f 69/232/58 79/248/68 78/246/67 68/230/57
f 70/233/59 80/249/69 79/248/68 69/232/58
f 71/234/60 81/250/70 80/249/69 70/233/59
f 72/251/61 82/252/71 81/253/70 71/254/60
f 73/237/62 83/255/72 82/256/71 72/238/61
f 74/226/54 84/240/64 83/255/72 73/237/62
f 75/239/63 85/257/73 94/258/74 84/240/64
f 76/241/65 86/259/75 85/257/73 75/239/63
f 77/243/66 87/260/76 86/261/75 76/244/65
f 78/246/67 88/262/77 87/263/76 77/247/66
f 79/248/68 89/264/78 88/262/77 78/246/67
f 80/249/69 90/265/79 89/264/78 79/248/68
f 81/250/70 91/266/80 90/265/79 80/249/69
f 82/252/71 92/267/81 91/268/80 81/253/70
f 83/255/72 93/269/82 92/270/81 82/256/71
f 84/240/64 94/258/74 93/269/82 83/255/72
f 85/257/73 95/271/83 104/272/84 94/258/74
f 86/259/75 96/273/85 95/271/83 85/257/73
f 87/260/76 97/274/86 96/275/85 86/261/75
f 88/262/77 98/276/87 97/277/86 87/263/76
f 89/264/78 99/278/88 98/276/87 88/262/77
f 90/265/79 100/279/89 99/278/88 89/264/78
f 91/266/80 101/280/90 100/279/89 90/265/79
f 92/267/81 102/281/91 101/282/90 91/268/80
f 93/269/82 103/283/92 102/284/91 92/270/81
f 94/258/74 104/272/84 103/283/92 93/269/82
f 95/271/83 105/285/93 114/286/94 104/272/84
f 96/273/85 106/287/95 105/285/93 95/271/83
f 97/274/86 107/288/96 106/289/95 96/275/85
f 98/276/87 108/290/97 107/291/96 97/277/86
f 99/278/88 109/292/98 108/290/97 98/276/87
f 100/279/89 110/293/99 109/292/98 99/278/88
f 101/280/90 111/294/100 110/293/99 100/279/89
f 102/281/91 112/295/101 111/296/100 101/282/90
f 103/283/92 113/297/102 112/298/101 102/284/91
f 104/272/84 114/286/94 113/297/102 103/283/92
f 105/285/93 115/299/103 124/300/104 114/286/94
f 106/287/95 116/301/105 115/299/103 105/285/93
f 107/288/96 117/302/106 116/303/105 106/289/95
f 108/290/97 118/304/107 117/305/106 107/291/96
f 109/292/98 119/306/108 118/304/107 108/290/97
f 110/293/99 120/307/109 119/306/108 109/292/98
f 111/294/100 121/308/110 120/307/109 110/293/99
f 112/295/101 122/309/111 121/310/110 111/296/100
f 113/297/102 123/311/112 122/312/111 112/298/101
f 114/286/94 124/300/104 123/311/112 113/297/102
f 115/299/103 125/313/113 134/314/114 124/300/104
f 116/301/105 126/315/115 125/313/113 115/299/103
f 117/302/106 127/316/116 126/317/115 116/303/105
f 118/304/107 128/318/117 127/319/116 117/305/106
f 119/306/108 129/320/118 128/318/117 118/304/107
f 120/307/109 130/321/119 129/320/118 119/306/108
f 121/308/110 131/322/120 130/321/119 120/307/109
f 122/309/111 132/323/121 131/324/120 121/310/110
f 123/311/112 133/325/122 132/326/121 122/312/111
f 124/300/104 134/314/114 133/325/122 123/311/112
f 125/313/113 135/327/123 144/328/124 134/314/114
f 126/315/115 136/329/125 135/327/123 125/313/113
f 127/316/116 137/330/126 136/331/125 126/317/115
f 128/318/117 138/332/127 137/333/126 127/319/116
f 129/320/118 139/334/128 138/332/127 128/318/117
f 130/321/119 140/335/129 139/334/128 129/320/118
f 131/322/120 141/336/130 140/335/129 130/321/119
f 132/323/121 142/337/131 141/338/130 131/324/120
f 133/325/122 143/339/132 142/340/131 132/326/121
f 134/314/114 144/328/124 143/339/132 133/325/122
f 135/327/123 145/341/133 154/342/134 144/328/124
f 136/329/125 146/343/135 145/341/133 135/327/123
f 137/330/126 147/344/136 146/345/135 136/331/125
f 138/332/127 148/346/137 147/347/136 137/333/126
f 139/334/128 149/348/138 148/346/137 138/332/127
f 140/335/129 150/349/139 149/348/138 139/334/128
f 141/336/130 151/350/140 150/349/139 140/335/129
f 142/337/131 152/351/141 151/352/140 141/338/130
f 143/339/132 153/353/142 152/354/141 142/340/131
f 144/328/124 154/342/134 153/353/142 143/339/132
f 145/341/133 155/355/143 164/356/144 154/342/134
f 146/343/135 156/357/145 155/355/143 145/341/133
f 147/344/136 157/358/146 156/359/145 146/345/135
f 148/346/137 158/360/147 157/361/146 147/347/136
f 149/348/138 159/362/148 158/360/147 148/346/137
f 150/349/139 160/363/149 159/362/148 149/348/138
f 151/350/140 161/364/150 160/363/149 150/349/139
f 152/351/141 162/365/151 161/366/150 151/352/140
f 153/353/142 163/367/152 162/368/151 152/354/141
f 154/342/134 164/356/144 163/367/152 153/353/142
f 155/355/143 165/369/153 174/370/154 164/356/144
f 156/357/145 166/371/155 165/369/153 155/355/143
f 157/358/146 167/372/156 166/373/155 156/359/145
f 158/360/147 168/374/157 167/375/156 157/361/146
f 159/362/148 169/376/158 168/374/157 158/360/147
f 160/363/149 170/377/159 169/376/158 159/362/148
f 161/364/150 171/378/160 170/377/159 160/363/149
f 162/365/151 172/379/161 171/380/160 161/366/150
f 163/367/152 173/381/162 172/382/161 162/368/151
f 164/356/144 174/370/154 173/381/162 163/367/152
f 165/369/153 175/383/163 184/384/164 174/370/154
f 166/371/155 176/385/165 175/383/163 165/369/153
f 167/372/156 177/386/166 176/387/165 166/373/155
f 168/374/157 178/388/167 177/389/166 167/375/156
f 169/376/158 179/390/168 178/388/167 168/374/157
f 170/377/159 180/391/169 179/390/168 169/376/158
f 171/378/160 181/392/170 180/391/169 170/377/159
f 172/379/161 182/393/171 181/394/170 171/380/160
f 173/381/162 183/395/172 182/396/171 172/382/161
f 174/370/154 184/384/164 183/395/172 173/381/162
f 175/383/163 185/397/173 194/398/174 184/384/164
f 176/385/165 186/399/175 185/397/173 175/383/163
f 177/386/166 187/400/176 186/401/175 176/387/165
f 178/388/167 188/402/177 187/403/176 177/389/166
f 179/390/168 189/404/178 188/402/177 178/388/167
f 180/391/169 190/405/179 189/404/178 179/390/168
f 181/392/170 191/406/180 190/405/179 180/391/169
f 182/393/171 192/407/181 191/408/180 181/394/170
f 183/395/172 193/409/182 192/410/181 182/396/171
f 184/384/164 194/398/174 193/409/182 183/395/172
f 185/397/173 195/411/183 204/412/184 194/398/174
f 186/399/175 196/413/185 195/411/183 185/397/173
f 187/400/176 197/414/186 196/415/185 186/401/175
f 188/402/177 198/416/187 197/417/186 187/403/176
f 189/404/178 199/418/188 198/416/187 188/402/177
f 190/405/179 200/419/189 199/418/188 189/404/178
f 191/406/180 201/420/190 200/419/189 190/405/179
f 192/407/181 202/421/191 201/422/190 191/408/180
f 193/409/182 203/423/192 202/424/191 192/410/181
f 194/398/174 204/412/184 203/423/192 193/409/182
f 195/411/183 205/425/193 214/426/194 204/412/184
f 196/413/185 206/427/195 205/425/193 195/411/183
f 197/414/186 207/428/196 206/429/195 196/415/185
f 198/416/187 208/430/197 207/431/196 197/417/186
f 199/418/188 209/432/198 208/430/197 198/416/187
f 200/419/189 210/433/199 209/432/198 199/418/188
f 201/420/190 211/434/200 210/433/199 200/419/189
f 202/421/191 212/435/201 211/436/200 201/422/190
f 203/423/192 213/437/202 212/438/201 202/424/191
f 204/412/184 214/426/194 213/437/202 203/423/192
f 205/425/193 215/439/203 224/440/204 214/426/194
f 206/427/195 216/441/205 215/439/203 205/425/193
f 207/428/196 217/442/206 216/443/205 206/429/195
f 208/430/197 218/444/207 217/445/206 207/431/196
f 209/432/198 219/446/208 218/444/207 208/430/197
f 210/433/199 220/447/209 219/446/208 209/432/198
f 211/434/200 221/448/210 220/447/209 210/433/199
f 212/435/201 222/449/211 221/450/210 211/436/200
f 213/437/202 223/451/212 222/452/211 212/438/201
f 214/426/194 224/440/204 223/451/212 213/437/202
f 215/439/203 225/453/213 234/454/214 224/440/204
f 216/441/205 226/455/215 225/453/213 215/439/203
f 217/442/206 227/456/216 226/457/215 216/443/205
f 218/444/207 228/458/217 227/459/216 217/445/206
f 219/446/208 229/460/218 228/458/217 218/444/207
f 220/447/209 230/461/219 229/460/218 219/446/208
f 221/448/210 231/462/220 230/461/219 220/447/209
f 222/449/211 232/463/221 231/464/220 221/450/210
f 223/451/212 233/465/222 232/466/221 222/452/211
f 224/440/204 234/454/214 233/465/222 223/451/212
f 225/453/213 235/467/223 244/468/224 234/454/214
f 226/455/215 236/469/225 235/467/223 225/453/213
f 227/456/216 237/470/226 236/471/225 226/457/215
f 228/458/217 238/472/227 237/473/226 227/459/216
f 229/460/218 239/474/228 238/472/227 228/458/217
f 230/461/219 240/475/229 239/474/228 229/460/218
f 231/462/220 241/476/230 240/475/229 230/461/219
f 232/463/221 242/477/231 241/478/230 231/464/220
f 233/465/222 243/479/232 242/480/231 232/466/221
f 234/454/214 244/468/224 243/479/232 233/465/222
f 235/467/223 245/481/233 254/482/234 244/468/224
f 236/469/225 246/483/235 245/481/233 235/467/223
f 237/470/226 247/484/236 246/485/235 236/471/225
f 238/472/227 248/486/237 247/487/236 237/473/226
f 239/474/228 249/488/238 248/486/237 238/472/227
f 240/475/229 250/489/239 249/488/238 239/474/228
f 241/476/230 251/490/240 250/489/239 240/475/229
f 242/477/231 252/491/241 251/492/240 241/478/230
f 243/479/232 253/493/242 252/494/241 242/480/231
f 244/468/224 254/482/234 253/493/242 243/479/232
f 245/481/233 255/495/243 264/496/244 254/482/234
f 246/483/235 256/497/245 255/495/243 245/481/233
f 247/484/236 257/498/246 256/499/245 246/485/235
f 248/486/237 258/500/247 257/501/246 247/487/236
f 249/488/238 259/502/248 258/500/247 248/486/237
f 250/489/239 260/503/249 259/502/248 249/488/238
f 251/490/240 261/504/250 260/503/249 250/489/239
f 252/491/241 262/505/251 261/506/250 251/492/240
f 253/493/242 263/507/252 262/508/251 252/494/241
f 254/482/234 264/496/244 263/507/252 253/493/242
f 255/495/243 265/509/253 274/510/254 264/496/244
f 256/497/245 266/511/255 265/509/253 255/495/243
f 257/498/246 267/512/256 266/513/255 256/499/245
f 258/500/247 268/514/257 267/515/256 257/501/246
f 259/502/248 269/516/258 268/514/257 258/500/247
f 260/503/249 270/517/259 269/516/258 259/502/248
f 261/504/250 271/518/260 270/517/259 260/503/249
f 262/505/251 272/519/261 271/520/260 261/506/250
f 263/507/252 273/521/262 272/522/261 262/508/251
f 264/496/244 274/510/254 273/521/262 263/507/252
f 265/509/253 275/523/263 284/524/264 274/510/254
f 266/511/255 276/525/265 275/523/263 265/509/253
f 267/526/256 277/527/266 276/528/265 266/529/255
f 268/514/257 278/530/267 277/531/266 267/515/256
f 269/516/258 279/532/268 278/530/267 268/514/257
f 270/517/259 280/533/269 279/532/268 269/516/258
f 271/518/260 281/534/270 280/533/269 270/517/259
f 272/535/261 282/536/271 281/537/270 271/538/260
f 273/521/262 283/539/272 282/540/271 272/522/261
f 274/510/254 284/524/264 283/539/272 273/521/262
f 275/523/263 285/541/273 294/542/274 284/524/264
f 276/525/265 286/543/275 285/541/273 275/523/263
f 277/527/266 287/544/276 286/545/275 276/528/265
f 278/530/267 288/546/277 287/547/276 277/531/266
f 279/532/268 289/548/278 288/546/277 278/530/267
f 280/533/269 290/549/279 289/548/278 279/532/268
f 281/534/270 291/550/280 290/549/279 280/533/269
f 282/536/271 292/551/281 291/552/280 281/537/270
f 283/539/272 293/553/282 292/554/281 282/540/271
f 284/524/264 294/542/274 293/553/282 283/539/272
f 285/541/273 295/555/283 304/556/284 294/542/274
f 286/543/275 296/557/285 295/555/283 285/541/273
f 287/544/276 297/558/286 296/559/285 286/545/275
f 288/546/277 298/560/287 297/561/286 287/547/276
f 289/548/278 299/562/288 298/560/287 288/546/277
f 290/549/279 300/563/289 299/562/288 289/548/278
f 291/550/280 301/564/290 300/563/289 290/549/279
f 292/551/281 302/565/291 301/566/290 291/552/280
f 293/553/282 303/567/292 302/568/291 292/554/281
f 294/542/274 304/556/284 303/567/292 293/553/282
f 295/555/283 305/569/293 314/570/294 304/556/284
f 296/557/285 306/571/295 305/569/293 295/555/283
f 297/558/286 307/572/296 306/573/295 296/559/285
f 298/560/287 308/574/297 307/575/296 297/561/286
f 299/562/288 309/576/298 308/574/297 298/560/287
f 300/563/289 310/577/299 309/576/298 299/562/288
f 301/564/290 311/578/300 310/577/299 300/563/289
f 302/565/291 312/579/301 311/580/300 301/566/290
f 303/567/292 313/581/302 312/582/301 302/568/291
f 304/556/284 314/570/294 313/581/302 303/567/292
f 305/569/293 315/583/303 324/584/304 314/570/294
f 306/571/295 316/585/305 315/583/303 305/569/293
f 307/572/296 317/586/306 316/587/305 306/573/295
f 308/574/297 318/588/307 317/589/306 307/575/296
f 309/576/298 319/590/308 318/588/307 308/574/297
f 310/577/299 320/591/309 319/590/308 309/576/298
f 311/578/300 321/592/310 320/591/309 310/577/299
f 312/579/301 322/593/311 321/594/310 311/580/300
f 313/581/302 323/595/312 322/596/311 312/582/301
f 314/570/294 324/584/304 323/595/312 313/581/302
f 315/583/303 325/597/313 334/598/314 324/584/304
f 316/585/305 326/599/315 325/597/313 315/583/303
f 317/586/306 327/600/316 326/601/315 316/587/305
f 318/588/307 328/602/317 327/603/316 317/589/306
f 319/590/308 329/604/318 328/602/317 318/588/307
f 320/591/309 330/605/319 329/604/318 319/590/308
f 321/592/310 331/606/320 330/605/319 320/591/309
f 322/593/311 332/607/321 331/608/320 321/594/310
f 323/595/312 333/609/322 332/610/321 322/596/311
f 324/584/304 334/598/314 333/609/322 323/595/312
f 325/597/313 335/611/323 344/612/324 334/598/314
f 326/599/315 336/613/325 335/611/323 325/597/313
f 327/600/316 337/614/326 336/615/325 326/601/315
f 328/602/317 338/616/327 337/617/326 327/603/316
f 329/604/318 339/618/328 338/616/327 328/602/317
f 330/605/319 340/619/329 339/618/328 329/604/318
f 331/606/320 341/620/330 340/619/329 330/605/319
f 332/607/321 342/621/331 341/622/330 331/608/320
f 333/609/322 343/623/332 342/624/331 332/610/321
f 334/598/314 344/612/324 343/623/332 333/609/322
f 335/611/323 345/625/333 354/626/334 344/612/324
f 336/613/325 346/627/335 345/625/333 335/611/323
f 337/614/326 347/628/336 346/629/335 336/615/325
f 338/616/327 348/630/337 347/631/336 337/617/326
f 339/618/328 349/632/338 348/630/337 338/616/327
f 340/619/329 350/633/339 349/632/338 339/618/328
f 341/620/330 351/634/340 350/633/339 340/619/329
f 342/621/331 352/635/341 351/636/340 341/622/330
f 343/623/332 353/637/342 352/638/341 342/624/331
f 344/612/324 354/626/334 353/637/342 343/623/332
f 345/625/333 355/639/343 364/640/344 354/626/334
f 346/627/335 356/641/345 355/639/343 345/625/333
f 347/642/336 357/642/346 356/643/345 346/643/335
f 348/630/337 358/644/347 357/631/346 347/631/336
f 349/632/338 359/645/348 358/644/347 348/630/337
f 350/633/339 360/646/349 359/645/348 349/632/338
f 351/634/340 361/647/350 360/646/349 350/633/339
f 352/648/341 362/649/351 361/650/350 351/651/340
f 353/637/342 363/652/352 362/653/351 352/638/341
f 354/626/334 364/640/344 363/652/352 353/637/342
f 355/639/343 365/654/353 374/655/354 364/640/344
f 356/641/345 366/656/355 365/654/353 355/639/343
f 357/657/346 367/658/356 366/659/355 356/660/345
f 358/644/347 368/661/357 367/662/356 357/631/346
f 359/645/348 369/663/358 368/661/357 358/644/347
f 360/646/349 370/664/359 369/663/358 359/645/348
f 361/647/350 371/665/360 370/664/359 360/646/349
f 362/649/351 372/666/361 371/667/360 361/650/350
f 363/652/352 373/668/362 372/669/361 362/653/351
f 364/640/344 374/655/354 373/668/362 363/652/352
f 365/654/353 375/670/363 384/671/364 374/655/354
f 366/656/355 376/672/365 375/670/363 365/654/353
f 367/658/356 377/673/366 376/674/365 366/659/355
f 368/661/357 378/675/367 377/676/366 367/662/356
f 369/663/358 379/677/368 378/675/367 368/661/357
f 370/664/359 380/678/369 379/677/368 369/663/358
f 371/665/360 381/679/370 380/678/369 370/664/359
f 372/666/361 382/680/371 381/681/370 371/667/360
f 373/668/362 383/682/372 382/683/371 372/669/361
f 374/655/354 384/671/364 383/682/372 373/668/362
f 375/670/363 385/684/373 394/685/374 384/671/364
f 376/672/365 386/686/375 385/684/373 375/670/363
f 377/673/366 387/687/376 386/688/375 376/674/365
f 378/675/367 388/689/377 387/690/376 377/676/366
f 379/677/368 389/691/378 388/689/377 378/675/367
f 380/678/369 390/692/379 389/691/378 379/677/368
f 381/679/370 391/693/380 390/692/379 380/678/369
f 382/680/371 392/694/381 391/695/380 381/681/370
f 383/682/372 393/696/382 392/697/381 382/683/371
f 384/671/364 394/685/374 393/696/382 383/682/372
f 385/684/373 395/698/383 404/699/384 394/685/374
f 386/686/375 396/700/385 395/698/383 385/684/373
f 387/687/376 397/701/386 396/702/385 386/688/375
f 388/689/377 398/703/387 397/704/386 387/690/376
f 389/691/378 399/705/388 398/703/387 388/689/377
f 390/692/379 400/706/389 399/705/388 389/691/378
f 391/693/380 401/707/390 400/706/389 390/692/379
f 392/694/381 402/708/391 401/709/390 391/695/380
f 393/696/382 403/710/392 402/711/391 392/697/381
f 394/685/374 404/699/384 403/710/392 393/696/382
f 395/698/383 405/712/393 414/713/394 404/699/384
f 396/700/385 406/714/395 405/712/393 395/698/383
f 397/701/386 407/715/396 406/716/395 396/702/385
f 398/703/387 408/717/397 407/718/396 397/704/386
f 399/705/388 409/719/398 408/717/397 398/703/387
f 400/706/389 410/720/399 409/719/398 399/705/388
f 401/707/390 411/721/400 410/720/399 400/706/389
f 402/708/391 412/722/401 411/723/400 401/709/390
f 403/710/392 413/724/402 412/725/401 402/711/391
f 404/699/384 414/713/394 413/724/402 403/710/392
f 405/712/393 415/726/403 424/727/404 414/713/394
f 406/714/395 416/728/405 415/726/403 405/712/393
f 407/729/396 417/730/406 416/731/405 406/732/395
f 408/717/397 418/733/407 417/734/406 407/718/396
f 409/719/398 419/735/408 418/733/407 408/717/397
f 410/720/399 420/736/409 419/735/408 409/719/398
f 411/721/400 421/737/410 420/736/409 410/720/399
f 412/738/401 422/739/411 421/740/410 411/741/400
f 413/724/402 423/742/412 422/743/411 412/725/401
f 414/713/394 424/727/404 423/742/412 413/724/402
f 415/726/403 425/744/413 434/745/414 424/727/404
f 416/728/405 426/746/415 425/744/413 415/726/403
f 417/730/406 427/747/416 426/748/415 416/731/405
f 418/733/407 428/749/417 427/750/416 417/734/406
f 419/735/408 429/751/418 428/749/417 418/733/407
f 420/736/409 430/752/419 429/751/418 419/735/408
f 421/737/410 431/753/420 430/752/419 420/736/409
f 422/739/411 432/754/421 431/755/420 421/740/410
f 423/742/412 433/756/422 432/757/421 422/743/411
f 424/727/404 434/745/414 433/756/422 423/742/412
f 425/744/413 435/758/423 444/759/424 434/745/414
f 426/746/415 436/760/425 435/758/423 425/744/413
f 427/747/416 437/761/426 436/762/425 426/748/415
f 428/749/417 438/763/427 437/764/426 427/750/416
f 429/751/418 439/765/428 438/763/427 428/749/417
f 430/752/419 440/766/429 439/765/428 429/751/418
f 431/753/420 441/767/430 440/766/429 430/752/419
f 432/754/421 442/768/431 441/769/430 431/755/420
f 433/756/422 443/770/432 442/771/431 432/757/421
f 434/745/414 444/759/424 443/770/432 433/756/422
f 435/758/423 445/772/433 454/773/434 444/759/424
f 436/760/425 446/774/435 445/772/433 435/758/423
f 437/761/426 447/775/436 446/776/435 436/762/425
f 438/763/427 448/777/437 447/778/436 437/764/426
f 439/765/428 449/779/438 448/777/437 438/763/427
f 440/766/429 450/780/439 449/779/438 439/765/428
f 441/767/430 451/781/440 450/780/439 440/766/429
f 442/768/431 452/782/441 451/783/440 441/769/430
f 443/770/432 453/784/442 452/785/441 442/771/431
f 444/759/424 454/773/434 453/784/442 443/770/432
f 445/772/433 455/786/443 464/787/444 454/773/434
f 446/774/435 456/788/445 455/786/443 445/772/433
f 447/775/436 457/789/446 456/790/445 446/776/435
f 448/777/437 458/791/447 457/792/446 447/778/436
f 449/779/438 459/793/448 458/791/447 448/777/437
f 450/780/439 460/794/449 459/793/448 449/779/438
f 451/781/440 461/795/450 460/794/449 450/780/439
f 452/782/441 462/796/451 461/797/450 451/783/440
f 453/784/442 463/798/452 462/799/451 452/785/441
f 454/773/434 464/787/444 463/798/452 453/784/442
f 455/786/443 465/800/453 474/801/454 464/787/444
f 456/788/445 466/802/455 465/800/453 455/786/443
f 457/789/446 467/803/456 466/804/455 456/790/445
f 458/791/447 468/805/457 467/806/456 457/792/446
f 459/793/448 469/807/458 468/805/457 458/791/447
f 460/794/449 470/808/459 469/807/458 459/793/448
f 461/795/450 471/809/460 470/808/459 460/794/449
f 462/796/451 472/810/461 471/811/460 461/797/450
f 463/798/452 473/812/462 472/813/461 462/799/451
f 464/787/444 474/801/454 473/812/462 463/798/452
f 465/800/453 475/814/463 484/815/464 474/801/454
f 466/802/455 476/816/465 475/814/463 465/800/453
f 467/803/456 477/817/466 476/818/465 466/804/455
f 468/805/457 478/819/467 477/820/466 467/806/456
f 469/807/458 479/821/468 478/819/467 468/805/457
f 470/808/459 480/822/469 479/821/468 469/807/458
f 471/809/460 481/823/470 480/822/469 470/808/459
f 472/810/461 482/824/471 481/825/470 471/811/460
f 473/812/462 483/826/472 482/827/471 472/813/461
f 474/801/454 484/815/464 483/826/472 473/812/462
f 475/814/463 485/828/473 494/829/474 484/815/464
f 476/816/465 486/830/475 485/828/473 475/814/463
f 477/817/466 487/831/476 486/832/475 476/818/465
f 478/819/467 488/833/477 487/834/476 477/820/466
f 479/821/468 489/835/478 488/833/477 478/819/467
f 480/822/469 490/836/479 489/835/478 479/821/468
f 481/823/470 491/837/480 490/836/479 480/822/469
f 482/824/471 492/838/481 491/839/480 481/825/470
f 483/826/472 493/840/482 492/841/481 482/827/471
f 484/815/464 494/829/474 493/840/482 483/826/472
f 485/828/473 495/842/483 504/843/484 494/829/474
f 486/830/475 496/844/485 495/842/483 485/828/473
f 487/831/476 497/845/486 496/846/485 486/832/475
f 488/833/477 498/847/487 497/848/486 487/834/476
f 489/835/478 499/849/488 498/847/487 488/833/477
f 490/836/479 500/850/489 499/849/488 489/835/478
f 491/837/480 501/851/490 500/850/489 490/836/479
f 492/838/481 502/852/491 501/853/490 491/839/480
f 493/840/482 503/854/492 502/855/491 492/841/481
f 494/829/474 504/843/484 503/854/492 493/840/482
f 495/842/483 505/856/493 514/857/494 504/843/484
f 496/844/485 506/858/495 505/856/493 495/842/483
f 497/845/486 507/859/496 506/860/495 496/846/485
f 498/847/487 508/861/497 507/862/496 497/848/486
f 499/849/488 509/863/498 508/861/497 498/847/487
f 500/850/489 510/864/499 509/863/498 499/849/488
f 501/851/490 511/865/500 510/864/499 500/850/489
f 502/852/491 512/866/501 511/867/500 501/853/490
f 503/854/492 513/868/502 512/869/501 502/855/491
f 504/843/484 514/857/494 513/868/502 503/854/492
f 505/856/493 515/870/503 524/871/504 514/857/494
f 506/858/495 516/872/505 515/870/503 505/856/493
f 507/859/496 517/873/506 516/874/505 506/860/495
f 508/861/497 518/875/507 517/876/506 507/862/496
f 509/863/498 519/877/508 518/875/507 508/861/497
f 510/864/499 520/878/509 519/877/508 509/863/498
f 511/865/500 521/879/510 520/878/509 510/864/499
f 512/866/501 522/880/511 521/881/510 511/867/500
f 513/868/502 523/882/512 522/883/511 512/869/501
f 514/857/494 524/871/504 523/882/512 513/868/502
f 515/870/503 525/884/513 534/885/514 524/871/504
f 516/872/505 526/886/515 525/884/513 515/870/503
f 517/873/506 527/887/516 526/888/515 516/874/505
f 518/875/507 528/889/517 527/890/516 517/876/506
f 519/877/508 529/891/518 528/889/517 518/875/507
f 520/878/509 530/892/519 529/891/518 519/877/508
f 521/879/510 531/893/520 530/892/519 520/878/509
f 522/880/511 532/894/521 531/895/520 521/881/510
f 523/882/512 533/896/522 532/897/521 522/883/511
f 524/871/504 534/885/514 533/896/522 523/882/512
f 525/884/513 535/898/523 544/899/524 534/885/514
f 526/886/515 536/900/525 535/898/523 525/884/513
f 527/887/516 537/901/526 536/902/525 526/888/515
f 528/889/517 538/903/527 537/904/526 527/890/516
f 529/891/518 539/905/528 538/903/527 528/889/517
f 530/892/519 540/906/529 539/905/528 529/891/518
f 531/893/520 541/907/530 540/906/529 530/892/519
f 532/894/521 542/908/531 541/909/530 531/895/520
f 533/896/522 543/910/532 542/911/531 532/897/521
f 534/885/514 544/899/524 543/910/532 533/896/522
f 535/898/523 545/912/533 554/913/534 544/899/524
f 536/900/525 546/914/535 545/912/533 535/898/523
f 537/901/526 547/915/536 546/916/535 536/902/525
f 538/903/527 548/917/537 547/918/536 537/904/526
f 539/905/528 549/919/538 548/917/537 538/903/527
f 540/906/529 550/920/539 549/919/538 539/905/528
f 541/907/530 551/921/540 550/920/539 540/906/529
f 542/908/531 552/922/541 551/923/540 541/909/530
f 543/910/532 553/924/542 552/925/541 542/911/531
f 544/899/524 554/913/534 553/924/542 543/910/532
f 545/912/533 555/926/543 564/927/544 554/913/534
f 546/914/535 556/928/545 555/926/543 545/912/533
f 547/929/536 557/930/546 556/931/545 546/932/535
f 548/917/537 558/933/547 557/934/546 547/918/536
f 549/919/538 559/935/548 558/933/547 548/917/537
f 550/920/539 560/936/549 559/935/548 549/919/538
f 551/921/540 561/937/550 560/936/549 550/920/539
f 552/922/541 562/938/551 561/939/550 551/923/540
f 553/924/542 563/940/552 562/941/551 552/925/541
f 554/913/534 564/927/544 563/940/552 553/924/542
f 555/926/543 565/942/553 574/943/554 564/927/544
f 556/928/545 566/944/555 565/942/553 555/926/543
f 557/930/546 567/945/556 566/946/555 556/931/545
f 558/933/547 568/947/557 567/948/556 557/934/546
f 559/935/548 569/949/558 568/947/557 558/933/547
f 560/936/549 570/950/559 569/949/558 559/935/548
f 561/937/550 571/951/560 570/950/559 560/936/549
f 562/952/551 572/953/561 571/954/560 561/955/550
f 563/940/552 573/956/562 572/957/561 562/941/551
f 564/927/544 574/943/554 573/956/562 563/940/552
f 575/958/13 585/959/14 594/960/15 584/961/16
f 576/962/563 586/963/18 585/959/14 575/958/13
f 577/964/19 587/965/564 586/966/18 576/967/563
f 578/968/565 588/969/22 587/970/564 577/971/19
f 579/972/23 589/973/24 588/969/22 578/968/565
f 580/974/566 590/975/26 589/973/24 579/972/23
f 581/976/27 591/977/28 590/975/26 580/974/566
f 582/978/29 592/979/30 591/980/28 581/981/27
f 583/982/567 593/983/32 592/984/30 582/985/29
f 584/961/16 594/960/15 593/983/32 583/982/567
f 585/959/14 595/986/33 604/987/34 594/960/15
f 586/963/18 596/988/35 595/986/33 585/959/14
f 587/965/564 597/989/568 596/990/35 586/966/18
f 588/969/22 598/991/37 597/992/568 587/970/564
f 589/973/24 599/993/38 598/991/37 588/969/22
f 590/975/26 600/994/39 599/993/38 589/973/24
f 591/977/28 601/995/569 600/994/39 590/975/26
f 592/979/30 602/996/570 601/997/569 591/980/28
f 593/983/32 603/998/42 602/999/570 592/984/30
f 594/960/15 604/987/34 603/998/42 593/983/32
f 595/986/33 605/1000/43 614/1001/44 604/987/34
f 596/988/35 606/1002/45 605/1000/43 595/986/33
f 597/989/568 607/1003/571 606/1004/45 596/990/35
f 598/991/37 608/1005/572 607/1006/571 597/992/568
f 599/993/38 609/1007/573 608/1005/572 598/991/37
f 600/994/39 610/1008/49 609/1007/573 599/993/38
f 601/995/569 611/1009/574 610/1008/49 600/994/39
f 602/996/570 612/1010/575 611/1011/574 601/997/569
f 603/998/42 613/1012/576 612/1013/575 602/999/570
f 604/987/34 614/1001/44 613/1012/576 603/998/42
f 605/1000/43 615/1014/53 624/1015/54 614/1001/44
f 606/1002/45 616/1016/55 615/1014/53 605/1000/43
f 607/1003/571 617/1017/577 616/1018/55 606/1004/45
f 608/1005/572 618/1019/57 617/1020/577 607/1006/571
f 609/1007/573 619/1021/58 618/1019/57 608/1005/572
f 610/1008/49 620/1022/578 619/1021/58 609/1007/573
f 611/1009/574 621/1023/579 620/1022/578 610/1008/49
f 612/1010/575 622/1024/580 621/1025/579 611/1011/574
f 613/1012/576 623/1026/62 622/1027/580 612/1013/575
f 614/1001/44 624/1015/54 623/1026/62 613/1012/576
f 615/1014/53 625/1028/63 634/1029/64 624/1015/54
f 616/1016/55 626/1030/65 625/1028/63 615/1014/53
f 617/1031/577 627/1032/66 626/1033/65 616/1034/55
f 618/1019/57 628/1035/67 627/1036/66 617/1020/577
f 619/1021/58 629/1037/68 628/1035/67 618/1019/57
f 620/1022/578 630/1038/69 629/1037/68 619/1021/58
f 621/1023/579 631/1039/70 630/1038/69 620/1022/578
f 622/1040/580 632/1041/71 631/1042/70 621/1043/579
f 623/1026/62 633/1044/581 632/1045/71 622/1027/580
f 624/1015/54 634/1029/64 633/1044/581 623/1026/62
f 625/1028/63 635/1046/73 644/1047/74 634/1029/64
f 626/1030/65 636/1048/582 635/1046/73 625/1028/63
f 627/1032/66 637/1049/76 636/1050/582 626/1033/65
f 628/1035/67 638/1051/77 637/1052/76 627/1036/66
f 629/1037/68 639/1053/78 638/1051/77 628/1035/67
f 630/1038/69 640/1054/79 639/1053/78 629/1037/68
f 631/1039/70 641/1055/583 640/1054/79 630/1038/69
f 632/1041/71 642/1056/584 641/1057/583 631/1042/70
f 633/1044/581 643/1058/82 642/1059/584 632/1045/71
f 634/1029/64 644/1047/74 643/1058/82 633/1044/581
f 635/1046/73 645/1060/83 654/1061/84 644/1047/74
f 636/1048/582 646/1062/85 645/1060/83 635/1046/73
f 637/1049/76 647/1063/86 646/1064/85 636/1050/582
f 638/1051/77 648/1065/87 647/1066/86 637/1052/76
f 639/1053/78 649/1067/88 648/1065/87 638/1051/77
f 640/1054/79 650/1068/89 649/1067/88 639/1053/78
f 641/1055/583 651/1069/90 650/1068/89 640/1054/79
f 642/1056/584 652/1070/91 651/1071/90 641/1057/583
f 643/1058/82 653/1072/585 652/1073/91 642/1059/584
f 644/1047/74 654/1061/84 653/1072/585 643/1058/82
f 645/1060/83 655/1074/586 664/1075/94 654/1061/84
f 646/1062/85 656/1076/95 655/1074/586 645/1060/83
f 647/1063/86 657/1077/96 656/1078/95 646/1064/85
f 648/1065/87 658/1079/587 657/1080/96 647/1066/86
f 649/1067/88 659/1081/98 658/1079/587 648/1065/87
f 650/1068/89 660/1082/99 659/1081/98 649/1067/88
f 651/1069/90 661/1083/100 660/1082/99 650/1068/89
f 652/1070/91 662/1084/101 661/1085/100 651/1071/90
f 653/1072/585 663/1086/102 662/1087/101 652/1073/91
f 654/1061/84 664/1075/94 663/1086/102 653/1072/585
f 655/1074/586 665/1088/103 674/1089/104 664/1075/94
f 656/1076/95 666/1090/105 665/1088/103 655/1074/586
f 657/1077/96 667/1091/106 666/1092/105 656/1078/95
f 658/1079/587 668/1093/107 667/1094/106 657/1080/96
f 659/1081/98 669/1095/108 668/1093/107 658/1079/587
f 660/1082/99 670/1096/109 669/1095/108 659/1081/98
f 661/1083/100 671/1097/110 670/1096/109 660/1082/99
f 662/1084/101 672/1098/111 671/1099/110 661/1085/100
f 663/1086/102 673/1100/112 672/1101/111 662/1087/101
f 664/1075/94 674/1089/104 673/1100/112 663/1086/102
f 665/1088/103 675/1102/113 684/1103/114 674/1089/104
f 666/1090/105 676/1104/115 675/1102/113 665/1088/103
f 667/1091/106 677/1105/116 676/1106/115 666/1092/105
f 668/1093/107 678/1107/117 677/1108/116 667/1094/106
f 669/1095/108 679/1109/118 678/1107/117 668/1093/107
f 670/1096/109 680/1110/119 679/1109/118 669/1095/108
f 671/1097/110 681/1111/120 680/1110/119 670/1096/109
f 672/1098/111 682/1112/121 681/1113/120 671/1099/110
f 673/1100/112 683/1114/122 682/1115/121 672/1101/111
f 674/1089/104 684/1103/114 683/1114/122 673/1100/112
f 675/1102/113 685/1116/123 694/1117/124 684/1103/114
f 676/1104/115 686/1118/125 685/1116/123 675/1102/113
f 677/1105/116 687/1119/126 686/1120/125 676/1106/115
f 678/1107/117 688/1121/127 687/1122/126 677/1108/116
f 679/1109/118 689/1123/128 688/1121/127 678/1107/117
f 680/1110/119 690/1124/129 689/1123/128 679/1109/118
f 681/1111/120 691/1125/130 690/1124/129 680/1110/119
f 682/1112/121 692/1126/588 691/1127/130 681/1113/120
f 683/1114/122 693/1128/589 692/1129/588 682/1115/121
f 684/1103/114 694/1117/124 693/1128/589 683/1114/122
f 685/1116/123 695/1130/133 704/1131/134 694/1117/124
f 686/1118/125 696/1132/135 695/1130/133 685/1116/123
f 687/1119/126 697/1133/136 696/1134/135 686/1120/125
f 688/1121/127 698/1135/137 697/1136/136 687/1122/126
f 689/1123/128 699/1137/138 698/1135/137 688/1121/127
f 690/1124/129 700/1138/139 699/1137/138 689/1123/128
f 691/1125/130 701/1139/140 700/1138/139 690/1124/129
f 692/1126/588 702/1140/141 701/1141/140 691/1127/130
f 693/1128/589 703/1142/142 702/1143/141 692/1129/588
f 694/1117/124 704/1131/134 703/1142/142 693/1128/589
f 695/1130/133 705/1144/590 714/1145/144 704/1131/134
f 696/1132/135 706/1146/145 705/1144/590 695/1130/133
f 697/1133/136 707/1147/146 706/1148/145 696/1134/135
f 698/1135/137 708/1149/591 707/1150/146 697/1136/136
f 699/1137/138 709/1151/148 708/1149/591 698/1135/137
f 700/1138/139 710/1152/149 709/1151/148 699/1137/138
f 701/1139/140 711/1153/150 710/1152/149 700/1138/139
f 702/1140/141 712/1154/151 711/1155/150 701/1141/140
f 703/1142/142 713/1156/152 712/1157/151 702/1143/141
f 704/1131/134 714/1145/144 713/1156/152 703/1142/142
f 705/1144/590 715/1158/592 724/1159/154 714/1145/144
f 706/1146/145 716/1160/155 715/1158/592 705/1144/590
f 707/1147/146 717/1161/156 716/1162/155 706/1148/145
f 708/1149/591 718/1163/157 717/1164/156 707/1150/146
f 709/1151/148 719/1165/158 718/1163/157 708/1149/591
f 710/1152/149 720/1166/159 719/1165/158 709/1151/148
f 711/1153/150 721/1167/160 720/1166/159 710/1152/149
f 712/1154/151 722/1168/161 721/1169/160 711/1155/150
f 713/1156/152 723/1170/162 722/1171/161 712/1157/151
f 714/1145/144 724/1159/154 723/1170/162 713/1156/152
f 715/1158/592 725/1172/163 734/1173/164 724/1159/154
f 716/1160/155 726/1174/165 725/1172/163 715/1158/592
f 717/1161/156 727/1175/166 726/1176/165 716/1162/155
f 718/1163/157 728/1177/167 727/1178/166 717/1164/156
f 719/1165/158 729/1179/168 728/1177/167 718/1163/157
f 720/1166/159 730/1180/169 729/1179/168 719/1165/158
f 721/1167/160 731/1181/170 730/1180/169 720/1166/159
f 722/1168/161 732/1182/171 731/1183/170 721/1169/160
f 723/1170/162 733/1184/172 732/1185/171 722/1171/161
f 724/1159/154 734/1173/164 733/1184/172 723/1170/162
f 725/1172/163 735/1186/173 744/1187/174 734/1173/164
f 726/1174/165 736/1188/175 735/1186/173 725/1172/163
f 727/1175/166 737/1189/176 736/1190/175 726/1176/165
f 728/1177/167 738/1191/177 737/1192/176 727/1178/166
f 729/1179/168 739/1193/178 738/1191/177 728/1177/167
f 730/1180/169 740/1194/179 739/1193/178 729/1179/168
f 731/1181/170 741/1195/180 740/1194/179 730/1180/169
f 732/1182/171 742/1196/181 741/1197/180 731/1183/170
f 733/1184/172 743/1198/182 742/1199/181 732/1185/171
f 734/1173/164 744/1187/174 743/1198/182 733/1184/172
f 735/1186/173 745/1200/183 754/1201/184 744/1187/174
f 736/1188/175 746/1202/185 745/1200/183 735/1186/173
f 737/1189/176 747/1203/186 746/1204/185 736/1190/175
f 738/1191/177 748/1205/187 747/1206/186 737/1192/176
f 739/1193/178 749/1207/188 748/1205/187 738/1191/177
f 740/1194/179 750/1208/189 749/1207/188 739/1193/178
f 741/1195/180 751/1209/190 750/1208/189 740/1194/179
f 742/1196/181 752/1210/191 751/1211/190 741/1197/180
f 743/1198/182 753/1212/192 752/1213/191 742/1199/181
f 744/1187/174 754/1201/184 753/1212/192 743/1198/182
f 745/1200/183 755/1214/193 764/1215/194 754/1201/184
f 746/1202/185 756/1216/195 755/1214/193 745/1200/183
f 747/1203/186 757/1217/196 756/1218/195 746/1204/185
f 748/1205/187 758/1219/197 757/1220/196 747/1206/186
f 749/1207/188 759/1221/198 758/1219/197 748/1205/187
f 750/1208/189 760/1222/593 759/1221/198 749/1207/188
f 751/1209/190 761/1223/200 760/1222/593 750/1208/189
f 752/1210/191 762/1224/201 761/1225/200 751/1211/190
f 753/1212/192 763/1226/202 762/1227/201 752/1213/191
f 754/1201/184 764/1215/194 763/1226/202 753/1212/192
f 755/1214/193 765/1228/594 774/1229/204 764/1215/194
f 756/1216/195 766/1230/205 765/1228/594 755/1214/193
f 757/1217/196 767/1231/595 766/1232/205 756/1218/195
f 758/1219/197 768/1233/207 767/1234/595 757/1220/196
f 759/1221/198 769/1235/208 768/1233/207 758/1219/197
f 760/1222/593 770/1236/209 769/1235/208 759/1221/198
f 761/1223/200 771/1237/210 770/1236/209 760/1222/593
f 762/1224/201 772/1238/596 771/1239/210 761/1225/200
f 763/1226/202 773/1240/212 772/1241/596 762/1227/201
f 764/1215/194 774/1229/204 773/1240/212 763/1226/202
f 765/1228/594 775/1242/213 784/1243/214 774/1229/204
f 766/1230/205 776/1244/215 775/1242/213 765/1228/594
f 767/1231/595 777/1245/216 776/1246/215 766/1232/205
f 768/1233/207 778/1247/217 777/1248/216 767/1234/595
f 769/1235/208 779/1249/218 778/1247/217 768/1233/207
f 770/1236/209 780/1250/597 779/1249/218 769/1235/208
f 771/1237/210 781/1251/220 780/1250/597 770/1236/209
f 772/1238/596 782/1252/221 781/1253/220 771/1239/210
f 773/1240/212 783/1254/222 782/1255/221 772/1241/596
f 774/1229/204 784/1243/214 783/1254/222 773/1240/212
f 775/1242/213 785/1256/223 794/1257/224 784/1243/214
f 776/1244/215 786/1258/598 785/1256/223 775/1242/213
f 777/1245/216 787/1259/226 786/1260/598 776/1246/215
f 778/1247/217 788/1261/227 787/1262/226 777/1248/216
f 779/1249/218 789/1263/228 788/1261/227 778/1247/217
f 780/1250/597 790/1264/599 789/1263/228 779/1249/218
f 781/1251/220 791/1265/230 790/1264/599 780/1250/597
f 782/1252/221 792/1266/231 791/1267/230 781/1253/220
f 783/1254/222 793/1268/232 792/1269/231 782/1255/221
f 784/1243/214 794/1257/224 793/1268/232 783/1254/222
f 785/1256/223 795/1270/233 804/1271/234 794/1257/224
f 786/1258/598 796/1272/600 795/1270/233 785/1256/223
f 787/1259/226 797/1273/236 796/1274/600 786/1260/598
f 788/1261/227 798/1275/601 797/1276/236 787/1262/226
f 789/1263/228 799/1277/238 798/1275/601 788/1261/227
f 790/1264/599 800/1278/602 799/1277/238 789/1263/228
f 791/1265/230 801/1279/240 800/1278/602 790/1264/599
f 792/1266/231 802/1280/603 801/1281/240 791/1267/230
f 793/1268/232 803/1282/242 802/1283/603 792/1269/231
f 794/1257/224 804/1271/234 803/1282/242 793/1268/232
f 795/1270/233 805/1284/243 814/1285/244 804/1271/234
f 796/1272/600 806/1286/245 805/1284/243 795/1270/233
f 797/1273/236 807/1287/246 806/1288/245 796/1274/600
f 798/1275/601 808/1289/247 807/1290/246 797/1276/236
f 799/1277/238 809/1291/248 808/1289/247 798/1275/601
f 800/1278/602 810/1292/604 809/1291/248 799/1277/238
f 801/1279/240 811/1293/250 810/1292/604 800/1278/602
f 802/1280/603 812/1294/251 811/1295/250 801/1281/240
f 803/1282/242 813/1296/252 812/1297/251 802/1283/603
f 804/1271/234 814/1285/244 813/1296/252 803/1282/242
f 805/1284/243 815/1298/605 824/1299/254 814/1285/244
f 806/1286/245 816/1300/255 815/1298/605 805/1284/243
f 807/1287/246 817/1301/256 816/1302/255 806/1288/245
f 808/1289/247 818/1303/257 817/1304/256 807/1290/246
f 809/1291/248 819/1305/258 818/1303/257 808/1289/247
f 810/1292/604 820/1306/606 819/1305/258 809/1291/248
f 811/1293/250 821/1307/607 820/1306/606 810/1292/604
f 812/1294/251 822/1308/608 821/1309/607 811/1295/250
f 813/1296/252 823/1310/262 822/1311/608 812/1297/251
f 814/1285/244 824/1299/254 823/1310/262 813/1296/252
f 815/1298/605 825/1312/609 834/1313/264 824/1299/254
f 816/1300/255 826/1314/265 825/1312/609 815/1298/605
f 817/1315/256 827/1316/266 826/1317/265 816/1318/255
f 818/1303/257 828/1319/610 827/1320/266 817/1304/256
f 819/1305/258 829/1321/268 828/1319/610 818/1303/257
f 820/1306/606 830/1322/269 829/1321/268 819/1305/258
f 821/1307/607 831/1323/611 830/1322/269 820/1306/606
f 822/1324/608 832/1325/612 831/1326/611 821/1327/607
f 823/1310/262 833/1328/272 832/1329/612 822/1311/608
f 824/1299/254 834/1313/264 833/1328/272 823/1310/262
f 825/1312/609 835/1330/613 844/1331/274 834/1313/264
f 826/1314/265 836/1332/275 835/1330/613 825/1312/609
f 827/1316/266 837/1333/276 836/1334/275 826/1317/265
f 828/1319/610 838/1335/277 837/1336/276 827/1320/266
f 829/1321/268 839/1337/278 838/1335/277 828/1319/610
f 830/1322/269 840/1338/279 839/1337/278 829/1321/268
f 831/1323/611 841/1339/280 840/1338/279 830/1322/269
f 832/1325/612 842/1340/281 841/1341/280 831/1326/611
f 833/1328/272 843/1342/282 842/1343/281 832/1329/612
f 834/1313/264 844/1331/274 843/1342/282 833/1328/272
f 835/1330/613 845/1344/614 854/1345/284 844/1331/274
f 836/1332/275 846/1346/285 845/1344/614 835/1330/613
f 837/1333/276 847/1347/286 846/1348/285 836/1334/275
f 838/1335/277 848/1349/287 847/1350/286 837/1336/276
f 839/1337/278 849/1351/288 848/1349/287 838/1335/277
f 840/1338/279 850/1352/289 849/1351/288 839/1337/278
f 841/1339/280 851/1353/290 850/1352/289 840/1338/279
f 842/1340/281 852/1354/291 851/1355/290 841/1341/280
f 843/1342/282 853/1356/615 852/1357/291 842/1343/281
f 844/1331/274 854/1345/284 853/1356/615 843/1342/282
f 845/1344/614 855/1358/616 864/1359/294 854/1345/284
f 846/1346/285 856/1360/617 855/1358/616 845/1344/614
f 847/1347/286 857/1361/618 856/1362/617 846/1348/285
f 848/1349/287 858/1363/297 857/1364/618 847/1350/286
f 849/1351/288 859/1365/298 858/1363/297 848/1349/287
f 850/1352/289 860/1366/299 859/1365/298 849/1351/288
f 851/1353/290 861/1367/619 860/1366/299 850/1352/289
f 852/1354/291 862/1368/301 861/1369/619 851/1355/290
f 853/1356/615 863/1370/302 862/1371/301 852/1357/291
f 854/1345/284 864/1359/294 863/1370/302 853/1356/615
f 855/1358/616 865/1372/303 874/1373/304 864/1359/294
f 856/1360/617 866/1374/620 865/1372/303 855/1358/616
f 857/1361/618 867/1375/306 866/1376/620 856/1362/617
f 858/1363/297 868/1377/307 867/1378/306 857/1364/618
f 859/1365/298 869/1379/308 868/1377/307 858/1363/297
f 860/1366/299 870/1380/309 869/1379/308 859/1365/298
f 861/1367/619 871/1381/621 870/1380/309 860/1366/299
f 862/1368/301 872/1382/311 871/1383/621 861/1369/619
f 863/1370/302 873/1384/312 872/1385/311 862/1371/301
f 864/1359/294 874/1373/304 873/1384/312 863/1370/302
f 865/1372/303 875/1386/622 884/1387/314 874/1373/304
f 866/1374/620 876/1388/623 875/1386/622 865/1372/303
f 867/1375/306 877/1389/316 876/1390/623 866/1376/620
f 868/1377/307 878/1391/317 877/1392/316 867/1378/306
f 869/1379/308 879/1393/318 878/1391/317 868/1377/307
f 870/1380/309 880/1394/319 879/1393/318 869/1379/308
f 871/1381/621 881/1395/320 880/1394/319 870/1380/309
f 872/1382/311 882/1396/321 881/1397/320 871/1383/621
f 873/1384/312 883/1398/624 882/1399/321 872/1385/311
f 874/1373/304 884/1387/314 883/1398/624 873/1384/312
f 875/1386/622 885/1400/323 894/1401/324 884/1387/314
f 876/1388/623 886/1402/625 885/1400/323 875/1386/622
f 877/1389/316 887/1403/626 886/1404/625 876/1390/623
f 878/1391/317 888/1405/627 887/1406/626 877/1392/316
f 879/1393/318 889/1407/328 888/1405/627 878/1391/317
f 880/1394/319 890/1408/329 889/1407/328 879/1393/318
f 881/1395/320 891/1409/330 890/1408/329 880/1394/319
f 882/1396/321 892/1410/331 891/1411/330 881/1397/320
f 883/1398/624 893/1412/332 892/1413/331 882/1399/321
f 884/1387/314 894/1401/324 893/1412/332 883/1398/624
f 885/1400/323 895/1414/628 904/1415/334 894/1401/324
f 886/1402/625 896/1416/629 895/1414/628 885/1400/323
f 887/1403/626 897/1417/630 896/1418/629 886/1404/625
f 888/1405/627 898/1419/337 897/1420/630 887/1406/626
f 889/1407/328 899/1421/338 898/1419/337 888/1405/627
f 890/1408/329 900/1422/339 899/1421/338 889/1407/328
f 891/1409/330 901/1423/340 900/1422/339 890/1408/329
f 892/1410/331 902/1424/631 901/1425/340 891/1411/330
f 893/1412/332 903/1426/342 902/1427/631 892/1413/331
f 894/1401/324 904/1415/334 903/1426/342 893/1412/332
f 895/1414/628 905/1428/343 914/1429/344 904/1415/334
f 896/1416/629 906/1430/632 905/1428/343 895/1414/628
f 897/1431/630 907/1431/633 906/1432/632 896/1432/629
f 898/1419/337 908/1433/634 907/1434/633 897/1420/630
f 899/1421/338 909/1435/635 908/1433/634 898/1419/337
f 900/1422/339 910/1436/349 909/1435/635 899/1421/338
f 901/1423/340 911/1437/350 910/1436/349 900/1422/339
f 902/1438/631 912/1439/636 911/1440/350 901/1441/340
f 903/1426/342 913/1442/637 912/1443/636 902/1427/631
f 904/1415/334 914/1429/344 913/1442/637 903/1426/342
f 905/1428/343 915/1444/353 924/1445/354 914/1429/344
f 906/1430/632 916/1446/638 915/1444/353 905/1428/343
f 907/1447/633 917/1448/356 916/1449/638 906/1450/632
f 908/1433/634 918/1451/639 917/1452/356 907/1434/633
f 909/1435/635 919/1453/358 918/1451/639 908/1433/634
f 910/1436/349 920/1454/359 919/1453/358 909/1435/635
f 911/1437/350 921/1455/360 920/1454/359 910/1436/349
f 912/1439/636 922/1456/640 921/1457/360 911/1440/350
f 913/1442/637 923/1458/641 922/1459/640 912/1443/636
f 914/1429/344 924/1445/354 923/1458/641 913/1442/637
f 915/1444/353 925/1460/363 934/1461/364 924/1445/354
f 916/1446/638 926/1462/365 925/1460/363 915/1444/353
f 917/1448/356 927/1463/642 926/1464/365 916/1449/638
f 918/1451/639 928/1465/367 927/1466/642 917/1452/356
f 919/1453/358 929/1467/368 928/1465/367 918/1451/639
f 920/1454/359 930/1468/369 929/1467/368 919/1453/358
f 921/1455/360 931/1469/370 930/1468/369 920/1454/359
f 922/1456/640 932/1470/371 931/1471/370 921/1457/360
f 923/1458/641 933/1472/372 932/1473/371 922/1459/640
f 924/1445/354 934/1461/364 933/1472/372 923/1458/641
f 925/1460/363 935/1474/373 944/1475/374 934/1461/364
f 926/1462/365 936/1476/375 935/1474/373 925/1460/363
f 927/1463/642 937/1477/376 936/1478/375 926/1464/365
f 928/1465/367 938/1479/377 937/1480/376 927/1466/642
f 929/1467/368 939/1481/378 938/1479/377 928/1465/367
f 930/1468/369 940/1482/379 939/1481/378 929/1467/368
f 931/1469/370 941/1483/380 940/1482/379 930/1468/369
f 932/1470/371 942/1484/381 941/1485/380 931/1471/370
f 933/1472/372 943/1486/382 942/1487/381 932/1473/371
f 934/1461/364 944/1475/374 943/1486/382 933/1472/372
f 935/1474/373 945/1488/383 954/1489/384 944/1475/374
f 936/1476/375 946/1490/385 945/1488/383 935/1474/373
f 937/1477/376 947/1491/643 946/1492/385 936/1478/375
f 938/1479/377 948/1493/387 947/1494/643 937/1480/376
f 939/1481/378 949/1495/388 948/1493/387 938/1479/377
f 940/1482/379 950/1496/389 949/1495/388 939/1481/378
f 941/1483/380 951/1497/390 950/1496/389 940/1482/379
f 942/1484/381 952/1498/391 951/1499/390 941/1485/380
f 943/1486/382 953/1500/392 952/1501/391 942/1487/381
f 944/1475/374 954/1489/384 953/1500/392 943/1486/382
f 945/1488/383 955/1502/393 964/1503/394 954/1489/384
f 946/1490/385 956/1504/395 955/1502/393 945/1488/383
f 947/1491/643 957/1505/644 956/1506/395 946/1492/385
f 948/1493/387 958/1507/397 957/1508/644 947/1494/643
f 949/1495/388 959/1509/398 958/1507/397 948/1493/387
f 950/1496/389 960/1510/645 959/1509/398 949/1495/388
f 951/1497/390 961/1511/400 960/1510/645 950/1496/389
f 952/1498/391 962/1512/401 961/1513/400 951/1499/390
f 953/1500/392 963/1514/402 962/1515/401 952/1501/391
f 954/1489/384 964/1503/394 963/1514/402 953/1500/392
f 955/1502/393 965/1516/403 974/1517/404 964/1503/394
f 956/1504/395 966/1518/646 965/1516/403 955/1502/393
f 957/1519/644 967/1520/406 966/1521/646 956/1522/395
f 958/1507/397 968/1523/407 967/1524/406 957/1508/644
f 959/1509/398 969/1525/408 968/1523/407 958/1507/397
f 960/1510/645 970/1526/409 969/1525/408 959/1509/398
f 961/1511/400 971/1527/410 970/1526/409 960/1510/645
f 962/1528/401 972/1529/647 971/1530/410 961/1531/400
f 963/1514/402 973/1532/412 972/1533/647 962/1515/401
f 964/1503/394 974/1517/404 973/1532/412 963/1514/402
f 965/1516/403 975/1534/413 984/1535/414 974/1517/404
f 966/1518/646 976/1536/648 975/1534/413 965/1516/403
f 967/1520/406 977/1537/416 976/1538/648 966/1521/646
f 968/1523/407 978/1539/417 977/1540/416 967/1524/406
f 969/1525/408 979/1541/418 978/1539/417 968/1523/407
f 970/1526/409 980/1542/419 979/1541/418 969/1525/408
f 971/1527/410 981/1543/420 980/1542/419 970/1526/409
f 972/1529/647 982/1544/649 981/1545/420 971/1530/410
f 973/1532/412 983/1546/422 982/1547/649 972/1533/647
f 974/1517/404 984/1535/414 983/1546/422 973/1532/412
f 975/1534/413 985/1548/423 994/1549/424 984/1535/414
f 976/1536/648 986/1550/650 985/1548/423 975/1534/413
f 977/1537/416 987/1551/426 986/1552/650 976/1538/648
f 978/1539/417 988/1553/427 987/1554/426 977/1540/416
f 979/1541/418 989/1555/428 988/1553/427 978/1539/417
f 980/1542/419 990/1556/429 989/1555/428 979/1541/418
f 981/1543/420 991/1557/651 990/1556/429 980/1542/419
f 982/1544/649 992/1558/431 991/1559/651 981/1545/420
f 983/1546/422 993/1560/432 992/1561/431 982/1547/649
f 984/1535/414 994/1549/424 993/1560/432 983/1546/422
f 985/1548/423 995/1562/433 1004/1563/434 994/1549/424
f 986/1550/650 996/1564/435 995/1562/433 985/1548/423
f 987/1551/426 997/1565/652 996/1566/435 986/1552/650
f 988/1553/427 998/1567/437 997/1568/652 987/1554/426
f 989/1555/428 999/1569/438 998/1567/437 988/1553/427
f 990/1556/429 1000/1570/439 999/1569/438 989/1555/428
f 991/1557/651 1001/1571/440 1000/1570/439 990/1556/429
f 992/1558/431 1002/1572/441 1001/1573/440 991/1559/651
f 993/1560/432 1003/1574/442 1002/1575/441 992/1561/431
f 994/1549/424 1004/1563/434 1003/1574/442 993/1560/432
f 995/1562/433 1005/1576/443 1014/1577/653 1004/1563/434
f 996/1564/435 1006/1578/445 1005/1576/443 995/1562/433
f 997/1565/652 1007/1579/446 1006/1580/445 996/1566/435
f 998/1567/437 1008/1581/447 1007/1582/446 997/1568/652
f 999/1569/438 1009/1583/448 1008/1581/447 998/1567/437
f 1000/1570/439 1010/1584/449 1009/1583/448 999/1569/438
f 1001/1571/440 1011/1585/450 1010/1584/449 1000/1570/439
f 1002/1572/441 1012/1586/451 1011/1587/450 1001/1573/440
f 1003/1574/442 1013/1588/452 1012/1589/451 1002/1575/441
f 1004/1563/434 1014/1577/653 1013/1588/452 1003/1574/442
f 1005/1576/443 1015/1590/453 1024/1591/454 1014/1577/653
f 1006/1578/445 1016/1592/455 1015/1590/453 1005/1576/443
f 1007/1579/446 1017/1593/456 1016/1594/455 1006/1580/445
f 1008/1581/447 1018/1595/654 1017/1596/456 1007/1582/446
f 1009/1583/448 1019/1597/458 1018/1595/654 1008/1581/447
f 1010/1584/449 1020/1598/655 1019/1597/458 1009/1583/448
f 1011/1585/450 1021/1599/460 1020/1598/655 1010/1584/449
f 1012/1586/451 1022/1600/461 1021/1601/460 1011/1587/450
f 1013/1588/452 1023/1602/656 1022/1603/461 1012/1589/451
f 1014/1577/653 1024/1591/454 1023/1602/656 1013/1588/452
f 1015/1590/453 1025/1604/463 1034/1605/464 1024/1591/454
f 1016/1592/455 1026/1606/465 1025/1604/463 1015/1590/453
f 1017/1593/456 1027/1607/466 1026/1608/465 1016/1594/455
f 1018/1595/654 1028/1609/467 1027/1610/466 1017/1596/456
f 1019/1597/458 1029/1611/468 1028/1609/467 1018/1595/654
f 1020/1598/655 1030/1612/657 1029/1611/468 1019/1597/458
f 1021/1599/460 1031/1613/470 1030/1612/657 1020/1598/655
f 1022/1600/461 1032/1614/471 1031/1615/470 1021/1601/460
f 1023/1602/656 1033/1616/658 1032/1617/471 1022/1603/461
f 1024/1591/454 1034/1605/464 1033/1616/658 1023/1602/656
f 1025/1604/463 1035/1618/473 1044/1619/474 1034/1605/464
f 1026/1606/465 1036/1620/659 1035/1618/473 1025/1604/463
f 1027/1607/466 1037/1621/476 1036/1622/659 1026/1608/465
f 1028/1609/467 1038/1623/477 1037/1624/476 1027/1610/466
f 1029/1611/468 1039/1625/478 1038/1623/477 1028/1609/467
f 1030/1612/657 1040/1626/479 1039/1625/478 1029/1611/468
f 1031/1613/470 1041/1627/480 1040/1626/479 1030/1612/657
f 1032/1614/471 1042/1628/481 1041/1629/480 1031/1615/470
f 1033/1616/658 1043/1630/660 1042/1631/481 1032/1617/471
f 1034/1605/464 1044/1619/474 1043/1630/660 1033/1616/658
f 1035/1618/473 1045/1632/661 1054/1633/484 1044/1619/474
f 1036/1620/659 1046/1634/485 1045/1632/661 1035/1618/473
f 1037/1621/476 1047/1635/486 1046/1636/485 1036/1622/659
f 1038/1623/477 1048/1637/487 1047/1638/486 1037/1624/476
f 1039/1625/478 1049/1639/662 1048/1637/487 1038/1623/477
f 1040/1626/479 1050/1640/663 1049/1639/662 1039/1625/478
f 1041/1627/480 1051/1641/490 1050/1640/663 1040/1626/479
f 1042/1628/481 1052/1642/664 1051/1643/490 1041/1629/480
f 1043/1630/660 1053/1644/492 1052/1645/664 1042/1631/481
f 1044/1619/474 1054/1633/484 1053/1644/492 1043/1630/660
f 1045/1632/661 1055/1646/493 1064/1647/494 1054/1633/484
f 1046/1634/485 1056/1648/495 1055/1646/493 1045/1632/661
f 1047/1635/486 1057/1649/496 1056/1650/495 1046/1636/485
f 1048/1637/487 1058/1651/497 1057/1652/496 1047/1638/486
f 1049/1639/662 1059/1653/498 1058/1651/497 1048/1637/487
f 1050/1640/663 1060/1654/499 1059/1653/498 1049/1639/662
f 1051/1641/490 1061/1655/665 1060/1654/499 1050/1640/663
f 1052/1642/664 1062/1656/501 1061/1657/665 1051/1643/490
f 1053/1644/492 1063/1658/502 1062/1659/501 1052/1645/664
f 1054/1633/484 1064/1647/494 1063/1658/502 1053/1644/492
f 1055/1646/493 1065/1660/503 1074/1661/504 1064/1647/494
f 1056/1648/495 1066/1662/666 1065/1660/503 1055/1646/493
f 1057/1649/496 1067/1663/506 1066/1664/666 1056/1650/495
f 1058/1651/497 1068/1665/667 1067/1666/506 1057/1652/496
f 1059/1653/498 1069/1667/508 1068/1665/667 1058/1651/497
f 1060/1654/499 1070/1668/509 1069/1667/508 1059/1653/498
f 1061/1655/665 1071/1669/668 1070/1668/509 1060/1654/499
f 1062/1656/501 1072/1670/669 1071/1671/668 1061/1657/665
f 1063/1658/502 1073/1672/512 1072/1673/669 1062/1659/501
f 1064/1647/494 1074/1661/504 1073/1672/512 1063/1658/502
f 1065/1660/503 1075/1674/513 1084/1675/514 1074/1661/504
f 1066/1662/666 1076/1676/515 1075/1674/513 1065/1660/503
f 1067/1663/506 1077/1677/516 1076/1678/515 1066/1664/666
f 1068/1665/667 1078/1679/670 1077/1680/516 1067/1666/506
f 1069/1667/508 1079/1681/518 1078/1679/670 1068/1665/667
f 1070/1668/509 1080/1682/519 1079/1681/518 1069/1667/508
f 1071/1669/668 1081/1683/520 1080/1682/519 1070/1668/509
f 1072/1670/669 1082/1684/521 1081/1685/520 1071/1671/668
f 1073/1672/512 1083/1686/522 1082/1687/521 1072/1673/669
f 1074/1661/504 1084/1675/514 1083/1686/522 1073/1672/512
f 1075/1674/513 1085/1688/523 1094/1689/524 1084/1675/514
f 1076/1676/515 1086/1690/525 1085/1688/523 1075/1674/513
f 1077/1677/516 1087/1691/671 1086/1692/525 1076/1678/515
f 1078/1679/670 1088/1693/672 1087/1694/671 1077/1680/516
f 1079/1681/518 1089/1695/528 1088/1693/672 1078/1679/670
f 1080/1682/519 1090/1696/529 1089/1695/528 1079/1681/518
f 1081/1683/520 1091/1697/673 1090/1696/529 1080/1682/519
f 1082/1684/521 1092/1698/674 1091/1699/673 1081/1685/520
f 1083/1686/522 1093/1700/532 1092/1701/674 1082/1687/521
f 1084/1675/514 1094/1689/524 1093/1700/532 1083/1686/522
f 1085/1688/523 1095/1702/533 1104/1703/675 1094/1689/524
f 1086/1690/525 1096/1704/535 1095/1702/533 1085/1688/523
f 1087/1691/671 1097/1705/676 1096/1706/535 1086/1692/525
f 1088/1693/672 1098/1707/537 1097/1708/676 1087/1694/671
f 1089/1695/528 1099/1709/538 1098/1707/537 1088/1693/672
f 1090/1696/529 1100/1710/539 1099/1709/538 1089/1695/528
f 1091/1697/673 1101/1711/540 1100/1710/539 1090/1696/529
f 1092/1698/674 1102/1712/541 1101/1713/540 1091/1699/673
f 1093/1700/532 1103/1714/542 1102/1715/541 1092/1701/674
f 1094/1689/524 1104/1703/675 1103/1714/542 1093/1700/532
f 1095/1702/533 1105/1716/543 1114/1717/544 1104/1703/675
f 1096/1704/535 1106/1718/545 1105/1716/543 1095/1702/533
f 1097/1719/676 1107/1720/546 1106/1721/545 1096/1722/535
f 1098/1707/537 1108/1723/677 1107/1724/546 1097/1708/676
f 1099/1709/538 1109/1725/548 1108/1723/677 1098/1707/537
f 1100/1710/539 1110/1726/549 1109/1725/548 1099/1709/538
f 1101/1711/540 1111/1727/550 1110/1726/549 1100/1710/539
f 1102/1712/541 1112/1728/678 1111/1729/550 1101/1713/540
f 1103/1714/542 1113/1730/552 1112/1731/678 1102/1715/541
f 1104/1703/675 1114/1717/544 1113/1730/552 1103/1714/542
f 1105/1716/543 1115/1732/553 1124/1733/554 1114/1717/544
f 1106/1718/545 1116/1734/555 1115/1732/553 1105/1716/543
f 1107/1720/546 1117/1735/556 1116/1736/555 1106/1721/545
f 1108/1723/677 1118/1737/557 1117/1738/556 1107/1724/546
f 1109/1725/548 1119/1739/558 1118/1737/557 1108/1723/677
f 1110/1726/549 1120/1740/679 1119/1739/558 1109/1725/548
f 1111/1727/550 1121/1741/560 1120/1740/679 1110/1726/549
f 1112/1742/678 1122/1743/561 1121/1744/560 1111/1745/550
f 1113/1730/552 1123/1746/562 1122/1747/561 1112/1731/678
f 1114/1717/544 1124/1733/554 1123/1746/562 1113/1730/552
