# Blender v2.75 (sub 0) OBJ File: 'base cristo.blend'
# www.blender.org
mtllib base_cristo.mtl
o Cylinder
v 0.000000 -0.235100 -2.628045
v 0.000000 0.235100 -2.628045
v 0.512706 -0.235100 -2.577548
v 0.512706 0.235100 -2.577548
v 1.005709 -0.235100 -2.427997
v 1.005709 0.235100 -2.427997
v 1.460064 -0.235100 -2.185140
v 1.460064 0.235100 -2.185140
v 1.858309 -0.235100 -1.858309
v 1.858309 0.235100 -1.858309
v 2.185140 -0.235100 -1.460064
v 2.185140 0.235100 -1.460064
v 2.427997 -0.235100 -1.005709
v 2.427997 0.235100 -1.005709
v 2.577548 -0.235100 -0.512706
v 2.577548 0.235100 -0.512706
v 2.628045 -0.235100 -0.000000
v 2.628045 0.235100 -0.000000
v 2.577548 -0.235100 0.512706
v 2.577548 0.235100 0.512706
v 2.427997 -0.235100 1.005709
v 2.427997 0.235100 1.005709
v 2.185140 -0.235100 1.460064
v 2.185140 0.235100 1.460064
v 1.858309 -0.235100 1.858309
v 1.858309 0.235100 1.858309
v 1.460064 -0.235100 2.185140
v 1.460064 0.235100 2.185140
v 1.005709 -0.235100 2.427998
v 1.005709 0.235100 2.427998
v 0.512706 -0.235100 2.577548
v 0.512706 0.235100 2.577548
v -0.000001 -0.235100 2.628045
v -0.000001 0.235100 2.628045
v -0.512707 -0.235100 2.577548
v -0.512707 0.235100 2.577548
v -1.005711 -0.235100 2.427997
v -1.005711 0.235100 2.427997
v -1.460065 -0.235100 2.185139
v -1.460065 0.235100 2.185139
v -1.858310 -0.235100 1.858307
v -1.858310 0.235100 1.858307
v -2.185141 -0.235100 1.460062
v -2.185141 0.235100 1.460062
v -2.427998 -0.235100 1.005707
v -2.427998 0.235100 1.005707
v -2.577549 -0.235100 0.512704
v -2.577549 0.235100 0.512704
v -2.628045 -0.235100 -0.000003
v -2.628045 0.235100 -0.000003
v -2.577548 -0.235100 -0.512709
v -2.577548 0.235100 -0.512709
v -2.427996 -0.235100 -1.005712
v -2.427996 0.235100 -1.005712
v -2.185138 -0.235100 -1.460066
v -2.185138 0.235100 -1.460066
v -1.858306 -0.235100 -1.858311
v -1.858306 0.235100 -1.858311
v -1.460061 -0.235100 -2.185142
v -1.460061 0.235100 -2.185142
v -1.005706 -0.235100 -2.427999
v -1.005706 0.235100 -2.427999
v -0.512702 -0.235100 -2.577549
v -0.512702 0.235100 -2.577549
vn 0.098000 0.000000 -0.995200
vn 0.290300 0.000000 -0.956900
vn 0.471400 0.000000 -0.881900
vn 0.634400 0.000000 -0.773000
vn 0.773000 0.000000 -0.634400
vn 0.881900 0.000000 -0.471400
vn 0.956900 0.000000 -0.290300
vn 0.995200 0.000000 -0.098000
vn 0.995200 0.000000 0.098000
vn 0.956900 0.000000 0.290300
vn 0.881900 0.000000 0.471400
vn 0.773000 0.000000 0.634400
vn 0.634400 0.000000 0.773000
vn 0.471400 0.000000 0.881900
vn 0.290300 0.000000 0.956900
vn 0.098000 0.000000 0.995200
vn -0.098000 0.000000 0.995200
vn -0.290300 0.000000 0.956900
vn -0.471400 0.000000 0.881900
vn -0.634400 0.000000 0.773000
vn -0.773000 0.000000 0.634400
vn -0.881900 0.000000 0.471400
vn -0.956900 0.000000 0.290300
vn -0.995200 0.000000 0.098000
vn -0.995200 0.000000 -0.098000
vn -0.956900 0.000000 -0.290300
vn -0.881900 0.000000 -0.471400
vn -0.773000 0.000000 -0.634400
vn -0.634400 0.000000 -0.773000
vn -0.471400 0.000000 -0.881900
vn 0.000000 1.000000 0.000000
vn -0.098000 0.000000 -0.995200
vn -0.290300 0.000000 -0.956900
vn 0.000000 -1.000000 0.000000
usemtl None
s off
f 1//1 2//1 4//1 3//1
f 3//2 4//2 6//2 5//2
f 5//3 6//3 8//3 7//3
f 7//4 8//4 10//4 9//4
f 9//5 10//5 12//5 11//5
f 11//6 12//6 14//6 13//6
f 13//7 14//7 16//7 15//7
f 15//8 16//8 18//8 17//8
f 17//9 18//9 20//9 19//9
f 19//10 20//10 22//10 21//10
f 21//11 22//11 24//11 23//11
f 23//12 24//12 26//12 25//12
f 25//13 26//13 28//13 27//13
f 27//14 28//14 30//14 29//14
f 29//15 30//15 32//15 31//15
f 31//16 32//16 34//16 33//16
f 33//17 34//17 36//17 35//17
f 35//18 36//18 38//18 37//18
f 37//19 38//19 40//19 39//19
f 39//20 40//20 42//20 41//20
f 41//21 42//21 44//21 43//21
f 43//22 44//22 46//22 45//22
f 45//23 46//23 48//23 47//23
f 47//24 48//24 50//24 49//24
f 49//25 50//25 52//25 51//25
f 51//26 52//26 54//26 53//26
f 53//27 54//27 56//27 55//27
f 55//28 56//28 58//28 57//28
f 57//29 58//29 60//29 59//29
f 59//30 60//30 62//30 61//30
f 4//31 2//31 64//31 62//31 60//31 58//31 56//31 54//31 52//31 50//31 48//31 46//31 44//31 42//31 40//31 38//31 36//31 34//31 32//31 30//31 28//31 26//31 24//31 22//31 20//31 18//31 16//31 14//31 12//31 10//31 8//31 6//31
f 63//32 64//32 2//32 1//32
f 61//33 62//33 64//33 63//33
f 1//34 3//34 5//34 7//34 9//34 11//34 13//34 15//34 17//34 19//34 21//34 23//34 25//34 27//34 29//34 31//34 33//34 35//34 37//34 39//34 41//34 43//34 45//34 47//34 49//34 51//34 53//34 55//34 57//34 59//34 61//34 63//34
o Cylinder.007_Cylinder.016
v 1.482120 0.319411 2.382007
v 1.486194 0.319411 2.441455
v 1.486194 -0.241723 2.441455
v 1.482120 -0.241723 2.382007
v 1.482755 -0.256786 2.384348
v 1.278420 0.319411 2.105819
v 1.274798 0.319411 2.103743
v 1.208171 0.319411 2.081346
v 1.138453 0.319411 2.072378
v 1.068326 0.319411 2.077183
v 1.000484 0.319411 2.095577
v 0.937534 0.319411 2.126853
v 0.881895 0.319411 2.169810
v 0.835706 0.319411 2.222795
v 0.800741 0.319411 2.283773
v 0.778344 0.319411 2.350401
v 0.769376 0.319411 2.420119
v 0.769462 0.319411 2.421369
v 0.775236 0.319411 2.432666
v 0.777716 0.319411 2.434088
v 0.777988 0.319411 2.438050
v 0.797753 0.319411 2.476718
v 0.847242 0.319411 2.651335
v 0.866808 0.319411 2.676677
v 0.919793 0.319411 2.722866
v 0.980772 0.319411 2.757831
v 1.047399 0.319411 2.780228
v 1.117116 0.319411 2.789196
v 1.187244 0.319411 2.784390
v 1.255086 0.319411 2.765996
v 1.318036 0.319411 2.734720
v 1.373675 0.319411 2.691764
v 1.419864 0.319411 2.638779
v 1.454829 0.319411 2.577800
v 1.477226 0.319411 2.511172
v 1.464538 0.319411 2.317161
v 1.433564 0.319411 2.254819
v 1.391023 0.319411 2.199717
v 1.338550 0.319411 2.153974
v 1.279395 0.319411 2.120055
v 1.477226 -0.241723 2.511172
v 1.454829 -0.241723 2.577800
v 1.419864 -0.241723 2.638779
v 1.373675 -0.241723 2.691764
v 1.318036 -0.241723 2.734720
v 1.255086 -0.241723 2.765996
v 1.187244 -0.241723 2.784390
v 1.117116 -0.241723 2.789196
v 1.047399 -0.241723 2.780228
v 0.980772 -0.241723 2.757831
v 0.919793 -0.241723 2.722866
v 0.866808 -0.241723 2.676677
v 0.847242 -0.241723 2.651335
v 0.797753 -0.241723 2.476718
v 0.777988 -0.241723 2.438050
v 0.777716 -0.241723 2.434088
v 0.775236 -0.241723 2.432666
v 0.769462 -0.241723 2.421369
v 0.769376 -0.241723 2.420119
v 0.778344 -0.241723 2.350401
v 0.800741 -0.241723 2.283773
v 0.835706 -0.241723 2.222795
v 0.881895 -0.241723 2.169810
v 0.937534 -0.241723 2.126853
v 1.000484 -0.241723 2.095577
v 1.068326 -0.241723 2.077183
v 1.138453 -0.241723 2.072378
v 1.208171 -0.241723 2.081346
v 1.274798 -0.241723 2.103743
v 1.278420 -0.241723 2.105819
v 1.279395 -0.241723 2.120055
v 1.338550 -0.241723 2.153974
v 1.391023 -0.241723 2.199717
v 1.433564 -0.241723 2.254819
v 1.464538 -0.241723 2.317161
v 1.464538 -0.256786 2.317161
v 1.482755 0.527754 2.384348
v 1.279395 0.527754 2.120055
v 1.274798 0.235100 2.103743
v 1.278420 0.235100 2.105819
v 1.208171 0.235100 2.081346
v 1.138453 0.235100 2.072378
v 1.068326 0.235100 2.077183
v 1.000484 0.235100 2.095577
v 0.937534 0.235100 2.126853
v 0.881895 0.235100 2.169810
v 0.835706 0.235100 2.222795
v 0.800741 0.235100 2.283773
v 0.778344 0.235100 2.350401
v 0.769376 0.235100 2.420119
v 0.769462 0.235100 2.421369
v 0.775236 0.460509 2.432666
v 0.777716 0.527754 2.434088
v 0.777988 0.527754 2.438050
v 0.847517 0.527754 2.652303
v 1.464538 0.527754 2.317161
v 1.433564 0.527754 2.254819
v 1.391023 0.527754 2.199717
v 1.338550 0.527754 2.153974
v 0.847517 -0.256786 2.652303
v 0.777988 -0.256786 2.438050
v 0.777716 -0.256786 2.434088
v 0.775236 -0.251924 2.432666
v 0.769376 -0.235100 2.420119
v 0.769462 -0.235100 2.421369
v 0.778344 -0.235100 2.350401
v 0.800741 -0.235100 2.283773
v 0.835706 -0.235100 2.222795
v 0.881895 -0.235100 2.169810
v 0.937534 -0.235100 2.126853
v 1.000484 -0.235100 2.095577
v 1.068326 -0.235100 2.077183
v 1.138453 -0.235100 2.072378
v 1.208171 -0.235100 2.081346
v 1.274798 -0.235100 2.103743
v 1.278420 -0.235100 2.105819
v 1.279395 -0.256786 2.120055
v 1.338550 -0.256786 2.153974
v 1.391023 -0.256786 2.199717
v 1.433564 -0.256786 2.254819
v 1.489581 -0.256786 2.219754
v 1.526319 -0.256786 2.293698
v 1.547926 -0.256786 2.373389
v 1.553571 -0.256786 2.455764
v 1.543036 -0.256786 2.537657
v 1.516728 -0.256786 2.615921
v 1.475657 -0.256786 2.687549
v 1.421400 -0.256786 2.749788
v 1.356044 -0.256786 2.800246
v 1.282100 -0.256786 2.836985
v 1.202410 -0.256786 2.858592
v 1.120035 -0.256786 2.864236
v 1.038142 -0.256786 2.853702
v 0.959877 -0.256786 2.827394
v 0.888249 -0.256786 2.786323
v 0.858835 -0.256786 2.760681
v 0.851207 -0.256786 2.665324
v 0.874110 -0.256786 2.686747
v 0.926583 -0.256786 2.732491
v 0.986973 -0.256786 2.767118
v 1.052958 -0.256786 2.789298
v 1.122001 -0.256786 2.798179
v 1.191451 -0.256786 2.793421
v 1.258638 -0.256786 2.775204
v 1.320980 -0.256786 2.744230
v 1.376081 -0.256786 2.701688
v 1.421824 -0.256786 2.649215
v 1.456452 -0.256786 2.588825
v 1.478632 -0.256786 2.522841
v 1.487514 -0.256786 2.453797
v 1.487514 0.527754 2.453797
v 1.274734 0.527754 2.052026
v 1.277880 0.235100 2.097948
v 0.760796 0.235100 2.404417
v 0.708531 0.555287 2.302165
v 0.775236 0.527754 2.432666
v 0.797753 0.555287 2.476718
v 1.489581 0.527754 2.219754
v 1.439123 0.527754 2.154399
v 1.376884 0.527754 2.100143
v 1.305256 0.527754 2.059071
v 1.273774 0.527754 2.048488
v 0.797753 -0.273435 2.476718
v 0.775236 -0.256786 2.432666
v 0.708531 -0.273435 2.302165
v 0.712471 -0.235100 2.309873
v 1.274734 -0.256786 2.052026
v 1.274873 -0.235100 2.054051
v 1.273774 -0.256786 2.048488
v 1.305256 -0.256786 2.059071
v 1.376884 -0.256786 2.100143
v 1.439123 -0.256786 2.154399
v 1.526319 0.527754 2.293698
v 1.547926 0.527754 2.373389
v 1.553571 0.527754 2.455764
v 1.543036 0.527754 2.537657
v 1.516728 0.527754 2.615921
v 1.475657 0.527754 2.687549
v 1.421400 0.527754 2.749788
v 1.356044 0.527754 2.800246
v 1.282100 0.527754 2.836985
v 1.202410 0.527754 2.858592
v 1.120035 0.527754 2.864236
v 1.038142 0.527754 2.853702
v 0.959877 0.527754 2.827394
v 0.888249 0.527754 2.786323
v 0.858835 0.527754 2.760681
v 0.851207 -0.273435 2.665324
v 0.874110 0.527754 2.686747
v 0.926583 0.527754 2.732491
v 0.986973 0.527754 2.767118
v 1.052958 0.527754 2.789298
v 1.122001 0.527754 2.798179
v 1.191451 0.527754 2.793421
v 1.258638 0.527754 2.775204
v 1.320980 0.527754 2.744230
v 1.376081 0.527754 2.701688
v 1.421824 0.527754 2.649215
v 1.456452 0.527754 2.588825
v 1.478632 0.527754 2.522841
v 0.851207 0.527754 2.665324
v 1.274734 0.235100 2.052026
v 0.708531 0.235100 2.302165
v 0.851207 0.555287 2.665324
v 1.439123 -0.235100 2.154399
v 1.461773 -0.235100 2.183737
v 1.461773 0.235100 2.183737
v 1.439123 0.235100 2.154399
v 1.376884 0.235100 2.100143
v 1.305256 0.235100 2.059071
v 1.273774 0.235100 2.048488
v 0.708531 -0.235100 2.302165
v 1.274734 -0.235100 2.052026
v 1.273774 -0.235100 2.048488
v 1.305256 -0.235100 2.059071
v 1.376884 -0.235100 2.100143
v 0.866839 -0.273435 2.860733
v 0.659633 0.555287 2.240303
v 0.659633 0.235100 2.240303
v 0.866839 0.555287 2.860733
v 0.656955 0.555287 2.248583
v 0.578032 0.555287 2.389937
v 0.651716 0.555287 2.534092
v 0.696783 0.555287 2.693105
v 0.709962 0.555287 2.857853
v 0.690747 0.555287 3.022009
v 0.709962 -0.273435 2.857853
v 0.696783 -0.273435 2.693105
v 0.651716 -0.273435 2.534092
v 0.578032 -0.273435 2.389937
v 0.656955 -0.273435 2.248583
v 0.659633 -0.273435 2.240303
v 0.659633 -0.235100 2.240303
v 0.656955 0.235100 2.248583
v 0.639877 0.555287 3.179261
v 0.559305 0.555287 3.323567
v 0.452129 0.555287 3.449383
v 0.322467 0.555287 3.551870
v 0.175302 0.555287 3.627094
v 0.016289 0.555287 3.672161
v -0.148461 0.555287 3.685340
v -0.312616 0.555287 3.666125
v -0.469868 0.555287 3.615255
v -0.614174 0.555287 3.534683
v -0.739989 0.555287 3.427507
v -0.842478 0.555287 3.297845
v -0.917701 0.555287 3.150679
v -0.962768 0.555287 2.991667
v -0.975948 0.555287 2.826917
v -1.132824 0.555287 2.824039
v -1.117192 0.555287 3.019449
v -1.063738 0.555287 3.208054
v -0.974515 0.555287 3.382607
v -0.852954 0.555287 3.536400
v -0.703724 0.555287 3.663522
v -0.532562 0.555287 3.759089
v -0.346044 0.555287 3.819427
v -0.151340 0.555287 3.842217
v 0.044071 0.555287 3.826586
v 0.232676 0.555287 3.773130
v 0.407229 0.555287 3.683908
v 0.561022 0.555287 3.562346
v 0.688144 0.555287 3.413116
v 0.783711 0.555287 3.241954
v 0.844048 0.555287 3.055437
v 0.594547 0.335211 2.360357
v 0.651716 0.335211 2.534092
v 0.578032 0.335211 2.389937
v 0.696783 0.335211 2.693105
v 0.709962 0.335211 2.857853
v 0.690747 0.335211 3.022009
v 0.844048 -0.273435 3.055437
v 0.783711 -0.273435 3.241954
v 0.688144 -0.273435 3.413116
v 0.561022 -0.273435 3.562346
v 0.407229 -0.273435 3.683908
v 0.232676 -0.273435 3.773130
v 0.044071 -0.273435 3.826586
v -0.151340 -0.273435 3.842217
v -0.346044 -0.273435 3.819427
v -0.532562 -0.273435 3.759089
v -0.703724 -0.273435 3.663522
v -0.852954 -0.273435 3.536400
v -0.974515 -0.273435 3.382607
v -1.063738 -0.273435 3.208054
v -1.117192 -0.273435 3.019449
v -1.132824 -0.273435 2.824039
v -0.975948 -0.273435 2.826917
v -0.962768 -0.273435 2.991667
v -0.917701 -0.273435 3.150679
v -0.842478 -0.273435 3.297845
v -0.739989 -0.273435 3.427507
v -0.614174 -0.273435 3.534683
v -0.469868 -0.273435 3.615255
v -0.312616 -0.273435 3.666125
v -0.148461 -0.273435 3.685340
v 0.016289 -0.273435 3.672161
v 0.175302 -0.273435 3.627094
v 0.322467 -0.273435 3.551870
v 0.452129 -0.273435 3.449383
v 0.559305 -0.273435 3.323567
v 0.639877 -0.273435 3.179261
v 0.690747 -0.273435 3.022009
v 0.709962 -0.257523 2.857853
v 0.696783 -0.257523 2.693105
v 0.651716 -0.257523 2.534092
v 0.578032 -0.257523 2.389937
v 0.594547 -0.257523 2.360357
v 0.656955 -0.235100 2.248583
v 0.604812 0.235100 2.341973
v 0.641649 0.335211 3.173783
v -0.902996 0.555287 2.211628
v -0.954129 0.555287 2.271654
v -1.049696 0.555287 2.442816
v -1.110034 0.555287 2.629333
v -0.956733 0.555287 2.662762
v -0.905862 0.555287 2.505510
v -0.826939 0.555287 2.364156
v -0.900623 0.555287 2.220002
v 0.590036 0.335211 2.351532
v 0.486549 0.335211 2.220605
v 0.359507 0.335211 2.112384
v 0.213794 0.335211 2.031026
v 0.055008 0.335211 1.979659
v -0.110748 0.335211 1.960257
v -0.277105 0.335211 1.973564
v -0.437668 0.335211 2.019071
v -0.586269 0.335211 2.095028
v -0.717196 0.335211 2.198516
v -0.825418 0.335211 2.325557
v -0.836512 0.335211 2.345428
v -0.826939 0.335211 2.364156
v -0.905862 0.335211 2.505510
v -0.956733 0.335211 2.662762
v -0.975418 0.335211 2.822392
v -0.964236 0.335211 2.962170
v -0.918729 0.335211 3.122733
v -0.842772 0.335211 3.271334
v -0.739285 0.335211 3.402260
v -0.612243 0.335211 3.510482
v -0.466529 0.335211 3.591839
v -0.307744 0.335211 3.643206
v -0.141987 0.335211 3.662608
v 0.024369 0.335211 3.649300
v 0.184932 0.335211 3.603793
v 0.333533 0.335211 3.527837
v 0.464459 0.335211 3.424349
v 0.572681 0.335211 3.297307
v -0.826939 -0.273435 2.364156
v -0.905862 -0.273435 2.505510
v -0.956733 -0.273435 2.662762
v -1.110034 -0.273435 2.629333
v -1.049696 -0.273435 2.442816
v -0.954129 -0.273435 2.271654
v -0.902996 -0.273435 2.211628
v -0.900623 -0.273435 2.220002
v 0.641649 -0.257523 3.173783
v 0.690747 -0.257523 3.022009
v 0.572681 -0.257523 3.297307
v 0.464459 -0.257523 3.424349
v 0.333533 -0.257523 3.527837
v 0.184932 -0.257523 3.603793
v 0.024369 -0.257523 3.649300
v -0.141987 -0.257523 3.662608
v -0.307744 -0.257523 3.643206
v -0.466529 -0.257523 3.591839
v -0.612243 -0.257523 3.510482
v -0.739285 -0.257523 3.402260
v -0.842772 -0.257523 3.271334
v -0.918729 -0.257523 3.122733
v -0.964236 -0.257523 2.962170
v -0.975418 -0.257523 2.822392
v -0.956733 -0.257523 2.662762
v -0.905862 -0.257523 2.505510
v -0.826939 -0.257523 2.364156
v -0.836512 -0.257523 2.345428
v -0.825418 -0.257523 2.325557
v -0.717196 -0.257523 2.198516
v -0.586269 -0.257523 2.095028
v -0.437668 -0.257523 2.019071
v -0.277105 -0.257523 1.973564
v -0.110748 -0.257523 1.960257
v 0.055008 -0.257523 1.979659
v 0.213794 -0.257523 2.031026
v 0.359507 -0.257523 2.112384
v 0.486549 -0.257523 2.220605
v 0.590036 -0.257523 2.351532
v 0.594547 -0.235100 2.360357
v 0.653024 -0.235100 2.255623
v 0.594547 0.235100 2.360357
v -0.902996 0.235100 2.211628
v -0.900623 0.235100 2.220002
v -0.954129 0.235100 2.271654
v -1.001709 0.319411 2.356871
v -1.110034 0.319411 2.629333
v -1.049696 0.319411 2.442816
v -1.121616 0.527754 2.728287
v 0.590036 0.235100 2.351532
v 0.486549 0.235100 2.220605
v 0.359507 0.235100 2.112384
v 0.213794 0.235100 2.031026
v 0.055008 0.235100 1.979659
v -0.110748 0.235100 1.960257
v -0.277105 0.235100 1.973564
v -0.437668 0.235100 2.019071
v -0.586269 0.235100 2.095028
v -0.717196 0.235100 2.198516
v -0.825418 0.235100 2.325557
v -0.836512 0.235100 2.345428
v -1.121616 -0.256786 2.728287
v -1.110034 -0.241723 2.629333
v -1.049696 -0.241723 2.442816
v -1.001709 -0.241723 2.356871
v -0.954129 -0.235100 2.271654
v -0.902996 -0.235100 2.211628
v -0.900623 -0.235100 2.220002
v -0.825418 -0.235100 2.325557
v -0.836512 -0.235100 2.345428
v -0.717196 -0.235100 2.198516
v -0.586269 -0.235100 2.095028
v -0.437668 -0.235100 2.019071
v -0.277105 -0.235100 1.973564
v -0.110748 -0.235100 1.960257
v 0.055008 -0.235100 1.979659
v 0.213794 -0.235100 2.031026
v 0.359507 -0.235100 2.112384
v 0.486549 -0.235100 2.220605
v 0.590036 -0.235100 2.351532
v -0.847057 0.235100 2.324798
v -0.994942 0.235100 2.344752
v -1.001751 0.319411 2.344439
v -1.015700 0.319411 2.275545
v -1.042822 0.319411 2.210696
v -1.082073 0.319411 2.152385
v -1.131947 0.319411 2.102852
v -1.190525 0.319411 2.064000
v -1.255558 0.319411 2.037322
v -1.324545 0.319411 2.023845
v -1.394836 0.319411 2.024086
v -1.463730 0.319411 2.038034
v -1.472573 0.319411 2.041733
v -1.474272 0.319411 2.050427
v -1.537180 0.319411 2.076737
v -1.594928 0.319411 2.115610
v -1.642631 0.319411 2.163640
v -1.675275 0.319411 2.212860
v -1.701952 0.319411 2.277892
v -1.715430 0.319411 2.346880
v -1.715189 0.319411 2.417171
v -1.701240 0.319411 2.486064
v -1.674119 0.319411 2.550913
v -1.634867 0.319411 2.609225
v -1.584994 0.319411 2.658758
v -1.526415 0.319411 2.697609
v -1.461383 0.319411 2.724286
v -1.392395 0.319411 2.737764
v -1.322104 0.319411 2.737524
v -1.253211 0.319411 2.723574
v -1.198237 0.319411 2.700583
v -1.142501 0.319411 2.663064
v -1.110172 0.319411 2.630514
v -1.110172 0.527754 2.630514
v -1.113725 0.527754 2.660872
v -0.896585 -0.235100 2.227902
v -1.110172 -0.256786 2.630514
v -1.198237 -0.241723 2.700583
v -1.253211 -0.241723 2.723574
v -1.322104 -0.241723 2.737524
v -1.392395 -0.241723 2.737764
v -1.461383 -0.241723 2.724286
v -1.526415 -0.241723 2.697609
v -1.584994 -0.241723 2.658758
v -1.634867 -0.241723 2.609225
v -1.674119 -0.241723 2.550913
v -1.701240 -0.241723 2.486064
v -1.715189 -0.241723 2.417171
v -1.715430 -0.241723 2.346880
v -1.701952 -0.241723 2.277892
v -1.675275 -0.241723 2.212860
v -1.642631 -0.241723 2.163640
v -1.594928 -0.241723 2.115610
v -1.537180 -0.241723 2.076737
v -1.474272 -0.241723 2.050427
v -1.472573 -0.241723 2.041733
v -1.463730 -0.241723 2.038034
v -1.394836 -0.241723 2.024086
v -1.324545 -0.241723 2.023845
v -1.255558 -0.241723 2.037322
v -1.190525 -0.241723 2.064000
v -1.131947 -0.241723 2.102852
v -1.082073 -0.241723 2.152385
v -1.042822 -0.241723 2.210696
v -1.015700 -0.241723 2.275545
v -1.001751 -0.241723 2.344439
v -1.110172 -0.241723 2.630514
v -1.142501 -0.241723 2.663064
v -1.001709 -0.235100 2.356871
v -0.957206 -0.235100 2.277164
v -1.001709 0.235100 2.356871
v -1.001751 0.235100 2.344439
v -1.015700 0.235100 2.275545
v -1.042822 0.235100 2.210696
v -1.082073 0.235100 2.152385
v -1.131947 0.235100 2.102852
v -1.190525 0.235100 2.064000
v -1.255558 0.235100 2.037322
v -1.324545 0.235100 2.023845
v -1.394836 0.235100 2.024086
v -1.463730 0.235100 2.038034
v -1.472573 0.235100 2.041733
v -1.474272 0.527754 2.050427
v -1.537180 0.527754 2.076737
v -1.594928 0.527754 2.115610
v -1.142501 0.527754 2.663064
v -1.200249 0.527754 2.701937
v -1.264471 0.527754 2.728796
v -1.332699 0.527754 2.742611
v -1.402312 0.527754 2.742849
v -1.470633 0.527754 2.729502
v -1.535037 0.527754 2.703083
v -1.593050 0.527754 2.664606
v -1.642442 0.527754 2.615551
v -1.681314 0.527754 2.557803
v -1.708174 0.527754 2.493581
v -1.721988 0.527754 2.425353
v -1.722226 0.527754 2.355740
v -1.708879 0.527754 2.287419
v -1.682460 0.527754 2.223014
v -1.643983 0.527754 2.165002
v -1.695212 0.527754 2.123252
v -1.740849 0.527754 2.192061
v -1.772185 0.527754 2.268452
v -1.788016 0.527754 2.349487
v -1.787734 0.527754 2.432055
v -1.771348 0.527754 2.512980
v -1.739490 0.527754 2.589155
v -1.693383 0.527754 2.657650
v -1.634800 0.527754 2.715835
v -1.565990 0.527754 2.761471
v -1.489600 0.527754 2.792808
v -1.408564 0.527754 2.808639
v -1.325997 0.527754 2.808356
v -1.245071 0.527754 2.791970
v -1.168897 0.527754 2.760113
v -1.168897 -0.256786 2.760113
v -1.245071 -0.256786 2.791970
v -1.325997 -0.256786 2.808356
v -1.408564 -0.256786 2.808639
v -1.489600 -0.256786 2.792808
v -1.565990 -0.256786 2.761471
v -1.634800 -0.256786 2.715835
v -1.693383 -0.256786 2.657650
v -1.739490 -0.256786 2.589155
v -1.771348 -0.256786 2.512980
v -1.787734 -0.256786 2.432055
v -1.788016 -0.256786 2.349487
v -1.772185 -0.256786 2.268452
v -1.740849 -0.256786 2.192061
v -1.695212 -0.256786 2.123252
v -1.643983 -0.256786 2.165002
v -1.682460 -0.256786 2.223014
v -1.708879 -0.256786 2.287419
v -1.722226 -0.256786 2.355740
v -1.721988 -0.256786 2.425353
v -1.708174 -0.256786 2.493581
v -1.681314 -0.256786 2.557803
v -1.642442 -0.256786 2.615551
v -1.593050 -0.256786 2.664606
v -1.535037 -0.256786 2.703083
v -1.470633 -0.256786 2.729502
v -1.402312 -0.256786 2.742849
v -1.332699 -0.256786 2.742611
v -1.264471 -0.256786 2.728796
v -1.200249 -0.256786 2.701937
v -1.142501 -0.256786 2.663064
v -1.594928 -0.256786 2.115610
v -1.537180 -0.256786 2.076737
v -1.474272 -0.256786 2.050427
v -1.463730 -0.235100 2.038034
v -1.472573 -0.235100 2.041733
v -1.394836 -0.235100 2.024086
v -1.324545 -0.235100 2.023845
v -1.255558 -0.235100 2.037322
v -1.190525 -0.235100 2.064000
v -1.131947 -0.235100 2.102852
v -1.082073 -0.235100 2.152385
v -1.042822 -0.235100 2.210696
v -1.015700 -0.235100 2.275545
v -1.001751 -0.235100 2.344439
v -1.470909 0.235100 2.033213
v -1.461198 0.527754 1.983504
v -1.459807 0.527754 1.980113
v -1.492358 0.527754 1.986703
v -1.568532 0.527754 2.018561
v -1.637027 0.527754 2.064668
v -1.637027 -0.256786 2.064668
v -1.568532 -0.256786 2.018561
v -1.492358 -0.256786 1.986703
v -1.459807 -0.256786 1.980113
v -1.461198 -0.256786 1.983504
v -1.461626 -0.235100 1.985696
v -1.461198 0.235100 1.983504
v -1.459807 0.235100 1.980113
v -1.492358 0.235100 1.986703
v -1.568532 0.235100 2.018561
v -1.620453 0.235100 2.053512
v -1.620453 -0.235100 2.053512
v -1.568532 -0.235100 2.018561
v -1.492358 -0.235100 1.986703
v -1.459807 -0.235100 1.980113
v -1.461198 -0.235100 1.983504
v -0.000000 -0.235100 -2.628045
v -0.000000 0.235100 -2.628045
v 0.512706 0.235100 -2.577548
v 0.512706 -0.235100 -2.577548
v 1.005710 -0.235100 -2.427997
v 1.460064 -0.235100 -2.185140
v 1.858309 -0.235100 -1.858309
v 2.185140 -0.235100 -1.460064
v 2.427997 -0.235100 -1.005709
v 2.577548 -0.235100 -0.512707
v 2.628045 -0.235100 -0.000000
v 2.577549 -0.235100 0.512706
v 2.427997 -0.235100 1.005709
v 2.185140 -0.235100 1.460063
v 1.858309 -0.235100 1.858309
v -1.858310 -0.235100 1.858307
v -2.185141 -0.235100 1.460062
v -2.427998 -0.235100 1.005707
v -2.577548 -0.235100 0.512704
v -2.628045 -0.235100 -0.000003
v -2.577547 -0.235100 -0.512709
v -2.427996 -0.235100 -1.005712
v -2.185138 -0.235100 -1.460067
v -1.858306 -0.235100 -1.858311
v -1.460061 -0.235100 -2.185142
v -1.005706 -0.235100 -2.427999
v -0.512702 -0.235100 -2.577549
v -0.512702 0.235100 -2.577549
v -1.005706 0.235100 -2.427999
v -1.460061 0.235100 -2.185142
v -1.858306 0.235100 -1.858311
v -2.185138 0.235100 -1.460067
v -2.427996 0.235100 -1.005712
v -2.577547 0.235100 -0.512709
v -2.628045 0.235100 -0.000003
v -2.577548 0.235100 0.512704
v -2.427998 0.235100 1.005707
v -2.185141 0.235100 1.460062
v -1.858310 0.235100 1.858307
v 1.858309 0.235100 1.858309
v 2.185140 0.235100 1.460063
v 2.427997 0.235100 1.005709
v 2.577549 0.235100 0.512706
v 2.628045 0.235100 -0.000000
v 2.577548 0.235100 -0.512707
v 2.427997 0.235100 -1.005709
v 2.185140 0.235100 -1.460064
v 1.858309 0.235100 -1.858309
v 1.460064 0.235100 -2.185140
v 1.005710 0.235100 -2.427997
v -2.520353 0.319411 1.668826
v -2.579922 0.319411 1.670315
v -2.579922 -0.241723 1.670315
v -2.520353 -0.241723 1.668826
v -2.522719 -0.256786 1.669358
v -2.235583 0.319411 1.477307
v -2.233351 0.319411 1.473779
v -2.208083 0.319411 1.408187
v -2.196097 0.319411 1.338924
v -2.197853 0.319411 1.268655
v -2.213285 0.319411 1.200078
v -2.241799 0.319411 1.135829
v -2.282300 0.319411 1.078378
v -2.333229 0.319411 1.029932
v -2.392632 0.319411 0.992353
v -2.458225 0.319411 0.967084
v -2.527487 0.319411 0.955098
v -2.528740 0.319411 0.955130
v -2.540277 0.319411 0.960408
v -2.541806 0.319411 0.962824
v -2.545776 0.319411 0.962924
v -2.585265 0.319411 0.980992
v -2.761866 0.319411 1.022854
v -2.788033 0.319411 1.041301
v -2.836479 0.319411 1.092231
v -2.874058 0.319411 1.151634
v -2.899327 0.319411 1.217227
v -2.911313 0.319411 1.286489
v -2.909556 0.319411 1.356759
v -2.894125 0.319411 1.425336
v -2.865610 0.319411 1.489584
v -2.825110 0.319411 1.547035
v -2.774180 0.319411 1.595481
v -2.714777 0.319411 1.633060
v -2.649184 0.319411 1.658328
v -2.454805 0.319411 1.654075
v -2.391177 0.319411 1.625836
v -2.334280 0.319411 1.585728
v -2.286303 0.319411 1.535290
v -2.249848 0.319411 1.477664
v -2.649184 -0.241723 1.658328
v -2.714777 -0.241723 1.633060
v -2.774180 -0.241723 1.595481
v -2.825110 -0.241723 1.547035
v -2.865610 -0.241723 1.489584
v -2.894125 -0.241723 1.425336
v -2.909556 -0.241723 1.356759
v -2.911313 -0.241723 1.286489
v -2.899327 -0.241723 1.217227
v -2.874058 -0.241723 1.151634
v -2.836479 -0.241723 1.092231
v -2.788033 -0.241723 1.041301
v -2.761866 -0.241723 1.022854
v -2.585265 -0.241723 0.980992
v -2.545776 -0.241723 0.962924
v -2.541806 -0.241723 0.962824
v -2.540277 -0.241723 0.960408
v -2.528740 -0.241723 0.955130
v -2.527487 -0.241723 0.955098
v -2.458225 -0.241723 0.967084
v -2.392632 -0.241723 0.992353
v -2.333229 -0.241723 1.029932
v -2.282300 -0.241723 1.078378
v -2.241799 -0.241723 1.135829
v -2.213285 -0.241723 1.200078
v -2.197853 -0.241723 1.268655
v -2.196097 -0.241723 1.338924
v -2.208083 -0.241723 1.408187
v -2.233351 -0.241723 1.473779
v -2.235583 -0.241723 1.477307
v -2.249848 -0.241723 1.477664
v -2.286303 -0.241723 1.535290
v -2.334280 -0.241723 1.585728
v -2.391177 -0.241723 1.625836
v -2.454805 -0.241723 1.654075
v -2.454805 -0.256786 1.654075
v -2.522719 0.527754 1.669358
v -2.249848 0.527754 1.477664
v -2.540277 0.460509 0.960408
v -2.541806 0.527754 0.962824
v -2.545776 0.527754 0.962924
v -2.762845 0.527754 1.023086
v -2.454805 0.527754 1.654075
v -2.391177 0.527754 1.625836
v -2.334280 0.527754 1.585728
v -2.286303 0.527754 1.535290
v -2.762845 -0.256786 1.023086
v -2.545776 -0.256786 0.962924
v -2.541806 -0.256786 0.962824
v -2.540277 -0.251924 0.960408
v -2.437265 -0.235100 0.975159
v -2.437265 -0.235100 0.975159
v -2.392632 -0.235100 0.992353
v -2.333229 -0.235100 1.029932
v -2.282300 -0.235100 1.078378
v -2.241799 -0.235100 1.135829
v -2.213285 -0.235100 1.200078
v -2.197853 -0.235100 1.268655
v -2.196097 -0.235100 1.338924
v -2.208083 -0.235100 1.408187
v -2.210088 -0.235100 1.413390
v -2.249848 -0.256786 1.477664
v -2.286303 -0.256786 1.535290
v -2.334280 -0.256786 1.585728
v -2.391177 -0.256786 1.625836
v -2.358578 -0.256786 1.683323
v -2.434047 -0.256786 1.716817
v -2.514601 -0.256786 1.734943
v -2.597142 -0.256786 1.737006
v -2.678501 -0.256786 1.722928
v -2.755549 -0.256786 1.693246
v -2.825326 -0.256786 1.649104
v -2.885151 -0.256786 1.592196
v -2.932725 -0.256786 1.524712
v -2.966219 -0.256786 1.449243
v -2.984346 -0.256786 1.368689
v -2.986409 -0.256786 1.286147
v -2.972330 -0.256786 1.204788
v -2.942648 -0.256786 1.127740
v -2.898507 -0.256786 1.057962
v -2.871612 -0.256786 1.029689
v -2.776014 -0.256786 1.026208
v -2.798411 -0.256786 1.048159
v -2.846390 -0.256786 1.098597
v -2.883606 -0.256786 1.157426
v -2.908630 -0.256786 1.222386
v -2.920500 -0.256786 1.290979
v -2.918761 -0.256786 1.360570
v -2.903477 -0.256786 1.428484
v -2.875240 -0.256786 1.492112
v -2.835130 -0.256786 1.549008
v -2.784691 -0.256786 1.596987
v -2.725863 -0.256786 1.634203
v -2.660903 -0.256786 1.659227
v -2.592310 -0.256786 1.671097
v -2.592310 0.527754 1.671097
v -2.181680 0.527754 1.475960
v -2.181680 -0.256786 1.475960
v -2.210088 0.235096 1.413391
v -2.210088 0.235100 1.413391
v -2.437265 0.235100 0.975159
v -2.437265 0.235098 0.975159
v -2.453749 -0.045791 0.920819
v -2.540277 0.527754 0.960408
v -2.585265 0.555287 0.980992
v -2.358578 0.527754 1.683323
v -2.291093 0.527754 1.635749
v -2.234186 0.527754 1.575925
v -2.190044 0.527754 1.506147
v -2.178104 0.527754 1.475155
v -2.585265 -0.273435 0.980992
v -2.540277 -0.256786 0.960408
v -2.210088 -0.235100 1.413391
v -2.178104 -0.256786 1.475155
v -2.190044 -0.256786 1.506147
v -2.234186 -0.256786 1.575925
v -2.291093 -0.256786 1.635749
v -2.434047 0.527754 1.716817
v -2.514601 0.527754 1.734943
v -2.597142 0.527754 1.737006
v -2.678501 0.527754 1.722928
v -2.755549 0.527754 1.693246
v -2.825326 0.527754 1.649104
v -2.885151 0.527754 1.592196
v -2.932725 0.527754 1.524712
v -2.966219 0.527754 1.449243
v -2.984346 0.527754 1.368689
v -2.986409 0.527754 1.286147
v -2.972330 0.527754 1.204788
v -2.942648 0.527754 1.127740
v -2.898507 0.527754 1.057962
v -2.871612 0.527754 1.029689
v -2.776014 -0.273435 1.026208
v -2.798411 0.527754 1.048159
v -2.846390 0.527754 1.098597
v -2.883606 0.527754 1.157426
v -2.908630 0.527754 1.222386
v -2.920500 0.527754 1.290979
v -2.918761 0.527754 1.360570
v -2.903477 0.527754 1.428484
v -2.875240 0.527754 1.492112
v -2.835130 0.527754 1.549008
v -2.784691 0.527754 1.596987
v -2.725863 0.527754 1.634203
v -2.660903 0.527754 1.659227
v -2.776014 0.527754 1.026208
v -2.453749 -0.235100 0.920819
v -2.453749 0.235100 0.920819
v -2.407003 0.555287 0.899432
v -2.776014 0.555287 1.026208
v -2.971917 -0.273435 1.033342
v -2.441102 -0.235100 0.962510
v -2.343077 0.555287 0.853266
v -2.971917 0.555287 1.033342
v -2.351233 0.555287 0.850230
v -2.489028 0.555287 0.765245
v -2.636246 0.555287 0.832602
v -2.797065 0.555287 0.870723
v -2.962230 0.555287 0.876738
v -3.125396 0.555287 0.850415
v -2.962230 -0.273435 0.876738
v -2.797065 -0.273435 0.870723
v -2.636246 -0.273435 0.832602
v -2.489028 -0.273435 0.765245
v -2.351233 -0.273435 0.850230
v -2.343077 -0.273435 0.853266
v -2.407003 -0.273435 0.899432
v -2.453748 -0.235100 0.920819
v -3.280292 0.555287 0.792766
v -3.420965 0.555287 0.706005
v -3.542009 0.555287 0.593468
v -3.638771 0.555287 0.459480
v -3.707535 0.555287 0.309187
v -3.745656 0.555287 0.148368
v -3.751671 0.555287 -0.016798
v -3.725348 0.555287 -0.179965
v -3.667699 0.555287 -0.334860
v -3.580938 0.555287 -0.475533
v -3.468402 0.555287 -0.596576
v -3.334412 0.555287 -0.693339
v -3.184120 0.555287 -0.762103
v -3.023301 0.555287 -0.800225
v -2.858135 0.555287 -0.806240
v -2.848448 0.555287 -0.962844
v -3.044353 0.555287 -0.955709
v -3.235101 0.555287 -0.910492
v -3.413363 0.555287 -0.828932
v -3.572288 0.555287 -0.714161
v -3.705769 0.555287 -0.570591
v -3.808676 0.555287 -0.403739
v -3.877054 0.555287 -0.220017
v -3.908275 0.555287 -0.026485
v -3.901141 0.555287 0.169420
v -3.855924 0.555287 0.360168
v -3.774363 0.555287 0.538430
v -3.659593 0.555287 0.697355
v -3.516023 0.555287 0.830835
v -3.349170 0.555287 0.933742
v -3.165448 0.555287 1.002120
v -2.460193 0.335211 0.783029
v -2.636246 0.335211 0.832602
v -2.489028 0.335211 0.765245
v -2.797065 0.335211 0.870723
v -2.962230 0.335211 0.876738
v -3.125396 0.335211 0.850415
v -3.165448 -0.273435 1.002120
v -3.349170 -0.273435 0.933742
v -3.516023 -0.273435 0.830835
v -3.659593 -0.273435 0.697355
v -3.774363 -0.273435 0.538430
v -3.855924 -0.273435 0.360168
v -3.901141 -0.273435 0.169420
v -3.908275 -0.273435 -0.026485
v -3.877054 -0.273435 -0.220017
v -3.808676 -0.273435 -0.403739
v -3.705769 -0.273435 -0.570591
v -3.572288 -0.273435 -0.714161
v -3.413363 -0.273435 -0.828932
v -3.235101 -0.273435 -0.910492
v -3.044353 -0.273435 -0.955709
v -2.848448 -0.273435 -0.962844
v -2.858135 -0.273435 -0.806240
v -3.023301 -0.273435 -0.800225
v -3.184120 -0.273435 -0.762103
v -3.334412 -0.273435 -0.693339
v -3.468402 -0.273435 -0.596576
v -3.580938 -0.273435 -0.475533
v -3.667699 -0.273435 -0.334860
v -3.725348 -0.273435 -0.179965
v -3.751671 -0.273435 -0.016798
v -3.745656 -0.273435 0.148368
v -3.707535 -0.273435 0.309187
v -3.638771 -0.273435 0.459480
v -3.542009 -0.273435 0.593468
v -3.420965 -0.273435 0.706005
v -3.280292 -0.273435 0.792766
v -3.125396 -0.273435 0.850415
v -2.962230 -0.257523 0.876738
v -2.797065 -0.257523 0.870723
v -2.636246 -0.257523 0.832602
v -2.489028 -0.257523 0.765245
v -2.460193 -0.257523 0.783029
v -2.343077 -0.235100 0.853266
v -2.351233 -0.235100 0.850230
v -2.407003 -0.235100 0.899432
v -2.414875 -0.235100 0.903033
v -3.274896 0.335211 0.794774
v -2.246593 0.555287 -0.706646
v -2.304342 0.555287 -0.760336
v -2.471194 0.555287 -0.863243
v -2.654916 0.555287 -0.931621
v -2.694968 0.555287 -0.779916
v -2.540073 0.555287 -0.722267
v -2.402279 0.555287 -0.637282
v -2.255062 0.555287 -0.704638
v -2.451180 0.335211 0.778906
v -2.315884 0.335211 0.681199
v -2.202250 0.335211 0.558975
v -2.114643 0.335211 0.416931
v -2.056431 0.335211 0.260525
v -2.029851 0.335211 0.095767
v -2.035925 0.335211 -0.071010
v -2.074418 0.335211 -0.233398
v -2.143852 0.335211 -0.385155
v -2.241559 0.335211 -0.520451
v -2.363782 0.335211 -0.634086
v -2.383153 0.335211 -0.646033
v -2.402279 0.335211 -0.637282
v -2.540073 0.335211 -0.722267
v -2.694968 0.335211 -0.779916
v -2.853637 0.335211 -0.805514
v -2.993768 0.335211 -0.800411
v -3.156155 0.335211 -0.761917
v -3.307914 0.335211 -0.692483
v -3.443209 0.335211 -0.594776
v -3.556844 0.335211 -0.472553
v -3.644450 0.335211 -0.330508
v -3.702662 0.335211 -0.174102
v -3.729242 0.335211 -0.009344
v -3.723168 0.335211 0.157433
v -3.684675 0.335211 0.319821
v -3.615241 0.335211 0.471578
v -3.517533 0.335211 0.606874
v -3.395310 0.335211 0.720509
v -2.402279 -0.273435 -0.637282
v -2.540073 -0.273435 -0.722267
v -2.694968 -0.273435 -0.779916
v -2.654916 -0.273435 -0.931621
v -2.471194 -0.273435 -0.863243
v -2.304342 -0.273435 -0.760336
v -2.246593 -0.273435 -0.706646
v -2.255062 -0.273435 -0.704638
v -3.274896 -0.257523 0.794774
v -3.125396 -0.257523 0.850415
v -3.395310 -0.257523 0.720509
v -3.517533 -0.257523 0.606874
v -3.615241 -0.257523 0.471578
v -3.684675 -0.257523 0.319821
v -3.723168 -0.257523 0.157433
v -3.729242 -0.257523 -0.009344
v -3.702662 -0.257523 -0.174102
v -3.644450 -0.257523 -0.330508
v -3.556844 -0.257523 -0.472553
v -3.443209 -0.257523 -0.594776
v -3.307914 -0.257523 -0.692483
v -3.156155 -0.257523 -0.761917
v -2.993768 -0.257523 -0.800411
v -2.853637 -0.257523 -0.805514
v -2.694968 -0.257523 -0.779916
v -2.540073 -0.257523 -0.722267
v -2.402279 -0.257523 -0.637282
v -2.383153 -0.257523 -0.646033
v -2.363782 -0.257523 -0.634086
v -2.241559 -0.257523 -0.520451
v -2.143852 -0.257523 -0.385155
v -2.074418 -0.257523 -0.233398
v -2.035925 -0.257523 -0.071010
v -2.029851 -0.257523 0.095767
v -2.056431 -0.257523 0.260525
v -2.114643 -0.257523 0.416931
v -2.202250 -0.257523 0.558975
v -2.315884 -0.257523 0.681199
v -2.451180 -0.257523 0.778906
v -2.358096 -0.235100 0.845997
v -2.387413 0.319411 -0.811571
v -2.654916 0.319411 -0.931621
v -2.471194 0.319411 -0.863243
v -2.753273 0.527754 -0.947490
v -2.753273 -0.256786 -0.947490
v -2.654916 -0.241723 -0.931621
v -2.471194 -0.241723 -0.863243
v -2.387413 -0.241723 -0.811571
v -2.304342 -0.235100 -0.760336
v -2.246593 -0.235100 -0.706646
v -2.255062 -0.235100 -0.704638
v -2.363782 -0.235100 -0.634086
v -2.383153 -0.235100 -0.646033
v -2.241559 -0.235100 -0.520451
v -2.143852 -0.235100 -0.385155
v -2.074418 -0.235100 -0.233398
v -2.035925 -0.235100 -0.071010
v -2.029851 -0.235100 0.095767
v -2.056431 -0.235100 0.260525
v -2.114643 -0.235100 0.416931
v -2.202250 -0.235100 0.558975
v -2.315884 -0.235100 0.681199
v -2.451180 -0.235100 0.778906
v -2.460193 -0.235100 0.783029
v -2.374991 0.319411 -0.811074
v -2.305557 0.319411 -0.822019
v -2.239592 0.319411 -0.846299
v -2.179631 0.319411 -0.882983
v -2.127979 0.319411 -0.930659
v -2.086621 0.319411 -0.987495
v -2.057146 0.319411 -1.051309
v -2.040687 0.319411 -1.119646
v -2.037875 0.319411 -1.189881
v -2.048820 0.319411 -1.259315
v -2.052132 0.319411 -1.268311
v -2.060744 0.319411 -1.270385
v -2.084298 0.319411 -1.334376
v -2.120627 0.319411 -1.393757
v -2.166541 0.319411 -1.443500
v -2.214297 0.319411 -1.478251
v -2.278110 0.319411 -1.507725
v -2.346448 0.319411 -1.524185
v -2.416683 0.319411 -1.526996
v -2.486118 0.319411 -1.516052
v -2.552081 0.319411 -1.491771
v -2.612042 0.319411 -1.455087
v -2.663694 0.319411 -1.407412
v -2.705053 0.319411 -1.350575
v -2.734527 0.319411 -1.286762
v -2.750987 0.319411 -1.218425
v -2.753798 0.319411 -1.148189
v -2.742853 0.319411 -1.078755
v -2.722270 0.319411 -1.022835
v -2.687207 0.319411 -0.965522
v -2.656090 0.319411 -0.931811
v -2.656090 0.527754 -0.931811
v -2.686265 0.527754 -0.936679
v -2.263130 -0.235100 -0.700947
v -2.656090 -0.256786 -0.931811
v -2.722270 -0.241723 -1.022835
v -2.742853 -0.241723 -1.078755
v -2.753798 -0.241723 -1.148189
v -2.750987 -0.241723 -1.218425
v -2.734527 -0.241723 -1.286762
v -2.705053 -0.241723 -1.350575
v -2.663694 -0.241723 -1.407412
v -2.612042 -0.241723 -1.455087
v -2.552081 -0.241723 -1.491771
v -2.486118 -0.241723 -1.516052
v -2.416683 -0.241723 -1.526996
v -2.346448 -0.241723 -1.524185
v -2.278110 -0.241723 -1.507725
v -2.214297 -0.241723 -1.478251
v -2.166541 -0.241723 -1.443500
v -2.120627 -0.241723 -1.393757
v -2.084298 -0.241723 -1.334376
v -2.060744 -0.241723 -1.270385
v -2.052132 -0.241723 -1.268311
v -2.048820 -0.241723 -1.259315
v -2.037875 -0.241723 -1.189881
v -2.040687 -0.241723 -1.119646
v -2.057146 -0.241723 -1.051309
v -2.086621 -0.241723 -0.987495
v -2.127979 -0.241723 -0.930659
v -2.179631 -0.241723 -0.882983
v -2.239592 -0.241723 -0.846299
v -2.305557 -0.241723 -0.822019
v -2.374991 -0.241723 -0.811074
v -2.656090 -0.241723 -0.931811
v -2.687207 -0.241723 -0.965522
v -2.309713 -0.235100 -0.763649
v -2.060744 0.527754 -1.270385
v -2.084298 0.527754 -1.334376
v -2.120627 0.527754 -1.393757
v -2.186306 0.235100 -1.457882
v -2.687207 0.527754 -0.965522
v -2.723535 0.527754 -1.024904
v -2.747581 0.527754 -1.090231
v -2.758421 0.527754 -1.158995
v -2.755636 0.527754 -1.228553
v -2.739336 0.527754 -1.296230
v -2.710146 0.527754 -1.359426
v -2.669187 0.527754 -1.415714
v -2.618034 0.527754 -1.462930
v -2.558653 0.527754 -1.499259
v -2.493325 0.527754 -1.523305
v -2.424561 0.527754 -1.534144
v -2.355005 0.527754 -1.531360
v -2.287327 0.527754 -1.515059
v -2.224130 0.527754 -1.485870
v -2.167843 0.527754 -1.444911
v -2.123909 0.527754 -1.494278
v -2.190672 0.527754 -1.542859
v -2.265630 0.527754 -1.577482
v -2.345901 0.527754 -1.596817
v -2.428404 0.527754 -1.600119
v -2.509964 0.527754 -1.587262
v -2.587450 0.527754 -1.558740
v -2.657882 0.527754 -1.515651
v -2.718555 0.527754 -1.459648
v -2.767135 0.527754 -1.392885
v -2.801759 0.527754 -1.317927
v -2.821092 0.527754 -1.237655
v -2.824395 0.527754 -1.155153
v -2.811538 0.527754 -1.073592
v -2.783017 0.527754 -0.996107
v -2.783017 -0.256786 -0.996107
v -2.811538 -0.256786 -1.073592
v -2.824395 -0.256786 -1.155153
v -2.821092 -0.256786 -1.237655
v -2.801759 -0.256786 -1.317927
v -2.767135 -0.256786 -1.392885
v -2.718555 -0.256786 -1.459648
v -2.657882 -0.256786 -1.515651
v -2.587450 -0.256786 -1.558740
v -2.509964 -0.256786 -1.587262
v -2.428404 -0.256786 -1.600119
v -2.345901 -0.256786 -1.596817
v -2.265630 -0.256786 -1.577482
v -2.190672 -0.256786 -1.542859
v -2.123909 -0.256786 -1.494278
v -2.167843 -0.256786 -1.444911
v -2.224130 -0.256786 -1.485870
v -2.287327 -0.256786 -1.515059
v -2.355005 -0.256786 -1.531360
v -2.424561 -0.256786 -1.534144
v -2.493325 -0.256786 -1.523305
v -2.558653 -0.256786 -1.499259
v -2.618034 -0.256786 -1.462930
v -2.669187 -0.256786 -1.415714
v -2.710146 -0.256786 -1.359426
v -2.739336 -0.256786 -1.296230
v -2.755636 -0.256786 -1.228553
v -2.758421 -0.256786 -1.158995
v -2.747581 -0.256786 -1.090231
v -2.723535 -0.256786 -1.024904
v -2.687207 -0.256786 -0.965522
v -2.186306 -0.235100 -1.457882
v -2.186306 -0.235100 -1.457882
v -2.120627 -0.256786 -1.393757
v -2.084298 -0.256786 -1.334376
v -2.060744 -0.256786 -1.270385
v -2.048820 -0.235100 -1.259315
v -2.052132 -0.235100 -1.268311
v -2.037875 -0.235100 -1.189881
v -2.040687 -0.235100 -1.119646
v -2.057146 -0.235100 -1.051309
v -2.086621 -0.235100 -0.987495
v -2.127979 -0.235100 -0.930659
v -2.179631 -0.235100 -0.882983
v -2.239592 -0.235100 -0.846299
v -2.305557 -0.235100 -0.822019
v -2.374991 -0.235100 -0.811074
v -2.387413 -0.235100 -0.811571
v -1.994451 0.527754 -1.254418
v -1.991123 0.527754 -1.252882
v -1.996295 0.527754 -1.285687
v -2.024816 0.527754 -1.363173
v -2.067906 0.527754 -1.433606
v -2.186306 0.235100 -1.457882
v -2.186306 0.235097 -1.457882
v -2.166541 0.235100 -1.443500
v -2.186127 0.235100 -1.458216
v -2.144665 -0.235100 -1.509382
v -2.067906 -0.256786 -1.433606
v -2.024816 -0.256786 -1.363173
v -1.996295 -0.256786 -1.285687
v -1.991123 -0.256786 -1.252882
v -1.994451 -0.256786 -1.254418
v -2.186127 -0.235100 -1.458216
v -2.166541 -0.235100 -1.443500
v -1.996622 -0.235100 -1.254941
v -2.167843 0.235100 -1.444911
v -2.166732 0.235100 -1.443707
v -2.186127 0.235098 -1.458216
v -2.186127 0.235100 -1.458216
v -2.144666 0.235100 -1.509382
v -2.144666 0.235099 -1.509382
v -2.144666 -0.235100 -1.509382
v -2.123909 -0.235100 -1.494278
v -2.067906 -0.235100 -1.433606
v -2.024816 -0.235100 -1.363173
v -1.996295 -0.235100 -1.285687
v -1.991123 -0.235100 -1.252882
v -1.994451 -0.235100 -1.254418
v -2.186127 -0.235100 -1.458216
v -2.167843 -0.235100 -1.444911
v -2.167794 -0.235100 -1.444857
v 1.603344 -0.235100 -2.067553
v 1.605595 -0.235100 -2.065706
v 1.597587 -0.235100 -2.046836
v 1.558412 -0.235100 -1.989293
v 1.558360 -0.235100 -1.989242
v 1.557043 -0.235100 -1.987948
v 1.590280 -0.235100 -2.036769
v 1.658585 -0.235100 -2.022219
v 1.858309 -0.235100 -1.858309
v 2.185140 -0.235100 -1.460064
v 2.376806 -0.235100 -1.101482
v 2.427997 -0.235100 -1.005709
v 2.577548 -0.235100 -0.512707
v 2.628046 -0.235100 -0.000001
v 2.628046 -0.235100 -0.000000
v 2.577548 -0.235100 0.512706
v 2.427997 -0.235100 1.005709
v 2.427997 -0.235100 1.005709
v 2.185139 -0.235100 1.460064
v 1.858309 -0.235100 1.858308
v 1.460063 -0.235100 2.185140
v 1.005709 -0.235100 2.427997
v 0.512705 -0.235100 2.577548
v 0.128170 -0.235100 2.615422
v -0.000001 -0.235100 2.628045
v -0.256305 -0.235100 2.602801
v -0.512707 -0.235100 2.577548
v -0.759198 -0.235100 2.502775
v -1.005711 -0.235100 2.427996
v -1.232955 -0.235100 2.306531
v -1.460065 -0.235100 2.185138
v -1.858310 -0.235100 1.858307
v -1.858310 -0.235100 1.858307
v -2.185141 -0.235100 1.460062
v -1.858306 -0.235100 -1.858310
v -1.577547 -0.235100 -2.088724
v -1.574261 -0.235100 -2.081906
v -1.524597 -0.235100 -2.015946
v -1.463018 -0.235100 -1.960941
v -1.391892 -0.235100 -1.919008
v -1.360540 -0.235100 -1.908045
v -1.361457 -0.235100 -1.911595
v -1.361571 -0.235100 -1.913620
v -1.364493 -0.235100 -1.965428
v -1.360897 -0.235100 -1.963308
v -1.294544 -0.235100 -1.940108
v -1.224941 -0.235100 -1.930298
v -1.154761 -0.235100 -1.934254
v -1.086701 -0.235100 -1.951828
v -1.023378 -0.235100 -1.982341
v -0.967224 -0.235100 -2.024622
v -0.920398 -0.235100 -2.077045
v -0.884698 -0.235100 -2.137596
v -0.861497 -0.235100 -2.203949
v -0.851688 -0.235100 -2.273553
v -0.851759 -0.235100 -2.274804
v -0.796119 -0.235100 -2.162627
v -0.792273 -0.235100 -2.154873
v -0.744126 -0.235100 -2.092424
v -0.741348 -0.235100 -2.100672
v -0.737332 -0.235100 -2.107664
v -0.677595 -0.235100 -2.211684
v -0.673190 -0.235100 -2.202804
v -0.571293 -0.235100 -2.070637
v -0.445568 -0.235100 -1.960888
v -0.300848 -0.235100 -1.877775
v -0.142694 -0.235100 -1.824493
v 0.022815 -0.235100 -1.803090
v 0.189320 -0.235100 -1.814386
v 0.350422 -0.235100 -1.857949
v 0.499930 -0.235100 -1.932105
v 0.632097 -0.235100 -2.034003
v 0.741846 -0.235100 -2.159728
v 0.753180 -0.235100 -2.179464
v 0.811828 -0.235100 -2.061219
v 0.815770 -0.235100 -2.053272
v 0.818043 -0.235100 -2.044870
v 0.869896 -0.235100 -2.104273
v 0.873040 -0.235100 -2.109746
v 0.918504 -0.235100 -2.188909
v 0.918396 -0.235100 -2.176477
v 0.931510 -0.235100 -2.107420
v 0.957847 -0.235100 -2.042248
v 0.996391 -0.235100 -1.983466
v 1.045662 -0.235100 -1.933334
v 1.103767 -0.235100 -1.893778
v 1.168472 -0.235100 -1.866317
v 1.237291 -0.235100 -1.852007
v 1.307581 -0.235100 -1.851397
v 1.376638 -0.235100 -1.864513
v 1.385525 -0.235100 -1.868105
v 1.373901 -0.235100 -1.812203
v 1.373447 -0.235100 -1.810017
v 1.372015 -0.235100 -1.806643
v 1.404643 -0.235100 -1.812839
v 1.481197 -0.235100 -1.843775
v 1.550244 -0.235100 -1.889051
v 1.609132 -0.235100 -1.946927
v 1.655597 -0.235100 -2.015180
v 1.605595 0.235100 -2.065706
v 1.603344 0.235100 -2.067553
v 1.590280 0.235100 -2.036769
v 1.557043 0.235100 -1.987948
v 1.557244 0.235100 -1.988145
v 1.558412 0.235100 -1.989293
v 1.597587 0.235100 -2.046836
v -1.564841 0.319411 -2.244057
v -1.568196 0.319411 -2.303550
v -1.568196 -0.241723 -2.303550
v -1.564841 -0.241723 -2.244057
v -1.565447 -0.256786 -2.246405
v -1.364493 0.319411 -1.965428
v -1.360897 0.319411 -1.963308
v -1.294544 0.319411 -1.940108
v -1.224941 0.319411 -1.930298
v -1.154761 0.319411 -1.934254
v -1.086701 0.319411 -1.951828
v -1.023378 0.319411 -1.982341
v -0.967224 0.319411 -2.024622
v -0.920398 0.319411 -2.077045
v -0.884698 0.319411 -2.137596
v -0.861497 0.319411 -2.203949
v -0.851688 0.319411 -2.273553
v -0.851759 0.319411 -2.274804
v -0.857396 0.319411 -2.286170
v -0.859859 0.319411 -2.287622
v -0.860083 0.319411 -2.291587
v -0.879379 0.319411 -2.330492
v -0.926755 0.319411 -2.505694
v -0.946013 0.319411 -2.531270
v -0.998436 0.319411 -2.578096
v -1.058987 0.319411 -2.613796
v -1.125340 0.319411 -2.636996
v -1.194943 0.319411 -2.646806
v -1.265124 0.319411 -2.642847
v -1.333183 0.319411 -2.625274
v -1.396506 0.319411 -2.594761
v -1.452661 0.319411 -2.552481
v -1.499486 0.319411 -2.500057
v -1.535186 0.319411 -2.439506
v -1.558386 0.319411 -2.373153
v -1.548043 0.319411 -2.179003
v -1.517825 0.319411 -2.116291
v -1.475953 0.319411 -2.060680
v -1.424037 0.319411 -2.014306
v -1.365296 0.319411 -1.979675
v -1.558386 -0.241723 -2.373153
v -1.535186 -0.241723 -2.439506
v -1.499486 -0.241723 -2.500057
v -1.452661 -0.241723 -2.552481
v -1.396506 -0.241723 -2.594761
v -1.333183 -0.241723 -2.625274
v -1.265124 -0.241723 -2.642847
v -1.194943 -0.241723 -2.646806
v -1.125340 -0.241723 -2.636996
v -1.058987 -0.241723 -2.613796
v -0.998436 -0.241723 -2.578096
v -0.946013 -0.241723 -2.531270
v -0.926755 -0.241723 -2.505694
v -0.879379 -0.241723 -2.330492
v -0.860083 -0.241723 -2.291587
v -0.859859 -0.241723 -2.287622
v -0.857396 -0.241723 -2.286170
v -0.851759 -0.241723 -2.274804
v -0.851688 -0.241723 -2.273553
v -0.861497 -0.241723 -2.203949
v -0.884698 -0.241723 -2.137596
v -0.920398 -0.241723 -2.077045
v -0.967224 -0.241723 -2.024622
v -1.023378 -0.241723 -1.982341
v -1.086701 -0.241723 -1.951828
v -1.154761 -0.241723 -1.934254
v -1.224941 -0.241723 -1.930298
v -1.294544 -0.241723 -1.940108
v -1.360897 -0.241723 -1.963308
v -1.364493 -0.241723 -1.965428
v -1.365296 -0.241723 -1.979675
v -1.424037 -0.241723 -2.014306
v -1.475953 -0.241723 -2.060680
v -1.517825 -0.241723 -2.116291
v -1.548043 -0.241723 -2.179003
v -1.548043 -0.256786 -2.179003
v -1.565447 0.527754 -2.246405
v -1.365296 0.527754 -1.979675
v -0.857396 0.460509 -2.286170
v -0.859859 0.527754 -2.287622
v -0.860083 0.527754 -2.291587
v -0.927017 0.527754 -2.506664
v -1.548043 0.527754 -2.179003
v -1.517825 0.527754 -2.116291
v -1.475953 0.527754 -2.060680
v -1.424037 0.527754 -2.014306
v -0.927017 -0.256786 -2.506664
v -0.860083 -0.256786 -2.291587
v -0.859859 -0.256786 -2.287622
v -0.857396 -0.251924 -2.286170
v -1.365296 -0.256786 -1.979675
v -1.424037 -0.256786 -2.014306
v -1.475953 -0.256786 -2.060680
v -1.517825 -0.256786 -2.116291
v -1.574261 -0.256786 -2.081906
v -1.610104 -0.256786 -2.156288
v -1.630746 -0.256786 -2.236235
v -1.635395 -0.256786 -2.318671
v -1.623872 -0.256786 -2.400431
v -1.596620 -0.256786 -2.478372
v -1.554685 -0.256786 -2.549499
v -1.499681 -0.256786 -2.611078
v -1.433720 -0.256786 -2.660742
v -1.359338 -0.256786 -2.696585
v -1.279392 -0.256786 -2.717226
v -1.196954 -0.256786 -2.721875
v -1.115195 -0.256786 -2.710352
v -1.037254 -0.256786 -2.683100
v -0.966128 -0.256786 -2.641167
v -0.937026 -0.256786 -2.615171
v -0.930550 -0.256786 -2.519729
v -0.953192 -0.256786 -2.541427
v -1.005110 -0.256786 -2.587802
v -1.065076 -0.256786 -2.623156
v -1.130788 -0.256786 -2.646133
v -1.199719 -0.256786 -2.655847
v -1.269222 -0.256786 -2.651929
v -1.336623 -0.256786 -2.634524
v -1.399335 -0.256786 -2.604306
v -1.454947 -0.256786 -2.562433
v -1.501320 -0.256786 -2.510516
v -1.536675 -0.256786 -2.450550
v -1.559651 -0.256786 -2.384838
v -1.569366 -0.256786 -2.315907
v -1.569366 0.527754 -2.315907
v -1.361457 0.527754 -1.911595
v -0.857396 0.527754 -2.286170
v -0.879379 0.555287 -2.330492
v -1.574261 0.527754 -2.081906
v -1.524597 0.527754 -2.015946
v -1.463018 0.527754 -1.960941
v -1.391892 0.527754 -1.919008
v -1.360540 0.527754 -1.908045
v -0.879379 -0.273435 -2.330492
v -0.857396 -0.256786 -2.286170
v -1.361457 -0.256786 -1.911595
v -1.360540 -0.256786 -1.908045
v -1.391892 -0.256786 -1.919008
v -1.463018 -0.256786 -1.960941
v -1.524597 -0.256786 -2.015946
v -1.577547 -0.235100 -2.088724
v -1.610104 0.527754 -2.156288
v -1.630746 0.527754 -2.236235
v -1.635395 0.527754 -2.318671
v -1.623872 0.527754 -2.400431
v -1.596620 0.527754 -2.478372
v -1.554685 0.527754 -2.549499
v -1.499681 0.527754 -2.611078
v -1.433720 0.527754 -2.660742
v -1.359338 0.527754 -2.696585
v -1.279392 0.527754 -2.717226
v -1.196954 0.527754 -2.721875
v -1.115195 0.527754 -2.710352
v -1.037254 0.527754 -2.683100
v -0.966128 0.527754 -2.641167
v -0.937026 0.527754 -2.615171
v -0.930550 -0.273435 -2.519729
v -0.953192 0.527754 -2.541427
v -1.005110 0.527754 -2.587802
v -1.065076 0.527754 -2.623156
v -1.130788 0.527754 -2.646133
v -1.199719 0.527754 -2.655847
v -1.269222 0.527754 -2.651929
v -1.336623 0.527754 -2.634524
v -1.399335 0.527754 -2.604306
v -1.454947 0.527754 -2.562433
v -1.501320 0.527754 -2.510516
v -1.536675 0.527754 -2.450550
v -1.559651 0.527754 -2.384838
v -0.930550 0.527754 -2.519729
v -0.792273 0.555287 -2.154873
v -0.930550 0.555287 -2.519729
v -0.792273 -0.273435 -2.154873
v -1.577547 0.235100 -2.088724
v -0.943820 -0.273435 -2.715313
v -0.744126 0.555287 -2.092424
v -0.943820 0.555287 -2.715313
v -0.741348 0.555287 -2.100672
v -0.660722 0.555287 -2.241061
v -0.732660 0.555287 -2.386097
v -0.775802 0.555287 -2.545643
v -0.786989 0.555287 -2.710538
v -0.765792 0.555287 -2.874449
v -0.786989 -0.273435 -2.710538
v -0.775802 -0.273435 -2.545643
v -0.732660 -0.273435 -2.386097
v -0.660722 -0.273435 -2.241061
v -0.741348 -0.273435 -2.100672
v -0.744126 -0.273435 -2.092424
v -1.858306 -0.235100 -1.858311
v -1.858306 0.235100 -1.858311
v -0.713025 0.555287 -3.031076
v -0.630715 0.555287 -3.174397
v -0.522027 0.555287 -3.298908
v -0.391136 0.555287 -3.399822
v -0.243073 0.555287 -3.473261
v -0.083527 0.555287 -3.516404
v 0.081370 0.555287 -3.527591
v 0.245281 0.555287 -3.506395
v 0.401907 0.555287 -3.453627
v 0.545229 0.555287 -3.371317
v 0.669740 0.555287 -3.262629
v 0.770654 0.555287 -3.131738
v 0.844093 0.555287 -2.983674
v 0.887236 0.555287 -2.824129
v 0.898423 0.555287 -2.659232
v 1.055254 0.555287 -2.654458
v 1.041984 0.555287 -2.850043
v 0.990813 0.555287 -3.039280
v 0.903706 0.555287 -3.214899
v 0.784012 0.555287 -3.370149
v 0.636329 0.555287 -3.499066
v 0.466334 0.555287 -3.596693
v 0.280560 0.555287 -3.659281
v 0.086144 0.555287 -3.684422
v -0.109440 0.555287 -3.671152
v -0.298678 0.555287 -3.619981
v -0.474296 0.555287 -3.532873
v -0.629547 0.555287 -3.413180
v -0.758463 0.555287 -3.265497
v -0.856091 0.555287 -3.095502
v -0.918678 0.555287 -2.909727
v -0.677595 0.335211 -2.211684
v -0.732660 0.335211 -2.386097
v -0.660722 0.335211 -2.241061
v -0.775802 0.335211 -2.545643
v -0.786989 0.335211 -2.710538
v -0.765792 0.335211 -2.874449
v -0.918678 -0.273435 -2.909727
v -0.856091 -0.273435 -3.095502
v -0.758463 -0.273435 -3.265497
v -0.629547 -0.273435 -3.413180
v -0.474296 -0.273435 -3.532873
v -0.298678 -0.273435 -3.619981
v -0.109440 -0.273435 -3.671152
v 0.086144 -0.273435 -3.684422
v 0.280560 -0.273435 -3.659281
v 0.466334 -0.273435 -3.596693
v 0.636329 -0.273435 -3.499066
v 0.784012 -0.273435 -3.370149
v 0.903706 -0.273435 -3.214899
v 0.990813 -0.273435 -3.039280
v 1.041984 -0.273435 -2.850043
v 1.055254 -0.273435 -2.654458
v 0.898423 -0.273435 -2.659232
v 0.887236 -0.273435 -2.824129
v 0.844093 -0.273435 -2.983674
v 0.770654 -0.273435 -3.131738
v 0.669740 -0.273435 -3.262629
v 0.545229 -0.273435 -3.371317
v 0.401907 -0.273435 -3.453627
v 0.245281 -0.273435 -3.506395
v 0.081370 -0.273435 -3.527591
v -0.083527 -0.273435 -3.516404
v -0.243073 -0.273435 -3.473261
v -0.391136 -0.273435 -3.399822
v -0.522027 -0.273435 -3.298908
v -0.630715 -0.273435 -3.174397
v -0.713025 -0.273435 -3.031076
v -0.765792 -0.273435 -2.874449
v -0.786989 -0.257523 -2.710538
v -0.775802 -0.257523 -2.545643
v -0.732660 -0.257523 -2.386097
v -0.660722 -0.257523 -2.241061
v -0.677595 -0.257523 -2.211684
v -0.714864 0.335211 -3.025619
v 0.818043 0.555287 -2.044870
v 0.869896 0.555287 -2.104273
v 0.967525 0.555287 -2.274268
v 1.030112 0.555287 -2.460042
v 0.877226 0.555287 -2.495321
v 0.824459 0.555287 -2.338695
v 0.743834 0.555287 -2.198306
v 0.815770 0.555287 -2.053272
v -0.673190 0.335211 -2.202804
v -0.571293 0.335211 -2.070637
v -0.445568 0.335211 -1.960888
v -0.300848 0.335211 -1.877775
v -0.142694 0.335211 -1.824493
v 0.022815 0.335211 -1.803090
v 0.189320 0.335211 -1.814386
v 0.350422 0.335211 -1.857949
v 0.499930 0.335211 -1.932105
v 0.632097 0.335211 -2.034003
v 0.741846 0.335211 -2.159728
v 0.753180 0.335211 -2.179464
v 0.743834 0.335211 -2.198306
v 0.824459 0.335211 -2.338695
v 0.877226 0.335211 -2.495321
v 0.897839 0.335211 -2.654714
v 0.888348 0.335211 -2.794616
v 0.844784 0.335211 -2.955717
v 0.770628 0.335211 -3.105225
v 0.668730 0.335211 -3.237393
v 0.543005 0.335211 -3.347142
v 0.398285 0.335211 -3.430254
v 0.240132 0.335211 -3.483536
v 0.074623 0.335211 -3.504939
v -0.091882 0.335211 -3.493643
v -0.252984 0.335211 -3.450079
v -0.402492 0.335211 -3.375924
v -0.534659 0.335211 -3.274025
v -0.644408 0.335211 -3.148301
v 0.743834 -0.273435 -2.198306
v 0.824459 -0.273435 -2.338695
v 0.877226 -0.273435 -2.495321
v 1.030112 -0.273435 -2.460042
v 0.967525 -0.273435 -2.274268
v 0.869896 -0.273435 -2.104273
v 0.818043 -0.273435 -2.044870
v 0.815770 -0.273435 -2.053272
v -0.714864 -0.257523 -3.025619
v -0.765792 -0.257523 -2.874449
v -0.644408 -0.257523 -3.148301
v -0.534659 -0.257523 -3.274025
v -0.402492 -0.257523 -3.375924
v -0.252984 -0.257523 -3.450079
v -0.091882 -0.257523 -3.493643
v 0.074623 -0.257523 -3.504939
v 0.240132 -0.257523 -3.483536
v 0.398285 -0.257523 -3.430254
v 0.543005 -0.257523 -3.347142
v 0.668730 -0.257523 -3.237393
v 0.770628 -0.257523 -3.105225
v 0.844784 -0.257523 -2.955717
v 0.888348 -0.257523 -2.794616
v 0.897839 -0.257523 -2.654714
v 0.877226 -0.257523 -2.495321
v 0.824459 -0.257523 -2.338695
v 0.743834 -0.257523 -2.198306
v 0.753180 -0.257523 -2.179464
v 0.741846 -0.257523 -2.159728
v 0.632097 -0.257523 -2.034003
v 0.499930 -0.257523 -1.932105
v 0.350422 -0.257523 -1.857949
v 0.189320 -0.257523 -1.814386
v 0.022815 -0.257523 -1.803090
v -0.142694 -0.257523 -1.824493
v -0.300848 -0.257523 -1.877775
v -0.445568 -0.257523 -1.960888
v -0.571293 -0.257523 -2.070637
v -0.673190 -0.257523 -2.202804
v 0.918504 0.319411 -2.188909
v 1.030112 0.319411 -2.460042
v 0.967525 0.319411 -2.274268
v 1.042890 0.527754 -2.558848
v 1.042890 -0.256786 -2.558848
v 1.030112 -0.241723 -2.460042
v 0.967525 -0.241723 -2.274268
v 0.918504 -0.241723 -2.188909
v 0.918396 0.319411 -2.176477
v 0.931510 0.319411 -2.107420
v 0.957847 0.319411 -2.042248
v 0.996391 0.319411 -1.983466
v 1.045662 0.319411 -1.933334
v 1.103767 0.319411 -1.893778
v 1.168472 0.319411 -1.866317
v 1.237291 0.319411 -1.852007
v 1.307581 0.319411 -1.851397
v 1.376638 0.319411 -1.864513
v 1.385525 0.319411 -1.868105
v 1.387329 0.319411 -1.876778
v 1.450550 0.319411 -1.902325
v 1.508764 0.319411 -1.940498
v 1.557043 0.319411 -1.987948
v 1.590280 0.319411 -2.036769
v 1.617741 0.319411 -2.101475
v 1.632051 0.319411 -2.170294
v 1.632660 0.319411 -2.240583
v 1.619544 0.319411 -2.309640
v 1.593209 0.319411 -2.374811
v 1.554664 0.319411 -2.433594
v 1.505393 0.319411 -2.483725
v 1.447289 0.319411 -2.523282
v 1.382583 0.319411 -2.550743
v 1.313764 0.319411 -2.565053
v 1.243475 0.319411 -2.565663
v 1.174417 0.319411 -2.552547
v 1.119171 0.319411 -2.530221
v 1.062985 0.319411 -2.493379
v 1.030264 0.319411 -2.461221
v 1.030264 0.527754 -2.461221
v 1.034185 0.527754 -2.491534
v 1.030264 -0.256786 -2.461221
v 1.119171 -0.241723 -2.530221
v 1.174417 -0.241723 -2.552547
v 1.243475 -0.241723 -2.565663
v 1.313764 -0.241723 -2.565053
v 1.382583 -0.241723 -2.550743
v 1.447289 -0.241723 -2.523282
v 1.505393 -0.241723 -2.483725
v 1.554664 -0.241723 -2.433594
v 1.593209 -0.241723 -2.374811
v 1.619544 -0.241723 -2.309640
v 1.632660 -0.241723 -2.240583
v 1.632051 -0.241723 -2.170294
v 1.617741 -0.241723 -2.101475
v 1.590280 -0.241723 -2.036769
v 1.557043 -0.241723 -1.987948
v 1.508764 -0.241723 -1.940498
v 1.450550 -0.241723 -1.902325
v 1.387329 -0.241723 -1.876778
v 1.385525 -0.241723 -1.868105
v 1.376638 -0.241723 -1.864513
v 1.307581 -0.241723 -1.851397
v 1.237291 -0.241723 -1.852007
v 1.168472 -0.241723 -1.866317
v 1.103767 -0.241723 -1.893778
v 1.045662 -0.241723 -1.933334
v 0.996391 -0.241723 -1.983466
v 0.957847 -0.241723 -2.042248
v 0.931510 -0.241723 -2.107420
v 0.918396 -0.241723 -2.176477
v 1.030264 -0.241723 -2.461221
v 1.062985 -0.241723 -2.493379
v 1.387329 0.527754 -1.876778
v 1.450550 0.527754 -1.902325
v 1.508764 0.527754 -1.940498
v 1.603344 0.235100 -2.067553
v 1.062985 0.527754 -2.493379
v 1.121199 0.527754 -2.531551
v 1.185741 0.527754 -2.557633
v 1.254131 0.527754 -2.570621
v 1.323741 0.527754 -2.570018
v 1.391896 0.527754 -2.555846
v 1.455977 0.527754 -2.528651
v 1.513520 0.527754 -2.489476
v 1.562315 0.527754 -2.439828
v 1.600487 0.527754 -2.381614
v 1.626568 0.527754 -2.317072
v 1.639558 0.527754 -2.248682
v 1.638954 0.527754 -2.179072
v 1.624782 0.527754 -2.110917
v 1.597587 0.527754 -2.046836
v 1.558412 0.527754 -1.989293
v 1.609132 0.527754 -1.946927
v 1.655597 0.527754 -2.015180
v 1.687855 0.527754 -2.091185
v 1.704664 0.527754 -2.172024
v 1.705379 0.527754 -2.254589
v 1.689973 0.527754 -2.335707
v 1.659038 0.527754 -2.412262
v 1.613762 0.527754 -2.481308
v 1.555885 0.527754 -2.540196
v 1.487633 0.527754 -2.586662
v 1.411627 0.527754 -2.618919
v 1.330788 0.527754 -2.635727
v 1.248223 0.527754 -2.636443
v 1.167105 0.527754 -2.621036
v 1.090551 0.527754 -2.590101
v 1.090551 -0.256786 -2.590101
v 1.167105 -0.256786 -2.621036
v 1.248223 -0.256786 -2.636443
v 1.330788 -0.256786 -2.635727
v 1.411627 -0.256786 -2.618919
v 1.487633 -0.256786 -2.586662
v 1.555885 -0.256786 -2.540196
v 1.613762 -0.256786 -2.481308
v 1.659038 -0.256786 -2.412262
v 1.689973 -0.256786 -2.335707
v 1.705379 -0.256786 -2.254589
v 1.704664 -0.256786 -2.172024
v 1.687855 -0.256786 -2.091185
v 1.655597 -0.256786 -2.015180
v 1.609132 -0.256786 -1.946927
v 1.558412 -0.256786 -1.989293
v 1.597587 -0.256786 -2.046836
v 1.624782 -0.256786 -2.110917
v 1.638954 -0.256786 -2.179072
v 1.639558 -0.256786 -2.248682
v 1.626568 -0.256786 -2.317072
v 1.600487 -0.256786 -2.381614
v 1.562315 -0.256786 -2.439828
v 1.513520 -0.256786 -2.489476
v 1.455977 -0.256786 -2.528651
v 1.391896 -0.256786 -2.555846
v 1.323741 -0.256786 -2.570018
v 1.254131 -0.256786 -2.570621
v 1.185741 -0.256786 -2.557633
v 1.121199 -0.256786 -2.531551
v 1.062985 -0.256786 -2.493379
v 1.603344 -0.235100 -2.067553
v 1.603344 -0.235100 -2.067553
v 1.508764 -0.256786 -1.940498
v 1.450550 -0.256786 -1.902325
v 1.387329 -0.256786 -1.876778
v 1.373447 0.527754 -1.810017
v 1.372015 0.527754 -1.806643
v 1.404643 0.527754 -1.812839
v 1.481197 0.527754 -1.843775
v 1.550244 0.527754 -1.889051
v 1.605595 0.235100 -2.065706
v 1.550244 -0.256786 -1.889051
v 1.481197 -0.256786 -1.843775
v 1.404643 -0.256786 -1.812839
v 1.372015 -0.256786 -1.806643
v 1.373447 -0.256786 -1.810017
v 1.605595 -0.235100 -2.065706
v 2.577548 0.235100 -0.512707
v 2.427997 0.235100 -1.005710
v 2.577548 -0.235100 -0.512707
v 2.427997 -0.235100 -1.005710
v 2.164591 0.319411 -1.510217
v 2.223955 0.319411 -1.515381
v 2.223955 -0.241723 -1.515381
v 2.164591 -0.241723 -1.510217
v 2.166920 -0.256786 -1.510895
v 1.892187 0.319411 -1.301484
v 1.890178 0.319411 -1.297825
v 1.869007 0.319411 -1.230797
v 1.861320 0.319411 -1.160928
v 1.867411 0.319411 -1.090900
v 1.887046 0.319411 -1.023407
v 1.919472 0.319411 -0.961041
v 1.963442 0.319411 -0.906200
v 2.017265 0.319411 -0.860990
v 2.078876 0.319411 -0.827150
v 2.145903 0.319411 -0.805979
v 2.215773 0.319411 -0.798292
v 2.217021 0.319411 -0.798401
v 2.228211 0.319411 -0.804381
v 2.229587 0.319411 -0.806887
v 2.233543 0.319411 -0.807231
v 2.271842 0.319411 -0.827703
v 2.445522 0.319411 -0.880388
v 2.470501 0.319411 -0.900414
v 2.515710 0.319411 -0.954238
v 2.549550 0.319411 -1.015848
v 2.570721 0.319411 -1.082875
v 2.578408 0.319411 -1.152745
v 2.572317 0.319411 -1.222772
v 2.552681 0.319411 -1.290266
v 2.520255 0.319411 -1.352631
v 2.476286 0.319411 -1.407473
v 2.422462 0.319411 -1.452682
v 2.360852 0.319411 -1.486522
v 2.293824 0.319411 -1.507693
v 2.100078 0.319411 -1.491448
v 2.038315 0.319411 -1.459335
v 1.984004 0.319411 -1.415791
v 1.939231 0.319411 -1.362487
v 1.906403 0.319411 -1.302720
v 2.293824 -0.241723 -1.507693
v 2.360852 -0.241723 -1.486522
v 2.422462 -0.241723 -1.452682
v 2.476286 -0.241723 -1.407473
v 2.520255 -0.241723 -1.352631
v 2.552681 -0.241723 -1.290266
v 2.572317 -0.241723 -1.222772
v 2.578408 -0.241723 -1.152745
v 2.570721 -0.241723 -1.082875
v 2.549550 -0.241723 -1.015848
v 2.515710 -0.241723 -0.954238
v 2.470501 -0.241723 -0.900414
v 2.445522 -0.241723 -0.880388
v 2.271842 -0.241723 -0.827703
v 2.233543 -0.241723 -0.807231
v 2.229587 -0.241723 -0.806887
v 2.228211 -0.241723 -0.804381
v 2.217021 -0.241723 -0.798401
v 2.215773 -0.241723 -0.798292
v 2.145903 -0.241723 -0.805979
v 2.078876 -0.241723 -0.827150
v 2.017265 -0.241723 -0.860990
v 1.963442 -0.241723 -0.906200
v 1.919472 -0.241723 -0.961041
v 1.887046 -0.241723 -1.023407
v 1.867411 -0.241723 -1.090900
v 1.861320 -0.241723 -1.160928
v 1.869007 -0.241723 -1.230797
v 1.890178 -0.241723 -1.297825
v 1.892187 -0.241723 -1.301484
v 1.906403 -0.241723 -1.302720
v 1.939231 -0.241723 -1.362487
v 1.984004 -0.241723 -1.415791
v 2.038315 -0.241723 -1.459335
v 2.100078 -0.241723 -1.491448
v 2.100078 -0.256786 -1.491448
v 2.166920 0.527754 -1.510895
v 1.906403 0.527754 -1.302720
v 2.228211 0.460509 -0.804381
v 2.229587 0.527754 -0.806887
v 2.233543 0.527754 -0.807231
v 2.446484 0.527754 -0.880679
v 2.445522 0.235100 -0.880388
v 2.462004 0.235100 -0.893602
v 2.462004 -0.235100 -0.893602
v 2.445522 -0.235100 -0.880388
v 2.100078 0.527754 -1.491448
v 2.038315 0.527754 -1.459335
v 1.984004 0.527754 -1.415791
v 1.939231 0.527754 -1.362487
v 2.446484 -0.256786 -0.880679
v 2.233543 -0.256786 -0.807231
v 2.229587 -0.256786 -0.806887
v 2.228211 -0.251924 -0.804381
v 2.215773 -0.235100 -0.798292
v 2.217021 -0.235100 -0.798401
v 2.145903 -0.235100 -0.805979
v 2.078876 -0.235100 -0.827150
v 2.017265 -0.235100 -0.860990
v 1.963442 -0.235100 -0.906200
v 1.919472 -0.235100 -0.961041
v 1.887046 -0.235100 -1.023407
v 1.867411 -0.235100 -1.090900
v 1.861320 -0.235100 -1.160928
v 1.869007 -0.235100 -1.230797
v 1.890178 -0.235100 -1.297825
v 1.892187 -0.235100 -1.301484
v 1.906403 -0.256786 -1.302720
v 1.939231 -0.256786 -1.362487
v 1.984004 -0.256786 -1.415791
v 2.038315 -0.256786 -1.459335
v 2.002229 -0.256786 -1.514700
v 2.075486 -0.256786 -1.552788
v 2.154768 -0.256786 -1.575854
v 2.237025 -0.256786 -1.583009
v 2.319097 -0.256786 -1.573979
v 2.397831 -0.256786 -1.549111
v 2.470200 -0.256786 -1.509360
v 2.533424 -0.256786 -1.456255
v 2.585073 -0.256786 -1.391835
v 2.623163 -0.256786 -1.318578
v 2.646227 -0.256786 -1.239297
v 2.653383 -0.256786 -1.157040
v 2.644353 -0.256786 -1.074968
v 2.619484 -0.256786 -0.996234
v 2.579735 -0.256786 -0.923864
v 2.554637 -0.256786 -0.893985
v 2.459435 -0.256786 -0.884608
v 2.480435 -0.256786 -0.907900
v 2.525208 -0.256786 -0.961204
v 2.558722 -0.256786 -1.022218
v 2.579688 -0.256786 -1.088599
v 2.587301 -0.256786 -1.157794
v 2.581269 -0.256786 -1.227145
v 2.561822 -0.256786 -1.293986
v 2.529710 -0.256786 -1.355749
v 2.486164 -0.256786 -1.410061
v 2.432860 -0.256786 -1.454834
v 2.371846 -0.256786 -1.488347
v 2.305465 -0.256786 -1.509313
v 2.236270 -0.256786 -1.516927
v 2.236270 0.527754 -1.516927
v 1.838471 0.527754 -1.296811
v 2.098956 0.555287 -0.735293
v 2.228211 0.527754 -0.804381
v 2.271842 0.555287 -0.827703
v 2.445663 0.235100 -0.880430
v 2.446484 0.235100 -0.880679
v 2.446448 -0.235100 -0.880668
v 2.002229 0.527754 -1.514700
v 1.937810 0.527754 -1.463051
v 1.884705 0.527754 -1.399827
v 1.844955 0.527754 -1.327458
v 1.834951 0.527754 -1.295787
v 2.271842 -0.273435 -0.827703
v 2.228211 -0.256786 -0.804381
v 2.098956 -0.273435 -0.735293
v 2.106590 -0.235100 -0.739374
v 1.838471 -0.256786 -1.296811
v 1.840493 -0.235100 -1.296987
v 1.834951 -0.256786 -1.295787
v 1.844955 -0.256786 -1.327458
v 1.884705 -0.256786 -1.399827
v 1.937810 -0.256786 -1.463051
v 2.002229 -0.235100 -1.514700
v 2.075486 -0.235100 -1.552788
v 2.102575 -0.235100 -1.560669
v 2.075486 0.527754 -1.552788
v 2.154768 0.527754 -1.575854
v 2.237025 0.527754 -1.583009
v 2.319097 0.527754 -1.573979
v 2.397831 0.527754 -1.549111
v 2.470200 0.527754 -1.509360
v 2.533424 0.527754 -1.456255
v 2.585073 0.527754 -1.391835
v 2.623163 0.527754 -1.318578
v 2.646227 0.527754 -1.239297
v 2.653383 0.527754 -1.157040
v 2.644353 0.527754 -1.074968
v 2.619484 0.527754 -0.996234
v 2.579735 0.527754 -0.923864
v 2.554637 0.527754 -0.893985
v 2.459435 -0.273435 -0.884608
v 2.480435 0.527754 -0.907900
v 2.446484 -0.235100 -0.880679
v 2.462121 -0.235100 -0.893217
v 2.462121 0.235100 -0.893217
v 2.525208 0.527754 -0.961204
v 2.558722 0.527754 -1.022218
v 2.579688 0.527754 -1.088599
v 2.587301 0.527754 -1.157794
v 2.581269 0.527754 -1.227145
v 2.561822 0.527754 -1.293986
v 2.529710 0.527754 -1.355749
v 2.486164 0.527754 -1.410061
v 2.432860 0.527754 -1.454834
v 2.371846 0.527754 -1.488347
v 2.305465 0.527754 -1.509313
v 2.459435 0.527754 -0.884608
v 2.459435 0.555287 -0.884608
v 2.098956 -0.235100 -0.735293
v 1.838471 -0.235100 -1.296811
v 1.937810 -0.235100 -1.463051
v 1.834951 -0.235100 -1.295787
v 1.844955 -0.235100 -1.327458
v 1.884705 -0.235100 -1.399827
v 2.654525 -0.273435 -0.903823
v 2.038001 0.555287 -0.685269
v 2.654525 0.555287 -0.903823
v 2.046329 0.555287 -0.682742
v 2.189107 0.555287 -0.606426
v 2.331887 0.555287 -0.682743
v 2.490046 0.555287 -0.730720
v 2.654524 0.555287 -0.746919
v 2.819005 0.555287 -0.730719
v 2.654524 -0.273435 -0.746919
v 2.490046 -0.273435 -0.730720
v 2.331887 -0.273435 -0.682743
v 2.189107 -0.273435 -0.606426
v 2.046329 -0.273435 -0.682742
v 2.038001 -0.273435 -0.685269
v 2.038001 -0.235100 -0.685269
v 2.977164 0.555287 -0.682742
v 3.122923 0.555287 -0.604831
v 3.250684 0.555287 -0.499982
v 3.355534 0.555287 -0.372222
v 3.433444 0.555287 -0.226462
v 3.481421 0.555287 -0.068303
v 3.497620 0.555287 0.096177
v 3.481421 0.555287 0.260658
v 3.433444 0.555287 0.418816
v 3.355533 0.555287 0.564577
v 3.250684 0.555287 0.692337
v 3.122924 0.555287 0.797187
v 2.977163 0.555287 0.875097
v 2.819005 0.555287 0.923074
v 2.654524 0.555287 0.939274
v 2.654524 0.555287 1.096178
v 2.849614 0.555287 1.076963
v 3.037207 0.555287 1.020057
v 3.210094 0.555287 0.927647
v 3.361631 0.555287 0.803284
v 3.485994 0.555287 0.651748
v 3.578404 0.555287 0.478861
v 3.635310 0.555287 0.291268
v 3.654524 0.555287 0.096178
v 3.635310 0.555287 -0.098912
v 3.578403 0.555287 -0.286506
v 3.485994 0.555287 -0.459393
v 3.361631 0.555287 -0.610929
v 3.210094 0.555287 -0.735292
v 3.037207 0.555287 -0.827702
v 2.849614 0.555287 -0.884608
v 2.159230 0.335211 -0.622396
v 2.331887 0.335211 -0.682743
v 2.189107 0.335211 -0.606426
v 2.490046 0.335211 -0.730720
v 2.654524 0.335211 -0.746919
v 2.819005 0.335211 -0.730719
v 2.849614 -0.273435 -0.884608
v 3.037207 -0.273435 -0.827702
v 3.210094 -0.273435 -0.735292
v 3.361631 -0.273435 -0.610929
v 3.485994 -0.273435 -0.459393
v 3.578403 -0.273435 -0.286506
v 3.635310 -0.273435 -0.098912
v 3.654524 -0.273435 0.096178
v 3.635310 -0.273435 0.291268
v 3.578404 -0.273435 0.478861
v 3.485994 -0.273435 0.651748
v 3.361631 -0.273435 0.803284
v 3.210094 -0.273435 0.927647
v 3.037207 -0.273435 1.020057
v 2.849614 -0.273435 1.076963
v 2.654524 -0.273435 1.096178
v 2.654524 -0.273435 0.939274
v 2.819005 -0.273435 0.923074
v 2.977163 -0.273435 0.875097
v 3.122924 -0.273435 0.797187
v 3.250684 -0.273435 0.692337
v 3.355533 -0.273435 0.564577
v 3.433444 -0.273435 0.418816
v 3.481421 -0.273435 0.260658
v 3.497620 -0.273435 0.096177
v 3.481421 -0.273435 -0.068303
v 3.433444 -0.273435 -0.226462
v 3.355534 -0.273435 -0.372222
v 3.250684 -0.273435 -0.499982
v 3.122923 -0.273435 -0.604831
v 2.977164 -0.273435 -0.682742
v 2.819005 -0.273435 -0.730719
v 2.654524 -0.257523 -0.746919
v 2.490046 -0.257523 -0.730720
v 2.331887 -0.257523 -0.682743
v 2.189107 -0.257523 -0.606426
v 2.159230 -0.257523 -0.622396
v 2.046329 -0.235100 -0.682742
v 2.971654 0.335211 -0.684414
v 2.038001 0.555287 0.877624
v 2.098954 0.555287 0.927647
v 2.271841 0.555287 1.020057
v 2.459433 0.555287 1.076963
v 2.490044 0.555287 0.923074
v 2.331885 0.555287 0.875097
v 2.189108 0.555287 0.798781
v 2.046329 0.555287 0.875097
v 2.150488 0.335211 -0.617724
v 2.021482 0.335211 -0.511852
v 1.915610 0.335211 -0.382846
v 1.836939 0.335211 -0.235664
v 1.788494 0.335211 -0.075963
v 1.772136 0.335211 0.090122
v 1.788494 0.335211 0.256206
v 1.836939 0.335211 0.415907
v 1.915609 0.335211 0.563089
v 2.021482 0.335211 0.692095
v 2.150487 0.335211 0.797968
v 2.170558 0.335211 0.808696
v 2.189108 0.335211 0.798781
v 2.331885 0.335211 0.875097
v 2.490044 0.335211 0.923074
v 2.649990 0.335211 0.938828
v 2.789539 0.335211 0.925084
v 2.949240 0.335211 0.876638
v 3.096423 0.335211 0.797968
v 3.225429 0.335211 0.692096
v 3.331302 0.335211 0.563090
v 3.409971 0.335211 0.415908
v 3.458416 0.335211 0.256206
v 3.474774 0.335211 0.090122
v 3.458416 0.335211 -0.075962
v 3.409971 0.335211 -0.235663
v 3.331301 0.335211 -0.382845
v 3.225428 0.335211 -0.511851
v 3.096423 0.335211 -0.617724
v 2.189108 -0.273435 0.798781
v 2.331885 -0.273435 0.875097
v 2.490044 -0.273435 0.923074
v 2.459433 -0.273435 1.076963
v 2.271841 -0.273435 1.020057
v 2.098954 -0.273435 0.927647
v 2.038001 -0.273435 0.877624
v 2.046329 -0.273435 0.875097
v 2.971654 -0.257523 -0.684414
v 2.819005 -0.257523 -0.730719
v 3.096423 -0.257523 -0.617724
v 3.225428 -0.257523 -0.511851
v 3.331301 -0.257523 -0.382845
v 3.409971 -0.257523 -0.235663
v 3.458416 -0.257523 -0.075962
v 3.474774 -0.257523 0.090122
v 3.458416 -0.257523 0.256206
v 3.409971 -0.257523 0.415908
v 3.331302 -0.257523 0.563090
v 3.225429 -0.257523 0.692096
v 3.096423 -0.257523 0.797968
v 2.949240 -0.257523 0.876638
v 2.789539 -0.257523 0.925084
v 2.649990 -0.257523 0.938828
v 2.490044 -0.257523 0.923074
v 2.331885 -0.257523 0.875097
v 2.189108 -0.257523 0.798781
v 2.170558 -0.257523 0.808696
v 2.150487 -0.257523 0.797968
v 2.021482 -0.257523 0.692095
v 1.915609 -0.257523 0.563089
v 1.836939 -0.257523 0.415907
v 1.788494 -0.257523 0.256206
v 1.772136 -0.257523 0.090122
v 1.788494 -0.257523 -0.075963
v 1.836939 -0.257523 -0.235664
v 1.915610 -0.257523 -0.382846
v 2.021482 -0.257523 -0.511852
v 2.150488 -0.257523 -0.617724
v 2.159230 -0.235100 -0.622396
v 2.053440 -0.235100 -0.678941
v 2.185030 0.319411 0.973656
v 2.459433 0.319411 1.076963
v 2.271841 0.319411 1.020057
v 2.558583 0.527754 1.086729
v 2.558583 -0.256786 1.086729
v 2.459433 -0.241723 1.076963
v 2.271841 -0.241723 1.020057
v 2.185030 -0.241723 0.973656
v 2.098954 -0.235100 0.927647
v 2.038001 -0.235100 0.877624
v 2.046329 -0.235100 0.875097
v 2.150487 -0.235100 0.797968
v 2.170558 -0.235100 0.808696
v 2.021482 -0.235100 0.692095
v 1.915609 -0.235100 0.563089
v 1.836939 -0.235100 0.415907
v 1.788494 -0.235100 0.256206
v 1.772136 -0.235100 0.090122
v 1.788494 -0.235100 -0.075963
v 1.836939 -0.235100 -0.235664
v 1.915610 -0.235100 -0.382846
v 2.021482 -0.235100 -0.511852
v 2.150488 -0.235100 -0.617724
v 2.172601 0.319411 0.973926
v 2.103974 0.319411 0.989137
v 2.039634 0.319411 1.017443
v 1.982053 0.319411 1.057758
v 1.933443 0.319411 1.108531
v 1.895672 0.319411 1.167813
v 1.870193 0.319411 1.233325
v 1.857984 0.319411 1.302547
v 1.859513 0.319411 1.372822
v 1.874724 0.319411 1.441448
v 1.878584 0.319411 1.450222
v 1.887308 0.319411 1.451761
v 1.914768 0.319411 1.514176
v 1.954693 0.319411 1.571201
v 2.003590 0.319411 1.618014
v 2.053401 0.319411 1.649750
v 2.118912 0.319411 1.675230
v 2.188135 0.319411 1.687439
v 2.258410 0.319411 1.685909
v 2.327036 0.319411 1.670698
v 2.391376 0.319411 1.642392
v 2.448957 0.319411 1.602077
v 2.497567 0.319411 1.551303
v 2.535338 0.319411 1.492022
v 2.560817 0.319411 1.426511
v 2.573027 0.319411 1.357288
v 2.571496 0.319411 1.287012
v 2.556286 0.319411 1.218387
v 2.532290 0.319411 1.163845
v 2.493755 0.319411 1.108806
v 2.460617 0.319411 1.077079
v 2.460617 0.527754 1.077079
v 2.491035 0.527754 1.080075
v 2.054154 -0.235100 0.870915
v 2.460617 -0.256786 1.077079
v 2.532290 -0.241723 1.163845
v 2.556286 -0.241723 1.218387
v 2.571496 -0.241723 1.287012
v 2.573027 -0.241723 1.357288
v 2.560817 -0.241723 1.426511
v 2.535338 -0.241723 1.492022
v 2.497567 -0.241723 1.551303
v 2.448957 -0.241723 1.602077
v 2.391376 -0.241723 1.642392
v 2.327036 -0.241723 1.670698
v 2.258410 -0.241723 1.685909
v 2.188135 -0.241723 1.687439
v 2.118912 -0.241723 1.675230
v 2.053401 -0.241723 1.649750
v 2.003590 -0.241723 1.618014
v 1.954693 -0.241723 1.571201
v 1.914768 -0.241723 1.514176
v 1.887308 -0.241723 1.451761
v 1.878584 -0.241723 1.450222
v 1.874724 -0.241723 1.441448
v 1.859513 -0.241723 1.372822
v 1.857984 -0.241723 1.302547
v 1.870193 -0.241723 1.233325
v 1.895672 -0.241723 1.167813
v 1.933443 -0.241723 1.108531
v 1.982053 -0.241723 1.057758
v 2.039634 -0.241723 1.017443
v 2.103974 -0.241723 0.989137
v 2.172601 -0.241723 0.973926
v 2.460617 -0.241723 1.077079
v 2.493755 -0.241723 1.108806
v 2.185030 -0.235100 0.973656
v 2.104520 -0.235100 0.930622
v 1.887308 0.527754 1.451761
v 1.914768 0.527754 1.514176
v 1.954693 0.527754 1.571201
v 2.003590 0.235100 1.618014
v 2.037685 0.235100 1.639738
v 2.037685 -0.235100 1.639738
v 2.003590 -0.235100 1.618014
v 2.493755 0.527754 1.108806
v 2.533681 0.527754 1.165831
v 2.561714 0.527754 1.229550
v 2.576778 0.527754 1.297513
v 2.578293 0.527754 1.367109
v 2.566201 0.527754 1.435664
v 2.540968 0.527754 1.500542
v 2.503562 0.527754 1.559251
v 2.455422 0.527754 1.609535
v 2.398397 0.527754 1.649460
v 2.334678 0.527754 1.677493
v 2.266715 0.527754 1.692557
v 2.197119 0.527754 1.694072
v 2.128564 0.527754 1.681981
v 2.063685 0.527754 1.656747
v 2.004977 0.527754 1.619342
v 1.964174 0.527754 1.671327
v 2.033809 0.527754 1.715694
v 2.110761 0.527754 1.745624
v 2.192074 0.527754 1.759965
v 2.274622 0.527754 1.758168
v 2.355234 0.527754 1.740301
v 2.430811 0.527754 1.707051
v 2.498449 0.527754 1.659695
v 2.555548 0.527754 1.600054
v 2.599915 0.527754 1.530419
v 2.629844 0.527754 1.453467
v 2.644186 0.527754 1.372154
v 2.642389 0.527754 1.289605
v 2.624522 0.527754 1.208994
v 2.591271 0.527754 1.133417
v 2.591271 -0.256786 1.133417
v 2.624522 -0.256786 1.208994
v 2.642389 -0.256786 1.289605
v 2.644186 -0.256786 1.372154
v 2.629844 -0.256786 1.453467
v 2.599915 -0.256786 1.530419
v 2.555548 -0.256786 1.600054
v 2.498449 -0.256786 1.659695
v 2.430811 -0.256786 1.707051
v 2.355234 -0.256786 1.740301
v 2.274622 -0.256786 1.758168
v 2.192074 -0.256786 1.759965
v 2.110761 -0.256786 1.745624
v 2.033809 -0.256786 1.715694
v 1.964174 -0.256786 1.671327
v 2.004977 -0.256786 1.619342
v 2.063685 -0.256786 1.656747
v 2.128564 -0.256786 1.681981
v 2.197119 -0.256786 1.694072
v 2.266715 -0.256786 1.692557
v 2.334678 -0.256786 1.677493
v 2.398397 -0.256786 1.649460
v 2.455422 -0.256786 1.609535
v 2.503562 -0.256786 1.559251
v 2.540968 -0.256786 1.500542
v 2.566201 -0.256786 1.435664
v 2.578293 -0.256786 1.367109
v 2.576778 -0.256786 1.297513
v 2.561714 -0.256786 1.229550
v 2.533681 -0.256786 1.165831
v 2.493755 -0.256786 1.108806
v 1.954693 -0.256786 1.571201
v 1.914768 -0.256786 1.514176
v 1.887308 -0.256786 1.451761
v 1.874724 -0.235100 1.441448
v 1.878584 -0.235100 1.450222
v 1.859513 -0.235100 1.372822
v 1.857984 -0.235100 1.302547
v 1.870193 -0.235100 1.233325
v 1.895672 -0.235100 1.167813
v 1.933443 -0.235100 1.108531
v 1.982053 -0.235100 1.057758
v 2.039634 -0.235100 1.017443
v 2.103974 -0.235100 0.989137
v 2.172601 -0.235100 0.973926
v 1.820156 0.527754 1.439917
v 1.816740 0.527754 1.438588
v 1.823927 0.527754 1.471013
v 1.857177 0.527754 1.546590
v 1.904533 0.527754 1.614228
v 2.004925 -0.235100 1.619292
v 2.003793 0.235100 1.618209
v 2.004977 -0.235100 1.619342
v 2.037446 -0.235100 1.640029
v 2.037446 0.235100 1.640029
v 2.004977 0.235100 1.619342
v 1.995421 -0.235100 1.691236
v 1.964174 -0.235100 1.671327
v 1.904533 -0.256786 1.614228
v 1.857177 -0.256786 1.546590
v 1.823927 -0.256786 1.471013
v 1.816740 -0.256786 1.438588
v 1.820156 -0.256786 1.439917
v 1.822355 -0.235100 1.440305
v 1.904533 -0.235100 1.614228
v 1.857177 -0.235100 1.546590
v 1.823927 -0.235100 1.471013
v 1.816740 -0.235100 1.438588
v 1.820156 -0.235100 1.439917
v 0.000000 -0.235100 -2.628045
v 0.512706 -0.235100 -2.577548
v 1.005710 -0.235100 -2.427997
v 1.460064 -0.235100 -2.185140
v 1.858309 -0.235100 -1.858309
v 1.858309 -0.235100 1.858309
v 1.460064 -0.235100 2.185140
v 1.005709 -0.235100 2.427998
v 0.512706 -0.235100 2.577549
v -0.000001 -0.235100 2.628045
v -0.512707 -0.235100 2.577548
v -1.005710 -0.235100 2.427997
v -1.460065 -0.235100 2.185139
v -1.858310 -0.235100 1.858307
v -2.185141 -0.235100 1.460062
v -2.427998 -0.235100 1.005707
v -2.577548 -0.235100 0.512704
v -2.628045 -0.235100 -0.000003
v -2.577547 -0.235100 -0.512709
v -2.427996 -0.235100 -1.005712
v -2.185138 -0.235100 -1.460067
v -1.858306 -0.235100 -1.858311
v -1.460061 -0.235100 -2.185142
v -1.005706 -0.235100 -2.427999
v -0.512702 -0.235100 -2.577549
vt 0.978266 0.298012
vt 0.981218 0.298012
vt 0.981218 0.338451
vt 0.978266 0.338451
vt 0.935516 0.794684
vt 0.939242 0.794684
vt 0.939242 0.851223
vt 0.935516 0.851223
vt 0.935516 0.836208
vt 0.939112 0.836208
vt 0.939112 0.795769
vt 0.935516 0.795769
vt 0.872951 0.657930
vt 0.873107 0.657754
vt 0.876256 0.655354
vt 0.879813 0.653615
vt 0.883640 0.652605
vt 0.887590 0.652362
vt 0.891511 0.652895
vt 0.895254 0.654184
vt 0.898673 0.656180
vt 0.901638 0.658806
vt 0.904035 0.661960
vt 0.905771 0.665522
vt 0.905789 0.665591
vt 0.905684 0.666298
vt 0.905578 0.666419
vt 0.905635 0.666636
vt 0.905278 0.669058
vt 0.905789 0.679280
vt 0.905202 0.680987
vt 0.903209 0.684412
vt 0.900588 0.687381
vt 0.897438 0.689781
vt 0.893882 0.691520
vt 0.890055 0.692530
vt 0.886105 0.692773
vt 0.882183 0.692240
vt 0.878441 0.690951
vt 0.875021 0.688955
vt 0.872056 0.686329
vt 0.869660 0.683175
vt 0.867924 0.679613
vt 0.867069 0.676364
vt 0.866837 0.672582
vt 0.867364 0.668692
vt 0.868639 0.664980
vt 0.870613 0.661589
vt 0.873156 0.658708
vt 0.984265 0.298012
vt 0.984265 0.338451
vt 0.918142 0.175553
vt 0.918998 0.172303
vt 0.920734 0.168741
vt 0.923130 0.165587
vt 0.926095 0.162961
vt 0.929514 0.160966
vt 0.933257 0.159676
vt 0.937178 0.159143
vt 0.941128 0.159386
vt 0.944955 0.160396
vt 0.948512 0.162135
vt 0.951662 0.164535
vt 0.954283 0.167505
vt 0.956276 0.170929
vt 0.956862 0.172636
vt 0.956352 0.182858
vt 0.956708 0.185280
vt 0.956651 0.185497
vt 0.956758 0.185618
vt 0.956862 0.186326
vt 0.956844 0.186394
vt 0.955108 0.189956
vt 0.952712 0.193110
vt 0.949747 0.195736
vt 0.946328 0.197732
vt 0.942585 0.199021
vt 0.938664 0.199554
vt 0.934713 0.199311
vt 0.930886 0.198301
vt 0.927330 0.196562
vt 0.924180 0.194162
vt 0.924025 0.193986
vt 0.924229 0.193208
vt 0.921686 0.190327
vt 0.919713 0.186936
vt 0.918438 0.183224
vt 0.917910 0.179334
vt 0.623696 0.286524
vt 0.623696 0.292600
vt 0.623488 0.292600
vt 0.623488 0.286524
vt 0.626767 0.286524
vt 0.626767 0.292600
vt 0.980673 0.410990
vt 0.974607 0.410990
vt 0.974607 0.408011
vt 0.980673 0.408011
vt 0.980673 0.414423
vt 0.974607 0.414423
vt 0.980673 0.418176
vt 0.974607 0.418176
vt 0.980673 0.422105
vt 0.974607 0.422105
vt 0.980673 0.426061
vt 0.974607 0.426061
vt 0.980673 0.429889
vt 0.974607 0.429889
vt 0.980673 0.433445
vt 0.974607 0.433445
vt 0.980673 0.436590
vt 0.974607 0.436590
vt 0.636651 0.292600
vt 0.636651 0.286524
vt 0.639656 0.286524
vt 0.639656 0.292600
vt 0.636590 0.286524
vt 0.636590 0.292600
vt 0.048283 0.863224
vt 0.048426 0.858378
vt 0.048426 0.873392
vt 0.048283 0.873392
vt 0.048622 0.873392
vt 0.048622 0.858378
vt 0.390772 0.985356
vt 0.388975 0.985356
vt 0.388975 0.944917
vt 0.390772 0.944917
vt 0.385164 0.985356
vt 0.385164 0.944917
vt 0.381634 0.985356
vt 0.381634 0.944917
vt 0.378522 0.985356
vt 0.378521 0.944917
vt 0.177778 0.985466
vt 0.177778 0.945027
vt 0.180780 0.945027
vt 0.180780 0.985466
vt 0.174331 0.985466
vt 0.174331 0.945027
vt 0.170571 0.985466
vt 0.170571 0.945027
vt 0.166642 0.985466
vt 0.166642 0.945027
vt 0.162696 0.985466
vt 0.162696 0.945027
vt 0.158883 0.985466
vt 0.158883 0.945027
vt 0.155352 0.985466
vt 0.155352 0.945027
vt 0.152236 0.985466
vt 0.152236 0.945027
vt 0.931625 0.851223
vt 0.931625 0.836208
vt 0.927717 0.851223
vt 0.927717 0.836208
vt 0.923943 0.851223
vt 0.923943 0.836208
vt 0.920519 0.851223
vt 0.920519 0.836208
vt 0.048622 0.914917
vt 0.048426 0.914917
vt 0.048426 0.913831
vt 0.048622 0.913831
vt 0.048283 0.913831
vt 0.048283 0.914566
vt 0.649783 0.292992
vt 0.649306 0.292992
vt 0.649306 0.292930
vt 0.649783 0.292930
vt 0.649783 0.296001
vt 0.649306 0.296001
vt 0.463809 0.922458
vt 0.463332 0.922458
vt 0.463332 0.919313
vt 0.463809 0.919313
vt 0.463332 0.915757
vt 0.463809 0.915757
vt 0.463332 0.911929
vt 0.463809 0.911929
vt 0.463332 0.907973
vt 0.463809 0.907973
vt 0.463332 0.904044
vt 0.463809 0.904044
vt 0.463332 0.900291
vt 0.463809 0.900291
vt 0.463332 0.896858
vt 0.463809 0.896858
vt 0.463332 0.893879
vt 0.463809 0.893879
vt 0.647754 0.289808
vt 0.647278 0.289808
vt 0.647278 0.286732
vt 0.647754 0.286732
vt 0.647754 0.286524
vt 0.647278 0.286524
vt 0.920519 0.795769
vt 0.919818 0.795769
vt 0.919818 0.796247
vt 0.917272 0.796247
vt 0.917172 0.794684
vt 0.920519 0.794684
vt 0.923943 0.794684
vt 0.923943 0.795769
vt 0.927717 0.794684
vt 0.927717 0.795769
vt 0.931625 0.794684
vt 0.931625 0.795769
vt 0.225975 0.990662
vt 0.221885 0.988451
vt 0.218303 0.985482
vt 0.215369 0.981871
vt 0.213194 0.977756
vt 0.211863 0.973295
vt 0.211426 0.968660
vt 0.211901 0.964028
vt 0.213269 0.959578
vt 0.215477 0.955481
vt 0.218441 0.951894
vt 0.222046 0.948955
vt 0.226155 0.946777
vt 0.230609 0.945444
vt 0.235238 0.945006
vt 0.237423 0.945231
vt 0.240870 0.949376
vt 0.241463 0.949856
vt 0.239121 0.949134
vt 0.235222 0.948733
vt 0.231320 0.949102
vt 0.227565 0.950226
vt 0.224101 0.952062
vt 0.221061 0.954540
vt 0.218562 0.957564
vt 0.216700 0.961018
vt 0.215547 0.964770
vt 0.215147 0.968675
vt 0.215515 0.972583
vt 0.216638 0.976344
vt 0.218471 0.979813
vt 0.220945 0.982858
vt 0.223964 0.985361
vt 0.227413 0.987225
vt 0.942657 0.794684
vt 0.942657 0.851223
vt 0.919431 0.830132
vt 0.919818 0.836208
vt 0.917172 0.851223
vt 0.917172 0.830132
vt 0.919818 0.830132
vt 0.046505 0.879468
vt 0.047572 0.873392
vt 0.047572 0.879468
vt 0.048283 0.858378
vt 0.579768 0.295560
vt 0.579680 0.295354
vt 0.579768 0.295219
vt 0.040066 0.879468
vt 0.040066 0.856393
vt 0.051057 0.856393
vt 0.051057 0.873392
vt 0.061641 0.856393
vt 0.061641 0.858378
vt 0.060910 0.858378
vt 0.060910 0.914917
vt 0.061641 0.914917
vt 0.061641 0.916117
vt 0.051057 0.916117
vt 0.051057 0.913831
vt 0.060856 0.913831
vt 0.060856 0.873392
vt 0.408504 0.946708
vt 0.412948 0.945338
vt 0.417572 0.944863
vt 0.422200 0.945300
vt 0.423992 0.945837
vt 0.423833 0.945968
vt 0.421410 0.948951
vt 0.417587 0.948590
vt 0.413688 0.948990
vt 0.409942 0.950145
vt 0.406493 0.952010
vt 0.040066 0.916117
vt 0.040551 0.913354
vt 0.047572 0.913354
vt 0.047572 0.913831
vt 0.048283 0.914917
vt 0.578469 0.295560
vt 0.578381 0.295425
vt 0.578469 0.295219
vt 0.231159 0.988380
vt 0.235058 0.988781
vt 0.238881 0.988420
vt 0.241304 0.991402
vt 0.241463 0.991534
vt 0.239671 0.992070
vt 0.235043 0.992507
vt 0.230418 0.992032
vt 0.226071 0.943793
vt 0.226071 0.887254
vt 0.230695 0.887254
vt 0.230695 0.943793
vt 0.235137 0.887254
vt 0.235137 0.943793
vt 0.239227 0.887254
vt 0.239227 0.943793
vt 0.242807 0.887254
vt 0.242807 0.943793
vt 0.901523 0.919625
vt 0.901523 0.863086
vt 0.905183 0.863086
vt 0.905183 0.919625
vt 0.909331 0.863086
vt 0.909331 0.919625
vt 0.913809 0.863086
vt 0.913809 0.919625
vt 0.918445 0.863086
vt 0.918445 0.919625
vt 0.923060 0.863086
vt 0.923060 0.919625
vt 0.927477 0.863086
vt 0.927477 0.919625
vt 0.931526 0.863086
vt 0.931526 0.919625
vt 0.935052 0.863086
vt 0.935052 0.919625
vt 0.465020 0.920610
vt 0.465020 0.864071
vt 0.468677 0.864071
vt 0.468677 0.920610
vt 0.472823 0.864071
vt 0.472823 0.920610
vt 0.474939 0.920610
vt 0.474939 0.864071
vt 0.066407 0.914917
vt 0.066407 0.858378
vt 0.071409 0.856393
vt 0.071409 0.916117
vt 0.063349 0.858378
vt 0.063349 0.914917
vt 0.067105 0.914917
vt 0.067105 0.858378
vt 0.070571 0.914917
vt 0.070571 0.858378
vt 0.073612 0.914917
vt 0.073612 0.858378
vt 0.693928 0.891446
vt 0.696874 0.891446
vt 0.696874 0.947985
vt 0.693928 0.947985
vt 0.690534 0.891446
vt 0.690534 0.947985
vt 0.686823 0.891446
vt 0.686823 0.947985
vt 0.682938 0.891446
vt 0.682938 0.947985
vt 0.679026 0.891446
vt 0.679026 0.947985
vt 0.675240 0.891446
vt 0.675240 0.947985
vt 0.671725 0.891446
vt 0.671725 0.947985
vt 0.668615 0.891446
vt 0.668615 0.947985
vt 0.945633 0.794684
vt 0.945633 0.851223
vt 0.403474 0.954513
vt 0.401000 0.957557
vt 0.399167 0.961027
vt 0.398044 0.964788
vt 0.397676 0.968696
vt 0.398076 0.972601
vt 0.399229 0.976352
vt 0.401091 0.979807
vt 0.403590 0.982831
vt 0.406630 0.985309
vt 0.410094 0.987145
vt 0.413849 0.988269
vt 0.417751 0.988638
vt 0.421650 0.988237
vt 0.423992 0.987515
vt 0.423399 0.987995
vt 0.419952 0.992139
vt 0.417767 0.992364
vt 0.413138 0.991927
vt 0.408684 0.990593
vt 0.404575 0.988416
vt 0.400970 0.985477
vt 0.398006 0.981890
vt 0.395798 0.977792
vt 0.394430 0.973343
vt 0.393955 0.968711
vt 0.394392 0.964076
vt 0.395723 0.959615
vt 0.397898 0.955499
vt 0.400832 0.951888
vt 0.404414 0.948920
vt 0.221443 0.943793
vt 0.221443 0.942230
vt 0.223520 0.942230
vt 0.223520 0.908345
vt 0.221443 0.908345
vt 0.221443 0.887254
vt 0.216988 0.908345
vt 0.216988 0.887254
vt 0.212877 0.908345
vt 0.212877 0.887254
vt 0.211426 0.887254
vt 0.211426 0.908345
vt 0.916976 0.851223
vt 0.916976 0.830132
vt 0.040066 0.913354
vt 0.917172 0.796247
vt 0.916976 0.796247
vt 0.916976 0.794684
vt 0.212877 0.942230
vt 0.212877 0.943793
vt 0.211426 0.943793
vt 0.211426 0.942230
vt 0.216988 0.942230
vt 0.216988 0.943793
vt 0.035651 0.856393
vt 0.035651 0.879468
vt 0.149136 0.595565
vt 0.160120 0.596649
vt 0.170682 0.599858
vt 0.180416 0.605068
vt 0.183848 0.607889
vt 0.183379 0.608032
vt 0.175340 0.612335
vt 0.167301 0.608032
vt 0.158396 0.605326
vt 0.149136 0.604413
vt 0.139875 0.605326
vt 0.425815 0.708344
vt 0.425815 0.699496
vt 0.435076 0.698583
vt 0.443981 0.695878
vt 0.452020 0.691574
vt 0.460059 0.695878
vt 0.460527 0.696020
vt 0.457096 0.698841
vt 0.447361 0.704052
vt 0.436799 0.707261
vt 0.035651 0.916117
vt 0.035651 0.913354
vt 0.976790 0.758489
vt 0.977175 0.758489
vt 0.977175 0.781564
vt 0.976790 0.781564
vt 0.130970 0.608032
vt 0.122763 0.612425
vt 0.115570 0.618338
vt 0.109666 0.625542
vt 0.105280 0.633761
vt 0.102579 0.642680
vt 0.101667 0.651955
vt 0.102579 0.661230
vt 0.105280 0.670148
vt 0.109666 0.678367
vt 0.115570 0.685572
vt 0.122763 0.691484
vt 0.130970 0.695878
vt 0.139875 0.698583
vt 0.149136 0.699497
vt 0.149135 0.708344
vt 0.138151 0.707261
vt 0.127589 0.704052
vt 0.117855 0.698841
vt 0.109323 0.691828
vt 0.102321 0.683283
vt 0.097118 0.673534
vt 0.093914 0.662956
vt 0.092832 0.651955
vt 0.093914 0.640954
vt 0.097118 0.630375
vt 0.102321 0.620626
vt 0.109323 0.612081
vt 0.117855 0.605069
vt 0.127589 0.599858
vt 0.138151 0.596649
vt 0.945675 0.067434
vt 0.929840 0.067435
vt 0.929840 0.058359
vt 0.945675 0.058359
vt 0.945675 0.076325
vt 0.929840 0.076325
vt 0.945675 0.084499
vt 0.929840 0.084499
vt 0.945675 0.091643
vt 0.929840 0.091643
vt 0.414831 0.707261
vt 0.404269 0.704052
vt 0.394535 0.698841
vt 0.386003 0.691828
vt 0.379001 0.683283
vt 0.373798 0.673534
vt 0.370594 0.662956
vt 0.369512 0.651954
vt 0.370594 0.640953
vt 0.373798 0.630375
vt 0.379001 0.620626
vt 0.386003 0.612081
vt 0.394535 0.605068
vt 0.404269 0.599858
vt 0.414831 0.596649
vt 0.425815 0.595565
vt 0.425815 0.604413
vt 0.416555 0.605326
vt 0.407650 0.608032
vt 0.399443 0.612425
vt 0.392250 0.618337
vt 0.386346 0.625542
vt 0.381960 0.633761
vt 0.379258 0.642680
vt 0.378346 0.651955
vt 0.379258 0.661229
vt 0.381960 0.670148
vt 0.386346 0.678367
vt 0.392250 0.685572
vt 0.399443 0.691484
vt 0.407650 0.695877
vt 0.416555 0.698583
vt 0.899121 0.939340
vt 0.899121 0.931166
vt 0.900266 0.931166
vt 0.900266 0.939340
vt 0.899121 0.948231
vt 0.900266 0.948231
vt 0.899121 0.957306
vt 0.900266 0.957306
vt 0.608082 0.295052
vt 0.608082 0.293349
vt 0.606468 0.293349
vt 0.606468 0.287316
vt 0.609227 0.286910
vt 0.609227 0.295052
vt 0.606468 0.286524
vt 0.609227 0.286524
vt 0.606468 0.286910
vt 0.079988 0.856393
vt 0.079988 0.916117
vt 0.971419 0.781564
vt 0.970361 0.774350
vt 0.968660 0.774350
vt 0.968660 0.758489
vt 0.870470 0.651148
vt 0.870470 0.644074
vt 0.827819 0.644074
vt 0.827819 0.651148
vt 0.826674 0.651148
vt 0.826674 0.643818
vt 0.886305 0.643818
vt 0.886305 0.651148
vt 0.826674 0.635506
vt 0.886305 0.635506
vt 0.826674 0.626531
vt 0.886305 0.626531
vt 0.826674 0.617239
vt 0.886305 0.617239
vt 0.826674 0.607986
vt 0.886305 0.607986
vt 0.826674 0.599128
vt 0.886305 0.599128
vt 0.826674 0.591005
vt 0.886305 0.591005
vt 0.826674 0.583930
vt 0.886305 0.583930
vt 0.606533 0.811914
vt 0.606533 0.819079
vt 0.546902 0.819079
vt 0.546902 0.811914
vt 0.606533 0.827269
vt 0.546902 0.827269
vt 0.606533 0.836169
vt 0.546902 0.836169
vt 0.606533 0.845437
vt 0.546902 0.845437
vt 0.606533 0.854718
vt 0.546902 0.854718
vt 0.606533 0.863655
vt 0.546902 0.863655
vt 0.606533 0.871903
vt 0.546902 0.871903
vt 0.183848 0.696020
vt 0.180416 0.698841
vt 0.170682 0.704052
vt 0.160120 0.707261
vt 0.158396 0.698583
vt 0.167301 0.695878
vt 0.175340 0.691574
vt 0.183379 0.695878
vt 0.089740 0.867893
vt 0.149372 0.867893
vt 0.149372 0.877589
vt 0.089740 0.877589
vt 0.089740 0.857348
vt 0.149372 0.857348
vt 0.089740 0.846359
vt 0.149372 0.846359
vt 0.089740 0.835347
vt 0.149372 0.835347
vt 0.089740 0.824737
vt 0.149372 0.824737
vt 0.089740 0.814935
vt 0.149372 0.814935
vt 0.089740 0.806319
vt 0.149372 0.806319
vt 0.150583 0.877595
vt 0.210215 0.877595
vt 0.210215 0.886061
vt 0.150583 0.886061
vt 0.150583 0.867905
vt 0.210215 0.867905
vt 0.150583 0.857364
vt 0.210215 0.857364
vt 0.150583 0.846376
vt 0.210215 0.846376
vt 0.150583 0.835363
vt 0.210215 0.835363
vt 0.150583 0.824749
vt 0.210215 0.824749
vt 0.150583 0.814942
vt 0.210215 0.814942
vt 0.150583 0.806319
vt 0.210215 0.806319
vt 0.278737 0.770719
vt 0.278628 0.771267
vt 0.275032 0.779961
vt 0.269812 0.787786
vt 0.263168 0.794440
vt 0.255355 0.799669
vt 0.246674 0.803270
vt 0.237458 0.805106
vt 0.228062 0.805106
vt 0.218846 0.803270
vt 0.210165 0.799669
vt 0.202352 0.794440
vt 0.201446 0.793533
vt 0.201677 0.792370
vt 0.195232 0.785914
vt 0.190062 0.778165
vt 0.186599 0.769792
vt 0.185059 0.762037
vt 0.185059 0.752626
vt 0.186892 0.743396
vt 0.190488 0.734702
vt 0.195708 0.726877
vt 0.202353 0.720223
vt 0.210165 0.714995
vt 0.218846 0.711393
vt 0.228062 0.709557
vt 0.237458 0.709557
vt 0.246674 0.711393
vt 0.255355 0.714995
vt 0.263168 0.720223
vt 0.268800 0.725864
vt 0.273790 0.733343
vt 0.277351 0.741954
vt 0.279167 0.751094
vt 0.279167 0.760414
vt 0.277388 0.769368
vt 0.452020 0.612335
vt 0.443981 0.608032
vt 0.435076 0.605326
vt 0.436799 0.596649
vt 0.447361 0.599858
vt 0.457096 0.605069
vt 0.460527 0.607889
vt 0.460058 0.608032
vt 0.899121 0.924022
vt 0.900266 0.924022
vt 0.815096 0.663172
vt 0.809464 0.668813
vt 0.801651 0.674041
vt 0.792970 0.677642
vt 0.783754 0.679478
vt 0.774358 0.679478
vt 0.765142 0.677642
vt 0.756461 0.674041
vt 0.748648 0.668813
vt 0.742004 0.662158
vt 0.736784 0.654334
vt 0.733188 0.645639
vt 0.731355 0.636409
vt 0.731355 0.626999
vt 0.732895 0.619244
vt 0.736358 0.610870
vt 0.741528 0.603121
vt 0.747973 0.596666
vt 0.747742 0.595503
vt 0.748648 0.594595
vt 0.756461 0.589367
vt 0.765142 0.585766
vt 0.774358 0.583930
vt 0.783754 0.583930
vt 0.792970 0.585766
vt 0.801651 0.589367
vt 0.809464 0.594595
vt 0.816108 0.601250
vt 0.821328 0.609074
vt 0.824924 0.617769
vt 0.825033 0.618317
vt 0.823684 0.619668
vt 0.825462 0.628622
vt 0.825462 0.637941
vt 0.823647 0.647082
vt 0.820086 0.655692
vt 0.970361 0.781564
vt 0.070696 0.848137
vt 0.070696 0.825062
vt 0.071166 0.825062
vt 0.071166 0.848137
vt 0.907820 0.269085
vt 0.907820 0.292159
vt 0.903545 0.292159
vt 0.903545 0.269085
vt 0.926345 0.275161
vt 0.926345 0.292159
vt 0.917664 0.292159
vt 0.917664 0.275161
vt 0.772360 0.680691
vt 0.772360 0.696552
vt 0.765101 0.696552
vt 0.765101 0.680691
vt 0.780447 0.696552
vt 0.780447 0.680691
vt 0.080243 0.825062
vt 0.080243 0.840922
vt 0.079064 0.840922
vt 0.077765 0.848137
vt 0.960245 0.792340
vt 0.967449 0.792340
vt 0.967449 0.792896
vt 0.960245 0.792896
vt 0.960245 0.782981
vt 0.967449 0.782981
vt 0.960245 0.773994
vt 0.967449 0.773994
vt 0.960245 0.765724
vt 0.967449 0.765724
vt 0.960245 0.758489
vt 0.967449 0.758489
vt 0.081199 0.902473
vt 0.088403 0.902473
vt 0.088403 0.909617
vt 0.081199 0.909617
vt 0.081199 0.894271
vt 0.088403 0.894271
vt 0.081199 0.885327
vt 0.088403 0.885327
vt 0.081199 0.875983
vt 0.088403 0.875983
vt 0.081199 0.866600
vt 0.088403 0.866600
vt 0.081199 0.857538
vt 0.088403 0.857538
vt 0.088403 0.856393
vt 0.081199 0.856393
vt 0.890609 0.757276
vt 0.890609 0.750341
vt 0.933260 0.750341
vt 0.933260 0.757276
vt 0.890609 0.741364
vt 0.933260 0.741364
vt 0.890609 0.732008
vt 0.933260 0.732008
vt 0.890609 0.722634
vt 0.933260 0.722634
vt 0.890609 0.713601
vt 0.933260 0.713601
vt 0.890609 0.705257
vt 0.933260 0.705257
vt 0.890609 0.697922
vt 0.933260 0.697922
vt 0.837941 0.882849
vt 0.795290 0.882849
vt 0.795290 0.875642
vt 0.837941 0.875642
vt 0.837941 0.891098
vt 0.795290 0.891098
vt 0.837941 0.900072
vt 0.795290 0.900072
vt 0.837941 0.909427
vt 0.795290 0.909427
vt 0.837941 0.918802
vt 0.795290 0.918802
vt 0.837941 0.927837
vt 0.795290 0.927837
vt 0.795290 0.934915
vt 0.837941 0.934915
vt 0.809832 0.687962
vt 0.810977 0.687962
vt 0.810977 0.696061
vt 0.809832 0.696061
vt 0.810977 0.680691
vt 0.809832 0.680691
vt 0.605388 0.872103
vt 0.562737 0.872103
vt 0.562737 0.879147
vt 0.546902 0.879147
vt 0.606533 0.879147
vt 0.605388 0.879147
vt 0.329890 0.967822
vt 0.327608 0.967822
vt 0.327608 0.959127
vt 0.329890 0.959127
vt 0.329890 0.944986
vt 0.329890 0.949268
vt 0.327132 0.949268
vt 0.327132 0.944986
vt 0.582650 0.286995
vt 0.582650 0.286524
vt 0.585408 0.286524
vt 0.585408 0.286995
vt 0.851798 0.876786
vt 0.850184 0.876786
vt 0.850184 0.875642
vt 0.851798 0.875642
vt 0.851798 0.885849
vt 0.850184 0.885849
vt 0.851798 0.895232
vt 0.850184 0.895232
vt 0.851798 0.904575
vt 0.850184 0.904575
vt 0.851798 0.913520
vt 0.850184 0.913520
vt 0.851798 0.921721
vt 0.850184 0.921721
vt 0.851798 0.928866
vt 0.850184 0.928866
vt 0.897910 0.958429
vt 0.896296 0.958429
vt 0.896296 0.951195
vt 0.897910 0.951195
vt 0.896296 0.942925
vt 0.897910 0.942925
vt 0.896296 0.933938
vt 0.897910 0.933938
vt 0.896296 0.924579
vt 0.897910 0.924579
vt 0.897910 0.924022
vt 0.896296 0.924022
vt 0.912024 0.269085
vt 0.912722 0.275161
vt 0.973753 0.474430
vt 0.973493 0.475081
vt 0.971334 0.478402
vt 0.968569 0.481238
vt 0.965304 0.483480
vt 0.961666 0.485040
vt 0.957794 0.485859
vt 0.953837 0.485907
vt 0.949946 0.485180
vt 0.946272 0.483707
vt 0.942955 0.481544
vt 0.942569 0.481166
vt 0.942661 0.480675
vt 0.939914 0.477989
vt 0.937698 0.474751
vt 0.936197 0.471242
vt 0.935510 0.467984
vt 0.935463 0.464020
vt 0.936189 0.460124
vt 0.937659 0.456444
vt 0.939819 0.453122
vt 0.942584 0.450286
vt 0.945848 0.448045
vt 0.949486 0.446485
vt 0.953358 0.445665
vt 0.957316 0.445618
vt 0.961206 0.446345
vt 0.964880 0.447818
vt 0.968197 0.449981
vt 0.970597 0.452328
vt 0.972736 0.455453
vt 0.973753 0.457831
vt 0.973736 0.457896
vt 0.973024 0.468927
vt 0.149372 0.886062
vt 0.132399 0.886062
vt 0.132399 0.886010
vt 0.147391 0.886010
vt 0.147391 0.884689
vt 0.147391 0.881756
vt 0.090938 0.881756
vt 0.090938 0.886010
vt 0.092022 0.886010
vt 0.092022 0.886062
vt 0.089740 0.886062
vt 0.079064 0.848137
vt 0.585408 0.294905
vt 0.583795 0.294905
vt 0.583795 0.296086
vt 0.582650 0.296086
vt 0.585408 0.287493
vt 0.769582 0.969759
vt 0.767181 0.972106
vt 0.763865 0.974269
vt 0.760190 0.975742
vt 0.756300 0.976469
vt 0.752343 0.976422
vt 0.748470 0.975602
vt 0.744832 0.974042
vt 0.741568 0.971801
vt 0.738803 0.968965
vt 0.736644 0.965643
vt 0.735173 0.961963
vt 0.734447 0.958067
vt 0.734494 0.954103
vt 0.735182 0.950845
vt 0.736682 0.947336
vt 0.738898 0.944098
vt 0.741645 0.941412
vt 0.741554 0.940921
vt 0.741940 0.940543
vt 0.745256 0.938380
vt 0.748931 0.936907
vt 0.752821 0.936180
vt 0.756778 0.936228
vt 0.760651 0.937047
vt 0.764289 0.938607
vt 0.767553 0.940849
vt 0.770318 0.943685
vt 0.772477 0.947006
vt 0.772737 0.947657
vt 0.772009 0.953160
vt 0.772720 0.964191
vt 0.772737 0.964256
vt 0.771721 0.966634
vt 0.327132 0.949585
vt 0.327608 0.954177
vt 0.327132 0.954177
vt 0.912722 0.269085
vt 0.907590 0.963056
vt 0.901523 0.963056
vt 0.901523 0.962463
vt 0.907590 0.962463
vt 0.907590 0.966760
vt 0.901523 0.966760
vt 0.907590 0.970668
vt 0.901523 0.970668
vt 0.907590 0.974630
vt 0.901523 0.974630
vt 0.907590 0.978494
vt 0.901523 0.978494
vt 0.907590 0.982112
vt 0.901523 0.982112
vt 0.907590 0.985343
vt 0.901523 0.985343
vt 0.803908 0.683495
vt 0.797841 0.683495
vt 0.797841 0.680691
vt 0.803908 0.680691
vt 0.803908 0.686791
vt 0.797841 0.686791
vt 0.803908 0.690453
vt 0.797841 0.690453
vt 0.797841 0.690983
vt 0.803908 0.690983
vt 0.457589 0.879086
vt 0.457227 0.879086
vt 0.456871 0.885162
vt 0.454798 0.885162
vt 0.454798 0.864071
vt 0.457589 0.864071
vt 0.993333 0.502157
vt 0.989560 0.502157
vt 0.989560 0.487143
vt 0.993333 0.487143
vt 0.985641 0.502157
vt 0.985641 0.487143
vt 0.981805 0.502157
vt 0.981805 0.445618
vt 0.985641 0.445618
vt 0.985641 0.446704
vt 0.981911 0.446704
vt 0.981911 0.487143
vt 0.198819 0.985466
vt 0.195747 0.985466
vt 0.195747 0.945027
vt 0.198819 0.945027
vt 0.192457 0.985466
vt 0.192457 0.945027
vt 0.996552 0.082698
vt 0.996552 0.042259
vt 0.999383 0.042259
vt 0.999383 0.082698
vt 0.993236 0.082698
vt 0.993236 0.042259
vt 0.989563 0.082698
vt 0.989563 0.042259
vt 0.985672 0.082698
vt 0.985672 0.042259
vt 0.981715 0.082698
vt 0.981715 0.042259
vt 0.977842 0.082698
vt 0.977842 0.042259
vt 0.974204 0.082698
vt 0.974204 0.042259
vt 0.970939 0.082698
vt 0.970939 0.042259
vt 0.459279 0.944863
vt 0.459279 0.985302
vt 0.456451 0.985302
vt 0.456451 0.944863
vt 0.462593 0.944863
vt 0.462593 0.985302
vt 0.466265 0.944863
vt 0.466265 0.985302
vt 0.469562 0.985302
vt 0.469562 0.944863
vt 0.189783 0.928800
vt 0.193566 0.928800
vt 0.193566 0.888361
vt 0.189783 0.888361
vt 0.189783 0.887275
vt 0.193703 0.887275
vt 0.193703 0.943814
vt 0.189783 0.943814
vt 0.187250 0.928800
vt 0.187250 0.943814
vt 0.976284 0.648728
vt 0.974798 0.649387
vt 0.970898 0.648998
vt 0.966997 0.649379
vt 0.963245 0.650515
vt 0.959787 0.652361
vt 0.956755 0.654848
vt 0.954265 0.657880
vt 0.952414 0.661340
vt 0.951272 0.665095
vt 0.950884 0.669002
vt 0.951264 0.672908
vt 0.952398 0.676666
vt 0.954242 0.680130
vt 0.956725 0.683167
vt 0.959752 0.685660
vt 0.963207 0.687514
vt 0.961779 0.690956
vt 0.957682 0.688757
vt 0.954091 0.685799
vt 0.951146 0.682197
vt 0.948959 0.678089
vt 0.947614 0.673632
vt 0.947163 0.668998
vt 0.947623 0.664365
vt 0.948978 0.659911
vt 0.951173 0.655807
vt 0.954126 0.652211
vt 0.957723 0.649261
vt 0.961825 0.647070
vt 0.966275 0.645723
vt 0.970902 0.645272
vt 0.974095 0.645590
vt 0.793254 0.992719
vt 0.790045 0.992719
vt 0.790045 0.936180
vt 0.793254 0.936180
vt 0.573834 0.987666
vt 0.570641 0.987985
vt 0.566014 0.987533
vt 0.561564 0.986186
vt 0.557462 0.983996
vt 0.553865 0.981046
vt 0.550912 0.977450
vt 0.548716 0.973346
vt 0.547362 0.968892
vt 0.546902 0.964259
vt 0.547352 0.959625
vt 0.548697 0.955168
vt 0.550884 0.951060
vt 0.553830 0.947457
vt 0.557420 0.944500
vt 0.561518 0.942301
vt 0.562945 0.945742
vt 0.559491 0.947596
vt 0.556464 0.950090
vt 0.553980 0.953127
vt 0.552136 0.956591
vt 0.551003 0.960348
vt 0.550622 0.964255
vt 0.551011 0.968161
vt 0.552152 0.971916
vt 0.554004 0.975376
vt 0.556493 0.978408
vt 0.559526 0.980895
vt 0.562984 0.982742
vt 0.566736 0.983877
vt 0.570637 0.984258
vt 0.574537 0.983869
vt 0.577008 0.983116
vt 0.989560 0.445618
vt 0.989560 0.446704
vt 0.993333 0.445618
vt 0.993333 0.446704
vt 0.614408 0.296609
vt 0.614408 0.293813
vt 0.615968 0.293905
vt 0.615968 0.296245
vt 0.615492 0.296245
vt 0.615492 0.296609
vt 0.815021 0.681222
vt 0.814544 0.681222
vt 0.814544 0.680691
vt 0.815021 0.680691
vt 0.815021 0.684884
vt 0.814544 0.684884
vt 0.815021 0.688180
vt 0.814544 0.688180
vt 0.815021 0.690983
vt 0.814544 0.690983
vt 0.471445 0.979269
vt 0.470969 0.979269
vt 0.470969 0.976037
vt 0.471445 0.976037
vt 0.470969 0.972420
vt 0.471445 0.972420
vt 0.470969 0.968556
vt 0.471445 0.968556
vt 0.470969 0.964594
vt 0.471445 0.964594
vt 0.470969 0.960686
vt 0.471445 0.960686
vt 0.470969 0.956982
vt 0.471445 0.956982
vt 0.471445 0.956389
vt 0.470969 0.956389
vt 0.187250 0.887275
vt 0.187250 0.888361
vt 0.457227 0.885162
vt 0.977269 0.691780
vt 0.975479 0.692322
vt 0.970852 0.692773
vt 0.966227 0.692312
vt 0.966956 0.688658
vt 0.970856 0.689047
vt 0.974678 0.688674
vt 0.977110 0.691649
vt 0.977269 0.650141
vt 0.197547 0.887275
vt 0.197547 0.943814
vt 0.201169 0.887275
vt 0.201169 0.943814
vt 0.204428 0.887275
vt 0.204428 0.943814
vt 0.207200 0.887275
vt 0.207200 0.943814
vt 0.959585 0.640469
vt 0.956390 0.640469
vt 0.956390 0.583930
vt 0.959585 0.583930
vt 0.952813 0.640469
vt 0.952813 0.583930
vt 0.948992 0.640469
vt 0.948992 0.583930
vt 0.945074 0.640469
vt 0.945074 0.583930
vt 0.941210 0.640469
vt 0.941210 0.583930
vt 0.937548 0.640469
vt 0.937548 0.583930
vt 0.934228 0.640469
vt 0.934228 0.583930
vt 0.931379 0.640469
vt 0.931379 0.583930
vt 0.974964 0.445618
vt 0.978200 0.445618
vt 0.978200 0.502157
vt 0.974964 0.502157
vt 0.263808 0.887254
vt 0.263808 0.943793
vt 0.259513 0.943793
vt 0.259513 0.887254
vt 0.267673 0.887254
vt 0.267673 0.943793
vt 0.275594 0.887234
vt 0.275594 0.943773
vt 0.272269 0.943773
vt 0.272269 0.887234
vt 0.279489 0.887234
vt 0.279489 0.943773
vt 0.283805 0.887234
vt 0.283805 0.943773
vt 0.288374 0.887234
vt 0.288374 0.943773
vt 0.293023 0.887234
vt 0.293023 0.943773
vt 0.297572 0.887234
vt 0.297572 0.943773
vt 0.301846 0.887234
vt 0.301846 0.943773
vt 0.305681 0.887234
vt 0.305681 0.943773
vt 0.777270 0.936180
vt 0.777270 0.992719
vt 0.773949 0.992719
vt 0.773949 0.936180
vt 0.781163 0.936180
vt 0.781163 0.992719
vt 0.785476 0.936180
vt 0.785476 0.992719
vt 0.574416 0.944583
vt 0.570595 0.944210
vt 0.566695 0.944599
vt 0.565965 0.940945
vt 0.570591 0.940483
vt 0.575218 0.940935
vt 0.577008 0.941477
vt 0.576849 0.941608
vt 0.465191 0.921824
vt 0.465191 0.942914
vt 0.465020 0.942914
vt 0.465020 0.921824
vt 0.245746 0.922703
vt 0.245746 0.943793
vt 0.244018 0.943793
vt 0.244018 0.922703
vt 0.250305 0.922703
vt 0.250305 0.943793
vt 0.254954 0.887254
vt 0.254954 0.943793
vt 0.253829 0.922703
vt 0.253829 0.888817
vt 0.250305 0.888817
vt 0.250305 0.887254
vt 0.245746 0.888817
vt 0.245746 0.887254
vt 0.244018 0.887254
vt 0.244018 0.888817
vt 0.568264 0.296782
vt 0.568094 0.296782
vt 0.568094 0.295219
vt 0.568264 0.295219
vt 0.615968 0.293813
vt 0.476811 0.782744
vt 0.510645 0.782744
vt 0.510645 0.805142
vt 0.476811 0.805142
vt 0.284350 0.154095
vt 0.286141 0.125099
vt 0.293545 0.097011
vt 0.306279 0.070909
vt 0.323852 0.047796
vt 0.345590 0.028561
vt 0.370657 0.013943
vt 0.398090 0.004504
vt 0.426834 0.000607
vt 0.455786 0.002400
vt 0.483831 0.009816
vt 0.509893 0.022569
vt 0.532971 0.040170
vt 0.552094 0.061848
vt 0.550489 0.063184
vt 0.547564 0.066803
vt 0.545400 0.070923
vt 0.544869 0.072719
vt 0.545066 0.072658
vt 0.545180 0.072646
vt 0.548085 0.072340
vt 0.547976 0.072548
vt 0.546852 0.076349
vt 0.546490 0.080296
vt 0.546904 0.084238
vt 0.548078 0.088023
vt 0.549967 0.091506
vt 0.552498 0.094553
vt 0.555574 0.097048
vt 0.559077 0.098893
vt 0.562871 0.100018
vt 0.566812 0.100381
vt 0.566883 0.100373
vt 0.560726 0.103813
vt 0.560300 0.104051
vt 0.556920 0.106934
vt 0.557391 0.107068
vt 0.557795 0.107275
vt 0.563808 0.110355
vt 0.563321 0.110627
vt 0.556166 0.116728
vt 0.550337 0.124109
vt 0.546058 0.132487
vt 0.543493 0.141541
vt 0.542741 0.150921
vt 0.543831 0.160268
vt 0.546720 0.169223
vt 0.551299 0.177441
vt 0.557390 0.184607
vt 0.564760 0.190445
vt 0.565900 0.191029
vt 0.559411 0.194655
vt 0.558975 0.194899
vt 0.558508 0.195050
vt 0.561990 0.197808
vt 0.562307 0.197970
vt 0.566883 0.200315
vt 0.566183 0.200343
vt 0.562335 0.201270
vt 0.558742 0.202931
vt 0.555542 0.205263
vt 0.552857 0.208175
vt 0.550791 0.211556
vt 0.549423 0.215275
vt 0.548806 0.219191
vt 0.548964 0.223151
vt 0.549890 0.227005
vt 0.550116 0.227496
vt 0.546941 0.226994
vt 0.546816 0.226974
vt 0.546623 0.226903
vt 0.547060 0.228723
vt 0.549009 0.232951
vt 0.551082 0.235805
vt 0.540586 0.249609
vt 0.518848 0.268844
vt 0.493781 0.283462
vt 0.466348 0.292901
vt 0.437604 0.296798
vt 0.408652 0.295005
vt 0.380607 0.287589
vt 0.354545 0.274836
vt 0.331467 0.257235
vt 0.312262 0.235464
vt 0.297666 0.210358
vt 0.288242 0.182883
vt 0.476811 0.757168
vt 0.510645 0.757168
vt 0.002396 0.172305
vt 0.000606 0.143310
vt 0.004497 0.114521
vt 0.013922 0.087046
vt 0.028518 0.061941
vt 0.047723 0.040170
vt 0.070800 0.022569
vt 0.096862 0.009816
vt 0.124908 0.002400
vt 0.153860 0.000607
vt 0.182604 0.004504
vt 0.210037 0.013943
vt 0.235104 0.028561
vt 0.256842 0.047796
vt 0.267338 0.061601
vt 0.265265 0.064455
vt 0.263316 0.068682
vt 0.262879 0.070503
vt 0.263072 0.070431
vt 0.265889 0.069986
vt 0.266372 0.069910
vt 0.266146 0.070400
vt 0.265220 0.074254
vt 0.265062 0.078215
vt 0.265679 0.082130
vt 0.267047 0.085849
vt 0.269113 0.089230
vt 0.271798 0.092142
vt 0.274998 0.094474
vt 0.278592 0.096135
vt 0.282439 0.097063
vt 0.283139 0.097091
vt 0.282443 0.097447
vt 0.278246 0.099597
vt 0.274764 0.102355
vt 0.275231 0.102506
vt 0.281017 0.105740
vt 0.282156 0.106376
vt 0.281016 0.106961
vt 0.273646 0.112799
vt 0.267555 0.119964
vt 0.262976 0.128182
vt 0.260087 0.137137
vt 0.258997 0.146484
vt 0.259749 0.155865
vt 0.262314 0.164918
vt 0.266593 0.173296
vt 0.272422 0.180678
vt 0.279577 0.186778
vt 0.280064 0.187050
vt 0.279009 0.187591
vt 0.273647 0.190338
vt 0.273176 0.190472
vt 0.276556 0.193354
vt 0.282203 0.196509
vt 0.283139 0.197032
vt 0.279127 0.197387
vt 0.275333 0.198513
vt 0.271830 0.200358
vt 0.268754 0.202852
vt 0.266223 0.205899
vt 0.264334 0.209382
vt 0.263160 0.213168
vt 0.262746 0.217110
vt 0.263108 0.221057
vt 0.264232 0.224857
vt 0.264341 0.225066
vt 0.263899 0.225019
vt 0.261322 0.224748
vt 0.261125 0.224686
vt 0.261656 0.226482
vt 0.263820 0.230603
vt 0.266745 0.234221
vt 0.268350 0.235558
vt 0.249227 0.257236
vt 0.226149 0.274836
vt 0.200087 0.287589
vt 0.172041 0.295005
vt 0.143090 0.296799
vt 0.114346 0.292901
vt 0.086913 0.283462
vt 0.061846 0.268844
vt 0.040108 0.249609
vt 0.022535 0.226496
vt 0.009801 0.200394
vt 0.842702 0.000607
vt 0.876536 0.000607
vt 0.876536 0.022595
vt 0.842702 0.022595
vt 0.876536 0.047865
vt 0.842702 0.047865
vt 0.876536 0.075446
vt 0.842702 0.075446
vt 0.876536 0.104277
vt 0.842702 0.104277
vt 0.876536 0.133250
vt 0.842702 0.133250
vt 0.876536 0.161253
vt 0.842702 0.161253
vt 0.876536 0.187208
vt 0.842702 0.187208
vt 0.876536 0.210119
vt 0.842702 0.210119
vt 0.890389 0.470712
vt 0.856555 0.470712
vt 0.856555 0.448387
vt 0.890389 0.448387
vt 0.856555 0.422865
vt 0.890389 0.422865
vt 0.856555 0.395125
vt 0.890389 0.395125
vt 0.890389 0.366359
vt 0.856555 0.366359
vt 0.000606 0.860147
vt 0.000606 0.843585
vt 0.034440 0.843585
vt 0.034440 0.860147
vt 0.000606 0.814698
vt 0.034440 0.814698
vt 0.000606 0.785764
vt 0.034440 0.785764
vt 0.000606 0.757896
vt 0.034439 0.757896
vt 0.000606 0.732164
vt 0.034439 0.732164
vt 0.000606 0.709557
vt 0.034440 0.709557
vt 0.476811 0.595565
vt 0.510645 0.595565
vt 0.510645 0.618081
vt 0.476811 0.618081
vt 0.510645 0.643746
vt 0.476811 0.643746
vt 0.510645 0.671573
vt 0.476811 0.671573
vt 0.510645 0.700493
vt 0.476811 0.700493
vt 0.510645 0.729395
vt 0.476811 0.729395
vt 0.985476 0.298012
vt 0.988324 0.298012
vt 0.988324 0.338451
vt 0.985476 0.338451
vt 0.935948 0.298012
vt 0.939601 0.298012
vt 0.939601 0.354551
vt 0.935948 0.354551
vt 0.935948 0.339536
vt 0.939473 0.339536
vt 0.939473 0.299097
vt 0.935948 0.299097
vt 0.832788 0.657930
vt 0.832944 0.657754
vt 0.836093 0.655354
vt 0.839650 0.653615
vt 0.843477 0.652605
vt 0.847427 0.652362
vt 0.851348 0.652895
vt 0.855091 0.654184
vt 0.858510 0.656180
vt 0.861475 0.658806
vt 0.863872 0.661960
vt 0.865608 0.665522
vt 0.865626 0.665591
vt 0.865521 0.666298
vt 0.865415 0.666419
vt 0.865472 0.666636
vt 0.865115 0.669058
vt 0.865626 0.679280
vt 0.865039 0.680987
vt 0.863046 0.684412
vt 0.860425 0.687381
vt 0.857275 0.689781
vt 0.853719 0.691520
vt 0.849892 0.692530
vt 0.845942 0.692773
vt 0.842020 0.692240
vt 0.838277 0.690951
vt 0.834858 0.688955
vt 0.831893 0.686329
vt 0.829497 0.683175
vt 0.827761 0.679613
vt 0.826906 0.676364
vt 0.826674 0.672582
vt 0.827201 0.668692
vt 0.828476 0.664980
vt 0.830450 0.661589
vt 0.832993 0.658708
vt 0.991211 0.298012
vt 0.991211 0.338451
vt 0.035883 0.933739
vt 0.036738 0.930490
vt 0.038474 0.926928
vt 0.040870 0.923774
vt 0.043835 0.921148
vt 0.047255 0.919153
vt 0.050997 0.917863
vt 0.054919 0.917330
vt 0.058869 0.917573
vt 0.062696 0.918583
vt 0.066252 0.920322
vt 0.069402 0.922722
vt 0.072023 0.925691
vt 0.074016 0.929116
vt 0.074602 0.930823
vt 0.074092 0.941045
vt 0.074449 0.943467
vt 0.074392 0.943684
vt 0.074498 0.943805
vt 0.074603 0.944513
vt 0.074585 0.944581
vt 0.072849 0.948143
vt 0.070452 0.951297
vt 0.067487 0.953923
vt 0.064068 0.955919
vt 0.060326 0.957208
vt 0.056404 0.957741
vt 0.052454 0.957498
vt 0.048627 0.956488
vt 0.045070 0.954749
vt 0.041921 0.952349
vt 0.041765 0.952173
vt 0.041970 0.951395
vt 0.039427 0.948514
vt 0.037453 0.945123
vt 0.036178 0.941411
vt 0.035651 0.937521
vt 0.472167 0.694969
vt 0.472382 0.694969
vt 0.472382 0.735408
vt 0.472167 0.735408
vt 0.475026 0.736621
vt 0.475026 0.777060
vt 0.472167 0.777060
vt 0.472167 0.736621
vt 0.475086 0.777060
vt 0.475086 0.736621
vt 0.913050 0.561689
vt 0.912903 0.566535
vt 0.912903 0.551521
vt 0.913050 0.551521
vt 0.912713 0.551521
vt 0.912713 0.566535
vt 0.075814 0.917330
vt 0.077616 0.917330
vt 0.077616 0.957769
vt 0.075814 0.957769
vt 0.081480 0.917330
vt 0.081480 0.957769
vt 0.085102 0.917330
vt 0.085102 0.957769
vt 0.088344 0.917330
vt 0.088344 0.957769
vt 0.990415 0.406798
vt 0.990415 0.366359
vt 0.993305 0.366359
vt 0.993305 0.406798
vt 0.987053 0.406798
vt 0.987053 0.366359
vt 0.983349 0.406798
vt 0.983349 0.366359
vt 0.979444 0.406798
vt 0.979444 0.366359
vt 0.975488 0.406798
vt 0.975488 0.366359
vt 0.971634 0.406798
vt 0.971634 0.366359
vt 0.968030 0.406798
vt 0.968030 0.366359
vt 0.964814 0.406798
vt 0.964814 0.366359
vt 0.932088 0.354551
vt 0.932088 0.339536
vt 0.928169 0.354551
vt 0.928169 0.339536
vt 0.924343 0.354551
vt 0.924343 0.339536
vt 0.920829 0.354551
vt 0.920829 0.339536
vt 0.910296 0.511082
vt 0.900694 0.511082
vt 0.900694 0.551521
vt 0.910296 0.551521
vt 0.910296 0.568519
vt 0.899925 0.568519
vt 0.899925 0.566535
vt 0.900641 0.566535
vt 0.900641 0.509996
vt 0.899925 0.509996
vt 0.899925 0.508796
vt 0.910296 0.508796
vt 0.912713 0.511082
vt 0.921205 0.508796
vt 0.920723 0.511559
vt 0.918345 0.511559
vt 0.918345 0.525202
vt 0.913756 0.551521
vt 0.913756 0.511082
vt 0.913050 0.511082
vt 0.913050 0.510347
vt 0.913050 0.509996
vt 0.912713 0.509996
vt 0.912903 0.509996
vt 0.912903 0.511082
vt 0.669877 0.989159
vt 0.672038 0.989159
vt 0.672038 0.989637
vt 0.668861 0.989637
vt 0.675614 0.989159
vt 0.675614 0.989637
vt 0.679452 0.989159
vt 0.679452 0.989637
vt 0.683405 0.989159
vt 0.683405 0.989637
vt 0.687320 0.989159
vt 0.687320 0.989637
vt 0.691048 0.989159
vt 0.691048 0.989637
vt 0.694444 0.989159
vt 0.694444 0.989637
vt 0.697379 0.989159
vt 0.697379 0.989637
vt 0.475600 0.695446
vt 0.475345 0.695446
vt 0.475345 0.729332
vt 0.475600 0.694969
vt 0.920829 0.299097
vt 0.920151 0.299097
vt 0.920151 0.339536
vt 0.917591 0.354551
vt 0.917591 0.298012
vt 0.920829 0.298012
vt 0.924343 0.298012
vt 0.924343 0.299097
vt 0.928169 0.298012
vt 0.928169 0.299097
vt 0.932088 0.298012
vt 0.932088 0.299097
vt 0.135537 0.990683
vt 0.131447 0.988471
vt 0.127865 0.985503
vt 0.124931 0.981892
vt 0.122756 0.977777
vt 0.121425 0.973316
vt 0.120988 0.968680
vt 0.121463 0.964049
vt 0.122831 0.959599
vt 0.125039 0.955502
vt 0.128003 0.951915
vt 0.131608 0.948976
vt 0.135717 0.946798
vt 0.140171 0.945465
vt 0.144800 0.945027
vt 0.146985 0.945252
vt 0.150432 0.949397
vt 0.151025 0.949877
vt 0.148683 0.949155
vt 0.144784 0.948754
vt 0.140882 0.949123
vt 0.137127 0.950247
vt 0.133663 0.952083
vt 0.130623 0.954561
vt 0.128124 0.957585
vt 0.126262 0.961039
vt 0.125109 0.964791
vt 0.124709 0.968696
vt 0.125077 0.972604
vt 0.126200 0.976365
vt 0.128033 0.979834
vt 0.130507 0.982879
vt 0.133526 0.985381
vt 0.136975 0.987246
vt 0.942906 0.298012
vt 0.942906 0.354551
vt 0.913050 0.566535
vt 0.598617 0.296673
vt 0.598529 0.296467
vt 0.598617 0.296332
vt 0.439753 0.946708
vt 0.444196 0.945338
vt 0.448820 0.944863
vt 0.453448 0.945300
vt 0.455240 0.945837
vt 0.455081 0.945968
vt 0.452658 0.948951
vt 0.448835 0.948590
vt 0.444936 0.948990
vt 0.441191 0.950145
vt 0.437742 0.952010
vt 0.575871 0.295560
vt 0.575783 0.295425
vt 0.575871 0.295219
vt 0.669877 0.955274
vt 0.140721 0.988401
vt 0.144620 0.988802
vt 0.148443 0.988441
vt 0.150866 0.991423
vt 0.151025 0.991555
vt 0.149233 0.992091
vt 0.144605 0.992528
vt 0.139980 0.992053
vt 0.171108 0.887275
vt 0.171108 0.943814
vt 0.166522 0.943814
vt 0.166522 0.887275
vt 0.162172 0.943814
vt 0.162172 0.887275
vt 0.158226 0.943814
vt 0.158226 0.887275
vt 0.154835 0.943814
vt 0.154835 0.887275
vt 0.393955 0.943650
vt 0.393955 0.887111
vt 0.397733 0.887111
vt 0.397733 0.943650
vt 0.401966 0.887111
vt 0.401966 0.943650
vt 0.406493 0.887111
vt 0.406493 0.943650
vt 0.411140 0.887111
vt 0.411140 0.943650
vt 0.415727 0.887111
vt 0.415727 0.943650
vt 0.420078 0.887111
vt 0.420078 0.943650
vt 0.424027 0.887111
vt 0.424027 0.943650
vt 0.427422 0.887111
vt 0.427422 0.943650
vt 0.465392 0.652104
vt 0.465392 0.595565
vt 0.469200 0.595565
vt 0.469200 0.652104
vt 0.473455 0.595565
vt 0.473455 0.652104
vt 0.475600 0.652104
vt 0.475600 0.595565
vt 0.898192 0.566535
vt 0.898192 0.509996
vt 0.894375 0.509996
vt 0.894375 0.566535
vt 0.890804 0.509996
vt 0.890804 0.566535
vt 0.887617 0.509996
vt 0.887617 0.566535
vt 0.948157 0.098207
vt 0.951063 0.098207
vt 0.951063 0.154746
vt 0.948157 0.154746
vt 0.944793 0.098207
vt 0.944793 0.154746
vt 0.941101 0.098207
vt 0.941101 0.154746
vt 0.937224 0.098207
vt 0.937224 0.154746
vt 0.933309 0.098207
vt 0.933309 0.154746
vt 0.929508 0.098207
vt 0.929508 0.154746
vt 0.925967 0.098207
vt 0.925967 0.154746
vt 0.922821 0.098207
vt 0.922821 0.154746
vt 0.945737 0.298012
vt 0.945737 0.354551
vt 0.434722 0.954512
vt 0.432248 0.957557
vt 0.430415 0.961027
vt 0.429292 0.964788
vt 0.428924 0.968696
vt 0.429324 0.972601
vt 0.430477 0.976352
vt 0.432339 0.979807
vt 0.434838 0.982831
vt 0.437878 0.985308
vt 0.441342 0.987145
vt 0.445097 0.988269
vt 0.448999 0.988638
vt 0.452898 0.988237
vt 0.455240 0.987515
vt 0.454648 0.987995
vt 0.451200 0.992139
vt 0.449015 0.992364
vt 0.444387 0.991927
vt 0.439932 0.990593
vt 0.435823 0.988415
vt 0.432218 0.985477
vt 0.429254 0.981890
vt 0.427046 0.977792
vt 0.425678 0.973343
vt 0.425203 0.968711
vt 0.425640 0.964076
vt 0.426971 0.959615
vt 0.429146 0.955499
vt 0.432080 0.951888
vt 0.435662 0.948920
vt 0.175755 0.887275
vt 0.175755 0.943814
vt 0.180283 0.887275
vt 0.180283 0.943814
vt 0.184518 0.887275
vt 0.184518 0.943814
vt 0.186039 0.943814
vt 0.186039 0.887275
vt 0.917398 0.354551
vt 0.917398 0.298012
vt 0.890490 0.508796
vt 0.895321 0.509996
vt 0.895321 0.566535
vt 0.890490 0.568519
vt 0.056909 0.595565
vt 0.067893 0.596649
vt 0.078455 0.599858
vt 0.088189 0.605068
vt 0.091621 0.607889
vt 0.091152 0.608032
vt 0.083113 0.612335
vt 0.075074 0.608032
vt 0.066169 0.605326
vt 0.056909 0.604413
vt 0.047648 0.605326
vt 0.695431 0.696709
vt 0.695431 0.687861
vt 0.704692 0.686948
vt 0.713597 0.684242
vt 0.721636 0.679939
vt 0.729675 0.684242
vt 0.730144 0.684384
vt 0.726712 0.687205
vt 0.716978 0.692416
vt 0.706415 0.695625
vt 0.655097 0.002431
vt 0.657408 0.001605
vt 0.038743 0.608032
vt 0.030536 0.612425
vt 0.023343 0.618338
vt 0.017440 0.625542
vt 0.013053 0.633761
vt 0.010352 0.642680
vt 0.009440 0.651955
vt 0.010352 0.661230
vt 0.013053 0.670148
vt 0.017440 0.678367
vt 0.023343 0.685572
vt 0.030536 0.691484
vt 0.038743 0.695878
vt 0.047648 0.698583
vt 0.056909 0.699496
vt 0.056909 0.708344
vt 0.045925 0.707261
vt 0.035363 0.704052
vt 0.025628 0.698841
vt 0.017096 0.691828
vt 0.010094 0.683283
vt 0.004891 0.673534
vt 0.001687 0.662956
vt 0.000606 0.651955
vt 0.001687 0.640954
vt 0.004891 0.630375
vt 0.010094 0.620626
vt 0.017096 0.612081
vt 0.025628 0.605069
vt 0.035363 0.599858
vt 0.045925 0.596649
vt 0.934783 0.781935
vt 0.950619 0.781935
vt 0.950619 0.790943
vt 0.934783 0.790943
vt 0.934783 0.773211
vt 0.950619 0.773211
vt 0.934783 0.765294
vt 0.950619 0.765294
vt 0.934783 0.758489
vt 0.950619 0.758489
vt 0.684447 0.695625
vt 0.673885 0.692416
vt 0.664151 0.687205
vt 0.655619 0.680193
vt 0.648617 0.671648
vt 0.643414 0.661899
vt 0.640210 0.651320
vt 0.639128 0.640319
vt 0.640210 0.629318
vt 0.643414 0.618740
vt 0.648617 0.608991
vt 0.655619 0.600446
vt 0.664151 0.593433
vt 0.673885 0.588222
vt 0.684447 0.585013
vt 0.695431 0.583930
vt 0.695431 0.592777
vt 0.686171 0.593691
vt 0.677266 0.596396
vt 0.669059 0.600790
vt 0.661866 0.606702
vt 0.655962 0.613907
vt 0.651576 0.622126
vt 0.648875 0.631044
vt 0.647962 0.640319
vt 0.648875 0.649594
vt 0.651576 0.658513
vt 0.655962 0.666732
vt 0.661866 0.673936
vt 0.669059 0.679849
vt 0.677266 0.684242
vt 0.686171 0.686948
vt 0.968831 0.076091
vt 0.968831 0.084007
vt 0.967686 0.084007
vt 0.967686 0.076091
vt 0.968831 0.067367
vt 0.967686 0.067367
vt 0.968831 0.058359
vt 0.967686 0.058359
vt 0.600142 0.295119
vt 0.600142 0.293402
vt 0.598529 0.293402
vt 0.598529 0.287323
vt 0.601287 0.286915
vt 0.601287 0.295119
vt 0.598529 0.286524
vt 0.601287 0.286524
vt 0.598529 0.286915
vt 0.921205 0.511559
vt 0.925641 0.508796
vt 0.925641 0.511559
vt 0.882353 0.568519
vt 0.882353 0.508796
vt 0.915765 0.802100
vt 0.915765 0.810476
vt 0.856133 0.810476
vt 0.856133 0.802100
vt 0.915765 0.819488
vt 0.856133 0.819488
vt 0.915765 0.828790
vt 0.856133 0.828790
vt 0.915765 0.838025
vt 0.856133 0.838025
vt 0.915765 0.846838
vt 0.856133 0.846838
vt 0.915765 0.854890
vt 0.856133 0.854890
vt 0.915765 0.861873
vt 0.856133 0.861873
vt 0.916187 0.298012
vt 0.916187 0.305528
vt 0.856555 0.305528
vt 0.856555 0.298012
vt 0.916187 0.313976
vt 0.856555 0.313975
vt 0.916187 0.323028
vt 0.856555 0.323028
vt 0.916187 0.332339
vt 0.856555 0.332339
vt 0.916187 0.341551
vt 0.856555 0.341551
vt 0.916187 0.350308
vt 0.856555 0.350308
vt 0.916187 0.358275
vt 0.856555 0.358275
vt 0.091621 0.696020
vt 0.088189 0.698841
vt 0.078455 0.704052
vt 0.067893 0.707261
vt 0.066170 0.698583
vt 0.075074 0.695878
vt 0.083113 0.691574
vt 0.091152 0.695878
vt 0.453587 0.823781
vt 0.393955 0.823781
vt 0.393955 0.814391
vt 0.453587 0.814391
vt 0.453587 0.834128
vt 0.393955 0.834128
vt 0.453587 0.845036
vt 0.393955 0.845036
vt 0.453587 0.856084
vt 0.393955 0.856084
vt 0.453587 0.866848
vt 0.393955 0.866848
vt 0.453587 0.876915
vt 0.393955 0.876915
vt 0.453587 0.885898
vt 0.393955 0.885898
vt 0.392744 0.814476
vt 0.333112 0.814476
vt 0.333112 0.806319
vt 0.392744 0.806319
vt 0.392744 0.823932
vt 0.333112 0.823932
vt 0.392744 0.834323
vt 0.333112 0.834323
vt 0.392744 0.845251
vt 0.333112 0.845251
vt 0.392744 0.856294
vt 0.333112 0.856294
vt 0.392744 0.867029
vt 0.333112 0.867029
vt 0.392744 0.877043
vt 0.333112 0.877043
vt 0.392744 0.885951
vt 0.333112 0.885951
vt 0.732806 0.759083
vt 0.732697 0.759632
vt 0.729102 0.768326
vt 0.723881 0.776151
vt 0.717237 0.782805
vt 0.709424 0.788033
vt 0.700743 0.791635
vt 0.691528 0.793471
vt 0.682131 0.793471
vt 0.672916 0.791635
vt 0.664235 0.788033
vt 0.656422 0.782805
vt 0.655516 0.781898
vt 0.655747 0.780734
vt 0.649301 0.774279
vt 0.644131 0.766530
vt 0.640669 0.758157
vt 0.639128 0.750402
vt 0.639128 0.740991
vt 0.640961 0.731761
vt 0.644557 0.723067
vt 0.649778 0.715242
vt 0.656422 0.708588
vt 0.664234 0.703359
vt 0.672916 0.699758
vt 0.682131 0.697922
vt 0.691528 0.697922
vt 0.700743 0.699758
vt 0.709424 0.703359
vt 0.717237 0.708588
vt 0.722870 0.714229
vt 0.727859 0.721708
vt 0.731420 0.730318
vt 0.733236 0.739459
vt 0.733236 0.748779
vt 0.731458 0.757733
vt 0.721636 0.600700
vt 0.713597 0.596396
vt 0.704692 0.593691
vt 0.706416 0.585013
vt 0.716978 0.588222
vt 0.726712 0.593433
vt 0.730144 0.596254
vt 0.729675 0.596396
vt 0.915765 0.794684
vt 0.856133 0.794684
vt 0.871969 0.794684
vt 0.871969 0.801842
vt 0.914620 0.801842
vt 0.914620 0.794684
vt 0.968831 0.090812
vt 0.967686 0.090812
vt 0.649495 0.810990
vt 0.655127 0.805349
vt 0.662940 0.800121
vt 0.671621 0.796520
vt 0.680836 0.794684
vt 0.690233 0.794684
vt 0.699448 0.796520
vt 0.708129 0.800121
vt 0.715942 0.805349
vt 0.722586 0.812004
vt 0.727807 0.819829
vt 0.731402 0.828523
vt 0.733236 0.837753
vt 0.733236 0.847163
vt 0.731695 0.854919
vt 0.728232 0.863292
vt 0.723063 0.871041
vt 0.716617 0.877496
vt 0.716848 0.878659
vt 0.715942 0.879567
vt 0.708129 0.884795
vt 0.699448 0.888396
vt 0.690233 0.890232
vt 0.680836 0.890232
vt 0.671621 0.888396
vt 0.662940 0.884795
vt 0.655127 0.879567
vt 0.648483 0.872912
vt 0.643262 0.865088
vt 0.639667 0.856393
vt 0.639558 0.855845
vt 0.640907 0.854494
vt 0.639128 0.845540
vt 0.639128 0.836221
vt 0.640944 0.827080
vt 0.644505 0.818470
vt 0.915042 0.358465
vt 0.872391 0.358465
vt 0.872391 0.365146
vt 0.856555 0.365146
vt 0.916187 0.365146
vt 0.915042 0.365146
vt 0.852761 0.772429
vt 0.852761 0.789428
vt 0.843977 0.789428
vt 0.843977 0.772429
vt 0.393955 0.806319
vt 0.410928 0.806319
vt 0.410928 0.806368
vt 0.395936 0.806368
vt 0.395936 0.807627
vt 0.395936 0.810421
vt 0.452389 0.810421
vt 0.452389 0.806368
vt 0.451305 0.806368
vt 0.451305 0.806319
vt 0.453587 0.806319
vt 0.739612 0.696552
vt 0.739612 0.680691
vt 0.747112 0.680691
vt 0.747112 0.696552
vt 0.731355 0.680691
vt 0.731355 0.696552
vt 0.887517 0.643528
vt 0.887517 0.636811
vt 0.930168 0.636811
vt 0.930168 0.643528
vt 0.887517 0.628002
vt 0.930168 0.628002
vt 0.887517 0.618716
vt 0.930168 0.618716
vt 0.887517 0.609311
vt 0.930168 0.609311
vt 0.887517 0.600147
vt 0.930168 0.600147
vt 0.887517 0.591577
vt 0.930168 0.591577
vt 0.887517 0.583930
vt 0.930168 0.583930
vt 0.589552 0.887304
vt 0.546902 0.887304
vt 0.546902 0.880360
vt 0.589552 0.880360
vt 0.589552 0.895354
vt 0.546902 0.895354
vt 0.589552 0.904200
vt 0.546902 0.904200
vt 0.589552 0.913503
vt 0.546902 0.913503
vt 0.589552 0.922904
vt 0.546902 0.922904
vt 0.589552 0.932043
vt 0.546902 0.932043
vt 0.546902 0.939270
vt 0.589552 0.939270
vt 0.597318 0.286524
vt 0.597318 0.295547
vt 0.594559 0.295053
vt 0.594559 0.287697
vt 0.596173 0.287697
vt 0.596173 0.286524
vt 0.805119 0.688202
vt 0.806264 0.688202
vt 0.806264 0.696472
vt 0.805119 0.696472
vt 0.806264 0.680691
vt 0.805119 0.680691
vt 0.472167 0.778273
vt 0.474449 0.778273
vt 0.474449 0.787070
vt 0.472167 0.787070
vt 0.472167 0.797004
vt 0.474449 0.792058
vt 0.474926 0.792058
vt 0.474926 0.796684
vt 0.472167 0.801304
vt 0.474926 0.797004
vt 0.474926 0.801304
vt 0.597318 0.296008
vt 0.594559 0.296008
vt 0.594559 0.295547
vt 0.268884 0.939152
vt 0.270498 0.939152
vt 0.270498 0.940306
vt 0.268884 0.940306
vt 0.268884 0.930053
vt 0.270498 0.930053
vt 0.268884 0.920660
vt 0.270498 0.920660
vt 0.268884 0.911334
vt 0.270498 0.911334
vt 0.268884 0.902435
vt 0.270498 0.902435
vt 0.268884 0.894305
vt 0.270498 0.894305
vt 0.268884 0.887254
vt 0.270498 0.887254
vt 0.210215 0.922489
vt 0.208601 0.922489
vt 0.208601 0.914899
vt 0.210215 0.914899
vt 0.208601 0.906370
vt 0.210215 0.906370
vt 0.208601 0.897228
vt 0.210215 0.897228
vt 0.208601 0.887827
vt 0.210215 0.887827
vt 0.210215 0.887274
vt 0.208601 0.887274
vt 0.833581 0.964940
vt 0.833320 0.965591
vt 0.831161 0.968912
vt 0.828396 0.971748
vt 0.825132 0.973990
vt 0.821494 0.975550
vt 0.817622 0.976369
vt 0.813664 0.976417
vt 0.809774 0.975690
vt 0.806100 0.974217
vt 0.802783 0.972054
vt 0.802397 0.971676
vt 0.802488 0.971185
vt 0.799741 0.968499
vt 0.797525 0.965261
vt 0.796025 0.961752
vt 0.795337 0.958494
vt 0.795290 0.954530
vt 0.796016 0.950634
vt 0.797487 0.946954
vt 0.799646 0.943632
vt 0.802411 0.940796
vt 0.805676 0.938555
vt 0.809314 0.936995
vt 0.813186 0.936175
vt 0.817143 0.936128
vt 0.821034 0.936855
vt 0.824708 0.938328
vt 0.828024 0.940491
vt 0.830425 0.942838
vt 0.832564 0.945963
vt 0.833581 0.948341
vt 0.833563 0.948406
vt 0.832852 0.959437
vt 0.973378 0.244911
vt 0.970977 0.247258
vt 0.967661 0.249421
vt 0.963986 0.250894
vt 0.960096 0.251621
vt 0.956138 0.251574
vt 0.952266 0.250754
vt 0.948628 0.249194
vt 0.945364 0.246952
vt 0.942599 0.244117
vt 0.940440 0.240795
vt 0.938969 0.237115
vt 0.938243 0.233219
vt 0.938290 0.229255
vt 0.938978 0.225997
vt 0.940478 0.222488
vt 0.942694 0.219250
vt 0.945441 0.216564
vt 0.945350 0.216073
vt 0.945736 0.215695
vt 0.949052 0.213532
vt 0.952727 0.212059
vt 0.956617 0.211332
vt 0.960574 0.211380
vt 0.964447 0.212199
vt 0.968085 0.213759
vt 0.971349 0.216001
vt 0.974114 0.218837
vt 0.976273 0.222158
vt 0.976533 0.222809
vt 0.975805 0.228312
vt 0.976516 0.239343
vt 0.976533 0.239408
vt 0.975517 0.241786
vt 0.523648 0.874802
vt 0.527388 0.874802
vt 0.527388 0.889816
vt 0.523648 0.889816
vt 0.531306 0.874802
vt 0.531306 0.889816
vt 0.188405 0.945027
vt 0.188405 0.985466
vt 0.185082 0.985466
vt 0.185082 0.945027
vt 0.191245 0.945027
vt 0.191245 0.985466
vt 0.701783 0.949198
vt 0.701783 0.989637
vt 0.698591 0.989637
vt 0.698591 0.949198
vt 0.705371 0.949198
vt 0.705371 0.989637
vt 0.709215 0.949198
vt 0.709215 0.989637
vt 0.713169 0.949198
vt 0.713169 0.989637
vt 0.717080 0.949198
vt 0.717080 0.989637
vt 0.720799 0.949198
vt 0.720799 0.989637
vt 0.724181 0.949198
vt 0.724181 0.989637
vt 0.727098 0.949198
vt 0.727098 0.989637
vt 0.585094 0.980922
vt 0.585094 0.940483
vt 0.588313 0.940483
vt 0.588313 0.980922
vt 0.581487 0.980922
vt 0.581487 0.940483
vt 0.578219 0.940483
vt 0.578219 0.980922
vt 0.070696 0.808834
vt 0.073237 0.808834
vt 0.073237 0.823849
vt 0.070696 0.823849
vt 0.975965 0.798140
vt 0.974480 0.798799
vt 0.970579 0.798410
vt 0.966678 0.798791
vt 0.962927 0.799927
vt 0.959468 0.801773
vt 0.956436 0.804260
vt 0.953946 0.807292
vt 0.952095 0.810752
vt 0.950953 0.814507
vt 0.950565 0.818414
vt 0.950945 0.822321
vt 0.952079 0.826078
vt 0.953923 0.829542
vt 0.956406 0.832579
vt 0.959433 0.835072
vt 0.962888 0.836926
vt 0.961460 0.840368
vt 0.957363 0.838169
vt 0.953772 0.835211
vt 0.950827 0.831609
vt 0.948640 0.827501
vt 0.947295 0.823044
vt 0.946844 0.818410
vt 0.947305 0.813777
vt 0.948659 0.809323
vt 0.950854 0.805219
vt 0.953807 0.801623
vt 0.957404 0.798673
vt 0.961506 0.796482
vt 0.965956 0.795135
vt 0.970583 0.794684
vt 0.973776 0.795002
vt 0.778309 0.875643
vt 0.781517 0.875643
vt 0.781517 0.932182
vt 0.778309 0.932182
vt 0.985006 0.206326
vt 0.981813 0.206644
vt 0.977186 0.206193
vt 0.972736 0.204846
vt 0.968633 0.202655
vt 0.965037 0.199705
vt 0.962084 0.196109
vt 0.959888 0.192006
vt 0.958534 0.187552
vt 0.958074 0.182918
vt 0.958524 0.178284
vt 0.959869 0.173828
vt 0.962056 0.169719
vt 0.965002 0.166117
vt 0.968592 0.163159
vt 0.972690 0.160960
vt 0.974117 0.164402
vt 0.970663 0.166256
vt 0.967636 0.168749
vt 0.965152 0.171786
vt 0.963308 0.175250
vt 0.962174 0.179008
vt 0.961794 0.182915
vt 0.962183 0.186821
vt 0.963324 0.190576
vt 0.965175 0.194036
vt 0.967665 0.197068
vt 0.970697 0.199555
vt 0.974156 0.201402
vt 0.977908 0.202537
vt 0.981809 0.202918
vt 0.985709 0.202529
vt 0.988180 0.201775
vt 0.073237 0.767310
vt 0.077156 0.767310
vt 0.077156 0.823849
vt 0.077019 0.808834
vt 0.077019 0.768395
vt 0.073237 0.768395
vt 0.183270 0.945505
vt 0.181991 0.945505
vt 0.181991 0.945027
vt 0.531306 0.931341
vt 0.527388 0.931341
vt 0.527388 0.930255
vt 0.531306 0.930255
vt 0.523648 0.931341
vt 0.523648 0.930255
vt 0.520849 0.931341
vt 0.520940 0.929778
vt 0.523285 0.929778
vt 0.523285 0.930255
vt 0.642555 0.293426
vt 0.643031 0.293426
vt 0.643031 0.293954
vt 0.642555 0.293954
vt 0.642555 0.289787
vt 0.643031 0.289787
vt 0.642555 0.286524
vt 0.643031 0.286524
vt 0.889231 0.792235
vt 0.888755 0.792235
vt 0.888755 0.789341
vt 0.889231 0.789341
vt 0.888755 0.785975
vt 0.889231 0.785975
vt 0.888755 0.782265
vt 0.889231 0.782265
vt 0.888755 0.778354
vt 0.889231 0.778354
vt 0.888755 0.774393
vt 0.889231 0.774393
vt 0.888755 0.770533
vt 0.889231 0.770533
vt 0.888755 0.766923
vt 0.889231 0.766923
vt 0.889231 0.766353
vt 0.888755 0.766353
vt 0.070696 0.767310
vt 0.070696 0.768395
vt 0.976951 0.841192
vt 0.975161 0.841734
vt 0.970534 0.842185
vt 0.965908 0.841724
vt 0.966637 0.838070
vt 0.970538 0.838459
vt 0.974359 0.838086
vt 0.976791 0.841061
vt 0.535172 0.874802
vt 0.535172 0.895892
vt 0.535081 0.895892
vt 0.535065 0.889816
vt 0.181991 0.985466
vt 0.181991 0.979390
vt 0.183270 0.979390
vt 0.976951 0.799553
vt 0.080988 0.767310
vt 0.080988 0.823849
vt 0.084586 0.767310
vt 0.084586 0.823849
vt 0.087812 0.767310
vt 0.087812 0.823849
vt 0.926852 0.508796
vt 0.929713 0.508796
vt 0.929713 0.565335
vt 0.926852 0.565335
vt 0.933042 0.508796
vt 0.933042 0.565335
vt 0.936710 0.508796
vt 0.936710 0.565335
vt 0.940577 0.508796
vt 0.940577 0.565335
vt 0.944495 0.508796
vt 0.944495 0.565335
vt 0.948312 0.508796
vt 0.948312 0.565335
vt 0.951881 0.508796
vt 0.951881 0.565335
vt 0.955067 0.508796
vt 0.955067 0.565335
vt 0.545024 0.931341
vt 0.542166 0.931341
vt 0.542166 0.874802
vt 0.545024 0.874802
vt 0.538839 0.931341
vt 0.538839 0.874802
vt 0.536363 0.895892
vt 0.966392 0.000607
vt 0.966392 0.057146
vt 0.962488 0.057146
vt 0.962488 0.000607
vt 0.969728 0.000607
vt 0.969728 0.057146
vt 0.907295 0.211332
vt 0.907295 0.267871
vt 0.903545 0.267871
vt 0.903545 0.211332
vt 0.911509 0.211332
vt 0.911509 0.267871
vt 0.916025 0.211332
vt 0.916025 0.267871
vt 0.920670 0.211332
vt 0.920670 0.267871
vt 0.925264 0.211332
vt 0.925264 0.267871
vt 0.929632 0.211332
vt 0.929632 0.267871
vt 0.933606 0.211332
vt 0.933606 0.267871
vt 0.937032 0.211332
vt 0.937032 0.267871
vt 0.790281 0.932182
vt 0.790281 0.875643
vt 0.794062 0.875643
vt 0.794062 0.932182
vt 0.786045 0.932182
vt 0.786045 0.875643
vt 0.959510 0.002169
vt 0.958167 0.002169
vt 0.958167 0.000607
vt 0.959510 0.036055
vt 0.985588 0.163242
vt 0.981767 0.162869
vt 0.977867 0.163258
vt 0.977137 0.159604
vt 0.981763 0.159143
vt 0.986390 0.159594
vt 0.988180 0.160136
vt 0.988020 0.160268
vt 0.535172 0.929778
vt 0.536363 0.929778
vt 0.535172 0.931341
vt 0.953594 0.002169
vt 0.953594 0.000607
vt 0.948946 0.002169
vt 0.948946 0.000607
vt 0.944401 0.002169
vt 0.944401 0.000607
vt 0.942684 0.000607
vt 0.942684 0.002169
vt 0.520673 0.931341
vt 0.520673 0.929778
vt 0.520849 0.929778
vt 0.535065 0.929778
vt 0.535065 0.930255
vt 0.646067 0.291717
vt 0.645905 0.291691
vt 0.645760 0.290544
vt 0.646038 0.286629
vt 0.646066 0.286524
vt 0.645831 0.289846
vt 0.834136 0.225182
vt 0.825463 0.236879
vt 0.803959 0.256375
vt 0.784317 0.268150
vt 0.779070 0.271295
vt 0.751753 0.281066
vt 0.723058 0.285311
vt 0.694087 0.283868
vt 0.665954 0.276792
vt 0.639740 0.264355
vt 0.616452 0.247035
vt 0.596986 0.225498
vt 0.582088 0.200571
vt 0.572333 0.173212
vt 0.569154 0.151657
vt 0.568094 0.144473
vt 0.568814 0.129968
vt 0.569535 0.115458
vt 0.573067 0.101370
vt 0.576600 0.087281
vt 0.582811 0.074150
vt 0.589018 0.061027
vt 0.606311 0.037704
vt 0.627815 0.018207
vt 0.630372 0.016674
vt 0.630670 0.016773
vt 0.634598 0.017259
vt 0.638545 0.016968
vt 0.642359 0.015911
vt 0.645894 0.014130
vt 0.649015 0.011692
vt 0.651600 0.008691
vt 0.653551 0.005242
vt 0.654397 0.002681
vt 0.658514 0.003745
vt 0.658738 0.004179
vt 0.661509 0.007653
vt 0.661657 0.007186
vt 0.661876 0.006788
vt 0.665139 0.000865
vt 0.665395 0.001361
vt 0.671259 0.008715
vt 0.678443 0.014781
vt 0.686670 0.019327
vt 0.695625 0.022178
vt 0.704963 0.023225
vt 0.714325 0.022427
vt 0.723352 0.019815
vt 0.731697 0.015490
vt 0.739039 0.009617
vt 0.745096 0.002423
vt 0.745715 0.001299
vt 0.749131 0.007909
vt 0.749360 0.008353
vt 0.749496 0.008825
vt 0.752358 0.005425
vt 0.752530 0.005114
vt 0.755013 0.000607
vt 0.755019 0.001308
vt 0.755824 0.005188
vt 0.757369 0.008837
vt 0.759596 0.012114
vt 0.762418 0.014893
vt 0.765727 0.017067
vt 0.769396 0.018553
vt 0.773284 0.019293
vt 0.777242 0.019260
vt 0.781116 0.018454
vt 0.781613 0.018243
vt 0.781013 0.021406
vt 0.780989 0.021529
vt 0.780912 0.021721
vt 0.782743 0.021340
vt 0.787023 0.019522
vt 0.790866 0.016902
vt 0.794125 0.013582
vt 0.794918 0.012372
vt 0.815322 0.027547
vt 0.829046 0.042731
vt 0.828671 0.042934
vt 0.825097 0.045912
vt 0.822172 0.049530
vt 0.820008 0.053651
vt 0.819477 0.055447
vt 0.819674 0.055386
vt 0.819788 0.055374
vt 0.822693 0.055068
vt 0.822584 0.055276
vt 0.821460 0.059076
vt 0.821099 0.063024
vt 0.821513 0.066965
vt 0.822687 0.070751
vt 0.824575 0.074234
vt 0.827106 0.077281
vt 0.830182 0.079775
vt 0.833685 0.081621
vt 0.837480 0.082746
vt 0.841421 0.083108
vt 0.841491 0.083101
vt 0.835334 0.086541
vt 0.834909 0.086779
vt 0.831528 0.089662
vt 0.831999 0.089795
vt 0.832404 0.090003
vt 0.838416 0.093083
vt 0.837929 0.093355
vt 0.830774 0.099456
vt 0.824946 0.106837
vt 0.820666 0.115215
vt 0.818102 0.124268
vt 0.817349 0.133649
vt 0.818439 0.142996
vt 0.821329 0.151951
vt 0.825907 0.160169
vt 0.831998 0.167334
vt 0.839368 0.173172
vt 0.840509 0.173757
vt 0.834019 0.177383
vt 0.833583 0.177627
vt 0.833116 0.177778
vt 0.836599 0.180536
vt 0.836915 0.180698
vt 0.841491 0.183042
vt 0.840791 0.183070
vt 0.836944 0.183998
vt 0.833350 0.185659
vt 0.830150 0.187991
vt 0.827465 0.190903
vt 0.825399 0.194284
vt 0.824031 0.198003
vt 0.823414 0.201918
vt 0.823572 0.205879
vt 0.824498 0.209733
vt 0.824724 0.210223
vt 0.821549 0.209721
vt 0.821425 0.209702
vt 0.821231 0.209630
vt 0.821668 0.211451
vt 0.823617 0.215678
vt 0.826352 0.219444
vt 0.829767 0.222602
vt 0.833732 0.225033
vt 0.644387 0.286550
vt 0.644549 0.286524
vt 0.644313 0.288395
vt 0.644549 0.291717
vt 0.644520 0.291613
vt 0.644243 0.287697
vt 0.570853 0.295219
vt 0.570874 0.296601
vt 0.570853 0.296495
vt 0.572085 0.295222
vt 0.572107 0.296495
vt 0.572085 0.296601
vt 0.983592 0.098207
vt 0.986496 0.098207
vt 0.986496 0.138645
vt 0.983592 0.138645
vt 0.883862 0.164711
vt 0.884017 0.164535
vt 0.887167 0.162135
vt 0.890723 0.160396
vt 0.894550 0.159386
vt 0.898501 0.159143
vt 0.902422 0.159676
vt 0.906165 0.160966
vt 0.909584 0.162961
vt 0.912549 0.165587
vt 0.914945 0.168741
vt 0.916681 0.172303
vt 0.916699 0.172372
vt 0.916595 0.173080
vt 0.916488 0.173200
vt 0.916545 0.173417
vt 0.916189 0.175840
vt 0.916699 0.186061
vt 0.916113 0.187768
vt 0.914120 0.191193
vt 0.911498 0.194162
vt 0.908349 0.196562
vt 0.904792 0.198301
vt 0.900965 0.199311
vt 0.897015 0.199554
vt 0.893094 0.199021
vt 0.889351 0.197732
vt 0.885932 0.195736
vt 0.882967 0.193110
vt 0.880570 0.189956
vt 0.878835 0.186394
vt 0.877979 0.183145
vt 0.877747 0.179363
vt 0.878275 0.175474
vt 0.879550 0.171762
vt 0.881523 0.168370
vt 0.884066 0.165490
vt 0.989469 0.098207
vt 0.989469 0.138645
vt 0.901755 0.937248
vt 0.902610 0.933999
vt 0.904346 0.930437
vt 0.906743 0.927282
vt 0.909708 0.924657
vt 0.913127 0.922661
vt 0.916869 0.921372
vt 0.920791 0.920838
vt 0.924741 0.921081
vt 0.928568 0.922091
vt 0.932125 0.923830
vt 0.935274 0.926230
vt 0.937896 0.929200
vt 0.939889 0.932624
vt 0.940475 0.934331
vt 0.939965 0.944553
vt 0.940321 0.946976
vt 0.940264 0.947192
vt 0.940371 0.947313
vt 0.940475 0.948021
vt 0.940457 0.948089
vt 0.938721 0.951651
vt 0.936325 0.954805
vt 0.933360 0.957431
vt 0.929940 0.959427
vt 0.926198 0.960716
vt 0.922276 0.961250
vt 0.918326 0.961006
vt 0.914499 0.959996
vt 0.910943 0.958257
vt 0.907793 0.955857
vt 0.907637 0.955681
vt 0.907842 0.954903
vt 0.905299 0.952022
vt 0.903325 0.948631
vt 0.902051 0.944919
vt 0.901523 0.941029
vt 0.934930 0.042131
vt 0.934930 0.001692
vt 0.931329 0.001692
vt 0.931329 0.000607
vt 0.935060 0.000607
vt 0.935060 0.057146
vt 0.931329 0.057146
vt 0.931329 0.042131
vt 0.890366 0.105037
vt 0.890511 0.100191
vt 0.890511 0.115205
vt 0.890366 0.115205
vt 0.890704 0.115205
vt 0.890704 0.100191
vt 0.903620 0.100191
vt 0.902896 0.100191
vt 0.902896 0.156730
vt 0.903620 0.156730
vt 0.903620 0.157930
vt 0.893132 0.157930
vt 0.893132 0.155644
vt 0.902842 0.155644
vt 0.902842 0.115205
vt 0.893132 0.115205
vt 0.893132 0.098207
vt 0.903620 0.098207
vt 0.254899 0.985445
vt 0.253102 0.985445
vt 0.253102 0.945006
vt 0.254899 0.945006
vt 0.249296 0.985445
vt 0.249296 0.945006
vt 0.245775 0.985445
vt 0.245775 0.945006
vt 0.242674 0.985445
vt 0.242674 0.945006
vt 0.664707 0.989637
vt 0.664707 0.949198
vt 0.667650 0.949198
vt 0.667650 0.989637
vt 0.661304 0.989637
vt 0.661304 0.949198
vt 0.657573 0.989637
vt 0.657573 0.949198
vt 0.653656 0.989637
vt 0.653656 0.949198
vt 0.649704 0.989637
vt 0.649704 0.949198
vt 0.645868 0.989637
vt 0.645868 0.949198
vt 0.642298 0.989637
vt 0.642298 0.949198
vt 0.639128 0.989637
vt 0.639128 0.949198
vt 0.927436 0.057146
vt 0.927436 0.042131
vt 0.923529 0.057146
vt 0.923529 0.042131
vt 0.919760 0.057146
vt 0.919760 0.042131
vt 0.916344 0.057146
vt 0.916344 0.042131
vt 0.890704 0.156730
vt 0.890511 0.156730
vt 0.890511 0.155644
vt 0.890704 0.155644
vt 0.890366 0.155644
vt 0.890366 0.156380
vt 0.882174 0.157930
vt 0.882658 0.155167
vt 0.889657 0.155167
vt 0.889657 0.155644
vt 0.890366 0.156730
vt 0.649442 0.286586
vt 0.648966 0.286586
vt 0.648966 0.286524
vt 0.649442 0.286524
vt 0.649442 0.289607
vt 0.648966 0.289607
vt 0.729266 0.964758
vt 0.728790 0.964758
vt 0.728790 0.961608
vt 0.729266 0.961608
vt 0.728790 0.958050
vt 0.729266 0.958050
vt 0.728790 0.954219
vt 0.729266 0.954219
vt 0.728790 0.950264
vt 0.729266 0.950264
vt 0.728790 0.946335
vt 0.729266 0.946335
vt 0.728790 0.942584
vt 0.729266 0.942584
vt 0.728790 0.939155
vt 0.729266 0.939155
vt 0.728790 0.936180
vt 0.729266 0.936180
vt 0.644243 0.292930
vt 0.644719 0.292930
vt 0.644719 0.296077
vt 0.644243 0.296077
vt 0.644243 0.296288
vt 0.644719 0.296288
vt 0.916344 0.001692
vt 0.915642 0.001692
vt 0.915642 0.002169
vt 0.913089 0.002169
vt 0.912989 0.000607
vt 0.916344 0.000607
vt 0.919760 0.000607
vt 0.919760 0.001692
vt 0.923529 0.000607
vt 0.923529 0.001692
vt 0.927436 0.000607
vt 0.927436 0.001692
vt 0.286818 0.990642
vt 0.282728 0.988431
vt 0.279146 0.985462
vt 0.276212 0.981851
vt 0.274037 0.977736
vt 0.272706 0.973275
vt 0.272269 0.968639
vt 0.272744 0.964008
vt 0.274112 0.959558
vt 0.276320 0.955461
vt 0.279284 0.951874
vt 0.282889 0.948935
vt 0.286998 0.946757
vt 0.291452 0.945424
vt 0.296081 0.944986
vt 0.298266 0.945211
vt 0.301713 0.949356
vt 0.302306 0.949835
vt 0.299964 0.949114
vt 0.296065 0.948713
vt 0.292163 0.949082
vt 0.288408 0.950206
vt 0.284944 0.952042
vt 0.281904 0.954520
vt 0.279405 0.957544
vt 0.277543 0.960998
vt 0.276390 0.964750
vt 0.275990 0.968655
vt 0.276358 0.972563
vt 0.277481 0.976324
vt 0.279314 0.979793
vt 0.281788 0.982838
vt 0.284807 0.985341
vt 0.288256 0.987205
vt 0.938485 0.000607
vt 0.938485 0.057146
vt 0.890366 0.100191
vt 0.577170 0.295560
vt 0.577082 0.295354
vt 0.577170 0.295219
vt 0.975346 0.585775
vt 0.979789 0.584405
vt 0.984413 0.583930
vt 0.989042 0.584367
vt 0.990833 0.584903
vt 0.990674 0.585035
vt 0.988251 0.588018
vt 0.984429 0.587656
vt 0.980530 0.588057
vt 0.976784 0.589212
vt 0.973335 0.591077
vt 0.581067 0.295560
vt 0.580979 0.295425
vt 0.581067 0.295219
vt 0.292002 0.988360
vt 0.295901 0.988761
vt 0.299724 0.988400
vt 0.302147 0.991382
vt 0.302306 0.991514
vt 0.300514 0.992050
vt 0.295886 0.992487
vt 0.291261 0.992012
vt 0.141706 0.943814
vt 0.141706 0.887275
vt 0.146107 0.887275
vt 0.146107 0.943814
vt 0.150131 0.887275
vt 0.150131 0.943814
vt 0.153623 0.887275
vt 0.153623 0.943814
vt 0.624267 0.880360
vt 0.624267 0.936899
vt 0.620544 0.936899
vt 0.620544 0.880360
vt 0.616350 0.936899
vt 0.616350 0.880360
vt 0.611845 0.936899
vt 0.611845 0.880360
vt 0.607202 0.936899
vt 0.607202 0.880360
vt 0.602601 0.936899
vt 0.602601 0.880360
vt 0.598218 0.936899
vt 0.598218 0.880360
vt 0.594221 0.936899
vt 0.594221 0.880360
vt 0.590764 0.936899
vt 0.590764 0.880360
vt 0.626592 0.926205
vt 0.626592 0.869666
vt 0.630234 0.869666
vt 0.630234 0.926205
vt 0.634371 0.869666
vt 0.634371 0.926205
vt 0.636483 0.926205
vt 0.636483 0.869666
vt 0.905341 0.100191
vt 0.905341 0.156730
vt 0.909128 0.156730
vt 0.909128 0.100191
vt 0.912644 0.156730
vt 0.912644 0.100191
vt 0.915756 0.156730
vt 0.915756 0.100191
vt 0.723402 0.891446
vt 0.726344 0.891446
vt 0.726344 0.947985
vt 0.723402 0.947985
vt 0.720012 0.891446
vt 0.720012 0.947985
vt 0.716303 0.891446
vt 0.716303 0.947985
vt 0.712418 0.891446
vt 0.712418 0.947985
vt 0.708506 0.891446
vt 0.708506 0.947985
vt 0.704718 0.891446
vt 0.704718 0.947985
vt 0.701200 0.891446
vt 0.701200 0.947985
vt 0.698086 0.891446
vt 0.698086 0.947985
vt 0.941473 0.000607
vt 0.941473 0.057146
vt 0.970315 0.593579
vt 0.967841 0.596624
vt 0.966008 0.600093
vt 0.964886 0.603854
vt 0.964517 0.607763
vt 0.964918 0.611667
vt 0.966071 0.615419
vt 0.967932 0.618873
vt 0.970431 0.621898
vt 0.973471 0.624375
vt 0.976935 0.626212
vt 0.980691 0.627336
vt 0.984593 0.627704
vt 0.988492 0.627304
vt 0.990833 0.626582
vt 0.990241 0.627061
vt 0.986794 0.631206
vt 0.984608 0.631431
vt 0.979980 0.630994
vt 0.975526 0.629660
vt 0.971417 0.627482
vt 0.967811 0.624543
vt 0.964847 0.620956
vt 0.962639 0.616859
vt 0.961271 0.612409
vt 0.960797 0.607778
vt 0.961233 0.603142
vt 0.962564 0.598681
vt 0.964739 0.594566
vt 0.967673 0.590955
vt 0.971255 0.587987
vt 0.132459 0.943814
vt 0.132459 0.942251
vt 0.137098 0.942251
vt 0.137098 0.943814
vt 0.912793 0.002169
vt 0.912793 0.000607
vt 0.912989 0.002169
vt 0.123796 0.942251
vt 0.123796 0.943814
vt 0.122311 0.943814
vt 0.122311 0.942251
vt 0.127967 0.942251
vt 0.127967 0.943814
vt 0.913236 0.098207
vt 0.913236 0.157930
vt 0.908312 0.156730
vt 0.908312 0.100191
vt 0.603205 0.583930
vt 0.614189 0.585013
vt 0.624751 0.588222
vt 0.634485 0.593433
vt 0.637917 0.596254
vt 0.637448 0.596396
vt 0.629409 0.600700
vt 0.621370 0.596396
vt 0.612465 0.593691
vt 0.603205 0.592778
vt 0.593944 0.593691
vt 0.333589 0.708344
vt 0.333589 0.699496
vt 0.342849 0.698583
vt 0.351754 0.695878
vt 0.359793 0.691574
vt 0.367832 0.695878
vt 0.368301 0.696020
vt 0.364869 0.698841
vt 0.355135 0.704052
vt 0.344573 0.707261
vt 0.882174 0.155167
vt 0.034440 0.919113
vt 0.034440 0.939501
vt 0.000606 0.939501
vt 0.000606 0.919113
vt 0.585039 0.596396
vt 0.576832 0.600790
vt 0.569639 0.606702
vt 0.563736 0.613907
vt 0.559349 0.622126
vt 0.556648 0.631044
vt 0.555736 0.640319
vt 0.556648 0.649594
vt 0.559349 0.658513
vt 0.563736 0.666732
vt 0.569639 0.673936
vt 0.576832 0.679849
vt 0.585039 0.684242
vt 0.593944 0.686948
vt 0.603205 0.687861
vt 0.603205 0.696709
vt 0.592221 0.695625
vt 0.581658 0.692416
vt 0.571924 0.687205
vt 0.563392 0.680193
vt 0.556390 0.671648
vt 0.551187 0.661899
vt 0.547983 0.651320
vt 0.546902 0.640319
vt 0.547983 0.629318
vt 0.551187 0.618740
vt 0.556390 0.608991
vt 0.563392 0.600446
vt 0.571924 0.593433
vt 0.581658 0.588222
vt 0.592221 0.585013
vt 0.933572 0.767570
vt 0.917736 0.767570
vt 0.917736 0.758489
vt 0.933572 0.758489
vt 0.933572 0.776473
vt 0.917736 0.776473
vt 0.933572 0.784669
vt 0.917736 0.784669
vt 0.933572 0.791841
vt 0.917736 0.791841
vt 0.322605 0.707261
vt 0.312043 0.704052
vt 0.302308 0.698841
vt 0.293777 0.691828
vt 0.286775 0.683283
vt 0.281572 0.673534
vt 0.278368 0.662956
vt 0.277286 0.651954
vt 0.278368 0.640953
vt 0.281571 0.630375
vt 0.286774 0.620626
vt 0.293776 0.612081
vt 0.302308 0.605068
vt 0.312043 0.599858
vt 0.322605 0.596649
vt 0.333589 0.595565
vt 0.333589 0.604413
vt 0.324328 0.605326
vt 0.315423 0.608032
vt 0.307216 0.612425
vt 0.300023 0.618337
vt 0.294120 0.625542
vt 0.289733 0.633761
vt 0.287032 0.642680
vt 0.286120 0.651955
vt 0.287032 0.661229
vt 0.289733 0.670148
vt 0.294120 0.678367
vt 0.300023 0.685572
vt 0.307216 0.691484
vt 0.315423 0.695877
vt 0.324328 0.698583
vt 0.470969 0.937191
vt 0.470969 0.928996
vt 0.472114 0.928996
vt 0.472114 0.937191
vt 0.470969 0.946095
vt 0.472114 0.946095
vt 0.470969 0.955175
vt 0.472114 0.955175
vt 0.604112 0.295060
vt 0.604112 0.293355
vt 0.602499 0.293355
vt 0.602499 0.287317
vt 0.605257 0.286911
vt 0.605257 0.295060
vt 0.602499 0.286524
vt 0.605257 0.286524
vt 0.602499 0.286911
vt 0.877747 0.157930
vt 0.877747 0.155167
vt 0.000606 0.963882
vt 0.034439 0.963882
vt 0.921610 0.098207
vt 0.921610 0.157930
vt 0.886498 0.271464
vt 0.843847 0.271464
vt 0.843847 0.278548
vt 0.842702 0.278548
vt 0.842702 0.271208
vt 0.902334 0.271208
vt 0.902334 0.278548
vt 0.886498 0.278548
vt 0.842702 0.262889
vt 0.902334 0.262889
vt 0.842702 0.253909
vt 0.902334 0.253909
vt 0.842702 0.244616
vt 0.902334 0.244616
vt 0.842702 0.235365
vt 0.902334 0.235365
vt 0.842702 0.226512
vt 0.902334 0.226512
vt 0.842702 0.218397
vt 0.902334 0.218397
vt 0.842702 0.211332
vt 0.902334 0.211332
vt 0.889398 0.697922
vt 0.889398 0.705256
vt 0.829766 0.705256
vt 0.829766 0.697922
vt 0.889398 0.713571
vt 0.829766 0.713571
vt 0.889398 0.722548
vt 0.829766 0.722548
vt 0.889398 0.731841
vt 0.829766 0.731841
vt 0.889398 0.741093
vt 0.829766 0.741093
vt 0.889398 0.749949
vt 0.829766 0.749949
vt 0.889398 0.758069
vt 0.829766 0.758069
vt 0.637917 0.684385
vt 0.634485 0.687205
vt 0.624751 0.692416
vt 0.614189 0.695625
vt 0.612466 0.686948
vt 0.621370 0.684242
vt 0.629409 0.679939
vt 0.637448 0.684242
vt 0.734447 0.856202
vt 0.794079 0.856202
vt 0.794079 0.865922
vt 0.734447 0.865922
vt 0.734447 0.845641
vt 0.794079 0.845641
vt 0.734447 0.834646
vt 0.794079 0.834646
vt 0.734447 0.823639
vt 0.794079 0.823639
vt 0.734447 0.813044
vt 0.794079 0.813044
vt 0.734447 0.803267
vt 0.794079 0.803267
vt 0.734447 0.794684
vt 0.794079 0.794684
vt 0.272269 0.877717
vt 0.331901 0.877717
vt 0.331901 0.886021
vt 0.272269 0.886021
vt 0.272269 0.868148
vt 0.331901 0.868148
vt 0.272269 0.857684
vt 0.331901 0.857684
vt 0.272269 0.846726
vt 0.331901 0.846726
vt 0.272269 0.835694
vt 0.331901 0.835694
vt 0.272269 0.825014
vt 0.331901 0.825014
vt 0.272269 0.815095
vt 0.331901 0.815095
vt 0.272269 0.806319
vt 0.331901 0.806319
vt 0.183418 0.770719
vt 0.183309 0.771267
vt 0.179714 0.779961
vt 0.174493 0.787786
vt 0.167849 0.794440
vt 0.160036 0.799669
vt 0.151355 0.803270
vt 0.142139 0.805106
vt 0.132743 0.805106
vt 0.123527 0.803270
vt 0.114846 0.799669
vt 0.107034 0.794440
vt 0.106128 0.793533
vt 0.106359 0.792370
vt 0.099913 0.785914
vt 0.094743 0.778165
vt 0.091280 0.769792
vt 0.089740 0.762037
vt 0.089740 0.752626
vt 0.091573 0.743396
vt 0.095169 0.734702
vt 0.100389 0.726877
vt 0.107034 0.720223
vt 0.114846 0.714995
vt 0.123527 0.711393
vt 0.132743 0.709557
vt 0.142140 0.709557
vt 0.151355 0.711393
vt 0.160036 0.714995
vt 0.167849 0.720223
vt 0.173481 0.725864
vt 0.178471 0.733343
vt 0.182032 0.741954
vt 0.183848 0.751094
vt 0.183848 0.760414
vt 0.182069 0.769368
vt 0.359793 0.612335
vt 0.351754 0.608032
vt 0.342849 0.605326
vt 0.344573 0.596649
vt 0.355135 0.599858
vt 0.364869 0.605069
vt 0.368301 0.607889
vt 0.367832 0.608032
vt 0.470969 0.921824
vt 0.472114 0.921824
vt 0.386063 0.725864
vt 0.391695 0.720223
vt 0.399508 0.714995
vt 0.408189 0.711393
vt 0.417405 0.709557
vt 0.426801 0.709557
vt 0.436017 0.711393
vt 0.444698 0.714995
vt 0.452511 0.720223
vt 0.459155 0.726877
vt 0.464375 0.734702
vt 0.467971 0.743396
vt 0.469804 0.752626
vt 0.469804 0.762037
vt 0.468264 0.769792
vt 0.464801 0.778165
vt 0.459631 0.785914
vt 0.453186 0.792369
vt 0.453417 0.793533
vt 0.452511 0.794440
vt 0.444698 0.799669
vt 0.436017 0.803270
vt 0.426801 0.805106
vt 0.417405 0.805106
vt 0.408189 0.803270
vt 0.399508 0.799668
vt 0.391695 0.794440
vt 0.385051 0.787786
vt 0.379831 0.779961
vt 0.376235 0.771267
vt 0.376126 0.770719
vt 0.377475 0.769368
vt 0.375697 0.760414
vt 0.375697 0.751094
vt 0.377512 0.741954
vt 0.381073 0.733343
vt 0.889398 0.765140
vt 0.888253 0.765140
vt 0.888253 0.758264
vt 0.845602 0.758264
vt 0.845602 0.765140
vt 0.829766 0.765140
vt 0.876795 0.772429
vt 0.876795 0.789428
vt 0.868102 0.789428
vt 0.868102 0.772429
vt 0.756502 0.696552
vt 0.756502 0.680691
vt 0.763889 0.680691
vt 0.763889 0.696552
vt 0.748323 0.680691
vt 0.748323 0.696552
vt 0.777098 0.875643
vt 0.777098 0.882596
vt 0.734447 0.882596
vt 0.734447 0.875643
vt 0.777098 0.891586
vt 0.734447 0.891586
vt 0.777098 0.900947
vt 0.734447 0.900947
vt 0.777098 0.910317
vt 0.734447 0.910317
vt 0.777098 0.919337
vt 0.734447 0.919337
vt 0.777098 0.927661
vt 0.734447 0.927661
vt 0.777098 0.934967
vt 0.734447 0.934967
vt 0.934251 0.433882
vt 0.891601 0.433882
vt 0.891601 0.426812
vt 0.934251 0.426812
vt 0.934251 0.442028
vt 0.891601 0.442028
vt 0.934251 0.450936
vt 0.891601 0.450936
vt 0.934251 0.460265
vt 0.891601 0.460265
vt 0.934251 0.469656
vt 0.891601 0.469656
vt 0.934251 0.478749
vt 0.891601 0.478749
vt 0.891601 0.485907
vt 0.934251 0.485907
vt 0.590589 0.296054
vt 0.590589 0.286991
vt 0.593348 0.287487
vt 0.593348 0.294876
vt 0.591734 0.294876
vt 0.591734 0.296054
vt 0.808621 0.688883
vt 0.807476 0.688883
vt 0.807476 0.680691
vt 0.808621 0.680691
vt 0.807476 0.696282
vt 0.808621 0.696282
vt 0.730477 0.936180
vt 0.732759 0.936180
vt 0.732759 0.944887
vt 0.730477 0.944887
vt 0.732759 0.949841
vt 0.733236 0.949841
vt 0.733236 0.954437
vt 0.730477 0.954754
vt 0.730477 0.959038
vt 0.733236 0.954754
vt 0.733236 0.959038
vt 0.590589 0.286524
vt 0.593348 0.286524
vt 0.593348 0.286991
vt 0.854623 0.876787
vt 0.853009 0.876787
vt 0.853009 0.875642
vt 0.854623 0.875642
vt 0.854623 0.885854
vt 0.853009 0.885854
vt 0.854623 0.895238
vt 0.853009 0.895238
vt 0.854623 0.904580
vt 0.853009 0.904580
vt 0.854623 0.913519
vt 0.853009 0.913519
vt 0.854623 0.921713
vt 0.853009 0.921713
vt 0.854623 0.928846
vt 0.853009 0.928846
vt 0.474939 0.956628
vt 0.473325 0.956628
vt 0.473325 0.949222
vt 0.474939 0.949222
vt 0.473325 0.940826
vt 0.474939 0.940826
vt 0.473325 0.931762
vt 0.474939 0.931762
vt 0.473325 0.922379
vt 0.474939 0.922378
vt 0.474939 0.921824
vt 0.473325 0.921824
vt 0.515102 0.964326
vt 0.514841 0.964977
vt 0.512682 0.968299
vt 0.509917 0.971134
vt 0.506653 0.973376
vt 0.503015 0.974936
vt 0.499143 0.975756
vt 0.495185 0.975803
vt 0.491295 0.975076
vt 0.487621 0.973603
vt 0.484304 0.971440
vt 0.483918 0.971062
vt 0.484009 0.970571
vt 0.481262 0.967885
vt 0.479046 0.964647
vt 0.477546 0.961138
vt 0.476858 0.957880
vt 0.476811 0.953916
vt 0.477537 0.950020
vt 0.479008 0.946340
vt 0.481167 0.943018
vt 0.483932 0.940183
vt 0.487197 0.937941
vt 0.490835 0.936381
vt 0.494707 0.935561
vt 0.498664 0.935514
vt 0.502555 0.936241
vt 0.506229 0.937714
vt 0.509545 0.939877
vt 0.511946 0.942225
vt 0.514085 0.945349
vt 0.515102 0.947728
vt 0.515084 0.947792
vt 0.514373 0.958824
vt 0.792098 0.873051
vt 0.792098 0.870106
vt 0.735645 0.870106
vt 0.735645 0.874378
vt 0.736729 0.874378
vt 0.734447 0.874429
vt 0.794079 0.874429
vt 0.777106 0.874429
vt 0.792098 0.874378
vt 0.973378 0.286412
vt 0.970977 0.288760
vt 0.967661 0.290922
vt 0.963986 0.292396
vt 0.960096 0.293123
vt 0.956139 0.293075
vt 0.952266 0.292256
vt 0.948628 0.290695
vt 0.945364 0.288454
vt 0.942599 0.285618
vt 0.940440 0.282297
vt 0.938969 0.278617
vt 0.938243 0.274720
vt 0.938290 0.270757
vt 0.938978 0.267498
vt 0.940478 0.263989
vt 0.942694 0.260752
vt 0.945441 0.258066
vt 0.945350 0.257574
vt 0.945736 0.257197
vt 0.949052 0.255034
vt 0.952727 0.253561
vt 0.956617 0.252834
vt 0.960574 0.252881
vt 0.964447 0.253701
vt 0.968085 0.255261
vt 0.971349 0.257502
vt 0.974114 0.260338
vt 0.976273 0.263660
vt 0.976533 0.264311
vt 0.975805 0.269813
vt 0.976516 0.280844
vt 0.976533 0.280909
vt 0.975516 0.283287
vt 0.370668 0.887165
vt 0.374425 0.887165
vt 0.374425 0.902179
vt 0.370668 0.902179
vt 0.378344 0.887165
vt 0.378344 0.902179
vt 0.382197 0.887165
vt 0.382197 0.908255
vt 0.382106 0.908255
vt 0.382090 0.902179
vt 0.633340 0.972475
vt 0.633340 0.978551
vt 0.630265 0.978551
vt 0.630265 0.972475
vt 0.996550 0.041046
vt 0.996550 0.000607
vt 0.999394 0.000607
vt 0.999394 0.041046
vt 0.993224 0.041046
vt 0.993224 0.000607
vt 0.989544 0.041046
vt 0.989544 0.000607
vt 0.985650 0.041046
vt 0.985650 0.000607
vt 0.981693 0.041046
vt 0.981693 0.000607
vt 0.977824 0.041046
vt 0.977824 0.000607
vt 0.974193 0.041046
vt 0.974193 0.000607
vt 0.970939 0.041046
vt 0.970939 0.000607
vt 0.367125 0.944917
vt 0.367125 0.985356
vt 0.364360 0.985356
vt 0.364360 0.944917
vt 0.370390 0.944917
vt 0.370390 0.985356
vt 0.374028 0.944917
vt 0.374028 0.985356
vt 0.377310 0.985356
vt 0.377310 0.944917
vt 0.087867 0.724572
vt 0.085333 0.724572
vt 0.085333 0.709557
vt 0.087867 0.709557
vt 0.970807 0.924294
vt 0.969322 0.924953
vt 0.965421 0.924565
vt 0.961521 0.924945
vt 0.957769 0.926081
vt 0.954310 0.927928
vt 0.951278 0.930415
vt 0.948788 0.933447
vt 0.946937 0.936907
vt 0.945795 0.940662
vt 0.945407 0.944568
vt 0.945787 0.948475
vt 0.946921 0.952232
vt 0.948765 0.955696
vt 0.951248 0.958733
vt 0.954275 0.961227
vt 0.957730 0.963081
vt 0.956303 0.966522
vt 0.952205 0.964323
vt 0.948614 0.961366
vt 0.945669 0.957763
vt 0.943482 0.953655
vt 0.942137 0.949198
vt 0.941686 0.944564
vt 0.942147 0.939931
vt 0.943501 0.935477
vt 0.945697 0.931373
vt 0.948650 0.927777
vt 0.952246 0.924827
vt 0.956348 0.922636
vt 0.960799 0.921290
vt 0.965425 0.920838
vt 0.968619 0.921156
vt 0.973004 0.920838
vt 0.976213 0.920838
vt 0.976213 0.977377
vt 0.973004 0.977377
vt 0.979207 0.145389
vt 0.976014 0.145708
vt 0.971387 0.145256
vt 0.966937 0.143909
vt 0.962835 0.141719
vt 0.959238 0.138769
vt 0.956285 0.135173
vt 0.954089 0.131069
vt 0.952735 0.126615
vt 0.952275 0.121982
vt 0.952725 0.117348
vt 0.954070 0.112891
vt 0.956257 0.108783
vt 0.959203 0.105181
vt 0.962793 0.102223
vt 0.966891 0.100024
vt 0.968318 0.103465
vt 0.964864 0.105319
vt 0.961837 0.107813
vt 0.959353 0.110850
vt 0.957509 0.114314
vt 0.956376 0.118071
vt 0.955995 0.121978
vt 0.956384 0.125884
vt 0.957525 0.129639
vt 0.959377 0.133099
vt 0.961866 0.136131
vt 0.964899 0.138618
vt 0.968357 0.140465
vt 0.972109 0.141601
vt 0.976010 0.141981
vt 0.979910 0.141593
vt 0.982381 0.140839
vt 0.085333 0.765011
vt 0.085333 0.766096
vt 0.081413 0.766096
vt 0.081413 0.709557
vt 0.081550 0.724572
vt 0.081550 0.765011
vt 0.633340 0.938112
vt 0.636634 0.938112
vt 0.636634 0.978551
vt 0.634907 0.972475
vt 0.634907 0.938590
vt 0.630265 0.938112
vt 0.633340 0.938590
vt 0.630265 0.938590
vt 0.378344 0.942618
vt 0.382090 0.942618
vt 0.382090 0.942141
vt 0.382193 0.942141
vt 0.382197 0.943704
vt 0.378344 0.943704
vt 0.374425 0.943704
vt 0.374425 0.942618
vt 0.370668 0.943704
vt 0.370668 0.942618
vt 0.367922 0.943704
vt 0.368011 0.942141
vt 0.370311 0.942141
vt 0.370311 0.942618
vt 0.640867 0.293476
vt 0.641344 0.293476
vt 0.641344 0.294006
vt 0.640867 0.294006
vt 0.640867 0.289817
vt 0.641344 0.289817
vt 0.640867 0.286524
vt 0.641344 0.286524
vt 0.270498 0.967265
vt 0.270021 0.967265
vt 0.270021 0.964461
vt 0.270498 0.964461
vt 0.270021 0.961164
vt 0.270498 0.961164
vt 0.270021 0.957502
vt 0.270498 0.957502
vt 0.270021 0.953614
vt 0.270498 0.953614
vt 0.270021 0.949650
vt 0.270498 0.949650
vt 0.270021 0.945763
vt 0.270498 0.945763
vt 0.270021 0.942102
vt 0.270498 0.942102
vt 0.270498 0.941519
vt 0.270021 0.941519
vt 0.087867 0.766096
vt 0.087867 0.765011
vt 0.971793 0.967346
vt 0.970003 0.967888
vt 0.965376 0.968340
vt 0.960750 0.967878
vt 0.961480 0.964224
vt 0.965380 0.964613
vt 0.969201 0.964240
vt 0.971633 0.967215
vt 0.971793 0.925707
vt 0.077570 0.766096
vt 0.077570 0.709557
vt 0.073951 0.766096
vt 0.073951 0.709557
vt 0.070696 0.766096
vt 0.070696 0.709557
vt 0.935463 0.366359
vt 0.938235 0.366359
vt 0.938235 0.422898
vt 0.935463 0.422898
vt 0.941495 0.366359
vt 0.941495 0.422898
vt 0.945117 0.366359
vt 0.945117 0.422898
vt 0.948962 0.366359
vt 0.948962 0.422898
vt 0.952881 0.366359
vt 0.952881 0.422898
vt 0.956725 0.366359
vt 0.956725 0.422898
vt 0.960345 0.366359
vt 0.960345 0.422898
vt 0.963603 0.366359
vt 0.963603 0.422898
vt 0.391924 0.943704
vt 0.389120 0.943704
vt 0.389120 0.887165
vt 0.391924 0.887165
vt 0.385835 0.887165
vt 0.385835 0.943704
vt 0.385835 0.942141
vt 0.386802 0.942141
vt 0.386802 0.908255
vt 0.385835 0.908255
vt 0.363197 0.943704
vt 0.363197 0.887165
vt 0.366537 0.887165
vt 0.366537 0.943704
vt 0.359290 0.943704
vt 0.359290 0.887165
vt 0.354966 0.943704
vt 0.354966 0.887165
vt 0.350392 0.943704
vt 0.350392 0.887165
vt 0.345744 0.943704
vt 0.345744 0.887165
vt 0.341200 0.943704
vt 0.341200 0.887165
vt 0.336935 0.943704
vt 0.336935 0.887165
vt 0.333112 0.943704
vt 0.333112 0.887165
vt 0.988869 0.977377
vt 0.988869 0.920838
vt 0.992117 0.920838
vt 0.992117 0.977377
vt 0.985035 0.977377
vt 0.985035 0.920838
vt 0.980761 0.977377
vt 0.980761 0.920838
vt 0.326684 0.887234
vt 0.326684 0.888797
vt 0.322386 0.888797
vt 0.322386 0.887234
vt 0.979789 0.102306
vt 0.975968 0.101933
vt 0.972068 0.102322
vt 0.971338 0.098668
vt 0.975964 0.098207
vt 0.980591 0.098658
vt 0.982381 0.099200
vt 0.982222 0.099331
vt 0.000000 0.000000
vt 0.317825 0.888797
vt 0.317825 0.887234
vt 0.313177 0.888797
vt 0.313177 0.887234
vt 0.308619 0.888797
vt 0.308619 0.887234
vt 0.306892 0.887234
vt 0.306892 0.888797
vt 0.367749 0.943704
vt 0.367749 0.942141
vt 0.367922 0.942141
vt 0.637695 0.811914
vt 0.637850 0.811914
vt 0.637850 0.845800
vt 0.637695 0.845800
vt 0.331765 0.887234
vt 0.331784 0.921120
vt 0.856555 0.478037
vt 0.890389 0.478037
vt 0.890389 0.506040
vt 0.856555 0.506040
vt 0.984438 0.685711
vt 0.981503 0.685711
vt 0.981503 0.645272
vt 0.984438 0.645272
vt 0.626270 0.811914
vt 0.630016 0.811914
vt 0.630016 0.868453
vt 0.626270 0.868453
vt 0.626270 0.853438
vt 0.629885 0.853438
vt 0.629885 0.813000
vt 0.626270 0.813000
vt 0.913114 0.657930
vt 0.913270 0.657754
vt 0.916419 0.655354
vt 0.919976 0.653615
vt 0.923803 0.652605
vt 0.927753 0.652362
vt 0.931675 0.652895
vt 0.935417 0.654184
vt 0.938836 0.656180
vt 0.941801 0.658806
vt 0.944198 0.661960
vt 0.945934 0.665522
vt 0.945952 0.665591
vt 0.945848 0.666298
vt 0.945741 0.666419
vt 0.945798 0.666636
vt 0.945441 0.669058
vt 0.945952 0.679280
vt 0.945365 0.680987
vt 0.943373 0.684412
vt 0.940751 0.687381
vt 0.937601 0.689781
vt 0.934045 0.691520
vt 0.930218 0.692530
vt 0.926268 0.692773
vt 0.922346 0.692240
vt 0.918604 0.690951
vt 0.915184 0.688955
vt 0.912220 0.686329
vt 0.909823 0.683175
vt 0.908087 0.679613
vt 0.907232 0.676364
vt 0.907000 0.672582
vt 0.907527 0.668692
vt 0.908802 0.664980
vt 0.910776 0.661589
vt 0.913319 0.658708
vt 0.978481 0.685711
vt 0.978481 0.645272
vt 0.856365 0.940432
vt 0.857220 0.937183
vt 0.858956 0.933621
vt 0.861353 0.930466
vt 0.864318 0.927841
vt 0.867737 0.925845
vt 0.871479 0.924556
vt 0.875401 0.924022
vt 0.879351 0.924265
vt 0.883178 0.925276
vt 0.886735 0.927014
vt 0.889884 0.929414
vt 0.892506 0.932384
vt 0.894499 0.935808
vt 0.895085 0.937516
vt 0.894574 0.947737
vt 0.894931 0.950160
vt 0.894874 0.950376
vt 0.894981 0.950497
vt 0.895085 0.951205
vt 0.895067 0.951273
vt 0.893331 0.954835
vt 0.890935 0.957990
vt 0.887970 0.960615
vt 0.884550 0.962611
vt 0.880808 0.963900
vt 0.876886 0.964434
vt 0.872936 0.964191
vt 0.869109 0.963180
vt 0.865553 0.961442
vt 0.862403 0.959041
vt 0.862247 0.958865
vt 0.862452 0.958087
vt 0.859909 0.955206
vt 0.857936 0.951815
vt 0.856661 0.948103
vt 0.856133 0.944213
vt 0.887683 0.915979
vt 0.887540 0.920825
vt 0.887540 0.905810
vt 0.887683 0.905810
vt 0.887344 0.905810
vt 0.887344 0.920825
vt 0.256110 0.945006
vt 0.257905 0.945006
vt 0.257905 0.985445
vt 0.256110 0.985445
vt 0.256110 0.979369
vt 0.257295 0.979369
vt 0.257295 0.945484
vt 0.256110 0.945484
vt 0.261697 0.945006
vt 0.261697 0.985445
vt 0.265195 0.945006
vt 0.265196 0.985445
vt 0.268266 0.945006
vt 0.268266 0.985445
vt 0.541768 0.975953
vt 0.541768 0.935514
vt 0.544861 0.935514
vt 0.544861 0.975953
vt 0.538252 0.975953
vt 0.538252 0.935514
vt 0.534450 0.975953
vt 0.534450 0.935514
vt 0.530506 0.975953
vt 0.530506 0.935514
vt 0.526574 0.975953
vt 0.526574 0.935514
vt 0.522802 0.975953
vt 0.522802 0.935514
vt 0.519338 0.975953
vt 0.519338 0.935514
vt 0.516313 0.975953
vt 0.516313 0.935514
vt 0.622371 0.868453
vt 0.622371 0.853439
vt 0.618469 0.868453
vt 0.618469 0.853438
vt 0.614714 0.868453
vt 0.614714 0.853439
vt 0.611320 0.868453
vt 0.611320 0.853438
vt 0.887344 0.864286
vt 0.887540 0.864286
vt 0.887540 0.865371
vt 0.887344 0.865371
vt 0.887683 0.865371
vt 0.887683 0.864636
vt 0.647618 0.295984
vt 0.648095 0.295984
vt 0.647618 0.292930
vt 0.648095 0.292930
vt 0.463809 0.892666
vt 0.463332 0.892666
vt 0.463332 0.889594
vt 0.463809 0.889594
vt 0.463332 0.886092
vt 0.463809 0.886092
vt 0.463332 0.882295
vt 0.463809 0.882295
vt 0.463332 0.878349
vt 0.463809 0.878349
vt 0.463332 0.874406
vt 0.463809 0.874406
vt 0.463332 0.870617
vt 0.463809 0.870617
vt 0.463332 0.867127
vt 0.463809 0.867127
vt 0.463332 0.864071
vt 0.463809 0.864071
vt 0.646407 0.296240
vt 0.645931 0.296240
vt 0.645931 0.293140
vt 0.646407 0.293140
vt 0.646407 0.292930
vt 0.645931 0.292930
vt 0.611320 0.813000
vt 0.610613 0.813000
vt 0.610613 0.813477
vt 0.608042 0.813477
vt 0.607942 0.811914
vt 0.611320 0.811914
vt 0.614714 0.811914
vt 0.614714 0.813000
vt 0.618469 0.811914
vt 0.618469 0.813000
vt 0.622371 0.811914
vt 0.622371 0.813000
vt 0.104289 0.990683
vt 0.100199 0.988471
vt 0.096617 0.985503
vt 0.093683 0.981892
vt 0.091508 0.977777
vt 0.090177 0.973316
vt 0.089740 0.968680
vt 0.090215 0.964049
vt 0.091583 0.959599
vt 0.093791 0.955502
vt 0.096755 0.951915
vt 0.100360 0.948976
vt 0.104469 0.946798
vt 0.108923 0.945465
vt 0.113552 0.945027
vt 0.115737 0.945252
vt 0.119184 0.949397
vt 0.119777 0.949877
vt 0.117435 0.949155
vt 0.113536 0.948754
vt 0.109634 0.949123
vt 0.105879 0.950247
vt 0.102415 0.952083
vt 0.099375 0.954561
vt 0.096876 0.957585
vt 0.095014 0.961039
vt 0.093861 0.964791
vt 0.093461 0.968696
vt 0.093829 0.972604
vt 0.094951 0.976365
vt 0.096785 0.979834
vt 0.099259 0.982879
vt 0.102278 0.985381
vt 0.105727 0.987246
vt 0.633464 0.811914
vt 0.633464 0.868453
vt 0.887683 0.920825
vt 0.599916 0.296673
vt 0.599828 0.296467
vt 0.599916 0.296332
vt 0.875134 0.899734
vt 0.875142 0.905810
vt 0.884911 0.905810
vt 0.884911 0.922809
vt 0.874360 0.922809
vt 0.874360 0.920825
vt 0.875088 0.920825
vt 0.875090 0.865848
vt 0.875088 0.864286
vt 0.874360 0.864286
vt 0.874360 0.863086
vt 0.884911 0.863086
vt 0.884911 0.865371
vt 0.875142 0.865371
vt 0.347661 0.946762
vt 0.352104 0.945392
vt 0.356729 0.944917
vt 0.361357 0.945354
vt 0.363149 0.945891
vt 0.362990 0.946022
vt 0.360567 0.949005
vt 0.356744 0.948643
vt 0.352845 0.949044
vt 0.349099 0.950199
vt 0.345650 0.952064
vt 0.895892 0.863086
vt 0.895407 0.865848
vt 0.888393 0.865848
vt 0.888393 0.865371
vt 0.887683 0.864286
vt 0.601215 0.296673
vt 0.601127 0.296538
vt 0.601215 0.296332
vt 0.109473 0.988401
vt 0.113372 0.988802
vt 0.117195 0.988441
vt 0.119618 0.991423
vt 0.119777 0.991555
vt 0.117985 0.992091
vt 0.113357 0.992528
vt 0.108732 0.992053
vt 0.106405 0.887275
vt 0.106405 0.888838
vt 0.101786 0.888838
vt 0.101786 0.887275
vt 0.097358 0.887275
vt 0.097358 0.943814
vt 0.093290 0.943814
vt 0.093290 0.887275
vt 0.089740 0.943814
vt 0.089740 0.887275
vt 0.000606 0.917899
vt 0.000606 0.861360
vt 0.004159 0.861360
vt 0.004159 0.917899
vt 0.008228 0.861360
vt 0.008228 0.917899
vt 0.012658 0.861360
vt 0.012658 0.917899
vt 0.017278 0.861360
vt 0.017278 0.917899
vt 0.021910 0.861360
vt 0.021910 0.917899
vt 0.026377 0.861360
vt 0.026377 0.917899
vt 0.030506 0.861360
vt 0.030506 0.917899
vt 0.034140 0.861360
vt 0.034140 0.917899
vt 0.848973 0.875642
vt 0.848973 0.932181
vt 0.845367 0.932181
vt 0.845367 0.875642
vt 0.841258 0.932181
vt 0.841258 0.875642
vt 0.839152 0.875642
vt 0.839152 0.932181
vt 0.869618 0.864286
vt 0.869618 0.920825
vt 0.864643 0.922809
vt 0.864643 0.863086
vt 0.872647 0.920825
vt 0.872647 0.864286
vt 0.873964 0.865848
vt 0.873964 0.899734
vt 0.868880 0.864286
vt 0.868880 0.920825
vt 0.865397 0.864286
vt 0.865397 0.920825
vt 0.862331 0.864286
vt 0.862331 0.920825
vt 0.642150 0.947985
vt 0.639128 0.947985
vt 0.639128 0.891446
vt 0.642150 0.891446
vt 0.645601 0.947985
vt 0.645601 0.891446
vt 0.649347 0.947985
vt 0.649348 0.891446
vt 0.653247 0.947985
vt 0.653247 0.891446
vt 0.657149 0.947985
vt 0.657149 0.891446
vt 0.660903 0.947985
vt 0.660903 0.891446
vt 0.664365 0.947985
vt 0.664365 0.891446
vt 0.667403 0.947985
vt 0.667403 0.891446
vt 0.636483 0.811914
vt 0.636483 0.868453
vt 0.342631 0.954566
vt 0.340157 0.957611
vt 0.338324 0.961080
vt 0.337201 0.964841
vt 0.336833 0.968750
vt 0.337233 0.972654
vt 0.338386 0.976406
vt 0.340248 0.979860
vt 0.342747 0.982885
vt 0.345787 0.985362
vt 0.349251 0.987199
vt 0.353006 0.988323
vt 0.356908 0.988691
vt 0.360807 0.988291
vt 0.363149 0.987569
vt 0.362556 0.988049
vt 0.359109 0.992193
vt 0.356924 0.992418
vt 0.352295 0.991981
vt 0.347841 0.990647
vt 0.343732 0.988469
vt 0.340127 0.985530
vt 0.337163 0.981944
vt 0.334955 0.977846
vt 0.333587 0.973396
vt 0.333112 0.968765
vt 0.333549 0.964129
vt 0.334880 0.959669
vt 0.337055 0.955553
vt 0.339989 0.951942
vt 0.343571 0.948974
vt 0.895892 0.865848
vt 0.607942 0.813477
vt 0.111038 0.887275
vt 0.111038 0.888838
vt 0.607745 0.813477
vt 0.607745 0.811914
vt 0.119637 0.888838
vt 0.119637 0.887275
vt 0.121100 0.887275
vt 0.121100 0.888838
vt 0.115506 0.888838
vt 0.115506 0.887275
vt 0.241362 0.595565
vt 0.252346 0.596649
vt 0.262908 0.599858
vt 0.272642 0.605068
vt 0.276074 0.607889
vt 0.275605 0.608032
vt 0.267567 0.612335
vt 0.259528 0.608032
vt 0.250623 0.605326
vt 0.241362 0.604413
vt 0.232101 0.605326
vt 0.603205 0.810701
vt 0.603205 0.801853
vt 0.612465 0.800940
vt 0.621370 0.798234
vt 0.629409 0.793931
vt 0.637448 0.798234
vt 0.637917 0.798377
vt 0.634485 0.801197
vt 0.624751 0.806408
vt 0.614189 0.809617
vt 0.900312 0.863086
vt 0.900312 0.865848
vt 0.223197 0.608032
vt 0.214990 0.612425
vt 0.207797 0.618338
vt 0.201893 0.625542
vt 0.197507 0.633761
vt 0.194805 0.642680
vt 0.193893 0.651955
vt 0.194805 0.661230
vt 0.197507 0.670148
vt 0.201893 0.678367
vt 0.207796 0.685572
vt 0.214990 0.691484
vt 0.223197 0.695878
vt 0.232101 0.698583
vt 0.241362 0.699497
vt 0.241362 0.708344
vt 0.230378 0.707261
vt 0.219816 0.704052
vt 0.210082 0.698841
vt 0.201550 0.691828
vt 0.194548 0.683283
vt 0.189345 0.673534
vt 0.186141 0.662956
vt 0.185059 0.651955
vt 0.186141 0.640954
vt 0.189345 0.630375
vt 0.194548 0.620626
vt 0.201550 0.612081
vt 0.210082 0.605069
vt 0.219816 0.599858
vt 0.230378 0.596649
vt 0.928628 0.067450
vt 0.912793 0.067450
vt 0.912793 0.058359
vt 0.928628 0.058359
vt 0.928628 0.076388
vt 0.912793 0.076388
vt 0.928628 0.084638
vt 0.912793 0.084638
vt 0.928628 0.091884
vt 0.912793 0.091884
vt 0.592220 0.809617
vt 0.581658 0.806408
vt 0.571924 0.801198
vt 0.563392 0.794185
vt 0.556390 0.785640
vt 0.551187 0.775891
vt 0.547983 0.765313
vt 0.546902 0.754312
vt 0.547983 0.743311
vt 0.551187 0.732732
vt 0.556390 0.722983
vt 0.563392 0.714438
vt 0.571924 0.707425
vt 0.581658 0.702214
vt 0.592220 0.699006
vt 0.603205 0.697922
vt 0.603205 0.706770
vt 0.593944 0.707683
vt 0.585039 0.710389
vt 0.576832 0.714782
vt 0.569639 0.720694
vt 0.563736 0.727899
vt 0.559349 0.736118
vt 0.556648 0.745037
vt 0.555736 0.754312
vt 0.556648 0.763586
vt 0.559349 0.772505
vt 0.563736 0.780724
vt 0.569639 0.787929
vt 0.576832 0.793841
vt 0.585039 0.798234
vt 0.593944 0.800940
vt 0.732978 0.909474
vt 0.732978 0.917725
vt 0.731833 0.917725
vt 0.731833 0.909474
vt 0.732978 0.900537
vt 0.731833 0.900537
vt 0.732978 0.891446
vt 0.731833 0.891446
vt 0.612052 0.294917
vt 0.612052 0.293239
vt 0.610438 0.293239
vt 0.610438 0.287300
vt 0.613197 0.286901
vt 0.613197 0.294917
vt 0.610438 0.286524
vt 0.613197 0.286524
vt 0.610438 0.286901
vt 0.856133 0.922809
vt 0.856133 0.863086
vt 0.837346 0.515703
vt 0.879997 0.515703
vt 0.879997 0.508796
vt 0.881142 0.508796
vt 0.881142 0.515952
vt 0.821510 0.515952
vt 0.821510 0.508796
vt 0.837346 0.508796
vt 0.881142 0.524135
vt 0.821510 0.524135
vt 0.881142 0.533031
vt 0.821510 0.533031
vt 0.881142 0.542298
vt 0.821510 0.542298
vt 0.881142 0.551581
vt 0.821510 0.551581
vt 0.881142 0.560521
vt 0.821510 0.560521
vt 0.881142 0.568776
vt 0.821510 0.568776
vt 0.881142 0.576028
vt 0.821510 0.576028
vt 0.536443 0.806355
vt 0.536443 0.813578
vt 0.476811 0.813578
vt 0.476811 0.806355
vt 0.536443 0.821812
vt 0.476811 0.821812
vt 0.536443 0.830739
vt 0.476811 0.830739
vt 0.536443 0.840017
vt 0.476811 0.840017
vt 0.536443 0.849289
vt 0.476811 0.849289
vt 0.536443 0.858198
vt 0.476811 0.858198
vt 0.536443 0.866403
vt 0.476811 0.866403
vt 0.276074 0.696020
vt 0.272643 0.698841
vt 0.262908 0.704052
vt 0.252346 0.707261
vt 0.250623 0.698583
vt 0.259528 0.695878
vt 0.267567 0.691574
vt 0.275605 0.695878
vt 0.854922 0.813064
vt 0.795290 0.813064
vt 0.795290 0.803279
vt 0.854922 0.803279
vt 0.854922 0.823665
vt 0.795290 0.823665
vt 0.854922 0.834674
vt 0.795290 0.834674
vt 0.854922 0.845667
vt 0.795290 0.845667
vt 0.854922 0.856222
vt 0.795290 0.856222
vt 0.854922 0.865934
vt 0.795290 0.865934
vt 0.854922 0.874429
vt 0.795290 0.874429
vt 0.271058 0.815037
vt 0.211426 0.815037
vt 0.211426 0.806319
vt 0.271058 0.806319
vt 0.271058 0.824913
vt 0.211426 0.824913
vt 0.271058 0.835569
vt 0.211426 0.835569
vt 0.271058 0.846593
vt 0.211426 0.846593
vt 0.271058 0.857564
vt 0.211426 0.857564
vt 0.271058 0.868059
vt 0.211426 0.868059
vt 0.271058 0.877674
vt 0.211426 0.877674
vt 0.271058 0.886041
vt 0.211426 0.886041
vt 0.374056 0.770719
vt 0.373947 0.771267
vt 0.370351 0.779961
vt 0.365131 0.787786
vt 0.358487 0.794440
vt 0.350674 0.799669
vt 0.341993 0.803270
vt 0.332777 0.805106
vt 0.323381 0.805106
vt 0.314165 0.803270
vt 0.305484 0.799669
vt 0.297671 0.794440
vt 0.296765 0.793533
vt 0.296996 0.792370
vt 0.290551 0.785914
vt 0.285381 0.778165
vt 0.281918 0.769792
vt 0.280378 0.762037
vt 0.280378 0.752626
vt 0.282211 0.743396
vt 0.285807 0.734702
vt 0.291027 0.726877
vt 0.297671 0.720223
vt 0.305484 0.714995
vt 0.314165 0.711393
vt 0.323381 0.709557
vt 0.332777 0.709557
vt 0.341993 0.711393
vt 0.350674 0.714995
vt 0.358487 0.720223
vt 0.364119 0.725864
vt 0.369109 0.733343
vt 0.372670 0.741954
vt 0.374485 0.751094
vt 0.374485 0.760414
vt 0.372707 0.769368
vt 0.629409 0.714692
vt 0.621370 0.710389
vt 0.612465 0.707683
vt 0.614189 0.699005
vt 0.624751 0.702214
vt 0.634485 0.707425
vt 0.637917 0.710246
vt 0.637448 0.710388
vt 0.732978 0.924971
vt 0.731833 0.924971
vt 0.818188 0.777164
vt 0.812556 0.782805
vt 0.804743 0.788033
vt 0.796062 0.791635
vt 0.786846 0.793471
vt 0.777450 0.793471
vt 0.768234 0.791635
vt 0.759553 0.788033
vt 0.751741 0.782805
vt 0.745096 0.776151
vt 0.739876 0.768326
vt 0.736280 0.759632
vt 0.734447 0.750402
vt 0.734447 0.740991
vt 0.735987 0.733236
vt 0.739450 0.724863
vt 0.744620 0.717113
vt 0.751066 0.710658
vt 0.750835 0.709495
vt 0.751741 0.708588
vt 0.759553 0.703359
vt 0.768234 0.699758
vt 0.777450 0.697922
vt 0.786846 0.697922
vt 0.796062 0.699758
vt 0.804743 0.703359
vt 0.812556 0.708588
vt 0.819200 0.715242
vt 0.824420 0.723067
vt 0.828016 0.731761
vt 0.828125 0.732309
vt 0.826776 0.733660
vt 0.828555 0.742614
vt 0.828555 0.751934
vt 0.826739 0.761074
vt 0.823178 0.769685
vt 0.325921 0.951062
vt 0.325921 0.968061
vt 0.317446 0.968061
vt 0.317446 0.951062
vt 0.789587 0.696552
vt 0.789587 0.680691
vt 0.796630 0.680691
vt 0.796630 0.696552
vt 0.781658 0.680691
vt 0.781658 0.696552
vt 0.934251 0.366359
vt 0.934251 0.373359
vt 0.891601 0.373359
vt 0.891601 0.366359
vt 0.934251 0.382383
vt 0.891601 0.382383
vt 0.934251 0.391755
vt 0.891601 0.391755
vt 0.934251 0.401114
vt 0.891601 0.401114
vt 0.934251 0.410100
vt 0.891601 0.410100
vt 0.934251 0.418367
vt 0.891601 0.418367
vt 0.934251 0.425599
vt 0.891601 0.425599
vt 0.519462 0.882224
vt 0.476811 0.882224
vt 0.476811 0.874802
vt 0.519462 0.874802
vt 0.519462 0.890631
vt 0.476811 0.890631
vt 0.519462 0.899702
vt 0.476811 0.899702
vt 0.519462 0.909088
vt 0.476811 0.909088
vt 0.519462 0.918427
vt 0.476811 0.918427
vt 0.519462 0.927362
vt 0.476811 0.927362
vt 0.476811 0.934301
vt 0.519462 0.934301
vt 0.812188 0.687745
vt 0.813333 0.687745
vt 0.813333 0.695686
vt 0.812188 0.695686
vt 0.813333 0.680691
vt 0.812188 0.680691
vt 0.963717 0.058359
vt 0.965999 0.058359
vt 0.965999 0.066846
vt 0.963717 0.066846
vt 0.963717 0.080797
vt 0.963717 0.076552
vt 0.966475 0.076552
vt 0.966475 0.080797
vt 0.586620 0.286994
vt 0.586620 0.286524
vt 0.589378 0.286524
vt 0.589378 0.286994
vt 0.587765 0.296076
vt 0.586620 0.296076
vt 0.589378 0.287491
vt 0.589378 0.294896
vt 0.587765 0.294896
vt 0.462567 0.647964
vt 0.464180 0.647964
vt 0.464180 0.649091
vt 0.462567 0.649091
vt 0.462567 0.638981
vt 0.464180 0.638981
vt 0.462567 0.629623
vt 0.464180 0.629623
vt 0.462567 0.620251
vt 0.464180 0.620251
vt 0.462567 0.611223
vt 0.464180 0.611223
vt 0.462567 0.602888
vt 0.464180 0.602888
vt 0.462567 0.595565
vt 0.464180 0.595565
vt 0.210215 0.958248
vt 0.208601 0.958248
vt 0.208601 0.950954
vt 0.210215 0.950954
vt 0.208601 0.942641
vt 0.210215 0.942641
vt 0.208601 0.933626
vt 0.210215 0.933626
vt 0.208601 0.924258
vt 0.210215 0.924258
vt 0.210215 0.923702
vt 0.208601 0.923702
vt 0.535298 0.866602
vt 0.492647 0.866602
vt 0.492647 0.873589
vt 0.476811 0.873589
vt 0.536443 0.873589
vt 0.535298 0.873589
vt 0.974553 0.891898
vt 0.974293 0.892548
vt 0.972134 0.895870
vt 0.969369 0.898706
vt 0.966105 0.900947
vt 0.962467 0.902508
vt 0.958594 0.903327
vt 0.954637 0.903374
vt 0.950747 0.902647
vt 0.947072 0.901174
vt 0.943756 0.899012
vt 0.943370 0.898634
vt 0.943461 0.898143
vt 0.940714 0.895457
vt 0.938498 0.892219
vt 0.936998 0.888710
vt 0.936310 0.885451
vt 0.936263 0.881488
vt 0.936989 0.877591
vt 0.938460 0.873912
vt 0.940619 0.870590
vt 0.943384 0.867754
vt 0.946648 0.865513
vt 0.950286 0.863953
vt 0.954159 0.863133
vt 0.958116 0.863086
vt 0.962006 0.863813
vt 0.965681 0.865286
vt 0.968997 0.867449
vt 0.971398 0.869796
vt 0.973537 0.872921
vt 0.974553 0.875299
vt 0.974536 0.875364
vt 0.973825 0.886395
vt 0.853724 0.799052
vt 0.853724 0.794736
vt 0.852640 0.794736
vt 0.854922 0.794684
vt 0.795290 0.794684
vt 0.812263 0.794684
vt 0.797271 0.794736
vt 0.797271 0.796076
vt 0.797271 0.799052
vt 0.625898 0.971691
vt 0.623498 0.974038
vt 0.620181 0.976201
vt 0.616507 0.977674
vt 0.612617 0.978401
vt 0.608659 0.978354
vt 0.604787 0.977534
vt 0.601149 0.975974
vt 0.597885 0.973732
vt 0.595120 0.970897
vt 0.592960 0.967575
vt 0.591490 0.963895
vt 0.590764 0.959999
vt 0.590811 0.956035
vt 0.591498 0.952777
vt 0.592999 0.949268
vt 0.595215 0.946030
vt 0.597962 0.943344
vt 0.597870 0.942853
vt 0.598257 0.942475
vt 0.601573 0.940312
vt 0.605247 0.938839
vt 0.609138 0.938112
vt 0.613095 0.938160
vt 0.616967 0.938979
vt 0.620605 0.940539
vt 0.623870 0.942781
vt 0.626635 0.945617
vt 0.628794 0.948938
vt 0.629054 0.949589
vt 0.628325 0.955092
vt 0.629037 0.966123
vt 0.629054 0.966188
vt 0.628037 0.968566
vt 0.966475 0.076240
vt 0.965999 0.071720
vt 0.966475 0.071720
vt 0.975765 0.863086
vt 0.979561 0.863086
vt 0.979561 0.878100
vt 0.975765 0.878100
vt 0.983476 0.863086
vt 0.983476 0.878100
vt 0.987280 0.863086
vt 0.987280 0.884176
vt 0.987191 0.884176
vt 0.987175 0.878100
vt 0.200030 0.945027
vt 0.203063 0.945027
vt 0.203063 0.985466
vt 0.200030 0.985466
vt 0.200030 0.979390
vt 0.202106 0.979390
vt 0.202106 0.945505
vt 0.200030 0.945505
vt 0.206286 0.945027
vt 0.206286 0.985466
vt 0.061255 0.999393
vt 0.061255 0.958955
vt 0.064133 0.958955
vt 0.064133 0.999393
vt 0.057902 0.999393
vt 0.057902 0.958955
vt 0.054204 0.999393
vt 0.054204 0.958955
vt 0.050301 0.999393
vt 0.050301 0.958955
vt 0.046345 0.999393
vt 0.046345 0.958955
vt 0.042488 0.999393
vt 0.042488 0.958955
vt 0.038877 0.999393
vt 0.038877 0.958955
vt 0.035651 0.999393
vt 0.035651 0.958955
vt 0.472674 0.693756
vt 0.472674 0.653317
vt 0.475600 0.653317
vt 0.475600 0.693756
vt 0.469284 0.693756
vt 0.469284 0.653317
vt 0.465561 0.693756
vt 0.465561 0.653317
vt 0.462243 0.653317
vt 0.462243 0.693756
vt 0.468640 0.821334
vt 0.468640 0.861773
vt 0.472421 0.861773
vt 0.472421 0.862858
vt 0.468504 0.862858
vt 0.468504 0.806319
vt 0.472421 0.806319
vt 0.472421 0.821334
vt 0.474939 0.821334
vt 0.474939 0.806319
vt 0.976069 0.301468
vt 0.974584 0.302127
vt 0.970684 0.301738
vt 0.966783 0.302119
vt 0.963031 0.303255
vt 0.959572 0.305101
vt 0.956540 0.307589
vt 0.954050 0.310620
vt 0.952199 0.314080
vt 0.951058 0.317835
vt 0.950669 0.321742
vt 0.951049 0.325649
vt 0.952183 0.329406
vt 0.954027 0.332870
vt 0.956510 0.335907
vt 0.959538 0.338400
vt 0.962992 0.340254
vt 0.961565 0.343696
vt 0.957467 0.341497
vt 0.953877 0.338539
vt 0.950931 0.334937
vt 0.948744 0.330829
vt 0.947399 0.326372
vt 0.946948 0.321738
vt 0.947409 0.317105
vt 0.948763 0.312651
vt 0.950959 0.308547
vt 0.953912 0.304951
vt 0.957508 0.302001
vt 0.961611 0.299810
vt 0.966061 0.298463
vt 0.970688 0.298012
vt 0.973881 0.298330
vt 0.834792 0.936128
vt 0.837997 0.936128
vt 0.837997 0.992667
vt 0.834792 0.992667
vt 0.983210 0.555979
vt 0.980017 0.556298
vt 0.975390 0.555846
vt 0.970940 0.554499
vt 0.966838 0.552309
vt 0.963241 0.549359
vt 0.960288 0.545763
vt 0.958093 0.541659
vt 0.956739 0.537205
vt 0.956278 0.532572
vt 0.956729 0.527938
vt 0.958074 0.523481
vt 0.960261 0.519372
vt 0.963206 0.515770
vt 0.966797 0.512813
vt 0.970894 0.510614
vt 0.972322 0.514055
vt 0.968867 0.515909
vt 0.965840 0.518403
vt 0.963357 0.521440
vt 0.961513 0.524903
vt 0.960379 0.528661
vt 0.959999 0.532568
vt 0.960387 0.536474
vt 0.961529 0.540229
vt 0.963380 0.543689
vt 0.965870 0.546721
vt 0.968902 0.549208
vt 0.972361 0.551055
vt 0.976112 0.552190
vt 0.980013 0.552571
vt 0.983913 0.552182
vt 0.986385 0.551429
vt 0.983476 0.919625
vt 0.979561 0.919625
vt 0.979561 0.918539
vt 0.983476 0.918539
vt 0.975765 0.919625
vt 0.975765 0.918539
vt 0.617656 0.293813
vt 0.618740 0.293813
vt 0.618740 0.296582
vt 0.617180 0.296492
vt 0.617180 0.294173
vt 0.617656 0.294173
vt 0.469521 0.704920
vt 0.469997 0.704920
vt 0.469997 0.705453
vt 0.469521 0.705453
vt 0.469521 0.701214
vt 0.469997 0.701214
vt 0.469521 0.697854
vt 0.469997 0.697854
vt 0.469521 0.694969
vt 0.469997 0.694969
vt 0.392460 0.967821
vt 0.391984 0.967821
vt 0.391984 0.964566
vt 0.392460 0.964566
vt 0.391984 0.960933
vt 0.392460 0.960933
vt 0.391984 0.957061
vt 0.392460 0.957061
vt 0.391984 0.953098
vt 0.392460 0.953098
vt 0.391984 0.949196
vt 0.392460 0.949196
vt 0.391984 0.945507
vt 0.392460 0.945507
vt 0.392460 0.944917
vt 0.391984 0.944917
vt 0.474939 0.862858
vt 0.474939 0.861773
vt 0.977055 0.344520
vt 0.975265 0.345062
vt 0.970638 0.345513
vt 0.966012 0.345052
vt 0.966742 0.341398
vt 0.970642 0.341787
vt 0.974463 0.341414
vt 0.976896 0.344389
vt 0.987276 0.918062
vt 0.987280 0.919625
vt 0.987175 0.918539
vt 0.987175 0.918062
vt 0.977055 0.302881
vt 0.464638 0.862858
vt 0.464638 0.806319
vt 0.460974 0.862858
vt 0.460974 0.806319
vt 0.457651 0.862858
vt 0.457651 0.806319
vt 0.454798 0.862858
vt 0.454798 0.806319
vt 0.934471 0.697922
vt 0.937689 0.697922
vt 0.937689 0.754461
vt 0.934471 0.754461
vt 0.941282 0.697922
vt 0.941282 0.754461
vt 0.945111 0.697922
vt 0.945111 0.754461
vt 0.949030 0.697922
vt 0.949030 0.754461
vt 0.952887 0.697922
vt 0.952887 0.754461
vt 0.956536 0.697922
vt 0.956536 0.754461
vt 0.959834 0.697922
vt 0.959834 0.754461
vt 0.962657 0.697922
vt 0.962657 0.754461
vt 0.993981 0.919625
vt 0.990827 0.919625
vt 0.990827 0.863086
vt 0.993981 0.863086
vt 0.989242 0.918062
vt 0.989242 0.884176
vt 0.987404 0.697922
vt 0.987404 0.754461
vt 0.983618 0.754461
vt 0.983618 0.697922
vt 0.458709 0.943650
vt 0.458709 0.887111
vt 0.462090 0.887111
vt 0.462090 0.943650
vt 0.454770 0.943650
vt 0.454770 0.887111
vt 0.450426 0.943650
vt 0.450426 0.887111
vt 0.445842 0.943650
vt 0.445842 0.887111
vt 0.441195 0.943650
vt 0.441195 0.887111
vt 0.436664 0.943650
vt 0.436664 0.887111
vt 0.432422 0.943650
vt 0.432422 0.887111
vt 0.428633 0.943650
vt 0.428633 0.887111
vt 0.850950 0.992667
vt 0.850950 0.936128
vt 0.854387 0.936128
vt 0.854387 0.992667
vt 0.846968 0.992667
vt 0.846968 0.936128
vt 0.842594 0.992667
vt 0.842594 0.936128
vt 0.983793 0.512896
vt 0.979972 0.512523
vt 0.976071 0.512912
vt 0.975342 0.509257
vt 0.979968 0.508796
vt 0.984595 0.509248
vt 0.986385 0.509790
vt 0.986225 0.509921
vt 0.979378 0.697922
vt 0.979378 0.699485
vt 0.974847 0.699485
vt 0.974847 0.697922
vt 0.970201 0.699485
vt 0.970201 0.697922
vt 0.965616 0.699485
vt 0.965616 0.697922
vt 0.963868 0.697922
vt 0.963868 0.699485
vt 0.569476 0.295219
vt 0.569642 0.295219
vt 0.569642 0.296782
vt 0.569476 0.296782
vt 0.617180 0.296582
vt 0.419026 0.298012
vt 0.447939 0.300337
vt 0.475845 0.308267
vt 0.501669 0.321497
vt 0.524420 0.339518
vt 0.538473 0.356050
vt 0.536956 0.356522
vt 0.532871 0.358744
vt 0.529297 0.361722
vt 0.526372 0.365340
vt 0.524207 0.369461
vt 0.523677 0.371257
vt 0.523874 0.371196
vt 0.523987 0.371184
vt 0.526893 0.370878
vt 0.526783 0.371086
vt 0.525660 0.374886
vt 0.525298 0.378834
vt 0.525712 0.382775
vt 0.526886 0.386561
vt 0.528775 0.390044
vt 0.531306 0.393091
vt 0.534382 0.395585
vt 0.537884 0.397431
vt 0.541679 0.398556
vt 0.545620 0.398918
vt 0.545690 0.398911
vt 0.539534 0.402351
vt 0.539108 0.402589
vt 0.535727 0.405471
vt 0.536199 0.405605
vt 0.536603 0.405812
vt 0.542616 0.408893
vt 0.542128 0.409165
vt 0.534974 0.415265
vt 0.529145 0.422647
vt 0.524866 0.431025
vt 0.522301 0.440078
vt 0.521549 0.449459
vt 0.522638 0.458806
vt 0.525528 0.467761
vt 0.530106 0.475979
vt 0.536197 0.483144
vt 0.543567 0.488982
vt 0.544708 0.489567
vt 0.538218 0.493193
vt 0.537782 0.493437
vt 0.537316 0.493588
vt 0.540798 0.496346
vt 0.541114 0.496508
vt 0.545690 0.498852
vt 0.544991 0.498880
vt 0.541143 0.499808
vt 0.537550 0.501469
vt 0.534349 0.503801
vt 0.531664 0.506713
vt 0.529598 0.510093
vt 0.528231 0.513813
vt 0.527614 0.517728
vt 0.527771 0.521689
vt 0.528697 0.525542
vt 0.528923 0.526033
vt 0.525748 0.525531
vt 0.525624 0.525512
vt 0.525430 0.525440
vt 0.525868 0.527261
vt 0.527816 0.531488
vt 0.530551 0.535253
vt 0.533966 0.538412
vt 0.535746 0.539503
vt 0.528197 0.549062
vt 0.506110 0.567894
vt 0.480780 0.582049
vt 0.453178 0.590982
vt 0.424368 0.594351
vt 0.395454 0.592026
vt 0.367549 0.584096
vt 0.341725 0.570867
vt 0.318974 0.552845
vt 0.300170 0.530725
vt 0.286037 0.505355
vt 0.277117 0.477712
vt 0.273754 0.448857
vt 0.276075 0.419899
vt 0.283993 0.391951
vt 0.297203 0.366087
vt 0.315197 0.343301
vt 0.337283 0.324469
vt 0.362614 0.310314
vt 0.390215 0.301381
vt 0.637695 0.847013
vt 0.637717 0.880899
vt 0.574550 0.295228
vt 0.574571 0.296411
vt 0.573318 0.295219
vt 0.573339 0.296358
vt 0.637717 0.915998
vt 0.637696 0.882112
vt 0.619973 0.296091
vt 0.619951 0.293813
vt 0.619973 0.293920
vt 0.621205 0.296093
vt 0.621184 0.293920
vt 0.621205 0.293813
vn 0.997700 0.000000 -0.068400
vn -0.965200 0.000000 0.261700
vn 0.000000 1.000000 -0.000000
vn 0.991800 0.000000 0.127600
vn 0.000000 -1.000000 -0.000000
vn 0.497400 0.000000 -0.867500
vn 0.318600 0.000000 -0.947900
vn 0.127600 0.000000 -0.991800
vn -0.068400 0.000000 -0.997700
vn -0.261700 0.000000 -0.965200
vn -0.444900 0.000000 -0.895600
vn -0.611100 0.000000 -0.791500
vn -0.753800 0.000000 -0.657100
vn -0.867500 0.000000 -0.497400
vn -0.947900 0.000000 -0.318600
vn -0.991800 0.000000 -0.127600
vn -0.997700 0.000000 0.068400
vn 0.497300 0.000000 -0.867600
vn -0.791500 0.000000 0.611100
vn -0.657100 0.000000 0.753800
vn -0.497400 0.000000 0.867500
vn -0.318600 0.000000 0.947900
vn -0.127600 0.000000 0.991800
vn 0.068400 0.000000 0.997700
vn 0.261700 0.000000 0.965200
vn 0.445000 0.000000 0.895600
vn 0.611100 0.000000 0.791500
vn 0.753800 0.000000 0.657100
vn 0.867500 0.000000 0.497400
vn 0.947900 0.000000 0.318600
vn -0.895600 0.000000 0.445000
vn -0.895600 0.000000 0.444900
vn 0.890400 0.000000 -0.455100
vn 0.962100 0.000000 -0.272700
vn 0.895600 0.000000 -0.445000
vn 0.965200 0.000000 -0.261700
vn 0.996800 0.000000 -0.079700
vn 0.791500 0.000000 -0.611100
vn 0.657100 0.000000 -0.753800
vn -0.965100 0.000000 0.261800
vn 0.784500 0.000000 -0.620100
vn -0.951500 0.000000 -0.307800
vn -0.890400 0.000000 0.455100
vn -0.962100 0.000000 0.272700
vn -0.996800 0.000000 0.079700
vn -0.993200 0.000000 -0.116300
vn -0.873100 0.000000 -0.487500
vn 0.993200 0.000000 0.116300
vn -0.761200 0.000000 -0.648500
vn -0.620100 0.000000 -0.784500
vn -0.455100 0.000000 -0.890400
vn -0.272700 0.000000 -0.962100
vn -0.079700 0.000000 -0.996800
vn 0.116300 0.000000 -0.993200
vn 0.307800 0.000000 -0.951500
vn 0.487500 0.000000 -0.873100
vn 0.648500 0.000000 -0.761200
vn -0.784500 0.000000 0.620100
vn -0.648500 0.000000 0.761200
vn -0.487500 0.000000 0.873100
vn -0.307800 0.000000 0.951500
vn -0.116300 0.000000 0.993200
vn 0.079700 0.000000 0.996800
vn 0.272700 0.000000 0.962100
vn 0.455100 0.000000 0.890400
vn 0.620100 0.000000 0.784500
vn 0.761200 0.000000 0.648500
vn 0.873100 0.000000 0.487500
vn 0.951500 0.000000 0.307800
vn 1.000000 0.000000 -0.003400
vn 0.980100 0.000000 -0.198400
vn 0.922600 0.000000 -0.385800
vn 0.829600 0.000000 -0.558400
vn 0.704700 0.000000 -0.709500
vn 0.552700 0.000000 -0.833400
vn 0.379500 0.000000 -0.925200
vn 0.191700 0.000000 -0.981400
vn -0.003400 0.000000 -1.000000
vn -0.198400 0.000000 -0.980100
vn -0.385800 0.000000 -0.922600
vn 0.981400 -0.000000 0.191700
vn 0.385800 0.000000 0.922600
vn 0.558400 0.000000 0.829600
vn 0.709500 0.000000 0.704700
vn -0.833400 0.000000 -0.552700
vn -0.925200 0.000000 -0.379500
vn -0.981400 0.000000 -0.191700
vn -1.000000 0.000000 0.003400
vn -0.980100 0.000000 0.198400
vn -0.922600 0.000000 0.385800
vn -0.829600 0.000000 0.558400
vn -0.704700 0.000000 0.709500
vn -0.552700 0.000000 0.833400
vn -0.379500 0.000000 0.925200
vn -0.191700 0.000000 0.981400
vn 0.003400 0.000000 1.000000
vn 0.198400 0.000000 0.980100
vn -0.558400 0.000000 -0.829600
vn -0.709500 0.000000 -0.704700
vn 0.925200 0.000000 0.379500
vn 0.833400 0.000000 0.552700
vn 0.198500 0.000000 0.980100
vn 0.981400 0.000000 0.191800
vn 0.098000 0.000000 -0.995200
vn -0.098000 0.000000 -0.995200
vn 0.290300 0.000000 -0.956900
vn 0.471400 0.000000 -0.881900
vn 0.634400 0.000000 -0.773000
vn 0.773000 0.000000 -0.634400
vn 0.881900 0.000000 -0.471400
vn 0.956900 0.000000 -0.290300
vn 0.995200 0.000000 -0.098000
vn 0.995200 0.000000 0.098000
vn 0.956900 0.000000 0.290300
vn 0.881900 0.000000 0.471400
vn 0.773000 0.000000 0.634400
vn 0.634400 0.000000 0.773000
vn -0.634400 0.000000 0.773000
vn -0.773000 0.000000 0.634400
vn -0.881900 0.000000 0.471400
vn -0.956900 0.000000 0.290300
vn -0.995200 0.000000 0.098000
vn -0.995200 0.000000 -0.098000
vn -0.956900 0.000000 -0.290300
vn -0.881900 0.000000 -0.471400
vn -0.773000 0.000000 -0.634400
vn -0.634400 0.000000 -0.773000
vn -0.471400 0.000000 -0.881900
vn -0.290300 0.000000 -0.956900
vn 0.025000 0.000000 0.999700
vn -0.219500 0.000000 -0.975600
vn -0.170500 0.000000 0.985400
vn 0.845100 0.000000 0.534600
vn 0.170500 0.000000 -0.985400
vn -0.025200 0.000000 -0.999700
vn 0.845100 0.000000 0.534700
vn 0.025100 0.000000 0.999700
vn -0.576200 0.000000 -0.817300
vn -0.724600 0.000000 -0.689200
vn -0.845100 0.000000 -0.534600
vn -0.933200 0.000000 -0.359500
vn -0.985400 0.000000 -0.170500
vn -0.999700 0.000000 0.025000
vn -0.975600 0.000000 0.219500
vn -0.914000 0.000000 0.405700
vn -0.817300 0.000000 0.576200
vn -0.689200 0.000000 0.724600
vn -0.534600 0.000000 0.845100
vn -0.359500 0.000000 0.933200
vn -0.405700 0.000000 -0.914000
vn 0.230700 0.000000 0.973000
vn 0.416100 0.000000 0.909300
vn 0.359500 -0.000000 -0.933200
vn 0.534600 0.000000 -0.845100
vn 0.689200 0.000000 -0.724600
vn 0.817300 0.000000 -0.576200
vn 0.914000 0.000000 -0.405700
vn 0.975600 0.000000 -0.219500
vn 0.999700 0.000000 -0.025000
vn 0.985400 0.000000 0.170500
vn 0.933200 0.000000 0.359500
vn -0.025000 0.000000 -0.999700
vn 0.405700 0.000000 0.914000
vn 0.219500 0.000000 0.975600
vn -0.914000 0.000000 0.405600
vn -0.724500 0.000000 -0.689200
vn 0.576200 0.000000 0.817300
vn 0.724600 0.000000 0.689200
vn 0.975600 0.000000 -0.219600
vn 0.914000 0.000000 -0.405600
vn -0.219600 0.000000 -0.975600
vn 0.036400 0.000000 0.999300
vn 0.000000 -0.999800 0.018400
vn -0.416100 0.000000 -0.909300
vn -0.230700 0.000000 -0.973000
vn -0.036400 0.000000 -0.999300
vn 0.159300 0.000000 -0.987200
vn 0.524900 0.000000 -0.851100
vn 0.348800 0.000000 -0.937200
vn 0.585500 0.000000 0.810700
vn -0.159300 0.000000 0.987200
vn 0.680900 0.000000 -0.732400
vn 0.810700 0.000000 -0.585500
vn 0.909300 0.000000 -0.416100
vn 0.973000 0.000000 -0.230700
vn 0.999300 0.000000 -0.036400
vn 0.987200 0.000000 0.159300
vn 0.937200 0.000000 0.348800
vn 0.851100 0.000000 0.524900
vn 0.732400 0.000000 0.680900
vn -0.585500 0.000000 -0.810700
vn -0.732400 0.000000 -0.680900
vn -0.851100 0.000000 -0.524900
vn -0.937200 0.000000 -0.348800
vn -0.987200 0.000000 -0.159300
vn -0.999300 0.000000 0.036400
vn -0.973000 0.000000 0.230700
vn -0.909300 0.000000 0.416100
vn -0.810700 0.000000 0.585500
vn -0.680900 0.000000 0.732400
vn -0.524900 0.000000 0.851100
vn -0.348800 0.000000 0.937200
vn 0.525000 0.000000 -0.851100
vn 0.416000 0.000000 0.909400
vn -0.416000 0.000000 -0.909300
vn 0.230600 0.000000 0.973000
vn -0.938400 0.000000 0.345400
vn -0.853000 0.000000 0.521900
vn 0.419300 0.000000 -0.907800
vn 0.234200 0.000000 -0.972200
vn 0.040000 0.000000 -0.999200
vn -0.155700 0.000000 -0.987800
vn -0.345400 0.000000 -0.938400
vn -0.521900 0.000000 -0.853000
vn -0.678300 0.000000 -0.734800
vn -0.808600 0.000000 -0.588400
vn -0.907800 0.000000 -0.419300
vn -0.972200 0.000000 -0.234200
vn -0.999200 0.000000 -0.040000
vn -0.987800 0.000000 0.155700
vn 0.734800 0.000000 -0.678300
vn 0.853000 0.000000 -0.521900
vn 0.588400 0.000000 -0.808600
vn -0.234200 -0.000000 0.972200
vn 0.938400 0.000000 -0.345400
vn 0.987800 0.000000 -0.155700
vn 0.999200 0.000000 0.040000
vn 0.972200 0.000000 0.234200
vn 0.907800 0.000000 0.419300
vn 0.808600 0.000000 0.588400
vn 0.678300 0.000000 0.734800
vn 0.521900 0.000000 0.853000
vn 0.345400 0.000000 0.938400
vn 0.155700 0.000000 0.987800
vn -0.040000 0.000000 0.999200
vn -0.734800 0.000000 0.678300
vn -0.419300 0.000000 0.907800
vn -0.588400 0.000000 0.808600
vn -0.735100 0.000000 0.678000
vn -0.419300 0.000000 0.907900
vn -0.234000 0.000000 0.972200
vn -0.737300 0.000000 0.675600
vn 0.000000 1.000000 -0.000100
vn 0.000000 -1.000000 -0.000100
vn -0.998400 0.000000 0.056300
vn -0.990200 0.000000 -0.139600
vn 0.968200 0.000000 -0.250000
vn -0.507800 0.000000 0.861500
vn -0.965300 0.000000 0.261000
vn 0.798900 0.000000 -0.601500
vn 0.666200 0.000000 -0.745800
vn 0.507900 0.000000 -0.861400
vn 0.330100 0.000000 -0.944000
vn 0.139600 0.000000 -0.990200
vn -0.056300 0.000000 -0.998400
vn -0.250000 0.000000 -0.968200
vn -0.434100 0.000000 -0.900900
vn -0.601500 0.000000 -0.798900
vn -0.745800 0.000000 -0.666200
vn -0.861400 0.000000 -0.507900
vn -0.944000 0.000000 -0.330100
vn 0.900900 0.000000 -0.434100
vn -0.895900 -0.000000 0.444300
vn 0.998400 0.000000 -0.056700
vn 0.990200 0.000000 0.139600
vn 0.944000 0.000000 0.330100
vn 0.861400 0.000000 0.507900
vn 0.745800 0.000000 0.666200
vn 0.601500 0.000000 0.798900
vn 0.434100 0.000000 0.900900
vn 0.250000 0.000000 0.968200
vn 0.056300 0.000000 0.998400
vn -0.139600 0.000000 0.990200
vn -0.330100 0.000000 0.944000
vn -0.507800 0.000000 0.861400
vn 0.998400 0.000000 -0.056300
vn -0.507700 0.000000 0.861500
vn -0.968200 0.000000 0.250000
vn -0.798900 0.000000 0.601500
vn -0.666200 0.000000 0.745800
vn -0.507900 0.000000 0.861400
vn 0.944000 0.000000 0.330000
vn 0.968200 0.000000 -0.250100
vn -0.997700 0.000000 0.067700
vn 0.998400 0.000000 -0.056200
vn 0.000000 -1.000000 -0.001700
vn 0.895900 0.000000 -0.444300
vn 0.965300 0.000000 -0.261000
vn 0.997700 0.000000 -0.067700
vn 0.991700 0.000000 0.128300
vn 0.867200 0.000000 0.498000
vn 0.947700 0.000000 0.319300
vn -0.792000 0.000000 0.610600
vn -0.991700 0.000000 -0.128300
vn 0.753400 0.000000 0.657600
vn 0.610600 0.000000 0.792000
vn 0.444300 0.000000 0.895900
vn 0.261000 0.000000 0.965300
vn 0.067700 0.000000 0.997700
vn -0.128200 0.000000 0.991700
vn -0.319300 0.000000 0.947700
vn -0.498000 0.000000 0.867200
vn -0.657600 0.000000 0.753400
vn 0.792000 0.000000 -0.610600
vn 0.657600 0.000000 -0.753300
vn 0.498000 0.000000 -0.867200
vn 0.319300 0.000000 -0.947700
vn 0.128300 0.000000 -0.991700
vn -0.067700 0.000000 -0.997700
vn -0.261000 0.000000 -0.965300
vn -0.444300 0.000000 -0.895900
vn -0.610600 0.000000 -0.792000
vn -0.753400 0.000000 -0.657600
vn -0.867200 0.000000 -0.498000
vn -0.947700 0.000000 -0.319300
vn -0.991700 0.000000 -0.128200
vn -0.753300 0.000000 -0.657600
vn -0.965300 0.000000 0.261100
vn 0.753300 0.000000 0.657600
vn -0.657600 0.000000 0.753300
vn -0.895800 0.000000 0.444400
vn 0.867100 0.000000 0.498100
vn -0.374700 0.000000 -0.927200
vn -0.548400 0.000000 -0.836200
vn -0.701000 0.000000 -0.713200
vn 0.826600 0.000000 0.562700
vn 0.979100 0.000000 0.203600
vn 1.000000 0.000000 0.008700
vn 0.982400 0.000000 -0.186600
vn 0.927200 0.000000 -0.374700
vn 0.836300 0.000000 -0.548300
vn 0.713200 0.000000 -0.701000
vn 0.562800 0.000000 -0.826600
vn 0.390700 0.000000 -0.920500
vn 0.203600 0.000000 -0.979100
vn 0.008700 0.000000 -1.000000
vn -0.186600 0.000000 -0.982400
vn 0.701000 0.000000 0.713200
vn 0.548400 0.000000 0.836200
vn 0.920500 0.000000 0.390700
vn -0.979100 0.000000 -0.203600
vn 0.374700 0.000000 0.927200
vn 0.186600 0.000000 0.982400
vn -0.008700 0.000000 1.000000
vn -0.203600 0.000000 0.979100
vn -0.390700 0.000000 0.920500
vn -0.562700 0.000000 0.826600
vn -0.713200 0.000000 0.701000
vn -0.836300 0.000000 0.548300
vn -0.927200 0.000000 0.374700
vn -0.982400 0.000000 0.186600
vn -1.000000 0.000000 -0.008700
vn -0.700800 0.000000 -0.713300
vn -0.562800 0.000000 0.826600
vn -0.836200 0.000000 0.548300
vn -0.920500 0.000000 -0.390700
vn -0.826600 0.000000 -0.562800
vn 0.836200 0.000000 -0.548400
vn 0.000000 0.000000 1.000000
vn 0.548300 0.000000 0.836300
vn -0.702600 0.000000 -0.711600
vn 0.634300 0.000000 -0.773100
vn 0.000000 -1.000000 0.007200
vn -0.979100 0.000000 -0.203500
vn 0.955500 0.000000 -0.295100
vn 0.000000 0.999500 -0.031200
vn -0.881800 0.000000 -0.471700
vn 0.042700 -0.999100 0.000000
vn -0.086700 0.000000 -0.996200
vn 0.279400 0.000000 0.960200
vn 0.109400 0.000000 -0.994000
vn -0.876500 0.000000 -0.481400
vn 0.625500 0.000000 0.780200
vn 0.765700 0.000000 0.643200
vn 0.876500 0.000000 0.481400
vn 0.953600 0.000000 0.301200
vn 0.994000 0.000000 0.109400
vn 0.996200 0.000000 -0.086700
vn 0.960200 0.000000 -0.279300
vn 0.887200 0.000000 -0.461300
vn 0.780200 0.000000 -0.625500
vn 0.643200 0.000000 -0.765700
vn 0.481400 0.000000 -0.876500
vn 0.301200 0.000000 -0.953600
vn 0.461300 0.000000 0.887200
vn 0.086800 0.000000 0.996200
vn -0.109400 0.000000 0.994000
vn -0.301200 0.000000 0.953600
vn -0.481400 0.000000 0.876500
vn -0.643200 0.000000 0.765700
vn -0.780200 0.000000 0.625500
vn -0.887200 0.000000 0.461300
vn -0.960200 0.000000 0.279300
vn -0.996200 0.000000 0.086600
vn -0.994000 0.000000 -0.109400
vn -0.953600 0.000000 -0.301200
vn 0.086700 -0.000000 0.996200
vn 0.086600 0.000000 0.996200
vn -0.288700 0.000000 -0.957400
vn -0.461300 0.000000 -0.887200
vn -0.625500 0.000000 -0.780200
vn -0.765700 0.000000 -0.643200
vn -0.960200 0.000000 0.279400
vn 0.086400 0.000000 0.996300
vn 0.471400 0.000000 0.881900
vn 0.290300 0.000000 0.956900
vn 0.098000 0.000000 0.995200
vn -0.098000 0.000000 0.995200
vn -0.471400 0.000000 0.881900
vn -0.290300 0.000000 0.956900
vn 0.915300 0.000000 -0.402700
vn 0.819200 0.000000 -0.573500
vn 0.691500 -0.000000 -0.722300
vn -0.537300 0.000000 0.843400
vn -0.362500 0.000000 0.932000
vn -0.173700 0.000000 0.984800
vn 0.021800 0.000000 0.999800
vn 0.216400 0.000000 0.976300
vn 0.402700 0.000000 0.915300
vn 0.573500 0.000000 0.819200
vn 0.722300 0.000000 0.691500
vn 0.843400 0.000000 0.537300
vn 0.932000 0.000000 0.362500
vn 0.984800 0.000000 0.173700
vn 0.999800 0.000000 -0.021800
vn 0.976300 0.000000 -0.216400
vn -0.819200 0.000000 0.573500
vn -0.691600 0.000000 0.722300
vn 0.173700 0.000000 -0.984800
vn -0.915300 0.000000 0.402700
vn -0.976300 0.000000 0.216400
vn -0.999800 0.000000 0.021800
vn -0.984800 0.000000 -0.173700
vn -0.932000 0.000000 -0.362500
vn -0.843400 0.000000 -0.537300
vn -0.722300 0.000000 -0.691500
vn -0.573500 0.000000 -0.819200
vn -0.402700 0.000000 -0.915300
vn -0.216400 0.000000 -0.976300
vn -0.021700 0.000000 -0.999800
vn -0.691500 0.000000 0.722300
vn 0.691200 0.000000 -0.722700
vn -0.021800 0.000000 -0.999800
vn 0.362500 0.000000 -0.932000
vn 0.537300 0.000000 -0.843400
vn 0.692800 0.000000 -0.721100
vn 0.173800 0.000000 -0.984800
vn 0.956700 0.000000 -0.291100
vn 0.773200 0.000000 0.634100
usemtl Material.001
s off
f 65/1/35 66/2/35 67/3/35 68/4/35
f 140/5/36 69/6/36 141/7/36 160/8/36 100/9/36 65/10/36 68/11/36 139/12/36
f 70/13/37 71/14/37 72/15/37 73/16/37 74/17/37 75/18/37 76/19/37 77/20/37 78/21/37 79/22/37 80/23/37 81/24/37 82/25/37 83/26/37 84/27/37 85/28/37 86/29/37 87/30/37 88/31/37 89/32/37 90/33/37 91/34/37 92/35/37 93/36/37 94/37/37 95/38/37 96/39/37 97/40/37 98/41/37 99/42/37 66/43/37 65/44/37 100/45/37 101/46/37 102/47/37 103/48/37 104/49/37
f 67/3/38 66/2/38 99/50/38 105/51/38
f 68/52/39 67/53/39 105/54/39 106/55/39 107/56/39 108/57/39 109/58/39 110/59/39 111/60/39 112/61/39 113/62/39 114/63/39 115/64/39 116/65/39 117/66/39 118/67/39 119/68/39 120/69/39 121/70/39 122/71/39 123/72/39 124/73/39 125/74/39 126/75/39 127/76/39 128/77/39 129/78/39 130/79/39 131/80/39 132/81/39 133/82/39 134/83/39 135/84/39 136/85/39 137/86/39 138/87/39 139/88/39
f 143/89/40 71/90/40 70/91/40 144/92/40
f 145/93/41 72/94/41 71/90/41 143/89/41
f 146/95/42 73/96/42 72/97/42 145/98/42
f 147/99/43 74/100/43 73/96/43 146/95/43
f 148/101/44 75/102/44 74/100/44 147/99/44
f 149/103/45 76/104/45 75/102/45 148/101/45
f 150/105/46 77/106/46 76/104/46 149/103/46
f 151/107/47 78/108/47 77/106/47 150/105/47
f 152/109/48 79/110/48 78/108/48 151/107/48
f 153/111/49 80/112/49 79/110/49 152/109/49
f 154/113/50 81/114/50 80/115/50 153/116/50
f 82/117/51 81/114/51 154/113/51 155/118/51
f 156/119/52 157/120/52 84/121/52 83/122/52
f 85/123/35 84/121/35 157/120/35 158/124/35
f 117/125/53 116/126/53 88/127/53 87/128/53
f 115/129/54 89/130/54 88/127/54 116/126/54
f 114/131/55 90/132/55 89/130/55 115/129/55
f 113/133/56 91/134/56 90/132/56 114/131/56
f 112/135/57 92/136/57 91/137/57 113/138/57
f 111/139/58 93/140/58 92/136/58 112/135/58
f 110/141/59 94/142/59 93/140/59 111/139/59
f 109/143/60 95/144/60 94/142/60 110/141/60
f 108/145/61 96/146/61 95/144/61 109/143/61
f 107/147/62 97/148/62 96/146/62 108/145/62
f 106/149/63 98/150/63 97/148/63 107/147/63
f 105/151/64 99/152/64 98/150/64 106/149/64
f 100/9/65 160/8/65 161/153/65 101/154/65
f 101/154/53 161/153/53 162/155/53 102/156/53
f 102/156/54 162/155/54 163/157/54 103/158/54
f 103/158/55 163/157/55 142/159/55 104/160/55
f 165/161/35 166/162/35 120/163/35 119/164/35
f 121/165/52 120/163/52 166/162/52 167/166/52
f 168/167/51 123/168/51 122/169/51 169/170/51
f 123/168/50 168/167/50 170/171/50 124/172/50
f 124/173/49 170/174/49 171/175/49 125/176/49
f 125/176/48 171/175/48 172/177/48 126/178/48
f 126/178/47 172/177/47 173/179/47 127/180/47
f 127/180/46 173/179/46 174/181/46 128/182/46
f 128/182/45 174/181/45 175/183/45 129/184/45
f 129/184/44 175/183/44 176/185/44 130/186/44
f 130/186/43 176/185/43 177/187/43 131/188/43
f 131/188/42 177/187/42 178/189/42 132/190/42
f 132/191/41 178/192/41 179/193/41 133/194/41
f 134/195/40 133/194/40 179/193/40 180/196/40
f 135/197/51 134/198/51 180/199/51 232/200/51 231/201/51 181/202/51
f 181/202/55 182/203/55 136/204/55 135/197/55
f 182/203/54 183/205/54 137/206/54 136/204/54
f 183/205/53 184/207/53 138/208/53 137/206/53
f 184/207/66 140/5/66 139/12/66 138/208/66
f 185/209/39 186/210/39 187/211/39 188/212/39 189/213/39 190/214/39 191/215/39 192/216/39 193/217/39 194/218/39 195/219/39 196/220/39 197/221/39 198/222/39 199/223/39 200/224/39 201/225/39 164/226/39 202/227/39 203/228/39 204/229/39 205/230/39 206/231/39 207/232/39 208/233/39 209/234/39 210/235/39 211/236/39 212/237/39 213/238/39 214/239/39 69/240/39 140/241/39 184/242/39
f 69/6/51 214/243/51 215/244/51 141/7/51
f 217/245/51 70/246/51 104/160/51 142/159/51 216/247/51 266/248/51
f 144/249/51 70/246/51 217/245/51
f 218/250/67 82/251/67 155/252/67
f 220/253/52 157/120/52 156/119/52
f 158/254/37 157/255/37 220/256/37
f 220/253/67 156/119/67 83/122/67 82/251/67 218/250/67 267/257/67 219/258/67 221/259/67 86/260/67 85/123/67 158/124/67
f 86/260/68 221/259/68 268/261/68 265/262/68 159/263/68 164/264/68 201/265/68 252/266/68 227/267/68 118/268/68 117/269/68 87/270/68
f 222/271/37 223/272/37 224/273/37 225/274/37 226/275/37 216/276/37 142/277/37 163/278/37 162/279/37 161/280/37 160/281/37
f 118/268/67 227/267/67 229/282/67 230/283/67 169/284/67 122/285/67 121/165/67 167/166/67 228/286/67 165/161/67 119/164/67
f 228/287/39 166/288/39 165/289/39
f 167/166/52 166/162/52 228/286/52
f 185/209/39 184/242/39 183/290/39 182/291/39 181/292/39 231/293/39 233/294/39 234/295/39 235/296/39 236/297/39
f 185/298/69 222/299/69 237/300/69 186/301/69
f 186/301/70 237/300/70 238/302/70 187/303/70
f 187/303/35 238/302/35 239/304/35 188/305/35
f 188/305/38 239/304/38 240/306/38 189/307/38
f 189/308/64 240/309/64 241/310/64 190/311/64
f 190/311/63 241/310/63 242/312/63 191/313/63
f 191/313/62 242/312/62 243/314/62 192/315/62
f 192/315/61 243/314/61 244/316/61 193/317/61
f 193/317/60 244/316/60 245/318/60 194/319/60
f 194/319/59 245/318/59 246/320/59 195/321/59
f 195/321/58 246/320/58 247/322/58 196/323/58
f 196/323/57 247/322/57 248/324/57 197/325/57
f 197/326/56 248/327/56 249/328/56 198/329/56
f 198/329/55 249/328/55 250/330/55 199/331/55
f 200/332/54 199/331/54 250/330/54 251/333/54
f 200/334/71 251/335/71 265/262/71 268/261/71 284/336/71 281/337/71 252/266/71 201/265/71
f 159/263/72 253/338/72 202/339/72 164/264/72
f 203/340/73 202/339/73 253/338/73 254/341/73
f 204/342/40 203/340/40 254/341/40 255/343/40
f 205/344/41 204/342/41 255/343/41 256/345/41
f 206/346/42 205/347/42 256/348/42 257/349/42
f 207/350/43 206/346/43 257/349/43 258/351/43
f 208/352/44 207/350/44 258/351/44 259/353/44
f 209/354/45 208/352/45 259/353/45 260/355/45
f 210/356/46 209/354/46 260/355/46 261/357/46
f 211/358/47 210/356/47 261/357/47 262/359/47
f 212/360/48 211/358/48 262/359/48 263/361/48
f 213/362/49 212/360/49 263/361/49 264/363/49
f 214/243/50 213/364/50 264/365/50 215/244/50
f 222/271/37 160/281/37 141/366/37 215/367/37 264/368/37 263/369/37 262/370/37 261/371/37 260/372/37 259/373/37 258/374/37 257/375/37 256/376/37 255/377/37 254/378/37 253/379/37 159/380/37 265/381/37 251/382/37 250/383/37 249/384/37 248/385/37 247/386/37 246/387/37 245/388/37 244/389/37 243/390/37 242/391/37 241/392/37 240/393/37 239/394/37 238/395/37 237/396/37
f 236/397/72 269/398/72 270/399/72 271/400/72 272/401/72 223/402/72 222/299/72 185/298/72
f 273/403/73 224/404/73 223/402/73 272/401/73
f 274/405/40 225/406/40 224/404/40 273/403/40
f 226/407/41 225/406/41 274/405/41 275/408/41
f 216/247/74 226/409/74 275/410/74 266/248/74
f 229/282/67 276/411/67 230/283/67
f 277/412/51 231/201/51 232/200/51
f 278/413/74 233/414/74 231/201/74 277/412/74
f 279/415/41 234/416/41 233/417/41 278/418/41
f 234/416/40 279/415/40 280/419/40 235/420/40
f 235/420/73 280/419/73 269/398/73 236/397/73
f 282/421/75 219/258/75 267/257/75 283/422/75
f 284/423/37 268/424/37 221/425/37 219/426/37 282/427/37 285/428/37 286/429/37 287/430/37 288/431/37 289/432/37 290/433/37
f 281/434/39 291/435/39 292/436/39 293/437/39 294/438/39 295/439/39 296/440/39 229/441/39 227/442/39 252/443/39
f 276/411/75 229/282/75 296/444/75 297/445/75
f 285/446/76 282/447/76 283/448/76 298/449/76
f 284/423/37 290/433/37 299/450/37 300/451/37 301/452/37 302/453/37 303/454/37 304/455/37 305/456/37 306/457/37 307/458/37 308/459/37 309/460/37 310/461/37 311/462/37 312/463/37 313/464/37 314/465/37 315/466/37 316/467/37 317/468/37 318/469/37 319/470/37 320/471/37 321/472/37 322/473/37 323/474/37 324/475/37 325/476/37 326/477/37 327/478/37 328/479/37 329/480/37
f 331/481/77 287/482/77 286/483/77 332/484/77
f 333/485/78 288/486/78 287/482/78 331/481/78
f 334/487/79 289/488/79 288/486/79 333/485/79
f 335/489/80 290/490/80 289/488/80 334/487/80
f 281/434/39 336/491/39 337/492/39 338/493/39 339/494/39 340/495/39 341/496/39 342/497/39 343/498/39 344/499/39 345/500/39 346/501/39 347/502/39 348/503/39 349/504/39 350/505/39 351/506/39 352/507/39 353/508/39 354/509/39 355/510/39 356/511/39 357/512/39 358/513/39 359/514/39 360/515/39 361/516/39 362/517/39 363/518/39 364/519/39 365/520/39 366/521/39 367/522/39 291/435/39
f 292/523/79 291/524/79 368/525/79 369/526/79
f 293/527/78 292/523/78 369/526/78 370/528/78
f 294/529/77 293/527/77 370/528/77 371/530/77
f 371/531/81 372/532/81 452/533/81 453/534/81 295/535/81 294/536/81
f 297/537/76 296/538/76 295/535/76 373/539/76
f 281/337/82 284/336/82 329/540/82 336/541/82
f 374/542/81 330/543/81 332/544/81 286/545/81 285/446/81 298/449/81
f 335/546/76 375/547/76 421/548/76 422/549/76 367/550/76 366/551/76 299/552/76 290/553/76
f 366/551/81 365/554/81 300/555/81 299/552/81
f 365/554/83 364/556/83 301/557/83 300/555/83
f 364/556/84 363/558/84 302/559/84 301/557/84
f 363/558/85 362/560/85 303/561/85 302/559/85
f 362/560/86 361/562/86 304/563/86 303/561/86
f 361/562/87 360/564/87 305/565/87 304/563/87
f 360/564/88 359/566/88 306/567/88 305/565/88
f 359/568/89 358/569/89 307/570/89 306/571/89
f 358/569/90 357/572/90 308/573/90 307/570/90
f 357/572/91 356/574/91 309/575/91 308/573/91
f 356/574/75 355/576/75 310/577/75 309/575/75
f 355/576/67 354/578/67 311/579/67 310/577/67
f 354/578/68 353/580/68 312/581/68 311/579/68
f 353/580/71 352/582/71 313/583/71 312/581/71
f 376/584/37 377/585/37 378/586/37 379/587/37 314/465/37 313/464/37 380/588/37 381/589/37 382/590/37 383/591/37
f 350/592/79 315/593/79 314/594/79 351/595/79
f 349/596/78 316/597/78 315/593/78 350/592/78
f 348/598/77 317/599/77 316/597/77 349/596/77
f 347/600/92 318/601/92 317/599/92 348/598/92
f 346/602/93 319/603/93 318/601/93 347/600/93
f 345/604/94 320/605/94 319/603/94 346/602/94
f 344/606/95 321/607/95 320/605/95 345/604/95
f 343/608/96 322/609/96 321/610/96 344/611/96
f 342/612/97 323/613/97 322/609/97 343/608/97
f 341/614/98 324/615/98 323/613/98 342/612/98
f 340/616/99 325/617/99 324/615/99 341/614/99
f 339/618/100 326/619/100 325/617/100 340/616/100
f 338/620/101 327/621/101 326/619/101 339/618/101
f 337/622/102 328/623/102 327/621/102 338/620/102
f 336/624/103 329/625/103 328/623/103 337/622/103
f 330/626/37 384/627/37 385/628/37 386/629/37 387/630/37 388/631/37 389/632/37 390/633/37 391/634/37 392/635/37 393/636/37 394/637/37 395/638/37 396/639/37 397/640/37 398/641/37 399/642/37 400/643/37 401/644/37 402/645/37 403/646/37 404/647/37 405/648/37 406/649/37 407/650/37 408/651/37 409/652/37 410/653/37 411/654/37 412/655/37 375/656/37 335/657/37 334/658/37 333/659/37 331/660/37 332/661/37
f 413/662/39 414/663/39 415/664/39 352/507/39 351/506/39 416/665/39 417/666/39 418/667/39 419/668/39 420/669/39
f 291/524/80 367/670/80 422/671/80 368/525/80
f 421/672/39 423/673/39 424/674/39 425/675/39 426/676/39 427/677/39 428/678/39 429/679/39 430/680/39 431/681/39 432/682/39 433/683/39 434/684/39 435/685/39 436/686/39 437/687/39 438/688/39 439/689/39 440/690/39 441/691/39 442/692/39 443/693/39 444/694/39 445/695/39 446/696/39 447/697/39 448/698/39 449/699/39 450/700/39 451/701/39 372/702/39 371/703/39 370/704/39 369/705/39 368/706/39 422/707/39
f 373/539/81 295/535/81 453/534/81
f 454/708/81 330/543/81 374/542/81
f 455/709/68 376/710/68 383/711/68 456/712/68
f 457/713/83 377/714/83 376/715/83 455/716/83
f 459/717/76 379/718/76 378/719/76 460/720/76
f 397/721/103 381/722/103 380/723/103 398/724/103
f 382/725/102 381/722/102 397/721/102 396/726/102
f 383/711/67 382/727/67 396/728/67 395/729/67 493/730/67 456/712/67
f 462/731/67 384/732/67 330/733/67 454/734/67
f 463/735/75 385/736/75 384/732/75 462/731/75
f 464/737/91 386/738/91 385/736/91 463/735/91
f 465/739/90 387/740/90 386/738/90 464/737/90
f 466/741/89 388/742/89 387/740/89 465/739/89
f 467/743/88 389/744/88 388/745/88 466/746/88
f 468/747/87 390/748/87 389/744/87 467/743/87
f 469/749/86 391/750/86 390/748/86 468/747/86
f 470/751/85 392/752/85 391/750/85 469/749/85
f 471/753/84 393/754/84 392/752/84 470/751/84
f 472/755/83 394/756/83 393/754/83 471/753/83
f 395/757/81 394/756/81 472/755/81 473/758/81
f 436/759/79 435/760/79 400/761/79 399/762/79
f 434/763/78 401/764/78 400/761/78 435/760/78
f 433/765/77 402/766/77 401/764/77 434/763/77
f 432/767/92 403/768/92 402/766/92 433/765/92
f 431/769/93 404/770/93 403/768/93 432/767/93
f 430/771/94 405/772/94 404/770/94 431/769/94
f 429/773/95 406/774/95 405/772/95 430/771/95
f 428/775/96 407/776/96 406/777/96 429/778/96
f 427/779/97 408/780/97 407/776/97 428/775/97
f 426/781/98 409/782/98 408/780/98 427/779/98
f 425/783/99 410/784/99 409/782/99 426/781/99
f 424/785/100 411/786/100 410/784/100 425/783/100
f 423/787/101 412/788/101 411/786/101 424/785/101
f 375/789/102 412/788/102 423/787/102 421/790/102
f 438/791/102 414/792/102 413/793/102 439/794/102
f 415/795/103 414/792/103 438/791/103 437/796/103
f 436/797/82 399/798/82 398/799/82 380/800/82 313/583/82 352/582/82 415/801/82 437/802/82
f 416/803/76 475/804/76 476/805/76 417/806/76
f 419/807/83 418/808/83 478/809/83 479/810/83
f 420/811/68 419/812/68 479/813/68 480/814/68
f 481/815/81 441/816/81 440/817/81 482/818/81
f 441/816/83 481/815/83 483/819/83 442/820/83
f 442/820/84 483/819/84 484/821/84 443/822/84
f 443/822/85 484/821/85 485/823/85 444/824/85
f 444/824/86 485/823/86 486/825/86 445/826/86
f 445/826/87 486/825/87 487/827/87 446/828/87
f 446/828/88 487/827/88 488/829/88 447/830/88
f 447/831/89 488/832/89 489/833/89 448/834/89
f 448/834/90 489/833/90 490/835/90 449/836/90
f 449/836/91 490/835/91 491/837/91 450/838/91
f 450/838/75 491/837/75 492/839/75 451/840/75
f 372/841/67 451/840/67 492/839/67 452/842/67
f 494/843/81 458/844/81 460/720/81 378/719/81 377/714/81 457/713/81
f 458/845/37 495/846/37 496/847/37 497/848/37 498/849/37 499/850/37 500/851/37 501/852/37 502/853/37 503/854/37 504/855/37 505/856/37 506/857/37 507/858/37 508/859/37 509/860/37 510/861/37 511/862/37 512/863/37 513/864/37 514/865/37 515/866/37 516/867/37 517/868/37 518/869/37 519/870/37 520/871/37 521/872/37 522/873/37 523/874/37 524/875/37 525/876/37 459/877/37 460/878/37
f 314/594/80 379/879/80 459/880/80 525/881/80 526/882/80 527/883/80 461/884/80 474/885/80 529/886/80 559/887/80 475/888/80 416/889/80 351/595/80
f 395/729/67 473/890/67 493/730/67
f 482/891/67 440/892/67 439/893/67 413/894/67 420/811/67 528/895/67
f 530/896/39 531/897/39 532/898/39 533/899/39 534/900/39 535/901/39 536/902/39 537/903/39 538/904/39 539/905/39 540/906/39 541/907/39 542/908/39 543/909/39 544/910/39 545/911/39 546/912/39 547/913/39 548/914/39 549/915/39 550/916/39 551/917/39 552/918/39 553/919/39 554/920/39 555/921/39 556/922/39 557/923/39 558/924/39 477/925/39 476/926/39 475/927/39 559/928/39 560/929/39
f 562/930/81 418/808/81 417/806/81 476/805/81 477/931/81 561/932/81
f 478/809/81 418/808/81 562/930/81
f 420/811/67 480/814/67 528/895/67
f 563/933/81 458/844/81 494/843/81
f 564/934/104 495/935/104 458/936/104 563/937/104
f 565/938/105 496/939/105 495/935/105 564/934/105
f 566/940/106 497/941/106 496/939/106 565/938/106
f 567/942/107 498/943/107 497/941/107 566/940/107
f 568/944/108 499/945/108 498/943/108 567/942/108
f 569/946/109 500/947/109 499/945/109 568/944/109
f 570/948/110 501/949/110 500/947/110 569/946/110
f 571/950/111 502/951/111 501/952/111 570/953/111
f 572/954/112 503/955/112 502/951/112 571/950/112
f 573/956/113 504/957/113 503/955/113 572/954/113
f 505/958/114 504/957/114 573/956/114 574/959/114
f 506/960/115 505/961/115 654/962/115 666/963/115 655/964/115 575/965/115
f 575/966/116 576/967/116 507/968/116 506/969/116
f 507/968/117 576/967/117 577/970/117 508/971/117
f 593/972/118 624/973/118 640/974/118 545/975/118 544/976/118 509/977/118 508/971/118 577/970/118
f 544/978/119 543/979/119 510/980/119 509/981/119
f 542/982/120 511/983/120 510/980/120 543/979/120
f 541/984/121 512/985/121 511/986/121 542/987/121
f 540/988/122 513/989/122 512/985/122 541/984/122
f 539/990/123 514/991/123 513/989/123 540/988/123
f 538/992/124 515/993/124 514/991/124 539/990/124
f 537/994/125 516/995/125 515/993/125 538/992/125
f 536/996/126 517/997/126 516/995/126 537/994/126
f 535/998/127 518/999/127 517/997/127 536/996/127
f 534/1000/128 519/1001/128 518/999/128 535/998/128
f 533/1002/129 520/1003/129 519/1004/129 534/1005/129
f 532/1006/130 521/1007/130 520/1003/130 533/1002/130
f 531/1008/131 522/1009/131 521/1007/131 532/1006/131
f 523/1010/116 522/1009/116 531/1008/116 530/1011/116
f 524/1012/132 523/1013/132 530/1014/132 560/1015/132 639/1016/132 638/1017/132 579/1018/132 578/1019/132
f 525/1020/133 524/1012/133 578/1019/133 526/1021/133
f 527/1022/37 578/1023/37 579/1024/37 580/1025/37 581/1026/37 582/1027/37 583/1028/37 584/1029/37 585/1030/37 586/1031/37 587/1032/37 588/1033/37 589/1034/37 590/1035/37 591/1036/37 592/1037/37 593/1038/37 594/1039/37 595/1040/37 596/1041/37 597/1042/37 598/1043/37 599/1044/37 600/1045/37 601/1046/37 602/1047/37 603/1048/37 604/1049/37 605/1050/37 606/1051/37 607/1052/37 608/1053/37 461/1054/37
f 461/1055/117 608/1056/117 609/1057/117 474/1058/117
f 474/1059/39 609/1060/39 610/1061/39 611/1062/39 612/1063/39 613/1064/39 614/1065/39 615/1066/39 616/1067/39 617/1068/39 618/1069/39 619/1070/39 620/1071/39 621/1072/39 622/1073/39 623/1074/39 624/1075/39 625/1076/39 626/1077/39 627/1078/39 628/1079/39 629/1080/39 630/1081/39 631/1082/39 632/1083/39 633/1084/39 634/1085/39 635/1086/39 636/1087/39 637/1088/39 638/1089/39 639/1090/39 529/1091/39
f 640/974/117 641/1092/117 546/1093/117 545/975/117
f 546/1093/116 641/1092/116 642/1094/116 547/1095/116
f 642/1096/115 664/1097/115 665/1098/115 644/1099/115 548/1100/115 547/1101/115
f 643/1102/114 549/1103/114 548/1104/114 644/1105/114
f 549/1103/113 643/1102/113 645/1106/113 550/1107/113
f 550/1107/112 645/1106/112 646/1108/112 551/1109/112
f 551/1109/111 646/1108/111 647/1110/111 552/1111/111
f 552/1112/110 647/1113/110 648/1114/110 553/1115/110
f 553/1115/109 648/1114/109 649/1116/109 554/1117/109
f 554/1117/108 649/1116/108 650/1118/108 555/1119/108
f 555/1119/107 650/1118/107 651/1120/107 556/1121/107
f 556/1121/106 651/1120/106 652/1122/106 557/1123/106
f 557/1123/105 652/1122/105 653/1124/105 558/1125/105
f 477/1126/104 558/1125/104 653/1124/104 561/1127/104
f 529/1128/133 639/1016/133 560/1015/133 559/1129/133
f 505/961/115 574/1130/115 654/962/115
f 656/1131/37 657/1132/37 658/1133/37 659/1134/37 594/1039/37 593/1038/37 577/1135/37 576/1136/37 575/1137/37 655/1138/37
f 526/1139/37 578/1023/37 527/1022/37
f 638/1017/114 637/1140/114 580/1141/114 579/1018/114
f 637/1140/113 636/1142/113 581/1143/113 580/1141/113
f 636/1142/112 635/1144/112 582/1145/112 581/1143/112
f 635/1144/111 634/1146/111 583/1147/111 582/1145/111
f 634/1148/110 633/1149/110 584/1150/110 583/1151/110
f 633/1149/109 632/1152/109 585/1153/109 584/1150/109
f 632/1152/108 631/1154/108 586/1155/108 585/1153/108
f 631/1154/107 630/1156/107 587/1157/107 586/1155/107
f 630/1156/106 629/1158/106 588/1159/106 587/1157/106
f 629/1158/105 628/1160/105 589/1161/105 588/1159/105
f 628/1160/104 627/1162/104 590/1163/104 589/1161/104
f 627/1162/115 626/1164/115 591/1165/115 590/1163/115
f 626/1166/134 625/1167/134 592/1168/134 591/1169/134
f 625/1167/135 624/973/135 593/972/135 592/1168/135
f 622/1170/119 595/1171/119 594/1172/119 623/1173/119
f 621/1174/120 596/1175/120 595/1171/120 622/1170/120
f 620/1176/121 597/1177/121 596/1178/121 621/1179/121
f 619/1180/122 598/1181/122 597/1177/122 620/1176/122
f 618/1182/123 599/1183/123 598/1181/123 619/1180/123
f 617/1184/124 600/1185/124 599/1183/124 618/1182/124
f 616/1186/125 601/1187/125 600/1185/125 617/1184/125
f 615/1188/126 602/1189/126 601/1187/126 616/1186/126
f 614/1190/127 603/1191/127 602/1189/127 615/1188/127
f 613/1192/128 604/1193/128 603/1191/128 614/1190/128
f 612/1194/129 605/1195/129 604/1196/129 613/1197/129
f 611/1198/130 606/1199/130 605/1195/130 612/1194/130
f 610/1200/136 607/1201/136 606/1199/136 611/1198/136
f 609/1057/116 608/1056/116 607/1201/116 610/1200/116
f 642/1202/39 641/1203/39 640/1204/39 624/1075/39 623/1074/39 660/1205/39 661/1206/39 662/1207/39 663/1208/39 664/1209/39
f 667/1210/134 656/1211/134 655/1212/134 666/1213/134
f 668/1214/113 657/1215/113 656/1216/113 667/1217/113
f 669/1218/114 658/1219/114 657/1215/114 668/1214/114
f 660/1220/132 659/1221/132 658/1219/132 669/1218/132 670/1222/132 671/1223/132 672/1224/132 661/1225/132
f 623/1173/133 594/1172/133 659/1221/133 660/1220/133
f 661/1225/114 672/1224/114 673/1226/114 662/1227/114
f 663/1228/113 662/1227/113 673/1226/113 674/1229/113
f 664/1230/134 663/1231/134 674/1232/134 675/1233/134
f 665/1098/137 664/1097/137 675/1234/137
f 676/1235/138 677/1236/138 678/1237/138 679/1238/138
f 676/1239/39 679/1240/39 680/1241/39 681/1242/39 682/1243/39 683/1244/39 684/1245/39 685/1246/39 686/1247/39 687/1248/39 688/1249/39 689/1250/39 690/1251/39 270/1252/39 269/1253/39 280/1254/39 279/1255/39 278/1256/39 277/1257/39 232/1258/39 180/1259/39 179/1260/39 178/1261/39 177/1262/39 176/1263/39 175/1264/39 174/1265/39 173/1266/39 172/1267/39 171/1268/39 170/1269/39 168/1270/39 169/1271/39 230/1272/39 276/1273/39 297/1274/39 373/1275/39 453/1276/39 452/1277/39 492/1278/39 491/1279/39 490/1280/39 489/1281/39 488/1282/39 487/1283/39 486/1284/39 485/1285/39 484/1286/39 483/1287/39 481/1288/39 482/1289/39 528/1290/39 480/1291/39 479/1292/39 478/1293/39 562/1294/39 561/1295/39 653/1296/39 652/1297/39 651/1298/39 650/1299/39 649/1300/39 648/1301/39 647/1302/39 646/1303/39 645/1304/39 643/1305/39 644/1306/39 665/1307/39 675/1308/39 674/1309/39 673/1310/39 672/1311/39 671/1312/39 691/1313/39 692/1314/39 693/1315/39 694/1316/39 695/1317/39 696/1318/39 697/1319/39 698/1320/39 699/1321/39 700/1322/39 701/1323/39 702/1324/39
f 702/1325/139 703/1326/139 677/1236/139 676/1235/139
f 678/1327/37 677/1328/37 703/1329/37 704/1330/37 705/1331/37 706/1332/37 707/1333/37 708/1334/37 709/1335/37 710/1336/37 711/1337/37 712/1338/37 713/1339/37 714/1340/37 670/1341/37 669/1342/37 668/1343/37 667/1344/37 666/1345/37 654/1346/37 574/1347/37 573/1348/37 572/1349/37 571/1350/37 570/1351/37 569/1352/37 568/1353/37 567/1354/37 566/1355/37 565/1356/37 564/1357/37 563/1358/37 494/1359/37 457/1360/37 455/1361/37 456/1362/37 493/1363/37 473/1364/37 472/1365/37 471/1366/37 470/1367/37 469/1368/37 468/1369/37 467/1370/37 466/1371/37 465/1372/37 464/1373/37 463/1374/37 462/1375/37 454/1376/37 374/1377/37 298/1378/37 283/1379/37 267/1380/37 218/1381/37 155/1382/37 154/1382/37 153/1383/37 152/1384/37 151/1385/37 150/1386/37 149/1387/37 148/1388/37 147/1389/37 146/1390/37 145/1391/37 143/1392/37 144/1393/37 217/1394/37 266/1395/37 275/1396/37 274/1397/37 273/1398/37 272/1399/37 271/1400/37 715/1401/37 716/1402/37 717/1403/37 718/1404/37 719/1405/37 720/1406/37 721/1407/37 722/1408/37 723/1409/37 724/1410/37 725/1411/37
f 679/1412/140 678/1413/140 725/1414/140 680/1415/140
f 680/1415/141 725/1414/141 724/1416/141 681/1417/141
f 681/1417/142 724/1416/142 723/1418/142 682/1419/142
f 682/1419/143 723/1418/143 722/1420/143 683/1421/143
f 683/1421/144 722/1420/144 721/1422/144 684/1423/144
f 684/1423/145 721/1422/145 720/1424/145 685/1425/145
f 685/1425/146 720/1424/146 719/1426/146 686/1427/146
f 686/1427/147 719/1426/147 718/1428/147 687/1429/147
f 687/1430/148 718/1431/148 717/1432/148 688/1433/148
f 688/1433/149 717/1432/149 716/1434/149 689/1435/149
f 689/1435/150 716/1434/150 715/1436/150 690/1437/150
f 270/1438/151 690/1437/151 715/1436/151 271/1439/151
f 670/1440/152 714/1441/152 691/1442/152 671/1443/152
f 691/1442/153 714/1441/153 713/1444/153 692/1445/153
f 692/1445/154 713/1444/154 712/1446/154 693/1447/154
f 693/1447/155 712/1446/155 711/1448/155 694/1449/155
f 694/1449/156 711/1448/156 710/1450/156 695/1451/156
f 695/1451/157 710/1450/157 709/1452/157 696/1453/157
f 696/1454/158 709/1455/158 708/1456/158 697/1457/158
f 697/1457/159 708/1456/159 707/1458/159 698/1459/159
f 698/1459/160 707/1458/160 706/1460/160 699/1461/160
f 699/1461/161 706/1460/161 705/1462/161 700/1463/161
f 700/1463/162 705/1462/162 704/1464/162 701/1465/162
f 701/1465/163 704/1464/163 703/1326/163 702/1325/163
f 726/1466/164 727/1467/164 728/1468/164 729/1469/164
f 801/1470/165 730/1471/165 802/1472/165 808/1473/165 761/1474/165 726/1475/165 729/1476/165 800/1477/165
f 731/1478/37 732/1479/37 733/1480/37 734/1481/37 735/1482/37 736/1483/37 737/1484/37 738/1485/37 739/1486/37 740/1487/37 741/1488/37 742/1489/37 743/1490/37 744/1491/37 745/1492/37 746/1493/37 747/1494/37 748/1495/37 749/1496/37 750/1497/37 751/1498/37 752/1499/37 753/1500/37 754/1501/37 755/1502/37 756/1503/37 757/1504/37 758/1505/37 759/1506/37 760/1507/37 727/1508/37 726/1509/37 761/1510/37 762/1511/37 763/1512/37 764/1513/37 765/1514/37
f 728/1468/166 727/1467/166 760/1515/166 766/1516/166
f 729/1517/39 728/1518/39 766/1519/39 767/1520/39 768/1521/39 769/1522/39 770/1523/39 771/1524/39 772/1525/39 773/1526/39 774/1527/39 775/1528/39 776/1529/39 777/1530/39 778/1531/39 779/1532/39 780/1533/39 781/1534/39 782/1535/39 783/1536/39 784/1537/39 785/1538/39 786/1539/39 787/1540/39 788/1541/39 789/1542/39 790/1543/39 791/1544/39 792/1545/39 793/1546/39 794/1547/39 795/1548/39 796/1549/39 797/1550/39 798/1551/39 799/1552/39 800/1553/39
f 795/1554/167 794/1555/167 732/1556/167 731/1557/167
f 784/1558/168 742/1559/168 741/1560/168 785/1561/168
f 743/1562/169 742/1559/169 784/1558/169 783/1563/169
f 804/1564/170 805/1565/170 745/1566/170 744/1567/170
f 746/1568/171 745/1566/171 805/1565/171 806/1569/171
f 778/1570/172 777/1571/172 749/1572/172 748/1573/172
f 776/1574/173 750/1575/173 749/1572/173 777/1571/173
f 775/1576/174 751/1577/174 750/1575/174 776/1574/174
f 774/1578/175 752/1579/175 751/1577/175 775/1576/175
f 773/1580/176 753/1581/176 752/1582/176 774/1583/176
f 772/1584/177 754/1585/177 753/1581/177 773/1580/177
f 771/1586/178 755/1587/178 754/1585/178 772/1584/178
f 770/1588/179 756/1589/179 755/1587/179 771/1586/179
f 769/1590/180 757/1591/180 756/1589/180 770/1588/180
f 768/1592/181 758/1593/181 757/1591/181 769/1590/181
f 767/1594/182 759/1595/182 758/1593/182 768/1592/182
f 766/1596/183 760/1597/183 759/1595/183 767/1594/183
f 761/1474/184 808/1473/184 809/1598/184 762/1599/184
f 762/1599/172 809/1598/172 810/1600/172 763/1601/172
f 763/1601/173 810/1600/173 811/1602/173 764/1603/173
f 764/1603/174 811/1602/174 803/1604/174 765/1605/174
f 779/1606/185 778/1607/185 748/1608/185 747/1609/185 870/1610/185 915/1611/185 911/1612/185 807/1613/185 812/1614/185 847/1615/185 898/1616/185 876/1617/185
f 780/1618/186 779/1606/186 876/1617/186 932/1619/186 1011/1620/186 933/1621/186 912/1621/186 868/1622/186 743/1623/186 783/1624/186 782/1625/186 815/1626/186 877/1627/186 813/1628/186
f 813/1628/171 814/1629/171 781/1630/171 780/1618/171
f 782/1625/170 781/1630/170 814/1629/170 815/1626/170
f 817/1631/187 816/1631/187 818/1632/187 786/1633/187 785/1634/187
f 786/1633/188 818/1632/188 819/1635/188 787/1636/188
f 787/1636/189 819/1635/189 820/1637/189 788/1638/189
f 788/1638/190 820/1637/190 821/1639/190 789/1640/190
f 789/1640/191 821/1639/191 822/1641/191 790/1642/191
f 790/1642/192 822/1641/192 823/1643/192 791/1644/192
f 791/1644/193 823/1643/193 824/1645/193 792/1646/193
f 792/1646/194 824/1645/194 825/1647/194 793/1648/194
f 825/1649/195 826/1650/195 878/1650/195 864/1651/195 794/1555/195 793/1652/195
f 796/1653/196 795/1654/196 731/1655/196 765/1605/196 803/1604/196 862/1656/196 863/1657/196 827/1658/196
f 827/1658/174 828/1659/174 797/1660/174 796/1653/174
f 828/1659/173 829/1661/173 798/1662/173 797/1660/173
f 829/1661/172 830/1663/172 799/1664/172 798/1662/172
f 830/1663/184 801/1470/184 800/1477/184 799/1664/184
f 831/1665/39 832/1666/39 833/1667/39 834/1668/39 835/1669/39 836/1670/39 837/1671/39 838/1672/39 839/1673/39 840/1674/39 841/1675/39 842/1676/39 843/1677/39 844/1678/39 845/1679/39 846/1680/39 847/1681/39 812/1682/39 848/1683/39 849/1684/39 850/1685/39 851/1686/39 852/1687/39 853/1688/39 854/1689/39 855/1690/39 856/1691/39 857/1692/39 858/1693/39 859/1694/39 860/1695/39 730/1696/39 801/1697/39 830/1698/39
f 730/1471/196 860/1699/196 861/1700/196 802/1472/196
f 869/1701/170 805/1565/170 804/1564/170
f 806/1702/37 805/1703/37 869/1704/37
f 871/1705/37 872/1706/37 873/1707/37 874/1708/37 875/1709/37 862/1710/37 803/1711/37 811/1712/37 810/1713/37 809/1714/37 808/1715/37
f 877/1716/39 814/1717/39 813/1718/39
f 815/1626/170 814/1629/170 877/1627/170
f 817/1631/187 785/1634/187 867/1719/187
f 831/1665/39 830/1698/39 829/1720/39 828/1721/39 827/1722/39 863/1723/39 879/1724/39 880/1725/39 881/1726/39 882/1727/39
f 831/1728/197 871/1729/197 883/1730/197 832/1731/197
f 832/1731/198 883/1730/198 884/1732/198 833/1733/198
f 833/1733/164 884/1732/164 885/1734/164 834/1735/164
f 834/1735/166 885/1734/166 886/1736/166 835/1737/166
f 835/1738/183 886/1739/183 887/1740/183 836/1741/183
f 836/1741/182 887/1740/182 888/1742/182 837/1743/182
f 837/1743/181 888/1742/181 889/1744/181 838/1745/181
f 838/1745/180 889/1744/180 890/1746/180 839/1747/180
f 839/1747/199 890/1746/199 891/1748/199 840/1749/199
f 840/1749/178 891/1748/178 892/1750/178 841/1751/178
f 841/1751/177 892/1750/177 893/1752/177 842/1753/177
f 842/1753/176 893/1752/176 894/1754/176 843/1755/176
f 843/1756/175 894/1757/175 895/1758/175 844/1759/175
f 844/1759/174 895/1758/174 896/1760/174 845/1761/174
f 846/1762/200 845/1761/200 896/1760/200 897/1763/200
f 807/1613/201 899/1764/201 848/1765/201 812/1614/201
f 849/1766/202 848/1765/202 899/1764/202 900/1767/202
f 850/1768/167 849/1766/167 900/1767/167 901/1769/167
f 851/1770/195 850/1768/195 901/1769/195 902/1771/195
f 852/1772/194 851/1773/194 902/1774/194 903/1775/194
f 853/1776/193 852/1772/193 903/1775/193 904/1777/193
f 854/1778/203 853/1776/203 904/1777/203 905/1779/203
f 855/1780/204 854/1778/204 905/1779/204 906/1781/204
f 856/1782/190 855/1780/190 906/1781/190 907/1783/190
f 857/1784/189 856/1782/189 907/1783/189 908/1785/189
f 858/1786/188 857/1784/188 908/1785/188 909/1787/188
f 859/1788/187 858/1786/187 909/1787/187 910/1789/187
f 860/1699/168 859/1790/168 910/1791/168 861/1700/168
f 871/1705/37 808/1715/37 802/1792/37 861/1793/37 910/1794/37 909/1795/37 908/1796/37 907/1797/37 906/1798/37 905/1799/37 904/1800/37 903/1801/37 902/1802/37 901/1803/37 900/1804/37 899/1805/37 807/1806/37 911/1807/37 897/1808/37 896/1809/37 895/1810/37 894/1811/37 893/1812/37 892/1813/37 891/1814/37 890/1815/37 889/1816/37 888/1817/37 887/1818/37 886/1819/37 885/1820/37 884/1821/37 883/1822/37
f 882/1823/201 872/1824/201 871/1729/201 831/1728/201
f 881/1825/202 873/1826/202 872/1824/202 882/1823/202
f 880/1827/167 874/1828/167 873/1826/167 881/1825/167
f 875/1829/195 874/1828/195 880/1827/195 879/1830/195
f 862/1656/205 875/1831/205 879/1832/205 863/1657/205
f 916/1833/206 898/1616/206 847/1615/206 846/1834/206 897/1835/206 911/1612/206 915/1611/206 919/1836/206
f 919/1837/37 915/1838/37 870/1839/37 914/1840/37 918/1841/37 920/1842/37 921/1843/37 922/1844/37 923/1845/37 924/1846/37 925/1847/37
f 916/1848/39 926/1849/39 927/1850/39 928/1851/39 929/1852/39 930/1853/39 931/1854/39 932/1855/39 876/1856/39 898/1857/39
f 917/1858/207 912/1859/207 933/1859/207
f 919/1837/37 925/1847/37 934/1860/37 935/1861/37 936/1862/37 937/1863/37 938/1864/37 939/1865/37 940/1866/37 941/1867/37 942/1868/37 943/1869/37 944/1870/37 945/1871/37 946/1872/37 947/1873/37 948/1874/37 949/1875/37 950/1876/37 951/1877/37 952/1878/37 953/1879/37 954/1880/37 955/1881/37 956/1882/37 957/1883/37 958/1884/37 959/1885/37 960/1886/37 961/1887/37 962/1888/37 963/1889/37 964/1890/37
f 966/1891/208 922/1892/208 921/1893/208 967/1894/208
f 968/1895/209 923/1896/209 922/1892/209 966/1891/209
f 969/1897/210 924/1898/210 923/1896/210 968/1895/210
f 970/1899/211 925/1900/211 924/1898/211 969/1897/211
f 916/1848/39 971/1901/39 972/1902/39 973/1903/39 974/1904/39 975/1905/39 976/1906/39 977/1907/39 978/1908/39 979/1909/39 980/1910/39 981/1911/39 982/1912/39 983/1913/39 984/1914/39 985/1915/39 986/1916/39 987/1917/39 988/1918/39 989/1919/39 990/1920/39 991/1921/39 992/1922/39 993/1923/39 994/1924/39 995/1925/39 996/1926/39 997/1927/39 998/1928/39 999/1929/39 1000/1930/39 1001/1931/39 1002/1932/39 926/1849/39
f 927/1933/210 926/1934/210 1003/1935/210 1004/1936/210
f 928/1937/209 927/1933/209 1004/1936/209 1005/1938/209
f 929/1939/208 928/1937/208 1005/1938/208 1006/1940/208
f 1006/1941/212 1007/1942/212 1113/1943/212 1089/1944/212 930/1945/212 929/1946/212
f 1008/1947/213 931/1948/213 930/1945/213 1009/1949/213
f 1010/1950/214 932/1619/214 931/1951/214 1008/1952/214
f 916/1833/215 919/1836/215 964/1953/215 971/1954/215
f 1001/1955/212 1000/1956/212 935/1957/212 934/1958/212
f 1000/1956/216 999/1959/216 936/1960/216 935/1957/216
f 999/1959/217 998/1961/217 937/1962/217 936/1960/217
f 998/1961/218 997/1963/218 938/1964/218 937/1962/218
f 997/1963/219 996/1965/219 939/1966/219 938/1964/219
f 996/1965/220 995/1967/220 940/1968/220 939/1966/220
f 995/1967/221 994/1969/221 941/1970/221 940/1968/221
f 994/1971/222 993/1972/222 942/1973/222 941/1974/222
f 993/1972/223 992/1975/223 943/1976/223 942/1973/223
f 992/1975/224 991/1977/224 944/1978/224 943/1976/224
f 991/1977/214 990/1979/214 945/1980/214 944/1978/214
f 990/1979/186 989/1981/186 946/1982/186 945/1980/186
f 989/1981/185 988/1983/185 947/1984/185 946/1982/185
f 988/1983/206 987/1985/206 948/1986/206 947/1984/206
f 1013/1987/37 1014/1988/37 1015/1989/37 1016/1990/37 949/1875/37 948/1874/37 1017/1991/37 1018/1992/37 1019/1993/37 1020/1994/37
f 985/1995/210 950/1996/210 949/1997/210 986/1998/210
f 984/1999/209 951/2000/209 950/1996/209 985/1995/209
f 983/2001/208 952/2002/208 951/2000/208 984/1999/208
f 982/2003/225 953/2004/225 952/2002/225 983/2001/225
f 981/2005/226 954/2006/226 953/2004/226 982/2003/226
f 980/2007/227 955/2008/227 954/2006/227 981/2005/227
f 979/2009/228 956/2010/228 955/2008/228 980/2007/228
f 978/2011/229 957/2012/229 956/2013/229 979/2014/229
f 977/2015/230 958/2016/230 957/2012/230 978/2011/230
f 976/2017/231 959/2018/231 958/2016/231 977/2015/231
f 975/2019/232 960/2020/232 959/2018/232 976/2017/232
f 974/2021/233 961/2022/233 960/2020/233 975/2019/233
f 973/2023/234 962/2024/234 961/2022/234 974/2021/234
f 972/2025/235 963/2026/235 962/2024/235 973/2023/235
f 971/2027/236 964/2028/236 963/2026/236 972/2025/236
f 965/2029/37 1021/2030/37 1022/2031/37 1023/2032/37 1024/2033/37 1025/2034/37 1026/2035/37 1027/2036/37 1028/2037/37 1029/2038/37 1030/2039/37 1031/2040/37 1032/2041/37 1033/2042/37 1034/2043/37 1035/2044/37 1036/2045/37 1037/2046/37 1038/2047/37 1039/2048/37 1040/2049/37 1041/2050/37 1042/2051/37 1043/2052/37 1044/2053/37 1045/2054/37 1046/2055/37 1047/2056/37 1048/2057/37 1049/2058/37 1012/2059/37 970/2060/37 969/2061/37 968/2062/37 966/2063/37 967/2064/37
f 1050/2065/39 1051/2066/39 1052/2067/39 987/1917/39 986/1916/39 1053/2068/39 1054/2069/39 1055/2070/39 1056/2071/39 1057/2072/39
f 1002/2073/213 1001/1955/213 934/1958/213 925/2074/213 970/2075/213 1012/2076/213 1058/2077/213 1059/2078/213
f 926/1934/211 1002/2079/211 1059/2080/211 1003/1935/211
f 1058/2081/39 1060/2082/39 1061/2083/39 1062/2084/39 1063/2085/39 1064/2086/39 1065/2087/39 1066/2088/39 1067/2089/39 1068/2090/39 1069/2091/39 1070/2092/39 1071/2093/39 1072/2094/39 1073/2095/39 1074/2096/39 1075/2097/39 1076/2098/39 1077/2099/39 1078/2100/39 1079/2101/39 1080/2102/39 1081/2103/39 1082/2104/39 1083/2105/39 1084/2106/39 1085/2107/39 1086/2108/39 1087/2109/39 1088/2110/39 1007/2111/39 1006/2112/39 1005/2113/39 1004/2114/39 1003/2115/39 1059/2116/39
f 1009/1949/237 930/1945/237 1089/1944/237
f 932/1619/238 1010/1950/238 1011/1620/238
f 1073/2117/215 1036/2118/215 1035/2119/215 1017/2120/215 948/1986/215 987/1985/215 1052/2121/215 1074/2122/215
f 1091/2123/213 1016/2124/213 1015/2125/213 1092/2126/213
f 949/1997/211 1016/2127/211 1091/2128/211 1144/2129/211 1145/2130/211 1146/2131/211 1093/2132/211 1094/2133/211 1148/2134/211 1178/2135/211 1095/2136/211 1053/2137/211 986/1998/211
f 1034/2138/236 1018/2139/236 1017/2140/236 1035/2141/236
f 1019/2142/235 1018/2139/235 1034/2138/235 1033/2143/235
f 1073/2144/210 1072/2145/210 1037/2146/210 1036/2147/210
f 1071/2148/209 1038/2149/209 1037/2146/209 1072/2145/209
f 1070/2150/239 1039/2151/239 1038/2149/239 1071/2148/239
f 1069/2152/225 1040/2153/225 1039/2151/225 1070/2150/225
f 1068/2154/226 1041/2155/226 1040/2153/226 1069/2152/226
f 1067/2156/227 1042/2157/227 1041/2155/227 1068/2154/227
f 1066/2158/228 1043/2159/228 1042/2157/228 1067/2156/228
f 1065/2160/229 1044/2161/229 1043/2162/229 1066/2163/229
f 1064/2164/230 1045/2165/230 1044/2161/230 1065/2160/230
f 1063/2166/231 1046/2167/231 1045/2165/231 1064/2164/231
f 1062/2168/232 1047/2169/232 1046/2167/232 1063/2166/232
f 1061/2170/233 1048/2171/233 1047/2169/233 1062/2168/233
f 1060/2172/234 1049/2173/234 1048/2171/234 1061/2170/234
f 1012/2174/235 1049/2173/235 1060/2172/235 1058/2175/235
f 1050/2176/186 1057/2177/186 1147/2178/186 1102/2179/186 1077/2180/186 1076/2181/186
f 1075/2182/235 1051/2183/235 1050/2184/235 1076/2185/235
f 1052/2186/236 1051/2183/236 1075/2182/236 1074/2187/236
f 1053/2188/213 1095/2189/213 1096/2190/213 1054/2191/213
f 1055/2192/212 1054/2191/212 1096/2190/212 1097/2193/212 1263/2194/212 1180/2195/212
f 1056/2196/216 1055/2192/216 1098/2197/216 1099/2198/216
f 1057/2177/240 1056/2199/240 1099/2200/240 1100/2201/240
f 1101/2202/212 1078/2203/212 1077/2204/212 1102/2205/212
f 1078/2203/216 1101/2202/216 1103/2206/216 1079/2207/216
f 1079/2207/217 1103/2206/217 1104/2208/217 1080/2209/217
f 1080/2209/218 1104/2208/218 1105/2210/218 1081/2211/218
f 1081/2211/219 1105/2210/219 1106/2212/219 1082/2213/219
f 1082/2213/220 1106/2212/220 1107/2214/220 1083/2215/220
f 1083/2215/221 1107/2214/221 1108/2216/221 1084/2217/221
f 1084/2218/222 1108/2219/222 1109/2220/222 1085/2221/222
f 1085/2221/223 1109/2220/223 1110/2222/223 1086/2223/223
f 1086/2223/224 1110/2222/224 1111/2224/224 1087/2225/224
f 1087/2225/214 1111/2224/214 1112/2226/214 1088/2227/214
f 1007/2228/238 1088/2227/238 1112/2226/238 1113/2229/238
f 1090/2230/37 1114/2231/37 1115/2232/37 1116/2233/37 1117/2234/37 1118/2235/37 1119/2236/37 1120/2237/37 1121/2238/37 1122/2239/37 1123/2240/37 1124/2241/37 1125/2242/37 1126/2243/37 1127/2244/37 1128/2245/37 1129/2246/37 1130/2247/37 1131/2248/37 1132/2249/37 1133/2250/37 1134/2251/37 1135/2252/37 1136/2253/37 1137/2254/37 1138/2255/37 1139/2256/37 1140/2257/37 1141/2258/37 1142/2259/37 1143/2260/37 1144/2261/37 1091/2262/37 1092/2263/37
f 1149/2264/39 1150/2265/39 1151/2266/39 1152/2267/39 1153/2268/39 1154/2269/39 1155/2270/39 1156/2271/39 1157/2272/39 1158/2273/39 1159/2274/39 1160/2275/39 1161/2276/39 1162/2277/39 1163/2278/39 1164/2279/39 1165/2280/39 1166/2281/39 1167/2282/39 1168/2283/39 1169/2284/39 1170/2285/39 1171/2286/39 1172/2287/39 1173/2288/39 1174/2289/39 1175/2290/39 1176/2291/39 1177/2292/39 1097/2293/39 1096/2294/39 1095/2295/39 1178/2296/39 1179/2297/39
f 1098/2197/237 1055/2192/237 1180/2195/237
f 1057/2177/186 1100/2201/186 1147/2178/186
f 1181/2298/241 1182/2299/241 1126/2300/241 1125/2301/241
f 1126/2300/242 1182/2299/242 1183/2302/242 1127/2303/242
f 1161/2304/243 1130/2305/243 1129/2306/243 1162/2307/243
f 1160/2308/244 1131/2309/244 1130/2305/244 1161/2304/244
f 1159/2310/245 1132/2311/245 1131/2312/245 1160/2313/245
f 1158/2314/246 1133/2315/246 1132/2311/246 1159/2310/246
f 1157/2316/247 1134/2317/247 1133/2315/247 1158/2314/247
f 1156/2318/248 1135/2319/248 1134/2317/248 1157/2316/248
f 1155/2320/249 1136/2321/249 1135/2319/249 1156/2318/249
f 1154/2322/250 1137/2323/250 1136/2321/250 1155/2320/250
f 1153/2324/251 1138/2325/251 1137/2323/251 1154/2322/251
f 1152/2326/252 1139/2327/252 1138/2325/252 1153/2324/252
f 1151/2328/253 1140/2329/253 1139/2330/253 1152/2331/253
f 1150/2332/254 1141/2333/254 1140/2329/254 1151/2328/254
f 1142/2334/241 1141/2333/241 1150/2332/241 1149/2335/241
f 1144/2336/255 1143/2337/255 1185/2338/255 1145/2339/255
f 1146/2340/37 1185/2341/37 1186/2342/37 1187/2343/37 1188/2344/37 1189/2345/37 1190/2346/37 1191/2347/37 1192/2348/37 1193/2349/37 1194/2350/37 1195/2351/37 1196/2352/37 1197/2353/37 1198/2354/37 1199/2355/37 1200/2356/37 1201/2357/37 1202/2358/37 1203/2359/37 1204/2360/37 1205/2361/37 1206/2362/37 1207/2363/37 1208/2364/37 1209/2365/37 1210/2366/37 1211/2367/37 1212/2368/37 1213/2369/37 1214/2370/37 1215/2371/37 1093/2372/37
f 1093/2373/242 1215/2374/242 1216/2375/242 1094/2376/242
f 1094/2377/39 1216/2378/39 1217/2379/39 1218/2380/39 1219/2381/39 1220/2382/39 1221/2383/39 1222/2384/39 1223/2385/39 1224/2386/39 1225/2387/39 1226/2388/39 1227/2389/39 1228/2390/39 1229/2391/39 1230/2392/39 1231/2393/39 1232/2394/39 1233/2395/39 1234/2396/39 1235/2397/39 1236/2398/39 1237/2399/39 1238/2400/39 1239/2401/39 1240/2402/39 1241/2403/39 1242/2404/39 1243/2405/39 1244/2406/39 1245/2407/39 1246/2408/39 1148/2409/39
f 1246/2410/256 1245/2411/256 1186/2412/256 1185/2338/256 1143/2337/256 1142/2413/256 1149/2414/256 1179/2415/256
f 1248/2416/257 1247/2416/257 1280/2417/257 1163/2418/257 1162/2307/257
f 1249/2419/242 1250/2420/242 1165/2421/242 1164/2422/242
f 1165/2421/241 1250/2420/241 1251/2423/241 1166/2424/241
f 1166/2424/258 1251/2423/258 1278/2425/258 1281/2426/258 1253/2427/258 1167/2428/258
f 1252/2429/259 1168/2430/259 1167/2431/259 1253/2432/259
f 1168/2430/260 1252/2429/260 1254/2433/260 1169/2434/260
f 1169/2434/261 1254/2433/261 1255/2435/261 1170/2436/261
f 1170/2437/262 1255/2438/262 1256/2439/262 1171/2440/262
f 1171/2440/263 1256/2439/263 1257/2441/263 1172/2442/263
f 1172/2442/264 1257/2441/264 1258/2443/264 1173/2444/264
f 1173/2444/265 1258/2443/265 1259/2445/265 1174/2446/265
f 1174/2446/266 1259/2445/266 1260/2447/266 1175/2448/266
f 1175/2448/267 1260/2447/267 1261/2449/267 1176/2450/267
f 1176/2450/268 1261/2449/268 1262/2451/268 1177/2452/268
f 1097/2453/269 1177/2452/269 1262/2451/269 1263/2454/269
f 1148/2455/255 1246/2410/255 1179/2415/255 1178/2456/255
f 1265/2457/37 1266/2458/37 1267/2459/37 1268/2460/37 1201/2357/37 1200/2356/37 1183/2461/37 1182/2462/37 1181/2463/37 1264/2464/37
f 1200/2465/270 1282/2466/270 1283/2467/270 1128/2468/270 1127/2303/270 1183/2302/270
f 1162/2307/257 1129/2306/257 1128/2469/257 1271/2470/257 1184/2471/257 1269/2471/257 1270/2471/257
f 1145/2472/37 1185/2341/37 1146/2340/37
f 1245/2411/259 1244/2473/259 1187/2474/259 1186/2412/259
f 1244/2473/260 1243/2475/260 1188/2476/260 1187/2474/260
f 1243/2475/261 1242/2477/261 1189/2478/261 1188/2476/261
f 1242/2479/262 1241/2480/262 1190/2481/262 1189/2482/262
f 1241/2480/263 1240/2483/263 1191/2484/263 1190/2481/263
f 1240/2483/264 1239/2485/264 1192/2486/264 1191/2484/264
f 1239/2485/265 1238/2487/265 1193/2488/265 1192/2486/265
f 1238/2487/266 1237/2489/266 1194/2490/266 1193/2488/266
f 1237/2489/267 1236/2491/267 1195/2492/267 1194/2490/267
f 1236/2491/268 1235/2493/268 1196/2494/268 1195/2492/268
f 1235/2493/269 1234/2495/269 1197/2496/269 1196/2494/269
f 1234/2497/258 1233/2498/258 1198/2499/258 1197/2500/258
f 1233/2498/271 1232/2501/271 1199/2502/271 1198/2499/271
f 1285/2503/272 1272/2503/272 1282/2466/272 1200/2465/272 1199/2502/272 1232/2501/272 1284/2503/272
f 1228/2504/243 1203/2505/243 1202/2506/243 1229/2507/243
f 1227/2508/244 1204/2509/244 1203/2505/244 1228/2504/244
f 1226/2510/245 1205/2511/245 1204/2512/245 1227/2513/245
f 1225/2514/246 1206/2515/246 1205/2511/246 1226/2510/246
f 1224/2516/247 1207/2517/247 1206/2515/247 1225/2514/247
f 1223/2518/248 1208/2519/248 1207/2517/248 1224/2516/248
f 1222/2520/249 1209/2521/249 1208/2519/249 1223/2518/249
f 1221/2522/250 1210/2523/250 1209/2521/250 1222/2520/250
f 1220/2524/251 1211/2525/251 1210/2523/251 1221/2522/251
f 1219/2526/252 1212/2527/252 1211/2525/252 1220/2524/252
f 1218/2528/253 1213/2529/253 1212/2530/253 1219/2531/253
f 1217/2532/254 1214/2533/254 1213/2529/254 1218/2528/254
f 1216/2375/241 1215/2374/241 1214/2533/241 1217/2532/241
f 1288/2534/257 1273/2534/257 1289/2535/257 1230/2536/257 1229/2507/257 1287/2537/257
f 1251/2538/39 1250/2539/39 1249/2540/39 1231/2393/39 1230/2392/39 1274/2541/39 1275/2542/39 1276/2543/39 1277/2544/39 1278/2545/39
f 1296/2546/272 1279/2547/272 1295/2547/272 1284/2503/272 1232/2501/272 1231/2548/272
f 1248/2416/257 1162/2307/257 1270/2471/257
f 1271/2467/273 1128/2468/273 1283/2467/273
f 1230/2536/255 1289/2535/255 1290/2549/255 1274/2550/255
f 1274/2550/256 1290/2549/256 1291/2551/256 1275/2552/256
f 1275/2552/259 1291/2551/259 1292/2553/259 1276/2554/259
f 1277/2555/260 1276/2554/260 1292/2553/260 1293/2556/260
f 1278/2425/274 1277/2557/274 1293/2558/274 1294/2559/274
f 1280/2560/270 1297/2546/270 1231/2548/270 1249/2419/270 1164/2422/270 1163/2561/270
f 1281/2426/275 1278/2425/275 1294/2559/275
f 1296/2546/276 1231/2548/276 1297/2546/276
f 1298/2562/39 1299/2563/39 1300/2564/39 1301/2565/39 1302/2565/39 1303/2566/39 1304/2567/39
f 1305/2568/39 1306/2569/39 1307/2570/39 1308/2571/39 1309/2572/39 1310/2573/39 1311/2574/39 1312/2574/39 1313/2575/39 1314/2576/39 1315/2576/39 1316/2577/39 1317/2578/39 1318/2579/39 1319/2580/39 1320/2581/39 1321/2582/39 1322/2583/39 1323/2584/39 1324/2585/39 1325/2586/39 1326/2587/39 1327/2588/39 1328/2589/39 1329/2590/39 1330/2590/39 1331/2591/39 826/2592/39 825/2593/39 824/2594/39 823/2595/39 822/2596/39 821/2597/39 820/2598/39 819/2599/39 818/2600/39 816/2601/39 917/1858/39 933/1859/39 1011/2602/39 1010/2603/39 1008/2604/39 1009/2605/39 1089/2606/39 1113/2607/39 1112/2608/39 1111/2609/39 1110/2610/39 1109/2611/39 1108/2612/39 1107/2613/39 1106/2614/39 1105/2615/39 1104/2616/39 1103/2617/39 1101/2618/39 1102/2619/39 1147/2620/39 1100/2621/39 1099/2622/39 1098/2623/39 1180/2624/39 1263/2625/39 1262/2626/39 1261/2627/39 1260/2628/39 1259/2629/39 1258/2630/39 1257/2631/39 1256/2632/39 1255/2633/39 1254/2634/39 1252/2635/39 1253/2636/39 1281/2637/39 1294/2638/39 1293/2639/39 1292/2640/39 1291/2641/39 1290/2642/39 1289/2643/39 1273/2644/39 1332/2645/39 1333/2646/39 1334/2647/39 1335/2648/39 1336/2649/39 1337/2650/39 1338/2651/39 1339/2652/39 1340/2653/39 1341/2654/39 1342/2655/39 1343/2656/39 1344/2657/39 1345/2658/39 1346/2659/39 1347/2660/39 1348/2661/39 1349/2662/39 1350/2663/39 1351/2664/39 1352/2665/39 1353/2666/39 1354/2667/39 1355/2668/39 1356/2669/39 1357/2670/39 1358/2671/39 1359/2672/39 1360/2673/39 1361/2674/39 1362/2675/39 1363/2676/39 1364/2677/39 1365/2678/39 1366/2679/39 1367/2680/39 1368/2681/39 1369/2682/39 1370/2683/39 1371/2684/39 1372/2685/39 1373/2686/39 1374/2687/39 1375/2688/39 1376/2689/39 1377/2690/39 1378/2691/39 1379/2692/39 1380/2693/39 1381/2694/39 1382/2695/39 1383/2696/39 1384/2697/39 1385/2698/39 1386/2699/39 1387/2700/39 1388/2701/39 1389/2702/39 1390/2703/39 1391/2704/39 1392/2705/39 1393/2706/39 1394/2707/39 1395/2708/39 1396/2709/39
f 1397/2710/37 1398/2711/37 1399/2712/37 1400/2713/37 1401/2713/37 1402/2714/37 1403/2715/37
f 1272/2716/277 1184/2716/277 1271/2717/277 1283/2717/277 1282/2718/277
f 1247/2719/278 1279/2719/278 1296/2720/278 1297/2720/278 1280/2721/278
f 1404/2722/279 1405/2723/279 1406/2724/279 1407/2725/279
f 1409/2726/37 1410/2727/37 1411/2728/37 1412/2729/37 1413/2730/37 1414/2731/37 1415/2732/37 1416/2733/37 1417/2734/37 1418/2735/37 1419/2736/37 1420/2737/37 1421/2738/37 1422/2739/37 1423/2740/37 1424/2741/37 1425/2742/37 1426/2743/37 1427/2744/37 1428/2745/37 1429/2746/37 1430/2747/37 1431/2748/37 1432/2749/37 1433/2750/37 1434/2751/37 1435/2752/37 1436/2753/37 1437/2754/37 1438/2755/37 1405/2756/37 1404/2757/37 1439/2758/37 1440/2759/37 1441/2760/37 1442/2761/37 1443/2762/37
f 1406/2724/280 1405/2723/280 1438/2763/280 1444/2764/280
f 1407/2765/39 1406/2766/39 1444/2767/39 1445/2768/39 1446/2769/39 1447/2770/39 1448/2771/39 1449/2772/39 1450/2773/39 1451/2774/39 1452/2775/39 1453/2776/39 1454/2777/39 1455/2778/39 1456/2779/39 1457/2780/39 1458/2781/39 1459/2782/39 1460/2783/39 1461/2784/39 1462/2785/39 1463/2786/39 1464/2787/39 1465/2788/39 1466/2789/39 1467/2790/39 1468/2791/39 1469/2792/39 1470/2793/39 1471/2794/39 1472/2795/39 1473/2796/39 1474/2797/39 1475/2798/39 1476/2799/39 1477/2800/39 1478/2801/39
f 1404/2802/281 1407/2803/281 1478/2804/281 1479/2805/281 1408/2806/281 1480/2807/281 1486/2808/281 1439/2809/281
f 1482/2810/282 1483/2811/282 1423/2812/282 1422/2813/282
f 1424/2814/279 1423/2812/279 1483/2811/279 1484/2815/279
f 1573/2816/283 1485/2817/283 1490/2818/283 1514/2819/283 1560/2820/283 1537/2821/283 1457/2822/283 1456/2823/283 1426/2824/283 1425/2825/283 1531/2826/283 1575/2827/283
f 1456/2828/284 1455/2829/284 1427/2830/284 1426/2831/284
f 1454/2832/285 1428/2833/285 1427/2830/285 1455/2829/285
f 1453/2834/286 1429/2835/286 1428/2833/286 1454/2832/286
f 1452/2836/287 1430/2837/287 1429/2835/287 1453/2834/287
f 1451/2838/288 1431/2839/288 1430/2840/288 1452/2841/288
f 1450/2842/289 1432/2843/289 1431/2839/289 1451/2838/289
f 1449/2844/290 1433/2845/290 1432/2843/290 1450/2842/290
f 1448/2846/291 1434/2847/291 1433/2845/291 1449/2844/291
f 1447/2848/292 1435/2849/292 1434/2847/292 1448/2846/292
f 1446/2850/293 1436/2851/293 1435/2849/293 1447/2848/293
f 1445/2852/294 1437/2853/294 1436/2851/294 1446/2850/294
f 1444/2854/295 1438/2855/295 1437/2853/295 1445/2852/295
f 1439/2809/296 1486/2808/296 1487/2856/296 1440/2857/296
f 1440/2857/284 1487/2856/284 1488/2858/284 1441/2859/284
f 1441/2859/285 1488/2858/285 1489/2860/285 1442/2861/285
f 1442/2861/286 1489/2860/286 1481/2862/286 1443/2863/286
f 1491/2864/279 1492/2865/279 1459/2866/279 1458/2867/279
f 1460/2868/282 1459/2866/282 1492/2865/282 1493/2869/282
f 1537/2821/297 1576/2870/297 1354/2871/297 1353/2872/297 1461/2873/297 1460/2868/297 1493/2869/297 1538/2874/297 1491/2864/297 1458/2867/297 1457/2822/297
f 1352/2875/298 1462/2876/298 1461/2877/298 1353/2878/298
f 1462/2876/299 1352/2875/299 1351/2879/299 1463/2880/299
f 1463/2881/300 1351/2882/300 1350/2883/300 1464/2884/300
f 1464/2884/301 1350/2883/301 1349/2885/301 1465/2886/301
f 1465/2886/302 1349/2885/302 1348/2887/302 1466/2888/302
f 1466/2888/303 1348/2887/303 1347/2889/303 1467/2890/303
f 1467/2890/304 1347/2889/304 1346/2891/304 1468/2892/304
f 1468/2892/305 1346/2891/305 1345/2893/305 1469/2894/305
f 1469/2894/306 1345/2893/306 1344/2895/306 1470/2896/306
f 1470/2896/307 1344/2895/307 1343/2897/307 1471/2898/307
f 1471/2899/308 1343/2900/308 1342/2901/308 1472/2902/308
f 1473/2903/309 1472/2902/309 1342/2901/309 1341/2904/309
f 1474/2905/310 1473/2906/310 1341/2907/310 1340/2908/310 1539/2909/310 1494/2910/310
f 1494/2910/286 1495/2911/286 1475/2912/286 1474/2905/286
f 1495/2911/285 1496/2913/285 1476/2914/285 1475/2912/285
f 1496/2913/284 1497/2915/284 1477/2916/284 1476/2914/284
f 1497/2915/296 1479/2805/296 1478/2804/296 1477/2916/296
f 1498/2917/39 1499/2918/39 1500/2919/39 1501/2920/39 1502/2921/39 1503/2922/39 1504/2923/39 1505/2924/39 1506/2925/39 1507/2926/39 1508/2927/39 1509/2928/39 1510/2929/39 1511/2930/39 1512/2931/39 1513/2932/39 1514/2933/39 1490/2934/39 1515/2935/39 1516/2936/39 1517/2937/39 1518/2938/39 1519/2939/39 1520/2940/39 1521/2941/39 1522/2942/39 1523/2943/39 1524/2944/39 1525/2945/39 1526/2946/39 1527/2947/39 1408/2948/39 1479/2949/39 1497/2950/39
f 1408/2806/310 1527/2951/310 1528/2952/310 1480/2807/310
f 1530/2953/282 1483/2811/282 1482/2810/282
f 1484/2954/37 1483/2955/37 1530/2956/37
f 1532/2957/37 1533/2958/37 1534/2959/37 1535/2960/37 1536/2961/37 1529/2962/37 1481/2963/37 1489/2964/37 1488/2965/37 1487/2966/37 1486/2967/37
f 1538/2968/39 1492/2969/39 1491/2970/39
f 1493/2869/311 1492/2865/311 1538/2874/311
f 1498/2917/39 1497/2950/39 1496/2971/39 1495/2972/39 1494/2973/39 1539/2974/39 1540/2975/39 1541/2976/39 1542/2977/39 1543/2978/39
f 1499/2979/312 1545/2980/312 1546/2981/312 1500/2982/312
f 1500/2982/279 1546/2981/279 1547/2983/279 1501/2984/279
f 1501/2984/280 1547/2983/280 1548/2985/280 1502/2986/280
f 1502/2987/295 1548/2988/295 1549/2989/295 1503/2990/295
f 1503/2990/294 1549/2989/294 1550/2991/294 1504/2992/294
f 1504/2992/293 1550/2991/293 1551/2993/293 1505/2994/293
f 1505/2994/292 1551/2993/292 1552/2995/292 1506/2996/292
f 1506/2996/291 1552/2995/291 1553/2997/291 1507/2998/291
f 1507/2998/290 1553/2997/290 1554/2999/290 1508/3000/290
f 1508/3000/289 1554/2999/289 1555/3001/289 1509/3002/289
f 1509/3002/288 1555/3001/288 1556/3003/288 1510/3004/288
f 1510/3005/287 1556/3006/287 1557/3007/287 1511/3008/287
f 1511/3008/286 1557/3007/286 1558/3009/286 1512/3010/286
f 1513/3011/285 1512/3010/285 1558/3009/285 1559/3012/285
f 1485/2817/313 1561/3013/313 1515/3014/313 1490/2818/313
f 1516/3015/314 1515/3014/314 1561/3013/314 1562/3016/314
f 1517/3017/315 1516/3015/315 1562/3016/315 1563/3018/315
f 1518/3019/308 1517/3017/308 1563/3018/308 1564/3020/308
f 1519/3021/307 1518/3022/307 1564/3023/307 1565/3024/307
f 1520/3025/306 1519/3021/306 1565/3024/306 1566/3026/306
f 1521/3027/305 1520/3025/305 1566/3026/305 1567/3028/305
f 1522/3029/304 1521/3027/304 1567/3028/304 1568/3030/304
f 1523/3031/303 1522/3029/303 1568/3030/303 1569/3032/303
f 1524/3033/302 1523/3031/302 1569/3032/302 1570/3034/302
f 1525/3035/301 1524/3033/301 1570/3034/301 1571/3036/301
f 1526/3037/316 1525/3035/316 1571/3036/316 1572/3038/316
f 1527/2951/299 1526/3039/299 1572/3040/299 1528/2952/299
f 1532/2957/37 1486/2967/37 1480/3041/37 1528/3042/37 1572/3043/37 1571/3044/37 1570/3045/37 1569/3046/37 1568/3047/37 1567/3048/37 1566/3049/37 1565/3050/37 1564/3051/37 1563/3052/37 1562/3053/37 1561/3054/37 1485/3055/37 1573/3056/37 1559/3057/37 1558/3058/37 1557/3059/37 1556/3060/37 1555/3061/37 1554/3062/37 1553/3063/37 1552/3064/37 1551/3065/37 1550/3066/37 1549/3067/37 1548/3068/37 1547/3069/37 1546/3070/37 1545/3071/37
f 1543/3072/313 1335/3073/313 1334/3074/313 1498/3075/313
f 1338/3076/317 1540/3077/317 1539/2909/317 1339/3078/317
f 1337/3079/308 1541/3080/308 1540/3081/308 1338/3082/308
f 1541/3080/315 1337/3079/315 1336/3083/315 1542/3084/315
f 1542/3084/314 1336/3083/314 1335/3073/314 1543/3072/314
f 1580/3085/318 1578/3086/318 1560/2820/318 1514/2819/318 1513/3087/318 1559/3088/318 1573/2816/318 1575/2827/318
f 1580/3089/37 1575/3090/37 1531/3091/37 1574/3092/37 1579/3093/37 1581/3094/37 1582/3095/37 1583/3096/37 1584/3097/37 1585/3098/37 1586/3099/37
f 1578/3100/39 1587/3101/39 1588/3102/39 1589/3103/39 1590/3104/39 1591/3105/39 1592/3106/39 1576/3107/39 1537/3108/39 1560/3109/39
f 1576/2870/297 1355/3110/297 1354/2871/297
f 1339/3078/319 1539/2909/319 1340/2908/319
f 1544/3111/161 1593/3112/161 1594/3113/161 1577/3114/161
f 1593/2645/320 1544/2646/320 1333/2646/320 1332/2645/320 1273/2644/320 1288/2644/320
f 1580/3089/37 1586/3099/37 1595/3115/37 1596/3116/37 1597/3117/37 1598/3118/37 1599/3119/37 1600/3120/37 1601/3121/37 1602/3122/37 1603/3123/37 1604/3124/37 1605/3125/37 1606/3126/37 1607/3127/37 1608/3128/37 1609/3129/37 1610/3130/37 1611/3131/37 1612/3132/37 1613/3133/37 1614/3134/37 1615/3135/37 1616/3136/37 1617/3137/37 1618/3138/37 1619/3139/37 1620/3140/37 1621/3141/37 1622/3142/37 1623/3143/37 1624/3144/37 1625/3145/37
f 1627/3146/321 1583/3147/321 1582/3148/321 1628/3149/321
f 1629/3150/322 1584/3151/322 1583/3147/322 1627/3146/322
f 1630/3152/323 1585/3153/323 1584/3151/323 1629/3150/323
f 1631/3154/324 1586/3155/324 1585/3153/324 1630/3152/324
f 1578/3100/39 1632/3156/39 1633/3157/39 1634/3158/39 1635/3159/39 1636/3160/39 1637/3161/39 1638/3162/39 1639/3163/39 1640/3164/39 1641/3165/39 1642/3166/39 1643/3167/39 1644/3168/39 1645/3169/39 1646/3170/39 1647/3171/39 1648/3172/39 1649/3173/39 1650/3174/39 1651/3175/39 1652/3176/39 1653/3177/39 1654/3178/39 1655/3179/39 1656/3180/39 1657/3181/39 1658/3182/39 1659/3183/39 1660/3184/39 1661/3185/39 1662/3186/39 1663/3187/39 1587/3101/39
f 1588/3188/323 1587/3189/323 1664/3190/323 1665/3191/323
f 1589/3192/322 1588/3188/322 1665/3191/322 1666/3193/322
f 1590/3194/321 1589/3192/321 1666/3193/321 1667/3195/321
f 1667/3196/325 1668/3197/325 1359/3198/325 1358/3199/325 1591/3200/325 1590/3201/325
f 1356/3202/326 1592/3203/326 1591/3200/326 1357/3204/326
f 1355/3110/327 1576/2870/327 1592/3205/327 1356/3206/327
f 1286/3207/160 1594/3113/160 1593/3112/160 1288/3208/160 1287/3207/160
f 1578/3086/328 1580/3085/328 1625/3209/328 1632/3210/328
f 1669/3211/326 1715/3212/326 1716/3213/326 1663/3214/326 1662/3215/326 1595/3216/326 1586/3217/326 1631/3218/326
f 1662/3215/325 1661/3219/325 1596/3220/325 1595/3216/325
f 1661/3219/329 1660/3221/329 1597/3222/329 1596/3220/329
f 1660/3221/330 1659/3223/330 1598/3224/330 1597/3222/330
f 1659/3223/331 1658/3225/331 1599/3226/331 1598/3224/331
f 1658/3225/332 1657/3227/332 1600/3228/332 1599/3226/332
f 1657/3227/333 1656/3229/333 1601/3230/333 1600/3228/333
f 1656/3229/334 1655/3231/334 1602/3232/334 1601/3230/334
f 1655/3233/335 1654/3234/335 1603/3235/335 1602/3236/335
f 1654/3234/336 1653/3237/336 1604/3238/336 1603/3235/336
f 1653/3237/337 1652/3239/337 1605/3240/337 1604/3238/337
f 1652/3239/327 1651/3241/327 1606/3242/327 1605/3240/327
f 1651/3241/297 1650/3243/297 1607/3244/297 1606/3242/297
f 1650/3243/283 1649/3245/283 1608/3246/283 1607/3244/283
f 1649/3245/318 1648/3247/318 1609/3248/318 1608/3246/318
f 1670/3249/37 1671/3250/37 1672/3251/37 1673/3252/37 1610/3130/37 1609/3129/37 1674/3253/37 1675/3254/37 1676/3255/37 1677/3256/37
f 1646/3257/323 1611/3258/323 1610/3259/323 1647/3260/323
f 1645/3261/322 1612/3262/322 1611/3258/322 1646/3257/322
f 1644/3263/321 1613/3264/321 1612/3262/321 1645/3261/321
f 1643/3265/338 1614/3266/338 1613/3264/338 1644/3263/338
f 1642/3267/339 1615/3268/339 1614/3266/339 1643/3265/339
f 1641/3269/340 1616/3270/340 1615/3268/340 1642/3267/340
f 1640/3271/341 1617/3272/341 1616/3270/341 1641/3269/341
f 1639/3273/342 1618/3274/342 1617/3275/342 1640/3276/342
f 1638/3277/343 1619/3278/343 1618/3274/343 1639/3273/343
f 1637/3279/344 1620/3280/344 1619/3278/344 1638/3277/344
f 1636/3281/345 1621/3282/345 1620/3280/345 1637/3279/345
f 1635/3283/346 1622/3284/346 1621/3282/346 1636/3281/346
f 1634/3285/347 1623/3286/347 1622/3284/347 1635/3283/347
f 1633/3287/348 1624/3288/348 1623/3286/348 1634/3285/348
f 1632/3289/349 1625/3290/349 1624/3288/349 1633/3287/349
f 1626/3291/37 1678/3292/37 1679/3293/37 1680/3294/37 1681/3295/37 1682/3296/37 1683/3297/37 1684/3298/37 1685/3299/37 1686/3300/37 1687/3301/37 1688/3302/37 1689/3303/37 1690/3304/37 1691/3305/37 1692/3306/37 1693/3307/37 1694/3308/37 1695/3309/37 1696/3310/37 1697/3311/37 1698/3312/37 1699/3313/37 1700/3314/37 1701/3315/37 1702/3316/37 1703/3317/37 1704/3318/37 1705/3319/37 1706/3320/37 1669/3321/37 1631/3322/37 1630/3323/37 1629/3324/37 1627/3325/37 1628/3326/37
f 1707/3327/39 1708/3328/39 1709/3329/39 1648/3172/39 1647/3171/39 1710/3330/39 1711/3331/39 1712/3332/39 1713/3333/39 1714/3334/39
f 1587/3189/324 1663/3335/324 1716/3336/324 1664/3190/324
f 1715/3337/39 1717/3338/39 1718/3339/39 1719/3340/39 1720/3341/39 1721/3342/39 1722/3343/39 1723/3344/39 1724/3345/39 1725/3346/39 1726/3347/39 1727/3348/39 1728/3349/39 1729/3350/39 1730/3351/39 1731/3352/39 1732/3353/39 1733/3354/39 1734/3355/39 1735/3356/39 1736/3357/39 1737/3358/39 1738/3359/39 1739/3360/39 1740/3361/39 1741/3362/39 1742/3363/39 1743/3364/39 1744/3365/39 1745/3366/39 1668/3367/39 1667/3368/39 1666/3369/39 1665/3370/39 1664/3371/39 1716/3372/39
f 1357/3204/325 1591/3200/325 1358/3199/325
f 1609/3248/350 1648/3247/350 1709/3373/350 1731/3374/350 1730/3375/350 1693/3376/350 1692/3377/350 1674/3378/350
f 1747/3379/326 1673/3380/326 1672/3381/326 1748/3382/326
f 1691/3383/349 1675/3384/349 1674/3385/349 1692/3386/349
f 1676/3387/348 1675/3384/348 1691/3383/348 1690/3388/348
f 1730/3389/323 1729/3390/323 1694/3391/323 1693/3392/323
f 1728/3393/322 1695/3394/322 1694/3391/322 1729/3390/322
f 1727/3395/321 1696/3396/321 1695/3394/321 1728/3393/321
f 1726/3397/338 1697/3398/338 1696/3396/338 1727/3395/338
f 1725/3399/339 1698/3400/339 1697/3398/339 1726/3397/339
f 1724/3401/340 1699/3402/340 1698/3400/340 1725/3399/340
f 1723/3403/341 1700/3404/341 1699/3402/341 1724/3401/341
f 1722/3405/342 1701/3406/342 1700/3407/342 1723/3408/342
f 1721/3409/343 1702/3410/343 1701/3406/343 1722/3405/343
f 1720/3411/344 1703/3412/344 1702/3410/344 1721/3409/344
f 1719/3413/345 1704/3414/345 1703/3412/345 1720/3411/345
f 1718/3415/346 1705/3416/346 1704/3414/346 1719/3413/346
f 1717/3417/351 1706/3418/351 1705/3416/351 1718/3415/351
f 1669/3419/348 1706/3418/348 1717/3417/348 1715/3420/348
f 1707/3421/297 1714/3422/297 1372/3423/297 1371/3424/297 1734/3425/297 1733/3426/297
f 1732/3427/348 1708/3428/348 1707/3429/348 1733/3430/348
f 1709/3431/349 1708/3428/349 1732/3427/349 1731/3432/349
f 1710/3433/326 1751/3434/326 1752/3435/326 1711/3436/326
f 1752/3435/325 1753/3437/325 1377/3438/325 1376/3439/325 1712/3440/325 1711/3436/325
f 1713/3441/329 1712/3440/329 1375/3442/329 1374/3443/329
f 1714/3422/352 1713/3444/352 1374/3445/352 1373/3446/352
f 1370/3447/325 1735/3448/325 1734/3449/325 1371/3450/325
f 1735/3448/353 1370/3447/353 1369/3451/353 1736/3452/353
f 1736/3452/330 1369/3451/330 1368/3453/330 1737/3454/330
f 1737/3454/331 1368/3453/331 1367/3455/331 1738/3456/331
f 1738/3456/332 1367/3455/332 1366/3457/332 1739/3458/332
f 1739/3458/333 1366/3457/333 1365/3459/333 1740/3460/333
f 1740/3460/334 1365/3459/334 1364/3461/334 1741/3462/334
f 1741/3463/335 1364/3464/335 1363/3465/335 1742/3466/335
f 1742/3466/336 1363/3465/336 1362/3467/336 1743/3468/336
f 1743/3468/354 1362/3467/354 1361/3469/354 1744/3470/354
f 1744/3470/327 1361/3469/327 1360/3471/327 1745/3472/327
f 1668/3473/355 1745/3472/355 1360/3471/355 1359/3474/355
f 1746/3475/37 1754/3476/37 1755/3477/37 1756/3478/37 1757/3479/37 1758/3480/37 1759/3481/37 1760/3482/37 1761/3483/37 1762/3484/37 1763/3485/37 1764/3486/37 1765/3487/37 1766/3488/37 1767/3489/37 1768/3490/37 1769/3491/37 1770/3492/37 1771/3493/37 1772/3494/37 1773/3495/37 1774/3496/37 1775/3497/37 1776/3498/37 1777/3499/37 1778/3500/37 1779/3501/37 1780/3502/37 1781/3503/37 1782/3504/37 1783/3505/37 1784/3506/37 1747/3507/37 1748/3508/37
f 1786/3509/324 1749/3510/324 1750/3511/324 1787/3512/324 1817/3513/324 1751/3513/324 1710/3514/324 1647/3260/324 1610/3259/324 1673/3515/324 1747/3516/324 1784/3516/324 1785/3517/324
f 1788/3518/39 1789/3519/39 1790/3520/39 1791/3521/39 1792/3522/39 1793/3523/39 1794/3524/39 1795/3525/39 1796/3526/39 1797/3527/39 1798/3528/39 1799/3529/39 1800/3530/39 1801/3531/39 1802/3532/39 1803/3533/39 1804/3534/39 1805/3535/39 1806/3536/39 1807/3537/39 1808/3538/39 1809/3539/39 1810/3540/39 1811/3541/39 1812/3542/39 1813/3543/39 1814/3544/39 1815/3545/39 1816/3546/39 1753/3547/39 1752/3548/39 1751/3549/39 1817/3550/39 1818/3551/39
f 1375/3442/356 1712/3440/356 1376/3439/356
f 1714/3422/355 1373/3446/355 1372/3423/355
f 1819/3552/357 1820/3553/357 1766/3554/357 1765/3555/357
f 1766/3554/358 1820/3553/358 1821/3556/358 1767/3557/358
f 1838/3558/359 1402/3559/359 1401/3560/359 1768/3561/359 1767/3557/359 1821/3556/359
f 1399/3562/360 1769/3563/360 1768/3564/360 1400/3565/360
f 1799/3566/361 1771/3567/361 1770/3568/361 1800/3569/361
f 1798/3570/362 1772/3571/362 1771/3567/362 1799/3566/362
f 1797/3572/363 1773/3573/363 1772/3571/363 1798/3570/363
f 1796/3574/364 1774/3575/364 1773/3573/364 1797/3572/364
f 1795/3576/365 1775/3577/365 1774/3575/365 1796/3574/365
f 1794/3578/366 1776/3579/366 1775/3577/366 1795/3576/366
f 1793/3580/367 1777/3581/367 1776/3579/367 1794/3578/367
f 1792/3582/368 1778/3583/368 1777/3581/368 1793/3580/368
f 1791/3584/369 1779/3585/369 1778/3586/369 1792/3587/369
f 1790/3588/370 1780/3589/370 1779/3585/370 1791/3584/370
f 1789/3590/371 1781/3591/371 1780/3589/371 1790/3588/371
f 1782/3592/357 1781/3591/357 1789/3590/357 1788/3593/357
f 1784/3594/372 1783/3595/372 1823/3596/372 1785/3597/372
f 1786/3598/37 1823/3599/37 1824/3600/37 1825/3601/37 1826/3602/37 1827/3603/37 1828/3604/37 1829/3605/37 1830/3606/37 1831/3607/37 1832/3608/37 1833/3609/37 1834/3610/37 1835/3611/37 1836/3612/37 1837/3613/37 1838/3614/37 1839/3615/37 1840/3616/37 1841/3617/37 1842/3618/37 1843/3619/37 1844/3620/37 1845/3621/37 1846/3622/37 1847/3623/37 1848/3624/37 1849/3625/37 1850/3626/37 1851/3627/37 1852/3628/37 1853/3629/37 1749/3630/37
f 1749/3631/358 1853/3632/358 1854/3633/358 1750/3634/358
f 1750/3635/39 1854/3636/39 1855/3637/39 1856/3638/39 1857/3639/39 1858/3640/39 1859/3641/39 1860/3642/39 1861/3643/39 1862/3644/39 1863/3645/39 1864/3646/39 1865/3647/39 1866/3648/39 1867/3649/39 1868/3650/39 1869/3651/39 1870/3652/39 1871/3653/39 1872/3654/39 1873/3655/39 1874/3656/39 1875/3657/39 1876/3658/39 1877/3659/39 1878/3660/39 1879/3661/39 1880/3662/39 1881/3663/39 1882/3664/39 1883/3665/39 1884/3666/39 1787/3667/39
f 1818/3668/373 1884/3669/373 1883/3670/373 1824/3671/373 1823/3596/373 1783/3595/373 1782/3672/373 1788/3673/373
f 1801/3674/374 1800/3675/374 1770/3676/374 1769/3563/374 1399/3562/374 1398/3677/374 1822/3677/374 1885/3678/374 1886/3678/374
f 1802/3679/360 1801/3674/360 1304/3680/360 1303/3681/360
f 1803/3682/359 1802/3683/359 1303/3684/359 1302/3685/359 1869/3686/359 1887/3687/359
f 1887/3687/358 1888/3688/358 1804/3689/358 1803/3682/358
f 1804/3689/357 1888/3688/357 1889/3690/357 1805/3691/357
f 1805/3691/375 1889/3690/375 1900/3692/375 1389/3693/375 1388/3694/375 1806/3695/375
f 1387/3696/376 1807/3697/376 1806/3698/376 1388/3699/376
f 1807/3697/377 1387/3696/377 1386/3700/377 1808/3701/377
f 1808/3701/378 1386/3700/378 1385/3702/378 1809/3703/378
f 1809/3704/379 1385/3705/379 1384/3706/379 1810/3707/379
f 1810/3707/380 1384/3706/380 1383/3708/380 1811/3709/380
f 1811/3709/381 1383/3708/381 1382/3710/381 1812/3711/381
f 1812/3711/382 1382/3710/382 1381/3712/382 1813/3713/382
f 1813/3713/383 1381/3712/383 1380/3714/383 1814/3715/383
f 1814/3715/384 1380/3714/384 1379/3716/384 1815/3717/384
f 1815/3717/385 1379/3716/385 1378/3718/385 1816/3719/385
f 1753/3720/386 1816/3719/386 1378/3718/386 1377/3721/386
f 1787/3722/372 1884/3669/372 1818/3668/372 1817/3723/372
f 1891/3724/37 1892/3725/37 1893/3726/37 1894/3727/37 1839/3615/37 1838/3614/37 1821/3728/37 1820/3729/37 1819/3730/37 1890/3731/37
f 1400/3560/387 1768/3561/387 1401/3560/387
f 1785/3732/37 1823/3599/37 1786/3598/37
f 1883/3670/376 1882/3733/376 1825/3734/376 1824/3671/376
f 1882/3733/377 1881/3735/377 1826/3736/377 1825/3734/377
f 1881/3735/378 1880/3737/378 1827/3738/378 1826/3736/378
f 1880/3739/379 1879/3740/379 1828/3741/379 1827/3742/379
f 1879/3740/380 1878/3743/380 1829/3744/380 1828/3741/380
f 1878/3743/388 1877/3745/388 1830/3746/388 1829/3744/388
f 1877/3745/382 1876/3747/382 1831/3748/382 1830/3746/382
f 1876/3747/389 1875/3749/389 1832/3750/389 1831/3748/389
f 1875/3749/384 1874/3751/384 1833/3752/384 1832/3750/384
f 1874/3751/385 1873/3753/385 1834/3754/385 1833/3752/385
f 1873/3753/386 1872/3755/386 1835/3756/386 1834/3754/386
f 1872/3757/375 1871/3758/375 1836/3759/375 1835/3760/375
f 1837/3761/390 1836/3759/390 1871/3758/390 1870/3762/390 1300/3763/390 1299/3764/390 1901/3764/390 1895/3765/390 1397/3765/390 1403/3766/390
f 1402/3559/391 1838/3558/391 1837/3761/391 1403/3766/391
f 1865/3767/361 1842/3768/361 1841/3769/361 1866/3770/361
f 1864/3771/362 1843/3772/362 1842/3768/362 1865/3767/362
f 1863/3773/363 1844/3774/363 1843/3772/363 1864/3771/363
f 1862/3775/364 1845/3776/364 1844/3774/364 1863/3773/364
f 1861/3777/392 1846/3778/392 1845/3776/392 1862/3775/392
f 1860/3779/366 1847/3780/366 1846/3778/366 1861/3777/366
f 1859/3781/367 1848/3782/367 1847/3780/367 1860/3779/367
f 1858/3783/368 1849/3784/368 1848/3782/368 1859/3781/368
f 1857/3785/369 1850/3786/369 1849/3787/369 1858/3788/369
f 1856/3789/370 1851/3790/370 1850/3786/370 1857/3785/370
f 1855/3791/371 1852/3792/371 1851/3790/371 1856/3789/371
f 1854/3633/357 1853/3632/357 1852/3792/357 1855/3791/357
f 1867/3793/360 1396/3794/360 1395/3795/360 1868/3796/360
f 1889/3797/39 1888/3798/39 1887/3799/39 1869/3651/39 1868/3650/39 1896/3800/39 1897/3801/39 1898/3802/39 1899/3803/39 1900/3804/39
f 1870/3762/391 1869/3686/391 1301/3685/391 1300/3763/391
f 1886/3805/393 1885/3805/393 1298/3805/393
f 1298/3678/374 1304/3680/374 1801/3674/374 1886/3678/374
f 1397/3805/37 1895/3805/37 1822/3805/37 1398/3805/37
f 1868/3796/372 1395/3795/372 1394/3806/372 1896/3807/372
f 1896/3807/394 1394/3806/394 1393/3808/394 1897/3809/394
f 1897/3809/376 1393/3808/376 1392/3810/376 1898/3811/376
f 1899/3812/377 1898/3811/377 1392/3810/377 1391/3813/377
f 1900/3692/390 1899/3814/390 1391/3815/390 1390/3816/390
f 1301/3685/395 1869/3686/395 1302/3685/395
f 1822/3817/396 1895/3818/396 1901/3819/396 1885/3820/396
f 1298/3805/397 1885/3805/397 1901/3805/397 1299/3805/397
f 1389/3693/398 1900/3692/398 1390/3816/398
f 917/3805/399 816/3805/399 817/3805/399
f 1184/3805/400 1272/3805/400 1285/3805/400 1269/3805/400
f 1269/3821/401 1285/3821/401 1284/3821/401 1295/3822/401 1248/3822/401 1270/3821/401
f 1279/3805/402 1247/3805/402 1248/3805/402 1295/3805/402
f 1905/3823/145 1903/3824/145 1902/3825/145 1904/3826/145
f 1308/2571/39 1905/2572/39 1904/2573/39 1310/2573/39 1309/2572/39
f 1906/3827/403 1907/3828/403 1908/3829/403 1909/3830/403
f 1981/3831/404 1910/3832/404 1982/3833/404 1992/3834/404 1941/3835/404 1906/3836/404 1909/3837/404 1980/3838/404
f 1911/3839/37 1912/3840/37 1913/3841/37 1914/3842/37 1915/3843/37 1916/3844/37 1917/3845/37 1918/3846/37 1919/3847/37 1920/3848/37 1921/3849/37 1922/3850/37 1923/3851/37 1924/3852/37 1925/3853/37 1926/3854/37 1927/3855/37 1928/3856/37 1929/3857/37 1930/3858/37 1931/3859/37 1932/3860/37 1933/3861/37 1934/3862/37 1935/3863/37 1936/3864/37 1937/3865/37 1938/3866/37 1939/3867/37 1940/3868/37 1907/3869/37 1906/3870/37 1941/3871/37 1942/3872/37 1943/3873/37 1944/3874/37 1945/3875/37
f 1908/3829/405 1907/3828/405 1940/3876/405 1946/3877/405
f 1909/3878/39 1908/3879/39 1946/3880/39 1947/3881/39 1948/3882/39 1949/3883/39 1950/3884/39 1951/3885/39 1952/3886/39 1953/3887/39 1954/3888/39 1955/3889/39 1956/3890/39 1957/3891/39 1958/3892/39 1959/3893/39 1960/3894/39 1961/3895/39 1962/3896/39 1963/3897/39 1964/3898/39 1965/3899/39 1966/3900/39 1967/3901/39 1968/3902/39 1969/3903/39 1970/3904/39 1971/3905/39 1972/3906/39 1973/3907/39 1974/3908/39 1975/3909/39 1976/3910/39 1977/3911/39 1978/3912/39 1979/3913/39 1980/3914/39
f 1984/3915/406 1985/3916/406 1925/3917/406 1924/3918/406
f 1926/3919/403 1925/3917/403 1985/3916/403 1986/3920/403
f 1958/3921/407 1957/3922/407 1929/3923/407 1928/3924/407 1988/3925/407 1989/3926/407 1990/3927/407 1991/3928/407
f 1956/3929/408 1930/3930/408 1929/3923/408 1957/3922/408
f 1955/3931/409 1931/3932/409 1930/3930/409 1956/3929/409
f 1954/3933/410 1932/3934/410 1931/3932/410 1955/3931/410
f 1953/3935/411 1933/3936/411 1932/3937/411 1954/3938/411
f 1952/3939/412 1934/3940/412 1933/3936/412 1953/3935/412
f 1951/3941/413 1935/3942/413 1934/3940/413 1952/3939/413
f 1950/3943/414 1936/3944/414 1935/3942/414 1951/3941/414
f 1949/3945/415 1937/3946/415 1936/3944/415 1950/3943/415
f 1948/3947/416 1938/3948/416 1937/3946/416 1949/3945/416
f 1947/3949/417 1939/3950/417 1938/3948/417 1948/3947/417
f 1946/3951/418 1940/3952/418 1939/3950/418 1947/3949/418
f 1941/3835/419 1992/3834/419 1993/3953/419 1942/3954/419
f 1942/3954/407 1993/3953/407 1994/3955/407 1943/3956/407
f 1943/3956/408 1994/3955/408 1995/3957/408 1944/3958/408
f 1944/3958/409 1995/3957/409 1983/3959/409 1945/3960/409
f 1997/3961/403 1998/3962/403 1961/3963/403 1960/3964/403
f 1962/3965/406 1961/3963/406 1998/3962/406 1999/3966/406
f 2000/3967/420 1964/3968/420 1963/3968/420 2001/3967/420
f 1964/3968/421 2000/3967/421 2002/3969/421 1965/3970/421
f 1965/3971/422 2002/3972/422 2003/3973/422 1966/3974/422
f 1966/3974/423 2003/3973/423 2004/3975/423 1967/3976/423
f 1967/3976/424 2004/3975/424 2005/3977/424 1968/3978/424
f 1968/3978/425 2005/3977/425 2006/3979/425 1969/3980/425
f 1969/3980/426 2006/3979/426 2007/3981/426 1970/3982/426
f 1970/3982/427 2007/3981/427 2008/3983/427 1971/3984/427
f 1971/3984/428 2008/3983/428 2009/3985/428 1972/3986/428
f 1972/3986/429 2009/3985/429 2010/3987/429 1973/3988/429
f 1973/3989/430 2010/3990/430 2011/3991/430 1974/3992/430
f 1975/3993/406 1974/3992/406 2011/3991/406 2012/3994/406
f 1976/3995/431 1975/3996/431 2012/3997/431 2065/3998/431 2064/3999/431 2013/4000/431
f 2013/4000/409 2014/4001/409 1977/4002/409 1976/3995/409
f 2014/4001/408 2015/4003/408 1978/4004/408 1977/4002/408
f 2015/4003/407 2016/4005/407 1979/4006/407 1978/4004/407
f 2016/4005/419 1981/3831/419 1980/3838/419 1979/4006/419
f 2017/4007/39 2018/4008/39 2019/4009/39 2020/4010/39 2021/4011/39 2022/4012/39 2023/4013/39 2024/4014/39 2025/4015/39 2026/4016/39 2027/4017/39 2028/4018/39 2029/4019/39 2030/4020/39 2031/4021/39 2032/4022/39 2033/4023/39 1996/4024/39 2034/4025/39 2035/4026/39 2036/4027/39 2037/4028/39 2038/4029/39 2039/4030/39 2040/4031/39 2041/4032/39 2042/4033/39 2043/4034/39 2044/4035/39 2045/4036/39 2046/4037/39 1910/4038/39 1981/4039/39 2016/4040/39
f 1910/3832/432 2046/4041/432 2047/4042/432 1982/3833/432
f 2050/4043/406 1985/3916/406 1984/3915/406
f 1986/4044/37 1985/4045/37 2050/4046/37
f 2052/4047/163 1928/4048/163 1927/4049/163 2051/4050/163 2105/4051/163 2104/4052/163 1987/4053/163 2053/4047/163
f 2054/4054/163 1996/4055/163 2033/4056/163 2088/4057/163 2060/4058/163 1959/4059/163 1958/4060/163 1991/4054/163
f 1928/4048/433 2052/4047/433 1988/4047/433
f 2055/4061/37 2056/4062/37 2057/4063/37 2058/4064/37 2059/4065/37 2048/4066/37 1983/4067/37 1995/4068/37 1994/4069/37 1993/4070/37 1992/4071/37
f 1959/4059/162 2060/4058/162 2062/4072/162 2063/4073/162 2001/4074/162 1963/4075/162 1962/3965/162 1999/3966/162 2061/4076/162 1997/3961/162 1960/3964/162
f 2061/4077/39 1998/4078/39 1997/4079/39
f 1999/3966/406 1998/3962/406 2061/4076/406
f 2017/4007/39 2016/4040/39 2015/4080/39 2014/4081/39 2013/4082/39 2064/4083/39 2066/4084/39 2067/4085/39 2068/4086/39 2069/4087/39
f 2017/4088/434 2070/4089/434 2071/4090/434 2018/4091/434
f 2019/4092/403 2074/4093/403 2075/4094/403 2020/4095/403
f 2020/4095/405 2075/4094/405 2076/4096/405 2021/4097/405
f 2021/4098/418 2076/4099/418 2077/4100/418 2022/4101/418
f 2022/4101/417 2077/4100/417 2078/4102/417 2023/4103/417
f 2023/4103/416 2078/4102/416 2079/4104/416 2024/4105/416
f 2024/4105/415 2079/4104/415 2080/4106/415 2025/4107/415
f 2025/4107/414 2080/4106/414 2081/4108/414 2026/4109/414
f 2026/4109/413 2081/4108/413 2082/4110/413 2027/4111/413
f 2027/4111/412 2082/4110/412 2083/4112/412 2028/4113/412
f 2028/4113/411 2083/4112/411 2084/4114/411 2029/4115/411
f 2029/4116/410 2084/4117/410 2085/4118/410 2030/4119/410
f 2030/4119/409 2085/4118/409 2086/4120/409 2031/4121/409
f 2032/4122/408 2031/4121/408 2086/4120/408 2087/4123/408
f 2032/4124/139 2087/4125/139 2104/4052/139 2105/4051/139 2114/4126/139 2112/4127/139 2088/4057/139 2033/4056/139
f 1987/4053/435 2089/4128/435 2034/4129/435 1996/4055/435 2090/4054/435 2091/4130/435 2092/4131/435 2053/4047/435
f 2035/4132/436 2034/4129/436 2089/4128/436 2093/4133/436
f 2036/4134/406 2035/4132/406 2093/4133/406 2094/4135/406
f 2037/4136/430 2036/4134/430 2094/4135/430 2095/4137/430
f 2038/4138/429 2037/4139/429 2095/4140/429 2096/4141/429
f 2039/4142/428 2038/4138/428 2096/4141/428 2097/4143/428
f 2040/4144/437 2039/4142/437 2097/4143/437 2098/4145/437
f 2041/4146/426 2040/4144/426 2098/4145/426 2099/4147/426
f 2042/4148/425 2041/4146/425 2099/4147/425 2100/4149/425
f 2043/4150/424 2042/4148/424 2100/4149/424 2101/4151/424
f 2044/4152/423 2043/4150/423 2101/4151/423 2102/4153/423
f 2045/4154/422 2044/4152/422 2102/4153/422 2103/4155/422
f 2046/4041/421 2045/4156/421 2103/4157/421 2047/4042/421
f 2055/4061/37 1992/4071/37 1982/4158/37 2047/4159/37 2103/4160/37 2102/4161/37 2101/4162/37 2100/4163/37 2099/4164/37 2098/4165/37 2097/4166/37 2096/4167/37 2095/4168/37 2094/4169/37 2093/4170/37 2089/4171/37 1987/4172/37 2104/4173/37 2087/4174/37 2086/4175/37 2085/4176/37 2084/4177/37 2083/4178/37 2082/4179/37 2081/4180/37 2080/4181/37 2079/4182/37 2078/4183/37 2077/4184/37 2076/4185/37 2075/4186/37 2074/4187/37 2073/4188/37
f 1996/4055/163 2054/4054/163 2090/4054/163
f 2062/4072/162 2106/4189/162 2063/4073/162
f 2107/4190/438 2064/3999/438 2065/3998/438
f 2069/4191/435 2108/4192/435 2070/4089/435 2017/4088/435
f 2109/4193/404 2066/4194/404 2064/3999/404 2107/4190/404
f 2110/4195/430 2067/4196/430 2066/4197/430 2109/4198/430
f 2067/4196/406 2110/4195/406 2111/4199/406 2068/4200/406
f 2068/4200/436 2111/4199/436 2108/4192/436 2069/4191/436
f 2114/4201/37 2105/4202/37 2051/4203/37 2049/4204/37 2113/4205/37 2115/4206/37 2116/4207/37 2117/4208/37 2118/4209/37 2119/4210/37 2120/4211/37
f 2112/4212/39 2121/4213/39 2122/4214/39 2123/4215/39 2124/4216/39 2125/4217/39 2126/4218/39 2062/4219/39 2060/4220/39 2088/4221/39
f 2106/4189/161 2062/4072/161 2126/4222/161 2127/4223/161
f 2114/4201/37 2120/4211/37 2128/4224/37 2129/4225/37 2130/4226/37 2131/4227/37 2132/4228/37 2133/4229/37 2134/4230/37 2135/4231/37 2136/4232/37 2137/4233/37 2138/4234/37 2139/4235/37 2140/4236/37 2141/4237/37 2142/4238/37 2143/4239/37 2144/4240/37 2145/4241/37 2146/4242/37 2147/4243/37 2148/4244/37 2149/4245/37 2150/4246/37 2151/4247/37 2152/4248/37 2153/4249/37 2154/4250/37 2155/4251/37 2156/4252/37 2157/4253/37 2158/4254/37
f 2160/4255/439 2117/4256/439 2116/4257/439 2161/4258/439
f 2162/4259/440 2118/4260/440 2117/4256/440 2160/4255/440
f 2163/4261/441 2119/4262/441 2118/4260/441 2162/4259/441
f 2164/4263/442 2120/4264/442 2119/4262/442 2163/4261/442
f 2112/4212/39 2165/4265/39 2166/4266/39 2167/4267/39 2168/4268/39 2169/4269/39 2170/4270/39 2171/4271/39 2172/4272/39 2173/4273/39 2174/4274/39 2175/4275/39 2176/4276/39 2177/4277/39 2178/4278/39 2179/4279/39 2180/4280/39 2181/4281/39 2182/4282/39 2183/4283/39 2184/4284/39 2185/4285/39 2186/4286/39 2187/4287/39 2188/4288/39 2189/4289/39 2190/4290/39 2191/4291/39 2192/4292/39 2193/4293/39 2194/4294/39 2195/4295/39 2196/4296/39 2121/4213/39
f 2122/4297/441 2121/4298/441 2197/4299/441 2198/4300/441
f 2123/4301/440 2122/4297/440 2198/4300/440 2199/4302/440
f 2124/4303/439 2123/4301/439 2199/4302/439 2200/4304/439
f 2200/4305/443 2201/4306/443 2280/4307/443 2281/4308/443 2125/4309/443 2124/4310/443
f 2127/4311/444 2126/4312/444 2125/4309/444 2202/4313/444
f 2112/4127/138 2114/4126/138 2158/4314/138 2165/4315/138
f 2203/4316/444 2249/4317/444 2250/4318/444 2196/4319/444 2195/4320/444 2128/4321/444 2120/4322/444 2164/4323/444
f 2195/4320/443 2194/4324/443 2129/4325/443 2128/4321/443
f 2194/4324/152 2193/4326/152 2130/4327/152 2129/4325/152
f 2193/4326/153 2192/4328/153 2131/4329/153 2130/4327/153
f 2192/4328/154 2191/4330/154 2132/4331/154 2131/4329/154
f 2191/4330/155 2190/4332/155 2133/4333/155 2132/4331/155
f 2190/4332/156 2189/4334/156 2134/4335/156 2133/4333/156
f 2189/4334/157 2188/4336/157 2135/4337/157 2134/4335/157
f 2188/4338/158 2187/4339/158 2136/4340/158 2135/4341/158
f 2187/4339/159 2186/4342/159 2137/4343/159 2136/4340/159
f 2186/4342/160 2185/4344/160 2138/4345/160 2137/4343/160
f 2185/4344/161 2184/4346/161 2139/4347/161 2138/4345/161
f 2184/4346/162 2183/4348/162 2140/4349/162 2139/4347/162
f 2183/4348/163 2182/4350/163 2141/4351/163 2140/4349/163
f 2182/4350/139 2181/4352/139 2142/4353/139 2141/4351/139
f 2204/4354/37 2205/4355/37 2206/4356/37 2207/4357/37 2143/4239/37 2142/4238/37 2208/4358/37 2209/4359/37 2210/4360/37 2211/4361/37
f 2179/4362/441 2144/4363/441 2143/4364/441 2180/4365/441
f 2178/4366/440 2145/4367/440 2144/4363/440 2179/4362/440
f 2177/4368/439 2146/4369/439 2145/4367/439 2178/4366/439
f 2176/4370/151 2147/4371/151 2146/4369/151 2177/4368/151
f 2175/4372/150 2148/4373/150 2147/4371/150 2176/4370/150
f 2174/4374/149 2149/4375/149 2148/4373/149 2175/4372/149
f 2173/4376/148 2150/4377/148 2149/4375/148 2174/4374/148
f 2172/4378/147 2151/4379/147 2150/4380/147 2173/4381/147
f 2171/4382/146 2152/4383/146 2151/4379/146 2172/4378/146
f 2170/4384/145 2153/4385/145 2152/4383/145 2171/4382/145
f 2169/4386/144 2154/4387/144 2153/4385/144 2170/4384/144
f 2168/4388/143 2155/4389/143 2154/4387/143 2169/4386/143
f 2167/4390/142 2156/4391/142 2155/4389/142 2168/4388/142
f 2166/4392/141 2157/4393/141 2156/4391/141 2167/4390/141
f 2165/4394/140 2158/4395/140 2157/4393/140 2166/4392/140
f 2159/4396/37 2212/4397/37 2213/4398/37 2214/4399/37 2215/4400/37 2216/4401/37 2217/4402/37 2218/4403/37 2219/4404/37 2220/4405/37 2221/4406/37 2222/4407/37 2223/4408/37 2224/4409/37 2225/4410/37 2226/4411/37 2227/4412/37 2228/4413/37 2229/4414/37 2230/4415/37 2231/4416/37 2232/4417/37 2233/4418/37 2234/4419/37 2235/4420/37 2236/4421/37 2237/4422/37 2238/4423/37 2239/4424/37 2240/4425/37 2203/4426/37 2164/4427/37 2163/4428/37 2162/4429/37 2160/4430/37 2161/4431/37
f 2241/4432/39 2242/4433/39 2243/4434/39 2181/4281/39 2180/4280/39 2244/4435/39 2245/4436/39 2246/4437/39 2247/4438/39 2248/4439/39
f 2121/4298/442 2196/4440/442 2250/4441/442 2197/4299/442
f 2249/4442/39 2251/4443/39 2252/4444/39 2253/4445/39 2254/4446/39 2255/4447/39 2256/4448/39 2257/4449/39 2258/4450/39 2259/4451/39 2260/4452/39 2261/4453/39 2262/4454/39 2263/4455/39 2264/4456/39 2265/4457/39 2266/4458/39 2267/4459/39 2268/4460/39 2269/4461/39 2270/4462/39 2271/4463/39 2272/4464/39 2273/4465/39 2274/4466/39 2275/4467/39 2276/4468/39 2277/4469/39 2278/4470/39 2279/4471/39 2201/4472/39 2200/4473/39 2199/4474/39 2198/4475/39 2197/4476/39 2250/4477/39
f 2202/4313/443 2125/4309/443 2281/4308/443
f 2283/4478/444 2207/4479/444 2206/4480/444 2284/4481/444
f 2225/4482/140 2209/4483/140 2208/4484/140 2226/4485/140
f 2210/4486/141 2209/4483/141 2225/4482/141 2224/4487/141
f 2264/4488/441 2263/4489/441 2228/4490/441 2227/4491/441
f 2262/4492/440 2229/4493/440 2228/4490/440 2263/4489/440
f 2261/4494/439 2230/4495/439 2229/4493/439 2262/4492/439
f 2260/4496/151 2231/4497/151 2230/4495/151 2261/4494/151
f 2259/4498/150 2232/4499/150 2231/4497/150 2260/4496/150
f 2258/4500/149 2233/4501/149 2232/4499/149 2259/4498/149
f 2257/4502/148 2234/4503/148 2233/4501/148 2258/4500/148
f 2256/4504/147 2235/4505/147 2234/4506/147 2257/4507/147
f 2255/4508/146 2236/4509/146 2235/4505/146 2256/4504/146
f 2254/4510/145 2237/4511/145 2236/4509/145 2255/4508/145
f 2253/4512/144 2238/4513/144 2237/4511/144 2254/4510/144
f 2252/4514/143 2239/4515/143 2238/4513/143 2253/4512/143
f 2251/4516/142 2240/4517/142 2239/4515/142 2252/4514/142
f 2203/4518/141 2240/4517/141 2251/4516/141 2249/4519/141
f 2266/4520/141 2242/4521/141 2241/4522/141 2267/4523/141
f 2243/4524/140 2242/4521/140 2266/4520/140 2265/4525/140
f 2244/4526/444 2287/4527/444 2288/4528/444 2245/4529/444
f 2247/4530/152 2246/4531/152 2290/4532/152 2291/4533/152
f 2248/4534/163 2247/4535/163 2291/4536/163 2292/4537/163
f 2267/4538/162 2241/4539/162 2248/4534/162 2338/4540/162 2294/4541/162 2268/4542/162
f 2293/4543/443 2269/4544/443 2268/4545/443 2294/4546/443
f 2269/4544/152 2293/4543/152 2295/4547/152 2270/4548/152
f 2270/4548/153 2295/4547/153 2296/4549/153 2271/4550/153
f 2271/4550/154 2296/4549/154 2297/4551/154 2272/4552/154
f 2272/4552/155 2297/4551/155 2298/4553/155 2273/4554/155
f 2273/4554/156 2298/4553/156 2299/4555/156 2274/4556/156
f 2274/4556/157 2299/4555/157 2300/4557/157 2275/4558/157
f 2275/4559/158 2300/4560/158 2301/4561/158 2276/4562/158
f 2276/4562/159 2301/4561/159 2302/4563/159 2277/4564/159
f 2277/4564/160 2302/4563/160 2303/4565/160 2278/4566/160
f 2278/4566/161 2303/4565/161 2304/4567/161 2279/4568/161
f 2201/4569/162 2279/4568/162 2304/4567/162 2280/4570/162
f 2264/4571/138 2227/4572/138 2226/4573/138 2208/4574/138 2142/4353/138 2181/4352/138 2243/4575/138 2265/4576/138
f 2282/4577/37 2305/4578/37 2306/4579/37 2307/4580/37 2308/4581/37 2309/4582/37 2310/4583/37 2311/4584/37 2312/4585/37 2313/4586/37 2314/4587/37 2315/4588/37 2316/4589/37 2317/4590/37 2318/4591/37 2319/4592/37 2320/4593/37 2321/4594/37 2322/4595/37 2323/4596/37 2324/4597/37 2325/4598/37 2326/4599/37 2327/4600/37 2328/4601/37 2329/4602/37 2330/4603/37 2331/4604/37 2332/4605/37 2333/4606/37 2334/4607/37 2335/4608/37 2283/4609/37 2284/4610/37
f 2286/4611/442 2339/4612/442 2369/4613/442 2287/4613/442 2244/4614/442 2180/4365/442 2143/4364/442 2207/4615/442 2283/4616/442 2335/4616/442 2336/4617/442 2337/4618/442 2285/4619/442
f 2340/4620/39 2341/4621/39 2342/4622/39 2343/4623/39 2344/4624/39 2345/4625/39 2346/4626/39 2347/4627/39 2348/4628/39 2349/4629/39 2350/4630/39 2351/4631/39 2352/4632/39 2353/4633/39 2354/4634/39 2355/4635/39 2356/4636/39 2357/4637/39 2358/4638/39 2359/4639/39 2360/4640/39 2361/4641/39 2362/4642/39 2363/4643/39 2364/4644/39 2365/4645/39 2366/4646/39 2367/4647/39 2368/4648/39 2289/4649/39 2288/4650/39 2287/4651/39 2369/4652/39 2370/4653/39
f 2372/4654/443 2246/4531/443 2245/4529/443 2288/4528/443 2289/4655/443 2371/4656/443
f 2290/4532/443 2246/4531/443 2372/4654/443
f 2248/4534/162 2292/4537/162 2338/4540/162
f 2373/4657/445 2374/4658/445 2317/4659/445 2316/4660/445
f 2317/4659/446 2374/4658/446 2375/4661/446 2318/4662/446
f 2318/4662/447 2375/4661/447 2395/4663/447 2466/4664/447 2462/4665/447 2319/4666/447
f 2354/4667/448 2353/4668/448 2320/4669/448 2319/4670/448 2376/4671/448 2377/4672/448 2378/4673/448 2379/4674/448
f 2352/4675/449 2321/4676/449 2320/4669/449 2353/4668/449
f 2351/4677/450 2322/4678/450 2321/4679/450 2352/4680/450
f 2350/4681/451 2323/4682/451 2322/4678/451 2351/4677/451
f 2349/4683/452 2324/4684/452 2323/4682/452 2350/4681/452
f 2348/4685/453 2325/4686/453 2324/4684/453 2349/4683/453
f 2347/4687/454 2326/4688/454 2325/4686/454 2348/4685/454
f 2346/4689/455 2327/4690/455 2326/4688/455 2347/4687/455
f 2345/4691/456 2328/4692/456 2327/4690/456 2346/4689/456
f 2344/4693/457 2329/4694/457 2328/4692/457 2345/4691/457
f 2343/4695/458 2330/4696/458 2329/4697/458 2344/4698/458
f 2342/4699/459 2331/4700/459 2330/4696/459 2343/4695/459
f 2341/4701/460 2332/4702/460 2331/4700/460 2342/4699/460
f 2333/4703/445 2332/4702/445 2341/4701/445 2340/4704/445
f 2333/4705/461 2340/4706/461 2370/4707/461 2441/4708/461 2440/4709/461 2381/4710/461 2380/4711/461 2334/4712/461
f 2335/4713/462 2334/4712/462 2380/4711/462 2336/4714/462
f 2337/4715/37 2380/4716/37 2381/4717/37 2382/4718/37 2383/4719/37 2384/4720/37 2385/4721/37 2386/4722/37 2387/4723/37 2388/4724/37 2389/4725/37 2390/4726/37 2391/4727/37 2392/4728/37 2393/4729/37 2394/4730/37 2395/4731/37 2396/4732/37 2397/4733/37 2398/4734/37 2399/4735/37 2400/4736/37 2401/4737/37 2402/4738/37 2403/4739/37 2404/4740/37 2405/4741/37 2406/4742/37 2407/4743/37 2408/4744/37 2409/4745/37 2410/4746/37 2285/4747/37
f 2285/4748/446 2410/4749/446 2411/4750/446 2286/4751/446
f 2286/4752/39 2411/4753/39 2412/4754/39 2413/4755/39 2414/4756/39 2415/4757/39 2416/4758/39 2417/4759/39 2418/4760/39 2419/4761/39 2420/4762/39 2421/4763/39 2422/4764/39 2423/4765/39 2424/4766/39 2425/4767/39 2426/4768/39 2427/4769/39 2428/4770/39 2429/4771/39 2430/4772/39 2431/4773/39 2432/4774/39 2433/4775/39 2434/4776/39 2435/4777/39 2436/4778/39 2437/4779/39 2438/4780/39 2439/4781/39 2440/4782/39 2441/4783/39 2339/4784/39
f 2442/4785/446 2443/4786/446 2356/4787/446 2355/4788/446
f 2356/4787/445 2443/4786/445 2444/4789/445 2357/4790/445
f 2357/4791/463 2444/4792/463 2473/4793/463 2474/4794/463 2446/4795/463 2358/4796/463
f 2445/4797/464 2359/4798/464 2358/4799/464 2446/4800/464
f 2359/4798/465 2445/4797/465 2447/4801/465 2360/4802/465
f 2360/4802/466 2447/4801/466 2448/4803/466 2361/4804/466
f 2361/4804/467 2448/4803/467 2449/4805/467 2362/4806/467
f 2362/4807/468 2449/4808/468 2450/4809/468 2363/4810/468
f 2363/4810/469 2450/4809/469 2451/4811/469 2364/4812/469
f 2364/4812/470 2451/4811/470 2452/4813/470 2365/4814/470
f 2365/4814/471 2452/4813/471 2453/4815/471 2366/4816/471
f 2366/4816/472 2453/4815/472 2454/4817/472 2367/4818/472
f 2367/4818/473 2454/4817/473 2455/4819/473 2368/4820/473
f 2289/4821/474 2368/4820/474 2455/4819/474 2371/4822/474
f 2339/4823/475 2441/4708/475 2370/4707/475 2369/4824/475
f 2457/4825/37 2458/4826/37 2459/4827/37 2460/4828/37 2396/4732/37 2395/4731/37 2375/4829/37 2374/4830/37 2373/4831/37 2456/4832/37
f 2461/4833/447 2426/4834/447 2442/4785/447 2355/4788/447 2354/4835/447 2379/4836/447
f 2376/4665/476 2319/4666/476 2462/4665/476
f 2336/4837/37 2380/4716/37 2337/4715/37
f 2440/4709/464 2439/4838/464 2382/4839/464 2381/4710/464
f 2439/4838/465 2438/4840/465 2383/4841/465 2382/4839/465
f 2438/4840/466 2437/4842/466 2384/4843/466 2383/4841/466
f 2437/4842/467 2436/4844/467 2385/4845/467 2384/4843/467
f 2436/4846/468 2435/4847/468 2386/4848/468 2385/4849/468
f 2435/4847/469 2434/4850/469 2387/4851/469 2386/4848/469
f 2434/4850/470 2433/4852/470 2388/4853/470 2387/4851/470
f 2433/4852/471 2432/4854/471 2389/4855/471 2388/4853/471
f 2432/4854/472 2431/4856/472 2390/4857/472 2389/4855/472
f 2431/4856/473 2430/4858/473 2391/4859/473 2390/4857/473
f 2430/4858/477 2429/4860/477 2392/4861/477 2391/4859/477
f 2429/4860/463 2428/4862/463 2393/4863/463 2392/4861/463
f 2428/4864/478 2427/4865/478 2394/4866/478 2393/4867/478
f 2427/4865/479 2426/4834/479 2463/4833/479 2464/4868/479 2465/4869/479 2466/4664/479 2395/4663/479 2394/4866/479
f 2423/4870/449 2398/4871/449 2397/4872/449 2424/4873/449
f 2422/4874/450 2399/4875/450 2398/4876/450 2423/4877/450
f 2421/4878/451 2400/4879/451 2399/4875/451 2422/4874/451
f 2420/4880/452 2401/4881/452 2400/4879/452 2421/4878/452
f 2419/4882/453 2402/4883/453 2401/4881/453 2420/4880/453
f 2418/4884/454 2403/4885/454 2402/4883/454 2419/4882/454
f 2417/4886/455 2404/4887/455 2403/4885/455 2418/4884/455
f 2416/4888/456 2405/4889/456 2404/4887/456 2417/4886/456
f 2415/4890/457 2406/4891/457 2405/4889/457 2416/4888/457
f 2414/4892/458 2407/4893/458 2406/4894/458 2415/4895/458
f 2413/4896/459 2408/4897/459 2407/4893/459 2414/4892/459
f 2412/4898/460 2409/4899/460 2408/4897/460 2413/4896/460
f 2411/4750/445 2410/4749/445 2409/4899/445 2412/4898/445
f 2444/4900/39 2443/4901/39 2442/4902/39 2426/4768/39 2425/4767/39 2469/4903/39 2470/4904/39 2471/4905/39 2472/4906/39 2473/4907/39
f 2463/4833/480 2426/4834/480 2461/4833/480
f 2425/4908/475 2468/4909/475 2475/4910/475 2469/4911/475
f 2469/4911/461 2475/4910/461 2476/4912/461 2470/4913/461
f 2470/4913/464 2476/4912/464 2477/4914/464 2471/4915/464
f 2472/4916/465 2471/4915/465 2477/4914/465 2478/4917/465
f 2473/4918/478 2472/4919/478 2478/4920/478 2479/4921/478
f 2474/4794/481 2473/4793/481 2479/4922/481
f 2480/4923/39 2481/4924/39 2482/4925/39 2483/4926/39 2484/4927/39 2072/4928/39 2071/4929/39 2070/4930/39 2108/4931/39 2111/4932/39 2110/4933/39 2109/4934/39 2107/4935/39 2065/4936/39 2012/4937/39 2011/4938/39 2010/4939/39 2009/4940/39 2008/4941/39 2007/4942/39 2006/4943/39 2005/4944/39 2004/4945/39 2003/4946/39 2002/4947/39 2000/4948/39 2001/4949/39 2063/4950/39 2106/4951/39 2127/4952/39 2202/4953/39 2281/4954/39 2280/4955/39 2304/4956/39 2303/4957/39 2302/4958/39 2301/4959/39 2300/4960/39 2299/4961/39 2298/4962/39 2297/4963/39 2296/4964/39 2295/4965/39 2293/4966/39 2294/4967/39 2338/4968/39 2292/4969/39 2291/4970/39 2290/4971/39 2372/4972/39 2371/4973/39 2455/4974/39 2454/4975/39 2453/4976/39 2452/4977/39 2451/4978/39 2450/4979/39 2449/4980/39 2448/4981/39 2447/4982/39 2445/4983/39 2446/4984/39 2474/4985/39 2479/4986/39 2478/4987/39 2477/4988/39 2476/4989/39 2475/4990/39 2468/4991/39 2467/4992/39 2485/4993/39 2486/4994/39 2487/4995/39 2488/4996/39 2489/4997/39 2490/4998/39 2491/4999/39 2492/5000/39 2493/5001/39 2494/5002/39 2495/5003/39 2496/5004/39 2497/5005/39 2498/5006/39 2499/5007/39 2500/5008/39 2501/5009/39 2502/5010/39 2503/5011/39 2504/5012/39
f 1989/5013/482 2092/5013/482 2091/5014/482 1990/5014/482
f 2092/5015/37 1989/5015/37 1988/5016/37 2052/5016/37 2053/5016/37
f 1990/5017/39 2091/5017/39 2090/5018/39 2054/5018/39 1991/5018/39
f 2377/5019/483 2465/5019/483 2464/5020/483 2378/5020/483
f 2465/5021/37 2377/5021/37 2376/5022/37 2462/5022/37 2466/5023/37
f 2378/5024/39 2464/5024/39 2463/5025/39 2461/5025/39 2379/5026/39
l 913 868
l 867 866
l 864 865
