# Blender v2.75 (sub 0) OBJ File: 'cactus_bi.blend'
# www.blender.org
mtllib cactus_bi.mtl
o Circle
v -0.032539 1.048984 -0.106261
v -0.010981 1.049149 -0.110474
v -0.032238 1.467198 -0.104976
v -0.010880 1.467393 -0.109117
v -0.032484 0.672316 -0.106415
v -0.031963 0.361120 -0.105009
v -0.010962 0.672436 -0.110668
v -0.010786 0.361192 -0.109243
v -0.052806 0.672110 -0.098183
v -0.071127 0.671849 -0.086248
v -0.051957 0.360996 -0.096836
v -0.069980 0.360840 -0.085016
v -0.052897 1.048698 -0.098088
v -0.052409 1.466862 -0.096930
v -0.071253 1.048338 -0.086210
v -0.070600 1.466438 -0.085216
v -0.098800 0.671296 -0.052642
v -0.097191 0.360513 -0.051861
v -0.086648 0.671567 -0.070884
v -0.085244 0.360673 -0.069841
v -0.107249 0.671062 -0.032345
v -0.111660 0.670895 -0.010818
v -0.105491 0.360377 -0.031878
v -0.109817 0.360280 -0.010696
v -0.107470 1.047243 -0.032320
v -0.106512 1.465144 -0.031907
v -0.111904 1.047010 -0.010761
v -0.110916 1.464869 -0.010556
v -0.098993 1.047569 -0.052637
v -0.086808 1.047947 -0.070878
v -0.098101 1.465529 -0.052022
v -0.086019 1.465977 -0.070068
v -0.107360 0.670851 0.032636
v -0.105557 0.360258 0.032058
v -0.111699 0.670823 0.011113
v -0.109840 0.360240 0.010882
v -0.098969 0.670960 0.052945
v -0.086850 0.671130 0.071236
v -0.097291 0.360324 0.052044
v -0.085364 0.360424 0.070049
v -0.099226 1.047104 0.053096
v -0.098376 1.465002 0.052674
v -0.087088 1.047350 0.071403
v -0.086348 1.465315 0.070784
v -0.107623 1.046949 0.032762
v -0.111957 1.046909 0.011207
v -0.106692 1.464805 0.032545
v -0.110979 1.464753 0.011201
v -0.052976 0.671565 0.098790
v -0.052058 0.360676 0.097192
v -0.071329 0.671342 0.086705
v -0.070100 0.360548 0.085283
v -0.032605 0.671752 0.107171
v -0.011030 0.671858 0.111526
v -0.032035 0.360783 0.105453
v -0.010826 0.360844 0.109747
v -0.032707 1.048271 0.107318
v -0.032436 1.466535 0.106239
v -0.011075 1.048432 0.111664
v -0.010991 1.466754 0.110519
v -0.053133 1.047991 0.098951
v -0.071533 1.047661 0.086875
v -0.052687 1.466160 0.097991
v -0.070930 1.465721 0.086074
v 0.032482 0.671696 0.107196
v 0.031962 0.360751 0.105469
v 0.010934 0.671839 0.111535
v 0.010770 0.360833 0.109753
v 0.052818 0.671480 0.098829
v 0.071144 0.671241 0.086751
v 0.051965 0.360627 0.097214
v 0.069991 0.360489 0.085310
v 0.052913 1.047873 0.099005
v 0.052429 1.466020 0.098056
v 0.071276 1.047520 0.086939
v 0.070628 1.465554 0.086150
v 0.032536 1.048194 0.107354
v 0.010942 1.048405 0.111677
v 0.032235 1.466444 0.106281
v 0.010833 1.466723 0.110534
v 0.098811 0.670875 0.052980
v 0.097198 0.360274 0.052064
v 0.086664 0.671029 0.071280
v 0.085255 0.360365 0.070074
v 0.107246 0.670790 0.032658
v 0.111630 0.670788 0.011123
v 0.105490 0.360223 0.032070
v 0.109800 0.360220 0.010886
v 0.107466 1.046863 0.032794
v 0.106509 1.464703 0.032584
v 0.111862 1.046859 0.011221
v 0.110870 1.464693 0.011219
v 0.099008 1.046985 0.053147
v 0.086831 1.047209 0.071466
v 0.098121 1.464860 0.052734
v 0.086046 1.465148 0.070859
v 0.107233 0.671058 -0.032349
v 0.105482 0.360376 -0.031881
v 0.111626 0.670879 -0.010818
v 0.109797 0.360272 -0.010697
v 0.098792 0.671297 -0.052646
v 0.086641 0.671570 -0.070887
v 0.097186 0.360515 -0.051864
v 0.085241 0.360676 -0.069844
v 0.098982 1.047570 -0.052641
v 0.098089 1.465529 -0.052026
v 0.086799 1.047950 -0.070881
v 0.086008 1.465979 -0.070072
v 0.107448 1.047236 -0.032323
v 0.111856 1.046987 -0.010759
v 0.106488 1.465135 -0.031910
v 0.110863 1.464842 -0.010552
v 0.052801 0.672112 -0.098184
v 0.051954 0.360998 -0.096837
v 0.071121 0.671852 -0.086250
v 0.069977 0.360843 -0.085017
v 0.032480 0.672318 -0.106415
v 0.010959 0.672437 -0.110668
v 0.031960 0.361121 -0.105010
v 0.010784 0.361193 -0.109243
v 0.032533 1.048985 -0.106261
v 0.032231 1.467200 -0.104976
v 0.010976 1.049149 -0.110474
v 0.010874 1.467393 -0.109117
v 0.052889 1.048700 -0.098089
v 0.071245 1.048340 -0.086211
v 0.052400 1.466864 -0.096931
v 0.070589 1.466440 -0.085217
v -0.022752 1.528083 -0.108593
v -0.017502 1.516274 -0.098379
v -0.030722 1.522830 -0.108625
v -0.023576 1.512235 -0.098358
v -0.013930 1.531723 -0.108565
v -0.004597 1.533613 -0.108551
v -0.010773 1.519071 -0.098385
v -0.003652 1.520523 -0.098388
v -0.016293 1.550048 -0.126265
v -0.004586 1.552363 -0.126133
v -0.027365 1.545589 -0.126520
v -0.037377 1.539153 -0.126888
v 0.014235 1.531733 -0.108591
v 0.010717 1.519085 -0.098421
v 0.004905 1.533616 -0.108559
v 0.003599 1.520528 -0.098400
v 0.023054 1.528099 -0.108636
v 0.031021 1.522849 -0.108687
v 0.017441 1.516296 -0.098439
v 0.023511 1.512262 -0.098444
v 0.030110 1.545598 -0.126546
v 0.040120 1.539165 -0.126924
v 0.019040 1.550054 -0.126280
v 0.007334 1.552365 -0.126138
v 0.023206 1.441539 -0.108381
v 0.017295 1.449932 -0.096968
v 0.031204 1.446864 -0.108281
v 0.023335 1.453959 -0.096902
v 0.014335 1.437855 -0.108505
v 0.004937 1.435946 -0.108591
v 0.010620 1.447160 -0.097090
v 0.003562 1.445732 -0.097183
v 0.019378 1.434623 -0.132722
v 0.007450 1.432239 -0.132912
v 0.030625 1.439210 -0.132381
v 0.040739 1.445818 -0.131938
v 0.046958 1.470749 -0.108484
v 0.035424 1.472198 -0.097499
v 0.048856 1.480234 -0.108623
v 0.036938 1.479476 -0.097813
v 0.043282 1.461780 -0.108351
v 0.037980 1.453696 -0.108268
v 0.032563 1.465329 -0.097197
v 0.028489 1.459154 -0.096975
v 0.055891 1.464233 -0.130919
v 0.049265 1.454265 -0.131443
v 0.060444 1.475270 -0.130368
v 0.062748 1.486925 -0.129788
v 0.043130 1.508150 -0.108762
v 0.032710 1.500949 -0.098363
v 0.037797 1.516120 -0.108732
v 0.028665 1.507085 -0.098423
v 0.046858 1.499284 -0.108763
v 0.048821 1.489864 -0.108721
v 0.035520 1.494124 -0.098252
v 0.036972 1.486877 -0.098073
v 0.060105 1.510294 -0.128560
v 0.062630 1.498744 -0.129180
v 0.055376 1.521158 -0.127957
v 0.048646 1.530921 -0.127401
v -0.046555 1.499266 -0.108646
v -0.035580 1.494099 -0.098091
v -0.048518 1.489851 -0.108592
v -0.037031 1.486859 -0.097895
v -0.042829 1.508130 -0.108662
v -0.037497 1.516099 -0.108651
v -0.032773 1.500921 -0.098225
v -0.028730 1.507055 -0.098311
v -0.052632 1.521146 -0.127897
v -0.045904 1.530908 -0.127354
v -0.057360 1.510283 -0.128490
v -0.059885 1.498736 -0.129104
v -0.042993 1.461789 -0.108228
v -0.032643 1.465341 -0.097026
v -0.037695 1.453710 -0.108159
v -0.028574 1.459174 -0.096825
v -0.046664 1.470751 -0.108352
v -0.048555 1.480227 -0.108488
v -0.035495 1.472200 -0.097316
v -0.037001 1.479467 -0.097628
v -0.057703 1.475271 -0.130289
v -0.060004 1.486921 -0.129708
v -0.053155 1.464238 -0.130846
v -0.046531 1.454273 -0.131378
v -0.014039 1.437864 -0.108463
v -0.010689 1.447173 -0.097032
v -0.004637 1.435950 -0.108577
v -0.003626 1.445736 -0.097163
v -0.022916 1.441553 -0.108314
v -0.030919 1.446881 -0.108191
v -0.017373 1.449951 -0.096875
v -0.023420 1.453982 -0.096778
v -0.027888 1.439218 -0.132341
v -0.038004 1.445828 -0.131885
v -0.016637 1.434629 -0.132697
v -0.004706 1.432241 -0.132904
v -0.016016 1.453351 -0.193112
v -0.001625 1.450647 -0.193758
v -0.029573 1.458543 -0.191889
v -0.041740 1.466004 -0.190156
v -0.025645 1.512744 -0.285109
v -0.038944 1.519796 -0.281085
v -0.010806 1.507833 -0.287917
v 0.004957 1.505275 -0.289386
v -0.059858 1.486721 -0.185446
v -0.051960 1.475518 -0.187979
v -0.065241 1.499107 -0.182667
v -0.067915 1.512166 -0.179752
v -0.064485 1.551021 -0.263382
v -0.067332 1.563311 -0.256456
v -0.058670 1.539350 -0.269981
v -0.050089 1.528780 -0.275975
v -0.064589 1.538295 -0.173952
v -0.067688 1.525390 -0.176812
v -0.058866 1.550421 -0.171274
v -0.050769 1.561307 -0.168879
v -0.057257 1.599202 -0.236400
v -0.048394 1.609385 -0.230756
v -0.063556 1.587843 -0.242721
v -0.067009 1.575737 -0.249484
v 0.070285 1.550427 -0.171296
v 0.062188 1.561313 -0.168896
v 0.076008 1.538301 -0.173977
v 0.079108 1.525395 -0.176840
v 0.089530 1.587877 -0.242729
v 0.092983 1.575772 -0.249491
v 0.083231 1.599233 -0.236409
v 0.074368 1.609411 -0.230765
v 0.076659 1.499109 -0.182696
v 0.079335 1.512169 -0.179781
v 0.071275 1.486722 -0.185473
v 0.063376 1.475516 -0.188003
v 0.084647 1.539381 -0.269984
v 0.076068 1.528808 -0.275978
v 0.090461 1.551055 -0.263386
v 0.093306 1.563346 -0.256462
v 0.040991 1.458541 -0.191904
v 0.053157 1.466002 -0.190176
v 0.027435 1.453350 -0.193121
v 0.013044 1.450646 -0.193761
v 0.036789 1.507844 -0.287918
v 0.021027 1.505278 -0.289386
v 0.051626 1.512761 -0.285109
v 0.064925 1.519819 -0.281087
v 0.026784 1.582620 -0.164245
v 0.012819 1.585190 -0.163689
v 0.040001 1.577662 -0.165320
v 0.051969 1.570499 -0.166882
v 0.050210 1.624658 -0.222358
v 0.063225 1.617985 -0.226029
v 0.035857 1.629269 -0.219831
v 0.020702 1.631653 -0.218528
v -0.028581 1.577658 -0.165311
v -0.040550 1.570493 -0.166868
v -0.015364 1.582618 -0.164239
v -0.001397 1.585189 -0.163687
v -0.009878 1.629259 -0.219828
v 0.005278 1.631650 -0.218527
v -0.024232 1.624642 -0.222352
v -0.037249 1.617963 -0.226021
v -0.018676 1.681960 -0.275356
v -0.031880 1.676952 -0.281186
v -0.004119 1.685420 -0.271334
v 0.011249 1.687215 -0.269256
v -0.002623 1.769413 -0.305229
v 0.012728 1.770461 -0.302578
v -0.017156 1.767419 -0.310348
v -0.030320 1.764544 -0.317741
v 0.042249 1.685462 -0.271347
v 0.026885 1.687230 -0.269261
v 0.056800 1.682029 -0.275377
v 0.069997 1.677047 -0.281212
v 0.058215 1.767579 -0.310389
v 0.071366 1.764760 -0.317791
v 0.043694 1.769512 -0.305256
v 0.028350 1.770494 -0.302587
v 0.058389 1.597854 -0.374308
v 0.071903 1.603186 -0.367976
v 0.043295 1.594134 -0.378731
v 0.027254 1.592187 -0.381044
v 0.044700 1.717730 -0.440118
v 0.028710 1.716611 -0.443027
v 0.059738 1.719846 -0.434562
v 0.073191 1.722870 -0.426618
v 0.097746 1.626755 -0.340127
v 0.100592 1.636016 -0.329230
v 0.091885 1.617952 -0.350508
v 0.083206 1.609973 -0.359936
v 0.093036 1.731235 -0.404746
v 0.084426 1.726715 -0.416546
v 0.098840 1.736223 -0.391757
v 0.101659 1.741473 -0.378119
v 0.090298 1.662997 -0.297631
v 0.081301 1.670630 -0.288714
v 0.096703 1.654469 -0.307599
v 0.100229 1.645369 -0.318254
v 0.097841 1.751947 -0.351010
v 0.101311 1.746780 -0.364371
v 0.091516 1.756789 -0.338491
v 0.082602 1.761122 -0.327267
v -0.058596 1.654324 -0.307582
v -0.062121 1.645215 -0.318243
v -0.052190 1.662864 -0.297608
v -0.043189 1.670514 -0.288687
v -0.050487 1.756484 -0.338445
v -0.041566 1.760857 -0.327215
v -0.056814 1.751612 -0.350975
v -0.060281 1.746429 -0.364348
v -0.053761 1.617812 -0.350510
v -0.045074 1.609850 -0.359941
v -0.059628 1.626605 -0.340126
v -0.062480 1.635861 -0.329224
v -0.057790 1.735879 -0.391754
v -0.060621 1.741119 -0.378107
v -0.051972 1.730916 -0.404750
v -0.043348 1.726433 -0.416554
v -0.005148 1.594087 -0.378734
v 0.010895 1.592171 -0.381045
v -0.020245 1.597777 -0.374313
v -0.033764 1.603084 -0.367982
v -0.018637 1.719672 -0.434570
v -0.032101 1.722637 -0.426627
v -0.003592 1.717623 -0.440123
v 0.012401 1.716574 -0.443029
v -0.008609 1.933554 -0.477637
v 0.007589 1.933217 -0.480937
v -0.023841 1.934255 -0.471338
v -0.037460 1.935296 -0.462342
v -0.032288 2.206898 -0.490289
v -0.045936 2.207073 -0.480904
v -0.017011 2.206800 -0.496866
v -0.000757 2.206777 -0.500317
v -0.057516 1.938273 -0.437614
v -0.048821 1.936651 -0.450950
v -0.063376 1.940087 -0.422940
v -0.066228 1.942022 -0.407531
v -0.071831 2.208005 -0.439875
v -0.074662 2.208415 -0.423847
v -0.065991 2.207636 -0.455146
v -0.057306 2.207321 -0.469031
v -0.062442 1.945964 -0.376880
v -0.065903 1.944006 -0.391991
v -0.056096 1.947823 -0.362708
v -0.047117 1.949506 -0.349987
v -0.064512 2.209740 -0.377260
v -0.055531 2.210152 -0.364037
v -0.070858 2.209300 -0.391987
v -0.074324 2.208852 -0.407692
v 0.087722 1.948284 -0.362748
v 0.078746 1.949908 -0.350033
v 0.094070 1.946468 -0.376911
v 0.097536 1.944534 -0.392013
v 0.085921 2.209826 -0.391992
v 0.089393 2.209401 -0.407699
v 0.079567 2.210223 -0.377264
v 0.070580 2.210574 -0.364041
v 0.095029 1.940601 -0.422948
v 0.097870 1.942554 -0.407544
v 0.089182 1.938750 -0.437619
v 0.080499 1.937073 -0.450953
v 0.081073 2.208129 -0.455165
v 0.072387 2.207756 -0.469054
v 0.086910 2.208538 -0.439889
v 0.089737 2.208966 -0.423857
v 0.055534 1.934514 -0.471340
v 0.069147 1.935643 -0.462344
v 0.040307 1.933713 -0.477638
v 0.024110 1.933271 -0.480937
v 0.032081 2.206964 -0.496878
v 0.015824 2.206833 -0.500321
v 0.047362 2.207165 -0.490307
v 0.061014 2.207431 -0.480926
v 0.039339 1.953022 -0.324987
v 0.023762 1.953363 -0.321934
v 0.054070 1.952315 -0.330847
v 0.067393 1.951268 -0.339274
v 0.045853 2.211074 -0.344080
v 0.059207 2.210862 -0.352850
v 0.031086 2.211203 -0.337982
v 0.015470 2.211244 -0.334807
v -0.022425 1.952072 -0.330810
v -0.035758 1.950940 -0.339230
v -0.007684 1.952873 -0.324963
v 0.007899 1.953313 -0.321926
v -0.016045 2.211046 -0.337979
v -0.000429 2.211191 -0.334806
v -0.030811 2.210817 -0.344076
v -0.044162 2.210516 -0.352846
v -0.033000 2.394750 -0.356427
v -0.045160 2.394657 -0.364456
v -0.019554 2.394829 -0.350845
v -0.005336 2.394887 -0.347938
v 0.023362 2.394936 -0.350836
v 0.009141 2.394923 -0.347934
v 0.036814 2.394925 -0.356413
v 0.048982 2.394892 -0.364439
v 0.038267 2.394000 -0.490520
v 0.050725 2.394081 -0.481901
v 0.024318 2.393932 -0.496558
v 0.009477 2.393879 -0.499722
v 0.074315 2.394374 -0.444220
v 0.076876 2.394479 -0.429509
v 0.069007 2.394271 -0.458243
v 0.061095 2.394172 -0.470997
v 0.067555 2.394765 -0.386795
v 0.059353 2.394838 -0.374684
v 0.073361 2.394678 -0.400291
v 0.076544 2.394581 -0.414689
v -0.069514 2.394324 -0.400301
v -0.072692 2.394212 -0.414692
v -0.063716 2.394439 -0.386810
v -0.055522 2.394551 -0.374702
v -0.065158 2.393941 -0.458223
v -0.057253 2.393881 -0.470972
v -0.070462 2.394017 -0.444208
v -0.073021 2.394108 -0.429505
v -0.020499 2.393822 -0.496545
v -0.005661 2.393842 -0.499718
v -0.034441 2.393822 -0.490500
v -0.046890 2.393842 -0.481877
v -0.014297 2.491577 -0.472267
v -0.018281 2.466931 -0.485759
v -0.004818 2.491580 -0.474296
v -0.005981 2.466941 -0.488394
v -0.023206 2.491575 -0.468391
v -0.031155 2.491575 -0.462861
v -0.029838 2.466926 -0.480737
v -0.040156 2.466926 -0.473572
v -0.042776 2.491579 -0.447692
v -0.055284 2.466944 -0.453917
v -0.037757 2.491576 -0.455867
v -0.048740 2.466932 -0.464511
v -0.046126 2.491583 -0.438705
v -0.047721 2.491589 -0.429279
v -0.059670 2.466961 -0.442272
v -0.061780 2.466983 -0.430058
v -0.045422 2.491602 -0.410560
v -0.058851 2.467038 -0.405811
v -0.047477 2.491595 -0.419784
v -0.061495 2.467009 -0.417758
v -0.041706 2.491609 -0.401913
v -0.036473 2.491616 -0.394150
v -0.054037 2.467069 -0.394616
v -0.047244 2.467100 -0.384570
v 0.041886 2.491643 -0.401816
v 0.054640 2.467204 -0.394606
v 0.036669 2.491645 -0.394069
v 0.047842 2.467219 -0.384559
v 0.045574 2.491640 -0.410452
v 0.047590 2.491636 -0.419671
v 0.059457 2.467184 -0.405805
v 0.062104 2.467161 -0.417755
v 0.046160 2.491626 -0.438602
v 0.060279 2.467108 -0.442278
v 0.047794 2.491631 -0.429168
v 0.062389 2.467136 -0.430060
v 0.042777 2.491619 -0.447601
v 0.037739 2.491612 -0.455792
v 0.055890 2.467080 -0.453926
v 0.049342 2.467052 -0.464523
v 0.023200 2.491598 -0.468350
v 0.030431 2.466999 -0.480747
v 0.031135 2.491605 -0.462803
v 0.040753 2.467024 -0.473584
v 0.014311 2.491591 -0.472242
v 0.004846 2.491585 -0.474288
v 0.018871 2.466976 -0.485766
v 0.006568 2.466956 -0.488396
v 0.013738 2.491644 -0.378816
v 0.018049 2.467229 -0.364783
v 0.004678 2.491642 -0.376964
v 0.006281 2.467220 -0.362377
v 0.022310 2.491645 -0.382382
v 0.030065 2.491645 -0.387515
v 0.029181 2.467232 -0.369407
v 0.039253 2.467228 -0.376062
v -0.022133 2.491628 -0.382429
v -0.028591 2.467160 -0.369415
v -0.029871 2.491622 -0.387580
v -0.038659 2.467131 -0.376072
v -0.013582 2.491634 -0.378844
v -0.004538 2.491638 -0.376973
v -0.017462 2.467185 -0.364788
v -0.005697 2.467205 -0.362379
v -0.015237 2.502406 -0.395224
v -0.020614 2.502410 -0.398961
v -0.009308 2.502396 -0.392587
v -0.003030 2.502385 -0.391177
v -0.006245 2.506204 -0.400697
v -0.003859 2.507033 -0.404190
v -0.001798 2.506157 -0.399429
v -0.000644 2.506911 -0.402684
v -0.010466 2.506244 -0.402915
v -0.014355 2.506260 -0.405926
v -0.007128 2.507115 -0.406448
v -0.010239 2.507143 -0.409305
v 0.009780 2.502388 -0.392458
v 0.003406 2.502383 -0.391137
v 0.015835 2.502388 -0.394978
v 0.021302 2.502383 -0.398578
v 0.012098 2.506182 -0.402341
v 0.010572 2.507000 -0.405554
v 0.016205 2.506152 -0.404918
v 0.014160 2.506906 -0.407376
v 0.007544 2.506182 -0.400446
v 0.002840 2.506152 -0.399361
v 0.006530 2.507000 -0.403874
v 0.002704 2.506906 -0.402617
v 0.015934 2.502402 -0.456046
v 0.021453 2.502409 -0.452029
v 0.009766 2.502391 -0.458899
v 0.003191 2.502378 -0.460431
v 0.006575 2.506204 -0.451193
v 0.004109 2.507033 -0.447927
v 0.001911 2.506157 -0.452538
v 0.000725 2.506911 -0.449468
v 0.010974 2.506244 -0.448824
v 0.014974 2.506260 -0.445606
v 0.007530 2.507115 -0.445558
v 0.010746 2.507143 -0.442531
v 0.032025 2.502417 -0.434710
v 0.033241 2.502416 -0.428002
v 0.029612 2.502416 -0.441127
v 0.026066 2.502413 -0.446988
v 0.021026 2.506269 -0.437083
v 0.015815 2.507155 -0.434802
v 0.018368 2.506266 -0.441642
v 0.013549 2.507151 -0.438906
v 0.022897 2.506269 -0.432133
v 0.023929 2.506266 -0.426991
v 0.017495 2.507155 -0.430398
v 0.018543 2.507151 -0.425869
v 0.029440 2.502398 -0.408644
v 0.025893 2.502386 -0.403183
v 0.031897 2.502409 -0.414744
v 0.033194 2.502414 -0.421268
v 0.023343 2.506244 -0.416921
v 0.018629 2.507115 -0.417119
v 0.024073 2.506260 -0.421860
v 0.018910 2.507143 -0.421392
v 0.021822 2.506204 -0.412331
v 0.019488 2.506157 -0.408266
v 0.017814 2.507033 -0.413174
v 0.016517 2.506911 -0.409806
v -0.031552 2.502412 -0.415424
v -0.033064 2.502409 -0.421987
v -0.028904 2.502413 -0.409252
v -0.025224 2.502413 -0.403692
v -0.020488 2.506269 -0.414001
v -0.015346 2.507155 -0.416672
v -0.017738 2.506266 -0.409661
v -0.013019 2.507151 -0.412742
v -0.022527 2.506269 -0.418777
v -0.023776 2.506266 -0.423818
v -0.017154 2.507155 -0.420944
v -0.018374 2.507151 -0.425405
v -0.030126 2.502388 -0.441734
v -0.026721 2.502375 -0.447492
v -0.032340 2.502399 -0.435392
v -0.033336 2.502405 -0.428722
v -0.023657 2.506244 -0.434003
v -0.018854 2.507115 -0.434266
v -0.024158 2.506260 -0.428956
v -0.018938 2.507143 -0.429900
v -0.022323 2.506204 -0.438758
v -0.020099 2.506157 -0.443019
v -0.018203 2.507033 -0.438327
v -0.017009 2.506911 -0.441805
v -0.010233 2.502378 -0.459027
v -0.003562 2.502374 -0.460471
v -0.016527 2.502378 -0.456288
v -0.022133 2.502373 -0.452405
v -0.012610 2.506181 -0.449385
v -0.010974 2.507000 -0.446421
v -0.016820 2.506152 -0.446589
v -0.014655 2.506906 -0.444394
v -0.007880 2.506181 -0.451442
v -0.002958 2.506152 -0.452606
v -0.006784 2.507000 -0.448238
v -0.002791 2.506906 -0.449535
v -0.002138 2.507901 -0.439685
v 0.003144 2.507639 -0.442509
v -0.000396 2.507944 -0.436515
v 0.005606 2.507677 -0.439494
v -0.003863 2.507767 -0.442586
v -0.005465 2.507486 -0.445356
v 0.000615 2.507522 -0.445075
v -0.001667 2.507299 -0.447218
v -0.008784 2.507767 -0.440469
v -0.013690 2.507522 -0.438921
v -0.009731 2.507485 -0.443513
v -0.013703 2.507299 -0.442019
v -0.007858 2.507901 -0.437236
v -0.006796 2.507944 -0.433791
v -0.013573 2.507639 -0.435355
v -0.013131 2.507677 -0.431521
v 0.002284 2.507901 -0.412476
v -0.002864 2.507639 -0.409647
v 0.000664 2.507944 -0.415529
v -0.005217 2.507677 -0.412523
v 0.003863 2.507767 -0.409651
v 0.005324 2.507486 -0.406875
v -0.000477 2.507522 -0.407167
v 0.001664 2.507299 -0.405024
v 0.008645 2.507767 -0.411632
v 0.013420 2.507522 -0.412926
v 0.009454 2.507485 -0.408588
v 0.013316 2.507299 -0.409859
v 0.007867 2.507901 -0.414789
v 0.006949 2.507944 -0.418135
v 0.013455 2.507639 -0.416408
v 0.013182 2.507677 -0.420152
v 0.002958 2.507958 -0.429320
v 0.001319 2.507953 -0.433042
v 0.009774 2.507690 -0.432211
v 0.007848 2.507686 -0.436034
v -0.004133 2.507958 -0.426340
v -0.011003 2.507690 -0.423478
v -0.005553 2.507953 -0.430135
v -0.012280 2.507686 -0.427521
v -0.002589 2.507958 -0.422546
v -0.000972 2.507953 -0.418895
v -0.009361 2.507690 -0.419535
v -0.007413 2.507686 -0.415835
v 0.004475 2.507958 -0.425498
v 0.011335 2.507690 -0.428185
v 0.005822 2.507953 -0.421721
v 0.012487 2.507686 -0.424112
v -0.002679 2.884680 0.438960
v -0.001034 2.884670 0.442724
v -0.012839 2.883504 0.443344
v -0.010647 2.883497 0.447538
v 0.003902 2.884680 0.436193
v 0.014239 2.883504 0.431959
v 0.005353 2.884670 0.440023
v 0.015585 2.883497 0.436447
v 0.002338 2.884680 0.432354
v 0.000717 2.884670 0.428651
v 0.012417 2.883504 0.427606
v 0.010187 2.883497 0.423548
v -0.004219 2.884680 0.435097
v -0.014565 2.883504 0.438893
v -0.005604 2.884670 0.431283
v -0.015773 2.883497 0.434360
v -0.002506 2.884594 0.422115
v 0.004795 2.883440 0.416875
v -0.000910 2.884652 0.425224
v 0.007617 2.883482 0.419942
v -0.004052 2.884431 0.419262
v -0.006202 2.883290 0.414000
v 0.001828 2.883331 0.414358
v -0.001351 2.882733 0.411103
v -0.008586 2.884431 0.421143
v -0.016066 2.883331 0.421781
v -0.010548 2.883290 0.415806
v -0.015960 2.882732 0.417170
v -0.007762 2.884594 0.424296
v -0.006785 2.884652 0.427664
v -0.016485 2.883440 0.425702
v -0.016410 2.883482 0.429921
v 0.002372 2.884594 0.449452
v -0.005115 2.883440 0.454514
v 0.000664 2.884652 0.446243
v -0.008041 2.883482 0.451299
v 0.004049 2.884431 0.452372
v 0.006381 2.883290 0.457482
v -0.002004 2.883331 0.457132
v 0.001355 2.882733 0.460348
v 0.008705 2.884431 0.450373
v 0.016373 2.883331 0.449242
v 0.010867 2.883290 0.455546
v 0.016421 2.882732 0.453850
v 0.007746 2.884594 0.447156
v 0.006638 2.884652 0.443703
v 0.016638 2.883440 0.445219
v 0.016389 2.883482 0.440914
v 0.010500 2.875220 0.469642
v 0.003805 2.875192 0.471164
v 0.016905 2.875220 0.466866
v 0.022598 2.875193 0.463032
v 0.030373 2.875240 0.452370
v 0.027124 2.875198 0.458171
v 0.032461 2.875272 0.445919
v 0.033348 2.875286 0.439107
v 0.031377 2.875295 0.425433
v 0.032978 2.875292 0.432196
v 0.028652 2.875296 0.419049
v 0.024912 2.875293 0.413272
v -0.029720 2.875239 0.417618
v -0.026336 2.875196 0.412074
v -0.032035 2.875270 0.423853
v -0.033202 2.875284 0.430532
v -0.031795 2.875293 0.444328
v -0.033125 2.875290 0.437438
v -0.029283 2.875293 0.450933
v -0.025662 2.875290 0.456981
v -0.015477 2.875271 0.466395
v -0.021005 2.875284 0.462203
v -0.009339 2.875239 0.469416
v -0.002857 2.875197 0.471099
v -0.010058 2.875219 0.401350
v -0.003634 2.875193 0.399937
v -0.016243 2.875219 0.403923
v -0.021808 2.875192 0.407491
v 0.014869 2.875272 0.404401
v 0.020262 2.875286 0.408334
v 0.008952 2.875241 0.401578
v 0.002741 2.875198 0.400002
v 0.024913 2.842953 0.387377
v 0.033554 2.842955 0.393123
v 0.015363 2.842950 0.383382
v 0.005263 2.842947 0.381299
v -0.015140 2.842937 0.383354
v -0.005026 2.842942 0.381290
v -0.024708 2.842933 0.387331
v -0.033362 2.842928 0.393059
v -0.025609 2.842926 0.483132
v -0.034449 2.842923 0.476979
v -0.015717 2.842929 0.487445
v -0.005190 2.842932 0.489711
v -0.051257 2.842918 0.450074
v -0.053107 2.842917 0.439565
v -0.047459 2.842919 0.460088
v -0.041820 2.842921 0.469194
v -0.046551 2.842921 0.409035
v -0.040731 2.842924 0.400379
v -0.050660 2.842919 0.418682
v -0.052899 2.842918 0.428975
v 0.050904 2.842956 0.418791
v 0.053181 2.842954 0.429090
v 0.046763 2.842956 0.409131
v 0.040925 2.842956 0.400459
v 0.047851 2.842949 0.460187
v 0.042231 2.842946 0.469278
v 0.051618 2.842951 0.450184
v 0.053429 2.842953 0.439681
v 0.016097 2.842938 0.487474
v 0.005555 2.842935 0.489720
v 0.026008 2.842941 0.483180
v 0.034861 2.842943 0.477046
v 0.021366 2.764420 0.503072
v 0.007704 2.764406 0.505984
v 0.034209 2.764438 0.497514
v 0.045686 2.764458 0.489577
v 0.062557 2.764508 0.467771
v 0.055250 2.764482 0.479530
v 0.067470 2.764537 0.454835
v 0.069850 2.764567 0.441256
v 0.066628 2.764632 0.414260
v 0.069557 2.764599 0.427567
v 0.061276 2.764663 0.401783
v 0.053711 2.764690 0.390586
v -0.059804 2.764564 0.401783
v -0.052242 2.764603 0.390586
v -0.065155 2.764524 0.414259
v -0.068082 2.764487 0.427565
v -0.065992 2.764428 0.454831
v -0.068373 2.764454 0.441253
v -0.061079 2.764407 0.467766
v -0.053771 2.764393 0.479524
v -0.032733 2.764383 0.497510
v -0.044209 2.764385 0.489573
v -0.019892 2.764386 0.503070
v -0.006231 2.764394 0.505984
v -0.019056 2.764702 0.368555
v -0.005942 2.764723 0.365877
v -0.031460 2.764675 0.373705
v -0.042680 2.764641 0.381118
v 0.032927 2.764727 0.373704
v 0.044148 2.764712 0.381117
v 0.020523 2.764735 0.368555
v 0.007409 2.764734 0.365877
v 0.043081 2.450335 0.360402
v 0.056680 2.449788 0.369221
v 0.028041 2.450711 0.354271
v 0.012138 2.450899 0.351078
v 0.024631 2.628437 0.360225
v 0.009702 2.628467 0.357179
v 0.038749 2.628365 0.366076
v 0.051516 2.628255 0.374496
v -0.019960 2.450665 0.354265
v -0.004055 2.450883 0.351076
v -0.035002 2.450260 0.360393
v -0.048604 2.449686 0.369210
v -0.034544 2.628287 0.366075
v -0.047311 2.628150 0.374494
v -0.020425 2.628389 0.360224
v -0.005497 2.628451 0.357179
v -0.036500 2.441392 0.507419
v -0.050402 2.441901 0.497994
v -0.020943 2.441048 0.514020
v -0.004394 2.440879 0.517480
v -0.021360 2.626515 0.512814
v -0.005820 2.626503 0.516120
v -0.035966 2.626558 0.506506
v -0.049018 2.626631 0.497501
v -0.076802 2.444250 0.456750
v -0.079693 2.445206 0.440631
v -0.070845 2.443358 0.472106
v -0.061989 2.442564 0.486064
v -0.068205 2.626868 0.472771
v -0.059894 2.626735 0.486105
v -0.073793 2.627025 0.458103
v -0.076503 2.627203 0.442707
v -0.069346 2.448110 0.393766
v -0.060190 2.448960 0.380465
v -0.075817 2.447174 0.408582
v -0.079351 2.446193 0.424381
v -0.072858 2.627597 0.412095
v -0.076177 2.627396 0.427185
v -0.066781 2.627796 0.397945
v -0.058186 2.627983 0.385241
v 0.083890 2.447328 0.408590
v 0.087424 2.446354 0.424386
v 0.077419 2.448251 0.393776
v 0.068264 2.449084 0.380477
v 0.070987 2.627942 0.397946
v 0.062392 2.628112 0.385243
v 0.077065 2.627756 0.412096
v 0.080385 2.627562 0.427186
v 0.078926 2.443503 0.472105
v 0.070073 2.442692 0.486063
v 0.084880 2.444406 0.456751
v 0.087769 2.445368 0.440634
v 0.078003 2.627187 0.458105
v 0.080712 2.627370 0.442708
v 0.072415 2.627018 0.472772
v 0.064105 2.626867 0.486107
v 0.029033 2.441097 0.514019
v 0.012485 2.440895 0.517480
v 0.044589 2.441471 0.507417
v 0.058489 2.442007 0.497993
v 0.040177 2.626639 0.506507
v 0.053229 2.626740 0.497503
v 0.025570 2.626566 0.512815
v 0.010030 2.626520 0.516120
v 0.030453 2.102792 0.424166
v 0.013883 2.101125 0.426724
v 0.046040 2.105984 0.419279
v 0.059989 2.110568 0.412289
v 0.047003 2.260179 0.490842
v 0.061206 2.262066 0.481811
v 0.031116 2.258865 0.497164
v 0.014218 2.258176 0.500477
v 0.080588 2.123273 0.393034
v 0.071647 2.116405 0.403423
v 0.086619 2.130855 0.381600
v 0.089547 2.138838 0.369600
v 0.088209 2.270447 0.442250
v 0.091165 2.273759 0.426786
v 0.082111 2.267308 0.456981
v 0.073051 2.264472 0.470372
v 0.085559 2.154764 0.345776
v 0.089178 2.146906 0.357513
v 0.078975 2.162133 0.334790
v 0.069711 2.168733 0.324952
v 0.080515 2.283480 0.381858
v 0.071135 2.286245 0.369121
v 0.087160 2.280397 0.396055
v 0.090800 2.277117 0.411201
v -0.068120 2.162085 0.334782
v -0.058855 2.168692 0.324943
v -0.074705 2.154712 0.345770
v -0.078324 2.146852 0.357509
v -0.075983 2.280285 0.396044
v -0.079623 2.277000 0.411194
v -0.069337 2.283377 0.381844
v -0.059955 2.286155 0.369105
v -0.075762 2.130802 0.381600
v -0.078692 2.138783 0.369599
v -0.069728 2.123224 0.393036
v -0.060784 2.116362 0.403426
v -0.070924 2.267203 0.456983
v -0.061860 2.264379 0.470375
v -0.077026 2.270333 0.442249
v -0.079985 2.273641 0.426783
v -0.035173 2.105958 0.419281
v -0.049124 2.110532 0.412292
v -0.019585 2.102775 0.424168
v -0.003014 2.101119 0.426724
v -0.019916 2.258830 0.497166
v -0.003017 2.258164 0.500477
v -0.035805 2.260122 0.490845
v -0.050011 2.261989 0.481814
v -0.018529 2.181567 0.305727
v -0.002649 2.183115 0.303413
v -0.033566 2.178580 0.310194
v -0.047196 2.174253 0.316654
v -0.034219 2.290327 0.349918
v -0.048107 2.288499 0.358339
v -0.018875 2.291594 0.344073
v -0.002657 2.292256 0.341036
v 0.044426 2.178605 0.310202
v 0.058054 2.174288 0.316663
v 0.029392 2.181583 0.305732
v 0.013513 2.183120 0.303415
v 0.030065 2.291628 0.344082
v 0.013850 2.292267 0.341039
v 0.045406 2.290382 0.349931
v 0.059290 2.288573 0.358355
v 0.039436 2.102705 0.225968
v 0.052126 2.096106 0.229142
v 0.025435 2.107268 0.223782
v 0.010647 2.109632 0.222653
v -0.019193 2.107266 0.223782
v -0.004404 2.109631 0.222654
v -0.033194 2.102701 0.225969
v -0.045884 2.096101 0.229144
v -0.034486 1.992413 0.280095
v -0.047434 1.999350 0.276620
v -0.020041 1.987583 0.282525
v -0.004699 1.985066 0.283795
v -0.072323 2.030082 0.261362
v -0.075111 2.042187 0.255396
v -0.066650 2.018592 0.267046
v -0.058288 2.008189 0.272212
v -0.065359 2.077577 0.238107
v -0.056738 2.087628 0.233235
v -0.071474 2.066370 0.243558
v -0.074815 2.054433 0.249389
v 0.077715 2.066379 0.243552
v 0.081056 2.054442 0.249381
v 0.071599 2.077584 0.238102
v 0.062980 2.087634 0.233232
v 0.072893 2.018601 0.267038
v 0.064532 2.008198 0.272205
v 0.078565 2.030092 0.261353
v 0.081352 2.042197 0.255388
v 0.026285 1.987587 0.282522
v 0.010943 1.985068 0.283794
v 0.040730 1.992419 0.280091
v 0.053678 1.999358 0.276614
v 0.012653 1.949474 0.103156
v 0.008466 1.961154 0.086667
v 0.004318 1.947775 0.103242
v 0.002876 1.960016 0.086760
v 0.020520 1.952744 0.103039
v 0.027606 1.957461 0.102936
v 0.013752 1.963354 0.086555
v 0.018530 1.966541 0.086485
v 0.026840 1.945766 0.124803
v 0.033392 1.947942 0.167851
v 0.036025 1.951814 0.124511
v 0.044583 1.955055 0.166851
v 0.016622 1.941565 0.125037
v 0.005786 1.939379 0.125175
v 0.020927 1.942994 0.168564
v 0.007698 1.940417 0.168945
v 0.038269 1.970640 0.102921
v 0.025802 1.975509 0.086663
v 0.033596 1.963501 0.102895
v 0.022598 1.970642 0.086519
v 0.041497 1.978554 0.102986
v 0.043151 1.986918 0.103057
v 0.028043 1.980919 0.086869
v 0.029220 1.986648 0.087091
v 0.053897 1.978741 0.123551
v 0.066234 1.986630 0.162606
v 0.055980 1.989392 0.123210
v 0.068715 1.999095 0.160962
v 0.049773 1.968653 0.123879
v 0.043764 1.959540 0.124198
v 0.061266 1.974813 0.164173
v 0.053989 1.964126 0.165608
v 0.041356 2.003714 0.103118
v 0.028082 1.998179 0.087421
v 0.043101 1.995409 0.103105
v 0.029234 1.992473 0.087282
v 0.038054 2.011531 0.103106
v 0.033338 2.018558 0.103078
v 0.025862 2.003553 0.087517
v 0.022670 2.008385 0.087578
v 0.049286 2.020684 0.122119
v 0.060448 2.035650 0.156156
v 0.043180 2.029610 0.121785
v 0.053008 2.046062 0.154791
v 0.053577 2.010752 0.122481
v 0.055869 2.000195 0.122850
v 0.065697 2.024057 0.157678
v 0.068528 2.011725 0.159300
v -0.037908 2.011546 0.103178
v -0.025798 2.003573 0.087615
v -0.033190 2.018574 0.103135
v -0.022604 2.008406 0.087657
v -0.041211 2.003727 0.103201
v -0.042957 1.995419 0.103197
v -0.028020 1.998196 0.087536
v -0.029172 1.992486 0.087408
v -0.053048 2.010761 0.122535
v -0.063786 2.024061 0.157706
v -0.055341 2.000201 0.122910
v -0.066617 2.011728 0.159330
v -0.048757 2.020694 0.122166
v -0.042650 2.029620 0.121823
v -0.058537 2.035654 0.156179
v -0.051096 2.046067 0.154811
v -0.041346 1.978553 0.103080
v -0.027973 1.980917 0.086999
v -0.043004 1.986923 0.103152
v -0.029156 1.986654 0.087223
v -0.038114 1.970634 0.103009
v -0.033438 1.963491 0.102973
v -0.025726 1.975500 0.086784
v -0.022518 1.970627 0.086626
v -0.049238 1.968649 0.123937
v -0.059351 1.974811 0.164203
v -0.043228 1.959533 0.124249
v -0.052073 1.964123 0.165634
v -0.053365 1.978740 0.123613
v -0.055451 1.989395 0.123272
v -0.064321 1.986630 0.162637
v -0.066803 1.999097 0.160994
v -0.020366 1.952734 0.103086
v -0.013677 1.963340 0.086621
v -0.027448 1.957449 0.103000
v -0.018451 1.966524 0.086574
v -0.012504 1.949467 0.103185
v -0.004172 1.947773 0.103252
v -0.008397 1.961145 0.086708
v -0.002812 1.960013 0.086774
v -0.016091 1.941560 0.125056
v -0.019014 1.942991 0.168574
v -0.005256 1.939377 0.125181
v -0.005786 1.940416 0.168948
v -0.026306 1.945760 0.124834
v -0.035489 1.951807 0.124553
v -0.031478 1.947938 0.167867
v -0.042667 1.955051 0.166872
v -0.012369 2.032347 0.102995
v -0.008445 2.017864 0.087656
v -0.004126 2.034010 0.102967
v -0.002831 2.019001 0.087641
v -0.020160 2.029140 0.103036
v -0.027201 2.024509 0.103086
v -0.013749 2.015665 0.087669
v -0.018537 2.012486 0.087672
v -0.025825 2.043046 0.121290
v -0.030663 2.061719 0.152765
v -0.034911 2.037160 0.121526
v -0.041690 2.054859 0.153659
v -0.015775 2.047123 0.121122
v -0.005147 2.049238 0.121032
v -0.018479 2.066470 0.152149
v -0.005600 2.068934 0.151829
v 0.020305 2.029129 0.103005
v 0.013811 2.015650 0.087626
v 0.027348 2.024495 0.103042
v 0.018602 2.012466 0.087612
v 0.012512 2.032340 0.102976
v 0.004267 2.034007 0.102961
v 0.008504 2.017854 0.087631
v 0.002888 2.018998 0.087633
v 0.016302 2.047118 0.121110
v 0.020390 2.066468 0.152142
v 0.005673 2.049236 0.121028
v 0.007510 2.068933 0.151827
v 0.026353 2.043039 0.121269
v 0.035441 2.037151 0.121497
v 0.032575 2.061715 0.152755
v 0.043602 2.054854 0.153645
v -0.094273 2.329311 -0.049619
v -0.096457 1.901372 -0.050973
v -0.082656 2.329687 -0.066949
v -0.084572 1.901818 -0.068703
v -0.102361 2.328991 -0.030318
v -0.106593 2.328768 -0.009840
v -0.104733 1.900989 -0.031212
v -0.109068 1.900717 -0.010237
v -0.099491 2.721359 -0.029286
v -0.096221 3.050300 -0.028177
v -0.103593 2.721209 -0.009403
v -0.100169 3.050225 -0.008964
v -0.091637 2.721584 -0.048038
v -0.080349 2.721852 -0.064896
v -0.088639 3.050426 -0.046311
v -0.077730 3.050580 -0.062634
v -0.030974 2.330715 -0.100550
v -0.031693 1.903037 -0.102990
v -0.010454 2.330879 -0.104548
v -0.010696 1.903231 -0.107056
v -0.050354 2.330433 -0.092792
v -0.067835 2.330076 -0.081512
v -0.051523 1.902702 -0.095089
v -0.069409 1.902278 -0.083583
v -0.048952 2.722386 -0.090118
v -0.047366 3.050891 -0.087144
v -0.065944 2.722130 -0.079092
v -0.063802 3.050742 -0.076411
v -0.030113 2.722588 -0.097720
v -0.010168 2.722706 -0.101646
v -0.029143 3.051010 -0.094564
v -0.009850 3.051079 -0.098404
v 0.050339 2.330435 -0.092788
v 0.051513 1.902704 -0.095088
v 0.067819 2.330078 -0.081507
v 0.069398 1.902281 -0.083583
v 0.030961 2.330717 -0.100547
v 0.010444 2.330879 -0.104547
v 0.031685 1.903038 -0.102990
v 0.010689 1.903231 -0.107056
v 0.030084 2.722590 -0.097710
v 0.029075 3.051014 -0.094541
v 0.010144 2.722706 -0.101643
v 0.009794 3.051080 -0.098396
v 0.048916 2.722389 -0.090103
v 0.065905 2.722134 -0.079072
v 0.047284 3.050898 -0.087105
v 0.063711 3.050749 -0.076358
v 0.102346 2.328983 -0.030312
v 0.104713 1.900979 -0.031214
v 0.106559 2.328744 -0.009828
v 0.109019 1.900689 -0.010232
v 0.094262 2.329311 -0.049615
v 0.082642 2.329689 -0.066944
v 0.096447 1.901371 -0.050977
v 0.084562 1.901820 -0.068705
v 0.091613 2.721585 -0.048010
v 0.088578 3.050431 -0.046232
v 0.080314 2.721855 -0.064871
v 0.077647 3.050587 -0.062567
v 0.099476 2.721354 -0.029253
v 0.103576 2.721192 -0.009365
v 0.096189 3.050300 -0.028087
v 0.100163 3.050215 -0.008866
v -0.102508 2.328766 0.031470
v -0.104913 1.900673 0.032094
v -0.106644 2.328687 0.011018
v -0.109130 1.900607 0.011133
v -0.094497 2.329000 0.050736
v -0.082924 2.329384 0.068037
v -0.096731 1.900897 0.051851
v -0.084900 1.901259 0.069612
v -0.091774 2.721483 0.049373
v -0.088661 3.050522 0.047803
v -0.080512 2.721866 0.066132
v -0.077755 3.050878 0.063967
v -0.099581 2.721254 0.030689
v -0.103625 2.721167 0.010843
v -0.096236 3.050311 0.029766
v -0.100174 3.050221 0.010596
v 0.094300 2.328880 0.050794
v 0.096481 1.900755 0.051912
v 0.082687 2.329243 0.068106
v 0.084603 1.901092 0.069687
v 0.102371 2.328679 0.031511
v 0.106568 2.328636 0.011042
v 0.104735 1.900571 0.032134
v 0.109027 1.900547 0.011153
v 0.099511 2.721191 0.030746
v 0.096249 3.050271 0.029869
v 0.103588 2.721129 0.010890
v 0.100184 3.050197 0.010699
v 0.091667 2.721396 0.049438
v 0.080379 2.721762 0.066201
v 0.088670 3.050466 0.047902
v 0.077758 3.050812 0.064058
v -0.050580 2.330518 0.093890
v -0.051800 1.902274 0.096230
v -0.068104 2.329915 0.082594
v -0.069737 1.901741 0.084583
v -0.031133 2.331053 0.101677
v -0.010541 2.331378 0.105702
v -0.031889 1.902739 0.104276
v -0.010805 1.903015 0.108445
v -0.030206 2.723627 0.098588
v -0.029144 3.052611 0.095159
v -0.010212 2.723983 0.102451
v -0.009831 3.052972 0.098854
v -0.049088 2.723052 0.091098
v -0.066107 2.722413 0.080205
v -0.047381 3.052035 0.087980
v -0.063824 3.051405 0.077516
v 0.030974 2.330976 0.101715
v 0.031691 1.902647 0.104319
v 0.010417 2.331351 0.105715
v 0.010650 1.902983 0.108460
v 0.050375 2.330401 0.093948
v 0.067864 2.329774 0.082663
v 0.051544 1.902136 0.096295
v 0.069439 1.901575 0.084660
v 0.048971 2.722966 0.091151
v 0.047383 3.051981 0.088038
v 0.065970 2.722309 0.080270
v 0.063824 3.051340 0.077593
v 0.030116 2.723571 0.098622
v 0.010143 2.723964 0.102463
v 0.029149 3.052575 0.095195
v 0.009839 3.052960 0.098867
v 0.026107 3.462355 0.084810
v 0.028103 3.290131 0.091589
v 0.009025 3.462588 0.087982
v 0.009513 3.290476 0.095091
v 0.042254 3.462006 0.078549
v 0.056787 3.461638 0.069372
v 0.045661 3.289596 0.084747
v 0.061494 3.289022 0.074744
v -0.041271 3.462084 0.078103
v -0.045521 3.289630 0.084661
v -0.055699 3.461732 0.068748
v -0.061335 3.289061 0.074626
v -0.025279 3.462406 0.084542
v -0.008316 3.462606 0.087893
v -0.027985 3.290152 0.091537
v -0.009413 3.290484 0.095074
v 0.078524 3.461177 0.043197
v 0.085400 3.288254 0.046244
v 0.069030 3.461350 0.057451
v 0.074905 3.288555 0.061761
v 0.085027 3.461090 0.027257
v 0.088301 3.461059 0.010277
v 0.092680 3.288084 0.028909
v 0.096450 3.288011 0.010470
v -0.084436 3.461142 0.026158
v -0.092574 3.288108 0.028716
v -0.088071 3.461079 0.009101
v -0.096395 3.288024 0.010267
v -0.077641 3.461256 0.042231
v -0.067968 3.461444 0.056651
v -0.085258 3.288288 0.046070
v -0.074744 3.288595 0.061613
v 0.084463 3.461064 -0.024212
v 0.092573 3.288028 -0.026865
v 0.088106 3.461057 -0.007095
v 0.096413 3.288000 -0.008357
v 0.077658 3.461076 -0.040423
v 0.067975 3.461088 -0.055079
v 0.085235 3.288083 -0.044351
v 0.074705 3.288153 -0.060113
v 0.041270 3.461090 -0.077309
v 0.045481 3.288292 -0.083870
v 0.055700 3.461093 -0.067529
v 0.061290 3.288226 -0.073449
v 0.025279 3.461081 -0.084139
v 0.008318 3.461068 -0.087739
v 0.027957 3.288342 -0.091099
v 0.009399 3.288370 -0.094860
v -0.026100 3.461034 -0.084410
v -0.028096 3.288335 -0.091146
v -0.009020 3.461051 -0.087830
v -0.009515 3.288368 -0.094876
v -0.042244 3.461018 -0.077759
v -0.056773 3.461007 -0.068158
v -0.045648 3.288280 -0.083948
v -0.061475 3.288212 -0.073558
v -0.078495 3.461004 -0.041394
v -0.085369 3.288072 -0.044517
v -0.069010 3.461001 -0.055885
v -0.074880 3.288140 -0.060252
v -0.084993 3.461018 -0.025314
v -0.088264 3.461042 -0.008273
v -0.092647 3.288023 -0.027053
v -0.096421 3.288002 -0.008559
v -0.067345 3.566623 -0.038906
v -0.060077 3.566312 -0.051322
v -0.071921 3.566906 -0.024969
v -0.073785 3.567055 -0.010002
v -0.054113 3.598006 -0.026079
v -0.054069 3.598349 -0.013539
v -0.052220 3.597186 -0.037387
v -0.048500 3.596005 -0.046815
v -0.023802 3.566385 -0.075708
v -0.009247 3.566246 -0.078626
v -0.037673 3.566385 -0.069982
v -0.050053 3.566245 -0.061785
v -0.032042 3.596738 -0.059936
v -0.041893 3.595911 -0.054078
v -0.020645 3.596738 -0.064640
v -0.009533 3.595911 -0.067432
v 0.032269 3.566905 -0.067901
v 0.044232 3.567050 -0.058590
v 0.019156 3.566624 -0.074574
v 0.005237 3.566314 -0.078268
v 0.009567 3.597185 -0.062866
v 0.000270 3.596005 -0.066936
v 0.018919 3.598006 -0.056174
v 0.027805 3.598348 -0.047248
v 0.069175 3.567164 -0.018789
v 0.072872 3.567131 -0.003420
v 0.062994 3.567162 -0.033505
v 0.054592 3.567124 -0.046971
v 0.042733 3.598554 -0.024253
v 0.035846 3.598485 -0.036457
v 0.048230 3.598554 -0.011177
v 0.052100 3.598486 0.002231
v -0.069135 3.567196 0.020756
v -0.072831 3.567140 0.005435
v -0.062958 3.567232 0.035347
v -0.054562 3.567259 0.048592
v -0.042698 3.598563 0.026065
v -0.035815 3.598505 0.038094
v -0.048192 3.598558 0.013081
v -0.052061 3.598488 -0.000305
v 0.067371 3.566693 0.040702
v 0.060095 3.566447 0.052892
v 0.071955 3.566937 0.026904
v 0.073825 3.567064 0.012006
v 0.054145 3.598011 0.027885
v 0.054106 3.598351 0.015431
v 0.052245 3.597198 0.039057
v 0.048519 3.596028 0.048306
v -0.032251 3.567266 0.068788
v -0.044208 3.567285 0.059880
v -0.019142 3.567105 0.075093
v -0.005226 3.566871 0.078552
v -0.009550 3.597264 0.063608
v -0.000256 3.596100 0.067488
v -0.018897 3.598062 0.057214
v -0.027779 3.598383 0.048616
v 0.023810 3.566866 0.076209
v 0.009256 3.566803 0.078905
v 0.037682 3.566747 0.070837
v 0.050065 3.566482 0.063029
v 0.032055 3.596795 0.060915
v 0.041908 3.595949 0.055337
v 0.020657 3.596817 0.065354
v 0.009546 3.596006 0.067976
v -0.022871 3.608185 -0.033551
v -0.019669 3.608714 -0.023617
v -0.036859 3.605583 -0.028539
v -0.035175 3.606058 -0.017851
v -0.008447 3.608184 -0.039495
v 0.005000 3.605583 -0.045789
v -0.003653 3.608714 -0.030210
v 0.011408 3.606058 -0.037029
v -0.012885 3.606752 -0.047443
v -0.016664 3.603873 -0.054183
v -0.001336 3.604326 -0.052811
v -0.006859 3.602044 -0.058037
v -0.025354 3.606752 -0.042302
v -0.037339 3.604326 -0.037964
v -0.027439 3.603873 -0.049738
v -0.037117 3.602045 -0.045554
v -0.011260 3.608971 -0.001261
v -0.028208 3.606300 0.005573
v -0.015761 3.608885 -0.012733
v -0.032260 3.606219 -0.006325
v -0.006378 3.608972 0.010306
v -0.001326 3.608888 0.021476
v -0.023233 3.606302 0.017341
v -0.017553 3.606225 0.028477
v 0.011294 3.608971 0.003070
v 0.028243 3.606299 -0.003738
v 0.015795 3.608886 0.014494
v 0.032295 3.606219 0.008149
v 0.006411 3.608971 -0.008516
v 0.001358 3.608885 -0.019772
v 0.023267 3.606299 -0.015560
v 0.017583 3.606218 -0.026822
v 0.022898 3.608189 0.035043
v 0.019700 3.608716 0.025268
v 0.036888 3.605586 0.030180
v 0.035208 3.606059 0.019607
v 0.008472 3.608194 0.040832
v -0.004977 3.605603 0.046982
v 0.003682 3.608719 0.031756
v -0.011381 3.606069 0.038478
v 0.012906 3.606769 0.048569
v 0.016681 3.603906 0.055117
v 0.001355 3.604358 0.053765
v 0.006875 3.602091 0.058813
v 0.025377 3.606762 0.043612
v 0.037364 3.604334 0.039456
v 0.027457 3.603895 0.050875
v 0.037137 3.602061 0.046894
v -0.046585 -0.004929 -0.087068
v -0.050169 0.139257 -0.093668
v -0.062742 -0.004956 -0.076385
v -0.067570 0.139181 -0.082197
v -0.028659 -0.004906 -0.094478
v -0.009671 -0.004892 -0.098327
v -0.030864 0.139318 -0.101615
v -0.010415 0.139353 -0.105738
v -0.025428 -0.084220 -0.083876
v -0.008581 -0.084215 -0.087299
v -0.041333 -0.084227 -0.077289
v -0.055667 -0.084234 -0.067797
v -0.094549 -0.005027 -0.028630
v -0.101838 0.138964 -0.030814
v -0.098412 -0.005038 -0.009637
v -0.106005 0.138921 -0.010360
v -0.087121 -0.005008 -0.046560
v -0.076420 -0.004984 -0.062716
v -0.093833 0.139027 -0.050118
v -0.082304 0.139102 -0.067502
v -0.077295 -0.084242 -0.041319
v -0.067803 -0.084239 -0.055659
v -0.083884 -0.084242 -0.025409
v -0.087309 -0.084241 -0.008557
v -0.087138 -0.005018 0.046613
v -0.093881 0.138951 0.050219
v -0.076440 -0.004999 0.062762
v -0.082362 0.139001 0.067609
v -0.094560 -0.005033 0.028692
v -0.098416 -0.005040 0.009707
v -0.101870 0.138917 0.030921
v -0.106016 0.138905 0.010474
v -0.083886 -0.084232 0.025450
v -0.087310 -0.084237 0.008605
v -0.077298 -0.084226 0.041351
v -0.067807 -0.084220 0.055680
v -0.028671 -0.004940 0.094547
v -0.030898 0.139172 0.101823
v -0.009677 -0.004930 0.098405
v -0.010434 0.139200 0.105974
v -0.046602 -0.004956 0.087126
v -0.062762 -0.004977 0.076433
v -0.050218 0.139121 0.093836
v -0.067628 0.139060 0.082327
v -0.041336 -0.084211 0.077301
v -0.055671 -0.084214 0.067811
v -0.025430 -0.084208 0.083888
v -0.008582 -0.084207 0.087312
v 0.046588 -0.004964 0.087129
v 0.050174 0.139098 0.093846
v 0.062745 -0.004986 0.076437
v 0.067577 0.139033 0.082339
v 0.028660 -0.004944 0.094549
v 0.009669 -0.004932 0.098405
v 0.030864 0.139157 0.101830
v 0.010408 0.139195 0.105976
v 0.025429 -0.084209 0.083888
v 0.008581 -0.084207 0.087312
v 0.041335 -0.084211 0.077301
v 0.055669 -0.084215 0.067811
v 0.094551 -0.005036 0.028692
v 0.101839 0.138902 0.030925
v 0.098410 -0.005041 0.009705
v 0.105997 0.138897 0.010474
v 0.087124 -0.005024 0.046615
v 0.076424 -0.005007 0.062765
v 0.093837 0.138928 0.050228
v 0.082311 0.138973 0.067620
v 0.077297 -0.084225 0.041350
v 0.067805 -0.084220 0.055680
v 0.083885 -0.084231 0.025449
v 0.087309 -0.084235 0.008603
v 0.087120 -0.005005 -0.046562
v 0.093831 0.139030 -0.050120
v 0.076420 -0.004981 -0.062717
v 0.082303 0.139105 -0.067504
v 0.094548 -0.005025 -0.028632
v 0.098410 -0.005037 -0.009640
v 0.101834 0.138966 -0.030816
v 0.105996 0.138919 -0.010362
v 0.083884 -0.084240 -0.025411
v 0.087309 -0.084238 -0.008559
v 0.077295 -0.084239 -0.041321
v 0.067803 -0.084236 -0.055660
v 0.028659 -0.004905 -0.094478
v 0.030862 0.139319 -0.101615
v 0.009671 -0.004891 -0.098327
v 0.010414 0.139354 -0.105738
v 0.046585 -0.004927 -0.087069
v 0.062741 -0.004954 -0.076386
v 0.050168 0.139259 -0.093668
v 0.067569 0.139184 -0.082198
v 0.041333 -0.084225 -0.077289
v 0.055667 -0.084231 -0.067797
v 0.025428 -0.084219 -0.083876
v 0.008581 -0.084215 -0.087299
v -0.032563 0.853961 -0.106506
v -0.010989 0.854105 -0.110745
v -0.021860 1.049084 -0.108878
v -0.032426 1.254393 -0.105733
v -0.021658 1.467317 -0.107549
v -0.010943 1.254575 -0.109912
v -0.042845 0.672222 -0.102779
v -0.042157 0.361063 -0.101397
v -0.032289 0.507039 -0.105934
v -0.021823 0.672389 -0.109056
v -0.010896 0.507135 -0.110187
v -0.021473 0.361164 -0.107637
v -0.052935 0.853713 -0.098292
v -0.071303 0.853400 -0.086368
v -0.062267 0.671984 -0.092661
v -0.052487 0.506875 -0.097714
v -0.061264 0.360921 -0.091364
v -0.070697 0.506668 -0.085811
v -0.042918 1.048853 -0.102654
v -0.042522 1.467045 -0.101427
v -0.052714 1.254077 -0.097619
v -0.062375 1.048525 -0.092596
v -0.071009 1.253678 -0.085812
v -0.061802 1.466658 -0.091517
v -0.103509 0.671172 -0.042699
v -0.101818 0.360441 -0.042070
v -0.098193 0.506230 -0.052361
v -0.093166 0.671429 -0.062071
v -0.086120 0.506445 -0.070510
v -0.091653 0.360591 -0.061152
v -0.107529 0.852452 -0.032387
v -0.111959 0.852250 -0.010810
v -0.109980 0.670968 -0.021684
v -0.106585 0.506046 -0.032180
v -0.108172 0.360322 -0.021387
v -0.110962 0.505915 -0.010782
v -0.103716 1.047397 -0.042686
v -0.102786 1.465326 -0.042171
v -0.107116 1.252465 -0.032155
v -0.110213 1.047113 -0.021643
v -0.111541 1.252206 -0.010675
v -0.109236 1.464990 -0.021334
v -0.099053 0.852734 -0.052726
v -0.086865 0.853061 -0.070997
v -0.093343 1.047754 -0.062069
v -0.098662 1.252826 -0.052394
v -0.092498 1.465748 -0.061356
v -0.086514 1.253246 -0.070558
v -0.103651 0.670897 0.042992
v -0.101902 0.360286 0.042249
v -0.106673 0.505882 0.032410
v -0.110056 0.670826 0.021976
v -0.110993 0.505859 0.011017
v -0.108217 0.360242 0.021569
v -0.099255 0.852328 0.053103
v -0.087108 0.852536 0.071433
v -0.093355 0.671039 0.062393
v -0.098327 0.505969 0.052599
v -0.091765 0.360370 0.061343
v -0.086280 0.506102 0.070784
v -0.103912 1.047014 0.043132
v -0.103018 1.464887 0.042811
v -0.098920 1.252318 0.052946
v -0.093605 1.047217 0.062554
v -0.086824 1.252600 0.071178
v -0.092806 1.465145 0.062032
v -0.107663 0.852196 0.032748
v -0.112005 0.852163 0.011175
v -0.110318 1.046913 0.022086
v -0.107286 1.252142 0.032689
v -0.109359 1.464760 0.021974
v -0.111600 1.252096 0.011214
v -0.042992 0.671665 0.103464
v -0.042244 0.360734 0.101798
v -0.052622 0.506441 0.098191
v -0.062456 0.671455 0.093191
v -0.070857 0.506268 0.086168
v -0.061377 0.360613 0.091673
v -0.032709 0.853305 0.107419
v -0.011071 0.853438 0.111778
v -0.021917 0.671818 0.109871
v -0.032385 0.506586 0.106530
v -0.021529 0.360821 0.108116
v -0.010950 0.506668 0.110864
v -0.043122 1.048141 0.103617
v -0.042762 1.466361 0.102592
v -0.032612 1.253673 0.106910
v -0.021991 1.048371 0.110013
v -0.011047 1.253863 0.111230
v -0.021812 1.466670 0.108893
v -0.053140 0.853073 0.099030
v -0.071546 0.852798 0.086929
v -0.062638 1.047828 0.093357
v -0.052975 1.253345 0.098591
v -0.062111 1.465942 0.092472
v -0.071319 1.252960 0.086578
v 0.042852 0.671594 0.103497
v 0.042161 0.360692 0.101818
v 0.032287 0.506542 0.106550
v 0.021810 0.671780 0.109889
v 0.010874 0.506653 0.110871
v 0.021465 0.360799 0.108127
v 0.052949 0.852971 0.099077
v 0.071323 0.852675 0.086985
v 0.062282 0.671360 0.093234
v 0.052497 0.506374 0.098221
v 0.061274 0.360557 0.091698
v 0.070710 0.506188 0.086205
v 0.042926 1.048042 0.103663
v 0.042532 1.466244 0.102647
v 0.052732 1.253214 0.098651
v 0.062396 1.047696 0.093417
v 0.071035 1.252803 0.086650
v 0.061827 1.465786 0.092544
v 0.032561 0.853238 0.107450
v 0.010955 0.853415 0.111789
v 0.021841 1.048318 0.110038
v 0.032423 1.253587 0.106950
v 0.021636 1.466608 0.108923
v 0.010899 1.253833 0.111244
v 0.103514 0.670823 0.043021
v 0.101821 0.360243 0.042265
v 0.098202 0.505902 0.052626
v 0.093181 0.670944 0.062433
v 0.086133 0.506023 0.070819
v 0.091662 0.360315 0.061366
v 0.107525 0.852122 0.032776
v 0.111923 0.852120 0.011187
v 0.109966 0.670778 0.021992
v 0.106582 0.505835 0.032427
v 0.108163 0.360215 0.021577
v 0.110938 0.505832 0.011024
v 0.103723 1.046910 0.043174
v 0.102797 1.464764 0.042862
v 0.107112 1.252046 0.032726
v 0.110193 1.046846 0.022109
v 0.111496 1.252040 0.011230
v 0.109214 1.464679 0.022003
v 0.099066 0.852225 0.053146
v 0.086885 0.852414 0.071487
v 0.093363 1.047085 0.062611
v 0.098679 1.252186 0.053002
v 0.092523 1.464989 0.062100
v 0.086539 1.252443 0.071248
v 0.103498 0.671171 -0.042703
v 0.101811 0.360442 -0.042073
v 0.106572 0.506044 -0.032183
v 0.109957 0.670959 -0.021686
v 0.110935 0.505904 -0.010782
v 0.108158 0.360318 -0.021389
v 0.099043 0.852735 -0.052731
v 0.086857 0.853064 -0.071000
v 0.093159 0.671431 -0.062075
v 0.098187 0.506232 -0.052364
v 0.091649 0.360594 -0.061154
v 0.086115 0.506448 -0.070512
v 0.103701 1.047395 -0.042690
v 0.102770 1.465322 -0.042175
v 0.098650 1.252826 -0.052399
v 0.093333 1.047756 -0.062073
v 0.086504 1.253248 -0.070561
v 0.092487 1.465750 -0.061360
v 0.107510 0.852446 -0.032391
v 0.111918 0.852230 -0.010809
v 0.110181 1.047099 -0.021645
v 0.107093 1.252457 -0.032159
v 0.109200 1.464973 -0.021335
v 0.111489 1.252181 -0.010672
v 0.042840 0.672224 -0.102780
v 0.042154 0.361065 -0.101397
v 0.052483 0.506877 -0.097714
v 0.062261 0.671986 -0.092662
v 0.070692 0.506671 -0.085812
v 0.061261 0.360923 -0.091364
v 0.032558 0.853963 -0.106506
v 0.010985 0.854106 -0.110745
v 0.021820 0.672390 -0.109056
v 0.032285 0.507041 -0.105934
v 0.021471 0.361165 -0.107637
v 0.010894 0.507135 -0.110187
v 0.042911 1.048855 -0.102654
v 0.042513 1.467046 -0.101427
v 0.032420 1.254394 -0.105733
v 0.021855 1.049085 -0.108878
v 0.010938 1.254576 -0.109912
v 0.021652 1.467317 -0.107549
v 0.052928 0.853715 -0.098293
v 0.071295 0.853403 -0.086370
v 0.062367 1.048527 -0.092597
v 0.052706 1.254079 -0.097619
v 0.061792 1.466660 -0.091518
v 0.070999 1.253681 -0.085814
v -0.018426 1.530113 -0.108578
v -0.014203 1.517835 -0.098383
v -0.020212 1.522059 -0.103262
v -0.026865 1.525650 -0.108609
v -0.027248 1.517398 -0.103256
v -0.020637 1.514404 -0.098371
v -0.015241 1.539576 -0.115751
v -0.004779 1.541676 -0.115699
v -0.009306 1.532895 -0.108556
v -0.012420 1.525288 -0.103259
v -0.007245 1.519972 -0.098387
v -0.004176 1.526964 -0.103258
v -0.010492 1.551484 -0.126183
v -0.003598 1.566568 -0.141560
v -0.025133 1.535531 -0.115853
v -0.034073 1.529693 -0.115993
v -0.032530 1.542608 -0.126691
v 0.018730 1.530126 -0.108613
v 0.014145 1.517852 -0.098431
v 0.012459 1.525300 -0.103290
v 0.009613 1.532902 -0.108573
v 0.004217 1.526968 -0.103268
v 0.007191 1.519981 -0.098410
v 0.026223 1.535544 -0.115888
v 0.035161 1.529709 -0.116043
v 0.027165 1.525667 -0.108662
v 0.020246 1.522078 -0.103313
v 0.020574 1.514428 -0.098444
v 0.027279 1.517422 -0.103329
v 0.024681 1.548084 -0.126398
v 0.034706 1.559294 -0.142421
v 0.035274 1.542618 -0.126722
v 0.016334 1.539584 -0.115772
v 0.005873 1.541679 -0.115706
v 0.018858 1.439483 -0.108443
v 0.014021 1.448383 -0.097027
v 0.020249 1.445380 -0.102251
v 0.027336 1.444005 -0.108324
v 0.027283 1.450072 -0.102181
v 0.020410 1.451794 -0.096923
v 0.016542 1.435086 -0.117845
v 0.005944 1.432944 -0.117961
v 0.009680 1.436670 -0.108556
v 0.012460 1.442142 -0.102365
v 0.007123 1.446272 -0.097145
v 0.004215 1.440468 -0.102449
v 0.013471 1.433144 -0.132839
v 0.009727 1.437063 -0.156996
v 0.026540 1.439214 -0.117657
v 0.035542 1.445169 -0.117450
v 0.035852 1.442273 -0.132169
v 0.045333 1.466177 -0.108414
v 0.034154 1.468694 -0.097342
v 0.041232 1.471198 -0.102637
v 0.048139 1.475450 -0.108556
v 0.042941 1.479605 -0.102885
v 0.036358 1.475803 -0.097659
v 0.049080 1.461806 -0.117157
v 0.043148 1.452795 -0.117279
v 0.040824 1.457604 -0.108301
v 0.037957 1.463255 -0.102399
v 0.030670 1.462137 -0.097072
v 0.033259 1.456103 -0.102228
v 0.053173 1.471793 -0.117056
v 0.055264 1.482346 -0.116949
v 0.045205 1.503808 -0.108767
v 0.034277 1.497606 -0.098315
v 0.037954 1.504376 -0.103293
v 0.040654 1.512269 -0.108750
v 0.033255 1.511450 -0.103326
v 0.030834 1.504120 -0.098399
v 0.052964 1.503525 -0.116629
v 0.055192 1.493054 -0.116808
v 0.048070 1.494622 -0.108748
v 0.041230 1.496506 -0.103218
v 0.036424 1.490536 -0.098172
v 0.042940 1.488146 -0.103086
v 0.058003 1.515838 -0.128254
v 0.048762 1.513377 -0.116430
v 0.042767 1.522231 -0.116228
v 0.052248 1.526203 -0.127671
v 0.062655 1.533005 -0.145520
v -0.044903 1.503788 -0.108658
v -0.034338 1.497579 -0.098165
v -0.041195 1.496485 -0.103079
v -0.047767 1.494606 -0.108624
v -0.042904 1.488131 -0.102933
v -0.036483 1.490515 -0.098001
v -0.047673 1.513360 -0.116349
v -0.041680 1.522214 -0.116163
v -0.040354 1.512248 -0.108659
v -0.037921 1.504351 -0.103175
v -0.030898 1.504091 -0.098274
v -0.033225 1.511425 -0.103230
v -0.055259 1.515826 -0.128190
v -0.051874 1.503510 -0.116535
v -0.054101 1.493044 -0.116704
v -0.045041 1.466183 -0.108286
v -0.034229 1.468702 -0.097164
v -0.037939 1.463266 -0.102252
v -0.040538 1.457616 -0.108184
v -0.033246 1.456120 -0.102098
v -0.030753 1.462153 -0.096910
v -0.052089 1.471794 -0.116950
v -0.054176 1.482341 -0.116841
v -0.047841 1.475448 -0.108422
v -0.041206 1.471200 -0.102480
v -0.036425 1.475800 -0.097473
v -0.042908 1.479597 -0.102726
v -0.055699 1.469650 -0.130571
v -0.048000 1.461813 -0.117057
v -0.042072 1.452806 -0.117191
v -0.050091 1.459094 -0.131115
v -0.057444 1.471672 -0.152630
v -0.050138 1.460911 -0.153911
v -0.018565 1.439496 -0.108389
v -0.014095 1.448400 -0.096952
v -0.012433 1.442153 -0.102315
v -0.009381 1.436677 -0.108529
v -0.004183 1.440472 -0.102433
v -0.007189 1.446281 -0.097107
v -0.025460 1.439225 -0.117603
v -0.034465 1.445182 -0.117378
v -0.027049 1.444021 -0.108245
v -0.020230 1.445397 -0.102171
v -0.020492 1.451816 -0.096814
v -0.027269 1.450091 -0.102074
v -0.022376 1.436660 -0.132535
v -0.015457 1.435094 -0.117812
v -0.004855 1.432947 -0.117949
v -0.010728 1.433148 -0.132822
v -0.017013 1.439653 -0.156628
v -0.003770 1.437064 -0.156991
v -0.013872 1.475989 -0.238194
v -0.028249 1.481178 -0.236237
v -0.035865 1.462003 -0.191083
v -0.041142 1.488632 -0.233441
v -0.036151 1.558335 -0.327722
v 0.008357 1.545331 -0.338560
v -0.060298 1.509307 -0.225745
v -0.051957 1.498129 -0.229896
v -0.061979 1.586303 -0.304592
v -0.066292 1.557119 -0.259943
v -0.064838 1.597306 -0.295541
v -0.056111 1.575851 -0.313215
v -0.047435 1.566383 -0.321047
v -0.068478 1.547832 -0.211563
v -0.066482 1.531911 -0.175366
v -0.055098 1.556047 -0.170034
v -0.050486 1.583534 -0.198596
v 0.068838 1.583545 -0.198605
v 0.083511 1.560681 -0.206893
v 0.086719 1.593675 -0.239499
v 0.093961 1.619327 -0.277594
v 0.091630 1.581892 -0.246069
v 0.074293 1.492799 -0.184108
v 0.078650 1.509317 -0.225757
v 0.067628 1.480939 -0.186775
v 0.070309 1.498137 -0.229906
v 0.034352 1.455648 -0.192580
v 0.046602 1.481183 -0.236243
v 0.059494 1.488638 -0.233449
v 0.032226 1.475992 -0.238198
v 0.031420 1.604676 -0.191038
v 0.016679 1.607220 -0.190137
v 0.019864 1.584215 -0.163900
v 0.045376 1.599764 -0.192786
v 0.058023 1.592661 -0.195326
v 0.054139 1.652147 -0.250926
v 0.067306 1.646203 -0.255741
v -0.022097 1.580425 -0.164712
v -0.027023 1.599757 -0.192780
v -0.039671 1.592652 -0.195318
v -0.013066 1.604672 -0.191035
v 0.001676 1.607219 -0.190136
v -0.021140 1.652111 -0.250915
v -0.002682 1.721572 -0.290665
v 0.003497 1.686533 -0.270043
v -0.030402 1.714901 -0.301993
v 0.043637 1.721641 -0.290686
v 0.034635 1.686562 -0.270053
v 0.044676 1.649950 -0.413463
v 0.028659 1.648413 -0.416109
v 0.059742 1.652875 -0.408406
v 0.073226 1.657064 -0.401171
v 0.066702 1.721250 -0.430872
v 0.071824 1.811948 -0.446337
v 0.095180 1.622273 -0.345409
v 0.098969 1.675570 -0.369382
v 0.099558 1.631351 -0.334715
v 0.084495 1.662394 -0.391991
v 0.097485 1.820603 -0.409022
v 0.100305 1.824010 -0.394426
v 0.082607 1.710020 -0.310634
v 0.086106 1.666945 -0.293018
v 0.097936 1.697333 -0.332239
v 0.101439 1.690187 -0.344412
v 0.095019 1.754420 -0.344617
v 0.090213 1.833975 -0.351990
v 0.081307 1.836798 -0.339952
v -0.050644 1.703815 -0.320806
v -0.041680 1.709834 -0.310594
v -0.053991 1.754099 -0.344576
v -0.057015 1.697098 -0.332213
v -0.058032 1.675328 -0.369381
v -0.059591 1.738478 -0.384979
v -0.062238 1.823556 -0.394413
v -0.052191 1.668434 -0.381233
v -0.012854 1.595720 -0.376775
v 0.012325 1.648387 -0.416111
v 0.004325 1.716969 -0.441923
v -0.005134 1.808470 -0.460810
v -0.012931 2.072966 -0.489893
v -0.060811 1.939160 -0.430407
v -0.068064 2.075938 -0.433300
v -0.070925 2.076861 -0.417371
v -0.060736 2.079707 -0.371047
v -0.072967 2.209076 -0.399751
v 0.096179 1.945511 -0.384376
v 0.075387 2.210406 -0.370432
v 0.085185 1.937885 -0.444491
v 0.076880 2.074786 -0.462278
v 0.065448 2.074092 -0.474066
v 0.024034 2.206889 -0.499011
v 0.035403 2.082464 -0.332008
v -0.018821 2.440610 -0.358033
v 0.043090 2.394911 -0.360134
v 0.020425 2.440682 -0.358025
v 0.042762 2.319339 -0.492548
v 0.056041 2.319485 -0.483384
v 0.075948 2.394427 -0.436915
v 0.083944 2.320277 -0.427665
v 0.067098 2.319659 -0.471790
v 0.067065 2.440411 -0.443558
v 0.060855 2.440611 -0.390950
v -0.067453 2.440271 -0.416503
v -0.065427 2.440171 -0.443549
v -0.072094 2.394061 -0.436906
v -0.075880 2.319794 -0.427659
v -0.004051 2.319088 -0.502325
v -0.043866 2.440089 -0.478077
v -0.016412 2.481658 -0.479320
v -0.005466 2.481663 -0.481665
v -0.012193 2.466935 -0.487390
v -0.026698 2.481654 -0.474847
v -0.035879 2.481654 -0.468466
v -0.044665 2.491581 -0.443277
v -0.049331 2.481662 -0.450959
v -0.043514 2.481656 -0.460395
v -0.052275 2.466937 -0.459375
v -0.053225 2.481670 -0.440587
v -0.055093 2.481681 -0.429709
v -0.040268 2.498049 -0.428905
v -0.043763 2.491606 -0.406145
v -0.056703 2.467053 -0.400095
v -0.052472 2.481709 -0.408113
v -0.046667 2.491598 -0.415119
v -0.054831 2.481694 -0.418753
v -0.048185 2.481724 -0.398142
v -0.042139 2.481740 -0.389194
v -0.038263 2.498057 -0.413035
v 0.048465 2.481797 -0.398113
v 0.042422 2.481804 -0.389168
v 0.052747 2.481788 -0.408083
v 0.055098 2.481777 -0.418724
v 0.053471 2.481751 -0.440564
v 0.055350 2.481765 -0.429681
v 0.040460 2.491616 -0.451821
v 0.049568 2.481737 -0.450941
v 0.043745 2.481723 -0.460382
v 0.024775 2.466987 -0.483539
v 0.026927 2.481695 -0.474842
v 0.036107 2.481708 -0.468457
v 0.035778 2.467011 -0.477418
v 0.016644 2.481682 -0.479317
v 0.005700 2.481672 -0.481664
v 0.018106 2.491645 -0.380393
v 0.015923 2.481807 -0.371562
v 0.005457 2.481802 -0.369422
v 0.025824 2.481809 -0.375678
v 0.034784 2.481807 -0.381603
v -0.017939 2.491631 -0.380432
v -0.025551 2.481770 -0.375695
v -0.026124 2.491626 -0.384818
v -0.034504 2.481755 -0.381625
v -0.033784 2.467146 -0.372502
v -0.011408 2.498063 -0.386038
v -0.003793 2.498061 -0.384424
v -0.009101 2.491636 -0.377685
v -0.015657 2.481783 -0.371572
v -0.005195 2.481794 -0.369425
v -0.018605 2.498064 -0.389108
v -0.025120 2.498064 -0.393504
v -0.007510 2.504991 -0.397727
v -0.002337 2.504965 -0.396441
v -0.008386 2.506228 -0.401703
v -0.005502 2.507083 -0.405243
v -0.005150 2.506673 -0.402512
v -0.004048 2.506179 -0.399928
v -0.001279 2.506595 -0.401167
v -0.002230 2.506973 -0.403325
v -0.012400 2.505013 -0.400063
v -0.016858 2.505023 -0.403315
v -0.012463 2.506254 -0.404326
v -0.008890 2.506734 -0.404728
v -0.008714 2.507134 -0.407803
v -0.012388 2.506756 -0.407641
v 0.006617 2.502385 -0.391637
v 0.013460 2.504975 -0.399657
v 0.018068 2.504961 -0.402646
v 0.018660 2.502386 -0.396648
v 0.009854 2.506190 -0.401314
v 0.008562 2.507018 -0.404691
v 0.011290 2.506645 -0.403987
v 0.014231 2.506167 -0.403539
v 0.015105 2.506590 -0.406219
v 0.012469 2.506959 -0.406453
v 0.008349 2.504975 -0.397531
v 0.003007 2.504961 -0.396383
v 0.005198 2.506167 -0.399781
v 0.007045 2.506645 -0.402221
v 0.004553 2.506959 -0.403163
v 0.002781 2.506590 -0.401097
v 0.007889 2.504989 -0.453995
v 0.002468 2.504963 -0.455378
v 0.008811 2.506228 -0.450121
v 0.005832 2.507083 -0.446829
v 0.005442 2.506673 -0.449502
v 0.004272 2.506179 -0.452009
v 0.001377 2.506595 -0.450903
v 0.002394 2.506973 -0.448818
v 0.012980 2.505012 -0.451481
v 0.017560 2.505022 -0.447995
v 0.013037 2.506254 -0.447315
v 0.009347 2.506734 -0.447155
v 0.009177 2.507134 -0.444123
v 0.012951 2.506756 -0.444054
v 0.030964 2.502417 -0.437971
v 0.038844 2.498069 -0.436586
v 0.032787 2.502417 -0.431376
v 0.040249 2.498070 -0.428585
v 0.024395 2.505030 -0.438637
v 0.021411 2.505028 -0.443656
v 0.022063 2.506269 -0.434644
v 0.016731 2.507155 -0.432627
v 0.018500 2.506766 -0.435970
v 0.019792 2.506268 -0.439424
v 0.016045 2.506763 -0.440280
v 0.014752 2.507153 -0.436903
v 0.026458 2.505030 -0.433163
v 0.027543 2.505028 -0.427458
v 0.023521 2.506268 -0.429573
v 0.020267 2.506766 -0.431313
v 0.018101 2.507153 -0.428138
v 0.021297 2.506763 -0.426497
v 0.026622 2.505014 -0.416227
v 0.027594 2.505024 -0.421745
v 0.022676 2.506228 -0.414572
v 0.018281 2.507083 -0.415097
v 0.021023 2.506734 -0.417120
v 0.023812 2.506254 -0.419357
v 0.021541 2.506756 -0.421710
v 0.018843 2.507134 -0.419222
v 0.024704 2.504991 -0.411079
v 0.021863 2.504965 -0.406488
v 0.020765 2.506179 -0.410220
v 0.019843 2.506673 -0.412871
v 0.017226 2.506973 -0.411394
v 0.017971 2.506595 -0.409158
v -0.023796 2.505029 -0.412163
v -0.020702 2.505027 -0.407394
v -0.027187 2.502413 -0.406382
v -0.021601 2.506269 -0.416345
v -0.016319 2.507155 -0.418775
v -0.017999 2.506766 -0.415321
v -0.019197 2.506268 -0.411766
v -0.015466 2.506763 -0.411206
v -0.014243 2.507153 -0.414655
v -0.026053 2.505029 -0.417434
v -0.027386 2.505026 -0.423021
v -0.023255 2.506268 -0.421275
v -0.019914 2.506766 -0.419823
v -0.017842 2.507153 -0.423160
v -0.021138 2.506763 -0.424554
v -0.028572 2.502381 -0.444703
v -0.031986 2.498034 -0.451407
v -0.026989 2.505011 -0.434377
v -0.027705 2.505021 -0.428737
v -0.023091 2.506228 -0.436430
v -0.018594 2.507083 -0.436346
v -0.021295 2.506734 -0.434042
v -0.024014 2.506254 -0.431503
v -0.021600 2.506756 -0.429352
v -0.018972 2.507134 -0.432110
v -0.025278 2.504988 -0.439722
v -0.022559 2.504962 -0.444553
v -0.021333 2.506178 -0.440963
v -0.020289 2.506673 -0.438430
v -0.017676 2.506973 -0.440163
v -0.018522 2.506595 -0.442300
v -0.006927 2.502376 -0.459923
v -0.004147 2.498035 -0.466996
v -0.014043 2.504972 -0.451881
v -0.018768 2.504958 -0.448651
v -0.019437 2.502375 -0.454483
v -0.026425 2.498033 -0.457320
v -0.010284 2.506189 -0.450504
v -0.008895 2.507018 -0.447366
v -0.011748 2.506645 -0.447875
v -0.014806 2.506166 -0.448082
v -0.015660 2.506590 -0.445433
v -0.012926 2.506959 -0.445423
v -0.008732 2.504972 -0.454191
v -0.003141 2.504958 -0.455436
v -0.005428 2.506166 -0.452157
v -0.007343 2.506645 -0.449788
v -0.004723 2.506959 -0.448980
v -0.002885 2.506590 -0.450974
v -0.003006 2.507849 -0.441167
v 0.001879 2.507594 -0.443849
v 0.000586 2.507803 -0.441059
v -0.001267 2.507930 -0.438136
v 0.002684 2.507844 -0.437985
v 0.004393 2.507665 -0.441057
v -0.006302 2.507798 -0.441480
v -0.007592 2.507511 -0.444421
v -0.004689 2.507648 -0.443972
v -0.001535 2.507675 -0.443784
v -0.000587 2.507424 -0.446195
v -0.003456 2.507413 -0.446296
v -0.008335 2.507849 -0.438879
v -0.013666 2.507593 -0.437178
v -0.011262 2.507675 -0.439600
v -0.009238 2.507648 -0.442011
v -0.011797 2.507413 -0.442692
v -0.013687 2.507424 -0.440548
v -0.004972 2.507934 -0.438404
v -0.003575 2.507977 -0.435109
v -0.007347 2.507930 -0.435540
v -0.010743 2.507803 -0.436211
v -0.013398 2.507665 -0.433465
v -0.010001 2.507844 -0.432587
v 0.003080 2.507849 -0.411040
v -0.001667 2.507594 -0.408360
v -0.000373 2.507803 -0.411117
v 0.001477 2.507930 -0.413968
v -0.002355 2.507844 -0.414064
v -0.004052 2.507665 -0.411033
v 0.006231 2.507798 -0.410705
v 0.007379 2.507511 -0.407760
v 0.004617 2.507648 -0.408274
v 0.001606 2.507675 -0.408471
v 0.000652 2.507424 -0.406058
v 0.003387 2.507413 -0.405955
v 0.008269 2.507849 -0.413190
v 0.013469 2.507593 -0.414631
v 0.011057 2.507675 -0.412388
v 0.009028 2.507648 -0.410102
v 0.011461 2.507413 -0.409305
v 0.013354 2.507424 -0.411325
v 0.005049 2.507934 -0.413706
v 0.003785 2.507977 -0.416894
v 0.007430 2.507930 -0.416435
v 0.010687 2.507803 -0.415699
v 0.013365 2.507665 -0.418250
v 0.010100 2.507844 -0.419229
v -0.000584 2.507991 -0.427828
v -0.002105 2.507986 -0.431565
v 0.002151 2.507956 -0.431203
v 0.006432 2.507857 -0.430790
v 0.008854 2.507688 -0.434158
v 0.004657 2.507853 -0.434540
v -0.003373 2.507958 -0.424434
v -0.010224 2.507691 -0.421485
v -0.007627 2.507857 -0.424881
v -0.004862 2.507956 -0.428246
v -0.008965 2.507853 -0.428779
v -0.011691 2.507688 -0.425496
v 0.000938 2.507991 -0.424042
v 0.002411 2.507986 -0.420350
v -0.001786 2.507956 -0.420694
v -0.006043 2.507857 -0.421035
v -0.008422 2.507688 -0.417646
v -0.004267 2.507853 -0.417382
v 0.003735 2.507958 -0.427413
v 0.010603 2.507691 -0.430214
v 0.007962 2.507857 -0.426888
v 0.005173 2.507956 -0.423595
v 0.009200 2.507853 -0.422983
v 0.011965 2.507688 -0.426144
v 0.000608 2.884718 0.437574
v 0.002148 2.884709 0.441351
v -0.001866 2.884676 0.440863
v -0.006860 2.884347 0.440750
v -0.005022 2.884338 0.444625
v 0.003131 2.884681 0.434266
v 0.013383 2.883505 0.429755
v 0.008134 2.884347 0.434445
v 0.004645 2.884676 0.438118
v 0.009520 2.884338 0.438477
v -0.000935 2.884718 0.433744
v -0.002431 2.884709 0.430006
v 0.001531 2.884676 0.430477
v 0.006492 2.884347 0.430463
v 0.004651 2.884338 0.426678
v -0.003465 2.884681 0.437032
v -0.013764 2.883505 0.441140
v -0.008450 2.884347 0.436714
v -0.004934 2.884676 0.433175
v -0.009740 2.884338 0.432672
v -0.003286 2.884529 0.420661
v 0.000609 2.884268 0.420192
v -0.001713 2.884632 0.423634
v 0.002670 2.884321 0.423236
v 0.006231 2.883467 0.418340
v -0.006298 2.884466 0.420260
v -0.004968 2.884088 0.417261
v -0.001469 2.884121 0.417508
v -0.003895 2.883129 0.412839
v -0.008190 2.884529 0.422695
v -0.011610 2.884121 0.421716
v -0.009267 2.884088 0.419045
v -0.005109 2.884631 0.423274
v -0.003827 2.884691 0.426502
v -0.007296 2.884632 0.425951
v -0.011281 2.884268 0.425124
v -0.010681 2.884321 0.428781
v 0.003217 2.884529 0.450947
v -0.003574 2.883397 0.455900
v -0.000819 2.884268 0.451345
v 0.001519 2.884632 0.447885
v -0.002986 2.884321 0.448184
v 0.006357 2.884466 0.451329
v 0.008635 2.883312 0.456541
v 0.005045 2.884088 0.454344
v 0.001392 2.884121 0.454105
v 0.008242 2.884529 0.448794
v 0.011806 2.884121 0.449634
v 0.009468 2.884088 0.452440
v 0.005034 2.884631 0.448250
v 0.003632 2.884691 0.444930
v 0.007212 2.884632 0.445458
v 0.011336 2.884268 0.446151
v 0.010589 2.884321 0.442413
v 0.018117 2.880586 0.457486
v 0.020763 2.880592 0.454593
v -0.017621 2.880897 0.451608
v -0.017531 2.880586 0.413383
v 0.004086 2.863625 0.390787
v -0.033988 2.863643 0.463047
v -0.041746 2.863643 0.447252
v -0.048829 2.842920 0.413756
v 0.049972 2.842950 0.455274
v 0.021158 2.842939 0.485570
v 0.013205 2.863626 0.478319
v 0.010878 2.842937 0.488866
v 0.040152 2.764448 0.493826
v 0.049790 2.703402 0.494069
v 0.067985 2.703530 0.470577
v 0.060104 2.703461 0.483244
v -0.064001 2.703820 0.399501
v -0.070665 2.703464 0.456642
v -0.067508 2.764441 0.448089
v -0.073233 2.703542 0.442017
v -0.026449 2.764384 0.500604
v -0.018165 2.810670 0.496062
v -0.013130 2.764390 0.504874
v -0.020943 2.703271 0.508608
v -0.006207 2.703274 0.511748
v -0.033430 2.704069 0.369244
v 0.039342 2.810780 0.386347
v 0.026428 2.542350 0.357352
v 0.010931 2.542433 0.354204
v 0.017234 2.628458 0.358336
v 0.041083 2.542175 0.363398
v 0.045335 2.628314 0.369980
v 0.054334 2.541917 0.372095
v -0.021305 2.537861 0.514885
v -0.042726 2.626590 0.502322
v -0.050009 2.538213 0.499079
v -0.080124 2.353343 0.435805
v -0.069922 2.538846 0.473550
v -0.078538 2.539678 0.442515
v -0.072933 2.447650 0.401018
v -0.069590 2.358916 0.389293
v -0.065088 2.448548 0.386893
v -0.074761 2.540596 0.410913
v -0.068458 2.541042 0.396303
v 0.081005 2.447798 0.401027
v 0.074538 2.541191 0.396309
v 0.073161 2.448681 0.386904
v 0.079466 2.359041 0.389307
v 0.080841 2.540758 0.410917
v 0.074851 2.443084 0.479298
v 0.072014 2.348240 0.480900
v 0.081807 2.539409 0.458409
v 0.084620 2.539849 0.442516
v 0.079727 2.627277 0.450460
v 0.067384 2.538633 0.487315
v 0.013520 2.344701 0.512070
v 0.033029 2.626599 0.510017
v 0.042554 2.538083 0.508374
v 0.027396 2.537912 0.514885
v 0.017878 2.626539 0.514862
v 0.011270 2.537816 0.518298
v 0.022250 2.101759 0.425750
v 0.061184 2.184355 0.457548
v 0.054357 2.261054 0.486646
v 0.031220 2.179179 0.471655
v 0.014399 2.178068 0.474695
v 0.076469 2.119730 0.398389
v 0.085542 2.268848 0.449745
v 0.088122 2.197876 0.421156
v 0.091074 2.203204 0.406930
v 0.090091 2.272089 0.434571
v 0.080405 2.218775 0.365622
v 0.087053 2.213846 0.378668
v -0.063805 2.165501 0.329694
v -0.058043 2.123359 0.284087
v -0.075431 2.213763 0.378659
v -0.068782 2.218699 0.365609
v -0.070403 2.192741 0.434713
v -0.079450 2.203116 0.406927
v -0.011551 2.258415 0.499217
v -0.043161 2.260987 0.486649
v -0.049546 2.184298 0.457551
v -0.010659 2.182528 0.304291
v -0.046689 2.130678 0.277812
v -0.047602 2.226852 0.344040
v -0.041381 2.289481 0.353821
v -0.018514 2.231757 0.330985
v -0.002388 2.232799 0.328212
v 0.055704 2.130694 0.277815
v 0.030148 2.231782 0.330993
v 0.014025 2.232807 0.328215
v 0.052566 2.289545 0.353836
v 0.059230 2.226907 0.344053
v -0.005554 1.953556 0.213153
v -0.069021 2.000965 0.200955
v -0.074090 2.036087 0.258399
v -0.071678 2.013735 0.197727
v -0.071442 2.026664 0.194472
v 0.067586 2.082780 0.235582
v 0.066169 2.051132 0.188337
v 0.067203 1.988857 0.204014
v 0.059333 1.977898 0.206815
v 0.009094 1.953557 0.213151
v 0.049140 1.968590 0.209214
v 0.016665 1.950920 0.103098
v 0.011159 1.962126 0.086609
v 0.010578 1.955000 0.094462
v 0.008525 1.948420 0.103206
v 0.003595 1.953575 0.094547
v 0.005696 1.960448 0.086720
v 0.023755 1.948650 0.113041
v 0.031925 1.954066 0.112870
v 0.024180 1.954929 0.102983
v 0.017173 1.957746 0.094357
v 0.016217 1.964828 0.086511
v 0.023123 1.961715 0.094284
v 0.021834 1.943424 0.124929
v 0.027287 1.945184 0.168247
v 0.029983 1.945171 0.141886
v 0.031588 1.948570 0.124662
v 0.040160 1.951785 0.141344
v 0.014674 1.944891 0.113197
v 0.005048 1.942936 0.113300
v 0.011256 1.940209 0.125120
v 0.018654 1.940573 0.142287
v 0.006635 1.938180 0.142509
v 0.040072 1.974520 0.102951
v 0.027049 1.978160 0.086761
v 0.032116 1.972834 0.094400
v 0.036105 1.966954 0.102902
v 0.028166 1.966806 0.094296
v 0.024314 1.972993 0.086580
v 0.047872 1.978222 0.112527
v 0.049749 1.987788 0.112435
v 0.042529 1.982700 0.103022
v 0.034858 1.979523 0.094557
v 0.028771 1.983757 0.086981
v 0.036277 1.986599 0.094725
v 0.052080 1.973601 0.123717
v 0.059905 1.981185 0.139198
v 0.055203 1.984022 0.123382
v 0.062188 1.992804 0.138384
v 0.067797 1.992812 0.161790
v 0.044181 1.969167 0.112617
v 0.038818 1.960991 0.112725
v 0.046995 1.963949 0.124039
v 0.055362 1.970176 0.139975
v 0.048724 1.960226 0.140697
v 0.039890 2.007702 0.103115
v 0.027099 2.000920 0.087474
v 0.034806 2.000821 0.094964
v 0.042432 1.999604 0.103115
v 0.036259 1.993787 0.094866
v 0.028797 1.995354 0.087357
v 0.043830 2.015912 0.112042
v 0.038396 2.023938 0.111897
v 0.035864 2.015162 0.103094
v 0.032038 2.007444 0.095026
v 0.024381 2.006050 0.087551
v 0.028072 2.013399 0.095061
v 0.051670 2.015820 0.122298
v 0.054725 2.026909 0.135952
v 0.046449 2.025296 0.121948
v 0.047960 2.036633 0.135248
v 0.047642 2.006983 0.112189
v 0.049669 1.997494 0.112324
v 0.054984 2.005528 0.122666
v 0.059487 2.016088 0.136731
v 0.067429 2.017956 0.158480
v 0.062042 2.004582 0.137553
v -0.039745 2.007716 0.103192
v -0.027036 2.000940 0.087581
v -0.031958 2.007462 0.095111
v -0.035717 2.015177 0.103158
v -0.027991 2.013417 0.095129
v -0.024316 2.006071 0.087640
v -0.047355 2.006993 0.112257
v -0.049383 1.997502 0.112399
v -0.042287 1.999615 0.103203
v -0.034728 2.000837 0.095063
v -0.028736 1.995370 0.087479
v -0.036181 1.993798 0.094975
v -0.051141 2.015829 0.122348
v -0.061449 2.029978 0.156927
v -0.058467 2.016094 0.136772
v -0.054456 2.005535 0.122723
v -0.061022 2.004587 0.137598
v -0.043543 2.015924 0.112101
v -0.038108 2.023950 0.111944
v -0.045919 2.025306 0.121990
v -0.053704 2.026917 0.135987
v -0.055076 2.041036 0.155472
v -0.046939 2.036640 0.135277
v -0.039919 1.974517 0.103042
v -0.026976 1.978154 0.086887
v -0.034773 1.979522 0.094668
v -0.042380 1.982702 0.103118
v -0.036197 1.986605 0.094839
v -0.028704 1.983759 0.087113
v -0.043887 1.969161 0.112689
v -0.038521 1.960982 0.112789
v -0.035948 1.966945 0.102985
v -0.032025 1.972827 0.094505
v -0.024236 1.972981 0.086695
v -0.028072 1.966794 0.094389
v -0.051547 1.973598 0.123777
v -0.054337 1.970173 0.140019
v -0.046459 1.963943 0.124094
v -0.047698 1.960221 0.140736
v -0.055990 1.969295 0.164939
v -0.047581 1.978221 0.112604
v -0.049461 1.987792 0.112514
v -0.054673 1.984023 0.123445
v -0.058882 1.981185 0.139244
v -0.061167 1.992806 0.138431
v -0.016513 1.950911 0.103137
v -0.011087 1.962114 0.086663
v -0.017084 1.957734 0.094413
v -0.024024 1.954918 0.103039
v -0.023029 1.961701 0.094360
v -0.016140 1.964813 0.086589
v -0.014384 1.944885 0.113222
v -0.004760 1.942934 0.113308
v -0.008377 1.948416 0.103225
v -0.010494 1.954992 0.094497
v -0.005630 1.960442 0.086747
v -0.003515 1.953573 0.094559
v -0.021301 1.943419 0.124955
v -0.025373 1.945181 0.168260
v -0.017632 1.940570 0.142302
v -0.010725 1.940206 0.125133
v -0.005614 1.938179 0.142514
v -0.023461 1.948641 0.113080
v -0.031628 1.954056 0.112922
v -0.031052 1.948563 0.124699
v -0.028958 1.945166 0.141910
v -0.037264 1.951236 0.167403
v -0.039134 1.951779 0.141375
v -0.016340 2.030929 0.103014
v -0.011148 2.016892 0.087663
v -0.010450 2.025081 0.095093
v -0.008285 2.033379 0.102979
v -0.003501 2.026487 0.095076
v -0.005663 2.018570 0.087649
v -0.023117 2.036021 0.111682
v -0.031215 2.030730 0.111801
v -0.023793 2.026995 0.103060
v -0.017017 2.022367 0.095112
v -0.016220 2.014193 0.087673
v -0.022948 2.018445 0.095127
v -0.020896 2.045320 0.121197
v -0.024687 2.064369 0.152421
v -0.028326 2.051262 0.134203
v -0.030512 2.040319 0.121400
v -0.038375 2.044852 0.134674
v -0.036350 2.058541 0.153179
v -0.014158 2.039686 0.111593
v -0.004683 2.041587 0.111543
v -0.010509 2.048435 0.121067
v -0.017216 2.055702 0.133875
v -0.005470 2.058006 0.133704
v 0.016484 2.030920 0.102989
v 0.011209 2.016879 0.087629
v 0.017095 2.022353 0.095075
v 0.023939 2.026982 0.103023
v 0.023029 2.018428 0.095074
v 0.016284 2.014175 0.087621
v 0.014443 2.039681 0.111578
v 0.004966 2.041585 0.111538
v 0.008427 2.033374 0.102966
v 0.010526 2.025073 0.095071
v 0.005722 2.018564 0.087632
v 0.003575 2.026484 0.095069
v 0.021424 2.045314 0.121181
v 0.026598 2.064366 0.152413
v 0.018236 2.055699 0.133866
v 0.011036 2.048432 0.121059
v 0.006489 2.058005 0.133701
v 0.023404 2.036012 0.111657
v 0.031503 2.030718 0.111765
v 0.031042 2.040311 0.121375
v 0.029346 2.051257 0.134188
v 0.038262 2.058537 0.153167
v 0.039396 2.044846 0.134653
v -0.098778 2.329141 -0.040165
v -0.101067 1.901169 -0.041295
v -0.095427 2.118065 -0.050329
v -0.088885 2.329495 -0.058580
v -0.083668 2.118482 -0.067869
v -0.090945 1.901590 -0.060143
v -0.100982 2.531366 -0.029815
v -0.105153 2.531178 -0.009625
v -0.104979 2.328865 -0.020176
v -0.103615 2.117707 -0.030786
v -0.107414 1.900836 -0.020825
v -0.107902 2.117456 -0.010046
v -0.096013 2.721464 -0.038851
v -0.092866 3.050358 -0.037425
v -0.097901 2.895495 -0.028737
v -0.102031 2.721273 -0.019438
v -0.101928 2.895384 -0.009181
v -0.098669 3.050255 -0.018659
v -0.093006 2.531641 -0.048852
v -0.081546 2.531966 -0.065954
v -0.086402 2.721715 -0.056752
v -0.090178 2.895669 -0.047188
v -0.083581 3.050501 -0.054745
v -0.079073 2.895879 -0.063785
v -0.040854 2.330586 -0.097126
v -0.041803 1.902884 -0.099504
v -0.031353 2.119624 -0.101823
v -0.020809 2.330815 -0.103034
v -0.010581 2.119806 -0.105854
v -0.021291 1.903155 -0.105517
v -0.049679 2.532611 -0.091497
v -0.066925 2.532302 -0.080340
v -0.059380 2.330261 -0.087577
v -0.050971 2.119311 -0.093992
v -0.060758 1.902498 -0.089772
v -0.068666 2.118914 -0.082596
v -0.039717 2.722496 -0.094362
v -0.038434 3.050955 -0.091285
v -0.048179 2.896299 -0.088663
v -0.057725 2.722263 -0.085017
v -0.064900 2.896097 -0.077779
v -0.055852 3.050819 -0.082175
v -0.030559 2.532855 -0.099180
v -0.010316 2.532997 -0.103143
v -0.020233 2.722660 -0.100158
v -0.029640 2.896458 -0.096178
v -0.019586 3.051052 -0.096948
v -0.010012 2.896551 -0.100064
v 0.040840 2.330588 -0.097123
v 0.041793 1.902886 -0.099504
v 0.050960 2.119313 -0.093991
v 0.059364 2.330263 -0.087573
v 0.068654 2.118916 -0.082595
v 0.060747 1.902500 -0.089772
v 0.030541 2.532857 -0.099174
v 0.010301 2.532997 -0.103141
v 0.020798 2.330816 -0.103032
v 0.031344 2.119625 -0.101822
v 0.021284 1.903156 -0.105517
v 0.010574 2.119806 -0.105854
v 0.039685 2.722498 -0.094350
v 0.038358 3.050961 -0.091254
v 0.029594 2.896461 -0.096163
v 0.020206 2.722661 -0.100152
v 0.009975 2.896552 -0.100059
v 0.019524 3.051054 -0.096932
v 0.049656 2.532614 -0.091489
v 0.066900 2.532305 -0.080329
v 0.057687 2.722266 -0.084999
v 0.048124 2.896303 -0.088638
v 0.055765 3.050826 -0.082129
v 0.064840 2.896103 -0.077745
v 0.098767 2.329138 -0.040160
v 0.101053 1.901165 -0.041299
v 0.103598 2.117698 -0.030786
v 0.104957 2.328850 -0.020168
v 0.107860 2.117429 -0.010039
v 0.107382 1.900818 -0.020825
v 0.092991 2.531641 -0.048838
v 0.081525 2.531968 -0.065942
v 0.088873 2.329496 -0.058576
v 0.095418 2.118064 -0.050330
v 0.090936 1.901591 -0.060146
v 0.083657 2.118484 -0.067869
v 0.095994 2.721463 -0.038821
v 0.092818 3.050360 -0.037340
v 0.090139 2.895672 -0.047139
v 0.086373 2.721718 -0.056726
v 0.079019 2.895884 -0.063743
v 0.083508 3.050507 -0.054672
v 0.100968 2.531359 -0.029799
v 0.105127 2.531157 -0.009602
v 0.102016 2.721262 -0.019402
v 0.097879 2.895492 -0.028681
v 0.098650 3.050251 -0.018565
v 0.101917 2.895370 -0.009118
v -0.098967 2.328863 0.041300
v -0.101297 1.900767 0.042172
v -0.103782 2.117431 0.031802
v -0.105080 2.328707 0.021343
v -0.107960 2.117358 0.011082
v -0.107537 1.900620 0.021714
v -0.093190 2.531433 0.050083
v -0.081767 2.531820 0.067121
v -0.089136 2.329174 0.059681
v -0.095681 2.117661 0.051327
v -0.091252 1.901062 0.061030
v -0.083973 2.118038 0.068870
v -0.096129 2.721350 0.040224
v -0.092884 3.050400 0.038972
v -0.090260 2.895672 0.048611
v -0.086555 2.721655 0.058040
v -0.079171 2.896044 0.065077
v -0.083605 3.050680 0.056165
v -0.101103 2.531200 0.031098
v -0.105195 2.531116 0.010939
v -0.102093 2.721193 0.020864
v -0.097954 2.895451 0.030244
v -0.098679 3.050253 0.020276
v -0.101947 2.895361 0.010729
v 0.098799 2.328759 0.041350
v 0.101082 1.900644 0.042223
v 0.095453 2.117529 0.051386
v 0.088916 2.329041 0.059745
v 0.083699 2.117882 0.068942
v 0.090974 1.900905 0.061100
v 0.100997 2.531124 0.031144
v 0.105137 2.531071 0.010971
v 0.104974 2.328638 0.021376
v 0.103621 2.117335 0.031842
v 0.107397 1.900539 0.021744
v 0.107868 2.117301 0.011103
v 0.096039 2.721274 0.040285
v 0.092896 3.050352 0.039074
v 0.097924 2.895400 0.030320
v 0.102040 2.721143 0.020916
v 0.101933 2.895331 0.010799
v 0.098691 3.050221 0.020379
v 0.093034 2.531329 0.050142
v 0.081577 2.531697 0.067189
v 0.086433 2.721558 0.058109
v 0.090208 2.895602 0.048689
v 0.083611 3.050619 0.056261
v 0.079103 2.895961 0.065154
v -0.041049 2.330803 0.098238
v -0.042041 1.902523 0.100721
v -0.051228 2.119120 0.095125
v -0.059631 2.330216 0.088665
v -0.068971 2.118548 0.083645
v -0.061065 1.902009 0.090839
v -0.030689 2.533548 0.100184
v -0.010384 2.533891 0.104130
v -0.020932 2.331250 0.104175
v -0.031535 2.119623 0.103047
v -0.021444 1.902908 0.106863
v -0.010682 2.119925 0.107147
v -0.039833 2.723357 0.095283
v -0.038442 3.052340 0.091992
v -0.029689 2.897809 0.096907
v -0.020301 2.723843 0.100987
v -0.010027 2.898171 0.100686
v -0.019577 3.052828 0.097455
v -0.049864 2.532989 0.092543
v -0.067146 2.532362 0.081443
v -0.057877 2.722730 0.086063
v -0.048257 2.897227 0.089572
v -0.055872 3.051717 0.083146
v -0.064996 2.896586 0.078892
v 0.040866 2.330704 0.098287
v 0.041814 1.902406 0.100775
v 0.031352 2.119537 0.103088
v 0.020793 2.331198 0.104201
v 0.010539 2.119895 0.107161
v 0.021270 1.902845 0.106892
v 0.049699 2.532887 0.092597
v 0.066953 2.532240 0.081509
v 0.059406 2.330085 0.088730
v 0.050992 2.118990 0.095186
v 0.060785 1.901853 0.090912
v 0.068696 2.118392 0.083718
v 0.039729 2.723285 0.095326
v 0.038445 3.052294 0.092040
v 0.048196 2.897158 0.089625
v 0.057748 2.722635 0.086122
v 0.064925 2.896503 0.078960
v 0.055872 3.051656 0.083214
v 0.030561 2.533481 0.100220
v 0.010284 2.533868 0.104142
v 0.020223 2.723804 0.101010
v 0.029644 2.897763 0.096941
v 0.019583 3.052804 0.097479
v 0.009994 2.898155 0.100697
v 0.037054 3.289878 0.088574
v 0.027334 3.379403 0.088980
v 0.009307 3.379707 0.092358
v 0.018893 3.290336 0.093769
v 0.049765 3.461818 0.074314
v 0.044366 3.378937 0.082361
v 0.053837 3.289305 0.080129
v 0.059716 3.378438 0.072674
v -0.036925 3.289906 0.088505
v -0.043977 3.378978 0.082175
v -0.048718 3.461905 0.073779
v -0.059282 3.378487 0.072416
v -0.053686 3.289342 0.080027
v -0.027009 3.379430 0.088868
v -0.018786 3.290351 0.093734
v -0.009030 3.379716 0.092321
v -0.022691 3.528493 0.079603
v -0.007103 3.528531 0.082925
v 0.089460 3.288155 0.037759
v 0.082834 3.377782 0.045056
v 0.074136 3.461251 0.050575
v 0.072699 3.378036 0.060095
v 0.080536 3.288386 0.054275
v 0.089842 3.377640 0.028248
v 0.095023 3.288038 0.019783
v 0.093444 3.377580 0.010361
v -0.089334 3.288184 0.037575
v -0.089591 3.377669 0.027799
v -0.086666 3.461106 0.017711
v -0.093335 3.377593 0.009882
v -0.094941 3.288056 0.019583
v -0.082472 3.377823 0.044660
v -0.080382 3.288424 0.054113
v -0.072272 3.378086 0.059765
v 0.089322 3.288053 -0.035779
v 0.089605 3.377579 -0.025892
v 0.093362 3.377567 -0.007915
v 0.094949 3.288010 -0.017695
v 0.082471 3.377610 -0.042890
v 0.080350 3.288117 -0.052491
v 0.072258 3.377649 -0.058227
v 0.036891 3.288319 -0.087901
v 0.043958 3.377721 -0.081396
v 0.048717 3.461093 -0.072770
v 0.059262 3.377688 -0.071222
v 0.053642 3.288260 -0.079041
v 0.026996 3.377744 -0.088469
v 0.018765 3.288360 -0.093430
v 0.009025 3.377755 -0.092163
v -0.037044 3.288310 -0.087964
v -0.027327 3.377726 -0.088579
v -0.017635 3.461043 -0.086541
v -0.009306 3.377748 -0.092200
v -0.018890 3.288354 -0.093462
v -0.044354 3.377693 -0.081579
v -0.053821 3.288247 -0.079135
v -0.059699 3.377655 -0.071478
v -0.089428 3.288044 -0.035958
v -0.082805 3.377582 -0.043284
v -0.072676 3.377615 -0.058555
v -0.080508 3.288104 -0.052644
v -0.087046 3.461028 -0.016874
v -0.089808 3.377563 -0.026339
v -0.094990 3.288008 -0.017891
v -0.093410 3.377564 -0.008393
v -0.073117 3.527598 -0.039662
v -0.053407 3.597673 -0.031920
v -0.063835 3.587419 -0.025665
v -0.064724 3.587667 -0.011800
v -0.054335 3.598221 -0.019930
v -0.054915 3.586221 -0.049492
v -0.039842 3.527501 -0.073542
v -0.053343 3.527470 -0.064594
v -0.026424 3.596890 -0.062484
v -0.035239 3.586515 -0.065854
v -0.037273 3.596379 -0.057099
v 0.012282 3.566456 -0.076815
v 0.022701 3.527619 -0.079159
v 0.014277 3.597673 -0.059822
v 0.071350 3.567152 -0.011149
v 0.045813 3.587778 -0.042178
v 0.039448 3.598528 -0.030498
v 0.059409 3.587836 -0.015191
v 0.063242 3.587781 -0.000673
v -0.045633 3.598569 0.019658
v -0.053479 3.587863 0.031052
v -0.045783 3.587832 0.043812
v -0.039415 3.598542 0.032233
v 0.064763 3.587671 0.013762
v 0.053435 3.597681 0.033665
v 0.054934 3.586276 0.051032
v -0.014258 3.597740 0.060704
v -0.014729 3.587082 0.070074
v -0.004855 3.596697 0.065884
v 0.046417 3.586224 0.059894
v 0.026436 3.596958 0.063324
v 0.009605 3.586359 0.074233
v -0.015628 3.608510 -0.036449
v -0.011633 3.609046 -0.026848
v -0.021359 3.608528 -0.028717
v -0.030005 3.607209 -0.030885
v -0.036169 3.605889 -0.023326
v -0.027577 3.607718 -0.020593
v -0.010719 3.607615 -0.043647
v 0.001804 3.605082 -0.049535
v -0.001511 3.607209 -0.042627
v -0.006086 3.608528 -0.035008
v 0.004088 3.607718 -0.033629
v 0.008214 3.605889 -0.041608
v -0.019106 3.607055 -0.044842
v -0.022075 3.604130 -0.052020
v -0.014886 3.605527 -0.050937
v -0.006894 3.605842 -0.050102
v -0.004273 3.603315 -0.055638
v -0.011495 3.603160 -0.056198
v -0.024203 3.607615 -0.038089
v -0.037248 3.605082 -0.033436
v -0.031481 3.605842 -0.039963
v -0.026406 3.605527 -0.046186
v -0.032528 3.603160 -0.047520
v -0.037255 3.603315 -0.042034
v -0.008853 3.608982 0.004541
v -0.025822 3.606311 0.011505
v -0.019920 3.607970 0.002248
v -0.013571 3.608939 -0.007039
v -0.024183 3.607885 -0.009411
v -0.030362 3.606270 -0.000391
v 0.002453 3.609306 0.006674
v 0.007217 3.609220 0.017944
v -0.003860 3.608940 0.015971
v -0.015004 3.607971 0.013888
v -0.020468 3.606273 0.023020
v -0.009646 3.607889 0.025012
v 0.008887 3.608982 -0.002733
v 0.025857 3.606309 -0.009688
v 0.019955 3.607969 -0.000427
v 0.013606 3.608939 0.008833
v 0.024217 3.607886 0.011204
v 0.030398 3.606269 0.002229
v -0.002419 3.609305 -0.004875
v -0.007185 3.609218 -0.016212
v 0.003893 3.608939 -0.014216
v 0.015037 3.607969 -0.012104
v 0.020500 3.606269 -0.021292
v 0.009677 3.607885 -0.023335
v 0.015654 3.608516 0.037864
v 0.011663 3.609049 0.028446
v 0.021388 3.608531 0.030294
v 0.030033 3.607212 0.032454
v 0.036201 3.605891 0.025030
v 0.027609 3.607719 0.022298
v 0.010742 3.607628 0.044876
v -0.001783 3.605107 0.050603
v 0.001534 3.607223 0.043891
v 0.006113 3.608535 0.036453
v -0.004060 3.607726 0.035125
v -0.008189 3.605904 0.042931
v 0.019128 3.607068 0.046058
v 0.022093 3.604156 0.053052
v 0.014905 3.605551 0.051964
v 0.006914 3.605866 0.051139
v 0.004290 3.603354 0.056494
v 0.011511 3.603199 0.057046
v 0.024228 3.607622 0.039492
v 0.037275 3.605087 0.035006
v 0.031505 3.605850 0.041367
v 0.026426 3.605542 0.047407
v 0.032547 3.603179 0.048763
v 0.037277 3.603326 0.043447
v -0.037799 -0.004917 -0.091201
v -0.040707 0.139290 -0.098101
v -0.048698 0.060441 -0.090975
v -0.054929 -0.004942 -0.082118
v -0.065588 0.060393 -0.079822
v -0.059155 0.139220 -0.088354
v -0.029959 0.060481 -0.098706
v -0.020735 0.139339 -0.104173
v -0.010110 0.060504 -0.102720
v -0.009146 -0.054057 -0.093030
v -0.017083 -0.084217 -0.086000
v -0.044055 -0.054077 -0.082367
v -0.098296 0.138994 -0.040657
v -0.098844 0.060259 -0.029920
v -0.102885 0.060234 -0.010066
v -0.104421 0.138940 -0.020682
v -0.091076 0.060296 -0.048661
v -0.088489 0.139063 -0.059098
v -0.079888 0.060343 -0.065544
v -0.080969 -0.084242 -0.033521
v -0.082387 -0.054112 -0.044038
v -0.072269 -0.054103 -0.059320
v -0.072895 -0.084241 -0.048725
v -0.089411 -0.054118 -0.027080
v -0.086008 -0.084242 -0.017061
v -0.093063 -0.054121 -0.009119
v -0.091277 -0.005026 0.037830
v -0.098336 0.138932 0.040761
v -0.091106 0.060258 0.048736
v -0.082180 -0.005009 0.054953
v -0.079924 0.060291 0.065616
v -0.088543 0.138974 0.059200
v -0.098863 0.060235 0.030002
v -0.104443 0.138908 0.020793
v -0.102891 0.060226 0.010155
v -0.093064 -0.054119 0.009174
v -0.086010 -0.084234 0.017107
v -0.082395 -0.054104 0.044077
v -0.072278 -0.054094 0.059349
v -0.037813 -0.004947 0.091263
v -0.040749 0.139149 0.098289
v -0.029980 0.060398 0.098835
v -0.010122 0.060416 0.102867
v -0.020761 0.139189 0.104397
v -0.048728 0.060367 0.091080
v -0.059209 0.139091 0.088502
v -0.065624 0.060329 0.079905
v -0.048739 -0.084212 0.072903
v -0.017085 -0.084207 0.086011
v 0.037801 -0.004954 0.091266
v 0.040710 0.139129 0.098298
v 0.048702 0.060353 0.091086
v 0.065592 0.060312 0.079912
v 0.059161 0.139065 0.088514
v 0.029959 0.060389 0.098840
v 0.020732 0.139179 0.104402
v 0.010105 0.060413 0.102868
v 0.017084 -0.084208 0.086011
v 0.048738 -0.084213 0.072903
v 0.059337 -0.054086 0.072280
v 0.098298 0.138913 0.040768
v 0.098844 0.060226 0.030004
v 0.102880 0.060222 0.010155
v 0.104418 0.138897 0.020795
v 0.091079 0.060245 0.048740
v 0.088495 0.138949 0.059211
v 0.079893 0.060274 0.065623
v 0.080970 -0.084228 0.033556
v 0.082390 -0.054106 0.044076
v 0.072272 -0.054096 0.059350
v 0.072898 -0.084223 0.048750
v 0.089412 -0.054113 0.027128
v 0.086009 -0.084233 0.017105
v 0.093062 -0.054118 0.009172
v 0.098293 0.138996 -0.040660
v 0.091075 0.060299 -0.048663
v 0.079887 0.060346 -0.065545
v 0.088487 0.139066 -0.059100
v 0.096943 -0.005032 -0.019224
v 0.098841 0.060260 -0.029923
v 0.104415 0.138940 -0.020685
v 0.102879 0.060233 -0.010068
v 0.080969 -0.084240 -0.033523
v 0.082387 -0.054109 -0.044040
v 0.072896 -0.084238 -0.048726
v 0.072269 -0.054100 -0.059321
v 0.040706 0.139291 -0.098101
v 0.029958 0.060482 -0.098706
v 0.010109 0.060505 -0.102720
v 0.020734 0.139340 -0.104173
v 0.054928 -0.004940 -0.082118
v 0.048697 0.060443 -0.090975
v 0.059154 0.139223 -0.088355
v 0.065587 0.060395 -0.079822
v 0.033537 -0.084222 -0.080962
v 0.027103 -0.054064 -0.089384
v 0.017083 -0.084217 -0.086000
v 0.009146 -0.054057 -0.093030
v 0.010626 0.237602 -0.107779
v 0.031491 0.237551 -0.103588
v 0.051189 0.237463 -0.095504
v 0.068946 0.237353 -0.083826
v 0.083982 0.237235 -0.068851
v 0.095748 0.237123 -0.051123
v 0.103918 0.237026 -0.031430
v 0.108166 0.236954 -0.010558
v 0.108168 0.236919 0.010704
v 0.103924 0.236923 0.031574
v 0.095757 0.236960 0.051271
v 0.083993 0.237025 0.069018
v 0.068957 0.237113 0.084033
v 0.051198 0.237210 0.095769
v 0.031492 0.237297 0.103909
v 0.010616 0.237355 0.108136
v -0.010656 0.237363 0.108132
v -0.031543 0.237320 0.103899
v -0.051263 0.237245 0.095753
v -0.069033 0.237154 0.084014
v -0.084070 0.237067 0.069000
v -0.095822 0.236995 0.051258
v -0.103971 0.236947 0.031566
v -0.108197 0.236932 0.010702
v -0.108180 0.236959 -0.010557
v -0.103924 0.237025 -0.031427
v -0.095751 0.237120 -0.051121
v -0.083985 0.237232 -0.068849
v -0.010627 0.237601 -0.107779
v -0.031492 0.237549 -0.103588
v -0.051192 0.237461 -0.095504
v -0.068948 0.237350 -0.083825
v -0.000001 0.361203 -0.109790
v -0.000002 0.672454 -0.111217
v -0.000002 1.049173 -0.111016
v -0.000003 1.467421 -0.109649
v -0.070057 1.683632 -0.084460
v -0.052005 1.684067 -0.096071
v -0.031989 1.684410 -0.104044
v -0.010796 1.684609 -0.108146
v -0.078006 0.360757 -0.077830
v -0.079288 0.671709 -0.078978
v -0.079431 1.048144 -0.078960
v -0.078706 1.466208 -0.078057
v -0.110387 0.360252 0.000094
v -0.112247 0.670845 0.000148
v -0.112499 1.046941 0.000224
v -0.111511 1.464788 0.000324
v -0.085359 1.683161 -0.069440
v -0.097352 1.682703 -0.051541
v -0.105703 1.682310 -0.031588
v -0.110077 1.682030 -0.010409
v 0.078003 0.360760 -0.077831
v 0.079281 0.671712 -0.078980
v 0.079422 1.048146 -0.078962
v 0.078695 1.466211 -0.078059
v 0.070046 1.683634 -0.084460
v 0.051995 1.684068 -0.096071
v 0.031981 1.684411 -0.104044
v 0.010790 1.684609 -0.108146
v -0.019472 1.458213 -0.091891
v -0.014431 1.454860 -0.092002
v -0.008877 1.452558 -0.092182
v -0.003016 1.451371 -0.092332
v -0.023791 1.462549 -0.091944
v -0.027226 1.467716 -0.092175
v -0.029657 1.473475 -0.092506
v -0.030964 1.479586 -0.092862
v -0.031028 1.485810 -0.093168
v -0.029840 1.491912 -0.093391
v -0.027504 1.497664 -0.093545
v -0.024124 1.502838 -0.093643
v 0.024050 1.502872 -0.093771
v 0.027432 1.497697 -0.093703
v 0.029771 1.491940 -0.093575
v 0.030960 1.485831 -0.093371
v 0.030892 1.479596 -0.093074
v 0.029576 1.473473 -0.092715
v 0.027135 1.467702 -0.092370
v 0.023694 1.462526 -0.092117
v 0.019375 1.458187 -0.092033
v 0.014342 1.454838 -0.092108
v 0.008797 1.452542 -0.092247
v 0.002944 1.451365 -0.092354
v 0.019731 1.507236 -0.093795
v 0.014639 1.510633 -0.093790
v 0.008993 1.512980 -0.093769
v 0.003015 1.514192 -0.093745
v -0.019805 1.507205 -0.093697
v -0.014708 1.510609 -0.093721
v -0.009058 1.512964 -0.093728
v -0.003076 1.514187 -0.093732
v 0.085389 1.682354 0.070329
v 0.097374 1.682039 0.052363
v 0.105702 1.681868 0.032382
v 0.110032 1.681851 0.011191
v -0.000026 1.520713 -0.098393
v 0.000154 1.533859 -0.108552
v 0.001374 1.552663 -0.126118
v -0.026284 1.509781 -0.098339
v -0.034280 1.519640 -0.108639
v 0.026219 1.509810 -0.098437
v 0.034579 1.519661 -0.108711
v -0.000031 1.445549 -0.097192
v 0.000151 1.435701 -0.108600
v 0.001372 1.431931 -0.132936
v 0.026039 1.456416 -0.096916
v 0.034766 1.450100 -0.108260
v 0.056088 1.460906 -0.153953
v 0.063396 1.471669 -0.152678
v 0.068397 1.483577 -0.151290
v 0.070905 1.496142 -0.149834
v 0.037148 1.483179 -0.097954
v 0.049089 1.485054 -0.108679
v 0.070735 1.508876 -0.148352
v -0.049242 1.543499 -0.144250
v -0.037209 1.483165 -0.097771
v -0.048787 1.485044 -0.108547
v -0.060258 1.492836 -0.129409
v -0.026125 1.456438 -0.096778
v -0.034482 1.450116 -0.108160
v -0.042495 1.449832 -0.131635
v 0.012992 1.504943 -0.289577
v -0.045909 1.566141 -0.167819
v -0.060971 1.619251 -0.277584
v -0.054577 1.629403 -0.269317
v -0.045594 1.638498 -0.261930
v 0.079596 1.518793 -0.178307
v 0.057328 1.566147 -0.167835
v 0.058544 1.470516 -0.189141
v 0.097831 1.597386 -0.295545
v 0.094975 1.586381 -0.304593
v 0.069158 1.558388 -0.327720
v 0.011210 1.842830 -0.313391
v -0.031987 1.838888 -0.329722
v 0.026896 1.842873 -0.313402
v 0.027246 1.807868 -0.463926
v 0.043274 1.808607 -0.460806
v 0.079126 1.724695 -0.421832
v 0.101892 1.744133 -0.371225
v -0.043246 1.836457 -0.339897
v -0.053587 1.816961 -0.422923
v -0.044960 1.814080 -0.435556
v -0.033700 1.811651 -0.446343
v -0.051946 2.207188 -0.475259
v -0.034721 2.319106 -0.492525
v -0.047993 2.319173 -0.483357
v -0.059043 2.319279 -0.471763
v -0.067477 2.319422 -0.458205
v 0.065288 2.321059 -0.369318
v 0.026901 2.321330 -0.343920
v 0.011729 2.321331 -0.340828
v 0.015831 1.953389 -0.321535
v -0.033231 2.321056 -0.349871
v -0.018886 2.321191 -0.343926
v -0.003717 2.321285 -0.340831
v -0.050598 2.394605 -0.369316
v 0.034087 2.440203 -0.485996
v 0.056208 2.394125 -0.476716
v -0.006125 2.440104 -0.494429
v 0.000294 2.466948 -0.488740
v -0.033334 2.491619 -0.390697
v 0.035383 2.498068 -0.405424
v 0.038452 2.498070 -0.412733
v 0.043760 2.467224 -0.380092
v 0.033531 2.491645 -0.390623
v 0.000292 2.467213 -0.362066
v 0.000069 2.491640 -0.376727
v 0.000499 2.506147 -0.399230
v 0.000975 2.506878 -0.402402
v -0.007864 2.507443 -0.410928
v -0.005134 2.507410 -0.408085
v -0.002320 2.507308 -0.405739
v 0.000280 2.507135 -0.403972
v -0.016121 2.506263 -0.407707
v -0.011681 2.507147 -0.410952
v 0.017973 2.506147 -0.406490
v 0.015543 2.506878 -0.408452
v 0.002401 2.507132 -0.403925
v 0.005968 2.507272 -0.405419
v 0.009957 2.507272 -0.407076
v 0.013515 2.507132 -0.408540
v -0.000177 2.502374 -0.460648
v -0.000502 2.506146 -0.452747
v -0.000978 2.506878 -0.449749
v 0.008312 2.507443 -0.441017
v 0.005478 2.507410 -0.444015
v 0.002519 2.507308 -0.446456
v -0.000229 2.507135 -0.448238
v 0.016760 2.506263 -0.443711
v 0.012212 2.507147 -0.440789
v 0.010833 2.507452 -0.437498
v 0.012922 2.507456 -0.433557
v 0.014534 2.507456 -0.429363
v 0.015621 2.507452 -0.425082
v 0.033379 2.502415 -0.424622
v 0.024115 2.506263 -0.424412
v 0.018814 2.507148 -0.423613
v 0.015006 2.507135 -0.410082
v 0.015689 2.507308 -0.413203
v 0.016120 2.507410 -0.416890
v 0.016138 2.507443 -0.420881
v -0.010350 2.507452 -0.414280
v -0.012483 2.507456 -0.418072
v -0.014200 2.507456 -0.422157
v -0.015436 2.507452 -0.426388
v -0.024080 2.506263 -0.426386
v -0.018742 2.507148 -0.427657
v -0.016130 2.507443 -0.430617
v -0.016294 2.507410 -0.434697
v -0.016019 2.507308 -0.438481
v -0.015442 2.507135 -0.441666
v -0.024575 2.502372 -0.450070
v -0.018602 2.506146 -0.444903
v -0.016052 2.506878 -0.443224
v -0.002457 2.507132 -0.448284
v -0.006170 2.507272 -0.446768
v -0.010299 2.507272 -0.444981
v -0.013953 2.507132 -0.443310
v 0.006764 2.507682 -0.437819
v 0.000468 2.507949 -0.434818
v -0.006200 2.507949 -0.431990
v -0.012762 2.507682 -0.429535
v -0.006342 2.507682 -0.414122
v -0.000153 2.507949 -0.417168
v 0.006416 2.507949 -0.419895
v 0.012895 2.507682 -0.422108
v -0.006223 2.884662 0.429440
v -0.000100 2.884662 0.426894
v 0.006020 2.884662 0.441891
v -0.000189 2.884662 0.444523
v -0.027511 2.863617 0.400411
v -0.012720 2.863631 0.478228
v -0.033496 2.863617 0.406386
v -0.053267 2.842917 0.434254
v 0.018907 2.810691 0.496071
v 0.006629 2.810683 0.498689
v 0.060327 2.810733 0.452681
v 0.054734 2.810768 0.404944
v -0.061471 2.810680 0.428114
v -0.058844 2.810691 0.416142
v -0.054038 2.810705 0.404918
v -0.053019 2.628070 0.379591
v 0.066617 2.703950 0.399500
v 0.075852 2.703690 0.442018
v 0.080938 2.627465 0.434925
v 0.023560 2.703316 0.508609
v 0.064612 2.442331 0.492321
v 0.046125 2.345829 0.502090
v 0.087066 2.351609 0.451806
v 0.090002 2.353486 0.435808
v 0.091409 2.275440 0.418970
v 0.089649 2.355397 0.419682
v -0.071127 2.349709 0.467047
v -0.036229 2.345759 0.502092
v -0.020429 2.345048 0.508640
v -0.048508 2.361882 0.364935
v -0.034693 2.362949 0.356195
v -0.019420 2.363692 0.350123
v -0.003274 2.364084 0.346965
v -0.054322 2.287389 0.363444
v 0.065503 2.287471 0.363460
v 0.058388 2.361972 0.364950
v 0.013164 2.364098 0.346967
v -0.003695 2.034427 0.361458
v -0.073492 2.104969 0.299897
v 0.086376 2.084041 0.318014
v 0.083500 2.073540 0.327144
v 0.040101 1.955478 0.124355
v 0.030757 1.960324 0.102905
v 0.020666 1.968481 0.086485
v 0.075217 2.013736 0.197708
v 0.068966 2.005420 0.160130
v 0.056209 1.994800 0.123033
v 0.043347 1.991168 0.103086
v 0.029379 1.989563 0.087193
v 0.074981 2.026665 0.194455
v -0.062630 2.051132 0.188350
v -0.055680 1.994805 0.123094
v -0.043202 1.991175 0.103180
v -0.029316 1.989573 0.087324
v -0.039564 1.955471 0.124402
v -0.030599 1.960312 0.102976
v -0.020585 1.968466 0.086584
v -0.033456 1.961284 0.211123
v 0.000265 1.939094 0.125197
v 0.000073 1.947554 0.103259
v 0.000032 1.959868 0.086781
v -0.032424 2.077753 0.181760
v -0.038973 2.033587 0.121668
v -0.030346 2.021697 0.103111
v -0.020673 2.010553 0.087668
v 0.048536 2.050688 0.154187
v 0.039503 2.033578 0.121634
v 0.030493 2.021682 0.103060
v 0.020739 2.010533 0.087598
v 0.047898 2.070750 0.183474
v 0.035963 2.077752 0.181754
v 0.000955 2.069253 0.151787
v 0.000263 2.049511 0.121019
v 0.000070 2.034224 0.102961
v 0.000028 2.019147 0.087636
v 0.002202 2.011530 0.080425
v 0.006464 2.010659 0.080423
v 0.010490 2.008981 0.080418
v 0.014121 2.006557 0.080401
v -0.002137 2.011534 0.080435
v -0.006396 2.010670 0.080452
v -0.010418 2.008999 0.080467
v -0.014046 2.006578 0.080470
v -0.002086 1.966774 0.079444
v -0.006256 1.967613 0.079368
v -0.010207 1.969248 0.079269
v -0.013792 1.971634 0.079215
v -0.016869 1.974725 0.079275
v -0.019321 1.978413 0.079455
v -0.021060 1.982524 0.079701
v -0.021998 1.986887 0.079957
v -0.022046 1.991328 0.080169
v -0.021199 1.995682 0.080314
v -0.019533 1.999783 0.080405
v -0.017123 2.003469 0.080453
v 0.017198 2.003445 0.080362
v 0.019606 1.999759 0.080293
v 0.021270 1.995661 0.080183
v 0.022116 1.991314 0.080024
v 0.022071 1.986880 0.079806
v 0.021140 1.982526 0.079552
v 0.019408 1.978423 0.079316
v 0.016961 1.974742 0.079152
v 0.002160 1.966778 0.079428
v 0.006335 1.967623 0.079321
v 0.010292 1.969264 0.079193
v 0.013883 1.971652 0.079114
v -0.076329 3.182489 -0.061452
v -0.087033 3.182384 -0.045418
v -0.094466 3.182301 -0.027613
v -0.098329 3.182257 -0.008755
v -0.062657 3.182601 -0.075001
v -0.046521 3.182704 -0.085569
v -0.028627 3.182787 -0.092884
v -0.009684 3.182836 -0.096672
v 0.009601 3.182838 -0.096661
v 0.028528 3.182793 -0.092850
v 0.046401 3.182713 -0.085513
v 0.062525 3.182611 -0.074923
v 0.076206 3.182499 -0.061354
v 0.086940 3.182391 -0.045300
v 0.094416 3.182303 -0.027480
v 0.098324 3.182251 -0.008611
v -0.098319 3.182268 0.010443
v -0.094438 3.182356 0.029256
v -0.086989 3.182553 0.046954
v -0.076276 3.182887 0.062809
v 0.098352 3.182250 0.010589
v 0.094497 3.182326 0.029397
v 0.087064 3.182511 0.047085
v 0.076356 3.182837 0.062923
v -0.062601 3.183389 0.076090
v -0.046467 3.183996 0.086338
v -0.028575 3.184552 0.093363
v -0.009626 3.184904 0.096977
v 0.062678 3.183339 0.076183
v 0.046535 3.183954 0.086406
v 0.028633 3.184525 0.093405
v 0.009678 3.184894 0.096991
v 0.068546 3.288765 0.068614
v 0.000048 3.290531 0.095534
v -0.068383 3.288806 0.068481
v 0.096926 3.288000 0.001061
v -0.096901 3.288007 0.000856
v 0.068339 3.288190 -0.067128
v -0.000056 3.288373 -0.095353
v -0.068524 3.288176 -0.067252
v -0.053312 3.598427 -0.006975
v -0.043620 3.603135 -0.015472
v -0.044529 3.602714 -0.026831
v -0.043921 3.601632 -0.036906
v -0.042133 3.599876 -0.044950
v -0.055414 3.566231 -0.056824
v -0.038229 3.599812 -0.049309
v -0.029102 3.601156 -0.053980
v -0.018492 3.601156 -0.058358
v -0.008732 3.599811 -0.061479
v -0.004457 3.595673 -0.067724
v -0.002892 3.599876 -0.061138
v 0.004060 3.601632 -0.056692
v 0.011629 3.602713 -0.049973
v 0.019062 3.603134 -0.041279
v 0.031955 3.598425 -0.042063
v 0.025999 3.603285 -0.030956
v 0.032149 3.603361 -0.019429
v 0.037290 3.603361 -0.007207
v 0.041199 3.603286 0.005201
v -0.031926 3.598452 0.043578
v -0.041162 3.603286 -0.003336
v -0.037254 3.603363 0.009066
v -0.032115 3.603366 0.021217
v -0.025969 3.603296 0.032596
v 0.043654 3.603136 0.017288
v 0.044560 3.602717 0.028548
v 0.043946 3.601640 0.038485
v 0.042153 3.599893 0.046373
v 0.055428 3.566412 0.058244
v -0.019036 3.603154 0.042686
v -0.011607 3.602745 0.051094
v -0.004042 3.601680 0.057553
v 0.002907 3.599939 0.061825
v 0.038246 3.599836 0.050592
v 0.029117 3.601190 0.055038
v 0.018507 3.601204 0.059193
v 0.008747 3.599874 0.062161
v -0.033873 3.606148 -0.012166
v -0.017802 3.608810 -0.018279
v -0.001166 3.608810 -0.025124
v 0.014544 3.606148 -0.032089
v 0.033908 3.606149 0.013963
v 0.017835 3.608812 0.019993
v 0.001197 3.608814 0.026758
v -0.014515 3.606157 0.033651
v -0.000001 0.139359 -0.106272
v -0.000000 -0.084215 -0.087744
v -0.007996 -0.104870 -0.081353
v -0.023694 -0.104873 -0.078162
v -0.038514 -0.104877 -0.072022
v -0.051870 -0.104881 -0.063176
v -0.075318 0.139141 -0.075234
v -0.062049 -0.084237 -0.062042
v -0.063178 -0.104884 -0.051864
v -0.072023 -0.104884 -0.038502
v -0.078162 -0.104882 -0.023676
v -0.081353 -0.104879 -0.007974
v -0.106550 0.138909 0.000058
v -0.087754 -0.084239 0.000025
v -0.081354 -0.104875 0.008018
v -0.078163 -0.104870 0.023714
v -0.072025 -0.104866 0.038530
v -0.063180 -0.104861 0.051882
v -0.075377 0.139030 0.075349
v -0.069955 -0.004988 0.069952
v -0.051872 -0.104858 0.063186
v -0.038516 -0.104857 0.072029
v -0.023695 -0.104856 0.078167
v -0.007996 -0.104856 0.081357
v -0.000013 0.139202 0.106513
v -0.000004 -0.004930 0.098905
v 0.007996 -0.104856 0.081357
v 0.023695 -0.104856 0.078167
v 0.038516 -0.104857 0.072029
v 0.051873 -0.104858 0.063186
v 0.075325 0.139001 0.075361
v 0.062051 -0.084217 0.062059
v 0.063180 -0.104861 0.051882
v 0.072025 -0.104865 0.038529
v 0.078163 -0.104869 0.023712
v 0.081354 -0.104873 0.008016
v 0.106536 0.138905 0.000057
v 0.087753 -0.084237 0.000022
v 0.081354 -0.104877 -0.007976
v 0.078162 -0.104880 -0.023678
v 0.072023 -0.104881 -0.038503
v 0.063178 -0.104881 -0.051865
v 0.075317 0.139144 -0.075235
v 0.062049 -0.084234 -0.062043
v 0.007995 -0.104869 -0.081353
v 0.023694 -0.104872 -0.078162
v 0.038514 -0.104875 -0.072022
v 0.051871 -0.104879 -0.063176
v -0.077716 1.901486 0.077496
v -0.075900 2.329632 0.075707
v -0.073683 2.722118 0.073552
v -0.071149 3.051118 0.071115
v -0.000027 0.360849 0.110306
v -0.000046 0.671867 0.112093
v -0.000064 1.048446 0.112232
v -0.000075 1.466776 0.111078
v 0.078018 0.360423 0.078089
v 0.079305 0.671128 0.079420
v 0.079454 1.047354 0.079609
v 0.078734 1.465338 0.078910
v -0.010909 1.684131 0.109576
v -0.032191 1.683882 0.105346
v -0.052289 1.683461 0.097191
v -0.070394 1.682973 0.085397
v -0.109654 1.900639 0.000450
v -0.107162 2.328707 0.000591
v -0.104138 2.721172 0.000722
v -0.100683 3.050213 0.000819
v -0.000003 1.903259 -0.107579
v -0.000005 2.330902 -0.105062
v -0.000012 2.722722 -0.102151
v -0.000027 3.051089 -0.098898
v 0.077369 1.902052 -0.076551
v 0.075610 2.329885 -0.074621
v 0.073478 2.721996 -0.072352
v 0.071035 3.050669 -0.069827
v 0.109582 1.900597 0.000461
v 0.107110 2.328671 0.000608
v 0.104113 2.721146 0.000765
v 0.100687 3.050197 0.000919
v 0.077411 1.901316 0.077574
v 0.075656 2.329487 0.075778
v 0.073545 2.722012 0.073620
v 0.071150 3.051052 0.071199
v -0.000074 1.903045 0.108989
v -0.000059 2.331417 0.106226
v -0.000033 2.724030 0.102952
v 0.000004 3.053023 0.099333
v -0.077380 1.902050 -0.076550
v -0.075626 2.329883 -0.074626
v -0.073516 2.721992 -0.072374
v -0.071124 3.050662 -0.069886
v 0.070086 1.682802 0.085475
v 0.052025 1.683319 0.097257
v 0.031986 1.683789 0.105390
v 0.010748 1.684098 0.109591
v 0.085349 1.683162 -0.069442
v 0.097341 1.682702 -0.051545
v 0.105680 1.682300 -0.031591
v 0.110024 1.682001 -0.010404
v -0.110141 1.681913 0.011172
v -0.105887 1.681972 0.032342
v -0.097633 1.682184 0.052301
v -0.085696 1.682526 0.070253
v 0.110358 0.360239 0.000095
v 0.112198 0.670821 0.000152
v 0.112431 1.046906 0.000231
v 0.111434 1.464746 0.000334
v -0.078129 0.360484 0.078061
v -0.079495 0.671232 0.079374
v -0.079718 1.047499 0.079544
v -0.079043 1.465509 0.078832
v 0.001959 3.566802 0.079133
v 0.073708 3.567101 0.004323
v -0.064577 3.527500 -0.053165
v -0.078823 3.527696 -0.024637
v -0.081537 3.527764 -0.008656
v -0.024797 3.527505 -0.079749
v -0.008915 3.527482 -0.082920
v -0.063220 3.461003 -0.062338
v 0.007111 3.527518 -0.082728
v 0.037385 3.527714 -0.072511
v 0.050668 3.527770 -0.063081
v -0.000341 3.461060 -0.088241
v 0.062030 3.527802 -0.051162
v 0.071073 3.527816 -0.037209
v 0.077526 3.527814 -0.021840
v 0.081118 3.527801 -0.005673
v 0.062144 3.461091 -0.061620
v -0.088615 3.461059 0.000412
v -0.081078 3.527817 0.007695
v -0.077490 3.527870 0.023807
v -0.071043 3.527940 0.039041
v -0.062007 3.528044 0.052763
v 0.081576 3.527778 0.010674
v 0.078857 3.527750 0.026591
v 0.073143 3.527721 0.041476
v 0.064596 3.527740 0.054744
v 0.088652 3.461056 0.001599
v -0.062140 3.461574 0.063032
v -0.050651 3.528197 0.064333
v -0.037372 3.528371 0.073342
v 0.000345 3.462630 0.088356
v 0.008922 3.528495 0.083114
v 0.024805 3.528378 0.080185
v 0.039851 3.528158 0.074359
v 0.053355 3.527895 0.065826
v 0.063238 3.461478 0.063744
v 0.044114 3.566609 0.067231
v 0.016571 3.566838 0.077915
v -0.038402 3.567287 0.064645
v 0.073236 3.567012 0.019557
v 0.064073 3.566553 0.047025
v -0.071309 3.567171 0.013148
v 0.066378 3.567168 -0.026266
v 0.038422 3.566990 -0.063555
v -0.016563 3.566311 -0.077547
v -0.064051 3.566454 -0.045331
v -0.074111 3.461002 -0.048877
v -0.082132 3.461010 -0.033513
v -0.049753 3.461012 -0.073310
v -0.034332 3.461026 -0.081471
v 0.016882 3.461075 -0.086361
v 0.033433 3.461087 -0.081111
v 0.073159 3.461082 -0.047986
v 0.086698 3.461059 -0.015726
v 0.081438 3.461070 -0.032471
v -0.073146 3.461339 0.049690
v -0.081416 3.461191 0.034360
v 0.087083 3.461069 0.018857
v 0.082164 3.461125 0.035398
v -0.016882 3.462527 0.086615
v -0.033434 3.462254 0.081698
v 0.017641 3.462492 0.086793
v 0.034340 3.462189 0.082055
v -0.069965 3.566785 -0.032101
v -0.073199 3.566993 -0.017579
v 0.059054 3.567148 -0.040431
v -0.066340 3.567215 0.028181
v -0.025812 3.567210 0.072280
v -0.012270 3.566982 0.077194
v -0.001949 3.566232 -0.078886
v 0.049640 3.567092 -0.053049
v -0.049614 3.567272 0.054519
v 0.004470 3.595772 0.068243
v 0.045719 3.595703 0.052088
v 0.053351 3.598427 0.008891
v -0.045702 3.595673 -0.050705
v -0.073667 3.567102 -0.002307
v 0.014949 3.596467 0.066931
v 0.022601 3.586714 0.071670
v 0.037287 3.596426 0.058222
v 0.035249 3.586663 0.066763
v 0.030878 3.566849 0.073834
v -0.036530 3.587760 0.054827
v -0.023420 3.598265 0.053173
v -0.026046 3.587565 0.063669
v -0.002880 3.586452 0.073748
v 0.050598 3.596626 0.043968
v 0.060605 3.586912 0.040140
v 0.054369 3.598223 0.021785
v 0.063868 3.587431 0.027551
v 0.069995 3.566833 0.033976
v -0.063201 3.587785 0.002657
v -0.050344 3.598531 0.006404
v -0.059369 3.587848 0.017137
v -0.059022 3.567246 0.042176
v 0.050383 3.598529 -0.004481
v 0.053515 3.587835 -0.029217
v 0.045670 3.598563 -0.017790
v 0.036555 3.587665 -0.053498
v 0.023444 3.598220 -0.051968
v 0.026067 3.587418 -0.062711
v 0.004871 3.596608 -0.065254
v 0.002892 3.586221 -0.073342
v 0.014745 3.586884 -0.069453
v 0.025828 3.566786 -0.071587
v -0.009594 3.586127 -0.073835
v -0.014937 3.596379 -0.066318
v -0.022591 3.586515 -0.071075
v -0.046403 3.586127 -0.058643
v -0.044104 3.566311 -0.066180
v -0.030870 3.566424 -0.073166
v -0.050576 3.596609 -0.042384
v -0.060579 3.586884 -0.038393
v 0.000181 2.842934 0.490010
v 0.034585 2.863624 0.463445
v 0.043485 2.863651 0.439149
v -0.020767 2.863639 0.474617
v 0.012290 2.863637 0.392563
v -0.000427 2.875186 0.399758
v 0.009675 2.880859 0.411749
v -0.010130 2.880859 0.459387
v -0.005719 2.880794 0.462040
v 0.013234 2.880760 0.460188
v 0.016059 2.883490 0.438693
v -0.016166 2.883490 0.432118
v 0.004581 2.863619 0.480179
v 0.021342 2.863627 0.474793
v 0.041307 2.863655 0.421938
v 0.049056 2.842956 0.413859
v -0.044863 2.842920 0.464781
v -0.012560 2.863626 0.392472
v 0.027092 2.863652 0.400700
v 0.001004 2.880592 0.407316
v 0.005869 2.875219 0.400623
v -0.032612 2.875292 0.440902
v -0.022065 2.880793 0.420647
v -0.032768 2.875278 0.427150
v -0.023395 2.880859 0.425465
v -0.028157 2.875217 0.414743
v 0.017037 2.880897 0.419124
v 0.026902 2.875294 0.416070
v 0.033058 2.875280 0.442542
v 0.023672 2.880859 0.444946
v 0.002854 2.880586 0.464084
v 0.016258 2.883143 0.451357
v 0.013366 2.883128 0.454611
v -0.000371 2.883143 0.458513
v -0.006610 2.883467 0.452978
v -0.012981 2.883128 0.416613
v 0.003323 2.883397 0.415547
v 0.075146 1.936322 -0.456929
v 0.073351 1.950626 -0.344377
v -0.066474 1.943013 -0.399739
v -0.020212 1.809764 -0.454854
v 0.010898 1.807822 -0.463928
v -0.038041 1.724436 -0.421840
v -0.039735 1.606295 -0.364162
v -0.059405 1.820164 -0.409017
v -0.060859 1.743778 -0.371208
v -0.062714 1.640549 -0.323716
v -0.061911 1.827008 -0.379686
v -0.058465 1.830392 -0.365366
v -0.052158 1.833583 -0.351940
v 0.096520 1.830821 -0.365404
v 0.099969 1.827459 -0.379711
v 0.100824 1.640704 -0.323724
v 0.091682 1.817370 -0.422922
v 0.083071 1.814441 -0.435551
v 0.077870 1.606408 -0.364157
v 0.058346 1.809986 -0.454849
v 0.020556 1.716452 -0.443407
v 0.019075 1.591927 -0.381346
v 0.070059 1.839166 -0.329776
v 0.056873 1.840997 -0.321813
v 0.042301 1.842247 -0.316282
v 0.077257 1.763040 -0.322282
v 0.075920 1.674010 -0.284763
v -0.036217 1.762798 -0.322230
v -0.037805 1.673905 -0.284737
v -0.018788 1.840791 -0.321768
v -0.004203 1.842121 -0.316253
v 0.020540 1.770609 -0.302238
v 0.019067 1.687453 -0.268990
v 0.008705 1.658357 -0.245890
v -0.006621 1.656225 -0.247600
v -0.034310 1.646154 -0.255727
v 0.012990 1.631960 -0.218360
v 0.005711 1.585523 -0.163617
v 0.024300 1.658365 -0.245892
v 0.039624 1.656248 -0.247607
v 0.024655 1.545339 -0.338560
v 0.040639 1.547645 -0.336643
v 0.055682 1.552057 -0.332974
v 0.080438 1.566447 -0.321045
v 0.089111 1.575923 -0.313215
v 0.070804 1.524085 -0.278660
v 0.069064 1.613926 -0.228269
v 0.097478 1.608504 -0.286434
v 0.087568 1.629472 -0.269330
v 0.078587 1.638558 -0.261944
v 0.093553 1.569573 -0.252965
v -0.064487 1.608425 -0.286427
v -0.043089 1.613901 -0.228260
v -0.067579 1.569537 -0.252959
v -0.068177 1.518789 -0.178278
v 0.005710 1.450295 -0.193844
v -0.007628 1.547620 -0.336644
v -0.022673 1.552018 -0.332976
v -0.044825 1.524060 -0.278658
v -0.047128 1.470518 -0.189119
v -0.040705 1.451780 -0.155036
v -0.029494 1.444627 -0.155959
v -0.062443 1.483577 -0.151239
v -0.064948 1.496139 -0.149782
v -0.064778 1.508871 -0.148302
v -0.061952 1.521305 -0.146850
v -0.056698 1.532996 -0.145481
v 0.055198 1.543508 -0.144281
v 0.067910 1.521312 -0.146895
v 0.063002 1.492842 -0.129487
v 0.045228 1.449823 -0.131694
v 0.046656 1.451774 -0.155071
v 0.035447 1.444621 -0.155985
v 0.022968 1.439650 -0.156644
v 0.045766 1.552375 -0.143235
v 0.022481 1.564085 -0.141857
v 0.009558 1.566570 -0.141563
v 0.044595 1.535258 -0.127151
v -0.041852 1.535246 -0.127109
v -0.039810 1.552367 -0.143211
v -0.028748 1.559288 -0.142404
v -0.016522 1.564081 -0.141847
v -0.015195 1.952515 -0.327550
v 0.062583 1.935039 -0.467160
v 0.096836 1.941570 -0.415300
v -0.065188 1.941044 -0.415289
v -0.000591 1.933338 -0.479681
v -0.016386 1.933860 -0.474844
v -0.003694 1.649874 -0.413468
v -0.025606 1.721045 -0.430881
v -0.011273 1.718528 -0.437661
v -0.032257 1.656900 -0.401179
v -0.027242 1.600239 -0.371373
v -0.018766 1.652752 -0.408413
v 0.002795 1.592897 -0.380166
v -0.047999 1.728601 -0.410834
v -0.043536 1.662195 -0.391997
v -0.055243 1.733350 -0.398367
v -0.060871 1.682593 -0.356937
v -0.061443 1.631198 -0.334713
v -0.049758 1.613704 -0.355372
v -0.057059 1.622127 -0.345410
v -0.058922 1.749048 -0.357585
v -0.060517 1.689940 -0.344395
v -0.046334 1.758744 -0.332639
v -0.047996 1.666820 -0.292993
v -0.060736 1.649820 -0.312849
v -0.055735 1.658685 -0.302486
v 0.087366 1.759031 -0.332689
v 0.091566 1.704029 -0.320842
v 0.099950 1.749393 -0.357614
v 0.098843 1.649971 -0.312863
v 0.093842 1.658825 -0.302507
v 0.100634 1.738828 -0.384985
v 0.101798 1.682842 -0.356945
v 0.089070 1.728904 -0.410829
v 0.096300 1.733683 -0.398366
v 0.087886 1.613837 -0.355368
v 0.093138 1.668658 -0.381229
v 0.036784 1.717041 -0.441920
v 0.052377 1.718669 -0.437655
v 0.035354 1.592929 -0.380164
v 0.065383 1.600328 -0.371368
v 0.051000 1.595782 -0.376771
v 0.036091 1.770126 -0.303601
v 0.028291 1.723017 -0.288278
v 0.064996 1.766276 -0.313819
v 0.051091 1.768660 -0.307527
v 0.071338 1.715053 -0.302032
v 0.063602 1.679724 -0.278077
v 0.058167 1.718957 -0.295326
v 0.049660 1.683947 -0.273128
v -0.023943 1.766087 -0.313772
v -0.017221 1.718844 -0.295294
v 0.004984 1.770060 -0.303583
v -0.010026 1.768530 -0.307492
v 0.012670 1.722994 -0.288271
v -0.025481 1.679642 -0.278054
v -0.011533 1.683891 -0.273110
v -0.030941 1.621550 -0.224048
v -0.002367 1.630743 -0.219019
v -0.017189 1.627218 -0.220942
v -0.008443 1.584213 -0.163896
v -0.034753 1.574340 -0.166031
v 0.028346 1.630749 -0.219022
v 0.056918 1.621569 -0.224056
v 0.043167 1.627231 -0.220947
v 0.046172 1.574345 -0.166043
v 0.033518 1.580428 -0.164720
v 0.058507 1.516035 -0.283242
v 0.028985 1.506254 -0.288827
v 0.044361 1.510021 -0.286673
v 0.016959 1.473286 -0.239220
v 0.020309 1.451674 -0.193517
v 0.047282 1.462001 -0.191100
v 0.092267 1.557153 -0.259947
v 0.087111 1.534679 -0.216401
v 0.084317 1.521667 -0.221191
v 0.080691 1.533927 -0.273074
v 0.087912 1.545110 -0.266743
v 0.078347 1.505587 -0.181249
v 0.079102 1.604496 -0.233488
v 0.077424 1.572734 -0.202515
v 0.086830 1.547845 -0.211576
v 0.077902 1.531916 -0.175392
v 0.066518 1.556054 -0.170054
v 0.073459 1.544490 -0.172608
v -0.065656 1.581857 -0.246062
v -0.065160 1.560669 -0.206881
v -0.053128 1.604467 -0.233479
v -0.060745 1.593643 -0.239491
v -0.059072 1.572721 -0.202504
v -0.062039 1.544484 -0.172584
v -0.054713 1.533897 -0.273071
v -0.061936 1.545078 -0.266740
v -0.068759 1.534667 -0.216388
v -0.066929 1.505584 -0.181220
v -0.065965 1.521656 -0.221179
v -0.056211 1.480940 -0.186750
v -0.062876 1.492798 -0.184080
v -0.003001 1.506247 -0.288827
v 0.001396 1.473285 -0.239219
v -0.032525 1.516016 -0.283241
v -0.018379 1.510008 -0.286673
v -0.008890 1.451675 -0.193511
v -0.022934 1.455650 -0.192569
v -0.033116 1.442282 -0.132122
v -0.059145 1.481047 -0.130002
v -0.058910 1.504570 -0.128796
v -0.049505 1.526191 -0.127618
v 0.061656 1.504579 -0.128870
v 0.061888 1.481049 -0.130081
v 0.052827 1.459087 -0.131185
v 0.058438 1.469646 -0.130647
v 0.025115 1.436652 -0.132567
v 0.013240 1.551488 -0.126193
v -0.021935 1.548076 -0.126378
v -0.059614 1.946911 -0.369644
v 0.091240 1.947395 -0.369680
v 0.083547 1.949125 -0.356177
v 0.092471 1.939658 -0.430413
v 0.046846 1.952713 -0.327581
v 0.098110 1.943545 -0.399757
v 0.026147 2.498058 -0.457150
v 0.019464 2.498052 -0.461881
v 0.011981 2.498046 -0.465212
v 0.045295 2.467038 -0.469276
v 0.062553 2.467149 -0.423888
v -0.043164 2.467116 -0.380103
v -0.061944 2.466995 -0.423889
v -0.044696 2.466928 -0.469263
v -0.032471 2.440084 -0.485981
v -0.019708 2.440089 -0.491522
v -0.052370 2.393859 -0.476691
v -0.053348 2.440106 -0.468082
v -0.060579 2.440134 -0.456395
v -0.067762 2.440217 -0.430075
v -0.073227 2.394159 -0.422076
v -0.064538 2.440330 -0.403319
v -0.059226 2.440391 -0.390963
v -0.051725 2.440452 -0.379874
v 0.069091 2.440520 -0.416499
v 0.066173 2.440568 -0.403310
v 0.053347 2.440645 -0.379859
v 0.077081 2.394531 -0.422076
v 0.069402 2.440467 -0.430077
v 0.062213 2.440356 -0.456410
v 0.054977 2.440301 -0.468099
v 0.045488 2.440250 -0.478095
v 0.021319 2.440162 -0.491532
v 0.007733 2.440129 -0.494433
v 0.001907 2.393858 -0.500134
v 0.043858 2.440669 -0.370478
v 0.032728 2.440681 -0.363130
v 0.007420 2.440670 -0.355369
v 0.054424 2.394867 -0.369298
v -0.005818 2.440646 -0.355372
v -0.031119 2.440564 -0.363143
v -0.042243 2.440511 -0.370493
v 0.001902 2.394909 -0.347559
v -0.046203 2.320886 -0.358421
v 0.007521 2.211230 -0.334394
v 0.041251 2.321282 -0.349861
v 0.054230 2.321191 -0.358408
v 0.027896 2.319221 -0.498967
v 0.012080 2.319136 -0.502330
v 0.075538 2.319853 -0.458228
v 0.081205 2.320061 -0.443314
v 0.067026 2.207586 -0.475281
v 0.065176 2.210727 -0.358159
v 0.074029 2.320893 -0.382211
v 0.080214 2.320702 -0.396575
v 0.083599 2.320493 -0.411898
v 0.089972 2.209184 -0.415754
v -0.057253 2.320688 -0.369330
v -0.065985 2.320469 -0.382222
v -0.072161 2.320240 -0.396582
v -0.075539 2.320012 -0.411898
v -0.050130 2.210341 -0.358154
v -0.041719 1.950259 -0.344331
v -0.073141 2.319596 -0.443299
v -0.074899 2.208631 -0.415747
v 0.007533 2.206795 -0.500770
v 0.015850 1.933194 -0.481368
v -0.019863 2.319078 -0.498952
v -0.043463 1.935936 -0.456927
v -0.011633 2.467196 -0.363295
v -0.023133 2.467172 -0.366836
v 0.034376 2.467231 -0.372492
v 0.012218 2.467225 -0.363291
v 0.023721 2.467231 -0.366829
v 0.012781 2.466966 -0.487395
v 0.052878 2.467066 -0.459386
v 0.061626 2.467122 -0.436210
v 0.058362 2.467094 -0.448203
v 0.061064 2.467173 -0.411711
v 0.051477 2.467212 -0.389414
v 0.057308 2.467195 -0.400087
v -0.050876 2.467085 -0.389424
v -0.060456 2.467023 -0.411715
v -0.061017 2.466971 -0.436206
v -0.057754 2.466952 -0.448196
v -0.035183 2.466925 -0.477407
v -0.024183 2.466928 -0.483531
v -0.040889 2.393829 -0.486492
v -0.013155 2.393830 -0.498509
v -0.027619 2.393820 -0.493863
v -0.061522 2.393909 -0.464792
v -0.068144 2.393977 -0.451338
v -0.059904 2.394495 -0.380553
v -0.071445 2.394267 -0.407414
v -0.066929 2.394381 -0.393413
v 0.075295 2.394631 -0.407407
v 0.063739 2.394803 -0.380537
v 0.070772 2.394723 -0.393400
v 0.065368 2.394221 -0.464815
v 0.071996 2.394322 -0.451354
v 0.016972 2.393903 -0.498518
v 0.044720 2.394039 -0.486515
v 0.031442 2.393965 -0.493880
v 0.016315 2.394933 -0.349036
v 0.030216 2.394933 -0.353304
v -0.012509 2.394861 -0.349043
v -0.039273 2.394705 -0.360150
v -0.026405 2.394792 -0.353316
v -0.040270 2.081287 -0.346769
v -0.037699 2.210675 -0.348143
v -0.026842 2.081875 -0.338053
v -0.008307 2.211129 -0.336011
v 0.003714 2.082552 -0.328844
v -0.011990 2.082303 -0.331995
v -0.023570 2.210941 -0.340678
v 0.000037 1.953140 -0.323079
v -0.029303 1.951545 -0.334713
v 0.019702 2.082607 -0.328849
v 0.023349 2.211235 -0.336013
v 0.052742 2.210978 -0.348147
v 0.063674 2.081642 -0.346795
v 0.050250 2.082138 -0.338074
v 0.038611 2.211149 -0.340681
v 0.060943 1.951833 -0.334754
v 0.031621 1.953240 -0.323095
v 0.054432 2.207290 -0.485948
v 0.051731 2.073538 -0.483378
v 0.020052 2.072900 -0.493317
v 0.036381 2.073136 -0.489900
v 0.039884 2.207056 -0.493964
v 0.032289 1.933446 -0.479681
v 0.048082 1.934071 -0.474845
v 0.094349 2.077430 -0.417384
v 0.088710 2.208750 -0.431928
v 0.091496 2.076489 -0.433312
v 0.077076 2.207937 -0.462322
v 0.085618 2.075596 -0.448485
v 0.084357 2.208330 -0.447661
v 0.075107 2.080989 -0.357923
v 0.084141 2.080204 -0.371071
v 0.088033 2.209616 -0.399756
v 0.094011 2.078387 -0.401326
v 0.090525 2.079324 -0.385713
v 0.083089 2.210029 -0.384473
v -0.070595 2.077821 -0.401311
v -0.067116 2.078782 -0.385694
v -0.060336 2.209951 -0.370427
v -0.051704 2.080555 -0.357897
v -0.068030 2.209522 -0.384468
v -0.051920 1.948691 -0.356134
v -0.064549 1.944993 -0.384350
v -0.053435 2.074336 -0.462265
v -0.061994 2.207471 -0.462301
v -0.062179 2.075086 -0.448472
v -0.073632 2.208206 -0.431916
v -0.069277 2.207815 -0.447644
v -0.053512 1.937433 -0.444487
v 0.003397 2.072842 -0.493315
v -0.008966 2.206779 -0.499003
v -0.039356 2.206976 -0.485927
v -0.041999 2.073721 -0.474053
v -0.028280 2.073261 -0.483368
v -0.024812 2.206840 -0.493948
v -0.030892 1.934735 -0.467159
v -0.011798 2.883501 0.445484
v 0.014976 2.883501 0.434196
v -0.008382 2.883312 0.414888
v 0.000280 2.883143 0.412984
v -0.015878 2.883143 0.419690
v -0.016513 2.883467 0.427779
v 0.003992 2.883129 0.458656
v 0.031563 2.875259 0.449206
v 0.028892 2.875219 0.455371
v 0.030148 2.875296 0.422179
v 0.032324 2.875294 0.428782
v 0.022043 2.880903 0.428900
v -0.023931 2.880886 0.430649
v -0.030682 2.875294 0.447683
v -0.027606 2.875292 0.454043
v -0.022402 2.880902 0.441482
v -0.023602 2.880897 0.436048
v -0.018333 2.875279 0.464437
v -0.001078 2.880592 0.464011
v -0.013203 2.875224 0.402505
v -0.006853 2.875207 0.400485
v -0.012763 2.880759 0.410930
v -0.002759 2.880587 0.407244
v 0.005436 2.880794 0.409238
v 0.020229 2.842952 0.385150
v 0.020056 2.863647 0.395915
v -0.020416 2.863624 0.395739
v -0.029172 2.842931 0.389986
v -0.004166 2.863620 0.480151
v -0.027969 2.863642 0.469499
v -0.038610 2.863644 0.455518
v 0.044046 2.842957 0.404650
v 0.042083 2.863646 0.447784
v 0.052774 2.842952 0.444969
v 0.039091 2.863636 0.455997
v -0.009392 2.883490 0.449483
v 0.008164 2.880760 0.462383
v 0.025036 2.875186 0.460736
v 0.022524 2.880794 0.449915
v 0.023991 2.880887 0.439660
v -0.033325 2.875287 0.433970
v -0.020388 2.880902 0.446739
v 0.000455 2.875185 0.471356
v -0.007862 2.880760 0.408892
v -0.024228 2.875185 0.409646
v 0.022694 2.875290 0.410684
v 0.000120 2.842944 0.381025
v -0.041444 2.863636 0.421410
v 0.033109 2.863655 0.406785
v 0.043217 2.863654 0.430430
v 0.028601 2.863621 0.469786
v 0.038758 2.842945 0.473353
v 0.008857 2.085112 0.179960
v 0.022783 2.082599 0.180570
v -0.046624 2.050693 0.154204
v -0.005318 2.085112 0.179961
v -0.019244 2.082600 0.180574
v -0.044359 2.070751 0.183482
v 0.000956 1.940081 0.168997
v -0.019923 1.956203 0.212454
v -0.045598 1.968586 0.209226
v -0.047625 1.959355 0.166281
v -0.055791 1.977894 0.206830
v -0.063662 1.988853 0.204031
v -0.067055 2.005422 0.160161
v -0.068343 2.039280 0.191310
v -0.054552 2.061773 0.185704
v 0.058092 2.061772 0.185693
v 0.071882 2.039280 0.191294
v 0.072561 2.000968 0.200937
v 0.049541 1.959358 0.166257
v 0.023463 1.956205 0.212449
v 0.036997 1.961288 0.211114
v 0.059404 2.003553 0.274519
v 0.012716 2.034430 0.361458
v 0.077600 2.063566 0.335845
v -0.067072 2.114667 0.291551
v -0.077016 2.094630 0.308821
v -0.048502 2.046835 0.350495
v -0.033425 2.136374 0.272934
v -0.018797 2.140309 0.269569
v 0.003121 2.109937 0.222508
v 0.005597 2.292345 0.340643
v 0.029308 2.363733 0.350131
v 0.044577 2.363015 0.356207
v 0.064164 2.171659 0.320589
v -0.053307 2.171620 0.320580
v 0.005434 2.100906 0.427058
v 0.005601 2.258082 0.500910
v -0.003622 2.344687 0.512071
v -0.050352 2.346794 0.492741
v -0.055282 2.113299 0.408079
v -0.056272 2.263122 0.476377
v -0.062125 2.348126 0.480903
v -0.077185 2.351471 0.451805
v -0.078932 2.142826 0.363535
v -0.080230 2.275322 0.418966
v -0.079773 2.355255 0.419675
v -0.076175 2.357136 0.403995
v -0.060281 2.360522 0.376097
v 0.070158 2.360631 0.376112
v 0.086049 2.357272 0.404005
v 0.089787 2.142881 0.363537
v 0.081012 2.349837 0.467046
v 0.067465 2.263207 0.476373
v 0.030326 2.345091 0.508638
v 0.060244 2.346887 0.492739
v 0.058978 2.626801 0.492085
v 0.008823 2.703289 0.511748
v 0.037412 2.703353 0.502620
v 0.004045 2.440863 0.517932
v 0.002105 2.626508 0.516552
v 0.088011 2.445861 0.432487
v 0.073284 2.703607 0.456644
v 0.062760 2.449455 0.374560
v 0.057224 2.628187 0.379593
v 0.075539 2.703778 0.427274
v 0.072385 2.703866 0.412940
v 0.058462 2.704027 0.387437
v -0.079937 2.445698 0.432483
v -0.076729 2.627298 0.434924
v -0.072921 2.703630 0.427273
v -0.069768 2.703724 0.412940
v -0.055848 2.703913 0.387438
v -0.054685 2.449341 0.374549
v -0.056527 2.442214 0.492322
v -0.054767 2.626679 0.492083
v -0.065366 2.703397 0.470575
v -0.057485 2.703344 0.483241
v -0.034794 2.703281 0.502617
v -0.047171 2.703305 0.494065
v -0.045534 2.703997 0.377234
v -0.020047 2.704124 0.363692
v -0.005897 2.704161 0.360804
v 0.004042 2.450917 0.350662
v 0.002103 2.628465 0.356784
v 0.048147 2.704090 0.377233
v 0.036043 2.704138 0.369243
v 0.022659 2.704167 0.363692
v 0.008509 2.704175 0.360803
v -0.047698 2.764622 0.385608
v 0.070046 2.764583 0.434392
v 0.037893 2.863656 0.413960
v -0.038169 2.863628 0.413484
v 0.013594 2.880887 0.415067
v -0.023458 2.875288 0.459712
v 0.019881 2.880903 0.423797
v 0.033323 2.875289 0.435648
v 0.008941 2.883490 0.421678
v 0.014008 2.067997 0.151946
v -0.012098 2.067999 0.151951
v -0.012464 1.941394 0.168806
v -0.065884 1.992813 0.161821
v -0.062136 1.980609 0.163433
v -0.065518 2.017960 0.158510
v 0.056988 2.041031 0.155450
v 0.063361 2.029973 0.156901
v 0.057905 1.969298 0.164911
v 0.064050 1.980610 0.163403
v 0.014376 1.941396 0.168799
v 0.039178 1.951241 0.167384
v 0.033657 1.989727 0.281444
v 0.079749 2.060475 0.246432
v -0.074484 2.073515 0.327147
v -0.068583 2.063543 0.335848
v -0.062793 2.013225 0.269709
v -0.069835 2.024230 0.264254
v -0.027413 1.989722 0.281448
v 0.012369 2.142349 0.267830
v 0.027814 2.140316 0.269571
v 0.018106 2.108735 0.223081
v 0.032567 2.105252 0.224747
v 0.045408 2.229793 0.336340
v 0.022031 2.292026 0.342195
v 0.037881 2.291078 0.346670
v 0.051451 2.176607 0.313194
v -0.010839 2.292003 0.342189
v -0.033777 2.229752 0.336329
v -0.026692 2.291034 0.346659
v -0.040592 2.176577 0.313185
v -0.026188 2.180247 0.307701
v -0.035397 2.181262 0.465850
v -0.002756 2.178059 0.474696
v -0.019577 2.179153 0.471656
v -0.028029 2.259401 0.494363
v -0.011381 2.101748 0.425751
v -0.042394 2.108080 0.416035
v -0.078910 2.271972 0.434570
v -0.076496 2.197791 0.421156
v -0.066751 2.265745 0.463885
v -0.061357 2.188174 0.447032
v -0.074357 2.268738 0.449746
v -0.059413 2.223124 0.353913
v -0.064971 2.284813 0.375260
v -0.078196 2.278659 0.403532
v -0.079080 2.208506 0.392589
v -0.073019 2.281863 0.388793
v -0.076903 2.150825 0.351571
v -0.071766 2.158477 0.340157
v 0.090702 2.208593 0.392594
v 0.089372 2.278774 0.403541
v 0.076150 2.284910 0.375275
v 0.071038 2.223191 0.353926
v 0.084196 2.281971 0.388806
v 0.082620 2.158527 0.340164
v 0.072992 2.188243 0.447029
v 0.077940 2.265845 0.463882
v 0.082033 2.192820 0.434711
v 0.088483 2.134816 0.375641
v 0.083979 2.126994 0.387418
v 0.022752 2.258439 0.499216
v 0.047037 2.181304 0.465847
v 0.039228 2.259447 0.494361
v 0.053260 2.108111 0.416033
v 0.046936 2.626686 0.502323
v 0.056098 2.538325 0.499079
v 0.051787 2.441720 0.503038
v 0.020842 2.440974 0.516162
v 0.036976 2.441263 0.511091
v 0.068591 2.626940 0.479644
v 0.076008 2.538999 0.473550
v 0.075559 2.627100 0.465567
v 0.086718 2.444882 0.448748
v 0.082276 2.443945 0.464563
v 0.084284 2.540304 0.426494
v 0.079084 2.627659 0.419556
v 0.066990 2.628030 0.391382
v 0.065620 2.541584 0.383193
v 0.074356 2.627851 0.404872
v 0.086040 2.446845 0.416398
v -0.059540 2.541453 0.383187
v -0.062784 2.627892 0.391380
v -0.074877 2.627496 0.419555
v -0.078203 2.540134 0.426491
v -0.070149 2.627697 0.404871
v -0.077967 2.446687 0.416392
v -0.075517 2.627112 0.450459
v -0.075723 2.539244 0.458408
v -0.064380 2.626798 0.479642
v -0.061297 2.538497 0.487314
v -0.071349 2.626944 0.465566
v -0.066769 2.442946 0.479299
v -0.078641 2.444722 0.448747
v -0.074196 2.443794 0.464563
v -0.036464 2.538000 0.508374
v -0.013668 2.626505 0.514861
v -0.005179 2.537798 0.518298
v -0.028818 2.626533 0.510016
v -0.012752 2.440941 0.516163
v -0.043699 2.441627 0.503039
v -0.028887 2.441199 0.511092
v -0.004847 2.542417 0.354203
v -0.013029 2.628425 0.358336
v -0.020345 2.542301 0.357349
v -0.041130 2.628222 0.369978
v -0.048253 2.541809 0.372088
v -0.035001 2.542095 0.363393
v -0.027620 2.628343 0.362813
v -0.042019 2.449993 0.364481
v -0.012079 2.450798 0.352287
v -0.027625 2.450485 0.356977
v 0.031825 2.628406 0.362815
v 0.020162 2.450829 0.352291
v 0.050096 2.450082 0.364492
v 0.035705 2.450546 0.356985
v 0.014025 2.764735 0.366894
v -0.012558 2.764714 0.366894
v -0.043199 2.863640 0.429872
v -0.052023 2.842918 0.423770
v -0.043844 2.842923 0.404561
v -0.043306 2.863642 0.438590
v -0.030187 2.842925 0.480273
v -0.004287 2.863621 0.390759
v 0.017645 2.875280 0.406235
v 0.011962 2.875259 0.402844
v -0.019128 2.875207 0.405589
v -0.014161 2.880886 0.455876
v -0.006124 2.875218 0.470436
v -0.012468 2.875258 0.468060
v -0.020180 2.880591 0.416112
v -0.031015 2.875257 0.420666
v 0.023441 2.880897 0.434249
v 0.019868 2.875207 0.465072
v 0.007163 2.875207 0.470574
v 0.013764 2.875225 0.468396
v 0.016580 2.883467 0.443094
v 0.016567 2.883397 0.447273
v -0.016333 2.883397 0.423699
v -0.015237 2.883501 0.436626
v 0.011349 2.883501 0.425530
v 0.010359 2.842949 0.382091
v -0.020769 2.842928 0.485532
v -0.010507 2.842931 0.488847
v -0.049595 2.842918 0.455169
v -0.052432 2.842917 0.444856
v 0.027924 2.764429 0.500607
v 0.014603 2.764413 0.504876
v 0.068986 2.764552 0.448093
v 0.064242 2.764647 0.407890
v 0.057757 2.764677 0.395997
v -0.066935 2.764505 0.420836
v -0.057715 2.764399 0.473826
v -0.038676 2.764383 0.493822
v 0.038715 2.764721 0.377140
v 0.053569 2.842954 0.434371
v -0.037230 2.842926 0.396530
v 0.045266 2.842947 0.464872
v -0.010128 2.842940 0.382073
v 0.030593 2.842942 0.480330
v -0.038344 2.842922 0.473278
v 0.037421 2.842956 0.396602
v 0.000734 2.764729 0.365529
v 0.029264 2.810782 0.379676
v 0.018124 2.810782 0.375042
v 0.006346 2.810778 0.372631
v 0.049166 2.764702 0.385607
v -0.005646 2.810771 0.372629
v -0.017428 2.810761 0.375036
v -0.028572 2.810748 0.379665
v -0.038653 2.810734 0.386330
v 0.000736 2.764400 0.506365
v -0.005892 2.810676 0.498685
v -0.029700 2.810664 0.491058
v -0.040008 2.810661 0.483914
v -0.049263 2.764388 0.484796
v -0.048600 2.810659 0.474871
v -0.055168 2.810660 0.464289
v -0.059586 2.810664 0.452649
v -0.061729 2.810670 0.440430
v -0.068570 2.764470 0.434389
v -0.047245 2.810719 0.394846
v 0.047935 2.810775 0.394868
v 0.059549 2.810760 0.416172
v 0.062188 2.810751 0.428147
v 0.062458 2.810742 0.440464
v 0.055917 2.810724 0.464319
v 0.049354 2.810715 0.474897
v 0.050741 2.764470 0.484801
v 0.030448 2.810698 0.491073
v 0.040762 2.810706 0.483935
v 0.026844 2.764732 0.370834
v -0.037247 2.764659 0.377141
v -0.025376 2.764689 0.370834
v -0.063843 2.764417 0.461412
v -0.056287 2.764584 0.395997
v -0.062769 2.764544 0.407889
v 0.068409 2.764616 0.420838
v 0.059194 2.764495 0.473831
v 0.065322 2.764522 0.461417
v 0.052285 2.842955 0.423882
v -0.020015 2.842935 0.385114
v 0.029370 2.842954 0.390041
v -0.077627 2.134762 0.375641
v -0.065608 2.119684 0.398391
v -0.027542 2.104184 0.422002
v 0.045978 2.099650 0.227436
v -0.026325 2.105249 0.224748
v -0.011864 2.108734 0.223081
v -0.039736 2.099645 0.227438
v -0.003350 2.142346 0.267829
v -0.041184 1.995631 0.278481
v -0.012445 1.986023 0.283312
v -0.019789 2.036614 0.359518
v -0.068746 2.072091 0.240773
v -0.061345 2.082773 0.235586
v -0.073509 2.060467 0.246439
v 0.082505 2.104993 0.299898
v 0.086030 2.094656 0.308820
v 0.069036 2.013234 0.269701
v 0.080331 2.036097 0.258391
v 0.018689 1.986025 0.283310
v 0.043955 2.040822 0.355805
v 0.057521 2.046852 0.350492
v 0.066145 2.113338 0.408076
v 0.005432 2.183317 0.303114
v -0.034935 2.040809 0.355807
v -0.077362 2.084015 0.318016
v 0.076086 2.114690 0.291553
v 0.057815 2.092094 0.231077
v 0.081601 2.048331 0.252375
v 0.003122 1.984740 0.283961
v -0.075361 2.048322 0.252383
v -0.051574 2.092088 0.231079
v -0.053161 2.003545 0.274526
v -0.059856 2.054512 0.343753
v 0.028809 2.036621 0.359517
v 0.047428 1.995638 0.278476
v 0.068874 2.054533 0.343750
v 0.076077 2.024240 0.264246
v 0.067058 2.123379 0.284090
v 0.074987 2.072099 0.240767
v 0.042442 2.136386 0.272937
v 0.021523 2.182538 0.304294
v 0.037050 2.180268 0.307708
v -0.073121 2.126943 0.387419
v 0.074660 2.165546 0.329703
v 0.087757 2.150879 0.351576
v 0.038410 2.104206 0.422000
v 0.069934 -0.004968 -0.069906
v 0.098911 -0.005040 0.000033
v 0.069939 -0.004997 0.069955
v -0.000000 -0.084207 0.087756
v -0.062053 -0.084217 0.062060
v -0.098915 -0.005041 0.000035
v -0.069935 -0.004970 -0.069906
v -0.000000 -0.004890 -0.098826
v 0.048736 -0.084228 -0.072890
v 0.059334 -0.054088 -0.072255
v 0.044055 -0.054075 -0.082367
v 0.019253 -0.004897 -0.096866
v 0.037799 -0.004915 -0.091201
v 0.086008 -0.084239 -0.017063
v 0.093062 -0.054119 -0.009121
v 0.089411 -0.054116 -0.027082
v 0.082161 -0.004994 -0.054906
v 0.091262 -0.005016 -0.037775
v 0.082165 -0.005016 0.054956
v 0.096945 -0.005040 0.019288
v 0.091265 -0.005031 0.037831
v 0.044058 -0.054077 0.082394
v 0.009145 -0.054064 0.093062
v 0.027104 -0.054069 0.089414
v 0.033539 -0.084210 0.080974
v 0.019253 -0.004937 0.096941
v 0.054932 -0.004975 0.082173
v -0.009149 -0.054063 0.093062
v -0.027108 -0.054067 0.089413
v -0.059343 -0.054083 0.072279
v -0.044063 -0.054074 0.082393
v -0.033540 -0.084209 0.080973
v -0.054947 -0.004967 0.082170
v -0.019263 -0.004934 0.096940
v -0.072899 -0.084223 0.048751
v -0.089416 -0.054113 0.027129
v -0.080972 -0.084229 0.033558
v -0.096953 -0.005037 0.019288
v -0.082161 -0.004997 -0.054904
v -0.096945 -0.005034 -0.019222
v -0.091262 -0.005018 -0.037772
v -0.059334 -0.054090 -0.072254
v -0.048736 -0.084230 -0.072890
v -0.027103 -0.054065 -0.089384
v -0.033537 -0.084223 -0.080962
v -0.019254 -0.004897 -0.096866
v -0.012163 2.498035 -0.465277
v -0.035109 2.498060 -0.405694
v -0.030687 2.498062 -0.399097
v 0.040112 2.498071 -0.420539
v 0.031716 2.498062 -0.451184
v 0.011641 2.498064 -0.385971
v 0.003982 2.498061 -0.384403
v -0.033361 2.502408 -0.425347
v 0.023889 2.502411 -0.449627
v 0.023725 2.502383 -0.400760
v -0.023029 2.502412 -0.401209
v 0.000180 2.502382 -0.390976
v 0.018895 2.498064 -0.388990
v 0.025452 2.498063 -0.393329
v 0.004008 2.498039 -0.466975
v 0.035974 2.498066 -0.444224
v 0.034627 2.491608 -0.459468
v 0.031015 2.498065 -0.398870
v 0.047928 2.491634 -0.424404
v -0.047834 2.491592 -0.424517
v 0.000015 2.491582 -0.474559
v -0.019702 2.498034 -0.461996
v -0.034648 2.491575 -0.459535
v -0.013446 2.502379 -0.457808
v -0.038966 2.498045 -0.436887
v -0.032993 2.502403 -0.432082
v -0.036185 2.498039 -0.444492
v -0.031382 2.502394 -0.438620
v -0.040024 2.498053 -0.420859
v -0.032457 2.502411 -0.418670
v -0.030364 2.502413 -0.412275
v 0.032696 2.502412 -0.417966
v 0.027800 2.502392 -0.405820
v 0.030808 2.502404 -0.411628
v 0.027977 2.502415 -0.444143
v 0.006515 2.502383 -0.459841
v 0.018791 2.502406 -0.454174
v 0.012915 2.502397 -0.457627
v 0.012863 2.502390 -0.393578
v -0.006201 2.502390 -0.391719
v -0.018008 2.502409 -0.396961
v -0.012328 2.502402 -0.393761
v 0.026311 2.491646 -0.384761
v 0.009248 2.491643 -0.377666
v 0.009627 2.491588 -0.473508
v 0.027310 2.491601 -0.465771
v 0.018851 2.491594 -0.470515
v 0.047201 2.491628 -0.433916
v 0.044681 2.491622 -0.443179
v 0.046800 2.491638 -0.415008
v 0.039459 2.491644 -0.397812
v 0.043930 2.491641 -0.406042
v -0.039270 2.491612 -0.397902
v -0.047148 2.491586 -0.434024
v -0.040470 2.491577 -0.451904
v -0.027324 2.491575 -0.465821
v -0.009605 2.491578 -0.473524
v -0.018847 2.491576 -0.470548
v -0.042949 0.853848 -0.102880
v -0.021876 0.854049 -0.109139
v -0.042587 0.506964 -0.102302
v -0.062420 0.853563 -0.092778
v -0.042769 1.254248 -0.102152
v -0.021784 1.254504 -0.108329
v -0.021692 0.507097 -0.108574
v -0.061890 0.506775 -0.092205
v -0.062161 1.253885 -0.092162
v -0.103776 0.852585 -0.042764
v -0.102870 0.506133 -0.042473
v -0.110271 0.852338 -0.021702
v -0.103371 1.252635 -0.042482
v -0.093402 0.852894 -0.062172
v -0.092596 0.506335 -0.061740
v -0.109296 0.505973 -0.021582
v -0.109853 1.252320 -0.021518
v -0.093028 1.253031 -0.061788
v -0.103947 0.852251 0.043129
v -0.102983 0.505919 0.042705
v -0.093629 0.852424 0.062572
v -0.103589 1.252215 0.043020
v -0.110362 0.852166 0.022063
v -0.109356 0.505862 0.021814
v -0.092746 0.506031 0.061992
v -0.093318 1.252448 0.062365
v -0.109969 1.252101 0.022053
v -0.043126 0.853198 0.103709
v -0.042704 0.506519 0.102841
v -0.021989 0.853388 0.110122
v -0.042995 1.253521 0.103231
v -0.062647 0.852937 0.093424
v -0.062040 0.506356 0.092620
v -0.021767 0.506637 0.109217
v -0.021929 1.253790 0.109589
v -0.062451 1.253154 0.093027
v 0.042957 0.853112 0.103749
v 0.042592 0.506463 0.102867
v 0.062438 0.852823 0.093476
v 0.042779 1.253411 0.103282
v 0.021860 0.853342 0.110143
v 0.021682 0.506607 0.109231
v 0.061903 0.506281 0.092654
v 0.062184 1.253008 0.093094
v 0.021764 1.253731 0.109616
v 0.103782 0.852162 0.043164
v 0.102875 0.505861 0.042727
v 0.110253 0.852108 0.022083
v 0.103380 1.252100 0.043067
v 0.093419 0.852310 0.062621
v 0.092608 0.505956 0.062024
v 0.109284 0.505825 0.021826
v 0.109831 1.252025 0.022080
v 0.093051 1.252301 0.062430
v 0.103763 0.852583 -0.042768
v 0.102861 0.506133 -0.042477
v 0.093394 0.852896 -0.062176
v 0.103355 1.252632 -0.042487
v 0.110243 0.852327 -0.021703
v 0.109277 0.505966 -0.021584
v 0.092591 0.506338 -0.061743
v 0.093018 1.253033 -0.061792
v 0.109818 1.252305 -0.021519
v 0.042944 0.853850 -0.102880
v 0.042583 0.506966 -0.102302
v 0.021872 0.854050 -0.109139
v 0.042762 1.254250 -0.102153
v 0.062412 0.853565 -0.092779
v 0.061886 0.506777 -0.092206
v 0.021689 0.507098 -0.108574
v 0.021778 1.254505 -0.108329
v 0.062151 1.253887 -0.092163
v -0.020282 1.537787 -0.115797
v -0.016392 1.523860 -0.103261
v -0.010057 1.540879 -0.115718
v -0.029746 1.532827 -0.115919
v -0.023843 1.519901 -0.103260
v -0.008336 1.526327 -0.103257
v -0.010119 1.565624 -0.141668
v -0.034454 1.556082 -0.142778
v 0.021373 1.537798 -0.115824
v 0.016428 1.523875 -0.103302
v 0.030834 1.532841 -0.115961
v 0.028710 1.561967 -0.142106
v 0.011151 1.540884 -0.115732
v 0.008376 1.526335 -0.103278
v 0.023876 1.519922 -0.103323
v 0.040411 1.556089 -0.142798
v 0.021641 1.436911 -0.117757
v 0.016430 1.443573 -0.102307
v 0.011293 1.433757 -0.117915
v 0.031190 1.441973 -0.117553
v 0.023879 1.447551 -0.102206
v 0.008376 1.441103 -0.102415
v 0.016411 1.438046 -0.156861
v 0.041242 1.447938 -0.155557
v 0.051366 1.466703 -0.117105
v 0.039781 1.467148 -0.102513
v 0.046334 1.457153 -0.117214
v 0.054479 1.477024 -0.117005
v 0.042291 1.475364 -0.102763
v 0.035777 1.459560 -0.102302
v 0.051099 1.508552 -0.116531
v 0.039778 1.500521 -0.103262
v 0.054336 1.498343 -0.116722
v 0.065572 1.527280 -0.146194
v 0.045978 1.517953 -0.116328
v 0.035773 1.508031 -0.103314
v 0.042289 1.492368 -0.103160
v 0.059188 1.538433 -0.144880
v -0.050009 1.508536 -0.116443
v -0.039744 1.500498 -0.103133
v -0.044889 1.517935 -0.116255
v -0.059615 1.527272 -0.146152
v -0.053245 1.498330 -0.116623
v -0.042254 1.492349 -0.103013
v -0.035742 1.508006 -0.103207
v -0.050285 1.466707 -0.117002
v -0.039759 1.467155 -0.102361
v -0.053392 1.477022 -0.116897
v -0.060244 1.477512 -0.151946
v -0.045256 1.457162 -0.117119
v -0.035762 1.459574 -0.102163
v -0.042262 1.475361 -0.102604
v -0.054068 1.466118 -0.153287
v -0.020558 1.436921 -0.117713
v -0.016407 1.443587 -0.102242
v -0.030113 1.441985 -0.117489
v -0.023381 1.441855 -0.156329
v -0.010206 1.433762 -0.117893
v -0.008346 1.441110 -0.102382
v -0.023863 1.447570 -0.102112
v -0.010455 1.438048 -0.156851
v -0.021209 1.478287 -0.237326
v -0.006312 1.474313 -0.238829
v -0.034918 1.484636 -0.234938
v -0.029647 1.554948 -0.330537
v 0.000287 1.546201 -0.337831
v -0.063479 1.515367 -0.223502
v -0.067734 1.528111 -0.218800
v -0.059408 1.580981 -0.308980
v -0.056450 1.503540 -0.227885
v -0.063797 1.591763 -0.300097
v -0.052111 1.570967 -0.317253
v -0.062445 1.566822 -0.204644
v -0.067182 1.554320 -0.209194
v -0.055075 1.578311 -0.200481
v 0.080797 1.566834 -0.204656
v 0.085534 1.554333 -0.209206
v 0.091106 1.624508 -0.273371
v 0.073426 1.578323 -0.200492
v 0.096097 1.613976 -0.281961
v 0.081831 1.515377 -0.223514
v 0.086086 1.528122 -0.218812
v 0.074802 1.503549 -0.227895
v 0.085113 1.571035 -0.317252
v 0.039562 1.478290 -0.237331
v 0.048318 1.549599 -0.335017
v 0.053271 1.484641 -0.234945
v 0.024667 1.474314 -0.238831
v 0.038529 1.602505 -0.191810
v 0.047016 1.654436 -0.249073
v 0.024115 1.606255 -0.190478
v 0.051896 1.596475 -0.193960
v 0.060925 1.649397 -0.253153
v -0.020175 1.602499 -0.191805
v -0.014015 1.654407 -0.249063
v -0.033543 1.596467 -0.193954
v -0.005761 1.606252 -0.190476
v -0.027927 1.649354 -0.253140
v -0.010088 1.720366 -0.292711
v -0.011634 1.841531 -0.318692
v -0.024015 1.717019 -0.298395
v 0.004926 1.722452 -0.289178
v 0.051038 1.720457 -0.292738
v 0.064956 1.717152 -0.298431
v 0.049725 1.841698 -0.318730
v 0.036032 1.722498 -0.289192
v 0.052367 1.651247 -0.411222
v 0.036747 1.649000 -0.415102
v 0.066721 1.654819 -0.405046
v 0.065324 1.810897 -0.450894
v 0.096417 1.672051 -0.375411
v 0.089156 1.665427 -0.386777
v 0.094946 1.818957 -0.416095
v 0.100770 1.679179 -0.363206
v 0.099278 1.822293 -0.401775
v 0.095092 1.700753 -0.326418
v 0.100063 1.693801 -0.338255
v 0.093708 1.832432 -0.358555
v 0.087393 1.707128 -0.315563
v 0.086069 1.835436 -0.345769
v -0.054171 1.700528 -0.326386
v -0.046468 1.706927 -0.315525
v -0.055653 1.832020 -0.358511
v -0.059142 1.693559 -0.338233
v -0.055475 1.671817 -0.375412
v -0.059838 1.678932 -0.363202
v -0.048203 1.665214 -0.386782
v -0.061205 1.821844 -0.401767
v -0.011388 1.651147 -0.411228
v -0.025748 1.654675 -0.405054
v -0.012832 1.809040 -0.458169
v 0.004237 1.648949 -0.415106
v 0.002802 1.808062 -0.462741
v -0.020769 2.073092 -0.486999
v -0.035384 2.073471 -0.479039
v -0.004848 2.072882 -0.492011
v -0.065489 2.075501 -0.441020
v -0.058154 2.074696 -0.455580
v -0.069883 2.076393 -0.425391
v -0.064273 2.079252 -0.378217
v -0.056536 2.080143 -0.364252
v -0.069234 2.078304 -0.393414
v 0.087680 2.079773 -0.378238
v 0.092646 2.078861 -0.393431
v 0.079940 2.080610 -0.364277
v 0.088925 2.076034 -0.441032
v 0.093311 2.076956 -0.425403
v 0.081596 2.075178 -0.455593
v 0.044219 2.073317 -0.487007
v 0.058834 2.073797 -0.479051
v 0.028298 2.072996 -0.492016
v 0.042969 2.082323 -0.334694
v 0.027624 2.082559 -0.330050
v 0.057175 2.081910 -0.342118
v -0.019558 2.082110 -0.334676
v -0.004209 2.082451 -0.330040
v -0.033769 2.081600 -0.342094
v -0.025087 2.440588 -0.360295
v -0.012378 2.440629 -0.356383
v 0.038469 2.440677 -0.366537
v 0.026694 2.440683 -0.360284
v 0.047946 2.321242 -0.353824
v 0.013981 2.440678 -0.356378
v 0.035488 2.319276 -0.496120
v 0.014594 2.440145 -0.493329
v 0.049640 2.319408 -0.488289
v 0.064945 2.440383 -0.450096
v 0.068556 2.440439 -0.436863
v 0.082950 2.320169 -0.435543
v 0.071655 2.319753 -0.465216
v 0.058885 2.440328 -0.462433
v 0.077456 2.320800 -0.389241
v 0.067945 2.440544 -0.409828
v 0.063800 2.440590 -0.396999
v 0.057361 2.440629 -0.385218
v -0.069408 2.320355 -0.389250
v -0.055736 2.440422 -0.385233
v -0.066308 2.440300 -0.409835
v -0.063309 2.440151 -0.450084
v -0.066917 2.440193 -0.436857
v -0.074886 2.319692 -0.435532
v -0.026226 2.440085 -0.489064
v -0.012037 2.319078 -0.501040
v -0.038373 2.440085 -0.482307
v -0.021665 2.481655 -0.477336
v -0.010994 2.481660 -0.480772
v -0.031454 2.481653 -0.471881
v -0.037757 2.498042 -0.440756
v -0.051525 2.481666 -0.445863
v -0.046656 2.481659 -0.455821
v -0.054419 2.481675 -0.435184
v -0.039806 2.498047 -0.432924
v -0.036852 2.498058 -0.409288
v -0.050559 2.481716 -0.403021
v -0.039325 2.498055 -0.416903
v -0.053903 2.481701 -0.413372
v -0.045372 2.481732 -0.393518
v 0.050837 2.481793 -0.402992
v 0.045653 2.481801 -0.393490
v 0.054174 2.481783 -0.413341
v 0.051766 2.481744 -0.445843
v 0.034013 2.498064 -0.447809
v 0.054670 2.481758 -0.435159
v 0.046890 2.481730 -0.455805
v 0.021896 2.481688 -0.477332
v 0.015803 2.498049 -0.463732
v 0.031682 2.481701 -0.471874
v 0.011228 2.481677 -0.480770
v 0.015336 2.498064 -0.387308
v 0.020968 2.481808 -0.373384
v 0.010737 2.481804 -0.370234
v 0.030445 2.481808 -0.378425
v -0.015075 2.498064 -0.387400
v -0.020698 2.481776 -0.373397
v -0.007637 2.498062 -0.385041
v -0.021965 2.498064 -0.391148
v -0.030169 2.481763 -0.378444
v -0.010473 2.481788 -0.370241
v -0.009997 2.505003 -0.398775
v -0.004952 2.504977 -0.396942
v -0.007039 2.506710 -0.403530
v -0.014694 2.505019 -0.401580
v -0.003228 2.506632 -0.401712
v -0.010680 2.506748 -0.406100
v 0.010948 2.504979 -0.398486
v 0.015846 2.504968 -0.401045
v 0.009189 2.506658 -0.403052
v 0.005693 2.504967 -0.396820
v 0.007844 2.498062 -0.384997
v 0.022279 2.498064 -0.391002
v 0.013283 2.506618 -0.405038
v 0.004896 2.506619 -0.401551
v 0.010485 2.505002 -0.452867
v 0.005211 2.504975 -0.454840
v 0.007419 2.506710 -0.448428
v 0.015348 2.505018 -0.449852
v 0.003425 2.506632 -0.450339
v 0.011200 2.506748 -0.445694
v 0.025545 2.505030 -0.435943
v 0.037587 2.498067 -0.440470
v 0.023015 2.505029 -0.441218
v 0.019473 2.506766 -0.433673
v 0.027126 2.505029 -0.430325
v 0.039735 2.498070 -0.432611
v 0.017356 2.506764 -0.438180
v 0.020877 2.506764 -0.428913
v 0.025777 2.505004 -0.413596
v 0.027231 2.505020 -0.418951
v 0.020510 2.506710 -0.414944
v 0.023401 2.504977 -0.408702
v 0.021371 2.506748 -0.419382
v 0.019003 2.506632 -0.410932
v -0.025035 2.505029 -0.414747
v -0.022348 2.505028 -0.409704
v -0.019038 2.506766 -0.417533
v -0.026841 2.505028 -0.420200
v -0.033048 2.498061 -0.402286
v -0.016805 2.506764 -0.413205
v -0.020617 2.506764 -0.422170
v -0.026255 2.505001 -0.437101
v -0.027474 2.505017 -0.431580
v -0.020875 2.506710 -0.436285
v -0.024049 2.504974 -0.442216
v -0.034260 2.498037 -0.448055
v -0.021539 2.506748 -0.431723
v -0.019512 2.506632 -0.440445
v -0.011439 2.504975 -0.453154
v -0.016500 2.504965 -0.450377
v -0.009573 2.506657 -0.448896
v -0.005955 2.504965 -0.454962
v -0.008193 2.498035 -0.466343
v -0.023187 2.498033 -0.459823
v -0.013799 2.506618 -0.446722
v -0.005099 2.506618 -0.450499
v -0.005645 2.507881 -0.439967
v -0.000478 2.507753 -0.442464
v -0.006948 2.507677 -0.442959
v -0.011026 2.507753 -0.437937
v -0.004283 2.507963 -0.436786
v 0.001644 2.507831 -0.439567
v -0.002542 2.507563 -0.445051
v -0.011502 2.507563 -0.441188
v -0.010404 2.507831 -0.434425
v 0.005648 2.507881 -0.412187
v 0.000622 2.507753 -0.409760
v 0.006805 2.507677 -0.409237
v 0.010893 2.507753 -0.414016
v 0.004429 2.507963 -0.415271
v -0.001368 2.507831 -0.412548
v 0.002540 2.507563 -0.407214
v 0.011229 2.507563 -0.410817
v 0.010427 2.507831 -0.417436
v 0.000180 2.507992 -0.425932
v -0.001348 2.507989 -0.429712
v -0.006862 2.507858 -0.422942
v 0.001683 2.507989 -0.422175
v 0.007230 2.507858 -0.428849
v 0.005572 2.507856 -0.432694
v -0.008330 2.507856 -0.426832
v -0.005175 2.507856 -0.419175
v 0.008620 2.507856 -0.424926
v -0.000166 2.884719 0.435657
v 0.001382 2.884715 0.439478
v 0.007342 2.884348 0.432438
v -0.001692 2.884715 0.431855
v -0.007689 2.884348 0.438742
v -0.005969 2.884344 0.442718
v 0.008863 2.884344 0.436464
v 0.005593 2.884344 0.428537
v -0.009135 2.884344 0.434684
v -0.005713 2.884566 0.421744
v -0.000432 2.884210 0.418807
v -0.007106 2.884119 0.418187
v -0.011476 2.884209 0.423388
v -0.004481 2.884670 0.424857
v 0.001645 2.884303 0.421667
v -0.002593 2.883821 0.415713
v -0.012005 2.883821 0.419619
v -0.011019 2.884303 0.426922
v 0.005706 2.884566 0.449819
v 0.000286 2.884210 0.452775
v 0.007247 2.884119 0.453372
v 0.011603 2.884209 0.447928
v 0.004343 2.884670 0.446622
v -0.001913 2.884303 0.449814
v 0.002594 2.883821 0.455882
v 0.012281 2.883821 0.451713
v 0.011000 2.884303 0.444310
v 0.005533 2.880704 0.463272
v 0.015686 2.880704 0.458880
v 0.023199 2.880833 0.447482
v 0.023938 2.880876 0.442331
v 0.021695 2.880721 0.452275
v 0.018539 2.880901 0.421395
v 0.022843 2.880901 0.431555
v -0.022825 2.880832 0.423001
v -0.023767 2.880876 0.428021
v -0.021167 2.880720 0.418363
v -0.023107 2.880900 0.438774
v -0.019095 2.880900 0.449235
v -0.003421 2.880721 0.463083
v -0.012205 2.880876 0.457732
v -0.010342 2.880772 0.409837
v -0.015151 2.880704 0.412126
v 0.003239 2.880721 0.408235
v 0.007585 2.880833 0.410389
v 0.023683 2.863650 0.398137
v 0.008224 2.863631 0.391469
v -0.016561 2.863626 0.393921
v -0.008455 2.863624 0.391411
v -0.024495 2.863641 0.472236
v -0.036479 2.863643 0.459396
v -0.040370 2.863643 0.451456
v -0.042729 2.863642 0.442949
v -0.039988 2.863632 0.417362
v -0.042519 2.863638 0.425591
v 0.039780 2.863656 0.417867
v 0.042459 2.863655 0.426137
v 0.040781 2.863642 0.451964
v 0.042988 2.863649 0.443498
v 0.017358 2.863628 0.476752
v 0.025106 2.863625 0.472463
v 0.008930 2.863623 0.479470
v 0.035789 2.810702 0.487756
v 0.043822 2.703376 0.498647
v 0.070967 2.703568 0.463733
v 0.064358 2.703495 0.477105
v 0.052897 2.810719 0.469770
v 0.074303 2.703821 0.420025
v 0.061153 2.810755 0.422091
v -0.067197 2.703772 0.406079
v -0.060209 2.703867 0.393267
v -0.068347 2.703429 0.463731
v -0.057654 2.810662 0.458571
v -0.060950 2.810667 0.446582
v -0.072299 2.703501 0.449380
v -0.024055 2.810667 0.493842
v -0.028016 2.703274 0.505951
v -0.012090 2.810673 0.497686
v -0.013649 2.703271 0.510552
v -0.026867 2.704099 0.366149
v -0.023106 2.810755 0.377084
v -0.011590 2.810766 0.373543
v -0.039674 2.704035 0.372948
v 0.029479 2.704155 0.366149
v 0.012288 2.810781 0.373547
v 0.034462 2.810782 0.382768
v 0.037088 2.363416 0.352820
v 0.033896 2.542273 0.360028
v 0.018750 2.542403 0.355400
v 0.047919 2.542056 0.367430
v -0.041837 2.541962 0.367424
v -0.027813 2.542209 0.360024
v -0.012666 2.542371 0.355398
v -0.029046 2.537921 0.511997
v -0.013323 2.537820 0.516999
v -0.043478 2.538097 0.504054
v -0.073186 2.539039 0.466112
v -0.065952 2.538664 0.480643
v -0.079055 2.352397 0.443860
v -0.077514 2.539457 0.450517
v -0.071952 2.540822 0.403454
v -0.073239 2.358043 0.396489
v -0.076855 2.540365 0.418614
v -0.064311 2.541253 0.389526
v -0.065260 2.359745 0.382474
v 0.078032 2.540979 0.403459
v 0.083114 2.358174 0.396501
v 0.070390 2.541394 0.389532
v 0.082936 2.540533 0.418617
v 0.075136 2.359863 0.382488
v 0.079271 2.539200 0.466113
v 0.072039 2.538810 0.480643
v 0.076870 2.349012 0.474186
v 0.083597 2.539626 0.450518
v 0.035136 2.537988 0.511997
v 0.022007 2.344851 0.510764
v 0.049568 2.538195 0.504055
v 0.019413 2.537854 0.516999
v 0.039296 2.180120 0.469080
v 0.022893 2.178491 0.473538
v 0.020842 2.035263 0.360719
v 0.050975 2.043620 0.353338
v 0.054361 2.182719 0.461992
v 0.085458 2.195301 0.428053
v 0.077870 2.190459 0.441060
v 0.073578 2.058906 0.339920
v 0.090002 2.200519 0.414092
v 0.084086 2.216363 0.372005
v 0.076044 2.221059 0.359576
v 0.089269 2.211249 0.385551
v -0.072464 2.216283 0.371995
v -0.077648 2.211163 0.385543
v -0.064420 2.220987 0.359562
v -0.062866 2.119162 0.287690
v -0.073830 2.195219 0.428054
v -0.066237 2.190384 0.441062
v -0.078377 2.200432 0.414091
v -0.027654 2.180086 0.469082
v -0.041955 2.043605 0.353340
v -0.011250 2.178473 0.473539
v -0.042722 2.182669 0.461995
v -0.026289 2.230871 0.333349
v -0.010523 2.232403 0.329265
v -0.011142 2.141573 0.268489
v -0.040261 2.133738 0.275191
v -0.040906 2.228410 0.339901
v 0.037922 2.230904 0.333358
v 0.022158 2.232419 0.329270
v 0.049278 2.133752 0.275195
v 0.052535 2.228458 0.339914
v 0.035264 2.138580 0.271058
v 0.015882 2.084159 0.180191
v 0.020160 2.141578 0.268490
v -0.012344 2.084159 0.180193
v -0.027520 2.038471 0.357873
v -0.012808 1.954562 0.212887
v -0.066668 1.994796 0.202520
v -0.064560 2.058884 0.339923
v -0.071899 2.068437 0.331574
v -0.076313 2.078725 0.322612
v -0.070699 2.007299 0.199352
v -0.070235 2.033039 0.192872
v 0.069336 2.045329 0.189783
v 0.071880 2.119183 0.287692
v 0.062410 2.056631 0.186969
v 0.084647 2.099882 0.304306
v 0.070208 1.994799 0.202502
v 0.063570 1.983202 0.205457
v 0.036540 2.038482 0.357871
v 0.016348 1.954563 0.212883
v 0.043277 1.964675 0.210230
v 0.019306 1.946554 0.113123
v 0.013940 1.956214 0.094409
v 0.027977 1.951160 0.112955
v 0.024434 1.942609 0.142107
v 0.009906 1.943679 0.113258
v 0.007119 1.954116 0.094510
v 0.020245 1.959584 0.094313
v 0.035244 1.948238 0.141630
v 0.012702 1.939089 0.142423
v 0.046245 1.973607 0.112571
v 0.033645 1.976114 0.094474
v 0.049046 1.982964 0.112483
v 0.057906 1.975577 0.139592
v 0.041700 1.964946 0.112668
v 0.030285 1.969721 0.094339
v 0.035740 1.983030 0.094642
v 0.061340 1.986947 0.138794
v 0.052294 1.965041 0.140345
v 0.045949 2.011539 0.112116
v 0.033579 2.004200 0.094999
v 0.041306 2.020059 0.111969
v 0.057369 2.021610 0.136334
v 0.048888 2.002287 0.112258
v 0.035705 1.997339 0.094920
v 0.030197 2.010521 0.095046
v 0.051580 2.031934 0.135589
v 0.061053 2.010395 0.137139
v -0.045662 2.011550 0.112180
v -0.033500 2.004217 0.095091
v -0.048602 2.002296 0.112331
v -0.056349 2.021617 0.136373
v -0.041018 2.020072 0.112022
v -0.030116 2.010539 0.095123
v -0.035627 1.997353 0.095025
v -0.060033 2.010401 0.137182
v -0.050559 2.031942 0.135621
v -0.045952 1.973604 0.112646
v -0.033557 1.976109 0.094583
v -0.041404 1.964938 0.112736
v -0.056882 1.975575 0.139638
v -0.048757 1.982966 0.112561
v -0.035657 1.983032 0.094755
v -0.030192 1.969710 0.094438
v -0.051269 1.965037 0.140386
v -0.060318 1.986947 0.138841
v -0.019014 1.946547 0.113155
v -0.013853 1.956204 0.094455
v -0.009618 1.943675 0.113274
v -0.023410 1.942604 0.142126
v -0.027681 1.951150 0.113001
v -0.020153 1.959570 0.094380
v -0.007037 1.954111 0.094534
v -0.011680 1.939087 0.142433
v -0.034219 1.948232 0.141658
v -0.018724 2.038066 0.111633
v -0.013797 2.023881 0.095103
v -0.027295 2.033570 0.111738
v -0.022877 2.053739 0.134020
v -0.009464 2.040866 0.111563
v -0.007007 2.025954 0.095084
v -0.020078 2.020550 0.095120
v -0.033509 2.048293 0.134421
v -0.011396 2.057132 0.133769
v 0.019009 2.038058 0.111613
v 0.013874 2.023870 0.095074
v 0.009747 2.040862 0.111553
v 0.023897 2.053735 0.134008
v 0.027583 2.033560 0.111707
v 0.020158 2.020535 0.095076
v 0.007082 2.025948 0.095069
v 0.012415 2.057129 0.133763
v 0.034530 2.048287 0.134403
v -0.097450 2.531495 -0.039527
v -0.099988 2.117875 -0.040758
v -0.103563 2.531259 -0.019815
v -0.094482 2.895576 -0.038148
v -0.087691 2.531800 -0.057694
v -0.089973 2.118269 -0.059400
v -0.106267 2.117565 -0.020515
v -0.100396 2.895430 -0.019050
v -0.085029 2.895771 -0.055765
v -0.040307 2.532744 -0.095788
v -0.041354 2.119481 -0.098368
v -0.058583 2.532462 -0.086338
v -0.039091 2.896385 -0.092858
v -0.020531 2.532941 -0.101641
v -0.021063 2.119735 -0.104328
v -0.060107 2.119119 -0.088725
v -0.056812 2.896202 -0.083626
v -0.019917 2.896515 -0.098591
v 0.040286 2.532746 -0.095781
v 0.041344 2.119483 -0.098366
v 0.020514 2.532943 -0.101638
v 0.039041 2.896389 -0.092838
v 0.058559 2.532465 -0.086328
v 0.060095 2.119122 -0.088724
v 0.021055 2.119735 -0.104327
v 0.019876 2.896516 -0.098581
v 0.056754 2.896207 -0.083596
v 0.097436 2.531492 -0.039512
v 0.099976 2.117871 -0.040758
v 0.087673 2.531801 -0.057681
v 0.094452 2.895576 -0.038094
v 0.103546 2.531246 -0.019797
v 0.106240 2.117549 -0.020512
v 0.089964 2.118270 -0.059401
v 0.084981 2.895776 -0.055719
v 0.100381 2.895422 -0.018991
v -0.097605 2.531297 0.040785
v -0.100202 2.117527 0.041763
v -0.087898 2.531607 0.058894
v -0.094551 2.895544 0.039618
v -0.103646 2.531139 0.021117
v -0.106381 2.117374 0.021543
v -0.090258 2.117832 0.060396
v -0.085120 2.895838 0.057129
v -0.100433 2.895391 0.020583
v 0.097473 2.531207 0.040839
v 0.100006 2.117412 0.041813
v 0.103565 2.531080 0.021156
v 0.094510 2.895483 0.039695
v 0.087722 2.531492 0.058958
v 0.090003 2.117685 0.060462
v 0.106256 2.117298 0.021572
v 0.100412 2.895350 0.020656
v 0.085059 2.895760 0.057207
v -0.040465 2.533286 0.096811
v -0.041576 2.119388 0.099547
v -0.020630 2.533756 0.102634
v -0.039156 2.897535 0.093671
v -0.058790 2.532675 0.087410
v -0.060392 2.118835 0.089813
v -0.021204 2.119807 0.105591
v -0.019949 2.898027 0.099254
v -0.056901 2.896904 0.084637
v 0.040319 2.533200 0.096856
v 0.041366 2.119279 0.099599
v 0.058608 2.532560 0.087471
v 0.039103 2.897477 0.093715
v 0.020518 2.533710 0.102658
v 0.021044 2.119749 0.105619
v 0.060134 2.118689 0.089882
v 0.056834 2.896827 0.084698
v 0.019911 2.897996 0.099277
v 0.036017 3.379182 0.086064
v 0.046841 3.528023 0.070421
v 0.018402 3.379584 0.091085
v 0.052294 3.378683 0.077890
v -0.035661 3.379217 0.085916
v -0.030174 3.528444 0.076828
v -0.044220 3.528286 0.069170
v -0.051879 3.378729 0.077668
v -0.018105 3.379602 0.091010
v -0.014981 3.528522 0.081644
v 0.086747 3.377699 0.036830
v 0.069215 3.527719 0.048348
v 0.078140 3.377892 0.052840
v 0.092087 3.377602 0.019396
v -0.086435 3.377734 0.036405
v -0.074607 3.527902 0.031573
v -0.079658 3.527843 0.015821
v -0.091903 3.377623 0.018929
v -0.077739 3.377939 0.052476
v 0.086442 3.377593 -0.034556
v 0.091925 3.377570 -0.016983
v 0.077731 3.377629 -0.050808
v 0.066858 3.527810 -0.044401
v 0.035644 3.377734 -0.085337
v 0.044234 3.527746 -0.068126
v 0.051858 3.377706 -0.076679
v 0.018096 3.377752 -0.090755
v -0.036008 3.377711 -0.085484
v -0.016918 3.527492 -0.081735
v -0.018398 3.377738 -0.090829
v -0.052279 3.377674 -0.076899
v -0.086714 3.377570 -0.034979
v -0.080565 3.527733 -0.016729
v -0.076333 3.527652 -0.032305
v -0.078114 3.377598 -0.051171
v -0.092051 3.377560 -0.017449
v -0.069193 3.527545 -0.046639
v -0.062500 3.587197 -0.032205
v -0.058056 3.586540 -0.044173
v -0.064578 3.587569 -0.018840
v -0.032468 3.527512 -0.077005
v -0.029026 3.586603 -0.068734
v -0.016070 3.586331 -0.072801
v -0.046831 3.527483 -0.069395
v -0.041081 3.586331 -0.062477
v 0.030185 3.527672 -0.076201
v 0.008872 3.586540 -0.071780
v 0.020485 3.587196 -0.066414
v 0.031440 3.587568 -0.058391
v 0.014990 3.527565 -0.081347
v 0.056704 3.587843 -0.022301
v 0.061599 3.587815 -0.007957
v 0.079697 3.527809 -0.013817
v 0.049875 3.587814 -0.035867
v -0.056666 3.587862 0.024202
v -0.061558 3.587823 0.009931
v -0.066832 3.527987 0.046131
v -0.049841 3.587853 0.037614
v 0.076363 3.527735 0.034200
v 0.064614 3.587576 0.020772
v 0.062529 3.587216 0.034030
v 0.058078 3.586580 0.045826
v -0.020467 3.587370 0.067193
v -0.031417 3.587688 0.059536
v -0.008858 3.586757 0.072273
v 0.032476 3.528282 0.077620
v 0.041093 3.586452 0.063559
v 0.029036 3.586777 0.069477
v 0.016079 3.586549 0.073278
v -0.017436 3.607932 -0.040808
v -0.013691 3.608858 -0.031789
v -0.004243 3.606665 -0.046569
v -0.020650 3.605810 -0.048572
v -0.030861 3.606665 -0.035596
v -0.028911 3.607538 -0.025871
v 0.001276 3.607538 -0.038305
v -0.009349 3.604690 -0.053289
v -0.031994 3.604690 -0.043949
v 0.000017 3.609316 0.000903
v -0.017530 3.607980 0.008101
v 0.004861 3.609274 0.012374
v 0.017565 3.607979 -0.006290
v -0.004828 3.609272 -0.010601
v -0.022147 3.607938 -0.003610
v -0.012367 3.607940 0.019546
v 0.022182 3.607938 0.005425
v 0.012399 3.607937 -0.017806
v 0.017460 3.607941 0.042123
v 0.013719 3.608862 0.033299
v 0.004265 3.606683 0.047715
v 0.020669 3.605829 0.049693
v 0.030887 3.606670 0.037085
v 0.028941 3.607540 0.027512
v -0.001250 3.607549 0.039687
v 0.009367 3.604721 0.054228
v 0.032015 3.604703 0.045270
v -0.035746 -0.054071 -0.086280
v -0.039513 0.060462 -0.095287
v -0.051946 -0.054084 -0.077681
v -0.057420 0.060418 -0.085807
v -0.020127 0.060495 -0.101197
v -0.018208 -0.054060 -0.091645
v -0.095406 0.060276 -0.039477
v -0.086303 -0.054116 -0.035727
v -0.101349 0.060244 -0.020086
v -0.085890 0.060319 -0.057381
v -0.077698 -0.054108 -0.051931
v -0.091676 -0.054120 -0.018183
v -0.086310 -0.054108 0.035770
v -0.095432 0.060245 0.039554
v -0.077706 -0.054099 0.051964
v -0.085924 0.060273 0.057454
v -0.101363 0.060228 0.020172
v -0.091679 -0.054116 0.018236
v -0.035753 -0.054070 0.086307
v -0.039539 0.060384 0.095404
v -0.020143 0.060409 0.101336
v -0.057454 0.060348 0.085901
v -0.051954 -0.054078 0.077705
v -0.018212 -0.054065 0.091676
v 0.035748 -0.054072 0.086308
v 0.039516 0.060372 0.095409
v 0.057425 0.060332 0.085908
v 0.020125 0.060403 0.101339
v 0.018208 -0.054066 0.091677
v 0.051948 -0.054081 0.077707
v 0.095409 0.060234 0.039558
v 0.086305 -0.054110 0.035770
v 0.101348 0.060222 0.020172
v 0.085895 0.060258 0.057459
v 0.077701 -0.054101 0.051964
v 0.091676 -0.054116 0.018234
v 0.095405 0.060279 -0.039479
v 0.091675 -0.054118 -0.018185
v 0.086303 -0.054113 -0.035729
v 0.085889 0.060322 -0.057383
v 0.101345 0.060245 -0.020088
v 0.077698 -0.054105 -0.051932
v 0.039512 0.060464 -0.095287
v 0.051946 -0.054081 -0.077681
v 0.035746 -0.054069 -0.086280
v 0.020126 0.060496 -0.101197
v 0.057419 0.060420 -0.085808
v 0.018208 -0.054060 -0.091645
v 0.021155 0.237582 -0.106188
v 0.041534 0.237510 -0.100014
v 0.060359 0.237410 -0.090095
v 0.090294 0.237178 -0.060282
v 0.100303 0.237072 -0.041473
v 0.106552 0.236986 -0.021092
v 0.106557 0.236917 0.021237
v 0.100310 0.236938 0.041618
v 0.090304 0.236990 0.060437
v 0.060369 0.237162 0.090331
v 0.041540 0.237256 0.100309
v 0.021152 0.237331 0.106532
v -0.021196 0.237347 0.106524
v -0.041598 0.237285 0.100295
v -0.060441 0.237200 0.090313
v -0.090376 0.237028 0.060421
v -0.100367 0.236967 0.041607
v -0.106594 0.236935 0.021232
v -0.106562 0.236988 -0.021090
v -0.100307 0.237070 -0.041470
v -0.090297 0.237175 -0.060280
v -0.021157 0.237581 -0.106188
v -0.041536 0.237509 -0.100013
v -0.060361 0.237407 -0.090095
v -0.000001 0.507149 -0.110736
v -0.000002 0.854126 -0.111291
v -0.000003 1.254602 -0.110449
v -0.061325 1.683857 -0.090706
v -0.042193 1.684253 -0.100527
v -0.021491 1.684531 -0.106593
v -0.078806 0.506557 -0.078567
v -0.079485 0.853232 -0.079097
v -0.079160 1.253463 -0.078601
v -0.111541 0.505876 0.000118
v -0.112551 0.852190 0.000183
v -0.112137 1.252130 0.000271
v -0.091790 1.682927 -0.060798
v -0.102004 1.682495 -0.041769
v -0.108407 1.682153 -0.021100
v 0.078801 0.506560 -0.078569
v 0.079477 0.853234 -0.079099
v 0.079150 1.253466 -0.078603
v 0.061315 1.683859 -0.090706
v 0.042185 1.684255 -0.100527
v 0.021484 1.684532 -0.106593
v -0.017028 1.456409 -0.091932
v -0.011705 1.453574 -0.092090
v -0.005972 1.451821 -0.092267
v -0.025627 1.465044 -0.092042
v -0.028575 1.470537 -0.092333
v -0.030459 1.476502 -0.092686
v -0.030583 1.488891 -0.093289
v -0.028809 1.494846 -0.093476
v -0.025938 1.500338 -0.093600
v 0.025865 1.500372 -0.093743
v 0.028739 1.494877 -0.093648
v 0.030516 1.488915 -0.093484
v 0.030382 1.476505 -0.092898
v 0.028489 1.470528 -0.092536
v 0.025532 1.465024 -0.092227
v 0.016935 1.456385 -0.092056
v 0.011621 1.453554 -0.092176
v 0.005896 1.451810 -0.092310
v 0.017268 1.509061 -0.093795
v 0.011871 1.511943 -0.093780
v 0.006032 1.513733 -0.093756
v -0.017340 1.509033 -0.093712
v -0.011938 1.511923 -0.093726
v -0.006094 1.513722 -0.093729
v 0.091817 1.682179 0.061649
v 0.102016 1.681935 0.042574
v 0.108388 1.681839 0.021888
v 0.000021 1.527183 -0.103261
v 0.000548 1.541949 -0.115695
v 0.002980 1.566891 -0.141524
v -0.022752 1.561961 -0.142093
v -0.030387 1.514568 -0.103246
v -0.038067 1.526149 -0.116075
v 0.030418 1.514593 -0.103330
v 0.039154 1.526166 -0.116133
v 0.016078 1.565627 -0.141675
v 0.000016 1.440254 -0.102458
v 0.000545 1.432667 -0.117974
v 0.002978 1.436728 -0.157041
v 0.029334 1.441850 -0.156350
v 0.030422 1.452927 -0.102186
v 0.039544 1.448783 -0.117357
v 0.060019 1.466114 -0.153332
v 0.066197 1.477511 -0.151996
v 0.069974 1.489808 -0.150568
v 0.043163 1.483879 -0.102995
v 0.055509 1.487706 -0.116884
v 0.069640 1.515160 -0.147617
v -0.053231 1.538424 -0.144845
v -0.063683 1.515153 -0.147569
v -0.043128 1.483868 -0.102838
v -0.054419 1.487698 -0.116778
v -0.065209 1.502514 -0.149042
v -0.064018 1.489807 -0.150516
v -0.030409 1.452946 -0.102067
v -0.038469 1.448796 -0.117276
v -0.045676 1.456111 -0.154496
v -0.035291 1.447944 -0.155526
v -0.046846 1.493139 -0.231756
v -0.042106 1.562155 -0.324552
v -0.015307 1.549567 -0.335019
v 0.009177 1.472933 -0.239353
v 0.016506 1.545036 -0.338810
v -0.069015 1.541262 -0.213968
v -0.065076 1.602878 -0.290969
v -0.045340 1.588333 -0.196868
v -0.063106 1.613898 -0.281953
v -0.058115 1.624435 -0.273360
v -0.050391 1.634106 -0.265494
v 0.087367 1.541275 -0.213981
v 0.083383 1.634171 -0.265508
v 0.063692 1.588343 -0.196877
v 0.073216 1.642584 -0.258676
v 0.065199 1.493146 -0.231765
v 0.096791 1.591843 -0.300100
v 0.092406 1.581057 -0.308980
v 0.062655 1.554994 -0.330535
v 0.032726 1.546217 -0.337830
v 0.032029 1.657563 -0.246543
v 0.009177 1.607549 -0.190021
v 0.016502 1.658635 -0.245670
v 0.000975 1.657548 -0.246537
v 0.020481 1.723186 -0.287964
v 0.003434 1.842556 -0.314477
v -0.025595 1.839908 -0.325454
v -0.036313 1.712502 -0.306066
v 0.077244 1.712672 -0.306106
v 0.075960 1.838047 -0.334602
v 0.034668 1.842641 -0.314497
v 0.063674 1.840152 -0.325505
v 0.020493 1.648203 -0.416455
v 0.035340 1.808154 -0.462738
v 0.050970 1.809220 -0.458164
v 0.079177 1.659594 -0.396809
v 0.077766 1.813132 -0.441211
v 0.087717 1.815859 -0.429431
v 0.102029 1.686523 -0.350660
v 0.100542 1.825737 -0.387048
v 0.098618 1.829158 -0.372476
v -0.048012 1.835068 -0.345715
v -0.060562 1.828717 -0.372445
v -0.061105 1.686274 -0.350647
v -0.062480 1.825283 -0.387029
v -0.056858 1.818530 -0.416093
v -0.049613 1.815472 -0.429435
v -0.038213 1.659412 -0.396817
v -0.027195 1.810636 -0.450900
v -0.048043 2.074009 -0.468449
v -0.027451 2.319087 -0.496101
v -0.041595 2.319134 -0.488264
v 0.011725 2.072848 -0.493763
v -0.071169 2.077338 -0.409319
v -0.063596 2.319346 -0.465191
v -0.070665 2.319505 -0.450882
v -0.046272 2.080938 -0.352047
v -0.074215 2.320125 -0.404153
v -0.061923 2.320580 -0.375560
v 0.094589 2.077909 -0.409332
v 0.082271 2.320599 -0.404149
v 0.069963 2.320980 -0.375548
v 0.069675 2.081334 -0.352074
v 0.071491 2.074422 -0.468462
v 0.078728 2.319956 -0.450901
v 0.020067 2.319175 -0.501050
v 0.034213 2.321312 -0.346549
v 0.019384 2.321337 -0.342003
v 0.011708 2.082605 -0.328436
v -0.039923 2.320975 -0.353836
v -0.026196 2.321128 -0.346558
v -0.011370 2.321243 -0.342007
v -0.036857 2.440538 -0.366551
v -0.052002 2.320790 -0.363596
v -0.047218 2.440482 -0.374943
v 0.004014 2.319108 -0.502768
v 0.027839 2.440182 -0.489076
v 0.039992 2.440226 -0.482324
v 0.061887 2.319569 -0.477872
v 0.050506 2.440275 -0.473342
v 0.084167 2.320386 -0.419758
v 0.069586 2.440493 -0.423267
v -0.062169 2.440360 -0.397010
v -0.076104 2.319901 -0.419755
v -0.067946 2.440243 -0.423268
v -0.057253 2.440119 -0.462416
v -0.048880 2.440096 -0.473324
v -0.012985 2.440095 -0.493322
v -0.039918 2.481654 -0.464628
v -0.016013 2.498035 -0.463821
v 0.000118 2.481667 -0.481972
v -0.055234 2.481688 -0.424214
v -0.040343 2.498051 -0.424871
v -0.038510 2.481748 -0.385215
v -0.028039 2.498063 -0.396158
v 0.055497 2.481771 -0.424185
v 0.033355 2.498066 -0.402037
v 0.037086 2.498069 -0.409000
v 0.039465 2.498071 -0.416590
v 0.038791 2.481806 -0.385191
v 0.028377 2.498064 -0.395957
v 0.040146 2.481715 -0.464617
v 0.029091 2.498060 -0.454311
v 0.008037 2.498042 -0.466300
v 0.022926 2.498055 -0.459680
v 0.000130 2.481798 -0.369145
v 0.000091 2.498061 -0.384206
v 0.000321 2.504959 -0.396248
v 0.000717 2.506576 -0.400941
v -0.006519 2.507433 -0.409444
v -0.003728 2.507370 -0.406851
v -0.000966 2.507228 -0.404773
v -0.018868 2.505025 -0.405256
v -0.013990 2.506760 -0.409345
v 0.020087 2.504959 -0.404461
v 0.016690 2.506576 -0.407577
v 0.004079 2.507214 -0.404627
v 0.007962 2.507294 -0.406252
v 0.011844 2.507214 -0.407852
v -0.000065 2.498037 -0.467214
v -0.000322 2.504956 -0.455585
v -0.000720 2.506576 -0.451135
v 0.006923 2.507433 -0.442584
v 0.004002 2.507370 -0.445308
v 0.001088 2.507228 -0.447440
v 0.019590 2.505025 -0.445925
v 0.014575 2.506760 -0.442245
v 0.011934 2.507454 -0.435570
v 0.013791 2.507456 -0.431482
v 0.015146 2.507454 -0.427223
v 0.040379 2.498071 -0.424548
v 0.027702 2.505026 -0.424588
v 0.021520 2.506760 -0.424088
v 0.015366 2.507228 -0.411545
v 0.015949 2.507370 -0.415003
v 0.016188 2.507433 -0.418854
v -0.011465 2.507454 -0.416130
v -0.013398 2.507456 -0.420087
v -0.014882 2.507454 -0.424263
v -0.027677 2.505024 -0.425875
v -0.021469 2.506760 -0.426955
v -0.016273 2.507433 -0.432685
v -0.016206 2.507370 -0.436635
v -0.015756 2.507228 -0.440177
v -0.029373 2.498033 -0.454508
v -0.020802 2.504956 -0.446707
v -0.017258 2.506576 -0.443972
v -0.004206 2.507214 -0.447584
v -0.008238 2.507294 -0.445884
v -0.012241 2.507214 -0.444106
v 0.003692 2.507849 -0.436310
v -0.002850 2.507982 -0.433370
v -0.009524 2.507849 -0.430703
v -0.003325 2.507849 -0.415672
v 0.003113 2.507982 -0.418583
v 0.009696 2.507849 -0.421078
v -0.010257 2.884331 0.430698
v -0.003144 2.884701 0.428215
v 0.003674 2.884331 0.424905
v 0.010098 2.884331 0.440466
v 0.002900 2.884701 0.443174
v -0.004026 2.884331 0.446454
v 0.010735 2.880772 0.461370
v 0.021058 2.879148 0.457356
v 0.023827 2.880893 0.436958
v 0.021052 2.880903 0.426306
v -0.023879 2.880892 0.433331
v -0.021493 2.880903 0.444146
v -0.015974 2.880892 0.453830
v -0.007961 2.880832 0.460827
v 0.000736 2.879148 0.466133
v -0.005330 2.880704 0.408044
v -0.020406 2.879148 0.413314
v 0.015385 2.880893 0.417007
v 0.011684 2.880876 0.413311
v -0.000721 2.879149 0.405137
v 0.016246 2.863643 0.394052
v -0.000094 2.863621 0.390542
v -0.024080 2.863621 0.397907
v -0.016828 2.863635 0.476622
v -0.008485 2.863625 0.479412
v -0.031147 2.863642 0.466429
v -0.035999 2.863622 0.409814
v -0.043466 2.863641 0.434217
v 0.035663 2.863655 0.410255
v 0.030246 2.863653 0.403588
v 0.037023 2.863631 0.459838
v 0.000201 2.863617 0.480416
v 0.031778 2.863621 0.466775
v 0.024800 2.810694 0.493855
v 0.012829 2.810687 0.497692
v 0.055242 2.703430 0.488922
v 0.058399 2.810728 0.458602
v 0.061685 2.810737 0.446615
v 0.062631 2.810746 0.434288
v 0.057402 2.810765 0.410439
v 0.051570 2.810772 0.399737
v -0.060441 2.810685 0.422060
v -0.056701 2.810698 0.410411
v -0.050878 2.810712 0.399713
v -0.073446 2.703584 0.434624
v -0.052145 2.810659 0.469742
v -0.044550 2.810660 0.479615
v -0.052623 2.703323 0.488919
v -0.035038 2.810663 0.487738
v 0.001308 2.703280 0.512158
v -0.033772 2.810741 0.382755
v -0.043162 2.810727 0.390369
v 0.043850 2.810778 0.390387
v 0.053560 2.704060 0.382072
v 0.023800 2.810782 0.377093
v 0.001306 2.704171 0.360428
v 0.015648 2.704174 0.361901
v 0.042287 2.704116 0.372948
v 0.003042 2.542438 0.353795
v -0.013036 2.704145 0.361901
v -0.041204 2.703291 0.498644
v -0.061739 2.703369 0.477102
v -0.055976 2.538346 0.493485
v -0.056574 2.347425 0.487113
v -0.054177 2.541640 0.377352
v -0.071686 2.703676 0.420025
v -0.078774 2.539904 0.434480
v -0.080371 2.354298 0.427717
v 0.062824 2.703990 0.393266
v 0.069814 2.703909 0.406078
v 0.060257 2.541759 0.377359
v 0.074919 2.703648 0.449382
v 0.084856 2.540076 0.434482
v 0.003045 2.537797 0.518744
v 0.004949 2.344645 0.512519
v 0.030633 2.703333 0.505953
v 0.016265 2.703301 0.510553
v 0.062064 2.538471 0.493486
v 0.066465 2.347528 0.487111
v 0.053436 2.346319 0.497745
v 0.038393 2.345418 0.505734
v 0.067422 2.186200 0.452549
v 0.084418 2.350705 0.459560
v 0.088934 2.352539 0.443862
v 0.091315 2.205904 0.399740
v 0.088238 2.356344 0.411754
v -0.078363 2.356204 0.411746
v -0.079692 2.205816 0.399736
v -0.077604 2.089334 0.313403
v -0.074535 2.350571 0.459560
v -0.066984 2.348891 0.474188
v -0.055786 2.186136 0.452552
v -0.043542 2.346238 0.497747
v -0.028497 2.345362 0.505736
v -0.012109 2.344822 0.510765
v 0.005822 2.177920 0.475093
v -0.041819 2.362454 0.360247
v -0.027202 2.363362 0.352810
v -0.011420 2.363934 0.348164
v -0.053796 2.225087 0.348719
v -0.052639 2.127213 0.280782
v 0.065421 2.225148 0.348733
v 0.061654 2.127231 0.280785
v 0.051701 2.362532 0.360261
v 0.021309 2.363961 0.348169
v 0.005818 2.232936 0.327854
v 0.004509 2.142610 0.267605
v -0.026247 2.138570 0.271055
v -0.011821 2.035258 0.360720
v -0.050973 1.973003 0.208086
v -0.049704 2.066498 0.184533
v -0.075634 2.099857 0.304306
v -0.070626 2.109921 0.295633
v -0.071934 2.020211 0.196095
v 0.079639 2.109945 0.295634
v 0.085328 2.078751 0.322610
v 0.080915 2.068462 0.331571
v 0.001770 1.953212 0.213243
v 0.063513 2.050498 0.347289
v 0.054515 1.973007 0.208072
v 0.030369 1.958456 0.211856
v 0.044673 1.955789 0.141031
v 0.035554 1.957349 0.112792
v 0.025774 1.964127 0.094276
v 0.074239 2.007301 0.199334
v 0.062429 1.998701 0.137969
v 0.049962 1.992647 0.112383
v 0.036455 1.990196 0.094802
v 0.073773 2.033039 0.192856
v -0.058871 2.056632 0.186981
v -0.065798 2.045330 0.189797
v -0.061409 1.998705 0.138016
v -0.049676 1.992652 0.112461
v -0.036376 1.990205 0.094914
v -0.060029 1.983198 0.205473
v -0.043646 1.955783 0.141066
v -0.035256 1.957340 0.112850
v -0.025680 1.964113 0.094361
v -0.039736 1.964671 0.210241
v -0.026829 1.958453 0.211864
v 0.000510 1.937868 0.142541
v 0.000144 1.942682 0.113318
v 0.000040 1.953390 0.094565
v -0.038578 2.074510 0.182556
v -0.025959 2.080457 0.181097
v -0.042869 2.040961 0.134960
v -0.034834 2.027518 0.111870
v -0.025597 2.016063 0.095130
v 0.043890 2.040954 0.134935
v 0.035122 2.027505 0.111829
v 0.025678 2.016045 0.095070
v 0.042117 2.074509 0.182550
v 0.029498 2.080456 0.181093
v 0.000509 2.058304 0.133681
v 0.000142 2.041833 0.111535
v 0.000037 2.026668 0.095071
v 0.004353 2.011199 0.080424
v 0.008516 2.009917 0.080421
v 0.012364 2.007859 0.080411
v -0.004286 2.011207 0.080443
v -0.008447 2.009932 0.080460
v -0.012291 2.007878 0.080470
v -0.004190 1.967091 0.079413
v -0.008268 1.968333 0.079317
v -0.012054 1.970350 0.079232
v -0.018179 1.976506 0.079353
v -0.020285 1.980426 0.079573
v -0.021634 1.984685 0.079831
v -0.021730 1.993526 0.080249
v -0.020463 1.997774 0.080366
v -0.018416 2.001688 0.080434
v 0.018490 2.001664 0.080332
v 0.020535 1.997752 0.080243
v 0.021800 1.993509 0.080110
v 0.021711 1.984682 0.079680
v 0.020369 1.980433 0.079429
v 0.018269 1.976519 0.079222
v 0.004266 1.967098 0.079382
v 0.008350 1.968347 0.079256
v 0.012143 1.970368 0.079143
v -0.082071 3.182435 -0.053701
v -0.091177 3.182338 -0.036692
v -0.096863 3.182273 -0.018271
v -0.054853 3.182655 -0.080674
v -0.037749 3.182749 -0.089650
v -0.019243 3.182816 -0.095236
v 0.019153 3.182821 -0.095213
v 0.037640 3.182757 -0.089605
v 0.054725 3.182664 -0.080607
v 0.081961 3.182444 -0.053592
v 0.091105 3.182344 -0.036566
v 0.096836 3.182272 -0.018132
v -0.096844 3.182300 0.019943
v -0.091141 3.182439 0.038290
v -0.082022 3.182701 0.055158
v 0.096891 3.182276 0.020088
v 0.091209 3.182403 0.038427
v 0.082100 3.182654 0.055281
v -0.054797 3.183689 0.081605
v -0.037696 3.184290 0.090265
v -0.019189 3.184764 0.095608
v 0.054871 3.183643 0.081686
v 0.037760 3.184255 0.090321
v 0.019243 3.184745 0.095637
v 0.066546 3.378216 0.066736
v 0.016925 3.528448 0.082025
v 0.000134 3.379756 0.092777
v 0.000884 3.528521 0.083424
v -0.066107 3.378267 0.066441
v 0.093881 3.377569 0.001228
v 0.081756 3.527790 0.002517
v 0.080603 3.527764 0.018724
v -0.093849 3.377574 0.000745
v 0.066089 3.377670 -0.065060
v 0.074640 3.527817 -0.029663
v -0.000136 3.377754 -0.092656
v -0.000877 3.527488 -0.083265
v -0.066526 3.377635 -0.065352
v -0.081715 3.527791 -0.000490
v -0.064267 3.587733 -0.004612
v -0.044266 3.602982 -0.021280
v -0.044413 3.602280 -0.032060
v -0.043134 3.600816 -0.041244
v -0.059288 3.527472 -0.059173
v -0.051062 3.586044 -0.054324
v -0.033987 3.600605 -0.051597
v -0.023846 3.601370 -0.056290
v -0.013350 3.600605 -0.060112
v -0.003246 3.586044 -0.074055
v 0.000436 3.600816 -0.059215
v 0.007839 3.602279 -0.053600
v 0.015385 3.602982 -0.045851
v 0.041363 3.587729 -0.048079
v 0.029187 3.603332 -0.025311
v 0.034860 3.603370 -0.013373
v 0.039413 3.603333 -0.000994
v 0.064307 3.587733 0.006591
v -0.041335 3.587801 0.049575
v -0.039376 3.603334 0.002864
v -0.034824 3.603374 0.015206
v -0.029154 3.603340 0.027035
v 0.044299 3.602984 0.023052
v 0.044441 3.602285 0.033713
v 0.043156 3.600828 0.042744
v 0.059304 3.527795 0.060594
v 0.051078 3.586118 0.055730
v 0.003258 3.586281 0.074425
v -0.015361 3.603008 0.047117
v -0.007819 3.602319 0.054584
v -0.000419 3.600871 0.059975
v 0.034003 3.600634 0.052773
v 0.023861 3.601411 0.057231
v 0.013365 3.600661 0.060858
v -0.026002 3.607812 -0.015092
v -0.009462 3.609143 -0.021648
v 0.006898 3.607812 -0.028630
v 0.026035 3.607813 0.016849
v 0.009493 3.609145 0.023322
v -0.006868 3.607818 0.030226
v -0.000000 0.060508 -0.103241
v -0.000000 -0.054056 -0.093503
v -0.015918 -0.104871 -0.080141
v -0.031250 -0.104875 -0.075446
v -0.045412 -0.104879 -0.067922
v -0.073108 0.060367 -0.073055
v -0.066136 -0.054097 -0.066123
v -0.067924 -0.104884 -0.045403
v -0.075446 -0.104883 -0.031235
v -0.080141 -0.104881 -0.015898
v -0.103411 0.060227 0.000045
v -0.093537 -0.054120 0.000028
v -0.080142 -0.104873 0.015940
v -0.075447 -0.104868 0.031269
v -0.067925 -0.104863 0.045426
v -0.073145 0.060309 0.073131
v -0.066146 -0.054088 0.066149
v -0.045414 -0.104858 0.067931
v -0.031252 -0.104856 0.075451
v -0.015919 -0.104856 0.080146
v -0.000008 0.060417 0.103390
v -0.000002 -0.054063 0.093535
v 0.015919 -0.104856 0.080146
v 0.031252 -0.104856 0.075451
v 0.045414 -0.104857 0.067930
v 0.073113 0.060292 0.073138
v 0.066139 -0.054091 0.066150
v 0.067926 -0.104863 0.045425
v 0.075447 -0.104867 0.031267
v 0.080142 -0.104871 0.015938
v 0.103403 0.060225 0.000044
v 0.093536 -0.054119 0.000026
v 0.080142 -0.104878 -0.015900
v 0.075446 -0.104881 -0.031237
v 0.067924 -0.104882 -0.045404
v 0.073107 0.060370 -0.073056
v 0.066136 -0.054094 -0.066124
v 0.015918 -0.104870 -0.080141
v 0.031250 -0.104874 -0.075446
v 0.045412 -0.104877 -0.067922
v -0.076864 2.118277 0.076653
v -0.074837 2.532071 0.074670
v -0.072450 2.896293 0.072363
v -0.000036 0.506675 0.111428
v -0.000055 0.853450 0.112346
v -0.000071 1.253881 0.111794
v 0.078820 0.506101 0.078913
v 0.079505 0.852536 0.079642
v 0.079186 1.252611 0.079355
v -0.021647 1.684035 0.107970
v -0.042438 1.683687 0.101741
v -0.061641 1.683218 0.091731
v -0.108481 2.117385 0.000520
v -0.105710 2.531129 0.000659
v -0.102458 2.895359 0.000776
v -0.000003 2.119832 -0.106373
v -0.000007 2.533017 -0.103653
v -0.000018 2.896564 -0.100564
v 0.076540 2.118701 -0.075634
v 0.074587 2.532138 -0.073524
v 0.072292 2.895994 -0.071116
v 0.108417 2.117345 0.000532
v 0.105671 2.531098 0.000686
v 0.102448 2.895338 0.000843
v 0.076583 2.118117 0.076727
v 0.074640 2.531945 0.074738
v 0.072378 2.896208 0.072436
v -0.000068 2.119960 0.107681
v -0.000047 2.533935 0.104642
v -0.000016 2.898221 0.101176
v -0.076552 2.118699 -0.075634
v -0.074611 2.532135 -0.073535
v -0.072351 2.895989 -0.071154
v 0.061352 1.683059 0.091805
v 0.042204 1.683567 0.101797
v 0.021468 1.683971 0.108000
v 0.091780 1.682928 -0.060802
v 0.101988 1.682491 -0.041773
v 0.108372 1.682135 -0.021100
v -0.108534 1.681922 0.021858
v -0.102240 1.682060 0.042523
v -0.092105 1.682340 0.061578
v 0.111502 0.505858 0.000121
v 0.112492 0.852160 0.000189
v 0.112063 1.252091 0.000279
v -0.078970 0.506182 0.078876
v -0.079734 0.852662 0.079585
v -0.079477 1.252772 0.079282
v -0.000001 0.237609 -0.108321
v 0.076852 0.237294 -0.076732
v 0.108718 0.236932 0.000073
v 0.076864 0.237067 0.076915
v -0.000019 0.237366 0.108683
v -0.076942 0.237109 0.076896
v -0.108739 0.236940 0.000073
v -0.076855 0.237291 -0.076730
v -0.078101 1.683398 -0.077361
v -0.110668 1.681948 0.000383
v 0.078090 1.683400 -0.077363
v -0.000003 1.684637 -0.108673
v 0.078131 1.682562 0.078305
v -0.021735 1.460262 -0.091891
v -0.031159 1.482699 -0.093026
v -0.022075 1.505137 -0.093675
v 0.022001 1.505170 -0.093787
v 0.031090 1.482714 -0.093235
v 0.021636 1.460237 -0.092049
v -0.000036 1.451216 -0.092365
v 0.110591 1.681905 0.000394
v -0.000030 1.514347 -0.093736
v -0.000077 1.684156 0.110128
v 0.051626 1.456105 -0.154534
v 0.071166 1.502519 -0.149093
v 0.050715 1.548174 -0.143731
v -0.044759 1.548165 -0.143703
v -0.040222 1.642530 -0.258661
v 0.098068 1.602958 -0.290974
v 0.075112 1.562213 -0.324550
v 0.019053 1.842938 -0.313024
v 0.019072 1.807755 -0.464334
v -0.037894 1.837735 -0.334545
v -0.039648 1.812801 -0.441216
v -0.053835 2.319221 -0.477844
v 0.060033 2.321130 -0.363583
v 0.004006 2.321314 -0.340428
v 0.000801 2.440659 -0.355025
v 0.048837 2.440659 -0.374927
v 0.000803 2.440115 -0.494811
v -0.009147 2.507448 -0.412540
v 0.001211 2.507052 -0.403430
v 0.014696 2.507052 -0.409028
v 0.009624 2.507448 -0.439320
v -0.001214 2.507052 -0.448762
v 0.015954 2.507448 -0.422961
v -0.015855 2.507448 -0.428512
v -0.015158 2.507052 -0.442732
v -0.030664 2.863614 0.403240
v 0.043564 2.863653 0.434779
v 0.045304 2.810710 0.479638
v -0.061908 2.810674 0.434254
v 0.000368 2.810680 0.499030
v 0.000350 2.810775 0.372318
v -0.050947 2.703956 0.382073
v 0.076065 2.703733 0.434625
v 0.090247 2.354441 0.427721
v 0.064565 2.361337 0.370244
v -0.054686 2.361237 0.370229
v 0.004945 2.364140 0.346555
v 0.004510 2.034144 0.361711
v -0.054495 2.050478 0.347292
v 0.086618 2.089360 0.313402
v 0.075472 2.020212 0.196077
v 0.053244 2.066497 0.184524
v 0.001769 2.085438 0.179882
v 0.000032 2.011645 0.080429
v 0.000036 1.966668 0.079452
v -0.015404 1.973094 0.079226
v -0.022138 1.989109 0.080072
v -0.015663 2.005106 0.080465
v 0.015738 2.005083 0.080385
v 0.022210 1.989097 0.079923
v 0.015496 1.973112 0.079114
v -0.078446 1.682737 0.078226
v -0.069846 3.182545 -0.068582
v -0.098827 3.182255 0.000847
v -0.000040 3.182843 -0.097158
v 0.069715 3.182556 -0.068494
v 0.098842 3.182243 0.000992
v -0.069789 3.183115 0.069817
v 0.069869 3.183064 0.069921
v 0.000025 3.184954 0.097446
v -0.056602 3.528113 0.058857
v 0.056622 3.527788 -0.057415
v -0.042586 3.603220 -0.009470
v -0.041860 3.598609 -0.048156
v -0.005356 3.598609 -0.063218
v 0.022615 3.603219 -0.036300
v 0.042623 3.603220 0.011317
v -0.022587 3.603234 0.037835
v 0.041879 3.598633 0.049520
v 0.005370 3.598683 0.063849
v -0.000000 -0.104869 -0.081767
v -0.057817 -0.104883 -0.057813
v -0.081767 -0.104877 0.000023
v -0.057819 -0.104860 0.057827
v 0.000000 -0.104856 0.081771
v 0.057819 -0.104859 0.057826
v 0.081768 -0.104875 0.000020
v 0.057817 -0.104881 -0.057813
vt -0.481278 -2.738379
vt -0.481278 -3.397408
vt -0.586737 -3.397409
vt -0.586737 -2.738379
vt -0.586737 -2.043967
vt -0.481278 -2.043967
vt -0.379881 -2.043967
vt -0.379881 -2.738379
vt -0.379881 -3.397409
vt -0.283357 -2.738379
vt -0.283357 -3.397409
vt -0.283357 -2.043967
vt -0.192520 -2.043967
vt -0.192520 -2.738379
vt -0.192520 -3.397409
vt -0.481278 -1.324051
vt -0.586737 -1.324050
vt -0.586737 -0.588508
vt -0.481278 -0.588508
vt -0.379881 -0.588508
vt -0.379881 -1.324051
vt -0.283357 -1.324051
vt -0.283357 -0.588508
vt -0.192520 -0.588508
vt -0.192520 -1.324051
vt -0.481278 -4.011178
vt -0.586737 -4.011178
vt -0.379881 -4.011178
vt -0.379881 -4.569807
vt -0.481278 -4.569807
vt -0.586737 -4.569807
vt -0.481278 -5.063419
vt -0.586737 -5.063419
vt -0.379881 -5.063419
vt -0.379881 -5.482136
vt -0.481278 -5.482136
vt -0.586737 -5.482136
vt -0.283357 -4.011178
vt -0.192520 -4.011178
vt -0.192520 -4.569807
vt -0.283357 -4.569807
vt -0.283357 -5.063419
vt -0.192520 -5.063419
vt -0.192520 -5.482136
vt -0.283357 -5.482136
vt -0.695445 -4.011178
vt -0.695445 -3.397408
vt -0.695445 -4.569807
vt -0.806591 -4.569807
vt -0.806591 -4.011178
vt -0.806591 -3.397409
vt -0.919361 -4.011178
vt -0.919361 -3.397408
vt -0.919361 -4.569807
vt -1.032943 -4.569807
vt -1.032943 -4.011178
vt -1.032943 -3.397409
vt -0.695445 -5.063419
vt -0.695445 -5.482136
vt -0.806591 -5.482136
vt -0.806591 -5.063419
vt -0.919361 -5.063419
vt -0.919361 -5.482136
vt -1.032943 -5.482135
vt -1.032943 -5.063419
vt -0.695445 -2.738379
vt -0.806591 -2.738379
vt -0.806591 -2.043967
vt -0.695445 -2.043967
vt -0.695445 -1.324051
vt -0.806591 -1.324050
vt -0.806591 -0.588508
vt -0.695445 -0.588508
vt -0.919361 -2.738379
vt -1.032943 -2.738379
vt -1.032943 -2.043967
vt -0.919361 -2.043967
vt -0.919361 -1.324051
vt -1.032943 -1.324051
vt -1.032943 -0.588508
vt -0.919361 -0.588508
vt -0.766085 -4.011178
vt -0.673532 -4.011178
vt -0.673532 -3.397409
vt -0.766085 -3.397408
vt -0.858080 -3.397409
vt -0.858080 -4.011178
vt -0.858080 -4.569807
vt -0.766085 -4.569807
vt -0.673532 -4.569807
vt -0.766085 -5.063419
vt -0.673532 -5.063419
vt -0.858080 -5.063419
vt -0.858080 -5.482136
vt -0.766085 -5.482136
vt -0.673532 -5.482136
vt -0.949701 -4.011178
vt -0.949701 -3.397409
vt -1.041136 -3.397409
vt -1.041136 -4.011178
vt -1.041136 -4.569807
vt -0.949701 -4.569807
vt -0.949701 -5.063419
vt -1.041136 -5.063419
vt -1.041136 -5.482135
vt -0.949701 -5.482136
vt -0.580233 -4.011178
vt -0.580233 -3.397408
vt -0.580233 -4.569807
vt -0.486002 -4.569807
vt -0.486002 -4.011178
vt -0.486002 -3.397409
vt -0.390652 -4.011178
vt -0.390652 -3.397408
vt -0.390652 -4.569807
vt -0.293997 -4.569807
vt -0.293997 -4.011178
vt -0.293997 -3.397409
vt -0.580233 -5.063419
vt -0.580233 -5.482136
vt -0.486002 -5.482136
vt -0.486002 -5.063419
vt -0.390652 -5.063419
vt -0.390652 -5.482136
vt -0.293997 -5.482136
vt -0.293997 -5.063419
vt -0.580233 -2.738379
vt -0.673532 -2.738379
vt -0.486002 -2.738379
vt -0.486002 -2.043967
vt -0.580233 -2.043967
vt -0.673532 -2.043967
vt -0.580233 -1.324051
vt -0.673532 -1.324050
vt -0.486002 -1.324050
vt -0.486002 -0.588508
vt -0.580233 -0.588508
vt -0.673532 -0.588508
vt -0.390652 -2.738379
vt -0.293997 -2.738379
vt -0.293997 -2.043967
vt -0.390652 -2.043967
vt -0.390652 -1.324051
vt -0.293997 -1.324051
vt -0.293997 -0.588508
vt -0.390652 -0.588508
vt -0.766085 -2.738379
vt -0.766085 -2.043967
vt -0.858080 -2.043967
vt -0.858079 -2.738379
vt -0.949701 -2.738379
vt -0.949701 -2.043967
vt -1.041136 -2.043967
vt -1.041136 -2.738379
vt -0.766085 -1.324051
vt -0.766085 -0.588508
vt -0.858080 -0.588508
vt -0.858080 -1.324051
vt -0.949701 -1.324051
vt -0.949701 -0.588508
vt -1.041136 -0.588508
vt -1.041136 -1.324051
vt 0.004034 -4.011178
vt 0.105333 -4.011178
vt 0.105333 -3.397409
vt 0.004034 -3.397408
vt -0.096433 -3.397409
vt -0.096433 -4.011178
vt -0.096433 -4.569807
vt 0.004034 -4.569807
vt 0.105333 -4.569807
vt 0.004034 -5.063419
vt 0.105333 -5.063419
vt -0.096433 -5.063419
vt -0.096433 -5.482136
vt 0.004034 -5.482136
vt 0.105333 -5.482136
vt -0.195851 -4.011178
vt -0.195851 -3.397409
vt -0.195851 -4.569807
vt -0.195851 -5.063419
vt -0.195851 -5.482136
vt 0.207241 -4.011178
vt 0.207241 -3.397408
vt 0.207241 -4.569807
vt 0.309538 -4.569807
vt 0.309538 -4.011178
vt 0.309538 -3.397409
vt 0.412005 -4.011178
vt 0.412005 -3.397408
vt 0.412005 -4.569807
vt 0.514420 -4.569807
vt 0.514420 -4.011178
vt 0.514420 -3.397409
vt 0.207241 -5.063419
vt 0.207241 -5.482136
vt 0.309538 -5.482136
vt 0.309538 -5.063419
vt 0.412005 -5.063419
vt 0.412005 -5.482136
vt 0.514420 -5.482136
vt 0.514420 -5.063419
vt 0.207241 -2.738379
vt 0.105333 -2.738379
vt 0.309538 -2.738379
vt 0.309538 -2.043967
vt 0.207241 -2.043967
vt 0.105333 -2.043967
vt 0.207241 -1.324051
vt 0.105333 -1.324050
vt 0.309538 -1.324050
vt 0.309538 -0.588508
vt 0.207241 -0.588508
vt 0.105333 -0.588508
vt 0.412005 -2.738379
vt 0.514420 -2.738379
vt 0.514420 -2.043967
vt 0.412005 -2.043967
vt 0.412005 -1.324051
vt 0.514420 -1.324051
vt 0.514420 -0.588508
vt 0.412005 -0.588508
vt 0.004034 -2.738379
vt 0.004034 -2.043967
vt -0.096433 -2.043967
vt -0.096433 -2.738379
vt -0.195851 -2.738379
vt -0.195851 -2.043967
vt 0.004034 -1.324051
vt 0.004034 -0.588508
vt -0.096433 -0.588508
vt -0.096433 -1.324051
vt -0.195851 -1.324051
vt -0.195851 -0.588508
vt 0.820378 -4.011178
vt 0.922220 -4.011178
vt 0.922220 -3.397409
vt 0.820378 -3.397408
vt 0.718521 -3.397409
vt 0.718521 -4.011178
vt 0.718521 -4.569807
vt 0.820378 -4.569807
vt 0.922220 -4.569807
vt 0.820378 -5.063419
vt 0.922220 -5.063419
vt 0.718521 -5.063419
vt 0.718521 -5.482136
vt 0.820378 -5.482136
vt 0.922220 -5.482136
vt 0.616563 -4.011178
vt 0.616563 -3.397409
vt 0.616563 -4.569807
vt 0.616563 -5.063419
vt 0.616563 -5.482136
vt 1.024133 -4.011178
vt 1.024133 -3.397408
vt 1.024133 -4.569807
vt 1.126203 -4.569807
vt 1.126203 -4.011178
vt 1.126203 -3.397409
vt 1.228514 -4.011178
vt 1.228514 -3.397408
vt 1.228514 -4.569807
vt 1.331154 -4.569807
vt 1.331154 -4.011178
vt 1.331154 -3.397409
vt 1.024133 -5.063419
vt 1.024133 -5.482136
vt 1.126203 -5.482136
vt 1.126203 -5.063419
vt 1.228514 -5.063419
vt 1.228514 -5.482136
vt 1.331154 -5.482136
vt 1.331154 -5.063419
vt 1.024133 -2.738379
vt 0.922220 -2.738379
vt 1.126203 -2.738379
vt 1.126203 -2.043967
vt 1.024133 -2.043967
vt 0.922220 -2.043967
vt 1.024133 -1.324051
vt 0.922220 -1.324050
vt 1.126203 -1.324050
vt 1.126203 -0.588508
vt 1.024133 -0.588508
vt 0.922220 -0.588508
vt 1.228514 -2.738379
vt 1.331154 -2.738379
vt 1.331154 -2.043967
vt 1.228514 -2.043967
vt 1.228514 -1.324051
vt 1.331154 -1.324051
vt 1.331154 -0.588508
vt 1.228514 -0.588508
vt 0.820378 -2.738379
vt 0.820378 -2.043967
vt 0.718521 -2.043967
vt 0.718521 -2.738379
vt 0.616563 -2.738379
vt 0.616563 -2.043967
vt 0.820378 -1.324051
vt 0.820378 -0.588508
vt 0.718521 -0.588508
vt 0.718521 -1.324051
vt 0.616563 -1.324051
vt 0.616563 -0.588508
vt 1.628173 -4.011178
vt 1.712397 -4.011178
vt 1.712397 -3.397409
vt 1.628173 -3.397408
vt 1.534328 -3.397409
vt 1.534328 -4.011178
vt 1.534328 -4.569807
vt 1.628173 -4.569807
vt 1.712397 -4.569807
vt 1.628173 -5.063419
vt 1.712397 -5.063419
vt 1.534328 -5.063419
vt 1.534328 -5.482136
vt 1.628173 -5.482136
vt 1.712397 -5.482136
vt 1.434206 -4.011178
vt 1.434206 -3.397409
vt 1.434206 -4.569807
vt 1.434206 -5.063419
vt 1.434206 -5.482136
vt 1.783655 -4.011178
vt 1.783655 -3.397408
vt 1.783655 -4.569807
vt 1.838603 -4.569807
vt 1.838603 -4.011178
vt 1.838603 -3.397409
vt 1.873896 -4.011178
vt 1.873896 -3.397408
vt 1.873896 -4.569807
vt 1.899360 -4.569807
vt 1.899360 -4.011178
vt 1.899360 -3.397409
vt 1.783655 -5.063419
vt 1.783655 -5.482136
vt 1.838603 -5.482136
vt 1.838603 -5.063419
vt 1.873896 -5.063419
vt 1.873896 -5.482136
vt 1.899360 -5.482136
vt 1.899360 -5.063419
vt 1.783655 -2.738379
vt 1.712397 -2.738379
vt 1.838603 -2.738379
vt 1.838603 -2.043967
vt 1.783655 -2.043967
vt 1.712397 -2.043967
vt 1.783655 -1.324051
vt 1.712397 -1.324050
vt 1.838603 -1.324050
vt 1.838603 -0.588508
vt 1.783655 -0.588508
vt 1.712397 -0.588508
vt 1.873896 -2.738379
vt 1.899360 -2.738379
vt 1.899360 -2.043967
vt 1.873896 -2.043967
vt 1.873896 -1.324051
vt 1.899360 -1.324051
vt 1.899360 -0.588508
vt 1.873896 -0.588508
vt 1.628173 -2.738379
vt 1.628173 -2.043967
vt 1.534328 -2.043967
vt 1.534328 -2.738379
vt 1.434206 -2.738379
vt 1.434206 -2.043967
vt 1.628173 -1.324051
vt 1.628173 -0.588508
vt 1.534328 -0.588508
vt 1.534328 -1.324051
vt 1.434206 -1.324051
vt 1.434206 -0.588508
vt 1.777432 -4.011178
vt 1.702999 -4.011178
vt 1.702999 -3.397409
vt 1.777432 -3.397408
vt 1.834847 -3.397409
vt 1.834847 -4.011178
vt 1.834847 -4.569807
vt 1.777432 -4.569807
vt 1.702999 -4.569807
vt 1.777432 -5.063419
vt 1.702999 -5.063419
vt 1.834847 -5.063419
vt 1.834847 -5.482136
vt 1.777432 -5.482136
vt 1.702999 -5.482136
vt 1.872135 -4.011178
vt 1.872135 -3.397409
vt 1.872135 -4.569807
vt 1.872135 -5.063419
vt 1.872135 -5.482136
vt 1.614658 -4.011178
vt 1.614658 -3.397408
vt 1.614658 -4.569807
vt 1.515518 -4.569807
vt 1.515518 -4.011178
vt 1.515518 -3.397409
vt 1.408688 -4.011178
vt 1.408688 -3.397408
vt 1.408688 -4.569807
vt 1.297277 -4.569807
vt 1.297277 -4.011178
vt 1.297277 -3.397409
vt 1.614658 -5.063419
vt 1.614658 -5.482136
vt 1.515518 -5.482136
vt 1.515518 -5.063419
vt 1.408688 -5.063419
vt 1.408688 -5.482136
vt 1.297277 -5.482136
vt 1.297277 -5.063419
vt 1.614658 -2.738379
vt 1.702999 -2.738379
vt 1.515518 -2.738379
vt 1.515518 -2.043967
vt 1.614658 -2.043967
vt 1.702999 -2.043967
vt 1.614658 -1.324051
vt 1.702999 -1.324050
vt 1.515518 -1.324050
vt 1.515518 -0.588508
vt 1.614658 -0.588508
vt 1.702999 -0.588508
vt 1.408688 -2.738379
vt 1.297277 -2.738379
vt 1.297277 -2.043967
vt 1.408688 -2.043967
vt 1.408688 -1.324051
vt 1.297277 -1.324051
vt 1.297277 -0.588508
vt 1.408688 -0.588508
vt 1.777432 -2.738379
vt 1.777432 -2.043967
vt 1.834847 -2.043967
vt 1.834847 -2.738379
vt 1.872135 -2.738379
vt 1.872135 -2.043967
vt 1.777432 -1.324051
vt 1.777432 -0.588508
vt 1.834847 -0.588508
vt 1.834847 -1.324051
vt 1.872135 -1.324051
vt 1.872135 -0.588508
vt 0.958477 -4.011178
vt 0.847574 -4.011178
vt 0.847574 -3.397409
vt 0.958477 -3.397408
vt 1.071105 -3.397409
vt 1.071105 -4.011178
vt 1.071105 -4.569807
vt 0.958477 -4.569807
vt 0.847574 -4.569807
vt 0.958477 -5.063419
vt 0.847574 -5.063419
vt 1.071105 -5.063419
vt 1.071105 -5.482136
vt 0.958477 -5.482136
vt 0.847574 -5.482136
vt 1.184394 -4.011178
vt 1.184394 -3.397409
vt 1.184394 -4.569807
vt 1.184394 -5.063419
vt 1.184394 -5.482136
vt 0.739463 -4.011178
vt 0.739463 -3.397408
vt 0.739463 -4.569807
vt 0.635209 -4.569807
vt 0.635209 -4.011178
vt 0.635209 -3.397409
vt 0.535879 -4.011178
vt 0.535879 -3.397408
vt 0.535879 -4.569807
vt 0.442538 -4.569807
vt 0.442538 -4.011178
vt 0.442538 -3.397409
vt 0.739463 -5.063419
vt 0.739463 -5.482136
vt 0.635209 -5.482136
vt 0.635209 -5.063419
vt 0.535879 -5.063419
vt 0.535879 -5.482136
vt 0.442538 -5.482136
vt 0.442538 -5.063419
vt 0.739463 -2.738379
vt 0.847574 -2.738379
vt 0.635209 -2.738379
vt 0.635209 -2.043967
vt 0.739463 -2.043967
vt 0.847574 -2.043967
vt 0.739463 -1.324051
vt 0.847574 -1.324050
vt 0.635209 -1.324050
vt 0.635209 -0.588508
vt 0.739463 -0.588508
vt 0.847574 -0.588508
vt 0.535879 -2.738379
vt 0.442538 -2.738379
vt 0.442538 -2.043967
vt 0.535879 -2.043967
vt 0.535879 -1.324051
vt 0.442538 -1.324051
vt 0.442538 -0.588508
vt 0.535879 -0.588508
vt 0.958477 -2.738379
vt 0.958477 -2.043967
vt 1.071105 -2.043967
vt 1.071105 -2.738379
vt 1.184394 -2.738379
vt 1.184394 -2.043967
vt 0.958477 -1.324051
vt 0.958477 -0.588508
vt 1.071105 -0.588508
vt 1.071105 -1.324051
vt 1.184394 -1.324051
vt 1.184394 -0.588508
vt 0.198069 -4.011178
vt 0.122783 -4.011178
vt 0.122783 -3.397409
vt 0.198069 -3.397408
vt 0.275327 -3.397409
vt 0.275327 -4.011178
vt 0.275327 -4.569807
vt 0.198069 -4.569807
vt 0.122783 -4.569807
vt 0.198069 -5.063419
vt 0.122783 -5.063419
vt 0.275327 -5.063419
vt 0.275327 -5.482136
vt 0.198069 -5.482136
vt 0.122783 -5.482136
vt 0.356252 -4.011178
vt 0.356252 -3.397409
vt 0.356252 -4.569807
vt 0.356252 -5.063419
vt 0.356252 -5.482136
vt 0.047776 -4.011178
vt 0.047776 -3.397408
vt 0.047776 -4.569807
vt -0.028648 -4.569807
vt -0.028648 -4.011178
vt -0.028648 -3.397409
vt -0.108182 -4.011178
vt -0.108182 -3.397408
vt -0.108182 -4.569807
vt 0.047776 -5.063419
vt 0.047776 -5.482136
vt -0.028648 -5.482136
vt -0.028648 -5.063419
vt -0.108182 -5.063419
vt -0.108182 -5.482136
vt 0.047776 -2.738379
vt 0.122783 -2.738379
vt -0.028648 -2.738379
vt -0.028648 -2.043967
vt 0.047776 -2.043967
vt 0.122783 -2.043967
vt 0.047776 -1.324051
vt 0.122783 -1.324050
vt -0.028648 -1.324050
vt -0.028648 -0.588508
vt 0.047776 -0.588508
vt 0.122783 -0.588508
vt -0.108182 -2.738379
vt -0.108182 -2.043967
vt -0.108182 -1.324051
vt -0.108182 -0.588508
vt 0.198069 -2.738379
vt 0.198069 -2.043967
vt 0.275327 -2.043967
vt 0.275327 -2.738379
vt 0.356252 -2.738379
vt 0.356252 -2.043967
vt 0.198069 -1.324051
vt 0.198069 -0.588508
vt 0.275327 -0.588508
vt 0.275327 -1.324051
vt 0.356252 -1.324051
vt 0.356252 -0.588508
vt 0.375000 0.375000
vt 0.500000 0.375000
vt 0.500000 0.515625
vt 0.375000 0.515625
vt 0.250000 0.515625
vt 0.250000 0.375000
vt 0.250000 0.250000
vt 0.375000 0.250000
vt 0.500000 0.250000
vt 0.375000 0.125000
vt 0.500000 0.125000
vt 0.250000 0.125000
vt 0.250000 0.000000
vt 0.375000 0.000000
vt 0.500000 0.000000
vt 0.125000 0.375000
vt 0.125000 0.515625
vt 0.000000 0.515625
vt 0.000000 0.375000
vt 0.000000 0.250000
vt 0.125000 0.250000
vt 0.125000 0.125000
vt 0.000000 0.125000
vt 0.000000 0.000000
vt 0.125000 0.000000
vt 0.625000 0.375000
vt 0.625000 0.515625
vt 0.625000 0.250000
vt 0.750000 0.250000
vt 0.750000 0.375000
vt 0.750000 0.515625
vt 0.875000 0.375000
vt 0.875000 0.515625
vt 0.875000 0.250000
vt 1.000000 0.250000
vt 1.000000 0.375000
vt 1.000000 0.515625
vt 0.625000 0.125000
vt 0.625000 0.000000
vt 0.750000 0.000000
vt 0.750000 0.125000
vt 0.875000 0.125000
vt 0.875000 0.000000
vt 1.000000 0.000000
vt 1.000000 0.125000
vt 0.625000 0.687500
vt 0.500000 0.687500
vt 0.750000 0.687500
vt 0.750000 0.875000
vt 0.625000 0.875000
vt 0.500000 0.875000
vt 0.875000 0.687500
vt 1.000000 0.687500
vt 1.000000 0.875000
vt 0.875000 0.875000
vt 0.375000 0.687500
vt 0.375000 0.875000
vt 0.250000 0.875000
vt 0.250000 0.687500
vt 0.125000 0.687500
vt 0.125000 0.875000
vt 0.000000 0.875000
vt 0.000000 0.687500
vt 0.375000 0.187500
vt 0.500000 0.187500
vt 0.500000 0.390625
vt 0.375000 0.390625
vt 0.250000 0.390625
vt 0.250000 0.187500
vt 0.125000 0.187500
vt 0.125000 0.390625
vt 0.000000 0.390625
vt 0.000000 0.187500
vt 0.625000 0.187500
vt 0.625000 0.390625
vt 0.750000 0.187500
vt 0.750000 0.390625
vt 0.875000 0.187500
vt 0.875000 0.390625
vt 1.000000 0.187500
vt 1.000000 0.390625
vt 0.625000 0.625000
vt 0.500000 0.625000
vt 0.750000 0.625000
vt 0.875000 0.625000
vt 1.000000 0.625000
vt 0.375000 0.625000
vt 0.250000 0.625000
vt 0.125000 0.625000
vt 0.000000 0.625000
vt 0.500000 0.500000
vt 0.375000 0.500000
vt 0.250000 0.500000
vt 0.125000 0.500000
vt 0.000000 0.500000
vt 0.625000 0.500000
vt 0.750000 0.500000
vt 0.875000 0.500000
vt 1.000000 0.500000
vt 0.625000 0.750000
vt 0.500000 0.750000
vt 0.750000 0.750000
vt 0.750000 1.000000
vt 0.625000 1.000000
vt 0.500000 1.000000
vt 0.875000 0.750000
vt 1.000000 0.750000
vt 1.000000 1.000000
vt 0.875000 1.000000
vt 0.375000 0.750000
vt 0.375000 1.000000
vt 0.250000 1.000000
vt 0.250000 0.750000
vt 0.125000 0.750000
vt 0.125000 1.000000
vt 0.000000 1.000000
vt 0.000000 0.750000
vt 0.375000 0.437500
vt 0.500000 0.437500
vt 0.250000 0.437500
vt 0.125000 0.437500
vt 0.000000 0.437500
vt 0.625000 0.437500
vt 0.750000 0.437500
vt 0.875000 0.437500
vt 1.000000 0.437500
vt 0.375000 0.468750
vt 0.500000 0.468750
vt 0.250000 0.468750
vt 0.250000 0.273438
vt 0.375000 0.273438
vt 0.500000 0.273438
vt 0.125000 0.468750
vt 0.000000 0.468750
vt 0.000000 0.273438
vt 0.125000 0.273438
vt 0.625000 0.468750
vt 0.625000 0.273438
vt 0.750000 0.273438
vt 0.750000 0.468750
vt 0.875000 0.468750
vt 0.875000 0.273438
vt 1.000000 0.273438
vt 1.000000 0.468750
vt 0.375000 0.312500
vt 0.500000 0.312500
vt 0.500000 0.484375
vt 0.375000 0.484375
vt 0.250000 0.484375
vt 0.250000 0.312500
vt 0.125000 0.312500
vt 0.125000 0.484375
vt 0.000000 0.484375
vt 0.000000 0.312500
vt 0.625000 0.312500
vt 0.625000 0.484375
vt 0.750000 0.312500
vt 0.750000 0.484375
vt 0.875000 0.312500
vt 0.875000 0.484375
vt 1.000000 0.312500
vt 1.000000 0.484375
vt 0.750000 0.744141
vt 0.750000 0.851562
vt 0.750000 0.953125
vt 1.000000 0.703125
vt 0.875000 0.726562
vt 0.875000 0.781250
vt 0.875000 0.812500
vt 0.250000 0.744141
vt 0.125000 0.726562
vt 0.000000 0.703125
vt 0.250000 0.953125
vt 0.250000 0.851562
vt 0.125000 0.781250
vt 0.125000 0.812500
vt 0.750000 0.738281
vt 0.625000 0.726562
vt 0.500000 0.714844
vt 0.625000 0.781250
vt 0.500000 0.734375
vt 0.750000 0.828125
vt 0.750000 0.906250
vt 0.625000 0.812500
vt 0.500000 0.671875
vt 0.375000 0.726562
vt 0.250000 0.738281
vt 0.375000 0.781250
vt 0.375000 0.812500
vt 0.250000 0.906250
vt 0.250000 0.828125
vt 0.500000 0.609375
vt 0.375000 0.609375
vt 0.250000 0.609375
vt 0.125000 0.609375
vt 0.000000 0.609375
vt 0.625000 0.609375
vt 0.750000 0.609375
vt 0.875000 0.609375
vt 1.000000 0.609375
vt 0.500000 0.812500
vt 0.750000 0.812500
vt 1.000000 0.812500
vt 0.250000 0.812500
vt 0.000000 0.812500
vt -0.766085 1.605133
vt -0.673532 1.605133
vt -0.673532 2.292458
vt -0.766085 2.292458
vt -0.858080 2.292458
vt -0.858080 1.605133
vt -0.858080 0.887952
vt -0.766085 0.887952
vt -0.673532 0.887952
vt -0.766085 0.152782
vt -0.673532 0.152782
vt -0.858080 0.152782
vt -0.949701 1.605133
vt -0.949701 2.292458
vt -1.041136 2.292458
vt -1.041136 1.605133
vt -1.041136 0.887952
vt -0.949701 0.887952
vt -0.949701 0.152782
vt -1.041136 0.152782
vt -0.580233 1.605133
vt -0.580233 2.292458
vt -0.580233 0.887952
vt -0.486002 0.887952
vt -0.486002 1.605133
vt -0.486002 2.292458
vt -0.390652 1.605133
vt -0.390652 2.292458
vt -0.390652 0.887952
vt -0.293997 0.887952
vt -0.293997 1.605133
vt -0.293997 2.292458
vt -0.580233 0.152782
vt -0.486002 0.152782
vt -0.390652 0.152782
vt -0.293997 0.152782
vt -0.580233 2.938058
vt -0.673532 2.938058
vt -0.486002 2.938058
vt -0.486002 3.530066
vt -0.580233 3.530066
vt -0.673532 3.530066
vt -0.580233 4.056612
vt -0.673532 4.056612
vt -0.486002 4.056612
vt -0.486002 4.505830
vt -0.580233 4.505830
vt -0.673532 4.505830
vt -0.390652 2.938058
vt -0.293997 2.938058
vt -0.293997 3.530066
vt -0.390652 3.530066
vt -0.390652 4.056612
vt -0.293997 4.056612
vt -0.293997 4.505830
vt -0.390652 4.505830
vt -0.766085 2.938058
vt -0.766085 3.530066
vt -0.858080 3.530066
vt -0.858079 2.938058
vt -0.949701 2.938058
vt -0.949701 3.530066
vt -1.041136 3.530066
vt -1.041136 2.938058
vt -0.766085 4.056612
vt -0.766085 4.505830
vt -0.858080 4.505830
vt -0.858080 4.056612
vt -0.949701 4.056612
vt -0.949701 4.505830
vt -1.041136 4.505831
vt -1.041136 4.056612
vt -0.481278 1.605133
vt -0.586737 1.605133
vt -0.586737 2.292458
vt -0.481278 2.292458
vt -0.379881 2.292458
vt -0.379881 1.605133
vt -0.379881 0.887952
vt -0.481278 0.887952
vt -0.586737 0.887952
vt -0.481278 0.152782
vt -0.586737 0.152782
vt -0.379881 0.152782
vt -0.283357 1.605133
vt -0.283357 2.292458
vt -0.192520 2.292458
vt -0.192520 1.605133
vt -0.192520 0.887952
vt -0.283357 0.887952
vt -0.283357 0.152782
vt -0.192520 0.152782
vt -0.695445 1.605133
vt -0.695445 2.292458
vt -0.695445 0.887952
vt -0.806591 0.887952
vt -0.806591 1.605133
vt -0.806591 2.292458
vt -0.919361 1.605133
vt -0.919361 2.292458
vt -0.919361 0.887952
vt -1.032943 0.887952
vt -1.032943 1.605133
vt -1.032943 2.292458
vt -0.695445 0.152782
vt -0.806591 0.152782
vt -0.919361 0.152782
vt -1.032943 0.152782
vt -0.695445 2.938058
vt -0.586737 2.938058
vt -0.806591 2.938058
vt -0.806591 3.530066
vt -0.695445 3.530066
vt -0.586737 3.530066
vt -0.695445 4.056612
vt -0.586737 4.056612
vt -0.806591 4.056612
vt -0.806591 4.505830
vt -0.695445 4.505830
vt -0.586737 4.505830
vt -0.919361 2.938058
vt -1.032943 2.938058
vt -1.032943 3.530066
vt -0.919361 3.530066
vt -0.919361 4.056612
vt -1.032943 4.056612
vt -1.032943 4.505831
vt -0.919361 4.505830
vt -0.481278 2.938058
vt -0.481278 3.530066
vt -0.379881 3.530066
vt -0.379881 2.938058
vt -0.283357 2.938058
vt -0.283357 3.530066
vt -0.192520 3.530066
vt -0.192520 2.938058
vt -0.481278 4.056612
vt -0.481278 4.505830
vt -0.379881 4.505830
vt -0.379881 4.056612
vt -0.283357 4.056612
vt -0.283357 4.505830
vt -0.192520 4.505830
vt -0.192520 4.056612
vt 0.198069 1.605133
vt 0.122783 1.605133
vt 0.122783 2.292458
vt 0.198069 2.292458
vt 0.275327 2.292458
vt 0.275327 1.605133
vt 0.275327 0.887952
vt 0.198069 0.887952
vt 0.122783 0.887952
vt 0.198069 0.152782
vt 0.122783 0.152782
vt 0.275327 0.152782
vt 0.356252 1.605133
vt 0.356252 2.292458
vt 0.442538 2.292458
vt 0.442538 1.605133
vt 0.442538 0.887952
vt 0.356252 0.887952
vt 0.356252 0.152782
vt 0.442538 0.152782
vt 0.047776 1.605133
vt 0.047776 2.292458
vt 0.047776 0.887952
vt -0.028648 0.887952
vt -0.028648 1.605133
vt -0.028648 2.292458
vt -0.108182 1.605133
vt -0.108182 2.292458
vt -0.108182 0.887952
vt 0.047776 0.152782
vt -0.028648 0.152782
vt -0.108182 0.152782
vt 0.047776 2.938058
vt 0.122783 2.938058
vt -0.028648 2.938058
vt -0.028648 3.530066
vt 0.047776 3.530066
vt 0.122783 3.530066
vt 0.047776 4.056612
vt 0.122783 4.056612
vt -0.028648 4.056612
vt -0.028648 4.505830
vt 0.047776 4.505830
vt 0.122783 4.505830
vt -0.108182 2.938058
vt -0.108182 3.530066
vt -0.108182 4.056612
vt -0.108182 4.505830
vt 0.198069 2.938058
vt 0.198069 3.530066
vt 0.275327 3.530066
vt 0.275327 2.938058
vt 0.356252 2.938058
vt 0.356252 3.530066
vt 0.442538 3.530066
vt 0.442538 2.938058
vt 0.198069 4.056612
vt 0.198069 4.505830
vt 0.275327 4.505830
vt 0.275327 4.056612
vt 0.356252 4.056612
vt 0.356252 4.505830
vt 0.442538 4.505830
vt 0.442538 4.056612
vt 0.958477 1.605133
vt 0.847574 1.605133
vt 0.847574 2.292458
vt 0.958477 2.292458
vt 1.071105 2.292458
vt 1.071105 1.605133
vt 1.071105 0.887952
vt 0.958477 0.887952
vt 0.847574 0.887952
vt 0.958477 0.152782
vt 0.847574 0.152782
vt 1.071105 0.152782
vt 1.184394 1.605133
vt 1.184394 2.292458
vt 1.297277 2.292458
vt 1.297277 1.605133
vt 1.297277 0.887952
vt 1.184394 0.887952
vt 1.184394 0.152782
vt 1.297277 0.152782
vt 0.739463 1.605133
vt 0.739463 2.292458
vt 0.739463 0.887952
vt 0.635209 0.887952
vt 0.635209 1.605133
vt 0.635209 2.292458
vt 0.535879 1.605133
vt 0.535879 2.292458
vt 0.535879 0.887952
vt 0.739463 0.152782
vt 0.635209 0.152782
vt 0.535879 0.152782
vt 0.739463 2.938058
vt 0.847574 2.938058
vt 0.635209 2.938058
vt 0.635209 3.530066
vt 0.739463 3.530066
vt 0.847574 3.530066
vt 0.739463 4.056612
vt 0.847574 4.056612
vt 0.635209 4.056612
vt 0.635209 4.505830
vt 0.739463 4.505830
vt 0.847574 4.505830
vt 0.535879 2.938058
vt 0.535879 3.530066
vt 0.535879 4.056612
vt 0.535879 4.505830
vt 0.958477 2.938058
vt 0.958477 3.530066
vt 1.071105 3.530066
vt 1.071105 2.938058
vt 1.184394 2.938058
vt 1.184394 3.530066
vt 1.297277 3.530066
vt 1.297277 2.938058
vt 0.958477 4.056612
vt 0.958477 4.505830
vt 1.071105 4.505830
vt 1.071105 4.056612
vt 1.184394 4.056612
vt 1.184394 4.505830
vt 1.297277 4.505830
vt 1.297277 4.056612
vt 0.004034 1.605133
vt 0.105333 1.605133
vt 0.105333 2.292458
vt 0.004034 2.292458
vt -0.096433 2.292458
vt -0.096433 1.605133
vt -0.096433 0.887952
vt 0.004034 0.887952
vt 0.105333 0.887952
vt 0.004034 0.152782
vt 0.105333 0.152782
vt -0.096433 0.152782
vt -0.195851 1.605133
vt -0.195851 2.292458
vt -0.195851 0.887952
vt -0.195851 0.152782
vt 0.207241 1.605133
vt 0.207241 2.292458
vt 0.207241 0.887952
vt 0.309538 0.887952
vt 0.309538 1.605133
vt 0.309538 2.292458
vt 0.412005 1.605133
vt 0.412005 2.292458
vt 0.412005 0.887952
vt 0.514420 0.887952
vt 0.514420 1.605133
vt 0.514420 2.292458
vt 0.207241 0.152782
vt 0.309538 0.152782
vt 0.412005 0.152782
vt 0.514420 0.152782
vt 0.207241 2.938058
vt 0.105333 2.938058
vt 0.309538 2.938058
vt 0.309538 3.530066
vt 0.207241 3.530066
vt 0.105333 3.530066
vt 0.207241 4.056612
vt 0.105333 4.056612
vt 0.309538 4.056612
vt 0.309538 4.505830
vt 0.207241 4.505830
vt 0.105333 4.505830
vt 0.412005 2.938058
vt 0.514420 2.938058
vt 0.514420 3.530066
vt 0.412005 3.530066
vt 0.412005 4.056612
vt 0.514420 4.056612
vt 0.514420 4.505830
vt 0.412005 4.505830
vt 0.004034 2.938058
vt 0.004034 3.530066
vt -0.096433 3.530066
vt -0.096433 2.938058
vt -0.195851 2.938058
vt -0.195851 3.530066
vt 0.004034 4.056612
vt 0.004034 4.505830
vt -0.096433 4.505830
vt -0.096433 4.056612
vt -0.195851 4.056612
vt -0.195851 4.505830
vt 1.777432 1.605133
vt 1.702999 1.605133
vt 1.702999 2.292458
vt 1.777432 2.292458
vt 1.834847 2.292458
vt 1.834847 1.605133
vt 1.834847 0.887952
vt 1.777432 0.887952
vt 1.702999 0.887952
vt 1.777432 0.152782
vt 1.702999 0.152782
vt 1.834847 0.152782
vt 1.872135 1.605133
vt 1.872135 2.292458
vt 1.899360 2.292458
vt 1.899360 1.605133
vt 1.899360 0.887952
vt 1.872135 0.887952
vt 1.872135 0.152782
vt 1.899360 0.152782
vt 1.614658 1.605133
vt 1.614658 2.292458
vt 1.614658 0.887952
vt 1.515518 0.887952
vt 1.515518 1.605133
vt 1.515518 2.292458
vt 1.408688 1.605133
vt 1.408688 2.292458
vt 1.408688 0.887952
vt 1.614658 0.152782
vt 1.515518 0.152782
vt 1.408688 0.152782
vt 1.614658 2.938058
vt 1.702999 2.938058
vt 1.515518 2.938058
vt 1.515518 3.530066
vt 1.614658 3.530066
vt 1.702999 3.530066
vt 1.614658 4.056612
vt 1.702999 4.056612
vt 1.515518 4.056612
vt 1.515518 4.505830
vt 1.614658 4.505830
vt 1.702999 4.505830
vt 1.408688 2.938058
vt 1.408688 3.530066
vt 1.408688 4.056612
vt 1.408688 4.505830
vt 1.777432 2.938058
vt 1.777432 3.530066
vt 1.834847 3.530066
vt 1.834847 2.938058
vt 1.872135 2.938058
vt 1.872135 3.530066
vt 1.899360 3.530066
vt 1.899360 2.938058
vt 1.777432 4.056612
vt 1.777432 4.505830
vt 1.834847 4.505830
vt 1.834847 4.056612
vt 1.872135 4.056612
vt 1.872135 4.505830
vt 1.899360 4.505831
vt 1.899360 4.056612
vt 0.820378 1.605133
vt 0.922220 1.605133
vt 0.922220 2.292458
vt 0.820378 2.292458
vt 0.718521 2.292458
vt 0.718521 1.605133
vt 0.718521 0.887952
vt 0.820378 0.887952
vt 0.922220 0.887952
vt 0.820378 0.152782
vt 0.922220 0.152782
vt 0.718521 0.152782
vt 0.616563 1.605133
vt 0.616563 2.292458
vt 0.616563 0.887952
vt 0.616563 0.152782
vt 1.024133 1.605133
vt 1.024133 2.292458
vt 1.024133 0.887952
vt 1.126203 0.887952
vt 1.126203 1.605133
vt 1.126203 2.292458
vt 1.228514 1.605133
vt 1.228514 2.292458
vt 1.228514 0.887952
vt 1.331154 0.887952
vt 1.331154 1.605133
vt 1.331154 2.292458
vt 1.024133 0.152782
vt 1.126203 0.152782
vt 1.228514 0.152782
vt 1.331154 0.152782
vt 1.024133 2.938058
vt 0.922220 2.938058
vt 1.126203 2.938058
vt 1.126203 3.530066
vt 1.024133 3.530066
vt 0.922220 3.530066
vt 1.024133 4.056612
vt 0.922220 4.056612
vt 1.126203 4.056612
vt 1.126203 4.505830
vt 1.024133 4.505830
vt 0.922220 4.505830
vt 1.228514 2.938058
vt 1.331154 2.938058
vt 1.331154 3.530066
vt 1.228514 3.530066
vt 1.228514 4.056612
vt 1.331154 4.056612
vt 1.331154 4.505830
vt 1.228514 4.505830
vt 0.820378 2.938058
vt 0.820378 3.530066
vt 0.718521 3.530066
vt 0.718521 2.938058
vt 0.616563 2.938058
vt 0.616563 3.530066
vt 0.820378 4.056612
vt 0.820378 4.505830
vt 0.718521 4.505830
vt 0.718521 4.056612
vt 0.616563 4.056612
vt 0.616563 4.505830
vt 1.628173 1.605133
vt 1.712397 1.605133
vt 1.712397 2.292458
vt 1.628173 2.292458
vt 1.534328 2.292458
vt 1.534328 1.605133
vt 1.534328 0.887952
vt 1.628173 0.887952
vt 1.712397 0.887952
vt 1.628173 0.152782
vt 1.712397 0.152782
vt 1.534328 0.152782
vt 1.434206 1.605133
vt 1.434206 2.292458
vt 1.434206 0.887952
vt 1.434206 0.152782
vt 1.783655 1.605133
vt 1.783655 2.292458
vt 1.783655 0.887952
vt 1.838603 0.887952
vt 1.838603 1.605133
vt 1.838603 2.292458
vt 1.873896 1.605133
vt 1.873896 2.292458
vt 1.873896 0.887952
vt 1.783655 0.152782
vt 1.838603 0.152782
vt 1.873896 0.152782
vt 1.783655 2.938058
vt 1.712397 2.938058
vt 1.838603 2.938058
vt 1.838603 3.530066
vt 1.783655 3.530066
vt 1.712397 3.530066
vt 1.783655 4.056612
vt 1.712397 4.056612
vt 1.838603 4.056612
vt 1.838603 4.505830
vt 1.783655 4.505830
vt 1.712397 4.505830
vt 1.873896 2.938058
vt 1.873896 3.530066
vt 1.873896 4.056612
vt 1.873896 4.505830
vt 1.628173 2.938058
vt 1.628173 3.530066
vt 1.534328 3.530066
vt 1.534328 2.938058
vt 1.434206 2.938058
vt 1.434206 3.530066
vt 1.628173 4.056612
vt 1.628173 4.505830
vt 1.534328 4.505830
vt 1.534328 4.056612
vt 1.434206 4.056612
vt 1.434206 4.505830
vt 1.628173 5.458766
vt 1.712397 5.458766
vt 1.712397 5.691703
vt 1.628173 5.691703
vt 1.534328 5.691703
vt 1.534328 5.458766
vt 1.534328 5.171791
vt 1.628173 5.171791
vt 1.712397 5.171791
vt 1.628173 4.865851
vt 1.712397 4.865851
vt 1.534328 4.865851
vt 1.434206 5.458766
vt 1.434206 5.691703
vt 1.331154 5.691703
vt 1.331154 5.458766
vt 1.331154 5.171791
vt 1.434206 5.171791
vt 1.434206 4.865851
vt 1.331154 4.865851
vt 1.783655 5.458766
vt 1.783655 5.691703
vt 1.783655 5.171791
vt 1.838603 5.171791
vt 1.838603 5.458766
vt 1.838603 5.691703
vt 1.873896 5.458766
vt 1.873896 5.691703
vt 1.873896 5.171791
vt 1.899360 5.171791
vt 1.899360 5.458766
vt 1.899360 5.691703
vt 1.783655 4.865851
vt 1.838603 4.865851
vt 1.873896 4.865851
vt 1.899360 4.865851
vt 0.820378 5.458766
vt 0.922220 5.458766
vt 0.922220 5.691703
vt 0.820378 5.691703
vt 0.718521 5.691703
vt 0.718521 5.458766
vt 0.718521 5.171791
vt 0.820378 5.171791
vt 0.922220 5.171791
vt 0.820378 4.865851
vt 0.922220 4.865851
vt 0.718521 4.865851
vt 0.616563 5.458766
vt 0.616563 5.691703
vt 0.514420 5.691703
vt 0.514420 5.458766
vt 0.514420 5.171791
vt 0.616563 5.171791
vt 0.616563 4.865851
vt 0.514420 4.865851
vt 1.024133 5.458766
vt 1.024133 5.691703
vt 1.024133 5.171791
vt 1.126203 5.171791
vt 1.126203 5.458766
vt 1.126203 5.691703
vt 1.228514 5.458766
vt 1.228514 5.691703
vt 1.228514 5.171791
vt 1.024133 4.865851
vt 1.126203 4.865851
vt 1.228514 4.865851
vt 1.777432 5.458766
vt 1.702999 5.458766
vt 1.702999 5.691703
vt 1.777432 5.691703
vt 1.834847 5.691703
vt 1.834847 5.458766
vt 1.834847 5.171791
vt 1.777432 5.171791
vt 1.702999 5.171791
vt 1.777432 4.865851
vt 1.702999 4.865851
vt 1.834847 4.865851
vt 1.872135 5.458766
vt 1.872135 5.691703
vt 1.872135 5.171791
vt 1.872135 4.865851
vt 1.614658 5.458766
vt 1.614658 5.691703
vt 1.614658 5.171791
vt 1.515518 5.171791
vt 1.515518 5.458766
vt 1.515518 5.691703
vt 1.408688 5.458766
vt 1.408688 5.691703
vt 1.408688 5.171791
vt 1.297277 5.171791
vt 1.297277 5.458766
vt 1.297277 5.691703
vt 1.614658 4.865851
vt 1.515518 4.865851
vt 1.408688 4.865851
vt 1.297277 4.865851
vt 0.004034 5.458766
vt 0.105333 5.458766
vt 0.105333 5.691703
vt 0.004034 5.691703
vt -0.096433 5.691703
vt -0.096433 5.458766
vt -0.096433 5.171791
vt 0.004034 5.171791
vt 0.105333 5.171791
vt 0.004034 4.865851
vt 0.105333 4.865851
vt -0.096433 4.865851
vt -0.195851 5.458766
vt -0.195851 5.691703
vt -0.293997 5.691703
vt -0.293997 5.458766
vt -0.293997 5.171791
vt -0.195851 5.171791
vt -0.195851 4.865851
vt -0.293997 4.865851
vt 0.207241 5.458766
vt 0.207241 5.691703
vt 0.207241 5.171791
vt 0.309538 5.171791
vt 0.309538 5.458766
vt 0.309538 5.691703
vt 0.412005 5.458766
vt 0.412005 5.691703
vt 0.412005 5.171791
vt 0.207241 4.865851
vt 0.309538 4.865851
vt 0.412005 4.865851
vt 0.958477 5.458766
vt 0.847574 5.458766
vt 0.847574 5.691703
vt 0.958477 5.691703
vt 1.071105 5.691703
vt 1.071105 5.458766
vt 1.071105 5.171791
vt 0.958477 5.171791
vt 0.847574 5.171791
vt 0.958477 4.865851
vt 0.847574 4.865851
vt 1.071105 4.865851
vt 1.184394 5.458766
vt 1.184394 5.691703
vt 1.184394 5.171791
vt 1.184394 4.865851
vt 0.739463 5.458766
vt 0.739463 5.691703
vt 0.739463 5.171791
vt 0.635209 5.171791
vt 0.635209 5.458766
vt 0.635209 5.691703
vt 0.535879 5.458766
vt 0.535879 5.691703
vt 0.535879 5.171791
vt 0.442538 5.171791
vt 0.442538 5.458766
vt 0.442538 5.691703
vt 0.739463 4.865851
vt 0.635209 4.865851
vt 0.535879 4.865851
vt 0.442538 4.865851
vt 0.198069 5.458766
vt 0.122783 5.458766
vt 0.123476 5.691849
vt 0.198346 5.691761
vt 0.275397 5.691718
vt 0.275327 5.458766
vt 0.275327 5.171791
vt 0.198069 5.171791
vt 0.122783 5.171791
vt 0.198069 4.865851
vt 0.122783 4.865851
vt 0.275327 4.865851
vt 0.356252 5.458766
vt 0.356252 5.691703
vt 0.356252 5.171791
vt 0.356252 4.865851
vt 0.047776 5.458766
vt 0.049162 5.691994
vt 0.047776 5.171791
vt -0.028648 5.171791
vt -0.028648 5.458766
vt -0.026499 5.692154
vt -0.108182 5.458766
vt -0.105409 5.692287
vt -0.108182 5.171791
vt -0.192520 5.171791
vt -0.192520 5.458766
vt -0.189470 5.692351
vt 0.047776 4.865851
vt -0.028648 4.865851
vt -0.108182 4.865851
vt -0.192520 4.865851
vt -0.481278 5.458766
vt -0.586737 5.458766
vt -0.586044 5.691898
vt -0.479891 5.692034
vt -0.377732 5.692183
vt -0.379881 5.458766
vt -0.379881 5.171791
vt -0.481278 5.171791
vt -0.586737 5.171791
vt -0.481278 4.865851
vt -0.586737 4.865851
vt -0.379881 4.865851
vt -0.283357 5.458766
vt -0.280584 5.692302
vt -0.283357 5.171791
vt -0.283357 4.865851
vt -0.695445 5.458766
vt -0.695168 5.691816
vt -0.695445 5.171791
vt -0.806591 5.171791
vt -0.806591 5.458766
vt -0.806522 5.691776
vt -0.919361 5.458766
vt -0.919361 5.691762
vt -0.919361 5.171791
vt -1.032943 5.171791
vt -1.032943 5.458766
vt -1.032943 5.691762
vt -0.695445 4.865851
vt -0.806591 4.865851
vt -0.919361 4.865851
vt -1.032943 4.865851
vt -0.766085 5.458766
vt -0.673532 5.458766
vt -0.673532 5.691703
vt -0.766085 5.691703
vt -0.858080 5.691703
vt -0.858080 5.458766
vt -0.858080 5.171791
vt -0.766085 5.171791
vt -0.673532 5.171791
vt -0.766085 4.865851
vt -0.673532 4.865851
vt -0.858080 4.865851
vt -0.949701 5.458766
vt -0.949701 5.691703
vt -1.041136 5.691703
vt -1.041136 5.458766
vt -1.041136 5.171791
vt -0.949701 5.171791
vt -0.949701 4.865851
vt -1.041136 4.865851
vt -0.580233 5.458766
vt -0.580233 5.691703
vt -0.580233 5.171791
vt -0.486002 5.171791
vt -0.486002 5.458766
vt -0.486002 5.691703
vt -0.390652 5.458766
vt -0.390652 5.691703
vt -0.390652 5.171791
vt -0.580233 4.865851
vt -0.486002 4.865851
vt -0.390652 4.865851
vt -0.766085 5.835531
vt -0.673532 5.835531
vt -0.673532 5.918537
vt -0.766085 5.918537
vt -0.858080 5.918537
vt -0.858080 5.835531
vt -0.949701 5.835531
vt -0.949701 5.918537
vt -1.041136 5.918537
vt -1.041136 5.835531
vt -0.580233 5.835531
vt -0.580233 5.918537
vt -0.486002 5.835531
vt -0.486002 5.918537
vt -0.390652 5.835531
vt -0.390652 5.918537
vt -0.293997 5.835531
vt -0.293997 5.918537
vt -0.580233 5.969008
vt -0.673532 5.969008
vt -0.486002 5.969008
vt -0.486002 6.003212
vt -0.580233 6.003212
vt -0.673532 6.003212
vt -0.390652 5.969008
vt -0.293997 5.969008
vt -0.293997 6.003212
vt -0.390652 6.003212
vt -0.766085 5.969008
vt -0.766085 6.003212
vt -0.858080 6.003212
vt -0.858079 5.969008
vt -0.949701 5.969008
vt -0.949701 6.003212
vt -1.041136 6.003212
vt -1.041136 5.969008
vt -0.475732 5.836854
vt -0.583964 5.836310
vt -0.580787 5.920267
vt -0.469377 5.921409
vt -0.360291 5.922898
vt -0.371284 5.837448
vt -0.272265 5.837926
vt -0.254980 5.924627
vt -0.159304 5.925555
vt -0.180319 5.838122
vt -0.694336 5.835984
vt -0.693065 5.919582
vt -0.806314 5.835821
vt -0.805996 5.919239
vt -0.919361 5.835766
vt -0.919361 5.919126
vt -1.032943 5.835766
vt -1.032943 5.919126
vt -0.691471 5.970924
vt -0.576801 5.972034
vt -0.805597 5.970370
vt -0.805285 6.002402
vt -0.690224 6.003095
vt -0.573682 6.004481
vt -0.919361 5.970185
vt -1.032943 5.970185
vt -1.032943 6.002171
vt -0.919361 6.002172
vt -0.461406 5.973882
vt -0.455169 6.006792
vt -0.332021 6.010812
vt -0.344503 5.976869
vt -0.225310 5.981392
vt -0.201578 6.017326
vt -0.043443 6.034420
vt -0.120663 5.984127
vt 0.199178 5.835763
vt 0.125556 5.836111
vt 0.129161 5.919871
vt 0.200620 5.919070
vt 0.275965 5.918670
vt 0.275605 5.835589
vt 0.356252 5.835531
vt 0.356252 5.918537
vt 0.442538 5.918537
vt 0.442538 5.835531
vt 0.053322 5.836692
vt 0.060531 5.921206
vt -0.020052 5.837334
vt -0.007989 5.922866
vt -0.097090 5.837867
vt -0.079121 5.924642
vt 0.071069 5.973884
vt 0.134430 5.971446
vt 0.011006 5.977312
vt 0.033467 6.016215
vt 0.083270 6.010643
vt 0.140530 6.006928
vt -0.047398 5.981747
vt -0.008797 6.024017
vt 0.202728 5.969983
vt 0.205168 6.004699
vt 0.277102 6.003584
vt 0.276492 5.969253
vt 0.356252 5.969008
vt 0.356252 6.003212
vt 0.442538 6.003212
vt 0.442538 5.969008
vt 0.958477 5.835531
vt 0.847574 5.835531
vt 0.847574 5.918537
vt 0.958477 5.918537
vt 1.071105 5.918537
vt 1.071105 5.835531
vt 1.184394 5.835531
vt 1.184394 5.918537
vt 1.297277 5.918537
vt 1.297277 5.835531
vt 0.739463 5.835531
vt 0.739463 5.918537
vt 0.635209 5.835531
vt 0.635209 5.918537
vt 0.535879 5.835531
vt 0.535879 5.918537
vt 0.739463 5.969008
vt 0.847574 5.969008
vt 0.635209 5.969008
vt 0.635209 6.003212
vt 0.739463 6.003212
vt 0.847574 6.003212
vt 0.535879 5.969008
vt 0.535879 6.003212
vt 0.958477 5.969008
vt 0.958477 6.003212
vt 1.071105 6.003212
vt 1.071105 5.969008
vt 1.184394 5.969008
vt 1.184394 6.003212
vt 1.297277 6.003212
vt 1.297277 5.969008
vt 0.004034 5.835531
vt 0.105333 5.835531
vt 0.105333 5.918537
vt 0.004034 5.918537
vt -0.096433 5.918537
vt -0.096433 5.835531
vt -0.195851 5.835531
vt -0.195851 5.918537
vt 0.207241 5.835531
vt 0.207241 5.918537
vt 0.309538 5.835531
vt 0.309538 5.918537
vt 0.412005 5.835531
vt 0.412005 5.918537
vt 0.514420 5.835531
vt 0.514420 5.918537
vt 0.207241 5.969008
vt 0.105333 5.969008
vt 0.309538 5.969008
vt 0.309538 6.003212
vt 0.207241 6.003212
vt 0.105333 6.003212
vt 0.412005 5.969008
vt 0.514420 5.969008
vt 0.514420 6.003212
vt 0.412005 6.003212
vt 0.004034 5.969008
vt 0.004034 6.003212
vt -0.096433 6.003212
vt -0.096433 5.969008
vt -0.195851 5.969008
vt -0.195851 6.003212
vt 1.777432 5.835531
vt 1.702999 5.835531
vt 1.702999 5.918537
vt 1.777432 5.918537
vt 1.834847 5.918537
vt 1.834847 5.835531
vt 1.872135 5.835531
vt 1.872135 5.918537
vt 1.899360 5.918537
vt 1.899360 5.835531
vt 1.614658 5.835531
vt 1.614658 5.918537
vt 1.515518 5.835531
vt 1.515518 5.918537
vt 1.408688 5.835531
vt 1.408688 5.918537
vt 1.614658 5.969008
vt 1.702999 5.969008
vt 1.515518 5.969008
vt 1.515518 6.003212
vt 1.614658 6.003212
vt 1.702999 6.003212
vt 1.408688 5.969008
vt 1.408688 6.003212
vt 1.777432 5.969008
vt 1.777432 6.003212
vt 1.834847 6.003212
vt 1.834847 5.969008
vt 1.872135 5.969008
vt 1.872135 6.003212
vt 1.899360 6.003212
vt 1.899360 5.969008
vt 0.820378 5.835531
vt 0.922220 5.835531
vt 0.922220 5.918537
vt 0.820378 5.918537
vt 0.718521 5.918537
vt 0.718521 5.835531
vt 0.616563 5.835531
vt 0.616563 5.918537
vt 1.024133 5.835531
vt 1.024133 5.918537
vt 1.126203 5.835531
vt 1.126203 5.918537
vt 1.228514 5.835531
vt 1.228514 5.918537
vt 1.331154 5.835531
vt 1.331154 5.918537
vt 1.024133 5.969008
vt 0.922220 5.969008
vt 1.126203 5.969008
vt 1.126203 6.003212
vt 1.024133 6.003212
vt 0.922220 6.003212
vt 1.228514 5.969008
vt 1.331154 5.969008
vt 1.331154 6.003212
vt 1.228514 6.003212
vt 0.820378 5.969008
vt 0.820378 6.003212
vt 0.718521 6.003212
vt 0.718521 5.969008
vt 0.616563 5.969008
vt 0.616563 6.003212
vt 1.628173 5.835531
vt 1.712397 5.835531
vt 1.712397 5.918537
vt 1.628173 5.918537
vt 1.534328 5.918537
vt 1.534328 5.835531
vt 1.434206 5.835531
vt 1.434206 5.918537
vt 1.783655 5.835531
vt 1.783655 5.918537
vt 1.838603 5.835531
vt 1.838603 5.918537
vt 1.873896 5.835531
vt 1.873896 5.918537
vt 1.783655 5.969008
vt 1.712397 5.969008
vt 1.838603 5.969008
vt 1.838603 6.003212
vt 1.783655 6.003212
vt 1.712397 6.003212
vt 1.873896 5.969008
vt 1.873896 6.003212
vt 1.628173 5.969008
vt 1.628173 6.003212
vt 1.534328 6.003212
vt 1.534328 5.969008
vt 1.434206 5.969008
vt 1.434206 6.003212
vt -0.691955 6.123348
vt -0.578012 6.123479
vt -0.577110 6.099634
vt -0.691595 6.099308
vt -0.805628 6.099145
vt -0.805718 6.123283
vt -0.805763 6.147776
vt -0.692136 6.147792
vt -0.578463 6.147824
vt -0.692196 6.172647
vt -0.578614 6.172647
vt -0.805779 6.172647
vt -0.805779 6.197921
vt -0.692196 6.197921
vt -0.578614 6.197921
vt -0.919361 6.123261
vt -0.919361 6.099092
vt -1.032943 6.099091
vt -1.032943 6.123261
vt -1.032943 6.147770
vt -0.919361 6.147770
vt -0.919361 6.172647
vt -1.032943 6.172647
vt -1.032943 6.197921
vt -0.919361 6.197921
vt -0.463828 6.123696
vt -0.462024 6.100178
vt -0.464730 6.147879
vt -0.350953 6.147950
vt -0.349464 6.123980
vt -0.346486 6.100885
vt -0.234979 6.124305
vt -0.230648 6.101701
vt -0.237145 6.148031
vt -0.123322 6.148118
vt -0.120434 6.124653
vt -0.114660 6.102571
vt -0.465031 6.172647
vt -0.465031 6.197921
vt -0.351449 6.197921
vt -0.351449 6.172647
vt -0.237866 6.172647
vt -0.237866 6.197921
vt -0.124284 6.197921
vt -0.124284 6.172647
vt -0.459016 6.077403
vt -0.575606 6.076315
vt -0.341524 6.078816
vt -0.335902 6.057380
vt -0.455962 6.055015
vt -0.574079 6.053329
vt -0.454017 6.032657
vt -0.573106 6.030482
vt -0.330944 6.036180
vt -0.223431 6.080448
vt -0.105036 6.082188
vt -0.090600 6.063823
vt -0.213769 6.060430
vt -0.202108 6.041531
vt -0.070390 6.047794
vt -0.690993 6.075663
vt -0.690382 6.052318
vt -0.805325 6.051812
vt -0.805478 6.075337
vt -0.919361 6.075229
vt -0.919361 6.051644
vt -1.032943 6.051644
vt -1.032943 6.075229
vt -0.689993 6.029177
vt -0.805228 6.028525
vt -0.919361 6.028308
vt -1.032943 6.028308
vt -0.692196 6.275548
vt -0.692196 6.301387
vt -0.578614 6.301388
vt -0.578614 6.275548
vt -0.578614 6.249562
vt -0.692196 6.249562
vt -0.805779 6.249563
vt -0.805779 6.275548
vt -0.805779 6.301388
vt -0.919361 6.275548
vt -0.919361 6.301387
vt -0.919361 6.249563
vt -1.032943 6.249563
vt -1.032943 6.275548
vt -1.032943 6.301388
vt -0.692196 6.223624
vt -0.578614 6.223623
vt -0.805779 6.223624
vt -0.919361 6.223624
vt -1.032943 6.223623
vt -0.692196 6.326891
vt -0.578614 6.326891
vt -0.805779 6.326891
vt -0.805779 6.351868
vt -0.692196 6.351868
vt -0.578614 6.351868
vt -0.692196 6.376127
vt -0.578614 6.376126
vt -0.805779 6.376126
vt -0.805779 6.399476
vt -0.692196 6.399476
vt -0.578614 6.399476
vt -0.919361 6.326891
vt -1.032943 6.326891
vt -1.032943 6.351869
vt -0.919361 6.351868
vt -0.919361 6.376126
vt -1.032943 6.376126
vt -1.032943 6.399476
vt -0.919361 6.399476
vt -0.465031 6.326891
vt -0.465031 6.301387
vt -0.465031 6.351868
vt -0.351449 6.351868
vt -0.351449 6.326891
vt -0.351449 6.301388
vt -0.237866 6.326891
vt -0.237866 6.301388
vt -0.237866 6.351868
vt -0.124284 6.351869
vt -0.124284 6.326891
vt -0.124284 6.301388
vt -0.465031 6.376126
vt -0.465031 6.399476
vt -0.351449 6.399476
vt -0.351449 6.376126
vt -0.237866 6.376126
vt -0.237866 6.399476
vt -0.124284 6.399476
vt -0.124284 6.376126
vt -0.465031 6.275547
vt -0.351449 6.275547
vt -0.351449 6.249563
vt -0.465031 6.249562
vt -0.465031 6.223623
vt -0.351449 6.223623
vt -0.237866 6.275548
vt -0.124284 6.275548
vt -0.124284 6.249563
vt -0.237866 6.249563
vt -0.237866 6.223623
vt -0.124284 6.223623
vt -0.465031 6.463472
vt -0.578614 6.463472
vt -0.578614 6.483246
vt -0.465031 6.483246
vt -0.351449 6.483246
vt -0.351449 6.463472
vt -0.351449 6.443011
vt -0.465031 6.443011
vt -0.578614 6.443011
vt -0.465031 6.421725
vt -0.578614 6.421724
vt -0.351449 6.421724
vt -0.237866 6.463472
vt -0.237866 6.483246
vt -0.124284 6.483246
vt -0.124284 6.463472
vt -0.124284 6.443010
vt -0.237866 6.443011
vt -0.237866 6.421724
vt -0.124284 6.421724
vt -0.692196 6.463472
vt -0.692196 6.483246
vt -0.692196 6.443011
vt -0.805779 6.443011
vt -0.805779 6.463472
vt -0.805779 6.483246
vt -0.919361 6.463472
vt -0.919361 6.483246
vt -0.919361 6.443011
vt -1.032943 6.443010
vt -1.032943 6.463472
vt -1.032943 6.483246
vt -0.692196 6.421724
vt -0.805779 6.421724
vt -0.919361 6.421724
vt -1.032943 6.421724
vt -0.692196 6.502469
vt -0.578614 6.502470
vt -0.805779 6.502469
vt -0.805779 6.521281
vt -0.692196 6.521280
vt -0.578614 6.521281
vt -0.692196 6.539817
vt -0.578614 6.539817
vt -0.805779 6.539817
vt -0.805779 6.558215
vt -0.692196 6.558215
vt -0.578614 6.558215
vt -0.919361 6.502469
vt -1.032943 6.502470
vt -1.032943 6.521281
vt -0.919361 6.521280
vt -0.919361 6.539817
vt -1.032943 6.539817
vt -1.032943 6.558215
vt -0.919361 6.558215
vt -0.465031 6.502470
vt -0.465031 6.521281
vt -0.351449 6.521281
vt -0.351449 6.502470
vt -0.237866 6.502470
vt -0.237866 6.521281
vt -0.124284 6.521281
vt -0.124284 6.502470
vt -0.465031 6.539817
vt -0.465031 6.558215
vt -0.351449 6.558215
vt -0.351449 6.539816
vt -0.237866 6.539816
vt -0.237866 6.558215
vt -0.124284 6.558215
vt -0.124284 6.539817
vt -0.695445 -6.311837
vt -0.586737 -6.311837
vt -0.586737 -6.484251
vt -0.695445 -6.484251
vt -0.806591 -6.484251
vt -0.806591 -6.311837
vt -0.806591 -6.085795
vt -0.695445 -6.085795
vt -0.586737 -6.085795
vt -0.695445 -5.816078
vt -0.586737 -5.816078
vt -0.806591 -5.816078
vt -0.919361 -6.311837
vt -0.919361 -6.484251
vt -1.032943 -6.484251
vt -1.032943 -6.311837
vt -1.032943 -6.085795
vt -0.919361 -6.085795
vt -0.919361 -5.816078
vt -1.032943 -5.816077
vt -0.481278 -6.311837
vt -0.481278 -6.484251
vt -0.481278 -6.085795
vt -0.379881 -6.085795
vt -0.379881 -6.311837
vt -0.379881 -6.484251
vt -0.283357 -6.311837
vt -0.283357 -6.484251
vt -0.283357 -6.085795
vt -0.192520 -6.085795
vt -0.192520 -6.311837
vt -0.192520 -6.484251
vt -0.481278 -5.816078
vt -0.379881 -5.816078
vt -0.283357 -5.816078
vt -0.192520 -5.816078
vt -0.481278 -6.593084
vt -0.586737 -6.593084
vt -0.379881 -6.593084
vt -0.379881 -6.670127
vt -0.481278 -6.670127
vt -0.586737 -6.670127
vt -0.283357 -6.593084
vt -0.192520 -6.593084
vt -0.192520 -6.670127
vt -0.283357 -6.670127
vt -0.695445 -6.593084
vt -0.695445 -6.670127
vt -0.806591 -6.670127
vt -0.806591 -6.593084
vt -0.919361 -6.593084
vt -0.919361 -6.670127
vt -1.032943 -6.670127
vt -1.032943 -6.593084
vt -0.580233 -6.311837
vt -0.673532 -6.311837
vt -0.673532 -6.484251
vt -0.580233 -6.484251
vt -0.486002 -6.484251
vt -0.486002 -6.311837
vt -0.486002 -6.085795
vt -0.580233 -6.085795
vt -0.673532 -6.085795
vt -0.580233 -5.816078
vt -0.673532 -5.816078
vt -0.486002 -5.816078
vt -0.390652 -6.311837
vt -0.390652 -6.484251
vt -0.293997 -6.484251
vt -0.293997 -6.311837
vt -0.293997 -6.085795
vt -0.390652 -6.085795
vt -0.390652 -5.816078
vt -0.293997 -5.816078
vt -0.766085 -6.311837
vt -0.766085 -6.484251
vt -0.766085 -6.085795
vt -0.858080 -6.085795
vt -0.858080 -6.311837
vt -0.858080 -6.484251
vt -0.949701 -6.311837
vt -0.949701 -6.484251
vt -0.949701 -6.085795
vt -1.041136 -6.085795
vt -1.041136 -6.311837
vt -1.041136 -6.484251
vt -0.766085 -5.816078
vt -0.858079 -5.816078
vt -0.949701 -5.816078
vt -1.041136 -5.816077
vt -0.766085 -6.593084
vt -0.673532 -6.593084
vt -0.858080 -6.593084
vt -0.858080 -6.670127
vt -0.766085 -6.670127
vt -0.673532 -6.670127
vt -0.949701 -6.593084
vt -1.041136 -6.593084
vt -1.041136 -6.670127
vt -0.949701 -6.670127
vt -0.580233 -6.593084
vt -0.580233 -6.670127
vt -0.486002 -6.670127
vt -0.486002 -6.593084
vt -0.390652 -6.593084
vt -0.390652 -6.670127
vt -0.293997 -6.670127
vt -0.293997 -6.593084
vt 0.207241 -6.311837
vt 0.105333 -6.311837
vt 0.105333 -6.484251
vt 0.207241 -6.484251
vt 0.309538 -6.484251
vt 0.309538 -6.311837
vt 0.309538 -6.085795
vt 0.207241 -6.085795
vt 0.105333 -6.085795
vt 0.207241 -5.816078
vt 0.105333 -5.816078
vt 0.309538 -5.816078
vt 0.412005 -6.311837
vt 0.412005 -6.484251
vt 0.514420 -6.484251
vt 0.514420 -6.311837
vt 0.514420 -6.085795
vt 0.412005 -6.085795
vt 0.412005 -5.816078
vt 0.514420 -5.816078
vt 0.004034 -6.311837
vt 0.004034 -6.484251
vt 0.004034 -6.085795
vt -0.096433 -6.085795
vt -0.096433 -6.311837
vt -0.096433 -6.484251
vt -0.195851 -6.311837
vt -0.195851 -6.484251
vt -0.195851 -6.085795
vt 0.004034 -5.816078
vt -0.096433 -5.816078
vt -0.195851 -5.816078
vt 0.004034 -6.593084
vt 0.105333 -6.593084
vt -0.096433 -6.593084
vt -0.096433 -6.670127
vt 0.004034 -6.670127
vt 0.105333 -6.670127
vt -0.195851 -6.593084
vt -0.195851 -6.670127
vt 0.207241 -6.593084
vt 0.207241 -6.670127
vt 0.309538 -6.670127
vt 0.309538 -6.593084
vt 0.412005 -6.593084
vt 0.412005 -6.670127
vt 0.514420 -6.670127
vt 0.514420 -6.593084
vt 1.024133 -6.311837
vt 0.922220 -6.311837
vt 0.922220 -6.484251
vt 1.024133 -6.484251
vt 1.126203 -6.484251
vt 1.126203 -6.311837
vt 1.126203 -6.085795
vt 1.024133 -6.085795
vt 0.922220 -6.085795
vt 1.024133 -5.816078
vt 0.922220 -5.816078
vt 1.126203 -5.816078
vt 1.228514 -6.311837
vt 1.228514 -6.484251
vt 1.331154 -6.484251
vt 1.331154 -6.311837
vt 1.331154 -6.085795
vt 1.228514 -6.085795
vt 1.228514 -5.816078
vt 1.331154 -5.816078
vt 0.820378 -6.311837
vt 0.820378 -6.484251
vt 0.820378 -6.085795
vt 0.718521 -6.085795
vt 0.718521 -6.311837
vt 0.718521 -6.484251
vt 0.616563 -6.311837
vt 0.616563 -6.484251
vt 0.616563 -6.085795
vt 0.820378 -5.816078
vt 0.718521 -5.816078
vt 0.616563 -5.816078
vt 0.820378 -6.593084
vt 0.922220 -6.593084
vt 0.718521 -6.593084
vt 0.718521 -6.670127
vt 0.820378 -6.670127
vt 0.922220 -6.670127
vt 0.616563 -6.593084
vt 0.616563 -6.670127
vt 1.024133 -6.593084
vt 1.024133 -6.670127
vt 1.126203 -6.670127
vt 1.126203 -6.593084
vt 1.228514 -6.593084
vt 1.228514 -6.670127
vt 1.331154 -6.670127
vt 1.331154 -6.593084
vt 1.783655 -6.311837
vt 1.712397 -6.311837
vt 1.712397 -6.484251
vt 1.783655 -6.484251
vt 1.838603 -6.484251
vt 1.838603 -6.311837
vt 1.838603 -6.085795
vt 1.783655 -6.085795
vt 1.712397 -6.085795
vt 1.783655 -5.816078
vt 1.712397 -5.816078
vt 1.838603 -5.816078
vt 1.873896 -6.311837
vt 1.873896 -6.484251
vt 1.899360 -6.484251
vt 1.899360 -6.311837
vt 1.899360 -6.085795
vt 1.873896 -6.085795
vt 1.873896 -5.816078
vt 1.899360 -5.816078
vt 1.628173 -6.311837
vt 1.628173 -6.484251
vt 1.628173 -6.085795
vt 1.534328 -6.085795
vt 1.534328 -6.311837
vt 1.534328 -6.484251
vt 1.434206 -6.311837
vt 1.434206 -6.484251
vt 1.434206 -6.085795
vt 1.628173 -5.816078
vt 1.534328 -5.816078
vt 1.434206 -5.816078
vt 1.628173 -6.593084
vt 1.712397 -6.593084
vt 1.534328 -6.593084
vt 1.534328 -6.670127
vt 1.628173 -6.670127
vt 1.712397 -6.670127
vt 1.434206 -6.593084
vt 1.434206 -6.670127
vt 1.783655 -6.593084
vt 1.783655 -6.670127
vt 1.838603 -6.670127
vt 1.838603 -6.593084
vt 1.873896 -6.593084
vt 1.873896 -6.670127
vt 1.899360 -6.670127
vt 1.899360 -6.593084
vt 1.614658 -6.311837
vt 1.702999 -6.311837
vt 1.702999 -6.484251
vt 1.614658 -6.484251
vt 1.515518 -6.484251
vt 1.515518 -6.311837
vt 1.515518 -6.085795
vt 1.614658 -6.085795
vt 1.702999 -6.085795
vt 1.614658 -5.816078
vt 1.702999 -5.816078
vt 1.515518 -5.816078
vt 1.408688 -6.311837
vt 1.408688 -6.484251
vt 1.297277 -6.484251
vt 1.297277 -6.311837
vt 1.297277 -6.085795
vt 1.408688 -6.085795
vt 1.408688 -5.816078
vt 1.297277 -5.816078
vt 1.777432 -6.311837
vt 1.777432 -6.484251
vt 1.777432 -6.085795
vt 1.834847 -6.085795
vt 1.834847 -6.311837
vt 1.834847 -6.484251
vt 1.872135 -6.311837
vt 1.872135 -6.484251
vt 1.872135 -6.085795
vt 1.777432 -5.816078
vt 1.834847 -5.816078
vt 1.872135 -5.816078
vt 1.777432 -6.593084
vt 1.702999 -6.593084
vt 1.834847 -6.593084
vt 1.834847 -6.670127
vt 1.777432 -6.670127
vt 1.702999 -6.670127
vt 1.872135 -6.593084
vt 1.872135 -6.670127
vt 1.614658 -6.593084
vt 1.614658 -6.670127
vt 1.515518 -6.670127
vt 1.515518 -6.593084
vt 1.408688 -6.593084
vt 1.408688 -6.670127
vt 1.297277 -6.670127
vt 1.297277 -6.593084
vt 0.739463 -6.311837
vt 0.847574 -6.311837
vt 0.847574 -6.484251
vt 0.739463 -6.484251
vt 0.635209 -6.484251
vt 0.635209 -6.311837
vt 0.635209 -6.085795
vt 0.739463 -6.085795
vt 0.847574 -6.085795
vt 0.739463 -5.816078
vt 0.847574 -5.816078
vt 0.635209 -5.816078
vt 0.535879 -6.311837
vt 0.535879 -6.484251
vt 0.442538 -6.484251
vt 0.442538 -6.311837
vt 0.442538 -6.085795
vt 0.535879 -6.085795
vt 0.535879 -5.816078
vt 0.442538 -5.816078
vt 0.958477 -6.311837
vt 0.958477 -6.484251
vt 0.958477 -6.085795
vt 1.071105 -6.085795
vt 1.071105 -6.311837
vt 1.071105 -6.484251
vt 1.184394 -6.311837
vt 1.184394 -6.484251
vt 1.184394 -6.085795
vt 0.958477 -5.816078
vt 1.071105 -5.816078
vt 1.184394 -5.816078
vt 0.958477 -6.593084
vt 0.847574 -6.593084
vt 1.071105 -6.593084
vt 1.071105 -6.670127
vt 0.958477 -6.670127
vt 0.847574 -6.670127
vt 1.184394 -6.593084
vt 1.184394 -6.670127
vt 0.739463 -6.593084
vt 0.739463 -6.670127
vt 0.635209 -6.670127
vt 0.635209 -6.593084
vt 0.535879 -6.593084
vt 0.535879 -6.670127
vt 0.442538 -6.670127
vt 0.442538 -6.593084
vt 0.047776 -6.311837
vt 0.122783 -6.311837
vt 0.122783 -6.484251
vt 0.047776 -6.484251
vt -0.028648 -6.484251
vt -0.028648 -6.311837
vt -0.028648 -6.085795
vt 0.047776 -6.085795
vt 0.122783 -6.085795
vt 0.047776 -5.816078
vt 0.122783 -5.816078
vt -0.028648 -5.816078
vt -0.108182 -6.311837
vt -0.108182 -6.484251
vt -0.108182 -6.085795
vt -0.108182 -5.816078
vt 0.198069 -6.311837
vt 0.198069 -6.484251
vt 0.198069 -6.085795
vt 0.275327 -6.085795
vt 0.275327 -6.311837
vt 0.275327 -6.484251
vt 0.356252 -6.311837
vt 0.356252 -6.484251
vt 0.356252 -6.085795
vt 0.198069 -5.816078
vt 0.275327 -5.816078
vt 0.356252 -5.816078
vt 0.198069 -6.593084
vt 0.122783 -6.593084
vt 0.275327 -6.593084
vt 0.275327 -6.670127
vt 0.198069 -6.670127
vt 0.122783 -6.670127
vt 0.356252 -6.593084
vt 0.356252 -6.670127
vt 0.047776 -6.593084
vt 0.047776 -6.670127
vt -0.028648 -6.670127
vt -0.028648 -6.593084
vt -0.108182 -6.593084
vt -0.108182 -6.670127
vn -0.283500 0.001900 -0.959000
vn -0.284800 0.000300 -0.958600
vn -0.374000 0.000200 -0.927400
vn -0.372600 0.001800 -0.927900
vn -0.371500 0.003100 -0.928400
vn -0.282500 0.003100 -0.959300
vn -0.191000 0.003200 -0.981600
vn -0.191800 0.002000 -0.981400
vn -0.192800 0.000400 -0.981200
vn -0.097400 0.002000 -0.995200
vn -0.097900 0.000500 -0.995200
vn -0.096900 0.003200 -0.995300
vn 0.000000 0.003200 -1.000000
vn 0.000000 0.002100 -1.000000
vn 0.000000 0.000500 -1.000000
vn -0.281700 0.004000 -0.959500
vn -0.370700 0.004000 -0.928700
vn -0.370300 0.004700 -0.928900
vn -0.281400 0.004700 -0.959600
vn -0.190200 0.004700 -0.981700
vn -0.190400 0.004100 -0.981700
vn -0.096600 0.004100 -0.995300
vn -0.096400 0.004700 -0.995300
vn 0.000000 0.004700 -1.000000
vn 0.000000 0.004100 -1.000000
vn -0.286100 -0.001900 -0.958200
vn -0.375400 -0.002000 -0.926800
vn -0.193900 -0.001700 -0.981000
vn -0.194900 -0.004800 -0.980800
vn -0.287400 -0.004900 -0.957800
vn -0.376900 -0.005000 -0.926200
vn -0.288700 -0.009400 -0.957400
vn -0.378300 -0.009600 -0.925600
vn -0.195900 -0.009300 -0.980600
vn -0.196800 -0.016400 -0.980300
vn -0.289800 -0.016600 -0.956900
vn -0.379400 -0.016700 -0.925000
vn -0.098500 -0.001700 -0.995100
vn 0.000000 -0.001600 -1.000000
vn 0.000000 -0.004700 -1.000000
vn -0.099100 -0.004700 -0.995100
vn -0.099700 -0.009200 -0.995000
vn 0.000000 -0.009200 -0.999900
vn 0.000000 -0.016400 -0.999800
vn -0.100200 -0.016400 -0.994800
vn -0.462000 -0.002100 -0.886800
vn -0.460600 0.000100 -0.887600
vn -0.463500 -0.005200 -0.886100
vn -0.547100 -0.005300 -0.837000
vn -0.545800 -0.002300 -0.837900
vn -0.544500 -0.000000 -0.838700
vn -0.626500 -0.002400 -0.779400
vn -0.625500 -0.000200 -0.780200
vn -0.627600 -0.005500 -0.778500
vn -0.704200 -0.005600 -0.710000
vn -0.703500 -0.002500 -0.710700
vn -0.702700 -0.000200 -0.711400
vn -0.464800 -0.009700 -0.885300
vn -0.465900 -0.016900 -0.884600
vn -0.549300 -0.017100 -0.835400
vn -0.548300 -0.009900 -0.836200
vn -0.628500 -0.010000 -0.777700
vn -0.629300 -0.017200 -0.776900
vn -0.705400 -0.017300 -0.708500
vn -0.704900 -0.010200 -0.709200
vn -0.459300 0.001700 -0.888300
vn -0.543400 0.001600 -0.839500
vn -0.542300 0.002900 -0.840100
vn -0.458100 0.003000 -0.888900
vn -0.457300 0.003900 -0.889300
vn -0.541600 0.003900 -0.840600
vn -0.541200 0.004600 -0.840800
vn -0.456900 0.004700 -0.889500
vn -0.624500 0.001500 -0.781000
vn -0.702000 0.001400 -0.712100
vn -0.701300 0.002700 -0.712800
vn -0.623700 0.002800 -0.781600
vn -0.623100 0.003800 -0.782100
vn -0.700900 0.003800 -0.713200
vn -0.700600 0.004600 -0.713500
vn -0.622700 0.004600 -0.782400
vn -0.882100 -0.002700 -0.471000
vn -0.923200 -0.002800 -0.384400
vn -0.923000 -0.000500 -0.384700
vn -0.881900 -0.000500 -0.471400
vn -0.831800 -0.000400 -0.554900
vn -0.832200 -0.002700 -0.554500
vn -0.832500 -0.005800 -0.553900
vn -0.882300 -0.005900 -0.470600
vn -0.923300 -0.005900 -0.384000
vn -0.882500 -0.010400 -0.470200
vn -0.923400 -0.010400 -0.383600
vn -0.832800 -0.010300 -0.553500
vn -0.833000 -0.017500 -0.553000
vn -0.882600 -0.017600 -0.469800
vn -0.923400 -0.017600 -0.383300
vn -0.772900 -0.002600 -0.634500
vn -0.772400 -0.000300 -0.635200
vn -0.773300 -0.005700 -0.633900
vn -0.773800 -0.010300 -0.633300
vn -0.774100 -0.017400 -0.632800
vn -0.955700 -0.002800 -0.294300
vn -0.955600 -0.000500 -0.294700
vn -0.955800 -0.006000 -0.294000
vn -0.979700 -0.006000 -0.200400
vn -0.979600 -0.002900 -0.200700
vn -0.979600 -0.000600 -0.201100
vn -0.994600 -0.002900 -0.103200
vn -0.994600 -0.000600 -0.103600
vn -0.994700 -0.006000 -0.102900
vn -1.000000 -0.006100 -0.001400
vn -1.000000 -0.003000 -0.001700
vn -1.000000 -0.000700 -0.002100
vn -0.955800 -0.010500 -0.293700
vn -0.955800 -0.017700 -0.293400
vn -0.979600 -0.017700 -0.199800
vn -0.979700 -0.010500 -0.200100
vn -0.994700 -0.010600 -0.102600
vn -0.994600 -0.017800 -0.102300
vn -0.999800 -0.017800 -0.000800
vn -0.999900 -0.010600 -0.001100
vn -0.955500 0.001100 -0.295000
vn -0.922900 0.001200 -0.385100
vn -0.979500 0.001100 -0.201400
vn -0.979400 0.002400 -0.201700
vn -0.955400 0.002400 -0.295300
vn -0.922700 0.002500 -0.385400
vn -0.955300 0.003500 -0.295600
vn -0.922600 0.003500 -0.385700
vn -0.979400 0.003500 -0.201900
vn -0.979300 0.004300 -0.202100
vn -0.955200 0.004400 -0.295800
vn -0.922500 0.004400 -0.386000
vn -0.994600 0.001000 -0.103900
vn -1.000000 0.001000 -0.002400
vn -1.000000 0.002300 -0.002600
vn -0.994500 0.002400 -0.104200
vn -0.994500 0.003400 -0.104400
vn -1.000000 0.003400 -0.002800
vn -1.000000 0.004200 -0.002900
vn -0.994500 0.004300 -0.104600
vn -0.881700 0.001200 -0.471800
vn -0.881500 0.002600 -0.472200
vn -0.831200 0.002600 -0.555900
vn -0.831500 0.001300 -0.555400
vn -0.771900 0.001300 -0.635800
vn -0.771400 0.002700 -0.636300
vn -0.881300 0.003600 -0.472500
vn -0.881100 0.004500 -0.472800
vn -0.830800 0.004500 -0.556600
vn -0.831000 0.003700 -0.556300
vn -0.771100 0.003700 -0.636700
vn -0.770800 0.004500 -0.637000
vn -0.956500 -0.003100 0.291500
vn -0.924200 -0.003100 0.381900
vn -0.924300 -0.000800 0.381800
vn -0.956600 -0.000800 0.291300
vn -0.980300 -0.000800 0.197300
vn -0.980300 -0.003000 0.197600
vn -0.980200 -0.006200 0.197900
vn -0.956500 -0.006200 0.291800
vn -0.924100 -0.006200 0.382000
vn -0.956300 -0.010700 0.292000
vn -0.924000 -0.010700 0.382200
vn -0.980100 -0.010700 0.198200
vn -0.979900 -0.017900 0.198400
vn -0.956200 -0.017900 0.292200
vn -0.923800 -0.017900 0.382300
vn -0.995000 -0.003000 0.099800
vn -0.995000 -0.000700 0.099500
vn -0.994900 -0.006100 0.100200
vn -0.994900 -0.010700 0.100500
vn -0.994700 -0.017900 0.100800
vn -0.883300 -0.003100 0.468800
vn -0.883300 -0.000800 0.468800
vn -0.883200 -0.006200 0.468900
vn -0.833600 -0.006200 0.552300
vn -0.833600 -0.003100 0.552400
vn -0.833500 -0.000800 0.552400
vn -0.774700 -0.003100 0.632400
vn -0.774500 -0.000800 0.632600
vn -0.774700 -0.006200 0.632200
vn -0.706100 -0.006200 0.708000
vn -0.705900 -0.003100 0.708300
vn -0.705600 -0.000800 0.708600
vn -0.883100 -0.010800 0.468900
vn -0.883000 -0.018000 0.468900
vn -0.833500 -0.018000 0.552200
vn -0.833600 -0.010800 0.552300
vn -0.774800 -0.010800 0.632100
vn -0.774800 -0.018000 0.631900
vn -0.706400 -0.017900 0.707600
vn -0.706300 -0.010700 0.707800
vn -0.883300 0.000900 0.468800
vn -0.924300 0.000900 0.381700
vn -0.833400 0.000900 0.552600
vn -0.833200 0.002300 0.552900
vn -0.883200 0.002300 0.468900
vn -0.924300 0.002300 0.381700
vn -0.883100 0.003300 0.469200
vn -0.924200 0.003300 0.381800
vn -0.833000 0.003400 0.553200
vn -0.832700 0.004200 0.553700
vn -0.882900 0.004200 0.469600
vn -0.924100 0.004200 0.382200
vn -0.774300 0.000900 0.632900
vn -0.705200 0.000900 0.709000
vn -0.704700 0.002300 0.709500
vn -0.773900 0.002300 0.633200
vn -0.773600 0.003400 0.633700
vn -0.704100 0.003400 0.710000
vn -0.703500 0.004300 0.710700
vn -0.773100 0.004300 0.634300
vn -0.956600 0.000900 0.291200
vn -0.956700 0.002300 0.291100
vn -0.980400 0.002300 0.196900
vn -0.980400 0.000900 0.197100
vn -0.995100 0.001000 0.099200
vn -0.995100 0.002300 0.099000
vn -0.956700 0.003300 0.291100
vn -0.956600 0.004200 0.291300
vn -0.980400 0.004200 0.197000
vn -0.980400 0.003400 0.196900
vn -0.995100 0.003400 0.098900
vn -0.995100 0.004200 0.098900
vn -0.466700 -0.002900 0.884400
vn -0.380400 -0.002800 0.924800
vn -0.379800 -0.000500 0.925000
vn -0.466100 -0.000600 0.884700
vn -0.549400 -0.000600 0.835600
vn -0.549900 -0.003000 0.835200
vn -0.550400 -0.006100 0.834900
vn -0.467200 -0.006000 0.884100
vn -0.380900 -0.006000 0.924600
vn -0.467700 -0.010600 0.883800
vn -0.381300 -0.010500 0.924400
vn -0.550800 -0.010600 0.834600
vn -0.551000 -0.017800 0.834300
vn -0.468000 -0.017800 0.883500
vn -0.381600 -0.017700 0.924100
vn -0.629800 -0.003000 0.776700
vn -0.629400 -0.000700 0.777100
vn -0.630200 -0.006100 0.776400
vn -0.630500 -0.010700 0.776100
vn -0.630700 -0.017900 0.775800
vn -0.290800 -0.002800 0.956800
vn -0.290300 -0.000500 0.956900
vn -0.291300 -0.005900 0.956600
vn -0.198100 -0.005900 0.980100
vn -0.197800 -0.002700 0.980200
vn -0.197400 -0.000400 0.980300
vn -0.101000 -0.002700 0.994900
vn -0.100800 -0.000400 0.994900
vn -0.101100 -0.005900 0.994800
vn -0.000300 -0.005900 1.000000
vn -0.000400 -0.002700 1.000000
vn -0.000500 -0.000400 1.000000
vn -0.291600 -0.010500 0.956500
vn -0.291900 -0.017700 0.956300
vn -0.198500 -0.017600 0.979900
vn -0.198300 -0.010400 0.980100
vn -0.101300 -0.010400 0.994800
vn -0.101300 -0.017600 0.994700
vn -0.000200 -0.017600 0.999800
vn -0.000200 -0.010400 0.999900
vn -0.289700 0.001300 0.957100
vn -0.379000 0.001200 0.925400
vn -0.196900 0.001300 0.980400
vn -0.196400 0.002700 0.980500
vn -0.288900 0.002600 0.957300
vn -0.378200 0.002600 0.925700
vn -0.288000 0.003800 0.957600
vn -0.377200 0.003700 0.926100
vn -0.195700 0.003800 0.980700
vn -0.194900 0.004700 0.980800
vn -0.287000 0.004600 0.957900
vn -0.376000 0.004600 0.926600
vn -0.100600 0.001300 0.994900
vn -0.000500 0.001300 1.000000
vn -0.000600 0.002700 1.000000
vn -0.100300 0.002700 0.994900
vn -0.099900 0.003800 0.995000
vn -0.000600 0.003800 1.000000
vn -0.000600 0.004800 1.000000
vn -0.099500 0.004800 0.995000
vn -0.465400 0.001100 0.885100
vn -0.464500 0.002500 0.885600
vn -0.547900 0.002400 0.836500
vn -0.548700 0.001100 0.836000
vn -0.628800 0.001000 0.777500
vn -0.628200 0.002400 0.778100
vn -0.463500 0.003600 0.886100
vn -0.462400 0.004500 0.886700
vn -0.545900 0.004400 0.837800
vn -0.547000 0.003500 0.837100
vn -0.627400 0.003500 0.778700
vn -0.626500 0.004400 0.779400
vn 0.290600 -0.002700 0.956800
vn 0.380400 -0.002800 0.924800
vn 0.379800 -0.000500 0.925000
vn 0.290000 -0.000500 0.957000
vn 0.196800 -0.000400 0.980400
vn 0.197300 -0.002700 0.980300
vn 0.197700 -0.005900 0.980200
vn 0.291100 -0.005900 0.956700
vn 0.380900 -0.006000 0.924600
vn 0.291500 -0.010500 0.956500
vn 0.381300 -0.010500 0.924300
vn 0.198000 -0.010400 0.980100
vn 0.198300 -0.017600 0.979900
vn 0.291800 -0.017600 0.956300
vn 0.381600 -0.017700 0.924100
vn 0.100300 -0.002700 0.994900
vn 0.100000 -0.000400 0.995000
vn 0.100600 -0.005900 0.994900
vn 0.100800 -0.010400 0.994800
vn 0.101000 -0.017600 0.994700
vn 0.467000 -0.002800 0.884200
vn 0.466400 -0.000500 0.884500
vn 0.467500 -0.006000 0.884000
vn 0.550700 -0.006000 0.834700
vn 0.550200 -0.002900 0.835000
vn 0.549700 -0.000600 0.835300
vn 0.630100 -0.002900 0.776500
vn 0.629700 -0.000600 0.776800
vn 0.630400 -0.006000 0.776200
vn 0.706200 -0.006000 0.708000
vn 0.705900 -0.002900 0.708200
vn 0.705600 -0.000600 0.708600
vn 0.467800 -0.010500 0.883800
vn 0.468100 -0.017700 0.883500
vn 0.551200 -0.017700 0.834200
vn 0.551000 -0.010600 0.834400
vn 0.630700 -0.010600 0.776000
vn 0.630800 -0.017800 0.775700
vn 0.706400 -0.017800 0.707500
vn 0.706300 -0.010600 0.707800
vn 0.465700 0.001200 0.884900
vn 0.379100 0.001200 0.925300
vn 0.549100 0.001100 0.835700
vn 0.548400 0.002500 0.836200
vn 0.464900 0.002500 0.885300
vn 0.378300 0.002600 0.925700
vn 0.463900 0.003600 0.885900
vn 0.377300 0.003700 0.926100
vn 0.547500 0.003500 0.836800
vn 0.546400 0.004400 0.837500
vn 0.462700 0.004500 0.886500
vn 0.376100 0.004600 0.926500
vn 0.629200 0.001100 0.777200
vn 0.705200 0.001000 0.709000
vn 0.704700 0.002400 0.709400
vn 0.628500 0.002400 0.777800
vn 0.627800 0.003500 0.778300
vn 0.704200 0.003400 0.710000
vn 0.703500 0.004300 0.710700
vn 0.626900 0.004400 0.779100
vn 0.289300 0.001300 0.957200
vn 0.288600 0.002600 0.957400
vn 0.195600 0.002700 0.980700
vn 0.196300 0.001300 0.980500
vn 0.099600 0.001300 0.995000
vn 0.099200 0.002700 0.995100
vn 0.287700 0.003800 0.957700
vn 0.286600 0.004600 0.958000
vn 0.194100 0.004700 0.981000
vn 0.194900 0.003800 0.980800
vn 0.098800 0.003800 0.995100
vn 0.098300 0.004800 0.995100
vn 0.882700 -0.003000 0.469900
vn 0.923600 -0.003000 0.383300
vn 0.923500 -0.000700 0.383500
vn 0.882600 -0.000700 0.470100
vn 0.833000 -0.000700 0.553300
vn 0.833100 -0.003000 0.553100
vn 0.833200 -0.006100 0.552800
vn 0.882800 -0.006100 0.469700
vn 0.923600 -0.006100 0.383200
vn 0.882800 -0.010600 0.469600
vn 0.923600 -0.010600 0.383100
vn 0.833300 -0.010600 0.552700
vn 0.833300 -0.017800 0.552500
vn 0.882800 -0.017800 0.469400
vn 0.923600 -0.017800 0.382900
vn 0.774400 -0.002900 0.632700
vn 0.774200 -0.000700 0.633000
vn 0.774600 -0.006100 0.632400
vn 0.774700 -0.010600 0.632300
vn 0.774700 -0.017800 0.632000
vn 0.956000 -0.002900 0.293300
vn 0.956000 -0.000700 0.293400
vn 0.956000 -0.006100 0.293200
vn 0.979900 -0.006000 0.199400
vn 0.979900 -0.002900 0.199500
vn 0.979900 -0.000700 0.199600
vn 0.994800 -0.002900 0.101700
vn 0.994800 -0.000700 0.101700
vn 0.994800 -0.006000 0.101600
vn 1.000000 -0.006000 -0.000200
vn 1.000000 -0.002900 -0.000200
vn 1.000000 -0.000600 -0.000200
vn 0.956000 -0.010600 0.293100
vn 0.955900 -0.017800 0.293000
vn 0.979800 -0.017800 0.199300
vn 0.979900 -0.010600 0.199300
vn 0.994800 -0.010600 0.101600
vn 0.994700 -0.017800 0.101600
vn 0.999800 -0.017800 -0.000100
vn 0.999900 -0.010600 -0.000100
vn 0.955900 0.001000 0.293600
vn 0.923400 0.001000 0.383700
vn 0.979900 0.001000 0.199700
vn 0.979800 0.002300 0.199800
vn 0.955800 0.002300 0.293800
vn 0.923300 0.002300 0.384000
vn 0.955800 0.003400 0.294000
vn 0.923200 0.003400 0.384300
vn 0.979800 0.003400 0.200000
vn 0.979700 0.004200 0.200100
vn 0.955700 0.004200 0.294300
vn 0.923000 0.004200 0.384700
vn 0.994800 0.001000 0.101700
vn 1.000000 0.001000 -0.000200
vn 1.000000 0.002300 -0.000300
vn 0.994800 0.002300 0.101800
vn 0.994800 0.003400 0.101900
vn 1.000000 0.003400 -0.000300
vn 1.000000 0.004200 -0.000300
vn 0.994800 0.004200 0.102000
vn 0.882400 0.001000 0.470400
vn 0.882300 0.002300 0.470700
vn 0.832500 0.002300 0.554000
vn 0.832800 0.001000 0.553600
vn 0.773900 0.001000 0.633300
vn 0.773600 0.002300 0.633700
vn 0.882100 0.003400 0.471100
vn 0.881800 0.004200 0.471500
vn 0.831800 0.004200 0.554900
vn 0.832200 0.003400 0.554400
vn 0.773100 0.003400 0.634200
vn 0.772600 0.004200 0.634800
vn 0.955800 -0.002800 -0.293800
vn 0.923300 -0.002800 -0.384000
vn 0.923200 -0.000500 -0.384300
vn 0.955800 -0.000500 -0.294000
vn 0.979800 -0.000600 -0.200000
vn 0.979800 -0.002800 -0.199900
vn 0.979800 -0.006000 -0.199700
vn 0.955900 -0.005900 -0.293600
vn 0.923400 -0.005900 -0.383700
vn 0.955900 -0.010500 -0.293400
vn 0.923500 -0.010400 -0.383500
vn 0.979800 -0.010500 -0.199600
vn 0.979700 -0.017700 -0.199500
vn 0.955900 -0.017600 -0.293200
vn 0.923500 -0.017600 -0.383200
vn 0.994800 -0.002900 -0.102100
vn 0.994800 -0.000600 -0.102100
vn 0.994800 -0.006000 -0.102000
vn 0.994700 -0.010500 -0.101900
vn 0.994600 -0.017700 -0.101800
vn 0.882200 -0.002700 -0.470900
vn 0.882000 -0.000500 -0.471300
vn 0.882400 -0.005800 -0.470500
vn 0.832500 -0.005800 -0.553900
vn 0.832200 -0.002700 -0.554400
vn 0.831900 -0.000400 -0.554900
vn 0.772900 -0.002600 -0.634600
vn 0.772300 -0.000300 -0.635200
vn 0.773300 -0.005700 -0.633900
vn 0.704200 -0.005600 -0.710000
vn 0.703400 -0.002500 -0.710700
vn 0.702700 -0.000200 -0.711500
vn 0.882500 -0.010400 -0.470100
vn 0.882600 -0.017500 -0.469800
vn 0.833000 -0.017500 -0.553000
vn 0.832800 -0.010300 -0.553500
vn 0.773800 -0.010300 -0.633400
vn 0.774100 -0.017400 -0.632800
vn 0.705400 -0.017300 -0.708500
vn 0.704900 -0.010100 -0.709300
vn 0.881800 0.001200 -0.471700
vn 0.923000 0.001200 -0.384600
vn 0.831500 0.001300 -0.555400
vn 0.831200 0.002600 -0.555900
vn 0.881600 0.002600 -0.472000
vn 0.922900 0.002500 -0.385000
vn 0.881400 0.003600 -0.472400
vn 0.922800 0.003500 -0.385200
vn 0.831000 0.003700 -0.556300
vn 0.830800 0.004500 -0.556600
vn 0.881200 0.004500 -0.472700
vn 0.922700 0.004400 -0.385500
vn 0.771800 0.001300 -0.635800
vn 0.702000 0.001400 -0.712200
vn 0.701300 0.002700 -0.712800
vn 0.771400 0.002700 -0.636300
vn 0.771000 0.003700 -0.636700
vn 0.700800 0.003800 -0.713300
vn 0.700500 0.004600 -0.713600
vn 0.770800 0.004500 -0.637000
vn 0.955700 0.001100 -0.294300
vn 0.955600 0.002500 -0.294500
vn 0.979700 0.002400 -0.200400
vn 0.979700 0.001100 -0.200200
vn 0.994800 0.001100 -0.102300
vn 0.994700 0.002400 -0.102400
vn 0.955500 0.003500 -0.294700
vn 0.955500 0.004300 -0.295000
vn 0.979600 0.004300 -0.200800
vn 0.979600 0.003500 -0.200600
vn 0.994700 0.003400 -0.102500
vn 0.994700 0.004300 -0.102600
vn 0.462000 -0.002100 -0.886800
vn 0.375400 -0.002000 -0.926800
vn 0.374000 0.000200 -0.927400
vn 0.460600 0.000100 -0.887600
vn 0.544500 -0.000000 -0.838700
vn 0.545800 -0.002300 -0.837900
vn 0.547100 -0.005300 -0.837000
vn 0.463500 -0.005200 -0.886100
vn 0.376900 -0.005000 -0.926200
vn 0.464800 -0.009700 -0.885300
vn 0.378300 -0.009600 -0.925600
vn 0.548300 -0.009900 -0.836200
vn 0.549300 -0.017100 -0.835400
vn 0.465900 -0.016900 -0.884600
vn 0.379400 -0.016700 -0.925000
vn 0.626500 -0.002400 -0.779400
vn 0.625500 -0.000200 -0.780200
vn 0.627600 -0.005500 -0.778500
vn 0.628500 -0.010000 -0.777700
vn 0.629300 -0.017200 -0.776900
vn 0.286100 -0.001900 -0.958200
vn 0.284800 0.000300 -0.958600
vn 0.287400 -0.004900 -0.957800
vn 0.194900 -0.004800 -0.980800
vn 0.193900 -0.001700 -0.981000
vn 0.192800 0.000400 -0.981200
vn 0.098500 -0.001700 -0.995100
vn 0.097900 0.000500 -0.995200
vn 0.099100 -0.004700 -0.995100
vn 0.288700 -0.009400 -0.957400
vn 0.289800 -0.016600 -0.956900
vn 0.196800 -0.016400 -0.980300
vn 0.195900 -0.009300 -0.980600
vn 0.099700 -0.009200 -0.995000
vn 0.100200 -0.016400 -0.994800
vn 0.283500 0.001900 -0.959000
vn 0.372600 0.001800 -0.927900
vn 0.191800 0.002000 -0.981400
vn 0.191000 0.003200 -0.981600
vn 0.282500 0.003100 -0.959300
vn 0.371500 0.003100 -0.928400
vn 0.281700 0.004000 -0.959500
vn 0.370700 0.004000 -0.928700
vn 0.190400 0.004100 -0.981700
vn 0.190200 0.004700 -0.981700
vn 0.281400 0.004700 -0.959600
vn 0.370300 0.004700 -0.928900
vn 0.097400 0.002000 -0.995200
vn 0.096900 0.003200 -0.995300
vn 0.096600 0.004100 -0.995300
vn 0.096400 0.004700 -0.995300
vn 0.459300 0.001700 -0.888300
vn 0.458100 0.003000 -0.888900
vn 0.542300 0.002900 -0.840100
vn 0.543400 0.001600 -0.839500
vn 0.624500 0.001500 -0.781000
vn 0.623700 0.002800 -0.781600
vn 0.457300 0.003900 -0.889200
vn 0.456900 0.004700 -0.889500
vn 0.541200 0.004600 -0.840800
vn 0.541600 0.003900 -0.840600
vn 0.623000 0.003800 -0.782200
vn 0.622700 0.004600 -0.782400
vn -0.312600 0.582700 0.750200
vn -0.253200 0.604900 0.755000
vn -0.273200 0.646700 0.712100
vn -0.338500 0.625000 0.703400
vn -0.403300 0.597500 0.693000
vn -0.370900 0.555000 0.744500
vn -0.344900 0.520300 0.781200
vn -0.292000 0.548200 0.783700
vn -0.237400 0.570900 0.785900
vn -0.281900 0.530700 0.799300
vn -0.229700 0.553700 0.800300
vn -0.332100 0.502700 0.798100
vn -0.328000 0.496000 0.803900
vn -0.278700 0.524100 0.804700
vn -0.227400 0.547300 0.805400
vn -0.428200 0.521600 0.737900
vn -0.467800 0.563500 0.680900
vn -0.531800 0.522300 0.666600
vn -0.484500 0.481700 0.730200
vn -0.445900 0.448100 0.774800
vn -0.396300 0.487100 0.778300
vn -0.380400 0.469600 0.796700
vn -0.426700 0.431100 0.795000
vn -0.420400 0.424400 0.801900
vn -0.375300 0.462800 0.803000
vn -0.192500 0.621900 0.759000
vn -0.207100 0.663000 0.719400
vn -0.181100 0.588700 0.787800
vn -0.122700 0.601600 0.789300
vn -0.130300 0.634000 0.762300
vn -0.139700 0.674000 0.725300
vn -0.066100 0.640800 0.764800
vn -0.070800 0.679900 0.729900
vn -0.062300 0.609300 0.790500
vn 0.000500 0.611500 0.791200
vn 0.000200 0.642200 0.766500
vn 0.000000 0.680200 0.733000
vn -0.175500 0.571900 0.801300
vn -0.173900 0.565800 0.806000
vn -0.118100 0.579200 0.806500
vn -0.119100 0.585200 0.802100
vn -0.060300 0.593300 0.802700
vn -0.059800 0.587500 0.806900
vn 0.001000 0.590300 0.807200
vn 0.000900 0.595900 0.803000
vn -0.222100 0.702300 0.676400
vn -0.293700 0.686600 0.665100
vn -0.149600 0.712500 0.685500
vn -0.159200 0.747700 0.644600
vn -0.236600 0.738100 0.631800
vn -0.313100 0.722700 0.616100
vn -0.075800 0.717400 0.692500
vn -0.000200 0.716700 0.697300
vn -0.000300 0.750100 0.661300
vn -0.080600 0.751800 0.654400
vn -0.364800 0.665200 0.651500
vn -0.389300 0.701300 0.597200
vn -0.465400 0.673100 0.574800
vn -0.435700 0.637400 0.635500
vn -0.506700 0.602600 0.616500
vn -0.541400 0.637200 0.548500
vn -0.617000 0.592500 0.517800
vn -0.577500 0.559700 0.594300
vn 0.190800 0.614100 0.765800
vn 0.249900 0.594800 0.764000
vn 0.266700 0.629500 0.729700
vn 0.203300 0.649500 0.732700
vn 0.138000 0.664700 0.734200
vn 0.129700 0.628500 0.766900
vn 0.123500 0.599100 0.791100
vn 0.181300 0.585100 0.790400
vn 0.237000 0.566200 0.789400
vn 0.177100 0.570200 0.802200
vn 0.231100 0.551400 0.801500
vn 0.120800 0.584000 0.802700
vn 0.120200 0.578500 0.806700
vn 0.176100 0.564700 0.806300
vn 0.229500 0.545900 0.805800
vn 0.066200 0.638000 0.767100
vn 0.070400 0.675000 0.734400
vn 0.063300 0.608000 0.791400
vn 0.062100 0.592700 0.803000
vn 0.061900 0.587200 0.807000
vn 0.307300 0.570800 0.761400
vn 0.328600 0.604800 0.725400
vn 0.290700 0.542600 0.788000
vn 0.342700 0.513900 0.786400
vn 0.363200 0.541700 0.758000
vn 0.389500 0.574800 0.719600
vn 0.417900 0.507200 0.753700
vn 0.449500 0.539200 0.712100
vn 0.392900 0.480100 0.784300
vn 0.441200 0.440800 0.781600
vn 0.471200 0.466800 0.748300
vn 0.508800 0.497200 0.702700
vn 0.283000 0.527800 0.800800
vn 0.280800 0.522200 0.805200
vn 0.329900 0.493600 0.804600
vn 0.332900 0.499300 0.799900
vn 0.380700 0.465800 0.798800
vn 0.376900 0.460100 0.803900
vn 0.421700 0.421300 0.802900
vn 0.426300 0.427000 0.797400
vn 0.351000 0.636100 0.687200
vn 0.284400 0.661900 0.693500
vn 0.416700 0.604900 0.678500
vn 0.443900 0.630800 0.636400
vn 0.373500 0.663600 0.648200
vn 0.302400 0.690800 0.656800
vn 0.482000 0.567700 0.667300
vn 0.546800 0.523800 0.653200
vn 0.583400 0.545500 0.601700
vn 0.513800 0.591800 0.621100
vn 0.216500 0.682900 0.697700
vn 0.230000 0.712900 0.662400
vn 0.155900 0.730200 0.665200
vn 0.146800 0.699000 0.699800
vn 0.074800 0.710400 0.699800
vn 0.079300 0.742700 0.664800
vn 0.402100 -0.772400 0.491500
vn 0.328600 -0.813200 0.480300
vn 0.366700 -0.902500 0.225600
vn 0.448300 -0.859400 0.245600
vn 0.525500 -0.807200 0.268900
vn 0.471700 -0.723000 0.504700
vn 0.405800 -0.621100 0.670500
vn 0.343600 -0.663000 0.665100
vn 0.278800 -0.696800 0.660800
vn 0.307500 -0.600400 0.738200
vn 0.247200 -0.629500 0.736600
vn 0.366500 -0.563400 0.740400
vn 0.350800 -0.542900 0.763000
vn 0.292900 -0.577900 0.761700
vn 0.234300 -0.605000 0.760900
vn 0.536700 -0.664600 0.519900
vn 0.597700 -0.745300 0.295200
vn 0.664100 -0.673500 0.324500
vn 0.596100 -0.597100 0.536700
vn 0.519400 -0.511800 0.684300
vn 0.464700 -0.570700 0.676900
vn 0.423200 -0.517900 0.743400
vn 0.476500 -0.463600 0.746900
vn 0.460000 -0.446800 0.767300
vn 0.406900 -0.499300 0.764900
vn 0.251400 -0.845500 0.471100
vn 0.281000 -0.936700 0.208900
vn 0.211800 -0.723000 0.657600
vn 0.143000 -0.741700 0.655300
vn 0.170800 -0.869300 0.463900
vn 0.191200 -0.961900 0.195500
vn 0.086900 -0.884400 0.458600
vn 0.097400 -0.977800 0.185600
vn 0.072600 -0.753300 0.653700
vn 0.000800 -0.757600 0.652600
vn -0.000000 -0.890300 0.455200
vn -0.000300 -0.983800 0.179100
vn 0.186100 -0.651200 0.735700
vn 0.175500 -0.625000 0.760700
vn 0.117000 -0.638400 0.760700
vn 0.124600 -0.666200 0.735200
vn 0.063100 -0.675100 0.735000
vn 0.059100 -0.646100 0.760900
vn 0.001800 -0.648800 0.760900
vn 0.001500 -0.678300 0.734800
vn 0.288600 -0.956800 -0.036000
vn 0.377400 -0.925900 -0.015200
vn 0.196100 -0.979200 -0.052700
vn 0.192300 -0.949100 -0.249300
vn 0.283500 -0.930500 -0.232000
vn 0.371800 -0.904100 -0.210500
vn 0.099800 -0.992900 -0.065200
vn -0.000300 -0.997300 -0.073500
vn -0.000200 -0.962600 -0.271000
vn 0.097800 -0.960000 -0.262300
vn 0.462800 -0.886400 0.009600
vn 0.457600 -0.869700 -0.184700
vn 0.540800 -0.826800 -0.154200
vn 0.544600 -0.837700 0.038700
vn 0.622500 -0.779300 0.072000
vn 0.621400 -0.774400 -0.118700
vn 0.698400 -0.711400 -0.077800
vn 0.695300 -0.710300 0.109700
vn 0.750500 -0.221300 0.622700
vn 0.737800 -0.297200 0.606000
vn 0.824800 -0.346000 0.447100
vn 0.839200 -0.261200 0.477000
vn 0.844300 -0.176000 0.506100
vn 0.755300 -0.145400 0.639000
vn 0.672700 -0.116700 0.730600
vn 0.666100 -0.183100 0.723000
vn 0.652800 -0.249400 0.715300
vn 0.622000 -0.159500 0.766600
vn 0.608200 -0.220600 0.762500
vn 0.629600 -0.098500 0.770600
vn 0.613900 -0.092400 0.783900
vn 0.605900 -0.151500 0.780900
vn 0.591900 -0.210800 0.777900
vn 0.752600 -0.069600 0.654700
vn 0.840300 -0.090600 0.534500
vn 0.827300 -0.005500 0.561700
vn 0.742600 0.006000 0.669700
vn 0.667000 0.016000 0.744800
vn 0.673000 -0.050400 0.737900
vn 0.631400 -0.037400 0.774600
vn 0.627500 0.023700 0.778300
vn 0.613200 0.025800 0.789500
vn 0.616300 -0.033300 0.786800
vn 0.716800 -0.373100 0.589000
vn 0.800700 -0.430200 0.416800
vn 0.632200 -0.315700 0.707500
vn 0.603800 -0.381800 0.699800
vn 0.686800 -0.448800 0.571700
vn 0.766400 -0.513300 0.386100
vn 0.646900 -0.523700 0.554200
vn 0.721200 -0.594700 0.355300
vn 0.566500 -0.447400 0.692000
vn 0.587600 -0.281900 0.758400
vn 0.571200 -0.270100 0.775100
vn 0.543000 -0.329600 0.772400
vn 0.559400 -0.343100 0.754500
vn 0.522800 -0.403900 0.750700
vn 0.506300 -0.388700 0.769800
vn 0.852600 -0.467500 0.233200
vn 0.882800 -0.380700 0.275200
vn 0.811600 -0.552000 0.191300
vn 0.826300 -0.563000 0.013700
vn 0.874100 -0.481700 0.062100
vn 0.911100 -0.396600 0.111900
vn 0.759300 -0.633200 0.150100
vn 0.767800 -0.639900 -0.033000
vn 0.902300 -0.291800 0.317300
vn 0.937300 -0.308100 0.162600
vn 0.952500 -0.216700 0.214100
vn 0.911300 -0.201300 0.359200
vn 0.909700 -0.109700 0.400400
vn 0.956100 -0.122700 0.265900
vn 0.947800 -0.026900 0.317500
vn 0.897500 -0.017500 0.440700
vn 0.607100 0.322300 0.726200
vn 0.643400 0.267600 0.717200
vn 0.706500 0.285000 0.647800
vn 0.663800 0.344100 0.664000
vn 0.616700 0.399000 0.678500
vn 0.566500 0.373600 0.734500
vn 0.525400 0.351300 0.774900
vn 0.560200 0.302900 0.770900
vn 0.590500 0.251900 0.766700
vn 0.536100 0.292900 0.791700
vn 0.563100 0.244100 0.789500
vn 0.504500 0.339600 0.793800
vn 0.497600 0.334500 0.800300
vn 0.527900 0.288300 0.798900
vn 0.553600 0.240400 0.797300
vn 0.521300 0.421800 0.741800
vn 0.565100 0.450000 0.691400
vn 0.485900 0.397300 0.778500
vn 0.468100 0.384400 0.795700
vn 0.462400 0.378800 0.801700
vn 0.675400 0.209100 0.707100
vn 0.744700 0.221000 0.629700
vn 0.616500 0.198100 0.762000
vn 0.638100 0.141100 0.756900
vn 0.703000 0.146300 0.696000
vn 0.778100 0.151600 0.609500
vn 0.725600 0.078800 0.683600
vn 0.806000 0.076300 0.586900
vn 0.655100 0.080500 0.751200
vn 0.585800 0.193100 0.787100
vn 0.575000 0.190500 0.795600
vn 0.592200 0.138300 0.793800
vn 0.604300 0.139500 0.784400
vn 0.618200 0.083200 0.781500
vn 0.605000 0.083500 0.791800
vn 0.808000 0.228500 0.543000
vn 0.765600 0.297600 0.570300
vn 0.844900 0.153300 0.512500
vn 0.898500 0.152700 0.411600
vn 0.861000 0.232500 0.452300
vn 0.816800 0.306000 0.489100
vn 0.875200 0.071400 0.478500
vn 0.927900 0.066200 0.366700
vn 0.718000 0.361300 0.594900
vn 0.766600 0.373600 0.522200
vn 0.710900 0.435800 0.552000
vn 0.665700 0.419900 0.616800
vn 0.608700 0.474000 0.636200
vn 0.649800 0.493000 0.578500
vn -0.701700 0.218200 0.678200
vn -0.667600 0.278800 0.690300
vn -0.746000 0.303800 0.592600
vn -0.786800 0.236300 0.570200
vn -0.821800 0.162900 0.545900
vn -0.730800 0.152800 0.665300
vn -0.650300 0.144700 0.745700
vn -0.627800 0.202900 0.751400
vn -0.600700 0.257800 0.756700
vn -0.589800 0.196400 0.783300
vn -0.566400 0.247900 0.785900
vn -0.608800 0.142200 0.780400
vn -0.594000 0.140800 0.792000
vn -0.576400 0.193400 0.793900
vn -0.554400 0.243700 0.795700
vn -0.754400 0.082300 0.651100
vn -0.850400 0.083100 0.519600
vn -0.871100 -0.003400 0.491000
vn -0.771800 0.006300 0.635800
vn -0.680300 0.016600 0.732700
vn -0.668000 0.082700 0.739500
vn -0.623200 0.085100 0.777300
vn -0.632800 0.024600 0.773900
vn -0.615800 0.026900 0.787400
vn -0.607300 0.085400 0.789800
vn -0.629000 0.335300 0.701400
vn -0.699900 0.365800 0.613400
vn -0.569100 0.309500 0.761700
vn -0.533000 0.358500 0.766400
vn -0.585600 0.387800 0.711800
vn -0.648900 0.422700 0.632600
vn -0.537600 0.436600 0.721400
vn -0.592900 0.474900 0.650300
vn -0.492000 0.404700 0.770700
vn -0.538700 0.297000 0.788400
vn -0.528200 0.291800 0.797400
vn -0.497300 0.337900 0.799000
vn -0.506300 0.343900 0.790800
vn -0.469100 0.388700 0.793000
vn -0.461500 0.382200 0.800600
vn -0.763900 0.392600 0.512200
vn -0.814500 0.325300 0.480300
vn -0.707400 0.454000 0.541700
vn -0.754500 0.481200 0.446200
vn -0.813400 0.416100 0.406500
vn -0.865200 0.344700 0.364200
vn -0.645200 0.509700 0.569100
vn -0.689000 0.540000 0.483400
vn -0.858800 0.251700 0.446200
vn -0.909300 0.266700 0.319300
vn -0.944900 0.182200 0.271900
vn -0.896100 0.171500 0.409500
vn -0.925100 0.084400 0.370100
vn -0.970800 0.090900 0.221800
vn -0.985500 -0.006500 0.169300
vn -0.944600 -0.009500 0.328100
vn -0.738600 -0.385200 0.553200
vn -0.762100 -0.307600 0.569700
vn -0.856500 -0.357400 0.372300
vn -0.828100 -0.443000 0.343500
vn -0.789300 -0.526700 0.315600
vn -0.705800 -0.462000 0.537000
vn -0.612700 -0.389300 0.687800
vn -0.642500 -0.322300 0.695200
vn -0.664200 -0.255000 0.702700
vn -0.591400 -0.285600 0.754100
vn -0.612700 -0.223600 0.758000
vn -0.562400 -0.347500 0.750300
vn -0.543700 -0.332900 0.770300
vn -0.572700 -0.272900 0.773000
vn -0.594000 -0.212800 0.775800
vn -0.663000 -0.537400 0.521200
vn -0.739600 -0.608000 0.288600
vn -0.678500 -0.685900 0.262900
vn -0.609100 -0.610700 0.505900
vn -0.525100 -0.519900 0.673800
vn -0.573800 -0.455400 0.680600
vn -0.524700 -0.408700 0.746700
vn -0.477400 -0.468500 0.743300
vn -0.459100 -0.450600 0.765600
vn -0.506300 -0.392400 0.767900
vn -0.776800 -0.229500 0.586300
vn -0.875000 -0.270400 0.401600
vn -0.678500 -0.187300 0.710300
vn -0.685800 -0.119500 0.717900
vn -0.783300 -0.151000 0.603000
vn -0.883600 -0.182100 0.431300
vn -0.781600 -0.072300 0.619600
vn -0.882400 -0.093000 0.461300
vn -0.686300 -0.051500 0.725500
vn -0.627000 -0.161500 0.762000
vn -0.608400 -0.152700 0.778800
vn -0.616600 -0.092800 0.781700
vn -0.634900 -0.099500 0.766100
vn -0.636800 -0.037400 0.770100
vn -0.619000 -0.032900 0.784700
vn -0.934200 -0.293800 0.202200
vn -0.908900 -0.384000 0.162700
vn -0.948900 -0.201100 0.243000
vn -0.977100 -0.201800 0.066700
vn -0.955400 -0.294500 0.019200
vn -0.923200 -0.383300 -0.025500
vn -0.952600 -0.106100 0.285200
vn -0.987500 -0.105700 0.116900
vn -0.873100 -0.471200 0.124900
vn -0.881100 -0.468100 -0.067400
vn -0.829200 -0.548700 -0.106600
vn -0.827000 -0.555100 0.089000
vn -0.770200 -0.635400 0.055100
vn -0.767700 -0.624700 -0.142700
vn -0.696400 -0.695800 -0.175700
vn -0.702600 -0.711200 0.023500
vn -0.253400 -0.852200 0.457700
vn -0.332000 -0.821900 0.462900
vn -0.370400 -0.908900 0.191600
vn -0.283300 -0.941400 0.182800
vn -0.192600 -0.965000 0.177800
vn -0.171700 -0.873900 0.454800
vn -0.141900 -0.744600 0.652300
vn -0.211300 -0.727100 0.653200
vn -0.279100 -0.702200 0.655000
vn -0.183500 -0.653600 0.734200
vn -0.245000 -0.632600 0.734700
vn -0.121800 -0.667800 0.734200
vn -0.113400 -0.639600 0.760300
vn -0.172000 -0.626800 0.760000
vn -0.231100 -0.607400 0.760000
vn -0.087200 -0.886700 0.454000
vn -0.098200 -0.979400 0.176500
vn -0.071200 -0.754700 0.652200
vn -0.060100 -0.675900 0.734500
vn -0.055400 -0.646700 0.760700
vn -0.407400 -0.782800 0.470400
vn -0.453700 -0.867500 0.204000
vn -0.344900 -0.669400 0.658000
vn -0.408300 -0.628300 0.662100
vn -0.479100 -0.734800 0.480100
vn -0.533200 -0.816800 0.220000
vn -0.546700 -0.677500 0.492000
vn -0.608500 -0.756500 0.239700
vn -0.468700 -0.578600 0.667400
vn -0.305900 -0.604200 0.735800
vn -0.290100 -0.580900 0.760500
vn -0.348400 -0.546300 0.761600
vn -0.365500 -0.567700 0.737600
vn -0.423100 -0.522700 0.740100
vn -0.405200 -0.503100 0.763400
vn -0.464600 -0.884300 -0.046200
vn -0.378600 -0.923600 -0.060400
vn -0.547500 -0.836300 -0.027500
vn -0.538000 -0.811700 -0.227300
vn -0.455200 -0.855800 -0.245600
vn -0.370100 -0.892000 -0.259400
vn -0.627100 -0.778900 -0.004400
vn -0.618600 -0.758700 -0.204200
vn -0.289400 -0.954600 -0.070300
vn -0.282600 -0.920700 -0.268900
vn -0.192100 -0.942300 -0.274100
vn -0.196800 -0.977500 -0.076000
vn -0.100500 -0.991900 -0.077100
vn -0.098100 -0.956400 -0.274900
vn -0.275100 -0.877200 -0.393500
vn -0.360700 -0.849800 -0.384200
vn -0.355500 -0.803900 -0.476700
vn -0.270900 -0.830300 -0.487100
vn -0.183800 -0.850300 -0.493100
vn -0.186800 -0.897800 -0.398700
vn -0.095300 -0.911700 -0.399600
vn -0.093700 -0.863900 -0.494900
vn 0.000100 -0.870600 -0.491900
vn -0.000000 -0.918200 -0.395900
vn -0.444200 -0.815600 -0.370700
vn -0.438200 -0.771000 -0.462100
vn -0.525900 -0.773900 -0.352600
vn -0.519400 -0.730900 -0.442600
vn -0.606000 -0.723900 -0.329700
vn -0.599300 -0.682800 -0.418000
vn -0.684100 -0.664300 -0.301100
vn -0.677400 -0.625400 -0.387300
vn -0.436100 -0.715000 -0.546400
vn -0.353600 -0.746500 -0.563700
vn -0.517200 -0.676700 -0.524000
vn -0.517800 -0.602900 -0.607000
vn -0.436500 -0.637900 -0.634400
vn -0.353900 -0.666800 -0.655800
vn -0.597000 -0.630600 -0.495800
vn -0.675200 -0.575900 -0.460900
vn -0.676100 -0.510600 -0.531100
vn -0.597800 -0.560700 -0.572900
vn -0.269300 -0.771700 -0.576100
vn -0.269400 -0.689900 -0.671900
vn -0.182600 -0.707500 -0.682700
vn -0.182600 -0.790900 -0.584000
vn -0.092900 -0.804100 -0.587200
vn -0.092700 -0.719600 -0.688200
vn 0.000600 -0.725800 -0.687900
vn 0.000300 -0.810800 -0.585300
vn -0.874100 -0.447000 -0.190100
vn -0.919300 -0.365400 -0.146200
vn -0.915200 -0.337200 -0.220700
vn -0.869000 -0.416000 -0.267900
vn -0.813900 -0.490500 -0.311400
vn -0.819700 -0.524200 -0.230500
vn -0.756400 -0.596800 -0.267600
vn -0.750000 -0.560400 -0.351300
vn -0.955000 -0.279400 -0.098900
vn -0.952100 -0.254100 -0.169700
vn -0.980800 -0.189000 -0.048000
vn -0.979200 -0.166800 -0.114800
vn -0.995500 -0.094600 0.006400
vn -0.995500 -0.075500 -0.056000
vn -0.997900 0.003500 0.064200
vn -0.999800 0.019500 0.006800
vn -0.950600 -0.222100 -0.216700
vn -0.913500 -0.301100 -0.273500
vn -0.977900 -0.139400 -0.155800
vn -0.978000 -0.113200 -0.175300
vn -0.951000 -0.188200 -0.245300
vn -0.914200 -0.259900 -0.311000
vn -0.994500 -0.052800 -0.090600
vn -0.999100 0.037000 -0.021200
vn -0.998700 0.046100 -0.022100
vn -0.994300 -0.034900 -0.100800
vn -0.867200 -0.376000 -0.326300
vn -0.868100 -0.328100 -0.372400
vn -0.813000 -0.392900 -0.429700
vn -0.812000 -0.447000 -0.375200
vn -0.748000 -0.513800 -0.420100
vn -0.749000 -0.453800 -0.482700
vn -0.931800 0.277400 0.234100
vn -0.889500 0.356400 0.286000
vn -0.897700 0.362900 0.249700
vn -0.938700 0.285900 0.192500
vn -0.970200 0.202800 0.132800
vn -0.964800 0.192100 0.179700
vn -0.987300 0.100600 0.122900
vn -0.991000 0.113800 0.070800
vn -0.838700 0.429000 0.335500
vn -0.848100 0.433800 0.304200
vn -0.780100 0.495300 0.382300
vn -0.790300 0.498700 0.356000
vn -0.713900 0.555300 0.426500
vn -0.724700 0.557400 0.405100
vn -0.640600 0.608900 0.467800
vn -0.651400 0.609900 0.451200
vn -0.850600 0.428000 0.305400
vn -0.899500 0.361100 0.245700
vn -0.793500 0.489000 0.362000
vn -0.794300 0.452100 0.405900
vn -0.850900 0.397400 0.343500
vn -0.899500 0.337500 0.277400
vn -0.728600 0.544400 0.415600
vn -0.655900 0.593800 0.466000
vn -0.657500 0.545800 0.519400
vn -0.729800 0.501600 0.464600
vn -0.939800 0.288500 0.183100
vn -0.939500 0.272400 0.207700
vn -0.970100 0.202000 0.134400
vn -0.970500 0.210100 0.117600
vn -0.990800 0.126100 0.049300
vn -0.990300 0.126400 0.057600
vn 0.799800 0.374400 0.469100
vn 0.850500 0.304600 0.428700
vn 0.871300 0.296800 0.390800
vn 0.821000 0.366600 0.437700
vn 0.763700 0.431200 0.480400
vn 0.742800 0.438800 0.505600
vn 0.679800 0.498100 0.538300
vn 0.699800 0.490900 0.518900
vn 0.629400 0.545800 0.553200
vn 0.610700 0.552600 0.567100
vn 0.894300 0.229000 0.384300
vn 0.914100 0.221600 0.339500
vn 0.930400 0.147300 0.335600
vn 0.948500 0.140600 0.283900
vn 0.957400 0.059400 0.282400
vn 0.973100 0.054000 0.223800
vn 0.973700 -0.034600 0.225000
vn 0.986500 -0.038000 0.159400
vn 0.926500 0.211400 0.311400
vn 0.884700 0.283700 0.369900
vn 0.959400 0.133900 0.248300
vn 0.965200 0.124200 0.229800
vn 0.933300 0.194400 0.301900
vn 0.892300 0.260000 0.369000
vn 0.982200 0.051300 0.180600
vn 0.993400 -0.035900 0.108800
vn 0.997000 -0.029000 0.072000
vn 0.986900 0.049600 0.153100
vn 0.835000 0.350900 0.423800
vn 0.843100 0.321200 0.431300
vn 0.786200 0.378100 0.488800
vn 0.777800 0.413400 0.473300
vn 0.713600 0.471300 0.518300
vn 0.721900 0.430800 0.541400
vn 0.650400 0.479500 0.589100
vn 0.642400 0.524600 0.558700
vn 0.948700 -0.312200 0.050000
vn 0.917500 -0.397600 -0.005300
vn 0.917600 -0.386900 -0.091300
vn 0.951600 -0.305700 -0.032000
vn 0.975000 -0.220200 0.029700
vn 0.968900 -0.222900 0.107200
vn 0.977500 -0.130200 0.165700
vn 0.986900 -0.130800 0.093700
vn 0.875900 -0.478900 -0.058700
vn 0.873500 -0.463700 -0.148000
vn 0.824100 -0.555700 -0.110000
vn 0.819700 -0.536000 -0.201800
vn 0.762200 -0.627500 -0.158800
vn 0.756400 -0.603300 -0.252800
vn 0.690400 -0.693800 -0.205000
vn 0.683600 -0.665100 -0.300500
vn 0.871600 -0.434900 -0.226200
vn 0.916900 -0.363300 -0.165300
vn 0.816900 -0.502000 -0.283900
vn 0.816600 -0.447700 -0.364200
vn 0.871500 -0.387400 -0.300600
vn 0.917100 -0.323200 -0.233300
vn 0.753000 -0.564500 -0.338100
vn 0.680000 -0.621800 -0.388700
vn 0.679500 -0.555400 -0.479300
vn 0.752600 -0.503900 -0.423900
vn 0.952400 -0.287500 -0.101200
vn 0.953200 -0.255100 -0.162300
vn 0.979100 -0.183300 -0.087600
vn 0.977600 -0.207500 -0.034000
vn 0.991700 -0.123500 0.036100
vn 0.994100 -0.107900 -0.009400
vn 0.448100 -0.837800 -0.312000
vn 0.363400 -0.868400 -0.337300
vn 0.358000 -0.826300 -0.434600
vn 0.441800 -0.798300 -0.409300
vn 0.524000 -0.762700 -0.379000
vn 0.530900 -0.799100 -0.281900
vn 0.611900 -0.751500 -0.246400
vn 0.604800 -0.718700 -0.343000
vn 0.276700 -0.891700 -0.358200
vn 0.272500 -0.847500 -0.455400
vn 0.187600 -0.907800 -0.375000
vn 0.184700 -0.862100 -0.471800
vn 0.095400 -0.916900 -0.387600
vn 0.094100 -0.869900 -0.484100
vn 0.270800 -0.790200 -0.549700
vn 0.355700 -0.770800 -0.528600
vn 0.183700 -0.803500 -0.566200
vn 0.184000 -0.719300 -0.669900
vn 0.271100 -0.707300 -0.652800
vn 0.355800 -0.689700 -0.630500
vn 0.093700 -0.810500 -0.578200
vn 0.094000 -0.725600 -0.681600
vn 0.438800 -0.744900 -0.502500
vn 0.438900 -0.666400 -0.602700
vn 0.520500 -0.636700 -0.568900
vn 0.520600 -0.712100 -0.471000
vn 0.601200 -0.671400 -0.433400
vn 0.600800 -0.600100 -0.528000
vn 0.240700 0.726600 0.643500
vn 0.316500 0.703500 0.636300
vn 0.326200 0.698500 0.636900
vn 0.247900 0.722000 0.645900
vn 0.167800 0.740700 0.650600
vn 0.163100 0.744800 0.647000
vn 0.082900 0.758200 0.646700
vn 0.085300 0.754300 0.650900
vn -0.000100 0.762800 0.646600
vn -0.000200 0.766300 0.642500
vn 0.391100 0.675100 0.625500
vn 0.403300 0.669800 0.623500
vn 0.464900 0.641100 0.610600
vn 0.479400 0.635300 0.605400
vn 0.538200 0.600500 0.591300
vn 0.554900 0.594300 0.582200
vn 0.411900 0.645500 0.643100
vn 0.333100 0.673600 0.659700
vn 0.489800 0.611800 0.621100
vn 0.496300 0.559200 0.664000
vn 0.417500 0.590000 0.691100
vn 0.337500 0.615600 0.712100
vn 0.566700 0.571800 0.593200
vn 0.574100 0.522700 0.630200
vn 0.253000 0.696600 0.671300
vn 0.256300 0.636600 0.727300
vn 0.173300 0.653200 0.737100
vn 0.171100 0.714800 0.678000
vn 0.086900 0.728300 0.679700
vn 0.088000 0.665500 0.741200
vn 0.000100 0.673200 0.739400
vn -0.000000 0.736800 0.676100
vn -0.405600 0.719100 0.564200
vn -0.326400 0.740600 0.587300
vn -0.333900 0.738900 0.585300
vn -0.414400 0.717900 0.559300
vn -0.494300 0.690000 0.528600
vn -0.484500 0.690700 0.536900
vn -0.562900 0.654300 0.505000
vn -0.573500 0.654400 0.492800
vn -0.246700 0.755800 0.606600
vn -0.252600 0.753600 0.606900
vn -0.166000 0.765100 0.622200
vn -0.170100 0.762400 0.624300
vn -0.084000 0.768600 0.634200
vn -0.086100 0.765500 0.637600
vn -0.256000 0.729000 0.634900
vn -0.338000 0.715200 0.611700
vn -0.172600 0.737100 0.653400
vn -0.173900 0.673700 0.718200
vn -0.257800 0.666500 0.699500
vn -0.340100 0.654300 0.675400
vn -0.087400 0.739700 0.667200
vn -0.088100 0.676000 0.731600
vn -0.419000 0.695600 0.583600
vn -0.421200 0.636800 0.645800
vn -0.501300 0.613300 0.610300
vn -0.499200 0.669300 0.550300
vn -0.578300 0.635700 0.511200
vn -0.580200 0.583300 0.568400
vn -0.424000 0.521600 0.740300
vn -0.342600 0.535600 0.771800
vn -0.345700 0.367000 0.863600
vn -0.427300 0.357400 0.830400
vn -0.507600 0.344600 0.789600
vn -0.504200 0.502800 0.702100
vn -0.583100 0.478700 0.656400
vn -0.586500 0.328200 0.740400
vn -0.663500 0.307700 0.682000
vn -0.660200 0.448500 0.602400
vn -0.259900 0.545400 0.796800
vn -0.262500 0.373900 0.889500
vn -0.175500 0.551300 0.815600
vn -0.177300 0.378400 0.908500
vn -0.088900 0.553300 0.828200
vn -0.089800 0.380500 0.920400
vn 0.000200 0.551300 0.834300
vn 0.000300 0.380200 0.924900
vn -0.266900 0.210300 0.940500
vn -0.350900 0.205300 0.913600
vn -0.180600 0.214100 0.959900
vn -0.185900 0.106400 0.976800
vn -0.274100 0.102600 0.956200
vn -0.359500 0.098300 0.927900
vn -0.091600 0.216800 0.971900
vn 0.000400 0.218300 0.975900
vn 0.000500 0.112200 0.993700
vn -0.094500 0.109600 0.989500
vn -0.433000 0.198900 0.879100
vn -0.442500 0.093400 0.891900
vn -0.523100 0.087600 0.847700
vn -0.513400 0.190700 0.836700
vn -0.592000 0.180600 0.785400
vn -0.601500 0.080800 0.794700
vn -0.677200 0.072900 0.732100
vn -0.668500 0.168100 0.724400
vn 0.259300 0.523300 0.811700
vn 0.341400 0.507000 0.791500
vn 0.345500 0.355900 0.868300
vn 0.262600 0.365400 0.893000
vn 0.177800 0.372500 0.910800
vn 0.175400 0.536100 0.825700
vn 0.089200 0.545500 0.833300
vn 0.090500 0.377500 0.921600
vn 0.422000 0.486900 0.764700
vn 0.426700 0.343900 0.836400
vn 0.501500 0.462600 0.731100
vn 0.506600 0.329000 0.796900
vn 0.579700 0.433500 0.689900
vn 0.585000 0.310600 0.749100
vn 0.656200 0.399000 0.640400
vn 0.661600 0.288400 0.692100
vn 0.433900 0.206900 0.876900
vn 0.351900 0.211800 0.911700
vn 0.514300 0.200100 0.833900
vn 0.524900 0.112800 0.843600
vn 0.444100 0.114800 0.888600
vn 0.361000 0.115800 0.925300
vn 0.592800 0.191400 0.782200
vn 0.669200 0.180200 0.720900
vn 0.679200 0.105000 0.726300
vn 0.603500 0.109600 0.789800
vn 0.267900 0.215300 0.939100
vn 0.275400 0.116000 0.954300
vn 0.187000 0.115500 0.975500
vn 0.181600 0.217500 0.959000
vn 0.092500 0.218500 0.971400
vn 0.095400 0.114200 0.988800
vn 0.440800 -0.550600 -0.708800
vn 0.357700 -0.570800 -0.739000
vn 0.361300 -0.421400 -0.831800
vn 0.444800 -0.404700 -0.798900
vn 0.526600 -0.384000 -0.758400
vn 0.522500 -0.525100 -0.671700
vn 0.602800 -0.493700 -0.626700
vn 0.606800 -0.359000 -0.709100
vn 0.685000 -0.329000 -0.650000
vn 0.681400 -0.455600 -0.572800
vn 0.272700 -0.586200 -0.762800
vn 0.275800 -0.434300 -0.857500
vn 0.185300 -0.596800 -0.780700
vn 0.187600 -0.443500 -0.876400
vn 0.094900 -0.602600 -0.792400
vn 0.096200 -0.448900 -0.888400
vn 0.000900 -0.603100 -0.797700
vn 0.001100 -0.450200 -0.892900
vn 0.280500 -0.281100 -0.917800
vn 0.367000 -0.270800 -0.889900
vn 0.191000 -0.288800 -0.938100
vn 0.195600 -0.171300 -0.965600
vn 0.286900 -0.164900 -0.943600
vn 0.374900 -0.157000 -0.913700
vn 0.098000 -0.294000 -0.950800
vn 0.001000 -0.296200 -0.955100
vn 0.000700 -0.179100 -0.983800
vn 0.100300 -0.176100 -0.979200
vn 0.451100 -0.258000 -0.854400
vn 0.459900 -0.147600 -0.875600
vn 0.542400 -0.136600 -0.828900
vn 0.533100 -0.242500 -0.810500
vn 0.613200 -0.224200 -0.757400
vn 0.622500 -0.124000 -0.772800
vn 0.699700 -0.109600 -0.706000
vn 0.690900 -0.202700 -0.693900
vn 0.954300 -0.202900 -0.219300
vn 0.918300 -0.259800 -0.298700
vn 0.919700 -0.178600 -0.349500
vn 0.955200 -0.136100 -0.262600
vn 0.980900 -0.091900 -0.171200
vn 0.980300 -0.143300 -0.135700
vn 0.995600 -0.080800 -0.047900
vn 0.996100 -0.046100 -0.075100
vn 0.999700 0.001000 0.025300
vn 0.998900 -0.015800 0.043800
vn 0.872800 -0.313600 -0.373900
vn 0.874800 -0.219400 -0.431800
vn 0.818100 -0.364400 -0.444800
vn 0.820800 -0.258200 -0.509500
vn 0.754300 -0.411900 -0.511200
vn 0.757500 -0.294800 -0.582400
vn 0.877900 -0.127200 -0.461600
vn 0.921700 -0.100000 -0.374700
vn 0.824900 -0.153500 -0.544000
vn 0.831200 -0.077900 -0.550400
vn 0.882700 -0.061400 -0.465800
vn 0.925000 -0.044900 -0.377300
vn 0.762600 -0.178800 -0.621600
vn 0.770300 -0.094000 -0.630700
vn 0.956200 -0.072100 -0.283500
vn 0.958100 -0.028300 -0.284800
vn 0.982000 -0.011700 -0.188400
vn 0.981300 -0.043600 -0.187700
vn 0.996100 -0.014700 -0.087300
vn 0.996100 0.004800 -0.087900
vn 0.999600 0.021100 0.016700
vn 0.999700 0.014600 0.017400
vn 0.848400 0.270900 0.454700
vn 0.897100 0.221200 0.382500
vn 0.900800 0.168500 0.400300
vn 0.852800 0.202800 0.481300
vn 0.796800 0.234100 0.557000
vn 0.791900 0.317100 0.521800
vn 0.727800 0.359800 0.583800
vn 0.733100 0.262600 0.627400
vn 0.937400 0.167600 0.305200
vn 0.940300 0.131300 0.314000
vn 0.968600 0.110100 0.222800
vn 0.970700 0.090900 0.222500
vn 0.989600 0.048900 0.135500
vn 0.990900 0.047400 0.126100
vn 0.943100 0.092900 0.319300
vn 0.904800 0.114400 0.410200
vn 0.972300 0.069000 0.223300
vn 0.973700 0.050500 0.222100
vn 0.945900 0.063000 0.318200
vn 0.909200 0.074000 0.409600
vn 0.991500 0.042900 0.122500
vn 0.991900 0.036500 0.121400
vn 0.858000 0.133900 0.495900
vn 0.864100 0.083600 0.496300
vn 0.810700 0.092000 0.578100
vn 0.803000 0.151200 0.576400
vn 0.740100 0.166700 0.651500
vn 0.749100 0.099100 0.654900
vn -0.940400 0.226900 0.253100
vn -0.900800 0.279900 0.331900
vn -0.902700 0.191400 0.385300
vn -0.941900 0.154400 0.298400
vn -0.971800 0.114000 0.206500
vn -0.970800 0.169400 0.169900
vn -0.990800 0.107600 0.082500
vn -0.991500 0.070200 0.109900
vn -0.999700 0.023300 0.009200
vn -0.999100 0.041700 -0.008400
vn -0.852600 0.328600 0.406300
vn -0.854900 0.225200 0.467200
vn -0.796300 0.372900 0.476200
vn -0.799000 0.255800 0.544100
vn -0.732200 0.412900 0.541700
vn -0.735200 0.283300 0.615800
vn -0.857700 0.118900 0.500200
vn -0.904600 0.098800 0.414600
vn -0.802600 0.137100 0.580500
vn -0.808900 0.054300 0.585400
vn -0.862400 0.043800 0.504300
vn -0.907700 0.032400 0.418200
vn -0.739600 0.153400 0.655300
vn -0.747200 0.063900 0.661500
vn -0.943000 0.076800 0.323800
vn -0.944700 0.020100 0.327300
vn -0.972800 0.006800 0.231500
vn -0.972200 0.052600 0.227900
vn -0.991500 0.026400 0.127000
vn -0.991300 -0.007500 0.131000
vn -0.999400 -0.022900 0.026100
vn -0.999800 -0.001900 0.021800
vn -0.869900 -0.268700 -0.413500
vn -0.915700 -0.211600 -0.341600
vn -0.917900 -0.160000 -0.363000
vn -0.872800 -0.202000 -0.444200
vn -0.818600 -0.242200 -0.520800
vn -0.815100 -0.323000 -0.480900
vn -0.751300 -0.374200 -0.543600
vn -0.755200 -0.280300 -0.592500
vn -0.682700 -0.316000 -0.658800
vn -0.678400 -0.422000 -0.601300
vn -0.952100 -0.152000 -0.265200
vn -0.953800 -0.116300 -0.277000
vn -0.978800 -0.089700 -0.184200
vn -0.979900 -0.071100 -0.186300
vn -0.994800 -0.025000 -0.098600
vn -0.995500 -0.024400 -0.090900
vn -0.956000 -0.087500 -0.279900
vn -0.921300 -0.114700 -0.371400
vn -0.981100 -0.059500 -0.183800
vn -0.982200 -0.054200 -0.179600
vn -0.958500 -0.069500 -0.276500
vn -0.925400 -0.084400 -0.369600
vn -0.996000 -0.031000 -0.083200
vn -0.996100 -0.038700 -0.078700
vn -0.877300 -0.141100 -0.458600
vn -0.883000 -0.098900 -0.458800
vn -0.831400 -0.112900 -0.544100
vn -0.824200 -0.166500 -0.541300
vn -0.761700 -0.190700 -0.619200
vn -0.770300 -0.126300 -0.625000
vn -0.699500 -0.138800 -0.701000
vn -0.689800 -0.213500 -0.691800
vn -0.270700 -0.573300 -0.773300
vn -0.355600 -0.553800 -0.752900
vn -0.359100 -0.414800 -0.836000
vn -0.273600 -0.429300 -0.860700
vn -0.185500 -0.440100 -0.878500
vn -0.183400 -0.588100 -0.787700
vn -0.093000 -0.598100 -0.796000
vn -0.094100 -0.447200 -0.889500
vn -0.438500 -0.529500 -0.726200
vn -0.442500 -0.396600 -0.804300
vn -0.520000 -0.499800 -0.692600
vn -0.524300 -0.374300 -0.764800
vn -0.600100 -0.464300 -0.651400
vn -0.604400 -0.347600 -0.716800
vn -0.449400 -0.265000 -0.853100
vn -0.365300 -0.276400 -0.888900
vn -0.531600 -0.250800 -0.809000
vn -0.541800 -0.159000 -0.825300
vn -0.459100 -0.166500 -0.872600
vn -0.373900 -0.172400 -0.911300
vn -0.611900 -0.233700 -0.755600
vn -0.622000 -0.149800 -0.768500
vn -0.278700 -0.285400 -0.917000
vn -0.285800 -0.176700 -0.941900
vn -0.194300 -0.179300 -0.964400
vn -0.189100 -0.291700 -0.937600
vn -0.096000 -0.295400 -0.950500
vn -0.098900 -0.180200 -0.978600
vn -0.293500 -0.114100 -0.949100
vn -0.383200 -0.112700 -0.916800
vn -0.390400 -0.075900 -0.917500
vn -0.299500 -0.075700 -0.951000
vn -0.204400 -0.074800 -0.976000
vn -0.200000 -0.114400 -0.973100
vn -0.102100 -0.113600 -0.988300
vn -0.104600 -0.073000 -0.991800
vn 0.000100 -0.070300 -0.997500
vn 0.000400 -0.111500 -0.993700
vn -0.469400 -0.110200 -0.876100
vn -0.477300 -0.075300 -0.875500
vn -0.552600 -0.106700 -0.826600
vn -0.560800 -0.074000 -0.824600
vn -0.632700 -0.102100 -0.767600
vn -0.640800 -0.071900 -0.764300
vn -0.709400 -0.096400 -0.698100
vn -0.716800 -0.069100 -0.693700
vn -0.482100 -0.043800 -0.875000
vn -0.394700 -0.043200 -0.917800
vn -0.565800 -0.043900 -0.823400
vn -0.568300 -0.001800 -0.822800
vn -0.484500 -0.001200 -0.874800
vn -0.396900 -0.000200 -0.917900
vn -0.645600 -0.043300 -0.762400
vn -0.721400 -0.042300 -0.691200
vn -0.723800 -0.001600 -0.690000
vn -0.648200 -0.001900 -0.761500
vn -0.303200 -0.042100 -0.952000
vn -0.305000 0.001300 -0.952300
vn -0.208500 0.003300 -0.978000
vn -0.207100 -0.040300 -0.977500
vn -0.106100 -0.038000 -0.993600
vn -0.107000 0.005700 -0.994200
vn -0.000400 0.008700 -0.999900
vn -0.000100 -0.035000 -0.999400
vn -0.888400 -0.075000 -0.452800
vn -0.929000 -0.067000 -0.363900
vn -0.931700 -0.052300 -0.359400
vn -0.892400 -0.057100 -0.447700
vn -0.843800 -0.061500 -0.533100
vn -0.838500 -0.082600 -0.538500
vn -0.779000 -0.089800 -0.620500
vn -0.785500 -0.065600 -0.615400
vn -0.960500 -0.058700 -0.271800
vn -0.962100 -0.047300 -0.268500
vn -0.983000 -0.050100 -0.176400
vn -0.983700 -0.041900 -0.174700
vn -0.996100 -0.041300 -0.077500
vn -0.996300 -0.036300 -0.077700
vn -0.999100 -0.032200 0.024900
vn -0.999300 -0.030300 0.022600
vn -0.963300 -0.030100 -0.266500
vn -0.933600 -0.033300 -0.356800
vn -0.984500 -0.026600 -0.173500
vn -0.984900 0.008500 -0.172600
vn -0.964100 0.006000 -0.265300
vn -0.934700 0.003800 -0.355400
vn -0.996700 -0.022800 -0.077500
vn -0.999600 -0.018700 0.021500
vn -0.999600 0.014600 0.021500
vn -0.996900 0.011400 -0.077100
vn -0.895000 -0.036100 -0.444600
vn -0.896500 0.001800 -0.443100
vn -0.849000 0.000300 -0.528400
vn -0.847100 -0.038600 -0.530000
vn -0.789500 -0.040700 -0.612400
vn -0.791600 -0.000900 -0.611000
vn -0.947500 -0.006400 0.319700
vn -0.912300 0.001400 0.409500
vn -0.916100 -0.006700 0.400900
vn -0.950000 -0.012400 0.312000
vn -0.975500 -0.018300 0.219300
vn -0.974100 -0.014500 0.225600
vn -0.991600 -0.023100 0.127200
vn -0.992100 -0.024200 0.122700
vn -0.868800 0.008800 0.495100
vn -0.874000 -0.001100 0.485900
vn -0.817000 0.015900 0.576300
vn -0.823500 0.004500 0.567200
vn -0.756900 0.022700 0.653100
vn -0.764500 0.010000 0.644500
vn -0.688200 0.029300 0.724900
vn -0.696700 0.015600 0.717200
vn -0.876600 0.003700 0.481200
vn -0.918100 -0.000900 0.396400
vn -0.826800 0.008400 0.562400
vn -0.827500 0.037200 0.560200
vn -0.877100 0.033200 0.479100
vn -0.918400 0.029200 0.394600
vn -0.768400 0.013100 0.639800
vn -0.701000 0.018000 0.712900
vn -0.702100 0.045700 0.710500
vn -0.769300 0.041400 0.637500
vn -0.951300 -0.005400 0.308100
vn -0.951500 0.025400 0.306600
vn -0.976300 0.021700 0.215100
vn -0.976300 -0.009900 0.216200
vn -0.992600 -0.014300 0.120600
vn -0.992600 0.018100 0.120000
vn 0.870100 0.059800 0.489200
vn 0.913400 0.054700 0.403200
vn 0.916200 0.050800 0.397400
vn 0.874100 0.054000 0.482700
vn 0.823700 0.056500 0.564100
vn 0.818400 0.064100 0.571000
vn 0.758400 0.067600 0.648300
vn 0.764800 0.058400 0.641600
vn 0.697000 0.059800 0.714500
vn 0.689700 0.070300 0.720700
vn 0.948500 0.048700 0.313000
vn 0.950100 0.047100 0.308400
vn 0.974900 0.041700 0.218700
vn 0.975500 0.042600 0.215600
vn 0.992200 0.033800 0.120200
vn 0.992200 0.037500 0.119000
vn 0.999500 0.025000 0.017900
vn 0.999300 0.031700 0.018800
vn 0.950300 0.054900 0.306300
vn 0.917100 0.057400 0.394600
vn 0.975300 0.051900 0.214400
vn 0.973500 0.080000 0.214000
vn 0.948700 0.082200 0.305300
vn 0.915600 0.084100 0.393100
vn 0.991700 0.048400 0.118900
vn 0.998800 0.044400 0.019900
vn 0.997000 0.074300 0.020700
vn 0.989800 0.077300 0.119100
vn 0.875600 0.059400 0.479300
vn 0.874400 0.085600 0.477500
vn 0.825000 0.086700 0.558400
vn 0.825900 0.061000 0.560500
vn 0.767500 0.062100 0.638000
vn 0.767000 0.087400 0.635600
vn 0.700000 0.087700 0.708700
vn 0.700200 0.062700 0.711100
vn 0.960500 -0.004500 -0.278100
vn 0.929000 -0.014800 -0.369900
vn 0.931900 0.004900 -0.362700
vn 0.962200 0.012000 -0.271900
vn 0.983800 0.018900 -0.178200
vn 0.983100 0.005600 -0.183000
vn 0.996300 0.015400 -0.084400
vn 0.996300 0.025500 -0.081300
vn 0.888400 -0.025300 -0.458400
vn 0.892600 -0.002400 -0.450800
vn 0.838600 -0.036000 -0.543600
vn 0.844100 -0.009900 -0.536100
vn 0.779100 -0.046600 -0.625100
vn 0.785800 -0.017600 -0.618200
vn 0.709600 -0.057300 -0.702200
vn 0.717200 -0.025400 -0.696300
vn 0.894800 0.020100 -0.446000
vn 0.933300 0.025400 -0.358200
vn 0.847000 0.014600 -0.531300
vn 0.847400 0.050800 -0.528400
vn 0.894700 0.055200 -0.443200
vn 0.932800 0.059400 -0.355500
vn 0.789400 0.008800 -0.613700
vn 0.721400 0.002900 -0.692500
vn 0.722600 0.041400 -0.690000
vn 0.790200 0.046200 -0.611000
vn 0.962900 0.030500 -0.268000
vn 0.962000 0.063400 -0.265500
vn 0.982600 0.067200 -0.173000
vn 0.983900 0.035400 -0.175000
vn 0.996000 0.040000 -0.079100
vn 0.994400 0.070800 -0.077700
vn 0.469900 -0.084500 -0.878600
vn 0.383800 -0.091700 -0.918900
vn 0.390700 -0.052200 -0.919000
vn 0.477700 -0.046400 -0.877300
vn 0.561100 -0.039900 -0.826700
vn 0.553000 -0.076300 -0.829700
vn 0.633000 -0.067300 -0.771200
vn 0.641100 -0.033000 -0.766700
vn 0.294200 -0.098100 -0.950700
vn 0.299800 -0.057600 -0.952200
vn 0.200700 -0.103500 -0.974200
vn 0.204700 -0.062400 -0.976800
vn 0.102800 -0.108000 -0.988800
vn 0.104800 -0.066700 -0.992200
vn 0.303000 -0.023200 -0.952700
vn 0.394500 -0.018600 -0.918700
vn 0.206900 -0.027400 -0.978000
vn 0.207700 0.015600 -0.978100
vn 0.304100 0.019400 -0.952400
vn 0.396000 0.023400 -0.917900
vn 0.105900 -0.031400 -0.993900
vn 0.106200 0.012000 -0.994300
vn 0.482000 -0.013700 -0.876000
vn 0.483600 0.027600 -0.874800
vn 0.567200 0.032000 -0.822900
vn 0.565700 -0.008500 -0.824500
vn 0.645600 -0.003000 -0.763600
vn 0.647000 0.036600 -0.761600
vn 0.283400 0.071600 0.956300
vn 0.370700 0.072700 0.925900
vn 0.377700 0.058900 0.924000
vn 0.289100 0.057300 0.955500
vn 0.196800 0.055300 0.978900
vn 0.192800 0.070000 0.978700
vn 0.098500 0.067800 0.992800
vn 0.100500 0.052800 0.993500
vn 0.000100 0.049800 0.998700
vn 0.000300 0.065100 0.997900
vn 0.454900 0.073200 0.887500
vn 0.462700 0.059900 0.884500
vn 0.536200 0.073000 0.840900
vn 0.544300 0.060500 0.836700
vn 0.614600 0.072100 0.785500
vn 0.622500 0.060400 0.780200
vn 0.466200 0.061400 0.882500
vn 0.380900 0.060100 0.922600
vn 0.548000 0.062300 0.834100
vn 0.548200 0.086900 0.831800
vn 0.466600 0.085900 0.880300
vn 0.381300 0.084600 0.920600
vn 0.626100 0.062700 0.777200
vn 0.626200 0.087500 0.774700
vn 0.291800 0.058300 0.954700
vn 0.292100 0.082900 0.952800
vn 0.198900 0.080900 0.976700
vn 0.198700 0.056200 0.978400
vn 0.101400 0.053600 0.993400
vn 0.101400 0.078400 0.991700
vn -0.000400 0.075500 0.997100
vn -0.000100 0.050500 0.998700
vn -0.453700 0.045900 0.890000
vn -0.369600 0.050400 0.927800
vn -0.377300 0.034800 0.925400
vn -0.462200 0.030500 0.886200
vn -0.543900 0.025800 0.838700
vn -0.534900 0.040900 0.843900
vn -0.613200 0.035400 0.789100
vn -0.622200 0.020900 0.782600
vn -0.282400 0.054500 0.957700
vn -0.288800 0.038900 0.956600
vn -0.191900 0.058400 0.979600
vn -0.196500 0.042800 0.979600
vn -0.097700 0.061900 0.993300
vn -0.100200 0.046400 0.993900
vn -0.292100 0.039600 0.955500
vn -0.381200 0.035700 0.923800
vn -0.199000 0.043400 0.979000
vn -0.199800 0.068900 0.977400
vn -0.293100 0.065400 0.953800
vn -0.382500 0.061700 0.921900
vn -0.101600 0.047100 0.993700
vn -0.102200 0.072300 0.992100
vn -0.466700 0.031600 0.883800
vn -0.468000 0.057900 0.881800
vn -0.549900 0.054000 0.833500
vn -0.548500 0.027300 0.835700
vn -0.626800 0.022700 0.778900
vn -0.628000 0.049900 0.776500
vn -0.466600 0.113300 0.877100
vn -0.381400 0.116600 0.917000
vn -0.376700 0.198700 0.904800
vn -0.461000 0.196100 0.865500
vn -0.541600 0.193300 0.818100
vn -0.548200 0.110000 0.829100
vn -0.626100 0.106500 0.772400
vn -0.618500 0.190600 0.762300
vn -0.691500 0.187600 0.697600
vn -0.699900 0.102900 0.706800
vn -0.292300 0.119800 0.948800
vn -0.288800 0.201300 0.936000
vn -0.199300 0.122900 0.972200
vn -0.196800 0.203900 0.959000
vn -0.102000 0.125900 0.986800
vn -0.100800 0.206300 0.973300
vn -0.000600 0.128700 0.991700
vn -0.000600 0.208600 0.978000
vn 0.290700 0.135000 0.947200
vn 0.379400 0.136400 0.915100
vn 0.374300 0.214500 0.902100
vn 0.286800 0.213400 0.933900
vn 0.195200 0.212100 0.957500
vn 0.197900 0.133200 0.971100
vn 0.100800 0.131100 0.986200
vn 0.099400 0.210500 0.972500
vn 0.464300 0.137600 0.874900
vn 0.458000 0.215500 0.862400
vn 0.545500 0.138500 0.826600
vn 0.538000 0.216100 0.814700
vn 0.622900 0.139000 0.769800
vn 0.614300 0.216600 0.758700
vn 0.696300 0.139200 0.704100
vn 0.686600 0.216700 0.693900
vn 0.482500 0.090600 -0.871200
vn 0.395200 0.087100 -0.914400
vn 0.390900 0.177000 -0.903200
vn 0.477100 0.179700 -0.860300
vn 0.559400 0.182500 -0.808500
vn 0.565800 0.094200 -0.819100
vn 0.645200 0.098100 -0.757700
vn 0.637700 0.185500 -0.747600
vn 0.711700 0.188500 -0.676700
vn 0.720300 0.102100 -0.686100
vn 0.303600 0.083800 -0.949100
vn 0.300400 0.174400 -0.937700
vn 0.207300 0.080600 -0.974900
vn 0.205100 0.172000 -0.963500
vn 0.106000 0.077600 -0.991300
vn 0.104800 0.169700 -0.979900
vn -0.000500 0.074700 -0.997200
vn -0.000600 0.167400 -0.985900
vn 0.957300 0.119800 -0.263100
vn 0.928500 0.116600 -0.352600
vn 0.916400 0.199300 -0.347100
vn 0.944600 0.201700 -0.258800
vn 0.964400 0.204000 -0.168100
vn 0.977500 0.122800 -0.171200
vn 0.989100 0.125800 -0.076500
vn 0.975600 0.206300 -0.074800
vn 0.977800 0.208400 0.021500
vn 0.991500 0.128500 0.021200
vn 0.890900 0.113200 -0.439900
vn 0.879500 0.196800 -0.433200
vn 0.844100 0.109700 -0.524800
vn 0.833600 0.194200 -0.517100
vn 0.787400 0.106000 -0.607200
vn 0.777800 0.191500 -0.598600
vn 0.869400 0.137600 0.474500
vn 0.910300 0.136400 0.390800
vn 0.897500 0.214400 0.385400
vn 0.857200 0.215300 0.467800
vn 0.808800 0.216100 0.546900
vn 0.820300 0.138500 0.554800
vn 0.762800 0.139000 0.631500
vn 0.752100 0.216600 0.622400
vn 0.943200 0.134900 0.303600
vn 0.929900 0.213200 0.299600
vn 0.967900 0.133100 0.213000
vn 0.954400 0.211900 0.210300
vn 0.984200 0.131000 0.118800
vn 0.970500 0.210200 0.117600
vn -0.948400 0.085700 0.305200
vn -0.915300 0.088900 0.392700
vn -0.904600 0.176200 0.388000
vn -0.937400 0.173700 0.301700
vn -0.962200 0.171300 0.211900
vn -0.973300 0.082600 0.214200
vn -0.989600 0.079700 0.119600
vn -0.978500 0.169000 0.118500
vn -0.985700 0.166800 0.021700
vn -0.996800 0.076800 0.021600
vn -0.874200 0.092200 0.476700
vn -0.863900 0.178900 0.470800
vn -0.824800 0.095600 0.557200
vn -0.815000 0.181700 0.550200
vn -0.766800 0.099200 0.634100
vn -0.757600 0.184600 0.626000
vn -0.895000 0.066700 -0.441100
vn -0.932900 0.068100 -0.353600
vn -0.923300 0.160300 -0.349000
vn -0.885900 0.159400 -0.435600
vn -0.839400 0.158700 -0.519900
vn -0.847800 0.065700 -0.526200
vn -0.790700 0.064900 -0.608700
vn -0.783000 0.158400 -0.601500
vn -0.716200 0.158200 -0.679700
vn -0.723200 0.064500 -0.687600
vn -0.962000 0.069900 -0.263800
vn -0.951900 0.161500 -0.260300
vn -0.982500 0.071900 -0.171500
vn -0.972000 0.163000 -0.169000
vn -0.994300 0.074200 -0.076500
vn -0.983500 0.164800 -0.075100
vn -0.305000 0.068000 -0.949900
vn -0.396800 0.066500 -0.915500
vn -0.393100 0.160300 -0.905400
vn -0.302200 0.161700 -0.939400
vn -0.206600 0.163300 -0.964700
vn -0.208600 0.069800 -0.975500
vn -0.107100 0.072100 -0.991600
vn -0.106100 0.165200 -0.980500
vn -0.484400 0.065500 -0.872400
vn -0.479800 0.159400 -0.862700
vn -0.568000 0.064800 -0.820400
vn -0.562600 0.158700 -0.811300
vn -0.647700 0.064500 -0.759100
vn -0.641600 0.158400 -0.750500
vn -0.226500 0.674700 -0.702500
vn -0.294800 0.674100 -0.677200
vn -0.243800 0.791700 -0.560100
vn -0.187500 0.792000 -0.581000
vn -0.128000 0.792400 -0.596400
vn -0.154700 0.675300 -0.721100
vn -0.180700 0.507400 -0.842500
vn -0.264500 0.506500 -0.820700
vn -0.344200 0.505700 -0.791100
vn -0.290900 0.315600 -0.903200
vn -0.378500 0.314600 -0.870500
vn -0.198900 0.316800 -0.927400
vn -0.079100 0.676100 -0.732500
vn -0.065100 0.792900 -0.605900
vn 0.001300 0.793600 -0.608400
vn 0.000300 0.676900 -0.736100
vn -0.000300 0.509500 -0.860400
vn -0.092700 0.508500 -0.856000
vn -0.102200 0.318300 -0.942400
vn -0.000700 0.319900 -0.947400
vn -0.360000 0.673700 -0.645400
vn -0.297600 0.791400 -0.533800
vn -0.420200 0.505100 -0.753800
vn -0.492700 0.504700 -0.708800
vn -0.422200 0.673400 -0.606800
vn -0.349200 0.791300 -0.501900
vn -0.481600 0.673300 -0.561100
vn -0.398500 0.791300 -0.463700
vn -0.561800 0.504500 -0.655600
vn -0.627200 0.504300 -0.593500
vn -0.537700 0.673200 -0.507600
vn -0.445100 0.791600 -0.418600
vn -0.462000 0.313800 -0.829500
vn -0.541600 0.313300 -0.780000
vn -0.617600 0.313000 -0.721500
vn -0.689400 0.312800 -0.653300
vn -0.664200 0.674200 -0.322800
vn -0.691200 0.675100 -0.257500
vn -0.568000 0.796400 -0.207600
vn -0.547500 0.794600 -0.262200
vn -0.520400 0.793200 -0.316000
vn -0.629800 0.673700 -0.386500
vn -0.735100 0.504100 -0.453300
vn -0.775700 0.504300 -0.379500
vn -0.808100 0.504700 -0.303600
vn -0.852600 0.313100 -0.418400
vn -0.888400 0.313600 -0.335100
vn -0.807900 0.312800 -0.499500
vn -0.587800 0.673400 -0.448300
vn -0.486400 0.792200 -0.368400
vn -0.685800 0.504200 -0.524900
vn -0.753700 0.312700 -0.578100
vn -0.711500 0.676300 -0.190900
vn -0.582600 0.798400 -0.152300
vn -0.832800 0.505400 -0.225900
vn -0.849800 0.506300 -0.146200
vn -0.725100 0.677600 -0.122700
vn -0.591600 0.800400 -0.096400
vn -0.732100 0.679100 -0.052900
vn -0.595300 0.802500 -0.039600
vn -0.859300 0.507400 -0.064200
vn -0.860700 0.508700 0.020100
vn -0.732500 0.680500 0.018700
vn -0.593800 0.804400 0.018000
vn -0.915800 0.314400 -0.249700
vn -0.935000 0.315500 -0.162000
vn -0.945800 0.316800 -0.071700
vn -0.947800 0.318200 0.021300
vn -0.694100 0.684000 0.224100
vn -0.669600 0.684900 0.287200
vn -0.540000 0.809200 0.231600
vn -0.559900 0.808400 0.181500
vn -0.575600 0.807400 0.129400
vn -0.713000 0.683000 0.158400
vn -0.839300 0.511000 0.185400
vn -0.817500 0.512200 0.263300
vn -0.788700 0.513400 0.338200
vn -0.900800 0.323100 0.289900
vn -0.869200 0.324900 0.372700
vn -0.924700 0.321400 0.203800
vn -0.725900 0.681800 0.089900
vn -0.587100 0.806100 0.074900
vn -0.853900 0.509800 0.104300
vn -0.940500 0.319800 0.114200
vn -0.639400 0.685700 0.347800
vn -0.515900 0.809600 0.279800
vn -0.753000 0.514700 0.410000
vn -0.710300 0.515900 0.478800
vn -0.603400 0.686400 0.405900
vn -0.487600 0.809800 0.326200
vn -0.561400 0.686900 0.461500
vn -0.454600 0.809700 0.371000
vn -0.660400 0.517100 0.544500
vn -0.602800 0.518200 0.606600
vn -0.513000 0.687200 0.514300
vn -0.416700 0.809300 0.414000
vn -0.829900 0.326800 0.452100
vn -0.782800 0.328800 0.528200
vn -0.727700 0.330900 0.600700
vn -0.664100 0.333000 0.669300
vn 0.640800 0.684600 0.347400
vn 0.670300 0.685000 0.285500
vn 0.551500 0.801500 0.231200
vn 0.528500 0.800400 0.283000
vn 0.499800 0.799600 0.333000
vn 0.604900 0.684500 0.406800
vn 0.705600 0.524600 0.476300
vn 0.747800 0.524300 0.407300
vn 0.782800 0.524000 0.335500
vn 0.822300 0.350100 0.448600
vn 0.861000 0.349500 0.369600
vn 0.775900 0.350700 0.524400
vn 0.562600 0.684500 0.463600
vn 0.465100 0.799100 0.380800
vn 0.424300 0.799000 0.426000
vn 0.513400 0.684700 0.517300
vn 0.598900 0.525300 0.604400
vn 0.656100 0.525000 0.542100
vn 0.721500 0.351200 0.596800
vn 0.658600 0.351400 0.665300
vn 0.693600 0.685400 0.221300
vn 0.569100 0.802700 0.178000
vn 0.810900 0.523800 0.260700
vn 0.832000 0.523700 0.183000
vn 0.710900 0.686000 0.154800
vn 0.581600 0.804000 0.123300
vn 0.721900 0.686600 0.085900
vn 0.589000 0.805300 0.067100
vn 0.845900 0.523500 0.102300
vn 0.852000 0.523200 0.018700
vn 0.726400 0.687100 0.014900
vn 0.591200 0.806400 0.009600
vn 0.892100 0.348700 0.287400
vn 0.915500 0.347900 0.201800
vn 0.931100 0.346900 0.112900
vn 0.938100 0.345800 0.020800
vn 0.700400 0.687600 -0.191100
vn 0.679500 0.687600 -0.256000
vn 0.550800 0.808400 -0.207300
vn 0.567900 0.808300 -0.155500
vn 0.580300 0.807900 -0.102300
vn 0.715300 0.687600 -0.124600
vn 0.840200 0.522300 -0.145800
vn 0.823000 0.521700 -0.224600
vn 0.798500 0.521200 -0.301200
vn 0.906600 0.341600 -0.247800
vn 0.879600 0.340200 -0.332500
vn 0.925400 0.343100 -0.160900
vn 0.724100 0.687400 -0.056000
vn 0.588200 0.807300 -0.047300
vn 0.850000 0.522800 -0.064800
vn 0.936100 0.344500 -0.071400
vn 0.652300 0.687400 -0.319300
vn 0.529200 0.808300 -0.258000
vn 0.766500 0.520600 -0.376100
vn 0.726600 0.520000 -0.449000
vn 0.618500 0.687200 -0.381100
vn 0.502500 0.807900 -0.307700
vn 0.577800 0.686600 -0.441200
vn 0.470500 0.807200 -0.356400
vn 0.678200 0.519300 -0.519900
vn 0.620800 0.518300 -0.588100
vn 0.529500 0.685800 -0.499200
vn 0.432500 0.806100 -0.403900
vn 0.844300 0.338700 -0.415100
vn 0.800300 0.337200 -0.495700
vn 0.746900 0.335600 -0.574000
vn 0.683600 0.333700 -0.649100
vn 0.357600 0.681900 -0.638000
vn 0.293700 0.680600 -0.671100
vn 0.244500 0.798900 -0.549500
vn 0.296100 0.800800 -0.520600
vn 0.344500 0.802800 -0.486700
vn 0.418100 0.683300 -0.598500
vn 0.488700 0.515800 -0.703600
vn 0.417200 0.514500 -0.749100
vn 0.342000 0.513300 -0.787100
vn 0.458600 0.327800 -0.825900
vn 0.375800 0.326000 -0.867400
vn 0.537600 0.329800 -0.776000
vn 0.475500 0.684700 -0.552300
vn 0.390000 0.804600 -0.447800
vn 0.556700 0.517100 -0.650100
vn 0.612700 0.331800 -0.717300
vn 0.226300 0.679500 -0.697900
vn 0.189400 0.797200 -0.573200
vn 0.263000 0.512200 -0.817600
vn 0.179800 0.511300 -0.840400
vn 0.155000 0.678500 -0.718000
vn 0.130500 0.795700 -0.591400
vn 0.079700 0.677700 -0.731000
vn 0.067700 0.794500 -0.603400
vn 0.092000 0.510500 -0.854900
vn 0.288800 0.324400 -0.900700
vn 0.197200 0.322900 -0.925700
vn 0.100800 0.321400 -0.941600
vn 0.213900 0.686000 0.695400
vn 0.279300 0.685700 0.672100
vn 0.230100 0.800400 0.553400
vn 0.176300 0.800800 0.572300
vn 0.119900 0.801100 0.586400
vn 0.145400 0.686200 0.712700
vn 0.170000 0.525300 0.833700
vn 0.250000 0.525400 0.813300
vn 0.326400 0.525500 0.785700
vn 0.275100 0.349900 0.895500
vn 0.359100 0.350400 0.865000
vn 0.187200 0.349100 0.918100
vn 0.073700 0.686400 0.723500
vn 0.060500 0.801400 0.595000
vn -0.001900 0.801800 0.597600
vn -0.001200 0.686500 0.727100
vn -0.000900 0.524700 0.851300
vn 0.086400 0.525100 0.846600
vn 0.095200 0.348200 0.932500
vn -0.000800 0.347000 0.937800
vn 0.342000 0.685400 0.642800
vn 0.281700 0.800000 0.529700
vn 0.399400 0.525500 0.751200
vn 0.469300 0.525500 0.709600
vn 0.402000 0.685100 0.607400
vn 0.331400 0.799600 0.500800
vn 0.459200 0.684900 0.565700
vn 0.379000 0.799200 0.466500
vn 0.535900 0.525400 0.660800
vn 0.439400 0.350900 0.826900
vn 0.516200 0.351200 0.781200
vn 0.589300 0.351500 0.727400
vn -0.344100 0.686800 0.640100
vn -0.281900 0.686600 0.670100
vn -0.233100 0.805200 0.545300
vn -0.283100 0.806400 0.519200
vn -0.330300 0.807500 0.488600
vn -0.403400 0.687100 0.604300
vn -0.472500 0.520000 0.711500
vn -0.402400 0.520700 0.752900
vn -0.329000 0.521500 0.787200
vn -0.442700 0.338600 0.830300
vn -0.361900 0.340300 0.867900
vn -0.520200 0.336800 0.784800
vn -0.459800 0.687200 0.562400
vn -0.374900 0.808500 0.453500
vn -0.539400 0.519200 0.662900
vn -0.594100 0.334900 0.731300
vn -0.216500 0.686500 0.694100
vn -0.180100 0.804000 0.566600
vn -0.252300 0.522400 0.814500
vn -0.172100 0.523200 0.834600
vn -0.148000 0.686500 0.711900
vn -0.123800 0.803100 0.582800
vn -0.076200 0.686500 0.723100
vn -0.064300 0.802300 0.593300
vn -0.088200 0.524000 0.847100
vn -0.277400 0.342100 0.897800
vn -0.189100 0.343900 0.919800
vn -0.096900 0.345600 0.933400
vn -0.233400 0.878900 0.416000
vn -0.194100 0.877000 0.439400
vn -0.162900 0.922200 0.350600
vn -0.192600 0.924700 0.328400
vn -0.219400 0.926900 0.304400
vn -0.269900 0.880600 0.389400
vn -0.303900 0.882100 0.359800
vn -0.243800 0.928800 0.278900
vn -0.266000 0.930400 0.252100
vn -0.335500 0.883400 0.327200
vn -0.151500 0.875200 0.459300
vn -0.129400 0.919700 0.370600
vn -0.105300 0.873600 0.475100
vn -0.091600 0.917300 0.387400
vn -0.055600 0.872300 0.485800
vn -0.049400 0.915400 0.399500
vn -0.002800 0.871400 0.490600
vn -0.003700 0.914100 0.405500
vn -0.098700 0.957500 0.271100
vn -0.122000 0.960000 0.251900
vn -0.071200 0.954900 0.288300
vn -0.049900 0.978100 0.201700
vn -0.068300 0.980200 0.185900
vn -0.083800 0.982100 0.168900
vn -0.052900 0.987600 0.147900
vn -0.065600 0.989100 0.131400
vn -0.038400 0.985800 0.163200
vn -0.026200 0.990400 0.135400
vn -0.038500 0.992100 0.119100
vn -0.049200 0.993500 0.102300
vn -0.039300 0.952500 0.301800
vn -0.003500 0.951000 0.309200
vn -0.002600 0.974800 0.223200
vn -0.027900 0.976200 0.215100
vn -0.021200 0.983900 0.177100
vn -0.002000 0.982500 0.185900
vn -0.001500 0.986800 0.162100
vn -0.012700 0.988500 0.150800
vn -0.141800 0.962300 0.231900
vn -0.096400 0.983700 0.151800
vn -0.106300 0.985000 0.135400
vn -0.158800 0.964400 0.211600
vn -0.173400 0.966100 0.191300
vn -0.114100 0.986200 0.120200
vn -0.120400 0.987000 0.106000
vn -0.186400 0.967400 0.171200
vn -0.075700 0.990400 0.115200
vn -0.057700 0.994600 0.086400
vn -0.063400 0.995300 0.073000
vn -0.082900 0.991500 0.100600
vn -0.088100 0.992200 0.087700
vn -0.066800 0.995800 0.062000
vn -0.068800 0.996200 0.053700
vn -0.091700 0.992800 0.076700
vn 0.145500 0.870400 0.470300
vn 0.189300 0.870100 0.455000
vn 0.156500 0.913200 0.376200
vn 0.121200 0.913300 0.388700
vn 0.083200 0.913300 0.398600
vn 0.099200 0.870600 0.481900
vn 0.049800 0.870900 0.488900
vn 0.041600 0.913400 0.404700
vn 0.231400 0.869600 0.436000
vn 0.190800 0.912700 0.361300
vn 0.272500 0.869100 0.412800
vn 0.225100 0.912000 0.342700
vn 0.312500 0.868600 0.384400
vn 0.259200 0.911500 0.319300
vn 0.350700 0.868500 0.350200
vn 0.292000 0.911500 0.289400
vn 0.145200 0.950300 0.275200
vn 0.119000 0.950800 0.286000
vn 0.171700 0.949700 0.261900
vn 0.124800 0.974000 0.188900
vn 0.105400 0.974500 0.197900
vn 0.085700 0.974800 0.205800
vn 0.087700 0.983000 0.161300
vn 0.069900 0.983200 0.168200
vn 0.104600 0.982500 0.154100
vn 0.090300 0.988000 0.125000
vn 0.074100 0.988600 0.130500
vn 0.056900 0.988900 0.136900
vn 0.198400 0.949100 0.244500
vn 0.224000 0.949200 0.220900
vn 0.162200 0.973700 0.159800
vn 0.144300 0.973500 0.177000
vn 0.121000 0.981900 0.145800
vn 0.135100 0.981800 0.133200
vn 0.117700 0.986200 0.116500
vn 0.105800 0.987100 0.120100
vn 0.092300 0.950800 0.295700
vn 0.065600 0.974800 0.213100
vn 0.045100 0.974600 0.219300
vn 0.063800 0.950600 0.303800
vn 0.031900 0.950500 0.309100
vn 0.022600 0.974400 0.223700
vn 0.052100 0.983200 0.174900
vn 0.039900 0.988800 0.143700
vn 0.024300 0.988300 0.150400
vn 0.034800 0.982900 0.180700
vn 0.017000 0.982500 0.185600
vn 0.009600 0.987500 0.157000
vn 0.246100 0.873000 -0.421000
vn 0.205300 0.870500 -0.447200
vn 0.173100 0.916800 -0.359800
vn 0.204100 0.919900 -0.334800
vn 0.231800 0.922700 -0.307900
vn 0.283800 0.875400 -0.391200
vn 0.318500 0.877700 -0.358100
vn 0.256600 0.925200 -0.279400
vn 0.279200 0.927300 -0.249400
vn 0.350700 0.879500 -0.321700
vn 0.160600 0.868100 -0.469600
vn 0.137900 0.913700 -0.382200
vn 0.111900 0.866000 -0.487300
vn 0.097700 0.910800 -0.401100
vn 0.059000 0.864400 -0.499300
vn 0.052600 0.908400 -0.414700
vn 0.002500 0.863200 -0.504800
vn 0.003600 0.906800 -0.421400
vn 0.105600 0.953600 -0.281800
vn 0.130100 0.956700 -0.260200
vn 0.076400 0.950500 -0.301100
vn 0.053600 0.976000 -0.211200
vn 0.073000 0.978400 -0.193400
vn 0.089100 0.980600 -0.174400
vn 0.055900 0.986700 -0.152300
vn 0.068800 0.988500 -0.134300
vn 0.040800 0.984700 -0.169400
vn 0.027500 0.989900 -0.138600
vn 0.040000 0.991800 -0.121200
vn 0.050800 0.993300 -0.103300
vn 0.042100 0.947700 -0.316200
vn 0.003600 0.945800 -0.324700
vn 0.002700 0.971800 -0.235500
vn 0.030000 0.973600 -0.226400
vn 0.022600 0.982500 -0.185000
vn 0.002000 0.980800 -0.194700
vn 0.001500 0.985700 -0.168200
vn 0.013300 0.987700 -0.155600
vn 0.150600 0.959600 -0.237700
vn 0.101900 0.982600 -0.155300
vn 0.111700 0.984200 -0.137400
vn 0.167900 0.962100 -0.215000
vn 0.182700 0.964100 -0.192400
vn 0.119400 0.985500 -0.120600
vn 0.125700 0.986400 -0.105100
vn 0.195800 0.965800 -0.169900
vn 0.078900 0.990000 -0.116800
vn 0.059100 0.994500 -0.086600
vn 0.064600 0.995200 -0.072700
vn 0.086000 0.991100 -0.101100
vn 0.091000 0.992000 -0.087500
vn 0.068100 0.995800 -0.061500
vn 0.070000 0.996100 -0.052800
vn 0.094700 0.992600 -0.075700
vn 0.453400 0.882400 -0.125300
vn 0.440000 0.882600 -0.165600
vn 0.342300 0.930700 -0.129100
vn 0.352700 0.930400 -0.099000
vn 0.361500 0.929900 -0.068100
vn 0.463800 0.881900 -0.084000
vn 0.471100 0.881100 -0.041100
vn 0.368500 0.928900 -0.036100
vn 0.373700 0.927500 -0.002200
vn 0.475100 0.879900 0.003600
vn 0.423300 0.882400 -0.205200
vn 0.330100 0.930500 -0.158800
vn 0.403200 0.881900 -0.244300
vn 0.315800 0.929900 -0.188500
vn 0.379100 0.880900 -0.283200
vn 0.299100 0.928800 -0.218600
vn 0.225300 0.968300 -0.107600
vn 0.233100 0.968400 -0.088100
vn 0.216800 0.967900 -0.127400
vn 0.135800 0.987600 -0.078300
vn 0.140400 0.987900 -0.066400
vn 0.144800 0.987900 -0.054900
vn 0.103300 0.993500 -0.048300
vn 0.106300 0.993500 -0.040500
vn 0.100500 0.993300 -0.056600
vn 0.072900 0.996500 -0.039800
vn 0.074600 0.996600 -0.034400
vn 0.076500 0.996600 -0.029400
vn 0.207100 0.967000 -0.148000
vn 0.131100 0.987200 -0.091100
vn 0.097700 0.993000 -0.065600
vn 0.071400 0.996400 -0.045900
vn 0.240200 0.968300 -0.068500
vn 0.149400 0.987800 -0.043600
vn 0.154100 0.987500 -0.032100
vn 0.247000 0.967800 -0.048600
vn 0.253300 0.966900 -0.027800
vn 0.159200 0.987000 -0.020100
vn 0.164600 0.986300 -0.006800
vn 0.259200 0.965800 -0.005500
vn 0.109600 0.993400 -0.032900
vn 0.078800 0.996600 -0.024500
vn 0.081500 0.996500 -0.019600
vn 0.113300 0.993200 -0.025200
vn 0.117400 0.992900 -0.017100
vn 0.084700 0.996300 -0.014400
vn 0.088600 0.996000 -0.008600
vn 0.122200 0.992500 -0.008000
vn 0.435000 0.871300 0.227000
vn 0.451800 0.873000 0.183300
vn 0.368300 0.918900 0.141600
vn 0.358000 0.916300 0.179200
vn 0.342400 0.914100 0.217200
vn 0.412800 0.869900 0.269900
vn 0.384700 0.869000 0.311200
vn 0.320500 0.912400 0.254500
vn 0.463900 0.874900 0.139100
vn 0.374300 0.921300 0.104800
vn 0.471600 0.876700 0.094400
vn 0.376900 0.923700 0.068500
vn 0.475200 0.878400 0.049200
vn 0.376600 0.925800 0.032800
vn 0.270000 0.960300 0.070300
vn 0.269700 0.957900 0.098800
vn 0.267900 0.962400 0.043500
vn 0.175500 0.984100 0.024800
vn 0.180100 0.982700 0.043700
vn 0.183000 0.980900 0.065200
vn 0.138300 0.989900 0.031300
vn 0.142600 0.988500 0.050400
vn 0.133100 0.991000 0.015500
vn 0.098600 0.995100 0.009100
vn 0.104100 0.994300 0.022900
vn 0.109400 0.993200 0.040300
vn 0.264200 0.964300 0.018400
vn 0.170200 0.985400 0.008100
vn 0.127500 0.991800 0.002600
vn 0.093300 0.995600 -0.001300
vn 0.266300 0.955200 0.129000
vn 0.183800 0.979000 0.088300
vn 0.181600 0.976900 0.112400
vn 0.258300 0.952600 0.160300
vn 0.244600 0.950500 0.191600
vn 0.174900 0.975000 0.137100
vn 0.145200 0.986800 0.071100
vn 0.113700 0.991700 0.060000
vn 0.116600 0.989900 0.080400
vn 0.145600 0.985000 0.092500
vn 0.142900 0.983100 0.114100
vn 0.117700 0.987900 0.100900
vn -0.444400 0.883900 0.145200
vn -0.428600 0.884600 0.183700
vn -0.331900 0.932500 0.142100
vn -0.343900 0.932100 0.113500
vn -0.354700 0.931200 0.083900
vn -0.457500 0.883000 0.105000
vn -0.467800 0.881600 0.062900
vn -0.364000 0.929900 0.052700
vn -0.371700 0.928100 0.019600
vn -0.475100 0.879800 0.018600
vn -0.410100 0.884800 0.221000
vn -0.318400 0.932600 0.169800
vn -0.388600 0.884700 0.257300
vn -0.303200 0.932300 0.197300
vn -0.363900 0.884200 0.292700
vn -0.285900 0.931500 0.224700
vn -0.216800 0.969500 0.114400
vn -0.225200 0.969500 0.096100
vn -0.207700 0.969100 0.132700
vn -0.130600 0.988100 0.081400
vn -0.135200 0.988300 0.070200
vn -0.139800 0.988400 0.059500
vn -0.100100 0.993700 0.051000
vn -0.103000 0.993700 0.043600
vn -0.097300 0.993500 0.058800
vn -0.071300 0.996600 0.041400
vn -0.072800 0.996700 0.036200
vn -0.074600 0.996700 0.031300
vn -0.197800 0.968400 0.151500
vn -0.125800 0.987700 0.093100
vn -0.094600 0.993200 0.067200
vn -0.070000 0.996400 0.047200
vn -0.233300 0.969300 0.077700
vn -0.144600 0.988300 0.048800
vn -0.149800 0.988000 0.037900
vn -0.241000 0.968700 0.058700
vn -0.248700 0.967800 0.038800
vn -0.155300 0.987500 0.026500
vn -0.161400 0.986800 0.013900
vn -0.256100 0.966500 0.017200
vn -0.106300 0.993700 0.036400
vn -0.076700 0.996700 0.026700
vn -0.079300 0.996600 0.022100
vn -0.110000 0.993500 0.029100
vn -0.114300 0.993200 0.021500
vn -0.082400 0.996400 0.017200
vn -0.086200 0.996200 0.011900
vn -0.119200 0.992800 0.013000
vn -0.451100 0.867400 -0.210100
vn -0.465200 0.869900 -0.163800
vn -0.378400 0.917100 -0.125500
vn -0.371000 0.913800 -0.165300
vn -0.357600 0.910800 -0.206300
vn -0.430800 0.865200 -0.256400
vn -0.403900 0.863500 -0.302000
vn -0.337200 0.908300 -0.247500
vn -0.309300 0.906600 -0.287000
vn -0.369800 0.862400 -0.345700
vn -0.474100 0.872500 -0.117800
vn -0.381400 0.920300 -0.087200
vn -0.478500 0.875100 -0.072200
vn -0.380900 0.923200 -0.050500
vn -0.478700 0.877600 -0.026900
vn -0.377500 0.925900 -0.015100
vn -0.273600 0.960100 -0.057500
vn -0.275900 0.957200 -0.086800
vn -0.269000 0.962600 -0.030800
vn -0.174500 0.984500 -0.016300
vn -0.180700 0.982900 -0.034900
vn -0.185700 0.981000 -0.056600
vn -0.137600 0.990200 -0.024500
vn -0.143300 0.988700 -0.043400
vn -0.131300 0.991300 -0.009200
vn -0.096500 0.995300 -0.004600
vn -0.102700 0.994500 -0.017800
vn -0.109000 0.993400 -0.034900
vn -0.263000 0.964800 -0.006100
vn -0.167900 0.985800 -0.000200
vn -0.124900 0.992200 0.003000
vn -0.090900 0.995800 0.005100
vn -0.275200 0.954000 -0.118400
vn -0.188700 0.978700 -0.080600
vn -0.188700 0.976300 -0.106200
vn -0.269700 0.950800 -0.152000
vn -0.257900 0.947900 -0.186700
vn -0.184000 0.973800 -0.133400
vn -0.172600 0.972000 -0.159200
vn -0.238300 0.945900 -0.220100
vn -0.147700 0.986900 -0.064500
vn -0.114700 0.991900 -0.054500
vn -0.119100 0.990000 -0.075500
vn -0.150000 0.984800 -0.086900
vn -0.149100 0.982600 -0.110400
vn -0.121900 0.987800 -0.097100
vn -0.123100 0.985800 -0.114300
vn -0.142500 0.981000 -0.131700
vn -0.156000 0.862100 -0.482100
vn -0.202300 0.862000 -0.464700
vn -0.168800 0.906100 -0.387900
vn -0.130800 0.906100 -0.402400
vn -0.089900 0.905900 -0.413700
vn -0.106700 0.862200 -0.495100
vn -0.053900 0.862500 -0.503100
vn -0.045100 0.906100 -0.420600
vn -0.246600 0.861800 -0.443100
vn -0.205100 0.906000 -0.370300
vn -0.289400 0.861800 -0.416700
vn -0.241000 0.905800 -0.348500
vn -0.330700 0.861800 -0.384500
vn -0.276100 0.905900 -0.321200
vn -0.157500 0.945600 -0.284500
vn -0.129500 0.945800 -0.297800
vn -0.185300 0.945300 -0.268400
vn -0.134900 0.971700 -0.194000
vn -0.114500 0.972000 -0.205200
vn -0.093400 0.972100 -0.215000
vn -0.094200 0.981700 -0.165400
vn -0.075400 0.981900 -0.173800
vn -0.111700 0.981300 -0.156700
vn -0.094800 0.987600 -0.124700
vn -0.078100 0.988200 -0.131400
vn -0.060200 0.988400 -0.139000
vn -0.212700 0.945200 -0.247700
vn -0.154900 0.971500 -0.179500
vn -0.128600 0.980800 -0.146400
vn -0.110900 0.986700 -0.118700
vn -0.100600 0.945600 -0.309300
vn -0.071700 0.972000 -0.223800
vn -0.049300 0.971600 -0.231200
vn -0.069400 0.945300 -0.318700
vn -0.034800 0.945100 -0.324700
vn -0.024700 0.971400 -0.236200
vn -0.056300 0.981700 -0.181800
vn -0.042400 0.988200 -0.147000
vn -0.026100 0.987600 -0.154700
vn -0.037800 0.981300 -0.188700
vn -0.018600 0.980700 -0.194300
vn -0.010400 0.986700 -0.162400
vn 0.008400 0.999500 -0.032000
vn 0.001800 0.998800 -0.047500
vn -0.016100 0.999100 -0.037600
vn -0.009500 0.999700 -0.022200
vn -0.004900 0.999900 -0.011500
vn 0.012700 0.999700 -0.020900
vn 0.029600 0.999000 -0.034000
vn 0.025300 0.998600 -0.045700
vn 0.018600 0.997900 -0.061500
vn 0.041900 0.997100 -0.063700
vn 0.034600 0.996200 -0.080000
vn 0.046600 0.997600 -0.051100
vn 0.015000 0.999800 -0.013900
vn -0.002100 1.000000 -0.005000
vn -0.001000 1.000000 -0.002500
vn 0.015800 0.999800 -0.010700
vn 0.032600 0.999200 -0.021600
vn 0.031900 0.999100 -0.026000
vn 0.049100 0.997900 -0.041700
vn 0.050200 0.998100 -0.035400
vn -0.007000 0.997700 -0.067500
vn -0.024800 0.998000 -0.057700
vn 0.009400 0.996700 -0.080900
vn -0.001500 0.994700 -0.102800
vn -0.017600 0.995700 -0.091100
vn -0.035300 0.996000 -0.081900
vn -0.029700 0.992600 -0.117800
vn -0.047200 0.992900 -0.109400
vn -0.013900 0.991700 -0.127600
vn 0.025100 0.994800 -0.098500
vn 0.013700 0.992900 -0.118300
vn 0.001000 0.990200 -0.139500
vn -0.044200 0.997700 -0.051500
vn -0.035700 0.998800 -0.031600
vn -0.054000 0.995700 -0.075300
vn -0.073500 0.994700 -0.071700
vn -0.065100 0.996700 -0.048800
vn -0.057300 0.997900 -0.029100
vn -0.088400 0.994800 -0.049700
vn -0.081500 0.996200 -0.030300
vn -0.095100 0.992900 -0.071300
vn -0.065400 0.992600 -0.102400
vn -0.083200 0.991700 -0.097500
vn -0.101900 0.990200 -0.094900
vn -0.028900 0.999400 -0.016200
vn -0.050400 0.998600 -0.013500
vn -0.044900 0.999000 -0.002500
vn -0.023900 0.999700 -0.005400
vn -0.020500 0.999800 0.000900
vn -0.040800 0.999100 0.004400
vn -0.038100 0.999200 0.007800
vn -0.018700 0.999800 0.003500
vn -0.074700 0.997100 -0.014100
vn -0.068800 0.997600 -0.002400
vn -0.063900 0.997900 0.005600
vn -0.060200 0.998100 0.010400
vn -0.008500 0.999400 0.032800
vn -0.001900 0.998800 0.048700
vn 0.016300 0.999100 0.039200
vn 0.009600 0.999700 0.023300
vn 0.005000 0.999900 0.012100
vn -0.012900 0.999700 0.021300
vn -0.029900 0.998900 0.034400
vn -0.025500 0.998600 0.046300
vn -0.018600 0.997900 0.062300
vn -0.041600 0.997100 0.064100
vn -0.034200 0.996200 0.080100
vn -0.046400 0.997600 0.051600
vn -0.015300 0.999800 0.014100
vn 0.002200 1.000000 0.005300
vn 0.001100 1.000000 0.002500
vn -0.016000 0.999800 0.010800
vn -0.032700 0.999200 0.021900
vn -0.032100 0.999100 0.026400
vn -0.049000 0.997900 0.042200
vn -0.049900 0.998100 0.036100
vn 0.006800 0.997600 0.068800
vn 0.024700 0.997900 0.059600
vn -0.009400 0.996600 0.081500
vn 0.001300 0.994700 0.102600
vn 0.017200 0.995600 0.091800
vn 0.034700 0.995900 0.083500
vn 0.028500 0.992700 0.117200
vn 0.045600 0.992900 0.109700
vn 0.013100 0.991900 0.125800
vn -0.024500 0.994800 0.098100
vn -0.013300 0.993000 0.116900
vn -0.001100 0.990600 0.136500
vn 0.044200 0.997500 0.054100
vn 0.036200 0.998700 0.033800
vn 0.053300 0.995500 0.077800
vn 0.072500 0.994500 0.075000
vn 0.065100 0.996500 0.052300
vn 0.058100 0.997800 0.032300
vn 0.088200 0.994600 0.054200
vn 0.082300 0.996000 0.034500
vn 0.093600 0.992700 0.075500
vn 0.063300 0.992600 0.103700
vn 0.080700 0.991700 0.099800
vn 0.098800 0.990200 0.098100
vn 0.029600 0.999400 0.017800
vn 0.051600 0.998500 0.016000
vn 0.046200 0.998900 0.004400
vn 0.024600 0.999700 0.006500
vn 0.021100 0.999800 -0.000300
vn 0.042100 0.999100 -0.003000
vn 0.039300 0.999200 -0.006700
vn 0.019300 0.999800 -0.003100
vn 0.076200 0.996900 0.017700
vn 0.070600 0.997500 0.005400
vn 0.065800 0.997800 -0.003200
vn 0.062000 0.998000 -0.008400
vn 0.016100 0.999800 -0.007400
vn -0.000200 1.000000 -0.000600
vn 0.000000 1.000000 0.000000
vn 0.016500 0.999800 -0.006500
vn 0.033900 0.999300 -0.013300
vn 0.033300 0.999300 -0.014900
vn 0.032800 0.999300 -0.016900
vn 0.015900 0.999800 -0.008400
vn -0.000500 1.000000 -0.001200
vn 0.015800 0.999800 -0.009500
vn -0.000700 1.000000 -0.001800
vn 0.032600 0.999300 -0.019100
vn 0.052200 0.998300 -0.023800
vn 0.053400 0.998400 -0.020700
vn 0.051400 0.998300 -0.027200
vn 0.050700 0.998200 -0.031000
vn -0.016700 0.999800 0.005800
vn -0.016300 0.999800 0.006700
vn -0.017200 0.999800 0.005100
vn -0.035200 0.999300 0.010700
vn -0.034200 0.999300 0.012200
vn -0.033400 0.999300 0.013800
vn -0.053700 0.998400 0.019000
vn -0.052400 0.998400 0.021900
vn -0.055400 0.998300 0.016200
vn -0.017900 0.999800 0.004300
vn -0.036400 0.999300 0.009300
vn -0.057500 0.998200 0.013400
vn -0.016100 0.999800 0.007500
vn 0.000300 1.000000 0.000600
vn -0.033000 0.999300 0.015400
vn -0.032700 0.999300 0.017300
vn -0.015900 0.999800 0.008500
vn 0.000500 1.000000 0.001300
vn -0.015900 0.999800 0.009600
vn 0.000800 1.000000 0.001900
vn -0.032600 0.999300 0.019400
vn -0.051400 0.998400 0.024800
vn -0.050700 0.998300 0.028000
vn -0.050200 0.998200 0.031800
vn 0.016900 0.999800 -0.005700
vn 0.017500 0.999800 -0.004800
vn 0.036000 0.999300 -0.010000
vn 0.034800 0.999300 -0.011700
vn 0.054900 0.998300 -0.017700
vn 0.056800 0.998300 -0.014700
vn 0.018300 0.999800 -0.004000
vn 0.037400 0.999200 -0.008400
vn 0.059100 0.998200 -0.011700
vn -0.038400 0.999100 0.017400
vn 0.000400 1.000000 0.001000
vn -0.039100 0.999100 0.015500
vn -0.093900 0.994900 0.036900
vn -0.092300 0.994800 0.041400
vn -0.091100 0.994800 0.046100
vn -0.037900 0.999100 0.019400
vn 0.000900 1.000000 0.002100
vn -0.037700 0.999000 0.021800
vn 0.001400 1.000000 0.003400
vn -0.090300 0.994600 0.051600
vn -0.089800 0.994200 0.058100
vn -0.037600 0.999000 0.024500
vn 0.001900 1.000000 0.004600
vn -0.196800 0.976200 0.090700
vn -0.201700 0.976300 0.078000
vn -0.375300 0.915700 0.143700
vn -0.363700 0.915400 0.172200
vn -0.351100 0.914400 0.201500
vn -0.192200 0.975800 0.104100
vn -0.187700 0.975000 0.118800
vn -0.337000 0.912400 0.232000
vn -0.320700 0.909500 0.264400
vn -0.183000 0.973700 0.135300
vn 0.039400 0.999100 -0.014200
vn 0.038700 0.999100 -0.015800
vn 0.040500 0.999100 -0.012500
vn 0.096700 0.994800 -0.030400
vn 0.094200 0.995000 -0.034200
vn 0.092300 0.995000 -0.038100
vn 0.202200 0.976800 -0.070800
vn 0.196900 0.976900 -0.082600
vn 0.208300 0.976300 -0.059000
vn 0.388700 0.915900 -0.099700
vn 0.377300 0.917200 -0.127800
vn 0.365700 0.917700 -0.155000
vn 0.042000 0.999100 -0.010800
vn 0.043800 0.999000 -0.009100
vn 0.103900 0.994300 -0.022100
vn 0.099900 0.994600 -0.026400
vn 0.215200 0.975400 -0.046600
vn 0.223400 0.974200 -0.033000
vn 0.411400 0.910600 -0.038400
vn 0.400100 0.913800 -0.070200
vn 0.038100 0.999100 -0.017600
vn -0.000500 1.000000 -0.001100
vn 0.091000 0.994900 -0.042400
vn 0.090100 0.994800 -0.047000
vn 0.037800 0.999100 -0.019600
vn -0.000900 1.000000 -0.002300
vn 0.037800 0.999000 -0.022000
vn -0.001400 1.000000 -0.003500
vn 0.089600 0.994600 -0.052300
vn 0.089400 0.994300 -0.058500
vn 0.037800 0.999000 -0.024700
vn -0.002000 1.000000 -0.004800
vn 0.192200 0.976700 -0.094600
vn 0.353700 0.917400 -0.182000
vn 0.341000 0.916400 -0.209600
vn 0.187900 0.976300 -0.107400
vn 0.183700 0.975500 -0.121300
vn 0.327000 0.914500 -0.238200
vn 0.311000 0.911700 -0.268300
vn 0.179300 0.974200 -0.136800
vn -0.040100 0.999100 0.013800
vn -0.041300 0.999100 0.012000
vn -0.098900 0.994700 0.028500
vn -0.096100 0.994800 0.032700
vn -0.207200 0.976100 0.065600
vn -0.213400 0.975500 0.053100
vn -0.397000 0.913800 0.085900
vn -0.386400 0.915100 0.115100
vn -0.043000 0.999000 0.010200
vn -0.045000 0.998900 0.008300
vn -0.106700 0.994100 0.019500
vn -0.102400 0.994400 0.024200
vn -0.220400 0.974600 0.039900
vn -0.228300 0.973200 0.025300
vn -0.417200 0.908500 0.022100
vn -0.407300 0.911600 0.055200
vn 0.030000 0.998200 -0.052300
vn 0.022500 0.997200 -0.070800
vn -0.019700 0.998700 -0.047400
vn -0.012100 0.999500 -0.029100
vn -0.006700 0.999800 -0.016100
vn 0.034800 0.998600 -0.038600
vn 0.086000 0.993100 -0.078900
vn 0.081100 0.992200 -0.094800
vn 0.073000 0.990700 -0.114400
vn 0.156800 0.967500 -0.198500
vn 0.143500 0.963800 -0.224700
vn 0.166500 0.970300 -0.175100
vn 0.271800 0.903500 -0.331400
vn 0.247700 0.897900 -0.363900
vn 0.219600 0.891200 -0.396900
vn 0.037200 0.998800 -0.029500
vn -0.003400 0.999900 -0.008200
vn 0.088600 0.993800 -0.067000
vn 0.173800 0.972500 -0.154600
vn 0.292600 0.908100 -0.299500
vn -0.002200 0.993100 -0.117300
vn -0.041400 0.994100 -0.099800
vn 0.047100 0.987400 -0.151200
vn 0.004900 0.979400 -0.201600
vn -0.039600 0.982000 -0.184800
vn -0.072200 0.982100 -0.174000
vn -0.098000 0.946000 -0.308800
vn -0.125200 0.945200 -0.301300
vn -0.069400 0.944900 -0.319900
vn -0.132800 0.858500 -0.495300
vn -0.160200 0.862900 -0.479300
vn -0.193600 0.863500 -0.465600
vn 0.120200 0.959800 -0.253600
vn 0.188500 0.883600 -0.428600
vn 0.160100 0.873700 -0.459200
vn 0.090400 0.953300 -0.288000
vn 0.013200 0.925200 -0.379100
vn 0.089400 0.859000 -0.504000
vn 0.007400 0.817800 -0.575400
vn -0.065500 0.850600 -0.521700
vn -0.082300 0.992900 -0.085800
vn -0.067000 0.997100 -0.035500
vn -0.103500 0.981700 -0.159900
vn -0.148100 0.978700 -0.142000
vn -0.142700 0.986800 -0.076800
vn -0.135200 0.990300 -0.032400
vn -0.269100 0.957800 -0.101100
vn -0.265300 0.962000 -0.063900
vn -0.272000 0.951000 -0.146600
vn -0.442700 0.868800 -0.221900
vn -0.441800 0.878800 -0.180000
vn -0.442100 0.886700 -0.135400
vn -0.150100 0.945600 -0.288500
vn -0.227400 0.862200 -0.452700
vn -0.258400 0.857200 -0.445500
vn -0.178700 0.944000 -0.277400
vn -0.280200 0.923000 -0.263600
vn -0.324600 0.848100 -0.418700
vn -0.414800 0.813600 -0.407400
vn -0.423600 0.854100 -0.301700
vn -0.059100 0.998100 -0.017100
vn -0.126900 0.991800 -0.012700
vn -0.119100 0.992900 0.002200
vn -0.052700 0.998600 -0.003900
vn -0.048000 0.998800 0.004300
vn -0.112200 0.993600 0.012800
vn -0.256200 0.965900 -0.035600
vn -0.439200 0.893600 -0.091900
vn -0.433600 0.899600 -0.051400
vn -0.246600 0.969000 -0.011700
vn -0.237100 0.971400 0.008500
vn -0.426100 0.904600 -0.013500
vn -0.029700 0.998200 0.051800
vn -0.022200 0.997300 0.070200
vn 0.019600 0.998700 0.045700
vn 0.011900 0.999500 0.028000
vn 0.006500 0.999800 0.015600
vn -0.034400 0.998700 0.038400
vn -0.086200 0.993100 0.079000
vn -0.081300 0.992100 0.095100
vn -0.073400 0.990600 0.115200
vn -0.160000 0.966600 0.200100
vn -0.146600 0.962600 0.227800
vn -0.169900 0.969700 0.175600
vn -0.280600 0.900600 0.331900
vn -0.256000 0.894400 0.366700
vn -0.226900 0.887100 0.402000
vn -0.036900 0.998900 0.029300
vn 0.003300 0.999900 0.007900
vn -0.088800 0.993800 0.066700
vn -0.177300 0.972000 0.154000
vn -0.301900 0.905600 0.297800
vn 0.002900 0.993000 0.117500
vn 0.042300 0.994200 0.098500
vn -0.047500 0.987000 0.153200
vn -0.004500 0.978500 0.206100
vn 0.041800 0.981400 0.187500
vn 0.075400 0.981600 0.175200
vn 0.103000 0.943100 0.316100
vn 0.132500 0.942500 0.306600
vn 0.071300 0.941700 0.328800
vn 0.135800 0.851800 0.505900
vn 0.167700 0.856400 0.488300
vn 0.204500 0.857300 0.472400
vn -0.122800 0.958000 0.258900
vn -0.193900 0.878700 0.436200
vn -0.162000 0.868000 0.469300
vn -0.091300 0.950800 0.295800
vn -0.012300 0.921500 0.388000
vn -0.090000 0.852400 0.515000
vn -0.007300 0.810000 0.586400
vn 0.066600 0.843500 0.532900
vn 0.083000 0.993100 0.083200
vn 0.066000 0.997300 0.032500
vn 0.107400 0.981400 0.159300
vn 0.152300 0.978500 0.138600
vn 0.143100 0.987100 0.071300
vn 0.133300 0.990700 0.026700
vn 0.270700 0.958400 0.090000
vn 0.264400 0.963000 0.052300
vn 0.276400 0.951100 0.137400
vn 0.450800 0.868300 0.206700
vn 0.448100 0.879100 0.162100
vn 0.445600 0.887600 0.116200
vn 0.159500 0.943100 0.291800
vn 0.241100 0.856300 0.456800
vn 0.275300 0.851500 0.446100
vn 0.190100 0.941600 0.277800
vn 0.290200 0.921500 0.258000
vn 0.341900 0.843100 0.415000
vn 0.430900 0.809500 0.398800
vn 0.435200 0.852400 0.289600
vn 0.057800 0.998200 0.014700
vn 0.124300 0.992200 0.007700
vn 0.116100 0.993200 -0.006300
vn 0.051300 0.998700 0.002200
vn 0.046600 0.998900 -0.005600
vn 0.109200 0.993900 -0.016100
vn 0.253600 0.967000 0.024600
vn 0.439900 0.895100 0.072500
vn 0.431800 0.901400 0.032700
vn 0.242800 0.970100 0.001700
vn 0.232600 0.972400 -0.017200
vn 0.422100 0.906500 -0.004100
vn 0.217700 0.717400 0.661700
vn 0.276700 0.718100 0.638500
vn 0.156600 0.715000 0.681300
vn 0.180300 0.520300 0.834700
vn 0.262100 0.520700 0.812500
vn 0.339400 0.520800 0.783300
vn 0.083300 0.711700 0.697600
vn -0.006200 0.711100 0.703100
vn -0.003400 0.520700 0.853700
vn 0.092100 0.520100 0.849100
vn 0.333700 0.717200 0.611700
vn 0.413200 0.520600 0.747100
vn 0.484500 0.520100 0.703300
vn 0.389100 0.714700 0.581200
vn 0.450200 0.711200 0.539900
vn 0.554000 0.519900 0.650200
vn 0.621400 0.520600 0.585600
vn 0.514500 0.710600 0.479900
vn 0.621300 0.735100 0.271200
vn 0.635700 0.743300 0.208000
vn 0.600600 0.726100 0.334700
vn 0.728700 0.526100 0.438400
vn 0.766200 0.530300 0.363000
vn 0.794900 0.534700 0.286800
vn 0.567100 0.716800 0.405600
vn 0.680900 0.522700 0.513000
vn 0.644000 0.751000 0.145700
vn 0.815500 0.539300 0.209800
vn 0.828800 0.543800 0.131900
vn 0.646600 0.758100 0.084900
vn 0.644300 0.764300 0.025200
vn 0.834800 0.548000 0.052900
vn 0.833600 0.551600 -0.027600
vn 0.637600 0.769600 -0.033800
vn 0.595800 0.778700 -0.196300
vn 0.576000 0.779600 -0.245700
vn 0.612800 0.776800 -0.144800
vn 0.810200 0.556700 -0.183200
vn 0.789200 0.558100 -0.256200
vn 0.762400 0.558700 -0.326400
vn 0.626900 0.773800 -0.090800
vn 0.825200 0.554600 -0.107100
vn 0.553200 0.779400 -0.294000
vn 0.729800 0.558500 -0.394100
vn 0.691100 0.557600 -0.459700
vn 0.527100 0.778100 -0.341600
vn 0.497000 0.775800 -0.388700
vn 0.645900 0.556000 -0.523200
vn 0.593500 0.553500 -0.584300
vn 0.462100 0.772400 -0.435700
vn -0.610000 0.734900 -0.296400
vn -0.627500 0.742200 -0.235300
vn -0.587000 0.726800 -0.356600
vn -0.713600 0.521900 -0.467200
vn -0.753300 0.525600 -0.395300
vn -0.784900 0.529600 -0.321600
vn -0.551600 0.718700 -0.423400
vn -0.497500 0.713800 -0.492800
vn -0.604900 0.517700 -0.605100
vn -0.664500 0.519100 -0.537400
vn -0.639200 0.749000 -0.174200
vn -0.809000 0.533700 -0.246100
vn -0.826000 0.537900 -0.168700
vn -0.645300 0.755400 -0.113500
vn -0.646400 0.761100 -0.053200
vn -0.835700 0.541700 -0.089500
vn -0.838300 0.545200 -0.008500
vn -0.642900 0.765900 0.006800
vn -0.608500 0.774400 0.173100
vn -0.590400 0.775200 0.224600
vn -0.623400 0.772600 0.120200
vn -0.821600 0.550200 0.148900
vn -0.803600 0.551700 0.223300
vn -0.779200 0.552600 0.295600
vn -0.635000 0.769700 0.065000
vn -0.833300 0.548000 0.071700
vn -0.568900 0.775000 0.275200
vn -0.748500 0.552800 0.366200
vn -0.711000 0.552200 0.435400
vn -0.543500 0.773600 0.325600
vn -0.513600 0.771200 0.376100
vn -0.665900 0.550900 0.503000
vn -0.612700 0.548700 0.568800
vn -0.478200 0.767500 0.426800
vn -0.346500 0.750100 0.563200
vn -0.293800 0.742800 0.601600
vn -0.394300 0.756900 0.521200
vn -0.488900 0.542000 0.683500
vn -0.420900 0.538000 0.730300
vn -0.348600 0.533800 0.770400
vn -0.438100 0.762700 0.475700
vn -0.552800 0.545700 0.629700
vn -0.236200 0.734800 0.635800
vn -0.271400 0.529600 0.803600
vn -0.188700 0.525900 0.829300
vn -0.174100 0.726100 0.665200
vn -0.097900 0.717100 0.690000
vn -0.099500 0.522700 0.846600
vn -0.208400 0.724600 -0.656800
vn -0.264600 0.724900 -0.636000
vn -0.150800 0.722500 -0.674700
vn -0.173500 0.521700 -0.835300
vn -0.252700 0.521500 -0.815000
vn -0.327700 0.521000 -0.788100
vn -0.080600 0.719400 -0.689900
vn 0.006100 0.719000 -0.695000
vn 0.003300 0.523100 -0.852300
vn -0.088600 0.521900 -0.848400
vn -0.319200 0.723400 -0.612100
vn -0.399800 0.520100 -0.754800
vn -0.469700 0.518900 -0.714200
vn -0.372800 0.720100 -0.585200
vn -0.432800 0.715700 -0.548100
vn -0.538200 0.517800 -0.665000
vn 0.333800 0.756400 -0.562500
vn 0.282900 0.749600 -0.598400
vn 0.380400 0.762600 -0.523200
vn 0.472900 0.546500 -0.691200
vn 0.406700 0.542300 -0.735200
vn 0.336300 0.537900 -0.773000
vn 0.423000 0.767900 -0.480900
vn 0.535200 0.550300 -0.640900
vn 0.227500 0.742100 -0.630400
vn 0.261500 0.533500 -0.804400
vn 0.181600 0.529300 -0.828800
vn 0.168500 0.733800 -0.658200
vn 0.095300 0.725000 -0.682100
vn 0.095600 0.525600 -0.845300
vn 0.443700 0.347300 -0.826100
vn 0.363600 0.345700 -0.865000
vn 0.520100 0.349000 -0.779500
vn 0.540000 0.208500 -0.815400
vn 0.459800 0.207600 -0.863400
vn 0.375900 0.206700 -0.903300
vn 0.592600 0.350600 -0.725100
vn 0.661000 0.352000 -0.662600
vn 0.688500 0.210300 -0.694000
vn 0.616400 0.209400 -0.759100
vn 0.279400 0.344000 -0.896400
vn 0.288200 0.205800 -0.935200
vn 0.196300 0.205100 -0.958800
vn 0.191100 0.342500 -0.919800
vn 0.098300 0.341200 -0.934800
vn 0.100300 0.204300 -0.973700
vn 0.000100 0.203500 -0.979100
vn 0.001000 0.340100 -0.940400
vn -0.277000 0.337900 -0.899400
vn -0.361400 0.337300 -0.869200
vn -0.188800 0.338600 -0.921800
vn -0.196100 0.201800 -0.959600
vn -0.288000 0.201100 -0.936200
vn -0.376000 0.200400 -0.904700
vn -0.096100 0.339200 -0.935800
vn -0.100000 0.202700 -0.974100
vn -0.442100 0.336700 -0.831300
vn -0.460100 0.199900 -0.865000
vn -0.540600 0.199500 -0.817200
vn -0.519500 0.336100 -0.785500
vn -0.593700 0.335600 -0.731300
vn -0.617500 0.199200 -0.760900
vn -0.690100 0.198900 -0.695800
vn -0.664200 0.335400 -0.668100
vn -0.458700 0.347300 0.817900
vn -0.376500 0.346700 0.859100
vn -0.536900 0.348000 0.768500
vn -0.557400 0.208400 0.803600
vn -0.475300 0.209100 0.854600
vn -0.389400 0.209800 0.896800
vn -0.611200 0.348600 0.710500
vn -0.681400 0.349000 0.643400
vn -0.709400 0.207000 0.673700
vn -0.635500 0.207800 0.743600
vn -0.290000 0.346100 0.892200
vn -0.299300 0.210500 0.930600
vn -0.204600 0.211300 0.955700
vn -0.198900 0.345700 0.917000
vn -0.102700 0.345400 0.932800
vn -0.105000 0.212100 0.971600
vn -0.000500 0.212800 0.977100
vn -0.001300 0.345300 0.938400
vn -0.904300 0.346800 0.249100
vn -0.876700 0.347500 0.332500
vn -0.924000 0.345800 0.163200
vn -0.964600 0.202000 0.169300
vn -0.944200 0.202700 0.259700
vn -0.915300 0.203400 0.347500
vn -0.935700 0.344800 0.074500
vn -0.939000 0.343500 -0.017300
vn -0.979400 0.200700 -0.020200
vn -0.976600 0.201300 0.076100
vn -0.841100 0.348200 0.413800
vn -0.878000 0.204300 0.432900
vn -0.831600 0.205200 0.516100
vn -0.797100 0.348700 0.492900
vn -0.744100 0.349000 0.569600
vn -0.775600 0.206200 0.596500
vn -0.828500 0.336900 -0.447200
vn -0.866500 0.338000 -0.367200
vn -0.782500 0.336100 -0.524200
vn -0.812700 0.198600 -0.547700
vn -0.861000 0.198600 -0.468200
vn -0.901100 0.198700 -0.385300
vn -0.727900 0.335500 -0.598000
vn -0.755900 0.198700 -0.623800
vn -0.896700 0.339300 -0.284300
vn -0.933200 0.199100 -0.299100
vn -0.957200 0.199500 -0.209600
vn -0.919000 0.340700 -0.198300
vn -0.933200 0.342200 -0.109300
vn -0.972800 0.200000 -0.116600
vn 0.889800 0.354800 -0.287000
vn 0.859300 0.354700 -0.368300
vn 0.912800 0.354600 -0.202400
vn 0.953900 0.213900 -0.210200
vn 0.930000 0.213400 -0.299300
vn 0.898000 0.212900 -0.385000
vn 0.928100 0.354200 -0.114400
vn 0.935100 0.353500 -0.023100
vn 0.976400 0.214600 -0.021500
vn 0.969600 0.214300 -0.117600
vn 0.821500 0.354400 -0.446600
vn 0.858100 0.212400 -0.467400
vn 0.810200 0.211800 -0.546600
vn 0.776100 0.353900 -0.521900
vn 0.722800 0.353100 -0.594000
vn 0.753800 0.211100 -0.622200
vn 0.842300 0.348200 0.411300
vn 0.877500 0.349200 0.328700
vn 0.798300 0.347300 0.491900
vn 0.829800 0.215400 0.514800
vn 0.876000 0.215200 0.431500
vn 0.913200 0.215100 0.345900
vn 0.744700 0.346700 0.570200
vn 0.680700 0.346200 0.645500
vn 0.707700 0.215500 0.672800
vn 0.773900 0.215500 0.595500
vn 0.904200 0.350300 0.244200
vn 0.941900 0.215000 0.258100
vn 0.962100 0.214900 0.167700
vn 0.922800 0.351500 0.157600
vn 0.933300 0.352600 0.068500
vn 0.973800 0.214800 0.074600
vn 0.286600 0.345800 0.893500
vn 0.372900 0.345900 0.861000
vn 0.195800 0.345600 0.917700
vn 0.203400 0.213800 0.955400
vn 0.298000 0.214100 0.930200
vn 0.388000 0.214400 0.896400
vn 0.099900 0.345400 0.933100
vn 0.103900 0.213400 0.971400
vn 0.455200 0.345900 0.820400
vn 0.473800 0.214700 0.854000
vn 0.555700 0.215000 0.803100
vn 0.533900 0.346000 0.771500
vn 0.609200 0.346000 0.713500
vn 0.633800 0.215300 0.742900
vn 0.302400 0.127500 0.944600
vn 0.393700 0.128000 0.910300
vn 0.206500 0.126900 0.970200
vn 0.207500 0.077600 0.975200
vn 0.303700 0.078400 0.949500
vn 0.395400 0.079100 0.915100
vn 0.105700 0.126200 0.986300
vn -0.000200 0.125400 0.992100
vn -0.000100 0.075700 0.997100
vn 0.106200 0.076700 0.991400
vn 0.480700 0.128500 0.867400
vn 0.482800 0.079800 0.872100
vn 0.566300 0.080400 0.820200
vn 0.563900 0.129000 0.815700
vn 0.643100 0.129400 0.754800
vn 0.645900 0.081000 0.759100
vn 0.721300 0.081500 0.687800
vn 0.718100 0.129700 0.683700
vn 0.889000 0.129700 0.439100
vn 0.926900 0.129500 0.352300
vn 0.842000 0.129800 0.523600
vn 0.845900 0.082000 0.526900
vn 0.893200 0.082000 0.442000
vn 0.931400 0.082000 0.354700
vn 0.785200 0.129800 0.605400
vn 0.788800 0.081800 0.609100
vn 0.956100 0.129300 0.263100
vn 0.960700 0.081900 0.265000
vn 0.981600 0.081700 0.172800
vn 0.976700 0.129100 0.171300
vn 0.988700 0.128800 0.076700
vn 0.993700 0.081400 0.077600
vn 0.996500 0.080900 -0.020700
vn 0.991500 0.128300 -0.021100
vn 0.944300 0.126500 -0.303700
vn 0.911800 0.125800 -0.390900
vn 0.968700 0.127200 -0.213000
vn 0.973600 0.079800 -0.213800
vn 0.949000 0.079000 -0.305000
vn 0.916300 0.078300 -0.392800
vn 0.984600 0.127800 -0.118700
vn 0.989600 0.080400 -0.119000
vn 0.871200 0.125100 -0.474700
vn 0.875400 0.077500 -0.477200
vn 0.826200 0.076500 -0.558100
vn 0.822300 0.124300 -0.555300
vn 0.764900 0.123400 -0.632200
vn 0.768400 0.075600 -0.635500
vn 0.701500 0.074500 -0.708700
vn 0.698400 0.122500 -0.705100
vn -0.872900 0.109600 -0.475400
vn -0.913600 0.109700 -0.391400
vn -0.823900 0.109600 -0.556000
vn -0.827100 0.060200 -0.558700
vn -0.876400 0.060100 -0.477700
vn -0.917400 0.060100 -0.393300
vn -0.766200 0.109700 -0.633100
vn -0.699500 0.109900 -0.706000
vn -0.702200 0.060600 -0.709300
vn -0.769200 0.060300 -0.636100
vn -0.946300 0.109800 -0.304000
vn -0.950300 0.060300 -0.305400
vn -0.974900 0.060500 -0.214100
vn -0.970800 0.110200 -0.213100
vn -0.986700 0.110600 -0.118700
vn -0.991000 0.060900 -0.119200
vn -0.997900 0.061300 -0.020800
vn -0.993600 0.111100 -0.020800
vn -0.957900 0.113000 0.263700
vn -0.928700 0.113700 0.353000
vn -0.978700 0.112300 0.171800
vn -0.982900 0.062300 0.172900
vn -0.962100 0.063000 0.265300
vn -0.932600 0.063700 0.355100
vn -0.990700 0.111700 0.077100
vn -0.995100 0.061800 0.077600
vn -0.890700 0.114600 0.439900
vn -0.894500 0.064500 0.442400
vn -0.847100 0.065400 0.527400
vn -0.843600 0.115600 0.524400
vn -0.786700 0.116600 0.606200
vn -0.789900 0.066300 0.609600
vn -0.722200 0.067300 0.688300
vn -0.719400 0.117600 0.684600
vn -0.481600 0.120400 0.868000
vn -0.394500 0.121400 0.910900
vn -0.564900 0.119500 0.816400
vn -0.567000 0.069300 0.820800
vn -0.483400 0.070300 0.872600
vn -0.395900 0.071400 0.915500
vn -0.644200 0.118600 0.755500
vn -0.646700 0.068400 0.759600
vn -0.303000 0.122400 0.945100
vn -0.304100 0.072400 0.949900
vn -0.207800 0.073500 0.975400
vn -0.207100 0.123400 0.970500
vn -0.106200 0.124400 0.986500
vn -0.106500 0.074600 0.991500
vn -0.292100 0.112300 -0.949800
vn -0.381200 0.111600 -0.917700
vn -0.198900 0.113000 -0.973400
vn -0.199700 0.064000 -0.977800
vn -0.293200 0.063200 -0.953900
vn -0.382600 0.062500 -0.921800
vn -0.101600 0.113900 -0.988300
vn -0.000100 0.114800 -0.993400
vn -0.000100 0.066000 -0.997800
vn -0.102000 0.065000 -0.992600
vn -0.466500 0.111000 -0.877500
vn -0.468200 0.061900 -0.881400
vn -0.550100 0.061300 -0.832800
vn -0.548100 0.110600 -0.829100
vn -0.625900 0.110200 -0.772100
vn -0.628200 0.060900 -0.775600
vn 0.466000 0.119400 -0.876700
vn 0.380800 0.118400 -0.917000
vn 0.547400 0.120400 -0.828200
vn 0.549600 0.072300 -0.832300
vn 0.467800 0.071100 -0.880900
vn 0.382300 0.070100 -0.921400
vn 0.625000 0.121400 -0.771100
vn 0.627600 0.073400 -0.775000
vn 0.291800 0.117500 -0.949200
vn 0.292900 0.069000 -0.953600
vn 0.199500 0.068000 -0.977500
vn 0.198700 0.116600 -0.973100
vn 0.101400 0.115700 -0.988100
vn 0.101800 0.067000 -0.992500
vn 0.462400 0.044700 -0.885600
vn 0.377400 0.044200 -0.925000
vn 0.381000 0.038600 -0.923800
vn 0.466400 0.039500 -0.883700
vn 0.548200 0.040400 -0.835300
vn 0.544000 0.045100 -0.837800
vn 0.536500 0.065500 -0.841300
vn 0.455100 0.066200 -0.887900
vn 0.370900 0.066500 -0.926300
vn 0.622300 0.045200 -0.781400
vn 0.626500 0.041200 -0.778300
vn 0.700700 0.041800 -0.712200
vn 0.696800 0.045000 -0.715800
vn 0.689800 0.062300 -0.721200
vn 0.614800 0.064300 -0.786000
vn 0.288900 0.043500 -0.956400
vn 0.291800 0.037600 -0.955700
vn 0.283500 0.066500 -0.956600
vn 0.192800 0.066100 -0.979000
vn 0.196600 0.042700 -0.979500
vn 0.198800 0.036600 -0.979300
vn 0.100400 0.041800 -0.994000
vn 0.101500 0.035600 -0.994200
vn 0.098400 0.065600 -0.993000
vn 0.000100 0.064700 -0.997900
vn 0.000100 0.040800 -0.999100
vn 0.000000 0.034500 -0.999400
vn 0.293000 0.044600 -0.955000
vn 0.382400 0.045700 -0.922800
vn 0.199600 0.043600 -0.978900
vn 0.101900 0.042500 -0.993900
vn 0.000000 0.041400 -0.999100
vn 0.468000 0.046800 -0.882500
vn 0.549900 0.047900 -0.833900
vn 0.628000 0.049000 -0.776600
vn 0.702100 0.050000 -0.710300
vn -0.288600 0.037400 -0.956700
vn -0.377100 0.036200 -0.925400
vn -0.380900 0.030300 -0.924100
vn -0.291800 0.031300 -0.956000
vn -0.198700 0.032300 -0.979500
vn -0.196400 0.038500 -0.979700
vn -0.192500 0.062400 -0.979300
vn -0.283200 0.061000 -0.957100
vn -0.370500 0.059400 -0.926900
vn -0.100200 0.039700 -0.994200
vn -0.101400 0.033400 -0.994300
vn -0.098100 0.063700 -0.993100
vn -0.462100 0.035000 -0.886100
vn -0.466400 0.029400 -0.884100
vn -0.454700 0.057500 -0.888800
vn -0.536100 0.055300 -0.842300
vn -0.543800 0.033600 -0.838500
vn -0.548200 0.028500 -0.835800
vn -0.622100 0.032100 -0.782300
vn -0.626500 0.027600 -0.778900
vn -0.614400 0.052600 -0.787200
vn -0.689500 0.049300 -0.722600
vn -0.696700 0.030400 -0.716700
vn -0.700800 0.026700 -0.712900
vn -0.468100 0.036900 -0.882900
vn -0.382500 0.037600 -0.923200
vn -0.550100 0.036200 -0.834300
vn -0.628300 0.035600 -0.777100
vn -0.702400 0.035100 -0.710800
vn -0.293100 0.038400 -0.955300
vn -0.199600 0.039300 -0.979100
vn -0.101900 0.040300 -0.994000
vn -0.477100 -0.029400 0.878400
vn -0.390100 -0.031100 0.920200
vn -0.394000 0.006100 0.919100
vn -0.481400 0.006300 0.876500
vn -0.565000 0.006700 0.825000
vn -0.560600 -0.027100 0.827600
vn -0.553200 -0.078600 0.829300
vn -0.470000 -0.083900 0.878600
vn -0.383800 -0.088200 0.919200
vn -0.640600 -0.024400 0.767500
vn -0.644900 0.007400 0.764200
vn -0.720800 0.008300 0.693100
vn -0.716800 -0.021200 0.697000
vn -0.710100 -0.065100 0.701100
vn -0.633400 -0.072400 0.770400
vn -0.299300 -0.032300 0.953600
vn -0.302500 0.006200 0.953100
vn -0.294100 -0.091500 0.951400
vn -0.200400 -0.093700 0.975200
vn -0.204300 -0.032900 0.978300
vn -0.206600 0.006500 0.978400
vn -0.104500 -0.032900 0.994000
vn -0.105800 0.007200 0.994400
vn -0.102500 -0.094800 0.990200
vn 0.000100 -0.094500 0.995500
vn 0.000100 -0.032300 0.999500
vn 0.000000 0.008100 0.999900
vn -0.304000 0.037900 0.951900
vn -0.395700 0.037100 0.917600
vn -0.207600 0.038800 0.977400
vn -0.106400 0.039800 0.993500
vn -0.000100 0.040900 0.999100
vn -0.483200 0.036400 0.874700
vn -0.566900 0.035800 0.823000
vn -0.646800 0.035200 0.761800
vn -0.722400 0.034700 0.690500
vn -0.962400 -0.002200 0.271400
vn -0.931900 -0.006100 0.362500
vn -0.933300 0.012800 0.358700
vn -0.963200 0.014100 0.268300
vn -0.984400 0.015400 0.175200
vn -0.984100 0.001600 0.177400
vn -0.983500 -0.013900 0.180200
vn -0.961000 -0.022600 0.275500
vn -0.929500 -0.031300 0.367400
vn -0.996700 0.005500 0.080200
vn -0.996700 0.016800 0.079100
vn -0.999600 0.018100 -0.020200
vn -0.999700 0.009200 -0.020200
vn -0.999800 0.003100 -0.020800
vn -0.996600 -0.005300 0.081500
vn -0.892500 -0.010000 0.450800
vn -0.894600 0.011600 0.446600
vn -0.889000 -0.040000 0.456200
vn -0.839100 -0.048600 0.541700
vn -0.843900 -0.013800 0.536300
vn -0.846700 0.010400 0.532000
vn -0.785500 -0.017600 0.618600
vn -0.788900 0.009300 0.614400
vn -0.779700 -0.057000 0.623600
vn -0.895300 0.033600 0.444200
vn -0.933700 0.033400 0.356600
vn -0.847700 0.033900 0.529300
vn -0.790300 0.034300 0.611700
vn -0.963200 0.033300 0.266500
vn -0.984200 0.033200 0.173900
vn -0.996400 0.033100 0.078300
vn -0.999200 0.033200 -0.020400
vn -0.874200 0.024200 -0.484900
vn -0.916400 0.021700 -0.399600
vn -0.918000 0.022700 -0.395900
vn -0.876500 0.023700 -0.480800
vn -0.826700 0.024800 -0.562100
vn -0.823700 0.026400 -0.566400
vn -0.818300 0.041200 -0.573300
vn -0.870000 0.036400 -0.491700
vn -0.913400 0.031100 -0.405800
vn -0.764600 0.028500 -0.643800
vn -0.768200 0.025700 -0.639600
vn -0.758200 0.045400 -0.650400
vn -0.950400 0.019000 -0.310500
vn -0.951300 0.021700 -0.307400
vn -0.948500 0.025100 -0.315800
vn -0.975000 0.018500 -0.221500
vn -0.975900 0.016100 -0.217500
vn -0.976300 0.020600 -0.215300
vn -0.992600 0.012800 -0.120700
vn -0.992600 0.019400 -0.119500
vn -0.992300 0.011200 -0.123100
vn -0.951400 0.033500 -0.306000
vn -0.918400 0.033700 -0.394200
vn -0.976200 0.033300 -0.214400
vn -0.992300 0.033200 -0.119200
vn -0.877200 0.033900 -0.478800
vn -0.827800 0.034200 -0.560000
vn -0.769600 0.034600 -0.637500
vn 0.950200 0.038600 -0.309200
vn 0.916300 0.040700 -0.398400
vn 0.917600 0.042400 -0.395200
vn 0.950900 0.042000 -0.306700
vn 0.975800 0.041400 -0.214600
vn 0.975700 0.036100 -0.216200
vn 0.974900 0.036200 -0.219400
vn 0.948500 0.042500 -0.313700
vn 0.913500 0.047900 -0.403900
vn 0.992300 0.033100 -0.119400
vn 0.992100 0.040500 -0.118800
vn 0.999000 0.039300 -0.019600
vn 0.999400 0.029600 -0.019000
vn 0.999600 0.021100 -0.018700
vn 0.992200 0.029100 -0.120900
vn 0.874200 0.042300 -0.483700
vn 0.876200 0.042600 -0.480100
vn 0.870200 0.052500 -0.489900
vn 0.818600 0.056500 -0.571600
vn 0.823700 0.043500 -0.565300
vn 0.826400 0.042500 -0.561400
vn 0.764700 0.044400 -0.642800
vn 0.768100 0.042200 -0.639000
vn 0.758500 0.059700 -0.648900
vn 0.876600 0.052500 -0.478300
vn 0.917700 0.053100 -0.393700
vn 0.827200 0.051800 -0.559500
vn 0.769200 0.051000 -0.637000
vn 0.950600 0.053600 -0.305600
vn 0.975300 0.054000 -0.214000
vn 0.991400 0.054200 -0.118800
vn 0.998300 0.054200 -0.020200
vn 0.892200 0.007900 0.451600
vn 0.931500 0.012600 0.363400
vn 0.932700 0.032500 0.359100
vn 0.894100 0.030500 0.446900
vn 0.846200 0.028200 0.532100
vn 0.843600 0.003000 0.537000
vn 0.839000 -0.034100 0.543000
vn 0.888800 -0.024600 0.457700
vn 0.929300 -0.015100 0.369100
vn 0.785200 -0.002000 0.619200
vn 0.788500 0.025800 0.614500
vn 0.720400 0.023400 0.693100
vn 0.716600 -0.006900 0.697400
vn 0.710000 -0.052900 0.702100
vn 0.779500 -0.043600 0.624800
vn 0.962000 0.017200 0.272400
vn 0.962600 0.034500 0.268700
vn 0.960800 -0.005700 0.277200
vn 0.983200 0.003400 0.182100
vn 0.983700 0.021500 0.178500
vn 0.983800 0.036300 0.175700
vn 0.996300 0.025700 0.081400
vn 0.996100 0.037900 0.079600
vn 0.996400 0.012400 0.083500
vn 0.962300 0.053500 0.266500
vn 0.932800 0.053000 0.356500
vn 0.983200 0.053900 0.174000
vn 0.995400 0.054100 0.078400
vn 0.894400 0.052400 0.444000
vn 0.846900 0.051700 0.529100
vn 0.789600 0.050800 0.611500
vn 0.721900 0.049900 0.690200
vn 0.299400 -0.026400 0.953700
vn 0.390100 -0.023400 0.920400
vn 0.393800 0.014400 0.919000
vn 0.302400 0.012500 0.953100
vn 0.206500 0.010900 0.978400
vn 0.204400 -0.028900 0.978500
vn 0.200700 -0.090300 0.975500
vn 0.294300 -0.086500 0.951800
vn 0.384000 -0.081700 0.919700
vn 0.104600 -0.030900 0.994000
vn 0.105800 0.009400 0.994300
vn 0.102700 -0.093100 0.990300
vn 0.477100 -0.020000 0.878600
vn 0.481200 0.016400 0.876400
vn 0.470200 -0.076000 0.879300
vn 0.553300 -0.069300 0.830100
vn 0.560500 -0.016100 0.828000
vn 0.564800 0.018600 0.825000
vn 0.640500 -0.011700 0.767900
vn 0.644600 0.020900 0.764200
vn 0.633400 -0.061600 0.771400
vn 0.482900 0.046500 0.874400
vn 0.395400 0.045400 0.917400
vn 0.566500 0.047600 0.822700
vn 0.646300 0.048800 0.761500
vn 0.303700 0.044300 0.951700
vn 0.207500 0.043100 0.977300
vn 0.106200 0.042000 0.993400
vn 0.267200 -0.597200 0.756200
vn 0.350900 -0.581200 0.734200
vn 0.363300 -0.391500 0.845400
vn 0.277300 -0.403900 0.871700
vn 0.188500 -0.413100 0.891000
vn 0.181300 -0.608700 0.772400
vn 0.179000 -0.766100 0.617200
vn 0.264100 -0.752400 0.603400
vn 0.347100 -0.733100 0.584800
vn 0.092500 -0.615600 0.782600
vn 0.096300 -0.418700 0.903000
vn 0.000300 -0.420700 0.907200
vn 0.000300 -0.617700 0.786400
vn 0.000200 -0.776800 0.629700
vn 0.091300 -0.774400 0.626100
vn 0.433100 -0.560600 0.705800
vn 0.447000 -0.375600 0.811800
vn 0.428800 -0.708100 0.561000
vn 0.509500 -0.676700 0.531400
vn 0.514100 -0.534700 0.670600
vn 0.528900 -0.356100 0.770300
vn 0.594200 -0.503100 0.627600
vn 0.609100 -0.332500 0.720000
vn 0.589400 -0.638000 0.495500
vn 0.668300 -0.590800 0.452000
vn 0.673000 -0.464600 0.575500
vn 0.687200 -0.304500 0.659500
vn 0.460600 -0.190400 0.866900
vn 0.375400 -0.200500 0.904900
vn 0.543300 -0.178400 0.820300
vn 0.623500 -0.164200 0.764400
vn 0.700800 -0.147700 0.697900
vn 0.287300 -0.208600 0.934800
vn 0.195700 -0.214700 0.956800
vn 0.100100 -0.218700 0.970600
vn 0.000200 -0.220500 0.975400
vn 0.867600 -0.320300 0.380300
vn 0.914400 -0.265100 0.305800
vn 0.920600 -0.165600 0.353700
vn 0.876200 -0.203000 0.437100
vn 0.822500 -0.238800 0.516200
vn 0.811600 -0.372100 0.450300
vn 0.807600 -0.476100 0.347900
vn 0.864200 -0.411400 0.289700
vn 0.911600 -0.342100 0.227700
vn 0.746700 -0.420400 0.515500
vn 0.759500 -0.272800 0.590500
vn 0.742200 -0.536100 0.402100
vn 0.951700 -0.206700 0.226800
vn 0.955600 -0.126700 0.265900
vn 0.949600 -0.268100 0.162000
vn 0.977400 -0.189700 0.092700
vn 0.978900 -0.145200 0.143400
vn 0.981000 -0.086500 0.173800
vn 0.995200 -0.080700 0.055800
vn 0.996000 -0.045000 0.077400
vn 0.994000 -0.106800 0.020100
vn 0.998200 -0.019900 -0.055500
vn 0.999300 -0.013500 -0.035800
vn 0.999700 -0.002600 -0.023200
vn 0.958800 -0.050800 0.279400
vn 0.925900 -0.071000 0.371000
vn 0.982500 -0.030400 0.183900
vn 0.996400 -0.010000 0.084400
vn 0.999800 0.010400 -0.018900
vn 0.883800 -0.090900 0.459000
vn 0.832400 -0.110500 0.543000
vn 0.771400 -0.129500 0.622900
vn 0.938300 0.176700 -0.297100
vn 0.897700 0.232200 -0.374300
vn 0.904400 0.148000 -0.400300
vn 0.942800 0.114500 -0.313100
vn 0.972100 0.078300 -0.221000
vn 0.969600 0.117100 -0.214800
vn 0.967800 0.150000 -0.201900
vn 0.935900 0.228100 -0.268500
vn 0.894500 0.301200 -0.330200
vn 0.990400 0.053600 -0.127400
vn 0.991500 0.039200 -0.124200
vn 0.989100 0.067100 -0.130800
vn 0.848700 0.283700 -0.446400
vn 0.857500 0.178600 -0.482400
vn 0.844800 0.369300 -0.387200
vn 0.787200 0.432400 -0.439600
vn 0.791700 0.331200 -0.513200
vn 0.802600 0.206500 -0.559600
vn 0.727200 0.374900 -0.574900
vn 0.739700 0.231800 -0.631700
vn 0.722200 0.490700 -0.487400
vn 0.649900 0.544100 -0.530600
vn 0.655300 0.414600 -0.631400
vn 0.669000 0.254600 -0.698300
vn 0.864700 0.091700 -0.493700
vn 0.909700 0.078700 -0.407800
vn 0.811600 0.103200 -0.574900
vn 0.750300 0.113400 -0.651300
vn 0.680600 0.122300 -0.722300
vn 0.946200 0.064100 -0.317200
vn 0.973800 0.047900 -0.222100
vn 0.992000 0.030000 -0.122500
vn -0.849100 0.297600 -0.436200
vn -0.898200 0.246600 -0.363800
vn -0.904700 0.149900 -0.398800
vn -0.857800 0.180500 -0.481200
vn -0.802900 0.208400 -0.558500
vn -0.792200 0.344600 -0.503600
vn -0.788300 0.451400 -0.418100
vn -0.846000 0.389000 -0.364600
vn -0.895800 0.321400 -0.306800
vn -0.727600 0.387600 -0.566000
vn -0.740000 0.233600 -0.630700
vn -0.669200 0.256400 -0.697500
vn -0.655600 0.426300 -0.623200
vn -0.650700 0.560700 -0.512000
vn -0.723100 0.508700 -0.467200
vn -0.938800 0.191200 -0.286400
vn -0.943000 0.116500 -0.311600
vn -0.937200 0.248600 -0.244500
vn -0.969200 0.170500 -0.177700
vn -0.970100 0.131700 -0.203900
vn -0.972300 0.080100 -0.219400
vn -0.990800 0.068000 -0.116600
vn -0.991600 0.041000 -0.122600
vn -0.990400 0.087400 -0.106600
vn -0.999500 -0.000200 -0.031600
vn -0.999700 0.000600 -0.025100
vn -0.999800 -0.000900 -0.021600
vn -0.946100 0.053300 -0.319300
vn -0.909600 0.068100 -0.409900
vn -0.973800 0.036900 -0.224300
vn -0.992000 0.018900 -0.124600
vn -0.999800 -0.000600 -0.021000
vn -0.864600 0.081600 -0.495700
vn -0.811500 0.093700 -0.576800
vn -0.750100 0.104500 -0.653100
vn -0.680300 0.114100 -0.724000
vn -0.952000 -0.194500 0.236400
vn -0.914600 -0.253700 0.314800
vn -0.920200 -0.164300 0.355100
vn -0.955400 -0.125300 0.267400
vn -0.980800 -0.085000 0.175400
vn -0.979200 -0.132200 0.153500
vn -0.978400 -0.171500 0.115100
vn -0.950500 -0.251000 0.183300
vn -0.912300 -0.326000 0.247700
vn -0.995500 -0.067100 0.066200
vn -0.995900 -0.043400 0.079000
vn -0.995200 -0.087700 0.043300
vn -0.867700 -0.309700 0.388800
vn -0.875800 -0.201900 0.438500
vn -0.864700 -0.396600 0.308300
vn -0.807900 -0.462600 0.365000
vn -0.811600 -0.362500 0.458100
vn -0.822000 -0.237900 0.517400
vn -0.746600 -0.411700 0.522600
vn -0.759000 -0.271900 0.591600
vn -0.742400 -0.523900 0.417600
vn -0.668300 -0.580000 0.465700
vn -0.672800 -0.457000 0.581700
vn -0.686700 -0.303800 0.660400
vn -0.883600 -0.100300 0.457400
vn -0.925700 -0.080800 0.369300
vn -0.832100 -0.119200 0.541600
vn -0.771100 -0.137500 0.621600
vn -0.700400 -0.154900 0.696700
vn -0.958700 -0.061100 0.277600
vn -0.982400 -0.041100 0.182000
vn -0.996400 -0.020900 0.082400
vn -0.432700 -0.555900 0.709700
vn -0.350400 -0.577500 0.737300
vn -0.362600 -0.391100 0.845900
vn -0.446400 -0.375200 0.812400
vn -0.528300 -0.355500 0.771000
vn -0.513700 -0.529100 0.675300
vn -0.509300 -0.668700 0.541600
vn -0.428500 -0.701500 0.569400
vn -0.346800 -0.727800 0.591600
vn -0.593900 -0.496500 0.633000
vn -0.608500 -0.331900 0.720800
vn -0.589300 -0.628700 0.507400
vn -0.266700 -0.594400 0.758600
vn -0.276600 -0.403700 0.872000
vn -0.263700 -0.748300 0.608600
vn -0.178600 -0.763400 0.620700
vn -0.180700 -0.606800 0.774000
vn -0.187800 -0.412900 0.891200
vn -0.092000 -0.614700 0.783400
vn -0.095700 -0.418700 0.903100
vn -0.090800 -0.773000 0.627800
vn -0.286800 -0.211500 0.934400
vn -0.374900 -0.204300 0.904200
vn -0.195100 -0.216700 0.956500
vn -0.099600 -0.219700 0.970500
vn -0.460200 -0.195100 0.866100
vn -0.542900 -0.183900 0.819400
vn -0.623100 -0.170500 0.763300
vn -0.258600 0.540500 -0.800600
vn -0.340500 0.527200 -0.778500
vn -0.352000 0.314100 -0.881700
vn -0.267900 0.321500 -0.908200
vn -0.181500 0.326800 -0.927500
vn -0.174800 0.549800 -0.816800
vn -0.172200 0.729100 -0.662400
vn -0.255000 0.716200 -0.649600
vn -0.336100 0.697800 -0.632500
vn -0.088700 0.555100 -0.827000
vn -0.092200 0.330000 -0.939500
vn 0.000100 0.331000 -0.943600
vn 0.000000 0.556400 -0.830900
vn 0.000000 0.738200 -0.674500
vn -0.087300 0.736500 -0.670700
vn -0.421100 0.509700 -0.750300
vn -0.434100 0.304200 -0.848000
vn -0.416200 0.673700 -0.610700
vn -0.495300 0.643300 -0.583800
vn -0.500500 0.487400 -0.715500
vn -0.514400 0.291600 -0.806500
vn -0.578800 0.459900 -0.673400
vn -0.592900 0.275800 -0.756600
vn -0.573600 0.605900 -0.551200
vn -0.445300 0.134100 -0.885300
vn -0.362000 0.138200 -0.921800
vn -0.526200 0.128800 -0.840500
vn -0.604600 0.122300 -0.787000
vn -0.276200 0.141400 -0.950600
vn -0.187400 0.143900 -0.971700
vn -0.095400 0.145600 -0.984700
vn 0.000200 0.146600 -0.989200
vn 0.420900 0.501600 -0.755700
vn 0.340500 0.520600 -0.783000
vn 0.352100 0.313000 -0.882000
vn 0.434100 0.302900 -0.848400
vn 0.514300 0.290100 -0.807000
vn 0.500300 0.478000 -0.721900
vn 0.494900 0.630100 -0.598400
vn 0.415800 0.662400 -0.623100
vn 0.335900 0.688500 -0.642700
vn 0.578500 0.449300 -0.680700
vn 0.592800 0.274200 -0.757200
vn 0.573000 0.590900 -0.567800
vn 0.258600 0.535400 -0.804000
vn 0.268100 0.320700 -0.908400
vn 0.254900 0.709100 -0.657400
vn 0.172200 0.724200 -0.667700
vn 0.174900 0.546300 -0.819100
vn 0.181700 0.326300 -0.927600
vn 0.088800 0.553400 -0.828200
vn 0.092500 0.329700 -0.939500
vn 0.087400 0.734000 -0.673500
vn 0.276500 0.144900 -0.950000
vn 0.362300 0.142700 -0.921000
vn 0.187700 0.146200 -0.971300
vn 0.095700 0.146800 -0.984500
vn 0.445600 0.139600 -0.884200
vn 0.526500 0.135300 -0.839300
vn 0.605000 0.129600 -0.785600
vn 0.417500 0.752000 -0.510000
vn 0.337600 0.782200 -0.523600
vn 0.496400 0.714900 -0.492400
vn 0.497600 0.735500 -0.459800
vn 0.419400 0.774500 -0.473600
vn 0.339700 0.806300 -0.484200
vn 0.574100 0.670100 -0.470400
vn 0.650500 0.616700 -0.443200
vn 0.649500 0.633100 -0.421000
vn 0.574400 0.688600 -0.442400
vn 0.256300 0.805900 -0.533600
vn 0.258400 0.831400 -0.492000
vn 0.174900 0.849900 -0.497000
vn 0.173300 0.823500 -0.540300
vn 0.088000 0.834700 -0.543600
vn 0.088900 0.861800 -0.499300
vn -0.000100 0.866700 -0.498700
vn 0.000000 0.839400 -0.543400
vn -0.256800 0.813100 -0.522400
vn -0.338300 0.791500 -0.508900
vn -0.173500 0.828300 -0.532600
vn -0.175500 0.854400 -0.489000
vn -0.259400 0.837900 -0.480200
vn -0.341400 0.814600 -0.468800
vn -0.088000 0.837200 -0.539700
vn -0.089100 0.864200 -0.495200
vn -0.418600 0.763300 -0.492000
vn -0.421800 0.784400 -0.454600
vn -0.500800 0.746800 -0.437500
vn -0.497800 0.728000 -0.471300
vn -0.576000 0.684800 -0.446300
vn -0.578500 0.701100 -0.416800
vn -0.654400 0.646400 -0.392300
vn -0.652800 0.632800 -0.416300
vn -0.432600 -0.794600 0.425900
vn -0.350300 -0.824900 0.443600
vn -0.513700 -0.757100 0.403500
vn -0.525900 -0.801300 0.285200
vn -0.443800 -0.842600 0.305000
vn -0.360100 -0.876000 0.320900
vn -0.593900 -0.711200 0.376100
vn -0.672700 -0.655700 0.342800
vn -0.684700 -0.690900 0.231800
vn -0.606400 -0.751100 0.260900
vn -0.266500 -0.848500 0.457100
vn -0.274300 -0.902200 0.332900
vn -0.186100 -0.921400 0.341300
vn -0.180600 -0.865800 0.466600
vn -0.091900 -0.876800 0.471900
vn -0.094700 -0.933500 0.345800
vn 0.000100 -0.938100 0.346300
vn 0.000200 -0.881100 0.472900
vn -0.951400 -0.283500 0.119600
vn -0.914000 -0.368100 0.170200
vn -0.978700 -0.194000 0.066300
vn -0.978900 -0.204500 -0.001400
vn -0.953800 -0.297300 0.042700
vn -0.918700 -0.385600 0.084900
vn -0.994900 -0.099800 0.010300
vn -0.998800 -0.001300 -0.047900
vn -0.995500 -0.006200 -0.094700
vn -0.993100 -0.107400 -0.047300
vn -0.867200 -0.447800 0.218000
vn -0.874100 -0.469300 0.125000
vn -0.820200 -0.548300 0.163100
vn -0.811200 -0.522400 0.262800
vn -0.746300 -0.591900 0.304500
vn -0.757100 -0.622300 0.198800
vn -0.846600 0.437000 -0.303700
vn -0.895900 0.360600 -0.259500
vn -0.789500 0.507900 -0.344500
vn -0.788800 0.516100 -0.333800
vn -0.844600 0.442900 -0.300800
vn -0.892800 0.364200 -0.265100
vn -0.724900 0.573200 -0.382100
vn -0.725300 0.584000 -0.364300
vn -0.936800 0.278400 -0.211800
vn -0.932800 0.279900 -0.226800
vn -0.964000 0.190000 -0.185600
vn -0.968400 0.190600 -0.160500
vn -0.989600 0.097100 -0.105800
vn -0.985400 0.094500 -0.141500
vn 0.933500 0.259600 -0.247200
vn 0.892600 0.341700 -0.293900
vn 0.965300 0.171800 -0.196400
vn 0.957900 0.177400 -0.225500
vn 0.926400 0.266700 -0.265900
vn 0.886200 0.350500 -0.303000
vn 0.986700 0.078800 -0.141800
vn 0.996300 -0.019000 -0.083600
vn 0.990700 -0.017500 -0.135000
vn 0.979800 0.082500 -0.181900
vn 0.843400 0.418500 -0.336800
vn 0.838200 0.428900 -0.336900
vn 0.782600 0.502100 -0.367900
vn 0.786600 0.489900 -0.376000
vn 0.722200 0.556000 -0.411400
vn 0.719800 0.570200 -0.395900
vn 0.866600 -0.461400 0.189900
vn 0.913200 -0.382700 0.140000
vn 0.810900 -0.535000 0.237000
vn 0.820000 -0.556600 0.133000
vn 0.873400 -0.478000 0.092400
vn 0.917400 -0.394800 0.050000
vn 0.746200 -0.603300 0.281200
vn 0.672800 -0.665900 0.322200
vn 0.685100 -0.698200 0.207600
vn 0.757300 -0.630200 0.171500
vn 0.950200 -0.299000 0.087600
vn 0.951700 -0.307000 0.005800
vn 0.975900 -0.214700 -0.039900
vn 0.977100 -0.210400 0.032700
vn 0.992800 -0.116900 -0.024500
vn 0.989200 -0.118100 -0.086900
vn 0.266800 -0.852500 0.449400
vn 0.350600 -0.830200 0.433400
vn 0.180900 -0.868500 0.461400
vn 0.186300 -0.923600 0.335100
vn 0.274700 -0.905400 0.323800
vn 0.360500 -0.880100 0.308800
vn 0.092200 -0.878200 0.469300
vn 0.095000 -0.934600 0.342700
vn 0.432900 -0.801200 0.413100
vn 0.444300 -0.847600 0.290000
vn 0.526400 -0.807100 0.267100
vn 0.514000 -0.764900 0.388200
vn 0.594100 -0.720200 0.358100
vn 0.606900 -0.757700 0.239800
vn 0.246900 -0.828600 -0.502400
vn 0.323500 -0.799100 -0.506600
vn 0.347300 -0.857400 -0.379800
vn 0.265800 -0.889000 -0.372800
vn 0.180700 -0.912200 -0.367700
vn 0.167400 -0.850000 -0.499400
vn 0.152400 -0.785900 -0.599300
vn 0.226000 -0.766900 -0.600600
vn 0.297600 -0.740400 -0.602600
vn 0.207700 -0.722100 -0.659800
vn 0.275600 -0.698400 -0.660500
vn 0.138800 -0.738800 -0.659500
vn 0.132800 -0.721500 -0.679600
vn 0.199700 -0.705900 -0.679500
vn 0.266200 -0.683300 -0.679800
vn 0.084900 -0.863200 -0.497600
vn 0.092000 -0.926700 -0.364300
vn -0.000200 -0.931900 -0.362700
vn -0.000400 -0.867900 -0.496700
vn -0.000700 -0.801200 -0.598300
vn 0.076700 -0.797300 -0.598600
vn 0.069100 -0.748500 -0.659400
vn -0.001200 -0.751700 -0.659500
vn -0.001400 -0.733300 -0.679900
vn 0.065700 -0.730500 -0.679700
vn 0.397100 -0.761600 -0.512000
vn 0.425400 -0.817300 -0.388600
vn 0.367100 -0.706200 -0.605400
vn 0.434100 -0.663900 -0.608900
vn 0.467600 -0.715800 -0.518600
vn 0.499800 -0.768600 -0.399100
vn 0.534400 -0.661300 -0.526400
vn 0.570300 -0.711100 -0.411300
vn 0.498100 -0.613100 -0.613200
vn 0.558300 -0.553300 -0.618100
vn 0.596900 -0.597700 -0.535100
vn 0.636000 -0.644000 -0.425000
vn 0.342400 -0.667000 -0.661700
vn 0.332000 -0.653100 -0.680500
vn 0.396700 -0.614700 -0.681700
vn 0.407600 -0.627400 -0.663500
vn 0.470500 -0.579100 -0.665700
vn 0.459400 -0.567400 -0.683300
vn 0.519100 -0.510800 -0.685300
vn 0.530200 -0.521600 -0.668400
vn 0.449600 -0.866100 -0.218200
vn 0.367100 -0.907100 -0.205600
vn 0.528400 -0.816300 -0.233200
vn 0.541100 -0.838900 -0.058400
vn 0.459500 -0.887300 -0.040100
vn 0.374600 -0.926800 -0.024800
vn 0.456300 -0.879900 0.132300
vn 0.371300 -0.916400 0.149500
vn 0.538900 -0.834900 0.111500
vn 0.603200 -0.757200 -0.250500
vn 0.673400 -0.688200 -0.270100
vn 0.693400 -0.713000 -0.103900
vn 0.619300 -0.781100 -0.079600
vn 0.618900 -0.780600 0.087100
vn 0.695600 -0.716000 0.058700
vn 0.281000 -0.939500 -0.195500
vn 0.286500 -0.958000 -0.012500
vn 0.194900 -0.980800 -0.003100
vn 0.191200 -0.963400 -0.187800
vn 0.097500 -0.978300 -0.182700
vn 0.099400 -0.995000 0.003300
vn 0.000000 -1.000000 0.006500
vn -0.000100 -0.983600 -0.180200
vn 0.283500 -0.944900 0.163400
vn 0.192600 -0.965700 0.174000
vn 0.098200 -0.978500 0.181100
vn 0.000100 -0.982800 0.184700
vn 0.732800 -0.382200 -0.562900
vn 0.760300 -0.307100 -0.572400
vn 0.808200 -0.335900 -0.483700
vn 0.779200 -0.415800 -0.468900
vn 0.741300 -0.494200 -0.454100
vn 0.696900 -0.455900 -0.553600
vn 0.654900 -0.419800 -0.628400
vn 0.689700 -0.350500 -0.633600
vn 0.716400 -0.280000 -0.639000
vn 0.660000 -0.326400 -0.676700
vn 0.686300 -0.258900 -0.679600
vn 0.625800 -0.392900 -0.673800
vn 0.614700 -0.383700 -0.689000
vn 0.648900 -0.318200 -0.691100
vn 0.675200 -0.251900 -0.693200
vn 0.651800 -0.528000 -0.544300
vn 0.693800 -0.570500 -0.439500
vn 0.611400 -0.487600 -0.623200
vn 0.582800 -0.458200 -0.671100
vn 0.571800 -0.448100 -0.687200
vn 0.779800 -0.230700 -0.581900
vn 0.828600 -0.254400 -0.498600
vn 0.735600 -0.208400 -0.644500
vn 0.747700 -0.135700 -0.650000
vn 0.791700 -0.153000 -0.591400
vn 0.840800 -0.171400 -0.513400
vn 0.796000 -0.073900 -0.600700
vn 0.844700 -0.086900 -0.528100
vn 0.752700 -0.061600 -0.655400
vn 0.750500 0.013700 -0.660700
vn 0.792500 0.006500 -0.609900
vn 0.840100 -0.000900 -0.542300
vn 0.705400 -0.190600 -0.682700
vn 0.694300 -0.184900 -0.695500
vn 0.706500 -0.117000 -0.697900
vn 0.717600 -0.121400 -0.685800
vn 0.723000 -0.051100 -0.689000
vn 0.712200 -0.048100 -0.700300
vn 0.711300 0.021900 -0.702500
vn 0.721600 0.020300 -0.691900
vn 0.882700 -0.279100 -0.378100
vn 0.860000 -0.365600 -0.356000
vn 0.896400 -0.190600 -0.400100
vn 0.940200 -0.205500 -0.271600
vn 0.923300 -0.297600 -0.242500
vn 0.896900 -0.387000 -0.213700
vn 0.945000 -0.307600 -0.111100
vn 0.914600 -0.397300 -0.074900
vn 0.965400 -0.214400 -0.148200
vn 0.901100 -0.100200 -0.421900
vn 0.896200 -0.008000 -0.443500
vn 0.943900 -0.013500 -0.329900
vn 0.947200 -0.110800 -0.300800
vn 0.975500 -0.117700 -0.185900
vn 0.974400 -0.017800 -0.223900
vn 0.828100 -0.450000 -0.334100
vn 0.861000 -0.473600 -0.185300
vn 0.815400 -0.557100 -0.157400
vn 0.786800 -0.532300 -0.312400
vn 0.735400 -0.611900 -0.291000
vn 0.759600 -0.637100 -0.130200
vn 0.874600 -0.483200 -0.039600
vn 0.824900 -0.565300 -0.005500
vn 0.765300 -0.643100 0.027400
vn 0.738900 0.230500 -0.633200
vn 0.708800 0.297200 -0.639700
vn 0.746800 0.307800 -0.589400
vn 0.779800 0.237500 -0.579100
vn 0.806800 0.162800 -0.568000
vn 0.763100 0.160100 -0.626100
vn 0.725400 0.158000 -0.669900
vn 0.703700 0.224700 -0.674000
vn 0.676400 0.288100 -0.677800
vn 0.679600 0.221400 -0.699300
vn 0.654300 0.282300 -0.701500
vn 0.699400 0.157600 -0.697100
vn 0.690300 0.156600 -0.706300
vn 0.671300 0.219300 -0.708000
vn 0.646900 0.279300 -0.709600
vn 0.781200 0.085500 -0.618300
vn 0.827100 0.083400 -0.555800
vn 0.741200 0.087700 -0.665500
vn 0.713600 0.090600 -0.694600
vn 0.703800 0.090800 -0.704600
vn 0.673100 0.360300 -0.645800
vn 0.708000 0.374200 -0.598900
vn 0.643600 0.348500 -0.681400
vn 0.605100 0.406000 -0.684800
vn 0.631600 0.420100 -0.651500
vn 0.663300 0.436800 -0.607600
vn 0.584200 0.476800 -0.656800
vn 0.612500 0.495900 -0.615600
vn 0.560700 0.460600 -0.688000
vn 0.510000 0.512300 -0.690900
vn 0.530500 0.530100 -0.661500
vn 0.555300 0.551200 -0.622700
vn 0.623700 0.340500 -0.703600
vn 0.617100 0.336700 -0.711100
vn 0.581700 0.391900 -0.712700
vn 0.587400 0.396300 -0.705600
vn 0.545200 0.449600 -0.707500
vn 0.540300 0.444800 -0.714200
vn 0.492500 0.495200 -0.715700
vn 0.496600 0.500200 -0.709300
vn 0.751900 0.392700 -0.529600
vn 0.794200 0.322200 -0.515200
vn 0.703400 0.458900 -0.542700
vn 0.742400 0.481100 -0.466200
vn 0.793800 0.411100 -0.448100
vn 0.838600 0.336400 -0.428300
vn 0.822400 0.422100 -0.381300
vn 0.869000 0.344800 -0.354900
vn 0.768800 0.494500 -0.405400
vn 0.648600 0.521200 -0.554600
vn 0.587200 0.579200 -0.565300
vn 0.619000 0.607800 -0.497300
vn 0.684200 0.546700 -0.482600
vn 0.708000 0.562200 -0.427400
vn 0.640000 0.625000 -0.447000
vn 0.830200 0.247300 -0.499600
vn 0.876600 0.257000 -0.406800
vn 0.907400 0.172300 -0.383300
vn 0.859700 0.167500 -0.482500
vn 0.882000 0.082400 -0.463900
vn 0.930200 0.082100 -0.357700
vn 0.908200 0.262300 -0.326100
vn 0.939500 0.174400 -0.294700
vn 0.962000 0.081000 -0.260700
vn -0.676800 0.361200 -0.641400
vn -0.712700 0.297900 -0.635100
vn -0.753300 0.310100 -0.580000
vn -0.714000 0.376900 -0.590000
vn -0.668800 0.439900 -0.599400
vn -0.635100 0.421200 -0.647400
vn -0.606900 0.405400 -0.683600
vn -0.645300 0.347800 -0.680100
vn -0.678100 0.287400 -0.676400
vn -0.624300 0.338500 -0.704000
vn -0.654700 0.280300 -0.701900
vn -0.588300 0.394300 -0.705900
vn -0.582400 0.389400 -0.713600
vn -0.617400 0.334200 -0.712100
vn -0.646800 0.276800 -0.710600
vn -0.587500 0.478100 -0.652900
vn -0.617400 0.499100 -0.608000
vn -0.559500 0.554600 -0.615900
vn -0.533400 0.531500 -0.658000
vn -0.511800 0.512000 -0.689800
vn -0.562500 0.460200 -0.686800
vn -0.546400 0.447700 -0.707800
vn -0.498000 0.498500 -0.709600
vn -0.493900 0.492900 -0.716300
vn -0.541400 0.442300 -0.715000
vn -0.742900 0.231000 -0.628300
vn -0.786600 0.239200 -0.569300
vn -0.705300 0.224000 -0.672600
vn -0.726800 0.157300 -0.668500
vn -0.767200 0.160200 -0.621100
vn -0.813700 0.164000 -0.557600
vn -0.785300 0.085300 -0.613200
vn -0.834100 0.084000 -0.545100
vn -0.742500 0.087000 -0.664100
vn -0.751800 0.013000 -0.659200
vn -0.796500 0.006100 -0.604600
vn -0.847100 -0.001000 -0.531400
vn -0.679700 0.219600 -0.699900
vn -0.670800 0.217000 -0.709100
vn -0.689500 0.154600 -0.707500
vn -0.699200 0.156000 -0.697700
vn -0.713200 0.089300 -0.695300
vn -0.702700 0.089200 -0.705800
vn -0.710000 0.020700 -0.703900
vn -0.721000 0.019300 -0.692600
vn -0.839800 0.250800 -0.481500
vn -0.803300 0.326500 -0.498000
vn -0.869500 0.170100 -0.463600
vn -0.918200 0.176900 -0.354200
vn -0.887400 0.262600 -0.378700
vn -0.849100 0.343000 -0.401600
vn -0.917700 0.270900 -0.290400
vn -0.878500 0.354100 -0.320700
vn -0.948800 0.182100 -0.258000
vn -0.891800 0.084100 -0.444400
vn -0.905900 -0.007200 -0.423500
vn -0.954000 -0.011000 -0.299600
vn -0.940800 0.085700 -0.327900
vn -0.970800 0.087700 -0.223300
vn -0.982400 -0.012100 -0.186200
vn -0.760500 0.397600 -0.513400
vn -0.803800 0.418400 -0.422800
vn -0.751600 0.489100 -0.442600
vn -0.711300 0.464400 -0.527600
vn -0.655600 0.526900 -0.540800
vn -0.692400 0.555100 -0.460900
vn -0.626000 0.616300 -0.477800
vn -0.593200 0.585200 -0.552800
vn -0.831600 0.432100 -0.348800
vn -0.777300 0.505100 -0.375000
vn -0.715800 0.573000 -0.399200
vn -0.646700 0.635700 -0.421600
vn -0.783400 -0.231800 -0.576600
vn -0.763700 -0.308200 -0.567200
vn -0.813700 -0.337900 -0.472900
vn -0.834700 -0.256100 -0.487600
vn -0.847300 -0.172700 -0.502300
vn -0.795500 -0.153900 -0.586100
vn -0.748900 -0.136100 -0.648600
vn -0.736700 -0.208700 -0.643100
vn -0.717500 -0.280000 -0.637700
vn -0.704800 -0.190300 -0.683400
vn -0.685900 -0.258100 -0.680300
vn -0.716800 -0.121500 -0.686500
vn -0.705200 -0.117000 -0.699300
vn -0.693000 -0.184300 -0.696900
vn -0.674300 -0.250700 -0.694600
vn -0.799900 -0.074600 -0.595400
vn -0.851500 -0.087600 -0.517000
vn -0.753900 -0.062300 -0.654000
vn -0.722300 -0.051600 -0.689700
vn -0.710800 -0.048700 -0.701700
vn -0.736000 -0.383300 -0.558000
vn -0.784300 -0.418000 -0.458400
vn -0.690900 -0.350300 -0.632400
vn -0.656300 -0.419400 -0.627200
vn -0.699900 -0.457100 -0.548800
vn -0.745900 -0.496400 -0.444000
vn -0.654700 -0.529200 -0.539800
vn -0.697900 -0.572800 -0.429900
vn -0.613000 -0.487100 -0.622100
vn -0.560000 -0.552800 -0.617100
vn -0.599600 -0.598800 -0.530900
vn -0.639500 -0.646400 -0.416200
vn -0.659900 -0.325000 -0.677400
vn -0.648400 -0.316400 -0.692400
vn -0.614700 -0.381400 -0.690300
vn -0.626100 -0.391200 -0.674500
vn -0.583600 -0.456200 -0.671700
vn -0.572400 -0.445500 -0.688300
vn -0.520300 -0.508000 -0.686400
vn -0.531500 -0.519500 -0.669000
vn -0.834300 -0.452300 -0.315300
vn -0.866900 -0.367500 -0.336600
vn -0.792000 -0.534700 -0.294500
vn -0.819600 -0.557600 -0.131600
vn -0.866200 -0.474000 -0.157900
vn -0.903200 -0.387200 -0.185000
vn -0.877300 -0.479800 -0.007500
vn -0.918300 -0.393700 -0.040900
vn -0.826800 -0.562000 0.024500
vn -0.739800 -0.614300 -0.274300
vn -0.677000 -0.690500 -0.254700
vn -0.695900 -0.713400 -0.082200
vn -0.762900 -0.637600 -0.106300
vn -0.766500 -0.639900 0.054800
vn -0.696300 -0.712900 0.083300
vn -0.890500 -0.280600 -0.358100
vn -0.930700 -0.297500 -0.212900
vn -0.948500 -0.204800 -0.241400
vn -0.905000 -0.191500 -0.379900
vn -0.910200 -0.100300 -0.401800
vn -0.956500 -0.109200 -0.270400
vn -0.949700 -0.303800 -0.075600
vn -0.971300 -0.210100 -0.111500
vn -0.982500 -0.112700 -0.148400
vn -0.399000 -0.762600 -0.509100
vn -0.325100 -0.800000 -0.504200
vn -0.348800 -0.859000 -0.374800
vn -0.427300 -0.819200 -0.382500
vn -0.502200 -0.770700 -0.392100
vn -0.469700 -0.716800 -0.515200
vn -0.436000 -0.663500 -0.608000
vn -0.368900 -0.705900 -0.604600
vn -0.299400 -0.740200 -0.601900
vn -0.344700 -0.665400 -0.662100
vn -0.278100 -0.697100 -0.660800
vn -0.409700 -0.625500 -0.664000
vn -0.399000 -0.612200 -0.682600
vn -0.334600 -0.651100 -0.681300
vn -0.269000 -0.681700 -0.680400
vn -0.536800 -0.662300 -0.522600
vn -0.573200 -0.713200 -0.403300
vn -0.499900 -0.612500 -0.612200
vn -0.472300 -0.577000 -0.666300
vn -0.461200 -0.564700 -0.684300
vn -0.248200 -0.829300 -0.500600
vn -0.266800 -0.890300 -0.369000
vn -0.227700 -0.766800 -0.600100
vn -0.153900 -0.785800 -0.599000
vn -0.168400 -0.850600 -0.498200
vn -0.181300 -0.913100 -0.365000
vn -0.085800 -0.863500 -0.496900
vn -0.092400 -0.927200 -0.362900
vn -0.078200 -0.797300 -0.598400
vn -0.210200 -0.721200 -0.660000
vn -0.202600 -0.704700 -0.680000
vn -0.135700 -0.720700 -0.679900
vn -0.141200 -0.738200 -0.659600
vn -0.071500 -0.748300 -0.659500
vn -0.068600 -0.730100 -0.679900
vn -0.281700 -0.940700 -0.188900
vn -0.368200 -0.908600 -0.197100
vn -0.191600 -0.964200 -0.183400
vn -0.195000 -0.980800 0.003000
vn -0.286800 -0.958000 -0.003600
vn -0.375100 -0.926800 -0.013200
vn -0.283300 -0.943300 0.173000
vn -0.371100 -0.914300 0.162200
vn -0.192400 -0.964600 0.180500
vn -0.097700 -0.978700 -0.180400
vn -0.099400 -0.995000 0.006400
vn -0.098000 -0.977900 0.184400
vn -0.451200 -0.867900 -0.207800
vn -0.460300 -0.887400 -0.025800
vn -0.542400 -0.839100 -0.041500
vn -0.530600 -0.818300 -0.221000
vn -0.606100 -0.759300 -0.236700
vn -0.621100 -0.781400 -0.060300
vn -0.456300 -0.877400 0.148000
vn -0.539000 -0.832100 0.130200
vn -0.619300 -0.777600 0.108800
vn -0.218000 0.705900 -0.673900
vn -0.285400 0.683600 -0.671700
vn -0.297500 0.710700 -0.637400
vn -0.227000 0.733400 -0.640800
vn -0.154100 0.749800 -0.643400
vn -0.148100 0.722200 -0.675600
vn -0.143400 0.699500 -0.700100
vn -0.210800 0.683300 -0.699000
vn -0.275700 0.661200 -0.697700
vn -0.206600 0.668200 -0.714700
vn -0.269800 0.646100 -0.714000
vn -0.140700 0.684400 -0.715400
vn -0.140100 0.678900 -0.720700
vn -0.205600 0.662700 -0.720100
vn -0.268300 0.640500 -0.719500
vn -0.075600 0.732200 -0.676900
vn -0.078500 0.759800 -0.645300
vn -0.000200 0.763100 -0.646300
vn -0.000300 0.735500 -0.677500
vn -0.000500 0.712900 -0.701200
vn -0.073300 0.709500 -0.700900
vn -0.072100 0.694500 -0.715800
vn -0.000700 0.698000 -0.716100
vn -0.000700 0.692700 -0.721200
vn -0.071800 0.689100 -0.721000
vn -0.350600 0.655200 -0.669100
vn -0.366000 0.681800 -0.633400
vn -0.338200 0.633200 -0.696200
vn -0.398500 0.599100 -0.694400
vn -0.413700 0.620700 -0.666000
vn -0.432500 0.646400 -0.628500
vn -0.474700 0.579600 -0.662300
vn -0.497100 0.604200 -0.622700
vn -0.456400 0.558900 -0.692300
vn -0.330600 0.618200 -0.713100
vn -0.328500 0.612600 -0.718900
vn -0.386200 0.578800 -0.718200
vn -0.389000 0.584500 -0.712100
vn -0.444800 0.544600 -0.711000
vn -0.441400 0.539000 -0.717400
vn -0.386200 0.717300 -0.579800
vn -0.313600 0.747100 -0.586100
vn -0.457100 0.680800 -0.572300
vn -0.481500 0.716200 -0.505200
vn -0.406500 0.754100 -0.515700
vn -0.329800 0.784900 -0.524600
vn -0.418700 0.776000 -0.471700
vn -0.339300 0.807000 -0.483300
vn -0.496400 0.737500 -0.457800
vn -0.526100 0.637000 -0.563400
vn -0.554800 0.670500 -0.492600
vn -0.572500 0.691000 -0.441200
vn -0.239000 0.770300 -0.591200
vn -0.251100 0.808800 -0.531800
vn -0.170100 0.826000 -0.537400
vn -0.162000 0.787000 -0.595200
vn -0.082500 0.797200 -0.598000
vn -0.086600 0.836300 -0.541400
vn -0.000200 0.839200 -0.543700
vn -0.000200 0.800300 -0.599600
vn -0.258200 0.831000 -0.492700
vn -0.174800 0.848200 -0.500000
vn -0.088900 0.858400 -0.505200
vn -0.000100 0.861200 -0.508200
vn 0.348800 0.653800 -0.671400
vn 0.284000 0.682300 -0.673600
vn 0.295900 0.708200 -0.641000
vn 0.363700 0.678900 -0.637800
vn 0.429600 0.643200 -0.633800
vn 0.411500 0.619200 -0.668700
vn 0.396800 0.599200 -0.695300
vn 0.336700 0.633100 -0.697000
vn 0.274400 0.661000 -0.698400
vn 0.329000 0.619200 -0.713000
vn 0.268300 0.646800 -0.713900
vn 0.387300 0.585700 -0.712000
vn 0.384500 0.580500 -0.717700
vn 0.326800 0.613900 -0.718500
vn 0.266600 0.641500 -0.719200
vn 0.472200 0.578100 -0.665500
vn 0.493500 0.600800 -0.628800
vn 0.454600 0.559100 -0.693400
vn 0.443300 0.546200 -0.710800
vn 0.439800 0.541000 -0.716800
vn 0.216900 0.704900 -0.675300
vn 0.225800 0.731300 -0.643500
vn 0.209600 0.683100 -0.699500
vn 0.142300 0.699300 -0.700400
vn 0.147200 0.721500 -0.676600
vn 0.153200 0.748400 -0.645300
vn 0.074900 0.731800 -0.677400
vn 0.078000 0.759100 -0.646300
vn 0.072400 0.709400 -0.701000
vn 0.205100 0.668700 -0.714700
vn 0.203900 0.663400 -0.719900
vn 0.138500 0.679500 -0.720500
vn 0.139300 0.684700 -0.715400
vn 0.070700 0.694600 -0.715800
vn 0.070300 0.689400 -0.720900
vn 0.237600 0.766900 -0.596100
vn 0.311500 0.742800 -0.592600
vn 0.161100 0.784700 -0.598600
vn 0.169200 0.822700 -0.542700
vn 0.249500 0.804100 -0.539600
vn 0.327300 0.779000 -0.534800
vn 0.256700 0.825300 -0.502900
vn 0.337000 0.799700 -0.496700
vn 0.174000 0.844200 -0.506900
vn 0.082000 0.795900 -0.599800
vn 0.086100 0.834600 -0.544100
vn 0.088500 0.856300 -0.508700
vn 0.383300 0.712400 -0.587900
vn 0.403100 0.747200 -0.528400
vn 0.476900 0.708500 -0.520200
vn 0.453100 0.675300 -0.581900
vn 0.521200 0.631100 -0.574400
vn 0.549000 0.662300 -0.509900
vn 0.415400 0.767400 -0.488300
vn 0.492000 0.728000 -0.477400
vn 0.567000 0.680700 -0.463800
vn -0.880900 0.006800 -0.473200
vn -0.922300 0.006800 -0.386300
vn -0.922300 0.007800 -0.386300
vn -0.881000 0.007800 -0.473100
vn -0.830700 0.007800 -0.556500
vn -0.830700 0.006900 -0.556700
vn -0.830600 0.006000 -0.556800
vn -0.880900 0.006000 -0.473100
vn -0.922300 0.006000 -0.386300
vn -0.881000 0.005200 -0.473000
vn -0.922400 0.005200 -0.386200
vn -0.830700 0.005200 -0.556700
vn -0.770900 0.006900 -0.636900
vn -0.771100 0.007900 -0.636600
vn -0.701400 0.007900 -0.712700
vn -0.700900 0.006900 -0.713100
vn -0.700600 0.006100 -0.713500
vn -0.770700 0.006000 -0.637100
vn -0.770700 0.005300 -0.637100
vn -0.700500 0.005300 -0.713600
vn -0.955100 0.006800 -0.296200
vn -0.955100 0.007800 -0.296100
vn -0.955100 0.005900 -0.296100
vn -0.979300 0.005900 -0.202300
vn -0.979300 0.006700 -0.202300
vn -0.979300 0.007800 -0.202100
vn -0.994500 0.006700 -0.104400
vn -0.994500 0.007700 -0.104100
vn -0.994500 0.005800 -0.104600
vn -1.000000 0.005800 -0.002700
vn -1.000000 0.006700 -0.002400
vn -0.999900 0.007700 -0.002000
vn -0.955100 0.005100 -0.296000
vn -0.979300 0.005100 -0.202300
vn -0.994500 0.005000 -0.104600
vn -1.000000 0.005000 -0.002800
vn -0.955100 0.009000 -0.295900
vn -0.922400 0.009000 -0.386200
vn -0.979300 0.009000 -0.201900
vn -0.979400 0.010500 -0.201500
vn -0.955200 0.010500 -0.295700
vn -0.922500 0.010500 -0.385900
vn -0.955300 0.012700 -0.295300
vn -0.922600 0.012700 -0.385600
vn -0.979500 0.012700 -0.201100
vn -0.979600 0.016000 -0.200500
vn -0.955400 0.016000 -0.294700
vn -0.922700 0.015900 -0.385100
vn -0.994500 0.008900 -0.103800
vn -0.999900 0.008900 -0.001500
vn -0.999900 0.010500 -0.000900
vn -0.994600 0.010500 -0.103300
vn -0.994600 0.012700 -0.102800
vn -0.999900 0.012800 -0.000200
vn -0.999800 0.016100 0.000500
vn -0.994600 0.016100 -0.102100
vn -0.881000 0.009000 -0.472900
vn -0.881200 0.010600 -0.472600
vn -0.831100 0.010600 -0.556000
vn -0.830900 0.009000 -0.556300
vn -0.771400 0.009000 -0.636200
vn -0.771800 0.010600 -0.635700
vn -0.702600 0.010500 -0.711500
vn -0.702000 0.009000 -0.712100
vn -0.881300 0.012700 -0.472300
vn -0.881500 0.015900 -0.471800
vn -0.831600 0.015900 -0.555000
vn -0.831400 0.012700 -0.555500
vn -0.772200 0.012600 -0.635200
vn -0.772600 0.015800 -0.634700
vn -0.703800 0.015800 -0.710200
vn -0.703200 0.012600 -0.710800
vn -0.282800 0.006700 -0.959100
vn -0.371800 0.006700 -0.928300
vn -0.373000 0.007600 -0.927800
vn -0.283900 0.007500 -0.958800
vn -0.192200 0.007500 -0.981300
vn -0.191300 0.006600 -0.981500
vn -0.190600 0.005900 -0.981600
vn -0.282000 0.006000 -0.959400
vn -0.370900 0.006000 -0.928600
vn -0.281500 0.005300 -0.959500
vn -0.370300 0.005300 -0.928900
vn -0.190200 0.005300 -0.981700
vn -0.097000 0.006600 -0.995200
vn -0.097500 0.007400 -0.995200
vn 0.000100 0.007400 -1.000000
vn 0.000000 0.006600 -1.000000
vn 0.000000 0.005900 -1.000000
vn -0.096700 0.005900 -0.995300
vn -0.096400 0.005300 -0.995300
vn 0.000000 0.005300 -1.000000
vn -0.458300 0.006800 -0.888700
vn -0.459500 0.007700 -0.888100
vn -0.457500 0.006000 -0.889200
vn -0.541600 0.006000 -0.840600
vn -0.542300 0.006800 -0.840100
vn -0.543300 0.007800 -0.839500
vn -0.623500 0.006900 -0.781800
vn -0.624200 0.007800 -0.781200
vn -0.623000 0.006100 -0.782200
vn -0.457000 0.005300 -0.889400
vn -0.541200 0.005300 -0.840800
vn -0.622700 0.005300 -0.782400
vn -0.460700 0.008800 -0.887500
vn -0.374300 0.008700 -0.927200
vn -0.544400 0.008900 -0.838700
vn -0.545600 0.010400 -0.837900
vn -0.462100 0.010300 -0.886700
vn -0.375700 0.010200 -0.926700
vn -0.463500 0.012300 -0.886000
vn -0.377100 0.012200 -0.926100
vn -0.546800 0.012500 -0.837200
vn -0.547800 0.015600 -0.836400
vn -0.464600 0.015500 -0.885300
vn -0.378300 0.015400 -0.925500
vn -0.625100 0.009000 -0.780500
vn -0.626000 0.010500 -0.779700
vn -0.626900 0.012500 -0.779000
vn -0.627800 0.015700 -0.778200
vn -0.285200 0.008600 -0.958400
vn -0.286500 0.010100 -0.958000
vn -0.194200 0.010000 -0.980900
vn -0.193200 0.008600 -0.981100
vn -0.098100 0.008500 -0.995100
vn -0.098600 0.009900 -0.995100
vn 0.000200 0.009900 -0.999900
vn 0.000200 0.008500 -0.999900
vn -0.287800 0.012100 -0.957600
vn -0.288900 0.015300 -0.957200
vn -0.196000 0.015200 -0.980500
vn -0.195200 0.012100 -0.980700
vn -0.099200 0.012000 -0.995000
vn -0.099600 0.015100 -0.994900
vn 0.000600 0.015100 -0.999900
vn 0.000400 0.012000 -0.999900
vn 0.458400 0.006800 -0.888700
vn 0.371900 0.006700 -0.928200
vn 0.373200 0.007700 -0.927700
vn 0.459600 0.007800 -0.888100
vn 0.543400 0.007800 -0.839400
vn 0.542400 0.006900 -0.840100
vn 0.541600 0.006100 -0.840600
vn 0.457500 0.006000 -0.889200
vn 0.371000 0.006000 -0.928600
vn 0.457000 0.005300 -0.889400
vn 0.370400 0.005300 -0.928800
vn 0.541200 0.005300 -0.840800
vn 0.623500 0.006900 -0.781800
vn 0.624300 0.007900 -0.781100
vn 0.701400 0.007900 -0.712700
vn 0.700900 0.006900 -0.713200
vn 0.700600 0.006100 -0.713500
vn 0.622900 0.006100 -0.782200
vn 0.622600 0.005300 -0.782500
vn 0.700400 0.005300 -0.713700
vn 0.282900 0.006700 -0.959100
vn 0.284100 0.007600 -0.958700
vn 0.282100 0.006000 -0.959300
vn 0.190700 0.005900 -0.981600
vn 0.191400 0.006600 -0.981500
vn 0.192400 0.007500 -0.981300
vn 0.097200 0.006600 -0.995200
vn 0.097800 0.007400 -0.995200
vn 0.096700 0.005900 -0.995300
vn 0.281500 0.005300 -0.959500
vn 0.190300 0.005300 -0.981700
vn 0.096500 0.005300 -0.995300
vn 0.285500 0.008700 -0.958300
vn 0.374700 0.008800 -0.927100
vn 0.193500 0.008600 -0.981000
vn 0.194800 0.010100 -0.980800
vn 0.287100 0.010200 -0.957800
vn 0.376300 0.010300 -0.926400
vn 0.288700 0.012200 -0.957300
vn 0.378000 0.012400 -0.925700
vn 0.196100 0.012100 -0.980500
vn 0.197300 0.015300 -0.980200
vn 0.290300 0.015400 -0.956800
vn 0.379700 0.015600 -0.925000
vn 0.098400 0.008500 -0.995100
vn 0.099200 0.010000 -0.995000
vn 0.100000 0.012000 -0.994900
vn 0.100800 0.015200 -0.994800
vn 0.461100 0.008900 -0.887300
vn 0.462700 0.010400 -0.886400
vn 0.546100 0.010600 -0.837600
vn 0.544700 0.009000 -0.838600
vn 0.625200 0.009100 -0.780400
vn 0.626300 0.010700 -0.779500
vn 0.702700 0.010700 -0.711400
vn 0.702000 0.009200 -0.712100
vn 0.464300 0.012500 -0.885600
vn 0.465900 0.015800 -0.884600
vn 0.548900 0.016000 -0.835700
vn 0.547500 0.012700 -0.836700
vn 0.627400 0.012800 -0.778600
vn 0.628500 0.016100 -0.777600
vn 0.704200 0.016300 -0.709800
vn 0.703400 0.012900 -0.710700
vn 0.955300 0.006800 -0.295700
vn 0.922400 0.006800 -0.386200
vn 0.922300 0.007800 -0.386300
vn 0.955200 0.007800 -0.295900
vn 0.979400 0.007700 -0.201600
vn 0.979500 0.006700 -0.201400
vn 0.979500 0.005900 -0.201100
vn 0.955300 0.005900 -0.295400
vn 0.922500 0.006000 -0.386000
vn 0.955400 0.005100 -0.295200
vn 0.922600 0.005200 -0.385800
vn 0.979600 0.005100 -0.201000
vn 0.994700 0.006700 -0.103000
vn 0.994600 0.007700 -0.103100
vn 1.000000 0.007600 -0.000400
vn 1.000000 0.006600 -0.000400
vn 1.000000 0.005800 -0.000300
vn 0.994700 0.005800 -0.102800
vn 0.994700 0.005000 -0.102700
vn 1.000000 0.005000 -0.000300
vn 0.880900 0.006900 -0.473200
vn 0.880900 0.007900 -0.473200
vn 0.881000 0.006000 -0.473100
vn 0.830600 0.006000 -0.556800
vn 0.830600 0.006900 -0.556800
vn 0.830600 0.007900 -0.556700
vn 0.770800 0.006900 -0.637000
vn 0.771000 0.007900 -0.636700
vn 0.770700 0.006100 -0.637200
vn 0.881100 0.005200 -0.472900
vn 0.830700 0.005200 -0.556700
vn 0.770700 0.005300 -0.637200
vn 0.880900 0.009100 -0.473200
vn 0.922200 0.009100 -0.386500
vn 0.830700 0.009200 -0.556600
vn 0.830900 0.010700 -0.556300
vn 0.880900 0.010700 -0.473200
vn 0.922200 0.010700 -0.386600
vn 0.880900 0.012900 -0.473100
vn 0.922100 0.012900 -0.386700
vn 0.831000 0.013000 -0.556000
vn 0.831200 0.016400 -0.555700
vn 0.880900 0.016400 -0.473000
vn 0.922000 0.016300 -0.386700
vn 0.771300 0.009200 -0.636300
vn 0.771700 0.010700 -0.635900
vn 0.772100 0.013000 -0.635400
vn 0.772500 0.016300 -0.634800
vn 0.955100 0.009000 -0.296100
vn 0.955000 0.010600 -0.296300
vn 0.979300 0.010600 -0.202100
vn 0.979400 0.009000 -0.201800
vn 0.994600 0.008900 -0.103300
vn 0.994500 0.010500 -0.103600
vn 0.999900 0.010400 -0.000800
vn 0.999900 0.008900 -0.000500
vn 0.954900 0.012800 -0.296500
vn 0.954800 0.016300 -0.296700
vn 0.979100 0.016200 -0.202700
vn 0.979200 0.012800 -0.202300
vn 0.994500 0.012700 -0.103900
vn 0.994400 0.016100 -0.104300
vn 0.999800 0.016000 -0.001500
vn 0.999900 0.012700 -0.001000
vn -0.956100 0.006700 0.292800
vn -0.923300 0.006700 0.383900
vn -0.923000 0.007700 0.384700
vn -0.955900 0.007700 0.293600
vn -0.980000 0.007700 0.198900
vn -0.980100 0.006700 0.198200
vn -0.980200 0.005800 0.197700
vn -0.956300 0.005800 0.292200
vn -0.923600 0.005800 0.383200
vn -0.956500 0.005000 0.291700
vn -0.923900 0.005000 0.382600
vn -0.980300 0.005000 0.197200
vn -0.995000 0.006700 0.099800
vn -0.994900 0.007700 0.100300
vn -0.995000 0.005800 0.099400
vn -0.995100 0.005000 0.099100
vn -0.881800 0.006700 0.471500
vn -0.881300 0.007800 0.472400
vn -0.882200 0.005800 0.470800
vn -0.831800 0.005900 0.555100
vn -0.831200 0.006700 0.555900
vn -0.830600 0.007800 0.556700
vn -0.771100 0.006800 0.636700
vn -0.770300 0.007800 0.637600
vn -0.771800 0.005900 0.635800
vn -0.701700 0.006000 0.712400
vn -0.700800 0.006800 0.713300
vn -0.699900 0.007900 0.714200
vn -0.882600 0.005000 0.470100
vn -0.832300 0.005000 0.554300
vn -0.772500 0.005100 0.635000
vn -0.702700 0.005100 0.711500
vn -0.880900 0.009000 0.473200
vn -0.922700 0.009000 0.385400
vn -0.830000 0.009000 0.557600
vn -0.829500 0.010700 0.558400
vn -0.880400 0.010600 0.474000
vn -0.922300 0.010600 0.386300
vn -0.880000 0.012800 0.474700
vn -0.922000 0.012800 0.387000
vn -0.829000 0.012900 0.559000
vn -0.828600 0.016300 0.559600
vn -0.879700 0.016300 0.475300
vn -0.921600 0.016200 0.387700
vn -0.769600 0.009100 0.638400
vn -0.699000 0.009100 0.715100
vn -0.698100 0.010700 0.715900
vn -0.768900 0.010700 0.639200
vn -0.768400 0.012900 0.639900
vn -0.697400 0.012900 0.716500
vn -0.697000 0.016300 0.716900
vn -0.767900 0.016300 0.640300
vn -0.955700 0.009000 0.294300
vn -0.955400 0.010600 0.295100
vn -0.979600 0.010600 0.200300
vn -0.979800 0.008900 0.199600
vn -0.994800 0.008900 0.101000
vn -0.994800 0.010600 0.101700
vn -0.955100 0.012800 0.295900
vn -0.954800 0.016200 0.296600
vn -0.979200 0.016200 0.201900
vn -0.979500 0.012800 0.201100
vn -0.994600 0.012800 0.102500
vn -0.994500 0.016100 0.103200
vn 0.880900 0.006600 0.473200
vn 0.922500 0.006600 0.386000
vn 0.922300 0.007500 0.386500
vn 0.880600 0.007500 0.473800
vn 0.830000 0.007600 0.557700
vn 0.830500 0.006600 0.557000
vn 0.831000 0.005700 0.556300
vn 0.881200 0.005700 0.472600
vn 0.922600 0.005700 0.385500
vn 0.881600 0.004900 0.472000
vn 0.922800 0.004900 0.385100
vn 0.831400 0.005000 0.555600
vn 0.770600 0.006700 0.637200
vn 0.769900 0.007600 0.638100
vn 0.699700 0.007700 0.714300
vn 0.700700 0.006700 0.713300
vn 0.701700 0.005900 0.712400
vn 0.771400 0.005800 0.636400
vn 0.772000 0.005000 0.635500
vn 0.702600 0.005100 0.711500
vn 0.955400 0.006600 0.295300
vn 0.955300 0.007500 0.295600
vn 0.955500 0.005700 0.295000
vn 0.979600 0.005700 0.200600
vn 0.979600 0.006600 0.200800
vn 0.979600 0.007600 0.201000
vn 0.994700 0.006600 0.102300
vn 0.994700 0.007600 0.102300
vn 0.994700 0.005700 0.102200
vn 0.955600 0.004900 0.294600
vn 0.979700 0.004900 0.200400
vn 0.994800 0.004900 0.102100
vn 0.955200 0.008700 0.295800
vn 0.922100 0.008700 0.386800
vn 0.979500 0.008800 0.201100
vn 0.979500 0.010300 0.201100
vn 0.955100 0.010300 0.296000
vn 0.922000 0.010300 0.387100
vn 0.955100 0.012500 0.296000
vn 0.921900 0.012400 0.387200
vn 0.979500 0.012500 0.200900
vn 0.979500 0.015800 0.200600
vn 0.955100 0.015700 0.295800
vn 0.921800 0.015700 0.387200
vn 0.994700 0.008800 0.102300
vn 0.994700 0.010400 0.102200
vn 0.994700 0.012600 0.101900
vn 0.994700 0.015900 0.101600
vn 0.880300 0.008700 0.474300
vn 0.880000 0.010300 0.474700
vn 0.829100 0.010300 0.559000
vn 0.829500 0.008800 0.558400
vn 0.769200 0.008800 0.638900
vn 0.768500 0.010300 0.639700
vn 0.697800 0.010400 0.716200
vn 0.698800 0.008900 0.715300
vn 0.879800 0.012400 0.475100
vn 0.879700 0.015600 0.475200
vn 0.828500 0.015600 0.559800
vn 0.828700 0.012400 0.559500
vn 0.768000 0.012400 0.640300
vn 0.767500 0.015600 0.640800
vn 0.696300 0.015600 0.717600
vn 0.697000 0.012500 0.716900
vn -0.458200 0.007000 0.888800
vn -0.371900 0.007100 0.928200
vn -0.370400 0.008100 0.928800
vn -0.456700 0.008100 0.889600
vn -0.540700 0.008000 0.841200
vn -0.542000 0.007000 0.840300
vn -0.543400 0.006100 0.839400
vn -0.459600 0.006200 0.888100
vn -0.373400 0.006200 0.927600
vn -0.461000 0.005300 0.887300
vn -0.374800 0.005400 0.927100
vn -0.544700 0.005200 0.838600
vn -0.623200 0.006900 0.782000
vn -0.622000 0.007900 0.783000
vn -0.624300 0.006000 0.781100
vn -0.625500 0.005200 0.780200
vn -0.283200 0.007200 0.959000
vn -0.281900 0.008200 0.959400
vn -0.284600 0.006300 0.958600
vn -0.193000 0.006400 0.981200
vn -0.191900 0.007300 0.981400
vn -0.190900 0.008300 0.981600
vn -0.097800 0.007300 0.995200
vn -0.097200 0.008300 0.995200
vn -0.098400 0.006400 0.995100
vn -0.000600 0.006400 1.000000
vn -0.000600 0.007300 1.000000
vn -0.000500 0.008300 0.999900
vn -0.285800 0.005500 0.958300
vn -0.194000 0.005500 0.981000
vn -0.099000 0.005600 0.995100
vn -0.000600 0.005600 1.000000
vn -0.280600 0.009400 0.959700
vn -0.369000 0.009300 0.929300
vn -0.189900 0.009500 0.981700
vn -0.189000 0.011000 0.981900
vn -0.279500 0.011000 0.960100
vn -0.367800 0.010900 0.929800
vn -0.278500 0.013000 0.960300
vn -0.366700 0.013000 0.930200
vn -0.188200 0.013100 0.982000
vn -0.187700 0.016200 0.982100
vn -0.277800 0.016200 0.960500
vn -0.366000 0.016200 0.930400
vn -0.096600 0.009500 0.995300
vn -0.000500 0.009500 0.999900
vn -0.000500 0.011000 0.999900
vn -0.096100 0.011000 0.995300
vn -0.095600 0.013100 0.995300
vn -0.000600 0.013100 0.999900
vn -0.000700 0.016200 0.999800
vn -0.095400 0.016200 0.995300
vn -0.455300 0.009300 0.890300
vn -0.454100 0.010800 0.890900
vn -0.538300 0.010800 0.842700
vn -0.539400 0.009200 0.842000
vn -0.620900 0.009200 0.783800
vn -0.619900 0.010700 0.784600
vn -0.453000 0.013000 0.891400
vn -0.452300 0.016200 0.891700
vn -0.536600 0.016200 0.843600
vn -0.537300 0.012900 0.843300
vn -0.619100 0.012900 0.785200
vn -0.618500 0.016200 0.785600
vn 0.282800 0.007200 0.959100
vn 0.371800 0.007100 0.928300
vn 0.370300 0.008100 0.928900
vn 0.281400 0.008200 0.959500
vn 0.190100 0.008200 0.981700
vn 0.191100 0.007300 0.981500
vn 0.192200 0.006400 0.981300
vn 0.284200 0.006300 0.958700
vn 0.373400 0.006200 0.927600
vn 0.285400 0.005500 0.958400
vn 0.374800 0.005400 0.927100
vn 0.193200 0.005500 0.981100
vn 0.096700 0.007300 0.995300
vn 0.096100 0.008300 0.995300
vn 0.097300 0.006400 0.995200
vn 0.097800 0.005600 0.995200
vn 0.458400 0.007000 0.888700
vn 0.456800 0.008000 0.889500
vn 0.459900 0.006100 0.887900
vn 0.543800 0.006000 0.839100
vn 0.542400 0.006900 0.840100
vn 0.540900 0.007900 0.841100
vn 0.623400 0.006800 0.781800
vn 0.622100 0.007800 0.782900
vn 0.624700 0.005900 0.780800
vn 0.461400 0.005300 0.887100
vn 0.545200 0.005200 0.838300
vn 0.625800 0.005100 0.779900
vn 0.455200 0.009200 0.890300
vn 0.368700 0.009200 0.929500
vn 0.539400 0.009100 0.842000
vn 0.537900 0.010600 0.842900
vn 0.453700 0.010700 0.891100
vn 0.367200 0.010700 0.930100
vn 0.452200 0.012700 0.891800
vn 0.365800 0.012800 0.930600
vn 0.536600 0.012600 0.843700
vn 0.535500 0.015700 0.844400
vn 0.451000 0.015800 0.892300
vn 0.364600 0.015900 0.931000
vn 0.620800 0.008900 0.783900
vn 0.619600 0.010500 0.784800
vn 0.618500 0.012500 0.785600
vn 0.617600 0.015700 0.786300
vn 0.280000 0.009400 0.959900
vn 0.278700 0.010900 0.960300
vn 0.188000 0.010900 0.982100
vn 0.189000 0.009400 0.981900
vn 0.095600 0.009500 0.995400
vn 0.095000 0.011000 0.995400
vn 0.277400 0.012900 0.960600
vn 0.276400 0.016000 0.960900
vn 0.186200 0.016100 0.982400
vn 0.187000 0.013000 0.982200
vn 0.094400 0.013000 0.995400
vn 0.093900 0.016100 0.995400
vn 0.273600 0.062400 0.959800
vn 0.362100 0.062400 0.930000
vn 0.360900 0.089100 0.928300
vn 0.272700 0.089200 0.957900
vn 0.181400 0.089700 0.979300
vn 0.183100 0.062700 0.981100
vn 0.184500 0.041500 0.981900
vn 0.274700 0.041400 0.960600
vn 0.363000 0.041300 0.930800
vn 0.275500 0.024200 0.961000
vn 0.363700 0.024100 0.931200
vn 0.185500 0.024300 0.982300
vn 0.090000 0.063200 0.993900
vn 0.086400 0.090900 0.992100
vn -0.013200 0.093600 0.995500
vn -0.006000 0.064100 0.997900
vn -0.002500 0.042100 0.999100
vn 0.092200 0.041800 0.994800
vn 0.093300 0.024400 0.995300
vn -0.001100 0.024500 0.999700
vn 0.448900 0.062500 0.891400
vn 0.447500 0.089400 0.889800
vn 0.449600 0.041400 0.892300
vn 0.534400 0.041400 0.844200
vn 0.534100 0.062800 0.843000
vn 0.533400 0.090100 0.841000
vn 0.617300 0.063400 0.784100
vn 0.618200 0.091600 0.780700
vn 0.616900 0.041700 0.785900
vn 0.696200 0.042000 0.716600
vn 0.697600 0.064400 0.713600
vn 0.700800 0.094500 0.707000
vn 0.450100 0.024000 0.892600
vn 0.534700 0.024000 0.844700
vn 0.617000 0.024000 0.786600
vn 0.695900 0.024100 0.717600
vn -0.462900 0.074500 0.883200
vn -0.376700 0.071800 0.923600
vn -0.395300 0.119200 0.910800
vn -0.480700 0.127800 0.867500
vn -0.561700 0.136500 0.816000
vn -0.546300 0.077300 0.834000
vn -0.539200 0.046400 0.840800
vn -0.455100 0.045500 0.889200
vn -0.368800 0.044600 0.928400
vn -0.452500 0.025400 0.891400
vn -0.366200 0.025100 0.930200
vn -0.536900 0.025700 0.843300
vn -0.626400 0.080000 0.775400
vn -0.638000 0.144700 0.756300
vn -0.709100 0.151900 0.688600
vn -0.702300 0.082500 0.707000
vn -0.698300 0.048200 0.714100
vn -0.620600 0.047300 0.782600
vn -0.618600 0.025900 0.785200
vn -0.697000 0.026200 0.716600
vn -0.287800 0.069300 0.955200
vn -0.305600 0.110900 0.945700
vn -0.280400 0.043800 0.958900
vn -0.190000 0.043100 0.980800
vn -0.196300 0.067100 0.978200
vn -0.211600 0.103700 0.971800
vn -0.102400 0.065400 0.992600
vn -0.113900 0.097800 0.988600
vn -0.097400 0.042500 0.994300
vn -0.278000 0.024900 0.960200
vn -0.187900 0.024800 0.981800
vn -0.095700 0.024600 0.995100
vn 0.883300 0.069700 0.463600
vn 0.924700 0.072200 0.373600
vn 0.928600 0.120400 0.351000
vn 0.889000 0.112200 0.443800
vn 0.838300 0.104900 0.535000
vn 0.832000 0.067500 0.550600
vn 0.829300 0.043000 0.557100
vn 0.880600 0.043700 0.471700
vn 0.922600 0.044600 0.383000
vn 0.879800 0.024500 0.474600
vn 0.922000 0.024800 0.386400
vn 0.828500 0.024400 0.559400
vn 0.770300 0.065700 0.634300
vn 0.775600 0.098900 0.623400
vn 0.768000 0.042500 0.639000
vn 0.767400 0.024200 0.640600
vn 0.956800 0.074900 0.281000
vn 0.957700 0.129000 0.257000
vn 0.955600 0.045500 0.291100
vn 0.979500 0.046400 0.195800
vn 0.979500 0.077700 0.185600
vn 0.977100 0.137500 0.162000
vn 0.992900 0.080300 0.087400
vn 0.987200 0.145500 0.065900
vn 0.994100 0.047400 0.096900
vn 0.998800 0.048200 -0.005500
vn 0.996500 0.082700 -0.013500
vn 0.987800 0.152400 -0.031300
vn 0.955200 0.025100 0.294700
vn 0.979600 0.025400 0.199500
vn 0.994600 0.025700 0.100500
vn 0.999600 0.026000 -0.002500
vn -0.950000 0.086800 0.299800
vn -0.917800 0.087100 0.387400
vn -0.908500 0.165300 0.383700
vn -0.939100 0.164600 0.301500
vn -0.962900 0.162100 0.215800
vn -0.974200 0.086000 0.208500
vn -0.977600 0.049400 0.204600
vn -0.953200 0.049700 0.298200
vn -0.920300 0.049800 0.388100
vn -0.954400 0.026600 0.297300
vn -0.921200 0.026600 0.388100
vn -0.978900 0.026500 0.202800
vn -0.990000 0.084600 0.113100
vn -0.979300 0.158100 0.125900
vn -0.987800 0.152500 0.031000
vn -0.996500 0.082700 0.013200
vn -0.998800 0.048300 0.005000
vn -0.993000 0.048900 0.106900
vn -0.994200 0.026300 0.104400
vn -0.999600 0.026100 0.001800
vn -0.877400 0.086700 0.471800
vn -0.870900 0.164400 0.463100
vn -0.878700 0.049700 0.474700
vn -0.828400 0.049400 0.558000
vn -0.828500 0.085900 0.553300
vn -0.825700 0.161900 0.540300
vn -0.770500 0.084400 0.631800
vn -0.772200 0.157700 0.615500
vn -0.768500 0.048900 0.638000
vn -0.879300 0.026600 0.475400
vn -0.828400 0.026500 0.559500
vn -0.767800 0.026400 0.640100
vn 0.950300 0.086800 -0.299000
vn 0.918600 0.087000 -0.385500
vn 0.909400 0.165200 -0.381800
vn 0.939400 0.164400 -0.300600
vn 0.962900 0.162100 -0.215700
vn 0.974200 0.085900 -0.208500
vn 0.977500 0.049400 -0.204700
vn 0.953400 0.049700 -0.297600
vn 0.921000 0.049800 -0.386400
vn 0.954500 0.026600 -0.297000
vn 0.921800 0.026600 -0.386700
vn 0.978800 0.026500 -0.203300
vn 0.989900 0.084600 -0.113400
vn 0.979300 0.158100 -0.126100
vn 0.993000 0.048900 -0.107400
vn 0.994100 0.026300 -0.105100
vn 0.879200 0.086700 -0.468400
vn 0.872700 0.164300 -0.459800
vn 0.880500 0.049700 -0.471500
vn 0.831600 0.049400 -0.553100
vn 0.831900 0.085900 -0.548100
vn 0.829100 0.161800 -0.535200
vn 0.776200 0.084500 -0.624700
vn 0.777700 0.157700 -0.608400
vn 0.774000 0.048900 -0.631200
vn 0.707000 0.048200 -0.705500
vn 0.711300 0.082500 -0.698000
vn 0.717800 0.152000 -0.679500
vn 0.880800 0.026600 -0.472600
vn 0.831400 0.026600 -0.555000
vn 0.773000 0.026400 -0.633800
vn 0.705100 0.026200 -0.708500
vn 0.480300 0.074600 -0.873900
vn 0.394400 0.071900 -0.916100
vn 0.413500 0.119800 -0.902600
vn 0.498200 0.128400 -0.857400
vn 0.577100 0.137000 -0.805100
vn 0.561800 0.077400 -0.823600
vn 0.554100 0.046400 -0.831100
vn 0.471700 0.045400 -0.880600
vn 0.385600 0.044400 -0.921600
vn 0.467900 0.025100 -0.883400
vn 0.381800 0.024700 -0.923900
vn 0.550700 0.025500 -0.834300
vn 0.638900 0.080100 -0.765100
vn 0.650200 0.145000 -0.745800
vn 0.632700 0.047400 -0.772900
vn 0.630000 0.025900 -0.776200
vn 0.304100 0.069300 -0.950100
vn 0.322600 0.111600 -0.939900
vn 0.295800 0.043500 -0.954300
vn 0.202000 0.042700 -0.978400
vn 0.209200 0.067100 -0.975600
vn 0.225200 0.104300 -0.968700
vn 0.109800 0.065200 -0.991800
vn 0.121800 0.098400 -0.987600
vn 0.104200 0.042000 -0.993700
vn 0.002500 0.041600 -0.999100
vn 0.006000 0.063900 -0.997900
vn 0.013400 0.094000 -0.995500
vn 0.292200 0.024400 -0.956100
vn 0.198900 0.024000 -0.979700
vn 0.101900 0.023800 -0.994500
vn 0.001100 0.023600 -0.999700
vn -0.290000 0.062300 -0.955000
vn -0.380100 0.062300 -0.922800
vn -0.379800 0.089300 -0.920700
vn -0.289800 0.089400 -0.952900
vn -0.194800 0.089900 -0.976700
vn -0.195900 0.062500 -0.978600
vn -0.196600 0.041100 -0.979600
vn -0.290100 0.041000 -0.956100
vn -0.379900 0.041100 -0.924100
vn -0.289700 0.023600 -0.956800
vn -0.379300 0.023700 -0.925000
vn -0.196600 0.023500 -0.980200
vn -0.097300 0.063000 -0.993300
vn -0.093900 0.091300 -0.991400
vn -0.099100 0.041200 -0.994200
vn -0.099700 0.023600 -0.994700
vn -0.466800 0.062500 -0.882100
vn -0.466200 0.089500 -0.880100
vn -0.466400 0.041200 -0.883600
vn -0.549500 0.041400 -0.834400
vn -0.550300 0.062900 -0.832600
vn -0.550300 0.090200 -0.830000
vn -0.630600 0.063500 -0.773500
vn -0.632100 0.091700 -0.769400
vn -0.629400 0.041700 -0.775900
vn -0.705400 0.042100 -0.707500
vn -0.707300 0.064500 -0.703900
vn -0.711000 0.094500 -0.696800
vn -0.465600 0.023800 -0.884600
vn -0.548800 0.023900 -0.835600
vn -0.628600 0.024100 -0.777400
vn -0.704500 0.024300 -0.709300
vn -0.885500 0.069900 -0.459200
vn -0.925800 0.072300 -0.370900
vn -0.929700 0.120400 -0.348100
vn -0.891300 0.112200 -0.439300
vn -0.842300 0.104900 -0.528600
vn -0.836000 0.067700 -0.544600
vn -0.833100 0.043200 -0.551400
vn -0.882800 0.043900 -0.467600
vn -0.923700 0.044800 -0.380400
vn -0.881900 0.024800 -0.470700
vn -0.923000 0.025000 -0.384000
vn -0.832100 0.024600 -0.554100
vn -0.776700 0.065900 -0.626400
vn -0.782300 0.098900 -0.615000
vn -0.774100 0.042600 -0.631600
vn -0.773100 0.024400 -0.633700
vn -0.957200 0.075000 -0.279500
vn -0.958200 0.128900 -0.255400
vn -0.956000 0.045700 -0.289700
vn -0.979600 0.046600 -0.195300
vn -0.979600 0.077800 -0.185000
vn -0.977300 0.137500 -0.161300
vn -0.992900 0.080400 -0.087400
vn -0.987200 0.145500 -0.065800
vn -0.994100 0.047500 -0.097000
vn -0.955600 0.025300 -0.293500
vn -0.979600 0.025600 -0.199200
vn -0.994600 0.025800 -0.100700
vn -0.889100 0.222300 -0.400000
vn -0.921100 0.242100 -0.304800
vn -0.835400 0.494600 -0.239600
vn -0.818200 0.467500 -0.334600
vn -0.786600 0.440800 -0.432300
vn -0.844100 0.203900 -0.495800
vn -0.784800 0.188200 -0.590400
vn -0.737400 0.416300 -0.531900
vn -0.668600 0.398900 -0.627500
vn -0.710700 0.177000 -0.680800
vn -0.941700 0.261800 -0.211200
vn -0.841000 0.519800 -0.150100
vn -0.952300 0.280600 -0.119700
vn -0.837200 0.542600 -0.067900
vn -0.954200 0.297600 -0.030100
vn -0.826900 0.562300 0.007600
vn -0.948300 0.312000 0.057800
vn -0.812100 0.578400 0.077400
vn -0.601500 0.793700 -0.090200
vn -0.608200 0.776100 -0.166600
vn -0.587800 0.808600 -0.026400
vn -0.384100 0.923200 -0.005300
vn -0.401900 0.914000 -0.055300
vn -0.416600 0.900900 -0.121500
vn -0.570800 0.820600 0.026700
vn -0.553300 0.829900 0.071000
vn -0.350800 0.934700 0.057600
vn -0.366400 0.929900 0.031500
vn -0.604700 0.756000 -0.250700
vn -0.424400 0.883500 -0.198000
vn -0.421600 0.863200 -0.277800
vn -0.587800 0.735400 -0.337000
vn -0.560000 0.714300 -0.419600
vn -0.410000 0.845000 -0.343200
vn -0.398900 0.838100 -0.371900
vn -0.521600 0.700600 -0.487000
vn -0.287800 0.168700 -0.942700
vn -0.376000 0.168900 -0.911100
vn -0.350400 0.395900 -0.848800
vn -0.267000 0.394800 -0.879100
vn -0.179200 0.393200 -0.901800
vn -0.193300 0.168900 -0.966500
vn -0.089800 0.170800 -0.981200
vn -0.080700 0.392600 -0.916100
vn 0.032100 0.398200 -0.916700
vn 0.024400 0.176500 -0.984000
vn -0.460800 0.168800 -0.871200
vn -0.430700 0.395000 -0.811500
vn -0.544500 0.169100 -0.821500
vn -0.508800 0.393600 -0.765600
vn -0.628000 0.171100 -0.759100
vn -0.588500 0.393200 -0.706400
vn -0.344300 0.704100 -0.621100
vn -0.270700 0.704600 -0.655900
vn -0.410600 0.703800 -0.579700
vn -0.336900 0.840700 -0.423900
vn -0.274700 0.844300 -0.460100
vn -0.203500 0.845800 -0.493200
vn -0.470400 0.701100 -0.535800
vn -0.381900 0.837600 -0.390600
vn -0.194000 0.703800 -0.683300
vn -0.129700 0.844100 -0.520200
vn -0.060000 0.840400 -0.538600
vn -0.117700 0.703400 -0.701000
vn -0.044200 0.700600 -0.712200
vn -0.004400 0.837200 -0.546900
vn 0.021000 0.837600 -0.545800
vn 0.026900 0.699800 -0.713800
vn 0.517800 0.260900 -0.814700
vn 0.438100 0.241200 -0.865900
vn 0.423600 0.493100 -0.759800
vn 0.489900 0.518200 -0.700900
vn 0.544400 0.541000 -0.641000
vn 0.588900 0.279600 -0.758300
vn 0.652300 0.296500 -0.697500
vn 0.589500 0.560700 -0.581500
vn 0.627300 0.576900 -0.523100
vn 0.708900 0.311000 -0.633000
vn 0.348800 0.221600 -0.910600
vn 0.344800 0.466300 -0.814700
vn 0.249700 0.203200 -0.946700
vn 0.253700 0.439700 -0.861500
vn 0.141000 0.187700 -0.972000
vn 0.148500 0.415400 -0.897400
vn 0.252700 0.754800 -0.605300
vn 0.314300 0.774900 -0.548400
vn 0.180000 0.734400 -0.654400
vn 0.103700 0.862600 -0.495000
vn 0.161900 0.882900 -0.440600
vn 0.210200 0.900300 -0.381200
vn 0.102000 0.713400 -0.693200
vn 0.049300 0.844500 -0.533200
vn 0.363000 0.792500 -0.490100
vn 0.246200 0.913400 -0.324100
vn 0.268500 0.922700 -0.276700
vn 0.397700 0.807300 -0.435900
vn 0.422700 0.819500 -0.387100
vn 0.281500 0.929400 -0.238600
vn 0.288600 0.934200 -0.209500
vn 0.440900 0.828900 -0.344200
vn 0.894800 0.335900 -0.294000
vn 0.867900 0.337300 -0.364500
vn 0.733800 0.605300 -0.308300
vn 0.755100 0.603800 -0.255500
vn 0.775300 0.598900 -0.200500
vn 0.917400 0.331200 -0.220300
vn 0.935600 0.323300 -0.142000
vn 0.794500 0.590500 -0.141800
vn 0.812100 0.578300 -0.077600
vn 0.948300 0.312000 -0.058000
vn 0.836700 0.335600 -0.432800
vn 0.711300 0.603400 -0.360400
vn 0.800400 0.330600 -0.499900
vn 0.686800 0.598200 -0.412800
vn 0.758300 0.322400 -0.566500
vn 0.659300 0.589400 -0.466800
vn 0.480700 0.843700 -0.238800
vn 0.493400 0.844700 -0.207400
vn 0.468300 0.840800 -0.271400
vn 0.298200 0.939900 -0.166200
vn 0.303700 0.941200 -0.147700
vn 0.310100 0.941700 -0.130400
vn 0.455400 0.836000 -0.306200
vn 0.293400 0.937600 -0.186500
vn 0.506700 0.843900 -0.176200
vn 0.317800 0.941300 -0.113600
vn 0.326900 0.940100 -0.096500
vn 0.521000 0.841300 -0.144000
vn 0.536600 0.836700 -0.109500
vn 0.337900 0.937900 -0.078300
vn 0.351000 0.934600 -0.058000
vn 0.553500 0.829800 -0.071300
vn -0.894400 0.336300 0.294800
vn -0.867000 0.337800 0.366200
vn -0.732800 0.606000 0.309500
vn -0.754400 0.604400 0.256000
vn -0.774900 0.599400 0.200500
vn -0.917300 0.331500 0.220400
vn -0.935500 0.323400 0.141800
vn -0.794300 0.590800 0.141600
vn -0.834900 0.336100 0.435700
vn -0.709600 0.604200 0.362400
vn -0.797400 0.331100 0.504400
vn -0.684100 0.599000 0.416100
vn -0.753300 0.322800 0.572900
vn -0.655200 0.590100 0.471700
vn -0.701200 0.311200 0.641400
vn -0.621100 0.577400 0.529900
vn -0.479400 0.844100 0.239900
vn -0.492400 0.845100 0.208000
vn -0.466400 0.841300 0.273300
vn -0.297300 0.940000 0.167200
vn -0.303000 0.941400 0.148300
vn -0.309600 0.941800 0.130700
vn -0.452700 0.836400 0.309100
vn -0.437100 0.829100 0.348600
vn -0.286800 0.934200 0.212200
vn -0.292000 0.937700 0.188200
vn -0.506000 0.844300 0.176300
vn -0.317400 0.941500 0.113600
vn -0.326600 0.940200 0.096300
vn -0.520600 0.841600 0.143900
vn -0.536300 0.836900 0.109200
vn -0.337700 0.938000 0.078000
vn 0.887000 0.222800 0.404400
vn 0.920100 0.242500 0.307500
vn 0.834300 0.495500 0.241900
vn 0.815900 0.468700 0.338500
vn 0.782700 0.442200 0.438000
vn 0.840200 0.204400 0.502200
vn 0.778300 0.188700 0.598900
vn 0.730900 0.417700 0.539600
vn 0.658900 0.400100 0.637000
vn 0.700500 0.177300 0.691200
vn 0.941300 0.262200 0.212700
vn 0.840400 0.520400 0.151200
vn 0.952200 0.280800 0.120200
vn 0.837000 0.542900 0.068200
vn 0.954200 0.297600 0.030100
vn 0.826800 0.562400 -0.007600
vn 0.600800 0.794200 0.090900
vn 0.606800 0.776800 0.168200
vn 0.587500 0.808700 0.026600
vn 0.384000 0.923300 0.005300
vn 0.401300 0.914200 0.055800
vn 0.415500 0.901200 0.122900
vn 0.570800 0.820600 -0.026800
vn 0.366400 0.929900 -0.031700
vn 0.602200 0.757000 0.253600
vn 0.422100 0.884000 0.200700
vn 0.417900 0.863600 0.281900
vn 0.583800 0.736600 0.341400
vn 0.554200 0.715400 0.425500
vn 0.404900 0.845400 0.348400
vn 0.392800 0.838700 0.377100
vn 0.513600 0.701500 0.494100
vn -0.501400 0.260000 0.825200
vn -0.420600 0.240000 0.874900
vn -0.408900 0.491500 0.768900
vn -0.476500 0.517300 0.710800
vn -0.533100 0.540700 0.650600
vn -0.574800 0.279100 0.769200
vn -0.641300 0.296400 0.707700
vn -0.580700 0.560900 0.590000
vn -0.332100 0.220100 0.917200
vn -0.330200 0.464000 0.822000
vn -0.236100 0.201600 0.950600
vn -0.241400 0.437000 0.866500
vn -0.132800 0.186100 0.973500
vn -0.140900 0.412500 0.900000
vn -0.024000 0.175100 0.984200
vn -0.031600 0.395500 0.917900
vn -0.243400 0.751800 0.612900
vn -0.305100 0.772800 0.556500
vn -0.171800 0.730600 0.660800
vn -0.099700 0.858300 0.503300
vn -0.157400 0.879700 0.448700
vn -0.205700 0.898200 0.388500
vn -0.096700 0.709400 0.698100
vn -0.026600 0.696100 0.717500
vn -0.020900 0.833200 0.552400
vn -0.047000 0.839600 0.541100
vn -0.354700 0.791300 0.497900
vn -0.242200 0.912200 0.330400
vn -0.265200 0.922100 0.281600
vn -0.390900 0.806900 0.442900
vn -0.417300 0.819400 0.392900
vn -0.279000 0.929200 0.242300
vn 0.270800 0.168000 0.947800
vn 0.357300 0.168400 0.918600
vn 0.333900 0.395000 0.855800
vn 0.252100 0.393300 0.884200
vn 0.167300 0.391200 0.904900
vn 0.180000 0.168000 0.969200
vn 0.082400 0.169600 0.982100
vn 0.073900 0.390300 0.917700
vn 0.442200 0.168600 0.880900
vn 0.414100 0.394700 0.820200
vn 0.527500 0.169100 0.832500
vn 0.493500 0.393900 0.775400
vn 0.613900 0.171300 0.770500
vn 0.575500 0.394000 0.716600
vn 0.332900 0.703300 0.628100
vn 0.259600 0.702800 0.662300
vn 0.399900 0.703900 0.587100
vn 0.330400 0.840100 0.430100
vn 0.268000 0.842700 0.466900
vn 0.197100 0.843100 0.500300
vn 0.460700 0.701900 0.543200
vn 0.375700 0.837700 0.396300
vn 0.183900 0.701000 0.689000
vn 0.124100 0.840400 0.527500
vn 0.055800 0.836000 0.545900
vn 0.109700 0.699900 0.705800
vn 0.039500 0.696900 0.716100
vn 0.002300 0.832500 0.554000
vn -0.114800 0.991300 -0.063800
vn -0.036700 0.995300 -0.089100
vn -0.061200 0.987000 -0.148400
vn -0.141000 0.982300 -0.123300
vn -0.228200 0.967300 -0.110900
vn -0.200700 0.978400 -0.049700
vn -0.179300 0.983700 -0.008100
vn -0.096000 0.995100 -0.023800
vn -0.020200 0.998600 -0.049100
vn -0.083600 0.996500 0.000100
vn -0.010300 0.999600 -0.025200
vn -0.163600 0.986300 0.017600
vn -0.153400 0.987700 0.030700
vn -0.076600 0.997000 0.010800
vn -0.006000 0.999800 -0.014700
vn -0.302800 0.951900 -0.045700
vn -0.327100 0.938600 -0.109700
vn -0.281100 0.959700 -0.000500
vn -0.262900 0.964400 0.029600
vn -0.249100 0.967300 0.047800
vn 0.036400 0.991300 -0.126600
vn 0.013100 0.982200 -0.187000
vn 0.051200 0.995100 -0.085100
vn 0.121200 0.983600 -0.133200
vn 0.107200 0.978300 -0.177400
vn 0.083700 0.967200 -0.239900
vn 0.182500 0.951700 -0.247000
vn 0.154800 0.938300 -0.309100
vn 0.198700 0.959400 -0.200000
vn 0.059100 0.996500 -0.059400
vn 0.061700 0.997000 -0.047000
vn 0.129900 0.987600 -0.087700
vn 0.128100 0.986300 -0.104000
vn 0.206900 0.964100 -0.166200
vn 0.209700 0.967100 -0.144000
vn -0.019400 0.963400 -0.267100
vn -0.094300 0.968900 -0.228600
vn 0.050300 0.946600 -0.318400
vn 0.008400 0.912600 -0.408600
vn -0.060200 0.929400 -0.364000
vn -0.135200 0.935000 -0.327700
vn -0.102000 0.882100 -0.459900
vn -0.176500 0.886400 -0.427900
vn -0.033600 0.870000 -0.492000
vn 0.116000 0.917300 -0.380900
vn 0.067900 0.887100 -0.456500
vn 0.021600 0.854900 -0.518400
vn -0.174400 0.963500 -0.203000
vn -0.213800 0.929400 -0.300600
vn -0.293800 0.912700 -0.283800
vn -0.259900 0.946700 -0.190200
vn -0.350300 0.917500 -0.188100
vn -0.369500 0.887400 -0.275700
vn -0.251800 0.882100 -0.398000
vn -0.322800 0.870100 -0.372500
vn -0.380300 0.855100 -0.352200
vn -0.067200 0.997400 0.023400
vn -0.065200 0.997500 0.027500
vn -0.001400 1.000000 -0.003400
vn -0.002800 1.000000 -0.006900
vn -0.069600 0.997400 0.019300
vn -0.141100 0.989000 0.044000
vn -0.137000 0.989300 0.050200
vn -0.133900 0.989400 0.056500
vn -0.223800 0.971200 0.081700
vn -0.218600 0.971400 0.092300
vn -0.230400 0.970500 0.071100
vn -0.072700 0.997200 0.015300
vn -0.004300 0.999900 -0.010600
vn -0.146500 0.988500 0.037600
vn -0.238700 0.969200 0.060000
vn -0.063800 0.997400 0.031700
vn 0.001400 1.000000 0.003300
vn -0.131700 0.989300 0.063200
vn -0.130300 0.989000 0.070500
vn -0.062700 0.997300 0.036300
vn 0.002800 1.000000 0.006800
vn -0.062000 0.997200 0.041500
vn 0.004400 0.999900 0.010600
vn -0.129600 0.988400 0.078900
vn -0.129600 0.987600 0.088800
vn -0.061600 0.996900 0.047500
vn 0.006100 0.999800 0.014700
vn -0.214800 0.971200 0.103500
vn -0.212000 0.970400 0.115700
vn -0.210100 0.969100 0.129600
vn -0.208800 0.967000 0.145800
vn 0.067200 0.997400 -0.023500
vn 0.065300 0.997500 -0.027500
vn 0.069700 0.997400 -0.019600
vn 0.141200 0.989000 -0.044200
vn 0.137100 0.989300 -0.050300
vn 0.134000 0.989300 -0.056400
vn 0.223900 0.971200 -0.081700
vn 0.218900 0.971400 -0.092100
vn 0.230500 0.970400 -0.071300
vn 0.072800 0.997200 -0.015400
vn 0.076700 0.997000 -0.011000
vn 0.153400 0.987600 -0.031000
vn 0.146600 0.988500 -0.037900
vn 0.238800 0.969200 -0.060300
vn 0.249200 0.967200 -0.048200
vn 0.063800 0.997400 -0.031700
vn 0.131800 0.989300 -0.063000
vn 0.130400 0.989000 -0.070100
vn 0.062700 0.997300 -0.036200
vn 0.062100 0.997200 -0.041300
vn 0.129900 0.988400 -0.078200
vn 0.215100 0.971100 -0.103000
vn 0.212400 0.970400 -0.115000
vn 0.210700 0.969100 -0.128400
vn 0.114700 0.991300 0.064700
vn 0.036700 0.995200 0.090600
vn 0.060900 0.986600 0.151400
vn 0.140400 0.982100 0.125400
vn 0.227500 0.967200 0.112600
vn 0.200400 0.978400 0.050300
vn 0.179300 0.983700 0.008100
vn 0.096000 0.995100 0.024000
vn 0.020300 0.998500 0.049700
vn 0.083600 0.996500 -0.000200
vn 0.010500 0.999600 0.025300
vn 0.163700 0.986300 -0.017900
vn 0.302500 0.952000 0.046200
vn 0.326200 0.938700 0.111100
vn 0.281000 0.959700 0.000500
vn 0.263000 0.964300 -0.029900
vn -0.036200 0.991000 0.129000
vn -0.013100 0.981500 0.191000
vn -0.051000 0.994900 0.086400
vn -0.120600 0.983400 0.135600
vn -0.106500 0.977700 0.181200
vn -0.083000 0.965800 0.245400
vn -0.180500 0.950700 0.252200
vn -0.152600 0.936400 0.315900
vn -0.197100 0.959000 0.203800
vn -0.058900 0.996400 0.060100
vn -0.127700 0.986200 0.105600
vn -0.205600 0.963900 0.168900
vn 0.019000 0.961800 0.273000
vn 0.093400 0.967900 0.233500
vn -0.050000 0.944200 0.325600
vn -0.008800 0.908500 0.417700
vn 0.058800 0.926400 0.371900
vn 0.133100 0.932900 0.334600
vn 0.098700 0.878000 0.468400
vn 0.172400 0.883400 0.435800
vn 0.031400 0.864800 0.501000
vn -0.114000 0.914100 0.389100
vn -0.066400 0.882400 0.465800
vn -0.021700 0.849300 0.527500
vn 0.173100 0.962900 0.207000
vn 0.211200 0.928100 0.306600
vn 0.290900 0.912000 0.289200
vn 0.258300 0.946400 0.193500
vn 0.348400 0.917600 0.191100
vn 0.366200 0.887200 0.280500
vn 0.247200 0.880200 0.405100
vn 0.318000 0.869100 0.378900
vn 0.375400 0.854900 0.358100
vn -0.466500 -0.087800 -0.880100
vn -0.380400 -0.087700 -0.920700
vn -0.378100 -0.147600 -0.913900
vn -0.463600 -0.147800 -0.873600
vn -0.545700 -0.148000 -0.824800
vn -0.549300 -0.088000 -0.831000
vn -0.550100 -0.053500 -0.833300
vn -0.467100 -0.053300 -0.882600
vn -0.380700 -0.053200 -0.923200
vn -0.466800 -0.030100 -0.883800
vn -0.380300 -0.030000 -0.924300
vn -0.550000 -0.030300 -0.834600
vn -0.628600 -0.088200 -0.772700
vn -0.624400 -0.148100 -0.766900
vn -0.699100 -0.148300 -0.699400
vn -0.704000 -0.088300 -0.704700
vn -0.705400 -0.053800 -0.706700
vn -0.629700 -0.053700 -0.774900
vn -0.629800 -0.030500 -0.776100
vn -0.705700 -0.030600 -0.707800
vn -0.290900 -0.087600 -0.952700
vn -0.289200 -0.147600 -0.945800
vn -0.291000 -0.053000 -0.955200
vn -0.197800 -0.052900 -0.978800
vn -0.197800 -0.087500 -0.976300
vn -0.196600 -0.147500 -0.969300
vn -0.100800 -0.087500 -0.991000
vn -0.100300 -0.147500 -0.983900
vn -0.100800 -0.052900 -0.993500
vn 0.000000 -0.052900 -0.998600
vn 0.000000 -0.087500 -0.996200
vn 0.000000 -0.147500 -0.989000
vn -0.290600 -0.029800 -0.956400
vn -0.197400 -0.029700 -0.979900
vn -0.100600 -0.029600 -0.994500
vn 0.000000 -0.029600 -0.999500
vn -0.284600 -0.232600 -0.930000
vn -0.372000 -0.232600 -0.898600
vn -0.193500 -0.232600 -0.953100
vn -0.191300 -0.277800 -0.941400
vn -0.281200 -0.277700 -0.918500
vn -0.367500 -0.277800 -0.887500
vn -0.098700 -0.232600 -0.967500
vn 0.000000 -0.232700 -0.972500
vn 0.000000 -0.278000 -0.960600
vn -0.097500 -0.277900 -0.955600
vn -0.456100 -0.232700 -0.858900
vn -0.450500 -0.277900 -0.848400
vn -0.530300 -0.278000 -0.800900
vn -0.536900 -0.232900 -0.810900
vn -0.614200 -0.233000 -0.753900
vn -0.606700 -0.278200 -0.744700
vn -0.679200 -0.278300 -0.679100
vn -0.687600 -0.233200 -0.687600
vn -0.952400 -0.088500 -0.291800
vn -0.920200 -0.088500 -0.381300
vn -0.913600 -0.148300 -0.378500
vn -0.945600 -0.148400 -0.289600
vn -0.969100 -0.148500 -0.197000
vn -0.976000 -0.088600 -0.198600
vn -0.978500 -0.054100 -0.199200
vn -0.954700 -0.054100 -0.292600
vn -0.922400 -0.054000 -0.382400
vn -0.955600 -0.030900 -0.293100
vn -0.923200 -0.030900 -0.383000
vn -0.979400 -0.030900 -0.199500
vn -0.990900 -0.088700 -0.101400
vn -0.983800 -0.148600 -0.100500
vn -0.988900 -0.148700 -0.000100
vn -0.996000 -0.088800 -0.000200
vn -0.998500 -0.054300 -0.000400
vn -0.993300 -0.054200 -0.101800
vn -0.994300 -0.031000 -0.102100
vn -0.999500 -0.031100 -0.000500
vn -0.879600 -0.088400 -0.467400
vn -0.873300 -0.148300 -0.463900
vn -0.881600 -0.054000 -0.468700
vn -0.832200 -0.053900 -0.551700
vn -0.830300 -0.088400 -0.550200
vn -0.824500 -0.148300 -0.546100
vn -0.772000 -0.088400 -0.629400
vn -0.766600 -0.148300 -0.624700
vn -0.773700 -0.053900 -0.631200
vn -0.882400 -0.030800 -0.469400
vn -0.832900 -0.030700 -0.552500
vn -0.774200 -0.030700 -0.632200
vn -0.858800 -0.233100 -0.456100
vn -0.898400 -0.233100 -0.372100
vn -0.810800 -0.233100 -0.536900
vn -0.800900 -0.278200 -0.530200
vn -0.848400 -0.278100 -0.450500
vn -0.887400 -0.278100 -0.367500
vn -0.753900 -0.233200 -0.614200
vn -0.744700 -0.278300 -0.606600
vn -0.929800 -0.233200 -0.284600
vn -0.918400 -0.278200 -0.281200
vn -0.941200 -0.278300 -0.191300
vn -0.952900 -0.233300 -0.193600
vn -0.967300 -0.233400 -0.098800
vn -0.955500 -0.278500 -0.097500
vn -0.960400 -0.278500 0.000000
vn -0.972400 -0.233500 0.000000
vn -0.879600 -0.088800 0.467400
vn -0.920200 -0.088800 0.381200
vn -0.913600 -0.148600 0.378500
vn -0.873200 -0.148600 0.464000
vn -0.824300 -0.148700 0.546200
vn -0.830300 -0.088800 0.550100
vn -0.832400 -0.054400 0.551500
vn -0.881800 -0.054300 0.468500
vn -0.922500 -0.054300 0.382100
vn -0.882700 -0.031200 0.468900
vn -0.923500 -0.031200 0.382300
vn -0.833200 -0.031200 0.552000
vn -0.772000 -0.088800 0.629400
vn -0.766400 -0.148700 0.624800
vn -0.699000 -0.148700 0.699500
vn -0.704000 -0.088800 0.704600
vn -0.705700 -0.054300 0.706400
vn -0.773900 -0.054400 0.631000
vn -0.774600 -0.031200 0.631600
vn -0.706300 -0.031200 0.707200
vn -0.952400 -0.088800 0.291600
vn -0.945500 -0.148600 0.289600
vn -0.954800 -0.054300 0.292200
vn -0.978600 -0.054300 0.198600
vn -0.976100 -0.088800 0.198200
vn -0.969100 -0.148600 0.196900
vn -0.990900 -0.088800 0.101000
vn -0.983800 -0.148700 0.100400
vn -0.993400 -0.054300 0.101100
vn -0.955800 -0.031200 0.292300
vn -0.979600 -0.031100 0.198600
vn -0.994400 -0.031100 0.101000
vn -0.929700 -0.233300 0.284800
vn -0.898300 -0.233300 0.372300
vn -0.952900 -0.233400 0.193700
vn -0.941200 -0.278400 0.191400
vn -0.918300 -0.278300 0.281300
vn -0.887300 -0.278300 0.367700
vn -0.967300 -0.233400 0.098800
vn -0.955400 -0.278500 0.097600
vn -0.858700 -0.233300 0.456300
vn -0.848100 -0.278300 0.450700
vn -0.800700 -0.278400 0.530400
vn -0.810600 -0.233400 0.537100
vn -0.753700 -0.233400 0.614400
vn -0.744400 -0.278500 0.606800
vn -0.678900 -0.278500 0.679300
vn -0.687400 -0.233500 0.687700
vn -0.291300 -0.088500 0.952500
vn -0.380800 -0.088500 0.920400
vn -0.378200 -0.148300 0.913700
vn -0.289300 -0.148300 0.945600
vn -0.196800 -0.148300 0.969100
vn -0.198200 -0.088500 0.976100
vn -0.198600 -0.054000 0.978600
vn -0.291900 -0.054000 0.954900
vn -0.381600 -0.054000 0.922700
vn -0.292000 -0.030900 0.955900
vn -0.381800 -0.030900 0.923700
vn -0.198600 -0.030900 0.979600
vn -0.101100 -0.088500 0.990900
vn -0.100400 -0.148400 0.983800
vn 0.000000 -0.148400 0.988900
vn -0.000000 -0.088500 0.996100
vn -0.000100 -0.054000 0.998500
vn -0.101300 -0.054000 0.993400
vn -0.101400 -0.030800 0.994400
vn -0.000100 -0.030800 0.999500
vn -0.466900 -0.088600 0.879800
vn -0.463700 -0.148400 0.873500
vn -0.467800 -0.054100 0.882100
vn -0.550800 -0.054200 0.832900
vn -0.549600 -0.088700 0.830700
vn -0.545700 -0.148500 0.824700
vn -0.628800 -0.088700 0.772500
vn -0.624300 -0.148600 0.766800
vn -0.630200 -0.054300 0.774500
vn -0.468100 -0.031000 0.883100
vn -0.551100 -0.031000 0.833800
vn -0.630700 -0.031100 0.775400
vn -0.456000 -0.233100 0.858900
vn -0.372000 -0.233000 0.898500
vn -0.536700 -0.233200 0.810800
vn -0.530100 -0.278300 0.800900
vn -0.450400 -0.278100 0.848400
vn -0.367500 -0.278100 0.887400
vn -0.614000 -0.233400 0.754000
vn -0.606500 -0.278400 0.744700
vn -0.284600 -0.233000 0.929900
vn -0.281200 -0.278100 0.918500
vn -0.191300 -0.278200 0.941300
vn -0.193600 -0.233100 0.953000
vn -0.098700 -0.233200 0.967400
vn -0.097600 -0.278300 0.955500
vn 0.000000 -0.278300 0.960400
vn 0.000000 -0.233200 0.972400
vn 0.466900 -0.088500 0.879800
vn 0.380800 -0.088500 0.920400
vn 0.378200 -0.148300 0.913700
vn 0.463700 -0.148400 0.873500
vn 0.545800 -0.148400 0.824600
vn 0.549600 -0.088600 0.830700
vn 0.550800 -0.054100 0.832800
vn 0.467900 -0.054100 0.882100
vn 0.381600 -0.054000 0.922700
vn 0.468200 -0.030900 0.883100
vn 0.381800 -0.030900 0.923700
vn 0.551200 -0.031000 0.833800
vn 0.628800 -0.088700 0.772500
vn 0.624400 -0.148500 0.766800
vn 0.699000 -0.148600 0.699500
vn 0.704000 -0.088700 0.704600
vn 0.705700 -0.054200 0.706400
vn 0.630300 -0.054200 0.774500
vn 0.630800 -0.031000 0.775300
vn 0.706300 -0.031000 0.707200
vn 0.291300 -0.088500 0.952500
vn 0.289300 -0.148300 0.945600
vn 0.291800 -0.054000 0.954900
vn 0.198400 -0.054000 0.978600
vn 0.198100 -0.088500 0.976200
vn 0.196800 -0.148300 0.969100
vn 0.101000 -0.088500 0.990900
vn 0.100300 -0.148400 0.983800
vn 0.101100 -0.054000 0.993400
vn 0.291900 -0.030900 0.955900
vn 0.198500 -0.030800 0.979600
vn 0.101100 -0.030800 0.994400
vn 0.284600 -0.233000 0.929900
vn 0.372000 -0.233000 0.898500
vn 0.193600 -0.233100 0.953000
vn 0.191300 -0.278200 0.941300
vn 0.281200 -0.278100 0.918500
vn 0.367500 -0.278100 0.887400
vn 0.098700 -0.233200 0.967400
vn 0.097600 -0.278300 0.955500
vn 0.456000 -0.233100 0.858900
vn 0.450500 -0.278100 0.848400
vn 0.530100 -0.278300 0.800900
vn 0.536700 -0.233200 0.810800
vn 0.614000 -0.233300 0.754000
vn 0.606500 -0.278400 0.744700
vn 0.679000 -0.278500 0.679300
vn 0.687400 -0.233400 0.687700
vn 0.952400 -0.088700 0.291700
vn 0.920200 -0.088700 0.381400
vn 0.913500 -0.148500 0.378600
vn 0.945500 -0.148500 0.289600
vn 0.969100 -0.148600 0.197000
vn 0.976100 -0.088700 0.198400
vn 0.978500 -0.054200 0.198900
vn 0.954700 -0.054200 0.292500
vn 0.922400 -0.054200 0.382300
vn 0.955700 -0.031000 0.292800
vn 0.923300 -0.031000 0.382800
vn 0.979500 -0.031000 0.199100
vn 0.990900 -0.088700 0.101200
vn 0.983800 -0.148600 0.100400
vn 0.988900 -0.148600 0.000000
vn 0.996000 -0.088700 -0.000000
vn 0.998500 -0.054200 -0.000100
vn 0.993300 -0.054200 0.101400
vn 0.994300 -0.031000 0.101500
vn 0.999500 -0.031000 -0.000100
vn 0.879500 -0.088700 0.467500
vn 0.873200 -0.148500 0.464100
vn 0.881700 -0.054200 0.468700
vn 0.832300 -0.054200 0.551600
vn 0.830300 -0.088700 0.550200
vn 0.824300 -0.148500 0.546200
vn 0.772000 -0.088700 0.629400
vn 0.766500 -0.148600 0.624800
vn 0.773800 -0.054200 0.631000
vn 0.882500 -0.031000 0.469200
vn 0.833100 -0.031000 0.552200
vn 0.774500 -0.031000 0.631700
vn 0.858700 -0.233200 0.456300
vn 0.898300 -0.233200 0.372300
vn 0.810600 -0.233300 0.537100
vn 0.800700 -0.278300 0.530400
vn 0.848200 -0.278300 0.450700
vn 0.887300 -0.278200 0.367700
vn 0.753700 -0.233400 0.614400
vn 0.744500 -0.278500 0.606800
vn 0.929700 -0.233300 0.284800
vn 0.918400 -0.278300 0.281300
vn 0.941200 -0.278400 0.191400
vn 0.952900 -0.233300 0.193700
vn 0.967300 -0.233400 0.098800
vn 0.955400 -0.278500 0.097600
vn 0.960400 -0.278500 0.000000
vn 0.972400 -0.233400 0.000000
vn 0.879600 -0.088400 -0.467400
vn 0.920200 -0.088500 -0.381300
vn 0.913600 -0.148300 -0.378500
vn 0.873300 -0.148300 -0.463900
vn 0.824500 -0.148300 -0.546100
vn 0.830300 -0.088400 -0.550200
vn 0.832200 -0.053900 -0.551700
vn 0.881700 -0.054000 -0.468700
vn 0.922400 -0.054000 -0.382400
vn 0.882400 -0.030800 -0.469400
vn 0.923200 -0.030800 -0.382900
vn 0.832900 -0.030700 -0.552500
vn 0.772000 -0.088400 -0.629400
vn 0.766600 -0.148300 -0.624700
vn 0.699100 -0.148300 -0.699400
vn 0.703900 -0.088300 -0.704700
vn 0.705400 -0.053800 -0.706700
vn 0.773700 -0.053900 -0.631200
vn 0.774200 -0.030700 -0.632200
vn 0.705700 -0.030600 -0.707800
vn 0.952400 -0.088500 -0.291700
vn 0.945600 -0.148400 -0.289600
vn 0.954700 -0.054000 -0.292600
vn 0.978500 -0.054100 -0.199000
vn 0.976100 -0.088600 -0.198500
vn 0.969100 -0.148500 -0.197000
vn 0.990900 -0.088700 -0.101300
vn 0.983800 -0.148600 -0.100500
vn 0.993300 -0.054100 -0.101600
vn 0.955600 -0.030900 -0.292900
vn 0.979400 -0.030900 -0.199300
vn 0.994300 -0.031000 -0.101700
vn 0.929800 -0.233100 -0.284600
vn 0.898400 -0.233100 -0.372100
vn 0.952900 -0.233300 -0.193600
vn 0.941200 -0.278300 -0.191300
vn 0.918400 -0.278200 -0.281200
vn 0.887400 -0.278100 -0.367500
vn 0.967300 -0.233400 -0.098700
vn 0.955500 -0.278500 -0.097500
vn 0.858800 -0.233100 -0.456100
vn 0.848300 -0.278100 -0.450500
vn 0.800900 -0.278200 -0.530200
vn 0.810800 -0.233100 -0.536900
vn 0.753900 -0.233200 -0.614200
vn 0.744700 -0.278300 -0.606600
vn 0.679200 -0.278300 -0.679100
vn 0.687600 -0.233200 -0.687600
vn 0.290900 -0.087600 -0.952700
vn 0.380400 -0.087700 -0.920700
vn 0.378100 -0.147600 -0.913900
vn 0.289200 -0.147600 -0.945800
vn 0.196600 -0.147500 -0.969300
vn 0.197800 -0.087500 -0.976300
vn 0.197800 -0.052900 -0.978800
vn 0.291000 -0.053000 -0.955200
vn 0.380700 -0.053100 -0.923200
vn 0.290600 -0.029800 -0.956400
vn 0.380300 -0.030000 -0.924300
vn 0.197400 -0.029700 -0.979900
vn 0.100800 -0.087500 -0.991000
vn 0.100300 -0.147500 -0.983900
vn 0.100800 -0.052900 -0.993500
vn 0.100600 -0.029600 -0.994500
vn 0.466500 -0.087800 -0.880100
vn 0.463500 -0.147800 -0.873600
vn 0.467100 -0.053300 -0.882600
vn 0.550100 -0.053500 -0.833300
vn 0.549300 -0.088000 -0.831000
vn 0.545700 -0.148000 -0.824800
vn 0.628600 -0.088200 -0.772700
vn 0.624400 -0.148100 -0.766900
vn 0.629700 -0.053700 -0.774900
vn 0.466800 -0.030100 -0.883800
vn 0.550000 -0.030300 -0.834600
vn 0.629800 -0.030500 -0.776100
vn 0.456100 -0.232700 -0.858900
vn 0.372000 -0.232600 -0.898600
vn 0.536800 -0.232900 -0.810900
vn 0.530300 -0.278000 -0.800900
vn 0.450500 -0.277900 -0.848400
vn 0.367500 -0.277800 -0.887500
vn 0.614200 -0.233000 -0.754000
vn 0.606600 -0.278200 -0.744700
vn 0.284600 -0.232600 -0.930000
vn 0.281200 -0.277700 -0.918500
vn 0.191300 -0.277800 -0.941400
vn 0.193500 -0.232600 -0.953100
vn 0.098700 -0.232600 -0.967500
vn 0.097500 -0.277900 -0.955600
usemtl Material
s 1
f 1/1/1 1489/2/2 4513/3/3 1507/4/4
f 1/1/1 1507/4/4 4517/5/5 1492/6/6
f 1/1/1 1492/6/6 4518/7/7 1491/8/8
f 1/1/1 1491/8/8 4514/9/9 1489/2/2
f 2/10/10 1490/11/11 4514/9/9 1491/8/8
f 2/10/10 1491/8/8 4518/7/7 1494/12/12
f 2/10/10 1494/12/12 5371/13/13 3002/14/14
f 2/10/10 3002/14/14 5370/15/15 1490/11/11
f 3/16/16 1492/6/6 4517/5/5 1508/17/17
f 3/16/16 1508/17/17 5373/18/18 3006/19/19
f 3/16/16 3006/19/19 5374/20/20 1493/21/21
f 3/16/16 1493/21/21 4518/7/7 1492/6/6
f 4/22/22 1494/12/12 4518/7/7 1493/21/21
f 4/22/22 1493/21/21 5374/20/20 3007/23/23
f 4/22/22 3007/23/23 5962/24/24 3003/25/25
f 4/22/22 3003/25/25 5371/13/13 1494/12/12
f 5/26/26 1495/27/27 4513/3/3 1489/2/2
f 5/26/26 1489/2/2 4514/9/9 1498/28/28
f 5/26/26 1498/28/28 4519/29/29 1497/30/30
f 5/26/26 1497/30/30 4515/31/31 1495/27/27
f 6/32/32 1496/33/33 4515/31/31 1497/30/30
f 6/32/32 1497/30/30 4519/29/29 1500/34/34
f 6/32/32 1500/34/34 5366/35/35 2997/36/36
f 6/32/32 2997/36/36 5367/37/37 1496/33/33
f 7/38/38 1498/28/28 4514/9/9 1490/11/11
f 7/38/38 1490/11/11 5370/15/15 3001/39/39
f 7/38/38 3001/39/39 5369/40/40 1499/41/41
f 7/38/38 1499/41/41 4519/29/29 1498/28/28
f 8/42/42 1500/34/34 4519/29/29 1499/41/41
f 8/42/42 1499/41/41 5369/40/40 3000/43/43
f 8/42/42 3000/43/43 5951/44/44 2996/45/45
f 8/42/42 2996/45/45 5366/35/35 1500/34/34
f 9/46/46 1501/47/47 4513/3/3 1495/27/27
f 9/46/46 1495/27/27 4515/31/31 1504/48/48
f 9/46/46 1504/48/48 4520/49/49 1503/50/50
f 9/46/46 1503/50/50 4516/51/51 1501/47/47
f 10/52/52 1502/53/53 4516/51/51 1503/50/50
f 10/52/52 1503/50/50 4520/49/49 1506/54/54
f 10/52/52 1506/54/54 5375/55/55 3009/56/56
f 10/52/52 3009/56/56 5376/57/57 1502/53/53
f 11/58/58 1504/48/48 4515/31/31 1496/33/33
f 11/58/58 1496/33/33 5367/37/37 2998/59/59
f 11/58/58 2998/59/59 5368/60/60 1505/61/61
f 11/58/58 1505/61/61 4520/49/49 1504/48/48
f 12/62/62 1506/54/54 4520/49/49 1505/61/61
f 12/62/62 1505/61/61 5368/60/60 2999/63/63
f 12/62/62 2999/63/63 5958/64/64 3008/65/65
f 12/62/62 3008/65/65 5375/55/55 1506/54/54
f 13/66/66 1507/4/4 4513/3/3 1501/47/47
f 13/66/66 1501/47/47 4516/51/51 1510/67/67
f 13/66/66 1510/67/67 4521/68/68 1509/69/69
f 13/66/66 1509/69/69 4517/5/5 1507/4/4
f 14/70/70 1508/17/17 4517/5/5 1509/69/69
f 14/70/70 1509/69/69 4521/68/68 1512/71/71
f 14/70/70 1512/71/71 5372/72/72 3005/73/73
f 14/70/70 3005/73/73 5373/18/18 1508/17/17
f 15/74/74 1510/67/67 4516/51/51 1502/53/53
f 15/74/74 1502/53/53 5376/57/57 3010/75/75
f 15/74/74 3010/75/75 5377/76/76 1511/77/77
f 15/74/74 1511/77/77 4521/68/68 1510/67/67
f 16/78/78 1512/71/71 4521/68/68 1511/77/77
f 16/78/78 1511/77/77 5377/76/76 3011/79/79
f 16/78/78 3011/79/79 5959/80/80 3004/81/81
f 16/78/78 3004/81/81 5372/72/72 1512/71/71
f 17/82/82 1513/83/83 4522/84/84 1531/85/85
f 17/82/82 1531/85/85 4526/86/86 1516/87/87
f 17/82/82 1516/87/87 4527/88/88 1515/89/89
f 17/82/82 1515/89/89 4523/90/90 1513/83/83
f 18/91/91 1514/92/92 4523/90/90 1515/89/89
f 18/91/91 1515/89/89 4527/88/88 1518/93/93
f 18/91/91 1518/93/93 5365/94/94 2994/95/95
f 18/91/91 2994/95/95 5364/96/96 1514/92/92
f 19/97/97 1516/87/87 4526/86/86 1532/98/98
f 19/97/97 1532/98/98 5376/99/57 3009/100/56
f 19/97/97 3009/100/56 5375/101/55 1517/102/99
f 19/97/97 1517/102/99 4527/88/88 1516/87/87
f 20/103/100 1518/93/93 4527/88/88 1517/102/99
f 20/103/100 1517/102/99 5375/101/55 3008/104/65
f 20/103/100 3008/104/65 5958/105/64 2995/106/101
f 20/103/100 2995/106/101 5365/94/94 1518/93/93
f 21/107/102 1519/108/103 4522/84/84 1513/83/83
f 21/107/102 1513/83/83 4523/90/90 1522/109/104
f 21/107/102 1522/109/104 4528/110/105 1521/111/106
f 21/107/102 1521/111/106 4524/112/107 1519/108/103
f 22/113/108 1520/114/109 4524/112/107 1521/111/106
f 22/113/108 1521/111/106 4528/110/105 1524/115/110
f 22/113/108 1524/115/110 5378/116/111 3013/117/112
f 22/113/108 3013/117/112 5379/118/113 1520/114/109
f 23/119/114 1522/109/104 4523/90/90 1514/92/92
f 23/119/114 1514/92/92 5364/96/96 2993/120/115
f 23/119/114 2993/120/115 5363/121/116 1523/122/117
f 23/119/114 1523/122/117 4528/110/105 1522/109/104
f 24/123/118 1524/115/110 4528/110/105 1523/122/117
f 24/123/118 1523/122/117 5363/121/116 2992/124/119
f 24/123/118 2992/124/119 5957/125/120 3012/126/121
f 24/123/118 3012/126/121 5378/116/111 1524/115/110
f 25/127/122 1525/128/123 4522/84/84 1519/108/103
f 25/127/122 1519/108/103 4524/112/107 1528/129/124
f 25/127/122 1528/129/124 4529/130/125 1527/131/126
f 25/127/122 1527/131/126 4525/132/127 1525/128/123
f 26/133/128 1526/134/129 4525/132/127 1527/131/126
f 26/133/128 1527/131/126 4529/130/125 1530/135/130
f 26/133/128 1530/135/130 5383/136/131 3018/137/132
f 26/133/128 3018/137/132 5382/138/133 1526/134/129
f 27/139/134 1528/129/124 4524/112/107 1520/114/109
f 27/139/134 1520/114/109 5379/118/113 3014/140/135
f 27/139/134 3014/140/135 5380/141/136 1529/142/137
f 27/139/134 1529/142/137 4529/130/125 1528/129/124
f 28/143/138 1530/135/130 4529/130/125 1529/142/137
f 28/143/138 1529/142/137 5380/141/136 3015/144/139
f 28/143/138 3015/144/139 5960/145/140 3019/146/141
f 28/143/138 3019/146/141 5383/136/131 1530/135/130
f 29/147/142 1531/85/85 4522/84/84 1525/128/123
f 29/147/142 1525/128/123 4525/132/127 1534/148/143
f 29/147/142 1534/148/143 4530/149/144 1533/150/145
f 29/147/142 1533/150/145 4526/86/86 1531/85/85
f 30/151/146 1532/98/98 4526/86/86 1533/150/145
f 30/151/146 1533/150/145 4530/149/144 1536/152/147
f 30/151/146 1536/152/147 5377/153/76 3010/154/75
f 30/151/146 3010/154/75 5376/99/57 1532/98/98
f 31/155/148 1534/148/143 4525/132/127 1526/134/129
f 31/155/148 1526/134/129 5382/138/133 3017/156/149
f 31/155/148 3017/156/149 5381/157/150 1535/158/151
f 31/155/148 1535/158/151 4530/149/144 1534/148/143
f 32/159/152 1536/152/147 4530/149/144 1535/158/151
f 32/159/152 1535/158/151 5381/157/150 3016/160/153
f 32/159/152 3016/160/153 5959/161/80 3011/162/79
f 32/159/152 3011/162/79 5377/153/76 1536/152/147
f 33/163/154 1537/164/155 4531/165/156 1555/166/157
f 33/163/154 1555/166/157 4535/167/158 1540/168/159
f 33/163/154 1540/168/159 4536/169/160 1539/170/161
f 33/163/154 1539/170/161 4532/171/162 1537/164/155
f 34/172/163 1538/173/164 4532/171/162 1539/170/161
f 34/172/163 1539/170/161 4536/169/160 1542/174/165
f 34/172/163 1542/174/165 5362/175/166 2990/176/167
f 34/172/163 2990/176/167 5361/177/168 1538/173/164
f 35/178/169 1540/168/159 4535/167/158 1556/179/170
f 35/178/169 1556/179/170 5379/118/113 3013/117/112
f 35/178/169 3013/117/112 5378/116/111 1541/180/171
f 35/178/169 1541/180/171 4536/169/160 1540/168/159
f 36/181/172 1542/174/165 4536/169/160 1541/180/171
f 36/181/172 1541/180/171 5378/116/111 3012/126/121
f 36/181/172 3012/126/121 5957/125/120 2991/182/173
f 36/181/172 2991/182/173 5362/175/166 1542/174/165
f 37/183/174 1543/184/175 4531/165/156 1537/164/155
f 37/183/174 1537/164/155 4532/171/162 1546/185/176
f 37/183/174 1546/185/176 4537/186/177 1545/187/178
f 37/183/174 1545/187/178 4533/188/179 1543/184/175
f 38/189/180 1544/190/181 4533/188/179 1545/187/178
f 38/189/180 1545/187/178 4537/186/177 1548/191/182
f 38/189/180 1548/191/182 5948/192/183 3497/193/184
f 38/189/180 3497/193/184 5949/194/185 1544/190/181
f 39/195/186 1546/185/176 4532/171/162 1538/173/164
f 39/195/186 1538/173/164 5361/177/168 2989/196/187
f 39/195/186 2989/196/187 5360/197/188 1547/198/189
f 39/195/186 1547/198/189 4537/186/177 1546/185/176
f 40/199/190 1548/191/182 4537/186/177 1547/198/189
f 40/199/190 1547/198/189 5360/197/188 2988/200/191
f 40/199/190 2988/200/191 5956/201/192 3496/202/193
f 40/199/190 3496/202/193 5948/192/183 1548/191/182
f 41/203/194 1549/204/195 4531/165/156 1543/184/175
f 41/203/194 1543/184/175 4533/188/179 1552/205/196
f 41/203/194 1552/205/196 4538/206/197 1551/207/198
f 41/203/194 1551/207/198 4534/208/199 1549/204/195
f 42/209/200 1550/210/201 4534/208/199 1551/207/198
f 42/209/200 1551/207/198 4538/206/197 1554/211/202
f 42/209/200 1554/211/202 5944/212/203 3490/213/204
f 42/209/200 3490/213/204 5943/214/205 1550/210/201
f 43/215/206 1552/205/196 4533/188/179 1544/190/181
f 43/215/206 1544/190/181 5949/194/185 3498/216/207
f 43/215/206 3498/216/207 5950/217/208 1553/218/209
f 43/215/206 1553/218/209 4538/206/197 1552/205/196
f 44/219/210 1554/211/202 4538/206/197 1553/218/209
f 44/219/210 1553/218/209 5950/217/208 3499/220/211
f 44/219/210 3499/220/211 6025/221/212 3491/222/213
f 44/219/210 3491/222/213 5944/212/203 1554/211/202
f 45/223/214 1555/166/157 4531/165/156 1549/204/195
f 45/223/214 1549/204/195 4534/208/199 1558/224/215
f 45/223/214 1558/224/215 4539/225/216 1557/226/217
f 45/223/214 1557/226/217 4535/167/158 1555/166/157
f 46/227/218 1556/179/170 4535/167/158 1557/226/217
f 46/227/218 1557/226/217 4539/225/216 1560/228/219
f 46/227/218 1560/228/219 5380/141/136 3014/140/135
f 46/227/218 3014/140/135 5379/118/113 1556/179/170
f 47/229/220 1558/224/215 4534/208/199 1550/210/201
f 47/229/220 1550/210/201 5943/214/205 3489/230/221
f 47/229/220 3489/230/221 5942/231/222 1559/232/223
f 47/229/220 1559/232/223 4539/225/216 1558/224/215
f 48/233/224 1560/228/219 4539/225/216 1559/232/223
f 48/233/224 1559/232/223 5942/231/222 3488/234/225
f 48/233/224 3488/234/225 5960/145/140 3015/144/139
f 48/233/224 3015/144/139 5380/141/136 1560/228/219
f 49/235/226 1561/236/227 4540/237/228 1579/238/229
f 49/235/226 1579/238/229 4544/239/230 1564/240/231
f 49/235/226 1564/240/231 4545/241/232 1563/242/233
f 49/235/226 1563/242/233 4541/243/234 1561/236/227
f 50/244/235 1562/245/236 4541/243/234 1563/242/233
f 50/244/235 1563/242/233 4545/241/232 1566/246/237
f 50/244/235 1566/246/237 5359/247/238 2986/248/239
f 50/244/235 2986/248/239 5358/249/240 1562/245/236
f 51/250/241 1564/240/231 4544/239/230 1580/251/242
f 51/250/241 1580/251/242 5949/194/185 3497/193/184
f 51/250/241 3497/193/184 5948/192/183 1565/252/243
f 51/250/241 1565/252/243 4545/241/232 1564/240/231
f 52/253/244 1566/246/237 4545/241/232 1565/252/243
f 52/253/244 1565/252/243 5948/192/183 3496/202/193
f 52/253/244 3496/202/193 5956/201/192 2987/254/245
f 52/253/244 2987/254/245 5359/247/238 1566/246/237
f 53/255/246 1567/256/247 4540/237/228 1561/236/227
f 53/255/246 1561/236/227 4541/243/234 1570/257/248
f 53/255/246 1570/257/248 4546/258/249 1569/259/250
f 53/255/246 1569/259/250 4542/260/251 1567/256/247
f 54/261/252 1568/262/253 4542/260/251 1569/259/250
f 54/261/252 1569/259/250 4546/258/249 1572/263/254
f 54/261/252 1572/263/254 5906/264/255 3441/265/256
f 54/261/252 3441/265/256 5907/266/257 1568/262/253
f 55/267/258 1570/257/248 4541/243/234 1562/245/236
f 55/267/258 1562/245/236 5358/249/240 2985/268/259
f 55/267/258 2985/268/259 5357/269/260 1571/270/261
f 55/267/258 1571/270/261 4546/258/249 1570/257/248
f 56/271/262 1572/263/254 4546/258/249 1571/270/261
f 56/271/262 1571/270/261 5357/269/260 2984/272/263
f 56/271/262 2984/272/263 5955/273/264 3440/274/265
f 56/271/262 3440/274/265 5906/264/255 1572/263/254
f 57/275/266 1573/276/267 4540/237/228 1567/256/247
f 57/275/266 1567/256/247 4542/260/251 1576/277/268
f 57/275/266 1576/277/268 4547/278/269 1575/279/270
f 57/275/266 1575/279/270 4543/280/271 1573/276/267
f 58/281/272 1574/282/273 4543/280/271 1575/279/270
f 58/281/272 1575/279/270 4547/278/269 1578/283/274
f 58/281/272 1578/283/274 5912/284/275 3449/285/276
f 58/281/272 3449/285/276 5913/286/277 1574/282/273
f 59/287/278 1576/277/268 4542/260/251 1568/262/253
f 59/287/278 1568/262/253 5907/266/257 3442/288/279
f 59/287/278 3442/288/279 5908/289/280 1577/290/281
f 59/287/278 1577/290/281 4547/278/269 1576/277/268
f 60/291/282 1578/283/274 4547/278/269 1577/290/281
f 60/291/282 1577/290/281 5908/289/280 3443/292/283
f 60/291/282 3443/292/283 5973/293/284 3448/294/285
f 60/291/282 3448/294/285 5912/284/275 1578/283/274
f 61/295/286 1579/238/229 4540/237/228 1573/276/267
f 61/295/286 1573/276/267 4543/280/271 1582/296/287
f 61/295/286 1582/296/287 4548/297/288 1581/298/289
f 61/295/286 1581/298/289 4544/239/230 1579/238/229
f 62/299/290 1580/251/242 4544/239/230 1581/298/289
f 62/299/290 1581/298/289 4548/297/288 1584/300/291
f 62/299/290 1584/300/291 5950/217/208 3498/216/207
f 62/299/290 3498/216/207 5949/194/185 1580/251/242
f 63/301/292 1582/296/287 4543/280/271 1574/282/273
f 63/301/292 1574/282/273 5913/286/277 3450/302/293
f 63/301/292 3450/302/293 5914/303/294 1583/304/295
f 63/301/292 1583/304/295 4548/297/288 1582/296/287
f 64/305/296 1584/300/291 4548/297/288 1583/304/295
f 64/305/296 1583/304/295 5914/303/294 3451/306/297
f 64/305/296 3451/306/297 6025/221/212 3499/220/211
f 64/305/296 3499/220/211 5950/217/208 1584/300/291
f 65/307/298 1585/308/299 4549/309/300 1603/310/301
f 65/307/298 1603/310/301 4553/311/302 1588/312/303
f 65/307/298 1588/312/303 4554/313/304 1587/314/305
f 65/307/298 1587/314/305 4550/315/306 1585/308/299
f 66/316/307 1586/317/308 4550/315/306 1587/314/305
f 66/316/307 1587/314/305 4554/313/304 1590/318/309
f 66/316/307 1590/318/309 5356/319/310 2982/320/311
f 66/316/307 2982/320/311 5355/321/312 1586/317/308
f 67/322/313 1588/312/303 4553/311/302 1604/323/314
f 67/322/313 1604/323/314 5907/266/257 3441/265/256
f 67/322/313 3441/265/256 5906/264/255 1589/324/315
f 67/322/313 1589/324/315 4554/313/304 1588/312/303
f 68/325/316 1590/318/309 4554/313/304 1589/324/315
f 68/325/316 1589/324/315 5906/264/255 3440/274/265
f 68/325/316 3440/274/265 5955/273/264 2983/326/317
f 68/325/316 2983/326/317 5356/319/310 1590/318/309
f 69/327/318 1591/328/319 4549/309/300 1585/308/299
f 69/327/318 1585/308/299 4550/315/306 1594/329/320
f 69/327/318 1594/329/320 4555/330/321 1593/331/322
f 69/327/318 1593/331/322 4551/332/323 1591/328/319
f 70/333/324 1592/334/325 4551/332/323 1593/331/322
f 70/333/324 1593/331/322 4555/330/321 1596/335/326
f 70/333/324 1596/335/326 5909/336/327 3445/337/328
f 70/333/324 3445/337/328 5910/338/329 1592/334/325
f 71/339/330 1594/329/320 4550/315/306 1586/317/308
f 71/339/330 1586/317/308 5355/321/312 2981/340/331
f 71/339/330 2981/340/331 5354/341/332 1595/342/333
f 71/339/330 1595/342/333 4555/330/321 1594/329/320
f 72/343/334 1596/335/326 4555/330/321 1595/342/333
f 72/343/334 1595/342/333 5354/341/332 2980/344/335
f 72/343/334 2980/344/335 5954/345/336 3444/346/337
f 72/343/334 3444/346/337 5909/336/327 1596/335/326
f 73/347/338 1597/348/339 4549/309/300 1591/328/319
f 73/347/338 1591/328/319 4551/332/323 1600/349/340
f 73/347/338 1600/349/340 4556/350/341 1599/351/342
f 73/347/338 1599/351/342 4552/352/343 1597/348/339
f 74/353/344 1598/354/345 4552/352/343 1599/351/342
f 74/353/344 1599/351/342 4556/350/341 1602/355/346
f 74/353/344 1602/355/346 5936/356/347 3481/357/348
f 74/353/344 3481/357/348 5937/358/349 1598/354/345
f 75/359/350 1600/349/340 4551/332/323 1592/334/325
f 75/359/350 1592/334/325 5910/338/329 3446/360/351
f 75/359/350 3446/360/351 5911/361/352 1601/362/353
f 75/359/350 1601/362/353 4556/350/341 1600/349/340
f 76/363/354 1602/355/346 4556/350/341 1601/362/353
f 76/363/354 1601/362/353 5911/361/352 3447/364/355
f 76/363/354 3447/364/355 5963/365/356 3480/366/357
f 76/363/354 3480/366/357 5936/356/347 1602/355/346
f 77/367/358 1603/310/301 4549/309/300 1597/348/339
f 77/367/358 1597/348/339 4552/352/343 1606/368/359
f 77/367/358 1606/368/359 4557/369/360 1605/370/361
f 77/367/358 1605/370/361 4553/311/302 1603/310/301
f 78/371/362 1604/323/314 4553/311/302 1605/370/361
f 78/371/362 1605/370/361 4557/369/360 1608/372/363
f 78/371/362 1608/372/363 5908/289/280 3442/288/279
f 78/371/362 3442/288/279 5907/266/257 1604/323/314
f 79/373/364 1606/368/359 4552/352/343 1598/354/345
f 79/373/364 1598/354/345 5937/358/349 3482/374/365
f 79/373/364 3482/374/365 5938/375/366 1607/376/367
f 79/373/364 1607/376/367 4557/369/360 1606/368/359
f 80/377/368 1608/372/363 4557/369/360 1607/376/367
f 80/377/368 1607/376/367 5938/375/366 3483/378/369
f 80/377/368 3483/378/369 5973/293/284 3443/292/283
f 80/377/368 3443/292/283 5908/289/280 1608/372/363
f 81/379/370 1609/380/371 4558/381/372 1627/382/373
f 81/379/370 1627/382/373 4562/383/374 1612/384/375
f 81/379/370 1612/384/375 4563/385/376 1611/386/377
f 81/379/370 1611/386/377 4559/387/378 1609/380/371
f 82/388/379 1610/389/380 4559/387/378 1611/386/377
f 82/388/379 1611/386/377 4563/385/376 1614/390/381
f 82/388/379 1614/390/381 5353/391/382 2978/392/383
f 82/388/379 2978/392/383 5352/393/384 1610/389/380
f 83/394/385 1612/384/375 4562/383/374 1628/395/386
f 83/394/385 1628/395/386 5910/338/329 3445/337/328
f 83/394/385 3445/337/328 5909/336/327 1613/396/387
f 83/394/385 1613/396/387 4563/385/376 1612/384/375
f 84/397/388 1614/390/381 4563/385/376 1613/396/387
f 84/397/388 1613/396/387 5909/336/327 3444/346/337
f 84/397/388 3444/346/337 5954/345/336 2979/398/389
f 84/397/388 2979/398/389 5353/391/382 1614/390/381
f 85/399/390 1615/400/391 4558/381/372 1609/380/371
f 85/399/390 1609/380/371 4559/387/378 1618/401/392
f 85/399/390 1618/401/392 4564/402/393 1617/403/394
f 85/399/390 1617/403/394 4560/404/395 1615/400/391
f 86/405/396 1616/406/397 4560/404/395 1617/403/394
f 86/405/396 1617/403/394 4564/402/393 1620/407/398
f 86/405/396 1620/407/398 5945/408/399 3493/409/400
f 86/405/396 3493/409/400 5946/410/401 1616/406/397
f 87/411/402 1618/401/392 4559/387/378 1610/389/380
f 87/411/402 1610/389/380 5352/393/384 2977/412/403
f 87/411/402 2977/412/403 5351/413/404 1619/414/405
f 87/411/402 1619/414/405 4564/402/393 1618/401/392
f 88/415/406 1620/407/398 4564/402/393 1619/414/405
f 88/415/406 1619/414/405 5351/413/404 2976/416/407
f 88/415/406 2976/416/407 5953/417/408 3492/418/409
f 88/415/406 3492/418/409 5945/408/399 1620/407/398
f 89/419/410 1621/420/411 4558/381/372 1615/400/391
f 89/419/410 1615/400/391 4560/404/395 1624/421/412
f 89/419/410 1624/421/412 4565/422/413 1623/423/414
f 89/419/410 1623/423/414 4561/424/415 1621/420/411
f 90/425/416 1622/426/417 4561/424/415 1623/423/414
f 90/425/416 1623/423/414 4565/422/413 1626/427/418
f 90/425/416 1626/427/418 5416/428/419 3062/429/420
f 90/425/416 3062/429/420 5415/430/421 1622/426/417
f 91/431/422 1624/421/412 4560/404/395 1616/406/397
f 91/431/422 1616/406/397 5946/410/401 3494/432/423
f 91/431/422 3494/432/423 5947/433/424 1625/434/425
f 91/431/422 1625/434/425 4565/422/413 1624/421/412
f 92/435/426 1626/427/418 4565/422/413 1625/434/425
f 92/435/426 1625/434/425 5947/433/424 3495/436/427
f 92/435/426 3495/436/427 5971/437/428 3063/438/429
f 92/435/426 3063/438/429 5416/428/419 1626/427/418
f 93/439/430 1627/382/373 4558/381/372 1621/420/411
f 93/439/430 1621/420/411 4561/424/415 1630/440/431
f 93/439/430 1630/440/431 4566/441/432 1629/442/433
f 93/439/430 1629/442/433 4562/383/374 1627/382/373
f 94/443/434 1628/395/386 4562/383/374 1629/442/433
f 94/443/434 1629/442/433 4566/441/432 1632/444/435
f 94/443/434 1632/444/435 5911/361/352 3446/360/351
f 94/443/434 3446/360/351 5910/338/329 1628/395/386
f 95/445/436 1630/440/431 4561/424/415 1622/426/417
f 95/445/436 1622/426/417 5415/430/421 3061/446/437
f 95/445/436 3061/446/437 5414/447/438 1631/448/439
f 95/445/436 1631/448/439 4566/441/432 1630/440/431
f 96/449/440 1632/444/435 4566/441/432 1631/448/439
f 96/449/440 1631/448/439 5414/447/438 3060/450/441
f 96/449/440 3060/450/441 5963/365/356 3447/364/355
f 96/449/440 3447/364/355 5911/361/352 1632/444/435
f 97/451/442 1633/452/443 4567/453/444 1651/454/445
f 97/451/442 1651/454/445 4571/455/446 1636/456/447
f 97/451/442 1636/456/447 4572/457/448 1635/458/449
f 97/451/442 1635/458/449 4568/459/450 1633/452/443
f 98/460/451 1634/461/452 4568/459/450 1635/458/449
f 98/460/451 1635/458/449 4572/457/448 1638/462/453
f 98/460/451 1638/462/453 5350/463/454 2974/464/455
f 98/460/451 2974/464/455 5349/465/456 1634/461/452
f 99/466/457 1636/456/447 4571/455/446 1652/467/458
f 99/466/457 1652/467/458 5946/410/401 3493/409/400
f 99/466/457 3493/409/400 5945/408/399 1637/468/459
f 99/466/457 1637/468/459 4572/457/448 1636/456/447
f 100/469/460 1638/462/453 4572/457/448 1637/468/459
f 100/469/460 1637/468/459 5945/408/399 3492/418/409
f 100/469/460 3492/418/409 5953/417/408 2975/470/461
f 100/469/460 2975/470/461 5350/463/454 1638/462/453
f 101/471/462 1639/472/463 4567/453/444 1633/452/443
f 101/471/462 1633/452/443 4568/459/450 1642/473/464
f 101/471/462 1642/473/464 4573/474/465 1641/475/466
f 101/471/462 1641/475/466 4569/476/467 1639/472/463
f 102/477/468 1640/478/469 4569/476/467 1641/475/466
f 102/477/468 1641/475/466 4573/474/465 1644/479/470
f 102/477/468 1644/479/470 5384/480/471 3021/481/472
f 102/477/468 3021/481/472 5385/482/473 1640/478/469
f 103/483/474 1642/473/464 4568/459/450 1634/461/452
f 103/483/474 1634/461/452 5349/465/456 2973/484/475
f 103/483/474 2973/484/475 5348/485/476 1643/486/477
f 103/483/474 1643/486/477 4573/474/465 1642/473/464
f 104/487/478 1644/479/470 4573/474/465 1643/486/477
f 104/487/478 1643/486/477 5348/485/476 2972/488/479
f 104/487/478 2972/488/479 5952/489/480 3020/490/481
f 104/487/478 3020/490/481 5384/480/471 1644/479/470
f 105/491/482 1645/492/483 4567/453/444 1639/472/463
f 105/491/482 1639/472/463 4569/476/467 1648/493/484
f 105/491/482 1648/493/484 4574/494/485 1647/495/486
f 105/491/482 1647/495/486 4570/496/487 1645/492/483
f 106/497/488 1646/498/489 4570/496/487 1647/495/486
f 106/497/488 1647/495/486 4574/494/485 1650/499/490
f 106/497/488 1650/499/490 5939/500/491 3485/501/492
f 106/497/488 3485/501/492 5940/502/493 1646/498/489
f 107/503/494 1648/493/484 4569/476/467 1640/478/469
f 107/503/494 1640/478/469 5385/482/473 3022/504/495
f 107/503/494 3022/504/495 5386/505/496 1649/506/497
f 107/503/494 1649/506/497 4574/494/485 1648/493/484
f 108/507/498 1650/499/490 4574/494/485 1649/506/497
f 108/507/498 1649/506/497 5386/505/496 3023/508/499
f 108/507/498 3023/508/499 5961/509/500 3484/510/501
f 108/507/498 3484/510/501 5939/500/491 1650/499/490
f 109/511/502 1651/454/445 4567/453/444 1645/492/483
f 109/511/502 1645/492/483 4570/496/487 1654/512/503
f 109/511/502 1654/512/503 4575/513/504 1653/514/505
f 109/511/502 1653/514/505 4571/455/446 1651/454/445
f 110/515/506 1652/467/458 4571/455/446 1653/514/505
f 110/515/506 1653/514/505 4575/513/504 1656/516/507
f 110/515/506 1656/516/507 5947/433/424 3494/432/423
f 110/515/506 3494/432/423 5946/410/401 1652/467/458
f 111/517/508 1654/512/503 4570/496/487 1646/498/489
f 111/517/508 1646/498/489 5940/502/493 3486/518/509
f 111/517/508 3486/518/509 5941/519/510 1655/520/511
f 111/517/508 1655/520/511 4575/513/504 1654/512/503
f 112/521/512 1656/516/507 4575/513/504 1655/520/511
f 112/521/512 1655/520/511 5941/519/510 3487/522/513
f 112/521/512 3487/522/513 5971/437/428 3495/436/427
f 112/521/512 3495/436/427 5947/433/424 1656/516/507
f 113/523/514 1657/524/515 4576/525/516 1675/526/517
f 113/523/514 1675/526/517 4580/527/518 1660/528/519
f 113/523/514 1660/528/519 4581/529/520 1659/530/521
f 113/523/514 1659/530/521 4577/531/522 1657/524/515
f 114/532/523 1658/533/524 4577/531/522 1659/530/521
f 114/532/523 1659/530/521 4581/529/520 1662/534/525
f 114/532/523 1662/534/525 5347/535/526 2970/536/527
f 114/532/523 2970/536/527 5346/537/528 1658/533/524
f 115/538/529 1660/528/519 4580/527/518 1676/539/530
f 115/538/529 1676/539/530 5385/482/473 3021/481/472
f 115/538/529 3021/481/472 5384/480/471 1661/540/531
f 115/538/529 1661/540/531 4581/529/520 1660/528/519
f 116/541/532 1662/534/525 4581/529/520 1661/540/531
f 116/541/532 1661/540/531 5384/480/471 3020/490/481
f 116/541/532 3020/490/481 5952/489/480 2971/542/533
f 116/541/532 2971/542/533 5347/535/526 1662/534/525
f 117/543/534 1663/544/535 4576/525/516 1657/524/515
f 117/543/534 1657/524/515 4577/531/522 1666/545/536
f 117/543/534 1666/545/536 4582/546/537 1665/547/538
f 117/543/534 1665/547/538 4578/548/539 1663/544/535
f 118/549/540 1664/550/541 4578/548/539 1665/547/538
f 118/549/540 1665/547/538 4582/546/537 1668/551/542
f 118/549/540 1668/551/542 5369/40/40 3001/39/39
f 118/549/540 3001/39/39 5370/15/15 1664/550/541
f 119/552/543 1666/545/536 4577/531/522 1658/533/524
f 119/552/543 1658/533/524 5346/537/528 2969/553/544
f 119/552/543 2969/553/544 5345/554/545 1667/555/546
f 119/552/543 1667/555/546 4582/546/537 1666/545/536
f 120/556/547 1668/551/542 4582/546/537 1667/555/546
f 120/556/547 1667/555/546 5345/554/545 2968/557/548
f 120/556/547 2968/557/548 5951/44/44 3000/43/43
f 120/556/547 3000/43/43 5369/40/40 1668/551/542
f 121/558/549 1669/559/550 4576/525/516 1663/544/535
f 121/558/549 1663/544/535 4578/548/539 1672/560/551
f 121/558/549 1672/560/551 4583/561/552 1671/562/553
f 121/558/549 1671/562/553 4579/563/554 1669/559/550
f 122/564/555 1670/565/556 4579/563/554 1671/562/553
f 122/564/555 1671/562/553 4583/561/552 1674/566/557
f 122/564/555 1674/566/557 5389/567/558 3026/568/559
f 122/564/555 3026/568/559 5388/569/560 1670/565/556
f 123/570/561 1672/560/551 4578/548/539 1664/550/541
f 123/570/561 1664/550/541 5370/15/15 3002/14/14
f 123/570/561 3002/14/14 5371/13/13 1673/571/562
f 123/570/561 1673/571/562 4583/561/552 1672/560/551
f 124/572/563 1674/566/557 4583/561/552 1673/571/562
f 124/572/563 1673/571/562 5371/13/13 3003/25/25
f 124/572/563 3003/25/25 5962/24/24 3027/573/564
f 124/572/563 3027/573/564 5389/567/558 1674/566/557
f 125/574/565 1675/526/517 4576/525/516 1669/559/550
f 125/574/565 1669/559/550 4579/563/554 1678/575/566
f 125/574/565 1678/575/566 4584/576/567 1677/577/568
f 125/574/565 1677/577/568 4580/527/518 1675/526/517
f 126/578/569 1676/539/530 4580/527/518 1677/577/568
f 126/578/569 1677/577/568 4584/576/567 1680/579/570
f 126/578/569 1680/579/570 5386/505/496 3022/504/495
f 126/578/569 3022/504/495 5385/482/473 1676/539/530
f 127/580/571 1678/575/566 4579/563/554 1670/565/556
f 127/580/571 1670/565/556 5388/569/560 3025/581/572
f 127/580/571 3025/581/572 5387/582/573 1679/583/574
f 127/580/571 1679/583/574 4584/576/567 1678/575/566
f 128/584/575 1680/579/570 4584/576/567 1679/583/574
f 128/584/575 1679/583/574 5387/582/573 3024/585/576
f 128/584/575 3024/585/576 5961/509/500 3023/508/499
f 128/584/575 3023/508/499 5386/505/496 1680/579/570
f 129/586/577 1681/587/578 4585/588/579 1695/589/580
f 129/586/577 1695/589/580 4588/590/581 1684/591/582
f 129/586/577 1684/591/582 4589/592/583 1683/593/584
f 129/586/577 1683/593/584 4586/594/585 1681/587/578
f 130/595/586 1682/596/587 4586/594/585 1683/593/584
f 130/595/586 1683/593/584 4589/592/583 1686/597/588
f 130/595/586 1686/597/588 5411/598/589 3057/599/590
f 130/595/586 3057/599/590 5412/600/591 1682/596/587
f 131/601/592 1684/591/582 4588/590/581 1696/602/593
f 131/601/592 1696/602/593 5422/603/594 3068/604/595
f 131/601/592 3068/604/595 5421/605/596 1685/606/597
f 131/601/592 1685/606/597 4589/592/583 1684/591/582
f 132/607/598 1686/597/588 4589/592/583 1685/606/597
f 132/607/598 1685/606/597 5421/605/596 3067/608/599
f 132/607/598 3067/608/599 5966/609/600 3056/610/601
f 132/607/598 3056/610/601 5411/598/589 1686/597/588
f 133/611/602 1687/612/603 4585/588/579 1681/587/578
f 133/611/602 1681/587/578 4586/594/585 1690/613/604
f 133/611/602 1690/613/604 4590/614/605 1689/615/606
f 133/611/602 1689/615/606 4587/616/607 1687/612/603
f 134/617/608 1688/618/609 4587/616/607 1689/615/606
f 134/617/608 1689/615/606 4590/614/605 1692/619/610
f 134/617/608 1692/619/610 5417/620/611 3065/621/612
f 134/617/608 3065/621/612 5418/622/613 1688/618/609
f 135/623/614 1690/613/604 4586/594/585 1682/596/587
f 135/623/614 1682/596/587 5412/600/591 3058/624/615
f 135/623/614 3058/624/615 5413/625/616 1691/626/617
f 135/623/614 1691/626/617 4590/614/605 1690/613/604
f 136/627/618 1692/619/610 4590/614/605 1691/626/617
f 136/627/618 1691/626/617 5413/625/616 3059/628/619
f 136/627/618 3059/628/619 5972/629/620 3064/630/621
f 136/627/618 3064/630/621 5417/620/611 1692/619/610
f 137/631/622 3846/632/623 4585/588/579 1687/612/603
f 137/631/622 1687/612/603 4587/616/607 1693/633/624
f 137/631/622 1693/633/624 4591/634/625 3731/635/626
f 137/631/622 3731/635/626 5420/636/627 3846/632/623
f 138/637/628 1693/633/624 4587/616/607 1688/618/609
f 138/637/628 1688/618/609 5418/622/613 3066/638/629
f 138/637/628 3066/638/629 5419/639/630 1694/640/631
f 138/637/628 1694/640/631 4591/634/625 1693/633/624
f 139/641/632 1695/589/580 4585/588/579 3846/632/623
f 139/641/632 3846/632/623 5420/636/627 3730/642/633
f 139/641/632 3730/642/633 4592/643/634 1697/644/635
f 139/641/632 1697/644/635 4588/590/581 1695/589/580
f 140/645/636 1696/602/593 4588/590/581 1697/644/635
f 140/645/636 1697/644/635 4592/643/634 3729/646/637
f 140/645/636 3729/646/637 5977/647/638 3728/648/639
f 140/645/636 3728/648/639 5422/603/594 1696/602/593
f 141/586/640 1698/587/641 4593/588/642 1713/589/643
f 141/586/640 1713/589/643 4597/590/644 1701/591/645
f 141/586/640 1701/591/645 4598/592/646 1700/593/647
f 141/586/640 1700/593/647 4594/594/648 1698/587/641
f 142/595/649 1699/596/650 4594/594/648 1700/593/647
f 142/595/649 1700/593/647 4598/592/646 1703/597/651
f 142/595/649 1703/597/651 5410/598/652 3054/599/653
f 142/595/649 3054/599/653 5409/600/654 1699/596/650
f 143/601/655 1701/591/645 4597/590/644 1714/602/656
f 143/601/655 1714/602/656 5418/603/613 3065/604/612
f 143/601/655 3065/604/612 5417/605/611 1702/606/657
f 143/601/655 1702/606/657 4598/592/646 1701/591/645
f 144/607/658 1703/597/651 4598/592/646 1702/606/657
f 144/607/658 1702/606/657 5417/605/611 3064/608/621
f 144/607/658 3064/608/621 5972/609/620 3055/610/659
f 144/607/658 3055/610/659 5410/598/652 1703/597/651
f 145/611/660 1704/612/661 4593/588/642 1698/587/641
f 145/611/660 1698/587/641 4594/594/648 1707/613/662
f 145/611/660 1707/613/662 4599/614/663 1706/615/664
f 145/611/660 1706/615/664 4595/616/665 1704/612/661
f 146/617/666 1705/618/667 4595/616/665 1706/615/664
f 146/617/666 1706/615/664 4599/614/663 1709/619/668
f 146/617/666 1709/619/668 5423/620/669 3070/621/670
f 146/617/666 3070/621/670 5424/622/671 1705/618/667
f 147/623/672 1707/613/662 4594/594/648 1699/596/650
f 147/623/672 1699/596/650 5409/600/654 3053/624/673
f 147/623/672 3053/624/673 5408/625/674 1708/626/675
f 147/623/672 1708/626/675 4599/614/663 1707/613/662
f 148/627/676 1709/619/668 4599/614/663 1708/626/675
f 148/627/676 1708/626/675 5408/625/674 3052/628/677
f 148/627/676 3052/628/677 5967/629/678 3069/630/679
f 148/627/676 3069/630/679 5423/620/669 1709/619/668
f 149/631/680 1710/632/681 4593/588/642 1704/612/661
f 149/631/680 1704/612/661 4595/616/665 1712/633/682
f 149/631/680 1712/633/682 4600/634/683 1711/635/684
f 149/631/680 1711/635/684 4596/636/685 1710/632/681
f 150/637/686 1712/633/682 4595/616/665 1705/618/667
f 150/637/686 1705/618/667 5424/622/671 3727/638/687
f 150/637/686 3727/638/687 5976/639/688 3724/640/689
f 150/637/686 3724/640/689 4600/634/683 1712/633/682
f 151/641/690 1713/589/643 4593/588/642 1710/632/681
f 151/641/690 1710/632/681 4596/636/685 3725/642/691
f 151/641/690 3725/642/691 5425/643/692 3845/644/693
f 151/641/690 3845/644/693 4597/590/644 1713/589/643
f 152/645/694 1714/602/656 4597/590/644 3845/644/693
f 152/645/694 3845/644/693 5425/643/692 3726/646/695
f 152/645/694 3726/646/695 5419/647/630 3066/648/629
f 152/645/694 3066/648/629 5418/603/613 1714/602/656
f 153/586/696 1715/587/697 4601/588/698 1729/589/699
f 153/586/696 1729/589/699 4604/590/700 1718/591/701
f 153/586/696 1718/591/701 4605/592/702 1717/593/703
f 153/586/696 1717/593/703 4602/594/704 1715/587/697
f 154/595/705 1716/596/706 4602/594/704 1717/593/703
f 154/595/705 1717/593/703 4605/592/702 1720/597/707
f 154/595/705 1720/597/707 5405/598/708 3049/599/709
f 154/595/705 3049/599/709 5406/600/710 1716/596/706
f 155/601/711 1718/591/701 4604/590/700 1730/602/712
f 155/601/711 1730/602/712 5431/603/713 3075/604/714
f 155/601/711 3075/604/714 5430/605/715 1719/606/716
f 155/601/711 1719/606/716 4605/592/702 1718/591/701
f 156/607/717 1720/597/707 4605/592/702 1719/606/716
f 156/607/717 1719/606/716 5430/605/715 3074/608/718
f 156/607/717 3074/608/718 5969/609/719 3048/610/720
f 156/607/717 3048/610/720 5405/598/708 1720/597/707
f 157/611/721 1721/612/722 4601/588/698 1715/587/697
f 157/611/721 1715/587/697 4602/594/704 1724/613/723
f 157/611/721 1724/613/723 4606/614/724 1723/615/725
f 157/611/721 1723/615/725 4603/616/726 1721/612/722
f 158/617/727 1722/618/728 4603/616/726 1723/615/725
f 158/617/727 1723/615/725 4606/614/724 1726/619/729
f 158/617/727 1726/619/729 5426/620/730 3072/621/731
f 158/617/727 3072/621/731 5427/622/732 1722/618/728
f 159/623/733 1724/613/723 4602/594/704 1716/596/706
f 159/623/733 1716/596/706 5406/600/710 3050/624/734
f 159/623/733 3050/624/734 5407/625/735 1725/626/736
f 159/623/733 1725/626/736 4606/614/724 1724/613/723
f 160/627/737 1726/619/729 4606/614/724 1725/626/736
f 160/627/737 1725/626/736 5407/625/735 3051/628/738
f 160/627/737 3051/628/738 5970/629/739 3071/630/740
f 160/627/737 3071/630/740 5426/620/730 1726/619/729
f 161/631/741 3844/632/742 4601/588/698 1721/612/722
f 161/631/741 1721/612/722 4603/616/726 1727/633/743
f 161/631/741 1727/633/743 4607/634/744 3723/635/745
f 161/631/741 3723/635/745 5429/636/746 3844/632/742
f 162/637/747 1727/633/743 4603/616/726 1722/618/728
f 162/637/747 1722/618/728 5427/622/732 3073/638/748
f 162/637/747 3073/638/748 5428/639/749 1728/640/750
f 162/637/747 1728/640/750 4607/634/744 1727/633/743
f 163/641/751 1729/589/699 4601/588/698 3844/632/742
f 163/641/751 3844/632/742 5429/636/746 3722/642/752
f 163/641/751 3722/642/752 4608/643/753 1731/644/754
f 163/641/751 1731/644/754 4604/590/700 1729/589/699
f 164/645/755 1730/602/712 4604/590/700 1731/644/754
f 164/645/755 1731/644/754 4608/643/753 3721/646/756
f 164/645/755 3721/646/756 5974/647/757 3720/648/758
f 164/645/755 3720/648/758 5431/603/713 1730/602/712
f 165/586/759 1732/587/760 4609/588/761 1744/589/762
f 165/586/759 1744/589/762 4612/590/763 1735/591/764
f 165/586/759 1735/591/764 4613/592/765 1734/593/766
f 165/586/759 1734/593/766 4610/594/767 1732/587/760
f 166/595/768 1733/596/769 4610/594/767 1734/593/766
f 166/595/768 1734/593/766 4613/592/765 1737/597/770
f 166/595/768 1737/597/770 5402/598/771 3045/599/772
f 166/595/768 3045/599/772 5403/600/773 1733/596/769
f 167/601/774 1735/591/764 4612/590/763 1745/602/775
f 167/601/774 1745/602/775 5436/603/776 3081/604/777
f 167/601/774 3081/604/777 5435/605/778 1736/606/779
f 167/601/774 1736/606/779 4613/592/765 1735/591/764
f 168/607/780 1737/597/770 4613/592/765 1736/606/779
f 168/607/780 1736/606/779 5435/605/778 3080/608/781
f 168/607/780 3080/608/781 5968/609/782 3044/610/783
f 168/607/780 3044/610/783 5402/598/771 1737/597/770
f 169/611/784 1738/612/785 4609/588/761 1732/587/760
f 169/611/784 1732/587/760 4610/594/767 1741/613/786
f 169/611/784 1741/613/786 4614/614/787 1740/615/788
f 169/611/784 1740/615/788 4611/616/789 1738/612/785
f 170/617/790 1739/618/791 4611/616/789 1740/615/788
f 170/617/790 1740/615/788 4614/614/787 1743/619/792
f 170/617/790 1743/619/792 5430/620/715 3075/621/714
f 170/617/790 3075/621/714 5431/622/713 1739/618/791
f 171/623/793 1741/613/786 4610/594/767 1733/596/769
f 171/623/793 1733/596/769 5403/600/773 3046/624/794
f 171/623/793 3046/624/794 5404/625/795 1742/626/796
f 171/623/793 1742/626/796 4614/614/787 1741/613/786
f 172/627/797 1743/619/792 4614/614/787 1742/626/796
f 172/627/797 1742/626/796 5404/625/795 3047/628/798
f 172/627/797 3047/628/798 5969/629/719 3074/630/718
f 172/627/797 3074/630/718 5430/620/715 1743/619/792
f 173/631/799 3843/632/800 4609/588/761 1738/612/785
f 173/631/799 1738/612/785 4611/616/789 3842/633/801
f 173/631/799 3842/633/801 5432/634/802 3077/635/803
f 173/631/799 3077/635/803 5433/636/804 3843/632/800
f 174/637/805 3842/633/801 4611/616/789 1739/618/791
f 174/637/805 1739/618/791 5431/622/713 3720/638/758
f 174/637/805 3720/638/758 5974/639/757 3076/640/806
f 174/637/805 3076/640/806 5432/634/802 3842/633/801
f 175/641/807 1744/589/762 4609/588/761 3843/632/800
f 175/641/807 3843/632/800 5433/636/804 3078/642/808
f 175/641/807 3078/642/808 5434/643/809 3841/644/810
f 175/641/807 3841/644/810 4612/590/763 1744/589/762
f 176/645/811 1745/602/775 4612/590/763 3841/644/810
f 176/645/811 3841/644/810 5434/643/809 3079/646/812
f 176/645/811 3079/646/812 5975/647/813 3719/648/814
f 176/645/811 3719/648/814 5436/603/776 1745/602/775
f 177/586/815 1746/587/816 4615/588/817 1759/589/818
f 177/586/815 1759/589/818 4619/590/819 1749/591/820
f 177/586/815 1749/591/820 4620/592/821 1748/593/822
f 177/586/815 1748/593/822 4616/594/823 1746/587/816
f 178/595/824 1747/596/825 4616/594/823 1748/593/822
f 178/595/824 1748/593/822 4620/592/821 1751/597/826
f 178/595/824 1751/597/826 5399/598/827 3041/599/828
f 178/595/824 3041/599/828 5400/600/829 1747/596/825
f 179/601/830 1749/591/820 4619/590/819 1760/602/831
f 179/601/830 1760/602/831 5424/603/671 3070/604/670
f 179/601/830 3070/604/670 5423/605/669 1750/606/832
f 179/601/830 1750/606/832 4620/592/821 1749/591/820
f 180/607/833 1751/597/826 4620/592/821 1750/606/832
f 180/607/833 1750/606/832 5423/605/669 3069/608/679
f 180/607/833 3069/608/679 5967/609/678 3040/610/834
f 180/607/833 3040/610/834 5399/598/827 1751/597/826
f 181/611/835 1752/612/836 4615/588/817 1746/587/816
f 181/611/835 1746/587/816 4616/594/823 1755/613/837
f 181/611/835 1755/613/837 4621/614/838 1754/615/839
f 181/611/835 1754/615/839 4617/616/840 1752/612/836
f 182/617/841 1753/618/842 4617/616/840 1754/615/839
f 182/617/841 1754/615/839 4621/614/838 1757/619/843
f 182/617/841 1757/619/843 5435/620/778 3081/621/777
f 182/617/841 3081/621/777 5436/622/776 1753/618/842
f 183/623/844 1755/613/837 4616/594/823 1747/596/825
f 183/623/844 1747/596/825 5400/600/829 3042/624/845
f 183/623/844 3042/624/845 5401/625/846 1756/626/847
f 183/623/844 1756/626/847 4621/614/838 1755/613/837
f 184/627/848 1757/619/843 4621/614/838 1756/626/847
f 184/627/848 1756/626/847 5401/625/846 3043/628/849
f 184/627/848 3043/628/849 5968/629/782 3080/630/781
f 184/627/848 3080/630/781 5435/620/778 1757/619/843
f 185/631/850 1758/632/851 4615/588/817 1752/612/836
f 185/631/850 1752/612/836 4617/616/840 3840/633/852
f 185/631/850 3840/633/852 5437/634/853 3718/635/854
f 185/631/850 3718/635/854 4618/636/855 1758/632/851
f 186/637/856 3840/633/852 4617/616/840 1753/618/842
f 186/637/856 1753/618/842 5436/622/776 3719/638/814
f 186/637/856 3719/638/814 5975/639/813 3082/640/857
f 186/637/856 3082/640/857 5437/634/853 3840/633/852
f 187/641/858 1759/589/818 4615/588/817 1758/632/851
f 187/641/858 1758/632/851 4618/636/855 1762/642/859
f 187/641/858 1762/642/859 4622/643/860 1761/644/861
f 187/641/858 1761/644/861 4619/590/819 1759/589/818
f 188/645/862 1760/602/831 4619/590/819 1761/644/861
f 188/645/862 1761/644/861 4622/643/860 3717/646/863
f 188/645/862 3717/646/863 5976/647/688 3727/648/687
f 188/645/862 3727/648/687 5424/603/671 1760/602/831
f 189/586/864 1763/587/865 4623/588/866 1776/589/867
f 189/586/864 1776/589/867 4627/590/868 1766/591/869
f 189/586/864 1766/591/869 4628/592/870 1765/593/871
f 189/586/864 1765/593/871 4624/594/872 1763/587/865
f 190/595/873 1764/596/874 4624/594/872 1765/593/871
f 190/595/873 1765/593/871 4628/592/870 1768/597/875
f 190/595/873 1768/597/875 5396/598/876 3037/599/877
f 190/595/873 3037/599/877 5397/600/878 1764/596/874
f 191/601/879 1766/591/869 4627/590/868 1777/602/880
f 191/601/879 1777/602/880 5441/603/881 3085/604/882
f 191/601/879 3085/604/882 5440/605/883 1767/606/884
f 191/601/879 1767/606/884 4628/592/870 1766/591/869
f 192/607/885 1768/597/875 4628/592/870 1767/606/884
f 192/607/885 1767/606/884 5440/605/883 3084/608/886
f 192/607/885 3084/608/886 5965/609/887 3036/610/888
f 192/607/885 3036/610/888 5396/598/876 1768/597/875
f 193/611/889 1769/612/890 4623/588/866 1763/587/865
f 193/611/889 1763/587/865 4624/594/872 1772/613/891
f 193/611/889 1772/613/891 4629/614/892 1771/615/893
f 193/611/889 1771/615/893 4625/616/894 1769/612/890
f 194/617/895 1770/618/896 4625/616/894 1771/615/893
f 194/617/895 1771/615/893 4629/614/892 1774/619/897
f 194/617/895 1774/619/897 5421/620/596 3068/621/595
f 194/617/895 3068/621/595 5422/622/594 1770/618/896
f 195/623/898 1772/613/891 4624/594/872 1764/596/874
f 195/623/898 1764/596/874 5397/600/878 3038/624/899
f 195/623/898 3038/624/899 5398/625/900 1773/626/901
f 195/623/898 1773/626/901 4629/614/892 1772/613/891
f 196/627/902 1774/619/897 4629/614/892 1773/626/901
f 196/627/902 1773/626/901 5398/625/900 3039/628/903
f 196/627/902 3039/628/903 5966/629/600 3067/630/599
f 196/627/902 3067/630/599 5421/620/596 1774/619/897
f 197/631/904 1775/632/905 4623/588/866 1769/612/890
f 197/631/904 1769/612/890 4625/616/894 3839/633/906
f 197/631/904 3839/633/906 5438/634/907 3716/635/908
f 197/631/904 3716/635/908 4626/636/909 1775/632/905
f 198/637/910 3839/633/906 4625/616/894 1770/618/896
f 198/637/910 1770/618/896 5422/622/594 3728/638/639
f 198/637/910 3728/638/639 5977/639/638 3083/640/911
f 198/637/910 3083/640/911 5438/634/907 3839/633/906
f 199/641/912 1776/589/867 4623/588/866 1775/632/905
f 199/641/912 1775/632/905 4626/636/909 3715/642/913
f 199/641/912 3715/642/913 5439/643/914 3838/644/915
f 199/641/912 3838/644/915 4627/590/868 1776/589/867
f 200/645/916 1777/602/880 4627/590/868 3838/644/915
f 200/645/916 3838/644/915 5439/643/914 3714/646/917
f 200/645/916 3714/646/917 5442/647/918 3086/648/919
f 200/645/916 3086/648/919 5441/603/881 1777/602/880
f 201/586/920 1778/587/921 4630/588/922 1791/589/923
f 201/586/920 1791/589/923 4634/590/924 1781/591/925
f 201/586/920 1781/591/925 4635/592/926 1780/593/927
f 201/586/920 1780/593/927 4631/594/928 1778/587/921
f 202/595/929 1779/596/930 4631/594/928 1780/593/927
f 202/595/929 1780/593/927 4635/592/926 1783/597/931
f 202/595/929 1783/597/931 5393/598/932 3033/599/933
f 202/595/929 3033/599/933 5394/600/934 1779/596/930
f 203/601/935 1781/591/925 4634/590/924 1792/602/936
f 203/601/935 1792/602/936 5445/603/937 3088/604/938
f 203/601/935 3088/604/938 5444/605/939 1782/606/940
f 203/601/935 1782/606/940 4635/592/926 1781/591/925
f 204/607/941 1783/597/931 4635/592/926 1782/606/940
f 204/607/941 1782/606/940 5444/605/939 3087/608/942
f 204/607/941 3087/608/942 5964/609/943 3032/610/944
f 204/607/941 3032/610/944 5393/598/932 1783/597/931
f 205/611/945 1784/612/946 4630/588/922 1778/587/921
f 205/611/945 1778/587/921 4631/594/928 1787/613/947
f 205/611/945 1787/613/947 4636/614/948 1786/615/949
f 205/611/945 1786/615/949 4632/616/950 1784/612/946
f 206/617/951 1785/618/952 4632/616/950 1786/615/949
f 206/617/951 1786/615/949 4636/614/948 1789/619/953
f 206/617/951 1789/619/953 5440/620/883 3085/621/882
f 206/617/951 3085/621/882 5441/622/881 1785/618/952
f 207/623/954 1787/613/947 4631/594/928 1779/596/930
f 207/623/954 1779/596/930 5394/600/934 3034/624/955
f 207/623/954 3034/624/955 5395/625/956 1788/626/957
f 207/623/954 1788/626/957 4636/614/948 1787/613/947
f 208/627/958 1789/619/953 4636/614/948 1788/626/957
f 208/627/958 1788/626/957 5395/625/956 3035/628/959
f 208/627/958 3035/628/959 5965/629/887 3084/630/886
f 208/627/958 3084/630/886 5440/620/883 1789/619/953
f 209/631/960 1790/632/961 4630/588/922 1784/612/946
f 209/631/960 1784/612/946 4632/616/950 3837/633/962
f 209/631/960 3837/633/962 5443/634/963 3712/635/964
f 209/631/960 3712/635/964 4633/636/965 1790/632/961
f 210/637/966 3837/633/962 4632/616/950 1785/618/952
f 210/637/966 1785/618/952 5441/622/881 3086/638/919
f 210/637/966 3086/638/919 5442/639/918 3713/640/967
f 210/637/966 3713/640/967 5443/634/963 3837/633/962
f 211/641/968 1791/589/923 4630/588/922 1790/632/961
f 211/641/968 1790/632/961 4633/636/965 1794/642/969
f 211/641/968 1794/642/969 4637/643/970 1793/644/971
f 211/641/968 1793/644/971 4634/590/924 1791/589/923
f 212/645/972 1792/602/936 4634/590/924 1793/644/971
f 212/645/972 1793/644/971 4637/643/970 1795/646/973
f 212/645/972 1795/646/973 5446/647/974 3089/648/975
f 212/645/972 3089/648/975 5445/603/937 1792/602/936
f 213/586/976 1796/587/977 4638/588/978 1809/589/979
f 213/586/976 1809/589/979 4642/590/980 1799/591/981
f 213/586/976 1799/591/981 4643/592/982 1798/593/983
f 213/586/976 1798/593/983 4639/594/984 1796/587/977
f 214/595/985 1797/596/986 4639/594/984 1798/593/983
f 214/595/985 1798/593/983 4643/592/982 1801/597/987
f 214/595/985 1801/597/987 5392/598/988 3030/599/989
f 214/595/985 3030/599/989 5391/600/990 1797/596/986
f 215/601/991 1799/591/981 4642/590/980 1810/602/992
f 215/601/991 1810/602/992 5427/603/732 3072/604/731
f 215/601/991 3072/604/731 5426/605/730 1800/606/993
f 215/601/991 1800/606/993 4643/592/982 1799/591/981
f 216/607/994 1801/597/987 4643/592/982 1800/606/993
f 216/607/994 1800/606/993 5426/605/730 3071/608/740
f 216/607/994 3071/608/740 5970/609/739 3031/610/995
f 216/607/994 3031/610/995 5392/598/988 1801/597/987
f 217/611/996 1802/612/997 4638/588/978 1796/587/977
f 217/611/996 1796/587/977 4639/594/984 1805/613/998
f 217/611/996 1805/613/998 4644/614/999 1804/615/1000
f 217/611/996 1804/615/1000 4640/616/1001 1802/612/997
f 218/617/1002 1803/618/1003 4640/616/1001 1804/615/1000
f 218/617/1002 1804/615/1000 4644/614/999 1807/619/1004
f 218/617/1002 1807/619/1004 5444/620/939 3088/621/938
f 218/617/1002 3088/621/938 5445/622/937 1803/618/1003
f 219/623/1005 1805/613/998 4639/594/984 1797/596/986
f 219/623/1005 1797/596/986 5391/600/990 3029/624/1006
f 219/623/1005 3029/624/1006 5390/625/1007 1806/626/1008
f 219/623/1005 1806/626/1008 4644/614/999 1805/613/998
f 220/627/1009 1807/619/1004 4644/614/999 1806/626/1008
f 220/627/1009 1806/626/1008 5390/625/1007 3028/628/1010
f 220/627/1009 3028/628/1010 5964/629/943 3087/630/942
f 220/627/1009 3087/630/942 5444/620/939 1807/619/1004
f 221/631/1011 1808/632/1012 4638/588/978 1802/612/997
f 221/631/1011 1802/612/997 4640/616/1001 3836/633/1013
f 221/631/1011 3836/633/1013 5447/634/1014 3711/635/1015
f 221/631/1011 3711/635/1015 4641/636/1016 1808/632/1012
f 222/637/1017 3836/633/1013 4640/616/1001 1803/618/1003
f 222/637/1017 1803/618/1003 5445/622/937 3089/638/975
f 222/637/1017 3089/638/975 5446/639/974 3710/640/1018
f 222/637/1017 3710/640/1018 5447/634/1014 3836/633/1013
f 223/641/1019 1809/589/979 4638/588/978 1808/632/1012
f 223/641/1019 1808/632/1012 4641/636/1016 1812/642/1020
f 223/641/1019 1812/642/1020 4645/643/1021 1811/644/1022
f 223/641/1019 1811/644/1022 4642/590/980 1809/589/979
f 224/645/1023 1810/602/992 4642/590/980 1811/644/1022
f 224/645/1023 1811/644/1022 4645/643/1021 1813/646/1024
f 224/645/1023 1813/646/1024 5428/647/749 3073/648/748
f 224/645/1023 3073/648/748 5427/603/732 1810/602/992
f 225/649/1025 3835/650/1026 4646/651/1027 1814/652/1028
f 225/649/1025 1814/652/1028 4647/653/1029 3834/654/1030
f 225/649/1025 3834/654/1030 4645/598/1021 1812/599/1020
f 225/649/1025 1812/599/1020 4641/600/1016 3835/650/1026
f 226/655/1031 3834/654/1030 4647/653/1029 3831/656/1032
f 226/655/1031 3831/656/1032 5451/657/1033 3705/658/1034
f 226/655/1031 3705/658/1034 5428/609/749 1813/610/1024
f 226/655/1031 1813/610/1024 4645/598/1021 3834/654/1030
f 227/659/1035 1815/660/1036 4646/651/1027 3835/650/1026
f 227/659/1035 3835/650/1026 4641/600/1016 3711/624/1015
f 227/659/1035 3711/624/1015 5447/625/1014 1816/661/1037
f 227/659/1035 1816/661/1037 4648/662/1038 1815/660/1036
f 228/663/1039 1817/664/1040 4648/662/1038 1816/661/1037
f 228/663/1039 1816/661/1037 5447/625/1014 3710/628/1018
f 228/663/1039 3710/628/1018 5446/629/974 3709/665/1041
f 228/663/1039 3709/665/1041 5448/666/1042 1817/664/1040
f 229/667/1043 3833/668/1044 4646/651/1027 1815/660/1036
f 229/667/1043 1815/660/1036 4648/662/1038 3832/669/1045
f 229/667/1043 3832/669/1045 4649/634/1046 3707/635/1047
f 229/667/1043 3707/635/1047 5450/636/1048 3833/668/1044
f 230/670/1049 3832/669/1045 4648/662/1038 1817/664/1040
f 230/670/1049 1817/664/1040 5448/666/1042 3708/671/1050
f 230/670/1049 3708/671/1050 5449/639/1051 1818/640/1052
f 230/670/1049 1818/640/1052 4649/634/1046 3832/669/1045
f 231/672/1053 1814/652/1028 4646/651/1027 3833/668/1044
f 231/672/1053 3833/668/1044 5450/636/1048 3706/642/1054
f 231/672/1053 3706/642/1054 4650/643/1055 3830/673/1056
f 231/672/1053 3830/673/1056 4647/653/1029 1814/652/1028
f 232/674/1057 3831/656/1032 4647/653/1029 3830/673/1056
f 232/674/1057 3830/673/1056 4650/643/1055 1819/646/1058
f 232/674/1057 1819/646/1058 5452/647/1059 3090/675/1060
f 232/674/1057 3090/675/1060 5451/657/1033 3831/656/1032
f 233/649/1061 3829/650/1062 4651/651/1063 1820/652/1064
f 233/649/1061 1820/652/1064 4654/653/1065 3828/654/1066
f 233/649/1061 3828/654/1066 4637/598/970 1794/599/969
f 233/649/1061 1794/599/969 4633/600/965 3829/650/1062
f 234/655/1067 3828/654/1066 4654/653/1065 1821/656/1068
f 234/655/1067 1821/656/1068 5448/657/1042 3709/658/1041
f 234/655/1067 3709/658/1041 5446/609/974 1795/610/973
f 234/655/1067 1795/610/973 4637/598/970 3828/654/1066
f 235/659/1069 3827/660/1070 4651/651/1063 3829/650/1062
f 235/659/1069 3829/650/1062 4633/600/965 3712/624/964
f 235/659/1069 3712/624/964 5443/625/963 3826/661/1071
f 235/659/1069 3826/661/1071 4652/662/1072 3827/660/1070
f 236/663/1073 3825/664/1074 4652/662/1072 3826/661/1071
f 236/663/1073 3826/661/1071 5443/625/963 3713/628/967
f 236/663/1073 3713/628/967 5442/629/918 3704/665/1075
f 236/663/1073 3704/665/1075 5453/666/1076 3825/664/1074
f 237/667/1077 3824/668/1078 4651/651/1063 3827/660/1070
f 237/667/1077 3827/660/1070 4652/662/1072 1823/669/1079
f 237/667/1077 1823/669/1079 4655/634/1080 1822/635/1081
f 237/667/1077 1822/635/1081 4653/636/1082 3824/668/1078
f 238/670/1083 1823/669/1079 4652/662/1072 3825/664/1074
f 238/670/1083 3825/664/1074 5453/666/1076 3703/671/1084
f 238/670/1083 3703/671/1084 5454/639/1085 1824/640/1086
f 238/670/1083 1824/640/1086 4655/634/1080 1823/669/1079
f 239/672/1087 1820/652/1064 4651/651/1063 3824/668/1078
f 239/672/1087 3824/668/1078 4653/636/1082 1825/642/1088
f 239/672/1087 1825/642/1088 4656/643/1089 3823/673/1090
f 239/672/1087 3823/673/1090 4654/653/1065 1820/652/1064
f 240/674/1091 1821/656/1068 4654/653/1065 3823/673/1090
f 240/674/1091 3823/673/1090 4656/643/1089 1826/646/1092
f 240/674/1091 1826/646/1092 5449/647/1051 3708/675/1050
f 240/674/1091 3708/675/1050 5448/657/1042 1821/656/1068
f 241/649/1093 3822/650/1094 4657/651/1095 3818/652/1096
f 241/649/1093 3818/652/1096 4658/653/1097 1828/654/1098
f 241/649/1093 1828/654/1098 5439/598/914 3715/599/913
f 241/649/1093 3715/599/913 4626/600/909 3822/650/1094
f 242/655/1099 1828/654/1098 4658/653/1097 1827/656/1100
f 242/655/1099 1827/656/1100 5453/657/1076 3704/658/1075
f 242/655/1099 3704/658/1075 5442/609/918 3714/610/917
f 242/655/1099 3714/610/917 5439/598/914 1828/654/1098
f 243/659/1101 3821/660/1102 4657/651/1095 3822/650/1094
f 243/659/1101 3822/650/1094 4626/600/909 3716/624/908
f 243/659/1101 3716/624/908 5438/625/907 1829/661/1103
f 243/659/1101 1829/661/1103 4659/662/1104 3821/660/1102
f 244/663/1105 1830/664/1106 4659/662/1104 1829/661/1103
f 244/663/1105 1829/661/1103 5438/625/907 3083/628/911
f 244/663/1105 3083/628/911 5977/629/638 3091/665/1107
f 244/663/1105 3091/665/1107 5455/666/1108 1830/664/1106
f 245/667/1109 3820/668/1110 4657/651/1095 3821/660/1102
f 245/667/1109 3821/660/1102 4659/662/1104 3819/669/1111
f 245/667/1109 3819/669/1111 5458/634/1112 3093/635/1113
f 245/667/1109 3093/635/1113 5457/636/1114 3820/668/1110
f 246/670/1115 3819/669/1111 4659/662/1104 1830/664/1106
f 246/670/1115 1830/664/1106 5455/666/1108 3702/671/1116
f 246/670/1115 3702/671/1116 5978/639/1117 3094/640/1118
f 246/670/1115 3094/640/1118 5458/634/1112 3819/669/1111
f 247/672/1119 3818/652/1096 4657/651/1095 3820/668/1110
f 247/672/1119 3820/668/1110 5457/636/1114 3092/642/1120
f 247/672/1119 3092/642/1120 5456/643/1121 3817/673/1122
f 247/672/1119 3817/673/1122 4658/653/1097 3818/652/1096
f 248/674/1123 1827/656/1100 4658/653/1097 3817/673/1122
f 248/674/1123 3817/673/1122 5456/643/1121 3701/646/1124
f 248/674/1123 3701/646/1124 5454/647/1085 3703/675/1084
f 248/674/1123 3703/675/1084 5453/657/1076 1827/656/1100
f 249/649/1125 3816/650/1126 4660/651/1127 3812/652/1128
f 249/649/1125 3812/652/1128 4663/653/1129 3815/654/1130
f 249/649/1125 3815/654/1130 4622/598/860 1762/599/859
f 249/649/1125 1762/599/859 4618/600/855 3816/650/1126
f 250/655/1131 3815/654/1130 4663/653/1129 1831/656/1132
f 250/655/1131 1831/656/1132 5461/657/1133 3096/658/1134
f 250/655/1131 3096/658/1134 5976/609/688 3717/610/863
f 250/655/1131 3717/610/863 4622/598/860 3815/654/1130
f 251/659/1135 1832/660/1136 4660/651/1127 3816/650/1126
f 251/659/1135 3816/650/1126 4618/600/855 3718/624/854
f 251/659/1135 3718/624/854 5437/625/853 3814/661/1137
f 251/659/1135 3814/661/1137 4661/662/1138 1832/660/1136
f 252/663/1139 3813/664/1140 4661/662/1138 3814/661/1137
f 252/663/1139 3814/661/1137 5437/625/853 3082/628/857
f 252/663/1139 3082/628/857 5975/629/813 3095/665/1141
f 252/663/1139 3095/665/1141 5459/666/1142 3813/664/1140
f 253/667/1143 1833/668/1144 4660/651/1127 1832/660/1136
f 253/667/1143 1832/660/1136 4661/662/1138 1835/669/1145
f 253/667/1143 1835/669/1145 4664/634/1146 1834/635/1147
f 253/667/1143 1834/635/1147 4662/636/1148 1833/668/1144
f 254/670/1149 1835/669/1145 4661/662/1138 3813/664/1140
f 254/670/1149 3813/664/1140 5459/666/1142 3700/671/1150
f 254/670/1149 3700/671/1150 5979/639/1151 3697/640/1152
f 254/670/1149 3697/640/1152 4664/634/1146 1835/669/1145
f 255/672/1153 3812/652/1128 4660/651/1127 1833/668/1144
f 255/672/1153 1833/668/1144 4662/636/1148 3698/642/1154
f 255/672/1153 3698/642/1154 5460/643/1155 3811/673/1156
f 255/672/1153 3811/673/1156 4663/653/1129 3812/652/1128
f 256/674/1157 1831/656/1132 4663/653/1129 3811/673/1156
f 256/674/1157 3811/673/1156 5460/643/1155 3699/646/1158
f 256/674/1157 3699/646/1158 5462/647/1159 3696/675/1160
f 256/674/1157 3696/675/1160 5461/657/1133 1831/656/1132
f 257/649/1161 1836/650/1162 4665/651/1163 3807/652/1164
f 257/649/1161 3807/652/1164 4666/653/1165 3810/654/1166
f 257/649/1161 3810/654/1166 5434/598/809 3078/599/808
f 257/649/1161 3078/599/808 5433/600/804 1836/650/1162
f 258/655/1167 3810/654/1166 4666/653/1165 3806/656/1168
f 258/655/1167 3806/656/1168 5459/657/1142 3095/658/1141
f 258/655/1167 3095/658/1141 5975/609/813 3079/610/812
f 258/655/1167 3079/610/812 5434/598/809 3810/654/1166
f 259/659/1169 1837/660/1170 4665/651/1163 1836/650/1162
f 259/659/1169 1836/650/1162 5433/600/804 3077/624/803
f 259/659/1169 3077/624/803 5432/625/802 1838/661/1171
f 259/659/1169 1838/661/1171 4667/662/1172 1837/660/1170
f 260/663/1173 1839/664/1174 4667/662/1172 1838/661/1171
f 260/663/1173 1838/661/1171 5432/625/802 3076/628/806
f 260/663/1173 3076/628/806 5974/629/757 3097/665/1175
f 260/663/1173 3097/665/1175 5463/666/1176 1839/664/1174
f 261/667/1177 3809/668/1178 4665/651/1163 1837/660/1170
f 261/667/1177 1837/660/1170 4667/662/1172 3808/669/1179
f 261/667/1177 3808/669/1179 4668/634/1180 3694/635/1181
f 261/667/1177 3694/635/1181 5465/636/1182 3809/668/1178
f 262/670/1183 3808/669/1179 4667/662/1172 1839/664/1174
f 262/670/1183 1839/664/1174 5463/666/1176 3695/671/1184
f 262/670/1183 3695/671/1184 5980/639/1185 3693/640/1186
f 262/670/1183 3693/640/1186 4668/634/1180 3808/669/1179
f 263/672/1187 3807/652/1164 4665/651/1163 3809/668/1178
f 263/672/1187 3809/668/1178 5465/636/1182 3099/642/1188
f 263/672/1187 3099/642/1188 5464/643/1189 3805/673/1190
f 263/672/1187 3805/673/1190 4666/653/1165 3807/652/1164
f 264/674/1191 3806/656/1168 4666/653/1165 3805/673/1190
f 264/674/1191 3805/673/1190 5464/643/1189 3098/646/1192
f 264/674/1191 3098/646/1192 5979/647/1151 3700/675/1150
f 264/674/1191 3700/675/1150 5459/657/1142 3806/656/1168
f 265/649/1193 1840/650/1194 4669/651/1195 1841/652/1196
f 265/649/1193 1841/652/1196 4671/653/1197 3804/654/1198
f 265/649/1193 3804/654/1198 4608/598/753 3722/599/752
f 265/649/1193 3722/599/752 5429/600/746 1840/650/1194
f 266/655/1199 3804/654/1198 4671/653/1197 1842/656/1200
f 266/655/1199 1842/656/1200 5463/657/1176 3097/658/1175
f 266/655/1199 3097/658/1175 5974/609/757 3721/610/756
f 266/655/1199 3721/610/756 4608/598/753 3804/654/1198
f 267/659/1201 1843/660/1202 4669/651/1195 1840/650/1194
f 267/659/1201 1840/650/1194 5429/600/746 3723/624/745
f 267/659/1201 3723/624/745 4607/625/744 3803/661/1203
f 267/659/1201 3803/661/1203 4672/662/1204 1843/660/1202
f 268/663/1205 3802/664/1206 4672/662/1204 3803/661/1203
f 268/663/1205 3803/661/1203 4607/625/744 1728/628/750
f 268/663/1205 1728/628/750 5428/629/749 3705/665/1034
f 268/663/1205 3705/665/1034 5451/666/1033 3802/664/1206
f 269/667/1207 3801/668/1208 4669/651/1195 1843/660/1202
f 269/667/1207 1843/660/1202 4672/662/1204 3800/669/1209
f 269/667/1207 3800/669/1209 5467/634/1210 3691/635/1211
f 269/667/1207 3691/635/1211 4670/636/1212 3801/668/1208
f 270/670/1213 3800/669/1209 4672/662/1204 3802/664/1206
f 270/670/1213 3802/664/1206 5451/666/1033 3090/671/1060
f 270/670/1213 3090/671/1060 5452/639/1059 3690/640/1214
f 270/670/1213 3690/640/1214 5467/634/1210 3800/669/1209
f 271/672/1215 1841/652/1196 4669/651/1195 3801/668/1208
f 271/672/1215 3801/668/1208 4670/636/1212 3692/642/1216
f 271/672/1215 3692/642/1216 5466/643/1217 3799/673/1218
f 271/672/1215 3799/673/1218 4671/653/1197 1841/652/1196
f 272/674/1219 1842/656/1200 4671/653/1197 3799/673/1218
f 272/674/1219 3799/673/1218 5466/643/1217 3100/646/1220
f 272/674/1219 3100/646/1220 5980/647/1185 3695/675/1184
f 272/674/1219 3695/675/1184 5463/657/1176 1842/656/1200
f 273/649/1221 3798/650/1222 4673/651/1223 1844/652/1224
f 273/649/1221 1844/652/1224 4675/653/1225 1846/654/1226
f 273/649/1221 1846/654/1226 5425/598/692 3725/599/691
f 273/649/1221 3725/599/691 4596/600/685 3798/650/1222
f 274/655/1227 1846/654/1226 4675/653/1225 1845/656/1228
f 274/655/1227 1845/656/1228 5469/657/1229 3687/658/1230
f 274/655/1227 3687/658/1230 5419/609/630 3726/610/695
f 274/655/1227 3726/610/695 5425/598/692 1846/654/1226
f 275/659/1231 1847/660/1232 4673/651/1223 3798/650/1222
f 275/659/1231 3798/650/1222 4596/600/685 1711/624/684
f 275/659/1231 1711/624/684 4600/625/683 3797/661/1233
f 275/659/1231 3797/661/1233 4676/662/1234 1847/660/1232
f 276/663/1235 1848/664/1236 4676/662/1234 3797/661/1233
f 276/663/1235 3797/661/1233 4600/625/683 3724/628/689
f 276/663/1235 3724/628/689 5976/629/688 3096/665/1134
f 276/663/1235 3096/665/1134 5461/666/1133 1848/664/1236
f 277/667/1237 3796/668/1238 4673/651/1223 1847/660/1232
f 277/667/1237 1847/660/1232 4676/662/1234 3795/669/1239
f 277/667/1237 3795/669/1239 4677/634/1240 1849/635/1241
f 277/667/1237 1849/635/1241 4674/636/1242 3796/668/1238
f 278/670/1243 3795/669/1239 4676/662/1234 1848/664/1236
f 278/670/1243 1848/664/1236 5461/666/1133 3696/671/1160
f 278/670/1243 3696/671/1160 5462/639/1159 1850/640/1244
f 278/670/1243 1850/640/1244 4677/634/1240 3795/669/1239
f 279/672/1245 1844/652/1224 4673/651/1223 3796/668/1238
f 279/672/1245 3796/668/1238 4674/636/1242 3689/642/1246
f 279/672/1245 3689/642/1246 5468/643/1247 3794/673/1248
f 279/672/1245 3794/673/1248 4675/653/1225 1844/652/1224
f 280/674/1249 1845/656/1228 4675/653/1225 3794/673/1248
f 280/674/1249 3794/673/1248 5468/643/1247 3688/646/1250
f 280/674/1249 3688/646/1250 5470/647/1251 3686/675/1252
f 280/674/1249 3686/675/1252 5469/657/1229 1845/656/1228
f 281/649/1253 1851/650/1254 4678/651/1255 1852/652/1256
f 281/649/1253 1852/652/1256 4680/653/1257 3793/654/1258
f 281/649/1253 3793/654/1258 4592/598/634 3730/599/633
f 281/649/1253 3730/599/633 5420/600/627 1851/650/1254
f 282/655/1259 3793/654/1258 4680/653/1257 1853/656/1260
f 282/655/1259 1853/656/1260 5455/657/1108 3091/658/1107
f 282/655/1259 3091/658/1107 5977/609/638 3729/610/637
f 282/655/1259 3729/610/637 4592/598/634 3793/654/1258
f 283/659/1261 1854/660/1262 4678/651/1255 1851/650/1254
f 283/659/1261 1851/650/1254 5420/600/627 3731/624/626
f 283/659/1261 3731/624/626 4591/625/625 3792/661/1263
f 283/659/1261 3792/661/1263 4681/662/1264 1854/660/1262
f 284/663/1265 1855/664/1266 4681/662/1264 3792/661/1263
f 284/663/1265 3792/661/1263 4591/625/625 1694/628/631
f 284/663/1265 1694/628/631 5419/629/630 3687/665/1230
f 284/663/1265 3687/665/1230 5469/666/1229 1855/664/1266
f 285/667/1267 3791/668/1268 4678/651/1255 1854/660/1262
f 285/667/1267 1854/660/1262 4681/662/1264 3790/669/1269
f 285/667/1267 3790/669/1269 5471/634/1270 3684/635/1271
f 285/667/1267 3684/635/1271 4679/636/1272 3791/668/1268
f 286/670/1273 3790/669/1269 4681/662/1264 1855/664/1266
f 286/670/1273 1855/664/1266 5469/666/1229 3686/671/1252
f 286/670/1273 3686/671/1252 5470/639/1251 3683/640/1274
f 286/670/1273 3683/640/1274 5471/634/1270 3790/669/1269
f 287/672/1275 1852/652/1256 4678/651/1255 3791/668/1268
f 287/672/1275 3791/668/1268 4679/636/1272 1856/642/1276
f 287/672/1275 1856/642/1276 4682/643/1277 3789/673/1278
f 287/672/1275 3789/673/1278 4680/653/1257 1852/652/1256
f 288/674/1279 1853/656/1260 4680/653/1257 3789/673/1278
f 288/674/1279 3789/673/1278 4682/643/1277 3685/646/1280
f 288/674/1279 3685/646/1280 5978/647/1117 3702/675/1116
f 288/674/1279 3702/675/1116 5455/657/1108 1853/656/1260
f 289/649/1281 3788/650/1282 4683/651/1283 3783/652/1284
f 289/649/1281 3783/652/1284 4685/653/1285 3787/654/1286
f 289/649/1281 3787/654/1286 4682/598/1277 1856/599/1276
f 289/649/1281 1856/599/1276 4679/600/1272 3788/650/1282
f 290/655/1287 3787/654/1286 4685/653/1285 1859/656/1288
f 290/655/1287 1859/656/1288 5475/657/1289 3678/658/1290
f 290/655/1287 3678/658/1290 5978/609/1117 3685/610/1280
f 290/655/1287 3685/610/1280 4682/598/1277 3787/654/1286
f 291/659/1291 1857/660/1292 4683/651/1283 3788/650/1282
f 291/659/1291 3788/650/1282 4679/600/1272 3684/624/1271
f 291/659/1291 3684/624/1271 5471/625/1270 1858/661/1293
f 291/659/1291 1858/661/1293 4686/662/1294 1857/660/1292
f 292/663/1295 3786/664/1296 4686/662/1294 1858/661/1293
f 292/663/1295 1858/661/1293 5471/625/1270 3683/628/1274
f 292/663/1295 3683/628/1274 5470/629/1251 3682/665/1297
f 292/663/1295 3682/665/1297 5472/666/1298 3786/664/1296
f 293/667/1299 3785/668/1300 4683/651/1283 1857/660/1292
f 293/667/1299 1857/660/1292 4686/662/1294 3784/669/1301
f 293/667/1299 3784/669/1301 5473/634/1302 3680/635/1303
f 293/667/1299 3680/635/1303 4684/636/1304 3785/668/1300
f 294/670/1305 3784/669/1301 4686/662/1294 3786/664/1296
f 294/670/1305 3786/664/1296 5472/666/1298 3681/671/1306
f 294/670/1305 3681/671/1306 5981/639/1307 3101/640/1308
f 294/670/1305 3101/640/1308 5473/634/1302 3784/669/1301
f 295/672/1309 3783/652/1284 4683/651/1283 3785/668/1300
f 295/672/1309 3785/668/1300 4684/636/1304 3679/642/1310
f 295/672/1309 3679/642/1310 5474/643/1311 3782/673/1312
f 295/672/1309 3782/673/1312 4685/653/1285 3783/652/1284
f 296/674/1313 1859/656/1288 4685/653/1285 3782/673/1312
f 296/674/1313 3782/673/1312 5474/643/1311 3102/646/1314
f 296/674/1313 3102/646/1314 5983/647/1315 3677/675/1316
f 296/674/1313 3677/675/1316 5475/657/1289 1859/656/1288
f 297/649/1317 3781/650/1318 4687/651/1319 1860/652/1320
f 297/649/1317 1860/652/1320 4690/653/1321 1861/654/1322
f 297/649/1317 1861/654/1322 5468/598/1247 3689/599/1246
f 297/649/1317 3689/599/1246 4674/600/1242 3781/650/1318
f 298/655/1323 1861/654/1322 4690/653/1321 3775/656/1324
f 298/655/1323 3775/656/1324 5472/657/1298 3682/658/1297
f 298/655/1323 3682/658/1297 5470/609/1251 3688/610/1250
f 298/655/1323 3688/610/1250 5468/598/1247 1861/654/1322
f 299/659/1325 3780/660/1326 4687/651/1319 3781/650/1318
f 299/659/1325 3781/650/1318 4674/600/1242 1849/624/1241
f 299/659/1325 1849/624/1241 4677/625/1240 3779/661/1327
f 299/659/1325 3779/661/1327 4688/662/1328 3780/660/1326
f 300/663/1329 3778/664/1330 4688/662/1328 3779/661/1327
f 300/663/1329 3779/661/1327 4677/625/1240 1850/628/1244
f 300/663/1329 1850/628/1244 5462/629/1159 3676/665/1331
f 300/663/1329 3676/665/1331 5476/666/1332 3778/664/1330
f 301/667/1333 3777/668/1334 4687/651/1319 3780/660/1326
f 301/667/1333 3780/660/1326 4688/662/1328 3776/669/1335
f 301/667/1333 3776/669/1335 5479/634/1336 3673/635/1337
f 301/667/1333 3673/635/1337 4689/636/1338 3777/668/1334
f 302/670/1339 3776/669/1335 4688/662/1328 3778/664/1330
f 302/670/1339 3778/664/1330 5476/666/1332 3675/671/1340
f 302/670/1339 3675/671/1340 5477/639/1341 3672/640/1342
f 302/670/1339 3672/640/1342 5479/634/1336 3776/669/1335
f 303/672/1343 1860/652/1320 4687/651/1319 3777/668/1334
f 303/672/1343 3777/668/1334 4689/636/1338 3674/642/1344
f 303/672/1343 3674/642/1344 5478/643/1345 3774/673/1346
f 303/672/1343 3774/673/1346 4690/653/1321 1860/652/1320
f 304/674/1347 3775/656/1324 4690/653/1321 3774/673/1346
f 304/674/1347 3774/673/1346 5478/643/1345 3103/646/1348
f 304/674/1347 3103/646/1348 5981/647/1307 3681/675/1306
f 304/674/1347 3681/675/1306 5472/657/1298 3775/656/1324
f 305/649/1349 3773/650/1350 4691/651/1351 1864/652/1352
f 305/649/1349 1864/652/1352 4693/653/1353 3772/654/1354
f 305/649/1349 3772/654/1354 5466/598/1217 3692/599/1216
f 305/649/1349 3692/599/1216 4670/600/1212 3773/650/1350
f 306/655/1355 3772/654/1354 4693/653/1353 1865/656/1356
f 306/655/1355 1865/656/1356 5483/657/1357 3668/658/1358
f 306/655/1355 3668/658/1358 5980/609/1185 3100/610/1220
f 306/655/1355 3100/610/1220 5466/598/1217 3772/654/1354
f 307/659/1359 1862/660/1360 4691/651/1351 3773/650/1350
f 307/659/1359 3773/650/1350 4670/600/1212 3691/624/1211
f 307/659/1359 3691/624/1211 5467/625/1210 3771/661/1361
f 307/659/1359 3771/661/1361 4692/662/1362 1862/660/1360
f 308/663/1363 1863/664/1364 4692/662/1362 3771/661/1361
f 308/663/1363 3771/661/1361 5467/625/1210 3690/628/1214
f 308/663/1363 3690/628/1214 5452/629/1059 3671/665/1365
f 308/663/1363 3671/665/1365 5480/666/1366 1863/664/1364
f 309/667/1367 3770/668/1368 4691/651/1351 1862/660/1360
f 309/667/1367 1862/660/1360 4692/662/1362 3769/669/1369
f 309/667/1367 3769/669/1369 5481/634/1370 3105/635/1371
f 309/667/1367 3105/635/1371 5482/636/1372 3770/668/1368
f 310/670/1373 3769/669/1369 4692/662/1362 1863/664/1364
f 310/670/1373 1863/664/1364 5480/666/1366 3670/671/1374
f 310/670/1373 3670/671/1374 5982/639/1375 3104/640/1376
f 310/670/1373 3104/640/1376 5481/634/1370 3769/669/1369
f 311/672/1377 1864/652/1352 4691/651/1351 3770/668/1368
f 311/672/1377 3770/668/1368 5482/636/1372 3669/642/1378
f 311/672/1377 3669/642/1378 4694/643/1379 1866/673/1380
f 311/672/1377 1866/673/1380 4693/653/1353 1864/652/1352
f 312/674/1381 1865/656/1356 4693/653/1353 1866/673/1380
f 312/674/1381 1866/673/1380 4694/643/1379 1867/646/1382
f 312/674/1381 1867/646/1382 5484/647/1383 3106/675/1384
f 312/674/1381 3106/675/1384 5483/657/1357 1865/656/1356
f 313/649/1385 1868/650/1386 4695/651/1387 1869/652/1388
f 313/649/1385 1869/652/1388 4698/653/1389 1870/654/1390
f 313/649/1385 1870/654/1390 5464/598/1189 3099/599/1188
f 313/649/1385 3099/599/1188 5465/600/1182 1868/650/1386
f 314/655/1391 1870/654/1390 4698/653/1389 3764/656/1392
f 314/655/1391 3764/656/1392 5486/657/1393 3665/658/1394
f 314/655/1391 3665/658/1394 5979/609/1151 3098/610/1192
f 314/655/1391 3098/610/1192 5464/598/1189 1870/654/1390
f 315/659/1395 3768/660/1396 4695/651/1387 1868/650/1386
f 315/659/1395 1868/650/1386 5465/600/1182 3694/624/1181
f 315/659/1395 3694/624/1181 4668/625/1180 3767/661/1397
f 315/659/1395 3767/661/1397 4696/662/1398 3768/660/1396
f 316/663/1399 1871/664/1400 4696/662/1398 3767/661/1397
f 316/663/1399 3767/661/1397 4668/625/1180 3693/628/1186
f 316/663/1399 3693/628/1186 5980/629/1185 3668/665/1358
f 316/663/1399 3668/665/1358 5483/666/1357 1871/664/1400
f 317/667/1401 3766/668/1402 4695/651/1387 3768/660/1396
f 317/667/1401 3768/660/1396 4696/662/1398 3765/669/1403
f 317/667/1401 3765/669/1403 5485/634/1404 3666/635/1405
f 317/667/1401 3666/635/1405 4697/636/1406 3766/668/1402
f 318/670/1407 3765/669/1403 4696/662/1398 1871/664/1400
f 318/670/1407 1871/664/1400 5483/666/1357 3106/671/1384
f 318/670/1407 3106/671/1384 5484/639/1383 3667/640/1408
f 318/670/1407 3667/640/1408 5485/634/1404 3765/669/1403
f 319/672/1409 1869/652/1388 4695/651/1387 3766/668/1402
f 319/672/1409 3766/668/1402 4697/636/1406 1872/642/1410
f 319/672/1409 1872/642/1410 4699/643/1411 3763/673/1412
f 319/672/1409 3763/673/1412 4698/653/1389 1869/652/1388
f 320/674/1413 3764/656/1392 4698/653/1389 3763/673/1412
f 320/674/1413 3763/673/1412 4699/643/1411 1873/646/1414
f 320/674/1413 1873/646/1414 5487/647/1415 3107/675/1416
f 320/674/1413 3107/675/1416 5486/657/1393 3764/656/1392
f 321/649/1417 3762/650/1418 4700/651/1419 3759/652/1420
f 321/649/1417 3759/652/1420 4703/653/1421 1875/654/1422
f 321/649/1417 1875/654/1422 5460/598/1155 3698/599/1154
f 321/649/1417 3698/599/1154 4662/600/1148 3762/650/1418
f 322/655/1423 1875/654/1422 4703/653/1421 1874/656/1424
f 322/655/1423 1874/656/1424 5476/657/1332 3676/658/1331
f 322/655/1423 3676/658/1331 5462/609/1159 3699/610/1158
f 322/655/1423 3699/610/1158 5460/598/1155 1875/654/1422
f 323/659/1425 1876/660/1426 4700/651/1419 3762/650/1418
f 323/659/1425 3762/650/1418 4662/600/1148 1834/624/1147
f 323/659/1425 1834/624/1147 4664/625/1146 3761/661/1427
f 323/659/1425 3761/661/1427 4701/662/1428 1876/660/1426
f 324/663/1429 1877/664/1430 4701/662/1428 3761/661/1427
f 324/663/1429 3761/661/1427 4664/625/1146 3697/628/1152
f 324/663/1429 3697/628/1152 5979/629/1151 3665/665/1394
f 324/663/1429 3665/665/1394 5486/666/1393 1877/664/1430
f 325/667/1431 1878/668/1432 4700/651/1419 1876/660/1426
f 325/667/1431 1876/660/1426 4701/662/1428 3760/669/1433
f 325/667/1431 3760/669/1433 5488/634/1434 3663/635/1435
f 325/667/1431 3663/635/1435 4702/636/1436 1878/668/1432
f 326/670/1437 3760/669/1433 4701/662/1428 1877/664/1430
f 326/670/1437 1877/664/1430 5486/666/1393 3107/671/1416
f 326/670/1437 3107/671/1416 5487/639/1415 3664/640/1438
f 326/670/1437 3664/640/1438 5488/634/1434 3760/669/1433
f 327/672/1439 3759/652/1420 4700/651/1419 1878/668/1432
f 327/672/1439 1878/668/1432 4702/636/1436 1879/642/1440
f 327/672/1439 1879/642/1440 4704/643/1441 3758/673/1442
f 327/672/1439 3758/673/1442 4703/653/1421 3759/652/1420
f 328/674/1443 1874/656/1424 4703/653/1421 3758/673/1442
f 328/674/1443 3758/673/1442 4704/643/1441 1880/646/1444
f 328/674/1443 1880/646/1444 5477/647/1341 3675/675/1340
f 328/674/1443 3675/675/1340 5476/657/1332 1874/656/1424
f 329/649/1445 3757/650/1446 4705/651/1447 1884/652/1448
f 329/649/1445 1884/652/1448 4708/653/1449 3756/654/1450
f 329/649/1445 3756/654/1450 5456/598/1121 3092/599/1120
f 329/649/1445 3092/599/1120 5457/600/1114 3757/650/1446
f 330/655/1451 3756/654/1450 4708/653/1449 3753/656/1452
f 330/655/1451 3753/656/1452 5491/657/1453 3659/658/1454
f 330/655/1451 3659/658/1454 5454/609/1085 3701/610/1124
f 330/655/1451 3701/610/1124 5456/598/1121 3756/654/1450
f 331/659/1455 1881/660/1456 4705/651/1447 3757/650/1446
f 331/659/1455 3757/650/1446 5457/600/1114 3093/624/1113
f 331/659/1455 3093/624/1113 5458/625/1112 3755/661/1457
f 331/659/1455 3755/661/1457 4706/662/1458 1881/660/1456
f 332/663/1459 1882/664/1460 4706/662/1458 3755/661/1457
f 332/663/1459 3755/661/1457 5458/625/1112 3094/628/1118
f 332/663/1459 3094/628/1118 5978/629/1117 3678/665/1290
f 332/663/1459 3678/665/1290 5475/666/1289 1882/664/1460
f 333/667/1461 1883/668/1462 4705/651/1447 1881/660/1456
f 333/667/1461 1881/660/1456 4706/662/1458 3754/669/1463
f 333/667/1461 3754/669/1463 5489/634/1464 3662/635/1465
f 333/667/1461 3662/635/1465 4707/636/1466 1883/668/1462
f 334/670/1467 3754/669/1463 4706/662/1458 1882/664/1460
f 334/670/1467 1882/664/1460 5475/666/1289 3677/671/1316
f 334/670/1467 3677/671/1316 5983/639/1315 3108/640/1468
f 334/670/1467 3108/640/1468 5489/634/1464 3754/669/1463
f 335/672/1469 1884/652/1448 4705/651/1447 1883/668/1462
f 335/672/1469 1883/668/1462 4707/636/1466 3661/642/1470
f 335/672/1469 3661/642/1470 5490/643/1471 3752/673/1472
f 335/672/1469 3752/673/1472 4708/653/1449 1884/652/1448
f 336/674/1473 3753/656/1452 4708/653/1449 3752/673/1472
f 336/674/1473 3752/673/1472 5490/643/1471 3660/646/1474
f 336/674/1473 3660/646/1474 5492/647/1475 3658/675/1476
f 336/674/1473 3658/675/1476 5491/657/1453 3753/656/1452
f 337/649/1477 3751/650/1478 4709/651/1479 1888/652/1480
f 337/649/1477 1888/652/1480 4711/653/1481 3750/654/1482
f 337/649/1477 3750/654/1482 4656/598/1089 1825/599/1088
f 337/649/1477 1825/599/1088 4653/600/1082 3751/650/1478
f 338/655/1483 3750/654/1482 4711/653/1481 3746/656/1484
f 338/655/1483 3746/656/1484 5495/657/1485 3656/658/1486
f 338/655/1483 3656/658/1486 5449/609/1051 1826/610/1092
f 338/655/1483 1826/610/1092 4656/598/1089 3750/654/1482
f 339/659/1487 1885/660/1488 4709/651/1479 3751/650/1478
f 339/659/1487 3751/650/1478 4653/600/1082 1822/624/1081
f 339/659/1487 1822/624/1081 4655/625/1080 3749/661/1489
f 339/659/1487 3749/661/1489 4710/662/1490 1885/660/1488
f 340/663/1491 3748/664/1492 4710/662/1490 3749/661/1489
f 340/663/1491 3749/661/1489 4655/625/1080 1824/628/1086
f 340/663/1491 1824/628/1086 5454/629/1085 3659/665/1454
f 340/663/1491 3659/665/1454 5491/666/1453 3748/664/1492
f 341/667/1493 3747/668/1494 4709/651/1479 1885/660/1488
f 341/667/1493 1885/660/1488 4710/662/1490 1886/669/1495
f 341/667/1493 1886/669/1495 4712/634/1496 3657/635/1497
f 341/667/1493 3657/635/1497 5493/636/1498 3747/668/1494
f 342/670/1499 1886/669/1495 4710/662/1490 3748/664/1492
f 342/670/1499 3748/664/1492 5491/666/1453 3658/671/1476
f 342/670/1499 3658/671/1476 5492/639/1475 1887/640/1500
f 342/670/1499 1887/640/1500 4712/634/1496 1886/669/1495
f 343/672/1501 1888/652/1480 4709/651/1479 3747/668/1494
f 343/672/1501 3747/668/1494 5493/636/1498 3109/642/1502
f 343/672/1501 3109/642/1502 5494/643/1503 3745/673/1504
f 343/672/1501 3745/673/1504 4711/653/1481 1888/652/1480
f 344/674/1505 3746/656/1484 4711/653/1481 3745/673/1504
f 344/674/1505 3745/673/1504 5494/643/1503 3110/646/1506
f 344/674/1505 3110/646/1506 5984/647/1507 3655/675/1508
f 344/674/1505 3655/675/1508 5495/657/1485 3746/656/1484
f 345/649/1509 1889/650/1510 4713/651/1511 3738/652/1512
f 345/649/1509 3738/652/1512 4716/653/1513 3744/654/1514
f 345/649/1509 3744/654/1514 4650/598/1055 3706/599/1054
f 345/649/1509 3706/599/1054 5450/600/1048 1889/650/1510
f 346/655/1515 3744/654/1514 4716/653/1513 1890/656/1516
f 346/655/1515 1890/656/1516 5480/657/1366 3671/658/1365
f 346/655/1515 3671/658/1365 5452/609/1059 1819/610/1058
f 346/655/1515 1819/610/1058 4650/598/1055 3744/654/1514
f 347/659/1517 3743/660/1518 4713/651/1511 1889/650/1510
f 347/659/1517 1889/650/1510 5450/600/1048 3707/624/1047
f 347/659/1517 3707/624/1047 4649/625/1046 3742/661/1519
f 347/659/1517 3742/661/1519 4714/662/1520 3743/660/1518
f 348/663/1521 3741/664/1522 4714/662/1520 3742/661/1519
f 348/663/1521 3742/661/1519 4649/625/1046 1818/628/1052
f 348/663/1521 1818/628/1052 5449/629/1051 3656/665/1486
f 348/663/1521 3656/665/1486 5495/666/1485 3741/664/1522
f 349/667/1523 3740/668/1524 4713/651/1511 3743/660/1518
f 349/667/1523 3743/660/1518 4714/662/1520 3739/669/1525
f 349/667/1523 3739/669/1525 5496/634/1526 3653/635/1527
f 349/667/1523 3653/635/1527 4715/636/1528 3740/668/1524
f 350/670/1529 3739/669/1525 4714/662/1520 3741/664/1522
f 350/670/1529 3741/664/1522 5495/666/1485 3655/671/1508
f 350/670/1529 3655/671/1508 5984/639/1507 3111/640/1530
f 350/670/1529 3111/640/1530 5496/634/1526 3739/669/1525
f 351/672/1531 3738/652/1512 4713/651/1511 3740/668/1524
f 351/672/1531 3740/668/1524 4715/636/1528 1892/642/1532
f 351/672/1531 1892/642/1532 4717/643/1533 1891/673/1534
f 351/672/1531 1891/673/1534 4716/653/1513 3738/652/1512
f 352/674/1535 1890/656/1516 4716/653/1513 1891/673/1534
f 352/674/1535 1891/673/1534 4717/643/1533 3654/646/1536
f 352/674/1535 3654/646/1536 5982/647/1375 3670/675/1374
f 352/674/1535 3670/675/1374 5480/657/1366 1890/656/1516
f 353/593/1537 3737/594/1538 4718/676/1539 1893/677/1540
f 353/593/1537 1893/677/1540 4720/678/1541 3736/592/1542
f 353/593/1537 3736/592/1542 4717/598/1533 1892/599/1532
f 353/593/1537 1892/599/1532 4715/600/1528 3737/594/1538
f 354/606/1543 3736/592/1542 4720/678/1541 4004/679/1544
f 354/606/1543 4004/679/1544 5500/680/1545 3913/605/1546
f 354/606/1543 3913/605/1546 5982/609/1375 3654/610/1536
f 354/606/1543 3654/610/1536 4717/598/1533 3736/592/1542
f 355/613/1547 4008/681/1548 4718/676/1539 3737/594/1538
f 355/613/1547 3737/594/1538 4715/600/1528 3653/624/1527
f 355/613/1547 3653/624/1527 5496/625/1526 4010/614/1549
f 355/613/1547 4010/614/1549 4719/682/1550 4008/681/1548
f 356/619/1551 4007/683/1552 4719/682/1550 4010/614/1549
f 356/619/1551 4010/614/1549 5496/625/1526 3111/628/1530
f 356/619/1551 3111/628/1530 5984/629/1507 3915/620/1553
f 356/619/1551 3915/620/1553 5497/684/1554 4007/683/1552
f 357/685/1555 4009/686/1556 4718/676/1539 4008/681/1548
f 357/685/1555 4008/681/1548 4719/682/1550 4006/687/1557
f 357/685/1555 4006/687/1557 5499/688/1558 3113/689/1559
f 357/685/1555 3113/689/1559 5498/690/1560 4009/686/1556
f 358/691/1561 4006/687/1557 4719/682/1550 4007/683/1552
f 358/691/1561 4007/683/1552 5497/684/1554 3112/692/1562
f 358/691/1561 3112/692/1562 5985/693/1563 3114/694/1564
f 358/691/1561 3114/694/1564 5499/688/1558 4006/687/1557
f 359/695/1565 1893/677/1540 4718/676/1539 4009/686/1556
f 359/695/1565 4009/686/1556 5498/690/1560 3914/696/1566
f 359/695/1565 3914/696/1566 4767/697/1567 4005/698/1568
f 359/695/1565 4005/698/1568 4720/678/1541 1893/677/1540
f 360/699/1569 4004/679/1544 4720/678/1541 4005/698/1568
f 360/699/1569 4005/698/1568 4767/697/1567 1920/700/1570
f 360/699/1569 1920/700/1570 5523/701/1571 3912/702/1572
f 360/699/1569 3912/702/1572 5500/680/1545 4004/679/1544
f 361/593/1573 1894/594/1574 4721/676/1575 4000/677/1576
f 361/593/1573 4000/677/1576 4722/678/1577 4003/592/1578
f 361/593/1573 4003/592/1578 5494/598/1503 3109/599/1502
f 361/593/1573 3109/599/1502 5493/600/1498 1894/594/1574
f 362/606/1579 4003/592/1578 4722/678/1577 3998/679/1580
f 362/606/1579 3998/679/1580 5497/680/1554 3915/605/1553
f 362/606/1579 3915/605/1553 5984/609/1507 3110/610/1506
f 362/606/1579 3110/610/1506 5494/598/1503 4003/592/1578
f 363/613/1581 1895/681/1582 4721/676/1575 1894/594/1574
f 363/613/1581 1894/594/1574 5493/600/1498 3657/624/1497
f 363/613/1581 3657/624/1497 4712/625/1496 3735/614/1583
f 363/613/1581 3735/614/1583 4723/682/1584 1895/681/1582
f 364/619/1585 1896/683/1586 4723/682/1584 3735/614/1583
f 364/619/1585 3735/614/1583 4712/625/1496 1887/628/1500
f 364/619/1585 1887/628/1500 5492/629/1475 3652/620/1587
f 364/619/1585 3652/620/1587 5501/684/1588 1896/683/1586
f 365/685/1589 4002/686/1590 4721/676/1575 1895/681/1582
f 365/685/1589 1895/681/1582 4723/682/1584 4001/687/1591
f 365/685/1589 4001/687/1591 4765/688/1592 3910/689/1593
f 365/685/1589 3910/689/1593 5503/690/1594 4002/686/1590
f 366/691/1595 4001/687/1591 4723/682/1584 1896/683/1586
f 366/691/1595 1896/683/1586 5501/684/1588 3911/692/1596
f 366/691/1595 3911/692/1596 5531/693/1597 1919/694/1598
f 366/691/1595 1919/694/1598 4765/688/1592 4001/687/1591
f 367/695/1599 4000/677/1576 4721/676/1575 4002/686/1590
f 367/695/1599 4002/686/1590 5503/690/1594 3116/696/1600
f 367/695/1599 3116/696/1600 5502/697/1601 3999/698/1602
f 367/695/1599 3999/698/1602 4722/678/1577 4000/677/1576
f 368/699/1603 3998/679/1580 4722/678/1577 3999/698/1602
f 368/699/1603 3999/698/1602 5502/697/1601 3115/700/1604
f 368/699/1603 3115/700/1604 5985/701/1563 3112/702/1562
f 368/699/1603 3112/702/1562 5497/680/1554 3998/679/1580
f 369/593/1605 3847/594/1606 4724/676/1607 3992/677/1608
f 369/593/1605 3992/677/1608 4726/678/1609 3997/592/1610
f 369/593/1605 3997/592/1610 5490/598/1471 3661/599/1470
f 369/593/1605 3661/599/1470 4707/600/1466 3847/594/1606
f 370/606/1611 3997/592/1610 4726/678/1609 3991/679/1612
f 370/606/1611 3991/679/1612 5501/680/1588 3652/605/1587
f 370/606/1611 3652/605/1587 5492/609/1475 3660/610/1474
f 370/606/1611 3660/610/1474 5490/598/1471 3997/592/1610
f 371/613/1613 1897/681/1614 4724/676/1607 3847/594/1606
f 371/613/1613 3847/594/1606 4707/600/1466 3662/624/1465
f 371/613/1613 3662/624/1465 5489/625/1464 3996/614/1615
f 371/613/1613 3996/614/1615 4725/682/1616 1897/681/1614
f 372/619/1617 3994/683/1618 4725/682/1616 3996/614/1615
f 372/619/1617 3996/614/1615 5489/625/1464 3108/628/1468
f 372/619/1617 3108/628/1468 5983/629/1315 3909/620/1619
f 372/619/1617 3909/620/1619 5504/684/1620 3994/683/1618
f 373/685/1621 3995/686/1622 4724/676/1607 1897/681/1614
f 373/685/1621 1897/681/1614 4725/682/1616 3993/687/1623
f 373/685/1621 3993/687/1623 5506/688/1624 3905/689/1625
f 373/685/1621 3905/689/1625 4760/690/1626 3995/686/1622
f 374/691/1627 3993/687/1623 4725/682/1616 3994/683/1618
f 374/691/1627 3994/683/1618 5504/684/1620 3908/692/1628
f 374/691/1627 3908/692/1628 5521/693/1629 3904/694/1630
f 374/691/1627 3904/694/1630 5506/688/1624 3993/687/1623
f 375/695/1631 3992/677/1608 4724/676/1607 3995/686/1622
f 375/695/1631 3995/686/1622 4760/690/1626 3906/696/1632
f 375/695/1631 3906/696/1632 5505/697/1633 1898/698/1634
f 375/695/1631 1898/698/1634 4726/678/1609 3992/677/1608
f 376/699/1635 3991/679/1612 4726/678/1609 1898/698/1634
f 376/699/1635 1898/698/1634 5505/697/1633 3907/700/1636
f 376/699/1635 3907/700/1636 5531/701/1597 3911/702/1596
f 376/699/1635 3911/702/1596 5501/680/1588 3991/679/1612
f 377/593/1637 3848/594/1638 4727/676/1639 3986/677/1640
f 377/593/1637 3986/677/1640 4729/678/1641 3849/592/1642
f 377/593/1637 3849/592/1642 4704/598/1441 1879/599/1440
f 377/593/1637 1879/599/1440 4702/600/1436 3848/594/1638
f 378/606/1643 3849/592/1642 4729/678/1641 3985/679/1644
f 378/606/1643 3985/679/1644 5510/680/1645 3651/605/1646
f 378/606/1643 3651/605/1646 5477/609/1341 1880/610/1444
f 378/606/1643 1880/610/1444 4704/598/1441 3849/592/1642
f 379/613/1647 3989/681/1648 4727/676/1639 3848/594/1638
f 379/613/1647 3848/594/1638 4702/600/1436 3663/624/1435
f 379/613/1647 3663/624/1435 5488/625/1434 1899/614/1649
f 379/613/1647 1899/614/1649 4728/682/1650 3989/681/1648
f 380/619/1651 3988/683/1652 4728/682/1650 1899/614/1649
f 380/619/1651 1899/614/1649 5488/625/1434 3664/628/1438
f 380/619/1651 3664/628/1438 5487/629/1415 3852/620/1653
f 380/619/1651 3852/620/1653 5507/684/1654 3988/683/1652
f 381/685/1655 3990/686/1656 4727/676/1639 3989/681/1648
f 381/685/1655 3989/681/1648 4728/682/1650 3987/687/1657
f 381/685/1655 3987/687/1657 5508/688/1658 3901/689/1659
f 381/685/1655 3901/689/1659 4756/690/1660 3990/686/1656
f 382/691/1661 3987/687/1657 4728/682/1650 3988/683/1652
f 382/691/1661 3988/683/1652 5507/684/1654 3903/692/1662
f 382/691/1661 3903/692/1662 5528/693/1663 3902/694/1664
f 382/691/1661 3902/694/1664 5508/688/1658 3987/687/1657
f 383/695/1665 3986/677/1640 4727/676/1639 3990/686/1656
f 383/695/1665 3990/686/1656 4756/690/1660 3900/696/1666
f 383/695/1665 3900/696/1666 5509/697/1667 1900/698/1668
f 383/695/1665 1900/698/1668 4729/678/1641 3986/677/1640
f 384/699/1669 3985/679/1644 4729/678/1641 1900/698/1668
f 384/699/1669 1900/698/1668 5509/697/1667 3117/700/1670
f 384/699/1669 3117/700/1670 5986/701/1671 3899/702/1672
f 384/699/1669 3899/702/1672 5510/680/1645 3985/679/1644
f 385/593/1673 3850/594/1674 4730/676/1675 3981/677/1676
f 385/593/1673 3981/677/1676 4731/678/1677 3734/592/1678
f 385/593/1673 3734/592/1678 4699/598/1411 1872/599/1410
f 385/593/1673 1872/599/1410 4697/600/1406 3850/594/1674
f 386/606/1679 3734/592/1678 4731/678/1677 3979/679/1680
f 386/606/1679 3979/679/1680 5507/680/1654 3852/605/1653
f 386/606/1679 3852/605/1653 5487/609/1415 1873/610/1414
f 386/606/1679 1873/610/1414 4699/598/1411 3734/592/1678
f 387/613/1681 3983/681/1682 4730/676/1675 3850/594/1674
f 387/613/1681 3850/594/1674 4697/600/1406 3666/624/1405
f 387/613/1681 3666/624/1405 5485/625/1404 1901/614/1683
f 387/613/1681 1901/614/1683 4732/682/1684 3983/681/1682
f 388/619/1685 1902/683/1686 4732/682/1684 1901/614/1683
f 388/619/1685 1901/614/1683 5485/625/1404 3667/628/1408
f 388/619/1685 3667/628/1408 5484/629/1383 3650/620/1687
f 388/619/1685 3650/620/1687 5511/684/1688 1902/683/1686
f 389/685/1689 3984/686/1690 4730/676/1675 3983/681/1682
f 389/685/1689 3983/681/1682 4732/682/1684 3982/687/1691
f 389/685/1689 3982/687/1691 4754/688/1692 3896/689/1693
f 389/685/1689 3896/689/1693 5512/690/1694 3984/686/1690
f 390/691/1695 3982/687/1691 4732/682/1684 1902/683/1686
f 390/691/1695 1902/683/1686 5511/684/1688 3898/692/1696
f 390/691/1695 3898/692/1696 5526/693/1697 1913/694/1698
f 390/691/1695 1913/694/1698 4754/688/1692 3982/687/1691
f 391/695/1699 3981/677/1676 4730/676/1675 3984/686/1690
f 391/695/1699 3984/686/1690 5512/690/1694 3897/696/1700
f 391/695/1699 3897/696/1700 4753/697/1701 3980/698/1702
f 391/695/1699 3980/698/1702 4731/678/1677 3981/677/1676
f 392/699/1703 3979/679/1680 4731/678/1677 3980/698/1702
f 392/699/1703 3980/698/1702 4753/697/1701 1912/700/1704
f 392/699/1703 1912/700/1704 5528/701/1663 3903/702/1662
f 392/699/1703 3903/702/1662 5507/680/1654 3979/679/1680
f 393/593/1705 3978/594/1706 4733/676/1707 3973/677/1708
f 393/593/1705 3973/677/1708 4734/678/1709 3733/592/1710
f 393/593/1705 3733/592/1710 4694/598/1379 3669/599/1378
f 393/593/1705 3669/599/1378 5482/600/1372 3978/594/1706
f 394/606/1711 3733/592/1710 4734/678/1709 1903/679/1712
f 394/606/1711 1903/679/1712 5511/680/1688 3650/605/1687
f 394/606/1711 3650/605/1687 5484/609/1383 1867/610/1382
f 394/606/1711 1867/610/1382 4694/598/1379 3733/592/1710
f 395/613/1713 3975/681/1714 4733/676/1707 3978/594/1706
f 395/613/1713 3978/594/1706 5482/600/1372 3105/624/1371
f 395/613/1713 3105/624/1371 5481/625/1370 3977/614/1715
f 395/613/1713 3977/614/1715 4735/682/1716 3975/681/1714
f 396/619/1717 3974/683/1718 4735/682/1716 3977/614/1715
f 396/619/1717 3977/614/1715 5481/625/1370 3104/628/1376
f 396/619/1717 3104/628/1376 5982/629/1375 3913/620/1546
f 396/619/1717 3913/620/1546 5500/684/1545 3974/683/1718
f 397/685/1719 3976/686/1720 4733/676/1707 3975/681/1714
f 397/685/1719 3975/681/1714 4735/682/1716 1904/687/1721
f 397/685/1719 1904/687/1721 5513/688/1722 3894/689/1723
f 397/685/1719 3894/689/1723 4748/690/1724 3976/686/1720
f 398/691/1725 1904/687/1721 4735/682/1716 3974/683/1718
f 398/691/1725 3974/683/1718 5500/684/1545 3912/692/1572
f 398/691/1725 3912/692/1572 5523/693/1571 3895/694/1726
f 398/691/1725 3895/694/1726 5513/688/1722 1904/687/1721
f 399/695/1727 3973/677/1708 4733/676/1707 3976/686/1720
f 399/695/1727 3976/686/1720 4748/690/1724 1909/696/1728
f 399/695/1727 1909/696/1728 4750/697/1729 3972/698/1730
f 399/695/1727 3972/698/1730 4734/678/1709 3973/677/1708
f 400/699/1731 1903/679/1712 4734/678/1709 3972/698/1730
f 400/699/1731 3972/698/1730 4750/697/1729 1910/700/1732
f 400/699/1731 1910/700/1732 5526/701/1697 3898/702/1696
f 400/699/1731 3898/702/1696 5511/680/1688 1903/679/1712
f 401/593/1733 3851/594/1734 4736/676/1735 1905/677/1736
f 401/593/1733 1905/677/1736 4737/678/1737 3971/592/1738
f 401/593/1733 3971/592/1738 5478/598/1345 3674/599/1344
f 401/593/1733 3674/599/1344 4689/600/1338 3851/594/1734
f 402/606/1739 3971/592/1738 4737/678/1737 3964/679/1740
f 402/606/1739 3964/679/1740 5516/680/1741 3120/605/1742
f 402/606/1739 3120/605/1742 5981/609/1307 3103/610/1348
f 402/606/1739 3103/610/1348 5478/598/1345 3971/592/1738
f 403/613/1743 3968/681/1744 4736/676/1735 3851/594/1734
f 403/613/1743 3851/594/1734 4689/600/1338 3673/624/1337
f 403/613/1743 3673/624/1337 5479/625/1336 3970/614/1745
f 403/613/1743 3970/614/1745 4738/682/1746 3968/681/1744
f 404/619/1747 3967/683/1748 4738/682/1746 3970/614/1745
f 404/619/1747 3970/614/1745 5479/625/1336 3672/628/1342
f 404/619/1747 3672/628/1342 5477/629/1341 3651/620/1646
f 404/619/1747 3651/620/1646 5510/684/1645 3967/683/1748
f 405/685/1749 3969/686/1750 4736/676/1735 3968/681/1744
f 405/685/1749 3968/681/1744 4738/682/1746 3966/687/1751
f 405/685/1749 3966/687/1751 4746/688/1752 3892/689/1753
f 405/685/1749 3892/689/1753 5514/690/1754 3969/686/1750
f 406/691/1755 3966/687/1751 4738/682/1746 3967/683/1748
f 406/691/1755 3967/683/1748 5510/684/1645 3899/692/1672
f 406/691/1755 3899/692/1672 5986/693/1671 3893/694/1756
f 406/691/1755 3893/694/1756 4746/688/1752 3966/687/1751
f 407/695/1757 1905/677/1736 4736/676/1735 3969/686/1750
f 407/695/1757 3969/686/1750 5514/690/1754 3118/696/1758
f 407/695/1757 3118/696/1758 5515/697/1759 3965/698/1760
f 407/695/1757 3965/698/1760 4737/678/1737 1905/677/1736
f 408/699/1761 3964/679/1740 4737/678/1737 3965/698/1760
f 408/699/1761 3965/698/1760 5515/697/1759 3119/700/1762
f 408/699/1761 3119/700/1762 5987/701/1763 3891/702/1764
f 408/699/1761 3891/702/1764 5516/680/1741 3964/679/1740
f 409/593/1765 3732/594/1766 4739/676/1767 3957/677/1768
f 409/593/1765 3957/677/1768 4741/678/1769 3963/592/1770
f 409/593/1765 3963/592/1770 5474/598/1311 3679/599/1310
f 409/593/1765 3679/599/1310 4684/600/1304 3732/594/1766
f 410/606/1771 3963/592/1770 4741/678/1769 3955/679/1772
f 410/606/1771 3955/679/1772 5504/680/1620 3909/605/1619
f 410/606/1771 3909/605/1619 5983/609/1315 3102/610/1314
f 410/606/1771 3102/610/1314 5474/598/1311 3963/592/1770
f 411/613/1773 3960/681/1774 4739/676/1767 3732/594/1766
f 411/613/1773 3732/594/1766 4684/600/1304 3680/624/1303
f 411/613/1773 3680/624/1303 5473/625/1302 3962/614/1775
f 411/613/1773 3962/614/1775 4740/682/1776 3960/681/1774
f 412/619/1777 3959/683/1778 4740/682/1776 3962/614/1775
f 412/619/1777 3962/614/1775 5473/625/1302 3101/628/1308
f 412/619/1777 3101/628/1308 5981/629/1307 3120/620/1742
f 412/619/1777 3120/620/1742 5516/684/1741 3959/683/1778
f 413/685/1779 3961/686/1780 4739/676/1767 3960/681/1774
f 413/685/1779 3960/681/1774 4740/682/1776 3958/687/1781
f 413/685/1779 3958/687/1781 5519/688/1782 3122/689/1783
f 413/685/1779 3122/689/1783 5518/690/1784 3961/686/1780
f 414/691/1785 3958/687/1781 4740/682/1776 3959/683/1778
f 414/691/1785 3959/683/1778 5516/684/1741 3891/692/1764
f 414/691/1785 3891/692/1764 5987/693/1763 3123/694/1786
f 414/691/1785 3123/694/1786 5519/688/1782 3958/687/1781
f 415/695/1787 3957/677/1768 4739/676/1767 3961/686/1780
f 415/695/1787 3961/686/1780 5518/690/1784 3121/696/1788
f 415/695/1787 3121/696/1788 5517/697/1789 3956/698/1790
f 415/695/1787 3956/698/1790 4741/678/1769 3957/677/1768
f 416/699/1791 3955/679/1772 4741/678/1769 3956/698/1790
f 416/699/1791 3956/698/1790 5517/697/1789 3890/700/1792
f 416/699/1791 3890/700/1792 5521/701/1629 3908/702/1628
f 416/699/1791 3908/702/1628 5504/680/1620 3955/679/1772
f 417/703/1793 3954/704/1794 4742/686/1795 3887/695/1796
f 417/703/1793 3887/695/1796 5520/698/1797 3953/705/1798
f 417/703/1793 3953/705/1798 5517/597/1789 3121/595/1788
f 417/703/1793 3121/595/1788 5518/596/1784 3954/704/1794
f 418/706/1799 3953/705/1798 5520/698/1797 3888/699/1800
f 418/706/1799 3888/699/1800 5522/702/1801 3124/707/1802
f 418/706/1799 3124/707/1802 5521/608/1629 3890/607/1792
f 418/706/1799 3890/607/1792 5517/597/1789 3953/705/1798
f 419/708/1803 1906/685/1804 4742/686/1795 3954/704/1794
f 419/708/1803 3954/704/1794 5518/596/1784 3122/623/1783
f 419/708/1803 3122/623/1783 5519/626/1782 3952/709/1805
f 419/708/1803 3952/709/1805 4743/687/1806 1906/685/1804
f 420/710/1807 3886/691/1808 4743/687/1806 3952/709/1805
f 420/710/1807 3952/709/1805 5519/626/1782 3123/627/1786
f 420/710/1807 3123/627/1786 5987/630/1763 3889/711/1809
f 420/710/1807 3889/711/1809 5988/692/1810 3886/691/1808
f 421/703/1811 3951/704/1812 4745/686/1813 1908/695/1814
f 421/703/1811 1908/695/1814 4747/698/1815 3950/705/1816
f 421/703/1811 3950/705/1816 5515/597/1759 3118/595/1758
f 421/703/1811 3118/595/1758 5514/596/1754 3951/704/1812
f 422/706/1817 3950/705/1816 4747/698/1815 3884/699/1818
f 422/706/1817 3884/699/1818 5988/702/1810 3889/707/1809
f 422/706/1817 3889/707/1809 5987/608/1763 3119/607/1762
f 422/706/1817 3119/607/1762 5515/597/1759 3950/705/1816
f 423/708/1819 3883/685/1820 4745/686/1813 3951/704/1812
f 423/708/1819 3951/704/1812 5514/596/1754 3892/623/1753
f 423/708/1819 3892/623/1753 4746/626/1752 1907/709/1821
f 423/708/1819 1907/709/1821 4744/687/1822 3883/685/1820
f 424/710/1823 3882/691/1824 4744/687/1822 1907/709/1821
f 424/710/1823 1907/709/1821 4746/626/1752 3893/627/1756
f 424/710/1823 3893/627/1756 5986/630/1671 3885/711/1825
f 424/710/1823 3885/711/1825 5989/692/1826 3882/691/1824
f 425/703/1827 3949/704/1828 5524/686/1829 3125/695/1830
f 425/703/1827 3125/695/1830 5525/698/1831 3948/705/1832
f 425/703/1827 3948/705/1832 4750/597/1729 1909/595/1728
f 425/703/1827 1909/595/1728 4748/596/1724 3949/704/1828
f 426/706/1833 3948/705/1832 5525/698/1831 3878/699/1834
f 426/706/1833 3878/699/1834 5527/702/1835 3126/707/1836
f 426/706/1833 3126/707/1836 5526/608/1697 1910/607/1732
f 426/706/1833 1910/607/1732 4750/597/1729 3948/705/1832
f 427/708/1837 3879/685/1838 5524/686/1829 3949/704/1828
f 427/708/1837 3949/704/1828 4748/596/1724 3894/623/1723
f 427/708/1837 3894/623/1723 5513/626/1722 3947/709/1839
f 427/708/1837 3947/709/1839 4749/687/1840 3879/685/1838
f 428/710/1841 3880/691/1842 4749/687/1840 3947/709/1839
f 428/710/1841 3947/709/1839 5513/626/1722 3895/627/1726
f 428/710/1841 3895/627/1726 5523/630/1571 3881/711/1843
f 428/710/1841 3881/711/1843 5990/692/1844 3880/691/1842
f 429/703/1845 3946/704/1846 4751/686/1847 1914/695/1848
f 429/703/1845 1914/695/1848 4752/698/1849 1911/705/1850
f 429/703/1845 1911/705/1850 4753/597/1701 3897/595/1700
f 429/703/1845 3897/595/1700 5512/596/1694 3946/704/1846
f 430/706/1851 1911/705/1850 4752/698/1849 3875/699/1852
f 430/706/1851 3875/699/1852 5529/702/1853 3874/707/1854
f 430/706/1851 3874/707/1854 5528/608/1663 1912/607/1704
f 430/706/1851 1912/607/1704 4753/597/1701 1911/705/1850
f 431/708/1855 3876/685/1856 4751/686/1847 3946/704/1846
f 431/708/1855 3946/704/1846 5512/596/1694 3896/623/1693
f 431/708/1855 3896/623/1693 4754/626/1692 3945/709/1857
f 431/708/1855 3945/709/1857 4755/687/1858 3876/685/1856
f 432/710/1859 3877/691/1860 4755/687/1858 3945/709/1857
f 432/710/1859 3945/709/1857 4754/626/1692 1913/627/1698
f 432/710/1859 1913/627/1698 5526/630/1697 3126/711/1836
f 432/710/1859 3126/711/1836 5527/692/1835 3877/691/1860
f 433/703/1861 3944/704/1862 4758/686/1863 1915/695/1864
f 433/703/1861 1915/695/1864 4759/698/1865 3943/705/1866
f 433/703/1861 3943/705/1866 5509/597/1667 3900/595/1666
f 433/703/1861 3900/595/1666 4756/596/1660 3944/704/1862
f 434/706/1867 3943/705/1866 4759/698/1865 3873/699/1868
f 434/706/1867 3873/699/1868 5989/702/1826 3885/707/1825
f 434/706/1867 3885/707/1825 5986/608/1671 3117/607/1670
f 434/706/1867 3117/607/1670 5509/597/1667 3943/705/1866
f 435/708/1869 3872/685/1870 4758/686/1863 3944/704/1862
f 435/708/1869 3944/704/1862 4756/596/1660 3901/623/1659
f 435/708/1869 3901/623/1659 5508/626/1658 3942/709/1871
f 435/708/1869 3942/709/1871 4757/687/1872 3872/685/1870
f 436/710/1873 3871/691/1874 4757/687/1872 3942/709/1871
f 436/710/1873 3942/709/1871 5508/626/1658 3902/627/1664
f 436/710/1873 3902/627/1664 5528/630/1663 3874/711/1854
f 436/710/1873 3874/711/1854 5529/692/1853 3871/691/1874
f 437/703/1875 3941/704/1876 5530/686/1877 3868/695/1878
f 437/703/1875 3868/695/1878 4762/698/1879 3940/705/1880
f 437/703/1875 3940/705/1880 5505/597/1633 3906/595/1632
f 437/703/1875 3906/595/1632 4760/596/1626 3941/704/1876
f 438/706/1881 3940/705/1880 4762/698/1879 1916/699/1882
f 438/706/1881 1916/699/1882 5532/702/1883 3867/707/1884
f 438/706/1881 3867/707/1884 5531/608/1597 3907/607/1636
f 438/706/1881 3907/607/1636 5505/597/1633 3940/705/1880
f 439/708/1885 3869/685/1886 5530/686/1877 3941/704/1876
f 439/708/1885 3941/704/1876 4760/596/1626 3905/623/1625
f 439/708/1885 3905/623/1625 5506/626/1624 3939/709/1887
f 439/708/1885 3939/709/1887 4761/687/1888 3869/685/1886
f 440/710/1889 3870/691/1890 4761/687/1888 3939/709/1887
f 440/710/1889 3939/709/1887 5506/626/1624 3904/627/1630
f 440/710/1889 3904/627/1630 5521/630/1629 3124/711/1802
f 440/710/1889 3124/711/1802 5522/692/1801 3870/691/1890
f 441/703/1891 3938/704/1892 4763/686/1893 3865/695/1894
f 441/703/1891 3865/695/1894 5533/698/1895 3937/705/1896
f 441/703/1891 3937/705/1896 5502/597/1601 3116/595/1600
f 441/703/1891 3116/595/1600 5503/596/1594 3938/704/1892
f 442/706/1897 3937/705/1896 5533/698/1895 3864/699/1898
f 442/706/1897 3864/699/1898 5534/702/1899 3863/707/1900
f 442/706/1897 3863/707/1900 5985/608/1563 3115/607/1604
f 442/706/1897 3115/607/1604 5502/597/1601 3937/705/1896
f 443/708/1901 1917/685/1902 4763/686/1893 3938/704/1892
f 443/708/1901 3938/704/1892 5503/596/1594 3910/623/1593
f 443/708/1901 3910/623/1593 4765/626/1592 1918/709/1903
f 443/708/1901 1918/709/1903 4764/687/1904 1917/685/1902
f 444/710/1905 3866/691/1906 4764/687/1904 1918/709/1903
f 444/710/1905 1918/709/1903 4765/626/1592 1919/627/1598
f 444/710/1905 1919/627/1598 5531/630/1597 3867/711/1884
f 444/710/1905 3867/711/1884 5532/692/1883 3866/691/1906
f 445/703/1907 3936/704/1908 4766/686/1909 3862/695/1910
f 445/703/1907 3862/695/1910 5535/698/1911 3935/705/1912
f 445/703/1907 3935/705/1912 4767/597/1567 3914/595/1566
f 445/703/1907 3914/595/1566 5498/596/1560 3936/704/1908
f 446/706/1913 3935/705/1912 5535/698/1911 3127/699/1914
f 446/706/1913 3127/699/1914 5990/702/1844 3881/707/1843
f 446/706/1913 3881/707/1843 5523/608/1571 1920/607/1570
f 446/706/1913 1920/607/1570 4767/597/1567 3935/705/1912
f 447/708/1915 3861/685/1916 4766/686/1909 3936/704/1908
f 447/708/1915 3936/704/1908 5498/596/1560 3113/623/1559
f 447/708/1915 3113/623/1559 5499/626/1558 3934/709/1917
f 447/708/1915 3934/709/1917 4768/687/1918 3861/685/1916
f 448/710/1919 1921/691/1920 4768/687/1918 3934/709/1917
f 448/710/1919 3934/709/1917 5499/626/1558 3114/627/1564
f 448/710/1919 3114/627/1564 5985/630/1563 3863/711/1900
f 448/710/1919 3863/711/1900 5534/692/1899 1921/691/1920
f 449/712/1921 4512/713/1922 5537/632/1923 4455/641/1924
f 449/712/1921 4455/641/1924 4855/644/1925 4511/714/1926
f 449/712/1921 4511/714/1926 4770/715/1927 1922/716/1928
f 449/712/1921 1922/716/1928 4769/717/1929 4512/713/1922
f 450/595/1930 3933/596/1931 4769/717/1929 1922/716/1928
f 450/595/1930 1922/716/1928 4770/715/1927 1924/597/1932
f 450/595/1930 1924/597/1932 5535/598/1911 3862/599/1910
f 450/595/1930 3862/599/1910 4766/600/1909 3933/596/1931
f 451/718/1933 4511/714/1926 4855/644/1925 2082/645/1934
f 451/718/1933 2082/645/1934 5567/648/1935 4475/719/1936
f 451/718/1933 4475/719/1936 5538/720/1937 1923/721/1938
f 451/718/1933 1923/721/1938 4770/715/1927 4511/714/1926
f 452/607/1939 1924/597/1932 4770/715/1927 1923/721/1938
f 452/607/1939 1923/721/1938 5538/720/1937 3128/608/1940
f 452/607/1939 3128/608/1940 5990/609/1844 3127/610/1914
f 452/607/1939 3127/610/1914 5535/598/1911 1924/597/1932
f 453/722/1941 4476/631/1942 5537/632/1923 4512/713/1922
f 453/722/1941 4512/713/1922 4769/717/1929 1925/723/1943
f 453/722/1941 1925/723/1943 4771/724/1944 4510/725/1945
f 453/722/1941 4510/725/1945 4856/633/1946 4476/631/1942
f 454/726/1947 2086/637/1948 4856/633/1946 4510/725/1945
f 454/726/1947 4510/725/1945 4771/724/1944 1926/727/1949
f 454/726/1947 1926/727/1949 5536/728/1950 4477/729/1951
f 454/726/1947 4477/729/1951 5592/638/1952 2086/637/1948
f 455/623/1953 1925/723/1943 4769/717/1929 3933/596/1931
f 455/623/1953 3933/596/1931 4766/600/1909 3861/624/1916
f 455/623/1953 3861/624/1916 4768/625/1918 3932/626/1954
f 455/623/1953 3932/626/1954 4771/724/1944 1925/723/1943
f 456/627/1955 1926/727/1949 4771/724/1944 3932/626/1954
f 456/627/1955 3932/626/1954 4768/625/1918 1921/628/1920
f 456/627/1955 1921/628/1920 5534/629/1899 3860/630/1956
f 456/627/1955 3860/630/1956 5536/728/1950 1926/727/1949
f 457/712/1957 1927/713/1958 4772/632/1959 4481/641/1960
f 457/712/1957 4481/641/1960 4848/644/1961 4509/714/1962
f 457/712/1957 4509/714/1962 4774/715/1963 1928/716/1964
f 457/712/1957 1928/716/1964 4773/717/1965 1927/713/1958
f 458/595/1966 3931/596/1967 4773/717/1965 1928/716/1964
f 458/595/1966 1928/716/1964 4774/715/1963 1930/597/1968
f 458/595/1966 1930/597/1968 5533/598/1895 3865/599/1894
f 458/595/1966 3865/599/1894 4763/600/1893 3931/596/1967
f 459/718/1969 4509/714/1962 4848/644/1961 2066/645/1970
f 459/718/1969 2066/645/1970 5592/648/1952 4477/719/1951
f 459/718/1969 4477/719/1951 5536/720/1950 1929/721/1971
f 459/718/1969 1929/721/1971 4774/715/1963 4509/714/1962
f 460/607/1972 1930/597/1968 4774/715/1963 1929/721/1971
f 460/607/1972 1929/721/1971 5536/720/1950 3860/608/1956
f 460/607/1972 3860/608/1956 5534/609/1899 3864/610/1898
f 460/607/1972 3864/610/1898 5533/598/1895 1930/597/1968
f 461/722/1973 4479/631/1974 4772/632/1959 1927/713/1958
f 461/722/1973 1927/713/1958 4773/717/1965 1931/723/1975
f 461/722/1973 1931/723/1975 4775/724/1976 4508/725/1977
f 461/722/1973 4508/725/1977 4776/633/1978 4479/631/1974
f 462/726/1979 1933/637/1980 4776/633/1978 4508/725/1977
f 462/726/1979 4508/725/1977 4775/724/1976 1932/727/1981
f 462/726/1979 1932/727/1981 5539/728/1982 4474/729/1983
f 462/726/1979 4474/729/1983 5540/638/1984 1933/637/1980
f 463/623/1985 1931/723/1975 4773/717/1965 3931/596/1967
f 463/623/1985 3931/596/1967 4763/600/1893 1917/624/1902
f 463/623/1985 1917/624/1902 4764/625/1904 3930/626/1986
f 463/623/1985 3930/626/1986 4775/724/1976 1931/723/1975
f 464/627/1987 1932/727/1981 4775/724/1976 3930/626/1986
f 464/627/1987 3930/626/1986 4764/625/1904 3866/628/1906
f 464/627/1987 3866/628/1906 5532/629/1883 3859/630/1988
f 464/627/1987 3859/630/1988 5539/728/1982 1932/727/1981
f 465/712/1989 1934/713/1990 4777/632/1991 1941/641/1992
f 465/712/1989 1941/641/1992 4779/644/1993 1937/714/1994
f 465/712/1989 1937/714/1994 4780/715/1995 1936/716/1996
f 465/712/1989 1936/716/1996 4778/717/1997 1934/713/1990
f 466/595/1998 1935/596/1999 4778/717/1997 1936/716/1996
f 466/595/1998 1936/716/1996 4780/715/1995 3929/597/2000
f 466/595/1998 3929/597/2000 4762/598/1879 3868/599/1878
f 466/595/1998 3868/599/1878 5530/600/1877 1935/596/1999
f 467/718/2001 1937/714/1994 4779/644/1993 4483/645/2002
f 467/718/2001 4483/645/2002 5540/648/1984 4474/719/1983
f 467/718/2001 4474/719/1983 5539/720/1982 1938/721/2003
f 467/718/2001 1938/721/2003 4780/715/1995 1937/714/1994
f 468/607/2004 3929/597/2000 4780/715/1995 1938/721/2003
f 468/607/2004 1938/721/2003 5539/720/1982 3859/608/1988
f 468/607/2004 3859/608/1988 5532/609/1883 1916/610/1882
f 468/607/2004 1916/610/1882 4762/598/1879 3929/597/2000
f 469/722/2005 4456/631/2006 4777/632/1991 1934/713/1990
f 469/722/2005 1934/713/1990 4778/717/1997 1939/723/2007
f 469/722/2005 1939/723/2007 4781/724/2008 4507/725/2009
f 469/722/2005 4507/725/2009 4841/633/2010 4456/631/2006
f 470/726/2011 4457/637/2012 4841/633/2010 4507/725/2009
f 470/726/2011 4507/725/2009 4781/724/2008 1940/727/2013
f 470/726/2011 1940/727/2013 5541/728/2014 3129/729/2015
f 470/726/2011 3129/729/2015 5542/638/2016 4457/637/2012
f 471/623/2017 1939/723/2007 4778/717/1997 1935/596/1999
f 471/623/2017 1935/596/1999 5530/600/1877 3869/624/1886
f 471/623/2017 3869/624/1886 4761/625/1888 3928/626/2018
f 471/623/2017 3928/626/2018 4781/724/2008 1939/723/2007
f 472/627/2019 1940/727/2013 4781/724/2008 3928/626/2018
f 472/627/2019 3928/626/2018 4761/625/1888 3870/628/1890
f 472/627/2019 3870/628/1890 5522/629/1801 3858/630/2020
f 472/627/2019 3858/630/2020 5541/728/2014 1940/727/2013
f 473/712/2021 4506/713/2022 5545/632/2023 3130/641/2024
f 473/712/2021 3130/641/2024 5544/644/2025 4505/714/2026
f 473/712/2021 4505/714/2026 4783/715/2027 1942/716/2028
f 473/712/2021 1942/716/2028 4782/717/2029 4506/713/2022
f 474/595/2030 3927/596/2031 4782/717/2029 1942/716/2028
f 474/595/2030 1942/716/2028 4783/715/2027 3926/597/2032
f 474/595/2030 3926/597/2032 4759/598/1865 1915/599/1864
f 474/595/2030 1915/599/1864 4758/600/1863 3927/596/2031
f 475/718/2033 4505/714/2026 5544/644/2025 4472/645/2034
f 475/718/2033 4472/645/2034 5548/648/2035 3133/719/2036
f 475/718/2033 3133/719/2036 5547/720/2037 1943/721/2038
f 475/718/2033 1943/721/2038 4783/715/2027 4505/714/2026
f 476/607/2039 3926/597/2032 4783/715/2027 1943/721/2038
f 476/607/2039 1943/721/2038 5547/720/2037 3132/608/2040
f 476/607/2039 3132/608/2040 5989/609/1826 3873/610/1868
f 476/607/2039 3873/610/1868 4759/598/1865 3926/597/2032
f 477/722/2041 3131/631/2042 5545/632/2023 4506/713/2022
f 477/722/2041 4506/713/2022 4782/717/2029 1944/723/2043
f 477/722/2041 1944/723/2043 4784/724/2044 4504/725/2045
f 477/722/2041 4504/725/2045 5546/633/2046 3131/631/2042
f 478/726/2047 4458/637/2048 5546/633/2046 4504/725/2045
f 478/726/2047 4504/725/2045 4784/724/2044 1945/727/2049
f 478/726/2047 1945/727/2049 5543/728/2050 4473/729/2051
f 478/726/2047 4473/729/2051 5578/638/2052 4458/637/2048
f 479/623/2053 1944/723/2043 4782/717/2029 3927/596/2031
f 479/623/2053 3927/596/2031 4758/600/1863 3872/624/1870
f 479/623/2053 3872/624/1870 4757/625/1872 3925/626/2054
f 479/623/2053 3925/626/2054 4784/724/2044 1944/723/2043
f 480/627/2055 1945/727/2049 4784/724/2044 3925/626/2054
f 480/627/2055 3925/626/2054 4757/625/1872 3871/628/1874
f 480/627/2055 3871/628/1874 5529/629/1853 3857/630/2056
f 480/627/2055 3857/630/2056 5543/728/2050 1945/727/2049
f 481/712/2057 4503/713/2058 4824/632/2059 2019/641/2060
f 481/712/2057 2019/641/2060 4828/644/2061 4502/714/2062
f 481/712/2057 4502/714/2062 4787/715/2063 1946/716/2064
f 481/712/2057 1946/716/2064 4785/717/2065 4503/713/2058
f 482/595/2066 3924/596/2067 4785/717/2065 1946/716/2064
f 482/595/2066 1946/716/2064 4787/715/2063 3923/597/2068
f 482/595/2066 3923/597/2068 4752/598/1849 1914/599/1848
f 482/595/2066 1914/599/1848 4751/600/1847 3924/596/2067
f 483/718/2069 4502/714/2062 4828/644/2061 2021/645/2070
f 483/718/2069 2021/645/2070 5578/648/2052 4473/719/2051
f 483/718/2069 4473/719/2051 5543/720/2050 1947/721/2071
f 483/718/2069 1947/721/2071 4787/715/2063 4502/714/2062
f 484/607/2072 3923/597/2068 4787/715/2063 1947/721/2071
f 484/607/2072 1947/721/2071 5543/720/2050 3857/608/2056
f 484/607/2072 3857/608/2056 5529/609/1853 3875/610/1852
f 484/607/2072 3875/610/1852 4752/598/1849 3923/597/2068
f 485/722/2073 4470/631/2074 4824/632/2059 4503/713/2058
f 485/722/2073 4503/713/2058 4785/717/2065 1949/723/2075
f 485/722/2073 1949/723/2075 4788/724/2076 1948/725/2077
f 485/722/2073 1948/725/2077 4786/633/2078 4470/631/2074
f 486/726/2079 4459/637/2080 4786/633/2078 1948/725/2077
f 486/726/2079 1948/725/2077 4788/724/2076 1950/727/2081
f 486/726/2079 1950/727/2081 5549/728/2082 4471/729/2083
f 486/726/2079 4471/729/2083 5550/638/2084 4459/637/2080
f 487/623/2085 1949/723/2075 4785/717/2065 3924/596/2067
f 487/623/2085 3924/596/2067 4751/600/1847 3876/624/1856
f 487/623/2085 3876/624/1856 4755/625/1858 3922/626/2086
f 487/623/2085 3922/626/2086 4788/724/2076 1949/723/2075
f 488/627/2087 1950/727/2081 4788/724/2076 3922/626/2086
f 488/627/2087 3922/626/2086 4755/625/1858 3877/628/1860
f 488/627/2087 3877/628/1860 5527/629/1835 3856/630/2088
f 488/627/2087 3856/630/2088 5549/728/2082 1950/727/2081
f 489/712/2089 4501/713/2090 4790/632/2091 3854/641/2092
f 489/712/2089 3854/641/2092 5552/644/2093 4500/714/2094
f 489/712/2089 4500/714/2094 4791/715/2095 1952/716/2096
f 489/712/2089 1952/716/2096 4789/717/2097 4501/713/2090
f 490/595/2098 1951/596/2099 4789/717/2097 1952/716/2096
f 490/595/2098 1952/716/2096 4791/715/2095 1954/597/2100
f 490/595/2098 1954/597/2100 5525/598/1831 3125/599/1830
f 490/595/2098 3125/599/1830 5524/600/1829 1951/596/2099
f 491/718/2101 4500/714/2094 5552/644/2093 3853/645/2102
f 491/718/2101 3853/645/2102 5550/648/2084 4471/719/2083
f 491/718/2101 4471/719/2083 5549/720/2082 1953/721/2103
f 491/718/2101 1953/721/2103 4791/715/2095 4500/714/2094
f 492/607/2104 1954/597/2100 4791/715/2095 1953/721/2103
f 492/607/2104 1953/721/2103 5549/720/2082 3856/608/2088
f 492/607/2104 3856/608/2088 5527/609/1835 3878/610/1834
f 492/607/2104 3878/610/1834 5525/598/1831 1954/597/2100
f 493/722/2105 3855/631/2106 4790/632/2091 4501/713/2090
f 493/722/2105 4501/713/2090 4789/717/2097 1955/723/2107
f 493/722/2105 1955/723/2107 4792/724/2108 4499/725/2109
f 493/722/2105 4499/725/2109 5551/633/2110 3855/631/2106
f 494/726/2111 4469/637/2112 5551/633/2110 4499/725/2109
f 494/726/2111 4499/725/2109 4792/724/2108 1956/727/2113
f 494/726/2111 1956/727/2113 5538/728/1937 4475/729/1936
f 494/726/2111 4475/729/1936 5567/638/1935 4469/637/2112
f 495/623/2114 1955/723/2107 4789/717/2097 1951/596/2099
f 495/623/2114 1951/596/2099 5524/600/1829 3879/624/1838
f 495/623/2114 3879/624/1838 4749/625/1840 3921/626/2115
f 495/623/2114 3921/626/2115 4792/724/2108 1955/723/2107
f 496/627/2116 1956/727/2113 4792/724/2108 3921/626/2115
f 496/627/2116 3921/626/2115 4749/625/1840 3880/628/1842
f 496/627/2116 3880/628/1842 5990/629/1844 3128/630/1940
f 496/627/2116 3128/630/1940 5538/728/1937 1956/727/2113
f 497/712/2117 1957/713/2118 4793/632/2119 4460/641/2120
f 497/712/2117 4460/641/2120 4813/644/2121 4498/714/2122
f 497/712/2117 4498/714/2122 4795/715/2123 1958/716/2124
f 497/712/2117 1958/716/2124 4794/717/2125 1957/713/2118
f 498/595/2126 3920/596/2127 4794/717/2125 1958/716/2124
f 498/595/2126 1958/716/2124 4795/715/2123 3919/597/2128
f 498/595/2126 3919/597/2128 4747/598/1815 1908/599/1814
f 498/595/2126 1908/599/1814 4745/600/1813 3920/596/2127
f 499/718/2129 4498/714/2122 4813/644/2121 4461/645/2130
f 499/718/2129 4461/645/2130 5554/648/2131 3135/719/2132
f 499/718/2129 3135/719/2132 5553/720/2133 1959/721/2134
f 499/718/2129 1959/721/2134 4795/715/2123 4498/714/2122
f 500/607/2135 3919/597/2128 4795/715/2123 1959/721/2134
f 500/607/2135 1959/721/2134 5553/720/2133 3134/608/2136
f 500/607/2135 3134/608/2136 5988/609/1810 3884/610/1818
f 500/607/2135 3884/610/1818 4747/598/1815 3919/597/2128
f 501/722/2137 4467/631/2138 4793/632/2119 1957/713/2118
f 501/722/2137 1957/713/2118 4794/717/2125 1960/723/2139
f 501/722/2137 1960/723/2139 4796/724/2140 4497/725/2141
f 501/722/2137 4497/725/2141 4814/633/2142 4467/631/2138
f 502/726/2143 4468/637/2144 4814/633/2142 4497/725/2141
f 502/726/2143 4497/725/2141 4796/724/2140 1961/727/2145
f 502/726/2143 1961/727/2145 5547/728/2037 3133/729/2036
f 502/726/2143 3133/729/2036 5548/638/2035 4468/637/2144
f 503/623/2146 1960/723/2139 4794/717/2125 3920/596/2127
f 503/623/2146 3920/596/2127 4745/600/1813 3883/624/1820
f 503/623/2146 3883/624/1820 4744/625/1822 3918/626/2147
f 503/623/2146 3918/626/2147 4796/724/2140 1960/723/2139
f 504/627/2148 1961/727/2145 4796/724/2140 3918/626/2147
f 504/627/2148 3918/626/2147 4744/625/1822 3882/628/1824
f 504/627/2148 3882/628/1824 5989/629/1826 3132/630/2040
f 504/627/2148 3132/630/2040 5547/728/2037 1961/727/2145
f 505/712/2149 1962/713/2150 4797/632/2151 1972/641/2152
f 505/712/2149 1972/641/2152 4800/644/2153 1964/714/2154
f 505/712/2149 1964/714/2154 4801/715/2155 1963/716/2156
f 505/712/2149 1963/716/2156 4798/717/2157 1962/713/2150
f 506/595/2158 3917/596/2159 4798/717/2157 1963/716/2156
f 506/595/2158 1963/716/2156 4801/715/2155 1966/597/2160
f 506/595/2158 1966/597/2160 5520/598/1797 3887/599/1796
f 506/595/2158 3887/599/1796 4742/600/1795 3917/596/2159
f 507/718/2161 1964/714/2154 4800/644/2153 1973/645/2162
f 507/718/2161 1973/645/2162 5542/648/2016 3129/719/2015
f 507/718/2161 3129/719/2015 5541/720/2014 1965/721/2163
f 507/718/2161 1965/721/2163 4801/715/2155 1964/714/2154
f 508/607/2164 1966/597/2160 4801/715/2155 1965/721/2163
f 508/607/2164 1965/721/2163 5541/720/2014 3858/608/2020
f 508/607/2164 3858/608/2020 5522/609/1801 3888/610/1800
f 508/607/2164 3888/610/1800 5520/598/1797 1966/597/2160
f 509/722/2165 1967/631/2166 4797/632/2151 1962/713/2150
f 509/722/2165 1962/713/2150 4798/717/2157 1970/723/2167
f 509/722/2165 1970/723/2167 4802/724/2168 1969/725/2169
f 509/722/2165 1969/725/2169 4799/633/2170 1967/631/2166
f 510/726/2171 1968/637/2172 4799/633/2170 1969/725/2169
f 510/726/2171 1969/725/2169 4802/724/2168 1971/727/2173
f 510/726/2171 1971/727/2173 5553/728/2133 3135/729/2132
f 510/726/2171 3135/729/2132 5554/638/2131 1968/637/2172
f 511/623/2174 1970/723/2167 4798/717/2157 3917/596/2159
f 511/623/2174 3917/596/2159 4742/600/1795 1906/624/1804
f 511/623/2174 1906/624/1804 4743/625/1806 3916/626/2175
f 511/623/2174 3916/626/2175 4802/724/2168 1970/723/2167
f 512/627/2176 1971/727/2173 4802/724/2168 3916/626/2175
f 512/627/2176 3916/626/2175 4743/625/1806 3886/628/1808
f 512/627/2176 3886/628/1808 5988/629/1810 3134/630/2136
f 512/627/2176 3134/630/2136 5553/728/2133 1971/727/2173
f 513/730/2177 4496/731/2178 4803/732/2179 1982/733/2180
f 513/730/2177 1982/733/2180 4806/734/2181 4495/735/2182
f 513/730/2177 4495/735/2182 4800/597/2153 1972/595/2152
f 513/730/2177 1972/595/2152 4797/596/2151 4496/731/2178
f 514/736/2183 4495/735/2182 4806/734/2181 1983/737/2184
f 514/736/2183 1983/737/2184 5560/738/2185 4465/739/2186
f 514/736/2183 4465/739/2186 5542/608/2016 1973/607/2162
f 514/736/2183 1973/607/2162 4800/597/2153 4495/735/2182
f 515/740/2187 1974/741/2188 4803/732/2179 4496/731/2178
f 515/740/2187 4496/731/2178 4797/596/2151 1967/623/2166
f 515/740/2187 1967/623/2166 4799/626/2170 4494/742/2189
f 515/740/2187 4494/742/2189 4804/743/2190 1974/741/2188
f 516/744/2191 1975/745/2192 4804/743/2190 4494/742/2189
f 516/744/2191 4494/742/2189 4799/626/2170 1968/627/2172
f 516/744/2191 1968/627/2172 5554/630/2131 4466/746/2193
f 516/744/2191 4466/746/2193 5555/747/2194 1975/745/2192
f 517/667/2195 1976/668/2196 4803/732/2179 1974/741/2188
f 517/667/2195 1974/741/2188 4804/743/2190 1979/669/2197
f 517/667/2195 1979/669/2197 4807/687/2198 1978/685/2199
f 517/667/2195 1978/685/2199 4805/686/2200 1976/668/2196
f 518/635/2201 1977/636/2202 4805/686/2200 1978/685/2199
f 518/635/2201 1978/685/2199 4807/687/2198 1981/634/2203
f 518/635/2201 1981/634/2203 5559/688/2204 3140/689/2205
f 518/635/2201 3140/689/2205 5558/690/2206 1977/636/2202
f 519/670/2207 1979/669/2197 4804/743/2190 1975/745/2192
f 519/670/2207 1975/745/2192 5555/747/2194 3136/671/2208
f 519/670/2207 3136/671/2208 5556/692/2209 1980/691/2210
f 519/670/2207 1980/691/2210 4807/687/2198 1979/669/2197
f 520/640/2211 1981/634/2203 4807/687/2198 1980/691/2210
f 520/640/2211 1980/691/2210 5556/692/2209 3137/639/2212
f 520/640/2211 3137/639/2212 5992/693/2213 3141/694/2214
f 520/640/2211 3141/694/2214 5559/688/2204 1981/634/2203
f 521/672/2215 1982/733/2180 4803/732/2179 1976/668/2196
f 521/672/2215 1976/668/2196 4805/686/2200 1985/695/2216
f 521/672/2215 1985/695/2216 4808/698/2217 1984/673/2218
f 521/672/2215 1984/673/2218 4806/734/2181 1982/733/2180
f 522/674/2219 1983/737/2184 4806/734/2181 1984/673/2218
f 522/674/2219 1984/673/2218 4808/698/2217 1987/699/2220
f 522/674/2219 1987/699/2220 5561/702/2221 3142/675/2222
f 522/674/2219 3142/675/2222 5560/738/2185 1983/737/2184
f 523/642/2223 1985/695/2216 4805/686/2200 1977/636/2202
f 523/642/2223 1977/636/2202 5558/690/2206 3139/696/2224
f 523/642/2223 3139/696/2224 5557/697/2225 1986/643/2226
f 523/642/2223 1986/643/2226 4808/698/2217 1985/695/2216
f 524/646/2227 1987/699/2220 4808/698/2217 1986/643/2226
f 524/646/2227 1986/643/2226 5557/697/2225 3138/700/2228
f 524/646/2227 3138/700/2228 5991/701/2229 3143/647/2230
f 524/646/2227 3143/647/2230 5561/702/2221 1987/699/2220
f 525/730/2231 4493/731/2232 4809/732/2233 1998/733/2234
f 525/730/2231 1998/733/2234 4812/734/2235 1988/735/2236
f 525/730/2231 1988/735/2236 4813/597/2121 4460/595/2120
f 525/730/2231 4460/595/2120 4793/596/2119 4493/731/2232
f 526/736/2237 1988/735/2236 4812/734/2235 1999/737/2238
f 526/736/2237 1999/737/2238 5555/738/2194 4466/739/2193
f 526/736/2237 4466/739/2193 5554/608/2131 4461/607/2130
f 526/736/2237 4461/607/2130 4813/597/2121 1988/735/2236
f 527/740/2239 1989/741/2240 4809/732/2233 4493/731/2232
f 527/740/2239 4493/731/2232 4793/596/2119 4467/623/2138
f 527/740/2239 4467/623/2138 4814/626/2142 1991/742/2241
f 527/740/2239 1991/742/2241 4810/743/2242 1989/741/2240
f 528/744/2243 1990/745/2244 4810/743/2242 1991/742/2241
f 528/744/2243 1991/742/2241 4814/626/2142 4468/627/2144
f 528/744/2243 4468/627/2144 5548/630/2035 4464/746/2245
f 528/744/2243 4464/746/2245 5562/747/2246 1990/745/2244
f 529/667/2247 1992/668/2248 4809/732/2233 1989/741/2240
f 529/667/2247 1989/741/2240 4810/743/2242 1995/669/2249
f 529/667/2247 1995/669/2249 4815/687/2250 1994/685/2251
f 529/667/2247 1994/685/2251 4811/686/2252 1992/668/2248
f 530/635/2253 1993/636/2254 4811/686/2252 1994/685/2251
f 530/635/2253 1994/685/2251 4815/687/2250 1997/634/2255
f 530/635/2253 1997/634/2255 5566/688/2256 3148/689/2257
f 530/635/2253 3148/689/2257 5565/690/2258 1993/636/2254
f 531/670/2259 1995/669/2249 4810/743/2242 1990/745/2244
f 531/670/2259 1990/745/2244 5562/747/2246 3144/671/2260
f 531/670/2259 3144/671/2260 5563/692/2261 1996/691/2262
f 531/670/2259 1996/691/2262 4815/687/2250 1995/669/2249
f 532/640/2263 1997/634/2255 4815/687/2250 1996/691/2262
f 532/640/2263 1996/691/2262 5563/692/2261 3145/639/2264
f 532/640/2263 3145/639/2264 5993/693/2265 3149/694/2266
f 532/640/2263 3149/694/2266 5566/688/2256 1997/634/2255
f 533/672/2267 1998/733/2234 4809/732/2233 1992/668/2248
f 533/672/2267 1992/668/2248 4811/686/2252 2001/695/2268
f 533/672/2267 2001/695/2268 4816/698/2269 2000/673/2270
f 533/672/2267 2000/673/2270 4812/734/2235 1998/733/2234
f 534/674/2271 1999/737/2238 4812/734/2235 2000/673/2270
f 534/674/2271 2000/673/2270 4816/698/2269 2003/699/2272
f 534/674/2271 2003/699/2272 5556/702/2209 3136/675/2208
f 534/674/2271 3136/675/2208 5555/738/2194 1999/737/2238
f 535/642/2273 2001/695/2268 4811/686/2252 1993/636/2254
f 535/642/2273 1993/636/2254 5565/690/2258 3147/696/2274
f 535/642/2273 3147/696/2274 5564/697/2275 2002/643/2276
f 535/642/2273 2002/643/2276 4816/698/2269 2001/695/2268
f 536/646/2277 2003/699/2272 4816/698/2269 2002/643/2276
f 536/646/2277 2002/643/2276 5564/697/2275 3146/700/2278
f 536/646/2277 3146/700/2278 5992/701/2213 3137/647/2212
f 536/646/2277 3137/647/2212 5556/702/2209 2003/699/2272
f 537/730/2279 4492/731/2280 4817/732/2281 2012/733/2282
f 537/730/2279 2012/733/2282 4820/734/2283 4491/735/2284
f 537/730/2279 4491/735/2284 5552/597/2093 3854/595/2092
f 537/730/2279 3854/595/2092 4790/596/2091 4492/731/2280
f 538/736/2285 4491/735/2284 4820/734/2283 2013/737/2286
f 538/736/2285 2013/737/2286 5573/738/2287 4463/739/2288
f 538/736/2285 4463/739/2288 5550/608/2084 3853/607/2102
f 538/736/2285 3853/607/2102 5552/597/2093 4491/735/2284
f 539/740/2289 2004/741/2290 4817/732/2281 4492/731/2280
f 539/740/2289 4492/731/2280 4790/596/2091 3855/623/2106
f 539/740/2289 3855/623/2106 5551/626/2110 4490/742/2291
f 539/740/2289 4490/742/2291 4818/743/2292 2004/741/2290
f 540/744/2293 2005/745/2294 4818/743/2292 4490/742/2291
f 540/744/2293 4490/742/2291 5551/626/2110 4469/627/2112
f 540/744/2293 4469/627/2112 5567/630/1935 3150/746/2295
f 540/744/2293 3150/746/2295 5568/747/2296 2005/745/2294
f 541/667/2297 2006/668/2298 4817/732/2281 2004/741/2290
f 541/667/2297 2004/741/2290 4818/743/2292 2009/669/2299
f 541/667/2297 2009/669/2299 4821/687/2300 2008/685/2301
f 541/667/2297 2008/685/2301 4819/686/2302 2006/668/2298
f 542/635/2303 2007/636/2304 4819/686/2302 2008/685/2301
f 542/635/2303 2008/685/2301 4821/687/2300 2011/634/2305
f 542/635/2303 2011/634/2305 5572/688/2306 3155/689/2307
f 542/635/2303 3155/689/2307 5571/690/2308 2007/636/2304
f 543/670/2309 2009/669/2299 4818/743/2292 2005/745/2294
f 543/670/2309 2005/745/2294 5568/747/2296 3151/671/2310
f 543/670/2309 3151/671/2310 5569/692/2311 2010/691/2312
f 543/670/2309 2010/691/2312 4821/687/2300 2009/669/2299
f 544/640/2313 2011/634/2305 4821/687/2300 2010/691/2312
f 544/640/2313 2010/691/2312 5569/692/2311 3152/639/2314
f 544/640/2313 3152/639/2314 5995/693/2315 3156/694/2316
f 544/640/2313 3156/694/2316 5572/688/2306 2011/634/2305
f 545/672/2317 2012/733/2282 4817/732/2281 2006/668/2298
f 545/672/2317 2006/668/2298 4819/686/2302 2015/695/2318
f 545/672/2317 2015/695/2318 4822/698/2319 2014/673/2320
f 545/672/2317 2014/673/2320 4820/734/2283 2012/733/2282
f 546/674/2321 2013/737/2286 4820/734/2283 2014/673/2320
f 546/674/2321 2014/673/2320 4822/698/2319 2017/699/2322
f 546/674/2321 2017/699/2322 5574/702/2323 3157/675/2324
f 546/674/2321 3157/675/2324 5573/738/2287 2013/737/2286
f 547/642/2325 2015/695/2318 4819/686/2302 2007/636/2304
f 547/642/2325 2007/636/2304 5571/690/2308 3154/696/2326
f 547/642/2325 3154/696/2326 5570/697/2327 2016/643/2328
f 547/642/2325 2016/643/2328 4822/698/2319 2015/695/2318
f 548/646/2329 2017/699/2322 4822/698/2319 2016/643/2328
f 548/646/2329 2016/643/2328 5570/697/2327 3153/700/2330
f 548/646/2329 3153/700/2330 5994/701/2331 3158/647/2332
f 548/646/2329 3158/647/2332 5574/702/2323 2017/699/2322
f 549/730/2333 2018/731/2334 4823/732/2335 2030/733/2336
f 549/730/2333 2030/733/2336 4827/734/2337 2020/735/2338
f 549/730/2333 2020/735/2338 4828/597/2061 2019/595/2060
f 549/730/2333 2019/595/2060 4824/596/2059 2018/731/2334
f 550/736/2339 2020/735/2338 4827/734/2337 2031/737/2340
f 550/736/2339 2031/737/2340 5579/738/2341 3163/739/2342
f 550/736/2339 3163/739/2342 5578/608/2052 2021/607/2070
f 550/736/2339 2021/607/2070 4828/597/2061 2020/735/2338
f 551/740/2343 2022/741/2344 4823/732/2335 2018/731/2334
f 551/740/2343 2018/731/2334 4824/596/2059 4470/623/2074
f 551/740/2343 4470/623/2074 4786/626/2078 4489/742/2345
f 551/740/2343 4489/742/2345 4825/743/2346 2022/741/2344
f 552/744/2347 2023/745/2348 4825/743/2346 4489/742/2345
f 552/744/2347 4489/742/2345 4786/626/2078 4459/627/2080
f 552/744/2347 4459/627/2080 5550/630/2084 4463/746/2288
f 552/744/2347 4463/746/2288 5573/747/2287 2023/745/2348
f 553/667/2349 2024/668/2350 4823/732/2335 2022/741/2344
f 553/667/2349 2022/741/2344 4825/743/2346 2027/669/2351
f 553/667/2349 2027/669/2351 4829/687/2352 2026/685/2353
f 553/667/2349 2026/685/2353 4826/686/2354 2024/668/2350
f 554/635/2355 2025/636/2356 4826/686/2354 2026/685/2353
f 554/635/2355 2026/685/2353 4829/687/2352 2029/634/2357
f 554/635/2355 2029/634/2357 5575/688/2358 3160/689/2359
f 554/635/2355 3160/689/2359 5576/690/2360 2025/636/2356
f 555/670/2361 2027/669/2351 4825/743/2346 2023/745/2348
f 555/670/2361 2023/745/2348 5573/747/2287 3157/671/2324
f 555/670/2361 3157/671/2324 5574/692/2323 2028/691/2362
f 555/670/2361 2028/691/2362 4829/687/2352 2027/669/2351
f 556/640/2363 2029/634/2357 4829/687/2352 2028/691/2362
f 556/640/2363 2028/691/2362 5574/692/2323 3158/639/2332
f 556/640/2363 3158/639/2332 5994/693/2331 3159/694/2364
f 556/640/2363 3159/694/2364 5575/688/2358 2029/634/2357
f 557/672/2365 2030/733/2336 4823/732/2335 2024/668/2350
f 557/672/2365 2024/668/2350 4826/686/2354 2033/695/2366
f 557/672/2365 2033/695/2366 4830/698/2367 2032/673/2368
f 557/672/2365 2032/673/2368 4827/734/2337 2030/733/2336
f 558/674/2369 2031/737/2340 4827/734/2337 2032/673/2368
f 558/674/2369 2032/673/2368 4830/698/2367 2035/699/2370
f 558/674/2369 2035/699/2370 5580/702/2371 3164/675/2372
f 558/674/2369 3164/675/2372 5579/738/2341 2031/737/2340
f 559/642/2373 2033/695/2366 4826/686/2354 2025/636/2356
f 559/642/2373 2025/636/2356 5576/690/2360 3161/696/2374
f 559/642/2373 3161/696/2374 5577/697/2375 2034/643/2376
f 559/642/2373 2034/643/2376 4830/698/2367 2033/695/2366
f 560/646/2377 2035/699/2370 4830/698/2367 2034/643/2376
f 560/646/2377 2034/643/2376 5577/697/2375 3162/700/2378
f 560/646/2377 3162/700/2378 5996/701/2379 3165/647/2380
f 560/646/2377 3165/647/2380 5580/702/2371 2035/699/2370
f 561/730/2381 4488/731/2382 4831/732/2383 2044/733/2384
f 561/730/2381 2044/733/2384 4834/734/2385 4487/735/2386
f 561/730/2381 4487/735/2386 5544/597/2025 3130/595/2024
f 561/730/2381 3130/595/2024 5545/596/2023 4488/731/2382
f 562/736/2387 4487/735/2386 4834/734/2385 2045/737/2388
f 562/736/2387 2045/737/2388 5562/738/2246 4464/739/2245
f 562/736/2387 4464/739/2245 5548/608/2035 4472/607/2034
f 562/736/2387 4472/607/2034 5544/597/2025 4487/735/2386
f 563/740/2389 2036/741/2390 4831/732/2383 4488/731/2382
f 563/740/2389 4488/731/2382 5545/596/2023 3131/623/2042
f 563/740/2389 3131/623/2042 5546/626/2046 4486/742/2391
f 563/740/2389 4486/742/2391 4832/743/2392 2036/741/2390
f 564/744/2393 2037/745/2394 4832/743/2392 4486/742/2391
f 564/744/2393 4486/742/2391 5546/626/2046 4458/627/2048
f 564/744/2393 4458/627/2048 5578/630/2052 3163/746/2342
f 564/744/2393 3163/746/2342 5579/747/2341 2037/745/2394
f 565/667/2395 2038/668/2396 4831/732/2383 2036/741/2390
f 565/667/2395 2036/741/2390 4832/743/2392 2041/669/2397
f 565/667/2395 2041/669/2397 4835/687/2398 2040/685/2399
f 565/667/2395 2040/685/2399 4833/686/2400 2038/668/2396
f 566/635/2401 2039/636/2402 4833/686/2400 2040/685/2399
f 566/635/2401 2040/685/2399 4835/687/2398 2043/634/2403
f 566/635/2401 2043/634/2403 5583/688/2404 3168/689/2405
f 566/635/2401 3168/689/2405 5582/690/2406 2039/636/2402
f 567/670/2407 2041/669/2397 4832/743/2392 2037/745/2394
f 567/670/2407 2037/745/2394 5579/747/2341 3164/671/2372
f 567/670/2407 3164/671/2372 5580/692/2371 2042/691/2408
f 567/670/2407 2042/691/2408 4835/687/2398 2041/669/2397
f 568/640/2409 2043/634/2403 4835/687/2398 2042/691/2408
f 568/640/2409 2042/691/2408 5580/692/2371 3165/639/2380
f 568/640/2409 3165/639/2380 5996/693/2379 3169/694/2410
f 568/640/2409 3169/694/2410 5583/688/2404 2043/634/2403
f 569/672/2411 2044/733/2384 4831/732/2383 2038/668/2396
f 569/672/2411 2038/668/2396 4833/686/2400 2047/695/2412
f 569/672/2411 2047/695/2412 4836/698/2413 2046/673/2414
f 569/672/2411 2046/673/2414 4834/734/2385 2044/733/2384
f 570/674/2415 2045/737/2388 4834/734/2385 2046/673/2414
f 570/674/2415 2046/673/2414 4836/698/2413 2049/699/2416
f 570/674/2415 2049/699/2416 5563/702/2261 3144/675/2260
f 570/674/2415 3144/675/2260 5562/738/2246 2045/737/2388
f 571/642/2417 2047/695/2412 4833/686/2400 2039/636/2402
f 571/642/2417 2039/636/2402 5582/690/2406 3167/696/2418
f 571/642/2417 3167/696/2418 5581/697/2419 2048/643/2420
f 571/642/2417 2048/643/2420 4836/698/2413 2047/695/2412
f 572/646/2421 2049/699/2416 4836/698/2413 2048/643/2420
f 572/646/2421 2048/643/2420 5581/697/2419 3166/700/2422
f 572/646/2421 3166/700/2422 5993/701/2265 3145/647/2264
f 572/646/2421 3145/647/2264 5563/702/2261 2049/699/2416
f 573/730/2423 4485/731/2424 4837/732/2425 2059/733/2426
f 573/730/2423 2059/733/2426 4840/734/2427 4484/735/2428
f 573/730/2423 4484/735/2428 4779/597/1993 1941/595/1992
f 573/730/2423 1941/595/1992 4777/596/1991 4485/731/2424
f 574/736/2429 4484/735/2428 4840/734/2427 2060/737/2430
f 574/736/2429 2060/737/2430 5587/738/2431 4462/739/2432
f 574/736/2429 4462/739/2432 5540/608/1984 4483/607/2002
f 574/736/2429 4483/607/2002 4779/597/1993 4484/735/2428
f 575/740/2433 2050/741/2434 4837/732/2425 4485/731/2424
f 575/740/2433 4485/731/2424 4777/596/1991 4456/623/2006
f 575/740/2433 4456/623/2006 4841/626/2010 2052/742/2435
f 575/740/2433 2052/742/2435 4838/743/2436 2050/741/2434
f 576/744/2437 2051/745/2438 4838/743/2436 2052/742/2435
f 576/744/2437 2052/742/2435 4841/626/2010 4457/627/2012
f 576/744/2437 4457/627/2012 5542/630/2016 4465/746/2186
f 576/744/2437 4465/746/2186 5560/747/2185 2051/745/2438
f 577/667/2439 2053/668/2440 4837/732/2425 2050/741/2434
f 577/667/2439 2050/741/2434 4838/743/2436 2056/669/2441
f 577/667/2439 2056/669/2441 4842/687/2442 2055/685/2443
f 577/667/2439 2055/685/2443 4839/686/2444 2053/668/2440
f 578/635/2445 2054/636/2446 4839/686/2444 2055/685/2443
f 578/635/2445 2055/685/2443 4842/687/2442 2058/634/2447
f 578/635/2445 2058/634/2447 5584/688/2448 3171/689/2449
f 578/635/2445 3171/689/2449 5585/690/2450 2054/636/2446
f 579/670/2451 2056/669/2441 4838/743/2436 2051/745/2438
f 579/670/2451 2051/745/2438 5560/747/2185 3142/671/2222
f 579/670/2451 3142/671/2222 5561/692/2221 2057/691/2452
f 579/670/2451 2057/691/2452 4842/687/2442 2056/669/2441
f 580/640/2453 2058/634/2447 4842/687/2442 2057/691/2452
f 580/640/2453 2057/691/2452 5561/692/2221 3143/639/2230
f 580/640/2453 3143/639/2230 5991/693/2229 3170/694/2454
f 580/640/2453 3170/694/2454 5584/688/2448 2058/634/2447
f 581/672/2455 2059/733/2426 4837/732/2425 2053/668/2440
f 581/672/2455 2053/668/2440 4839/686/2444 2062/695/2456
f 581/672/2455 2062/695/2456 4843/698/2457 2061/673/2458
f 581/672/2455 2061/673/2458 4840/734/2427 2059/733/2426
f 582/674/2459 2060/737/2430 4840/734/2427 2061/673/2458
f 582/674/2459 2061/673/2458 4843/698/2457 2064/699/2460
f 582/674/2459 2064/699/2460 5588/702/2461 3174/675/2462
f 582/674/2459 3174/675/2462 5587/738/2431 2060/737/2430
f 583/642/2463 2062/695/2456 4839/686/2444 2054/636/2446
f 583/642/2463 2054/636/2446 5585/690/2450 3172/696/2464
f 583/642/2463 3172/696/2464 5586/697/2465 2063/643/2466
f 583/642/2463 2063/643/2466 4843/698/2457 2062/695/2456
f 584/646/2467 2064/699/2460 4843/698/2457 2063/643/2466
f 584/646/2467 2063/643/2466 5586/697/2465 3173/700/2468
f 584/646/2467 3173/700/2468 5997/701/2469 3175/647/2470
f 584/646/2467 3175/647/2470 5588/702/2461 2064/699/2460
f 585/730/2471 4482/731/2472 4844/732/2473 2075/733/2474
f 585/730/2471 2075/733/2474 4847/734/2475 2065/735/2476
f 585/730/2471 2065/735/2476 4848/597/1961 4481/595/1960
f 585/730/2471 4481/595/1960 4772/596/1959 4482/731/2472
f 586/736/2477 2065/735/2476 4847/734/2475 2076/737/2478
f 586/736/2477 2076/737/2478 5593/738/2479 3180/739/2480
f 586/736/2477 3180/739/2480 5592/608/1952 2066/607/1970
f 586/736/2477 2066/607/1970 4848/597/1961 2065/735/2476
f 587/740/2481 2067/741/2482 4844/732/2473 4482/731/2472
f 587/740/2481 4482/731/2472 4772/596/1959 4479/623/1974
f 587/740/2481 4479/623/1974 4776/626/1978 4480/742/2483
f 587/740/2481 4480/742/2483 4845/743/2484 2067/741/2482
f 588/744/2485 2068/745/2486 4845/743/2484 4480/742/2483
f 588/744/2485 4480/742/2483 4776/626/1978 1933/627/1980
f 588/744/2485 1933/627/1980 5540/630/1984 4462/746/2432
f 588/744/2485 4462/746/2432 5587/747/2431 2068/745/2486
f 589/667/2487 2069/668/2488 4844/732/2473 2067/741/2482
f 589/667/2487 2067/741/2482 4845/743/2484 2072/669/2489
f 589/667/2487 2072/669/2489 4849/687/2490 2071/685/2491
f 589/667/2487 2071/685/2491 4846/686/2492 2069/668/2488
f 590/635/2493 2070/636/2494 4846/686/2492 2071/685/2491
f 590/635/2493 2071/685/2491 4849/687/2490 2074/634/2495
f 590/635/2493 2074/634/2495 5589/688/2496 3177/689/2497
f 590/635/2493 3177/689/2497 5590/690/2498 2070/636/2494
f 591/670/2499 2072/669/2489 4845/743/2484 2068/745/2486
f 591/670/2499 2068/745/2486 5587/747/2431 3174/671/2462
f 591/670/2499 3174/671/2462 5588/692/2461 2073/691/2500
f 591/670/2499 2073/691/2500 4849/687/2490 2072/669/2489
f 592/640/2501 2074/634/2495 4849/687/2490 2073/691/2500
f 592/640/2501 2073/691/2500 5588/692/2461 3175/639/2470
f 592/640/2501 3175/639/2470 5997/693/2469 3176/694/2502
f 592/640/2501 3176/694/2502 5589/688/2496 2074/634/2495
f 593/672/2503 2075/733/2474 4844/732/2473 2069/668/2488
f 593/672/2503 2069/668/2488 4846/686/2492 2078/695/2504
f 593/672/2503 2078/695/2504 4850/698/2505 2077/673/2506
f 593/672/2503 2077/673/2506 4847/734/2475 2075/733/2474
f 594/674/2507 2076/737/2478 4847/734/2475 2077/673/2506
f 594/674/2507 2077/673/2506 4850/698/2505 2080/699/2508
f 594/674/2507 2080/699/2508 5594/702/2509 3181/675/2510
f 594/674/2507 3181/675/2510 5593/738/2479 2076/737/2478
f 595/642/2511 2078/695/2504 4846/686/2492 2070/636/2494
f 595/642/2511 2070/636/2494 5590/690/2498 3178/696/2512
f 595/642/2511 3178/696/2512 5591/697/2513 2079/643/2514
f 595/642/2511 2079/643/2514 4850/698/2505 2078/695/2504
f 596/646/2515 2080/699/2508 4850/698/2505 2079/643/2514
f 596/646/2515 2079/643/2514 5591/697/2513 3179/700/2516
f 596/646/2515 3179/700/2516 5998/701/2517 3182/647/2518
f 596/646/2515 3182/647/2518 5594/702/2509 2080/699/2508
f 597/730/2519 4478/731/2520 4851/732/2521 2093/733/2522
f 597/730/2519 2093/733/2522 4854/734/2523 2081/735/2524
f 597/730/2519 2081/735/2524 4855/597/1925 4455/595/1924
f 597/730/2519 4455/595/1924 5537/596/1923 4478/731/2520
f 598/736/2525 2081/735/2524 4854/734/2523 2094/737/2526
f 598/736/2525 2094/737/2526 5568/738/2296 3150/739/2295
f 598/736/2525 3150/739/2295 5567/608/1935 2082/607/1934
f 598/736/2525 2082/607/1934 4855/597/1925 2081/735/2524
f 599/740/2527 2083/741/2528 4851/732/2521 4478/731/2520
f 599/740/2527 4478/731/2520 5537/596/1923 4476/623/1942
f 599/740/2527 4476/623/1942 4856/626/1946 2085/742/2529
f 599/740/2527 2085/742/2529 4852/743/2530 2083/741/2528
f 600/744/2531 2084/745/2532 4852/743/2530 2085/742/2529
f 600/744/2531 2085/742/2529 4856/626/1946 2086/627/1948
f 600/744/2531 2086/627/1948 5592/630/1952 3180/746/2480
f 600/744/2531 3180/746/2480 5593/747/2479 2084/745/2532
f 601/667/2533 2087/668/2534 4851/732/2521 2083/741/2528
f 601/667/2533 2083/741/2528 4852/743/2530 2090/669/2535
f 601/667/2533 2090/669/2535 4857/687/2536 2089/685/2537
f 601/667/2533 2089/685/2537 4853/686/2538 2087/668/2534
f 602/635/2539 2088/636/2540 4853/686/2538 2089/685/2537
f 602/635/2539 2089/685/2537 4857/687/2536 2092/634/2541
f 602/635/2539 2092/634/2541 5597/688/2542 3185/689/2543
f 602/635/2539 3185/689/2543 5596/690/2544 2088/636/2540
f 603/670/2545 2090/669/2535 4852/743/2530 2084/745/2532
f 603/670/2545 2084/745/2532 5593/747/2479 3181/671/2510
f 603/670/2545 3181/671/2510 5594/692/2509 2091/691/2546
f 603/670/2545 2091/691/2546 4857/687/2536 2090/669/2535
f 604/640/2547 2092/634/2541 4857/687/2536 2091/691/2546
f 604/640/2547 2091/691/2546 5594/692/2509 3182/639/2518
f 604/640/2547 3182/639/2518 5998/693/2517 3186/694/2548
f 604/640/2547 3186/694/2548 5597/688/2542 2092/634/2541
f 605/672/2549 2093/733/2522 4851/732/2521 2087/668/2534
f 605/672/2549 2087/668/2534 4853/686/2538 2096/695/2550
f 605/672/2549 2096/695/2550 4858/698/2551 2095/673/2552
f 605/672/2549 2095/673/2552 4854/734/2523 2093/733/2522
f 606/674/2553 2094/737/2526 4854/734/2523 2095/673/2552
f 606/674/2553 2095/673/2552 4858/698/2551 2098/699/2554
f 606/674/2553 2098/699/2554 5569/702/2311 3151/675/2310
f 606/674/2553 3151/675/2310 5568/738/2296 2094/737/2526
f 607/642/2555 2096/695/2550 4853/686/2538 2088/636/2540
f 607/642/2555 2088/636/2540 5596/690/2544 3184/696/2556
f 607/642/2555 3184/696/2556 5595/697/2557 2097/643/2558
f 607/642/2555 2097/643/2558 4858/698/2551 2096/695/2550
f 608/646/2559 2098/699/2554 4858/698/2551 2097/643/2558
f 608/646/2559 2097/643/2558 5595/697/2557 3183/700/2560
f 608/646/2559 3183/700/2560 5995/701/2315 3152/647/2314
f 608/646/2559 3152/647/2314 5569/702/2311 2098/699/2554
f 609/586/2561 2099/587/2562 4859/676/2563 2117/677/2564
f 609/586/2561 2117/677/2564 4863/678/2565 2102/591/2566
f 609/586/2561 2102/591/2566 4864/592/2567 2101/593/2568
f 609/586/2561 2101/593/2568 4860/594/2569 2099/587/2562
f 610/595/2570 2100/596/2571 4860/594/2569 2101/593/2568
f 610/595/2570 2101/593/2568 4864/592/2567 2104/597/2572
f 610/595/2570 2104/597/2572 5570/598/2327 3154/599/2326
f 610/595/2570 3154/599/2326 5571/600/2308 2100/596/2571
f 611/601/2573 2102/591/2566 4863/678/2565 2118/679/2574
f 611/601/2573 2118/679/2574 5599/680/2575 3188/604/2576
f 611/601/2573 3188/604/2576 5598/605/2577 2103/606/2578
f 611/601/2573 2103/606/2578 4864/592/2567 2102/591/2566
f 612/607/2579 2104/597/2572 4864/592/2567 2103/606/2578
f 612/607/2579 2103/606/2578 5598/605/2577 3187/608/2580
f 612/607/2579 3187/608/2580 5994/609/2331 3153/610/2330
f 612/607/2579 3153/610/2330 5570/598/2327 2104/597/2572
f 613/611/2581 2105/681/2582 4859/676/2563 2099/587/2562
f 613/611/2581 2099/587/2562 4860/594/2569 2108/613/2583
f 613/611/2581 2108/613/2583 4865/614/2584 2107/615/2585
f 613/611/2581 2107/615/2585 4861/682/2586 2105/681/2582
f 614/617/2587 2106/683/2588 4861/682/2586 2107/615/2585
f 614/617/2587 2107/615/2585 4865/614/2584 2110/619/2589
f 614/617/2587 2110/619/2589 5595/620/2557 3184/621/2556
f 614/617/2587 3184/621/2556 5596/684/2544 2106/683/2588
f 615/623/2590 2108/613/2583 4860/594/2569 2100/596/2571
f 615/623/2590 2100/596/2571 5571/600/2308 3155/624/2307
f 615/623/2590 3155/624/2307 5572/625/2306 2109/626/2591
f 615/623/2590 2109/626/2591 4865/614/2584 2108/613/2583
f 616/627/2592 2110/619/2589 4865/614/2584 2109/626/2591
f 616/627/2592 2109/626/2591 5572/625/2306 3156/628/2316
f 616/627/2592 3156/628/2316 5995/629/2315 3183/630/2560
f 616/627/2592 3183/630/2560 5595/620/2557 2110/619/2589
f 617/667/2593 2111/668/2594 4859/676/2563 2105/681/2582
f 617/667/2593 2105/681/2582 4861/682/2586 2114/669/2595
f 617/667/2593 2114/669/2595 4866/687/2596 2113/685/2597
f 617/667/2593 2113/685/2597 4862/686/2598 2111/668/2594
f 618/635/2599 2112/636/2600 4862/686/2598 2113/685/2597
f 618/635/2599 2113/685/2597 4866/687/2596 2116/634/2601
f 618/635/2599 2116/634/2601 5591/688/2513 3178/689/2512
f 618/635/2599 3178/689/2512 5590/690/2498 2112/636/2600
f 619/670/2602 2114/669/2595 4861/682/2586 2106/683/2588
f 619/670/2602 2106/683/2588 5596/684/2544 3185/671/2543
f 619/670/2602 3185/671/2543 5597/692/2542 2115/691/2603
f 619/670/2602 2115/691/2603 4866/687/2596 2114/669/2595
f 620/640/2604 2116/634/2601 4866/687/2596 2115/691/2603
f 620/640/2604 2115/691/2603 5597/692/2542 3186/639/2548
f 620/640/2604 3186/639/2548 5998/693/2517 3179/694/2516
f 620/640/2604 3179/694/2516 5591/688/2513 2116/634/2601
f 621/672/2605 2117/677/2564 4859/676/2563 2111/668/2594
f 621/672/2605 2111/668/2594 4862/686/2598 2120/695/2606
f 621/672/2605 2120/695/2606 4867/698/2607 2119/673/2608
f 621/672/2605 2119/673/2608 4863/678/2565 2117/677/2564
f 622/674/2609 2118/679/2574 4863/678/2565 2119/673/2608
f 622/674/2609 2119/673/2608 4867/698/2607 2122/699/2610
f 622/674/2609 2122/699/2610 5600/702/2611 3189/675/2612
f 622/674/2609 3189/675/2612 5599/680/2575 2118/679/2574
f 623/642/2613 2120/695/2606 4862/686/2598 2112/636/2600
f 623/642/2613 2112/636/2600 5590/690/2498 3177/696/2497
f 623/642/2613 3177/696/2497 5589/697/2496 2121/643/2614
f 623/642/2613 2121/643/2614 4867/698/2607 2120/695/2606
f 624/646/2615 2122/699/2610 4867/698/2607 2121/643/2614
f 624/646/2615 2121/643/2614 5589/697/2496 3176/700/2502
f 624/646/2615 3176/700/2502 5997/701/2469 3190/647/2616
f 624/646/2615 3190/647/2616 5600/702/2611 2122/699/2610
f 625/586/2617 2123/587/2618 4868/676/2619 2141/677/2620
f 625/586/2617 2141/677/2620 4872/678/2621 2126/591/2622
f 625/586/2617 2126/591/2622 4873/592/2623 2125/593/2624
f 625/586/2617 2125/593/2624 4869/594/2625 2123/587/2618
f 626/595/2626 2124/596/2627 4869/594/2625 2125/593/2624
f 626/595/2626 2125/593/2624 4873/592/2623 2128/597/2628
f 626/595/2626 2128/597/2628 5557/598/2225 3139/599/2224
f 626/595/2626 3139/599/2224 5558/600/2206 2124/596/2627
f 627/601/2629 2126/591/2622 4872/678/2621 2142/679/2630
f 627/601/2629 2142/679/2630 5602/680/2631 3192/604/2632
f 627/601/2629 3192/604/2632 5601/605/2633 2127/606/2634
f 627/601/2629 2127/606/2634 4873/592/2623 2126/591/2622
f 628/607/2635 2128/597/2628 4873/592/2623 2127/606/2634
f 628/607/2635 2127/606/2634 5601/605/2633 3191/608/2636
f 628/607/2635 3191/608/2636 5991/609/2229 3138/610/2228
f 628/607/2635 3138/610/2228 5557/598/2225 2128/597/2628
f 629/611/2637 2129/681/2638 4868/676/2619 2123/587/2618
f 629/611/2637 2123/587/2618 4869/594/2625 2132/613/2639
f 629/611/2637 2132/613/2639 4874/614/2640 2131/615/2641
f 629/611/2637 2131/615/2641 4870/682/2642 2129/681/2638
f 630/617/2643 2130/683/2644 4870/682/2642 2131/615/2641
f 630/617/2643 2131/615/2641 4874/614/2640 2134/619/2645
f 630/617/2643 2134/619/2645 5564/620/2275 3147/621/2274
f 630/617/2643 3147/621/2274 5565/684/2258 2130/683/2644
f 631/623/2646 2132/613/2639 4869/594/2625 2124/596/2627
f 631/623/2646 2124/596/2627 5558/600/2206 3140/624/2205
f 631/623/2646 3140/624/2205 5559/625/2204 2133/626/2647
f 631/623/2646 2133/626/2647 4874/614/2640 2132/613/2639
f 632/627/2648 2134/619/2645 4874/614/2640 2133/626/2647
f 632/627/2648 2133/626/2647 5559/625/2204 3141/628/2214
f 632/627/2648 3141/628/2214 5992/629/2213 3146/630/2278
f 632/627/2648 3146/630/2278 5564/620/2275 2134/619/2645
f 633/667/2649 2135/668/2650 4868/676/2619 2129/681/2638
f 633/667/2649 2129/681/2638 4870/682/2642 2138/669/2651
f 633/667/2649 2138/669/2651 4875/687/2652 2137/685/2653
f 633/667/2649 2137/685/2653 4871/686/2654 2135/668/2650
f 634/635/2655 2136/636/2656 4871/686/2654 2137/685/2653
f 634/635/2655 2137/685/2653 4875/687/2652 2140/634/2657
f 634/635/2655 2140/634/2657 5581/688/2419 3167/689/2418
f 634/635/2655 3167/689/2418 5582/690/2406 2136/636/2656
f 635/670/2658 2138/669/2651 4870/682/2642 2130/683/2644
f 635/670/2658 2130/683/2644 5565/684/2258 3148/671/2257
f 635/670/2658 3148/671/2257 5566/692/2256 2139/691/2659
f 635/670/2658 2139/691/2659 4875/687/2652 2138/669/2651
f 636/640/2660 2140/634/2657 4875/687/2652 2139/691/2659
f 636/640/2660 2139/691/2659 5566/692/2256 3149/639/2266
f 636/640/2660 3149/639/2266 5993/693/2265 3166/694/2422
f 636/640/2660 3166/694/2422 5581/688/2419 2140/634/2657
f 637/672/2661 2141/677/2620 4868/676/2619 2135/668/2650
f 637/672/2661 2135/668/2650 4871/686/2654 2144/695/2662
f 637/672/2661 2144/695/2662 4876/698/2663 2143/673/2664
f 637/672/2661 2143/673/2664 4872/678/2621 2141/677/2620
f 638/674/2665 2142/679/2630 4872/678/2621 2143/673/2664
f 638/674/2665 2143/673/2664 4876/698/2663 2146/699/2666
f 638/674/2665 2146/699/2666 5603/702/2667 3193/675/2668
f 638/674/2665 3193/675/2668 5602/680/2631 2142/679/2630
f 639/642/2669 2144/695/2662 4871/686/2654 2136/636/2656
f 639/642/2669 2136/636/2656 5582/690/2406 3168/696/2405
f 639/642/2669 3168/696/2405 5583/697/2404 2145/643/2670
f 639/642/2669 2145/643/2670 4876/698/2663 2144/695/2662
f 640/646/2671 2146/699/2666 4876/698/2663 2145/643/2670
f 640/646/2671 2145/643/2670 5583/697/2404 3169/700/2410
f 640/646/2671 3169/700/2410 5996/701/2379 3194/647/2672
f 640/646/2671 3194/647/2672 5603/702/2667 2146/699/2666
f 641/586/2673 2147/587/2674 4877/676/2675 2165/677/2676
f 641/586/2673 2165/677/2676 4881/678/2677 2150/591/2678
f 641/586/2673 2150/591/2678 4882/592/2679 2149/593/2680
f 641/586/2673 2149/593/2680 4878/594/2681 2147/587/2674
f 642/595/2682 2148/596/2683 4878/594/2681 2149/593/2680
f 642/595/2682 2149/593/2680 4882/592/2679 2152/597/2684
f 642/595/2682 2152/597/2684 5598/598/2577 3188/599/2576
f 642/595/2682 3188/599/2576 5599/600/2575 2148/596/2683
f 643/601/2685 2150/591/2678 4881/678/2677 2166/679/2686
f 643/601/2685 2166/679/2686 5576/680/2360 3160/604/2359
f 643/601/2685 3160/604/2359 5575/605/2358 2151/606/2687
f 643/601/2685 2151/606/2687 4882/592/2679 2150/591/2678
f 644/607/2688 2152/597/2684 4882/592/2679 2151/606/2687
f 644/607/2688 2151/606/2687 5575/605/2358 3159/608/2364
f 644/607/2688 3159/608/2364 5994/609/2331 3187/610/2580
f 644/607/2688 3187/610/2580 5598/598/2577 2152/597/2684
f 645/611/2689 2153/681/2690 4877/676/2675 2147/587/2674
f 645/611/2689 2147/587/2674 4878/594/2681 2156/613/2691
f 645/611/2689 2156/613/2691 4883/614/2692 2155/615/2693
f 645/611/2689 2155/615/2693 4879/682/2694 2153/681/2690
f 646/617/2695 2154/683/2696 4879/682/2694 2155/615/2693
f 646/617/2695 2155/615/2693 4883/614/2692 2158/619/2697
f 646/617/2695 2158/619/2697 5586/620/2465 3172/621/2464
f 646/617/2695 3172/621/2464 5585/684/2450 2154/683/2696
f 647/623/2698 2156/613/2691 4878/594/2681 2148/596/2683
f 647/623/2698 2148/596/2683 5599/600/2575 3189/624/2612
f 647/623/2698 3189/624/2612 5600/625/2611 2157/626/2699
f 647/623/2698 2157/626/2699 4883/614/2692 2156/613/2691
f 648/627/2700 2158/619/2697 4883/614/2692 2157/626/2699
f 648/627/2700 2157/626/2699 5600/625/2611 3190/628/2616
f 648/627/2700 3190/628/2616 5997/629/2469 3173/630/2468
f 648/627/2700 3173/630/2468 5586/620/2465 2158/619/2697
f 649/667/2701 2159/668/2702 4877/676/2675 2153/681/2690
f 649/667/2701 2153/681/2690 4879/682/2694 2162/669/2703
f 649/667/2701 2162/669/2703 4884/687/2704 2161/685/2705
f 649/667/2701 2161/685/2705 4880/686/2706 2159/668/2702
f 650/635/2707 2160/636/2708 4880/686/2706 2161/685/2705
f 650/635/2707 2161/685/2705 4884/687/2704 2164/634/2709
f 650/635/2707 2164/634/2709 5601/688/2633 3192/689/2632
f 650/635/2707 3192/689/2632 5602/690/2631 2160/636/2708
f 651/670/2710 2162/669/2703 4879/682/2694 2154/683/2696
f 651/670/2710 2154/683/2696 5585/684/2450 3171/671/2449
f 651/670/2710 3171/671/2449 5584/692/2448 2163/691/2711
f 651/670/2710 2163/691/2711 4884/687/2704 2162/669/2703
f 652/640/2712 2164/634/2709 4884/687/2704 2163/691/2711
f 652/640/2712 2163/691/2711 5584/692/2448 3170/639/2454
f 652/640/2712 3170/639/2454 5991/693/2229 3191/694/2636
f 652/640/2712 3191/694/2636 5601/688/2633 2164/634/2709
f 653/672/2713 2165/677/2676 4877/676/2675 2159/668/2702
f 653/672/2713 2159/668/2702 4880/686/2706 2168/695/2714
f 653/672/2713 2168/695/2714 4885/698/2715 2167/673/2716
f 653/672/2713 2167/673/2716 4881/678/2677 2165/677/2676
f 654/674/2717 2166/679/2686 4881/678/2677 2167/673/2716
f 654/674/2717 2167/673/2716 4885/698/2715 2170/699/2718
f 654/674/2717 2170/699/2718 5577/702/2375 3161/675/2374
f 654/674/2717 3161/675/2374 5576/680/2360 2166/679/2686
f 655/642/2719 2168/695/2714 4880/686/2706 2160/636/2708
f 655/642/2719 2160/636/2708 5602/690/2631 3193/696/2668
f 655/642/2719 3193/696/2668 5603/697/2667 2169/643/2720
f 655/642/2719 2169/643/2720 4885/698/2715 2168/695/2714
f 656/646/2721 2170/699/2718 4885/698/2715 2169/643/2720
f 656/646/2721 2169/643/2720 5603/697/2667 3194/700/2672
f 656/646/2721 3194/700/2672 5996/701/2379 3162/647/2378
f 656/646/2721 3162/647/2378 5577/702/2375 2170/699/2718
f 657/586/2722 2171/587/2723 4886/676/2675 2186/677/2724
f 657/586/2722 2186/677/2724 4890/678/2725 2174/591/2726
f 657/586/2722 2174/591/2726 4891/592/2727 2173/593/2728
f 657/586/2722 2173/593/2728 4887/594/2729 2171/587/2723
f 658/595/2730 2172/596/2731 4887/594/2729 2173/593/2728
f 658/595/2730 2173/593/2728 4891/592/2727 2175/597/2732
f 658/595/2730 2175/597/2732 5609/598/2733 3198/599/2734
f 658/595/2730 3198/599/2734 5608/600/2735 2172/596/2731
f 659/601/2736 2174/591/2726 4890/678/2725 2187/679/2737
f 659/601/2736 2187/679/2737 5615/680/2738 4052/604/2739
f 659/601/2736 4052/604/2739 4924/605/2740 4011/606/2741
f 659/601/2736 4011/606/2741 4891/592/2727 2174/591/2726
f 660/607/2742 2175/597/2732 4891/592/2727 4011/606/2741
f 660/607/2742 4011/606/2741 4924/605/2740 2227/608/2743
f 660/607/2742 2227/608/2743 5616/609/2744 4046/610/2745
f 660/607/2742 4046/610/2745 5609/598/2733 2175/597/2732
f 661/611/2746 2176/681/2747 4886/676/2675 2171/587/2723
f 661/611/2746 2171/587/2723 4887/594/2729 2179/613/2748
f 661/611/2746 2179/613/2748 4892/614/2749 2178/615/2750
f 661/611/2746 2178/615/2750 4888/682/2751 2176/681/2747
f 662/617/2752 2177/683/2753 4888/682/2751 2178/615/2750
f 662/617/2752 2178/615/2750 4892/614/2749 4012/619/2754
f 662/617/2752 4012/619/2754 4919/620/2755 4022/621/2756
f 662/617/2752 4022/621/2756 5613/684/2757 2177/683/2753
f 663/623/2758 2179/613/2748 4887/594/2729 2172/596/2731
f 663/623/2758 2172/596/2731 5608/600/2735 3197/624/2759
f 663/623/2758 3197/624/2759 5607/625/2760 2180/626/2761
f 663/623/2758 2180/626/2761 4892/614/2749 2179/613/2748
f 664/627/2762 4012/619/2754 4892/614/2749 2180/626/2761
f 664/627/2762 2180/626/2761 5607/625/2760 3623/628/2763
f 664/627/2762 3623/628/2763 5612/629/2764 4292/630/2765
f 664/627/2762 4292/630/2765 4919/620/2755 4012/619/2754
f 665/667/2766 2181/668/2767 4886/676/2675 2176/681/2747
f 665/667/2766 2176/681/2747 4888/682/2751 2184/669/2768
f 665/667/2766 2184/669/2768 4893/748/2769 2183/685/2770
f 665/667/2766 2183/685/2770 4889/686/2771 2181/668/2767
f 666/635/2772 2182/636/2773 4889/686/2771 2183/685/2770
f 666/635/2772 2183/685/2770 4893/748/2769 2185/749/2774
f 666/635/2772 2185/749/2774 5606/750/2775 3196/689/2776
f 666/635/2772 3196/689/2776 5605/690/2777 2182/636/2773
f 667/670/2778 2184/669/2768 4888/682/2751 2177/683/2753
f 667/670/2778 2177/683/2753 5613/684/2757 4157/671/2779
f 667/670/2778 4157/671/2779 4918/751/2780 4300/752/2781
f 667/670/2778 4300/752/2781 4893/748/2769 2184/669/2768
f 668/753/2782 2185/749/2774 4893/748/2769 4300/752/2781
f 668/753/2782 4300/752/2781 4918/751/2780 3639/638/2783
f 668/753/2782 3639/638/2783 5621/671/2784 4159/754/2785
f 668/753/2782 4159/754/2785 5606/750/2775 2185/749/2774
f 669/672/2786 2186/677/2724 4886/676/2675 2181/668/2767
f 669/672/2786 2181/668/2767 4889/686/2771 2189/695/2787
f 669/672/2786 2189/695/2787 4894/755/2788 2188/673/2789
f 669/672/2786 2188/673/2789 4890/678/2725 2186/677/2724
f 670/674/2790 2187/679/2737 4890/678/2725 2188/673/2789
f 670/674/2790 2188/673/2789 4894/755/2788 4299/756/2791
f 670/674/2790 4299/756/2791 4923/757/2792 4026/675/2793
f 670/674/2790 4026/675/2793 5615/680/2738 2187/679/2737
f 671/642/2794 2189/695/2787 4889/686/2771 2182/636/2773
f 671/642/2794 2182/636/2773 5605/690/2777 3195/696/2795
f 671/642/2794 3195/696/2795 5604/758/2796 2190/759/2797
f 671/642/2794 2190/759/2797 4894/755/2788 2189/695/2787
f 672/760/2798 4299/756/2791 4894/755/2788 2190/759/2797
f 672/760/2798 2190/759/2797 5604/758/2796 3624/761/2799
f 672/760/2798 3624/761/2799 5614/675/2800 4027/648/2801
f 672/760/2798 4027/648/2801 4923/757/2792 4299/756/2791
f 673/586/2802 2191/587/2803 4895/676/2804 2203/677/2805
f 673/586/2802 2203/677/2805 4899/678/2806 2193/591/2807
f 673/586/2802 2193/591/2807 4900/592/2808 2192/593/2809
f 673/586/2802 2192/593/2809 4896/594/2810 2191/587/2803
f 674/595/2811 3649/596/2812 4896/594/2810 2192/593/2809
f 674/595/2811 2192/593/2809 4900/592/2808 2195/597/2813
f 674/595/2811 2195/597/2813 5622/598/2814 3619/599/2815
f 674/595/2811 3619/599/2815 4930/600/2816 3649/596/2812
f 675/601/2817 2193/591/2807 4899/678/2806 2204/679/2818
f 675/601/2817 2204/679/2818 5605/680/2777 3196/604/2776
f 675/601/2817 3196/604/2776 5606/605/2775 2194/606/2819
f 675/601/2817 2194/606/2819 4900/592/2808 2193/591/2807
f 676/607/2820 2195/597/2813 4900/592/2808 2194/606/2819
f 676/607/2820 2194/606/2819 5606/605/2775 4159/608/2785
f 676/607/2820 4159/608/2785 5621/609/2784 4155/610/2821
f 676/607/2820 4155/610/2821 5622/598/2814 2195/597/2813
f 677/611/2822 2196/681/2823 4895/676/2804 2191/587/2803
f 677/611/2822 2191/587/2803 4896/594/2810 2198/613/2824
f 677/611/2822 2198/613/2824 4901/614/2825 2197/615/2826
f 677/611/2822 2197/615/2826 4897/682/2827 2196/681/2823
f 678/617/2828 4013/683/2829 4897/682/2827 2197/615/2826
f 678/617/2828 2197/615/2826 4901/614/2825 2199/619/2830
f 678/617/2828 2199/619/2830 5619/620/2831 4054/621/2832
f 678/617/2828 4054/621/2832 4927/684/2833 4013/683/2829
f 679/623/2834 2198/613/2824 4896/594/2810 3649/596/2812
f 679/623/2834 3649/596/2812 4930/600/2816 4034/624/2835
f 679/623/2834 4034/624/2835 4929/625/2836 4014/626/2837
f 679/623/2834 4014/626/2837 4901/614/2825 2198/613/2824
f 680/627/2838 2199/619/2830 4901/614/2825 4014/626/2837
f 680/627/2838 4014/626/2837 4929/625/2836 3632/628/2839
f 680/627/2838 3632/628/2839 5623/629/2840 4033/630/2841
f 680/627/2838 4033/630/2841 5619/620/2831 2199/619/2830
f 681/667/2842 2200/668/2843 4895/676/2804 2196/681/2823
f 681/667/2842 2196/681/2823 4897/682/2827 2202/669/2844
f 681/667/2842 2202/669/2844 4902/762/2845 2201/763/2846
f 681/667/2842 2201/763/2846 4898/764/2847 2200/668/2843
f 682/765/2848 4298/766/2849 4898/764/2847 2201/763/2846
f 682/765/2848 2201/763/2846 4902/762/2845 4015/767/2850
f 682/765/2848 4015/767/2850 4922/768/2851 3635/769/2852
f 682/765/2848 3635/769/2852 4920/770/2853 4298/766/2849
f 683/670/2854 2202/669/2844 4897/682/2827 4013/683/2829
f 683/670/2854 4013/683/2829 4927/684/2833 4032/671/2855
f 683/670/2854 4032/671/2855 4928/751/2856 3648/752/2857
f 683/670/2854 3648/752/2857 4902/762/2845 2202/669/2844
f 684/753/2858 4015/767/2850 4902/762/2845 3648/752/2857
f 684/753/2858 3648/752/2857 4928/751/2856 2228/638/2859
f 684/753/2858 2228/638/2859 5620/671/2860 4290/754/2861
f 684/753/2858 4290/754/2861 4922/768/2851 4015/767/2850
f 685/672/2862 2203/677/2805 4895/676/2804 2200/668/2843
f 685/672/2862 2200/668/2843 4898/764/2847 2206/771/2863
f 685/672/2862 2206/771/2863 4903/772/2864 2205/673/2865
f 685/672/2862 2205/673/2865 4899/678/2806 2203/677/2805
f 686/674/2866 2204/679/2818 4899/678/2806 2205/673/2865
f 686/674/2866 2205/673/2865 4903/772/2864 2207/756/2867
f 686/674/2866 2207/756/2867 5604/757/2796 3195/675/2795
f 686/674/2866 3195/675/2795 5605/680/2777 2204/679/2818
f 687/773/2868 2206/771/2863 4898/764/2847 4298/766/2849
f 687/773/2868 4298/766/2849 4920/770/2853 3637/774/2869
f 687/773/2868 3637/774/2869 4921/775/2870 4016/776/2871
f 687/773/2868 4016/776/2871 4903/772/2864 2206/771/2863
f 688/760/2872 2207/756/2867 4903/772/2864 4016/776/2871
f 688/760/2872 4016/776/2871 4921/775/2870 4023/761/2873
f 688/760/2872 4023/761/2873 5614/675/2800 3624/648/2799
f 688/760/2872 3624/648/2799 5604/757/2796 2207/756/2867
f 689/586/2874 2208/587/2875 4904/676/2876 2220/677/2877
f 689/586/2874 2220/677/2877 4908/678/2878 2211/591/2879
f 689/586/2874 2211/591/2879 4909/592/2880 2210/593/2881
f 689/586/2874 2210/593/2881 4905/594/2882 2208/587/2875
f 690/595/2883 2209/596/2884 4905/594/2882 2210/593/2881
f 690/595/2883 2210/593/2881 4909/592/2880 3647/597/2885
f 690/595/2883 3647/597/2885 4926/598/2886 3620/599/2887
f 690/595/2883 3620/599/2887 5617/600/2888 2209/596/2884
f 691/601/2889 2211/591/2879 4908/678/2878 2221/679/2890
f 691/601/2889 2221/679/2890 5608/680/2735 3198/604/2734
f 691/601/2889 3198/604/2734 5609/605/2733 2212/606/2891
f 691/601/2889 2212/606/2891 4909/592/2880 2211/591/2879
f 692/607/2892 3647/597/2885 4909/592/2880 2212/606/2891
f 692/607/2892 2212/606/2891 5609/605/2733 4046/608/2745
f 692/607/2892 4046/608/2745 5616/609/2744 4287/610/2893
f 692/607/2892 4287/610/2893 4926/598/2886 3647/597/2885
f 693/611/2894 2213/681/2895 4904/676/2876 2208/587/2875
f 693/611/2894 2208/587/2875 4905/594/2882 2216/613/2896
f 693/611/2894 2216/613/2896 4910/614/2897 2215/615/2898
f 693/611/2894 2215/615/2898 4906/682/2899 2213/681/2895
f 694/617/2900 2214/683/2901 4906/682/2899 2215/615/2898
f 694/617/2900 2215/615/2898 4910/614/2897 4017/619/2902
f 694/617/2900 4017/619/2902 4913/620/2903 4047/621/2904
f 694/617/2900 4047/621/2904 5610/684/2905 2214/683/2901
f 695/623/2906 2216/613/2896 4905/594/2882 2209/596/2884
f 695/623/2906 2209/596/2884 5617/600/2888 3621/624/2907
f 695/623/2906 3621/624/2907 4925/625/2908 3646/626/2909
f 695/623/2906 3646/626/2909 4910/614/2897 2216/613/2896
f 696/627/2910 4017/619/2902 4910/614/2897 3646/626/2909
f 696/627/2910 3646/626/2909 4925/625/2908 4029/628/2911
f 696/627/2910 4029/628/2911 5618/629/2912 3643/630/2913
f 696/627/2910 3643/630/2913 4913/620/2903 4017/619/2902
f 697/667/2914 2217/668/2915 4904/676/2876 2213/681/2895
f 697/667/2914 2213/681/2895 4906/682/2899 2219/669/2916
f 697/667/2914 2219/669/2916 4911/762/2917 2218/763/2918
f 697/667/2914 2218/763/2918 4907/764/2919 2217/668/2915
f 698/765/2920 4297/766/2921 4907/764/2919 2218/763/2918
f 698/765/2920 2218/763/2918 4911/762/2917 3644/767/2922
f 698/765/2920 3644/767/2922 4917/768/2923 4049/769/2924
f 698/765/2920 4049/769/2924 4915/770/2925 4297/766/2921
f 699/670/2926 2219/669/2916 4906/682/2899 2214/683/2901
f 699/670/2926 2214/683/2901 5610/684/2905 3622/671/2927
f 699/670/2926 3622/671/2927 4914/751/2928 3645/752/2929
f 699/670/2926 3645/752/2929 4911/762/2917 2219/669/2916
f 700/753/2930 3644/767/2922 4911/762/2917 3645/752/2929
f 700/753/2930 3645/752/2929 4914/751/2928 2225/638/2931
f 700/753/2930 2225/638/2931 5611/671/2932 2226/754/2933
f 700/753/2930 2226/754/2933 4917/768/2923 3644/767/2922
f 701/672/2934 2220/677/2877 4904/676/2876 2217/668/2915
f 701/672/2934 2217/668/2915 4907/764/2919 2223/771/2935
f 701/672/2934 2223/771/2935 4912/772/2936 2222/673/2937
f 701/672/2934 2222/673/2937 4908/678/2878 2220/677/2877
f 702/674/2938 2221/679/2890 4908/678/2878 2222/673/2937
f 702/674/2938 2222/673/2937 4912/772/2936 2224/756/2939
f 702/674/2938 2224/756/2939 5607/757/2760 3197/675/2759
f 702/674/2938 3197/675/2759 5608/680/2735 2221/679/2890
f 703/773/2940 2223/771/2935 4907/764/2919 4297/766/2921
f 703/773/2940 4297/766/2921 4915/770/2925 3642/774/2941
f 703/773/2940 3642/774/2941 4916/775/2942 4296/776/2943
f 703/773/2940 4296/776/2943 4912/772/2936 2223/771/2935
f 704/760/2944 2224/756/2939 4912/772/2936 4296/776/2943
f 704/760/2944 4296/776/2943 4916/775/2942 4050/761/2945
f 704/760/2944 4050/761/2945 5612/675/2764 3623/648/2763
f 704/760/2944 3623/648/2763 5607/757/2760 2224/756/2939
f 705/730/2946 4295/731/2947 5610/668/2905 4047/672/2904
f 705/730/2946 4047/672/2904 4913/673/2903 4294/735/2948
f 705/730/2946 4294/735/2948 4947/598/2949 2235/599/2950
f 705/730/2946 2235/599/2950 4945/600/2951 4295/731/2947
f 706/736/2952 4294/735/2948 4913/673/2903 3643/674/2913
f 706/736/2952 3643/674/2913 5618/675/2912 4053/739/2953
f 706/736/2952 4053/739/2953 5635/609/2954 3625/610/2955
f 706/736/2952 3625/610/2955 4947/598/2949 4294/735/2948
f 707/740/2956 3622/667/2927 5610/668/2905 4295/731/2947
f 707/740/2956 4295/731/2947 4945/600/2951 3626/624/2957
f 707/740/2956 3626/624/2957 4946/625/2958 4293/742/2959
f 707/740/2956 4293/742/2959 4914/669/2928 3622/667/2927
f 708/744/2960 2225/670/2931 4914/669/2928 4293/742/2959
f 708/744/2960 4293/742/2959 4946/625/2958 4061/628/2961
f 708/744/2960 4061/628/2961 5636/629/2962 4048/746/2963
f 708/744/2960 4048/746/2963 5611/671/2932 2225/670/2931
f 709/730/2964 4018/731/2965 4915/770/2925 4049/672/2924
f 709/730/2964 4049/672/2924 4917/673/2923 4019/735/2966
f 709/730/2964 4019/735/2966 5634/598/2967 4045/599/2968
f 709/730/2964 4045/599/2968 4943/600/2969 4018/731/2965
f 710/736/2970 4019/735/2966 4917/673/2923 2226/674/2933
f 710/736/2970 2226/674/2933 5611/675/2932 4048/739/2963
f 710/736/2970 4048/739/2963 5636/609/2962 3614/610/2971
f 710/736/2970 3614/610/2971 5634/598/2967 4019/735/2966
f 711/740/2972 3642/667/2941 4915/770/2925 4018/731/2965
f 711/740/2972 4018/731/2965 4943/600/2969 4043/624/2973
f 711/740/2972 4043/624/2973 4944/625/2974 3641/742/2975
f 711/740/2972 3641/742/2975 4916/669/2942 3642/667/2941
f 712/744/2976 4050/670/2945 4916/669/2942 3641/742/2975
f 712/744/2976 3641/742/2975 4944/625/2974 3615/628/2977
f 712/744/2976 3615/628/2977 6000/629/2978 4158/746/2979
f 712/744/2976 4158/746/2979 5612/671/2764 4050/670/2945
f 713/730/2980 4020/731/2981 5613/668/2757 4022/672/2756
f 713/730/2980 4022/672/2756 4919/673/2755 4021/735/2982
f 713/730/2980 4021/735/2982 4942/598/2983 3627/599/2984
f 713/730/2980 3627/599/2984 4941/600/2985 4020/731/2981
f 714/736/2986 4021/735/2982 4919/673/2755 4292/674/2765
f 714/736/2986 4292/674/2765 5612/675/2764 4158/739/2979
f 714/736/2986 4158/739/2979 6000/609/2978 4060/610/2987
f 714/736/2986 4060/610/2987 4942/598/2983 4021/735/2982
f 715/740/2988 4157/667/2779 5613/668/2757 4020/731/2981
f 715/740/2988 4020/731/2981 4941/600/2985 4153/624/2989
f 715/740/2988 4153/624/2989 5632/625/2990 3640/742/2991
f 715/740/2988 3640/742/2991 4918/669/2780 4157/667/2779
f 716/744/2992 3639/670/2783 4918/669/2780 3640/742/2991
f 716/744/2992 3640/742/2991 5632/625/2990 4059/628/2993
f 716/744/2992 4059/628/2993 5633/629/2994 4056/746/2995
f 716/744/2992 4056/746/2995 5621/671/2784 3639/670/2783
f 717/730/2996 4291/731/2997 4920/770/2853 3635/672/2852
f 717/730/2996 3635/672/2852 4922/673/2851 3638/735/2998
f 717/730/2996 3638/735/2998 5630/598/2999 4154/599/3000
f 717/730/2996 4154/599/3000 4939/600/3001 4291/731/2997
f 718/736/3002 3638/735/2998 4922/673/2851 4290/674/2861
f 718/736/3002 4290/674/2861 5620/675/2860 4055/739/3003
f 718/736/3002 4055/739/3003 5999/609/3004 3201/610/3005
f 718/736/3002 3201/610/3005 5630/598/2999 3638/735/2998
f 719/740/3006 3637/667/2869 4920/770/2853 4291/731/2997
f 719/740/3006 4291/731/2997 4939/600/3001 4058/624/3007
f 719/740/3006 4058/624/3007 4940/625/3008 3636/742/3009
f 719/740/3006 3636/742/3009 4921/669/2870 3637/667/2869
f 720/744/3010 4023/670/2873 4921/669/2870 3636/742/3009
f 720/744/3010 3636/742/3009 4940/625/3008 4278/628/3011
f 720/744/3010 4278/628/3011 5631/629/3012 4051/746/3013
f 720/744/3010 4051/746/3013 5614/671/2800 4023/670/2873
f 721/730/3014 4024/731/3015 5615/668/2738 4026/672/2793
f 721/730/3014 4026/672/2793 4923/673/2792 3634/735/3016
f 721/730/3014 3634/735/3016 4938/598/3017 2231/599/3018
f 721/730/3014 2231/599/3018 4937/600/3019 4024/731/3015
f 722/736/3020 3634/735/3016 4923/673/2792 4027/674/2801
f 722/736/3020 4027/674/2801 5614/675/2800 4051/739/3013
f 722/736/3020 4051/739/3013 5631/609/3012 4281/610/3021
f 722/736/3020 4281/610/3021 4938/598/3017 3634/735/3016
f 723/740/3022 4052/667/2739 5615/668/2738 4024/731/3015
f 723/740/3022 4024/731/3015 4937/600/3019 4041/624/3023
f 723/740/3022 4041/624/3023 4936/625/3024 4025/742/3025
f 723/740/3022 4025/742/3025 4924/669/2740 4052/667/2739
f 724/744/3026 2227/670/2743 4924/669/2740 4025/742/3025
f 724/744/3026 4025/742/3025 4936/625/3024 2230/628/3027
f 724/744/3026 2230/628/3027 5629/629/3028 4156/746/3029
f 724/744/3026 4156/746/3029 5616/671/2744 2227/670/2743
f 725/730/3030 4289/731/3031 5617/668/2888 3620/672/2887
f 725/730/3030 3620/672/2887 4926/673/2886 4028/735/3032
f 725/730/3030 4028/735/3032 4935/598/3033 3616/599/3034
f 725/730/3030 3616/599/3034 5627/600/3035 4289/731/3031
f 726/736/3036 4028/735/3032 4926/673/2886 4287/674/2893
f 726/736/3036 4287/674/2893 5616/675/2744 4156/739/3029
f 726/736/3036 4156/739/3029 5629/609/3028 4040/610/3037
f 726/736/3036 4040/610/3037 4935/598/3033 4028/735/3032
f 727/740/3038 3621/667/2907 5617/668/2888 4289/731/3031
f 727/740/3038 4289/731/3031 5627/600/3035 3200/624/3039
f 727/740/3038 3200/624/3039 5628/625/3040 4288/742/3041
f 727/740/3038 4288/742/3041 4925/669/2908 3621/667/2907
f 728/744/3042 4029/670/2911 4925/669/2908 4288/742/3041
f 728/744/3042 4288/742/3041 5628/625/3040 4039/628/3043
f 728/744/3042 4039/628/3043 5635/629/2954 4053/746/2953
f 728/744/3042 4053/746/2953 5618/671/2912 4029/670/2911
f 729/730/3044 4030/731/3045 4927/668/2833 4054/672/2832
f 729/730/3044 4054/672/2832 5619/673/2831 4031/735/3046
f 729/730/3044 4031/735/3046 4934/598/3047 3630/599/3048
f 729/730/3044 3630/599/3048 4933/600/3049 4030/731/3045
f 730/736/3050 4031/735/3046 5619/673/2831 4033/674/2841
f 730/736/3050 4033/674/2841 5623/675/2840 3618/739/3051
f 730/736/3050 3618/739/3051 5625/609/3052 4283/610/3053
f 730/736/3050 4283/610/3053 4934/598/3047 4031/735/3046
f 731/740/3054 4032/667/2855 4927/668/2833 4030/731/3045
f 731/740/3054 4030/731/3045 4933/600/3049 4037/624/3055
f 731/740/3054 4037/624/3055 5626/625/3056 4286/742/3057
f 731/740/3054 4286/742/3057 4928/669/2856 4032/667/2855
f 732/744/3058 2228/670/2859 4928/669/2856 4286/742/3057
f 732/744/3058 4286/742/3057 5626/625/3056 3199/628/3059
f 732/744/3058 3199/628/3059 5999/629/3004 4055/746/3003
f 732/744/3058 4055/746/3003 5620/671/2860 2228/670/2859
f 733/730/3060 4285/731/3061 4930/668/2816 3619/672/2815
f 733/730/3060 3619/672/2815 5622/673/2814 4284/735/3062
f 733/730/3060 4284/735/3062 4931/598/3063 4036/599/3064
f 733/730/3060 4036/599/3064 5624/600/3065 4285/731/3061
f 734/736/3066 4284/735/3062 5622/673/2814 4155/674/2821
f 734/736/3066 4155/674/2821 5621/675/2784 4056/739/2995
f 734/736/3066 4056/739/2995 5633/609/2994 3631/610/3067
f 734/736/3066 3631/610/3067 4931/598/3063 4284/735/3062
f 735/740/3068 4034/667/2835 4930/668/2816 4285/731/3061
f 735/740/3068 4285/731/3061 5624/600/3065 3617/624/3069
f 735/740/3068 3617/624/3069 4932/625/3070 3633/742/3071
f 735/740/3068 3633/742/3071 4929/669/2836 4034/667/2835
f 736/744/3072 3632/670/2839 4929/669/2836 3633/742/3071
f 736/744/3072 3633/742/3071 4932/625/3070 2229/628/3073
f 736/744/3072 2229/628/3073 5625/629/3052 3618/746/3051
f 736/744/3072 3618/746/3051 5623/671/2840 3632/670/2839
f 737/730/3074 4035/731/3075 5624/668/3065 4036/672/3064
f 737/730/3074 4036/672/3064 4931/673/3063 4362/735/3076
f 737/730/3074 4362/735/3076 4971/598/3077 4323/599/3078
f 737/730/3074 4323/599/3078 5658/600/3079 4035/731/3075
f 738/736/3080 4362/735/3076 4931/673/3063 3631/674/3067
f 738/736/3080 3631/674/3067 5633/675/2994 4321/739/3081
f 738/736/3080 4321/739/3081 5656/609/3082 2251/610/3083
f 738/736/3080 2251/610/3083 4971/598/3077 4362/735/3076
f 739/740/3084 3617/667/3069 5624/668/3065 4035/731/3075
f 739/740/3084 4035/731/3075 5658/600/3079 4324/624/3085
f 739/740/3084 4324/624/3085 4970/625/3086 4301/742/3087
f 739/740/3084 4301/742/3087 4932/669/3070 3617/667/3069
f 740/744/3088 2229/670/3073 4932/669/3070 4301/742/3087
f 740/744/3088 4301/742/3087 4970/625/3086 4325/628/3089
f 740/744/3088 4325/628/3089 6004/629/3090 4057/746/3091
f 740/744/3088 4057/746/3091 5625/671/3052 2229/670/3073
f 741/730/3092 4361/731/3093 4933/668/3049 3630/672/3048
f 741/730/3092 3630/672/3048 4934/673/3047 4318/735/3094
f 741/730/3092 4318/735/3094 4967/598/3095 4328/599/3096
f 741/730/3092 4328/599/3096 4966/600/3097 4361/731/3093
f 742/736/3098 4318/735/3094 4934/673/3047 4283/674/3053
f 742/736/3098 4283/674/3053 5625/675/3052 4057/739/3091
f 742/736/3098 4057/739/3091 6004/609/3090 4327/610/3099
f 742/736/3098 4327/610/3099 4967/598/3095 4318/735/3094
f 743/740/3100 4037/667/3055 4933/668/3049 4361/731/3093
f 743/740/3100 4361/731/3093 4966/600/3097 4329/624/3101
f 743/740/3100 4329/624/3101 5654/625/3102 4038/742/3103
f 743/740/3100 4038/742/3103 5626/669/3056 4037/667/3055
f 744/744/3104 3199/670/3059 5626/669/3056 4038/742/3103
f 744/744/3104 4038/742/3103 5654/625/3102 4330/628/3105
f 744/744/3104 4330/628/3105 5655/629/3106 4316/746/3107
f 744/744/3104 4316/746/3107 5999/671/3004 3199/670/3059
f 745/730/3108 4302/731/3109 5627/668/3035 3616/672/3034
f 745/730/3108 3616/672/3034 4935/673/3033 4282/735/3110
f 745/730/3108 4282/735/3110 5652/598/3111 4333/599/3112
f 745/730/3108 4333/599/3112 4961/600/3113 4302/731/3109
f 746/736/3114 4282/735/3110 4935/673/3033 4040/674/3037
f 746/736/3114 4040/674/3037 5629/675/3028 4320/739/3115
f 746/736/3114 4320/739/3115 5650/609/3116 4334/610/3117
f 746/736/3114 4334/610/3117 5652/598/3111 4282/735/3110
f 747/740/3118 3200/667/3039 5627/668/3035 4302/731/3109
f 747/740/3118 4302/731/3109 4961/600/3113 2246/624/3119
f 747/740/3118 2246/624/3119 4963/625/3120 4303/742/3121
f 747/740/3118 4303/742/3121 5628/669/3040 3200/667/3039
f 748/744/3122 4039/670/3043 5628/669/3040 4303/742/3121
f 748/744/3122 4303/742/3121 4963/625/3120 4332/628/3123
f 748/744/3122 4332/628/3123 6003/629/3124 3613/746/3125
f 748/744/3122 3613/746/3125 5635/671/2954 4039/670/3043
f 749/730/3126 4304/731/3127 4937/668/3019 2231/672/3018
f 749/730/3126 2231/672/3018 4938/673/3017 4305/735/3128
f 749/730/3126 4305/735/3128 4959/598/3129 4338/599/3130
f 749/730/3126 4338/599/3130 4958/600/3131 4304/731/3127
f 750/736/3132 4305/735/3128 4938/673/3017 4281/674/3021
f 750/736/3132 4281/674/3021 5631/675/3012 3202/739/3133
f 750/736/3132 3202/739/3133 6002/609/3134 4339/610/3135
f 750/736/3132 4339/610/3135 4959/598/3129 4305/735/3128
f 751/740/3136 4041/667/3023 4937/668/3019 4304/731/3127
f 751/740/3136 4304/731/3127 4958/600/3131 4337/624/3137
f 751/740/3136 4337/624/3137 5649/625/3138 3629/742/3139
f 751/740/3136 3629/742/3139 4936/669/3024 4041/667/3023
f 752/744/3140 2230/670/3027 4936/669/3024 3629/742/3139
f 752/744/3140 3629/742/3139 5649/625/3138 4336/628/3141
f 752/744/3140 4336/628/3141 5650/629/3116 4320/746/3115
f 752/744/3140 4320/746/3115 5629/671/3028 2230/670/3027
f 753/730/3142 2232/731/3143 4939/668/3001 4154/672/3000
f 753/730/3142 4154/672/3000 5630/673/2999 4280/735/3144
f 753/730/3142 4280/735/3144 5647/598/3145 3209/599/3146
f 753/730/3142 3209/599/3146 5646/600/3147 2232/731/3143
f 754/736/3148 4280/735/3144 5630/673/2999 3201/674/3005
f 754/736/3148 3201/674/3005 5999/675/3004 4316/739/3107
f 754/736/3148 4316/739/3107 5655/609/3106 4341/610/3149
f 754/736/3148 4341/610/3149 5647/598/3145 4280/735/3144
f 755/740/3150 4058/667/3007 4939/668/3001 2232/731/3143
f 755/740/3150 2232/731/3143 5646/600/3147 3208/624/3151
f 755/740/3150 3208/624/3151 5645/625/3152 4279/742/3153
f 755/740/3150 4279/742/3153 4940/669/3008 4058/667/3007
f 756/744/3154 4278/670/3011 4940/669/3008 4279/742/3153
f 756/744/3154 4279/742/3153 5645/625/3152 3207/628/3155
f 756/744/3154 3207/628/3155 6002/629/3134 3202/746/3133
f 756/744/3154 3202/746/3133 5631/671/3012 4278/670/3011
f 757/730/3156 3628/731/3157 4941/668/2985 3627/672/2984
f 757/730/3156 3627/672/2984 4942/673/2983 4360/735/3158
f 757/730/3156 4360/735/3158 4954/598/3159 4343/599/3160
f 757/730/3156 4343/599/3160 5643/600/3161 3628/731/3157
f 758/736/3162 4360/735/3158 4942/673/2983 4060/674/2987
f 758/736/3162 4060/674/2987 6000/675/2978 4315/739/3163
f 758/736/3162 4315/739/3163 5642/609/3164 4344/610/3165
f 758/736/3162 4344/610/3165 4954/598/3159 4360/735/3158
f 759/740/3166 4153/667/2989 4941/668/2985 3628/731/3157
f 759/740/3166 3628/731/3157 5643/600/3161 3206/624/3167
f 759/740/3166 3206/624/3167 5644/625/3168 4042/742/3169
f 759/740/3166 4042/742/3169 5632/669/2990 4153/667/2989
f 760/744/3170 4059/670/2993 5632/669/2990 4042/742/3169
f 760/744/3170 4042/742/3169 5644/625/3168 4342/628/3171
f 760/744/3170 4342/628/3171 5656/629/3082 4321/746/3081
f 760/744/3170 4321/746/3081 5633/671/2994 4059/670/2993
f 761/730/3172 2233/731/3173 4943/668/2969 4045/672/2968
f 761/730/3172 4045/672/2968 5634/673/2967 4317/735/3174
f 761/730/3172 4317/735/3174 4952/598/3175 4346/599/3176
f 761/730/3172 4346/599/3176 5640/600/3177 2233/731/3173
f 762/736/3178 4317/735/3174 5634/673/2967 3614/674/2971
f 762/736/3178 3614/674/2971 5636/675/2962 4062/739/3179
f 762/736/3178 4062/739/3179 6001/609/3180 4347/610/3181
f 762/736/3178 4347/610/3181 4952/598/3175 4317/735/3174
f 763/740/3182 4043/667/2973 4943/668/2969 2233/731/3173
f 763/740/3182 2233/731/3173 5640/600/3177 3205/624/3183
f 763/740/3182 3205/624/3183 5641/625/3184 4044/742/3185
f 763/740/3182 4044/742/3185 4944/669/2974 4043/667/2973
f 764/744/3186 3615/670/2977 4944/669/2974 4044/742/3185
f 764/744/3186 4044/742/3185 5641/625/3184 4345/628/3187
f 764/744/3186 4345/628/3187 5642/629/3164 4315/746/3163
f 764/744/3186 4315/746/3163 6000/671/2978 3615/670/2977
f 765/730/3188 2234/731/3189 4945/668/2951 2235/672/2950
f 765/730/3188 2235/672/2950 4947/673/2949 2236/735/3190
f 765/730/3188 2236/735/3190 5638/598/3191 3203/599/3192
f 765/730/3188 3203/599/3192 5637/600/3193 2234/731/3189
f 766/736/3194 2236/735/3190 4947/673/2949 3625/674/2955
f 766/736/3194 3625/674/2955 5635/675/2954 3613/739/3125
f 766/736/3194 3613/739/3125 6003/609/3124 3204/610/3195
f 766/736/3194 3204/610/3195 5638/598/3191 2236/735/3190
f 767/740/3196 3626/667/2957 4945/668/2951 2234/731/3189
f 767/740/3196 2234/731/3189 5637/600/3193 4349/624/3197
f 767/740/3196 4349/624/3197 4948/625/3198 4319/742/3199
f 767/740/3196 4319/742/3199 4946/669/2958 3626/667/2957
f 768/744/3200 4061/670/2961 4946/669/2958 4319/742/3199
f 768/744/3200 4319/742/3199 4948/625/3198 4350/628/3201
f 768/744/3200 4350/628/3201 6001/629/3180 4062/746/3179
f 768/744/3200 4062/746/3179 5636/671/2962 4061/670/2961
f 769/703/3202 4306/704/3203 5637/686/3193 3203/695/3192
f 769/703/3202 3203/695/3192 5638/698/3191 4307/705/3204
f 769/703/3202 4307/705/3204 5680/597/3205 3214/595/3206
f 769/703/3202 3214/595/3206 5679/596/3207 4306/704/3203
f 770/706/3208 4307/705/3204 5638/698/3191 3204/699/3195
f 770/706/3208 3204/699/3195 6003/702/3124 4331/707/3209
f 770/706/3208 4331/707/3209 5653/608/3210 4119/607/3211
f 770/706/3208 4119/607/3211 5680/597/3205 4307/705/3204
f 771/708/3212 4349/685/3197 5637/686/3193 4306/704/3203
f 771/708/3212 4306/704/3203 5679/596/3207 4120/623/3213
f 771/708/3212 4120/623/3213 4949/626/3214 2237/709/3215
f 771/708/3212 2237/709/3215 4948/687/3198 4349/685/3197
f 772/710/3216 4350/691/3201 4948/687/3198 2237/709/3215
f 772/710/3216 2237/709/3215 4949/626/3214 2238/627/3217
f 772/710/3216 2238/627/3217 5639/630/3218 4348/711/3219
f 772/710/3216 4348/711/3219 6001/692/3180 4350/691/3201
f 773/703/3220 4359/704/3221 5640/686/3177 4346/695/3176
f 773/703/3220 4346/695/3176 4952/698/3175 4358/705/3222
f 773/703/3220 4358/705/3222 4951/597/3223 2239/595/3224
f 773/703/3220 2239/595/3224 4950/596/3225 4359/704/3221
f 774/706/3226 4358/705/3222 4952/698/3175 4347/699/3181
f 774/706/3226 4347/699/3181 6001/702/3180 4348/707/3219
f 774/706/3226 4348/707/3219 5639/608/3218 2240/607/3227
f 774/706/3226 2240/607/3227 4951/597/3223 4358/705/3222
f 775/708/3228 3205/685/3183 5640/686/3177 4359/704/3221
f 775/708/3228 4359/704/3221 4950/596/3225 4124/623/3229
f 775/708/3228 4124/623/3229 5675/626/3230 4308/709/3231
f 775/708/3228 4308/709/3231 5641/687/3184 3205/685/3183
f 776/710/3232 4345/691/3187 5641/687/3184 4308/709/3231
f 776/710/3232 4308/709/3231 5675/626/3230 3212/627/3233
f 776/710/3232 3212/627/3233 6006/630/3234 4152/711/3235
f 776/710/3232 4152/711/3235 5642/692/3164 4345/691/3187
f 777/703/3236 4309/704/3237 5643/686/3161 4343/695/3160
f 777/703/3236 4343/695/3160 4954/698/3159 4357/705/3238
f 777/703/3236 4357/705/3238 4953/597/3239 4128/595/3240
f 777/703/3236 4128/595/3240 5673/596/3241 4309/704/3237
f 778/706/3242 4357/705/3238 4954/698/3159 4344/699/3165
f 778/706/3242 4344/699/3165 5642/702/3164 4152/707/3235
f 778/706/3242 4152/707/3235 6006/608/3234 4127/607/3243
f 778/706/3242 4127/607/3243 4953/597/3239 4357/705/3238
f 779/708/3244 3206/685/3167 5643/686/3161 4309/704/3237
f 779/708/3244 4309/704/3237 5673/596/3241 3211/623/3245
f 779/708/3244 3211/623/3245 5672/626/3246 4310/709/3247
f 779/708/3244 4310/709/3247 5644/687/3168 3206/685/3167
f 780/710/3248 4342/691/3171 5644/687/3168 4310/709/3247
f 780/710/3248 4310/709/3247 5672/626/3246 4129/627/3249
f 780/710/3248 4129/627/3249 5657/630/3250 4326/711/3251
f 780/710/3248 4326/711/3251 5656/692/3082 4342/691/3171
f 781/703/3252 4356/704/3253 5646/686/3147 3209/695/3146
f 781/703/3252 3209/695/3146 5647/698/3145 4355/705/3254
f 781/703/3252 4355/705/3254 4956/597/3255 2241/595/3256
f 781/703/3252 2241/595/3256 4955/596/3257 4356/704/3253
f 782/706/3258 4355/705/3254 5647/698/3145 4341/699/3149
f 782/706/3258 4341/699/3149 5655/702/3106 4151/707/3259
f 782/706/3258 4151/707/3259 6005/608/3260 4134/607/3261
f 782/706/3258 4134/607/3261 4956/597/3255 4355/705/3254
f 783/708/3262 3208/685/3151 5646/686/3147 4356/704/3253
f 783/708/3262 4356/704/3253 4955/596/3257 4133/623/3263
f 783/708/3262 4133/623/3263 5669/626/3264 4311/709/3265
f 783/708/3262 4311/709/3265 5645/687/3152 3208/685/3151
f 784/710/3266 3207/691/3155 5645/687/3152 4311/709/3265
f 784/710/3266 4311/709/3265 5669/626/3264 4132/627/3267
f 784/710/3266 4132/627/3267 5648/630/3268 4340/711/3269
f 784/710/3266 4340/711/3269 6002/692/3134 3207/691/3155
f 785/703/3270 4354/704/3271 4958/686/3131 4338/695/3130
f 785/703/3270 4338/695/3130 4959/698/3129 2243/705/3272
f 785/703/3270 2243/705/3272 4960/597/3273 2242/595/3274
f 785/703/3270 2242/595/3274 4957/596/3275 4354/704/3271
f 786/706/3276 2243/705/3272 4959/698/3129 4339/699/3135
f 786/706/3276 4339/699/3135 6002/702/3134 4340/707/3269
f 786/706/3276 4340/707/3269 5648/608/3268 2244/607/3277
f 786/706/3276 2244/607/3277 4960/597/3273 2243/705/3272
f 787/708/3278 4337/685/3137 4958/686/3131 4354/704/3271
f 787/708/3278 4354/704/3271 4957/596/3275 4138/623/3279
f 787/708/3278 4138/623/3279 5665/626/3280 4312/709/3281
f 787/708/3278 4312/709/3281 5649/687/3138 4337/685/3137
f 788/710/3282 4336/691/3141 5649/687/3138 4312/709/3281
f 788/710/3282 4312/709/3281 5665/626/3280 4139/627/3283
f 788/710/3282 4139/627/3283 5651/630/3284 4335/711/3285
f 788/710/3282 4335/711/3285 5650/692/3116 4336/691/3141
f 789/703/3286 2245/704/3287 4961/686/3113 4333/695/3112
f 789/703/3286 4333/695/3112 5652/698/3111 4313/705/3288
f 789/703/3286 4313/705/3288 5664/597/3289 4140/595/3290
f 789/703/3286 4140/595/3290 4962/596/3291 2245/704/3287
f 790/706/3292 4313/705/3288 5652/698/3111 4334/699/3117
f 790/706/3292 4334/699/3117 5650/702/3116 4335/707/3285
f 790/706/3292 4335/707/3285 5651/608/3284 4141/607/3293
f 790/706/3292 4141/607/3293 5664/597/3289 4313/705/3288
f 791/708/3294 2246/685/3119 4961/686/3113 2245/704/3287
f 791/708/3294 2245/704/3287 4962/596/3291 2248/623/3295
f 791/708/3294 2248/623/3295 4964/626/3296 2247/709/3297
f 791/708/3294 2247/709/3297 4963/687/3120 2246/685/3119
f 792/710/3298 4332/691/3123 4963/687/3120 2247/709/3297
f 792/710/3298 2247/709/3297 4964/626/3296 2249/627/3299
f 792/710/3298 2249/627/3299 5653/630/3210 4331/711/3209
f 792/710/3298 4331/711/3209 6003/692/3124 4332/691/3123
f 793/703/3300 4353/704/3301 4966/686/3097 4328/695/3096
f 793/703/3300 4328/695/3096 4967/698/3095 4277/705/3302
f 793/703/3300 4277/705/3302 5663/597/3303 4143/595/3304
f 793/703/3300 4143/595/3304 4965/596/3305 4353/704/3301
f 794/706/3306 4277/705/3302 4967/698/3095 4327/699/3099
f 794/706/3306 4327/699/3099 6004/702/3090 4322/707/3307
f 794/706/3306 4322/707/3307 5659/608/3308 4144/607/3309
f 794/706/3306 4144/607/3309 5663/597/3303 4277/705/3302
f 795/708/3310 4329/685/3101 4966/686/3097 4353/704/3301
f 795/708/3310 4353/704/3301 4965/596/3305 2250/623/3311
f 795/708/3310 2250/623/3311 4968/626/3312 4352/709/3313
f 795/708/3310 4352/709/3313 5654/687/3102 4329/685/3101
f 796/710/3314 4330/691/3105 5654/687/3102 4352/709/3313
f 796/710/3314 4352/709/3313 4968/626/3312 4142/627/3315
f 796/710/3314 4142/627/3315 6005/630/3260 4151/711/3259
f 796/710/3314 4151/711/3259 5655/692/3106 4330/691/3105
f 797/703/3316 4351/704/3317 5658/686/3079 4323/695/3078
f 797/703/3316 4323/695/3078 4971/698/3077 4314/705/3318
f 797/703/3316 4314/705/3318 5661/597/3319 4148/595/3320
f 797/703/3316 4148/595/3320 4969/596/3321 4351/704/3317
f 798/706/3322 4314/705/3318 4971/698/3077 2251/699/3083
f 798/706/3322 2251/699/3083 5656/702/3082 4326/707/3251
f 798/706/3322 4326/707/3251 5657/608/3250 4147/607/3323
f 798/706/3322 4147/607/3323 5661/597/3319 4314/705/3318
f 799/708/3324 4324/685/3085 5658/686/3079 4351/704/3317
f 799/708/3324 4351/704/3317 4969/596/3321 4149/623/3325
f 799/708/3324 4149/623/3325 5660/626/3326 4276/709/3327
f 799/708/3324 4276/709/3327 4970/687/3086 4324/685/3085
f 800/710/3328 4325/691/3089 4970/687/3086 4276/709/3327
f 800/710/3328 4276/709/3327 5660/626/3326 4150/627/3329
f 800/710/3328 4150/627/3329 5659/630/3308 4322/711/3307
f 800/710/3328 4322/711/3307 6004/692/3090 4325/691/3089
f 801/586/3330 4275/587/3331 4973/777/3332 2255/778/3333
f 801/586/3330 2255/778/3333 4975/779/3334 4274/591/3335
f 801/586/3330 4274/591/3335 5707/597/3336 4095/595/3337
f 801/586/3330 4095/595/3337 4972/596/3338 4275/587/3331
f 802/601/3339 4274/591/3335 4975/779/3334 2257/780/3340
f 802/601/3339 2257/780/3340 5674/781/3341 4125/604/3342
f 802/601/3339 4125/604/3342 6008/608/3343 3230/607/3344
f 802/601/3339 3230/607/3344 5707/597/3336 4274/591/3335
f 803/611/3345 2252/782/3346 4973/777/3332 4275/587/3331
f 803/611/3345 4275/587/3331 4972/596/3338 4094/623/3347
f 803/611/3345 4094/623/3347 5708/626/3348 4273/615/3349
f 803/611/3345 4273/615/3349 4974/783/3350 2252/782/3346
f 804/617/3351 2253/784/3352 4974/783/3350 4273/615/3349
f 804/617/3351 4273/615/3349 5708/626/3348 3231/627/3353
f 804/617/3351 3231/627/3353 6010/630/3354 4145/621/3355
f 804/617/3351 4145/621/3355 5662/785/3356 2253/784/3352
f 805/769/3357 4272/786/3358 4973/777/3332 2252/782/3346
f 805/769/3357 2252/782/3346 4974/783/3350 2254/787/3359
f 805/769/3357 2254/787/3359 5660/688/3326 4149/689/3325
f 805/769/3357 4149/689/3325 4969/690/3321 4272/786/3358
f 806/754/3360 2254/787/3359 4974/783/3350 2253/784/3352
f 806/754/3360 2253/784/3352 5662/785/3356 4146/788/3361
f 806/754/3360 4146/788/3361 5659/693/3308 4150/694/3329
f 806/754/3360 4150/694/3329 5660/688/3326 2254/787/3359
f 807/774/3362 2255/778/3333 4973/777/3332 4272/786/3358
f 807/774/3362 4272/786/3358 4969/690/3321 4148/696/3320
f 807/774/3362 4148/696/3320 5661/697/3319 2256/789/3363
f 807/774/3362 2256/789/3363 4975/779/3334 2255/778/3333
f 808/761/3364 2257/780/3340 4975/779/3334 2256/789/3363
f 808/761/3364 2256/789/3363 5661/697/3319 4147/700/3323
f 808/761/3364 4147/700/3323 5657/701/3250 4126/790/3365
f 808/761/3364 4126/790/3365 5674/781/3341 2257/780/3340
f 809/586/3366 4271/587/3367 4977/777/3368 4264/778/3369
f 809/586/3366 4264/778/3369 4978/779/3370 4270/591/3371
f 809/586/3366 4270/591/3371 5702/597/3372 3226/595/3373
f 809/586/3366 3226/595/3373 5701/596/3374 4271/587/3367
f 810/601/3375 4270/591/3371 4978/779/3370 4262/780/3376
f 810/601/3375 4262/780/3376 5662/781/3356 4145/604/3355
f 810/601/3375 4145/604/3355 6010/608/3354 3227/607/3377
f 810/601/3375 3227/607/3377 5702/597/3372 4270/591/3371
f 811/611/3378 4267/782/3379 4977/777/3368 4271/587/3367
f 811/611/3378 4271/587/3367 5701/596/3374 3225/623/3380
f 811/611/3378 3225/623/3380 5700/626/3381 4269/615/3382
f 811/611/3378 4269/615/3382 4976/783/3383 4267/782/3379
f 812/617/3384 4266/784/3385 4976/783/3383 4269/615/3382
f 812/617/3384 4269/615/3382 5700/626/3381 3224/627/3386
f 812/617/3384 3224/627/3386 6009/630/3387 4135/621/3388
f 812/617/3384 4135/621/3388 5668/785/3389 4266/784/3385
f 813/769/3390 4268/786/3391 4977/777/3368 4267/782/3379
f 813/769/3390 4267/782/3379 4976/783/3383 4265/787/3392
f 813/769/3390 4265/787/3392 4968/688/3312 2250/689/3311
f 813/769/3390 2250/689/3311 4965/690/3305 4268/786/3391
f 814/754/3393 4265/787/3392 4976/783/3383 4266/784/3385
f 814/754/3393 4266/784/3385 5668/785/3389 3210/788/3394
f 814/754/3393 3210/788/3394 6005/693/3260 4142/694/3315
f 814/754/3393 4142/694/3315 4968/688/3312 4265/787/3392
f 815/774/3395 4264/778/3369 4977/777/3368 4268/786/3391
f 815/774/3395 4268/786/3391 4965/690/3305 4143/696/3304
f 815/774/3395 4143/696/3304 5663/697/3303 4263/789/3396
f 815/774/3395 4263/789/3396 4978/779/3370 4264/778/3369
f 816/761/3397 4262/780/3376 4978/779/3370 4263/789/3396
f 816/761/3397 4263/789/3396 5663/697/3303 4144/700/3309
f 816/761/3397 4144/700/3309 5659/701/3308 4146/790/3361
f 816/761/3397 4146/790/3361 5662/781/3356 4262/780/3376
f 817/586/3398 4261/587/3399 4979/777/3400 4255/778/3401
f 817/586/3398 4255/778/3401 4981/779/3402 4260/591/3403
f 817/586/3398 4260/591/3403 5696/597/3404 3222/595/3405
f 817/586/3398 3222/595/3405 5697/596/3406 4261/587/3399
f 818/601/3407 4260/591/3403 4981/779/3402 2260/780/3408
f 818/601/3407 2260/780/3408 5666/781/3409 4136/604/3410
f 818/601/3407 4136/604/3410 5667/608/3411 4101/607/3412
f 818/601/3407 4101/607/3412 5696/597/3404 4260/591/3403
f 819/611/3413 2258/782/3414 4979/777/3400 4261/587/3399
f 819/611/3413 4261/587/3399 5697/596/3406 3223/623/3415
f 819/611/3413 3223/623/3415 5698/626/3416 4259/615/3417
f 819/611/3413 4259/615/3417 4980/783/3418 2258/782/3414
f 820/617/3419 4257/784/3420 4980/783/3418 4259/615/3417
f 820/617/3419 4259/615/3417 5698/626/3416 4100/627/3421
f 820/617/3419 4100/627/3421 5678/630/3422 4121/621/3423
f 820/617/3419 4121/621/3423 5677/785/3424 4257/784/3420
f 821/769/3425 4258/786/3426 4979/777/3400 2258/782/3414
f 821/769/3425 2258/782/3414 4980/783/3418 4256/787/3427
f 821/769/3425 4256/787/3427 4964/688/3296 2248/689/3295
f 821/769/3425 2248/689/3295 4962/690/3291 4258/786/3426
f 822/754/3428 4256/787/3427 4980/783/3418 4257/784/3420
f 822/754/3428 4257/784/3420 5677/785/3424 4122/788/3429
f 822/754/3428 4122/788/3429 5653/693/3210 2249/694/3299
f 822/754/3428 2249/694/3299 4964/688/3296 4256/787/3427
f 823/774/3430 4255/778/3401 4979/777/3400 4258/786/3426
f 823/774/3430 4258/786/3426 4962/690/3291 4140/696/3290
f 823/774/3430 4140/696/3290 5664/697/3289 2259/789/3431
f 823/774/3430 2259/789/3431 4981/779/3402 4255/778/3401
f 824/761/3432 2260/780/3408 4981/779/3402 2259/789/3431
f 824/761/3432 2259/789/3431 5664/697/3289 4141/700/3293
f 824/761/3432 4141/700/3293 5651/701/3284 4137/790/3433
f 824/761/3432 4137/790/3433 5666/781/3409 2260/780/3408
f 825/586/3434 4254/587/3435 4982/777/3436 4248/778/3437
f 825/586/3434 4248/778/3437 4985/779/3438 4253/591/3439
f 825/586/3434 4253/591/3439 4984/597/3440 4105/595/3441
f 825/586/3434 4105/595/3441 5693/596/3442 4254/587/3435
f 826/601/3443 4253/591/3439 4985/779/3438 2263/780/3444
f 826/601/3443 2263/780/3444 5670/781/3445 4130/604/3446
f 826/601/3443 4130/604/3446 5671/608/3447 2261/607/3448
f 826/601/3443 2261/607/3448 4984/597/3440 4253/591/3439
f 827/611/3449 2262/782/3450 4982/777/3436 4254/587/3435
f 827/611/3449 4254/587/3435 5693/596/3442 3221/623/3451
f 827/611/3449 3221/623/3451 5694/626/3452 4252/615/3453
f 827/611/3449 4252/615/3453 4983/783/3454 2262/782/3450
f 828/617/3455 4250/784/3456 4983/783/3454 4252/615/3453
f 828/617/3455 4252/615/3453 5694/626/3452 4104/627/3457
f 828/617/3455 4104/627/3457 5667/630/3411 4136/621/3410
f 828/617/3455 4136/621/3410 5666/785/3409 4250/784/3456
f 829/769/3458 4251/786/3459 4982/777/3436 2262/782/3450
f 829/769/3458 2262/782/3450 4983/783/3454 4249/787/3460
f 829/769/3458 4249/787/3460 5665/688/3280 4138/689/3279
f 829/769/3458 4138/689/3279 4957/690/3275 4251/786/3459
f 830/754/3461 4249/787/3460 4983/783/3454 4250/784/3456
f 830/754/3461 4250/784/3456 5666/785/3409 4137/788/3433
f 830/754/3461 4137/788/3433 5651/693/3284 4139/694/3283
f 830/754/3461 4139/694/3283 5665/688/3280 4249/787/3460
f 831/774/3462 4248/778/3437 4982/777/3436 4251/786/3459
f 831/774/3462 4251/786/3459 4957/690/3275 2242/696/3274
f 831/774/3462 2242/696/3274 4960/697/3273 4247/789/3463
f 831/774/3462 4247/789/3463 4985/779/3438 4248/778/3437
f 832/761/3464 2263/780/3444 4985/779/3438 4247/789/3463
f 832/761/3464 4247/789/3463 4960/697/3273 2244/700/3277
f 832/761/3464 2244/700/3277 5648/701/3268 4131/790/3465
f 832/761/3464 4131/790/3465 5670/781/3445 2263/780/3444
f 833/586/3466 2264/587/3467 4986/777/3468 2268/778/3469
f 833/586/3466 2268/778/3469 4989/779/3470 2266/591/3471
f 833/586/3466 2266/591/3471 4990/597/3472 2265/595/3473
f 833/586/3466 2265/595/3473 4987/596/3474 2264/587/3467
f 834/601/3475 2266/591/3471 4989/779/3470 4241/780/3476
f 834/601/3475 4241/780/3476 5668/781/3389 4135/604/3388
f 834/601/3475 4135/604/3388 6009/608/3387 4110/607/3477
f 834/601/3475 4110/607/3477 4990/597/3472 2266/591/3471
f 835/611/3478 2267/782/3479 4986/777/3468 2264/587/3467
f 835/611/3478 2264/587/3467 4987/596/3474 4109/623/3480
f 835/611/3478 4109/623/3480 5690/626/3481 4246/615/3482
f 835/611/3478 4246/615/3482 4988/783/3483 2267/782/3479
f 836/617/3484 4244/784/3485 4988/783/3483 4246/615/3482
f 836/617/3484 4246/615/3482 5690/626/3481 4108/627/3486
f 836/617/3484 4108/627/3486 5671/630/3447 4130/621/3446
f 836/617/3484 4130/621/3446 5670/785/3445 4244/784/3485
f 837/769/3487 4245/786/3488 4986/777/3468 2267/782/3479
f 837/769/3487 2267/782/3479 4988/783/3483 4243/787/3489
f 837/769/3487 4243/787/3489 5669/688/3264 4133/689/3263
f 837/769/3487 4133/689/3263 4955/690/3257 4245/786/3488
f 838/754/3490 4243/787/3489 4988/783/3483 4244/784/3485
f 838/754/3490 4244/784/3485 5670/785/3445 4131/788/3465
f 838/754/3490 4131/788/3465 5648/693/3268 4132/694/3267
f 838/754/3490 4132/694/3267 5669/688/3264 4243/787/3489
f 839/774/3491 2268/778/3469 4986/777/3468 4245/786/3488
f 839/774/3491 4245/786/3488 4955/690/3257 2241/696/3256
f 839/774/3491 2241/696/3256 4956/697/3255 4242/789/3492
f 839/774/3491 4242/789/3492 4989/779/3470 2268/778/3469
f 840/761/3493 4241/780/3476 4989/779/3470 4242/789/3492
f 840/761/3493 4242/789/3492 4956/697/3255 4134/700/3261
f 840/761/3493 4134/700/3261 6005/701/3260 3210/790/3394
f 840/761/3493 3210/790/3394 5668/781/3389 4241/780/3476
f 841/586/3494 2269/587/3495 4991/777/3496 2273/778/3497
f 841/586/3494 2273/778/3497 4994/779/3498 4240/591/3499
f 841/586/3494 4240/591/3499 5689/597/3500 4112/595/3501
f 841/586/3494 4112/595/3501 4992/596/3502 2269/587/3495
f 842/601/3503 4240/591/3499 4994/779/3498 4235/780/3504
f 842/601/3503 4235/780/3504 5676/781/3505 4123/604/3506
f 842/601/3503 4123/604/3506 6007/608/3507 3220/607/3508
f 842/601/3503 3220/607/3508 5689/597/3500 4240/591/3499
f 843/611/3509 2270/782/3510 4991/777/3496 2269/587/3495
f 843/611/3509 2269/587/3495 4992/596/3502 2272/623/3511
f 843/611/3509 2272/623/3511 4995/626/3512 2271/615/3513
f 843/611/3509 2271/615/3513 4993/783/3514 2270/782/3510
f 844/617/3515 4238/784/3516 4993/783/3514 2271/615/3513
f 844/617/3515 2271/615/3513 4995/626/3512 4111/627/3517
f 844/617/3515 4111/627/3517 6008/630/3343 4125/621/3342
f 844/617/3515 4125/621/3342 5674/785/3341 4238/784/3516
f 845/769/3518 4239/786/3519 4991/777/3496 2270/782/3510
f 845/769/3518 2270/782/3510 4993/783/3514 4237/787/3520
f 845/769/3518 4237/787/3520 5672/688/3246 3211/689/3245
f 845/769/3518 3211/689/3245 5673/690/3241 4239/786/3519
f 846/754/3521 4237/787/3520 4993/783/3514 4238/784/3516
f 846/754/3521 4238/784/3516 5674/785/3341 4126/788/3365
f 846/754/3521 4126/788/3365 5657/693/3250 4129/694/3249
f 846/754/3521 4129/694/3249 5672/688/3246 4237/787/3520
f 847/774/3522 2273/778/3497 4991/777/3496 4239/786/3519
f 847/774/3522 4239/786/3519 5673/690/3241 4128/696/3240
f 847/774/3522 4128/696/3240 4953/697/3239 4236/789/3523
f 847/774/3522 4236/789/3523 4994/779/3498 2273/778/3497
f 848/761/3524 4235/780/3504 4994/779/3498 4236/789/3523
f 848/761/3524 4236/789/3523 4953/697/3239 4127/700/3243
f 848/761/3524 4127/700/3243 6006/701/3234 3213/790/3525
f 848/761/3524 3213/790/3525 5676/781/3505 4235/780/3504
f 849/586/3526 4234/587/3527 4996/777/3528 4231/778/3529
f 849/586/3526 4231/778/3529 4997/779/3530 2274/591/3531
f 849/586/3526 2274/591/3531 4998/597/3532 4114/595/3533
f 849/586/3526 4114/595/3533 5686/596/3534 4234/587/3527
f 850/601/3535 2274/591/3531 4997/779/3530 2279/780/3536
f 850/601/3535 2279/780/3536 5681/781/3537 3215/604/3538
f 850/601/3535 3215/604/3538 5682/608/3539 2275/607/3540
f 850/601/3535 2275/607/3540 4998/597/3532 2274/591/3531
f 851/611/3541 2276/782/3542 4996/777/3528 4234/587/3527
f 851/611/3541 4234/587/3527 5686/596/3534 3217/623/3543
f 851/611/3541 3217/623/3543 5687/626/3544 4233/615/3545
f 851/611/3541 4233/615/3545 4999/783/3546 2276/782/3542
f 852/617/3547 2277/784/3548 4999/783/3546 4233/615/3545
f 852/617/3547 4233/615/3545 5687/626/3544 3218/627/3549
f 852/617/3547 3218/627/3549 6007/630/3507 4123/621/3506
f 852/617/3547 4123/621/3506 5676/785/3505 2277/784/3548
f 853/769/3550 4232/786/3551 4996/777/3528 2276/782/3542
f 853/769/3550 2276/782/3542 4999/783/3546 2278/787/3552
f 853/769/3550 2278/787/3552 5675/688/3230 4124/689/3229
f 853/769/3550 4124/689/3229 4950/690/3225 4232/786/3551
f 854/754/3553 2278/787/3552 4999/783/3546 2277/784/3548
f 854/754/3553 2277/784/3548 5676/785/3505 3213/788/3525
f 854/754/3553 3213/788/3525 6006/693/3234 3212/694/3233
f 854/754/3553 3212/694/3233 5675/688/3230 2278/787/3552
f 855/774/3554 4231/778/3529 4996/777/3528 4232/786/3551
f 855/774/3554 4232/786/3551 4950/690/3225 2239/696/3224
f 855/774/3554 2239/696/3224 4951/697/3223 4230/789/3555
f 855/774/3554 4230/789/3555 4997/779/3530 4231/778/3529
f 856/761/3556 2279/780/3536 4997/779/3530 4230/789/3555
f 856/761/3556 4230/789/3555 4951/697/3223 2240/700/3227
f 856/761/3556 2240/700/3227 5639/701/3218 4118/790/3557
f 856/761/3556 4118/790/3557 5681/781/3537 2279/780/3536
f 857/586/3558 4229/587/3559 5000/777/3560 2283/778/3561
f 857/586/3558 2283/778/3561 5003/779/3562 4228/591/3563
f 857/586/3558 4228/591/3563 5001/597/3564 4116/595/3565
f 857/586/3558 4116/595/3565 5684/596/3566 4229/587/3559
f 858/601/3567 4228/591/3563 5003/779/3562 2285/780/3568
f 858/601/3567 2285/780/3568 5677/781/3424 4121/604/3423
f 858/601/3567 4121/604/3423 5678/608/3422 2280/607/3569
f 858/601/3567 2280/607/3569 5001/597/3564 4228/591/3563
f 859/611/3570 2282/782/3571 5000/777/3560 4229/587/3559
f 859/611/3570 4229/587/3559 5684/596/3566 3216/623/3572
f 859/611/3570 3216/623/3572 5683/626/3573 4227/615/3574
f 859/611/3570 4227/615/3574 5002/783/3575 2282/782/3571
f 860/617/3576 4226/784/3577 5002/783/3575 4227/615/3574
f 860/617/3576 4227/615/3574 5683/626/3573 4117/627/3578
f 860/617/3576 4117/627/3578 5682/630/3539 3215/621/3538
f 860/617/3576 3215/621/3538 5681/785/3537 4226/784/3577
f 861/769/3579 2281/786/3580 5000/777/3560 2282/782/3571
f 861/769/3579 2282/782/3571 5002/783/3575 4225/787/3581
f 861/769/3579 4225/787/3581 4949/688/3214 4120/689/3213
f 861/769/3579 4120/689/3213 5679/690/3207 2281/786/3580
f 862/754/3582 4225/787/3581 5002/783/3575 4226/784/3577
f 862/754/3582 4226/784/3577 5681/785/3537 4118/788/3557
f 862/754/3582 4118/788/3557 5639/693/3218 2238/694/3217
f 862/754/3582 2238/694/3217 4949/688/3214 4225/787/3581
f 863/774/3583 2283/778/3561 5000/777/3560 2281/786/3580
f 863/774/3583 2281/786/3580 5679/690/3207 3214/696/3206
f 863/774/3583 3214/696/3206 5680/697/3205 2284/789/3584
f 863/774/3583 2284/789/3584 5003/779/3562 2283/778/3561
f 864/761/3585 2285/780/3568 5003/779/3562 2284/789/3584
f 864/761/3585 2284/789/3584 5680/697/3205 4119/700/3211
f 864/761/3585 4119/700/3211 5653/701/3210 4122/790/3429
f 864/761/3585 4122/790/3429 5677/781/3424 2285/780/3568
f 865/586/3586 4408/587/3587 5004/777/3588 2289/778/3589
f 865/586/3586 2289/778/3589 5005/779/3590 2286/591/3591
f 865/586/3586 2286/591/3591 5006/597/3592 4396/595/3593
f 865/586/3586 4396/595/3593 5054/596/3594 4408/587/3587
f 866/601/3595 2286/591/3591 5005/779/3590 2290/780/3596
f 866/601/3595 2290/780/3596 5699/781/3597 4098/604/3598
f 866/601/3595 4098/604/3598 6011/608/3599 4085/607/3600
f 866/601/3595 4085/607/3600 5006/597/3592 2286/591/3591
f 867/611/3601 4222/782/3602 5004/777/3588 4408/587/3587
f 867/611/3601 4408/587/3587 5054/596/3594 4382/623/3603
f 867/611/3601 4382/623/3603 5007/626/3604 4224/615/3605
f 867/611/3601 4224/615/3605 5008/783/3606 4222/782/3602
f 868/617/3607 2287/784/3608 5008/783/3606 4224/615/3605
f 868/617/3607 4224/615/3605 5007/626/3604 4383/627/3609
f 868/617/3607 4383/627/3609 5722/630/3610 4384/621/3611
f 868/617/3607 4384/621/3611 5685/785/3612 2287/784/3608
f 869/769/3613 4223/786/3614 5004/777/3588 4222/782/3602
f 869/769/3613 4222/782/3602 5008/783/3606 2288/787/3615
f 869/769/3613 2288/787/3615 5683/688/3573 3216/689/3572
f 869/769/3613 3216/689/3572 5684/690/3566 4223/786/3614
f 870/754/3616 2288/787/3615 5008/783/3606 2287/784/3608
f 870/754/3616 2287/784/3608 5685/785/3612 4115/788/3617
f 870/754/3616 4115/788/3617 5682/693/3539 4117/694/3578
f 870/754/3616 4117/694/3578 5683/688/3573 2288/787/3615
f 871/774/3618 2289/778/3589 5004/777/3588 4223/786/3614
f 871/774/3618 4223/786/3614 5684/690/3566 4116/696/3565
f 871/774/3618 4116/696/3565 5001/697/3564 4221/789/3619
f 871/774/3618 4221/789/3619 5005/779/3590 2289/778/3589
f 872/761/3620 2290/780/3596 5005/779/3590 4221/789/3619
f 872/761/3620 4221/789/3619 5001/697/3564 2280/700/3569
f 872/761/3620 2280/700/3569 5678/701/3422 4099/790/3621
f 872/761/3620 4099/790/3621 5699/781/3597 2290/780/3596
f 873/586/3622 4220/587/3623 5009/777/3624 4218/778/3625
f 873/586/3622 4218/778/3625 5010/779/3626 2291/591/3627
f 873/586/3622 2291/591/3627 5011/597/3628 4086/595/3629
f 873/586/3622 4086/595/3629 5720/596/3630 4220/587/3623
f 874/601/3631 2291/591/3627 5010/779/3626 4216/780/3632
f 874/601/3631 4216/780/3632 5685/781/3612 4384/604/3611
f 874/601/3631 4384/604/3611 5722/608/3610 4398/607/3633
f 874/601/3631 4398/607/3633 5011/597/3628 2291/591/3627
f 875/611/3634 2293/782/3635 5009/777/3624 4220/587/3623
f 875/611/3634 4220/587/3623 5720/596/3630 3235/623/3636
f 875/611/3634 3235/623/3636 5719/626/3637 4219/615/3638
f 875/611/3634 4219/615/3638 5012/783/3639 2293/782/3635
f 876/617/3640 2294/784/3641 5012/783/3639 4219/615/3638
f 876/617/3640 4219/615/3638 5719/626/3637 3234/627/3642
f 876/617/3640 3234/627/3642 6013/630/3643 4113/621/3644
f 876/617/3640 4113/621/3644 5688/785/3645 2294/784/3641
f 877/769/3646 2292/786/3647 5009/777/3624 2293/782/3635
f 877/769/3646 2293/782/3635 5012/783/3639 2295/787/3648
f 877/769/3646 2295/787/3648 5687/688/3544 3217/689/3543
f 877/769/3646 3217/689/3543 5686/690/3534 2292/786/3647
f 878/754/3649 2295/787/3648 5012/783/3639 2294/784/3641
f 878/754/3649 2294/784/3641 5688/785/3645 3219/788/3650
f 878/754/3649 3219/788/3650 6007/693/3507 3218/694/3549
f 878/754/3649 3218/694/3549 5687/688/3544 2295/787/3648
f 879/774/3651 4218/778/3625 5009/777/3624 2292/786/3647
f 879/774/3651 2292/786/3647 5686/690/3534 4114/696/3533
f 879/774/3651 4114/696/3533 4998/697/3532 4217/789/3652
f 879/774/3651 4217/789/3652 5010/779/3626 4218/778/3625
f 880/761/3653 4216/780/3632 5010/779/3626 4217/789/3652
f 880/761/3653 4217/789/3652 4998/697/3532 2275/700/3540
f 880/761/3653 2275/700/3540 5682/701/3539 4115/790/3617
f 880/761/3653 4115/790/3617 5685/781/3612 4216/780/3632
f 881/586/3654 4215/587/3655 5013/777/3656 2297/778/3657
f 881/586/3654 2297/778/3657 5015/779/3658 4407/591/3659
f 881/586/3654 4407/591/3659 5051/597/3660 4377/595/3661
f 881/586/3654 4377/595/3661 5718/596/3662 4215/587/3655
f 882/601/3663 4407/591/3659 5015/779/3658 4210/780/3664
f 882/601/3663 4210/780/3664 5688/781/3645 4113/604/3644
f 882/601/3663 4113/604/3644 6013/608/3643 4378/607/3665
f 882/601/3663 4378/607/3665 5051/597/3660 4407/591/3659
f 883/611/3666 2296/782/3667 5013/777/3656 4215/587/3655
f 883/611/3666 4215/587/3655 5718/596/3662 4388/623/3668
f 883/611/3666 4388/623/3668 5049/626/3669 4406/615/3670
f 883/611/3666 4406/615/3670 5014/783/3671 2296/782/3667
f 884/617/3672 4213/784/3673 5014/783/3671 4406/615/3670
f 884/617/3672 4406/615/3670 5049/626/3669 4400/627/3674
f 884/617/3672 4400/627/3674 5706/630/3675 4096/621/3676
f 884/617/3672 4096/621/3676 5705/785/3677 4213/784/3673
f 885/769/3678 4214/786/3679 5013/777/3656 2296/782/3667
f 885/769/3678 2296/782/3667 5014/783/3671 4212/787/3680
f 885/769/3678 4212/787/3680 4995/688/3512 2272/689/3511
f 885/769/3678 2272/689/3511 4992/690/3502 4214/786/3679
f 886/754/3681 4212/787/3680 5014/783/3671 4213/784/3673
f 886/754/3681 4213/784/3673 5705/785/3677 3229/788/3682
f 886/754/3681 3229/788/3682 6008/693/3343 4111/694/3517
f 886/754/3681 4111/694/3517 4995/688/3512 4212/787/3680
f 887/774/3683 2297/778/3657 5013/777/3656 4214/786/3679
f 887/774/3683 4214/786/3679 4992/690/3502 4112/696/3501
f 887/774/3683 4112/696/3501 5689/697/3500 4211/789/3684
f 887/774/3683 4211/789/3684 5015/779/3658 2297/778/3657
f 888/761/3685 4210/780/3664 5015/779/3658 4211/789/3684
f 888/761/3685 4211/789/3684 5689/697/3500 3220/700/3508
f 888/761/3685 3220/700/3508 6007/701/3507 3219/790/3650
f 888/761/3685 3219/790/3650 5688/781/3645 4210/780/3664
f 889/586/3686 4209/587/3687 5016/777/3688 2301/778/3689
f 889/586/3686 2301/778/3689 5018/779/3690 2298/591/3691
f 889/586/3686 2298/591/3691 5019/597/3692 4087/595/3693
f 889/586/3686 4087/595/3693 5716/596/3694 4209/587/3687
f 890/601/3695 2298/591/3691 5018/779/3690 4203/780/3696
f 890/601/3695 4203/780/3696 5703/781/3697 4097/604/3698
f 890/601/3695 4097/604/3698 5704/608/3699 2299/607/3700
f 890/601/3695 2299/607/3700 5019/597/3692 2298/591/3691
f 891/611/3701 2300/782/3702 5016/777/3688 4209/587/3687
f 891/611/3701 4209/587/3687 5716/596/3694 3233/623/3703
f 891/611/3701 3233/623/3703 5715/626/3704 4208/615/3705
f 891/611/3701 4208/615/3705 5017/783/3706 2300/782/3702
f 892/617/3707 4206/784/3708 5017/783/3706 4208/615/3705
f 892/617/3707 4208/615/3705 5715/626/3704 4088/627/3709
f 892/617/3707 4088/627/3709 5692/630/3710 4106/621/3711
f 892/617/3707 4106/621/3711 5691/785/3712 4206/784/3708
f 893/769/3713 4207/786/3714 5016/777/3688 2300/782/3702
f 893/769/3713 2300/782/3702 5017/783/3706 4205/787/3715
f 893/769/3713 4205/787/3715 5690/688/3481 4109/689/3480
f 893/769/3713 4109/689/3480 4987/690/3474 4207/786/3714
f 894/754/3716 4205/787/3715 5017/783/3706 4206/784/3708
f 894/754/3716 4206/784/3708 5691/785/3712 4107/788/3717
f 894/754/3716 4107/788/3717 5671/693/3447 4108/694/3486
f 894/754/3716 4108/694/3486 5690/688/3481 4205/787/3715
f 895/774/3718 2301/778/3689 5016/777/3688 4207/786/3714
f 895/774/3718 4207/786/3714 4987/690/3474 2265/696/3473
f 895/774/3718 2265/696/3473 4990/697/3472 4204/789/3719
f 895/774/3718 4204/789/3719 5018/779/3690 2301/778/3689
f 896/761/3720 4203/780/3696 5018/779/3690 4204/789/3719
f 896/761/3720 4204/789/3719 4990/697/3472 4110/700/3477
f 896/761/3720 4110/700/3477 6009/701/3387 3228/790/3721
f 896/761/3720 3228/790/3721 5703/781/3697 4203/780/3696
f 897/586/3722 4405/587/3723 5020/777/3724 4199/778/3725
f 897/586/3722 4199/778/3725 5022/779/3726 4363/591/3727
f 897/586/3722 4363/591/3727 5045/597/3728 4174/595/3729
f 897/586/3722 4174/595/3729 5044/596/3730 4405/587/3723
f 898/601/3731 4363/591/3727 5022/779/3726 2303/780/3732
f 898/601/3731 2303/780/3732 5691/781/3712 4106/604/3711
f 898/601/3731 4106/604/3711 5692/608/3710 4387/607/3733
f 898/601/3731 4387/607/3733 5045/597/3728 4363/591/3727
f 899/611/3734 2302/782/3735 5020/777/3724 4405/587/3723
f 899/611/3734 4405/587/3723 5044/596/3730 4175/623/3736
f 899/611/3734 4175/623/3736 5043/626/3737 4364/615/3738
f 899/611/3734 4364/615/3738 5021/783/3739 2302/782/3735
f 900/617/3740 4201/784/3741 5021/783/3739 4364/615/3738
f 900/617/3740 4364/615/3738 5043/626/3737 4395/627/3742
f 900/617/3740 4395/627/3742 6012/630/3743 4102/621/3744
f 900/617/3740 4102/621/3744 5695/785/3745 4201/784/3741
f 901/769/3746 4202/786/3747 5020/777/3724 2302/782/3735
f 901/769/3746 2302/782/3735 5021/783/3739 4200/787/3748
f 901/769/3746 4200/787/3748 5694/688/3452 3221/689/3451
f 901/769/3746 3221/689/3451 5693/690/3442 4202/786/3747
f 902/754/3749 4200/787/3748 5021/783/3739 4201/784/3741
f 902/754/3749 4201/784/3741 5695/785/3745 4103/788/3750
f 902/754/3749 4103/788/3750 5667/693/3411 4104/694/3457
f 902/754/3749 4104/694/3457 5694/688/3452 4200/787/3748
f 903/774/3751 4199/778/3725 5020/777/3724 4202/786/3747
f 903/774/3751 4202/786/3747 5693/690/3442 4105/696/3441
f 903/774/3751 4105/696/3441 4984/697/3440 4198/789/3752
f 903/774/3751 4198/789/3752 5022/779/3726 4199/778/3725
f 904/761/3753 2303/780/3732 5022/779/3726 4198/789/3752
f 904/761/3753 4198/789/3752 4984/697/3440 2261/700/3448
f 904/761/3753 2261/700/3448 5671/701/3447 4107/790/3717
f 904/761/3753 4107/790/3717 5691/781/3712 2303/780/3732
f 905/586/3754 4365/587/3755 5023/777/3756 4192/778/3757
f 905/586/3754 4192/778/3757 5026/779/3758 4197/591/3759
f 905/586/3754 4197/591/3759 5024/597/3760 4386/595/3761
f 905/586/3754 4386/595/3761 5040/596/3762 4365/587/3755
f 906/601/3763 4197/591/3759 5026/779/3758 2306/780/3764
f 906/601/3763 2306/780/3764 5695/781/3745 4102/604/3744
f 906/601/3763 4102/604/3744 6012/608/3743 4089/607/3765
f 906/601/3763 4089/607/3765 5024/597/3760 4197/591/3759
f 907/611/3766 4194/782/3767 5023/777/3756 4365/587/3755
f 907/611/3766 4365/587/3755 5040/596/3762 4373/623/3768
f 907/611/3766 4373/623/3768 5712/626/3769 4196/615/3770
f 907/611/3766 4196/615/3770 5025/783/3771 4194/782/3767
f 908/617/3772 4193/784/3773 5025/783/3771 4196/615/3770
f 908/617/3772 4196/615/3770 5712/626/3769 3232/627/3774
f 908/617/3772 3232/627/3774 6011/630/3599 4098/621/3598
f 908/617/3772 4098/621/3598 5699/785/3597 4193/784/3773
f 909/769/3775 4195/786/3776 5023/777/3756 4194/782/3767
f 909/769/3775 4194/782/3767 5025/783/3771 2304/787/3777
f 909/769/3775 2304/787/3777 5698/688/3416 3223/689/3415
f 909/769/3775 3223/689/3415 5697/690/3406 4195/786/3776
f 910/754/3778 2304/787/3777 5025/783/3771 4193/784/3773
f 910/754/3778 4193/784/3773 5699/785/3597 4099/788/3621
f 910/754/3778 4099/788/3621 5678/693/3422 4100/694/3421
f 910/754/3778 4100/694/3421 5698/688/3416 2304/787/3777
f 911/774/3779 4192/778/3757 5023/777/3756 4195/786/3776
f 911/774/3779 4195/786/3776 5697/690/3406 3222/696/3405
f 911/774/3779 3222/696/3405 5696/697/3404 2305/789/3780
f 911/774/3779 2305/789/3780 5026/779/3758 4192/778/3757
f 912/761/3781 2306/780/3764 5026/779/3758 2305/789/3780
f 912/761/3781 2305/789/3780 5696/697/3404 4101/700/3412
f 912/761/3781 4101/700/3412 5667/701/3411 4103/790/3750
f 912/761/3781 4103/790/3750 5695/781/3745 2306/780/3764
f 913/586/3782 4191/587/3783 5027/777/3784 2311/778/3785
f 913/586/3782 2311/778/3785 5028/779/3786 2307/591/3787
f 913/586/3782 2307/591/3787 5029/597/3788 4091/595/3789
f 913/586/3782 4091/595/3789 5711/596/3790 4191/587/3783
f 914/601/3791 2307/591/3787 5028/779/3786 2312/780/3792
f 914/601/3791 2312/780/3792 5709/781/3793 4385/604/3794
f 914/601/3791 4385/604/3794 5710/608/3795 4370/607/3796
f 914/601/3791 4370/607/3796 5029/597/3788 2307/591/3787
f 915/611/3797 4188/782/3798 5027/777/3784 4191/587/3783
f 915/611/3797 4191/587/3783 5711/596/3790 4090/623/3799
f 915/611/3797 4090/623/3799 5030/626/3800 4190/615/3801
f 915/611/3797 4190/615/3801 5031/783/3802 4188/782/3798
f 916/617/3803 2309/784/3804 5031/783/3802 4190/615/3801
f 916/617/3803 4190/615/3801 5030/626/3800 2308/627/3805
f 916/617/3803 2308/627/3805 5704/630/3699 4097/621/3698
f 916/617/3803 4097/621/3698 5703/785/3697 2309/784/3804
f 917/769/3806 4189/786/3807 5027/777/3784 4188/782/3798
f 917/769/3806 4188/782/3798 5031/783/3802 2310/787/3808
f 917/769/3806 2310/787/3808 5700/688/3381 3225/689/3380
f 917/769/3806 3225/689/3380 5701/690/3374 4189/786/3807
f 918/754/3809 2310/787/3808 5031/783/3802 2309/784/3804
f 918/754/3809 2309/784/3804 5703/785/3697 3228/788/3721
f 918/754/3809 3228/788/3721 6009/693/3387 3224/694/3386
f 918/754/3809 3224/694/3386 5700/688/3381 2310/787/3808
f 919/774/3810 2311/778/3785 5027/777/3784 4189/786/3807
f 919/774/3810 4189/786/3807 5701/690/3374 3226/696/3373
f 919/774/3810 3226/696/3373 5702/697/3372 4187/789/3811
f 919/774/3810 4187/789/3811 5028/779/3786 2311/778/3785
f 920/761/3812 2312/780/3792 5028/779/3786 4187/789/3811
f 920/761/3812 4187/789/3811 5702/697/3372 3227/700/3377
f 920/761/3812 3227/700/3377 6010/701/3354 4093/790/3813
f 920/761/3812 4093/790/3813 5709/781/3793 2312/780/3792
f 921/586/3814 4404/587/3815 5032/777/3816 4183/778/3817
f 921/586/3814 4183/778/3817 5035/779/3818 4186/591/3819
f 921/586/3814 4186/591/3819 5034/597/3820 4402/595/3821
f 921/586/3814 4402/595/3821 5036/596/3822 4404/587/3815
f 922/601/3823 4186/591/3819 5035/779/3818 2317/780/3824
f 922/601/3823 2317/780/3824 5705/781/3677 4096/604/3676
f 922/601/3823 4096/604/3676 5706/608/3675 2313/607/3825
f 922/601/3823 2313/607/3825 5034/597/3820 4186/591/3819
f 923/611/3826 2314/782/3827 5032/777/3816 4404/587/3815
f 923/611/3826 4404/587/3815 5036/596/3822 4180/623/3828
f 923/611/3826 4180/623/3828 5038/626/3829 4403/615/3830
f 923/611/3826 4403/615/3830 5033/783/3831 2314/782/3827
f 924/617/3832 2315/784/3833 5033/783/3831 4403/615/3830
f 924/617/3832 4403/615/3830 5038/626/3829 4179/627/3834
f 924/617/3832 4179/627/3834 5710/630/3795 4385/621/3794
f 924/617/3832 4385/621/3794 5709/785/3793 2315/784/3833
f 925/769/3835 4185/786/3836 5032/777/3816 2314/782/3827
f 925/769/3835 2314/782/3827 5033/783/3831 4184/787/3837
f 925/769/3835 4184/787/3837 5708/688/3348 4094/689/3347
f 925/769/3835 4094/689/3347 4972/690/3338 4185/786/3836
f 926/754/3838 4184/787/3837 5033/783/3831 2315/784/3833
f 926/754/3838 2315/784/3833 5709/785/3793 4093/788/3813
f 926/754/3838 4093/788/3813 6010/693/3354 3231/694/3353
f 926/754/3838 3231/694/3353 5708/688/3348 4184/787/3837
f 927/774/3839 4183/778/3817 5032/777/3816 4185/786/3836
f 927/774/3839 4185/786/3836 4972/690/3338 4095/696/3337
f 927/774/3839 4095/696/3337 5707/697/3336 2316/789/3840
f 927/774/3839 2316/789/3840 5035/779/3818 4183/778/3817
f 928/761/3841 2317/780/3824 5035/779/3818 2316/789/3840
f 928/761/3841 2316/789/3840 5707/697/3336 3230/700/3344
f 928/761/3841 3230/700/3344 6008/701/3343 3229/790/3682
f 928/761/3841 3229/790/3682 5705/781/3677 2317/780/3824
f 929/712/3842 4182/713/3843 5036/786/3822 4402/774/3821
f 929/712/3842 4402/774/3821 5034/789/3820 4366/714/3844
f 929/712/3842 4366/714/3844 5755/597/3845 3265/595/3846
f 929/712/3842 3265/595/3846 5756/596/3847 4182/713/3843
f 930/718/3848 4366/714/3844 5034/789/3820 2313/761/3825
f 930/718/3848 2313/761/3825 5706/790/3675 4389/719/3849
f 930/718/3848 4389/719/3849 6015/608/3850 3264/607/3851
f 930/718/3848 3264/607/3851 5755/597/3845 4366/714/3844
f 931/722/3852 4180/769/3828 5036/786/3822 4182/713/3843
f 931/722/3852 4182/713/3843 5756/596/3847 4064/623/3853
f 931/722/3852 4064/623/3853 5037/626/3854 4181/725/3855
f 931/722/3852 4181/725/3855 5038/787/3829 4180/769/3828
f 932/726/3856 4179/754/3834 5038/787/3829 4181/725/3855
f 932/726/3856 4181/725/3855 5037/626/3854 4063/627/3857
f 932/726/3856 4063/627/3857 6016/630/3858 4092/729/3859
f 932/726/3856 4092/729/3859 5710/788/3795 4179/754/3834
f 933/712/3860 4367/713/3861 5711/786/3790 4091/774/3789
f 933/712/3860 4091/774/3789 5029/789/3788 4368/714/3862
f 933/712/3860 4368/714/3862 5039/597/3863 4067/595/3864
f 933/712/3860 4067/595/3864 5748/596/3865 4367/713/3861
f 934/718/3866 4368/714/3862 5029/789/3788 4370/761/3796
f 934/718/3866 4370/761/3796 5710/790/3795 4092/719/3859
f 934/718/3866 4092/719/3859 6016/608/3858 4066/607/3867
f 934/718/3866 4066/607/3867 5039/597/3863 4368/714/3862
f 935/722/3868 4090/769/3799 5711/786/3790 4367/713/3861
f 935/722/3868 4367/713/3861 5748/596/3865 3256/623/3869
f 935/722/3868 3256/623/3869 5747/626/3870 4369/725/3871
f 935/722/3868 4369/725/3871 5030/787/3800 4090/769/3799
f 936/726/3872 2308/754/3805 5030/787/3800 4369/725/3871
f 936/726/3872 4369/725/3871 5747/626/3870 4068/627/3873
f 936/726/3872 4068/627/3873 5714/630/3874 4393/729/3875
f 936/726/3872 4393/729/3875 5704/788/3699 2308/754/3805
f 937/712/3876 4178/713/3877 5040/786/3762 4386/774/3761
f 937/712/3876 4386/774/3761 5024/789/3760 4371/714/3878
f 937/712/3876 4371/714/3878 5742/597/3879 3252/595/3880
f 937/712/3876 3252/595/3880 5743/596/3881 4178/713/3877
f 938/718/3882 4371/714/3878 5024/789/3760 4089/761/3765
f 938/718/3882 4089/761/3765 6012/790/3743 4394/719/3883
f 938/718/3882 4394/719/3883 5713/608/3884 4071/607/3885
f 938/718/3882 4071/607/3885 5742/597/3879 4371/714/3878
f 939/722/3886 4373/769/3768 5040/786/3762 4178/713/3877
f 939/722/3886 4178/713/3877 5743/596/3881 4070/623/3887
f 939/722/3886 4070/623/3887 5041/626/3888 4372/725/3889
f 939/722/3886 4372/725/3889 5712/787/3769 4373/769/3768
f 940/726/3890 3232/754/3774 5712/787/3769 4372/725/3889
f 940/726/3890 4372/725/3889 5041/626/3888 2318/627/3891
f 940/726/3890 2318/627/3891 5721/630/3892 4391/729/3893
f 940/726/3890 4391/729/3893 6011/788/3599 3232/754/3774
f 941/712/3894 4177/713/3895 5044/786/3730 4174/774/3729
f 941/712/3894 4174/774/3729 5045/789/3728 2320/714/3896
f 941/712/3894 2320/714/3896 5046/597/3897 2319/595/3898
f 941/712/3894 2319/595/3898 5042/596/3899 4177/713/3895
f 942/718/3900 2320/714/3896 5045/789/3728 4387/761/3733
f 942/718/3900 4387/761/3733 5692/790/3710 4392/719/3901
f 942/718/3900 4392/719/3901 5717/608/3902 2321/607/3903
f 942/718/3900 2321/607/3903 5046/597/3897 2320/714/3896
f 943/722/3904 4175/769/3736 5044/786/3730 4177/713/3895
f 943/722/3904 4177/713/3895 5042/596/3899 4074/623/3905
f 943/722/3904 4074/623/3905 5738/626/3906 4176/725/3907
f 943/722/3904 4176/725/3907 5043/787/3737 4175/769/3736
f 944/726/3908 4395/754/3742 5043/787/3737 4176/725/3907
f 944/726/3908 4176/725/3907 5738/626/3906 4073/627/3909
f 944/726/3908 4073/627/3909 5713/630/3884 4394/729/3883
f 944/726/3908 4394/729/3883 6012/788/3743 4395/754/3742
f 945/712/3910 4374/713/3911 5716/786/3694 4087/774/3693
f 945/712/3910 4087/774/3693 5019/789/3692 4375/714/3912
f 945/712/3910 4375/714/3912 5733/597/3913 3245/595/3914
f 945/712/3910 3245/595/3914 5734/596/3915 4374/713/3911
f 946/718/3916 4375/714/3912 5019/789/3692 2299/761/3700
f 946/718/3916 2299/761/3700 5704/790/3699 4393/719/3875
f 946/718/3916 4393/719/3875 5714/608/3874 4077/607/3917
f 946/718/3916 4077/607/3917 5733/597/3913 4375/714/3912
f 947/722/3918 3233/769/3703 5716/786/3694 4374/713/3911
f 947/722/3918 4374/713/3911 5734/596/3915 4076/623/3919
f 947/722/3918 4076/623/3919 5047/626/3920 4376/725/3921
f 947/722/3918 4376/725/3921 5715/787/3704 3233/769/3703
f 948/726/3922 4088/754/3709 5715/787/3704 4376/725/3921
f 948/726/3922 4376/725/3921 5047/626/3920 2322/627/3923
f 948/726/3922 2322/627/3923 5717/630/3902 4392/729/3901
f 948/726/3922 4392/729/3901 5692/788/3710 4088/754/3709
f 949/712/3924 4401/713/3925 5718/786/3662 4377/774/3661
f 949/712/3924 4377/774/3661 5051/789/3660 4173/714/3926
f 949/712/3924 4173/714/3926 5732/597/3927 4079/595/3928
f 949/712/3924 4079/595/3928 5048/596/3929 4401/713/3925
f 950/718/3930 4173/714/3926 5051/789/3660 4378/761/3665
f 950/718/3930 4378/761/3665 6013/790/3643 4390/719/3931
f 950/718/3930 4390/719/3931 6014/608/3932 3244/607/3933
f 950/718/3930 3244/607/3933 5732/597/3927 4173/714/3926
f 951/722/3934 4388/769/3668 5718/786/3662 4401/713/3925
f 951/722/3934 4401/713/3925 5048/596/3929 2324/623/3935
f 951/722/3934 2324/623/3935 5050/626/3936 2323/725/3937
f 951/722/3934 2323/725/3937 5049/787/3669 4388/769/3668
f 952/726/3938 4400/754/3674 5049/787/3669 2323/725/3937
f 952/726/3938 2323/725/3937 5050/626/3936 4078/627/3939
f 952/726/3938 4078/627/3939 6015/630/3850 4389/729/3849
f 952/726/3938 4389/729/3849 5706/788/3675 4400/754/3674
f 953/712/3940 4399/713/3941 5720/786/3630 4086/774/3629
f 953/712/3940 4086/774/3629 5011/789/3628 4379/714/3942
f 953/712/3940 4379/714/3942 5053/597/3943 2325/595/3944
f 953/712/3940 2325/595/3944 5052/596/3945 4399/713/3941
f 954/718/3946 4379/714/3942 5011/789/3628 4398/761/3633
f 954/718/3946 4398/761/3633 5722/790/3610 4084/719/3947
f 954/718/3946 4084/719/3947 5723/608/3948 2326/607/3949
f 954/718/3946 2326/607/3949 5053/597/3943 4379/714/3942
f 955/722/3950 3235/769/3636 5720/786/3630 4399/713/3941
f 955/722/3950 4399/713/3941 5052/596/3945 4080/623/3951
f 955/722/3950 4080/623/3951 5728/626/3952 4380/725/3953
f 955/722/3950 4380/725/3953 5719/787/3637 3235/769/3636
f 956/726/3954 3234/754/3642 5719/787/3637 4380/725/3953
f 956/726/3954 4380/725/3953 5728/626/3952 3239/627/3955
f 956/726/3954 3239/627/3955 6014/630/3932 4390/729/3931
f 956/726/3954 4390/729/3931 6013/788/3643 3234/754/3642
f 957/712/3956 4172/713/3957 5054/786/3594 4396/774/3593
f 957/712/3956 4396/774/3593 5006/789/3592 4381/714/3958
f 957/712/3956 4381/714/3958 5055/597/3959 4082/595/3960
f 957/712/3956 4082/595/3960 5724/596/3961 4172/713/3957
f 958/718/3962 4381/714/3958 5006/789/3592 4085/761/3600
f 958/718/3962 4085/761/3600 6011/790/3599 4391/719/3893
f 958/718/3962 4391/719/3893 5721/608/3892 2327/607/3963
f 958/718/3962 2327/607/3963 5055/597/3959 4381/714/3958
f 959/722/3964 4382/769/3603 5054/786/3594 4172/713/3957
f 959/722/3964 4172/713/3957 5724/596/3961 4083/623/3965
f 959/722/3964 4083/623/3965 5056/626/3966 4397/725/3967
f 959/722/3964 4397/725/3967 5007/787/3604 4382/769/3603
f 960/726/3968 4383/754/3609 5007/787/3604 4397/725/3967
f 960/726/3968 4397/725/3967 5056/626/3966 2328/627/3969
f 960/726/3968 2328/627/3969 5723/630/3948 4084/729/3947
f 960/726/3968 4084/729/3947 5722/788/3610 4383/754/3609
f 961/586/3970 2329/587/3971 5057/676/3972 2346/677/3973
f 961/586/3970 2346/677/3973 5061/678/3974 2332/591/3975
f 961/586/3970 2332/591/3975 5062/592/3976 2331/593/3977
f 961/586/3970 2331/593/3977 5058/594/3978 2329/587/3971
f 962/595/3979 2330/596/3980 5058/594/3978 2331/593/3977
f 962/595/3979 2331/593/3977 5062/592/3976 2334/597/3981
f 962/595/3979 2334/597/3981 5781/598/3982 3299/599/3983
f 962/595/3979 3299/599/3983 5782/600/3984 2330/596/3980
f 963/601/3985 2332/591/3975 5061/678/3974 2347/679/3986
f 963/601/3985 2347/679/3986 5745/680/3987 3254/604/3988
f 963/601/3985 3254/604/3988 5746/605/3989 2333/606/3990
f 963/601/3985 2333/606/3990 5062/592/3976 2332/591/3975
f 964/607/3991 2334/597/3981 5062/592/3976 2333/606/3990
f 964/607/3991 2333/606/3990 5746/605/3989 3255/608/3992
f 964/607/3991 3255/608/3992 6018/609/3993 3298/610/3994
f 964/607/3991 3298/610/3994 5781/598/3982 2334/597/3981
f 965/611/3995 2335/681/3996 5057/676/3972 2329/587/3971
f 965/611/3995 2329/587/3971 5058/594/3978 2338/613/3997
f 965/611/3995 2338/613/3997 5063/614/3998 2337/615/3999
f 965/611/3995 2337/615/3999 5059/682/4000 2335/681/3996
f 966/617/4001 2336/683/4002 5059/682/4000 2337/615/3999
f 966/617/4001 2337/615/3999 5063/614/3998 2340/619/4003
f 966/617/4001 2340/619/4003 5727/620/4004 3237/621/4005
f 966/617/4001 3237/621/4005 5726/684/4006 2336/683/4002
f 967/623/4007 2338/613/3997 5058/594/3978 2330/596/3980
f 967/623/4007 2330/596/3980 5782/600/3984 3300/624/4008
f 967/623/4007 3300/624/4008 5783/625/4009 2339/626/4010
f 967/623/4007 2339/626/4010 5063/614/3998 2338/613/3997
f 968/627/4011 2340/619/4003 5063/614/3998 2339/626/4010
f 968/627/4011 2339/626/4010 5783/625/4009 3301/628/4012
f 968/627/4011 3301/628/4012 6024/629/4013 3238/630/4014
f 968/627/4011 3238/630/4014 5727/620/4004 2340/619/4003
f 969/667/4015 2341/668/4016 5057/676/3972 2335/681/3996
f 969/667/4015 2335/681/3996 5059/682/4000 2344/669/4017
f 969/667/4015 2344/669/4017 5064/687/4018 2343/685/4019
f 969/667/4015 2343/685/4019 5060/686/4020 2341/668/4016
f 970/635/4021 2342/636/4022 5060/686/4020 2343/685/4019
f 970/635/4021 2343/685/4019 5064/687/4018 4171/634/4023
f 970/635/4021 4171/634/4023 5056/688/3966 4083/689/3965
f 970/635/4021 4083/689/3965 5724/690/3961 2342/636/4022
f 971/670/4024 2344/669/4017 5059/682/4000 2336/683/4002
f 971/670/4024 2336/683/4002 5726/684/4006 3236/671/4025
f 971/670/4024 3236/671/4025 5725/692/4026 2345/691/4027
f 971/670/4024 2345/691/4027 5064/687/4018 2344/669/4017
f 972/640/4028 4171/634/4023 5064/687/4018 2345/691/4027
f 972/640/4028 2345/691/4027 5725/692/4026 4081/639/4029
f 972/640/4028 4081/639/4029 5723/693/3948 2328/694/3969
f 972/640/4028 2328/694/3969 5056/688/3966 4171/634/4023
f 973/672/4030 2346/677/3973 5057/676/3972 2341/668/4016
f 973/672/4030 2341/668/4016 5060/686/4020 2349/695/4031
f 973/672/4030 2349/695/4031 5065/698/4032 2348/673/4033
f 973/672/4030 2348/673/4033 5061/678/3974 2346/677/3973
f 974/674/4034 2347/679/3986 5061/678/3974 2348/673/4033
f 974/674/4034 2348/673/4033 5065/698/4032 2350/699/4035
f 974/674/4034 2350/699/4035 5744/702/4036 3253/675/4037
f 974/674/4034 3253/675/4037 5745/680/3987 2347/679/3986
f 975/642/4038 2349/695/4031 5060/686/4020 2342/636/4022
f 975/642/4038 2342/636/4022 5724/690/3961 4082/696/3960
f 975/642/4038 4082/696/3960 5055/697/3959 4170/643/4039
f 975/642/4038 4170/643/4039 5065/698/4032 2349/695/4031
f 976/646/4040 2350/699/4035 5065/698/4032 4170/643/4039
f 976/646/4040 4170/643/4039 5055/697/3959 2327/700/3963
f 976/646/4040 2327/700/3963 5721/701/3892 4069/647/4041
f 976/646/4040 4069/647/4041 5744/702/4036 2350/699/4035
f 977/586/4042 2351/587/4043 5066/676/4044 2368/677/4045
f 977/586/4042 2368/677/4045 5070/678/4046 2354/591/4047
f 977/586/4042 2354/591/4047 5071/592/4048 2353/593/4049
f 977/586/4042 2353/593/4049 5067/594/4050 2351/587/4043
f 978/595/4051 2352/596/4052 5067/594/4050 2353/593/4049
f 978/595/4051 2353/593/4049 5071/592/4048 2356/597/4053
f 978/595/4051 2356/597/4053 5780/598/4054 3296/599/4055
f 978/595/4051 3296/599/4055 5779/600/4056 2352/596/4052
f 979/601/4057 2354/591/4047 5070/678/4046 2369/679/4058
f 979/601/4057 2369/679/4058 5726/680/4006 3237/604/4005
f 979/601/4057 3237/604/4005 5727/605/4004 2355/606/4059
f 979/601/4057 2355/606/4059 5071/592/4048 2354/591/4047
f 980/607/4060 2356/597/4053 5071/592/4048 2355/606/4059
f 980/607/4060 2355/606/4059 5727/605/4004 3238/608/4014
f 980/607/4060 3238/608/4014 6024/609/4013 3297/610/4061
f 980/607/4060 3297/610/4061 5780/598/4054 2356/597/4053
f 981/611/4062 2357/681/4063 5066/676/4044 2351/587/4043
f 981/611/4062 2351/587/4043 5067/594/4050 2360/613/4064
f 981/611/4062 2360/613/4064 5072/614/4065 2359/615/4066
f 981/611/4062 2359/615/4066 5068/682/4067 2357/681/4063
f 982/617/4068 2358/683/4069 5068/682/4067 2359/615/4066
f 982/617/4068 2359/615/4066 5072/614/4065 2362/619/4070
f 982/617/4068 2362/619/4070 5731/620/4071 3242/621/4072
f 982/617/4068 3242/621/4072 5730/684/4073 2358/683/4069
f 983/623/4074 2360/613/4064 5067/594/4050 2352/596/4052
f 983/623/4074 2352/596/4052 5779/600/4056 3295/624/4075
f 983/623/4074 3295/624/4075 5778/625/4076 2361/626/4077
f 983/623/4074 2361/626/4077 5072/614/4065 2360/613/4064
f 984/627/4078 2362/619/4070 5072/614/4065 2361/626/4077
f 984/627/4078 2361/626/4077 5778/625/4076 3294/628/4079
f 984/627/4078 3294/628/4079 6023/629/4080 3243/630/4081
f 984/627/4078 3243/630/4081 5731/620/4071 2362/619/4070
f 985/667/4082 2363/668/4083 5066/676/4044 2357/681/4063
f 985/667/4082 2357/681/4063 5068/682/4067 2365/669/4084
f 985/667/4082 2365/669/4084 5073/687/4085 2364/685/4086
f 985/667/4082 2364/685/4086 5069/686/4087 2363/668/4083
f 986/635/4088 4169/636/4089 5069/686/4087 2364/685/4086
f 986/635/4088 2364/685/4086 5073/687/4085 2367/634/4090
f 986/635/4088 2367/634/4090 5728/688/3952 4080/689/3951
f 986/635/4088 4080/689/3951 5052/690/3945 4169/636/4089
f 987/670/4091 2365/669/4084 5068/682/4067 2358/683/4069
f 987/670/4091 2358/683/4069 5730/684/4073 3241/671/4092
f 987/670/4091 3241/671/4092 5729/692/4093 2366/691/4094
f 987/670/4091 2366/691/4094 5073/687/4085 2365/669/4084
f 988/640/4095 2367/634/4090 5073/687/4085 2366/691/4094
f 988/640/4095 2366/691/4094 5729/692/4093 3240/639/4096
f 988/640/4095 3240/639/4096 6014/693/3932 3239/694/3955
f 988/640/4095 3239/694/3955 5728/688/3952 2367/634/4090
f 989/672/4097 2368/677/4045 5066/676/4044 2363/668/4083
f 989/672/4097 2363/668/4083 5069/686/4087 2371/695/4098
f 989/672/4097 2371/695/4098 5074/698/4099 2370/673/4100
f 989/672/4097 2370/673/4100 5070/678/4046 2368/677/4045
f 990/674/4101 2369/679/4058 5070/678/4046 2370/673/4100
f 990/674/4101 2370/673/4100 5074/698/4099 2372/699/4102
f 990/674/4101 2372/699/4102 5725/702/4026 3236/675/4025
f 990/674/4101 3236/675/4025 5726/680/4006 2369/679/4058
f 991/642/4103 2371/695/4098 5069/686/4087 4169/636/4089
f 991/642/4103 4169/636/4089 5052/690/3945 2325/696/3944
f 991/642/4103 2325/696/3944 5053/697/3943 4168/643/4104
f 991/642/4103 4168/643/4104 5074/698/4099 2371/695/4098
f 992/646/4105 2372/699/4102 5074/698/4099 4168/643/4104
f 992/646/4105 4168/643/4104 5053/697/3943 2326/700/3949
f 992/646/4105 2326/700/3949 5723/701/3948 4081/647/4029
f 992/646/4105 4081/647/4029 5725/702/4026 2372/699/4102
f 993/586/4106 2373/587/4107 5075/676/4108 2389/677/4109
f 993/586/4106 2389/677/4109 5079/678/4110 2376/591/4111
f 993/586/4106 2376/591/4111 5080/592/4112 2375/593/4113
f 993/586/4106 2375/593/4113 5076/594/4114 2373/587/4107
f 994/595/4115 2374/596/4116 5076/594/4114 2375/593/4113
f 994/595/4115 2375/593/4113 5080/592/4112 2378/597/4117
f 994/595/4115 2378/597/4117 5777/598/4118 3292/599/4119
f 994/595/4115 3292/599/4119 5776/600/4120 2374/596/4116
f 995/601/4121 2376/591/4111 5079/678/4110 2390/679/4122
f 995/601/4121 2390/679/4122 5730/680/4073 3242/604/4072
f 995/601/4121 3242/604/4072 5731/605/4071 2377/606/4123
f 995/601/4121 2377/606/4123 5080/592/4112 2376/591/4111
f 996/607/4124 2378/597/4117 5080/592/4112 2377/606/4123
f 996/607/4124 2377/606/4123 5731/605/4071 3243/608/4081
f 996/607/4124 3243/608/4081 6023/609/4080 3293/610/4125
f 996/607/4124 3293/610/4125 5777/598/4118 2378/597/4117
f 997/611/4126 2379/681/4127 5075/676/4108 2373/587/4107
f 997/611/4126 2373/587/4107 5076/594/4114 2382/613/4128
f 997/611/4126 2382/613/4128 5081/614/4129 2381/615/4130
f 997/611/4126 2381/615/4130 5077/682/4131 2379/681/4127
f 998/617/4132 2380/683/4133 5077/682/4131 2381/615/4130
f 998/617/4132 2381/615/4130 5081/614/4129 2384/619/4134
f 998/617/4132 2384/619/4134 5754/620/4135 3262/621/4136
f 998/617/4132 3262/621/4136 5753/684/4137 2380/683/4133
f 999/623/4138 2382/613/4128 5076/594/4114 2374/596/4116
f 999/623/4138 2374/596/4116 5776/600/4120 3291/624/4139
f 999/623/4138 3291/624/4139 5775/625/4140 2383/626/4141
f 999/623/4138 2383/626/4141 5081/614/4129 2382/613/4128
f 1000/627/4142 2384/619/4134 5081/614/4129 2383/626/4141
f 1000/627/4142 2383/626/4141 5775/625/4140 3290/628/4143
f 1000/627/4142 3290/628/4143 6022/629/4144 3263/630/4145
f 1000/627/4142 3263/630/4145 5754/620/4135 2384/619/4134
f 1001/667/4146 2385/668/4147 5075/676/4108 2379/681/4127
f 1001/667/4146 2379/681/4127 5077/682/4131 2387/669/4148
f 1001/667/4146 2387/669/4148 5082/687/4149 2386/685/4150
f 1001/667/4146 2386/685/4150 5078/686/4151 2385/668/4147
f 1002/635/4152 4167/636/4153 5078/686/4151 2386/685/4150
f 1002/635/4152 2386/685/4150 5082/687/4149 4166/634/4154
f 1002/635/4152 4166/634/4154 5050/688/3936 2324/689/3935
f 1002/635/4152 2324/689/3935 5048/690/3929 4167/636/4153
f 1003/670/4155 2387/669/4148 5077/682/4131 2380/683/4133
f 1003/670/4155 2380/683/4133 5753/684/4137 3261/671/4156
f 1003/670/4155 3261/671/4156 5752/692/4157 2388/691/4158
f 1003/670/4155 2388/691/4158 5082/687/4149 2387/669/4148
f 1004/640/4159 4166/634/4154 5082/687/4149 2388/691/4158
f 1004/640/4159 2388/691/4158 5752/692/4157 3260/639/4160
f 1004/640/4159 3260/639/4160 6015/693/3850 4078/694/3939
f 1004/640/4159 4078/694/3939 5050/688/3936 4166/634/4154
f 1005/672/4161 2389/677/4109 5075/676/4108 2385/668/4147
f 1005/672/4161 2385/668/4147 5078/686/4151 2392/695/4162
f 1005/672/4161 2392/695/4162 5083/698/4163 2391/673/4164
f 1005/672/4161 2391/673/4164 5079/678/4110 2389/677/4109
f 1006/674/4165 2390/679/4122 5079/678/4110 2391/673/4164
f 1006/674/4165 2391/673/4164 5083/698/4163 2394/699/4166
f 1006/674/4165 2394/699/4166 5729/702/4093 3241/675/4092
f 1006/674/4165 3241/675/4092 5730/680/4073 2390/679/4122
f 1007/642/4167 2392/695/4162 5078/686/4151 4167/636/4153
f 1007/642/4167 4167/636/4153 5048/690/3929 4079/696/3928
f 1007/642/4167 4079/696/3928 5732/697/3927 2393/643/4168
f 1007/642/4167 2393/643/4168 5083/698/4163 2392/695/4162
f 1008/646/4169 2394/699/4166 5083/698/4163 2393/643/4168
f 1008/646/4169 2393/643/4168 5732/697/3927 3244/700/3933
f 1008/646/4169 3244/700/3933 6014/701/3932 3240/647/4096
f 1008/646/4169 3240/647/4096 5729/702/4093 2394/699/4166
f 1009/586/4170 2395/587/4171 5084/676/4172 2412/677/4173
f 1009/586/4170 2412/677/4173 5088/678/4174 2398/591/4175
f 1009/586/4170 2398/591/4175 5089/592/4176 2397/593/4177
f 1009/586/4170 2397/593/4177 5085/594/4178 2395/587/4171
f 1010/595/4179 2396/596/4180 5085/594/4178 2397/593/4177
f 1010/595/4179 2397/593/4177 5089/592/4176 2400/597/4181
f 1010/595/4179 2400/597/4181 5774/598/4182 3288/599/4183
f 1010/595/4179 3288/599/4183 5773/600/4184 2396/596/4180
f 1011/601/4185 2398/591/4175 5088/678/4174 2413/679/4186
f 1011/601/4185 2413/679/4186 5750/680/4187 3258/604/4188
f 1011/601/4185 3258/604/4188 5751/605/4189 2399/606/4190
f 1011/601/4185 2399/606/4190 5089/592/4176 2398/591/4175
f 1012/607/4191 2400/597/4181 5089/592/4176 2399/606/4190
f 1012/607/4191 2399/606/4190 5751/605/4189 3259/608/4192
f 1012/607/4191 3259/608/4192 6021/609/4193 3289/610/4194
f 1012/607/4191 3289/610/4194 5774/598/4182 2400/597/4181
f 1013/611/4195 2401/681/4196 5084/676/4172 2395/587/4171
f 1013/611/4195 2395/587/4171 5085/594/4178 2404/613/4197
f 1013/611/4195 2404/613/4197 5090/614/4198 2403/615/4199
f 1013/611/4195 2403/615/4199 5086/682/4200 2401/681/4196
f 1014/617/4201 2402/683/4202 5086/682/4200 2403/615/4199
f 1014/617/4201 2403/615/4199 5090/614/4198 2406/619/4203
f 1014/617/4201 2406/619/4203 5737/620/4204 3247/621/4205
f 1014/617/4201 3247/621/4205 5736/684/4206 2402/683/4202
f 1015/623/4207 2404/613/4197 5085/594/4178 2396/596/4180
f 1015/623/4207 2396/596/4180 5773/600/4184 3287/624/4208
f 1015/623/4207 3287/624/4208 5772/625/4209 2405/626/4210
f 1015/623/4207 2405/626/4210 5090/614/4198 2404/613/4197
f 1016/627/4211 2406/619/4203 5090/614/4198 2405/626/4210
f 1016/627/4211 2405/626/4210 5772/625/4209 3286/628/4212
f 1016/627/4211 3286/628/4212 6020/629/4213 3248/630/4214
f 1016/627/4211 3248/630/4214 5737/620/4204 2406/619/4203
f 1017/667/4215 2407/668/4216 5084/676/4172 2401/681/4196
f 1017/667/4215 2401/681/4196 5086/682/4200 2410/669/4217
f 1017/667/4215 2410/669/4217 5091/687/4218 2409/685/4219
f 1017/667/4215 2409/685/4219 5087/686/4220 2407/668/4216
f 1018/635/4221 2408/636/4222 5087/686/4220 2409/685/4219
f 1018/635/4221 2409/685/4219 5091/687/4218 4165/634/4223
f 1018/635/4221 4165/634/4223 5047/688/3920 4076/689/3919
f 1018/635/4221 4076/689/3919 5734/690/3915 2408/636/4222
f 1019/670/4224 2410/669/4217 5086/682/4200 2402/683/4202
f 1019/670/4224 2402/683/4202 5736/684/4206 3246/671/4225
f 1019/670/4224 3246/671/4225 5735/692/4226 2411/691/4227
f 1019/670/4224 2411/691/4227 5091/687/4218 2410/669/4217
f 1020/640/4228 4165/634/4223 5091/687/4218 2411/691/4227
f 1020/640/4228 2411/691/4227 5735/692/4226 4075/639/4229
f 1020/640/4228 4075/639/4229 5717/693/3902 2322/694/3923
f 1020/640/4228 2322/694/3923 5047/688/3920 4165/634/4223
f 1021/672/4230 2412/677/4173 5084/676/4172 2407/668/4216
f 1021/672/4230 2407/668/4216 5087/686/4220 2415/695/4231
f 1021/672/4230 2415/695/4231 5092/698/4232 2414/673/4233
f 1021/672/4230 2414/673/4233 5088/678/4174 2412/677/4173
f 1022/674/4234 2413/679/4186 5088/678/4174 2414/673/4233
f 1022/674/4234 2414/673/4233 5092/698/4232 2417/699/4235
f 1022/674/4234 2417/699/4235 5749/702/4236 3257/675/4237
f 1022/674/4234 3257/675/4237 5750/680/4187 2413/679/4186
f 1023/642/4238 2415/695/4231 5087/686/4220 2408/636/4222
f 1023/642/4238 2408/636/4222 5734/690/3915 3245/696/3914
f 1023/642/4238 3245/696/3914 5733/697/3913 2416/643/4239
f 1023/642/4238 2416/643/4239 5092/698/4232 2415/695/4231
f 1024/646/4240 2417/699/4235 5092/698/4232 2416/643/4239
f 1024/646/4240 2416/643/4239 5733/697/3913 4077/700/3917
f 1024/646/4240 4077/700/3917 5714/701/3874 4065/647/4241
f 1024/646/4240 4065/647/4241 5749/702/4236 2417/699/4235
f 1025/586/4242 2418/587/4243 5093/676/4244 2435/677/4245
f 1025/586/4242 2435/677/4245 5097/678/4246 2421/591/4247
f 1025/586/4242 2421/591/4247 5098/592/4248 2420/593/4249
f 1025/586/4242 2420/593/4249 5094/594/4250 2418/587/4243
f 1026/595/4251 2419/596/4252 5094/594/4250 2420/593/4249
f 1026/595/4251 2420/593/4249 5098/592/4248 2423/597/4253
f 1026/595/4251 2423/597/4253 5771/598/4254 3284/599/4255
f 1026/595/4251 3284/599/4255 5770/600/4256 2419/596/4252
f 1027/601/4257 2421/591/4247 5097/678/4246 2436/679/4258
f 1027/601/4257 2436/679/4258 5736/680/4206 3247/604/4205
f 1027/601/4257 3247/604/4205 5737/605/4204 2422/606/4259
f 1027/601/4257 2422/606/4259 5098/592/4248 2421/591/4247
f 1028/607/4260 2423/597/4253 5098/592/4248 2422/606/4259
f 1028/607/4260 2422/606/4259 5737/605/4204 3248/608/4214
f 1028/607/4260 3248/608/4214 6020/609/4213 3285/610/4261
f 1028/607/4260 3285/610/4261 5771/598/4254 2423/597/4253
f 1029/611/4262 2424/681/4263 5093/676/4244 2418/587/4243
f 1029/611/4262 2418/587/4243 5094/594/4250 2427/613/4264
f 1029/611/4262 2427/613/4264 5099/614/4265 2426/615/4266
f 1029/611/4262 2426/615/4266 5095/682/4267 2424/681/4263
f 1030/617/4268 2425/683/4269 5095/682/4267 2426/615/4266
f 1030/617/4268 2426/615/4266 5099/614/4265 2429/619/4270
f 1030/617/4268 2429/619/4270 5741/620/4271 3250/621/4272
f 1030/617/4268 3250/621/4272 5740/684/4273 2425/683/4269
f 1031/623/4274 2427/613/4264 5094/594/4250 2419/596/4252
f 1031/623/4274 2419/596/4252 5770/600/4256 3283/624/4275
f 1031/623/4274 3283/624/4275 5769/625/4276 2428/626/4277
f 1031/623/4274 2428/626/4277 5099/614/4265 2427/613/4264
f 1032/627/4278 2429/619/4270 5099/614/4265 2428/626/4277
f 1032/627/4278 2428/626/4277 5769/625/4276 3282/628/4279
f 1032/627/4278 3282/628/4279 6019/629/4280 3251/630/4281
f 1032/627/4278 3251/630/4281 5741/620/4271 2429/619/4270
f 1033/667/4282 2430/668/4283 5093/676/4244 2424/681/4263
f 1033/667/4282 2424/681/4263 5095/682/4267 2432/669/4284
f 1033/667/4282 2432/669/4284 5100/687/4285 2431/685/4286
f 1033/667/4282 2431/685/4286 5096/686/4287 2430/668/4283
f 1034/635/4288 4164/636/4289 5096/686/4287 2431/685/4286
f 1034/635/4288 2431/685/4286 5100/687/4285 2434/634/4290
f 1034/635/4288 2434/634/4290 5738/688/3906 4074/689/3905
f 1034/635/4288 4074/689/3905 5042/690/3899 4164/636/4289
f 1035/670/4291 2432/669/4284 5095/682/4267 2425/683/4269
f 1035/670/4291 2425/683/4269 5740/684/4273 3249/671/4292
f 1035/670/4291 3249/671/4292 5739/692/4293 2433/691/4294
f 1035/670/4291 2433/691/4294 5100/687/4285 2432/669/4284
f 1036/640/4295 2434/634/4290 5100/687/4285 2433/691/4294
f 1036/640/4295 2433/691/4294 5739/692/4293 4072/639/4296
f 1036/640/4295 4072/639/4296 5713/693/3884 4073/694/3909
f 1036/640/4295 4073/694/3909 5738/688/3906 2434/634/4290
f 1037/672/4297 2435/677/4245 5093/676/4244 2430/668/4283
f 1037/672/4297 2430/668/4283 5096/686/4287 2438/695/4298
f 1037/672/4297 2438/695/4298 5101/698/4299 2437/673/4300
f 1037/672/4297 2437/673/4300 5097/678/4246 2435/677/4245
f 1038/674/4301 2436/679/4258 5097/678/4246 2437/673/4300
f 1038/674/4301 2437/673/4300 5101/698/4299 2439/699/4302
f 1038/674/4301 2439/699/4302 5735/702/4226 3246/675/4225
f 1038/674/4301 3246/675/4225 5736/680/4206 2436/679/4258
f 1039/642/4303 2438/695/4298 5096/686/4287 4164/636/4289
f 1039/642/4303 4164/636/4289 5042/690/3899 2319/696/3898
f 1039/642/4303 2319/696/3898 5046/697/3897 4163/643/4304
f 1039/642/4303 4163/643/4304 5101/698/4299 2438/695/4298
f 1040/646/4305 2439/699/4302 5101/698/4299 4163/643/4304
f 1040/646/4305 4163/643/4304 5046/697/3897 2321/700/3903
f 1040/646/4305 2321/700/3903 5717/701/3902 4075/647/4229
f 1040/646/4305 4075/647/4229 5735/702/4226 2439/699/4302
f 1041/586/4306 2440/587/4307 5102/676/4308 2457/677/4309
f 1041/586/4306 2457/677/4309 5106/678/4310 2443/591/4311
f 1041/586/4306 2443/591/4311 5107/592/4312 2442/593/4313
f 1041/586/4306 2442/593/4313 5103/594/4314 2440/587/4307
f 1042/595/4315 2441/596/4316 5103/594/4314 2442/593/4313
f 1042/595/4315 2442/593/4313 5107/592/4312 2445/597/4317
f 1042/595/4315 2445/597/4317 5768/598/4318 3280/599/4319
f 1042/595/4315 3280/599/4319 5767/600/4320 2441/596/4316
f 1043/601/4321 2443/591/4311 5106/678/4310 2458/679/4322
f 1043/601/4321 2458/679/4322 5740/680/4273 3250/604/4272
f 1043/601/4321 3250/604/4272 5741/605/4271 2444/606/4323
f 1043/601/4321 2444/606/4323 5107/592/4312 2443/591/4311
f 1044/607/4324 2445/597/4317 5107/592/4312 2444/606/4323
f 1044/607/4324 2444/606/4323 5741/605/4271 3251/608/4281
f 1044/607/4324 3251/608/4281 6019/609/4280 3281/610/4325
f 1044/607/4324 3281/610/4325 5768/598/4318 2445/597/4317
f 1045/611/4326 2446/681/4327 5102/676/4308 2440/587/4307
f 1045/611/4326 2440/587/4307 5103/594/4314 2449/613/4328
f 1045/611/4326 2449/613/4328 5108/614/4329 2448/615/4330
f 1045/611/4326 2448/615/4330 5104/682/4331 2446/681/4327
f 1046/617/4332 2447/683/4333 5104/682/4331 2448/615/4330
f 1046/617/4332 2448/615/4330 5108/614/4329 2451/619/4334
f 1046/617/4332 2451/619/4334 5746/620/3989 3254/621/3988
f 1046/617/4332 3254/621/3988 5745/684/3987 2447/683/4333
f 1047/623/4335 2449/613/4328 5103/594/4314 2441/596/4316
f 1047/623/4335 2441/596/4316 5767/600/4320 3279/624/4336
f 1047/623/4335 3279/624/4336 5766/625/4337 2450/626/4338
f 1047/623/4335 2450/626/4338 5108/614/4329 2449/613/4328
f 1048/627/4339 2451/619/4334 5108/614/4329 2450/626/4338
f 1048/627/4339 2450/626/4338 5766/625/4337 3278/628/4340
f 1048/627/4339 3278/628/4340 6018/629/3993 3255/630/3992
f 1048/627/4339 3255/630/3992 5746/620/3989 2451/619/4334
f 1049/667/4341 2452/668/4342 5102/676/4308 2446/681/4327
f 1049/667/4341 2446/681/4327 5104/682/4331 2455/669/4343
f 1049/667/4341 2455/669/4343 5109/687/4344 2454/685/4345
f 1049/667/4341 2454/685/4345 5105/686/4346 2452/668/4342
f 1050/635/4347 2453/636/4348 5105/686/4346 2454/685/4345
f 1050/635/4347 2454/685/4345 5109/687/4344 4162/634/4349
f 1050/635/4347 4162/634/4349 5041/688/3888 4070/689/3887
f 1050/635/4347 4070/689/3887 5743/690/3881 2453/636/4348
f 1051/670/4350 2455/669/4343 5104/682/4331 2447/683/4333
f 1051/670/4350 2447/683/4333 5745/684/3987 3253/671/4037
f 1051/670/4350 3253/671/4037 5744/692/4036 2456/691/4351
f 1051/670/4350 2456/691/4351 5109/687/4344 2455/669/4343
f 1052/640/4352 4162/634/4349 5109/687/4344 2456/691/4351
f 1052/640/4352 2456/691/4351 5744/692/4036 4069/639/4041
f 1052/640/4352 4069/639/4041 5721/693/3892 2318/694/3891
f 1052/640/4352 2318/694/3891 5041/688/3888 4162/634/4349
f 1053/672/4353 2457/677/4309 5102/676/4308 2452/668/4342
f 1053/672/4353 2452/668/4342 5105/686/4346 2460/695/4354
f 1053/672/4353 2460/695/4354 5110/698/4355 2459/673/4356
f 1053/672/4353 2459/673/4356 5106/678/4310 2457/677/4309
f 1054/674/4357 2458/679/4322 5106/678/4310 2459/673/4356
f 1054/674/4357 2459/673/4356 5110/698/4355 2462/699/4358
f 1054/674/4357 2462/699/4358 5739/702/4293 3249/675/4292
f 1054/674/4357 3249/675/4292 5740/680/4273 2458/679/4322
f 1055/642/4359 2460/695/4354 5105/686/4346 2453/636/4348
f 1055/642/4359 2453/636/4348 5743/690/3881 3252/696/3880
f 1055/642/4359 3252/696/3880 5742/697/3879 2461/643/4360
f 1055/642/4359 2461/643/4360 5110/698/4355 2460/695/4354
f 1056/646/4361 2462/699/4358 5110/698/4355 2461/643/4360
f 1056/646/4361 2461/643/4360 5742/697/3879 4071/700/3885
f 1056/646/4361 4071/700/3885 5713/701/3884 4072/647/4296
f 1056/646/4361 4072/647/4296 5739/702/4293 2462/699/4358
f 1057/586/4362 2463/587/4363 5111/676/4364 2481/677/4365
f 1057/586/4362 2481/677/4365 5115/678/4366 2466/591/4367
f 1057/586/4362 2466/591/4367 5116/592/4368 2465/593/4369
f 1057/586/4362 2465/593/4369 5112/594/4370 2463/587/4363
f 1058/595/4371 2464/596/4372 5112/594/4370 2465/593/4369
f 1058/595/4371 2465/593/4369 5116/592/4368 2468/597/4373
f 1058/595/4371 2468/597/4373 5763/598/4374 3275/599/4375
f 1058/595/4371 3275/599/4375 5764/600/4376 2464/596/4372
f 1059/601/4377 2466/591/4367 5115/678/4366 2482/679/4378
f 1059/601/4377 2482/679/4378 5758/680/4379 3268/604/4380
f 1059/601/4377 3268/604/4380 5759/605/4381 2467/606/4382
f 1059/601/4377 2467/606/4382 5116/592/4368 2466/591/4367
f 1060/607/4383 2468/597/4373 5116/592/4368 2467/606/4382
f 1060/607/4383 2467/606/4382 5759/605/4381 3269/608/4384
f 1060/607/4383 3269/608/4384 6017/609/4385 3274/610/4386
f 1060/607/4383 3274/610/4386 5763/598/4374 2468/597/4373
f 1061/611/4387 2469/681/4388 5111/676/4364 2463/587/4363
f 1061/611/4387 2463/587/4363 5112/594/4370 2472/613/4389
f 1061/611/4387 2472/613/4389 5117/614/4390 2471/615/4391
f 1061/611/4387 2471/615/4391 5113/682/4392 2469/681/4388
f 1062/617/4393 2470/683/4394 5113/682/4392 2471/615/4391
f 1062/617/4393 2471/615/4391 5117/614/4390 2474/619/4395
f 1062/617/4393 2474/619/4395 5751/620/4189 3258/621/4188
f 1062/617/4393 3258/621/4188 5750/684/4187 2470/683/4394
f 1063/623/4396 2472/613/4389 5112/594/4370 2464/596/4372
f 1063/623/4396 2464/596/4372 5764/600/4376 3276/624/4397
f 1063/623/4396 3276/624/4397 5765/625/4398 2473/626/4399
f 1063/623/4396 2473/626/4399 5117/614/4390 2472/613/4389
f 1064/627/4400 2474/619/4395 5117/614/4390 2473/626/4399
f 1064/627/4400 2473/626/4399 5765/625/4398 3277/628/4401
f 1064/627/4400 3277/628/4401 6021/629/4193 3259/630/4192
f 1064/627/4400 3259/630/4192 5751/620/4189 2474/619/4395
f 1065/667/4402 2475/668/4403 5111/676/4364 2469/681/4388
f 1065/667/4402 2469/681/4388 5113/682/4392 2478/669/4404
f 1065/667/4402 2478/669/4404 5118/687/4405 2477/685/4406
f 1065/667/4402 2477/685/4406 5114/686/4407 2475/668/4403
f 1066/635/4408 2476/636/4409 5114/686/4407 2477/685/4406
f 1066/635/4408 2477/685/4406 5118/687/4405 2480/634/4410
f 1066/635/4408 2480/634/4410 5747/688/3870 3256/689/3869
f 1066/635/4408 3256/689/3869 5748/690/3865 2476/636/4409
f 1067/670/4411 2478/669/4404 5113/682/4392 2470/683/4394
f 1067/670/4411 2470/683/4394 5750/684/4187 3257/671/4237
f 1067/670/4411 3257/671/4237 5749/692/4236 2479/691/4412
f 1067/670/4411 2479/691/4412 5118/687/4405 2478/669/4404
f 1068/640/4413 2480/634/4410 5118/687/4405 2479/691/4412
f 1068/640/4413 2479/691/4412 5749/692/4236 4065/639/4241
f 1068/640/4413 4065/639/4241 5714/693/3874 4068/694/3873
f 1068/640/4413 4068/694/3873 5747/688/3870 2480/634/4410
f 1069/672/4414 2481/677/4365 5111/676/4364 2475/668/4403
f 1069/672/4414 2475/668/4403 5114/686/4407 2484/695/4415
f 1069/672/4414 2484/695/4415 5119/698/4416 2483/673/4417
f 1069/672/4414 2483/673/4417 5115/678/4366 2481/677/4365
f 1070/674/4418 2482/679/4378 5115/678/4366 2483/673/4417
f 1070/674/4418 2483/673/4417 5119/698/4416 2485/699/4419
f 1070/674/4418 2485/699/4419 5757/702/4420 3267/675/4421
f 1070/674/4418 3267/675/4421 5758/680/4379 2482/679/4378
f 1071/642/4422 2484/695/4415 5114/686/4407 2476/636/4409
f 1071/642/4422 2476/636/4409 5748/690/3865 4067/696/3864
f 1071/642/4422 4067/696/3864 5039/697/3863 4161/643/4423
f 1071/642/4422 4161/643/4423 5119/698/4416 2484/695/4415
f 1072/646/4424 2485/699/4419 5119/698/4416 4161/643/4423
f 1072/646/4424 4161/643/4423 5039/697/3863 4066/700/3867
f 1072/646/4424 4066/700/3867 6016/701/3858 3266/647/4425
f 1072/646/4424 3266/647/4425 5757/702/4420 2485/699/4419
f 1073/586/4426 2486/587/4427 5120/676/4428 2503/677/4429
f 1073/586/4426 2503/677/4429 5124/678/4430 2489/591/4431
f 1073/586/4426 2489/591/4431 5125/592/4432 2488/593/4433
f 1073/586/4426 2488/593/4433 5121/594/4434 2486/587/4427
f 1074/595/4435 2487/596/4436 5121/594/4434 2488/593/4433
f 1074/595/4435 2488/593/4433 5125/592/4432 2491/597/4437
f 1074/595/4435 2491/597/4437 5762/598/4438 3272/599/4439
f 1074/595/4435 3272/599/4439 5761/600/4440 2487/596/4436
f 1075/601/4441 2489/591/4431 5124/678/4430 2504/679/4442
f 1075/601/4441 2504/679/4442 5753/680/4137 3262/604/4136
f 1075/601/4441 3262/604/4136 5754/605/4135 2490/606/4443
f 1075/601/4441 2490/606/4443 5125/592/4432 2489/591/4431
f 1076/607/4444 2491/597/4437 5125/592/4432 2490/606/4443
f 1076/607/4444 2490/606/4443 5754/605/4135 3263/608/4145
f 1076/607/4444 3263/608/4145 6022/609/4144 3273/610/4445
f 1076/607/4444 3273/610/4445 5762/598/4438 2491/597/4437
f 1077/611/4446 2492/681/4447 5120/676/4428 2486/587/4427
f 1077/611/4446 2486/587/4427 5121/594/4434 2495/613/4448
f 1077/611/4446 2495/613/4448 5126/614/4449 2494/615/4450
f 1077/611/4446 2494/615/4450 5122/682/4451 2492/681/4447
f 1078/617/4452 2493/683/4453 5122/682/4451 2494/615/4450
f 1078/617/4452 2494/615/4450 5126/614/4449 2497/619/4454
f 1078/617/4452 2497/619/4454 5759/620/4381 3268/621/4380
f 1078/617/4452 3268/621/4380 5758/684/4379 2493/683/4453
f 1079/623/4455 2495/613/4448 5121/594/4434 2487/596/4436
f 1079/623/4455 2487/596/4436 5761/600/4440 3271/624/4456
f 1079/623/4455 3271/624/4456 5760/625/4457 2496/626/4458
f 1079/623/4455 2496/626/4458 5126/614/4449 2495/613/4448
f 1080/627/4459 2497/619/4454 5126/614/4449 2496/626/4458
f 1080/627/4459 2496/626/4458 5760/625/4457 3270/628/4460
f 1080/627/4459 3270/628/4460 6017/629/4385 3269/630/4384
f 1080/627/4459 3269/630/4384 5759/620/4381 2497/619/4454
f 1081/667/4461 2498/668/4462 5120/676/4428 2492/681/4447
f 1081/667/4461 2492/681/4447 5122/682/4451 2501/669/4463
f 1081/667/4461 2501/669/4463 5127/687/4464 2500/685/4465
f 1081/667/4461 2500/685/4465 5123/686/4466 2498/668/4462
f 1082/635/4467 2499/636/4468 5123/686/4466 2500/685/4465
f 1082/635/4467 2500/685/4465 5127/687/4464 4160/634/4469
f 1082/635/4467 4160/634/4469 5037/688/3854 4064/689/3853
f 1082/635/4467 4064/689/3853 5756/690/3847 2499/636/4468
f 1083/670/4470 2501/669/4463 5122/682/4451 2493/683/4453
f 1083/670/4470 2493/683/4453 5758/684/4379 3267/671/4421
f 1083/670/4470 3267/671/4421 5757/692/4420 2502/691/4471
f 1083/670/4470 2502/691/4471 5127/687/4464 2501/669/4463
f 1084/640/4472 4160/634/4469 5127/687/4464 2502/691/4471
f 1084/640/4472 2502/691/4471 5757/692/4420 3266/639/4425
f 1084/640/4472 3266/639/4425 6016/693/3858 4063/694/3857
f 1084/640/4472 4063/694/3857 5037/688/3854 4160/634/4469
f 1085/672/4473 2503/677/4429 5120/676/4428 2498/668/4462
f 1085/672/4473 2498/668/4462 5123/686/4466 2506/695/4474
f 1085/672/4473 2506/695/4474 5128/698/4475 2505/673/4476
f 1085/672/4473 2505/673/4476 5124/678/4430 2503/677/4429
f 1086/674/4477 2504/679/4442 5124/678/4430 2505/673/4476
f 1086/674/4477 2505/673/4476 5128/698/4475 2508/699/4478
f 1086/674/4477 2508/699/4478 5752/702/4157 3261/675/4156
f 1086/674/4477 3261/675/4156 5753/680/4137 2504/679/4442
f 1087/642/4479 2506/695/4474 5123/686/4466 2499/636/4468
f 1087/642/4479 2499/636/4468 5756/690/3847 3265/696/3846
f 1087/642/4479 3265/696/3846 5755/697/3845 2507/643/4480
f 1087/642/4479 2507/643/4480 5128/698/4475 2506/695/4474
f 1088/646/4481 2508/699/4478 5128/698/4475 2507/643/4480
f 1088/646/4481 2507/643/4480 5755/697/3845 3264/700/3851
f 1088/646/4481 3264/700/3851 6015/701/3850 3260/647/4160
f 1088/646/4481 3260/647/4160 5752/702/4157 2508/699/4478
f 1089/791/4482 2509/792/4483 5129/793/4484 2527/794/4485
f 1089/791/4482 2527/794/4485 5133/795/4486 2512/796/4487
f 1089/791/4482 2512/796/4487 5134/797/4488 2511/798/4489
f 1089/791/4482 2511/798/4489 5130/799/4490 2509/792/4483
f 1090/800/4491 2510/801/4492 5130/799/4490 2511/798/4489
f 1090/800/4491 2511/798/4489 5134/797/4488 2514/802/4493
f 1090/800/4491 2514/802/4493 5381/157/150 3017/156/149
f 1090/800/4491 3017/156/149 5382/138/133 2510/801/4492
f 1091/803/4494 2512/796/4487 5133/795/4486 2528/804/4495
f 1091/803/4494 2528/804/4495 5934/805/4496 3477/806/4497
f 1091/803/4494 3477/806/4497 5933/807/4498 2513/808/4499
f 1091/803/4494 2513/808/4499 5134/797/4488 2512/796/4487
f 1092/809/4500 2514/802/4493 5134/797/4488 2513/808/4499
f 1092/809/4500 2513/808/4499 5933/807/4498 3476/810/4501
f 1092/809/4500 3476/810/4501 5959/161/80 3016/160/153
f 1092/809/4500 3016/160/153 5381/157/150 2514/802/4493
f 1093/811/4502 2515/812/4503 5129/793/4484 2509/792/4483
f 1093/811/4502 2509/792/4483 5130/799/4490 2518/813/4504
f 1093/811/4502 2518/813/4504 5135/814/4505 2517/815/4506
f 1093/811/4502 2517/815/4506 5131/816/4507 2515/812/4503
f 1094/817/4508 2516/818/4509 5131/816/4507 2517/815/4506
f 1094/817/4508 2517/815/4506 5135/814/4505 2520/819/4510
f 1094/817/4508 2520/819/4510 5915/820/4511 3453/821/4512
f 1094/817/4508 3453/821/4512 5916/822/4513 2516/818/4509
f 1095/823/4514 2518/813/4504 5130/799/4490 2510/801/4492
f 1095/823/4514 2510/801/4492 5382/138/133 3018/137/132
f 1095/823/4514 3018/137/132 5383/136/131 2519/824/4515
f 1095/823/4514 2519/824/4515 5135/814/4505 2518/813/4504
f 1096/825/4516 2520/819/4510 5135/814/4505 2519/824/4515
f 1096/825/4516 2519/824/4515 5383/136/131 3019/146/141
f 1096/825/4516 3019/146/141 5960/145/140 3452/826/4517
f 1096/825/4516 3452/826/4517 5915/820/4511 2520/819/4510
f 1097/827/4518 2521/828/4519 5129/793/4484 2515/812/4503
f 1097/827/4518 2515/812/4503 5131/816/4507 2524/829/4520
f 1097/827/4518 2524/829/4520 5136/830/4521 2523/831/4522
f 1097/827/4518 2523/831/4522 5132/832/4523 2521/828/4519
f 1098/833/4524 2522/834/4525 5132/832/4523 2523/831/4522
f 1098/833/4524 2523/831/4522 5136/830/4521 2526/835/4526
f 1098/833/4524 2526/835/4526 5786/836/4527 3304/837/4528
f 1098/833/4524 3304/837/4528 5785/838/4529 2522/834/4525
f 1099/839/4530 2524/829/4520 5131/816/4507 2516/818/4509
f 1099/839/4530 2516/818/4509 5916/822/4513 3454/840/4531
f 1099/839/4530 3454/840/4531 5917/841/4532 2525/842/4533
f 1099/839/4530 2525/842/4533 5136/830/4521 2524/829/4520
f 1100/843/4534 2526/835/4526 5136/830/4521 2525/842/4533
f 1100/843/4534 2525/842/4533 5917/841/4532 3455/844/4535
f 1100/843/4534 3455/844/4535 6027/845/4536 3305/846/4537
f 1100/843/4534 3305/846/4537 5786/836/4527 2526/835/4526
f 1101/847/4538 2527/794/4485 5129/793/4484 2521/828/4519
f 1101/847/4538 2521/828/4519 5132/832/4523 2530/848/4539
f 1101/847/4538 2530/848/4539 5137/849/4540 2529/850/4541
f 1101/847/4538 2529/850/4541 5133/795/4486 2527/794/4485
f 1102/851/4542 2528/804/4495 5133/795/4486 2529/850/4541
f 1102/851/4542 2529/850/4541 5137/849/4540 2532/852/4543
f 1102/851/4542 2532/852/4543 5935/853/4544 3478/854/4545
f 1102/851/4542 3478/854/4545 5934/805/4496 2528/804/4495
f 1103/855/4546 2530/848/4539 5132/832/4523 2522/834/4525
f 1103/855/4546 2522/834/4525 5785/838/4529 3303/856/4547
f 1103/855/4546 3303/856/4547 5784/857/4548 2531/858/4549
f 1103/855/4546 2531/858/4549 5137/849/4540 2530/848/4539
f 1104/859/4550 2532/852/4543 5137/849/4540 2531/858/4549
f 1104/859/4550 2531/858/4549 5784/857/4548 3302/860/4551
f 1104/859/4550 3302/860/4551 6026/861/4552 3479/862/4553
f 1104/859/4550 3479/862/4553 5935/853/4544 2532/852/4543
f 1105/863/4554 2533/864/4555 5138/865/4556 2551/866/4557
f 1105/863/4554 2551/866/4557 5142/867/4558 2536/868/4559
f 1105/863/4554 2536/868/4559 5143/869/4560 2535/870/4561
f 1105/863/4554 2535/870/4561 5139/871/4562 2533/864/4555
f 1106/872/4563 2534/873/4564 5139/871/4562 2535/870/4561
f 1106/872/4563 2535/870/4561 5143/869/4560 2538/874/4565
f 1106/872/4563 2538/874/4565 5374/20/20 3006/19/19
f 1106/872/4563 3006/19/19 5373/18/18 2534/873/4564
f 1107/875/4566 2536/868/4559 5142/867/4558 2552/876/4567
f 1107/875/4566 2552/876/4567 5919/877/4568 3457/878/4569
f 1107/875/4566 3457/878/4569 5918/879/4570 2537/880/4571
f 1107/875/4566 2537/880/4571 5143/869/4560 2536/868/4559
f 1108/881/4572 2538/874/4565 5143/869/4560 2537/880/4571
f 1108/881/4572 2537/880/4571 5918/879/4570 3456/882/4573
f 1108/881/4572 3456/882/4573 5962/24/24 3007/23/23
f 1108/881/4572 3007/23/23 5374/20/20 2538/874/4565
f 1109/883/4574 2539/884/4575 5138/865/4556 2533/864/4555
f 1109/883/4574 2533/864/4555 5139/871/4562 2542/885/4576
f 1109/883/4574 2542/885/4576 5144/886/4577 2541/887/4578
f 1109/883/4574 2541/887/4578 5140/888/4579 2539/884/4575
f 1110/889/4580 2540/890/4581 5140/888/4579 2541/887/4578
f 1110/889/4580 2541/887/4578 5144/886/4577 2544/891/4582
f 1110/889/4580 2544/891/4582 5933/892/4498 3477/893/4497
f 1110/889/4580 3477/893/4497 5934/894/4496 2540/890/4581
f 1111/895/4583 2542/885/4576 5139/871/4562 2534/873/4564
f 1111/895/4583 2534/873/4564 5373/18/18 3005/73/73
f 1111/895/4583 3005/73/73 5372/72/72 2543/896/4584
f 1111/895/4583 2543/896/4584 5144/886/4577 2542/885/4576
f 1112/897/4585 2544/891/4582 5144/886/4577 2543/896/4584
f 1112/897/4585 2543/896/4584 5372/72/72 3004/81/81
f 1112/897/4585 3004/81/81 5959/80/80 3476/898/4501
f 1112/897/4585 3476/898/4501 5933/892/4498 2544/891/4582
f 1113/899/4586 2545/900/4587 5138/865/4556 2539/884/4575
f 1113/899/4586 2539/884/4575 5140/888/4579 2548/901/4588
f 1113/899/4586 2548/901/4588 5145/902/4589 2547/903/4590
f 1113/899/4586 2547/903/4590 5141/904/4591 2545/900/4587
f 1114/905/4592 2546/906/4593 5141/904/4591 2547/903/4590
f 1114/905/4592 2547/903/4590 5145/902/4589 2550/907/4594
f 1114/905/4592 2550/907/4594 5787/908/4595 3307/909/4596
f 1114/905/4592 3307/909/4596 5788/910/4597 2546/906/4593
f 1115/911/4598 2548/901/4588 5140/888/4579 2540/890/4581
f 1115/911/4598 2540/890/4581 5934/894/4496 3478/912/4545
f 1115/911/4598 3478/912/4545 5935/913/4544 2549/914/4599
f 1115/911/4598 2549/914/4599 5145/902/4589 2548/901/4588
f 1116/915/4600 2550/907/4594 5145/902/4589 2549/914/4599
f 1116/915/4600 2549/914/4599 5935/913/4544 3479/916/4553
f 1116/915/4600 3479/916/4553 6026/917/4552 3306/918/4601
f 1116/915/4600 3306/918/4601 5787/908/4595 2550/907/4594
f 1117/919/4602 2551/866/4557 5138/865/4556 2545/900/4587
f 1117/919/4602 2545/900/4587 5141/904/4591 2554/920/4603
f 1117/919/4602 2554/920/4603 5146/921/4604 2553/922/4605
f 1117/919/4602 2553/922/4605 5142/867/4558 2551/866/4557
f 1118/923/4606 2552/876/4567 5142/867/4558 2553/922/4605
f 1118/923/4606 2553/922/4605 5146/921/4604 2556/924/4607
f 1118/923/4606 2556/924/4607 5920/925/4608 3458/926/4609
f 1118/923/4606 3458/926/4609 5919/877/4568 2552/876/4567
f 1119/927/4610 2554/920/4603 5141/904/4591 2546/906/4593
f 1119/927/4610 2546/906/4593 5788/910/4597 3308/928/4611
f 1119/927/4610 3308/928/4611 5789/929/4612 2555/930/4613
f 1119/927/4610 2555/930/4613 5146/921/4604 2554/920/4603
f 1120/931/4614 2556/924/4607 5146/921/4604 2555/930/4613
f 1120/931/4614 2555/930/4613 5789/929/4612 3309/932/4615
f 1120/931/4614 3309/932/4615 6028/933/4616 3459/934/4617
f 1120/931/4614 3459/934/4617 5920/925/4608 2556/924/4607
f 1121/935/4618 2557/936/4619 5147/937/4620 2575/938/4621
f 1121/935/4618 2575/938/4621 5151/939/4622 2560/940/4623
f 1121/935/4618 2560/940/4623 5152/941/4624 2559/942/4625
f 1121/935/4618 2559/942/4625 5148/943/4626 2557/936/4619
f 1122/944/4627 2558/945/4628 5148/943/4626 2559/942/4625
f 1122/944/4627 2559/942/4625 5152/941/4624 2562/946/4629
f 1122/944/4627 2562/946/4629 5387/582/573 3025/581/572
f 1122/944/4627 3025/581/572 5388/569/560 2558/945/4628
f 1123/947/4630 2560/940/4623 5151/939/4622 2576/948/4631
f 1123/947/4630 2576/948/4631 5922/949/4632 3461/950/4633
f 1123/947/4630 3461/950/4633 5921/951/4634 2561/952/4635
f 1123/947/4630 2561/952/4635 5152/941/4624 2560/940/4623
f 1124/953/4636 2562/946/4629 5152/941/4624 2561/952/4635
f 1124/953/4636 2561/952/4635 5921/951/4634 3460/954/4637
f 1124/953/4636 3460/954/4637 5961/509/500 3024/585/576
f 1124/953/4636 3024/585/576 5387/582/573 2562/946/4629
f 1125/955/4638 2563/956/4639 5147/937/4620 2557/936/4619
f 1125/955/4638 2557/936/4619 5148/943/4626 2566/957/4640
f 1125/955/4638 2566/957/4640 5153/958/4641 2565/959/4642
f 1125/955/4638 2565/959/4642 5149/960/4643 2563/956/4639
f 1126/961/4644 2564/962/4645 5149/960/4643 2565/959/4642
f 1126/961/4644 2565/959/4642 5153/958/4641 2568/963/4646
f 1126/961/4644 2568/963/4646 5918/879/4570 3457/878/4569
f 1126/961/4644 3457/878/4569 5919/877/4568 2564/962/4645
f 1127/964/4647 2566/957/4640 5148/943/4626 2558/945/4628
f 1127/964/4647 2558/945/4628 5388/569/560 3026/568/559
f 1127/964/4647 3026/568/559 5389/567/558 2567/965/4648
f 1127/964/4647 2567/965/4648 5153/958/4641 2566/957/4640
f 1128/966/4649 2568/963/4646 5153/958/4641 2567/965/4648
f 1128/966/4649 2567/965/4648 5389/567/558 3027/573/564
f 1128/966/4649 3027/573/564 5962/24/24 3456/882/4573
f 1128/966/4649 3456/882/4573 5918/879/4570 2568/963/4646
f 1129/967/4650 2569/968/4651 5147/937/4620 2563/956/4639
f 1129/967/4650 2563/956/4639 5149/960/4643 2572/969/4652
f 1129/967/4650 2572/969/4652 5154/970/4653 2571/971/4654
f 1129/967/4650 2571/971/4654 5150/972/4655 2569/968/4651
f 1130/973/4656 2570/974/4657 5150/972/4655 2571/971/4654
f 1130/973/4656 2571/971/4654 5154/970/4653 2574/975/4658
f 1130/973/4656 2574/975/4658 5790/976/4659 3311/977/4660
f 1130/973/4656 3311/977/4660 5791/978/4661 2570/974/4657
f 1131/979/4662 2572/969/4652 5149/960/4643 2564/962/4645
f 1131/979/4662 2564/962/4645 5919/877/4568 3458/926/4609
f 1131/979/4662 3458/926/4609 5920/925/4608 2573/980/4663
f 1131/979/4662 2573/980/4663 5154/970/4653 2572/969/4652
f 1132/981/4664 2574/975/4658 5154/970/4653 2573/980/4663
f 1132/981/4664 2573/980/4663 5920/925/4608 3459/934/4617
f 1132/981/4664 3459/934/4617 6028/933/4616 3310/982/4665
f 1132/981/4664 3310/982/4665 5790/976/4659 2574/975/4658
f 1133/983/4666 2575/938/4621 5147/937/4620 2569/968/4651
f 1133/983/4666 2569/968/4651 5150/972/4655 2578/984/4667
f 1133/983/4666 2578/984/4667 5155/985/4668 2577/986/4669
f 1133/983/4666 2577/986/4669 5151/939/4622 2575/938/4621
f 1134/987/4670 2576/948/4631 5151/939/4622 2577/986/4669
f 1134/987/4670 2577/986/4669 5155/985/4668 2580/988/4671
f 1134/987/4670 2580/988/4671 5923/989/4672 3462/990/4673
f 1134/987/4670 3462/990/4673 5922/949/4632 2576/948/4631
f 1135/991/4674 2578/984/4667 5150/972/4655 2570/974/4657
f 1135/991/4674 2570/974/4657 5791/978/4661 3312/992/4675
f 1135/991/4674 3312/992/4675 5792/993/4676 2579/994/4677
f 1135/991/4674 2579/994/4677 5155/985/4668 2578/984/4667
f 1136/995/4678 2580/988/4671 5155/985/4668 2579/994/4677
f 1136/995/4678 2579/994/4677 5792/993/4676 3313/996/4679
f 1136/995/4678 3313/996/4679 6029/997/4680 3463/998/4681
f 1136/995/4678 3463/998/4681 5923/989/4672 2580/988/4671
f 1137/999/4682 2581/1000/4683 5156/1001/4684 2599/1002/4685
f 1137/999/4682 2599/1002/4685 5160/1003/4686 2584/1004/4687
f 1137/999/4682 2584/1004/4687 5161/1005/4688 2583/1006/4689
f 1137/999/4682 2583/1006/4689 5157/1007/4690 2581/1000/4683
f 1138/1008/4691 2582/1009/4692 5157/1007/4690 2583/1006/4689
f 1138/1008/4691 2583/1006/4689 5161/1005/4688 2586/1010/4693
f 1138/1008/4691 2586/1010/4693 5941/519/510 3486/518/509
f 1138/1008/4691 3486/518/509 5940/502/493 2582/1009/4692
f 1139/1011/4694 2584/1004/4687 5160/1003/4686 2600/1012/4695
f 1139/1011/4694 2600/1012/4695 5925/1013/4696 3465/1014/4697
f 1139/1011/4694 3465/1014/4697 5924/1015/4698 2585/1016/4699
f 1139/1011/4694 2585/1016/4699 5161/1005/4688 2584/1004/4687
f 1140/1017/4700 2586/1010/4693 5161/1005/4688 2585/1016/4699
f 1140/1017/4700 2585/1016/4699 5924/1015/4698 3464/1018/4701
f 1140/1017/4700 3464/1018/4701 5971/437/428 3487/522/513
f 1140/1017/4700 3487/522/513 5941/519/510 2586/1010/4693
f 1141/1019/4702 2587/1020/4703 5156/1001/4684 2581/1000/4683
f 1141/1019/4702 2581/1000/4683 5157/1007/4690 2590/1021/4704
f 1141/1019/4702 2590/1021/4704 5162/1022/4705 2589/1023/4706
f 1141/1019/4702 2589/1023/4706 5158/1024/4707 2587/1020/4703
f 1142/1025/4708 2588/1026/4709 5158/1024/4707 2589/1023/4706
f 1142/1025/4708 2589/1023/4706 5162/1022/4705 2592/1027/4710
f 1142/1025/4708 2592/1027/4710 5921/951/4634 3461/950/4633
f 1142/1025/4708 3461/950/4633 5922/949/4632 2588/1026/4709
f 1143/1028/4711 2590/1021/4704 5157/1007/4690 2582/1009/4692
f 1143/1028/4711 2582/1009/4692 5940/502/493 3485/501/492
f 1143/1028/4711 3485/501/492 5939/500/491 2591/1029/4712
f 1143/1028/4711 2591/1029/4712 5162/1022/4705 2590/1021/4704
f 1144/1030/4713 2592/1027/4710 5162/1022/4705 2591/1029/4712
f 1144/1030/4713 2591/1029/4712 5939/500/491 3484/510/501
f 1144/1030/4713 3484/510/501 5961/509/500 3460/954/4637
f 1144/1030/4713 3460/954/4637 5921/951/4634 2592/1027/4710
f 1145/1031/4714 2593/1032/4715 5156/1001/4684 2587/1020/4703
f 1145/1031/4714 2587/1020/4703 5158/1024/4707 2596/1033/4716
f 1145/1031/4714 2596/1033/4716 5163/1034/4717 2595/1035/4718
f 1145/1031/4714 2595/1035/4718 5159/1036/4719 2593/1032/4715
f 1146/1037/4720 2594/1038/4721 5159/1036/4719 2595/1035/4718
f 1146/1037/4720 2595/1035/4718 5163/1034/4717 2598/1039/4722
f 1146/1037/4720 2598/1039/4722 5793/1040/4723 3315/1041/4724
f 1146/1037/4720 3315/1041/4724 5794/1042/4725 2594/1038/4721
f 1147/1043/4726 2596/1033/4716 5158/1024/4707 2588/1026/4709
f 1147/1043/4726 2588/1026/4709 5922/949/4632 3462/990/4673
f 1147/1043/4726 3462/990/4673 5923/989/4672 2597/1044/4727
f 1147/1043/4726 2597/1044/4727 5163/1034/4717 2596/1033/4716
f 1148/1045/4728 2598/1039/4722 5163/1034/4717 2597/1044/4727
f 1148/1045/4728 2597/1044/4727 5923/989/4672 3463/998/4681
f 1148/1045/4728 3463/998/4681 6029/997/4680 3314/1046/4729
f 1148/1045/4728 3314/1046/4729 5793/1040/4723 2598/1039/4722
f 1149/1047/4730 2599/1002/4685 5156/1001/4684 2593/1032/4715
f 1149/1047/4730 2593/1032/4715 5159/1036/4719 2602/1048/4731
f 1149/1047/4730 2602/1048/4731 5164/1049/4732 2601/1050/4733
f 1149/1047/4730 2601/1050/4733 5160/1003/4686 2599/1002/4685
f 1150/1051/4734 2600/1012/4695 5160/1003/4686 2601/1050/4733
f 1150/1051/4734 2601/1050/4733 5164/1049/4732 2604/1052/4735
f 1150/1051/4734 2604/1052/4735 5926/1053/4736 3466/1054/4737
f 1150/1051/4734 3466/1054/4737 5925/1013/4696 2600/1012/4695
f 1151/1055/4738 2602/1048/4731 5159/1036/4719 2594/1038/4721
f 1151/1055/4738 2594/1038/4721 5794/1042/4725 3316/1056/4739
f 1151/1055/4738 3316/1056/4739 5795/1057/4740 2603/1058/4741
f 1151/1055/4738 2603/1058/4741 5164/1049/4732 2602/1048/4731
f 1152/1059/4742 2604/1052/4735 5164/1049/4732 2603/1058/4741
f 1152/1059/4742 2603/1058/4741 5795/1057/4740 3317/1060/4743
f 1152/1059/4742 3317/1060/4743 6030/1061/4744 3467/1062/4745
f 1152/1059/4742 3467/1062/4745 5926/1053/4736 2604/1052/4735
f 1153/1063/4746 2605/1064/4747 5165/1065/4748 2623/1066/4749
f 1153/1063/4746 2623/1066/4749 5169/1067/4750 2608/1068/4751
f 1153/1063/4746 2608/1068/4751 5170/1069/4752 2607/1070/4753
f 1153/1063/4746 2607/1070/4753 5166/1071/4754 2605/1064/4747
f 1154/1072/4755 2606/1073/4756 5166/1071/4754 2607/1070/4753
f 1154/1072/4755 2607/1070/4753 5170/1069/4752 2610/1074/4757
f 1154/1072/4755 2610/1074/4757 5942/231/222 3489/230/221
f 1154/1072/4755 3489/230/221 5943/214/205 2606/1073/4756
f 1155/1075/4758 2608/1068/4751 5169/1067/4750 2624/1076/4759
f 1155/1075/4758 2624/1076/4759 5916/822/4513 3453/821/4512
f 1155/1075/4758 3453/821/4512 5915/820/4511 2609/1077/4760
f 1155/1075/4758 2609/1077/4760 5170/1069/4752 2608/1068/4751
f 1156/1078/4761 2610/1074/4757 5170/1069/4752 2609/1077/4760
f 1156/1078/4761 2609/1077/4760 5915/820/4511 3452/826/4517
f 1156/1078/4761 3452/826/4517 5960/145/140 3488/234/225
f 1156/1078/4761 3488/234/225 5942/231/222 2610/1074/4757
f 1157/1079/4762 2611/1080/4763 5165/1065/4748 2605/1064/4747
f 1157/1079/4762 2605/1064/4747 5166/1071/4754 2614/1081/4764
f 1157/1079/4762 2614/1081/4764 5171/1082/4765 2613/1083/4766
f 1157/1079/4762 2613/1083/4766 5167/1084/4767 2611/1080/4763
f 1158/1085/4768 2612/1086/4769 5167/1084/4767 2613/1083/4766
f 1158/1085/4768 2613/1083/4766 5171/1082/4765 2616/1087/4770
f 1158/1085/4768 2616/1087/4770 5903/1088/4771 3437/1089/4772
f 1158/1085/4768 3437/1089/4772 5904/1090/4773 2612/1086/4769
f 1159/1091/4774 2614/1081/4764 5166/1071/4754 2606/1073/4756
f 1159/1091/4774 2606/1073/4756 5943/214/205 3490/213/204
f 1159/1091/4774 3490/213/204 5944/212/203 2615/1092/4775
f 1159/1091/4774 2615/1092/4775 5171/1082/4765 2614/1081/4764
f 1160/1093/4776 2616/1087/4770 5171/1082/4765 2615/1092/4775
f 1160/1093/4776 2615/1092/4775 5944/212/203 3491/222/213
f 1160/1093/4776 3491/222/213 6025/221/212 3436/1094/4777
f 1160/1093/4776 3436/1094/4777 5903/1088/4771 2616/1087/4770
f 1161/1095/4778 2617/1096/4779 5165/1065/4748 2611/1080/4763
f 1161/1095/4778 2611/1080/4763 5167/1084/4767 2620/1097/4780
f 1161/1095/4778 2620/1097/4780 5172/1098/4781 2619/1099/4782
f 1161/1095/4778 2619/1099/4782 5168/1100/4783 2617/1096/4779
f 1162/1101/4784 2618/1102/4785 5168/1100/4783 2619/1099/4782
f 1162/1101/4784 2619/1099/4782 5172/1098/4781 2622/1103/4786
f 1162/1101/4784 2622/1103/4786 5798/1104/4787 3320/1105/4788
f 1162/1101/4784 3320/1105/4788 5797/1106/4789 2618/1102/4785
f 1163/1107/4790 2620/1097/4780 5167/1084/4767 2612/1086/4769
f 1163/1107/4790 2612/1086/4769 5904/1090/4773 3438/1108/4791
f 1163/1107/4790 3438/1108/4791 5905/1109/4792 2621/1110/4793
f 1163/1107/4790 2621/1110/4793 5172/1098/4781 2620/1097/4780
f 1164/1111/4794 2622/1103/4786 5172/1098/4781 2621/1110/4793
f 1164/1111/4794 2621/1110/4793 5905/1109/4792 3439/1112/4795
f 1164/1111/4794 3439/1112/4795 6031/1113/4796 3321/1114/4797
f 1164/1111/4794 3321/1114/4797 5798/1104/4787 2622/1103/4786
f 1165/1115/4798 2623/1066/4749 5165/1065/4748 2617/1096/4779
f 1165/1115/4798 2617/1096/4779 5168/1100/4783 2626/1116/4799
f 1165/1115/4798 2626/1116/4799 5173/1117/4800 2625/1118/4801
f 1165/1115/4798 2625/1118/4801 5169/1067/4750 2623/1066/4749
f 1166/1119/4802 2624/1076/4759 5169/1067/4750 2625/1118/4801
f 1166/1119/4802 2625/1118/4801 5173/1117/4800 2628/1120/4803
f 1166/1119/4802 2628/1120/4803 5917/841/4532 3454/840/4531
f 1166/1119/4802 3454/840/4531 5916/822/4513 2624/1076/4759
f 1167/1121/4804 2626/1116/4799 5168/1100/4783 2618/1102/4785
f 1167/1121/4804 2618/1102/4785 5797/1106/4789 3319/1122/4805
f 1167/1121/4804 3319/1122/4805 5796/1123/4806 2627/1124/4807
f 1167/1121/4804 2627/1124/4807 5173/1117/4800 2626/1116/4799
f 1168/1125/4808 2628/1120/4803 5173/1117/4800 2627/1124/4807
f 1168/1125/4808 2627/1124/4807 5796/1123/4806 3318/1126/4809
f 1168/1125/4808 3318/1126/4809 6027/845/4536 3455/844/4535
f 1168/1125/4808 3455/844/4535 5917/841/4532 2628/1120/4803
f 1169/1127/4810 2629/1128/4811 5174/1129/4812 2647/1130/4813
f 1169/1127/4810 2647/1130/4813 5178/1131/4814 2632/1132/4815
f 1169/1127/4810 2632/1132/4815 5179/1133/4816 2631/1134/4817
f 1169/1127/4810 2631/1134/4817 5175/1135/4818 2629/1128/4811
f 1170/1136/4819 2630/1137/4820 5175/1135/4818 2631/1134/4817
f 1170/1136/4819 2631/1134/4817 5179/1133/4816 2634/1138/4821
f 1170/1136/4819 2634/1138/4821 5414/447/438 3061/446/437
f 1170/1136/4819 3061/446/437 5415/430/421 2630/1137/4820
f 1171/1139/4822 2632/1132/4815 5178/1131/4814 2648/1140/4823
f 1171/1139/4822 2648/1140/4823 5928/1141/4824 3469/1142/4825
f 1171/1139/4822 3469/1142/4825 5927/1143/4826 2633/1144/4827
f 1171/1139/4822 2633/1144/4827 5179/1133/4816 2632/1132/4815
f 1172/1145/4828 2634/1138/4821 5179/1133/4816 2633/1144/4827
f 1172/1145/4828 2633/1144/4827 5927/1143/4826 3468/1146/4829
f 1172/1145/4828 3468/1146/4829 5963/365/356 3060/450/441
f 1172/1145/4828 3060/450/441 5414/447/438 2634/1138/4821
f 1173/1147/4830 2635/1148/4831 5174/1129/4812 2629/1128/4811
f 1173/1147/4830 2629/1128/4811 5175/1135/4818 2638/1149/4832
f 1173/1147/4830 2638/1149/4832 5180/1150/4833 2637/1151/4834
f 1173/1147/4830 2637/1151/4834 5176/1152/4835 2635/1148/4831
f 1174/1153/4836 2636/1154/4837 5176/1152/4835 2637/1151/4834
f 1174/1153/4836 2637/1151/4834 5180/1150/4833 2640/1155/4838
f 1174/1153/4836 2640/1155/4838 5924/1015/4698 3465/1014/4697
f 1174/1153/4836 3465/1014/4697 5925/1013/4696 2636/1154/4837
f 1175/1156/4839 2638/1149/4832 5175/1135/4818 2630/1137/4820
f 1175/1156/4839 2630/1137/4820 5415/430/421 3062/429/420
f 1175/1156/4839 3062/429/420 5416/428/419 2639/1157/4840
f 1175/1156/4839 2639/1157/4840 5180/1150/4833 2638/1149/4832
f 1176/1158/4841 2640/1155/4838 5180/1150/4833 2639/1157/4840
f 1176/1158/4841 2639/1157/4840 5416/428/419 3063/438/429
f 1176/1158/4841 3063/438/429 5971/437/428 3464/1018/4701
f 1176/1158/4841 3464/1018/4701 5924/1015/4698 2640/1155/4838
f 1177/1159/4842 2641/1160/4843 5174/1129/4812 2635/1148/4831
f 1177/1159/4842 2635/1148/4831 5176/1152/4835 2644/1161/4844
f 1177/1159/4842 2644/1161/4844 5181/1162/4845 2643/1163/4846
f 1177/1159/4842 2643/1163/4846 5177/1164/4847 2641/1160/4843
f 1178/1165/4848 2642/1166/4849 5177/1164/4847 2643/1163/4846
f 1178/1165/4848 2643/1163/4846 5181/1162/4845 2646/1167/4850
f 1178/1165/4848 2646/1167/4850 5799/1168/4851 3323/1169/4852
f 1178/1165/4848 3323/1169/4852 5800/1170/4853 2642/1166/4849
f 1179/1171/4854 2644/1161/4844 5176/1152/4835 2636/1154/4837
f 1179/1171/4854 2636/1154/4837 5925/1013/4696 3466/1054/4737
f 1179/1171/4854 3466/1054/4737 5926/1053/4736 2645/1172/4855
f 1179/1171/4854 2645/1172/4855 5181/1162/4845 2644/1161/4844
f 1180/1173/4856 2646/1167/4850 5181/1162/4845 2645/1172/4855
f 1180/1173/4856 2645/1172/4855 5926/1053/4736 3467/1062/4745
f 1180/1173/4856 3467/1062/4745 6030/1061/4744 3322/1174/4857
f 1180/1173/4856 3322/1174/4857 5799/1168/4851 2646/1167/4850
f 1181/1175/4858 2647/1130/4813 5174/1129/4812 2641/1160/4843
f 1181/1175/4858 2641/1160/4843 5177/1164/4847 2650/1176/4859
f 1181/1175/4858 2650/1176/4859 5182/1177/4860 2649/1178/4861
f 1181/1175/4858 2649/1178/4861 5178/1131/4814 2647/1130/4813
f 1182/1179/4862 2648/1140/4823 5178/1131/4814 2649/1178/4861
f 1182/1179/4862 2649/1178/4861 5182/1177/4860 2652/1180/4863
f 1182/1179/4862 2652/1180/4863 5929/1181/4864 3470/1182/4865
f 1182/1179/4862 3470/1182/4865 5928/1141/4824 2648/1140/4823
f 1183/1183/4866 2650/1176/4859 5177/1164/4847 2642/1166/4849
f 1183/1183/4866 2642/1166/4849 5800/1170/4853 3324/1184/4867
f 1183/1183/4866 3324/1184/4867 5801/1185/4868 2651/1186/4869
f 1183/1183/4866 2651/1186/4869 5182/1177/4860 2650/1176/4859
f 1184/1187/4870 2652/1180/4863 5182/1177/4860 2651/1186/4869
f 1184/1187/4870 2651/1186/4869 5801/1185/4868 3325/1188/4871
f 1184/1187/4870 3325/1188/4871 6032/1189/4872 3471/1190/4873
f 1184/1187/4870 3471/1190/4873 5929/1181/4864 2652/1180/4863
f 1185/1191/4874 2653/1192/4875 5183/1193/4876 2671/1194/4877
f 1185/1191/4874 2671/1194/4877 5187/1195/4878 2656/1196/4879
f 1185/1191/4874 2656/1196/4879 5188/1197/4880 2655/1198/4881
f 1185/1191/4874 2655/1198/4881 5184/1199/4882 2653/1192/4875
f 1186/1200/4883 2654/1201/4884 5184/1199/4882 2655/1198/4881
f 1186/1200/4883 2655/1198/4881 5188/1197/4880 2658/1202/4885
f 1186/1200/4883 2658/1202/4885 5914/303/294 3450/302/293
f 1186/1200/4883 3450/302/293 5913/286/277 2654/1201/4884
f 1187/1203/4886 2656/1196/4879 5187/1195/4878 2672/1204/4887
f 1187/1203/4886 2672/1204/4887 5904/1090/4773 3437/1089/4772
f 1187/1203/4886 3437/1089/4772 5903/1088/4771 2657/1205/4888
f 1187/1203/4886 2657/1205/4888 5188/1197/4880 2656/1196/4879
f 1188/1206/4889 2658/1202/4885 5188/1197/4880 2657/1205/4888
f 1188/1206/4889 2657/1205/4888 5903/1088/4771 3436/1094/4777
f 1188/1206/4889 3436/1094/4777 6025/221/212 3451/306/297
f 1188/1206/4889 3451/306/297 5914/303/294 2658/1202/4885
f 1189/1207/4890 2659/1208/4891 5183/1193/4876 2653/1192/4875
f 1189/1207/4890 2653/1192/4875 5184/1199/4882 2662/1209/4892
f 1189/1207/4890 2662/1209/4892 5189/1210/4893 2661/1211/4894
f 1189/1207/4890 2661/1211/4894 5185/1212/4895 2659/1208/4891
f 1190/1213/4896 2660/1214/4897 5185/1212/4895 2661/1211/4894
f 1190/1213/4896 2661/1211/4894 5189/1210/4893 2664/1215/4898
f 1190/1213/4896 2664/1215/4898 5930/1216/4899 3473/1217/4900
f 1190/1213/4896 3473/1217/4900 5931/1218/4901 2660/1214/4897
f 1191/1219/4902 2662/1209/4892 5184/1199/4882 2654/1201/4884
f 1191/1219/4902 2654/1201/4884 5913/286/277 3449/285/276
f 1191/1219/4902 3449/285/276 5912/284/275 2663/1220/4903
f 1191/1219/4902 2663/1220/4903 5189/1210/4893 2662/1209/4892
f 1192/1221/4904 2664/1215/4898 5189/1210/4893 2663/1220/4903
f 1192/1221/4904 2663/1220/4903 5912/284/275 3448/294/285
f 1192/1221/4904 3448/294/285 5973/293/284 3472/1222/4905
f 1192/1221/4904 3472/1222/4905 5930/1216/4899 2664/1215/4898
f 1193/1223/4906 2665/1224/4907 5183/1193/4876 2659/1208/4891
f 1193/1223/4906 2659/1208/4891 5185/1212/4895 2668/1225/4908
f 1193/1223/4906 2668/1225/4908 5190/1226/4909 2667/1227/4910
f 1193/1223/4906 2667/1227/4910 5186/1228/4911 2665/1224/4907
f 1194/1229/4912 2666/1230/4913 5186/1228/4911 2667/1227/4910
f 1194/1229/4912 2667/1227/4910 5190/1226/4909 2670/1231/4914
f 1194/1229/4912 2670/1231/4914 5804/1232/4915 3328/1233/4916
f 1194/1229/4912 3328/1233/4916 5803/1234/4917 2666/1230/4913
f 1195/1235/4918 2668/1225/4908 5185/1212/4895 2660/1214/4897
f 1195/1235/4918 2660/1214/4897 5931/1218/4901 3474/1236/4919
f 1195/1235/4918 3474/1236/4919 5932/1237/4920 2669/1238/4921
f 1195/1235/4918 2669/1238/4921 5190/1226/4909 2668/1225/4908
f 1196/1239/4922 2670/1231/4914 5190/1226/4909 2669/1238/4921
f 1196/1239/4922 2669/1238/4921 5932/1237/4920 3475/1240/4923
f 1196/1239/4922 3475/1240/4923 6033/1241/4924 3329/1242/4925
f 1196/1239/4922 3329/1242/4925 5804/1232/4915 2670/1231/4914
f 1197/1243/4926 2671/1194/4877 5183/1193/4876 2665/1224/4907
f 1197/1243/4926 2665/1224/4907 5186/1228/4911 2674/1244/4927
f 1197/1243/4926 2674/1244/4927 5191/1245/4928 2673/1246/4929
f 1197/1243/4926 2673/1246/4929 5187/1195/4878 2671/1194/4877
f 1198/1247/4930 2672/1204/4887 5187/1195/4878 2673/1246/4929
f 1198/1247/4930 2673/1246/4929 5191/1245/4928 2676/1248/4931
f 1198/1247/4930 2676/1248/4931 5905/1109/4792 3438/1108/4791
f 1198/1247/4930 3438/1108/4791 5904/1090/4773 2672/1204/4887
f 1199/1249/4932 2674/1244/4927 5186/1228/4911 2666/1230/4913
f 1199/1249/4932 2666/1230/4913 5803/1234/4917 3327/1250/4933
f 1199/1249/4932 3327/1250/4933 5802/1251/4934 2675/1252/4935
f 1199/1249/4932 2675/1252/4935 5191/1245/4928 2674/1244/4927
f 1200/1253/4936 2676/1248/4931 5191/1245/4928 2675/1252/4935
f 1200/1253/4936 2675/1252/4935 5802/1251/4934 3326/1254/4937
f 1200/1253/4936 3326/1254/4937 6031/1113/4796 3439/1112/4795
f 1200/1253/4936 3439/1112/4795 5905/1109/4792 2676/1248/4931
f 1201/1255/4938 2677/1256/4939 5192/1257/4940 2695/1258/4941
f 1201/1255/4938 2695/1258/4941 5196/1259/4942 2680/1260/4943
f 1201/1255/4938 2680/1260/4943 5197/1261/4944 2679/1262/4945
f 1201/1255/4938 2679/1262/4945 5193/1263/4946 2677/1256/4939
f 1202/1264/4947 2678/1265/4948 5193/1263/4946 2679/1262/4945
f 1202/1264/4947 2679/1262/4945 5197/1261/4944 2682/1266/4949
f 1202/1264/4947 2682/1266/4949 5938/375/366 3482/374/365
f 1202/1264/4947 3482/374/365 5937/358/349 2678/1265/4948
f 1203/1267/4950 2680/1260/4943 5196/1259/4942 2696/1268/4951
f 1203/1267/4950 2696/1268/4951 5931/1218/4901 3473/1217/4900
f 1203/1267/4950 3473/1217/4900 5930/1216/4899 2681/1269/4952
f 1203/1267/4950 2681/1269/4952 5197/1261/4944 2680/1260/4943
f 1204/1270/4953 2682/1266/4949 5197/1261/4944 2681/1269/4952
f 1204/1270/4953 2681/1269/4952 5930/1216/4899 3472/1222/4905
f 1204/1270/4953 3472/1222/4905 5973/293/284 3483/378/369
f 1204/1270/4953 3483/378/369 5938/375/366 2682/1266/4949
f 1205/1271/4954 2683/1272/4955 5192/1257/4940 2677/1256/4939
f 1205/1271/4954 2677/1256/4939 5193/1263/4946 2686/1273/4956
f 1205/1271/4954 2686/1273/4956 5198/1274/4957 2685/1275/4958
f 1205/1271/4954 2685/1275/4958 5194/1276/4959 2683/1272/4955
f 1206/1277/4960 2684/1278/4961 5194/1276/4959 2685/1275/4958
f 1206/1277/4960 2685/1275/4958 5198/1274/4957 2688/1279/4962
f 1206/1277/4960 2688/1279/4962 5927/1143/4826 3469/1142/4825
f 1206/1277/4960 3469/1142/4825 5928/1141/4824 2684/1278/4961
f 1207/1280/4963 2686/1273/4956 5193/1263/4946 2678/1265/4948
f 1207/1280/4963 2678/1265/4948 5937/358/349 3481/357/348
f 1207/1280/4963 3481/357/348 5936/356/347 2687/1281/4964
f 1207/1280/4963 2687/1281/4964 5198/1274/4957 2686/1273/4956
f 1208/1282/4965 2688/1279/4962 5198/1274/4957 2687/1281/4964
f 1208/1282/4965 2687/1281/4964 5936/356/347 3480/366/357
f 1208/1282/4965 3480/366/357 5963/365/356 3468/1146/4829
f 1208/1282/4965 3468/1146/4829 5927/1143/4826 2688/1279/4962
f 1209/1283/4966 2689/1284/4967 5192/1257/4940 2683/1272/4955
f 1209/1283/4966 2683/1272/4955 5194/1276/4959 2692/1285/4968
f 1209/1283/4966 2692/1285/4968 5199/1286/4969 2691/1287/4970
f 1209/1283/4966 2691/1287/4970 5195/1288/4971 2689/1284/4967
f 1210/1289/4972 2690/1290/4973 5195/1288/4971 2691/1287/4970
f 1210/1289/4972 2691/1287/4970 5199/1286/4969 2694/1291/4974
f 1210/1289/4972 2694/1291/4974 5805/1292/4975 3331/1293/4976
f 1210/1289/4972 3331/1293/4976 5806/1294/4977 2690/1290/4973
f 1211/1295/4978 2692/1285/4968 5194/1276/4959 2684/1278/4961
f 1211/1295/4978 2684/1278/4961 5928/1141/4824 3470/1182/4865
f 1211/1295/4978 3470/1182/4865 5929/1181/4864 2693/1296/4979
f 1211/1295/4978 2693/1296/4979 5199/1286/4969 2692/1285/4968
f 1212/1297/4980 2694/1291/4974 5199/1286/4969 2693/1296/4979
f 1212/1297/4980 2693/1296/4979 5929/1181/4864 3471/1190/4873
f 1212/1297/4980 3471/1190/4873 6032/1189/4872 3330/1298/4981
f 1212/1297/4980 3330/1298/4981 5805/1292/4975 2694/1291/4974
f 1213/1299/4982 2695/1258/4941 5192/1257/4940 2689/1284/4967
f 1213/1299/4982 2689/1284/4967 5195/1288/4971 2698/1300/4983
f 1213/1299/4982 2698/1300/4983 5200/1301/4984 2697/1302/4985
f 1213/1299/4982 2697/1302/4985 5196/1259/4942 2695/1258/4941
f 1214/1303/4986 2696/1268/4951 5196/1259/4942 2697/1302/4985
f 1214/1303/4986 2697/1302/4985 5200/1301/4984 2700/1304/4987
f 1214/1303/4986 2700/1304/4987 5932/1237/4920 3474/1236/4919
f 1214/1303/4986 3474/1236/4919 5931/1218/4901 2696/1268/4951
f 1215/1305/4988 2698/1300/4983 5195/1288/4971 2690/1290/4973
f 1215/1305/4988 2690/1290/4973 5806/1294/4977 3332/1306/4989
f 1215/1305/4988 3332/1306/4989 5807/1307/4990 2699/1308/4991
f 1215/1305/4988 2699/1308/4991 5200/1301/4984 2698/1300/4983
f 1216/1309/4992 2700/1304/4987 5200/1301/4984 2699/1308/4991
f 1216/1309/4992 2699/1308/4991 5807/1307/4990 3333/1310/4993
f 1216/1309/4992 3333/1310/4993 6033/1241/4924 3475/1240/4923
f 1216/1309/4992 3475/1240/4923 5932/1237/4920 2700/1304/4987
f 1217/1311/4994 3562/1312/4995 5266/1313/4996 3532/1314/4997
f 1217/1311/4994 3532/1314/4997 5809/1315/4998 3561/1316/4999
f 1217/1311/4994 3561/1316/4999 5203/1317/5000 2702/1318/5001
f 1217/1311/4994 2702/1318/5001 5201/1319/5002 3562/1312/4995
f 1218/1320/5003 2701/1321/5004 5201/1319/5002 2702/1318/5001
f 1218/1320/5003 2702/1318/5001 5203/1317/5000 2704/1322/5005
f 1218/1320/5003 2704/1322/5005 5807/1307/4990 3332/1306/4989
f 1218/1320/5003 3332/1306/4989 5806/1294/4977 2701/1321/5004
f 1219/1323/5006 3561/1316/4999 5809/1315/4998 3531/1324/5007
f 1219/1323/5006 3531/1324/5007 5811/1325/5008 3530/1326/5009
f 1219/1323/5006 3530/1326/5009 5810/1327/5010 2703/1328/5011
f 1219/1323/5006 2703/1328/5011 5203/1317/5000 3561/1316/4999
f 1220/1329/5012 2704/1322/5005 5203/1317/5000 2703/1328/5011
f 1220/1329/5012 2703/1328/5011 5810/1327/5010 3335/1330/5013
f 1220/1329/5012 3335/1330/5013 6033/1241/4924 3333/1310/4993
f 1220/1329/5012 3333/1310/4993 5807/1307/4990 2704/1322/5005
f 1221/1331/5014 3533/1332/5015 5266/1313/4996 3562/1312/4995
f 1221/1331/5014 3562/1312/4995 5201/1319/5002 2706/1333/5016
f 1221/1331/5014 2706/1333/5016 5204/1334/5017 2705/1335/5018
f 1221/1331/5014 2705/1335/5018 5202/1336/5019 3533/1332/5015
f 1222/1337/5020 3534/1338/5021 5202/1336/5019 2705/1335/5018
f 1222/1337/5020 2705/1335/5018 5204/1334/5017 2708/1339/5022
f 1222/1337/5020 2708/1339/5022 5808/1340/5023 3535/1341/5024
f 1222/1337/5020 3535/1341/5024 5848/1342/5025 3534/1338/5021
f 1223/1343/5026 2706/1333/5016 5201/1319/5002 2701/1321/5004
f 1223/1343/5026 2701/1321/5004 5806/1294/4977 3331/1293/4976
f 1223/1343/5026 3331/1293/4976 5805/1292/4975 2707/1344/5027
f 1223/1343/5026 2707/1344/5027 5204/1334/5017 2706/1333/5016
f 1224/1345/5028 2708/1339/5022 5204/1334/5017 2707/1344/5027
f 1224/1345/5028 2707/1344/5027 5805/1292/4975 3330/1298/4981
f 1224/1345/5028 3330/1298/4981 6032/1189/4872 3334/1346/5029
f 1224/1345/5028 3334/1346/5029 5808/1340/5023 2708/1339/5022
f 1225/1347/5030 3560/1348/5031 5206/1349/5032 3529/1350/5033
f 1225/1347/5030 3529/1350/5033 5207/1351/5034 2711/1352/5035
f 1225/1347/5030 2711/1352/5035 5208/1353/5036 2710/1354/5037
f 1225/1347/5030 2710/1354/5037 5205/1355/5038 3560/1348/5031
f 1226/1356/5039 2709/1357/5040 5205/1355/5038 2710/1354/5037
f 1226/1356/5039 2710/1354/5037 5208/1353/5036 2713/1358/5041
f 1226/1356/5039 2713/1358/5041 5802/1251/4934 3327/1250/4933
f 1226/1356/5039 3327/1250/4933 5803/1234/4917 2709/1357/5040
f 1227/1359/5042 2711/1352/5035 5207/1351/5034 3528/1360/5043
f 1227/1359/5042 3528/1360/5043 6034/1361/5044 3527/1362/5045
f 1227/1359/5042 3527/1362/5045 5812/1363/5046 2712/1364/5047
f 1227/1359/5042 2712/1364/5047 5208/1353/5036 2711/1352/5035
f 1228/1365/5048 2713/1358/5041 5208/1353/5036 2712/1364/5047
f 1228/1365/5048 2712/1364/5047 5812/1363/5046 3336/1366/5049
f 1228/1365/5048 3336/1366/5049 6031/1113/4796 3326/1254/4937
f 1228/1365/5048 3326/1254/4937 5802/1251/4934 2713/1358/5041
f 1229/1367/5050 2717/1368/5051 5206/1349/5032 3560/1348/5031
f 1229/1367/5050 3560/1348/5031 5205/1355/5038 2714/1369/5052
f 1229/1367/5050 2714/1369/5052 5209/1370/5053 3559/1371/5054
f 1229/1367/5050 3559/1371/5054 5210/1372/5055 2717/1368/5051
f 1230/1373/5056 2718/1374/5057 5210/1372/5055 3559/1371/5054
f 1230/1373/5056 3559/1371/5054 5209/1370/5053 2716/1375/5058
f 1230/1373/5056 2716/1375/5058 5810/1327/5010 3530/1326/5009
f 1230/1373/5056 3530/1326/5009 5811/1325/5008 2718/1374/5057
f 1231/1376/5059 2714/1369/5052 5205/1355/5038 2709/1357/5040
f 1231/1376/5059 2709/1357/5040 5803/1234/4917 3328/1233/4916
f 1231/1376/5059 3328/1233/4916 5804/1232/4915 2715/1377/5060
f 1231/1376/5059 2715/1377/5060 5209/1370/5053 2714/1369/5052
f 1232/1378/5061 2716/1375/5058 5209/1370/5053 2715/1377/5060
f 1232/1378/5061 2715/1377/5060 5804/1232/4915 3329/1242/4925
f 1232/1378/5061 3329/1242/4925 6033/1241/4924 3335/1330/5013
f 1232/1378/5061 3335/1330/5013 5810/1327/5010 2716/1375/5058
f 1233/1379/5062 3558/1380/5063 5259/1381/5064 3524/1382/5065
f 1233/1379/5062 3524/1382/5065 5212/1383/5066 2721/1384/5067
f 1233/1379/5062 2721/1384/5067 5213/1385/5068 2720/1386/5069
f 1233/1379/5062 2720/1386/5069 5211/1387/5070 3558/1380/5063
f 1234/1388/5071 2719/1389/5072 5211/1387/5070 2720/1386/5069
f 1234/1388/5071 2720/1386/5069 5213/1385/5068 2723/1390/5073
f 1234/1388/5071 2723/1390/5073 5801/1185/4868 3324/1184/4867
f 1234/1388/5071 3324/1184/4867 5800/1170/4853 2719/1389/5072
f 1235/1391/5074 2721/1384/5067 5212/1383/5066 3525/1392/5075
f 1235/1391/5074 3525/1392/5075 5848/1342/5025 3535/1341/5024
f 1235/1391/5074 3535/1341/5024 5808/1340/5023 2722/1393/5076
f 1235/1391/5074 2722/1393/5076 5213/1385/5068 2721/1384/5067
f 1236/1394/5077 2723/1390/5073 5213/1385/5068 2722/1393/5076
f 1236/1394/5077 2722/1393/5076 5808/1340/5023 3334/1346/5029
f 1236/1394/5077 3334/1346/5029 6032/1189/4872 3325/1188/4871
f 1236/1394/5077 3325/1188/4871 5801/1185/4868 2723/1390/5073
f 1237/1395/5078 3523/1396/5079 5259/1381/5064 3558/1380/5063
f 1237/1395/5078 3558/1380/5063 5211/1387/5070 2724/1397/5080
f 1237/1395/5078 2724/1397/5080 5214/1398/5081 3557/1399/5082
f 1237/1395/5078 3557/1399/5082 5815/1400/5083 3523/1396/5079
f 1238/1401/5084 3522/1402/5085 5815/1400/5083 3557/1399/5082
f 1238/1401/5084 3557/1399/5082 5214/1398/5081 2726/1403/5086
f 1238/1401/5084 2726/1403/5086 5813/1404/5087 3526/1405/5088
f 1238/1401/5084 3526/1405/5088 5814/1406/5089 3522/1402/5085
f 1239/1407/5090 2724/1397/5080 5211/1387/5070 2719/1389/5072
f 1239/1407/5090 2719/1389/5072 5800/1170/4853 3323/1169/4852
f 1239/1407/5090 3323/1169/4852 5799/1168/4851 2725/1408/5091
f 1239/1407/5090 2725/1408/5091 5214/1398/5081 2724/1397/5080
f 1240/1409/5092 2726/1403/5086 5214/1398/5081 2725/1408/5091
f 1240/1409/5092 2725/1408/5091 5799/1168/4851 3322/1174/4857
f 1240/1409/5092 3322/1174/4857 6030/1061/4744 3337/1410/5093
f 1240/1409/5092 3337/1410/5093 5813/1404/5087 2726/1403/5086
f 1241/1411/5094 3556/1412/5095 5216/1413/5096 3519/1414/5097
f 1241/1411/5094 3519/1414/5097 5217/1415/5098 2729/1416/5099
f 1241/1411/5094 2729/1416/5099 5218/1417/5100 2728/1418/5101
f 1241/1411/5094 2728/1418/5101 5215/1419/5102 3556/1412/5095
f 1242/1420/5103 2727/1421/5104 5215/1419/5102 2728/1418/5101
f 1242/1420/5103 2728/1418/5101 5218/1417/5100 2731/1422/5105
f 1242/1420/5103 2731/1422/5105 5796/1123/4806 3319/1122/4805
f 1242/1420/5103 3319/1122/4805 5797/1106/4789 2727/1421/5104
f 1243/1423/5106 2729/1416/5099 5217/1415/5098 3518/1424/5107
f 1243/1423/5106 3518/1424/5107 5822/1425/5108 3517/1426/5109
f 1243/1423/5106 3517/1426/5109 5816/1427/5110 2730/1428/5111
f 1243/1423/5106 2730/1428/5111 5218/1417/5100 2729/1416/5099
f 1244/1429/5112 2731/1422/5105 5218/1417/5100 2730/1428/5111
f 1244/1429/5112 2730/1428/5111 5816/1427/5110 3338/1430/5113
f 1244/1429/5112 3338/1430/5113 6027/845/4536 3318/1126/4809
f 1244/1429/5112 3318/1126/4809 5796/1123/4806 2731/1422/5105
f 1245/1431/5114 3520/1432/5115 5216/1413/5096 3556/1412/5095
f 1245/1431/5114 3556/1412/5095 5215/1419/5102 2732/1433/5116
f 1245/1431/5114 2732/1433/5116 5219/1434/5117 3555/1435/5118
f 1245/1431/5114 3555/1435/5118 5257/1436/5119 3520/1432/5115
f 1246/1437/5120 3521/1438/5121 5257/1436/5119 3555/1435/5118
f 1246/1437/5120 3555/1435/5118 5219/1434/5117 2734/1439/5122
f 1246/1437/5120 2734/1439/5122 5812/1363/5046 3527/1362/5045
f 1246/1437/5120 3527/1362/5045 6034/1361/5044 3521/1438/5121
f 1247/1440/5123 2732/1433/5116 5215/1419/5102 2727/1421/5104
f 1247/1440/5123 2727/1421/5104 5797/1106/4789 3320/1105/4788
f 1247/1440/5123 3320/1105/4788 5798/1104/4787 2733/1441/5124
f 1247/1440/5123 2733/1441/5124 5219/1434/5117 2732/1433/5116
f 1248/1442/5125 2734/1439/5122 5219/1434/5117 2733/1441/5124
f 1248/1442/5125 2733/1441/5124 5798/1104/4787 3321/1114/4797
f 1248/1442/5125 3321/1114/4797 6031/1113/4796 3336/1366/5049
f 1248/1442/5125 3336/1366/5049 5812/1363/5046 2734/1439/5122
f 1249/1443/5126 3554/1444/5127 5818/1445/5128 3514/1446/5129
f 1249/1443/5126 3514/1446/5129 5253/1447/5130 3553/1448/5131
f 1249/1443/5126 3553/1448/5131 5221/1449/5132 2736/1450/5133
f 1249/1443/5126 2736/1450/5133 5220/1451/5134 3554/1444/5127
f 1250/1452/5135 2735/1453/5136 5220/1451/5134 2736/1450/5133
f 1250/1452/5135 2736/1450/5133 5221/1449/5132 2738/1454/5137
f 1250/1452/5135 2738/1454/5137 5795/1057/4740 3316/1056/4739
f 1250/1452/5135 3316/1056/4739 5794/1042/4725 2735/1453/5136
f 1251/1455/5138 3553/1448/5131 5253/1447/5130 3515/1456/5139
f 1251/1455/5138 3515/1456/5139 5814/1406/5089 3526/1405/5088
f 1251/1455/5138 3526/1405/5088 5813/1404/5087 2737/1457/5140
f 1251/1455/5138 2737/1457/5140 5221/1449/5132 3553/1448/5131
f 1252/1458/5141 2738/1454/5137 5221/1449/5132 2737/1457/5140
f 1252/1458/5141 2737/1457/5140 5813/1404/5087 3337/1410/5093
f 1252/1458/5141 3337/1410/5093 6030/1061/4744 3317/1060/4743
f 1252/1458/5141 3317/1060/4743 5795/1057/4740 2738/1454/5137
f 1253/1459/5142 3513/1460/5143 5818/1445/5128 3554/1444/5127
f 1253/1459/5142 3554/1444/5127 5220/1451/5134 2739/1461/5144
f 1253/1459/5142 2739/1461/5144 5222/1462/5145 3552/1463/5146
f 1253/1459/5142 3552/1463/5146 5223/1464/5147 3513/1460/5143
f 1254/1465/5148 3512/1466/5149 5223/1464/5147 3552/1463/5146
f 1254/1465/5148 3552/1463/5146 5222/1462/5145 2741/1467/5150
f 1254/1465/5148 2741/1467/5150 5817/1468/5151 3516/1469/5152
f 1254/1465/5148 3516/1469/5152 6035/1470/5153 3512/1466/5149
f 1255/1471/5154 2739/1461/5144 5220/1451/5134 2735/1453/5136
f 1255/1471/5154 2735/1453/5136 5794/1042/4725 3315/1041/4724
f 1255/1471/5154 3315/1041/4724 5793/1040/4723 2740/1472/5155
f 1255/1471/5154 2740/1472/5155 5222/1462/5145 2739/1461/5144
f 1256/1473/5156 2741/1467/5150 5222/1462/5145 2740/1472/5155
f 1256/1473/5156 2740/1472/5155 5793/1040/4723 3314/1046/4729
f 1256/1473/5156 3314/1046/4729 6029/997/4680 3339/1474/5157
f 1256/1473/5156 3339/1474/5157 5817/1468/5151 2741/1467/5150
f 1257/1475/5158 3551/1476/5159 5246/1477/5160 3509/1478/5161
f 1257/1475/5158 3509/1478/5161 5225/1479/5162 2744/1480/5163
f 1257/1475/5158 2744/1480/5163 5226/1481/5164 2743/1482/5165
f 1257/1475/5158 2743/1482/5165 5224/1483/5166 3551/1476/5159
f 1258/1484/5167 2742/1485/5168 5224/1483/5166 2743/1482/5165
f 1258/1484/5167 2743/1482/5165 5226/1481/5164 2746/1486/5169
f 1258/1484/5167 2746/1486/5169 5792/993/4676 3312/992/4675
f 1258/1484/5167 3312/992/4675 5791/978/4661 2742/1485/5168
f 1259/1487/5170 2744/1480/5163 5225/1479/5162 3510/1488/5171
f 1259/1487/5170 3510/1488/5171 6035/1470/5153 3516/1469/5152
f 1259/1487/5170 3516/1469/5152 5817/1468/5151 2745/1489/5172
f 1259/1487/5170 2745/1489/5172 5226/1481/5164 2744/1480/5163
f 1260/1490/5173 2746/1486/5169 5226/1481/5164 2745/1489/5172
f 1260/1490/5173 2745/1489/5172 5817/1468/5151 3339/1474/5157
f 1260/1490/5173 3339/1474/5157 6029/997/4680 3313/996/4679
f 1260/1490/5173 3313/996/4679 5792/993/4676 2746/1486/5169
f 1261/1491/5174 2778/1492/5175 5246/1477/5160 3551/1476/5159
f 1261/1491/5174 3551/1476/5159 5224/1483/5166 2747/1493/5176
f 1261/1491/5174 2747/1493/5176 5227/1494/5177 3550/1495/5178
f 1261/1491/5174 3550/1495/5178 5250/1496/5179 2778/1492/5175
f 1262/1497/5180 3508/1498/5181 5250/1496/5179 3550/1495/5178
f 1262/1497/5180 3550/1495/5178 5227/1494/5177 2749/1499/5182
f 1262/1497/5180 2749/1499/5182 5819/1500/5183 3511/1501/5184
f 1262/1497/5180 3511/1501/5184 5820/1502/5185 3508/1498/5181
f 1263/1503/5186 2747/1493/5176 5224/1483/5166 2742/1485/5168
f 1263/1503/5186 2742/1485/5168 5791/978/4661 3311/977/4660
f 1263/1503/5186 3311/977/4660 5790/976/4659 2748/1504/5187
f 1263/1503/5186 2748/1504/5187 5227/1494/5177 2747/1493/5176
f 1264/1505/5188 2749/1499/5182 5227/1494/5177 2748/1504/5187
f 1264/1505/5188 2748/1504/5187 5790/976/4659 3310/982/4665
f 1264/1505/5188 3310/982/4665 6028/933/4616 3340/1506/5189
f 1264/1505/5188 3340/1506/5189 5819/1500/5183 2749/1499/5182
f 1265/1507/5190 3549/1508/5191 5241/1509/5192 3505/1510/5193
f 1265/1507/5190 3505/1510/5193 5229/1511/5194 2752/1512/5195
f 1265/1507/5190 2752/1512/5195 5230/1513/5196 2751/1514/5197
f 1265/1507/5190 2751/1514/5197 5228/1515/5198 3549/1508/5191
f 1266/1516/5199 2750/1517/5200 5228/1515/5198 2751/1514/5197
f 1266/1516/5199 2751/1514/5197 5230/1513/5196 2754/1518/5201
f 1266/1516/5199 2754/1518/5201 5789/929/4612 3308/928/4611
f 1266/1516/5199 3308/928/4611 5788/910/4597 2750/1517/5200
f 1267/1519/5202 2752/1512/5195 5229/1511/5194 3506/1520/5203
f 1267/1519/5202 3506/1520/5203 5820/1502/5185 3511/1501/5184
f 1267/1519/5202 3511/1501/5184 5819/1500/5183 2753/1521/5204
f 1267/1519/5202 2753/1521/5204 5230/1513/5196 2752/1512/5195
f 1268/1522/5205 2754/1518/5201 5230/1513/5196 2753/1521/5204
f 1268/1522/5205 2753/1521/5204 5819/1500/5183 3340/1506/5189
f 1268/1522/5205 3340/1506/5189 6028/933/4616 3309/932/4615
f 1268/1522/5205 3309/932/4615 5789/929/4612 2754/1518/5201
f 1269/1523/5206 2772/1524/5207 5241/1509/5192 3549/1508/5191
f 1269/1523/5206 3549/1508/5191 5228/1515/5198 2755/1525/5208
f 1269/1523/5206 2755/1525/5208 5231/1526/5209 3548/1527/5210
f 1269/1523/5206 3548/1527/5210 5244/1528/5211 2772/1524/5207
f 1270/1529/5212 2773/1530/5213 5244/1528/5211 3548/1527/5210
f 1270/1529/5212 3548/1527/5210 5231/1526/5209 2757/1531/5214
f 1270/1529/5212 2757/1531/5214 5821/1532/5215 3507/1533/5216
f 1270/1529/5212 3507/1533/5216 5827/1534/5217 2773/1530/5213
f 1271/1535/5218 2755/1525/5208 5228/1515/5198 2750/1517/5200
f 1271/1535/5218 2750/1517/5200 5788/910/4597 3307/909/4596
f 1271/1535/5218 3307/909/4596 5787/908/4595 2756/1536/5219
f 1271/1535/5218 2756/1536/5219 5231/1526/5209 2755/1525/5208
f 1272/1537/5220 2757/1531/5214 5231/1526/5209 2756/1536/5219
f 1272/1537/5220 2756/1536/5219 5787/908/4595 3306/918/4601
f 1272/1537/5220 3306/918/4601 6026/917/4552 3341/1538/5221
f 1272/1537/5220 3341/1538/5221 5821/1532/5215 2757/1531/5214
f 1273/1539/5222 3547/1540/5223 5234/1541/5224 2766/1542/5225
f 1273/1539/5222 2766/1542/5225 5237/1543/5226 3546/1544/5227
f 1273/1539/5222 3546/1544/5227 5235/1545/5228 2759/1546/5229
f 1273/1539/5222 2759/1546/5229 5232/1547/5230 3547/1540/5223
f 1274/1548/5231 2758/1549/5232 5232/1547/5230 2759/1546/5229
f 1274/1548/5231 2759/1546/5229 5235/1545/5228 2761/1550/5233
f 1274/1548/5231 2761/1550/5233 5784/857/4548 3303/856/4547
f 1274/1548/5231 3303/856/4547 5785/838/4529 2758/1549/5232
f 1275/1551/5234 3546/1544/5227 5237/1543/5226 3502/1552/5235
f 1275/1551/5234 3502/1552/5235 5827/1553/5217 3507/1554/5216
f 1275/1551/5234 3507/1554/5216 5821/1555/5215 2760/1556/5236
f 1275/1551/5234 2760/1556/5236 5235/1545/5228 3546/1544/5227
f 1276/1557/5237 2761/1550/5233 5235/1545/5228 2760/1556/5236
f 1276/1557/5237 2760/1556/5236 5821/1555/5215 3341/1558/5221
f 1276/1557/5237 3341/1558/5221 6026/861/4552 3302/860/4551
f 1276/1557/5237 3302/860/4551 5784/857/4548 2761/1550/5233
f 1277/1559/5238 3503/1560/5239 5234/1541/5224 3547/1540/5223
f 1277/1559/5238 3547/1540/5223 5232/1547/5230 2763/1561/5240
f 1277/1559/5238 2763/1561/5240 5236/1562/5241 2762/1563/5242
f 1277/1559/5238 2762/1563/5242 5233/1564/5243 3503/1560/5239
f 1278/1565/5244 3504/1566/5245 5233/1564/5243 2762/1563/5242
f 1278/1565/5244 2762/1563/5242 5236/1562/5241 2765/1567/5246
f 1278/1565/5244 2765/1567/5246 5816/1427/5110 3517/1426/5109
f 1278/1565/5244 3517/1426/5109 5822/1425/5108 3504/1566/5245
f 1279/1568/5247 2763/1561/5240 5232/1547/5230 2758/1549/5232
f 1279/1568/5247 2758/1549/5232 5785/838/4529 3304/837/4528
f 1279/1568/5247 3304/837/4528 5786/836/4527 2764/1569/5248
f 1279/1568/5247 2764/1569/5248 5236/1562/5241 2763/1561/5240
f 1280/1570/5249 2765/1567/5246 5236/1562/5241 2764/1569/5248
f 1280/1570/5249 2764/1569/5248 5786/836/4527 3305/846/4537
f 1280/1570/5249 3305/846/4537 6027/845/4536 3338/1430/5113
f 1280/1570/5249 3338/1430/5113 5816/1427/5110 2765/1567/5246
f 1281/1571/5250 3563/1572/5251 5238/1573/5252 3612/1574/5253
f 1281/1571/5250 3612/1574/5253 5239/1575/5254 3545/1576/5255
f 1281/1571/5250 3545/1576/5255 5237/1543/5226 2766/1542/5225
f 1281/1571/5250 2766/1542/5225 5234/1541/5224 3563/1572/5251
f 1282/1577/5256 3545/1576/5255 5239/1575/5254 2771/1578/5257
f 1282/1577/5256 2771/1578/5257 5828/1579/5258 3347/1580/5259
f 1282/1577/5256 3347/1580/5259 5827/1553/5217 3502/1552/5235
f 1282/1577/5256 3502/1552/5235 5237/1543/5226 3545/1576/5255
f 1283/1581/5260 2768/1582/5261 5238/1573/5252 3563/1572/5251
f 1283/1581/5260 3563/1572/5251 5234/1541/5224 3503/1560/5239
f 1283/1581/5260 3503/1560/5239 5233/1564/5243 3564/1583/5262
f 1283/1581/5260 3564/1583/5262 5240/1584/5263 2768/1582/5261
f 1284/1585/5264 2769/1586/5265 5240/1584/5263 3564/1583/5262
f 1284/1585/5264 3564/1583/5262 5233/1564/5243 3504/1566/5245
f 1284/1585/5264 3504/1566/5245 5822/1425/5108 3576/1587/5266
f 1284/1585/5264 3576/1587/5266 5823/1588/5267 2769/1586/5265
f 1285/1589/5268 2767/1590/5269 5238/1573/5252 2768/1582/5261
f 1285/1589/5268 2768/1582/5261 5240/1584/5263 2770/1591/5270
f 1285/1589/5268 2770/1591/5270 5824/1592/5271 3344/1593/5272
f 1285/1589/5268 3344/1593/5272 5825/1594/5273 2767/1590/5269
f 1286/1595/5274 2770/1591/5270 5240/1584/5263 2769/1586/5265
f 1286/1595/5274 2769/1586/5265 5823/1588/5267 3342/1596/5275
f 1286/1595/5274 3342/1596/5275 6036/1597/5276 3343/1598/5277
f 1286/1595/5274 3343/1598/5277 5824/1592/5271 2770/1591/5270
f 1287/1599/5278 3612/1574/5253 5238/1573/5252 2767/1590/5269
f 1287/1599/5278 2767/1590/5269 5825/1594/5273 3345/1600/5279
f 1287/1599/5278 3345/1600/5279 5826/1601/5280 3611/1602/5281
f 1287/1599/5278 3611/1602/5281 5239/1575/5254 3612/1574/5253
f 1288/1603/5282 2771/1578/5257 5239/1575/5254 3611/1602/5281
f 1288/1603/5282 3611/1602/5281 5826/1601/5280 3346/1604/5283
f 1288/1603/5282 3346/1604/5283 6037/1605/5284 3575/1606/5285
f 1288/1603/5282 3575/1606/5285 5828/1579/5258 2771/1578/5257
f 1289/1607/5286 3610/1608/5287 5242/1609/5288 3607/1610/5289
f 1289/1607/5286 3607/1610/5289 5243/1611/5290 3544/1612/5291
f 1289/1607/5286 3544/1612/5291 5229/1511/5194 3505/1510/5193
f 1289/1607/5286 3505/1510/5193 5241/1509/5192 3610/1608/5287
f 1290/1613/5292 3544/1612/5291 5243/1611/5290 3605/1614/5293
f 1290/1613/5292 3605/1614/5293 5832/1615/5294 3569/1616/5295
f 1290/1613/5292 3569/1616/5295 5820/1502/5185 3506/1520/5203
f 1290/1613/5292 3506/1520/5203 5229/1511/5194 3544/1612/5291
f 1291/1617/5296 2775/1618/5297 5242/1609/5288 3610/1608/5287
f 1291/1617/5296 3610/1608/5287 5241/1509/5192 2772/1524/5207
f 1291/1617/5296 2772/1524/5207 5244/1528/5211 3609/1619/5298
f 1291/1617/5296 3609/1619/5298 5245/1620/5299 2775/1618/5297
f 1292/1621/5300 3608/1622/5301 5245/1620/5299 3609/1619/5298
f 1292/1621/5300 3609/1619/5298 5244/1528/5211 2773/1530/5213
f 1292/1621/5300 2773/1530/5213 5827/1534/5217 3347/1623/5259
f 1292/1621/5300 3347/1623/5259 5828/1624/5258 3608/1622/5301
f 1293/1625/5302 2774/1626/5303 5242/1609/5288 2775/1618/5297
f 1293/1625/5302 2775/1618/5297 5245/1620/5299 2776/1627/5304
f 1293/1625/5302 2776/1627/5304 5829/1628/5305 3349/1629/5306
f 1293/1625/5302 3349/1629/5306 5830/1630/5307 2774/1626/5303
f 1294/1631/5308 2776/1627/5304 5245/1620/5299 3608/1622/5301
f 1294/1631/5308 3608/1622/5301 5828/1624/5258 3575/1632/5285
f 1294/1631/5308 3575/1632/5285 6037/1633/5284 3348/1634/5309
f 1294/1631/5308 3348/1634/5309 5829/1628/5305 2776/1627/5304
f 1295/1635/5310 3607/1610/5289 5242/1609/5288 2774/1626/5303
f 1295/1635/5310 2774/1626/5303 5830/1630/5307 3350/1636/5311
f 1295/1635/5310 3350/1636/5311 5831/1637/5312 3606/1638/5313
f 1295/1635/5310 3606/1638/5313 5243/1611/5290 3607/1610/5289
f 1296/1639/5314 3605/1614/5293 5243/1611/5290 3606/1638/5313
f 1296/1639/5314 3606/1638/5313 5831/1637/5312 3351/1640/5315
f 1296/1639/5314 3351/1640/5315 6038/1641/5316 3352/1642/5317
f 1296/1639/5314 3352/1642/5317 5832/1615/5294 3605/1614/5293
f 1297/1643/5318 3604/1644/5319 5248/1645/5320 3600/1646/5321
f 1297/1643/5318 3600/1646/5321 5249/1647/5322 3543/1648/5323
f 1297/1643/5318 3543/1648/5323 5225/1479/5162 3509/1478/5161
f 1297/1643/5318 3509/1478/5161 5246/1477/5160 3604/1644/5319
f 1298/1649/5324 3543/1648/5323 5249/1647/5322 3598/1650/5325
f 1298/1649/5324 3598/1650/5325 5836/1651/5326 3570/1652/5327
f 1298/1649/5324 3570/1652/5327 6035/1470/5153 3510/1488/5171
f 1298/1649/5324 3510/1488/5171 5225/1479/5162 3543/1648/5323
f 1299/1653/5328 3603/1654/5329 5248/1645/5320 3604/1644/5319
f 1299/1653/5328 3604/1644/5319 5246/1477/5160 2778/1492/5175
f 1299/1653/5328 2778/1492/5175 5250/1496/5179 2777/1655/5330
f 1299/1653/5328 2777/1655/5330 5247/1656/5331 3603/1654/5329
f 1300/1657/5332 3602/1658/5333 5247/1656/5331 2777/1655/5330
f 1300/1657/5332 2777/1655/5330 5250/1496/5179 3508/1498/5181
f 1300/1657/5332 3508/1498/5181 5820/1502/5185 3569/1616/5295
f 1300/1657/5332 3569/1616/5295 5832/1615/5294 3602/1658/5333
f 1301/1659/5334 2779/1660/5335 5248/1645/5320 3603/1654/5329
f 1301/1659/5334 3603/1654/5329 5247/1656/5331 3601/1661/5336
f 1301/1659/5334 3601/1661/5336 5833/1662/5337 3354/1663/5338
f 1301/1659/5334 3354/1663/5338 5834/1664/5339 2779/1660/5335
f 1302/1665/5340 3601/1661/5336 5247/1656/5331 3602/1658/5333
f 1302/1665/5340 3602/1658/5333 5832/1615/5294 3352/1642/5317
f 1302/1665/5340 3352/1642/5317 6038/1641/5316 3353/1666/5341
f 1302/1665/5340 3353/1666/5341 5833/1662/5337 3601/1661/5336
f 1303/1667/5342 3600/1646/5321 5248/1645/5320 2779/1660/5335
f 1303/1667/5342 2779/1660/5335 5834/1664/5339 3355/1668/5343
f 1303/1667/5342 3355/1668/5343 5835/1669/5344 3599/1670/5345
f 1303/1667/5342 3599/1670/5345 5249/1647/5322 3600/1646/5321
f 1304/1671/5346 3598/1650/5325 5249/1647/5322 3599/1670/5345
f 1304/1671/5346 3599/1670/5345 5835/1669/5344 3356/1672/5347
f 1304/1671/5346 3356/1672/5347 6039/1673/5348 3357/1674/5349
f 1304/1671/5346 3357/1674/5349 5836/1651/5326 3598/1650/5325
f 1305/1675/5350 3542/1676/5351 5251/1677/5352 2783/1678/5353
f 1305/1675/5350 2783/1678/5353 5252/1679/5354 2780/1680/5355
f 1305/1675/5350 2780/1680/5355 5253/1447/5130 3514/1446/5129
f 1305/1675/5350 3514/1446/5129 5818/1445/5128 3542/1676/5351
f 1306/1681/5356 2780/1680/5355 5252/1679/5354 2784/1682/5357
f 1306/1681/5356 2784/1682/5357 5840/1683/5358 3501/1684/5359
f 1306/1681/5356 3501/1684/5359 5814/1406/5089 3515/1456/5139
f 1306/1681/5356 3515/1456/5139 5253/1447/5130 2780/1680/5355
f 1307/1685/5360 3596/1686/5361 5251/1677/5352 3542/1676/5351
f 1307/1685/5360 3542/1676/5351 5818/1445/5128 3513/1460/5143
f 1307/1685/5360 3513/1460/5143 5223/1464/5147 3565/1687/5362
f 1307/1685/5360 3565/1687/5362 5254/1688/5363 3596/1686/5361
f 1308/1689/5364 2781/1690/5365 5254/1688/5363 3565/1687/5362
f 1308/1689/5364 3565/1687/5362 5223/1464/5147 3512/1466/5149
f 1308/1689/5364 3512/1466/5149 6035/1470/5153 3570/1652/5327
f 1308/1689/5364 3570/1652/5327 5836/1651/5326 2781/1690/5365
f 1309/1691/5366 3597/1692/5367 5251/1677/5352 3596/1686/5361
f 1309/1691/5366 3596/1686/5361 5254/1688/5363 2782/1693/5368
f 1309/1691/5366 2782/1693/5368 5837/1694/5369 3359/1695/5370
f 1309/1691/5366 3359/1695/5370 5838/1696/5371 3597/1692/5367
f 1310/1697/5372 2782/1693/5368 5254/1688/5363 2781/1690/5365
f 1310/1697/5372 2781/1690/5365 5836/1651/5326 3357/1674/5349
f 1310/1697/5372 3357/1674/5349 6039/1673/5348 3358/1698/5373
f 1310/1697/5372 3358/1698/5373 5837/1694/5369 2782/1693/5368
f 1311/1699/5374 2783/1678/5353 5251/1677/5352 3597/1692/5367
f 1311/1699/5374 3597/1692/5367 5838/1696/5371 3360/1700/5375
f 1311/1699/5374 3360/1700/5375 5839/1701/5376 3595/1702/5377
f 1311/1699/5374 3595/1702/5377 5252/1679/5354 2783/1678/5353
f 1312/1703/5378 2784/1682/5357 5252/1679/5354 3595/1702/5377
f 1312/1703/5378 3595/1702/5377 5839/1701/5376 3361/1704/5379
f 1312/1703/5378 3361/1704/5379 6040/1705/5380 3574/1706/5381
f 1312/1703/5378 3574/1706/5381 5840/1683/5358 2784/1682/5357
f 1313/1707/5382 3566/1708/5383 5255/1709/5384 3593/1710/5385
f 1313/1707/5382 3593/1710/5385 5256/1711/5386 3541/1712/5387
f 1313/1707/5382 3541/1712/5387 5217/1415/5098 3519/1414/5097
f 1313/1707/5382 3519/1414/5097 5216/1413/5096 3566/1708/5383
f 1314/1713/5388 3541/1712/5387 5256/1711/5386 3591/1714/5389
f 1314/1713/5388 3591/1714/5389 5823/1588/5267 3576/1587/5266
f 1314/1713/5388 3576/1587/5266 5822/1425/5108 3518/1424/5107
f 1314/1713/5388 3518/1424/5107 5217/1415/5098 3541/1712/5387
f 1315/1715/5390 2786/1716/5391 5255/1709/5384 3566/1708/5383
f 1315/1715/5390 3566/1708/5383 5216/1413/5096 3520/1432/5115
f 1315/1715/5390 3520/1432/5115 5257/1436/5119 3594/1717/5392
f 1315/1715/5390 3594/1717/5392 5258/1718/5393 2786/1716/5391
f 1316/1719/5394 2787/1720/5395 5258/1718/5393 3594/1717/5392
f 1316/1719/5394 3594/1717/5392 5257/1436/5119 3521/1438/5121
f 1316/1719/5394 3521/1438/5121 6034/1361/5044 3571/1721/5396
f 1316/1719/5394 3571/1721/5396 5841/1722/5397 2787/1720/5395
f 1317/1723/5398 2785/1724/5399 5255/1709/5384 2786/1716/5391
f 1317/1723/5398 2786/1716/5391 5258/1718/5393 2788/1725/5400
f 1317/1723/5398 2788/1725/5400 5844/1726/5401 3365/1727/5402
f 1317/1723/5398 3365/1727/5402 5843/1728/5403 2785/1724/5399
f 1318/1729/5404 2788/1725/5400 5258/1718/5393 2787/1720/5395
f 1318/1729/5404 2787/1720/5395 5841/1722/5397 3362/1730/5405
f 1318/1729/5404 3362/1730/5405 6041/1731/5406 3366/1732/5407
f 1318/1729/5404 3366/1732/5407 5844/1726/5401 2788/1725/5400
f 1319/1733/5408 3593/1710/5385 5255/1709/5384 2785/1724/5399
f 1319/1733/5408 2785/1724/5399 5843/1728/5403 3364/1734/5409
f 1319/1733/5408 3364/1734/5409 5842/1735/5410 3592/1736/5411
f 1319/1733/5408 3592/1736/5411 5256/1711/5386 3593/1710/5385
f 1320/1737/5412 3591/1714/5389 5256/1711/5386 3592/1736/5411
f 1320/1737/5412 3592/1736/5411 5842/1735/5410 3363/1738/5413
f 1320/1737/5412 3363/1738/5413 6036/1597/5276 3342/1596/5275
f 1320/1737/5412 3342/1596/5275 5823/1588/5267 3591/1714/5389
f 1321/1739/5414 3590/1740/5415 5261/1741/5416 3587/1742/5417
f 1321/1739/5414 3587/1742/5417 5262/1743/5418 3540/1744/5419
f 1321/1739/5414 3540/1744/5419 5212/1383/5066 3524/1382/5065
f 1321/1739/5414 3524/1382/5065 5259/1381/5064 3590/1740/5415
f 1322/1745/5420 3540/1744/5419 5262/1743/5418 2791/1746/5421
f 1322/1745/5420 2791/1746/5421 5849/1747/5422 3371/1748/5423
f 1322/1745/5420 3371/1748/5423 5848/1342/5025 3525/1392/5075
f 1322/1745/5420 3525/1392/5075 5212/1383/5066 3540/1744/5419
f 1323/1749/5424 3589/1750/5425 5261/1741/5416 3590/1740/5415
f 1323/1749/5424 3590/1740/5415 5259/1381/5064 3523/1396/5079
f 1323/1749/5424 3523/1396/5079 5815/1400/5083 3539/1751/5426
f 1323/1749/5424 3539/1751/5426 5260/1752/5427 3589/1750/5425
f 1324/1753/5428 2789/1754/5429 5260/1752/5427 3539/1751/5426
f 1324/1753/5428 3539/1751/5426 5815/1400/5083 3522/1402/5085
f 1324/1753/5428 3522/1402/5085 5814/1406/5089 3501/1684/5359
f 1324/1753/5428 3501/1684/5359 5840/1683/5358 2789/1754/5429
f 1325/1755/5430 2790/1756/5431 5261/1741/5416 3589/1750/5425
f 1325/1755/5430 3589/1750/5425 5260/1752/5427 3588/1757/5432
f 1325/1755/5430 3588/1757/5432 5845/1758/5433 3368/1759/5434
f 1325/1755/5430 3368/1759/5434 5846/1760/5435 2790/1756/5431
f 1326/1761/5436 3588/1757/5432 5260/1752/5427 2789/1754/5429
f 1326/1761/5436 2789/1754/5429 5840/1683/5358 3574/1706/5381
f 1326/1761/5436 3574/1706/5381 6040/1705/5380 3367/1762/5437
f 1326/1761/5436 3367/1762/5437 5845/1758/5433 3588/1757/5432
f 1327/1763/5438 3587/1742/5417 5261/1741/5416 2790/1756/5431
f 1327/1763/5438 2790/1756/5431 5846/1760/5435 3369/1764/5439
f 1327/1763/5438 3369/1764/5439 5847/1765/5440 3586/1766/5441
f 1327/1763/5438 3586/1766/5441 5262/1743/5418 3587/1742/5417
f 1328/1767/5442 2791/1746/5421 5262/1743/5418 3586/1766/5441
f 1328/1767/5442 3586/1766/5441 5847/1765/5440 3370/1768/5443
f 1328/1767/5442 3370/1768/5443 6042/1769/5444 3573/1770/5445
f 1328/1767/5442 3573/1770/5445 5849/1747/5422 2791/1746/5421
f 1329/1771/5446 3567/1772/5447 5263/1773/5448 3584/1774/5449
f 1329/1771/5446 3584/1774/5449 5264/1775/5450 3538/1776/5451
f 1329/1771/5446 3538/1776/5451 5207/1351/5034 3529/1350/5033
f 1329/1771/5446 3529/1350/5033 5206/1349/5032 3567/1772/5447
f 1330/1777/5452 3538/1776/5451 5264/1775/5450 3582/1778/5453
f 1330/1777/5452 3582/1778/5453 5841/1722/5397 3571/1721/5396
f 1330/1777/5452 3571/1721/5396 6034/1361/5044 3528/1360/5043
f 1330/1777/5452 3528/1360/5043 5207/1351/5034 3538/1776/5451
f 1331/1779/5454 2793/1780/5455 5263/1773/5448 3567/1772/5447
f 1331/1779/5454 3567/1772/5447 5206/1349/5032 2717/1368/5051
f 1331/1779/5454 2717/1368/5051 5210/1372/5055 3568/1781/5456
f 1331/1779/5454 3568/1781/5456 5265/1782/5457 2793/1780/5455
f 1332/1783/5458 3585/1784/5459 5265/1782/5457 3568/1781/5456
f 1332/1783/5458 3568/1781/5456 5210/1372/5055 2718/1374/5057
f 1332/1783/5458 2718/1374/5057 5811/1325/5008 3500/1785/5460
f 1332/1783/5458 3500/1785/5460 5850/1786/5461 3585/1784/5459
f 1333/1787/5462 2792/1788/5463 5263/1773/5448 2793/1780/5455
f 1333/1787/5462 2793/1780/5455 5265/1782/5457 2794/1789/5464
f 1333/1787/5462 2794/1789/5464 5853/1790/5465 3374/1791/5466
f 1333/1787/5462 3374/1791/5466 5852/1792/5467 2792/1788/5463
f 1334/1793/5468 2794/1789/5464 5265/1782/5457 3585/1784/5459
f 1334/1793/5468 3585/1784/5459 5850/1786/5461 3572/1794/5469
f 1334/1793/5468 3572/1794/5469 6043/1795/5470 3375/1796/5471
f 1334/1793/5468 3375/1796/5471 5853/1790/5465 2794/1789/5464
f 1335/1797/5472 3584/1774/5449 5263/1773/5448 2792/1788/5463
f 1335/1797/5472 2792/1788/5463 5852/1792/5467 3373/1798/5473
f 1335/1797/5472 3373/1798/5473 5851/1799/5474 3583/1800/5475
f 1335/1797/5472 3583/1800/5475 5264/1775/5450 3584/1774/5449
f 1336/1801/5476 3582/1778/5453 5264/1775/5450 3583/1800/5475
f 1336/1801/5476 3583/1800/5475 5851/1799/5474 3372/1802/5477
f 1336/1801/5476 3372/1802/5477 6041/1731/5406 3362/1730/5405
f 1336/1801/5476 3362/1730/5405 5841/1722/5397 3582/1778/5453
f 1337/1803/5478 3581/1804/5479 5268/1805/5480 3578/1806/5481
f 1337/1803/5478 3578/1806/5481 5269/1807/5482 3537/1808/5483
f 1337/1803/5478 3537/1808/5483 5809/1315/4998 3532/1314/4997
f 1337/1803/5478 3532/1314/4997 5266/1313/4996 3581/1804/5479
f 1338/1809/5484 3537/1808/5483 5269/1807/5482 2797/1810/5485
f 1338/1809/5484 2797/1810/5485 5850/1786/5461 3500/1785/5460
f 1338/1809/5484 3500/1785/5460 5811/1325/5008 3531/1324/5007
f 1338/1809/5484 3531/1324/5007 5809/1315/4998 3537/1808/5483
f 1339/1811/5486 3580/1812/5487 5268/1805/5480 3581/1804/5479
f 1339/1811/5486 3581/1804/5479 5266/1313/4996 3533/1332/5015
f 1339/1811/5486 3533/1332/5015 5202/1336/5019 3536/1813/5488
f 1339/1811/5486 3536/1813/5488 5267/1814/5489 3580/1812/5487
f 1340/1815/5490 2795/1816/5491 5267/1814/5489 3536/1813/5488
f 1340/1815/5490 3536/1813/5488 5202/1336/5019 3534/1338/5021
f 1340/1815/5490 3534/1338/5021 5848/1342/5025 3371/1748/5423
f 1340/1815/5490 3371/1748/5423 5849/1747/5422 2795/1816/5491
f 1341/1817/5492 2796/1818/5493 5268/1805/5480 3580/1812/5487
f 1341/1817/5492 3580/1812/5487 5267/1814/5489 3579/1819/5494
f 1341/1817/5492 3579/1819/5494 5854/1820/5495 3377/1821/5496
f 1341/1817/5492 3377/1821/5496 5855/1822/5497 2796/1818/5493
f 1342/1823/5498 3579/1819/5494 5267/1814/5489 2795/1816/5491
f 1342/1823/5498 2795/1816/5491 5849/1747/5422 3573/1770/5445
f 1342/1823/5498 3573/1770/5445 6042/1769/5444 3376/1824/5499
f 1342/1823/5498 3376/1824/5499 5854/1820/5495 3579/1819/5494
f 1343/1825/5500 3578/1806/5481 5268/1805/5480 2796/1818/5493
f 1343/1825/5500 2796/1818/5493 5855/1822/5497 3378/1826/5501
f 1343/1825/5500 3378/1826/5501 5856/1827/5502 3577/1828/5503
f 1343/1825/5500 3577/1828/5503 5269/1807/5482 3578/1806/5481
f 1344/1829/5504 2797/1810/5485 5269/1807/5482 3577/1828/5503
f 1344/1829/5504 3577/1828/5503 5856/1827/5502 3379/1830/5505
f 1344/1829/5504 3379/1830/5505 6043/1795/5470 3572/1794/5469
f 1344/1829/5504 3572/1794/5469 5850/1786/5461 2797/1810/5485
f 1345/1831/5506 2798/1832/5507 5270/1833/5508 2816/1834/5509
f 1345/1831/5506 2816/1834/5509 5274/1835/5510 2801/1836/5511
f 1345/1831/5506 2801/1836/5511 5275/1837/5512 2800/1838/5513
f 1345/1831/5506 2800/1838/5513 5271/1839/5514 2798/1832/5507
f 1346/1840/5515 2799/1841/5516 5271/1839/5514 2800/1838/5513
f 1346/1840/5515 2800/1838/5513 5275/1837/5512 2803/1842/5517
f 1346/1840/5515 2803/1842/5517 5857/1843/5518 3381/1844/5519
f 1346/1840/5515 3381/1844/5519 5858/1845/5520 2799/1841/5516
f 1347/1846/5521 2801/1836/5511 5274/1835/5510 2817/1847/5522
f 1347/1846/5521 2817/1847/5522 5825/1848/5273 3344/1849/5272
f 1347/1846/5521 3344/1849/5272 5824/1850/5271 2802/1851/5523
f 1347/1846/5521 2802/1851/5523 5275/1837/5512 2801/1836/5511
f 1348/1852/5524 2803/1842/5517 5275/1837/5512 2802/1851/5523
f 1348/1852/5524 2802/1851/5523 5824/1850/5271 3343/1853/5277
f 1348/1852/5524 3343/1853/5277 6036/1854/5276 3380/1855/5525
f 1348/1852/5524 3380/1855/5525 5857/1843/5518 2803/1842/5517
f 1349/1856/5526 2804/1857/5527 5270/1833/5508 2798/1832/5507
f 1349/1856/5526 2798/1832/5507 5271/1839/5514 2807/1858/5528
f 1349/1856/5526 2807/1858/5528 5276/1859/5529 2806/1860/5530
f 1349/1856/5526 2806/1860/5530 5272/1861/5531 2804/1857/5527
f 1350/1862/5532 2805/1863/5533 5272/1861/5531 2806/1860/5530
f 1350/1862/5532 2806/1860/5530 5276/1859/5529 2809/1864/5534
f 1350/1862/5532 2809/1864/5534 5835/1865/5344 3355/1866/5343
f 1350/1862/5532 3355/1866/5343 5834/1867/5339 2805/1863/5533
f 1351/1868/5535 2807/1858/5528 5271/1839/5514 2799/1841/5516
f 1351/1868/5535 2799/1841/5516 5858/1845/5520 3382/1869/5536
f 1351/1868/5535 3382/1869/5536 5859/1870/5537 2808/1871/5538
f 1351/1868/5535 2808/1871/5538 5276/1859/5529 2807/1858/5528
f 1352/1872/5539 2809/1864/5534 5276/1859/5529 2808/1871/5538
f 1352/1872/5539 2808/1871/5538 5859/1870/5537 3383/1873/5540
f 1352/1872/5539 3383/1873/5540 6039/1874/5348 3356/1875/5347
f 1352/1872/5539 3356/1875/5347 5835/1865/5344 2809/1864/5534
f 1353/1876/5541 2810/1877/5542 5270/1833/5508 2804/1857/5527
f 1353/1876/5541 2804/1857/5527 5272/1861/5531 2813/1878/5543
f 1353/1876/5541 2813/1878/5543 5277/1879/5544 2812/1880/5545
f 1353/1876/5541 2812/1880/5545 5273/1881/5546 2810/1877/5542
f 1354/1882/5547 2811/1883/5548 5273/1881/5546 2812/1880/5545
f 1354/1882/5547 2812/1880/5545 5277/1879/5544 2815/1884/5549
f 1354/1882/5547 2815/1884/5549 5831/1637/5312 3350/1636/5311
f 1354/1882/5547 3350/1636/5311 5830/1630/5307 2811/1883/5548
f 1355/1885/5550 2813/1878/5543 5272/1861/5531 2805/1863/5533
f 1355/1885/5550 2805/1863/5533 5834/1867/5339 3354/1886/5338
f 1355/1885/5550 3354/1886/5338 5833/1887/5337 2814/1888/5551
f 1355/1885/5550 2814/1888/5551 5277/1879/5544 2813/1878/5543
f 1356/1889/5552 2815/1884/5549 5277/1879/5544 2814/1888/5551
f 1356/1889/5552 2814/1888/5551 5833/1887/5337 3353/1890/5341
f 1356/1889/5552 3353/1890/5341 6038/1641/5316 3351/1640/5315
f 1356/1889/5552 3351/1640/5315 5831/1637/5312 2815/1884/5549
f 1357/1891/5553 2816/1834/5509 5270/1833/5508 2810/1877/5542
f 1357/1891/5553 2810/1877/5542 5273/1881/5546 2819/1892/5554
f 1357/1891/5553 2819/1892/5554 5278/1893/5555 2818/1894/5556
f 1357/1891/5553 2818/1894/5556 5274/1835/5510 2816/1834/5509
f 1358/1895/5557 2817/1847/5522 5274/1835/5510 2818/1894/5556
f 1358/1895/5557 2818/1894/5556 5278/1893/5555 2821/1896/5558
f 1358/1895/5557 2821/1896/5558 5826/1897/5280 3345/1898/5279
f 1358/1895/5557 3345/1898/5279 5825/1848/5273 2817/1847/5522
f 1359/1899/5559 2819/1892/5554 5273/1881/5546 2811/1883/5548
f 1359/1899/5559 2811/1883/5548 5830/1630/5307 3349/1629/5306
f 1359/1899/5559 3349/1629/5306 5829/1628/5305 2820/1900/5560
f 1359/1899/5559 2820/1900/5560 5278/1893/5555 2819/1892/5554
f 1360/1901/5561 2821/1896/5558 5278/1893/5555 2820/1900/5560
f 1360/1901/5561 2820/1900/5560 5829/1628/5305 3348/1634/5309
f 1360/1901/5561 3348/1634/5309 6037/1633/5284 3346/1902/5283
f 1360/1901/5561 3346/1902/5283 5826/1897/5280 2821/1896/5558
f 1361/1903/5562 2822/1904/5563 5279/1905/2675 2840/1906/5564
f 1361/1903/5562 2840/1906/5564 5283/1907/5565 2825/1908/5566
f 1361/1903/5562 2825/1908/5566 5284/1909/5567 2824/1910/5568
f 1361/1903/5562 2824/1910/5568 5280/1911/5569 2822/1904/5563
f 1362/1912/5570 2823/1913/5571 5280/1911/5569 2824/1910/5568
f 1362/1912/5570 2824/1910/5568 5284/1909/5567 2827/1914/5572
f 1362/1912/5570 2827/1914/5572 5842/1915/5410 3364/1916/5409
f 1362/1912/5570 3364/1916/5409 5843/1917/5403 2823/1913/5571
f 1363/1918/5573 2825/1908/5566 5283/1907/5565 2841/1919/5574
f 1363/1918/5573 2841/1919/5574 5858/1845/5520 3381/1844/5519
f 1363/1918/5573 3381/1844/5519 5857/1843/5518 2826/1920/5575
f 1363/1918/5573 2826/1920/5575 5284/1909/5567 2825/1908/5566
f 1364/1921/5576 2827/1914/5572 5284/1909/5567 2826/1920/5575
f 1364/1921/5576 2826/1920/5575 5857/1843/5518 3380/1855/5525
f 1364/1921/5576 3380/1855/5525 6036/1854/5276 3363/1922/5413
f 1364/1921/5576 3363/1922/5413 5842/1915/5410 2827/1914/5572
f 1365/1923/5577 2828/1924/5578 5279/1905/2675 2822/1904/5563
f 1365/1923/5577 2822/1904/5563 5280/1911/5569 2831/1925/5579
f 1365/1923/5577 2831/1925/5579 5285/1926/5580 2830/1927/5581
f 1365/1923/5577 2830/1927/5581 5281/1928/5582 2828/1924/5578
f 1366/1929/5583 2829/1930/5584 5281/1928/5582 2830/1927/5581
f 1366/1929/5583 2830/1927/5581 5285/1926/5580 2833/1931/5585
f 1366/1929/5583 2833/1931/5585 5862/1932/5586 3386/1933/5587
f 1366/1929/5583 3386/1933/5587 5861/1934/5588 2829/1930/5584
f 1367/1935/5589 2831/1925/5579 5280/1911/5569 2823/1913/5571
f 1367/1935/5589 2823/1913/5571 5843/1917/5403 3365/1936/5402
f 1367/1935/5589 3365/1936/5402 5844/1937/5401 2832/1938/5590
f 1367/1935/5589 2832/1938/5590 5285/1926/5580 2831/1925/5579
f 1368/1939/5591 2833/1931/5585 5285/1926/5580 2832/1938/5590
f 1368/1939/5591 2832/1938/5590 5844/1937/5401 3366/1940/5407
f 1368/1939/5591 3366/1940/5407 6041/1941/5406 3387/1942/5592
f 1368/1939/5591 3387/1942/5592 5862/1932/5586 2833/1931/5585
f 1369/1943/5593 2834/1944/5594 5279/1905/2675 2828/1924/5578
f 1369/1943/5593 2828/1924/5578 5281/1928/5582 2837/1945/5595
f 1369/1943/5593 2837/1945/5595 5286/1946/5596 2836/1947/5597
f 1369/1943/5593 2836/1947/5597 5282/1948/5598 2834/1944/5594
f 1370/1949/5599 2835/1950/5600 5282/1948/5598 2836/1947/5597
f 1370/1949/5599 2836/1947/5597 5286/1946/5596 2839/1951/5601
f 1370/1949/5599 2839/1951/5601 5839/1952/5376 3360/1953/5375
f 1370/1949/5599 3360/1953/5375 5838/1954/5371 2835/1950/5600
f 1371/1955/5602 2837/1945/5595 5281/1928/5582 2829/1930/5584
f 1371/1955/5602 2829/1930/5584 5861/1934/5588 3385/1956/5603
f 1371/1955/5602 3385/1956/5603 5860/1957/5604 2838/1958/5605
f 1371/1955/5602 2838/1958/5605 5286/1946/5596 2837/1945/5595
f 1372/1959/5606 2839/1951/5601 5286/1946/5596 2838/1958/5605
f 1372/1959/5606 2838/1958/5605 5860/1957/5604 3384/1960/5607
f 1372/1959/5606 3384/1960/5607 6040/1961/5380 3361/1962/5379
f 1372/1959/5606 3361/1962/5379 5839/1952/5376 2839/1951/5601
f 1373/1963/5608 2840/1906/5564 5279/1905/2675 2834/1944/5594
f 1373/1963/5608 2834/1944/5594 5282/1948/5598 2843/1964/5609
f 1373/1963/5608 2843/1964/5609 5287/1965/5610 2842/1966/5611
f 1373/1963/5608 2842/1966/5611 5283/1907/5565 2840/1906/5564
f 1374/1967/5612 2841/1919/5574 5283/1907/5565 2842/1966/5611
f 1374/1967/5612 2842/1966/5611 5287/1965/5610 2845/1968/5613
f 1374/1967/5612 2845/1968/5613 5859/1870/5537 3382/1869/5536
f 1374/1967/5612 3382/1869/5536 5858/1845/5520 2841/1919/5574
f 1375/1969/5614 2843/1964/5609 5282/1948/5598 2835/1950/5600
f 1375/1969/5614 2835/1950/5600 5838/1954/5371 3359/1970/5370
f 1375/1969/5614 3359/1970/5370 5837/1971/5369 2844/1972/5615
f 1375/1969/5614 2844/1972/5615 5287/1965/5610 2843/1964/5609
f 1376/1973/5616 2845/1968/5613 5287/1965/5610 2844/1972/5615
f 1376/1973/5616 2844/1972/5615 5837/1971/5369 3358/1974/5373
f 1376/1973/5616 3358/1974/5373 6039/1874/5348 3383/1873/5540
f 1376/1973/5616 3383/1873/5540 5859/1870/5537 2845/1968/5613
f 1377/1975/5617 2846/1976/5618 5288/1977/5619 2864/1978/5620
f 1377/1975/5617 2864/1978/5620 5292/1979/5621 2849/1980/5622
f 1377/1975/5617 2849/1980/5622 5293/1981/5623 2848/1982/5624
f 1377/1975/5617 2848/1982/5624 5289/1983/5625 2846/1976/5618
f 1378/1984/5626 2847/1985/5627 5289/1983/5625 2848/1982/5624
f 1378/1984/5626 2848/1982/5624 5293/1981/5623 2851/1986/5628
f 1378/1984/5626 2851/1986/5628 5860/1957/5604 3385/1956/5603
f 1378/1984/5626 3385/1956/5603 5861/1934/5588 2847/1985/5627
f 1379/1987/5629 2849/1980/5622 5292/1979/5621 2865/1988/5630
f 1379/1987/5629 2865/1988/5630 5846/1989/5435 3368/1990/5434
f 1379/1987/5629 3368/1990/5434 5845/1991/5433 2850/1992/5631
f 1379/1987/5629 2850/1992/5631 5293/1981/5623 2849/1980/5622
f 1380/1993/5632 2851/1986/5628 5293/1981/5623 2850/1992/5631
f 1380/1993/5632 2850/1992/5631 5845/1991/5433 3367/1994/5437
f 1380/1993/5632 3367/1994/5437 6040/1961/5380 3384/1960/5607
f 1380/1993/5632 3384/1960/5607 5860/1957/5604 2851/1986/5628
f 1381/1995/5633 2852/1996/5634 5288/1977/5619 2846/1976/5618
f 1381/1995/5633 2846/1976/5618 5289/1983/5625 2855/1997/5635
f 1381/1995/5633 2855/1997/5635 5294/1998/5636 2854/1999/5637
f 1381/1995/5633 2854/1999/5637 5290/2000/5638 2852/1996/5634
f 1382/2001/5639 2853/2002/5640 5290/2000/5638 2854/1999/5637
f 1382/2001/5639 2854/1999/5637 5294/1998/5636 2857/2003/5641
f 1382/2001/5639 2857/2003/5641 5851/2004/5474 3373/2005/5473
f 1382/2001/5639 3373/2005/5473 5852/2006/5467 2853/2002/5640
f 1383/2007/5642 2855/1997/5635 5289/1983/5625 2847/1985/5627
f 1383/2007/5642 2847/1985/5627 5861/1934/5588 3386/1933/5587
f 1383/2007/5642 3386/1933/5587 5862/1932/5586 2856/2008/5643
f 1383/2007/5642 2856/2008/5643 5294/1998/5636 2855/1997/5635
f 1384/2009/5644 2857/2003/5641 5294/1998/5636 2856/2008/5643
f 1384/2009/5644 2856/2008/5643 5862/1932/5586 3387/1942/5592
f 1384/2009/5644 3387/1942/5592 6041/1941/5406 3372/2010/5477
f 1384/2009/5644 3372/2010/5477 5851/2004/5474 2857/2003/5641
f 1385/2011/5645 2858/2012/5646 5288/1977/5619 2852/1996/5634
f 1385/2011/5645 2852/1996/5634 5290/2000/5638 2861/2013/5647
f 1385/2011/5645 2861/2013/5647 5295/2014/5648 2860/2015/5649
f 1385/2011/5645 2860/2015/5649 5291/2016/5650 2858/2012/5646
f 1386/2017/5651 2859/2018/5652 5291/2016/5650 2860/2015/5649
f 1386/2017/5651 2860/2015/5649 5295/2014/5648 2863/2019/5653
f 1386/2017/5651 2863/2019/5653 5856/2020/5502 3378/2021/5501
f 1386/2017/5651 3378/2021/5501 5855/2022/5497 2859/2018/5652
f 1387/2023/5654 2861/2013/5647 5290/2000/5638 2853/2002/5640
f 1387/2023/5654 2853/2002/5640 5852/2006/5467 3374/2024/5466
f 1387/2023/5654 3374/2024/5466 5853/2025/5465 2862/2026/5655
f 1387/2023/5654 2862/2026/5655 5295/2014/5648 2861/2013/5647
f 1388/2027/5656 2863/2019/5653 5295/2014/5648 2862/2026/5655
f 1388/2027/5656 2862/2026/5655 5853/2025/5465 3375/2028/5471
f 1388/2027/5656 3375/2028/5471 6043/2029/5470 3379/2030/5505
f 1388/2027/5656 3379/2030/5505 5856/2020/5502 2863/2019/5653
f 1389/2031/5657 2864/1978/5620 5288/1977/5619 2858/2012/5646
f 1389/2031/5657 2858/2012/5646 5291/2016/5650 2867/2032/5658
f 1389/2031/5657 2867/2032/5658 5296/2033/5659 2866/2034/5660
f 1389/2031/5657 2866/2034/5660 5292/1979/5621 2864/1978/5620
f 1390/2035/5661 2865/1988/5630 5292/1979/5621 2866/2034/5660
f 1390/2035/5661 2866/2034/5660 5296/2033/5659 2869/2036/5662
f 1390/2035/5661 2869/2036/5662 5847/2037/5440 3369/2038/5439
f 1390/2035/5661 3369/2038/5439 5846/1989/5435 2865/1988/5630
f 1391/2039/5663 2867/2032/5658 5291/2016/5650 2859/2018/5652
f 1391/2039/5663 2859/2018/5652 5855/2022/5497 3377/2040/5496
f 1391/2039/5663 3377/2040/5496 5854/2041/5495 2868/2042/5664
f 1391/2039/5663 2868/2042/5664 5296/2033/5659 2867/2032/5658
f 1392/2043/5665 2869/2036/5662 5296/2033/5659 2868/2042/5664
f 1392/2043/5665 2868/2042/5664 5854/2041/5495 3376/2044/5499
f 1392/2043/5665 3376/2044/5499 6042/2045/5444 3370/2046/5443
f 1392/2043/5665 3370/2046/5443 5847/2037/5440 2869/2036/5662
f 1393/2047/5666 2870/2048/5667 5297/2049/5668 2881/2050/5669
f 1393/2047/5666 2881/2050/5669 5299/2051/5670 2873/2052/5671
f 1393/2047/5666 2873/2052/5671 5300/2053/5672 2872/2054/5673
f 1393/2047/5666 2872/2054/5673 5298/2055/5674 2870/2048/5667
f 1394/2056/5675 2871/2057/5676 5298/2055/5674 2872/2054/5673
f 1394/2056/5675 2872/2054/5673 5300/2053/5672 2875/2058/5677
f 1394/2056/5675 2875/2058/5677 5368/60/60 2998/59/59
f 1394/2056/5675 2998/59/59 5367/37/37 2871/2057/5676
f 1395/2059/5678 2873/2052/5671 5299/2051/5670 4450/2060/5679
f 1395/2059/5678 4450/2060/5679 5869/2061/5680 4415/2062/5681
f 1395/2059/5678 4415/2062/5681 5868/2063/5682 2874/2064/5683
f 1395/2059/5678 2874/2064/5683 5300/2053/5672 2873/2052/5671
f 1396/2065/5684 2875/2058/5677 5300/2053/5672 2874/2064/5683
f 1396/2065/5684 2874/2064/5683 5868/2063/5682 3394/2066/5685
f 1396/2065/5684 3394/2066/5685 5958/64/64 2999/63/63
f 1396/2065/5684 2999/63/63 5368/60/60 2875/2058/5677
f 1397/2067/5686 4452/2068/5687 5297/2049/5668 2870/2048/5667
f 1397/2067/5686 2870/2048/5667 5298/2055/5674 2876/2069/5688
f 1397/2067/5686 2876/2069/5688 5301/2070/5689 4454/2071/5690
f 1397/2067/5686 4454/2071/5690 5302/2072/5691 4452/2068/5687
f 1398/2073/5692 2879/2074/5693 5302/2072/5691 4454/2071/5690
f 1398/2073/5692 4454/2071/5690 5301/2070/5689 2878/2075/5694
f 1398/2073/5692 2878/2075/5694 5863/2076/5695 4416/2077/5696
f 1398/2073/5692 4416/2077/5696 5864/2078/5697 2879/2074/5693
f 1399/2079/5698 2876/2069/5688 5298/2055/5674 2871/2057/5676
f 1399/2079/5698 2871/2057/5676 5367/37/37 2997/36/36
f 1399/2079/5698 2997/36/36 5366/35/35 2877/2080/5699
f 1399/2079/5698 2877/2080/5699 5301/2070/5689 2876/2069/5688
f 1400/2081/5700 2878/2075/5694 5301/2070/5689 2877/2080/5699
f 1400/2081/5700 2877/2080/5699 5366/35/35 2996/45/45
f 1400/2081/5700 2996/45/45 5951/44/44 3388/2082/5701
f 1400/2081/5700 3388/2082/5701 5863/2076/5695 2878/2075/5694
f 1401/2083/5702 4453/2084/5703 5297/2049/5668 4452/2068/5687
f 1401/2083/5702 4452/2068/5687 5302/2072/5691 2880/2085/5704
f 1401/2083/5702 2880/2085/5704 5865/2086/5705 3391/2087/5706
f 1401/2083/5702 3391/2087/5706 5866/2088/5707 4453/2084/5703
f 1402/2089/5708 2880/2085/5704 5302/2072/5691 2879/2074/5693
f 1402/2089/5708 2879/2074/5693 5864/2078/5697 3389/2090/5709
f 1402/2089/5708 3389/2090/5709 6044/2091/5710 3390/2092/5711
f 1402/2089/5708 3390/2092/5711 5865/2086/5705 2880/2085/5704
f 1403/2093/5712 2881/2050/5669 5297/2049/5668 4453/2084/5703
f 1403/2093/5712 4453/2084/5703 5866/2088/5707 3392/2094/5713
f 1403/2093/5712 3392/2094/5713 5867/2095/5714 4451/2096/5715
f 1403/2093/5712 4451/2096/5715 5299/2051/5670 2881/2050/5669
f 1404/2097/5716 4450/2060/5679 5299/2051/5670 4451/2096/5715
f 1404/2097/5716 4451/2096/5715 5867/2095/5714 3393/2098/5717
f 1404/2097/5716 3393/2098/5717 6045/2099/5718 3395/2100/5719
f 1404/2097/5716 3395/2100/5719 5869/2061/5680 4450/2060/5679
f 1405/2101/5720 4449/2102/5721 5304/2103/5722 2893/2104/5723
f 1405/2101/5720 2893/2104/5723 5308/2105/5724 4448/2106/5725
f 1405/2101/5720 4448/2106/5725 5305/2107/5726 2883/2108/5727
f 1405/2101/5720 2883/2108/5727 5303/2109/5728 4449/2102/5721
f 1406/2110/5729 2882/2111/5730 5303/2109/5728 2883/2108/5727
f 1406/2110/5729 2883/2108/5727 5305/2107/5726 2885/2112/5731
f 1406/2110/5729 2885/2112/5731 5363/121/116 2993/120/115
f 1406/2110/5729 2993/120/115 5364/96/96 2882/2111/5730
f 1407/2113/5732 4448/2106/5725 5308/2105/5724 2895/2114/5733
f 1407/2113/5732 2895/2114/5733 5874/2115/5734 4414/2116/5735
f 1407/2113/5732 4414/2116/5735 5873/2117/5736 2884/2118/5737
f 1407/2113/5732 2884/2118/5737 5305/2107/5726 4448/2106/5725
f 1408/2119/5738 2885/2112/5731 5305/2107/5726 2884/2118/5737
f 1408/2119/5738 2884/2118/5737 5873/2117/5736 3400/2120/5739
f 1408/2119/5738 3400/2120/5739 5957/125/120 2992/124/119
f 1408/2119/5738 2992/124/119 5363/121/116 2885/2112/5731
f 1409/2121/5740 2890/2122/5741 5304/2103/5722 4449/2102/5721
f 1409/2121/5740 4449/2102/5721 5303/2109/5728 2886/2123/5742
f 1409/2121/5740 2886/2123/5742 5306/2124/5743 4447/2125/5744
f 1409/2121/5740 4447/2125/5744 5307/2126/5745 2890/2122/5741
f 1410/2127/5746 2891/2128/5747 5307/2126/5745 4447/2125/5744
f 1410/2127/5746 4447/2125/5744 5306/2124/5743 2888/2129/5748
f 1410/2127/5746 2888/2129/5748 5868/2130/5682 4415/2131/5681
f 1410/2127/5746 4415/2131/5681 5869/2132/5680 2891/2128/5747
f 1411/2133/5749 2886/2123/5742 5303/2109/5728 2882/2111/5730
f 1411/2133/5749 2882/2111/5730 5364/96/96 2994/95/95
f 1411/2133/5749 2994/95/95 5365/94/94 2887/2134/5750
f 1411/2133/5749 2887/2134/5750 5306/2124/5743 2886/2123/5742
f 1412/2135/5751 2888/2129/5748 5306/2124/5743 2887/2134/5750
f 1412/2135/5751 2887/2134/5750 5365/94/94 2995/106/101
f 1412/2135/5751 2995/106/101 5958/105/64 3394/2136/5685
f 1412/2135/5751 3394/2136/5685 5868/2130/5682 2888/2129/5748
f 1413/2137/5752 2889/2138/5753 5304/2103/5722 2890/2122/5741
f 1413/2137/5752 2890/2122/5741 5307/2126/5745 2892/2139/5754
f 1413/2137/5752 2892/2139/5754 5870/2140/5755 3397/2141/5756
f 1413/2137/5752 3397/2141/5756 5871/2142/5757 2889/2138/5753
f 1414/2143/5758 2892/2139/5754 5307/2126/5745 2891/2128/5747
f 1414/2143/5758 2891/2128/5747 5869/2132/5680 3395/2144/5719
f 1414/2143/5758 3395/2144/5719 6045/2145/5718 3396/2146/5759
f 1414/2143/5758 3396/2146/5759 5870/2140/5755 2892/2139/5754
f 1415/2147/5760 2893/2104/5723 5304/2103/5722 2889/2138/5753
f 1415/2147/5760 2889/2138/5753 5871/2142/5757 3398/2148/5761
f 1415/2147/5760 3398/2148/5761 5872/2149/5762 2894/2150/5763
f 1415/2147/5760 2894/2150/5763 5308/2105/5724 2893/2104/5723
f 1416/2151/5764 2895/2114/5733 5308/2105/5724 2894/2150/5763
f 1416/2151/5764 2894/2150/5763 5872/2149/5762 3399/2152/5765
f 1416/2151/5764 3399/2152/5765 6046/2153/5766 3401/2154/5767
f 1416/2151/5764 3401/2154/5767 5874/2115/5734 2895/2114/5733
f 1417/2155/5768 2896/2156/5769 5309/2157/5770 2907/2158/5771
f 1417/2155/5768 2907/2158/5771 5311/2159/5772 2899/2160/5773
f 1417/2155/5768 2899/2160/5773 5312/2161/5774 2898/2162/5775
f 1417/2155/5768 2898/2162/5775 5310/2163/5776 2896/2156/5769
f 1418/2164/5777 2897/2165/5778 5310/2163/5776 2898/2162/5775
f 1418/2164/5777 2898/2162/5775 5312/2161/5774 2901/2166/5779
f 1418/2164/5777 2901/2166/5779 5360/197/188 2989/196/187
f 1418/2164/5777 2989/196/187 5361/177/168 2897/2165/5778
f 1419/2167/5780 2899/2160/5773 5311/2159/5772 2908/2168/5781
f 1419/2167/5780 2908/2168/5781 5879/2169/5782 3407/2170/5783
f 1419/2167/5780 3407/2170/5783 5878/2171/5784 2900/2172/5785
f 1419/2167/5780 2900/2172/5785 5312/2161/5774 2899/2160/5773
f 1420/2173/5786 2901/2166/5779 5312/2161/5774 2900/2172/5785
f 1420/2173/5786 2900/2172/5785 5878/2171/5784 3406/2174/5787
f 1420/2173/5786 3406/2174/5787 5956/201/192 2988/200/191
f 1420/2173/5786 2988/200/191 5360/197/188 2901/2166/5779
f 1421/2175/5788 4444/2176/5789 5309/2157/5770 2896/2156/5769
f 1421/2175/5788 2896/2156/5769 5310/2163/5776 2902/2177/5790
f 1421/2175/5788 2902/2177/5790 5313/2178/5791 4446/2179/5792
f 1421/2175/5788 4446/2179/5792 5314/2180/5793 4444/2176/5789
f 1422/2181/5794 2905/2182/5795 5314/2180/5793 4446/2179/5792
f 1422/2181/5794 4446/2179/5792 5313/2178/5791 2904/2183/5796
f 1422/2181/5794 2904/2183/5796 5873/2117/5736 4414/2116/5735
f 1422/2181/5794 4414/2116/5735 5874/2115/5734 2905/2182/5795
f 1423/2184/5797 2902/2177/5790 5310/2163/5776 2897/2165/5778
f 1423/2184/5797 2897/2165/5778 5361/177/168 2990/176/167
f 1423/2184/5797 2990/176/167 5362/175/166 2903/2185/5798
f 1423/2184/5797 2903/2185/5798 5313/2178/5791 2902/2177/5790
f 1424/2186/5799 2904/2183/5796 5313/2178/5791 2903/2185/5798
f 1424/2186/5799 2903/2185/5798 5362/175/166 2991/182/173
f 1424/2186/5799 2991/182/173 5957/125/120 3400/2120/5739
f 1424/2186/5799 3400/2120/5739 5873/2117/5736 2904/2183/5796
f 1425/2187/5800 4445/2188/5801 5309/2157/5770 4444/2176/5789
f 1425/2187/5800 4444/2176/5789 5314/2180/5793 2906/2189/5802
f 1425/2187/5800 2906/2189/5802 5875/2190/5803 3403/2191/5804
f 1425/2187/5800 3403/2191/5804 5876/2192/5805 4445/2188/5801
f 1426/2193/5806 2906/2189/5802 5314/2180/5793 2905/2182/5795
f 1426/2193/5806 2905/2182/5795 5874/2115/5734 3401/2154/5767
f 1426/2193/5806 3401/2154/5767 6046/2153/5766 3402/2194/5807
f 1426/2193/5806 3402/2194/5807 5875/2190/5803 2906/2189/5802
f 1427/2195/5808 2907/2158/5771 5309/2157/5770 4445/2188/5801
f 1427/2195/5808 4445/2188/5801 5876/2192/5805 3404/2196/5809
f 1427/2195/5808 3404/2196/5809 5877/2197/5810 4443/2198/5811
f 1427/2195/5808 4443/2198/5811 5311/2159/5772 2907/2158/5771
f 1428/2199/5812 2908/2168/5781 5311/2159/5772 4443/2198/5811
f 1428/2199/5812 4443/2198/5811 5877/2197/5810 3405/2200/5813
f 1428/2199/5812 3405/2200/5813 6047/2201/5814 4413/2202/5815
f 1428/2199/5812 4413/2202/5815 5879/2169/5782 2908/2168/5781
f 1429/2203/5816 2909/2204/5817 5315/2205/5818 4437/2206/5819
f 1429/2203/5816 4437/2206/5819 5320/2207/5820 4442/2208/5821
f 1429/2203/5816 4442/2208/5821 5317/2209/5822 2911/2210/5823
f 1429/2203/5816 2911/2210/5823 5316/2211/5824 2909/2204/5817
f 1430/2212/5825 2910/2213/5826 5316/2211/5824 2911/2210/5823
f 1430/2212/5825 2911/2210/5823 5317/2209/5822 2913/2214/5827
f 1430/2212/5825 2913/2214/5827 5357/269/260 2985/268/259
f 1430/2212/5825 2985/268/259 5358/249/240 2910/2213/5826
f 1431/2215/5828 4442/2208/5821 5320/2207/5820 4436/2216/5829
f 1431/2215/5828 4436/2216/5829 5884/2217/5830 3413/2218/5831
f 1431/2215/5828 3413/2218/5831 5883/2219/5832 2912/2220/5833
f 1431/2215/5828 2912/2220/5833 5317/2209/5822 4442/2208/5821
f 1432/2221/5834 2913/2214/5827 5317/2209/5822 2912/2220/5833
f 1432/2221/5834 2912/2220/5833 5883/2219/5832 3412/2222/5835
f 1432/2221/5834 3412/2222/5835 5955/273/264 2984/272/263
f 1432/2221/5834 2984/272/263 5357/269/260 2913/2214/5827
f 1433/2223/5836 4439/2224/5837 5315/2205/5818 2909/2204/5817
f 1433/2223/5836 2909/2204/5817 5316/2211/5824 2914/2225/5838
f 1433/2223/5836 2914/2225/5838 5318/2226/5839 4441/2227/5840
f 1433/2223/5836 4441/2227/5840 5319/2228/5841 4439/2224/5837
f 1434/2229/5842 4438/2230/5843 5319/2228/5841 4441/2227/5840
f 1434/2229/5842 4441/2227/5840 5318/2226/5839 2916/2231/5844
f 1434/2229/5842 2916/2231/5844 5878/2171/5784 3407/2170/5783
f 1434/2229/5842 3407/2170/5783 5879/2169/5782 4438/2230/5843
f 1435/2232/5845 2914/2225/5838 5316/2211/5824 2910/2213/5826
f 1435/2232/5845 2910/2213/5826 5358/249/240 2986/248/239
f 1435/2232/5845 2986/248/239 5359/247/238 2915/2233/5846
f 1435/2232/5845 2915/2233/5846 5318/2226/5839 2914/2225/5838
f 1436/2234/5847 2916/2231/5844 5318/2226/5839 2915/2233/5846
f 1436/2234/5847 2915/2233/5846 5359/247/238 2987/254/245
f 1436/2234/5847 2987/254/245 5956/201/192 3406/2174/5787
f 1436/2234/5847 3406/2174/5787 5878/2171/5784 2916/2231/5844
f 1437/2235/5848 4440/2236/5849 5315/2205/5818 4439/2224/5837
f 1437/2235/5848 4439/2224/5837 5319/2228/5841 2917/2237/5850
f 1437/2235/5848 2917/2237/5850 5880/2238/5851 3409/2239/5852
f 1437/2235/5848 3409/2239/5852 5881/2240/5853 4440/2236/5849
f 1438/2241/5854 2917/2237/5850 5319/2228/5841 4438/2230/5843
f 1438/2241/5854 4438/2230/5843 5879/2169/5782 4413/2202/5815
f 1438/2241/5854 4413/2202/5815 6047/2201/5814 3408/2242/5855
f 1438/2241/5854 3408/2242/5855 5880/2238/5851 2917/2237/5850
f 1439/2243/5856 4437/2206/5819 5315/2205/5818 4440/2236/5849
f 1439/2243/5856 4440/2236/5849 5881/2240/5853 3410/2244/5857
f 1439/2243/5856 3410/2244/5857 5882/2245/5858 2918/2246/5859
f 1439/2243/5856 2918/2246/5859 5320/2207/5820 4437/2206/5819
f 1440/2247/5860 4436/2216/5829 5320/2207/5820 2918/2246/5859
f 1440/2247/5860 2918/2246/5859 5882/2245/5858 3411/2248/5861
f 1440/2247/5860 3411/2248/5861 6048/2249/5862 4412/2250/5863
f 1440/2247/5860 4412/2250/5863 5884/2217/5830 4436/2216/5829
f 1441/2251/5864 2919/2252/5865 5321/2253/5866 4430/2254/5867
f 1441/2251/5864 4430/2254/5867 5326/2255/5868 4435/2256/5869
f 1441/2251/5864 4435/2256/5869 5323/2257/5870 2921/2258/5871
f 1441/2251/5864 2921/2258/5871 5322/2259/5872 2919/2252/5865
f 1442/2260/5873 2920/2261/5874 5322/2259/5872 2921/2258/5871
f 1442/2260/5873 2921/2258/5871 5323/2257/5870 2923/2262/5875
f 1442/2260/5873 2923/2262/5875 5354/341/332 2981/340/331
f 1442/2260/5873 2981/340/331 5355/321/312 2920/2261/5874
f 1443/2263/5876 4435/2256/5869 5326/2255/5868 2929/2264/5877
f 1443/2263/5876 2929/2264/5877 5889/2265/5878 4411/2266/5879
f 1443/2263/5876 4411/2266/5879 5888/2267/5880 2922/2268/5881
f 1443/2263/5876 2922/2268/5881 5323/2257/5870 4435/2256/5869
f 1444/2269/5882 2923/2262/5875 5323/2257/5870 2922/2268/5881
f 1444/2269/5882 2922/2268/5881 5888/2267/5880 3418/2270/5883
f 1444/2269/5882 3418/2270/5883 5954/345/336 2980/344/335
f 1444/2269/5882 2980/344/335 5354/341/332 2923/2262/5875
f 1445/2271/5884 4432/2272/5885 5321/2253/5866 2919/2252/5865
f 1445/2271/5884 2919/2252/5865 5322/2259/5872 2924/2273/5886
f 1445/2271/5884 2924/2273/5886 5324/2274/5887 4434/2275/5888
f 1445/2271/5884 4434/2275/5888 5325/2276/5889 4432/2272/5885
f 1446/2277/5890 4431/2278/5891 5325/2276/5889 4434/2275/5888
f 1446/2277/5890 4434/2275/5888 5324/2274/5887 2926/2279/5892
f 1446/2277/5890 2926/2279/5892 5883/2219/5832 3413/2218/5831
f 1446/2277/5890 3413/2218/5831 5884/2217/5830 4431/2278/5891
f 1447/2280/5893 2924/2273/5886 5322/2259/5872 2920/2261/5874
f 1447/2280/5893 2920/2261/5874 5355/321/312 2982/320/311
f 1447/2280/5893 2982/320/311 5356/319/310 2925/2281/5894
f 1447/2280/5893 2925/2281/5894 5324/2274/5887 2924/2273/5886
f 1448/2282/5895 2926/2279/5892 5324/2274/5887 2925/2281/5894
f 1448/2282/5895 2925/2281/5894 5356/319/310 2983/326/317
f 1448/2282/5895 2983/326/317 5955/273/264 3412/2222/5835
f 1448/2282/5895 3412/2222/5835 5883/2219/5832 2926/2279/5892
f 1449/2283/5896 4433/2284/5897 5321/2253/5866 4432/2272/5885
f 1449/2283/5896 4432/2272/5885 5325/2276/5889 2927/2285/5898
f 1449/2283/5896 2927/2285/5898 5885/2286/5899 3415/2287/5900
f 1449/2283/5896 3415/2287/5900 5886/2288/5901 4433/2284/5897
f 1450/2289/5902 2927/2285/5898 5325/2276/5889 4431/2278/5891
f 1450/2289/5902 4431/2278/5891 5884/2217/5830 4412/2250/5863
f 1450/2289/5902 4412/2250/5863 6048/2249/5862 3414/2290/5903
f 1450/2289/5902 3414/2290/5903 5885/2286/5899 2927/2285/5898
f 1451/2291/5904 4430/2254/5867 5321/2253/5866 4433/2284/5897
f 1451/2291/5904 4433/2284/5897 5886/2288/5901 3416/2292/5905
f 1451/2291/5904 3416/2292/5905 5887/2293/5906 2928/2294/5907
f 1451/2291/5904 2928/2294/5907 5326/2255/5868 4430/2254/5867
f 1452/2295/5908 2929/2264/5877 5326/2255/5868 2928/2294/5907
f 1452/2295/5908 2928/2294/5907 5887/2293/5906 3417/2296/5909
f 1452/2295/5908 3417/2296/5909 6049/2297/5910 3419/2298/5911
f 1452/2295/5908 3419/2298/5911 5889/2265/5878 2929/2264/5877
f 1453/2299/5912 4429/2300/5913 5328/2301/5914 2941/2302/5915
f 1453/2299/5912 2941/2302/5915 5332/2303/5916 4428/2304/5917
f 1453/2299/5912 4428/2304/5917 5329/2305/5918 2931/2306/5919
f 1453/2299/5912 2931/2306/5919 5327/2307/5920 4429/2300/5913
f 1454/2308/5921 2930/2309/5922 5327/2307/5920 2931/2306/5919
f 1454/2308/5921 2931/2306/5919 5329/2305/5918 2933/2310/5923
f 1454/2308/5921 2933/2310/5923 5351/413/404 2977/412/403
f 1454/2308/5921 2977/412/403 5352/393/384 2930/2309/5922
f 1455/2311/5924 4428/2304/5917 5332/2303/5916 2943/2312/5925
f 1455/2311/5924 2943/2312/5925 5894/2313/5926 4410/2314/5927
f 1455/2311/5924 4410/2314/5927 5893/2315/5928 2932/2316/5929
f 1455/2311/5924 2932/2316/5929 5329/2305/5918 4428/2304/5917
f 1456/2317/5930 2933/2310/5923 5329/2305/5918 2932/2316/5929
f 1456/2317/5930 2932/2316/5929 5893/2315/5928 3424/2318/5931
f 1456/2317/5930 3424/2318/5931 5953/417/408 2976/416/407
f 1456/2317/5930 2976/416/407 5351/413/404 2933/2310/5923
f 1457/2319/5932 2938/2320/5933 5328/2301/5914 4429/2300/5913
f 1457/2319/5932 4429/2300/5913 5327/2307/5920 2934/2321/5934
f 1457/2319/5932 2934/2321/5934 5330/2322/5935 4427/2323/5936
f 1457/2319/5932 4427/2323/5936 5331/2324/5937 2938/2320/5933
f 1458/2325/5938 2939/2326/5939 5331/2324/5937 4427/2323/5936
f 1458/2325/5938 4427/2323/5936 5330/2322/5935 2936/2327/5940
f 1458/2325/5938 2936/2327/5940 5888/2267/5880 4411/2266/5879
f 1458/2325/5938 4411/2266/5879 5889/2265/5878 2939/2326/5939
f 1459/2328/5941 2934/2321/5934 5327/2307/5920 2930/2309/5922
f 1459/2328/5941 2930/2309/5922 5352/393/384 2978/392/383
f 1459/2328/5941 2978/392/383 5353/391/382 2935/2329/5942
f 1459/2328/5941 2935/2329/5942 5330/2322/5935 2934/2321/5934
f 1460/2330/5943 2936/2327/5940 5330/2322/5935 2935/2329/5942
f 1460/2330/5943 2935/2329/5942 5353/391/382 2979/398/389
f 1460/2330/5943 2979/398/389 5954/345/336 3418/2270/5883
f 1460/2330/5943 3418/2270/5883 5888/2267/5880 2936/2327/5940
f 1461/2331/5944 2937/2332/5945 5328/2301/5914 2938/2320/5933
f 1461/2331/5944 2938/2320/5933 5331/2324/5937 2940/2333/5946
f 1461/2331/5944 2940/2333/5946 5890/2334/5947 3421/2335/5948
f 1461/2331/5944 3421/2335/5948 5891/2336/5949 2937/2332/5945
f 1462/2337/5950 2940/2333/5946 5331/2324/5937 2939/2326/5939
f 1462/2337/5950 2939/2326/5939 5889/2265/5878 3419/2298/5911
f 1462/2337/5950 3419/2298/5911 6049/2297/5910 3420/2338/5951
f 1462/2337/5950 3420/2338/5951 5890/2334/5947 2940/2333/5946
f 1463/2339/5952 2941/2302/5915 5328/2301/5914 2937/2332/5945
f 1463/2339/5952 2937/2332/5945 5891/2336/5949 3422/2340/5953
f 1463/2339/5952 3422/2340/5953 5892/2341/5954 2942/2342/5955
f 1463/2339/5952 2942/2342/5955 5332/2303/5916 2941/2302/5915
f 1464/2343/5956 2943/2312/5925 5332/2303/5916 2942/2342/5955
f 1464/2343/5956 2942/2342/5955 5892/2341/5954 3423/2344/5957
f 1464/2343/5956 3423/2344/5957 6050/2345/5958 3425/2346/5959
f 1464/2343/5956 3425/2346/5959 5894/2313/5926 2943/2312/5925
f 1465/2347/5960 4426/2348/5961 5335/2349/5962 2953/2350/5963
f 1465/2347/5960 2953/2350/5963 5338/2351/5964 4425/2352/5965
f 1465/2347/5960 4425/2352/5965 5336/2353/5966 2945/2354/5967
f 1465/2347/5960 2945/2354/5967 5333/2355/5968 4426/2348/5961
f 1466/2356/5969 2944/2357/5970 5333/2355/5968 2945/2354/5967
f 1466/2356/5969 2945/2354/5967 5336/2353/5966 2947/2358/5971
f 1466/2356/5969 2947/2358/5971 5348/485/476 2973/484/475
f 1466/2356/5969 2973/484/475 5349/465/456 2944/2357/5970
f 1467/2359/5972 4425/2352/5965 5338/2351/5964 2955/2360/5973
f 1467/2359/5972 2955/2360/5973 5899/2361/5974 4409/2362/5975
f 1467/2359/5972 4409/2362/5975 5898/2363/5976 2946/2364/5977
f 1467/2359/5972 2946/2364/5977 5336/2353/5966 4425/2352/5965
f 1468/2365/5978 2947/2358/5971 5336/2353/5966 2946/2364/5977
f 1468/2365/5978 2946/2364/5977 5898/2363/5976 3430/2366/5979
f 1468/2365/5978 3430/2366/5979 5952/489/480 2972/488/479
f 1468/2365/5978 2972/488/479 5348/485/476 2947/2358/5971
f 1469/2367/5980 4424/2368/5981 5335/2349/5962 4426/2348/5961
f 1469/2367/5980 4426/2348/5961 5333/2355/5968 2949/2369/5982
f 1469/2367/5980 2949/2369/5982 5337/2370/5983 2948/2371/5984
f 1469/2367/5980 2948/2371/5984 5334/2372/5985 4424/2368/5981
f 1470/2373/5986 4423/2374/5987 5334/2372/5985 2948/2371/5984
f 1470/2373/5986 2948/2371/5984 5337/2370/5983 2951/2375/5988
f 1470/2373/5986 2951/2375/5988 5893/2315/5928 4410/2314/5927
f 1470/2373/5986 4410/2314/5927 5894/2313/5926 4423/2374/5987
f 1471/2376/5989 2949/2369/5982 5333/2355/5968 2944/2357/5970
f 1471/2376/5989 2944/2357/5970 5349/465/456 2974/464/455
f 1471/2376/5989 2974/464/455 5350/463/454 2950/2377/5990
f 1471/2376/5989 2950/2377/5990 5337/2370/5983 2949/2369/5982
f 1472/2378/5991 2951/2375/5988 5337/2370/5983 2950/2377/5990
f 1472/2378/5991 2950/2377/5990 5350/463/454 2975/470/461
f 1472/2378/5991 2975/470/461 5953/417/408 3424/2318/5931
f 1472/2378/5991 3424/2318/5931 5893/2315/5928 2951/2375/5988
f 1473/2379/5992 2952/2380/5993 5335/2349/5962 4424/2368/5981
f 1473/2379/5992 4424/2368/5981 5334/2372/5985 4422/2381/5994
f 1473/2379/5992 4422/2381/5994 5895/2382/5995 3427/2383/5996
f 1473/2379/5992 3427/2383/5996 5896/2384/5997 2952/2380/5993
f 1474/2385/5998 4422/2381/5994 5334/2372/5985 4423/2374/5987
f 1474/2385/5998 4423/2374/5987 5894/2313/5926 3425/2346/5959
f 1474/2385/5998 3425/2346/5959 6050/2345/5958 3426/2386/5999
f 1474/2385/5998 3426/2386/5999 5895/2382/5995 4422/2381/5994
f 1475/2387/6000 2953/2350/5963 5335/2349/5962 2952/2380/5993
f 1475/2387/6000 2952/2380/5993 5896/2384/5997 3428/2388/6001
f 1475/2387/6000 3428/2388/6001 5897/2389/6002 2954/2390/6003
f 1475/2387/6000 2954/2390/6003 5338/2351/5964 2953/2350/5963
f 1476/2391/6004 2955/2360/5973 5338/2351/5964 2954/2390/6003
f 1476/2391/6004 2954/2390/6003 5897/2389/6002 3429/2392/6005
f 1476/2391/6004 3429/2392/6005 6051/2393/6006 3431/2394/6007
f 1476/2391/6004 3431/2394/6007 5899/2361/5974 2955/2360/5973
f 1477/2395/6008 4421/2396/6009 5341/2397/6010 2965/2398/6011
f 1477/2395/6008 2965/2398/6011 5344/2399/6012 4420/2400/6013
f 1477/2395/6008 4420/2400/6013 5342/2401/6014 2957/2402/6015
f 1477/2395/6008 2957/2402/6015 5339/2403/6016 4421/2396/6009
f 1478/2404/6017 2956/2405/6018 5339/2403/6016 2957/2402/6015
f 1478/2404/6017 2957/2402/6015 5342/2401/6014 2959/2406/6019
f 1478/2404/6017 2959/2406/6019 5345/554/545 2969/553/544
f 1478/2404/6017 2969/553/544 5346/537/528 2956/2405/6018
f 1479/2407/6020 4420/2400/6013 5344/2399/6012 2967/2408/6021
f 1479/2407/6020 2967/2408/6021 5864/2078/5697 4416/2077/5696
f 1479/2407/6020 4416/2077/5696 5863/2076/5695 2958/2409/6022
f 1479/2407/6020 2958/2409/6022 5342/2401/6014 4420/2400/6013
f 1480/2410/6023 2959/2406/6019 5342/2401/6014 2958/2409/6022
f 1480/2410/6023 2958/2409/6022 5863/2076/5695 3388/2082/5701
f 1480/2410/6023 3388/2082/5701 5951/44/44 2968/557/548
f 1480/2410/6023 2968/557/548 5345/554/545 2959/2406/6019
f 1481/2411/6024 4419/2412/6025 5341/2397/6010 4421/2396/6009
f 1481/2411/6024 4421/2396/6009 5339/2403/6016 2961/2413/6026
f 1481/2411/6024 2961/2413/6026 5343/2414/6027 2960/2415/6028
f 1481/2411/6024 2960/2415/6028 5340/2416/6029 4419/2412/6025
f 1482/2417/6030 4418/2418/6031 5340/2416/6029 2960/2415/6028
f 1482/2417/6030 2960/2415/6028 5343/2414/6027 2963/2419/6032
f 1482/2417/6030 2963/2419/6032 5898/2363/5976 4409/2362/5975
f 1482/2417/6030 4409/2362/5975 5899/2361/5974 4418/2418/6031
f 1483/2420/6033 2961/2413/6026 5339/2403/6016 2956/2405/6018
f 1483/2420/6033 2956/2405/6018 5346/537/528 2970/536/527
f 1483/2420/6033 2970/536/527 5347/535/526 2962/2421/6034
f 1483/2420/6033 2962/2421/6034 5343/2414/6027 2961/2413/6026
f 1484/2422/6035 2963/2419/6032 5343/2414/6027 2962/2421/6034
f 1484/2422/6035 2962/2421/6034 5347/535/526 2971/542/533
f 1484/2422/6035 2971/542/533 5952/489/480 3430/2366/5979
f 1484/2422/6035 3430/2366/5979 5898/2363/5976 2963/2419/6032
f 1485/2423/6036 2964/2424/6037 5341/2397/6010 4419/2412/6025
f 1485/2423/6036 4419/2412/6025 5340/2416/6029 4417/2425/6038
f 1485/2423/6036 4417/2425/6038 5902/2426/6039 3434/2427/6040
f 1485/2423/6036 3434/2427/6040 5901/2428/6041 2964/2424/6037
f 1486/2429/6042 4417/2425/6038 5340/2416/6029 4418/2418/6031
f 1486/2429/6042 4418/2418/6031 5899/2361/5974 3431/2394/6007
f 1486/2429/6042 3431/2394/6007 6051/2393/6006 3435/2430/6043
f 1486/2429/6042 3435/2430/6043 5902/2426/6039 4417/2425/6038
f 1487/2431/6044 2965/2398/6011 5341/2397/6010 2964/2424/6037
f 1487/2431/6044 2964/2424/6037 5901/2428/6041 3433/2432/6045
f 1487/2431/6044 3433/2432/6045 5900/2433/6046 2966/2434/6047
f 1487/2431/6044 2966/2434/6047 5344/2399/6012 2965/2398/6011
f 1488/2435/6048 2967/2408/6021 5344/2399/6012 2966/2434/6047
f 1488/2435/6048 2966/2434/6047 5900/2433/6046 3432/2436/6049
f 1488/2435/6048 3432/2436/6049 6044/2091/5710 3389/2090/5709
f 1488/2435/6048 3389/2090/5709 5864/2078/5697 2967/2408/6021
