# Blender v2.75 (sub 0) OBJ File: 'CASA_01.blend'
# www.blender.org
mtllib CASA_normal.mtl
o Cube.003
v -3.485094 0.805242 4.053853
v -3.787624 0.805242 4.053853
v -3.787624 1.169105 4.053853
v -3.485094 1.169105 4.053853
v -3.485094 1.169105 3.821943
v -3.485094 1.087965 3.821943
v -3.485094 1.087961 3.872102
v -3.485094 0.886386 3.872102
v -3.485095 0.805242 -3.808180
v -3.555514 0.805242 -2.343686
v -3.555514 0.805242 -2.035405
v -3.555514 0.805242 -1.727124
v -3.699378 0.805242 -1.727124
v -3.699379 0.805242 -1.110561
v -3.555514 0.805242 -1.110561
v -3.555514 0.805242 -0.493998
v -3.699379 0.805242 -0.493998
v -3.699379 0.805242 0.122565
v -3.555514 0.805242 0.122566
v -3.555515 0.805242 0.739128
v -3.555515 0.805242 1.355691
v -3.555515 0.805242 1.972254
v -3.699379 0.805242 1.972254
v -3.699380 0.805242 2.588817
v -3.555515 0.805242 2.588817
v -3.555516 0.805242 3.120337
v -3.699380 0.805242 3.120337
v -3.555515 0.805242 3.651856
v -3.485094 0.805242 3.651856
v -3.555514 0.805242 -3.432947
v -3.555514 0.805242 -2.888317
v -3.699378 0.805242 -2.888317
v -3.699378 0.805242 -2.343686
v -3.485094 0.805242 3.821943
v -3.555515 0.805242 3.821943
v -3.699379 0.805242 1.355691
v -3.699379 0.805242 0.739128
v -3.699378 0.805242 -2.035405
v -3.699378 0.805242 -3.432947
v -3.787624 0.805242 -3.808180
v -3.787624 0.886386 3.872102
v -3.787624 1.087961 3.872102
v -3.787624 1.088466 -3.332379
v -3.787624 1.088466 -3.634908
v -3.787624 1.169105 -3.808180
v -3.485095 1.169105 -3.808180
v -3.485094 1.169105 3.651856
v -3.555515 1.169105 3.651856
v -3.699380 1.169105 3.120337
v -3.555516 1.169105 3.120337
v -3.555515 1.169105 2.588817
v -3.699380 1.169105 2.588817
v -3.699379 1.169105 1.972254
v -3.555515 1.169105 1.972254
v -3.555515 1.169105 1.355691
v -3.555515 1.169105 0.739128
v -3.555514 1.169105 0.122566
v -3.699379 1.169105 0.122565
v -3.699379 1.169105 -0.493998
v -3.555514 1.169105 -0.493998
v -3.555514 1.169105 -1.110561
v -3.699379 1.169105 -1.110561
v -3.699378 1.169105 -1.727124
v -3.555514 1.169105 -1.727124
v -3.555514 1.169105 -2.035405
v -3.555514 1.169105 -2.343686
v -3.555514 1.169105 -3.432947
v -3.699378 1.169105 -3.432947
v -3.699378 1.169105 -2.888317
v -3.699378 1.169105 -2.343686
v -3.699378 1.169105 -2.035405
v -3.699379 1.169105 0.739128
v -3.699379 1.169105 1.355691
v -3.555515 1.169105 3.821943
v -3.555514 1.169105 -2.888317
v -3.485094 0.886386 3.821943
v -3.485094 0.807773 3.821943
v -3.485094 1.087961 3.821943
v 3.462263 0.886386 3.872106
v 3.462263 1.087961 3.872106
v -3.485095 0.885881 -3.332379
v -3.485095 0.885881 -3.634908
v -3.485095 1.088466 -3.634908
v -3.485094 0.809630 3.651856
v -3.787624 0.885881 -3.332379
v -3.787624 0.885881 -3.634908
v -3.787624 1.087961 3.569573
v -3.787624 0.886386 3.569573
v -3.971538 0.886386 3.872102
v -3.971538 1.087961 3.872102
v -3.895441 1.088466 -3.332379
v -3.895441 1.088466 -3.634908
v -3.485095 1.088466 -3.332379
v -3.485094 1.087976 3.651856
v -3.485094 0.886386 3.569573
v -3.485094 0.886386 3.651856
v -3.010884 0.886386 3.651856
v -3.010884 0.886386 3.821943
v -2.466254 0.886386 3.821943
v -2.466254 0.886386 3.651856
v -1.849691 0.886386 3.651858
v -1.849691 0.886386 3.821944
v -1.233128 0.886386 3.821944
v -1.233128 0.886386 3.651858
v -0.616565 0.886386 3.651858
v -0.616565 0.886386 3.821944
v -0.000002 0.886386 3.821945
v -0.000002 0.886386 3.651858
v 0.616560 0.886386 3.651859
v 0.616560 0.886386 3.821946
v 1.233123 0.886386 3.821946
v 1.233124 0.886386 3.651859
v 1.541405 0.886386 3.651859
v 1.849687 0.886386 3.651860
v 1.849687 0.886386 3.821946
v 2.466250 0.886386 3.821947
v 2.466250 0.886386 3.651861
v 3.010881 0.886386 3.651861
v 3.010881 0.886386 3.821948
v 3.462263 0.886386 3.569576
v 1.541405 0.886386 3.821946
v -3.010884 1.087961 3.821943
v -2.466254 1.087961 3.821943
v -1.849691 1.087961 3.821944
v -1.233128 1.087961 3.821944
v -0.616565 1.087961 3.821944
v -0.000002 1.087961 3.821945
v 0.616560 1.087961 3.821946
v 1.233123 1.087961 3.821946
v 1.541405 1.087961 3.821946
v 1.849687 1.087961 3.821946
v 2.466250 1.087961 3.821947
v 3.010881 1.087961 3.821948
v 3.462263 1.087961 3.569576
v -3.485094 1.087961 3.569573
v 3.010881 1.087961 3.651861
v 2.466250 1.087961 3.651861
v 1.849687 1.087961 3.651860
v 1.541405 1.087961 3.651859
v 1.233124 1.087961 3.651859
v 0.616560 1.087961 3.651859
v -0.000002 1.087961 3.651858
v -0.616565 1.087961 3.651858
v -1.233128 1.087961 3.651858
v -1.849691 1.087961 3.651858
v -2.466254 1.087961 3.651856
v -3.010884 1.087961 3.651856
v -3.485094 1.087961 3.651856
v 3.462263 0.805241 4.027783
v 3.462264 1.088466 -3.332376
v 3.462264 1.088466 -3.634906
v 3.462264 1.169105 -3.834250
v 3.462263 1.169105 4.027783
v -2.466252 0.885881 -3.432947
v -2.466252 0.885881 -3.576812
v -1.849689 0.885881 -3.576811
v -1.849689 0.885881 -3.432946
v -1.233125 0.885881 -3.432946
v -1.233125 0.885881 -3.576811
v -0.616562 0.885881 -3.576810
v -0.616562 0.885881 -3.432946
v 0.000001 0.885881 -3.432946
v 0.000001 0.885881 -3.576810
v 0.616564 0.885881 -3.576810
v 0.616564 0.885881 -3.432945
v 1.233127 0.885881 -3.432945
v 1.233127 0.885881 -3.576810
v 1.541409 0.885881 -3.576810
v 1.849690 0.885881 -3.576810
v 1.849690 0.885881 -3.432945
v 2.466253 0.885881 -3.432945
v 2.466253 0.885881 -3.576809
v 3.010884 0.885881 -3.576809
v 3.010884 0.885881 -3.432944
v 3.462264 0.885881 -3.634906
v 3.462264 0.885881 -3.332376
v 1.541409 0.885881 -3.432945
v -3.895441 0.885881 -3.634908
v -3.895441 0.885881 -3.332379
v -3.971538 1.087961 3.569573
v -3.971538 0.886386 3.569573
v -2.466252 1.088466 -3.432947
v -1.849689 1.088466 -3.432946
v -1.233125 1.088466 -3.432946
v -0.616562 1.088466 -3.432946
v 0.000001 1.088466 -3.432946
v 0.616564 1.088466 -3.432945
v 1.233127 1.088466 -3.432945
v 1.541409 1.088466 -3.432945
v 1.849690 1.088466 -3.432945
v 2.466253 1.088466 -3.432945
v 3.010884 1.088466 -3.432944
v 3.010884 1.088466 -3.576809
v 2.466253 1.088466 -3.576809
v 1.849690 1.088466 -3.576810
v 1.541409 1.088466 -3.576810
v 1.233127 1.088466 -3.576810
v 0.616564 1.088466 -3.576810
v 0.000001 1.088466 -3.576810
v -0.616562 1.088466 -3.576810
v -1.233125 1.088466 -3.576811
v -1.849689 1.088466 -3.576811
v -2.466252 1.088466 -3.576812
v 3.764792 0.805241 4.027783
v 3.764792 1.169105 4.027783
v 3.462264 0.805241 -3.834250
v 3.764793 1.169105 -3.834250
v 3.555511 1.169105 3.651861
v 3.699376 1.169105 3.651861
v 3.699376 1.169105 3.120341
v 3.555511 1.169105 3.120341
v 3.555512 1.169105 2.588821
v 3.699376 1.169105 2.588821
v 3.699377 1.169105 1.972259
v 3.555512 1.169105 1.972259
v 3.555512 1.169105 1.355695
v 3.699378 1.169105 1.355695
v 3.699378 1.169105 0.739132
v 3.699378 1.169105 0.122569
v 3.699378 1.169105 -0.185712
v 3.699378 1.169105 -0.493994
v 3.555514 1.169105 -0.493994
v 3.555514 1.169105 -1.110557
v 3.699378 1.169105 -1.110557
v 3.699378 1.169105 -1.418839
v 3.699378 1.169105 -1.727120
v 3.555514 1.169105 -1.727120
v 3.555515 1.169105 -2.343683
v 3.699379 1.169105 -2.343683
v 3.699379 1.169105 -2.888314
v 3.555515 1.169105 -2.888314
v 3.555514 1.169105 -1.418839
v 3.555514 1.169105 -0.185713
v 3.555513 1.169105 0.122569
v 3.555512 1.169105 0.739132
v 3.764793 1.088466 -3.634906
v 3.764793 1.088466 -3.332376
v 3.764792 1.087961 3.872106
v 3.764792 0.886386 3.872106
v 3.764793 0.805241 -3.834250
v 3.555511 0.805241 3.651861
v 3.555511 0.805241 3.120341
v 3.555512 0.805241 2.588821
v 3.555512 0.805241 1.972259
v 3.555512 0.805241 1.355695
v 3.555512 0.805241 0.739132
v 3.699378 0.805241 0.739132
v 3.699378 0.805241 0.122569
v 3.555513 0.805241 0.122569
v 3.555514 0.805241 -0.185713
v 3.555514 0.805241 -0.493994
v 3.555514 0.805241 -1.110557
v 3.555514 0.805241 -1.418839
v 3.555514 0.805241 -1.727120
v 3.555515 0.805241 -2.343683
v 3.555515 0.805241 -2.888314
v 3.699379 0.805241 -2.888314
v 3.699379 0.805241 -2.343683
v 3.699378 0.805241 -1.727120
v 3.699378 0.805241 -1.418839
v 3.699378 0.805241 -1.110557
v 3.699378 0.805241 -0.493994
v 3.699378 0.805241 -0.185712
v 3.699378 0.805241 1.355695
v 3.699377 0.805241 1.972259
v 3.699376 0.805241 2.588821
v 3.699376 0.805241 3.120341
v 3.699376 0.805241 3.651861
v 3.764793 0.885881 -3.634906
v 3.989103 1.088466 -3.634906
v 3.989103 1.088466 -3.332376
v 3.764793 0.885881 -3.332376
v 3.764792 0.886386 3.569576
v 3.764792 1.087961 3.569576
v 3.930310 0.886386 3.872106
v 3.930310 1.087961 3.872106
v 3.989103 0.885881 -3.634906
v 3.989103 0.885881 -3.332376
v 3.930310 0.886386 3.569576
v 3.930310 1.087961 3.569576
v -4.284974 0.196220 3.821943
v -4.284974 0.196220 5.055068
v -4.932507 0.196220 5.055068
v -4.932507 0.196220 3.821943
v -3.699380 0.095177 3.821943
v -4.284974 0.096482 3.651856
v -4.932507 0.096482 3.651856
v -4.932507 0.072361 5.055068
v -4.932506 0.072361 3.821943
v -4.284974 0.072361 5.055068
v -3.699380 0.196220 5.055068
v -3.699380 0.095177 3.651856
v -4.284974 0.096482 3.120337
v -4.932507 0.096482 3.120337
v -4.932506 0.072361 3.651856
v -4.932507 0.048241 5.055068
v -4.932506 0.048241 3.821943
v -4.284974 0.048241 5.055068
v -3.699380 0.072361 5.055068
v -3.555515 0.095177 3.821943
v -3.555515 0.095177 3.651856
v -3.699380 0.095177 3.120337
v -4.284974 0.096482 2.588816
v -4.932506 0.096482 2.588816
v -4.932505 0.072361 3.120337
v -4.932506 0.048241 3.651856
v -4.932507 0.024120 5.055068
v -4.932506 0.024120 3.821943
v -4.284974 0.024120 5.055068
v -3.699380 0.048241 5.055068
v -3.555515 0.072361 5.055068
v -3.555516 0.096482 5.055068
v -3.555516 0.095177 3.120337
v -3.699380 0.095177 2.588817
v -4.284973 0.096482 1.972254
v -4.932505 0.096482 1.972253
v -4.932505 0.072361 2.588816
v -4.932505 0.048241 3.120337
v -4.932506 0.024120 3.651856
v -4.932506 0.000000 5.055068
v -4.932505 0.000000 3.821943
v -4.284973 0.000000 5.055068
v -3.699380 0.024120 5.055068
v -3.555515 0.048241 5.055068
v -3.010885 0.072361 5.055069
v -3.010885 0.096482 5.055069
v -3.010884 0.095177 3.821943
v -3.010884 0.095177 3.651856
v -3.010885 0.096482 3.120337
v -3.699379 0.095177 1.972254
v -4.284973 0.096482 1.355691
v -4.932505 0.096482 1.355690
v -4.932505 0.072361 1.972253
v -4.932505 0.048241 2.588816
v -4.932505 0.024120 3.120337
v -4.932505 0.000000 3.651856
v -4.932505 -0.024120 5.055068
v -4.932505 -0.024120 3.821943
v -4.284973 -0.024120 5.055068
v -3.699379 0.000000 5.055068
v -3.555515 0.024120 5.055068
v -3.010885 0.048241 5.055069
v -2.466254 0.072361 5.055069
v -2.466254 0.096482 5.055069
v -2.466254 0.095177 3.821943
v -3.010884 0.096482 2.588817
v -3.555515 0.095177 2.588817
v -3.555515 0.095177 1.972254
v -3.699379 0.095177 1.355691
v -4.284973 0.096482 0.739128
v -4.932505 0.096482 0.739128
v -4.932505 0.072361 1.355690
v -4.932505 0.048241 1.972253
v -4.932505 0.024120 2.588816
v -4.932505 0.000000 3.120337
v -4.932505 -0.024120 3.651856
v -4.932505 -0.048241 5.055068
v -4.932505 -0.048241 3.821943
v -4.284973 -0.048241 5.055068
v -3.699379 -0.024120 5.055068
v -3.555515 0.000000 5.055068
v -3.010884 0.024120 5.055069
v -2.466254 0.048241 5.055069
v -1.849691 0.072361 5.055069
v -1.849691 0.096482 5.055070
v -1.849691 0.095177 3.821944
v -2.466254 0.095177 3.651856
v -2.466254 0.096482 3.120337
v -2.466254 0.096482 2.588818
v -3.010884 0.096482 1.972254
v -3.699379 0.095177 0.739128
v -4.284973 0.096482 0.122565
v -4.932505 0.096482 0.122565
v -4.932505 0.072361 0.739128
v -4.932505 0.048241 1.355690
v -4.932505 0.024120 1.972253
v -4.932505 0.000000 2.588816
v -4.932505 -0.024120 3.120337
v -4.932505 -0.048241 3.651856
v -3.699379 -0.048241 5.055068
v -3.555514 -0.024120 5.055068
v -3.010884 0.000000 5.055069
v -2.466253 0.024120 5.055069
v -1.849691 0.048241 5.055069
v -1.233128 0.072361 5.055070
v -1.233129 0.096482 5.055070
v -1.233128 0.095177 3.821944
v -1.849691 0.096482 3.120338
v -1.849691 0.095177 3.651858
v -1.849691 0.096482 2.588818
v -2.466253 0.096482 1.972254
v -3.010884 0.096482 1.355691
v -3.555515 0.095177 1.355691
v -3.555515 0.095177 0.739128
v -3.699379 0.095177 0.122565
v -4.284973 0.096482 -0.185717
v -4.932505 0.096482 -0.185717
v -4.932505 0.072361 0.122565
v -4.932505 0.048241 0.739128
v -4.932505 0.024120 1.355690
v -4.932505 0.000000 1.972253
v -4.932505 -0.024120 2.588816
v -4.932505 -0.048241 3.120337
v -3.555514 -0.048241 5.055068
v -3.010884 -0.024120 5.055069
v -2.466253 0.000000 5.055069
v -1.849690 0.024120 5.055069
v -1.233128 0.048241 5.055070
v -0.616565 0.072361 5.055070
v -0.616566 0.042659 5.055070
v -0.616565 0.095177 3.821944
v -1.233128 0.095177 3.651858
v -1.233128 0.096482 3.120338
v -1.233128 0.096482 2.588818
v -1.849690 0.096482 1.972255
v -2.466253 0.096482 1.355691
v -3.010884 0.096482 0.739128
v -3.699379 0.095177 -0.185716
v -4.284973 0.004325 -0.493998
v -4.932505 0.004325 -0.493998
v -4.932505 0.072361 -0.185717
v -4.932505 0.048241 0.122565
v -4.932504 0.024120 0.739128
v -4.932505 0.000000 1.355690
v -4.932505 -0.024120 1.972253
v -4.932505 -0.048241 2.588816
v -3.010884 -0.048241 5.055068
v -2.466253 -0.024120 5.055069
v -1.849690 0.000000 5.055069
v -1.233127 0.024120 5.055070
v -0.616565 0.048241 5.055070
v -0.000002 0.072361 5.055070
v -0.000003 0.042659 5.055070
v -0.616565 0.096482 3.120338
v -0.616565 0.095177 3.651858
v -0.616565 0.096482 2.588819
v -1.233127 0.096482 1.972255
v -1.849690 0.096482 1.355692
v -2.466253 0.096482 0.739129
v -3.010884 0.096482 0.122566
v -3.555514 0.095177 0.122566
v -3.555514 0.095177 -0.185716
v -3.699379 0.095177 -0.493998
v -4.284972 0.004325 -1.110561
v -4.932505 0.004325 -1.110561
v -4.932505 0.072361 -0.493998
v -4.932504 0.048241 -0.185717
v -4.932504 0.024120 0.122565
v -4.932504 0.000000 0.739128
v -4.932505 -0.024120 1.355690
v -4.932504 -0.048241 1.972253
v -2.466253 -0.048241 5.055068
v -1.849690 -0.024120 5.055069
v -1.233127 0.000000 5.055069
v -0.616565 0.024120 5.055070
v -0.000002 0.048241 5.055070
v 0.616560 0.072361 5.055070
v 0.616560 0.042659 5.055071
v -0.000002 0.095177 3.821945
v -0.000002 0.096482 3.120338
v -0.000002 0.095177 3.651858
v -0.000002 0.096482 2.588819
v -0.616564 0.096482 1.972256
v -1.233127 0.096482 1.355692
v -1.849690 0.096482 0.739129
v -2.466253 0.096482 0.122566
v -3.010884 0.096482 -0.185716
v -3.555514 0.095177 -0.493998
v -3.699379 0.095177 -1.110561
v -4.284972 0.096482 -1.418842
v -4.932505 0.096482 -1.418843
v -4.932505 0.072361 -1.110561
v -4.932504 0.048241 -0.493998
v -4.932504 0.024120 -0.185717
v -4.932504 0.000000 0.122565
v -4.932504 -0.024120 0.739128
v -4.932504 -0.048241 1.355690
v -1.849690 -0.048241 5.055069
v -1.233127 -0.024120 5.055069
v -0.616564 0.000000 5.055069
v -0.000002 0.024120 5.055070
v 0.616561 0.048241 5.055070
v 1.233123 0.072361 5.055071
v 1.233123 0.096482 5.055071
v 0.616560 0.095177 3.821946
v 0.616561 0.096482 3.120338
v 0.616560 0.095177 3.651859
v 0.616561 0.096482 2.588819
v -0.000001 0.096482 1.972256
v -0.616564 0.096482 1.355693
v -1.233127 0.096482 0.739130
v -1.849690 0.096482 0.739129
v -2.466253 0.096482 0.739129
v -2.466253 0.096482 -0.185715
v -3.010883 0.096482 -0.493998
v -3.699378 0.095177 -1.418842
v -4.284972 0.096482 -1.727124
v -4.932505 0.096482 -1.727124
v -4.932504 0.072361 -1.418843
v -4.932504 0.048241 -1.110561
v -4.932504 0.024120 -0.493998
v -4.932504 0.000000 -0.185717
v -4.932504 -0.024120 0.122565
v -4.932504 -0.048241 0.739127
v -1.233127 -0.048241 5.055069
v -0.616564 -0.024120 5.055069
v -0.000001 0.000000 5.055070
v 0.616561 0.024120 5.055070
v 1.233124 0.048241 5.055070
v 1.541405 0.072361 5.055071
v 1.541405 0.096482 5.055071
v 1.233123 0.095177 3.821946
v 1.233124 0.096482 3.120340
v 1.233124 0.095177 3.651859
v 1.233124 0.096482 2.588820
v 0.616561 0.096482 1.972256
v -0.000001 0.096482 1.355693
v -0.616564 0.096482 0.739130
v -1.233127 0.096482 0.739130
v -2.466253 0.096482 0.122566
v -2.466253 0.096482 -0.493997
v -3.010883 0.096482 -1.110560
v -3.555514 0.095177 -1.110561
v -3.555514 0.095177 -1.418842
v -3.699378 0.095177 -1.727124
v -4.284972 0.096482 -2.035405
v -4.932505 0.096482 -2.035405
v -4.932504 0.072361 -1.727124
v -4.932504 0.048241 -1.418843
v -4.932504 0.024120 -1.110561
v -4.932504 0.000000 -0.493998
v -4.932504 -0.024120 -0.185717
v -4.932504 -0.048241 0.122564
v -0.616564 -0.048241 5.055069
v -0.000001 -0.024120 5.055069
v 0.616562 0.000000 5.055070
v 1.233124 0.024120 5.055070
v 1.541405 0.048241 5.055071
v 1.849687 0.072361 5.055071
v 1.849687 0.096482 5.055072
v 1.541405 0.095177 3.821946
v 1.541405 0.096482 3.120340
v 1.541405 0.095177 3.651859
v 1.541405 0.096482 2.588820
v 1.233124 0.096482 2.588820
v 0.616561 0.096482 2.588819
v 0.616562 0.096482 1.355693
v -0.000001 0.096482 0.739130
v -0.616564 0.096482 0.739130
v -2.466253 0.693831 0.739129
v -1.849690 0.693831 0.739129
v -1.233127 0.693831 0.739130
v -2.466253 0.693831 0.122566
v -2.466253 0.096482 -0.185715
v -2.466253 0.096482 -1.110560
v -3.010883 0.096482 -1.418842
v -3.555514 0.095177 -1.727124
v -3.699378 0.095177 -2.035405
v -4.284972 0.148121 -2.343686
v -4.932505 0.148121 -2.343687
v -4.932504 0.072361 -2.035405
v -4.932504 0.048241 -1.727124
v -4.932504 0.024120 -1.418843
v -4.932504 0.000000 -1.110561
v -4.932504 -0.024120 -0.493999
v -4.932504 -0.048241 -0.185717
v -0.000001 -0.048241 5.055069
v 0.616562 -0.024120 5.055069
v 1.233125 0.000000 5.055070
v 1.541406 0.024120 5.055070
v 1.849687 0.048241 5.055071
v 2.157968 0.072361 5.055072
v 2.157968 0.138639 5.055072
v 1.849687 0.095177 3.821946
v 1.849687 0.096482 3.120340
v 1.849687 0.095177 3.651860
v 1.849687 0.096482 2.588820
v 1.541405 0.096482 2.588820
v 0.616561 0.096482 1.972256
v 0.616562 0.096482 0.739130
v -0.000001 0.096482 0.739130
v -0.616564 0.693831 0.739130
v -2.466253 1.209365 0.739129
v -1.849690 1.209365 0.739129
v -1.233127 1.209365 0.739130
v -2.466253 0.693831 -0.185715
v -2.466253 1.209365 0.122566
v -2.466253 0.096482 -0.493997
v -2.466253 0.096482 -1.418841
v -3.010883 0.096482 -1.727123
v -3.699378 0.095177 -2.343686
v -4.284972 0.148121 -2.888317
v -4.932504 0.148121 -2.888318
v -4.932504 0.072361 -2.343687
v -4.932504 0.048241 -2.035405
v -4.932504 0.024120 -1.727124
v -4.932504 0.000000 -1.418843
v -4.932504 -0.024120 -1.110561
v -4.932504 -0.048241 -0.493999
v 0.616562 -0.048241 5.055069
v 1.233125 -0.024120 5.055070
v 1.541407 0.000000 5.055070
v 1.849688 0.024120 5.055070
v 2.157969 0.048241 5.055072
v 2.466250 0.072361 5.055072
v 2.466249 0.138639 5.055072
v 2.157968 0.095177 3.821947
v 2.157969 0.096482 3.120340
v 2.157968 0.095177 3.651861
v 2.157969 0.096482 2.588821
v 1.849687 0.096482 2.588820
v 0.616561 0.693831 2.588819
v 1.233124 0.693831 2.588820
v 1.541405 0.693831 2.588820
v 0.616561 0.693831 1.972256
v 0.616562 0.096482 1.355693
v 0.616562 0.096482 0.739130
v -0.000001 0.693831 0.739130
v -0.616564 1.209365 0.739130
v -2.466253 1.291180 0.739129
v -1.849690 1.291180 0.739129
v -1.233127 1.291180 0.739130
v -2.262976 0.096482 -0.185715
v -2.262976 0.693831 -0.185715
v -2.466253 1.209365 -0.185715
v -2.466253 1.291180 0.122566
v -2.262976 0.096482 -0.493997
v -2.466253 0.096482 -1.110560
v -2.466252 0.096482 -1.727123
v -3.010883 0.096482 -2.035405
v -3.555514 0.095177 -2.035405
v -3.699378 0.095177 -2.888317
v -4.284972 0.096482 -3.432948
v -4.932504 0.096482 -3.432948
v -4.932504 0.072361 -2.888318
v -4.932504 0.048241 -2.343687
v -4.932504 0.024120 -2.035405
v -4.932504 0.000000 -1.727124
v -4.932504 -0.024120 -1.418843
v -4.932504 -0.048241 -1.110561
v 1.233125 -0.048241 5.055069
v 1.541407 -0.024120 5.055070
v 1.849688 0.000000 5.055070
v 2.157969 0.024120 5.055070
v 2.466250 0.048241 5.055072
v 3.010880 0.072361 5.055072
v 3.010880 0.096482 5.055072
v 2.466250 0.095177 3.821947
v 2.466250 0.096482 3.120340
v 2.466250 0.095177 3.651861
v 2.466250 0.096482 2.588821
v 2.157969 0.096482 2.588821
v 1.849687 0.693831 2.588820
v 0.616561 1.209365 2.588819
v 1.233124 1.209365 2.588820
v 1.541405 1.209365 2.588820
v 0.616562 0.693831 1.355693
v 0.616561 1.209365 1.972256
v 0.616562 0.693831 0.739130
v -0.000001 1.209365 0.739130
v -0.616564 1.291180 0.739130
v -2.466253 1.772104 0.739129
v -1.849690 1.772104 0.739129
v -1.233127 1.772104 0.739130
v -2.262976 1.209365 -0.185715
v -2.262976 0.693831 -0.493997
v -2.466253 1.291180 -0.185715
v -2.466253 1.772104 0.122566
v -2.262976 0.096482 -1.110560
v -2.466253 0.096482 -1.418841
v -2.466252 0.096482 -2.035404
v -3.010883 0.096482 -2.343686
v -3.555514 0.095177 -2.343686
v -3.555514 0.095177 -2.888317
v -3.699378 0.095177 -3.432947
v -4.284972 0.096482 -3.576812
v -4.932504 0.096482 -3.576812
v -4.932504 0.072361 -3.432948
v -4.932504 0.048241 -2.888318
v -4.932504 0.024120 -2.343687
v -4.932504 0.000000 -2.035405
v -4.932504 -0.024120 -1.727124
v -4.932504 -0.048241 -1.418843
v 1.541407 -0.048241 5.055069
v 1.849688 -0.024120 5.055070
v 2.157969 0.000000 5.055070
v 2.466250 0.024120 5.055070
v 3.010880 0.048241 5.055072
v 3.555511 0.072361 5.055072
v 3.555511 0.096482 5.055073
v 3.010881 0.095177 3.821948
v 3.010881 0.096482 3.120341
v 3.010881 0.095177 3.651861
v 3.010881 0.096482 2.588821
v 2.466250 0.096482 2.588821
v 2.157969 0.693831 2.588821
v 1.849687 1.209365 2.588820
v 0.616561 1.291180 2.588819
v 1.233124 1.291180 2.588820
v 1.541405 1.291180 2.588820
v 0.616562 1.209365 1.355693
v 0.616561 1.291180 1.972256
v 0.616562 1.209365 0.739130
v -0.000001 1.291180 0.739130
v -0.616564 1.772104 0.739130
v -2.423015 1.772104 1.355692
v 0.616562 1.772104 1.355693
v 0.616562 1.772104 0.739130
v -0.000001 1.772104 0.739130
v -2.262976 1.291180 -0.185715
v -2.262976 1.209365 -0.493997
v -2.262976 0.693831 -1.110560
v -2.466253 1.772104 -0.185715
v -2.466253 1.888530 0.122566
v -2.466253 1.888530 0.739129
v -2.466253 0.693831 -1.110560
v -2.466253 0.693831 -1.418841
v -2.466252 0.096482 -1.727123
v -2.466252 0.096482 -2.343686
v -3.010883 0.096482 -2.888317
v -3.699378 0.095177 -3.576812
v -4.284972 0.096482 -4.809937
v -4.932504 0.096482 -4.809938
v -4.932504 0.072361 -3.576813
v -4.932504 0.048241 -3.432948
v -4.932504 0.024120 -2.888318
v -4.932504 0.000000 -2.343687
v -4.932504 -0.024120 -2.035405
v -4.932504 -0.048241 -1.727124
v 1.849688 -0.048241 5.055069
v 2.157970 -0.024120 5.055070
v 2.466251 0.000000 5.055070
v 3.010881 0.024120 5.055072
v 3.555511 0.048241 5.055072
v 3.699376 0.072361 5.055072
v 3.699376 0.096482 5.055073
v 3.555511 0.095177 3.821948
v 3.555511 0.095177 3.120341
v 3.555512 0.095177 2.588821
v 3.010881 0.096482 1.972258
v 2.466250 0.096482 1.972258
v 2.466250 0.096482 1.972258
v 2.466250 0.693831 2.588821
v 2.157969 1.209365 2.588821
v 1.541405 1.209365 2.738349
v 1.849687 1.209365 2.738350
v 0.616561 1.404510 2.588819
v 1.233124 1.772104 2.588820
v 1.541405 1.291180 2.738349
v 1.541405 1.772104 2.588820
v 0.616562 1.291180 1.355693
v 0.616561 1.772104 1.972256
v 0.616562 1.291180 0.739130
v -2.423015 1.888530 1.355692
v -2.423015 1.772104 1.972255
v -2.262976 1.772104 -0.185715
v -2.262976 1.291180 -0.493997
v -2.262976 1.209365 -1.110560
v -2.466253 1.888530 -0.185715
v -2.466253 2.385044 0.122566
v -2.466253 2.385044 0.739129
v -2.466253 1.209365 -1.110560
v -2.466252 0.693831 -1.727123
v -2.466253 1.209365 -1.418841
v -2.466252 0.096482 -2.035404
v -2.466252 0.096482 -2.888316
v -3.010883 0.095177 -3.432947
v -3.555514 0.095177 -3.432947
v -3.555514 0.095177 -3.576812
v -3.699378 0.096482 -4.809937
v -4.932504 0.072361 -4.809938
v -4.284972 0.072361 -4.809938
v -4.932504 0.048241 -3.576813
v -4.932504 0.024120 -3.432948
v -4.932503 0.000000 -2.888318
v -4.932504 -0.024120 -2.343687
v -4.932504 -0.048241 -2.035406
v 2.157970 -0.048241 5.055069
v 2.466251 -0.024120 5.055070
v 3.010881 0.000000 5.055070
v 3.555512 0.024120 5.055072
v 3.699376 0.048241 5.055072
v 4.932502 0.072361 5.055073
v 4.932501 0.096482 5.055073
v 3.699376 0.095177 3.821948
v 3.555511 0.095177 3.651861
v 3.699376 0.095177 2.588821
v 3.699376 0.095177 3.120341
v 3.555512 0.095177 1.972259
v 3.010881 0.096482 1.355695
v 2.466251 0.096482 1.355695
v 2.466250 0.693831 1.972258
v 2.466250 1.209365 2.588821
v 2.157969 1.209365 2.738350
v 1.849687 1.291180 2.738350
v 0.616561 1.520937 2.588819
v 1.233124 1.888530 2.588820
v 1.849687 1.291180 2.588820
v 1.541406 1.772104 2.439115
v 1.541406 1.291180 2.439115
v 1.541405 1.888530 2.588820
v -2.423016 1.404510 2.588818
v -2.423015 1.888530 1.972255
v -0.000001 1.888530 0.739130
v 0.616562 1.888530 0.739130
v 0.616562 1.888530 1.355693
v -1.849690 1.888530 0.739129
v -1.233127 1.888530 0.739130
v -0.616564 1.888530 0.739130
v -2.262976 1.888530 -0.185715
v -2.262976 1.772104 -0.493997
v -2.262976 1.291180 -1.110560
v -2.466253 2.385044 -0.185715
v -1.849690 2.385044 0.739129
v -2.552247 2.385044 0.122566
v -2.552248 2.385044 0.739129
v -2.466253 1.291180 -1.110560
v -2.466252 0.693831 -2.035404
v -2.466252 1.209365 -1.727123
v -2.466253 1.291180 -1.418841
v -2.466252 0.096482 -2.343686
v -1.849689 0.096482 -2.888316
v -1.849689 0.096482 -2.343685
v -2.466252 0.095177 -3.432947
v -3.010883 0.095177 -3.576812
v -3.555513 0.096482 -4.809937
v -3.699378 0.072361 -4.809938
v -4.932504 0.048241 -4.809938
v -4.284971 0.048241 -4.809938
v -4.932504 0.024120 -3.576813
v -4.932503 0.000000 -3.432948
v -4.932503 -0.024120 -2.888318
v -4.932504 -0.048241 -2.343687
v 2.466251 -0.048241 5.055070
v 3.010882 -0.024120 5.055070
v 3.555512 0.000000 5.055070
v 3.699376 0.024120 5.055072
v 4.932502 0.048241 5.055072
v 4.932502 0.072361 3.821948
v 4.932502 0.096482 3.821948
v 3.699376 0.095177 3.651861
v 4.932503 0.096482 2.588822
v 4.932502 0.096482 3.120342
v 3.555512 0.095177 1.355695
v 3.010882 0.096482 0.739132
v 2.466251 0.096482 0.739132
v 2.466251 0.096482 1.355695
v 2.466251 0.693831 1.355695
v 2.466250 1.209365 1.972258
v 2.157969 1.291180 2.588821
v 2.466250 1.291180 2.588821
v 2.157969 1.291180 2.738350
v -2.423016 1.520937 2.588818
v 0.616561 2.322992 2.588819
v 1.233124 2.385044 2.588820
v 1.849688 1.291180 2.439115
v 1.541406 1.888530 2.439115
v 1.849688 1.772104 2.439115
v 1.541405 2.385044 2.588820
v 0.616561 1.888530 1.972256
v -0.000001 2.385044 0.739130
v 0.616562 2.385044 0.739130
v -0.616564 2.385044 0.739130
v -1.233127 2.385044 0.739130
v 0.616562 2.385044 1.355693
v -2.262976 1.888530 -0.493997
v -2.466253 1.888530 -0.493997
v -2.262976 1.772104 -1.110560
v -2.466253 2.385044 -0.493997
v -2.552247 2.385044 -0.185715
v -2.466253 2.485880 0.739129
v -1.849690 2.485880 0.739129
v -2.552248 2.485880 0.739129
v -2.552247 2.485880 0.122566
v -2.466253 1.772104 -1.110560
v -2.466252 0.693831 -2.343686
v -2.466252 1.209365 -2.035404
v -2.658908 1.209365 -1.727123
v -2.658908 1.209365 -1.418842
v -2.658908 1.291180 -1.418842
v -2.466253 1.772104 -1.418841
v -1.233126 0.096482 -2.888316
v -1.233126 0.096482 -2.343685
v -1.849689 0.095177 -3.432946
v -2.466252 0.095177 -3.576812
v -3.010882 0.096482 -4.809937
v -3.555513 0.072361 -4.809938
v -3.699378 0.048241 -4.809938
v -4.932503 0.024120 -4.809938
v -4.284971 0.024120 -4.809938
v -4.932503 0.000000 -3.576813
v -4.932503 -0.024120 -3.432948
v -4.932503 -0.048241 -2.888318
v 3.010882 -0.048241 5.055070
v 3.555512 -0.024120 5.055070
v 3.699377 0.000000 5.055070
v 4.932502 0.024120 5.055072
v 4.932502 0.048241 3.821947
v 4.932502 0.072361 3.651861
v 4.932502 0.096482 3.651861
v 4.932503 0.072361 2.588821
v 4.932503 0.072361 3.120341
v 4.932503 0.096482 1.972259
v 3.699377 0.095177 1.972259
v 3.699378 0.095177 1.355695
v 3.555512 0.095177 0.739132
v 3.010882 0.096482 0.122569
v 2.466251 0.096482 0.122569
v 2.466251 0.096482 0.739132
v 2.466251 0.693831 0.739132
v 2.466251 1.209365 1.355695
v 2.466250 1.291180 1.972258
v 2.157969 1.772104 2.588821
v 2.466250 1.772104 2.588821
v 0.616561 2.385044 1.972256
v 0.616561 2.485880 2.588819
v 1.233124 2.485880 2.588820
v 2.157969 1.291180 2.439115
v 1.849687 1.888530 2.588820
v 1.849688 1.888530 2.439115
v 2.157969 1.772104 2.439115
v 1.849687 2.385044 2.588820
v 1.541405 2.485880 2.588820
v -0.000001 2.485880 0.739130
v 0.616562 2.485880 0.739130
v -0.616564 2.485880 0.739130
v -1.233127 2.485880 0.739130
v 0.616562 2.485880 1.355693
v -2.262976 1.888530 -1.110560
v -2.466253 1.888530 -1.110560
v -2.466253 2.385044 -1.110560
v -2.552247 2.385044 -0.493997
v -2.552247 2.485880 -0.185715
v -1.268252 2.995874 -0.565360
v -1.130889 2.995874 -0.565360
v -2.466253 2.485880 0.122566
v -1.849689 0.096482 -2.343685
v -1.849689 0.693831 -2.343685
v -2.466252 1.209365 -2.343686
v -2.658907 1.209365 -2.035404
v -2.658908 1.291180 -1.727123
v -2.466252 1.291180 -1.727123
v -2.345281 1.291180 -1.418841
v -2.345281 1.772104 -1.418841
v -2.466253 1.888530 -1.418841
v -0.616563 0.096482 -2.888315
v -0.616563 0.096482 -2.343685
v -1.233125 0.095177 -3.432946
v -2.466252 0.096482 -4.809937
v -3.010882 0.072361 -4.809937
v -3.555513 0.048241 -4.809938
v -3.699377 0.024120 -4.809938
v -4.932503 0.000000 -4.809938
v -4.284971 0.000000 -4.809938
v -4.932503 -0.024120 -3.576813
v -4.932503 -0.048241 -3.432948
v 3.555513 -0.048241 5.055070
v 3.699377 -0.024120 5.055070
v 4.932503 0.000000 5.055072
v 4.932503 0.024120 3.821946
v 4.932502 0.048241 3.651861
v 4.932503 0.048241 2.588821
v 4.932503 0.048241 3.120340
v 4.932503 0.072361 1.972259
v 4.932503 0.096482 1.355696
v 3.555513 0.095177 0.122569
v 3.010882 0.096482 -0.185713
v 2.466251 0.096482 -0.185713
v 2.466251 0.096482 0.122569
v 2.466251 0.693831 0.122569
v 2.466251 1.209365 0.739132
v 2.466251 1.291180 1.355695
v 2.466250 1.772104 1.972258
v 2.157969 1.888530 2.588821
v 2.466250 1.888530 2.588821
v 0.616561 2.485880 1.972256
v 0.730690 2.485880 2.451865
v 1.278776 2.485880 2.451865
v 2.157969 1.888530 2.439115
v 2.157969 2.385044 2.588821
v 1.849687 2.485880 2.588820
v 1.552819 2.485880 2.451865
v -0.718801 2.995874 -0.565359
v -0.581438 2.995874 -0.565359
v -0.856164 2.995874 -0.565360
v -0.993526 2.995874 -0.565360
v 0.730691 2.485880 0.807608
v 0.730691 2.485880 1.355693
v -2.466253 2.385044 -1.418841
v -2.552247 2.385044 -1.110560
v -2.552247 2.485880 -0.493997
v -2.466253 2.485880 -0.185715
v -1.268252 2.995874 -0.702723
v -1.130889 2.995874 -0.702723
v -1.233126 0.096482 -2.343685
v -1.233126 0.693831 -2.343685
v -1.849689 1.209365 -2.343685
v -2.466252 1.291180 -2.343686
v -2.466252 1.291180 -2.035404
v -2.658907 1.291180 -2.035404
v -2.345281 1.291180 -1.727123
v -2.345281 1.888530 -1.418841
v -2.345281 1.772104 -1.727123
v 0.000000 0.096482 -2.888315
v 0.000000 0.096482 -2.343684
v -0.616562 0.095177 -3.432946
v -1.233125 0.095177 -3.576811
v -1.849689 0.095177 -3.576811
v -1.849688 0.096482 -4.809937
v -2.466251 0.072361 -4.809937
v -3.010882 0.048241 -4.809937
v -3.555512 0.024120 -4.809938
v -3.699377 0.000000 -4.809938
v -4.932503 -0.024120 -4.809938
v -4.284971 -0.024120 -4.809938
v -4.932503 -0.048241 -3.576813
v 3.699378 -0.048241 5.055070
v 4.932503 -0.024120 5.055070
v 4.932503 0.000000 3.821946
v 4.932503 0.024120 3.651860
v 4.932503 0.024120 2.588821
v 4.932503 0.024120 3.120340
v 4.932503 0.048241 1.972258
v 4.932503 0.072361 1.355695
v 4.932503 0.096482 0.739133
v 3.699378 0.095177 0.739132
v 3.699378 0.095177 0.122569
v 3.555514 0.095177 -0.185713
v 3.010882 0.096482 -0.493994
v 2.466251 0.096482 -0.493995
v 2.466251 0.096482 -0.185713
v 2.391155 0.693831 0.122569
v 2.391155 0.096482 0.122569
v 2.466251 1.209365 0.122569
v 2.466251 1.291180 0.739132
v 2.466251 1.772104 1.355695
v 2.466250 1.888530 1.972258
v 2.466250 2.385044 2.588821
v 0.730690 2.485880 1.903779
v 1.644167 3.526915 1.355694
v 2.157969 2.485880 2.588821
v 1.826861 2.485880 2.451866
v -0.581438 2.995874 -0.702722
v 0.616562 2.485880 0.122567
v -0.718801 2.995874 -0.702722
v -0.856164 2.995874 -0.702722
v -0.993526 2.995874 -0.702723
v 0.730691 2.485880 0.259522
v -2.466252 1.888530 -1.727123
v -2.466252 2.385044 -1.727123
v -2.552247 2.385044 -1.418842
v -2.552247 2.485880 -1.110560
v -2.466253 2.485880 -0.493997
v -1.268252 2.995874 -0.771404
v -1.130889 2.995874 -0.771404
v -0.616563 0.096482 -2.343685
v -0.616563 0.693831 -2.343685
v -1.233126 1.209365 -2.343685
v -1.849689 1.291180 -2.343685
v -2.466252 1.772104 -2.343686
v -2.466252 1.772104 -2.035404
v -2.345281 1.291180 -2.035404
v -2.345281 1.888530 -1.727123
v -2.345281 1.772104 -2.035404
v 0.616564 0.096482 -2.888315
v 0.616563 0.096482 -2.343684
v 0.000001 0.095177 -3.432946
v -1.233125 0.096482 -4.809937
v -1.849688 0.072361 -4.809937
v -2.466251 0.048241 -4.809937
v -3.010882 0.024120 -4.809937
v -3.555512 0.000000 -4.809938
v -3.699377 -0.024120 -4.809938
v -4.932503 -0.048241 -4.809939
v -4.284971 -0.048241 -4.809938
v 4.932503 -0.048241 5.055070
v 4.932503 -0.024120 3.821946
v 4.932503 0.000000 3.651860
v 4.932503 0.000000 2.588820
v 4.932503 0.000000 3.120340
v 4.932503 0.024120 1.972258
v 4.932503 0.048241 1.355695
v 4.932503 0.072361 0.739132
v 4.932503 0.096482 0.122570
v 3.555514 0.095177 -0.493994
v 3.010882 0.096482 -1.110557
v 2.466253 0.096482 -1.110558
v 2.466251 0.096482 -0.493995
v 2.391155 0.096482 -0.185713
v 2.391155 1.209365 0.122569
v 2.391155 0.693831 -0.185713
v 2.466251 1.291180 0.122569
v 2.466251 1.772104 0.739132
v 2.466251 1.888530 1.355695
v 2.466250 2.385044 1.972258
v 2.466250 2.485880 2.588821
v 2.100904 2.485880 2.451867
v -0.581438 2.995874 -0.771404
v 0.616563 2.485880 -0.185714
v -0.718801 2.995874 -0.771404
v -0.856164 2.995874 -0.771404
v -0.993526 2.995874 -0.771404
v 1.233126 2.485880 0.122568
v 1.278777 2.485880 0.259522
v -2.466252 1.888530 -2.035404
v -2.466252 2.385044 -2.035404
v -2.552247 2.385044 -1.727123
v -2.552247 2.485880 -1.418842
v -2.466253 2.485880 -1.110560
v -1.268252 2.995874 -0.840086
v -1.130889 2.995874 -0.840086
v 0.000000 0.096482 -2.343684
v 0.000000 0.693831 -2.343684
v -0.616563 1.209365 -2.343685
v -1.233126 1.291180 -2.343685
v -1.849689 1.772104 -2.343685
v -2.466252 1.888530 -2.343686
v -2.345281 1.888530 -2.035404
v 1.233127 0.096482 -2.888314
v 1.233126 0.096482 -2.343684
v 0.616564 0.095177 -3.432945
v 0.000001 0.095177 -3.576810
v -0.616562 0.095177 -3.576810
v -0.616562 0.096482 -4.809936
v -1.233125 0.072361 -4.809937
v -1.849688 0.048241 -4.809937
v -2.466251 0.024120 -4.809937
v -3.010882 0.000000 -4.809938
v -3.555512 -0.024120 -4.809938
v -3.699377 -0.048241 -4.809938
v 4.932503 -0.048241 3.821945
v 4.932503 -0.024120 3.651859
v 4.932503 -0.024120 2.588820
v 4.932503 -0.024120 3.120339
v 4.932503 0.000000 1.972257
v 4.932503 0.024120 1.355695
v 4.932503 0.048241 0.739132
v 4.932503 0.072361 0.122570
v 4.932503 0.096482 -0.185712
v 3.699378 0.095177 -0.185712
v 3.555514 0.095177 -1.110557
v 3.010883 0.096482 -1.418839
v 2.466253 0.096482 -1.418839
v 2.466253 0.096482 -1.110558
v 2.391155 0.096482 -0.493995
v 2.466251 1.209365 -0.185713
v 2.391155 1.209365 -0.185713
v 2.391155 0.693831 -0.493995
v 2.466251 1.291180 -0.185713
v 2.466251 1.772104 0.122569
v 2.466251 1.888530 0.739132
v 2.466251 2.385044 1.355695
v 2.466250 2.485880 1.972258
v 2.374947 2.485880 2.451867
v 1.523740 3.223183 -1.149093
v -0.581438 2.995874 -0.840085
v 0.616563 2.485880 -0.493995
v -0.718801 2.995874 -0.840085
v -0.856164 2.995874 -0.840085
v -0.993526 2.995874 -0.840086
v 1.541407 2.485880 0.122568
v 1.552820 2.485880 0.259522
v -2.466252 2.385044 -2.343686
v -2.552247 2.385044 -2.035404
v -2.552247 2.485880 -1.727123
v -2.466253 2.485880 -1.418841
v -1.268252 2.995874 -0.977448
v -1.130889 2.995874 -0.977448
v 0.616563 0.096482 -2.343684
v 0.616563 0.693831 -2.343684
v 0.000000 1.209365 -2.343684
v -0.616563 1.291180 -2.343685
v -1.233126 1.772104 -2.343685
v -1.849689 1.888530 -2.343685
v 1.541408 0.096482 -2.888314
v 1.541408 0.096482 -2.343684
v 1.233127 0.095177 -3.432945
v 0.000001 0.096482 -4.809936
v -0.616562 0.072361 -4.809936
v -1.233125 0.048241 -4.809937
v -1.849688 0.024120 -4.809937
v -2.466251 0.000000 -4.809938
v -3.010882 -0.024120 -4.809938
v -3.555512 -0.048241 -4.809938
v 4.932503 -0.048241 3.651858
v 4.932503 -0.048241 2.588820
v 4.932503 -0.048241 3.120339
v 4.932503 -0.024120 1.972256
v 4.932503 0.000000 1.355694
v 4.932503 0.024120 0.739132
v 4.932503 0.048241 0.122569
v 4.932503 0.072361 -0.185712
v 4.932504 0.096482 -0.493993
v 3.699378 0.095177 -0.493994
v 3.699378 0.095177 -1.110557
v 3.555514 0.095177 -1.418839
v 3.010884 0.096482 -1.727120
v 2.466253 0.096482 -1.727121
v 2.466253 0.096482 -1.418839
v 2.466251 0.693831 -0.493995
v 2.466253 0.693831 -1.110558
v 2.466251 1.209365 -0.493995
v 2.391155 1.209365 -0.493995
v 2.466251 1.291180 -0.493995
v 2.466251 1.772104 -0.185713
v 2.466251 1.888530 0.122569
v 2.466251 2.385044 0.739132
v 2.466251 2.485880 1.355695
v 2.374947 2.485880 1.903780
v -0.581437 2.995874 -0.977448
v 0.616563 2.485880 -1.110558
v -0.718800 2.995874 -0.977448
v -0.856163 2.995874 -0.977448
v -0.993526 2.995874 -0.977448
v 1.849689 2.485880 0.122568
v 1.826862 2.485880 0.259523
v -1.849689 2.385044 -2.343685
v -2.552247 2.385044 -2.343686
v -2.552247 2.485880 -2.035404
v -2.466252 2.485880 -1.727123
v -1.268252 2.995874 -1.046130
v -1.130889 2.995874 -1.046130
v 1.233126 0.096482 -2.343684
v 1.233126 0.693831 -2.343684
v 0.616563 1.209365 -2.343684
v 0.000000 1.291180 -2.343684
v -0.616563 1.772104 -2.343685
v -1.233126 1.888530 -2.343685
v 1.849690 0.096482 -2.888314
v 1.849690 0.096482 -2.343684
v 1.541409 0.095177 -3.432945
v 1.233127 0.095177 -3.576810
v 0.616564 0.095177 -3.576810
v 0.616564 0.096482 -4.809936
v 0.000001 0.072361 -4.809936
v -0.616562 0.048241 -4.809937
v -1.233125 0.024120 -4.809937
v -1.849688 0.000000 -4.809937
v -2.466251 -0.024120 -4.809938
v -3.010882 -0.048241 -4.809938
v 4.932503 -0.048241 1.972256
v 4.932503 -0.024120 1.355694
v 4.932503 0.000000 0.739131
v 4.932503 0.024120 0.122569
v 4.932503 0.048241 -0.185713
v 4.932503 0.072361 -0.493993
v 4.932505 0.096482 -1.110556
v 3.555514 0.095177 -1.727120
v 3.010884 0.096482 -2.035402
v 2.466253 0.096482 -2.035402
v 2.466253 0.096482 -1.727121
v 2.466253 0.693831 -1.418839
v 2.466253 1.209365 -1.110558
v 2.466253 1.291180 -1.110558
v 2.466251 1.772104 -0.493995
v 2.466251 1.888530 -0.185713
v 2.466251 2.385044 0.122569
v 2.466251 2.485880 0.739132
v 2.374948 2.485880 1.355695
v -0.581437 2.995874 -1.046129
v 0.616563 2.485880 -1.418840
v -0.718800 2.995874 -1.046129
v -0.856163 2.995874 -1.046129
v -0.993526 2.995874 -1.046129
v 2.377913 2.485880 0.122568
v 2.100906 2.485880 0.259523
v -1.233126 2.385044 -2.343685
v -1.849689 2.385044 -2.430076
v -2.466252 2.385044 -2.430076
v -2.466252 2.485880 -2.343686
v -2.552247 2.485880 -2.343686
v -2.466252 2.485880 -2.035404
v -1.268252 2.995874 -1.114811
v -1.130889 2.995874 -1.114811
v 1.541408 0.096482 -2.343684
v 1.541408 0.693831 -2.343684
v 1.233126 1.209365 -2.343684
v 0.616563 1.291180 -2.343684
v 0.000000 1.772104 -2.343684
v -0.616563 1.888530 -2.343685
v 2.157971 0.096482 -2.888314
v 2.157971 0.096482 -2.343684
v 1.849690 0.095177 -3.432945
v 1.233128 0.096482 -4.809936
v 0.616564 0.072361 -4.809936
v 0.000001 0.048241 -4.809937
v -0.616562 0.024120 -4.809937
v -1.233125 0.000000 -4.809937
v -1.849688 -0.024120 -4.809938
v -2.466251 -0.048241 -4.809938
v 4.932503 -0.048241 1.355693
v 4.932503 -0.024120 0.739131
v 4.932504 0.000000 0.122568
v 4.932503 0.024120 -0.185713
v 4.932503 0.048241 -0.493994
v 4.932504 0.072361 -1.110557
v 4.932505 0.096482 -1.418838
v 3.699378 0.095177 -1.418839
v 3.555514 0.095177 -2.035401
v 3.010884 0.096482 -2.343683
v 2.466253 0.096482 -2.343683
v 2.466253 0.096482 -2.035402
v 2.466253 0.693831 -1.727121
v 2.466253 1.209365 -1.418839
v 2.466253 1.291180 -1.418839
v 2.466253 1.772104 -1.110558
v 2.466251 1.888530 -0.493995
v 2.466251 2.385044 -0.185713
v 2.466251 2.485880 0.122569
v 2.374948 2.485880 0.807609
v -0.581437 2.995874 -1.114810
v 0.616563 2.485880 -1.727121
v -0.718800 2.995874 -1.114811
v -0.856163 2.995874 -1.114811
v -0.993526 2.995874 -1.114811
v 2.374948 2.485880 0.259523
v -0.616563 2.385044 -2.343685
v -1.233126 2.385044 -2.430076
v -2.553681 2.385044 -2.430076
v -2.553681 2.385044 -2.343686
v -1.849689 2.485880 -2.430076
v -2.466252 2.485880 -2.430076
v -2.553681 2.485880 -2.343686
v -1.268252 2.995874 -1.183493
v -1.130889 2.995874 -1.183493
v 1.849690 0.096482 -2.343684
v 1.849690 0.693831 -2.343684
v 1.541408 1.209365 -2.343684
v 1.233126 1.291180 -2.343684
v 0.616563 1.772104 -2.343684
v 0.000000 1.888530 -2.343684
v 2.466253 0.096482 -2.888314
v 2.157971 0.095177 -3.432945
v 1.541409 0.095177 -3.576810
v 1.541409 0.096482 -4.809936
v 1.233128 0.072361 -4.809936
v 0.616564 0.048241 -4.809936
v 0.000001 0.024120 -4.809937
v -0.616562 0.000000 -4.809937
v -1.233125 -0.024120 -4.809937
v -1.849688 -0.048241 -4.809938
v 4.932503 -0.048241 0.739130
v 4.932504 -0.024120 0.122568
v 4.932505 0.000000 -0.185713
v 4.932503 0.024120 -0.493994
v 4.932504 0.048241 -1.110557
v 4.932505 0.072361 -1.418838
v 4.932505 0.096482 -1.727119
v 3.699378 0.095177 -1.727120
v 3.699378 0.095177 -2.035401
v 3.555515 0.095177 -2.343683
v 3.010884 0.096482 -2.888314
v 2.466253 0.096482 -2.343683
v 2.466253 0.693831 -2.035402
v 2.466253 1.209365 -1.727121
v 2.466253 1.291180 -1.727121
v 2.466253 1.772104 -1.418839
v 2.466253 1.888530 -1.110558
v 2.466251 2.385044 -0.493995
v 2.466251 2.485880 -0.185713
v -0.581437 2.995874 -1.183492
v 0.616563 2.485880 -2.035403
v -0.718800 2.995874 -1.183492
v -0.856163 2.995874 -1.183492
v -0.993526 2.995874 -1.183492
v 2.377914 2.485880 -0.185713
v 0.000000 2.385044 -2.343684
v -0.616563 2.385044 -2.430075
v -1.233126 2.485880 -2.430076
v -2.553681 2.485880 -2.430076
v -1.849689 2.485880 -2.343685
v -1.268252 2.995874 -1.252174
v -1.130889 2.995874 -1.252174
v 2.157971 0.096482 -2.343684
v 2.157971 0.693831 -2.343684
v 1.849690 1.209365 -2.343684
v 1.541408 1.291180 -2.343684
v 1.233126 1.772104 -2.343684
v 0.616563 1.888530 -2.343684
v 2.466253 0.095177 -3.432945
v 2.157971 0.095177 -3.576809
v 1.849690 0.095177 -3.576810
v 1.849691 0.096482 -4.809936
v 1.541409 0.072361 -4.809936
v 1.233128 0.048241 -4.809936
v 0.616564 0.024120 -4.809937
v 0.000001 0.000000 -4.809937
v -0.616562 -0.024120 -4.809937
v -1.233125 -0.048241 -4.809938
v 4.932504 -0.048241 0.122568
v 4.932505 -0.024120 -0.185714
v 4.932505 0.000000 -0.493994
v 4.932504 0.024120 -1.110557
v 4.932505 0.048241 -1.418839
v 4.932505 0.072361 -1.727120
v 4.932505 0.096482 -2.035401
v 3.699379 0.095177 -2.343683
v 3.555515 0.095177 -2.888314
v 3.010884 0.095177 -3.432944
v 2.466253 0.693831 -2.343683
v 2.466253 1.209365 -2.035402
v 2.466253 1.291180 -2.035402
v 2.466253 1.772104 -1.727121
v 2.466253 1.888530 -1.418839
v 2.466253 2.385044 -1.110558
v 2.466251 2.485880 -0.493995
v -0.581437 2.995874 -1.252173
v 0.616563 2.485880 -2.343684
v -0.718800 2.995874 -1.252173
v -0.856163 2.995874 -1.252173
v -0.993526 2.995874 -1.252174
v 2.377914 2.485880 -0.493995
v 0.616563 2.385044 -2.343684
v 0.000000 2.385044 -2.430075
v -0.616563 2.485880 -2.430075
v -1.233126 2.485880 -2.343685
v 2.157971 1.209365 -2.343684
v 1.849690 1.291180 -2.343684
v 1.541408 1.772104 -2.343684
v 1.233126 1.888530 -2.343684
v 2.466253 0.095177 -3.576809
v 2.157972 0.096482 -4.809936
v 1.849690 0.072361 -4.809936
v 1.541409 0.048241 -4.809936
v 1.233128 0.024120 -4.809937
v 0.616564 0.000000 -4.809937
v 0.000001 -0.024120 -4.809937
v -0.616562 -0.048241 -4.809938
v 4.932505 -0.048241 -0.185714
v 4.932505 -0.024120 -0.493995
v 4.932505 0.000000 -1.110558
v 4.932505 0.024120 -1.418839
v 4.932505 0.048241 -1.727120
v 4.932505 0.072361 -2.035401
v 4.932505 0.096482 -2.343682
v 3.555515 0.095177 -3.432944
v 2.466253 1.209365 -2.343683
v 2.466253 1.291180 -2.343683
v 2.466253 1.772104 -2.035402
v 2.466253 1.888530 -1.727121
v 2.466253 2.385044 -1.418839
v 2.466253 2.485880 -1.110558
v 0.000000 2.485880 -2.343684
v -0.616563 2.485880 -2.343685
v 2.377915 2.485880 -1.110558
v 1.233126 2.385044 -2.343684
v 0.616563 2.385044 -2.430075
v 0.000000 2.485880 -2.430075
v 2.157971 1.291180 -2.343684
v 1.849690 1.772104 -2.343684
v 1.541408 1.888530 -2.343684
v 2.466254 0.096482 -4.809936
v 2.157972 0.072361 -4.809936
v 1.849690 0.048241 -4.809936
v 1.541409 0.024120 -4.809936
v 1.233128 0.000000 -4.809937
v 0.616564 -0.024120 -4.809937
v 0.000001 -0.048241 -4.809937
v 4.932505 -0.048241 -0.493995
v 4.932505 -0.024120 -1.110558
v 4.932505 0.000000 -1.418839
v 4.932505 0.024120 -1.727121
v 4.932505 0.048241 -2.035401
v 4.932505 0.072361 -2.343683
v 4.932506 0.096482 -2.888313
v 3.699379 0.095177 -2.888314
v 3.699379 0.095177 -3.432944
v 3.555515 0.095177 -3.576809
v 3.010884 0.095177 -3.576809
v 2.466253 1.772104 -2.343683
v 2.466253 1.888530 -2.035402
v 2.466253 2.385044 -1.727121
v 2.466253 2.485880 -1.418839
v 1.233126 2.485880 -2.343684
v 0.616563 2.485880 -2.430075
v 2.377915 2.485880 -1.418839
v 1.541408 2.385044 -2.343684
v 1.233126 2.385044 -2.430074
v 2.157971 1.772104 -2.343684
v 1.849690 1.888530 -2.343684
v 3.010885 0.096482 -4.809935
v 2.466254 0.072361 -4.809936
v 2.157972 0.048241 -4.809936
v 1.849690 0.024120 -4.809936
v 1.541409 0.000000 -4.809937
v 1.233127 -0.024120 -4.809937
v 0.616564 -0.048241 -4.809937
v 4.932505 -0.048241 -1.110559
v 4.932505 -0.024120 -1.418839
v 4.932505 0.000000 -1.727121
v 4.932505 0.024120 -2.035402
v 4.932505 0.048241 -2.343683
v 4.932505 0.072361 -2.888314
v 4.932506 0.096482 -3.432944
v 3.699379 0.095177 -3.576809
v 3.555515 0.096482 -4.809935
v 2.466253 1.888530 -2.343683
v 2.466253 2.385044 -2.035402
v 2.466253 2.485880 -1.727121
v 1.541408 2.485880 -2.343684
v 1.233126 2.485880 -2.430074
v 2.377915 2.485880 -1.727121
v 1.849690 2.385044 -2.343684
v 1.541408 2.385044 -2.430074
v 2.157971 1.888530 -2.343684
v 3.010885 0.072361 -4.809936
v 2.466254 0.048241 -4.809936
v 2.157972 0.024120 -4.809936
v 1.849690 0.000000 -4.809937
v 1.541409 -0.024120 -4.809937
v 1.233127 -0.048241 -4.809937
v 4.932505 -0.048241 -1.418840
v 4.932505 -0.024120 -1.727121
v 4.932505 0.000000 -2.035402
v 4.932505 0.024120 -2.343683
v 4.932505 0.048241 -2.888314
v 4.932506 0.072361 -3.432944
v 4.932506 0.096482 -3.576809
v 3.699380 0.096482 -4.809935
v 3.555515 0.072361 -4.809935
v 2.466253 2.385044 -2.343683
v 2.466253 2.485880 -2.035402
v 1.849690 2.485880 -2.343684
v 1.541408 2.485880 -2.430074
v 2.377915 2.485880 -2.035402
v 2.157971 2.385044 -2.343684
v 1.849690 2.385044 -2.430074
v 3.010884 0.048241 -4.809936
v 2.466254 0.024120 -4.809936
v 2.157971 0.000000 -4.809937
v 1.849690 -0.024120 -4.809937
v 1.541409 -0.048241 -4.809937
v 4.932505 -0.048241 -1.727121
v 4.932505 -0.024120 -2.035403
v 4.932505 0.000000 -2.343684
v 4.932505 0.024120 -2.888314
v 4.932506 0.048241 -3.432944
v 4.932506 0.072361 -3.576809
v 4.932507 0.096482 -4.809935
v 3.699379 0.072361 -4.809935
v 3.555515 0.048241 -4.809936
v 2.466253 2.485880 -2.343683
v 2.377915 2.485880 -2.343684
v 1.849690 2.485880 -2.430074
v 2.157971 2.385044 -2.430074
v 3.010884 0.024120 -4.809936
v 2.466253 0.000000 -4.809936
v 2.157971 -0.024120 -4.809937
v 1.849690 -0.048241 -4.809937
v 4.932505 -0.048241 -2.035403
v 4.932505 -0.024120 -2.343684
v 4.932505 0.000000 -2.888314
v 4.932505 0.024120 -3.432945
v 4.932506 0.048241 -3.576809
v 4.932507 0.072361 -4.809935
v 3.699379 0.048241 -4.809936
v 3.555515 0.024120 -4.809936
v 2.466253 2.385044 -2.430074
v 2.466253 2.485880 -2.430074
v 2.157971 2.485880 -2.430074
v 3.010884 0.000000 -4.809936
v 2.466253 -0.024120 -4.809937
v 2.157971 -0.048241 -4.809937
v 4.932505 -0.048241 -2.343684
v 4.932505 -0.024120 -2.888314
v 4.932505 0.000000 -3.432945
v 4.932505 0.024120 -3.576809
v 4.932506 0.048241 -4.809935
v 3.699379 0.024120 -4.809936
v 3.555515 0.000000 -4.809936
v 3.010884 -0.024120 -4.809937
v 2.466253 -0.048241 -4.809937
v 4.932505 -0.048241 -2.888315
v 4.932505 -0.024120 -3.432945
v 4.932505 0.000000 -3.576809
v 4.932506 0.024120 -4.809936
v 3.699379 0.000000 -4.809936
v 3.555515 -0.024120 -4.809937
v 3.010883 -0.048241 -4.809937
v 4.932505 -0.048241 -3.432946
v 4.932505 -0.024120 -3.576810
v 4.932506 0.000000 -4.809936
v 3.699379 -0.024120 -4.809937
v 3.555514 -0.048241 -4.809937
v 4.932505 -0.048241 -3.576811
v 4.932505 -0.024120 -4.809936
v 3.699378 -0.048241 -4.809937
v 4.932505 -0.048241 -4.809937
v -3.555515 1.667981 3.651856
v -3.555515 1.667981 3.821943
v -3.010884 1.667981 3.821943
v -3.010884 1.667981 3.651856
v 1.541405 1.667981 3.821946
v 1.849687 1.667981 3.821946
v 1.849687 1.667981 3.651860
v 1.233123 1.667981 3.821946
v 1.233124 1.667981 3.651859
v 1.541405 1.667981 3.651859
v 0.616560 1.667981 3.651859
v -0.000002 1.667981 3.651858
v -0.000002 1.667981 3.821945
v 0.616560 1.667981 3.821946
v -1.849691 1.667981 3.821944
v -1.849691 1.667981 3.651858
v -2.466254 1.667981 3.651856
v -2.466254 1.667981 3.821943
v -3.555514 1.667981 -0.493998
v -3.555514 1.667981 -1.110561
v -3.699379 1.667981 -1.110561
v -3.699379 1.667981 -0.493998
v -3.699378 1.667981 -3.432947
v -3.699378 1.667981 -2.888317
v -3.555514 1.667981 -2.888317
v -3.555514 1.667981 -3.432947
v -3.555514 1.667981 -1.727124
v -3.555514 1.667981 -2.035405
v -3.555514 1.667981 -2.343686
v -3.699378 1.667981 -1.727124
v -3.699378 1.667981 -2.035405
v -3.699378 1.667981 -2.343686
v -3.699379 1.667981 1.972254
v -3.555515 1.667981 1.972254
v -3.555515 1.667981 1.355691
v -3.699379 1.667981 1.355691
v 1.541409 1.667981 -3.432945
v 1.849690 1.667981 -3.432945
v 1.849690 1.667981 -3.576810
v 1.233127 1.667981 -3.432945
v 1.233127 1.667981 -3.576810
v 1.541409 1.667981 -3.576810
v 2.466253 1.667981 -3.576809
v 2.466253 1.667981 -3.432945
v 3.010884 1.667981 -3.432944
v 3.010884 1.667981 -3.576809
v -1.233125 1.667981 -3.432946
v -0.616562 1.667981 -3.432946
v -0.616562 1.667981 -3.576810
v -1.233125 1.667981 -3.576811
v -2.466252 1.667981 -3.432947
v -1.849689 1.667981 -3.432946
v -1.849689 1.667981 -3.576811
v -2.466252 1.667981 -3.576812
v 3.555513 1.667981 0.122569
v 3.699378 1.667981 0.122569
v 3.699378 1.667981 -0.185712
v 3.555514 1.667981 -0.185713
v 3.555514 1.667981 -0.493994
v 3.699378 1.667981 -0.493994
v 3.699378 1.667981 -1.110557
v 3.699378 1.667981 -1.418839
v 3.699378 1.667981 -1.727120
v 3.555514 1.667981 -1.110557
v 3.555514 1.667981 -1.418839
v 3.555514 1.667981 -1.727120
v 3.555512 1.667981 1.355695
v 3.699378 1.667981 1.355695
v 3.699378 1.667981 0.739132
v 3.555512 1.667981 0.739132
v 0.000001 1.667981 -3.432946
v 0.000001 1.667981 -3.576810
v 0.616564 1.667981 -3.576810
v 0.616564 1.667981 -3.432945
v 3.699379 1.667981 -2.343683
v 3.555515 1.667981 -2.343683
v 3.555515 1.667981 -2.888314
v 3.699379 1.667981 -2.888314
v 3.699376 1.667981 2.588821
v 3.555512 1.667981 2.588821
v 3.555512 1.667981 1.972259
v 3.699377 1.667981 1.972259
v 3.699376 1.667981 3.651861
v 3.555511 1.667981 3.651861
v 3.555511 1.667981 3.120341
v 3.699376 1.667981 3.120341
v -3.555515 1.667981 2.588817
v -3.555516 1.667981 3.120337
v -3.699380 1.667981 3.120337
v -3.699380 1.667981 2.588817
v -3.555514 1.667981 0.122566
v -3.555515 1.667981 0.739128
v -3.699379 1.667981 0.739128
v -3.699379 1.667981 0.122565
v 2.466250 1.667981 3.821947
v 2.466250 1.667981 3.651861
v 3.010881 1.667981 3.651861
v 3.010881 1.667981 3.821948
v -1.233128 1.667981 3.821944
v -1.233128 1.667981 3.651858
v -0.616565 1.667981 3.651858
v -0.616565 1.667981 3.821944
v 3.555514 0.095177 -0.031572
v 3.627445 0.095177 0.122569
v 3.555514 0.095177 -0.339853
v 3.699378 0.095177 -0.031572
v 3.699378 0.095177 -0.339853
v 3.627446 0.095177 -0.493994
vt 0.200020 0.770138
vt 0.200020 0.733465
vt 0.200020 0.696792
vt 0.200020 0.660119
vt 0.200020 0.623446
vt 0.200020 0.586773
vt 0.170957 0.586773
vt 0.170957 0.767566
vt 0.748457 0.178112
vt 0.742553 0.149513
vt 0.736942 0.150682
vt 0.742847 0.179282
vt 0.200020 0.623459
vt 0.200020 0.770151
vt 0.229085 0.767579
vt 0.229085 0.586786
vt 0.400136 0.081906
vt 0.400136 0.114301
vt 0.406918 0.114301
vt 0.406918 0.081906
vt 0.406918 0.513426
vt 0.406918 0.504869
vt 0.400136 0.504869
vt 0.400136 0.513426
vt 0.770780 0.295098
vt 0.770780 0.277104
vt 0.752873 0.277104
vt 0.752873 0.295098
vt 0.588607 0.862256
vt 0.580039 0.866268
vt 0.580039 0.876237
vt 0.577674 0.876237
vt 0.577674 0.880250
vt 0.588607 0.880250
vt 0.756774 0.891679
vt 0.756773 0.538310
vt 0.752605 0.538310
vt 0.744090 0.563487
vt 0.752605 0.563487
vt 0.752605 0.588664
vt 0.744090 0.588664
vt 0.744090 0.617870
vt 0.752605 0.617870
vt 0.752605 0.647075
vt 0.752605 0.676281
vt 0.752605 0.705486
vt 0.744090 0.705486
vt 0.744090 0.734692
vt 0.752605 0.734692
vt 0.752605 0.763897
vt 0.744090 0.763897
vt 0.744090 0.793103
vt 0.752605 0.793103
vt 0.752605 0.807705
vt 0.752605 0.822308
vt 0.744090 0.822308
vt 0.744090 0.848106
vt 0.752605 0.848106
vt 0.752605 0.873904
vt 0.756773 0.519268
vt 0.738867 0.519268
vt 0.738867 0.891679
vt 0.744090 0.873904
vt 0.744090 0.807705
vt 0.744090 0.676281
vt 0.744090 0.647075
vt 0.752605 0.530253
vt 0.756773 0.530253
vt 0.847362 0.671019
vt 0.865269 0.671019
vt 0.865269 0.298585
vt 0.861300 0.306793
vt 0.861300 0.321124
vt 0.861275 0.662409
vt 0.851355 0.662409
vt 0.869437 0.601644
vt 0.869437 0.587040
vt 0.869437 0.572437
vt 0.877952 0.572437
vt 0.877952 0.543229
vt 0.869437 0.543229
vt 0.869437 0.514022
vt 0.877952 0.514022
vt 0.877952 0.484815
vt 0.869437 0.484815
vt 0.869437 0.455607
vt 0.869437 0.426400
vt 0.869437 0.397193
vt 0.877952 0.397193
vt 0.877952 0.367985
vt 0.869437 0.367985
vt 0.869437 0.342807
vt 0.877952 0.342807
vt 0.869437 0.317628
vt 0.865269 0.317628
vt 0.883176 0.298585
vt 0.865269 0.309571
vt 0.869437 0.309571
vt 0.877952 0.426400
vt 0.877952 0.455607
vt 0.877952 0.587040
vt 0.877952 0.601644
vt 0.877952 0.627444
vt 0.877952 0.653243
vt 0.869437 0.653243
vt 0.883176 0.671019
vt 0.869437 0.627444
vt 0.577674 0.862381
vt 0.577674 0.866268
vt 0.462033 0.586773
vt 0.452113 0.586773
vt 0.452113 1.000000
vt 0.462033 1.000000
vt 0.887144 0.629437
vt 0.883392 0.298585
vt 0.883176 0.651976
vt 0.897114 0.643768
vt 0.887144 0.643768
vt 0.399232 0.825682
vt 0.417139 0.825682
vt 0.417139 0.807687
vt 0.399232 0.807687
vt 0.851331 0.321124
vt 0.851331 0.306793
vt 0.847362 0.298585
vt 0.577674 0.862256
vt 0.851355 0.648078
vt 0.861275 0.648078
vt 0.700117 0.873195
vt 0.710037 0.873195
vt 0.710037 0.862256
vt 0.700117 0.862256
vt 0.854965 0.756873
vt 0.854965 0.742542
vt 0.848584 0.742542
vt 0.848584 0.756873
vt 0.901082 0.298585
vt 0.897090 0.298585
vt 0.897114 0.629437
vt 0.901082 0.651976
vt 0.943865 0.711812
vt 0.943865 0.298585
vt 0.931969 0.325433
vt 0.939986 0.325433
vt 0.939986 0.357828
vt 0.931969 0.357828
vt 0.931969 0.394501
vt 0.939986 0.394501
vt 0.939986 0.412837
vt 0.939986 0.431174
vt 0.931969 0.431174
vt 0.931969 0.467847
vt 0.939986 0.467847
vt 0.939986 0.504520
vt 0.931969 0.504520
vt 0.931969 0.541193
vt 0.939986 0.541193
vt 0.939986 0.577866
vt 0.931969 0.577866
vt 0.931969 0.614539
vt 0.939986 0.614539
vt 0.939986 0.651212
vt 0.931969 0.651212
vt 0.931969 0.683607
vt 0.939986 0.683607
vt 0.939986 0.711812
vt 0.929604 0.711812
vt 0.931969 0.711812
vt 0.931969 0.412837
vt 0.929604 0.298585
vt 0.901082 0.711812
vt 0.915344 0.711812
vt 0.903447 0.684964
vt 0.903447 0.652570
vt 0.903447 0.615897
vt 0.903447 0.597560
vt 0.903447 0.579224
vt 0.903447 0.542551
vt 0.903447 0.505878
vt 0.903447 0.469205
vt 0.903447 0.432531
vt 0.903447 0.395858
vt 0.903447 0.359185
vt 0.903447 0.326791
vt 0.903447 0.298585
vt 0.915344 0.298585
vt 0.911465 0.298585
vt 0.911465 0.326791
vt 0.911465 0.359185
vt 0.911465 0.395858
vt 0.911465 0.432531
vt 0.911465 0.469205
vt 0.911465 0.505878
vt 0.911465 0.542551
vt 0.911465 0.579224
vt 0.911465 0.597560
vt 0.911465 0.615897
vt 0.911465 0.652570
vt 0.911465 0.684964
vt 0.774680 0.891702
vt 0.792587 0.891702
vt 0.792587 0.519268
vt 0.788619 0.528711
vt 0.788619 0.543042
vt 0.788594 0.884327
vt 0.778674 0.884327
vt 0.887169 0.298585
vt 0.897089 0.302483
vt 0.887169 0.302483
vt 0.920084 0.325433
vt 0.926866 0.325433
vt 0.926866 0.357827
vt 0.920084 0.357827
vt 0.920084 0.394500
vt 0.926866 0.394500
vt 0.926866 0.412837
vt 0.926866 0.431174
vt 0.920084 0.431174
vt 0.920084 0.467847
vt 0.926866 0.467847
vt 0.926866 0.504520
vt 0.920084 0.504520
vt 0.920084 0.541193
vt 0.926866 0.541193
vt 0.926866 0.577866
vt 0.920084 0.577866
vt 0.920084 0.614539
vt 0.926866 0.614539
vt 0.926866 0.651212
vt 0.920084 0.651212
vt 0.920084 0.412837
vt 0.972988 0.711813
vt 0.982958 0.711813
vt 0.982957 0.298585
vt 0.972988 0.298585
vt 0.861292 0.235883
vt 0.867674 0.235883
vt 0.867674 0.221552
vt 0.861292 0.221552
vt 0.758377 0.177247
vt 0.758377 0.187265
vt 0.764759 0.187265
vt 0.764759 0.177247
vt 0.854965 0.766892
vt 0.848584 0.766892
vt 0.345648 0.799343
vt 0.345648 0.813674
vt 0.356534 0.813674
vt 0.356534 0.799343
vt 0.748457 0.188186
vt 0.758377 0.188186
vt 0.748457 0.177247
vt 0.837223 0.836919
vt 0.848109 0.836919
vt 0.848109 0.822589
vt 0.837223 0.822589
vt 0.588607 0.876587
vt 0.598527 0.876587
vt 0.598527 0.862256
vt 0.858078 0.836920
vt 0.858078 0.822589
vt 0.738867 0.932496
vt 0.724605 0.519268
vt 0.734126 0.546116
vt 0.734126 0.578511
vt 0.734126 0.615184
vt 0.734126 0.633520
vt 0.734126 0.651857
vt 0.734126 0.688530
vt 0.734126 0.725203
vt 0.734126 0.761876
vt 0.734126 0.798549
vt 0.734126 0.835222
vt 0.734126 0.871895
vt 0.727344 0.871895
vt 0.727344 0.835222
vt 0.727344 0.798549
vt 0.727344 0.761876
vt 0.727344 0.725203
vt 0.727344 0.688530
vt 0.727344 0.651857
vt 0.727344 0.633520
vt 0.727344 0.615184
vt 0.727344 0.578511
vt 0.727344 0.546116
vt 0.724605 0.932496
vt 0.778674 0.869996
vt 0.788594 0.869996
vt 0.778649 0.543042
vt 0.992878 0.711812
vt 0.992878 0.298585
vt 0.351744 0.831940
vt 0.369651 0.831940
vt 0.369651 0.813946
vt 0.351744 0.813946
vt 0.829455 0.298585
vt 0.834975 0.343395
vt 0.843490 0.343395
vt 0.843490 0.369195
vt 0.834975 0.369195
vt 0.834975 0.398402
vt 0.843490 0.398402
vt 0.843490 0.413006
vt 0.843490 0.427609
vt 0.834975 0.427609
vt 0.834975 0.456817
vt 0.843490 0.456817
vt 0.843490 0.471420
vt 0.843490 0.486024
vt 0.843490 0.515231
vt 0.843490 0.544439
vt 0.834975 0.544439
vt 0.834975 0.573646
vt 0.843490 0.573646
vt 0.843490 0.602853
vt 0.834975 0.602853
vt 0.834975 0.628032
vt 0.843490 0.628032
vt 0.843490 0.653211
vt 0.834975 0.653211
vt 0.829455 0.671019
vt 0.834975 0.515231
vt 0.834975 0.486024
vt 0.834975 0.471420
vt 0.834975 0.413006
vt 0.963018 0.711812
vt 0.963018 0.298585
vt 0.778649 0.528711
vt 0.774680 0.519268
vt 0.825487 0.661576
vt 0.811549 0.671019
vt 0.811549 0.298585
vt 0.815542 0.305960
vt 0.825462 0.305960
vt 0.825487 0.647245
vt 0.762293 0.846871
vt 0.762293 0.821073
vt 0.762293 0.791868
vt 0.762293 0.777265
vt 0.762293 0.762662
vt 0.762293 0.733457
vt 0.762293 0.718854
vt 0.762293 0.704251
vt 0.770808 0.704251
vt 0.770808 0.675046
vt 0.762293 0.675046
vt 0.762293 0.645840
vt 0.762293 0.616635
vt 0.762293 0.587429
vt 0.762293 0.562252
vt 0.762293 0.537075
vt 0.770808 0.537075
vt 0.770808 0.562252
vt 0.770808 0.587429
vt 0.770808 0.616635
vt 0.770808 0.645840
vt 0.770808 0.718854
vt 0.770809 0.733457
vt 0.770808 0.762662
vt 0.770808 0.777265
vt 0.770809 0.791868
vt 0.770809 0.821073
vt 0.770809 0.846871
vt 0.094625 0.826580
vt 0.112531 0.826580
vt 0.112531 0.808585
vt 0.094625 0.808585
vt 0.708540 0.519268
vt 0.695263 0.519268
vt 0.695263 0.533599
vt 0.708540 0.533599
vt 0.815517 0.647245
vt 0.825462 0.320291
vt 0.815542 0.320291
vt 0.618426 0.862280
vt 0.618426 0.872249
vt 0.628223 0.872249
vt 0.628223 0.862280
vt 0.815517 0.661576
vt 0.680177 0.875598
vt 0.690147 0.875598
vt 0.690147 0.862256
vt 0.680177 0.862256
vt 0.102642 0.876026
vt 0.112612 0.876026
vt 0.112612 0.861695
vt 0.102642 0.861695
vt 0.700117 0.875597
vt 0.670380 0.862256
vt 0.670380 0.876586
vt 0.680177 0.876586
vt 0.710037 0.872224
vt 0.719834 0.872224
vt 0.719834 0.862256
vt 0.660583 0.876587
vt 0.660583 0.862256
vt 0.650663 0.876587
vt 0.650663 0.862256
vt 0.721817 0.533598
vt 0.721817 0.519268
vt 0.058130 0.038515
vt 0.058130 0.000000
vt 0.000000 0.000000
vt 0.000000 0.038515
vt 0.066155 0.038519
vt 0.066155 0.000004
vt 0.949800 0.765902
vt 0.955895 0.765902
vt 0.955895 0.707488
vt 0.949800 0.707488
vt 0.805613 0.846839
vt 0.799518 0.846839
vt 0.799518 0.885354
vt 0.805613 0.885354
vt 0.000000 0.073346
vt 0.058137 0.073350
vt 0.066155 0.073350
vt 0.091211 0.038519
vt 0.091211 0.000004
vt 0.950987 0.699430
vt 0.949800 0.699430
vt 0.948613 0.765902
vt 0.948613 0.707488
vt 0.806800 0.846839
vt 0.806800 0.885354
vt 0.805613 0.812008
vt 0.799518 0.812008
vt 0.066155 0.081907
vt 0.058137 0.081907
vt 0.091211 0.073350
vt 0.116267 0.038519
vt 0.116267 0.000004
vt 0.950987 0.674252
vt 0.949800 0.674252
vt 0.948613 0.699430
vt 0.947426 0.765902
vt 0.947426 0.707488
vt 0.807988 0.846839
vt 0.807988 0.885354
vt 0.806800 0.812008
vt 0.805613 0.803451
vt 0.804426 0.803451
vt 0.000007 0.081907
vt 0.216056 0.841939
vt 0.208038 0.841939
vt 0.208038 0.877055
vt 0.216056 0.877055
vt 0.091211 0.081907
vt 0.116267 0.073350
vt 0.145332 0.038519
vt 0.145332 0.000004
vt 0.950987 0.649073
vt 0.949800 0.649073
vt 0.948613 0.674252
vt 0.947426 0.699430
vt 0.946239 0.765902
vt 0.946239 0.707488
vt 0.809175 0.846839
vt 0.809175 0.885354
vt 0.807987 0.812008
vt 0.806800 0.803451
vt 0.805613 0.771056
vt 0.804426 0.771056
vt 0.058137 0.114301
vt 0.000007 0.114301
vt 0.449375 0.807687
vt 0.449375 0.772572
vt 0.445207 0.772572
vt 0.445207 0.772355
vt 0.445207 0.768559
vt 0.417139 0.768559
vt 0.369651 0.801145
vt 0.401888 0.801145
vt 0.401888 0.762017
vt 0.373819 0.762017
vt 0.373819 0.765904
vt 0.373819 0.766029
vt 0.369651 0.766029
vt 0.066155 0.114301
vt 0.091211 0.114301
vt 0.861797 0.218157
vt 0.870313 0.218157
vt 0.870313 0.183042
vt 0.861797 0.183042
vt 0.812190 0.212249
vt 0.837246 0.212249
vt 0.837246 0.177134
vt 0.812190 0.177134
vt 0.145333 0.073350
vt 0.174397 0.038519
vt 0.174397 0.000003
vt 0.950987 0.619865
vt 0.949800 0.619865
vt 0.948613 0.649073
vt 0.947426 0.674252
vt 0.946239 0.699430
vt 0.945052 0.765902
vt 0.945052 0.707488
vt 0.810362 0.846839
vt 0.810362 0.885354
vt 0.809175 0.812008
vt 0.807987 0.803451
vt 0.806800 0.771056
vt 0.805613 0.738662
vt 0.804426 0.738662
vt 0.058137 0.146696
vt 0.000007 0.146696
vt 0.850845 0.114929
vt 0.842827 0.114929
vt 0.842827 0.154058
vt 0.850845 0.154058
vt 0.116267 0.114301
vt 0.116267 0.081907
vt 0.837246 0.106904
vt 0.812190 0.106904
vt 0.812190 0.142019
vt 0.837246 0.142019
vt 0.858863 0.142019
vt 0.867378 0.142019
vt 0.867378 0.106904
vt 0.858863 0.106904
vt 0.145333 0.081907
vt 0.174398 0.073350
vt 0.203463 0.038519
vt 0.203463 0.000003
vt 0.950987 0.590658
vt 0.949800 0.590658
vt 0.948613 0.619865
vt 0.947426 0.649073
vt 0.946239 0.674252
vt 0.945052 0.699430
vt 0.943865 0.765902
vt 0.943865 0.707488
vt 0.811549 0.846839
vt 0.811549 0.885354
vt 0.810362 0.812008
vt 0.809175 0.803451
vt 0.807987 0.771056
vt 0.806800 0.738662
vt 0.805613 0.701989
vt 0.804426 0.701989
vt 0.058137 0.183369
vt 0.000007 0.183369
vt 0.066155 0.146696
vt 0.091211 0.146696
vt 0.116267 0.146696
vt 0.145332 0.114301
vt 0.861774 0.803318
vt 0.870289 0.803318
vt 0.870289 0.768203
vt 0.861774 0.768203
vt 0.029065 0.808610
vt 0.000000 0.808610
vt 0.000000 0.843726
vt 0.029065 0.843726
vt 0.203463 0.073350
vt 0.232528 0.038518
vt 0.232528 0.000003
vt 0.950987 0.561451
vt 0.949800 0.561451
vt 0.948613 0.590658
vt 0.947426 0.619865
vt 0.946239 0.649073
vt 0.945052 0.674252
vt 0.943865 0.699430
vt 0.811549 0.812008
vt 0.810362 0.803451
vt 0.809174 0.771056
vt 0.807987 0.738662
vt 0.806800 0.701989
vt 0.805613 0.665316
vt 0.804426 0.665316
vt 0.058137 0.220042
vt 0.000007 0.220042
vt 0.650663 0.719702
vt 0.614169 0.719702
vt 0.614169 0.758830
vt 0.650663 0.758830
vt 0.858863 0.154058
vt 0.858863 0.114929
vt 0.091211 0.183369
vt 0.066155 0.183369
vt 0.116267 0.183369
vt 0.145332 0.146696
vt 0.174397 0.114301
vt 0.174398 0.081907
vt 0.065559 0.808585
vt 0.036494 0.808585
vt 0.036494 0.843701
vt 0.065559 0.843701
vt 0.858863 0.177134
vt 0.867378 0.177134
vt 0.203463 0.081907
vt 0.232528 0.073350
vt 0.247060 0.038518
vt 0.247060 0.000003
vt 0.950987 0.532243
vt 0.949800 0.532243
vt 0.948613 0.561451
vt 0.947426 0.590658
vt 0.946239 0.619865
vt 0.945052 0.649073
vt 0.943865 0.674252
vt 0.811549 0.803451
vt 0.810362 0.771056
vt 0.809174 0.738662
vt 0.807987 0.701989
vt 0.806800 0.665316
vt 0.463495 0.696792
vt 0.462033 0.696792
vt 0.464682 0.733465
vt 0.463495 0.733465
vt 0.000011 0.256717
vt 0.058137 0.256715
vt 0.066155 0.220042
vt 0.856104 0.703414
vt 0.848086 0.703414
vt 0.848086 0.742542
vt 0.856104 0.742542
vt 0.574531 0.710134
vt 0.538037 0.710134
vt 0.538037 0.749262
vt 0.574531 0.749262
vt 0.091211 0.220042
vt 0.116267 0.220042
vt 0.145332 0.183369
vt 0.174397 0.146696
vt 0.203463 0.114301
vt 0.606740 0.872176
vt 0.615255 0.872176
vt 0.615255 0.837061
vt 0.606740 0.837061
vt 0.679728 0.797933
vt 0.650663 0.797933
vt 0.650663 0.833048
vt 0.679728 0.833048
vt 0.247060 0.073350
vt 0.261599 0.038522
vt 0.261599 0.000007
vt 0.950987 0.517640
vt 0.949800 0.517640
vt 0.948613 0.532243
vt 0.947426 0.561451
vt 0.946239 0.590658
vt 0.945052 0.619865
vt 0.943865 0.649073
vt 0.811549 0.771056
vt 0.810362 0.738662
vt 0.809175 0.701989
vt 0.807988 0.665316
vt 0.806800 0.628642
vt 0.805613 0.628642
vt 0.463495 0.660119
vt 0.462033 0.660119
vt 0.501542 0.749262
vt 0.501542 0.710134
vt 0.858863 0.036673
vt 0.850845 0.036673
vt 0.850845 0.075801
vt 0.858863 0.075801
vt 0.091211 0.256715
vt 0.066155 0.256715
vt 0.116267 0.256715
vt 0.145332 0.220042
vt 0.174397 0.183369
vt 0.203463 0.146696
vt 0.232528 0.114301
vt 0.232528 0.081907
vt 0.446204 0.807687
vt 0.417139 0.842802
vt 0.446204 0.842802
vt 0.111655 0.826580
vt 0.103140 0.826580
vt 0.103140 0.861695
vt 0.111655 0.861695
vt 0.247060 0.081907
vt 0.261593 0.073350
vt 0.290664 0.038522
vt 0.290664 0.000007
vt 0.449552 0.807687
vt 0.450739 0.807687
vt 0.446204 0.822291
vt 0.449552 0.822291
vt 0.948613 0.517640
vt 0.947426 0.532243
vt 0.946239 0.561451
vt 0.945052 0.590658
vt 0.943865 0.619865
vt 0.811549 0.738662
vt 0.810362 0.701989
vt 0.809174 0.665315
vt 0.807988 0.628642
vt 0.806800 0.591969
vt 0.805613 0.591969
vt 0.463495 0.623446
vt 0.462033 0.623446
vt 0.058137 0.293388
vt 0.000011 0.293390
vt 0.842827 0.075801
vt 0.842827 0.036673
vt 0.687158 0.758830
vt 0.723652 0.758830
vt 0.723652 0.719702
vt 0.687158 0.719702
vt 0.091211 0.293388
vt 0.066155 0.293388
vt 0.116267 0.293388
vt 0.145332 0.256715
vt 0.174397 0.220042
vt 0.203462 0.183369
vt 0.232528 0.146696
vt 0.247060 0.114301
vt 0.261593 0.081907
vt 0.290658 0.073349
vt 0.305190 0.038518
vt 0.305190 0.000003
vt 0.446204 0.851498
vt 0.449552 0.851498
vt 0.949800 0.503036
vt 0.948613 0.503036
vt 0.947426 0.517640
vt 0.946239 0.532243
vt 0.945052 0.561451
vt 0.943865 0.590658
vt 0.811549 0.701989
vt 0.810362 0.665315
vt 0.809174 0.628642
vt 0.807988 0.591969
vt 0.806800 0.555296
vt 0.805613 0.555296
vt 0.463495 0.586773
vt 0.464682 0.586773
vt 0.058137 0.330061
vt 0.000011 0.330063
vt 0.091211 0.330061
vt 0.066155 0.330061
vt 0.116267 0.330061
vt 0.145332 0.293388
vt 0.174397 0.256715
vt 0.203462 0.220042
vt 0.247060 0.146696
vt 0.261593 0.114301
vt 0.368775 0.831940
vt 0.360260 0.831940
vt 0.360260 0.867056
vt 0.368775 0.867056
vt 0.258150 0.806824
vt 0.229085 0.806824
vt 0.229085 0.841939
vt 0.258150 0.841939
vt 0.305190 0.073349
vt 0.319723 0.038518
vt 0.319723 0.000003
vt 0.450739 0.866102
vt 0.449552 0.866102
vt 0.949800 0.473829
vt 0.948613 0.473829
vt 0.947426 0.503036
vt 0.946239 0.517640
vt 0.945052 0.532243
vt 0.943865 0.561451
vt 0.811549 0.665315
vt 0.810362 0.628642
vt 0.809175 0.591969
vt 0.807988 0.555296
vt 0.806800 0.518623
vt 0.805613 0.518623
vt 0.805613 0.500287
vt 0.804426 0.500287
vt 0.804426 0.518623
vt 0.000007 0.366734
vt 0.058137 0.366734
vt 0.577674 0.758830
vt 0.577674 0.719702
vt 0.614758 0.837061
vt 0.614758 0.797933
vt 0.606740 0.797933
vt 0.091211 0.366734
vt 0.066155 0.366734
vt 0.036494 0.732809
vt 0.000000 0.732809
vt 0.000000 0.771937
vt 0.036494 0.771937
vt 0.116267 0.366734
vt 0.145332 0.330061
vt 0.174397 0.293388
vt 0.203462 0.256715
vt 0.261593 0.146696
vt 0.290658 0.114301
vt 0.290658 0.081907
vt 0.316254 0.806811
vt 0.287189 0.806811
vt 0.287189 0.841926
vt 0.316254 0.841926
vt 0.856104 0.738529
vt 0.864619 0.738529
vt 0.864619 0.703414
vt 0.305190 0.081907
vt 0.319723 0.073349
vt 0.334255 0.038518
vt 0.334255 0.000003
vt 0.949800 0.459225
vt 0.950987 0.459225
vt 0.950987 0.444622
vt 0.949800 0.444622
vt 0.948613 0.459225
vt 0.947426 0.473829
vt 0.946239 0.503036
vt 0.945052 0.517640
vt 0.943865 0.532243
vt 0.811549 0.628642
vt 0.810362 0.591969
vt 0.809175 0.555296
vt 0.807987 0.518623
vt 0.806800 0.500287
vt 0.805613 0.481950
vt 0.804426 0.481950
vt 0.058137 0.385071
vt 0.000007 0.385071
vt 0.091211 0.385071
vt 0.066155 0.385071
vt 0.116267 0.385071
vt 0.174397 0.330061
vt 0.203462 0.293388
vt 0.287189 0.586773
vt 0.287189 0.623446
vt 0.316586 0.623446
vt 0.316586 0.586773
vt 0.287189 0.660119
vt 0.316586 0.660119
vt 0.112626 0.615980
vt 0.112626 0.586773
vt 0.083229 0.586773
vt 0.083229 0.615980
vt 0.290658 0.146696
vt 0.305190 0.114301
vt 0.319723 0.081907
vt 0.334255 0.073349
vt 0.348784 0.038517
vt 0.348784 0.000001
vt 0.950987 0.430018
vt 0.949800 0.430018
vt 0.948613 0.444622
vt 0.947426 0.459225
vt 0.946239 0.473829
vt 0.945052 0.503036
vt 0.943865 0.517640
vt 0.811549 0.591969
vt 0.810362 0.555296
vt 0.809175 0.518623
vt 0.807987 0.500287
vt 0.806800 0.481950
vt 0.805613 0.463614
vt 0.802352 0.463614
vt 0.058137 0.403407
vt 0.000007 0.403407
vt 0.483295 0.710134
vt 0.483295 0.749262
vt 0.091211 0.403407
vt 0.066155 0.403407
vt 0.668910 0.758830
vt 0.668910 0.719702
vt 0.116267 0.403407
vt 0.203462 0.330061
vt 0.287189 0.696792
vt 0.316586 0.696792
vt 0.341957 0.623446
vt 0.341957 0.586773
vt 0.341957 0.660119
vt 0.112626 0.630583
vt 0.083229 0.630583
vt 0.057858 0.586773
vt 0.057858 0.615980
vt 0.305190 0.146696
vt 0.319723 0.114301
vt 0.869166 0.838433
vt 0.860651 0.838433
vt 0.860651 0.873549
vt 0.869166 0.873549
vt 0.127159 0.844356
vt 0.141692 0.844356
vt 0.141692 0.809241
vt 0.127159 0.809241
vt 0.348788 0.073349
vt 0.374458 0.038517
vt 0.374458 0.000001
vt 0.953528 0.415414
vt 0.949800 0.415414
vt 0.948613 0.430018
vt 0.947426 0.444622
vt 0.946239 0.459225
vt 0.945052 0.473829
vt 0.943865 0.503036
vt 0.811549 0.555296
vt 0.810362 0.518623
vt 0.809175 0.500287
vt 0.807987 0.481950
vt 0.806800 0.463614
vt 0.805613 0.445277
vt 0.802352 0.445277
vt 0.000004 0.421742
vt 0.058137 0.421744
vt 0.465048 0.710134
vt 0.465048 0.749262
vt 0.091211 0.421744
vt 0.066155 0.421744
vt 0.116267 0.421744
vt 0.501542 0.680593
vt 0.465048 0.680593
vt 0.519790 0.710134
vt 0.519790 0.680593
vt 0.452113 0.615980
vt 0.422716 0.586773
vt 0.422716 0.615980
vt 0.287189 0.733465
vt 0.316586 0.733465
vt 0.341957 0.696792
vt 0.345983 0.623446
vt 0.345983 0.586773
vt 0.345983 0.660119
vt 0.748457 0.088623
vt 0.748457 0.118164
vt 0.760489 0.118164
vt 0.760489 0.088623
vt 0.057858 0.630583
vt 0.053832 0.586773
vt 0.053832 0.615980
vt 0.413920 0.776620
vt 0.413920 0.762017
vt 0.401888 0.776620
vt 0.319723 0.146696
vt 0.334255 0.114301
vt 0.334255 0.081906
vt 0.647492 0.797958
vt 0.632959 0.797958
vt 0.632959 0.833073
vt 0.647492 0.833073
vt 0.112626 0.844356
vt 0.112626 0.809241
vt 0.374462 0.073349
vt 0.400136 0.038518
vt 0.400136 0.000003
vt 0.953528 0.389614
vt 0.949800 0.389614
vt 0.948613 0.415414
vt 0.947426 0.430018
vt 0.946239 0.444622
vt 0.945052 0.459225
vt 0.943865 0.473829
vt 0.811549 0.518623
vt 0.810362 0.500287
vt 0.809175 0.481950
vt 0.807987 0.463614
vt 0.806800 0.445277
vt 0.805613 0.412883
vt 0.804426 0.412883
vt 0.058137 0.440080
vt 0.000004 0.440079
vt 0.407250 0.825681
vt 0.399232 0.864810
vt 0.407250 0.864810
vt 0.091211 0.440080
vt 0.066155 0.440080
vt 0.116267 0.440080
vt 0.538037 0.680593
vt 0.501542 0.655098
vt 0.465048 0.655098
vt 0.519790 0.655098
vt 0.452113 0.645187
vt 0.422716 0.645187
vt 0.397345 0.586773
vt 0.397345 0.615980
vt 0.287189 0.770138
vt 0.316586 0.770138
vt 0.341957 0.733465
vt 0.345983 0.696792
vt 0.369651 0.623446
vt 0.369651 0.586773
vt 0.369651 0.660119
vt 0.748457 0.143660
vt 0.760489 0.143660
vt 0.745571 0.000000
vt 0.731038 0.000000
vt 0.731038 0.029541
vt 0.745571 0.029541
vt 0.053832 0.630583
vt 0.030164 0.586773
vt 0.030164 0.615980
vt 0.413920 0.805827
vt 0.401888 0.805827
vt 0.334255 0.146696
vt 0.348788 0.114301
vt 0.348788 0.081906
vt 0.618426 0.797958
vt 0.618426 0.833073
vt 0.861317 0.035115
vt 0.869832 0.035115
vt 0.869832 0.000000
vt 0.861317 0.000000
vt 0.374462 0.081906
vt 0.400136 0.073349
vt 0.406918 0.038518
vt 0.406918 0.000003
vt 0.950987 0.363815
vt 0.949800 0.363815
vt 0.948613 0.389614
vt 0.947426 0.415414
vt 0.946239 0.430018
vt 0.945052 0.444622
vt 0.943865 0.459225
vt 0.811549 0.500287
vt 0.810362 0.481950
vt 0.809175 0.463614
vt 0.807987 0.445277
vt 0.806800 0.412883
vt 0.805613 0.380488
vt 0.804426 0.380488
vt 0.000007 0.472475
vt 0.058137 0.472475
vt 0.091211 0.472475
vt 0.066155 0.472475
vt 0.116267 0.472475
vt 0.556284 0.710134
vt 0.556284 0.680593
vt 0.538037 0.655098
vt 0.501542 0.651052
vt 0.465048 0.651052
vt 0.519790 0.651052
vt 0.452113 0.674394
vt 0.422716 0.674394
vt 0.397345 0.645187
vt 0.393319 0.586773
vt 0.393319 0.615980
vt 0.341957 0.770138
vt 0.345983 0.733465
vt 0.369651 0.696792
vt 0.748457 0.147706
vt 0.760489 0.147706
vt 0.731038 0.055036
vt 0.745571 0.055036
vt 0.774636 0.000000
vt 0.774636 0.029541
vt 0.030164 0.630583
vt 0.024435 0.586773
vt 0.024435 0.615980
vt 0.764905 0.218021
vt 0.764905 0.188480
vt 0.752873 0.188480
vt 0.752873 0.218021
vt 0.112626 0.688998
vt 0.112626 0.674394
vt 0.083229 0.674394
vt 0.083229 0.688998
vt 0.348788 0.146696
vt 0.374462 0.114301
vt 0.867378 0.071788
vt 0.858863 0.071788
vt 0.812190 0.071788
vt 0.837864 0.071788
vt 0.837864 0.036673
vt 0.812190 0.036673
vt 0.406918 0.073349
vt 0.465048 0.038518
vt 0.465048 0.000003
vt 0.950987 0.357000
vt 0.949800 0.357000
vt 0.948613 0.363815
vt 0.947426 0.389614
vt 0.946239 0.415414
vt 0.945052 0.430018
vt 0.943865 0.444622
vt 0.811549 0.481950
vt 0.810362 0.463614
vt 0.809175 0.445277
vt 0.807988 0.412883
vt 0.806800 0.380488
vt 0.805613 0.371931
vt 0.804426 0.371931
vt 0.058137 0.504869
vt 0.000007 0.504869
vt 0.449375 0.729431
vt 0.417139 0.729431
vt 0.449375 0.768559
vt 0.567221 0.862609
vt 0.575239 0.862609
vt 0.575239 0.823481
vt 0.567221 0.823481
vt 0.066155 0.504869
vt 0.091211 0.504869
vt 0.650663 0.797958
vt 0.618426 0.758830
vt 0.116267 0.504869
vt 0.145332 0.472475
vt 0.145332 0.440080
vt 0.574531 0.680593
vt 0.556284 0.655098
vt 0.230161 0.878612
vt 0.230161 0.860276
vt 0.223113 0.860276
vt 0.223113 0.878612
vt 0.501542 0.627268
vt 0.465048 0.645447
vt 0.731038 0.186365
vt 0.735065 0.186365
vt 0.735065 0.179282
vt 0.731038 0.179282
vt 0.519790 0.627268
vt 0.397345 0.674394
vt 0.393319 0.645187
vt 0.387741 0.586773
vt 0.369651 0.615980
vt 0.345983 0.770138
vt 0.369651 0.733465
vt 0.369651 0.770138
vt 0.393319 0.674394
vt 0.369651 0.645187
vt 0.369651 0.674394
vt 0.141894 0.586773
vt 0.141894 0.767566
vt 0.748457 0.171489
vt 0.760489 0.171489
vt 0.731038 0.059082
vt 0.745571 0.059082
vt 0.774636 0.055036
vt 0.024435 0.630583
vt 0.000000 0.586773
vt 0.000000 0.615980
vt 0.764905 0.243516
vt 0.752873 0.243516
vt 0.112626 0.703602
vt 0.083229 0.703602
vt 0.057858 0.674394
vt 0.057858 0.688998
vt 0.374462 0.146695
vt 0.837223 0.768203
vt 0.811549 0.768203
vt 0.811549 0.803318
vt 0.837223 0.803318
vt 0.861292 0.270998
vt 0.869808 0.270998
vt 0.869808 0.235883
vt 0.465048 0.073349
vt 0.963018 0.846839
vt 0.961831 0.846839
vt 0.961831 0.885354
vt 0.963018 0.885354
vt 0.950987 0.298585
vt 0.949800 0.298585
vt 0.948613 0.357000
vt 0.947426 0.363815
vt 0.946239 0.389614
vt 0.945052 0.415414
vt 0.943865 0.430018
vt 0.811549 0.463614
vt 0.810362 0.445277
vt 0.809175 0.412883
vt 0.807988 0.380488
vt 0.806800 0.371931
vt 0.805613 0.298585
vt 0.804426 0.298585
vt 0.058137 0.513426
vt 0.000007 0.513426
vt 0.840068 0.703414
vt 0.840068 0.742542
vt 0.116267 0.513426
vt 0.091211 0.513426
vt 0.145332 0.504869
vt 0.174397 0.472475
vt 0.174397 0.440080
vt 0.577674 0.298585
vt 0.577674 0.327792
vt 0.607072 0.327792
vt 0.607072 0.298585
vt 0.574531 0.655098
vt 0.230161 0.841939
vt 0.223113 0.841939
vt 0.760489 0.106960
vt 0.764515 0.106960
vt 0.764515 0.088623
vt 0.501542 0.621511
vt 0.465048 0.639690
vt 0.100640 0.790249
vt 0.100640 0.808585
vt 0.107689 0.808585
vt 0.107689 0.790249
vt 0.874160 0.071972
vt 0.874160 0.095755
vt 0.881217 0.095755
vt 0.881217 0.071972
vt 0.519790 0.621511
vt 0.112626 0.767566
vt 0.736648 0.120915
vt 0.731038 0.122084
vt 0.760489 0.177247
vt 0.731038 0.082866
vt 0.745571 0.082866
vt 0.774636 0.059082
vt 0.000000 0.630583
vt 0.701641 0.005115
vt 0.701641 0.041788
vt 0.726076 0.041788
vt 0.726076 0.005115
vt 0.797677 0.590656
vt 0.797677 0.561451
vt 0.792587 0.561451
vt 0.792587 0.590656
vt 0.764905 0.247562
vt 0.752873 0.247562
vt 0.112626 0.718205
vt 0.083229 0.718205
vt 0.057858 0.703602
vt 0.053832 0.674394
vt 0.053832 0.688998
vt 0.374462 0.183369
vt 0.348788 0.183369
vt 0.400136 0.146695
vt 0.465048 0.081906
vt 0.963018 0.812008
vt 0.961831 0.812008
vt 0.960644 0.846839
vt 0.960644 0.885354
vt 0.948613 0.298585
vt 0.947426 0.357000
vt 0.946239 0.363815
vt 0.945052 0.389614
vt 0.943865 0.415414
vt 0.811549 0.445277
vt 0.810362 0.412883
vt 0.809175 0.380488
vt 0.807988 0.371931
vt 0.806800 0.298585
vt 0.994065 0.707488
vt 0.992878 0.707488
vt 0.992878 0.765903
vt 0.994065 0.765903
vt 0.058137 0.586772
vt 0.066155 0.513426
vt 0.837246 0.071788
vt 0.116267 0.586772
vt 0.091211 0.586772
vt 0.312735 0.841926
vt 0.304220 0.841926
vt 0.304220 0.877041
vt 0.312735 0.877041
vt 0.861774 0.838433
vt 0.870289 0.838433
vt 0.094625 0.843701
vt 0.174398 0.504869
vt 0.203462 0.472475
vt 0.203462 0.440080
vt 0.577674 0.357000
vt 0.607072 0.357000
vt 0.632443 0.327792
vt 0.632443 0.298585
vt 0.574531 0.651052
vt 0.556284 0.651052
vt 0.739091 0.186365
vt 0.739091 0.179282
vt 0.760489 0.125296
vt 0.764515 0.125296
vt 0.764905 0.277104
vt 0.770635 0.277104
vt 0.770635 0.096310
vt 0.764905 0.096310
vt 0.501542 0.596956
vt 0.465048 0.600025
vt 0.100640 0.771912
vt 0.107689 0.771912
vt 0.093583 0.790249
vt 0.093583 0.808585
vt 0.874160 0.066214
vt 0.881217 0.066214
vt 0.287189 0.788474
vt 0.310857 0.788474
vt 0.310857 0.770138
vt 0.519790 0.596956
vt 0.742847 0.089793
vt 0.258150 0.586786
vt 0.258150 0.767579
vt 0.701641 0.151807
vt 0.701641 0.188480
vt 0.726076 0.188480
vt 0.726076 0.151807
vt 0.701641 0.115134
vt 0.726076 0.115134
vt 0.701641 0.078461
vt 0.726076 0.078461
vt 0.387741 0.674394
vt 0.387741 0.703602
vt 0.412176 0.703602
vt 0.412176 0.674394
vt 0.357619 0.770138
vt 0.357619 0.784741
vt 0.369651 0.784741
vt 0.731038 0.088623
vt 0.745571 0.088623
vt 0.774636 0.082866
vt 0.024435 0.645187
vt 0.000000 0.645187
vt 0.797677 0.605259
vt 0.792587 0.605259
vt 0.731038 0.041788
vt 0.731038 0.005115
vt 0.726076 0.000000
vt 0.837864 0.153502
vt 0.837864 0.182710
vt 0.842827 0.182710
vt 0.842827 0.153502
vt 0.764905 0.271346
vt 0.752873 0.271346
vt 0.112626 0.732809
vt 0.083229 0.732809
vt 0.057858 0.718205
vt 0.356534 0.784741
vt 0.356534 0.770138
vt 0.345131 0.770138
vt 0.345131 0.784741
vt 0.614400 0.770289
vt 0.618426 0.770289
vt 0.614400 0.758830
vt 0.030164 0.674394
vt 0.030164 0.688998
vt 0.374462 0.220042
vt 0.348788 0.220042
vt 0.400136 0.183369
vt 0.406918 0.146695
vt 0.465048 0.114301
vt 0.963018 0.803451
vt 0.961831 0.803451
vt 0.960644 0.812008
vt 0.959457 0.846839
vt 0.959457 0.885354
vt 0.947426 0.298585
vt 0.946239 0.357000
vt 0.945052 0.363815
vt 0.943865 0.389614
vt 0.811549 0.412883
vt 0.810362 0.380488
vt 0.809175 0.371931
vt 0.807988 0.298585
vt 0.995252 0.707488
vt 0.995252 0.765902
vt 0.994065 0.699431
vt 0.992878 0.699431
vt 0.066155 0.586772
vt 0.295704 0.841926
vt 0.295704 0.877041
vt 0.994065 0.649073
vt 0.992878 0.649073
vt 0.992878 0.674252
vt 0.994065 0.674252
vt 0.145332 0.586772
vt 0.145332 0.513426
vt 0.493567 0.823481
vt 0.522633 0.823481
vt 0.522633 0.788365
vt 0.493567 0.788365
vt 0.351744 0.867056
vt 0.174397 0.513426
vt 0.203463 0.504869
vt 0.232527 0.472475
vt 0.232527 0.440080
vt 0.577674 0.386207
vt 0.607072 0.386207
vt 0.632443 0.357000
vt 0.636469 0.327792
vt 0.636469 0.298585
vt 0.574531 0.627268
vt 0.556284 0.627268
vt 0.287189 0.767566
vt 0.387741 0.732809
vt 0.369651 0.762016
vt 0.409122 0.762016
vt 0.412176 0.732809
vt 0.501542 0.591969
vt 0.465048 0.591969
vt 0.093583 0.771912
vt 0.216056 0.860276
vt 0.316586 0.788474
vt 0.310857 0.806811
vt 0.538037 0.621511
vt 0.538037 0.596956
vt 0.519789 0.591969
vt 0.731038 0.188480
vt 0.731038 0.151807
vt 0.731038 0.115134
vt 0.731038 0.078461
vt 0.417139 0.703602
vt 0.417139 0.674394
vt 0.357619 0.813946
vt 0.774636 0.088623
vt 0.024435 0.674394
vt 0.000000 0.674394
vt 0.797677 0.619862
vt 0.792587 0.619862
vt 0.837864 0.138899
vt 0.842827 0.138899
vt 0.577674 0.536336
vt 0.577674 0.573009
vt 0.639132 0.615745
vt 0.639132 0.607575
vt 0.792587 0.415414
vt 0.792587 0.444621
vt 0.797677 0.444621
vt 0.797677 0.415414
vt 0.577674 0.335258
vt 0.548277 0.298585
vt 0.548277 0.335258
vt 0.057858 0.732809
vt 0.345131 0.799343
vt 0.760489 0.139900
vt 0.760489 0.154504
vt 0.764515 0.154504
vt 0.764515 0.139900
vt 0.188503 0.799345
vt 0.188503 0.784742
vt 0.177100 0.784741
vt 0.177100 0.799345
vt 0.871805 0.700560
vt 0.871805 0.676777
vt 0.864644 0.676777
vt 0.864644 0.700560
vt 0.024435 0.688998
vt 0.374462 0.256715
vt 0.348788 0.256715
vt 0.400136 0.220042
vt 0.577674 0.797933
vt 0.614169 0.797933
vt 0.874160 0.075776
vt 0.867378 0.075776
vt 0.867378 0.114879
vt 0.874160 0.114879
vt 0.465048 0.146695
vt 0.963018 0.771056
vt 0.961831 0.771056
vt 0.960644 0.803451
vt 0.959457 0.812008
vt 0.958270 0.846839
vt 0.958270 0.885354
vt 0.946239 0.298585
vt 0.945052 0.357000
vt 0.943865 0.363815
vt 0.811549 0.380488
vt 0.810362 0.371931
vt 0.809175 0.298585
vt 0.996439 0.707488
vt 0.996439 0.765902
vt 0.995252 0.699431
vt 0.995252 0.649073
vt 0.995252 0.674252
vt 0.994065 0.619866
vt 0.992878 0.619866
vt 0.174397 0.586772
vt 0.287189 0.877041
vt 0.200020 0.806824
vt 0.200020 0.841939
vt 0.232528 0.504869
vt 0.247060 0.472475
vt 0.247060 0.440080
vt 0.577674 0.415414
vt 0.607072 0.415414
vt 0.632443 0.386207
vt 0.636469 0.357000
vt 0.660136 0.327792
vt 0.660136 0.298585
vt 0.874160 0.036673
vt 0.874160 0.060456
vt 0.881217 0.060456
vt 0.881217 0.036673
vt 0.574531 0.621511
vt 0.556284 0.621511
vt 0.417139 0.762016
vt 0.417139 0.732809
vt 0.465048 0.188566
vt 0.465048 0.225239
vt 0.471504 0.227954
vt 0.471504 0.195354
vt 0.216056 0.878612
vt 0.316586 0.806811
vt 0.556284 0.596956
vt 0.538037 0.591969
vt 0.465048 0.243575
vt 0.471504 0.244254
vt 0.577674 0.683029
vt 0.639132 0.648427
vt 0.639132 0.640256
vt 0.577674 0.646355
vt 0.639132 0.632086
vt 0.577674 0.609682
vt 0.639132 0.623916
vt 0.552243 0.188566
vt 0.523178 0.188566
vt 0.523178 0.195354
vt 0.549015 0.195354
vt 0.000000 0.688998
vt 0.797677 0.649067
vt 0.792587 0.649067
vt 0.837864 0.124295
vt 0.842827 0.124295
vt 0.792587 0.459225
vt 0.797677 0.459225
vt 0.606739 0.536336
vt 0.645607 0.607575
vt 0.645607 0.615745
vt 0.577674 0.371931
vt 0.548277 0.371931
vt 0.522906 0.298585
vt 0.522906 0.335258
vt 0.053832 0.718205
vt 0.053832 0.732809
vt 0.760489 0.165963
vt 0.764515 0.165963
vt 0.195664 0.799345
vt 0.195664 0.784742
vt 0.188503 0.770138
vt 0.177100 0.770138
vt 0.871805 0.671019
vt 0.864644 0.671019
vt 0.826723 0.212249
vt 0.812190 0.236033
vt 0.826723 0.236033
vt 0.374462 0.293388
vt 0.348788 0.293388
vt 0.400136 0.256715
vt 0.406918 0.220042
vt 0.406918 0.183369
vt 0.799369 0.746581
vt 0.792587 0.746581
vt 0.792587 0.785684
vt 0.799369 0.785684
vt 0.465048 0.788365
vt 0.501542 0.788365
vt 0.465048 0.183368
vt 0.963018 0.738662
vt 0.961831 0.738662
vt 0.960644 0.771056
vt 0.959457 0.803451
vt 0.958270 0.812008
vt 0.957083 0.846839
vt 0.957083 0.885354
vt 0.945052 0.298585
vt 0.943865 0.357000
vt 0.811549 0.371931
vt 0.810362 0.298585
vt 0.997626 0.707488
vt 0.997626 0.765902
vt 0.996439 0.699431
vt 0.996439 0.649073
vt 0.996439 0.674252
vt 0.995252 0.619866
vt 0.994065 0.590658
vt 0.992878 0.590658
vt 0.203462 0.586772
vt 0.203463 0.513426
vt 0.577674 0.833048
vt 0.606740 0.833048
vt 0.717309 0.797933
vt 0.708793 0.797933
vt 0.708793 0.833048
vt 0.717309 0.833048
vt 0.232528 0.513426
vt 0.232528 0.509148
vt 0.247060 0.504869
vt 0.239794 0.504869
vt 0.261593 0.472475
vt 0.261593 0.440080
vt 0.450649 0.703936
vt 0.450649 0.674394
vt 0.446204 0.674394
vt 0.446204 0.703936
vt 0.632443 0.415414
vt 0.636469 0.386207
vt 0.660136 0.357000
vt 0.665866 0.327792
vt 0.665866 0.298585
vt 0.574531 0.596956
vt 0.494113 0.188566
vt 0.497341 0.195354
vt 0.727705 0.519268
vt 0.749295 0.467416
vt 0.556284 0.591969
vt 0.465048 0.261912
vt 0.471504 0.260554
vt 0.743925 0.519268
vt 0.606739 0.719702
vt 0.645607 0.648427
vt 0.645607 0.640256
vt 0.645607 0.632086
vt 0.645607 0.623916
vt 0.581308 0.188566
vt 0.574852 0.195354
vt 0.695263 0.441378
vt 0.695263 0.467341
vt 0.024435 0.703602
vt 0.000000 0.703602
vt 0.797677 0.663670
vt 0.792587 0.663670
vt 0.837864 0.095088
vt 0.842827 0.095088
vt 0.792587 0.473829
vt 0.797677 0.473829
vt 0.621272 0.536336
vt 0.648845 0.607575
vt 0.648845 0.615745
vt 0.577674 0.408604
vt 0.548277 0.408604
vt 0.522906 0.371931
vt 0.518880 0.298585
vt 0.518880 0.335258
vt 0.030164 0.718205
vt 0.030164 0.732809
vt 0.195664 0.770138
vt 0.873135 0.735552
vt 0.873135 0.750155
vt 0.880295 0.750155
vt 0.880295 0.735552
vt 0.812190 0.241791
vt 0.826723 0.241791
vt 0.841255 0.212249
vt 0.841255 0.236033
vt 0.374462 0.330061
vt 0.348788 0.330061
vt 0.400136 0.293388
vt 0.687158 0.797933
vt 0.036494 0.811041
vt 0.029713 0.811041
vt 0.029713 0.850144
vt 0.036494 0.850144
vt 0.465048 0.220041
vt 0.963018 0.701989
vt 0.961831 0.701989
vt 0.960644 0.738662
vt 0.959457 0.771056
vt 0.958270 0.803451
vt 0.957083 0.812008
vt 0.955896 0.846839
vt 0.955896 0.885354
vt 0.998813 0.707488
vt 0.998813 0.765902
vt 0.997626 0.699431
vt 0.997626 0.649073
vt 0.997626 0.674252
vt 0.996439 0.619866
vt 0.995252 0.590658
vt 0.994065 0.561451
vt 0.992878 0.561451
vt 0.232527 0.586772
vt 0.329766 0.841926
vt 0.325508 0.841926
vt 0.321250 0.841926
vt 0.321250 0.877041
vt 0.329766 0.877041
vt 0.384184 0.801145
vt 0.376917 0.801145
vt 0.369651 0.836260
vt 0.384184 0.836260
vt 0.261593 0.504869
vt 0.254326 0.504869
vt 0.290658 0.472475
vt 0.290658 0.440080
vt 0.112134 0.801120
vt 0.112134 0.786516
vt 0.107689 0.786516
vt 0.107689 0.801120
vt 0.450649 0.729431
vt 0.446204 0.729431
vt 0.431671 0.729431
vt 0.431671 0.699890
vt 0.417139 0.699890
vt 0.636469 0.415414
vt 0.660136 0.386207
vt 0.665866 0.357000
vt 0.690301 0.327792
vt 0.690301 0.298585
vt 0.574531 0.591969
vt 0.695263 0.493305
vt 0.465048 0.280248
vt 0.471504 0.276854
vt 0.760146 0.519268
vt 0.621272 0.719702
vt 0.648845 0.648427
vt 0.648845 0.640256
vt 0.648845 0.632086
vt 0.648845 0.623916
vt 0.581308 0.225239
vt 0.574852 0.227954
vt 0.695263 0.415414
vt 0.024435 0.718205
vt 0.000000 0.718205
vt 0.797677 0.678273
vt 0.792587 0.678273
vt 0.837864 0.080484
vt 0.842827 0.080484
vt 0.792587 0.503036
vt 0.797677 0.503036
vt 0.635805 0.536336
vt 0.652083 0.607575
vt 0.652083 0.615745
vt 0.577674 0.445277
vt 0.548277 0.445277
vt 0.522906 0.408604
vt 0.518880 0.371931
vt 0.495212 0.298585
vt 0.495212 0.335258
vt 0.036494 0.873927
vt 0.029334 0.850144
vt 0.029334 0.873927
vt 0.024435 0.732809
vt 0.873135 0.764758
vt 0.880295 0.764758
vt 0.841255 0.241791
vt 0.374462 0.366734
vt 0.348788 0.366734
vt 0.400136 0.330061
vt 0.406918 0.293388
vt 0.406918 0.256715
vt 0.867378 0.036673
vt 0.538037 0.788365
vt 0.465048 0.256715
vt 0.963018 0.665316
vt 0.961831 0.665316
vt 0.960644 0.701989
vt 0.959457 0.738662
vt 0.958270 0.771056
vt 0.957083 0.803451
vt 0.955896 0.812008
vt 1.000000 0.707488
vt 1.000000 0.765902
vt 0.998813 0.699431
vt 0.998813 0.649073
vt 0.998813 0.674252
vt 0.997626 0.619866
vt 0.996439 0.590658
vt 0.995252 0.561451
vt 0.994065 0.532244
vt 0.992878 0.532244
vt 0.247060 0.586772
vt 0.247060 0.513426
vt 0.239794 0.513426
vt 0.686995 0.833048
vt 0.694261 0.833048
vt 0.694261 0.797933
vt 0.398716 0.801145
vt 0.391450 0.801145
vt 0.398716 0.836260
vt 0.290658 0.504869
vt 0.305190 0.472474
vt 0.305190 0.440080
vt 0.112134 0.771912
vt 0.606670 0.847651
vt 0.602225 0.833048
vt 0.602225 0.847651
vt 0.431671 0.674394
vt 0.446204 0.699890
vt 0.632443 0.430018
vt 0.636469 0.430018
vt 0.660136 0.415414
vt 0.665866 0.386207
vt 0.690301 0.357000
vt 0.695263 0.327792
vt 0.695263 0.298585
vt 0.465048 0.298585
vt 0.471504 0.293154
vt 0.776367 0.519268
vt 0.799518 0.313189
vt 0.799518 0.298585
vt 0.745848 0.358772
vt 0.635805 0.719701
vt 0.652083 0.648427
vt 0.652083 0.640256
vt 0.652083 0.632086
vt 0.652083 0.623916
vt 0.581308 0.243575
vt 0.574852 0.244254
vt 0.763023 0.298585
vt 0.727705 0.415414
vt 0.797677 0.692875
vt 0.792587 0.692875
vt 0.837864 0.065880
vt 0.842827 0.065880
vt 0.792587 0.517640
vt 0.797677 0.517640
vt 0.664870 0.536336
vt 0.658558 0.607575
vt 0.658558 0.615745
vt 0.577674 0.481950
vt 0.548277 0.481950
vt 0.522906 0.445277
vt 0.518880 0.408604
vt 0.495212 0.371931
vt 0.489483 0.298585
vt 0.489483 0.335258
vt 0.036494 0.879685
vt 0.029334 0.879685
vt 0.374462 0.385070
vt 0.348788 0.385070
vt 0.400136 0.366734
vt 0.723652 0.797933
vt 0.799369 0.824788
vt 0.792587 0.824788
vt 0.792587 0.863891
vt 0.799369 0.863891
vt 0.465048 0.293388
vt 0.963018 0.628643
vt 0.961831 0.628643
vt 0.960644 0.665316
vt 0.959457 0.701989
vt 0.958270 0.738662
vt 0.957083 0.771056
vt 0.955896 0.803451
vt 1.000000 0.699430
vt 1.000000 0.649073
vt 1.000000 0.674252
vt 0.998813 0.619866
vt 0.997626 0.590658
vt 0.996439 0.561451
vt 0.995252 0.532244
vt 0.994065 0.517640
vt 0.992878 0.517640
vt 0.261592 0.586772
vt 0.261593 0.513426
vt 0.254326 0.513426
vt 0.701527 0.833048
vt 0.199309 0.841636
vt 0.195051 0.841636
vt 0.190794 0.841636
vt 0.190794 0.876751
vt 0.199309 0.876751
vt 0.290658 0.513426
vt 0.261593 0.509148
vt 0.305190 0.504869
vt 0.319723 0.472475
vt 0.319723 0.440080
vt 0.577674 0.444622
vt 0.577674 0.473829
vt 0.607072 0.473829
vt 0.607072 0.444622
vt 0.347299 0.813946
vt 0.347299 0.843487
vt 0.351744 0.843487
vt 0.606670 0.862254
vt 0.602225 0.862254
vt 0.632443 0.444622
vt 0.636469 0.444622
vt 0.660136 0.430018
vt 0.665866 0.415414
vt 0.690301 0.386207
vt 0.695263 0.357000
vt 0.494113 0.298585
vt 0.497341 0.293154
vt 0.799518 0.327792
vt 0.664870 0.719701
vt 0.658558 0.648427
vt 0.658558 0.640256
vt 0.658558 0.632086
vt 0.658558 0.623916
vt 0.581308 0.261912
vt 0.574852 0.260554
vt 0.744776 0.298585
vt 0.743925 0.415414
vt 0.465048 0.335258
vt 0.797677 0.707478
vt 0.792587 0.707478
vt 0.837864 0.051277
vt 0.842827 0.051277
vt 0.792587 0.532243
vt 0.797677 0.532243
vt 0.679402 0.536336
vt 0.661796 0.607575
vt 0.661796 0.615745
vt 0.577674 0.518623
vt 0.548277 0.518623
vt 0.522906 0.481950
vt 0.518880 0.445277
vt 0.495212 0.408604
vt 0.489483 0.371931
vt 0.374462 0.403407
vt 0.348788 0.403407
vt 0.400136 0.385070
vt 0.406918 0.366734
vt 0.406918 0.330061
vt 0.029713 0.771937
vt 0.109483 0.732809
vt 0.072989 0.732809
vt 0.072989 0.771912
vt 0.109483 0.771912
vt 0.465048 0.330061
vt 0.963018 0.591969
vt 0.961831 0.591969
vt 0.960644 0.628643
vt 0.959457 0.665316
vt 0.958270 0.701989
vt 0.957083 0.738662
vt 0.955896 0.771056
vt 1.000000 0.619866
vt 0.998813 0.590658
vt 0.997626 0.561451
vt 0.996439 0.532244
vt 0.995252 0.517640
vt 0.994065 0.503036
vt 0.992878 0.503036
vt 0.290658 0.586772
vt 0.407250 0.860797
vt 0.415765 0.860797
vt 0.415765 0.825682
vt 0.330787 0.841926
vt 0.345319 0.841926
vt 0.345319 0.806811
vt 0.330787 0.806811
vt 0.319723 0.504869
vt 0.334255 0.472475
vt 0.334255 0.440080
vt 0.577674 0.488433
vt 0.607072 0.488433
vt 0.632443 0.473829
vt 0.347299 0.868982
vt 0.351744 0.868982
vt 0.636469 0.473829
vt 0.660136 0.444622
vt 0.665866 0.430018
vt 0.690301 0.415414
vt 0.695263 0.386207
vt 0.523178 0.298585
vt 0.523178 0.293154
vt 0.752873 0.292334
vt 0.752873 0.266371
vt 0.701641 0.240407
vt 0.799518 0.357000
vt 0.679402 0.719701
vt 0.661796 0.648427
vt 0.661796 0.640256
vt 0.661796 0.632086
vt 0.661796 0.623916
vt 0.581308 0.293331
vt 0.574852 0.276854
vt 0.726529 0.298585
vt 0.760146 0.415414
vt 0.465048 0.371931
vt 0.779598 0.256711
vt 0.779598 0.293384
vt 0.783671 0.293384
vt 0.783671 0.256711
vt 0.706603 0.297449
vt 0.711566 0.297449
vt 0.711566 0.292334
vt 0.706603 0.292334
vt 0.792587 0.546847
vt 0.797677 0.546847
vt 0.693935 0.536336
vt 0.665033 0.607575
vt 0.665033 0.615745
vt 0.577674 0.536960
vt 0.548277 0.536960
vt 0.522906 0.518623
vt 0.518880 0.481950
vt 0.495212 0.445277
vt 0.489483 0.408604
vt 0.374462 0.421743
vt 0.348788 0.421743
vt 0.400136 0.403407
vt 0.556284 0.749262
vt 0.556284 0.788365
vt 0.574531 0.788365
vt 0.465048 0.366734
vt 0.963018 0.555296
vt 0.961831 0.555296
vt 0.960644 0.591969
vt 0.959457 0.628643
vt 0.958270 0.665316
vt 0.957083 0.701989
vt 0.955896 0.738662
vt 1.000000 0.590658
vt 0.998813 0.561451
vt 0.997626 0.532244
vt 0.996439 0.517640
vt 0.995252 0.503036
vt 0.994065 0.473829
vt 0.992878 0.473829
vt 0.305190 0.586772
vt 0.305190 0.513426
vt 0.551698 0.788365
vt 0.537165 0.788365
vt 0.537165 0.823481
vt 0.551698 0.823481
vt 0.334255 0.504869
vt 0.348788 0.472475
vt 0.348788 0.440080
vt 0.577674 0.503036
vt 0.607072 0.503036
vt 0.632443 0.488433
vt 0.636469 0.488433
vt 0.660136 0.473829
vt 0.665866 0.444622
vt 0.690301 0.430018
vt 0.552243 0.298585
vt 0.549015 0.293154
vt 0.752873 0.240407
vt 0.799518 0.371603
vt 0.693935 0.719701
vt 0.665033 0.648427
vt 0.665033 0.640256
vt 0.665033 0.632086
vt 0.665033 0.623916
vt 0.581308 0.298585
vt 0.574852 0.293154
vt 0.776366 0.415414
vt 0.465048 0.408604
vt 0.779598 0.220038
vt 0.783671 0.220038
vt 0.779598 0.298585
vt 0.783671 0.298585
vt 0.774636 0.256711
vt 0.774636 0.293385
vt 0.701641 0.297535
vt 0.706603 0.297534
vt 0.701641 0.292334
vt 0.708467 0.536336
vt 0.668271 0.607575
vt 0.668271 0.615745
vt 0.577674 0.555296
vt 0.548277 0.555296
vt 0.522906 0.536960
vt 0.518880 0.518623
vt 0.495212 0.481950
vt 0.489483 0.445277
vt 0.374462 0.440080
vt 0.400136 0.421743
vt 0.054742 0.732809
vt 0.054742 0.771912
vt 0.465048 0.385070
vt 0.406918 0.385070
vt 0.963018 0.518623
vt 0.961831 0.518623
vt 0.960644 0.555296
vt 0.959457 0.591969
vt 0.958270 0.628643
vt 0.957083 0.665316
vt 0.955895 0.701989
vt 1.000000 0.561451
vt 0.998813 0.532244
vt 0.997626 0.517640
vt 0.996439 0.503036
vt 0.995252 0.473829
vt 0.994065 0.459225
vt 0.992878 0.459225
vt 0.319723 0.586772
vt 0.319723 0.513426
vt 0.334255 0.513426
vt 0.348788 0.504869
vt 0.374462 0.472474
vt 0.577674 0.517640
vt 0.607072 0.517640
vt 0.632443 0.503036
vt 0.636469 0.503036
vt 0.660136 0.488433
vt 0.665866 0.473829
vt 0.690301 0.444622
vt 0.695263 0.430018
vt 0.752873 0.214444
vt 0.799518 0.386207
vt 0.708467 0.719701
vt 0.668271 0.648426
vt 0.668271 0.640256
vt 0.668271 0.632086
vt 0.668271 0.623916
vt 0.595841 0.298585
vt 0.595841 0.293330
vt 0.695263 0.313189
vt 0.465048 0.445277
vt 0.779598 0.183365
vt 0.783671 0.183365
vt 0.774636 0.220038
vt 0.774636 0.298585
vt 0.715638 0.297321
vt 0.715638 0.292334
vt 0.711566 0.297321
vt 0.697568 0.005200
vt 0.697568 0.041873
vt 0.701641 0.041873
vt 0.701641 0.005200
vt 0.723000 0.536336
vt 0.671509 0.607575
vt 0.701641 0.000000
vt 0.697568 0.000000
vt 0.671509 0.615745
vt 0.577674 0.573633
vt 0.548277 0.573633
vt 0.522906 0.555296
vt 0.518880 0.536960
vt 0.495212 0.518623
vt 0.489483 0.481950
vt 0.400136 0.440080
vt 0.406918 0.421743
vt 0.406918 0.403407
vt 0.867378 0.153983
vt 0.874160 0.153983
vt 0.465048 0.403407
vt 0.963018 0.500287
vt 0.961831 0.500287
vt 0.960644 0.518623
vt 0.959457 0.555296
vt 0.958270 0.591969
vt 0.957083 0.628643
vt 0.955895 0.665316
vt 1.000000 0.532244
vt 0.998813 0.517640
vt 0.997626 0.503036
vt 0.996439 0.473829
vt 0.995252 0.459225
vt 0.994065 0.444622
vt 0.992878 0.444622
vt 0.334255 0.586772
vt 0.348788 0.513426
vt 0.374462 0.504869
vt 0.400136 0.472474
vt 0.577674 0.532244
vt 0.607072 0.532244
vt 0.632443 0.517640
vt 0.636469 0.517640
vt 0.660136 0.503036
vt 0.665866 0.488433
vt 0.690301 0.473829
vt 0.695263 0.444622
vt 0.799518 0.400811
vt 0.723000 0.719701
vt 0.671509 0.648426
vt 0.671509 0.640256
vt 0.671509 0.632086
vt 0.671509 0.623915
vt 0.610373 0.298585
vt 0.610373 0.293330
vt 0.465048 0.481950
vt 0.779598 0.146692
vt 0.783671 0.146692
vt 0.774636 0.183365
vt 0.697568 0.078546
vt 0.723000 0.573009
vt 0.577674 0.591969
vt 0.548277 0.591969
vt 0.522906 0.573633
vt 0.518880 0.555296
vt 0.495212 0.536960
vt 0.489483 0.518623
vt 0.406918 0.440080
vt 0.465048 0.421743
vt 0.963018 0.481950
vt 0.961831 0.481950
vt 0.960644 0.500287
vt 0.959457 0.518623
vt 0.958270 0.555296
vt 0.957083 0.591969
vt 0.955895 0.628643
vt 1.000000 0.517640
vt 0.998813 0.503036
vt 0.997626 0.473829
vt 0.996439 0.459225
vt 0.995252 0.444622
vt 0.994065 0.430018
vt 0.992878 0.430018
vt 0.348788 0.586772
vt 0.811549 0.838433
vt 0.837223 0.838433
vt 0.144863 0.809241
vt 0.177100 0.809241
vt 0.144863 0.770138
vt 0.632443 0.532244
vt 0.636469 0.532244
vt 0.660136 0.517640
vt 0.665866 0.503036
vt 0.690301 0.488433
vt 0.695263 0.473829
vt 0.799518 0.415414
vt 0.723000 0.683028
vt 0.723000 0.646355
vt 0.723000 0.609682
vt 0.639438 0.298585
vt 0.639438 0.293330
vt 0.465048 0.518623
vt 0.779598 0.110019
vt 0.783670 0.110019
vt 0.774636 0.146692
vt 0.697568 0.115219
vt 0.701641 0.115219
vt 0.522906 0.591969
vt 0.518880 0.573633
vt 0.495212 0.555296
vt 0.489483 0.536960
vt 0.642977 0.872176
vt 0.649759 0.872176
vt 0.649759 0.833073
vt 0.642977 0.833073
vt 0.465048 0.440080
vt 0.963018 0.463614
vt 0.961831 0.463614
vt 0.960644 0.481950
vt 0.959457 0.500287
vt 0.958270 0.518623
vt 0.957083 0.555296
vt 0.955895 0.591970
vt 1.000000 0.503036
vt 0.998813 0.473829
vt 0.997626 0.459225
vt 0.996439 0.444622
vt 0.995252 0.430018
vt 0.994065 0.415414
vt 0.992878 0.415414
vt 0.374462 0.586772
vt 0.374462 0.513426
vt 0.577372 0.823481
vt 0.577372 0.788365
vt 0.094625 0.861695
vt 0.406918 0.472474
vt 0.799369 0.707478
vt 0.518880 0.591969
vt 0.660136 0.532244
vt 0.665866 0.517640
vt 0.690301 0.503036
vt 0.695263 0.488433
vt 0.763024 0.415414
vt 0.697568 0.151892
vt 0.697568 0.188566
vt 0.701641 0.188566
vt 0.701641 0.151893
vt 0.653971 0.298585
vt 0.653971 0.293330
vt 0.695263 0.371603
vt 0.465048 0.536960
vt 0.779598 0.073346
vt 0.783670 0.073346
vt 0.774636 0.110019
vt 0.495212 0.573633
vt 0.489483 0.555296
vt 0.112626 0.770138
vt 0.465048 0.472474
vt 0.963018 0.445277
vt 0.961831 0.445277
vt 0.960644 0.463614
vt 0.959457 0.481950
vt 0.958270 0.500287
vt 0.957083 0.518623
vt 0.955895 0.555296
vt 1.000000 0.473829
vt 0.998813 0.459225
vt 0.997626 0.444622
vt 0.996439 0.430018
vt 0.995252 0.415414
vt 0.994065 0.389615
vt 0.992878 0.389615
vt 0.400136 0.586772
vt 0.465048 0.504869
vt 0.495212 0.591969
vt 0.665866 0.532244
vt 0.690301 0.517640
vt 0.695263 0.503036
vt 0.744776 0.415414
vt 0.697568 0.225239
vt 0.701641 0.225239
vt 0.668503 0.298585
vt 0.668503 0.293330
vt 0.465048 0.555296
vt 0.779598 0.055010
vt 0.783670 0.055010
vt 0.774636 0.073346
vt 0.489483 0.573633
vt 0.963018 0.412883
vt 0.961831 0.412883
vt 0.960644 0.445277
vt 0.959457 0.463614
vt 0.958270 0.481950
vt 0.957083 0.500287
vt 0.955895 0.518623
vt 1.000000 0.459225
vt 0.998813 0.444622
vt 0.997626 0.430018
vt 0.996439 0.415414
vt 0.995252 0.389615
vt 0.994065 0.363815
vt 0.992878 0.363815
vt 0.406918 0.586772
vt 0.465048 0.513426
vt 0.963018 0.380488
vt 0.961831 0.380488
vt 0.489483 0.591969
vt 0.690301 0.532244
vt 0.695263 0.517640
vt 0.726529 0.415414
vt 0.697568 0.243575
vt 0.701641 0.243575
vt 0.683036 0.298585
vt 0.683036 0.293330
vt 0.695263 0.400810
vt 0.465048 0.573633
vt 0.779598 0.036673
vt 0.783670 0.036673
vt 0.960644 0.412883
vt 0.959457 0.445277
vt 0.958270 0.463614
vt 0.957082 0.481950
vt 0.955895 0.500287
vt 1.000000 0.444622
vt 0.998813 0.430018
vt 0.997626 0.415414
vt 0.996439 0.389614
vt 0.995252 0.363815
vt 0.994065 0.357000
vt 0.992878 0.357000
vt 0.465048 0.586772
vt 0.963018 0.371931
vt 0.961831 0.371931
vt 0.960644 0.380488
vt 0.695263 0.532244
vt 0.697568 0.261912
vt 0.701641 0.261912
vt 0.697568 0.298585
vt 0.697568 0.293330
vt 0.779598 0.018337
vt 0.783670 0.018337
vt 0.774636 0.036673
vt 0.959457 0.412883
vt 0.958269 0.445277
vt 0.957083 0.463614
vt 0.955895 0.481950
vt 1.000000 0.430018
vt 0.998813 0.415414
vt 0.997626 0.389614
vt 0.996439 0.363815
vt 0.995252 0.357000
vt 0.994065 0.298585
vt 0.961831 0.298585
vt 0.960644 0.371931
vt 0.959457 0.380488
vt 0.779598 0.000000
vt 0.783670 0.000000
vt 0.690301 0.536336
vt 0.695263 0.536336
vt 0.701641 0.280248
vt 0.701641 0.298585
vt 0.774636 0.018337
vt 0.958269 0.412883
vt 0.957082 0.445277
vt 0.955895 0.463614
vt 1.000000 0.415414
vt 0.998813 0.389614
vt 0.997626 0.363815
vt 0.996439 0.357000
vt 0.995252 0.298585
vt 0.960644 0.298585
vt 0.959457 0.371931
vt 0.958269 0.380488
vt 0.957082 0.412883
vt 0.955895 0.445277
vt 1.000000 0.389614
vt 0.998813 0.363815
vt 0.997626 0.357000
vt 0.996439 0.298585
vt 0.959457 0.298585
vt 0.958269 0.371931
vt 0.957082 0.380488
vt 0.955895 0.412883
vt 1.000000 0.363815
vt 0.998813 0.357000
vt 0.997626 0.298585
vt 0.958269 0.298585
vt 0.957082 0.371931
vt 0.955895 0.380488
vt 1.000000 0.357000
vt 0.998813 0.298585
vt 0.957082 0.298585
vt 0.955895 0.371931
vt 1.000000 0.298585
vt 0.955895 0.298585
vt 0.102642 0.886366
vt 0.094625 0.886366
vt 0.811549 0.703414
vt 0.840093 0.671019
vt 0.815542 0.671019
vt 0.815542 0.675208
vt 0.811549 0.675208
vt 0.856129 0.671019
vt 0.848111 0.671019
vt 0.194787 0.809241
vt 0.170236 0.809241
vt 0.170236 0.841636
vt 0.198780 0.841636
vt 0.198780 0.813430
vt 0.194787 0.813430
vt 0.000000 0.872410
vt 0.008018 0.872410
vt 0.008018 0.843726
vt 0.345131 0.806811
vt 0.345131 0.788474
vt 0.850845 0.182742
vt 0.858863 0.182742
vt 0.872638 0.740087
vt 0.872637 0.721750
vt 0.872637 0.703414
vt 0.864619 0.721750
vt 0.864619 0.740087
vt 0.065039 0.790249
vt 0.065039 0.771912
vt 0.061543 0.843701
vt 0.061543 0.872385
vt 0.069561 0.872385
vt 0.069561 0.843701
vt 0.065039 0.808585
vt 0.028544 0.808610
vt 0.028544 0.771937
vt 0.329766 0.878599
vt 0.337784 0.878599
vt 0.337784 0.841926
vt 0.077579 0.872385
vt 0.077579 0.843701
vt 0.016036 0.872410
vt 0.016036 0.843726
vt 0.228565 0.770151
vt 0.228565 0.806824
vt 0.345802 0.878599
vt 0.345802 0.841926
vt 0.812215 0.000000
vt 0.024054 0.872410
vt 0.024054 0.843726
vt 0.465048 0.854246
vt 0.489599 0.854246
vt 0.489599 0.825038
vt 0.465048 0.825038
vt 0.553175 0.877359
vt 0.553175 0.852688
vt 0.544660 0.852688
vt 0.544660 0.877359
vt 0.856129 0.700226
vt 0.864644 0.700226
vt 0.561691 0.877359
vt 0.561691 0.852688
vt 0.394202 0.836260
vt 0.369651 0.865467
vt 0.394202 0.865467
vt 0.282701 0.839218
vt 0.258150 0.839218
vt 0.258150 0.865018
vt 0.282701 0.865018
vt 0.878323 0.295669
vt 0.878323 0.270998
vt 0.869808 0.295669
vt 0.129160 0.870156
vt 0.137675 0.870156
vt 0.137675 0.844356
vt 0.129160 0.844356
vt 0.878323 0.260554
vt 0.878323 0.235883
vt 0.869808 0.260554
vt 0.836100 0.838433
vt 0.836100 0.864233
vt 0.860651 0.864233
vt 0.618426 0.847677
vt 0.642977 0.847677
vt 0.642978 0.862280
vt 0.045010 0.843701
vt 0.036494 0.858304
vt 0.036494 0.872908
vt 0.045010 0.872908
vt 0.045010 0.858304
vt 0.867378 0.178654
vt 0.875893 0.178654
vt 0.875893 0.153983
vt 0.490594 0.878917
vt 0.490594 0.854246
vt 0.482079 0.854246
vt 0.482079 0.878917
vt 0.861317 0.014604
vt 0.836766 0.014604
vt 0.836766 0.029207
vt 0.861317 0.029207
vt 0.836766 0.000000
vt 0.473563 0.854246
vt 0.473563 0.878917
vt 0.837246 0.183042
vt 0.861797 0.212249
vt 0.432436 0.842802
vt 0.423920 0.842802
vt 0.423920 0.872010
vt 0.432436 0.872010
vt 0.837223 0.797410
vt 0.861774 0.797410
vt 0.465048 0.878917
vt 0.812190 0.183365
vt 0.812190 0.165029
vt 0.783671 0.165029
vt 0.878323 0.267010
vt 0.885105 0.295669
vt 0.885105 0.267010
vt 0.236943 0.878612
vt 0.236943 0.860276
vt 0.236943 0.841939
vt 0.812190 0.146692
vt 0.783671 0.091683
vt 0.812190 0.091683
vt 0.812190 0.073346
vt 0.875893 0.182642
vt 0.882675 0.182642
vt 0.882675 0.153983
vt 0.812190 0.110019
vt 0.885105 0.264542
vt 0.885105 0.235883
vt 0.878323 0.264542
vt 0.840068 0.768203
vt 0.840068 0.735808
vt 0.811549 0.735808
vt 0.724091 0.830328
vt 0.724091 0.797933
vt 0.717309 0.830327
vt 0.439218 0.842802
vt 0.439218 0.871462
vt 0.445999 0.871462
vt 0.445999 0.842802
vt 0.493567 0.825038
vt 0.878828 0.183042
vt 0.878828 0.211701
vt 0.885610 0.211701
vt 0.885610 0.183042
vt 0.423920 0.879475
vt 0.417139 0.879475
vt 0.878348 0.000000
vt 0.878348 0.028659
vt 0.885130 0.028659
vt 0.885130 0.000000
vt 0.812190 0.256712
vt 0.812190 0.220039
vt 0.877681 0.838433
vt 0.877681 0.867092
vt 0.884463 0.867092
vt 0.884463 0.838433
vt 0.432436 0.879475
vt 0.439218 0.879475
vt 0.878805 0.768203
vt 0.878805 0.796862
vt 0.885586 0.796862
vt 0.885586 0.768203
vt 0.872638 0.728085
vt 0.881153 0.728085
vt 0.881153 0.703414
vt 0.493567 0.838084
vt 0.518119 0.838084
vt 0.518119 0.823481
vt 0.864619 0.767736
vt 0.864619 0.753133
vt 0.856104 0.753133
vt 0.856104 0.767736
vt 0.542670 0.823481
vt 0.542670 0.838084
vt 0.567221 0.838084
vt 0.493567 0.852688
vt 0.518119 0.852688
vt 0.870313 0.207713
vt 0.878828 0.207713
vt 0.542670 0.852688
vt 0.567221 0.852688
vt 0.812215 0.014604
vt 0.812215 0.029207
vt 0.245459 0.871147
vt 0.245459 0.856543
vt 0.245459 0.841939
vt 0.236943 0.856543
vt 0.236943 0.871147
vt 0.510598 0.877359
vt 0.510598 0.852688
vt 0.502083 0.852688
vt 0.502083 0.877359
vt 0.519114 0.877359
vt 0.519114 0.852688
vt 0.699765 0.847652
vt 0.675214 0.847652
vt 0.675214 0.862256
vt 0.699765 0.862256
vt 0.699765 0.833048
vt 0.675214 0.833048
vt 0.878805 0.792874
vt 0.870289 0.792874
vt 0.812190 0.270998
vt 0.836741 0.270998
vt 0.836741 0.241791
vt 0.841255 0.241457
vt 0.849771 0.241457
vt 0.849771 0.212249
vt 0.724316 0.833048
vt 0.724316 0.862256
vt 0.493567 0.877359
vt 0.252240 0.878612
vt 0.252240 0.841939
vt 0.245459 0.878612
vt 0.874160 0.124414
vt 0.880942 0.124414
vt 0.880942 0.095755
vt 0.812190 0.293385
vt 0.874160 0.153074
vt 0.880942 0.153074
vt 0.120644 0.844356
vt 0.120644 0.870156
vt 0.407250 0.885468
vt 0.415765 0.885468
vt 0.812190 0.296798
vt 0.836741 0.296798
vt 0.527629 0.877359
vt 0.527629 0.852688
vt 0.811549 0.864233
vt 0.053525 0.872908
vt 0.053525 0.843701
vt 0.870289 0.817545
vt 0.878805 0.817545
vt 0.536144 0.852688
vt 0.536144 0.877359
vt 0.848584 0.767721
vt 0.840068 0.767721
vt 0.871805 0.695690
vt 0.880320 0.695690
vt 0.880320 0.671019
vt 0.836741 0.296177
vt 0.861292 0.296177
vt 0.878828 0.232385
vt 0.870313 0.232385
vt 0.861774 0.822589
vt 0.869808 0.296177
vt 0.141692 0.866814
vt 0.166243 0.866814
vt 0.166243 0.841636
vt 0.141692 0.841636
vt 0.877681 0.863105
vt 0.869166 0.863105
vt 0.190794 0.866814
vt 0.864619 0.764758
vt 0.873135 0.740087
vt 0.858286 0.212249
vt 0.858286 0.241457
vt 0.861292 0.241791
vt 0.869832 0.024671
vt 0.878348 0.024671
vt 0.093615 0.872385
vt 0.093615 0.843701
vt 0.085597 0.843701
vt 0.085597 0.872385
vt 0.286695 0.839219
vt 0.286695 0.806824
vt 0.053525 0.872385
vt 0.208038 0.878612
vt 0.200020 0.878612
vt 0.285654 0.770151
vt 0.257109 0.770151
vt 0.257109 0.806824
vt 0.285654 0.806824
vt 0.112626 0.873040
vt 0.120644 0.873040
vn 0.000000 -1.000000 0.000000
vn -0.997600 0.000000 0.070000
vn 0.000000 1.000000 0.000000
vn 0.000000 0.000000 1.000000
vn 1.000000 0.000000 0.000000
vn -1.000000 0.000000 0.000000
vn 0.000000 0.000000 -1.000000
vn 0.000000 0.862600 -0.505800
vn 0.085900 0.995500 -0.040800
vn 0.083600 0.956200 -0.280400
vn 0.002200 1.000000 0.000000
vn 0.327300 0.944100 -0.039200
vn 0.000000 1.000000 -0.001100
vn -0.001200 1.000000 0.001200
vn -0.002400 1.000000 0.000000
vn 0.000000 1.000000 0.002500
vn 0.043600 0.998800 0.020700
vn 0.000000 0.958100 -0.286400
vn -0.000000 -0.000100 1.000000
vn -0.075400 0.986200 -0.147400
vn -0.000000 0.999100 0.042600
vn -0.153300 0.988200 -0.000000
vn -0.000000 0.958100 0.286400
vn -1.000000 -0.000100 0.000000
vn 0.000000 -0.000200 -1.000000
vn -0.075400 0.986200 0.147400
vn 1.000000 -0.000100 -0.000000
vn -0.043600 0.998800 0.020700
vn -0.000000 0.986300 0.165200
vn 0.046100 0.995500 0.083400
vn -0.068200 0.997500 -0.018100
vn 0.090000 0.995900 0.000000
vn 0.000000 0.995500 -0.094400
vn 0.000000 0.999400 -0.035200
vn 0.046200 0.997800 -0.047300
vn 0.038700 0.999100 -0.018100
vn 0.001200 1.000000 0.001200
vn 0.002400 1.000000 0.000000
vn 0.001100 1.000000 0.000500
vn 0.000000 -0.858900 -0.512100
vn 0.000000 1.000000 -0.002400
vn -0.001200 1.000000 -0.001200
vn 0.000000 1.000000 0.001100
vn -0.000500 1.000000 -0.000500
vn -0.001100 1.000000 0.000000
vn -0.000000 0.858900 0.512100
vn -0.000000 0.931400 0.364100
vn -0.391700 0.920100 -0.000000
vn 0.000000 0.725100 0.688600
vn 0.391700 0.920100 0.000000
vn -0.751700 0.659600 0.000000
vn -0.630700 0.776000 -0.000000
vn -0.000000 0.865100 0.501600
vn 0.000000 0.725100 -0.688600
vn 0.818500 0.574500 0.000000
vn 0.653400 0.757000 0.000000
vn 1.000000 0.000100 0.000000
vn 0.000000 0.906000 -0.423300
vn 0.001200 1.000000 -0.001200
vn 0.000000 0.851000 -0.525200
vn -0.000500 1.000000 0.000500
usemtl Material.001
s off
f 662/1/1 663/2/1 664/3/1 705/4/1 709/5/1 708/6/1 707/7/1 706/8/1
f 662/9/2 706/10/2 754/11/2 715/12/2
f 804/13/3 809/4/3 808/3/3 807/2/3 715/14/3 754/15/3 806/16/3 805/6/3
f 768/17/3 767/18/3 825/19/3 769/20/3
f 1495/21/3 1468/22/3 1436/23/3 1467/24/3
usemtl Material.001_casa_mejorada_pintura1.2.png
f 1/25/4 4/26/4 3/27/4 2/28/4
f 1/29/5 8/30/5 7/31/5 6/32/5 5/33/5 4/34/5
f 9/35/1 29/36/1 28/37/1 27/38/1 26/39/1 25/40/1 24/41/1 23/42/1 22/43/1 21/44/1 20/45/1 19/46/1 18/47/1 17/48/1 16/49/1 15/50/1 14/51/1 13/52/1 12/53/1 11/54/1 10/55/1
f 9/35/1 10/55/1 33/56/1 32/57/1 31/58/1 30/59/1
f 1/60/1 2/61/1 40/62/1 9/35/1 30/59/1 39/63/1 32/57/1 33/56/1 38/64/1 13/52/1 14/51/1 17/48/1 18/47/1 37/65/1 20/45/1 21/44/1 36/66/1 23/42/1 24/41/1 27/38/1 28/37/1 35/67/1 34/68/1
f 2/69/6 3/70/6 45/71/6 44/72/6 43/73/6 42/74/6 41/75/6
f 46/70/3 66/76/3 65/77/3 64/78/3 63/79/3 62/80/3 61/81/3 60/82/3 59/83/3 58/84/3 57/85/3 56/86/3 55/87/3 54/88/3 53/89/3 52/90/3 51/91/3 50/92/3 49/93/3 48/94/3 47/95/3
f 3/96/3 4/71/3 5/97/3 74/98/3 48/94/3 49/93/3 52/90/3 53/89/3 73/99/3 55/87/3 56/86/3 72/100/3 58/84/3 59/83/3 62/80/3 63/79/3 71/101/3 70/102/3 69/103/3 68/104/3 67/105/3 46/70/3 45/106/3
f 46/70/3 67/105/3 75/107/3 69/103/3 70/102/3 66/76/3
f 1/29/5 77/108/5 76/109/5 8/30/5
f 78/32/5 6/32/5 7/31/5
f 79/110/4 80/111/4 7/112/4 8/113/4
f 81/114/5 84/115/5 29/96/5 9/116/5 83/117/5 82/118/5
f 40/119/7 45/120/7 46/121/7 9/122/7
f 85/123/6 86/124/6 44/72/6 45/71/6 40/125/6 2/69/6
f 34/126/5 77/108/5 1/29/5
f 2/69/6 41/75/6 88/127/6 87/128/6 42/74/6 43/73/6 85/123/6
f 41/129/4 42/130/4 90/131/4 89/132/4
f 43/133/3 44/134/3 92/135/3 91/136/3
f 47/137/5 94/138/5 93/139/5 83/117/5 9/116/5 46/140/5
f 95/141/1 120/142/1 119/143/1 118/144/1 117/145/1 116/146/1 115/147/1 114/148/1 113/149/1 112/150/1 111/151/1 110/152/1 109/153/1 108/154/1 107/155/1 106/156/1 105/157/1 104/158/1 103/159/1 102/160/1 101/161/1 100/162/1 99/163/1 98/164/1 97/165/1 96/166/1
f 8/167/1 76/168/1 98/164/1 99/163/1 102/160/1 103/159/1 106/156/1 107/155/1 110/152/1 111/151/1 121/169/1 115/147/1 116/146/1 119/143/1 120/142/1 79/170/1
f 7/137/3 80/171/3 134/172/3 133/173/3 132/174/3 131/175/3 130/176/3 129/177/3 128/178/3 127/179/3 126/180/3 125/181/3 124/182/3 123/183/3 122/184/3 78/185/3
f 135/186/3 148/187/3 147/188/3 122/184/3 123/183/3 146/189/3 145/190/3 124/182/3 125/181/3 144/191/3 143/192/3 126/180/3 127/179/3 142/193/3 141/194/3 128/178/3 129/177/3 140/195/3 139/196/3 138/197/3 131/175/3 132/174/3 137/198/3 136/199/3 133/173/3 134/172/3
f 149/200/6 153/201/6 152/202/6 151/203/6 150/204/6 80/205/6 79/206/6
f 96/207/5 84/115/5 81/114/5 93/139/5 94/138/5 148/138/5 135/208/5 95/209/5
f 81/172/1 82/167/1 175/170/1 174/210/1 173/211/1 172/212/1 171/213/1 170/214/1 169/215/1 168/216/1 167/217/1 166/218/1 165/219/1 164/220/1 163/221/1 162/222/1 161/223/1 160/224/1 159/225/1 158/226/1 157/227/1 156/228/1 155/229/1 154/230/1
f 81/172/1 154/230/1 157/227/1 158/226/1 161/223/1 162/222/1 165/219/1 166/218/1 177/231/1 170/214/1 171/213/1 174/210/1 175/170/1 176/186/1
f 82/232/7 83/233/7 151/234/7 175/235/7
f 178/236/1 86/237/1 85/238/1 179/239/1
f 178/240/7 92/241/7 44/242/7 86/243/7
f 85/244/4 43/133/4 91/136/4 179/245/4
f 42/246/3 87/247/3 180/248/3 90/249/3
f 181/250/7 180/251/7 87/240/7 88/252/7
f 181/253/1 88/254/1 41/255/1 89/256/1
f 89/257/6 90/258/6 180/259/6 181/29/6
f 179/254/6 91/260/6 92/261/6 178/255/6
f 93/262/3 150/61/3 151/263/3 192/264/3 191/265/3 190/266/3 189/267/3 188/268/3 187/269/3 186/270/3 185/271/3 184/272/3 183/273/3 182/274/3
f 93/262/3 182/274/3 203/275/3 202/276/3 183/273/3 184/272/3 201/277/3 200/278/3 185/271/3 186/270/3 199/279/3 198/280/3 187/269/3 188/268/3 197/281/3 196/282/3 195/283/3 190/266/3 191/265/3 194/284/3 193/285/3 192/264/3 151/263/3 83/286/3
f 149/200/6 79/206/6 120/287/6 134/288/6 80/205/6 150/204/6 176/289/6
f 95/233/7 135/290/7 134/291/7 120/234/7
f 204/292/4 205/293/4 153/294/4 149/295/4
f 152/296/3 231/297/3 230/298/3 229/299/3 228/300/3 227/301/3 226/302/3 225/303/3 224/304/3 223/305/3 222/306/3 221/307/3 220/308/3 219/309/3 218/310/3 217/311/3 216/312/3 215/313/3 214/314/3 213/315/3 212/316/3 211/317/3 210/318/3 209/319/3 208/320/3 153/321/3 205/69/3 207/125/3
f 152/296/3 153/321/3 208/320/3 211/317/3 212/316/3 215/313/3 216/312/3 235/322/3 218/310/3 219/309/3 234/323/3 233/324/3 222/306/3 223/305/3 232/325/3 227/301/3 228/300/3 231/297/3
f 176/326/4 150/232/4 93/235/4 81/327/4
f 149/200/6 176/289/6 175/328/6 151/203/6 152/202/6 206/329/6
f 236/330/5 240/331/5 207/321/5 205/296/5 204/332/5 239/333/5 238/334/5 237/335/5
f 149/60/1 206/35/1 256/336/1 255/337/1 254/338/1 253/339/1 252/340/1 251/341/1 250/342/1 249/343/1 248/344/1 247/345/1 246/346/1 245/347/1 244/348/1 243/349/1 242/350/1 241/351/1
f 149/60/1 241/351/1 268/352/1 267/353/1 242/350/1 243/349/1 266/354/1 265/355/1 244/348/1 245/347/1 264/356/1 247/345/1 248/344/1 263/357/1 262/358/1 251/341/1 252/340/1 261/359/1 260/360/1 259/361/1 254/338/1 255/337/1 258/362/1 257/363/1 256/336/1 206/35/1 240/200/1 204/329/1
f 206/364/7 152/365/7 207/366/7 240/367/7
f 270/368/3 236/369/3 237/370/3 271/371/3
f 272/372/5 237/335/5 238/334/5 274/373/5 273/374/5 239/333/5 204/332/5
f 275/375/4 276/376/4 238/377/4 239/378/4
f 272/372/5 204/332/5 240/331/5 236/330/5 269/379/5
f 269/380/7 236/381/7 270/382/7 277/383/7
f 277/384/5 270/385/5 271/386/5 278/387/5
f 278/381/4 271/388/4 237/132/4 272/382/4
f 239/389/1 273/390/1 279/391/1 275/383/1
f 273/131/7 274/392/7 280/393/7 279/394/7
f 280/395/3 274/390/3 238/389/3 276/396/3
f 279/397/5 280/395/5 276/396/5 275/398/5
f 272/368/1 269/371/1 277/399/1 278/400/1
f 281/401/3 284/402/3 283/403/3 282/404/3
f 286/405/8 287/406/8 284/402/8 281/401/8
f 288/407/6 283/408/6 284/409/6 289/410/6
f 290/411/4 282/412/4 283/413/4 288/414/4
f 291/415/9 285/416/9 281/401/9 282/404/9
f 286/405/10 281/401/10 285/416/10 292/417/10
f 293/418/3 294/419/3 287/406/3 286/405/3
f 289/410/6 284/409/6 287/420/6 295/421/6
f 296/422/6 288/407/6 289/410/6 297/423/6
f 298/424/4 290/411/4 288/414/4 296/425/4
f 299/426/4 291/427/4 282/412/4 290/411/4
f 301/428/3 292/417/3 285/416/3 300/429/3
f 302/430/11 293/418/11 286/405/11 292/417/11
f 303/431/3 304/432/3 294/419/3 293/418/3
f 295/421/6 287/420/6 294/433/6 305/434/6
f 297/423/6 289/410/6 295/421/6 306/435/6
f 307/436/6 296/422/6 297/423/6 308/437/6
f 309/438/4 298/424/4 296/425/4 307/439/4
f 310/440/4 299/426/4 290/411/4 298/424/4
f 311/441/4 312/442/4 291/427/4 299/426/4
f 312/443/12 300/429/12 285/416/12 291/415/12
f 301/444/6 300/445/6 35/446/6 28/447/6
f 313/448/3 302/430/3 292/417/3 301/428/3
f 314/449/11 303/431/11 293/418/11 302/430/11
f 315/450/3 316/451/3 304/432/3 303/431/3
f 305/434/6 294/433/6 304/452/6 317/453/6
f 306/435/6 295/421/6 305/434/6 318/454/6
f 308/437/6 297/423/6 306/435/6 319/455/6
f 320/456/6 307/436/6 308/437/6 321/457/6
f 322/458/4 309/438/4 307/439/4 320/459/4
f 323/460/4 310/440/4 298/424/4 309/438/4
f 324/461/4 311/441/4 299/426/4 310/440/4
f 325/462/4 326/463/4 312/442/4 311/441/4
f 327/464/13 300/429/13 312/443/13 326/465/13
f 328/121/7 301/466/7 28/467/7 29/468/7 84/469/7 96/470/7 97/471/7
f 300/472/4 327/473/4 98/474/4 76/475/4 77/476/4 34/477/4 35/478/4
f 313/448/14 301/428/14 328/479/14 329/480/14
f 302/481/4 313/482/4 26/483/4 27/484/4
f 314/485/6 302/486/6 27/487/6 24/488/6
f 330/489/11 315/450/11 303/431/11 314/449/11
f 331/490/3 332/491/3 316/451/3 315/450/3
f 317/453/6 304/452/6 316/492/6 333/493/6
f 318/454/6 305/434/6 317/453/6 334/494/6
f 319/455/6 306/435/6 318/454/6 335/495/6
f 321/457/6 308/437/6 319/455/6 336/496/6
f 337/497/6 320/456/6 321/457/6 338/498/6
f 339/499/4 322/458/4 320/459/4 337/500/4
f 340/501/4 323/460/4 309/438/4 322/458/4
f 341/502/4 324/461/4 310/440/4 323/460/4
f 342/503/4 325/462/4 311/441/4 324/461/4
f 343/504/4 344/505/4 326/463/4 325/462/4
f 345/506/13 327/464/13 326/465/13 344/507/13
f 327/508/5 328/509/5 97/510/5 98/511/5
f 346/512/15 347/513/15 313/448/15 329/480/15
f 313/514/5 347/515/5 25/516/5 26/517/5
f 347/518/7 314/519/7 24/520/7 25/521/7
f 348/522/3 330/489/3 314/449/3 347/513/3
f 349/523/11 331/490/11 315/450/11 330/489/11
f 350/524/3 351/525/3 332/491/3 331/490/3
f 333/493/6 316/492/6 332/526/6 352/527/6
f 334/494/6 317/453/6 333/493/6 353/528/6
f 335/495/6 318/454/6 334/494/6 354/529/6
f 336/496/6 319/455/6 335/495/6 355/530/6
f 338/498/6 321/457/6 336/496/6 356/531/6
f 357/532/6 337/497/6 338/498/6 358/533/6
f 359/534/4 339/499/4 337/500/4 357/535/4
f 360/536/4 340/501/4 322/458/4 339/499/4
f 361/537/4 341/502/4 323/460/4 340/501/4
f 362/538/4 342/503/4 324/461/4 341/502/4
f 363/539/4 343/504/4 325/462/4 342/503/4
f 364/540/4 365/541/4 344/505/4 343/504/4
f 366/542/13 345/506/13 344/507/13 365/543/13
f 367/544/3 328/479/3 327/464/3 345/506/3
f 368/545/16 329/480/16 328/479/16 367/544/16
f 369/546/3 346/512/3 329/480/3 368/545/3
f 370/547/15 348/522/15 347/513/15 346/512/15
f 330/548/4 348/549/4 22/550/4 23/551/4
f 349/552/6 330/553/6 23/554/6 36/555/6
f 371/556/11 350/524/11 331/490/11 349/523/11
f 372/557/3 373/558/3 351/525/3 350/524/3
f 352/527/6 332/526/6 351/559/6 374/560/6
f 353/528/6 333/493/6 352/527/6 375/561/6
f 354/529/6 334/494/6 353/528/6 376/562/6
f 355/530/6 335/495/6 354/529/6 377/563/6
f 356/531/6 336/496/6 355/530/6 378/564/6
f 358/533/6 338/498/6 356/531/6 379/565/6
f 380/566/4 360/536/4 339/499/4 359/534/4
f 381/567/4 361/537/4 340/501/4 360/536/4
f 382/568/4 362/538/4 341/502/4 361/537/4
f 383/569/4 363/539/4 342/503/4 362/538/4
f 384/570/4 364/540/4 343/504/4 363/539/4
f 385/571/4 386/572/4 365/541/4 364/540/4
f 387/573/13 366/542/13 365/543/13 386/574/13
f 345/575/4 366/576/4 102/577/4 99/578/4
f 367/511/6 345/579/6 99/580/6 100/508/6
f 388/581/16 368/545/16 367/544/16 389/582/16
f 390/583/3 369/546/3 368/545/3 388/581/3
f 391/584/3 370/547/3 346/512/3 369/546/3
f 392/585/15 393/586/15 348/522/15 370/547/15
f 348/587/5 393/588/5 21/589/5 22/590/5
f 393/591/7 349/592/7 36/519/7 21/518/7
f 394/593/3 371/556/3 349/523/3 393/586/3
f 395/594/11 372/557/11 350/524/11 371/556/11
f 396/595/3 397/596/3 373/558/3 372/557/3
f 374/560/6 351/559/6 373/597/6 398/598/6
f 375/561/6 352/527/6 374/560/6 399/599/6
f 376/562/6 353/528/6 375/561/6 400/600/6
f 377/563/6 354/529/6 376/562/6 401/601/6
f 378/564/6 355/530/6 377/563/6 402/602/6
f 379/565/6 356/531/6 378/564/6 403/603/6
f 404/604/4 381/567/4 360/536/4 380/566/4
f 405/605/4 382/568/4 361/537/4 381/567/4
f 406/606/4 383/569/4 362/538/4 382/568/4
f 407/607/4 384/570/4 363/539/4 383/569/4
f 408/608/4 385/571/4 364/540/4 384/570/4
f 409/609/7 410/610/7 386/611/7 385/612/7
f 387/573/17 386/574/17 410/613/17 411/614/17
f 412/615/3 389/582/3 366/542/3 387/573/3
f 366/616/5 389/617/5 101/618/5 102/619/5
f 389/620/7 367/621/7 100/622/7 101/623/7
f 413/624/16 388/581/16 389/582/16 412/615/16
f 414/625/3 390/583/3 388/581/3 413/624/3
f 415/626/3 391/584/3 369/546/3 390/583/3
f 416/627/3 392/585/3 370/547/3 391/584/3
f 417/628/15 394/593/15 393/586/15 392/585/15
f 371/629/4 394/630/4 20/631/4 37/632/4
f 395/633/6 371/634/6 37/635/6 18/636/6
f 418/637/11 396/595/11 372/557/11 395/594/11
f 419/638/18 420/639/18 397/596/18 396/595/18
f 398/598/6 373/597/6 397/640/6 421/641/6
f 399/599/6 374/560/6 398/598/6 422/642/6
f 400/600/6 375/561/6 399/599/6 423/643/6
f 401/601/6 376/562/6 400/600/6 424/644/6
f 402/602/6 377/563/6 401/601/6 425/645/6
f 403/603/6 378/564/6 402/602/6 426/646/6
f 427/647/19 405/605/19 381/567/19 404/604/19
f 428/648/4 406/606/4 382/568/4 405/605/4
f 429/649/4 407/607/4 383/569/4 406/606/4
f 430/650/4 408/608/4 384/570/4 407/607/4
f 431/651/4 409/652/4 385/571/4 408/608/4
f 432/653/7 433/654/7 410/610/7 409/609/7
f 387/655/4 411/622/4 106/621/4 103/656/4
f 412/657/6 387/658/6 103/659/6 104/660/6
f 434/661/16 413/624/16 412/615/16 435/662/16
f 436/663/3 414/625/3 413/624/3 434/661/3
f 437/664/3 415/626/3 390/583/3 414/625/3
f 438/665/3 416/627/3 391/584/3 415/626/3
f 439/666/3 417/628/3 392/585/3 416/627/3
f 440/667/15 441/668/15 394/593/15 417/628/15
f 394/669/5 441/121/5 19/670/5 20/671/5
f 441/672/7 395/673/7 18/674/7 19/675/7
f 442/676/3 418/637/3 395/594/3 441/668/3
f 418/637/20 443/677/20 419/638/20 396/595/20
f 444/678/3 445/679/3 420/639/3 419/638/3
f 421/680/5 397/681/5 420/682/5 446/683/5
f 422/642/6 398/598/6 421/641/6 447/684/6
f 423/643/6 399/599/6 422/642/6 448/685/6
f 424/644/6 400/600/6 423/643/6 449/686/6
f 425/645/6 401/601/6 424/644/6 450/687/6
f 426/646/6 402/602/6 425/645/6 451/688/6
f 452/689/19 428/648/19 405/605/19 427/647/19
f 453/690/4 429/649/4 406/606/4 428/648/4
f 454/691/4 430/650/4 407/607/4 429/649/4
f 455/692/4 431/651/4 408/608/4 430/650/4
f 456/693/4 432/694/4 409/652/4 431/651/4
f 457/695/7 458/696/7 433/654/7 432/653/7
f 459/697/21 411/614/21 410/613/21 433/698/21
f 411/699/5 435/659/5 105/658/5 106/700/5
f 435/701/7 412/702/7 104/703/7 105/704/7
f 460/705/16 434/661/16 435/662/16 461/706/16
f 462/707/3 436/663/3 434/661/3 460/705/3
f 463/708/3 437/664/3 414/625/3 436/663/3
f 464/709/3 438/665/3 415/626/3 437/664/3
f 465/710/3 439/666/3 416/627/3 438/665/3
f 466/711/3 440/667/3 417/628/3 439/666/3
f 467/712/15 442/676/15 441/668/15 440/667/15
f 468/713/3 443/677/3 418/637/3 442/676/3
f 469/714/22 444/678/22 419/638/22 443/677/22
f 470/715/23 471/716/23 445/679/23 444/678/23
f 446/683/5 420/682/5 445/717/5 472/718/5
f 447/684/24 421/641/24 446/719/24 473/720/24
f 448/685/6 422/642/6 447/684/6 474/721/6
f 449/686/6 423/643/6 448/685/6 475/722/6
f 450/687/6 424/644/6 449/686/6 476/723/6
f 451/688/6 425/645/6 450/687/6 477/724/6
f 478/725/4 453/690/4 428/648/4 452/689/4
f 479/726/4 454/691/4 429/649/4 453/690/4
f 480/727/4 455/692/4 430/650/4 454/691/4
f 481/728/4 456/693/4 431/651/4 455/692/4
f 482/729/4 457/730/4 432/694/4 456/693/4
f 483/731/25 484/732/25 458/696/25 457/695/25
f 485/733/21 459/697/21 433/698/21 458/734/21
f 461/706/3 435/662/3 411/614/3 459/697/3
f 486/735/16 460/705/16 461/706/16 487/736/16
f 488/737/3 462/707/3 460/705/3 486/735/3
f 489/738/3 463/708/3 436/663/3 462/707/3
f 490/739/3 464/709/3 437/664/3 463/708/3
f 491/740/3 465/710/3 438/665/3 464/709/3
f 465/403/4 492/403/4 493/403/4 439/403/4
f 494/741/3 467/712/3 440/667/3 466/711/3
f 495/742/15 468/713/15 442/676/15 467/712/15
f 443/743/4 468/744/4 16/745/4 17/746/4
f 469/747/6 443/748/6 17/749/6 14/750/6
f 470/715/26 444/678/26 469/714/26 496/751/26
f 497/752/3 498/753/3 471/716/3 470/715/3
f 472/718/27 445/717/27 471/754/27 499/755/27
f 473/720/6 446/719/6 472/756/6 500/757/6
f 474/721/6 447/684/6 473/720/6 501/758/6
f 475/722/6 448/685/6 474/721/6 502/759/6
f 476/723/6 449/686/6 475/722/6 503/760/6
f 477/724/6 450/687/6 476/723/6 504/761/6
f 505/762/4 479/726/4 453/690/4 478/725/4
f 506/763/4 480/727/4 454/691/4 479/726/4
f 507/764/4 481/728/4 455/692/4 480/727/4
f 508/765/4 482/729/4 456/693/4 481/728/4
f 509/766/4 483/767/4 457/730/4 482/729/4
f 510/768/4 511/769/4 484/770/4 483/767/4
f 485/733/28 458/734/28 484/771/28 512/772/28
f 459/773/4 485/577/4 110/576/4 107/774/4
f 461/632/6 459/775/6 107/776/6 108/777/6
f 513/778/16 486/735/16 487/736/16 514/779/16
f 487/780/7 461/781/7 108/782/7 109/783/7
f 515/784/3 488/737/3 486/735/3 513/778/3
f 516/785/3 489/738/3 462/707/3 488/737/3
f 517/786/3 490/739/3 463/708/3 489/738/3
f 518/787/3 491/740/3 464/709/3 490/739/3
f 492/403/4 465/403/4 491/403/4 519/403/4
f 520/403/4 466/403/4 439/403/4 493/403/4
f 521/788/3 495/742/3 467/712/3 494/741/3
f 522/789/15 523/790/15 468/713/15 495/742/15
f 468/791/5 523/792/5 15/793/5 16/794/5
f 523/795/7 469/796/7 14/797/7 15/616/7
f 524/798/3 496/751/3 469/714/3 523/790/3
f 525/799/11 497/752/11 470/715/11 496/751/11
f 526/800/3 527/801/3 498/753/3 497/752/3
f 499/802/24 471/803/24 498/804/24 528/805/24
f 500/757/6 472/756/6 499/802/6 529/806/6
f 501/758/6 473/720/6 500/757/6 530/807/6
f 502/759/6 474/721/6 501/758/6 531/808/6
f 503/760/6 475/722/6 502/759/6 532/809/6
f 504/761/6 476/723/6 503/760/6 533/810/6
f 534/811/4 506/763/4 479/726/4 505/762/4
f 535/812/4 507/764/4 480/727/4 506/763/4
f 536/813/4 508/765/4 481/728/4 507/764/4
f 537/814/4 509/766/4 482/729/4 508/765/4
f 538/815/4 510/768/4 483/767/4 509/766/4
f 539/816/4 540/817/4 511/769/4 510/768/4
f 541/818/13 512/772/13 484/771/13 511/819/13
f 514/779/3 487/736/3 485/733/3 512/772/3
f 485/509/5 487/508/5 109/659/5 110/699/5
f 542/820/16 513/778/16 514/779/16 543/821/16
f 544/822/3 515/784/3 513/778/3 542/820/3
f 547/823/3 517/786/3 489/738/3 516/785/3
f 548/824/3 518/787/3 490/739/3 517/786/3
f 518/403/4 549/403/4 519/403/4 491/403/4
f 493/825/4 492/826/4 551/827/4 550/828/4
f 492/826/4 519/829/4 552/830/4 551/827/4
f 520/831/6 493/832/6 550/833/6 553/834/6
f 554/403/4 494/403/4 466/403/4 520/403/4
f 494/403/4 554/403/4 588/403/4 521/403/4
f 555/835/3 522/789/3 495/742/3 521/788/3
f 556/836/15 524/798/15 523/790/15 522/789/15
f 557/837/3 525/799/3 496/751/3 524/798/3
f 558/838/11 526/800/11 497/752/11 525/799/11
f 559/839/29 560/840/29 527/801/29 526/800/29
f 528/805/24 498/804/24 527/841/24 561/842/24
f 529/806/6 499/802/6 528/805/6 562/843/6
f 530/807/6 500/757/6 529/806/6 563/844/6
f 531/808/6 501/758/6 530/807/6 564/845/6
f 532/809/6 502/759/6 531/808/6 565/846/6
f 533/810/6 503/760/6 532/809/6 566/847/6
f 567/848/4 535/812/4 506/763/4 534/811/4
f 568/849/4 536/813/4 507/764/4 535/812/4
f 569/850/4 537/814/4 508/765/4 536/813/4
f 570/851/4 538/815/4 509/766/4 537/814/4
f 571/852/4 539/816/4 510/768/4 538/815/4
f 572/853/4 573/854/4 540/817/4 539/816/4
f 574/855/13 541/818/13 511/819/13 540/856/13
f 512/656/4 541/857/4 121/858/4 111/655/4
f 514/508/6 512/580/6 111/660/6 112/659/6
f 575/859/16 542/820/16 543/821/16 576/860/16
f 543/861/7 514/701/7 112/704/7 113/862/7
f 577/863/3 544/822/3 542/820/3 575/859/3
f 546/403/4 488/403/4 515/403/4 545/403/4
f 545/403/4 515/403/4 544/403/4 578/403/4
f 579/403/4 516/403/4 488/403/4 546/403/4
f 516/403/4 579/403/4 616/403/4 547/403/4
f 580/864/3 548/824/3 517/786/3 547/823/3
f 549/403/4 518/403/4 548/403/4 581/403/4
f 519/829/4 549/865/4 582/866/4 552/830/4
f 550/828/4 551/827/4 584/867/4 583/868/4
f 551/827/4 552/830/4 585/869/4 584/867/4
f 554/870/6 520/831/6 553/834/6 586/871/6
f 553/834/6 550/833/6 583/872/6 587/873/6
f 589/874/3 556/836/3 522/789/3 555/835/3
f 590/875/15 557/837/15 524/798/15 556/836/15
f 525/876/4 557/877/4 12/878/4 13/879/4
f 558/880/6 525/881/6 13/882/6 38/883/6
f 559/839/30 526/800/30 558/838/30 591/884/30
f 592/885/3 593/886/3 560/840/3 559/839/3
f 561/842/6 527/841/6 560/887/6 594/888/6
f 562/843/6 528/805/6 561/842/6 595/889/6
f 563/844/6 529/806/6 562/843/6 596/890/6
f 564/845/6 530/807/6 563/844/6 597/891/6
f 565/846/6 531/808/6 564/845/6 598/892/6
f 566/847/6 532/809/6 565/846/6 599/893/6
f 600/894/4 568/849/4 535/812/4 567/848/4
f 601/895/4 569/850/4 536/813/4 568/849/4
f 602/896/4 570/851/4 537/814/4 569/850/4
f 603/897/4 571/852/4 538/815/4 570/851/4
f 604/898/4 572/853/4 539/816/4 571/852/4
f 605/899/4 606/900/4 573/854/4 572/853/4
f 574/855/31 540/856/31 573/901/31 607/902/31
f 541/857/4 574/903/4 115/904/4 121/858/4
f 608/905/16 575/859/16 576/860/16 609/906/16
f 576/578/7 543/861/7 113/862/7 114/575/7
f 610/907/3 577/863/3 575/859/3 608/905/3
f 578/403/4 544/403/4 577/403/4 611/403/4
f 546/903/4 545/656/4 613/908/4 612/909/4
f 545/656/4 578/910/4 614/911/4 613/908/4
f 579/912/6 546/111/6 612/913/6 615/914/6
f 581/403/4 548/403/4 580/403/4 617/403/4
f 549/865/4 581/915/4 618/916/4 582/866/4
f 552/830/4 582/866/4 619/917/4 585/869/4
f 583/868/4 584/867/4 621/918/4 620/919/4
f 584/867/4 585/869/4 622/920/4 621/918/4
f 554/921/7 586/922/7 624/923/7 623/924/7
f 586/871/6 553/834/6 587/873/6 625/925/6
f 587/873/6 583/872/6 620/926/6 626/927/6
f 588/928/3 554/929/3 623/474/3 627/930/3
f 628/403/4 555/403/4 521/403/4 588/403/4
f 629/931/3 590/875/3 556/836/3 589/874/3
f 630/932/15 631/933/15 557/837/15 590/875/15
f 557/934/5 631/935/5 11/936/5 12/937/5
f 591/938/6 558/880/6 38/883/6 33/939/6
f 632/940/32 592/885/32 559/839/32 591/884/32
f 633/941/33 634/942/33 593/886/33 592/885/33
f 594/888/6 560/887/6 593/943/6 635/944/6
f 595/889/6 561/842/6 594/888/6 636/945/6
f 596/890/6 562/843/6 595/889/6 637/946/6
f 597/891/6 563/844/6 596/890/6 638/947/6
f 598/892/6 564/845/6 597/891/6 639/948/6
f 599/893/6 565/846/6 598/892/6 640/949/6
f 641/950/4 601/895/4 568/849/4 600/894/4
f 642/951/4 602/896/4 569/850/4 601/895/4
f 643/952/4 603/897/4 570/851/4 602/896/4
f 644/953/19 604/898/19 571/852/19 603/897/19
f 645/954/4 605/899/4 572/853/4 604/898/4
f 646/955/4 647/956/4 606/900/4 605/899/4
f 648/957/34 607/902/34 573/901/34 606/958/34
f 609/906/3 576/860/3 574/855/3 607/902/3
f 574/959/5 576/119/5 114/960/5 115/961/5
f 649/962/16 608/905/16 609/906/16 650/963/16
f 651/964/3 610/907/3 608/905/3 649/962/3
f 610/403/4 652/403/4 611/403/4 577/403/4
f 578/910/4 611/621/4 653/965/4 614/911/4
f 612/909/4 613/908/4 655/966/4 654/967/4
f 613/908/4 614/911/4 656/968/4 655/966/4
f 616/969/6 579/912/6 615/914/6 657/970/6
f 615/914/6 612/913/6 654/971/6 658/972/6
f 617/403/4 580/403/4 547/403/4 616/403/4
f 581/915/4 617/973/4 659/974/4 618/916/4
f 582/866/4 618/916/4 660/975/4 619/917/4
f 585/869/4 619/917/4 661/976/4 622/920/4
f 620/919/4 621/918/4 663/977/4 662/978/4
f 621/918/4 622/920/4 664/979/4 663/977/4
f 586/922/7 625/980/7 665/981/7 624/923/7
f 627/982/6 623/983/6 624/984/6 666/985/6
f 625/925/6 587/873/6 626/927/6 667/986/6
f 626/927/6 620/926/6 662/987/6 668/988/6
f 628/989/3 588/928/3 627/930/3 669/990/3
f 670/403/4 589/403/4 555/403/4 628/403/4
f 589/403/4 670/403/4 718/403/4 629/403/4
f 671/991/3 630/932/3 590/875/3 629/931/3
f 672/992/15 673/993/15 631/933/15 630/932/15
f 631/935/5 673/994/5 10/995/5 11/936/5
f 673/996/7 591/997/7 33/998/7 10/999/7
f 674/1000/3 632/940/3 591/884/3 673/993/3
f 632/940/35 675/1001/35 633/941/35 592/885/35
f 676/1002/3 677/1003/3 634/942/3 633/941/3
f 635/944/6 593/943/6 634/1004/6 678/1005/6
f 636/945/6 594/888/6 635/944/6 679/1006/6
f 637/946/6 595/889/6 636/945/6 680/1007/6
f 638/947/6 596/890/6 637/946/6 681/1008/6
f 639/948/6 597/891/6 638/947/6 682/1009/6
f 640/949/6 598/892/6 639/948/6 683/1010/6
f 684/1011/4 642/951/4 601/895/4 641/950/4
f 685/1012/4 643/952/4 602/896/4 642/951/4
f 686/1013/4 644/953/4 603/897/4 643/952/4
f 687/1014/19 645/954/19 604/898/19 644/953/19
f 688/1015/4 646/955/4 605/899/4 645/954/4
f 689/1016/4 690/1017/4 647/956/4 646/955/4
f 647/1018/36 691/1019/36 648/957/36 606/958/36
f 650/963/3 609/906/3 607/902/3 648/957/3
f 692/1020/16 649/962/16 650/963/16 693/1021/16
f 694/1022/3 651/964/3 649/962/3 692/1020/3
f 651/403/4 695/403/4 652/403/4 610/403/4
f 611/621/4 652/1023/4 696/1024/4 653/965/4
f 614/911/4 653/965/4 697/1025/4 656/968/4
f 654/967/4 655/966/4 699/1026/4 698/1027/4
f 655/966/4 656/968/4 700/1028/4 699/1026/4
f 617/1029/6 616/969/6 657/970/6 659/1030/6
f 657/970/6 615/914/6 658/972/6 701/1031/6
f 658/972/6 654/971/6 698/1032/6 702/1033/6
f 618/916/4 659/974/4 703/1034/4 660/975/4
f 619/917/4 660/975/4 704/1035/4 661/976/4
f 622/920/4 661/976/4 705/1036/4 664/979/4
f 625/980/7 667/1037/7 710/1038/7 665/981/7
f 666/985/6 624/984/6 665/1039/6 711/1040/6
f 669/1041/6 627/982/6 666/985/6 712/1042/6
f 667/986/6 626/927/6 668/988/6 713/1043/6
f 668/988/6 662/987/6 715/1044/6 714/1045/6
f 716/1046/4 628/1047/4 669/1048/4 712/1049/4
f 670/1050/6 628/1051/6 716/1052/6 717/1053/6
f 719/1054/3 672/992/3 630/932/3 671/991/3
f 720/1055/15 674/1000/15 673/993/15 672/992/15
f 632/1056/4 674/1057/4 31/521/4 32/520/4
f 675/1058/6 632/1059/6 32/1060/6 39/1061/6
f 721/1062/11 676/1002/11 633/941/11 675/1001/11
f 722/1063/3 723/1064/3 677/1003/3 676/1002/3
f 678/1005/6 634/1004/6 677/1065/6 724/1066/6
f 679/1006/6 635/944/6 678/1005/6 725/1067/6
f 680/1007/6 636/945/6 679/1006/6 726/1068/6
f 681/1008/6 637/946/6 680/1007/6 727/1069/6
f 682/1009/6 638/947/6 681/1008/6 728/1070/6
f 683/1010/6 639/948/6 682/1009/6 729/1071/6
f 730/1072/4 685/1012/4 642/951/4 684/1011/4
f 731/1073/4 686/1013/4 643/952/4 685/1012/4
f 732/1074/4 687/1014/4 644/953/4 686/1013/4
f 733/1075/4 688/1015/4 645/954/4 687/1014/4
f 734/1076/4 689/1016/4 646/955/4 688/1015/4
f 735/1077/4 736/1078/4 690/1017/4 689/1016/4
f 737/1079/13 691/1019/13 647/1018/13 690/1080/13
f 648/1081/4 691/1082/4 119/471/4 116/1083/4
f 650/1084/6 648/1085/6 116/1086/6 117/1087/6
f 692/1020/37 693/1021/37 786/1088/37 738/1089/37
f 693/994/7 650/1090/7 117/578/7 118/1091/7
f 739/1092/38 694/1022/38 692/1020/38 738/1089/38
f 740/1093/3 741/1094/3 651/964/3 694/1022/3
f 652/1023/4 695/620/4 743/1095/4 696/1024/4
f 653/965/4 696/1024/4 744/1096/4 697/1025/4
f 656/1097/1 697/1098/1 746/1099/1 745/1100/1
f 698/1027/4 699/1026/4 748/1101/4 747/1102/4
f 700/1103/6 656/1104/6 745/1105/6 749/1106/6
f 699/1026/4 700/1028/4 750/1107/4 748/1101/4
f 659/1030/6 657/970/6 701/1031/6 703/1108/6
f 701/1031/6 658/972/6 702/1033/6 751/1109/6
f 702/1033/6 698/1032/6 747/1110/6 752/1111/6
f 660/975/4 703/1034/4 753/1112/4 704/1035/4
f 661/976/4 704/1035/4 709/1113/4 705/1036/4
f 704/1035/4 753/1112/4 708/1114/4 709/1113/4
f 753/1115/6 751/1109/6 707/1116/6 708/1117/6
f 707/7/1 752/1118/1 755/1119/1 706/8/1
f 667/1037/7 713/1120/7 756/1121/7 710/1038/7
f 711/1040/6 665/1039/6 710/1122/6 757/1123/6
f 712/1042/6 666/985/6 711/1040/6 758/1124/6
f 713/1043/6 668/988/6 714/1045/6 759/1125/6
f 714/1045/6 715/1044/6 761/1126/6 760/1127/6
f 762/1128/4 716/1046/4 712/1049/4 758/1129/4
f 718/1130/6 670/1050/6 717/1053/6 763/1131/6
f 717/1053/6 716/1052/6 762/1132/6 764/1133/6
f 765/403/4 671/403/4 629/403/4 718/403/4
f 766/1134/3 720/1055/3 672/992/3 719/1054/3
f 674/1135/5 768/1136/5 30/1137/5 31/1138/5
f 768/1139/7 675/1140/7 39/1141/7 30/236/7
f 769/20/3 721/1062/3 675/1001/3 768/17/3
f 722/1063/39 676/1002/39 721/1062/39 770/1142/39
f 722/1143/7 772/1144/7 771/1145/7 723/1146/7
f 724/1066/6 677/1065/6 723/1147/6 771/1148/6
f 725/1067/6 678/1005/6 724/1066/6 773/1149/6
f 726/1068/6 679/1006/6 725/1067/6 774/1150/6
f 727/1069/6 680/1007/6 726/1068/6 775/1151/6
f 728/1070/6 681/1008/6 727/1069/6 776/1152/6
f 729/1071/6 682/1009/6 728/1070/6 777/1153/6
f 778/1154/4 731/1073/4 685/1012/4 730/1072/4
f 779/1155/4 732/1074/4 686/1013/4 731/1073/4
f 780/1156/4 733/1075/4 687/1014/4 732/1074/4
f 781/1157/4 734/1076/4 688/1015/4 733/1075/4
f 782/1158/4 735/1077/4 689/1016/4 734/1076/4
f 783/1159/4 784/1160/4 736/1078/4 735/1077/4
f 785/1161/13 737/1079/13 690/1080/13 736/1162/13
f 786/1088/3 693/1021/3 691/1019/3 737/1079/3
f 691/617/5 693/1163/5 118/1164/5 119/618/5
f 787/1165/3 739/1092/3 738/1089/3 788/1166/3
f 789/1167/38 740/1093/38 694/1022/38 739/1092/38
f 790/1168/3 791/1169/3 741/1094/3 740/1093/3
f 741/403/4 742/403/4 695/403/4 651/403/4
f 695/1170/5 742/1171/5 792/1172/5 743/1173/5
f 696/1024/4 743/1095/4 793/1174/4 744/1096/4
f 697/1098/1 744/1175/1 794/1176/1 746/1099/1
f 745/924/4 746/1177/4 795/1178/4 749/1179/4
f 747/1102/4 748/1101/4 797/1180/4 796/1181/4
f 798/1182/3 700/1183/3 749/1184/3 795/1185/3
f 750/1186/5 700/1187/5 800/1188/5 799/1189/5
f 748/1101/4 750/1107/4 801/1190/4 797/1180/4
f 703/1108/6 701/1031/6 751/1109/6 753/1115/6
f 751/1109/6 702/1033/6 752/1111/6 707/1116/6
f 752/1118/40 747/832/40 802/1191/40 755/1119/40
f 706/10/6 755/1192/6 803/1193/6 754/11/6
f 713/1120/7 759/252/7 810/1194/7 756/1121/7
f 757/1123/6 710/1122/6 756/1195/6 811/1196/6
f 758/1124/6 711/1040/6 757/1123/6 812/1197/6
f 759/1125/6 714/1045/6 760/1127/6 813/1198/6
f 715/1199/4 807/1200/4 814/1201/4 761/1202/4
f 760/1203/1 761/1204/1 816/1205/1 815/1206/1
f 817/1207/4 762/1128/4 758/1129/4 812/1208/4
f 765/1209/6 718/1130/6 763/1131/6 818/1210/6
f 763/1131/6 717/1053/6 764/1133/6 819/1211/6
f 764/1133/6 762/1132/6 817/1212/6 820/1213/6
f 821/403/4 719/403/4 671/403/4 765/403/4
f 822/1214/3 766/1134/3 719/1054/3 823/1215/3
f 824/1216/41 767/18/41 720/1055/41 766/1134/41
f 768/17/42 674/1000/42 720/1055/42 767/18/42
f 826/1217/43 770/1142/43 721/1062/43 769/20/43
f 770/1218/7 827/1219/7 772/1144/7 722/1143/7
f 772/1144/7 829/1220/7 828/1221/7 771/1145/7
f 773/1149/6 724/1066/6 771/1148/6 828/1222/6
f 774/1150/6 725/1067/6 773/1149/6 830/1223/6
f 775/1151/6 726/1068/6 774/1150/6 831/1224/6
f 776/1152/6 727/1069/6 775/1151/6 832/1225/6
f 777/1153/6 728/1070/6 776/1152/6 833/1226/6
f 834/1227/4 779/1155/4 731/1073/4 778/1154/4
f 835/1228/4 780/1156/4 732/1074/4 779/1155/4
f 836/1229/19 781/1157/19 733/1075/19 780/1156/19
f 837/1230/4 782/1158/4 734/1076/4 781/1157/4
f 838/1231/4 783/1159/4 735/1077/4 782/1158/4
f 839/1232/5 840/1233/5 784/1234/5 783/1235/5
f 840/1236/44 785/1161/44 736/1162/44 784/1126/44
f 841/1237/3 786/1088/3 737/1079/3 785/1161/3
f 738/515/6 786/514/6 241/1238/6 242/1058/6
f 842/1239/45 787/1165/45 788/1166/45 843/1240/45
f 739/1241/4 787/1242/4 266/1243/4 243/1244/4
f 788/1245/7 738/1246/7 242/549/7 267/548/7
f 789/590/6 739/1247/6 243/367/6 244/587/6
f 844/1248/38 790/1168/38 740/1093/38 789/1167/38
f 845/1249/3 846/1250/3 791/1169/3 790/1168/3
f 791/403/4 847/403/4 742/403/4 741/403/4
f 742/1171/5 847/1251/5 848/1252/5 792/1172/5
f 743/1173/5 792/1172/5 849/1253/5 793/1254/5
f 744/1096/4 793/1174/4 851/1255/4 850/1256/4
f 744/1104/5 850/1257/5 852/1258/5 794/1105/5
f 746/1177/4 794/1259/4 852/1260/4 795/1178/4
f 747/1261/4 796/1262/4 853/1263/4 802/1264/4
f 796/1181/4 797/1180/4 855/1265/4 854/1266/4
f 850/1267/3 798/1182/3 795/1185/3 852/1268/3
f 700/1183/3 798/1182/3 856/1269/3 800/1270/3
f 801/1271/5 750/1186/5 799/1189/5 857/1272/5
f 800/973/4 856/1273/4 858/1274/4 799/1275/4
f 797/1180/4 801/1190/4 859/1276/4 855/1265/4
f 755/1192/6 802/921/6 853/1277/6 803/1193/6
f 860/1278/3 806/16/3 754/15/3 803/1279/3
f 804/1280/4 805/1281/4 862/1282/4 861/1283/4
f 809/1284/4 804/1280/4 861/1283/4 863/1285/4
f 808/1286/4 809/1284/4 863/1285/4 864/1287/4
f 807/1200/4 808/1286/4 864/1287/4 814/1201/4
f 805/1288/6 806/1289/6 865/1290/6 862/1291/6
f 759/1292/1 867/1293/1 866/1294/1 810/1114/1
f 811/1196/6 756/1195/6 810/1295/6 866/1296/6
f 812/1197/6 757/1123/6 811/1196/6 868/1297/6
f 867/1298/6 759/1125/6 813/1198/6 869/1299/6
f 813/1300/1 760/1203/1 815/1206/1 870/1301/1
f 761/1202/4 814/1201/4 872/1302/4 871/1303/4
f 761/1202/4 871/1303/4 873/983/4 816/1304/4
f 815/1305/6 816/1306/6 873/1307/6 874/1308/6
f 875/1309/4 817/1207/4 812/1208/4 868/1310/4
f 821/1311/6 765/1209/6 818/1210/6 876/1312/6
f 818/1210/6 763/1131/6 819/1211/6 877/1313/6
f 819/1314/1 764/1315/1 879/1316/1 878/1317/1
f 764/1318/4 820/1319/4 880/1091/4 879/1320/4
f 820/1213/6 817/1212/6 875/1321/6 881/1322/6
f 719/403/4 821/403/4 937/403/4 823/403/4
f 882/1323/3 822/1214/3 823/1215/3 883/1324/3
f 884/1325/41 824/1216/41 766/1134/41 822/1214/41
f 885/1326/3 825/19/3 767/18/3 824/1216/3
f 886/1327/43 826/1217/43 769/20/43 825/19/43
f 826/1328/7 887/1329/7 827/1219/7 770/1218/7
f 827/1219/7 888/1330/7 829/1220/7 772/1144/7
f 829/1220/7 890/1331/7 889/1332/7 828/1221/7
f 830/1223/6 773/1149/6 828/1222/6 889/1333/6
f 831/1224/6 774/1150/6 830/1223/6 891/1334/6
f 832/1225/6 775/1151/6 831/1224/6 892/1335/6
f 833/1226/6 776/1152/6 832/1225/6 893/1336/6
f 894/1337/4 835/1228/4 779/1155/4 834/1227/4
f 895/1338/4 836/1229/4 780/1156/4 835/1228/4
f 896/1339/19 837/1230/19 781/1157/19 836/1229/19
f 897/1340/4 838/1231/4 782/1158/4 837/1230/4
f 898/1341/5 839/1232/5 783/1235/5 838/1342/5
f 899/1343/5 900/1344/5 840/1233/5 839/1232/5
f 900/1345/45 841/1237/45 785/1161/45 840/1236/45
f 786/1242/4 841/1346/4 268/1347/4 241/1243/4
f 901/1348/5 842/1349/5 843/1350/5 902/1351/5
f 903/1352/45 904/1353/45 787/1165/45 842/1239/45
f 843/1240/45 788/1166/45 841/1237/45 900/1345/45
f 787/1354/5 904/1355/5 265/1356/5 266/1357/5
f 841/488/5 788/487/5 267/517/5 268/516/5
f 904/1358/7 789/745/7 244/744/7 265/292/7
f 905/1359/3 844/1248/3 789/1167/3 904/1353/3
f 906/1360/38 845/1249/38 790/1168/38 844/1248/38
f 907/1361/3 908/1362/3 846/1250/3 845/1249/3
f 847/403/4 791/403/4 846/403/4 909/403/4
f 847/1251/5 909/1363/5 910/1364/5 848/1252/5
f 792/1172/5 848/1252/5 911/1365/5 849/1253/5
f 793/1254/5 849/1253/5 912/1366/5 851/1367/5
f 850/1256/4 851/1255/4 914/1368/4 913/1369/4
f 796/825/46 860/1278/46 803/1279/46 853/1370/46
f 860/1371/6 796/1372/6 854/1373/6 915/1374/6
f 854/1266/4 855/1265/4 917/1375/4 916/1376/4
f 798/1182/3 850/1267/3 918/1377/3 856/1269/3
f 919/1099/1 801/1176/1 857/444/1 920/1378/1
f 799/1275/4 858/1274/4 920/1379/4 857/974/4
f 856/1273/4 918/792/4 921/1380/4 858/1274/4
f 801/1190/4 919/1381/4 922/1382/4 859/1276/4
f 855/1265/4 859/1276/4 923/1383/4 917/1375/4
f 806/1289/6 860/1371/6 915/1374/6 865/1290/6
f 861/1283/4 862/1282/4 925/1384/4 924/1385/4
f 863/1285/4 861/1283/4 924/1385/4 926/1386/4
f 864/1287/4 863/1285/4 926/1386/4 927/1387/4
f 814/1201/4 864/1287/4 927/1387/4 872/1302/4
f 862/1291/6 865/1290/6 928/1388/6 925/1389/6
f 867/1293/1 930/1390/1 929/294/1 866/1294/1
f 868/1297/6 811/1196/6 866/1296/6 929/1391/6
f 930/1392/6 867/1298/6 869/1299/6 931/1393/6
f 869/1394/1 813/1300/1 870/1301/1 932/1395/1
f 870/1396/6 815/1305/6 874/1308/6 933/1397/6
f 871/1398/47 872/1399/47 935/1400/47 934/1401/47
f 871/1402/3 936/1403/3 874/1404/3 873/1405/3
f 930/1261/4 875/1309/4 868/1310/4 929/27/4
f 937/1406/7 821/1170/7 876/1407/7 938/1408/7
f 876/1312/6 818/1210/6 877/1313/6 939/1409/6
f 877/249/1 819/1314/1 878/1317/1 940/1410/1
f 878/1411/6 879/1412/6 880/1413/6 941/1414/6
f 820/1415/3 942/1416/3 941/1417/3 880/1418/3
f 820/1419/7 881/1420/7 944/1421/7 943/1422/7
f 881/1322/6 875/1321/6 930/1392/6 945/1423/6
f 946/1424/3 882/1323/3 883/1324/3 947/1425/3
f 948/1426/41 884/1325/41 822/1214/41 882/1323/41
f 823/403/4 937/403/4 995/403/4 883/403/4
f 824/1427/4 884/1428/4 157/577/4 154/773/4
f 885/1429/6 824/1430/6 154/1431/6 155/1432/6
f 949/1433/43 886/1327/43 825/19/43 885/1326/43
f 886/1434/7 950/1435/7 887/1329/7 826/1328/7
f 887/1329/7 951/1436/7 888/1330/7 827/1219/7
f 888/1330/7 952/1437/7 890/1331/7 829/1220/7
f 890/1331/7 954/1438/7 953/1439/7 889/1332/7
f 891/1334/6 830/1223/6 889/1333/6 953/1440/6
f 892/1335/6 831/1224/6 891/1334/6 955/1441/6
f 893/1336/6 832/1225/6 892/1335/6 956/1442/6
f 957/1443/4 895/1338/4 835/1228/4 894/1337/4
f 958/1444/4 896/1339/4 836/1229/4 895/1338/4
f 959/1445/4 897/1340/4 837/1230/4 896/1339/4
f 960/1446/5 898/1341/5 838/1342/5 897/1447/5
f 961/1448/5 899/1343/5 839/1232/5 898/1341/5
f 902/1351/5 843/1350/5 900/1344/5 899/1343/5
f 962/1449/5 901/1348/5 902/1351/5 963/1450/5
f 964/1451/5 903/1452/5 842/1349/5 901/1348/5
f 965/1453/45 905/1359/45 904/1353/45 903/1352/45
f 844/1454/4 905/1347/4 264/1346/4 245/793/4
f 906/748/6 844/1455/6 245/1456/6 246/749/6
f 966/1457/38 907/1361/38 845/1249/38 906/1360/38
f 967/1458/3 968/1459/3 908/1362/3 907/1361/3
f 909/403/4 846/403/4 908/403/4 969/403/4
f 909/1363/5 969/1460/5 970/1461/5 910/1364/5
f 848/1252/5 910/1364/5 971/1462/5 911/1365/5
f 849/1253/5 911/1365/5 972/1463/5 912/1366/5
f 851/1367/5 912/1366/5 973/1464/5 914/1465/5
f 850/1466/6 913/1467/6 921/1468/6 918/1469/6
f 913/1369/4 914/1368/4 975/1470/4 974/1471/4
f 915/1374/6 854/1373/6 916/1472/6 976/1473/6
f 916/1474/3 917/1475/3 978/1476/3 977/1477/3
f 974/1100/1 919/1099/1 920/1378/1 979/1478/1
f 858/1274/4 921/1380/4 979/1479/4 920/1379/4
f 919/1381/4 974/1471/4 980/1480/4 922/1382/4
f 859/1276/4 922/1382/4 981/1481/4 923/1383/4
f 917/1475/3 923/1482/3 982/1483/3 978/1476/3
f 865/1290/6 915/1374/6 976/1473/6 928/1388/6
f 924/1484/47 925/774/47 984/1485/47 983/1486/47
f 926/1487/47 924/1484/47 983/1486/47 985/1488/47
f 927/1489/47 926/1487/47 985/1488/47 986/1490/47
f 872/1399/47 927/1489/47 986/1490/47 935/1400/47
f 925/1491/3 928/1492/3 988/1493/3 987/1494/3
f 945/1423/6 930/1392/6 931/1393/6 989/1495/6
f 931/1496/1 869/1394/1 932/1395/1 990/1497/1
f 932/1498/6 870/1396/6 933/1397/6 991/1499/6
f 936/1403/3 992/1500/3 933/1501/3 874/1404/3
f 936/1502/48 871/1398/48 934/1401/48 993/1503/48
f 994/1504/3 993/1503/3 934/1401/3 935/1400/3
f 995/1505/7 937/1406/7 938/1408/7 996/1506/7
f 938/1408/7 876/1407/7 939/1507/7 997/1508/7
f 939/1409/6 877/1313/6 999/1509/6 998/1510/6
f 999/1413/7 877/1412/7 940/1511/7 1000/1512/7
f 940/1259/6 878/1411/6 941/1414/6 1000/1260/6
f 942/1416/3 820/1415/3 943/1513/3 1001/1514/3
f 942/1416/3 999/1515/3 1000/1516/3 941/1417/3
f 881/1420/7 945/1517/7 1002/1518/7 944/1421/7
f 1001/1519/6 943/485/6 944/1520/6 1003/1521/6
f 1004/1522/3 946/1424/3 947/1425/3 1005/1523/3
f 1006/1524/41 948/1426/41 882/1323/41 946/1424/41
f 1007/1525/3 1008/1526/3 884/1325/3 948/1426/3
f 884/1527/5 1008/1528/5 156/1529/5 157/1530/5
f 1008/655/7 885/904/7 155/1531/7 156/1532/7
f 1009/1533/43 949/1433/43 885/1326/43 1008/1526/43
f 949/1534/7 1010/1535/7 950/1435/7 886/1434/7
f 950/1435/7 1011/1536/7 951/1436/7 887/1329/7
f 951/1436/7 1012/1537/7 952/1437/7 888/1330/7
f 952/1437/7 1013/1538/7 954/1438/7 890/1331/7
f 954/1438/7 1015/1539/7 1014/1540/7 953/1439/7
f 955/1441/6 891/1334/6 953/1440/6 1014/1541/6
f 956/1442/6 892/1335/6 955/1441/6 1016/1542/6
f 1017/1543/4 958/1444/4 895/1338/4 957/1443/4
f 1018/1544/4 959/1445/4 896/1339/4 958/1444/4
f 1019/1545/5 960/1446/5 897/1447/5 959/1546/5
f 1020/1547/5 961/1448/5 898/1341/5 960/1446/5
f 963/1450/5 902/1351/5 899/1343/5 961/1448/5
f 1021/1548/5 962/1449/5 963/1450/5 1022/1549/5
f 1023/1550/5 964/1451/5 901/1348/5 962/1449/5
f 1024/1551/5 965/1552/5 903/1452/5 964/1451/5
f 1025/1553/45 1026/1554/45 905/1359/45 965/1453/45
f 905/1555/5 1026/1556/5 247/777/5 264/1427/5
f 1026/1557/7 906/1558/7 246/1559/7 247/1560/7
f 1027/1561/3 1692/1562/3 966/1457/3 906/1360/3 1026/1554/3
f 1028/1563/38 967/1458/38 907/1361/38 966/1457/38 1691/1564/38
f 1029/1565/3 1030/1566/3 968/1459/3 967/1458/3
f 968/403/4 1031/403/4 969/403/4 908/403/4
f 970/1567/7 969/1568/7 1033/1569/7 1032/1570/7
f 910/1364/5 970/1461/5 1034/1571/5 971/1462/5
f 911/1365/5 971/1462/5 1035/1572/5 972/1463/5
f 912/1366/5 972/1463/5 1036/1573/5 973/1464/5
f 914/1465/5 973/1464/5 1037/1574/5 975/1575/5
f 913/1467/6 974/1271/6 979/1272/6 921/1468/6
f 974/1471/4 975/1470/4 1038/1576/4 980/1480/4
f 976/1577/3 916/1474/3 977/1477/3 1039/1578/3
f 977/369/49 978/1579/49 1040/1580/49
f 922/1382/4 980/1480/4 1041/1581/4 981/1481/4
f 923/1482/3 981/1582/3 1042/1583/3 982/1483/3
f 978/1579/49 982/1584/49 1040/1580/49
f 928/1492/3 976/1577/3 1039/1578/3 988/1493/3
f 925/774/50 1044/1585/50 1043/1586/50 984/1485/50
f 1043/1586/3 1045/1587/3 983/1486/3 984/1485/3
f 1045/1587/3 1046/1588/3 985/1488/3 983/1486/3
f 1046/1588/3 1047/1589/3 986/1490/3 985/1488/3
f 1047/1589/3 994/1504/3 935/1400/3 986/1490/3
f 1044/1590/3 925/1491/3 987/1494/3 1048/1591/3
f 987/1592/51 988/1593/51 1040/1580/51
f 1049/1594/6 945/1423/6 989/1495/6 1050/1595/6
f 989/1596/1 931/1496/1 990/1497/1 1051/1597/1
f 990/1598/6 932/1498/6 991/1499/6 1052/1599/6
f 992/1500/3 1053/1600/3 991/1601/3 933/1501/3
f 992/1602/48 936/1502/48 993/1503/48 1054/1603/48
f 1055/1604/3 1054/1603/3 993/1503/3 994/1504/3
f 1056/1605/7 995/1505/7 996/1506/7 1057/1606/7
f 996/1506/7 938/1408/7 997/1508/7 1058/1607/7
f 997/1508/7 939/1507/7 998/1608/7 1059/1609/7
f 998/1510/6 999/1509/6 1061/1610/6 1060/1611/6
f 999/1515/3 942/1416/3 1001/1514/3 1062/1612/3
f 945/1613/1 1049/1614/1 1063/1615/1 1002/1616/1
f 1003/1521/6 944/1520/6 1002/1617/6 1063/1618/6
f 1062/1619/6 1001/1519/6 1003/1521/6 1064/1620/6
f 1065/1621/3 1004/1522/3 1005/1523/3 1066/1622/3
f 1067/1623/41 1006/1524/41 946/1424/41 1004/1522/41
f 947/403/4 1056/403/4 1112/403/4 1005/403/4
f 948/701/4 1006/578/4 161/634/4 158/1624/4
f 1056/403/4 947/403/4 883/403/4 995/403/4
f 1007/1625/6 948/1626/6 158/1627/6 159/1628/6
f 1068/1629/43 1009/1533/43 1008/1526/43 1007/1525/43
f 1009/1630/7 1069/1631/7 1010/1535/7 949/1534/7
f 1010/1535/7 1070/1632/7 1011/1536/7 950/1435/7
f 1011/1536/7 1071/1633/7 1012/1537/7 951/1436/7
f 1012/1537/7 1072/1634/7 1013/1538/7 952/1437/7
f 1013/1538/7 1073/1635/7 1015/1539/7 954/1438/7
f 1015/1539/7 1075/1636/7 1074/1637/7 1014/1540/7
f 1016/1542/6 955/1441/6 1014/1541/6 1074/142/6
f 1076/332/4 1018/1544/4 958/1444/4 1017/1543/4
f 1077/1638/5 1019/1545/5 959/1546/5 1018/1639/5
f 1078/1640/5 1020/1547/5 960/1446/5 1019/1545/5
f 1022/1549/5 963/1450/5 961/1448/5 1020/1547/5
f 1079/1641/5 1021/1548/5 1022/1549/5 1080/1642/5
f 1081/1643/5 1023/1550/5 962/1449/5 1021/1548/5
f 1082/1644/5 1024/1551/5 964/1451/5 1023/1550/5
f 1083/1645/5 1025/1646/5 965/1552/5 1024/1551/5
f 1084/1647/45 1027/1561/45 1026/1554/45 1025/1553/45
f 966/1648/4 1692/1649/4 1027/1650/4 248/1651/4 249/1652/4
f 1028/1653/6 1691/1654/6 966/472/6 249/1655/6 250/1656/6
f 1085/1657/38 1029/1565/38 967/1458/38 1028/1563/38 1693/1658/38
f 1086/1659/3 1087/1660/3 1030/1566/3 1029/1565/3
f 1030/403/4 1088/403/4 1031/403/4 968/403/4
f 969/1661/3 1031/1662/3 1089/1663/3 1033/1664/3
f 1034/1665/7 970/1567/7 1032/1570/7 1090/1666/7
f 1033/1082/5 1089/1667/5 1091/1668/5 1032/1669/5
f 971/1462/5 1034/1571/5 1092/1670/5 1035/1572/5
f 972/1463/5 1035/1572/5 1093/1671/5 1036/1573/5
f 973/1464/5 1036/1573/5 1094/1672/5 1037/1574/5
f 975/1575/5 1037/1574/5 1095/1673/5 1038/1674/5
f 980/1480/4 1038/1576/4 1096/1675/4 1041/1581/4
f 1039/1676/51 977/369/51 1040/1580/51
f 981/1582/3 1041/1677/3 1097/1678/3 1042/1583/3
f 982/1584/49 1042/1679/49 1040/1580/49
f 988/1593/51 1039/1676/51 1040/1580/51
f 1044/1585/50 1099/1680/50 1098/1681/50 1043/1586/50
f 1098/1681/3 1100/1682/3 1045/1587/3 1043/1586/3
f 1100/1682/3 1101/1683/3 1046/1588/3 1045/1587/3
f 1101/1683/3 1102/1684/3 1047/1589/3 1046/1588/3
f 1102/1684/3 1055/1604/3 994/1504/3 1047/1589/3
f 1103/1685/3 1044/1590/3 1048/1591/3 1104/1686/3
f 1048/1687/51 987/1592/51 1040/1580/51
f 1105/1688/6 1049/1594/6 1050/1595/6 1106/1689/6
f 1050/1690/1 989/1596/1 1051/1597/1 1107/1691/1
f 1051/1692/6 990/1598/6 1052/1599/6 1108/1693/6
f 1053/1600/3 1109/1694/3 1052/1695/3 991/1601/3
f 1053/1696/48 992/1602/48 1054/1603/48 1110/1697/48
f 1111/1698/3 1110/1697/3 1054/1603/3 1055/1604/3
f 1112/1699/7 1056/1605/7 1057/1606/7 1113/1700/7
f 1057/1606/7 996/1506/7 1058/1607/7 1114/1701/7
f 1058/1607/7 997/1508/7 1059/1609/7 1115/1702/7
f 1059/1609/7 998/1608/7 1060/1703/7 1116/1704/7
f 1061/1705/4 999/1628/4 1062/1706/4 1064/1707/4
f 1060/1611/6 1061/1610/6 1105/1688/6 1117/1708/6
f 1049/1614/1 1105/1709/1 1118/1710/1 1063/1615/1
f 1064/1620/6 1003/1521/6 1063/1618/6 1118/1711/6
f 1119/1712/3 1065/1621/3 1066/1622/3 1120/1713/3
f 1121/1714/41 1067/1623/41 1004/1522/41 1065/1621/41
f 1122/1715/3 1123/1716/3 1006/1524/3 1067/1623/3
f 1006/1466/5 1123/1717/5 160/1430/5 161/1429/5
f 1123/622/7 1007/655/7 159/1532/7 160/1718/7
f 1124/1719/43 1068/1629/43 1007/1525/43 1123/1716/43
f 1068/1720/7 1125/1721/7 1069/1631/7 1009/1630/7
f 1069/1631/7 1126/1722/7 1070/1632/7 1010/1535/7
f 1070/1632/7 1127/1723/7 1071/1633/7 1011/1536/7
f 1071/1633/7 1128/1724/7 1072/1634/7 1012/1537/7
f 1072/1634/7 1129/1725/7 1073/1635/7 1013/1538/7
f 1073/1635/7 1130/1726/7 1075/1636/7 1015/1539/7
f 1131/1727/5 1077/1638/5 1018/1639/5 1076/1728/5
f 1132/1729/5 1078/1640/5 1019/1545/5 1077/1638/5
f 1080/1642/5 1022/1549/5 1020/1547/5 1078/1640/5
f 1133/1730/5 1079/1641/5 1080/1642/5 1134/1731/5
f 1135/1732/5 1081/1643/5 1021/1548/5 1079/1641/5
f 1136/1733/5 1082/1644/5 1023/1550/5 1081/1643/5
f 1137/1734/5 1083/1645/5 1024/1551/5 1082/1644/5
f 1138/1735/5 1084/1736/5 1025/1646/5 1083/1645/5
f 1139/1737/45 1140/1738/45 1694/1739/45 1027/1561/45 1084/1647/45
f 1027/636/5 1694/1740/5 1140/1741/5 263/1742/5 248/633/5
f 1085/1743/6 1693/1744/6 1028/1653/6 250/1656/6 251/1745/6
f 1141/1746/38 1086/1659/38 1029/1565/38 1085/1657/38
f 1142/1747/3 1143/1748/3 1087/1660/3 1086/1659/3
f 1087/403/4 1144/403/4 1088/403/4 1030/403/4
f 1031/1662/3 1088/1749/3 1145/1268/3 1089/1663/3
f 1146/1750/1 1034/1556/1 1090/1751/1 1147/1752/1
f 1032/1669/5 1091/1668/5 1147/1753/5 1090/1389/5
f 1089/1667/5 1145/1666/5 1148/1754/5 1091/1668/5
f 1034/1571/5 1146/1755/5 1149/1756/5 1092/1670/5
f 1035/1572/5 1092/1670/5 1150/1757/5 1093/1671/5
f 1036/1573/5 1093/1671/5 1151/1758/5 1094/1672/5
f 1037/1574/5 1094/1672/5 1152/1759/5 1095/1673/5
f 1038/1674/5 1095/1673/5 1153/1760/5 1096/1761/5
f 1041/1677/3 1096/1762/3 1154/1763/3 1097/1678/3
f 1042/1679/49 1097/1764/49 1040/1580/49
f 1099/1765/52 1044/1766/52 1155/1767/52
f 1099/1680/50 1157/1768/50 1156/1769/50 1098/1681/50
f 1156/1769/3 1158/1770/3 1100/1682/3 1098/1681/3
f 1158/1770/3 1159/1771/3 1101/1683/3 1100/1682/3
f 1159/1771/3 1160/1772/3 1102/1684/3 1101/1683/3
f 1160/1772/3 1111/1698/3 1055/1604/3 1102/1684/3
f 1161/1773/3 1103/1685/3 1104/1686/3 1162/1774/3
f 1044/1766/53 1103/1775/53 1155/1767/53
f 1104/1776/54 1048/1687/54 1040/1580/54
f 1117/1708/6 1105/1688/6 1106/1689/6 1163/781/6
f 1106/1777/1 1050/1690/1 1107/1691/1 1164/1778/1
f 1107/1779/6 1051/1692/6 1108/1693/6 1165/1780/6
f 1109/1694/3 1166/1781/3 1108/1782/3 1052/1695/3
f 1109/1783/48 1053/1696/48 1110/1697/48 1167/1784/48
f 1168/1785/3 1167/1784/3 1110/1697/3 1111/1698/3
f 1169/1786/7 1112/1699/7 1113/1700/7 1170/1787/7
f 1113/1700/7 1057/1606/7 1114/1701/7 1171/1788/7
f 1114/1701/7 1058/1607/7 1115/1702/7 1172/1789/7
f 1115/1702/7 1059/1609/7 1116/1704/7 1173/1790/7
f 1116/1704/7 1060/1703/7 1117/1791/7 1174/1792/7
f 1105/1793/4 1061/1705/4 1064/1707/4 1118/1794/4
f 1175/1795/3 1119/1712/3 1120/1713/3 1176/1796/3
f 1177/1797/41 1121/1714/41 1065/1621/41 1119/1712/41
f 1067/702/4 1121/701/4 165/1624/4 162/1798/4
f 1169/403/4 1066/403/4 1005/403/4 1112/403/4
f 1122/1799/6 1067/1800/6 162/1801/6 163/1802/6
f 1178/1803/43 1124/1719/43 1123/1716/43 1122/1715/43
f 1124/1804/7 1179/1805/7 1125/1721/7 1068/1720/7
f 1125/1721/7 1180/1806/7 1126/1722/7 1069/1631/7
f 1126/1722/7 1181/1807/7 1127/1723/7 1070/1632/7
f 1127/1723/7 1182/1808/7 1128/1724/7 1071/1633/7
f 1128/1724/7 1183/1809/7 1129/1725/7 1072/1634/7
f 1129/1725/7 1184/1810/7 1130/1726/7 1073/1635/7
f 1185/1811/5 1132/1729/5 1077/1638/5 1131/1727/5
f 1134/1731/5 1080/1642/5 1078/1640/5 1132/1729/5
f 1186/1812/5 1133/1730/5 1134/1731/5 1187/1813/5
f 1188/1814/5 1135/1732/5 1079/1641/5 1133/1730/5
f 1189/1815/5 1136/1733/5 1081/1643/5 1135/1732/5
f 1190/1816/5 1137/1734/5 1082/1644/5 1136/1733/5
f 1191/1817/5 1138/1735/5 1083/1645/5 1137/1734/5
f 1192/1818/5 1139/1819/5 1084/1736/5 1138/1735/5
f 1193/1820/45 1194/1821/45 1695/1822/45 1140/1738/45 1139/1737/45
f 1140/1741/5 1695/1823/5 1194/1559/5 262/1558/5 263/1742/5
f 1194/1824/7 1696/1825/7 1085/1826/7 251/1827/7 262/1828/7
f 1195/1829/3 1141/1746/3 1085/1657/3 1696/1830/3 1194/1821/3
f 1196/1831/38 1142/1747/38 1086/1659/38 1141/1746/38
f 1197/1832/3 1198/1833/3 1143/1748/3 1142/1747/3
f 1143/403/4 1199/403/4 1144/403/4 1087/403/4
f 1088/1834/5 1144/1835/5 1201/1836/5 1200/1837/5
f 1088/1838/4 1200/1839/4 1148/1840/4 1145/295/4
f 1202/1841/1 1146/1750/1 1147/1752/1 1203/1842/1
f 1091/1668/5 1148/1754/5 1203/1569/5 1147/1753/5
f 1146/1755/5 1202/1843/5 1204/1844/5 1149/1756/5
f 1092/1670/5 1149/1756/5 1205/1845/5 1150/1757/5
f 1093/1671/5 1150/1757/5 1206/1846/5 1151/1758/5
f 1094/1672/5 1151/1758/5 1207/1847/5 1152/1759/5
f 1095/1673/5 1152/1759/5 1208/1848/5 1153/1760/5
f 1096/1762/3 1153/1849/3 1209/1850/3 1154/1763/3
f 1097/1764/49 1154/202/49 1040/1580/49
f 1157/1851/52 1099/1765/52 1155/1767/52
f 1157/1768/50 1211/1852/50 1210/1853/50 1156/1769/50
f 1210/1853/3 1212/1854/3 1158/1770/3 1156/1769/3
f 1212/1854/3 1213/1855/3 1159/1771/3 1158/1770/3
f 1213/1855/3 1214/1856/3 1160/1772/3 1159/1771/3
f 1214/1856/3 1168/1785/3 1111/1698/3 1160/1772/3
f 1215/1857/3 1161/1773/3 1162/1774/3 1216/1858/3
f 1103/1775/53 1161/1859/53 1155/1767/53
f 1162/1860/54 1104/1776/54 1040/1580/54
f 1174/1792/7 1117/1791/7 1163/1762/7 1217/1861/7
f 1163/1862/1 1106/1777/1 1164/1778/1 1218/1863/1
f 1164/1864/6 1107/1779/6 1165/1780/6 1219/1865/6
f 1166/1781/3 1220/1866/3 1165/1867/3 1108/1782/3
f 1166/1868/48 1109/1783/48 1167/1784/48 1221/1869/48
f 1222/1870/3 1221/1869/3 1167/1784/3 1168/1785/3
f 1223/1871/7 1169/1786/7 1170/1787/7 1224/1872/7
f 1170/1787/7 1113/1700/7 1171/1788/7 1225/1873/7
f 1171/1788/7 1114/1701/7 1172/1789/7 1226/1874/7
f 1172/1789/7 1115/1702/7 1173/1790/7 1227/1875/7
f 1173/1790/7 1116/1704/7 1174/1792/7 1228/1876/7
f 1229/1877/3 1175/1795/3 1176/1796/3 1230/1878/3
f 1231/1879/41 1177/1797/41 1119/1712/41 1175/1795/41
f 1232/1880/3 1233/1881/3 1121/1714/3 1177/1797/3
f 1223/403/4 1120/403/4 1066/403/4 1169/403/4
f 1121/783/5 1233/1882/5 164/1626/5 165/1625/5
f 1233/1883/7 1122/1884/7 163/1885/7 164/1886/7
f 1234/1887/43 1178/1803/43 1122/1715/43 1233/1881/43
f 1178/1888/7 1235/1889/7 1179/1805/7 1124/1804/7
f 1179/1805/7 1236/1890/7 1180/1806/7 1125/1721/7
f 1180/1806/7 1237/1891/7 1181/1807/7 1126/1722/7
f 1181/1807/7 1238/1892/7 1182/1808/7 1127/1723/7
f 1182/1808/7 1239/1893/7 1183/1809/7 1128/1724/7
f 1183/1809/7 1240/1894/7 1184/1810/7 1129/1725/7
f 1187/1813/5 1134/1731/5 1132/1729/5 1185/1811/5
f 1241/1895/5 1188/1814/5 1133/1730/5 1186/1812/5
f 1242/1896/5 1189/1815/5 1135/1732/5 1188/1814/5
f 1243/1897/5 1190/1816/5 1136/1733/5 1189/1815/5
f 1244/1898/5 1191/1817/5 1137/1734/5 1190/1816/5
f 1245/1899/5 1192/1818/5 1138/1735/5 1191/1817/5
f 1246/1900/5 1193/1901/5 1139/1819/5 1192/1818/5
f 1247/1902/45 1195/1829/45 1194/1821/45 1193/1820/45
f 1141/1903/4 1195/1904/4 261/1905/4 252/959/4
f 1196/1906/6 1141/1907/6 252/1908/6 253/1909/6
f 1248/1910/38 1197/1832/38 1142/1747/38 1196/1831/38
f 1249/1911/3 1250/1912/3 1198/1833/3 1197/1832/3
f 1198/403/4 1251/403/4 1199/403/4 1143/403/4
f 1144/1835/5 1199/1913/5 1252/1914/5 1201/1836/5
f 1200/1837/5 1201/1836/5 1253/1915/5 1202/1843/5
f 1200/1839/4 1202/1916/4 1203/1917/4 1148/1840/4
f 1202/1843/5 1253/1915/5 1254/1918/5 1204/1844/5
f 1149/1756/5 1204/1844/5 1255/1919/5 1205/1845/5
f 1150/1757/5 1205/1845/5 1256/1920/5 1206/1846/5
f 1151/1758/5 1206/1846/5 1257/1921/5 1207/1847/5
f 1152/1759/5 1207/1847/5 1258/1922/5 1208/1848/5
f 1153/1849/3 1208/1923/3 1259/1924/3 1209/1850/3
f 1154/1925/55 1209/1926/55 1040/1927/55
f 1211/1928/52 1157/1851/52 1155/1767/52
f 1211/1852/50 1261/1929/50 1260/1930/50 1210/1853/50
f 1260/1930/3 1262/1931/3 1212/1854/3 1210/1853/3
f 1262/1931/3 1263/1932/3 1213/1855/3 1212/1854/3
f 1263/1932/3 1264/1933/3 1214/1856/3 1213/1855/3
f 1264/1933/3 1222/1870/3 1168/1785/3 1214/1856/3
f 1265/1934/3 1215/1857/3 1216/1858/3 1266/1935/3
f 1161/1859/53 1215/1936/53 1155/1767/53
f 1216/1937/54 1162/1860/54 1040/1580/54
f 1228/1876/7 1174/1792/7 1217/1861/7 1267/1938/7
f 1217/1939/1 1163/1940/1 1269/1941/1 1268/1942/1
f 1270/1943/7 1163/1944/7 1218/1945/7 1271/1946/7
f 1218/1060/6 1164/1864/6 1219/1865/6 1271/700/6
f 1220/1866/3 1272/1947/3 1219/1948/3 1165/1867/3
f 1220/1949/48 1166/1868/48 1221/1869/48 1273/1950/48
f 1274/1951/3 1273/1950/3 1221/1869/3 1222/1870/3
f 1275/1952/7 1223/1871/7 1224/1872/7 1276/1953/7
f 1224/1872/7 1170/1787/7 1225/1873/7 1277/1954/7
f 1225/1873/7 1171/1788/7 1226/1874/7 1278/1955/7
f 1226/1874/7 1172/1789/7 1227/1875/7 1279/1956/7
f 1227/1875/7 1173/1790/7 1228/1876/7 1280/1957/7
f 1281/1958/3 1229/1877/3 1230/1878/3 1282/1959/3
f 1283/1960/41 1231/1879/41 1175/1795/41 1229/1877/41
f 1176/403/4 1275/403/4 1326/403/4 1230/403/4
f 1177/623/4 1231/1961/4 177/1962/4 166/1963/4
f 1275/403/4 1176/403/4 1120/403/4 1223/403/4
f 1232/1530/6 1177/1529/6 166/1800/6 167/1799/6
f 1284/1964/43 1234/1887/43 1233/1881/43 1232/1880/43
f 1234/1965/7 1285/1966/7 1235/1889/7 1178/1888/7
f 1235/1889/7 1286/1967/7 1236/1890/7 1179/1805/7
f 1236/1890/7 1287/1968/7 1237/1891/7 1180/1806/7
f 1237/1891/7 1288/1969/7 1238/1892/7 1181/1807/7
f 1238/1892/7 1289/1970/7 1239/1893/7 1182/1808/7
f 1239/1893/7 1290/1971/7 1240/1894/7 1183/1809/7
f 1291/1972/5 1242/1896/5 1188/1814/5 1241/1895/5
f 1292/1973/5 1243/1897/5 1189/1815/5 1242/1896/5
f 1293/1974/5 1244/1898/5 1190/1816/5 1243/1897/5
f 1294/1975/5 1245/1899/5 1191/1817/5 1244/1898/5
f 1295/1976/5 1246/1900/5 1192/1818/5 1245/1899/5
f 1296/1977/5 1247/1978/5 1193/1901/5 1246/1900/5
f 1297/1979/45 1298/1980/45 1195/1829/45 1247/1902/45
f 1195/1981/5 1298/1982/5 260/1983/5 261/1984/5
f 1248/794/6 1196/1906/6 253/1909/6 254/791/6
f 1299/1985/38 1249/1911/38 1197/1832/38 1248/1910/38
f 1300/1986/3 1301/1987/3 1250/1912/3 1249/1911/3
f 1250/403/4 1302/403/4 1251/403/4 1198/403/4
f 1199/1913/5 1251/1988/5 1303/1989/5 1252/1914/5
f 1201/1836/5 1252/1914/5 1304/1990/5 1253/1915/5
f 1253/1915/5 1304/1990/5 1305/1991/5 1254/1918/5
f 1204/1844/5 1254/1918/5 1306/1992/5 1255/1919/5
f 1205/1845/5 1255/1919/5 1307/1993/5 1256/1920/5
f 1206/1846/5 1256/1920/5 1308/1994/5 1257/1921/5
f 1207/1847/5 1257/1921/5 1309/1687/5 1258/1922/5
f 1208/1923/3 1258/1995/3 1310/1996/3 1259/1924/3
f 1209/1926/55 1259/1997/55 1040/1927/55
f 1261/1998/52 1211/1928/52 1155/1767/52
f 1261/1929/50 1312/1999/50 1311/2000/50 1260/1930/50
f 1311/2000/3 1313/2001/3 1262/1931/3 1260/1930/3
f 1313/2001/3 1314/2002/3 1263/1932/3 1262/1931/3
f 1314/2002/3 1315/2003/3 1264/1933/3 1263/1932/3
f 1315/2003/3 1274/1951/3 1222/1870/3 1264/1933/3
f 1309/2004/3 1265/1934/3 1266/1935/3 1316/2005/3
f 1215/1936/53 1265/1761/53 1155/1767/53
f 1266/2006/54 1216/1937/54 1040/1580/54
f 1280/1957/7 1228/1876/7 1267/1938/7 1317/2007/7
f 1267/2008/1 1217/1939/1 1268/1942/1 1318/2009/1
f 1269/1941/1 1163/1940/1 1320/2010/1 1319/2011/1
f 1268/2012/7 1269/2013/7 1322/1940/7 1321/1939/7
f 1272/1947/3 1270/1205/3 1271/1204/3 1219/1948/3
f 1163/2014/4 1270/2015/4 1323/1946/4 1320/2016/4
f 1272/2017/48 1220/1949/48 1273/1950/48 1324/2018/48
f 1325/2019/3 1324/2018/3 1273/1950/3 1274/1951/3
f 1326/2020/7 1275/1952/7 1276/1953/7 1327/2021/7
f 1276/1953/7 1224/1872/7 1277/1954/7 1328/2022/7
f 1277/1954/7 1225/1873/7 1278/1955/7 1329/2023/7
f 1278/1955/7 1226/1874/7 1279/1956/7 1330/2024/7
f 1279/1956/7 1227/1875/7 1280/1957/7 1331/2025/7
f 1332/2026/3 1281/1958/3 1282/1959/3 1301/1987/3
f 1333/2027/41 1283/1960/41 1229/1877/41 1281/1958/41
f 1230/403/4 1326/403/4 1374/403/4 1282/403/4
f 1231/1961/4 1283/622/4 170/1718/4 177/1962/4
f 1334/2028/7 1232/780/7 167/783/7 168/2029/7
f 1335/2030/43 1284/1964/43 1232/1880/43 1334/2031/43
f 1284/2032/7 1336/2033/7 1285/1966/7 1234/1965/7
f 1285/1966/7 1337/2034/7 1286/1967/7 1235/1889/7
f 1286/1967/7 1338/2035/7 1287/1968/7 1236/1890/7
f 1287/1968/7 1339/2036/7 1288/1969/7 1237/1891/7
f 1288/1969/7 1340/2037/7 1289/1970/7 1238/1892/7
f 1289/1970/7 1341/2038/7 1290/1971/7 1239/1893/7
f 1342/2039/5 1292/1973/5 1242/1896/5 1291/1972/5
f 1343/2040/5 1293/1974/5 1243/1897/5 1292/1973/5
f 1344/2041/5 1294/1975/5 1244/1898/5 1293/1974/5
f 1345/2042/5 1295/1976/5 1245/1899/5 1294/1975/5
f 1346/2043/5 1296/1977/5 1246/1900/5 1295/1976/5
f 1347/2044/5 1297/2045/5 1247/1978/5 1296/1977/5
f 1348/2046/45 1349/2047/45 1298/1980/45 1297/1979/45
f 1298/1982/5 1349/1356/5 259/1355/5 260/1983/5
f 1349/1717/7 1248/657/7 254/1057/7 259/1056/7
f 1350/2048/3 1299/1985/3 1248/1910/3 1349/2047/3
f 1351/2049/38 1300/1986/38 1249/1911/38 1299/1985/38
f 1352/2050/3 1332/2026/3 1301/1987/3 1300/1986/3
f 1301/403/4 1353/403/4 1302/403/4 1250/403/4
f 1251/1988/5 1302/2051/5 1354/2052/5 1303/1989/5
f 1252/1914/5 1303/1989/5 1355/2053/5 1304/1990/5
f 1304/1990/5 1355/2053/5 1356/2054/5 1305/1991/5
f 1254/1918/5 1305/1991/5 1357/2055/5 1306/1992/5
f 1255/1919/5 1306/1992/5 1358/2056/5 1307/1993/5
f 1256/1920/5 1307/1993/5 1359/2057/5 1308/1994/5
f 1257/1921/5 1308/1994/5 1360/2058/5 1309/1687/5
f 1258/1995/3 1309/2004/3 1316/2005/3 1310/1996/3
f 1259/1997/55 1310/2059/55 1040/1927/55
f 1312/2060/52 1261/1998/52 1155/1767/52
f 1312/1999/50 1362/2061/50 1361/2062/50 1311/2000/50
f 1361/2062/3 1363/2063/3 1313/2001/3 1311/2000/3
f 1363/2063/3 1364/2064/3 1314/2002/3 1313/2001/3
f 1364/2064/3 1365/2065/3 1315/2003/3 1314/2002/3
f 1365/2065/3 1325/2019/3 1274/1951/3 1315/2003/3
f 1360/2066/3 1366/2067/3 1265/1934/3 1309/2004/3
f 1316/1402/54 1266/2006/54 1040/1580/54
f 1265/1761/56 1366/2068/56 1155/1767/56
f 1331/2025/7 1280/1957/7 1317/2007/7 1367/2069/7
f 1317/2070/1 1267/2008/1 1318/2009/1 1368/2071/1
f 1318/2072/7 1268/2012/7 1321/1939/7 1369/2008/7
f 1322/1940/7 1269/2013/7 1319/2073/7 1370/2010/7
f 1320/2074/6 1323/2075/6 1370/1945/6 1319/2076/6
f 1270/2077/3 1371/2078/3 1321/2079/3 1322/2080/3
f 1270/2081/48 1272/2017/48 1324/2018/48 1372/2082/48
f 1270/2077/3 1322/2080/3 1370/2083/3 1323/2084/3
f 1373/2085/3 1372/2082/3 1324/2018/3 1325/2019/3
f 1374/2086/7 1326/2020/7 1327/2021/7 1375/2087/7
f 1327/2021/7 1276/1953/7 1328/2022/7 1376/2088/7
f 1328/2022/7 1277/1954/7 1329/2023/7 1377/2089/7
f 1329/2023/7 1278/1955/7 1330/2024/7 1378/2090/7
f 1330/2024/7 1279/1956/7 1331/2025/7 1379/2091/7
f 1380/2092/41 1333/2027/41 1281/1958/41 1332/2026/41
f 1381/2093/3 1382/2094/3 1283/1960/3 1333/2027/3
f 1283/1432/5 1382/1431/5 169/2095/5 170/2096/5
f 1382/1884/7 1334/2028/7 168/2029/7 169/1885/7
f 1383/2097/43 1335/2030/43 1334/2031/43 1382/2094/43
f 1335/2098/7 1384/2099/7 1336/2033/7 1284/2032/7
f 1336/2033/7 1385/2100/7 1337/2034/7 1285/1966/7
f 1337/2034/7 1386/2101/7 1338/2035/7 1286/1967/7
f 1338/2035/7 1387/2102/7 1339/2036/7 1287/1968/7
f 1339/2036/7 1388/2103/7 1340/2037/7 1288/1969/7
f 1340/2037/7 1389/2104/7 1341/2038/7 1289/1970/7
f 1390/2105/5 1343/2040/5 1292/1973/5 1342/2039/5
f 1391/2106/5 1344/2041/5 1293/1974/5 1343/2040/5
f 1392/2107/57 1345/2042/57 1294/1975/57 1344/2041/57
f 1393/2108/5 1346/2043/5 1295/1976/5 1345/2042/5
f 1394/2109/5 1347/2044/5 1296/1977/5 1346/2043/5
f 1395/2110/5 1348/2111/5 1297/2045/5 1347/2044/5
f 1396/2112/45 1350/2048/45 1349/2047/45 1348/2046/45
f 1397/2113/3 1351/2049/3 1299/1985/3 1350/2048/3
f 1398/2114/38 1352/2050/38 1300/1986/38 1351/2049/38
f 1399/2115/41 1380/2092/41 1332/2026/41 1352/2050/41
f 1353/403/4 1301/403/4 1282/403/4 1374/403/4
f 1302/2051/5 1353/2116/5 1400/2117/5 1354/2052/5
f 1303/1989/5 1354/2052/5 1401/2118/5 1355/2053/5
f 1355/2053/5 1401/2118/5 1402/2119/5 1356/2054/5
f 1305/1991/5 1356/2054/5 1403/2120/5 1357/2055/5
f 1306/1992/5 1357/2055/5 1404/2121/5 1358/2056/5
f 1307/1993/5 1358/2056/5 1405/2122/5 1359/2057/5
f 1308/1994/5 1359/2057/5 1406/2123/5 1360/2058/5
f 1310/2059/55 1316/1048/55 1040/1927/55
f 1362/2124/52 1312/2060/52 1155/1767/52
f 1362/2061/50 1408/2125/50 1407/2126/50 1361/2062/50
f 1407/2126/3 1409/2127/3 1363/2063/3 1361/2062/3
f 1409/2127/3 1410/2128/3 1364/2064/3 1363/2063/3
f 1410/2128/3 1411/2129/3 1365/2065/3 1364/2064/3
f 1411/2129/3 1373/2085/3 1325/2019/3 1365/2065/3
f 1406/2130/3 1412/2131/3 1366/2067/3 1360/2066/3
f 1366/2068/56 1412/1760/56 1155/1767/56
f 1379/2091/7 1331/2025/7 1367/2069/7 1413/2132/7
f 1367/2133/1 1317/2070/1 1368/2071/1 1414/2134/1
f 1368/2135/7 1318/2072/7 1369/2008/7 1415/2070/7
f 1371/2078/3 1416/2136/3 1369/1286/3 1321/2079/3
f 1371/2137/58 1270/2081/58 1372/2082/58 1373/2085/58
f 1353/2138/7 1374/2086/7 1375/2087/7 1400/2139/7
f 1375/2087/7 1327/2021/7 1376/2088/7 1417/2140/7
f 1376/2088/7 1328/2022/7 1377/2089/7 1418/2141/7
f 1377/2089/7 1329/2023/7 1378/2090/7 1419/2142/7
f 1378/2090/7 1330/2024/7 1379/2091/7 1420/2143/7
f 1421/2144/3 1381/2093/3 1333/2027/3 1380/2092/3
f 1422/2145/43 1383/2097/43 1382/2094/43 1381/2093/43
f 1383/2146/7 1423/2147/7 1384/2099/7 1335/2098/7
f 1384/2099/7 1424/2148/7 1385/2100/7 1336/2033/7
f 1385/2100/7 1425/2149/7 1386/2101/7 1337/2034/7
f 1386/2101/7 1426/2150/7 1387/2102/7 1338/2035/7
f 1387/2102/7 1427/2151/7 1388/2103/7 1339/2036/7
f 1388/2103/7 1428/2152/7 1389/2104/7 1340/2037/7
f 1429/2153/5 1391/2106/5 1343/2040/5 1390/2105/5
f 1430/2154/5 1392/2107/5 1344/2041/5 1391/2106/5
f 1431/2155/57 1393/2108/57 1345/2042/57 1392/2107/57
f 1432/2156/5 1394/2109/5 1346/2043/5 1393/2108/5
f 1433/2157/5 1395/2110/5 1347/2044/5 1394/2109/5
f 1434/2158/5 1396/2159/5 1348/2111/5 1395/2110/5
f 1435/2160/45 1397/2113/45 1350/2048/45 1396/2112/45
f 1351/1650/4 1397/1241/4 258/1244/4 255/1651/4
f 1398/2161/6 1351/2162/6 255/1138/6 256/1137/6
f 1399/2115/59 1352/2050/59 1398/2114/59 1436/23/59
f 1380/2163/4 1399/2164/4 174/1516/4 171/2165/4
f 1354/2052/5 1400/2117/5 1437/2166/5 1401/2118/5
f 1401/2118/5 1437/2166/5 1438/2167/5 1402/2119/5
f 1356/2054/5 1402/2119/5 1439/2168/5 1403/2120/5
f 1357/2055/5 1403/2120/5 1440/2169/5 1404/2121/5
f 1358/2056/5 1404/2121/5 1441/2170/5 1405/2122/5
f 1359/2057/5 1405/2122/5 1442/2171/5 1406/2123/5
f 1408/2172/52 1362/2124/52 1155/1767/52
f 1408/2125/58 1443/2173/58 1409/2127/58 1407/2126/58
f 1443/2173/58 1444/2174/58 1410/2128/58 1409/2127/58
f 1444/2174/58 1416/2175/58 1411/2129/58 1410/2128/58
f 1416/2175/58 1371/2137/58 1373/2085/58 1411/2129/58
f 1442/2176/3 1445/2177/3 1412/2131/3 1406/2130/3
f 1412/1760/56 1445/1848/56 1155/1767/56
f 1420/2143/7 1379/2091/7 1413/2132/7 1446/2178/7
f 1413/2179/1 1367/2133/1 1414/2134/1 1447/2180/1
f 1414/2181/7 1368/2135/7 1415/2070/7 1448/2133/7
f 1416/2136/3 1444/2182/3 1415/2183/3 1369/1286/3
f 1400/2139/7 1375/2087/7 1417/2140/7 1437/2184/7
f 1417/2140/7 1376/2088/7 1418/2141/7 1449/2185/7
f 1418/2141/7 1377/2089/7 1419/2142/7 1450/2186/7
f 1419/2142/7 1378/2090/7 1420/2143/7 1451/2187/7
f 1421/2188/6 1380/2189/6 171/2190/6 172/2191/6
f 1452/2192/43 1422/2145/43 1381/2093/43 1421/2144/43
f 1422/2193/7 1453/2194/7 1423/2147/7 1383/2146/7
f 1423/2147/7 1454/2195/7 1424/2148/7 1384/2099/7
f 1424/2148/7 1455/2196/7 1425/2149/7 1385/2100/7
f 1425/2149/7 1456/2197/7 1426/2150/7 1386/2101/7
f 1426/2150/7 1457/2198/7 1427/2151/7 1387/2102/7
f 1427/2151/7 1458/2199/7 1428/2152/7 1388/2103/7
f 1459/2200/5 1430/2154/5 1391/2106/5 1429/2153/5
f 1460/2201/5 1431/2155/5 1392/2107/5 1430/2154/5
f 1461/2202/5 1432/2156/5 1393/2108/5 1431/2155/5
f 1462/2203/5 1433/2157/5 1394/2109/5 1432/2156/5
f 1463/2204/5 1434/2158/5 1395/2110/5 1433/2157/5
f 1464/2205/5 1435/2206/5 1396/2159/5 1434/2158/5
f 1465/2207/45 1466/2208/45 1397/2113/45 1435/2160/45
f 1397/1984/5 1466/2209/5 257/2210/5 258/1981/5
f 1466/673/7 1398/364/7 256/2211/7 257/674/7
f 1467/24/3 1436/23/3 1398/2114/3 1466/2208/3
f 1468/22/3 1469/2212/3 1399/2115/3 1436/23/3
f 1399/1528/5 1469/1527/5 173/2213/5 174/1863/5
f 1437/2184/7 1417/2140/7 1449/2185/7 1438/2214/7
f 1402/2119/5 1438/2167/5 1470/2215/5 1439/2168/5
f 1403/2120/5 1439/2168/5 1471/2216/5 1440/2169/5
f 1404/2121/5 1440/2169/5 1472/2217/5 1441/2170/5
f 1405/2122/5 1441/2170/5 1473/2218/5 1442/2171/5
f 1474/2219/60 1408/2172/60 1155/1767/60
f 1443/2220/3 1408/2221/3 1475/2222/3 1448/2223/3
f 1444/2182/3 1443/2220/3 1448/2223/3 1415/2183/3
f 1473/2224/3 1476/2225/3 1445/2177/3 1442/2176/3
f 1445/1848/56 1476/2226/56 1155/1767/56
f 1451/2187/7 1420/2143/7 1446/2178/7 1477/2227/7
f 1446/2228/1 1413/2179/1 1447/2180/1 1478/2229/1
f 1447/2230/7 1414/2181/7 1448/2133/7 1475/2179/7
f 1449/2185/7 1418/2141/7 1450/2186/7 1479/2231/7
f 1450/2186/7 1419/2142/7 1451/2187/7 1480/2232/7
f 1469/2165/7 1421/2233/7 172/939/7 173/2163/7
f 1481/2234/43 1452/2192/43 1421/2144/43 1469/2212/43
f 1452/2235/7 1482/2236/7 1453/2194/7 1422/2193/7
f 1453/2194/7 1483/2237/7 1454/2195/7 1423/2147/7
f 1454/2195/7 1484/2238/7 1455/2196/7 1424/2148/7
f 1455/2196/7 1485/2239/7 1456/2197/7 1425/2149/7
f 1456/2197/7 1486/2240/7 1457/2198/7 1426/2150/7
f 1457/2198/7 1487/2241/7 1458/2199/7 1427/2151/7
f 1488/2242/5 1460/2201/5 1430/2154/5 1459/2200/5
f 1489/2243/5 1461/2202/5 1431/2155/5 1460/2201/5
f 1490/2244/5 1462/2203/5 1432/2156/5 1461/2202/5
f 1491/2245/5 1463/2204/5 1433/2157/5 1462/2203/5
f 1492/2246/5 1464/2205/5 1434/2158/5 1463/2204/5
f 1493/2247/5 1465/2248/5 1435/2206/5 1464/2205/5
f 1494/2249/45 1467/24/45 1466/2208/45 1465/2207/45
f 1496/2250/43 1481/2234/43 1469/2212/43 1468/22/43
f 1438/2214/7 1449/2185/7 1479/2231/7 1470/2251/7
f 1439/2168/5 1470/2215/5 1497/2252/5 1471/2216/5
f 1440/2169/5 1471/2216/5 1498/2253/5 1472/2217/5
f 1441/2170/5 1472/2217/5 1499/2254/5 1473/2218/5
f 1500/2255/60 1474/2219/60 1155/1767/60
f 1408/2221/3 1474/2256/3 1501/2257/3 1475/2222/3
f 1499/2258/3 1502/2259/3 1476/2225/3 1473/2224/3
f 1476/2226/56 1502/1922/56 1155/1767/56
f 1480/2232/7 1451/2187/7 1477/2227/7 1503/2260/7
f 1477/2261/1 1446/2228/1 1478/2229/1 1504/2262/1
f 1478/2263/7 1447/2230/7 1475/2179/7 1501/2228/7
f 1479/2231/7 1450/2186/7 1480/2232/7 1505/2264/7
f 1481/2265/7 1506/2266/7 1482/2236/7 1452/2235/7
f 1482/2236/7 1507/2267/7 1483/2237/7 1453/2194/7
f 1483/2237/7 1508/2268/7 1484/2238/7 1454/2195/7
f 1484/2238/7 1509/2269/7 1485/2239/7 1455/2196/7
f 1485/2239/7 1510/2270/7 1486/2240/7 1456/2197/7
f 1486/2240/7 1511/2271/7 1487/2241/7 1457/2198/7
f 1512/2272/5 1489/2243/5 1460/2201/5 1488/2242/5
f 1513/2273/5 1490/2244/5 1461/2202/5 1489/2243/5
f 1514/2274/5 1491/2245/5 1462/2203/5 1490/2244/5
f 1515/2275/5 1492/2246/5 1463/2204/5 1491/2245/5
f 1516/2276/5 1493/2247/5 1464/2205/5 1492/2246/5
f 1517/2277/5 1494/2278/5 1465/2248/5 1493/2247/5
f 1518/2279/45 1495/21/45 1467/24/45 1494/2249/45
f 1519/2280/43 1496/2250/43 1468/22/43 1495/21/43
f 1496/2281/7 1520/2282/7 1506/2266/7 1481/2265/7
f 1470/2251/7 1479/2231/7 1505/2264/7 1497/2283/7
f 1471/2216/5 1497/2252/5 1521/2284/5 1498/2253/5
f 1472/2217/5 1498/2253/5 1522/2285/5 1499/2254/5
f 1523/2286/60 1500/2255/60 1155/1767/60
f 1474/2256/3 1500/2287/3 1524/2288/3 1501/2257/3
f 1522/2289/3 1525/2290/3 1502/2259/3 1499/2258/3
f 1502/1922/56 1525/2291/56 1155/1767/56
f 1505/2264/7 1480/2232/7 1503/2260/7 1526/2292/7
f 1503/2293/1 1477/2261/1 1504/2262/1 1527/2294/1
f 1504/1124/7 1478/2263/7 1501/2228/7 1524/2261/7
f 1506/2266/7 1528/2295/7 1507/2267/7 1482/2236/7
f 1507/2267/7 1529/2296/7 1508/2268/7 1483/2237/7
f 1508/2268/7 1530/2297/7 1509/2269/7 1484/2238/7
f 1509/2269/7 1531/2298/7 1510/2270/7 1485/2239/7
f 1510/2270/7 1532/2299/7 1511/2271/7 1486/2240/7
f 1533/2300/5 1513/2273/5 1489/2243/5 1512/2272/5
f 1534/2301/5 1514/2274/5 1490/2244/5 1513/2273/5
f 1535/2302/5 1515/2275/5 1491/2245/5 1514/2274/5
f 1536/2303/5 1516/2276/5 1492/2246/5 1515/2275/5
f 1537/2304/5 1517/2277/5 1493/2247/5 1516/2276/5
f 1538/2305/5 1518/2306/5 1494/2278/5 1517/2277/5
f 1539/2307/61 1519/2280/61 1495/21/61 1518/2279/61
f 1519/2308/7 1540/2309/7 1520/2282/7 1496/2281/7
f 1520/2282/7 1541/2310/7 1528/2295/7 1506/2266/7
f 1497/2283/7 1505/2264/7 1526/2292/7 1521/1376/7
f 1498/2253/5 1521/2284/5 1542/2311/5 1522/2285/5
f 1543/1687/60 1523/2286/60 1155/1767/60
f 1500/2287/3 1523/2312/3 1544/2313/3 1524/2288/3
f 1542/2314/3 1543/2315/3 1525/2290/3 1522/2289/3
f 1525/2291/56 1543/1687/56 1155/1767/56
f 1526/2316/1 1503/2293/1 1527/2294/1 1545/2317/1
f 1527/2318/7 1504/1124/7 1524/2261/7 1544/2293/7
f 1528/2295/7 1546/2319/7 1529/2296/7 1507/2267/7
f 1529/2296/7 1547/2320/7 1530/2297/7 1508/2268/7
f 1530/2297/7 1548/2321/7 1531/2298/7 1509/2269/7
f 1531/2298/7 1549/2322/7 1532/2299/7 1510/2270/7
f 1550/2323/5 1534/2301/5 1513/2273/5 1533/2300/5
f 1551/2324/5 1535/2302/5 1514/2274/5 1534/2301/5
f 1552/2325/5 1536/2303/5 1515/2275/5 1535/2302/5
f 1553/2326/5 1537/2304/5 1516/2276/5 1536/2303/5
f 1554/2327/5 1538/2305/5 1517/2277/5 1537/2304/5
f 1555/2328/5 1539/291/5 1518/2306/5 1538/2305/5
f 1539/327/7 1555/2329/7 1540/2309/7 1519/2308/7
f 1540/2309/7 1556/2330/7 1541/2310/7 1520/2282/7
f 1541/2310/7 1557/2331/7 1546/2319/7 1528/2295/7
f 1521/2332/1 1526/2316/1 1545/2317/1 1558/2333/1
f 1542/2311/5 1521/2284/5 1558/2334/5 1559/2335/5
f 1523/2312/3 1543/2315/3 1560/2336/3 1544/2313/3
f 1543/2315/3 1542/2314/3 1559/2337/3 1560/2336/3
f 1545/2338/7 1527/2318/7 1544/2293/7 1560/2316/7
f 1546/2319/7 1561/2339/7 1547/2320/7 1529/2296/7
f 1547/2320/7 1562/2340/7 1548/2321/7 1530/2297/7
f 1548/2321/7 1563/2341/7 1549/2322/7 1531/2298/7
f 1564/2342/5 1551/2324/5 1534/2301/5 1550/2323/5
f 1565/2343/5 1552/2325/5 1535/2302/5 1551/2324/5
f 1566/2344/5 1553/2326/5 1536/2303/5 1552/2325/5
f 1567/2345/5 1554/2327/5 1537/2304/5 1553/2326/5
f 1568/2346/5 1555/2328/5 1538/2305/5 1554/2327/5
f 1555/2329/7 1568/2347/7 1556/2330/7 1540/2309/7
f 1556/2330/7 1569/2348/7 1557/2331/7 1541/2310/7
f 1557/2331/7 1570/2349/7 1561/2339/7 1546/2319/7
f 1558/1041/7 1545/2338/7 1560/2316/7 1559/2332/7
f 1561/2339/7 1571/2350/7 1562/2340/7 1547/2320/7
f 1562/2340/7 1572/2351/7 1563/2341/7 1548/2321/7
f 1573/2352/5 1565/2343/5 1551/2324/5 1564/2342/5
f 1574/2353/5 1566/2344/5 1552/2325/5 1565/2343/5
f 1575/2354/5 1567/2345/5 1553/2326/5 1566/2344/5
f 1576/2355/5 1568/2346/5 1554/2327/5 1567/2345/5
f 1568/2347/7 1576/2356/7 1569/2348/7 1556/2330/7
f 1569/2348/7 1577/2357/7 1570/2349/7 1557/2331/7
f 1570/2349/7 1578/2358/7 1571/2350/7 1561/2339/7
f 1571/2350/7 1579/2359/7 1572/2351/7 1562/2340/7
f 1580/2360/5 1574/2353/5 1565/2343/5 1573/2352/5
f 1581/2361/5 1575/2354/5 1566/2344/5 1574/2353/5
f 1582/2362/5 1576/2355/5 1567/2345/5 1575/2354/5
f 1576/2356/7 1582/2363/7 1577/2357/7 1569/2348/7
f 1577/2357/7 1583/2364/7 1578/2358/7 1570/2349/7
f 1578/2358/7 1584/2365/7 1579/2359/7 1571/2350/7
f 1585/2366/5 1581/2361/5 1574/2353/5 1580/2360/5
f 1586/2367/5 1582/2362/5 1575/2354/5 1581/2361/5
f 1582/2363/7 1586/2368/7 1583/2364/7 1577/2357/7
f 1583/2364/7 1587/2369/7 1584/2365/7 1578/2358/7
f 1588/2370/5 1586/2367/5 1581/2361/5 1585/2366/5
f 1586/2368/7 1588/2371/7 1587/2369/7 1583/2364/7
f 74/2372/6 1590/387/6 1589/2211/6 48/2373/6
f 122/2374/4 1591/1163/4 1590/2375/4 74/2376/4 5/2377/4 6/2378/4 78/2378/4
f 1590/616/3 1591/2379/3 1592/2380/3 1589/617/3
f 48/2381/7 1589/2382/7 1592/2383/7 147/2384/7 148/2385/7 94/2385/7 47/2386/7
f 147/554/5 1592/2387/5 1591/2388/5 122/2389/5
f 131/1479/4 1594/2390/4 1593/2391/4 130/1379/4
f 138/511/5 1595/2392/5 1594/2393/5 131/579/5
f 1596/2394/3 1593/2395/3 1594/2396/3 1595/797/3 1598/2397/3 1597/2398/3
f 130/1379/4 1593/2391/4 1596/1316/4 129/974/4
f 139/2399/7 1598/1269/7 1595/1377/7 138/2400/7
f 129/2401/6 1596/2402/6 1597/2403/6 140/2404/6
f 140/2405/7 1597/1270/7 1598/1269/7 139/2399/7
f 142/553/7 1600/2406/7 1599/2407/7 141/782/7
f 127/2392/6 1601/511/6 1600/510/6 142/1307/6
f 1601/1648/3 1602/2408/3 1599/2409/3 1600/2410/3
f 141/2411/5 1599/2412/5 1602/2404/5 128/2403/5
f 128/588/4 1602/2405/4 1601/2400/4 127/783/4
f 145/2389/5 1604/2388/5 1603/2413/5 124/2414/5
f 146/2415/7 1605/14/7 1604/1455/7 145/2416/7
f 1606/2417/3 1603/2418/3 1604/2410/3 1605/2409/3
f 124/2294/4 1603/1061/4 1606/2419/4 123/2333/4
f 123/2420/6 1606/2421/6 1605/2414/6 146/2413/6
f 61/2422/5 1608/2423/5 1607/2424/5 60/2425/5
f 62/2426/7 1609/2427/7 1608/2428/7 61/2429/7
f 1608/2430/3 1609/2431/3 1610/1518/3 1607/2379/3
f 60/2432/4 1607/2433/4 1610/2427/4 59/2426/4
f 59/2434/6 1610/1655/6 1609/2435/6 62/2436/6
f 69/2437/6 1612/2438/6 1611/2439/6 68/2440/6
f 75/2441/4 1613/2442/4 1612/1140/4 69/2443/4
f 1614/2444/3 1611/2445/3 1612/2446/3 1613/2447/3
f 68/2448/7 1611/2449/7 1614/1141/7 67/2450/7
f 67/877/5 1614/2451/5 1613/2452/5 75/2453/5
f 65/2454/5 1616/2455/5 1615/2191/5 64/995/5
f 66/375/5 1617/2456/5 1616/2455/5 65/2454/5
f 1617/2457/3 1620/589/3 1619/2458/3 1618/2459/3 1615/2460/3 1616/2461/3
f 64/2095/4 1615/2462/4 1618/2463/4 63/2464/4
f 70/2465/7 1620/2466/7 1617/2467/7 66/2468/7
f 71/2469/6 1619/2470/6 1620/2471/6 70/2472/6
f 63/999/6 1618/2473/6 1619/2470/6 71/2469/6
f 54/2474/4 1622/2475/4 1621/2468/4 53/2467/4
f 55/484/5 1623/2476/5 1622/486/5 54/2477/5
f 1623/2478/3 1624/2479/3 1621/2480/3 1622/2481/3
f 53/2482/6 1621/2483/6 1624/551/6 73/1135/6
f 73/2475/7 1624/2474/7 1623/2422/7 55/2484/7
f 190/2071/4 1626/2485/4 1625/2486/4 189/2487/4
f 195/2488/5 1627/2441/5 1626/2489/5 190/2490/5
f 1628/2491/3 1625/2492/3 1626/2493/3 1627/1175/3 1630/1098/3 1629/1097/3
f 189/2487/4 1625/2486/4 1628/2494/4 188/2134/4
f 196/2495/7 1630/2496/7 1627/2497/7 195/2229/7
f 188/2464/6 1628/2498/6 1629/2499/6 197/2500/6
f 197/2180/7 1629/2501/7 1630/2496/7 196/2495/7
f 191/2502/6 1632/2503/6 1631/2449/6 194/2504/6
f 192/1136/4 1633/2505/4 1632/2506/4 191/2507/4
f 1632/2508/3 1633/2509/3 1634/1557/3 1631/2510/3
f 194/2507/7 1631/2506/7 1634/1163/7 193/2374/7
f 193/2511/5 1634/2512/5 1633/2513/5 192/2514/5
f 185/1357/4 1636/1531/4 1635/2425/4 184/2515/4
f 200/2516/5 1637/2517/5 1636/2518/5 185/2519/5
f 1635/2520/3 1636/2479/3 1637/670/3 1638/2521/3
f 184/2522/6 1635/2523/6 1638/2524/6 201/2525/6
f 201/1942/7 1638/2526/7 1637/2527/7 200/2009/7
f 183/2009/4 1640/2527/4 1639/2485/4 182/2071/4
f 202/2528/5 1641/2529/5 1640/2530/5 183/2531/5
f 1639/2478/3 1640/2532/3 1641/2533/3 1642/2511/3
f 182/2534/6 1639/2535/6 1642/2536/6 203/2537/6
f 203/2134/7 1642/2494/7 1641/2501/7 202/2180/7
f 219/2396/4 1644/2538/4 1643/2539/4 234/2540/4
f 220/2541/5 1645/2542/5 1644/2543/5 219/1354/5
f 1644/2544/3 1645/2545/3 1648/796/3 1647/795/3 1646/2546/3 1643/2547/3
f 234/1087/6 1643/2548/6 1646/2549/6 233/2550/6
f 221/2551/5 1648/2552/5 1645/2542/5 220/2541/5
f 222/483/7 1647/2553/7 1648/2554/7 221/2516/7
f 233/2550/6 1646/2549/6 1647/2555/6 222/2556/6
f 225/2470/5 1650/2557/5 1649/2558/5 224/2471/5
f 226/2473/5 1651/2419/5 1650/2557/5 225/2470/5
f 1649/2559/3 1650/2560/3 1651/2561/3 1654/2493/3 1653/2562/3 1652/2563/3
f 224/2564/4 1649/2565/4 1652/2566/4 223/2567/4
f 227/2568/7 1654/2569/7 1651/2565/7 226/2564/7
f 232/2570/6 1653/2571/6 1654/2572/6 227/2573/6
f 223/2574/6 1652/2575/6 1653/2571/6 232/2570/6
f 217/2576/4 1656/2534/4 1655/550/4 216/2577/4
f 218/2578/5 1657/2579/5 1656/2580/5 217/1617/5
f 1656/1619/3 1657/2581/3 1658/2582/3 1655/2583/3
f 216/2584/6 1655/2574/6 1658/2573/6 235/2585/6
f 235/2567/7 1658/2566/7 1657/2551/7 218/2586/7
f 1659/2587/3 1662/2588/3 1661/2561/3 1660/2589/3
f 186/1187/6 1659/2590/6 1660/2591/6 199/2592/6
f 187/2526/4 1662/1942/4 1659/1941/4 186/2593/4
f 198/2590/5 1661/2594/5 1662/2595/5 187/2591/5
f 199/2229/7 1660/2497/7 1661/1061/7 198/2294/7
f 1663/2596/3 1666/2597/3 1665/2444/3 1664/2447/3
f 229/1903/4 1663/2598/4 1664/2599/4 228/1904/4
f 230/2600/5 1666/2601/5 1663/2579/5 229/2578/5
f 231/2569/7 1665/2568/7 1666/2602/7 230/2603/7
f 228/2451/6 1664/2161/6 1665/2604/6 231/2452/6
f 1667/2605/3 1670/2606/3 1669/2457/3 1668/2460/3
f 213/2577/4 1667/2607/4 1668/2608/4 212/2576/4
f 214/2552/5 1670/2555/5 1667/2548/5 213/2543/5
f 215/2429/7 1669/2428/7 1670/2609/7 214/2610/7
f 212/398/6 1668/2572/6 1669/2575/6 215/635/6
f 1671/2611/3 1674/135/3 1673/1164/3 1672/2612/3
f 209/1517/4 1671/2613/4 1672/2614/4 208/2615/4
f 210/1139/5 1674/2579/5 1671/2616/5 209/2617/5
f 211/2618/7 1673/2554/7 1674/2553/7 210/2619/7
f 208/256/6 1672/2620/6 1673/2483/6 211/2482/6
f 1675/1140/3 1678/1139/3 1677/2617/3 1676/2621/3
f 51/2622/5 1675/2623/5 1676/2624/5 50/2625/5
f 52/2626/7 1678/2528/7 1675/876/7 51/2627/7
f 49/2623/6 1677/2628/6 1678/1826/6 52/2624/6
f 50/2398/4 1676/2629/4 1677/1709/4 49/2630/4
f 1679/2631/3 1682/2583/3 1681/2582/3 1680/2632/3
f 57/2633/5 1679/2580/5 1680/2579/5 56/1139/5
f 58/2610/7 1682/2609/7 1679/2603/7 57/2602/7
f 72/1751/6 1681/1555/6 1682/126/6 58/1842/6
f 56/998/4 1680/2634/4 1681/2635/4 72/2522/4
f 1683/617/3 1686/2380/3 1685/2375/3 1684/1163/3
f 132/2636/6 1683/2637/6 1684/2638/6 137/2639/6
f 133/2438/4 1686/2640/4 1683/2641/4 132/747/4
f 136/2606/5 1685/2642/5 1686/2402/5 133/2401/5
f 137/2382/7 1684/882/7 1685/2625/7 136/2383/7
f 1687/2643/3 1690/445/3 1689/1456/3 1688/2644/3
f 125/2412/6 1687/2411/6 1688/2639/6 144/2638/6
f 126/2645/4 1690/2646/4 1687/2647/4 125/2648/4
f 143/938/5 1689/2649/5 1690/2650/5 126/2596/5
f 144/2416/7 1688/2647/7 1689/2646/7 143/2415/7
