# Blender v2.75 (sub 0) OBJ File: 'plaza.blend'
# www.blender.org
mtllib cerca.mtl
o cerca.002_Cylinder.006
v 0.334597 -0.020679 -4.475563
v 0.615108 -0.020679 -4.475563
v 0.895619 -0.020679 -4.475563
v 1.176130 -0.020679 -4.475563
v 1.456641 -0.020679 -4.475563
v 1.737153 -0.020679 -4.475563
v 2.017664 -0.020679 -4.475563
v 2.298175 -0.020679 -4.475563
v 2.578686 -0.020679 -4.475563
v 0.345535 -0.020679 -4.472632
v 0.626045 -0.020679 -4.472632
v 0.906557 -0.020679 -4.472632
v 1.187068 -0.020679 -4.472632
v 1.467579 -0.020679 -4.472632
v 1.748090 -0.020679 -4.472632
v 2.028601 -0.020679 -4.472632
v 2.309112 -0.020679 -4.472632
v 2.589623 -0.020679 -4.472632
v 0.353541 -0.020679 -4.464625
v 0.634052 -0.020679 -4.464625
v 0.914563 -0.020679 -4.464625
v 1.195075 -0.020679 -4.464625
v 1.475586 -0.020679 -4.464625
v 1.756097 -0.020679 -4.464625
v 2.036608 -0.020679 -4.464625
v 2.317119 -0.020679 -4.464625
v 2.597630 -0.020679 -4.464625
v 0.356472 -0.020679 -4.453688
v 0.636983 -0.020679 -4.453688
v 0.917494 -0.020679 -4.453688
v 1.198005 -0.020679 -4.453688
v 1.478516 -0.020679 -4.453688
v 1.759027 -0.020679 -4.453688
v 2.039539 -0.020679 -4.453688
v 2.320050 -0.020679 -4.453688
v 2.600561 -0.020679 -4.453688
v 0.353541 -0.020679 -4.442750
v 0.634052 -0.020679 -4.442750
v 0.914563 -0.020679 -4.442750
v 1.195075 -0.020679 -4.442750
v 1.475586 -0.020679 -4.442750
v 1.756097 -0.020679 -4.442750
v 2.036608 -0.020679 -4.442750
v 2.317119 -0.020679 -4.442750
v 2.597630 -0.020679 -4.442750
v 0.345535 -0.020679 -4.434743
v 0.626045 -0.020679 -4.434743
v 0.906557 -0.020679 -4.434743
v 1.187068 -0.020679 -4.434743
v 1.467579 -0.020679 -4.434743
v 1.748090 -0.020679 -4.434743
v 2.028601 -0.020679 -4.434743
v 2.309112 -0.020679 -4.434743
v 2.589623 -0.020679 -4.434743
v 0.334597 -0.020679 -4.431813
v 0.615108 -0.020679 -4.431813
v 0.895619 -0.020679 -4.431813
v 1.176130 -0.020679 -4.431813
v 1.456641 -0.020679 -4.431813
v 1.737153 -0.020679 -4.431813
v 2.017664 -0.020679 -4.431813
v 2.298175 -0.020679 -4.431813
v 2.578686 -0.020679 -4.431813
v 0.323660 -0.020679 -4.434743
v 0.604171 -0.020679 -4.434743
v 0.884682 -0.020679 -4.434743
v 1.165193 -0.020679 -4.434743
v 1.445704 -0.020679 -4.434743
v 1.726215 -0.020679 -4.434743
v 2.006726 -0.020679 -4.434743
v 2.287237 -0.020679 -4.434743
v 2.567749 -0.020679 -4.434743
v 0.315653 -0.020679 -4.442750
v 0.596164 -0.020679 -4.442750
v 0.876675 -0.020679 -4.442750
v 1.157186 -0.020679 -4.442750
v 1.437697 -0.020679 -4.442750
v 1.718208 -0.020679 -4.442750
v 1.998719 -0.020679 -4.442750
v 2.279231 -0.020679 -4.442750
v 2.559742 -0.020679 -4.442750
v 0.312722 -0.020679 -4.453688
v 0.593233 -0.020679 -4.453688
v 0.873744 -0.020679 -4.453688
v 1.154256 -0.020679 -4.453688
v 1.434766 -0.020679 -4.453688
v 1.715278 -0.020679 -4.453688
v 1.995789 -0.020679 -4.453688
v 2.276300 -0.020679 -4.453688
v 2.556811 -0.020679 -4.453688
v 0.315653 -0.020679 -4.464625
v 0.596164 -0.020679 -4.464625
v 0.876675 -0.020679 -4.464625
v 1.157186 -0.020679 -4.464625
v 1.437697 -0.020679 -4.464625
v 1.718208 -0.020679 -4.464625
v 1.998719 -0.020679 -4.464625
v 2.279231 -0.020679 -4.464625
v 2.559742 -0.020679 -4.464625
v 0.323660 -0.020679 -4.472632
v 0.604171 -0.020679 -4.472632
v 0.884682 -0.020679 -4.472632
v 1.165193 -0.020679 -4.472632
v 1.445704 -0.020679 -4.472632
v 1.726215 -0.020679 -4.472632
v 2.006726 -0.020679 -4.472632
v 2.287237 -0.020679 -4.472632
v 2.567749 -0.020679 -4.472632
v 0.334597 0.259026 -4.475563
v 0.615108 0.259026 -4.475563
v 0.895619 0.259026 -4.475563
v 1.176130 0.259026 -4.475563
v 1.456641 0.259026 -4.475563
v 1.737153 0.259026 -4.475563
v 2.017664 0.259026 -4.475563
v 2.298175 0.259026 -4.475563
v 2.578686 0.259026 -4.475563
v 0.345535 0.259026 -4.472632
v 0.626045 0.259026 -4.472632
v 0.906557 0.259026 -4.472632
v 1.187068 0.259026 -4.472632
v 1.467579 0.259026 -4.472632
v 1.748090 0.259026 -4.472632
v 2.028601 0.259026 -4.472632
v 2.309112 0.259026 -4.472632
v 2.589623 0.259026 -4.472632
v 0.353541 0.259026 -4.464625
v 0.634052 0.259026 -4.464625
v 0.914563 0.259026 -4.464625
v 1.195075 0.259026 -4.464625
v 1.475586 0.259026 -4.464625
v 1.756097 0.259026 -4.464625
v 2.036608 0.259026 -4.464625
v 2.317119 0.259026 -4.464625
v 2.597630 0.259026 -4.464625
v 0.356472 0.259026 -4.453688
v 0.636983 0.259026 -4.453688
v 0.917494 0.259026 -4.453688
v 1.198005 0.259026 -4.453688
v 1.478516 0.259026 -4.453688
v 1.759027 0.259026 -4.453688
v 2.039539 0.259026 -4.453688
v 2.320050 0.259026 -4.453688
v 2.600561 0.259026 -4.453688
v 0.353541 0.259026 -4.442750
v 0.634052 0.259026 -4.442750
v 0.914563 0.259026 -4.442750
v 1.195075 0.259026 -4.442750
v 1.475586 0.259026 -4.442750
v 1.756097 0.259026 -4.442750
v 2.036608 0.259026 -4.442750
v 2.317119 0.259026 -4.442750
v 2.597630 0.259026 -4.442750
v 0.345535 0.259026 -4.434743
v 0.626045 0.259026 -4.434743
v 0.906557 0.259026 -4.434743
v 1.187068 0.259026 -4.434743
v 1.467579 0.259026 -4.434743
v 1.748090 0.259026 -4.434743
v 2.028601 0.259026 -4.434743
v 2.309112 0.259026 -4.434743
v 2.589623 0.259026 -4.434743
v 0.334597 0.259026 -4.431813
v 0.615108 0.259026 -4.431813
v 0.895619 0.259026 -4.431813
v 1.176130 0.259026 -4.431813
v 1.456641 0.259026 -4.431813
v 1.737153 0.259026 -4.431813
v 2.017664 0.259026 -4.431813
v 2.298175 0.259026 -4.431813
v 2.578686 0.259026 -4.431813
v 0.323660 0.259026 -4.434743
v 0.604171 0.259026 -4.434743
v 0.884682 0.259026 -4.434743
v 1.165193 0.259026 -4.434743
v 1.445704 0.259026 -4.434743
v 1.726215 0.259026 -4.434743
v 2.006726 0.259026 -4.434743
v 2.287237 0.259026 -4.434743
v 2.567749 0.259026 -4.434743
v 0.315653 0.259026 -4.442750
v 0.596164 0.259026 -4.442750
v 0.876675 0.259026 -4.442750
v 1.157186 0.259026 -4.442750
v 1.437697 0.259026 -4.442750
v 1.718208 0.259026 -4.442750
v 1.998719 0.259026 -4.442750
v 2.279231 0.259026 -4.442750
v 2.559742 0.259026 -4.442750
v 0.312722 0.259026 -4.453688
v 0.593233 0.259026 -4.453688
v 0.873744 0.259026 -4.453688
v 1.154256 0.259026 -4.453688
v 1.434766 0.259026 -4.453688
v 1.715278 0.259026 -4.453688
v 1.995789 0.259026 -4.453688
v 2.276300 0.259026 -4.453688
v 2.556811 0.259026 -4.453688
v 0.315653 0.259026 -4.464625
v 0.596164 0.259026 -4.464625
v 0.876675 0.259026 -4.464625
v 1.157186 0.259026 -4.464625
v 1.437697 0.259026 -4.464625
v 1.718208 0.259026 -4.464625
v 1.998719 0.259026 -4.464625
v 2.279231 0.259026 -4.464625
v 2.559742 0.259026 -4.464625
v 0.323660 0.259026 -4.472632
v 0.604171 0.259026 -4.472632
v 0.884682 0.259026 -4.472632
v 1.165193 0.259026 -4.472632
v 1.445704 0.259026 -4.472632
v 1.726215 0.259026 -4.472632
v 2.006726 0.259026 -4.472632
v 2.287237 0.259026 -4.472632
v 2.567749 0.259026 -4.472632
v 0.334597 -0.020679 -4.453688
v 0.615108 -0.020679 -4.453688
v 0.895619 -0.020679 -4.453688
v 1.176130 -0.020679 -4.453688
v 1.456641 -0.020679 -4.453688
v 1.737153 -0.020679 -4.453688
v 2.017664 -0.020679 -4.453688
v 2.298175 -0.020679 -4.453688
v 2.578686 -0.020679 -4.453688
v 0.334597 0.259026 -4.453688
v 0.615108 0.259026 -4.453688
v 0.895619 0.259026 -4.453688
v 1.176130 0.259026 -4.453688
v 1.456641 0.259026 -4.453688
v 1.737153 0.259026 -4.453688
v 2.017664 0.259026 -4.453688
v 2.298175 0.259026 -4.453688
v 2.578686 0.259026 -4.453688
v 0.593233 0.227770 -4.453688
v 0.873744 0.227770 -4.453688
v 1.154256 0.227770 -4.453688
v 1.434766 0.227770 -4.453688
v 1.715278 0.227770 -4.453688
v 1.995789 0.227770 -4.453688
v 2.276300 0.227770 -4.453688
v 2.556811 0.227770 -4.453688
v 0.340004 0.227770 -4.453688
v 0.620515 0.227770 -4.453688
v 0.901026 0.227770 -4.453688
v 1.181537 0.227770 -4.453688
v 1.462048 0.227770 -4.453688
v 1.742559 0.227770 -4.453688
v 2.023070 0.227770 -4.453688
v 2.303581 0.227770 -4.453688
v 2.584093 0.227770 -4.453688
v 0.593233 0.237303 -4.447693
v 0.873744 0.237303 -4.447693
v 1.154256 0.237303 -4.447693
v 1.434766 0.237303 -4.447693
v 1.715278 0.237303 -4.447693
v 1.995789 0.237303 -4.447693
v 2.276300 0.237303 -4.447693
v 2.556811 0.237303 -4.447693
v 0.593233 0.233274 -4.443305
v 0.873744 0.233274 -4.443305
v 1.154256 0.233274 -4.443305
v 1.434766 0.233274 -4.443305
v 1.715278 0.233274 -4.443305
v 1.995789 0.233274 -4.443305
v 2.276300 0.233274 -4.443305
v 2.556811 0.233274 -4.443305
v 0.593233 0.227770 -4.441699
v 0.873744 0.227770 -4.441699
v 1.154256 0.227770 -4.441699
v 1.434766 0.227770 -4.441699
v 1.715278 0.227770 -4.441699
v 1.995789 0.227770 -4.441699
v 2.276300 0.227770 -4.441699
v 2.556811 0.227770 -4.441699
v 0.593233 0.222265 -4.443305
v 0.873744 0.222265 -4.443305
v 1.154256 0.222265 -4.443305
v 1.434766 0.222265 -4.443305
v 1.715278 0.222265 -4.443305
v 1.995789 0.222265 -4.443305
v 2.276300 0.222265 -4.443305
v 2.556811 0.222265 -4.443305
v 0.593233 0.218236 -4.447693
v 0.873744 0.218236 -4.447693
v 1.154256 0.218236 -4.447693
v 1.434766 0.218236 -4.447693
v 1.715278 0.218236 -4.447693
v 1.995789 0.218236 -4.447693
v 2.276300 0.218236 -4.447693
v 2.556811 0.218236 -4.447693
v 0.593233 0.216761 -4.453688
v 0.873744 0.216761 -4.453688
v 1.154256 0.216761 -4.453688
v 1.434766 0.216761 -4.453688
v 1.715278 0.216761 -4.453688
v 1.995789 0.216761 -4.453688
v 2.276300 0.216761 -4.453688
v 2.556811 0.216761 -4.453688
v 0.593233 0.218236 -4.459682
v 0.873744 0.218236 -4.459682
v 1.154256 0.218236 -4.459682
v 1.434766 0.218236 -4.459682
v 1.715278 0.218236 -4.459682
v 1.995789 0.218236 -4.459682
v 2.276300 0.218236 -4.459682
v 2.556811 0.218236 -4.459682
v 0.593233 0.222265 -4.464071
v 0.873744 0.222265 -4.464071
v 1.154256 0.222265 -4.464071
v 1.434766 0.222265 -4.464071
v 1.715278 0.222265 -4.464071
v 1.995789 0.222265 -4.464071
v 2.276300 0.222265 -4.464071
v 2.556811 0.222265 -4.464071
v 0.593233 0.227770 -4.465677
v 0.873744 0.227770 -4.465677
v 1.154256 0.227770 -4.465677
v 1.434766 0.227770 -4.465677
v 1.715278 0.227770 -4.465677
v 1.995789 0.227770 -4.465677
v 2.276300 0.227770 -4.465677
v 2.556811 0.227770 -4.465677
v 0.593233 0.233274 -4.464071
v 0.873744 0.233274 -4.464071
v 1.154256 0.233274 -4.464071
v 1.434766 0.233274 -4.464071
v 1.715278 0.233274 -4.464071
v 1.995789 0.233274 -4.464071
v 2.276300 0.233274 -4.464071
v 2.556811 0.233274 -4.464071
v 0.593233 0.237303 -4.459682
v 0.873744 0.237303 -4.459682
v 1.154256 0.237303 -4.459682
v 1.434766 0.237303 -4.459682
v 1.715278 0.237303 -4.459682
v 1.995789 0.237303 -4.459682
v 2.276300 0.237303 -4.459682
v 2.556811 0.237303 -4.459682
v 0.593233 0.238778 -4.453688
v 0.873744 0.238778 -4.453688
v 1.154256 0.238778 -4.453688
v 1.434766 0.238778 -4.453688
v 1.715278 0.238778 -4.453688
v 1.995789 0.238778 -4.453688
v 2.276300 0.238778 -4.453688
v 2.556811 0.238778 -4.453688
v 0.340004 0.237303 -4.447693
v 0.620515 0.237303 -4.447693
v 0.901026 0.237303 -4.447693
v 1.181537 0.237303 -4.447693
v 1.462048 0.237303 -4.447693
v 1.742559 0.237303 -4.447693
v 2.023070 0.237303 -4.447693
v 2.303581 0.237303 -4.447693
v 2.584093 0.237303 -4.447693
v 0.340004 0.233274 -4.443305
v 0.620515 0.233274 -4.443305
v 0.901026 0.233274 -4.443305
v 1.181537 0.233274 -4.443305
v 1.462048 0.233274 -4.443305
v 1.742559 0.233274 -4.443305
v 2.023070 0.233274 -4.443305
v 2.303581 0.233274 -4.443305
v 2.584093 0.233274 -4.443305
v 0.340004 0.227770 -4.441699
v 0.620515 0.227770 -4.441699
v 0.901026 0.227770 -4.441699
v 1.181537 0.227770 -4.441699
v 1.462048 0.227770 -4.441699
v 1.742559 0.227770 -4.441699
v 2.023070 0.227770 -4.441699
v 2.303581 0.227770 -4.441699
v 2.584093 0.227770 -4.441699
v 0.340004 0.222265 -4.443305
v 0.620515 0.222265 -4.443305
v 0.901026 0.222265 -4.443305
v 1.181537 0.222265 -4.443305
v 1.462048 0.222265 -4.443305
v 1.742559 0.222265 -4.443305
v 2.023070 0.222265 -4.443305
v 2.303581 0.222265 -4.443305
v 2.584093 0.222265 -4.443305
v 0.340004 0.218236 -4.447693
v 0.620515 0.218236 -4.447693
v 0.901026 0.218236 -4.447693
v 1.181537 0.218236 -4.447693
v 1.462048 0.218236 -4.447693
v 1.742559 0.218236 -4.447693
v 2.023070 0.218236 -4.447693
v 2.303581 0.218236 -4.447693
v 2.584093 0.218236 -4.447693
v 0.340004 0.216761 -4.453688
v 0.620515 0.216761 -4.453688
v 0.901026 0.216761 -4.453688
v 1.181537 0.216761 -4.453688
v 1.462048 0.216761 -4.453688
v 1.742559 0.216761 -4.453688
v 2.023070 0.216761 -4.453688
v 2.303581 0.216761 -4.453688
v 2.584093 0.216761 -4.453688
v 0.340004 0.218236 -4.459682
v 0.620515 0.218236 -4.459682
v 0.901026 0.218236 -4.459682
v 1.181537 0.218236 -4.459682
v 1.462048 0.218236 -4.459682
v 1.742559 0.218236 -4.459682
v 2.023070 0.218236 -4.459682
v 2.303581 0.218236 -4.459682
v 2.584093 0.218236 -4.459682
v 0.340004 0.222265 -4.464071
v 0.620515 0.222265 -4.464071
v 0.901026 0.222265 -4.464071
v 1.181537 0.222265 -4.464071
v 1.462048 0.222265 -4.464071
v 1.742559 0.222265 -4.464071
v 2.023070 0.222265 -4.464071
v 2.303581 0.222265 -4.464071
v 2.584093 0.222265 -4.464071
v 0.340004 0.227770 -4.465677
v 0.620515 0.227770 -4.465677
v 0.901026 0.227770 -4.465677
v 1.181537 0.227770 -4.465677
v 1.462048 0.227770 -4.465677
v 1.742559 0.227770 -4.465677
v 2.023070 0.227770 -4.465677
v 2.303581 0.227770 -4.465677
v 2.584093 0.227770 -4.465677
v 0.340004 0.233274 -4.464071
v 0.620515 0.233274 -4.464071
v 0.901026 0.233274 -4.464071
v 1.181537 0.233274 -4.464071
v 1.462048 0.233274 -4.464071
v 1.742559 0.233274 -4.464071
v 2.023070 0.233274 -4.464071
v 2.303581 0.233274 -4.464071
v 2.584093 0.233274 -4.464071
v 0.340004 0.237303 -4.459682
v 0.620515 0.237303 -4.459682
v 0.901026 0.237303 -4.459682
v 1.181537 0.237303 -4.459682
v 1.462048 0.237303 -4.459682
v 1.742559 0.237303 -4.459682
v 2.023070 0.237303 -4.459682
v 2.303581 0.237303 -4.459682
v 2.584093 0.237303 -4.459682
v 0.340004 0.238778 -4.453688
v 0.620515 0.238778 -4.453688
v 0.901026 0.238778 -4.453688
v 1.181537 0.238778 -4.453688
v 1.462048 0.238778 -4.453688
v 1.742559 0.238778 -4.453688
v 2.023070 0.238778 -4.453688
v 2.303581 0.238778 -4.453688
v 2.584093 0.238778 -4.453688
v 2.563712 -0.020679 -2.212480
v 2.563712 -0.020679 -2.492991
v 2.563712 -0.020679 -2.773502
v 2.563712 -0.020679 -3.054013
v 2.563712 -0.020679 -3.334524
v 2.563712 -0.020679 -3.615036
v 2.563712 -0.020679 -3.895546
v 2.563712 -0.020679 -4.176058
v 2.563712 -0.020679 -4.456569
v 2.566643 -0.020679 -2.223417
v 2.566643 -0.020679 -2.503928
v 2.566643 -0.020679 -2.784440
v 2.566643 -0.020679 -3.064950
v 2.566643 -0.020679 -3.345462
v 2.566643 -0.020679 -3.625973
v 2.566643 -0.020679 -3.906484
v 2.566643 -0.020679 -4.186996
v 2.566643 -0.020679 -4.467506
v 2.574650 -0.020679 -2.231424
v 2.574650 -0.020679 -2.511935
v 2.574650 -0.020679 -2.792446
v 2.574650 -0.020679 -3.072958
v 2.574650 -0.020679 -3.353468
v 2.574650 -0.020679 -3.633980
v 2.574650 -0.020679 -3.914491
v 2.574650 -0.020679 -4.195002
v 2.574650 -0.020679 -4.475513
v 2.585587 -0.020679 -2.234355
v 2.585587 -0.020679 -2.514866
v 2.585587 -0.020679 -2.795377
v 2.585587 -0.020679 -3.075888
v 2.585587 -0.020679 -3.356399
v 2.585587 -0.020679 -3.636910
v 2.585587 -0.020679 -3.917421
v 2.585587 -0.020679 -4.197933
v 2.585587 -0.020679 -4.478444
v 2.596524 -0.020679 -2.231424
v 2.596524 -0.020679 -2.511935
v 2.596524 -0.020679 -2.792446
v 2.596524 -0.020679 -3.072958
v 2.596524 -0.020679 -3.353468
v 2.596524 -0.020679 -3.633980
v 2.596524 -0.020679 -3.914491
v 2.596524 -0.020679 -4.195002
v 2.596524 -0.020679 -4.475513
v 2.604531 -0.020679 -2.223417
v 2.604531 -0.020679 -2.503928
v 2.604531 -0.020679 -2.784440
v 2.604531 -0.020679 -3.064950
v 2.604531 -0.020679 -3.345462
v 2.604531 -0.020679 -3.625973
v 2.604531 -0.020679 -3.906484
v 2.604531 -0.020679 -4.186996
v 2.604531 -0.020679 -4.467506
v 2.607462 -0.020679 -2.212480
v 2.607462 -0.020679 -2.492991
v 2.607462 -0.020679 -2.773502
v 2.607462 -0.020679 -3.054013
v 2.607462 -0.020679 -3.334524
v 2.607462 -0.020679 -3.615036
v 2.607462 -0.020679 -3.895546
v 2.607462 -0.020679 -4.176058
v 2.607462 -0.020679 -4.456569
v 2.604531 -0.020679 -2.201542
v 2.604531 -0.020679 -2.482054
v 2.604531 -0.020679 -2.762565
v 2.604531 -0.020679 -3.043076
v 2.604531 -0.020679 -3.323587
v 2.604531 -0.020679 -3.604098
v 2.604531 -0.020679 -3.884609
v 2.604531 -0.020679 -4.165120
v 2.604531 -0.020679 -4.445631
v 2.596524 -0.020679 -2.193536
v 2.596524 -0.020679 -2.474047
v 2.596524 -0.020679 -2.754558
v 2.596524 -0.020679 -3.035069
v 2.596524 -0.020679 -3.315580
v 2.596524 -0.020679 -3.596091
v 2.596524 -0.020679 -3.876602
v 2.596524 -0.020679 -4.157113
v 2.596524 -0.020679 -4.437624
v 2.585587 -0.020679 -2.190605
v 2.585587 -0.020679 -2.471116
v 2.585587 -0.020679 -2.751627
v 2.585587 -0.020679 -3.032138
v 2.585587 -0.020679 -3.312649
v 2.585587 -0.020679 -3.593160
v 2.585587 -0.020679 -3.873672
v 2.585587 -0.020679 -4.154182
v 2.585587 -0.020679 -4.434694
v 2.574650 -0.020679 -2.193536
v 2.574650 -0.020679 -2.474047
v 2.574650 -0.020679 -2.754558
v 2.574650 -0.020679 -3.035069
v 2.574650 -0.020679 -3.315580
v 2.574650 -0.020679 -3.596091
v 2.574650 -0.020679 -3.876602
v 2.574650 -0.020679 -4.157113
v 2.574650 -0.020679 -4.437624
v 2.566643 -0.020679 -2.201542
v 2.566643 -0.020679 -2.482054
v 2.566643 -0.020679 -2.762565
v 2.566643 -0.020679 -3.043076
v 2.566643 -0.020679 -3.323587
v 2.566643 -0.020679 -3.604098
v 2.566643 -0.020679 -3.884609
v 2.566643 -0.020679 -4.165120
v 2.566643 -0.020679 -4.445631
v 2.563712 0.259026 -2.212480
v 2.563712 0.259026 -2.492991
v 2.563712 0.259026 -2.773502
v 2.563712 0.259026 -3.054013
v 2.563712 0.259026 -3.334524
v 2.563712 0.259026 -3.615036
v 2.563712 0.259026 -3.895546
v 2.563712 0.259026 -4.176058
v 2.563712 0.259026 -4.456569
v 2.566643 0.259026 -2.223417
v 2.566643 0.259026 -2.503928
v 2.566643 0.259026 -2.784440
v 2.566643 0.259026 -3.064950
v 2.566643 0.259026 -3.345462
v 2.566643 0.259026 -3.625973
v 2.566643 0.259026 -3.906484
v 2.566643 0.259026 -4.186996
v 2.566643 0.259026 -4.467506
v 2.574650 0.259026 -2.231424
v 2.574650 0.259026 -2.511935
v 2.574650 0.259026 -2.792446
v 2.574650 0.259026 -3.072958
v 2.574650 0.259026 -3.353468
v 2.574650 0.259026 -3.633980
v 2.574650 0.259026 -3.914491
v 2.574650 0.259026 -4.195002
v 2.574649 0.259026 -4.475513
v 2.585587 0.259026 -2.234355
v 2.585587 0.259026 -2.514866
v 2.585587 0.259026 -2.795377
v 2.585587 0.259026 -3.075888
v 2.585587 0.259026 -3.356399
v 2.585587 0.259026 -3.636910
v 2.585587 0.259026 -3.917421
v 2.585587 0.259026 -4.197933
v 2.585587 0.259026 -4.478444
v 2.596524 0.259026 -2.231424
v 2.596524 0.259026 -2.511935
v 2.596524 0.259026 -2.792446
v 2.596524 0.259026 -3.072958
v 2.596524 0.259026 -3.353468
v 2.596524 0.259026 -3.633980
v 2.596524 0.259026 -3.914491
v 2.596524 0.259026 -4.195002
v 2.596524 0.259026 -4.475513
v 2.604531 0.259026 -2.223417
v 2.604531 0.259026 -2.503928
v 2.604531 0.259026 -2.784440
v 2.604531 0.259026 -3.064950
v 2.604531 0.259026 -3.345462
v 2.604531 0.259026 -3.625973
v 2.604531 0.259026 -3.906484
v 2.604531 0.259026 -4.186996
v 2.604531 0.259026 -4.467506
v 2.607462 0.259026 -2.212480
v 2.607462 0.259026 -2.492991
v 2.607462 0.259026 -2.773502
v 2.607462 0.259026 -3.054013
v 2.607462 0.259026 -3.334524
v 2.607462 0.259026 -3.615036
v 2.607462 0.259026 -3.895546
v 2.607462 0.259026 -4.176058
v 2.607462 0.259026 -4.456569
v 2.604531 0.259026 -2.201542
v 2.604531 0.259026 -2.482054
v 2.604531 0.259026 -2.762565
v 2.604531 0.259026 -3.043076
v 2.604531 0.259026 -3.323587
v 2.604531 0.259026 -3.604098
v 2.604531 0.259026 -3.884609
v 2.604531 0.259026 -4.165120
v 2.604531 0.259026 -4.445631
v 2.596524 0.259026 -2.193536
v 2.596524 0.259026 -2.474047
v 2.596524 0.259026 -2.754558
v 2.596524 0.259026 -3.035069
v 2.596524 0.259026 -3.315580
v 2.596524 0.259026 -3.596091
v 2.596524 0.259026 -3.876602
v 2.596524 0.259026 -4.157113
v 2.596524 0.259026 -4.437624
v 2.585587 0.259026 -2.190605
v 2.585587 0.259026 -2.471116
v 2.585587 0.259026 -2.751627
v 2.585587 0.259026 -3.032138
v 2.585587 0.259026 -3.312649
v 2.585587 0.259026 -3.593160
v 2.585587 0.259026 -3.873672
v 2.585587 0.259026 -4.154182
v 2.585587 0.259026 -4.434694
v 2.574650 0.259026 -2.193536
v 2.574650 0.259026 -2.474047
v 2.574650 0.259026 -2.754558
v 2.574650 0.259026 -3.035069
v 2.574650 0.259026 -3.315580
v 2.574650 0.259026 -3.596091
v 2.574650 0.259026 -3.876602
v 2.574650 0.259026 -4.157113
v 2.574650 0.259026 -4.437624
v 2.566643 0.259026 -2.201542
v 2.566643 0.259026 -2.482053
v 2.566643 0.259026 -2.762565
v 2.566643 0.259026 -3.043076
v 2.566643 0.259026 -3.323587
v 2.566643 0.259026 -3.604098
v 2.566643 0.259026 -3.884609
v 2.566643 0.259026 -4.165120
v 2.566643 0.259026 -4.445631
v 2.585587 -0.020679 -2.212480
v 2.585587 -0.020679 -2.492991
v 2.585587 -0.020679 -2.773502
v 2.585587 -0.020679 -3.054013
v 2.585587 -0.020679 -3.334524
v 2.585587 -0.020679 -3.615036
v 2.585587 -0.020679 -3.895546
v 2.585587 -0.020679 -4.176058
v 2.585587 -0.020679 -4.456569
v 2.585587 0.259026 -2.212480
v 2.585587 0.259026 -2.492991
v 2.585587 0.259026 -2.773502
v 2.585587 0.259026 -3.054013
v 2.585587 0.259026 -3.334524
v 2.585587 0.259026 -3.615036
v 2.585587 0.259026 -3.895546
v 2.585587 0.259026 -4.176058
v 2.585587 0.259026 -4.456569
v 2.585587 0.227770 -2.471116
v 2.585587 0.227770 -2.751627
v 2.585587 0.227770 -3.032138
v 2.585587 0.227770 -3.312649
v 2.585587 0.227770 -3.593160
v 2.585587 0.227770 -3.873672
v 2.585587 0.227770 -4.154182
v 2.585587 0.227770 -4.434694
v 2.585587 0.227770 -2.217886
v 2.585587 0.227770 -2.498398
v 2.585587 0.227770 -2.778909
v 2.585587 0.227770 -3.059420
v 2.585587 0.227770 -3.339931
v 2.585587 0.227770 -3.620442
v 2.585587 0.227770 -3.900953
v 2.585587 0.227770 -4.181464
v 2.585587 0.227770 -4.461975
v 2.591582 0.237303 -2.471116
v 2.591582 0.237303 -2.751627
v 2.591582 0.237303 -3.032138
v 2.591582 0.237303 -3.312649
v 2.591582 0.237303 -3.593160
v 2.591582 0.237303 -3.873672
v 2.591582 0.237303 -4.154182
v 2.591582 0.237303 -4.434694
v 2.595970 0.233274 -2.471116
v 2.595970 0.233274 -2.751627
v 2.595970 0.233274 -3.032138
v 2.595970 0.233274 -3.312649
v 2.595970 0.233274 -3.593160
v 2.595970 0.233274 -3.873672
v 2.595970 0.233274 -4.154182
v 2.595970 0.233274 -4.434694
v 2.597576 0.227770 -2.471116
v 2.597576 0.227770 -2.751627
v 2.597576 0.227770 -3.032138
v 2.597576 0.227770 -3.312649
v 2.597576 0.227770 -3.593160
v 2.597576 0.227770 -3.873672
v 2.597576 0.227770 -4.154182
v 2.597576 0.227770 -4.434694
v 2.595970 0.222265 -2.471116
v 2.595970 0.222265 -2.751627
v 2.595970 0.222265 -3.032138
v 2.595970 0.222265 -3.312649
v 2.595970 0.222265 -3.593160
v 2.595970 0.222265 -3.873672
v 2.595970 0.222265 -4.154182
v 2.595970 0.222265 -4.434694
v 2.591582 0.218236 -2.471116
v 2.591582 0.218236 -2.751627
v 2.591582 0.218236 -3.032138
v 2.591582 0.218236 -3.312649
v 2.591582 0.218236 -3.593160
v 2.591582 0.218236 -3.873672
v 2.591582 0.218236 -4.154182
v 2.591582 0.218236 -4.434694
v 2.585587 0.216761 -2.471116
v 2.585587 0.216761 -2.751627
v 2.585587 0.216761 -3.032138
v 2.585587 0.216761 -3.312649
v 2.585587 0.216761 -3.593160
v 2.585587 0.216761 -3.873672
v 2.585587 0.216761 -4.154182
v 2.585587 0.216761 -4.434694
v 2.579592 0.218236 -2.471116
v 2.579592 0.218236 -2.751627
v 2.579592 0.218236 -3.032138
v 2.579592 0.218236 -3.312649
v 2.579592 0.218236 -3.593160
v 2.579592 0.218236 -3.873672
v 2.579592 0.218236 -4.154182
v 2.579592 0.218236 -4.434694
v 2.575204 0.222265 -2.471116
v 2.575204 0.222265 -2.751627
v 2.575204 0.222265 -3.032138
v 2.575204 0.222265 -3.312649
v 2.575204 0.222265 -3.593160
v 2.575204 0.222265 -3.873672
v 2.575204 0.222265 -4.154182
v 2.575204 0.222265 -4.434694
v 2.573598 0.227770 -2.471116
v 2.573598 0.227770 -2.751627
v 2.573598 0.227770 -3.032138
v 2.573598 0.227770 -3.312649
v 2.573598 0.227770 -3.593160
v 2.573598 0.227770 -3.873672
v 2.573598 0.227770 -4.154182
v 2.573598 0.227770 -4.434694
v 2.575204 0.233274 -2.471116
v 2.575204 0.233274 -2.751627
v 2.575204 0.233274 -3.032138
v 2.575204 0.233274 -3.312649
v 2.575204 0.233274 -3.593160
v 2.575204 0.233274 -3.873672
v 2.575204 0.233274 -4.154182
v 2.575204 0.233274 -4.434694
v 2.579592 0.237303 -2.471116
v 2.579592 0.237303 -2.751627
v 2.579592 0.237303 -3.032138
v 2.579592 0.237303 -3.312649
v 2.579592 0.237303 -3.593160
v 2.579592 0.237303 -3.873672
v 2.579592 0.237303 -4.154182
v 2.579592 0.237303 -4.434694
v 2.585587 0.238778 -2.471116
v 2.585587 0.238778 -2.751627
v 2.585587 0.238778 -3.032138
v 2.585587 0.238778 -3.312649
v 2.585587 0.238778 -3.593160
v 2.585587 0.238778 -3.873672
v 2.585587 0.238778 -4.154182
v 2.585587 0.238778 -4.434694
v 2.591582 0.237303 -2.217886
v 2.591582 0.237303 -2.498398
v 2.591582 0.237303 -2.778909
v 2.591582 0.237303 -3.059420
v 2.591582 0.237303 -3.339931
v 2.591582 0.237303 -3.620442
v 2.591582 0.237303 -3.900953
v 2.591582 0.237303 -4.181464
v 2.591582 0.237303 -4.461975
v 2.595970 0.233274 -2.217886
v 2.595970 0.233274 -2.498398
v 2.595970 0.233274 -2.778908
v 2.595970 0.233274 -3.059420
v 2.595970 0.233274 -3.339931
v 2.595970 0.233274 -3.620442
v 2.595970 0.233274 -3.900953
v 2.595970 0.233274 -4.181464
v 2.595970 0.233274 -4.461975
v 2.597576 0.227770 -2.217886
v 2.597576 0.227770 -2.498398
v 2.597576 0.227770 -2.778909
v 2.597576 0.227770 -3.059420
v 2.597576 0.227770 -3.339931
v 2.597576 0.227770 -3.620442
v 2.597576 0.227770 -3.900953
v 2.597576 0.227770 -4.181464
v 2.597576 0.227770 -4.461975
v 2.595970 0.222265 -2.217886
v 2.595970 0.222265 -2.498398
v 2.595970 0.222265 -2.778909
v 2.595970 0.222265 -3.059420
v 2.595970 0.222265 -3.339931
v 2.595970 0.222265 -3.620442
v 2.595970 0.222265 -3.900953
v 2.595970 0.222265 -4.181464
v 2.595970 0.222265 -4.461975
v 2.591582 0.218236 -2.217886
v 2.591582 0.218236 -2.498398
v 2.591582 0.218236 -2.778908
v 2.591582 0.218236 -3.059420
v 2.591582 0.218236 -3.339931
v 2.591582 0.218236 -3.620442
v 2.591582 0.218236 -3.900953
v 2.591582 0.218236 -4.181464
v 2.591582 0.218236 -4.461975
v 2.585587 0.216761 -2.217886
v 2.585587 0.216761 -2.498398
v 2.585587 0.216761 -2.778909
v 2.585587 0.216761 -3.059420
v 2.585587 0.216761 -3.339931
v 2.585587 0.216761 -3.620442
v 2.585587 0.216761 -3.900953
v 2.585587 0.216761 -4.181464
v 2.585587 0.216761 -4.461975
v 2.579592 0.218236 -2.217886
v 2.579592 0.218236 -2.498398
v 2.579592 0.218236 -2.778909
v 2.579592 0.218236 -3.059420
v 2.579592 0.218236 -3.339931
v 2.579592 0.218236 -3.620442
v 2.579592 0.218236 -3.900953
v 2.579592 0.218236 -4.181464
v 2.579592 0.218236 -4.461975
v 2.575204 0.222265 -2.217886
v 2.575204 0.222265 -2.498398
v 2.575204 0.222265 -2.778909
v 2.575204 0.222265 -3.059420
v 2.575204 0.222265 -3.339931
v 2.575204 0.222265 -3.620442
v 2.575204 0.222265 -3.900953
v 2.575204 0.222265 -4.181464
v 2.575204 0.222265 -4.461975
v 2.573598 0.227770 -2.217886
v 2.573598 0.227770 -2.498398
v 2.573598 0.227770 -2.778909
v 2.573598 0.227770 -3.059420
v 2.573598 0.227770 -3.339931
v 2.573598 0.227770 -3.620442
v 2.573598 0.227770 -3.900953
v 2.573598 0.227770 -4.181464
v 2.573598 0.227770 -4.461975
v 2.575204 0.233274 -2.217886
v 2.575204 0.233274 -2.498398
v 2.575204 0.233274 -2.778909
v 2.575204 0.233274 -3.059420
v 2.575204 0.233274 -3.339931
v 2.575204 0.233274 -3.620442
v 2.575204 0.233274 -3.900953
v 2.575204 0.233274 -4.181464
v 2.575204 0.233274 -4.461975
v 2.579592 0.237303 -2.217886
v 2.579592 0.237303 -2.498398
v 2.579592 0.237303 -2.778909
v 2.579592 0.237303 -3.059420
v 2.579592 0.237303 -3.339931
v 2.579592 0.237303 -3.620442
v 2.579592 0.237303 -3.900953
v 2.579592 0.237303 -4.181464
v 2.579592 0.237303 -4.461975
v 2.585587 0.238778 -2.217886
v 2.585587 0.238778 -2.498398
v 2.585587 0.238778 -2.778909
v 2.585587 0.238778 -3.059420
v 2.585587 0.238778 -3.339931
v 2.585587 0.238778 -3.620442
v 2.585587 0.238778 -3.900953
v 2.585587 0.238778 -4.181464
v 2.585587 0.238778 -4.461975
v 0.307659 -0.020679 -2.212480
v 0.307659 -0.020679 -2.492991
v 0.307659 -0.020679 -2.773502
v 0.307659 -0.020679 -3.054013
v 0.307659 -0.020679 -3.334524
v 0.307659 -0.020679 -3.615035
v 0.307659 -0.020679 -3.895546
v 0.307659 -0.020679 -4.176058
v 0.307659 -0.020679 -4.456569
v 0.310590 -0.020679 -2.223417
v 0.310590 -0.020679 -2.503928
v 0.310590 -0.020679 -2.784439
v 0.310590 -0.020679 -3.064950
v 0.310590 -0.020679 -3.345462
v 0.310590 -0.020679 -3.625973
v 0.310590 -0.020679 -3.906484
v 0.310590 -0.020679 -4.186996
v 0.310590 -0.020679 -4.467506
v 0.318596 -0.020679 -2.231424
v 0.318596 -0.020679 -2.511935
v 0.318596 -0.020679 -2.792446
v 0.318596 -0.020679 -3.072957
v 0.318596 -0.020679 -3.353468
v 0.318596 -0.020679 -3.633980
v 0.318596 -0.020679 -3.914491
v 0.318596 -0.020679 -4.195002
v 0.318596 -0.020679 -4.475513
v 0.329534 -0.020679 -2.234354
v 0.329534 -0.020679 -2.514866
v 0.329534 -0.020679 -2.795377
v 0.329534 -0.020679 -3.075888
v 0.329534 -0.020679 -3.356399
v 0.329534 -0.020679 -3.636910
v 0.329534 -0.020679 -3.917421
v 0.329534 -0.020679 -4.197933
v 0.329534 -0.020679 -4.478444
v 0.340471 -0.020679 -2.231424
v 0.340471 -0.020679 -2.511935
v 0.340471 -0.020679 -2.792446
v 0.340471 -0.020679 -3.072957
v 0.340471 -0.020679 -3.353468
v 0.340471 -0.020679 -3.633980
v 0.340471 -0.020679 -3.914491
v 0.340471 -0.020679 -4.195002
v 0.340471 -0.020679 -4.475513
v 0.348478 -0.020679 -2.223417
v 0.348478 -0.020679 -2.503928
v 0.348478 -0.020679 -2.784439
v 0.348478 -0.020679 -3.064950
v 0.348478 -0.020679 -3.345462
v 0.348478 -0.020679 -3.625973
v 0.348478 -0.020679 -3.906484
v 0.348478 -0.020679 -4.186996
v 0.348478 -0.020679 -4.467506
v 0.351409 -0.020679 -2.212480
v 0.351409 -0.020679 -2.492991
v 0.351409 -0.020679 -2.773502
v 0.351409 -0.020679 -3.054013
v 0.351409 -0.020679 -3.334524
v 0.351409 -0.020679 -3.615035
v 0.351409 -0.020679 -3.895546
v 0.351409 -0.020679 -4.176058
v 0.351409 -0.020679 -4.456569
v 0.348478 -0.020679 -2.201542
v 0.348478 -0.020679 -2.482053
v 0.348478 -0.020679 -2.762564
v 0.348478 -0.020679 -3.043076
v 0.348478 -0.020679 -3.323586
v 0.348478 -0.020679 -3.604098
v 0.348478 -0.020679 -3.884609
v 0.348478 -0.020679 -4.165120
v 0.348478 -0.020679 -4.445631
v 0.340471 -0.020679 -2.193536
v 0.340471 -0.020679 -2.474047
v 0.340471 -0.020679 -2.754558
v 0.340471 -0.020679 -3.035069
v 0.340471 -0.020679 -3.315580
v 0.340471 -0.020679 -3.596091
v 0.340471 -0.020679 -3.876602
v 0.340471 -0.020679 -4.157113
v 0.340471 -0.020679 -4.437624
v 0.329534 -0.020679 -2.190605
v 0.329534 -0.020679 -2.471116
v 0.329534 -0.020679 -2.751627
v 0.329534 -0.020679 -3.032138
v 0.329534 -0.020679 -3.312649
v 0.329534 -0.020679 -3.593160
v 0.329534 -0.020679 -3.873672
v 0.329534 -0.020679 -4.154182
v 0.329534 -0.020679 -4.434694
v 0.318596 -0.020679 -2.193535
v 0.318596 -0.020679 -2.474046
v 0.318596 -0.020679 -2.754558
v 0.318596 -0.020679 -3.035069
v 0.318596 -0.020679 -3.315580
v 0.318596 -0.020679 -3.596091
v 0.318596 -0.020679 -3.876602
v 0.318596 -0.020679 -4.157113
v 0.318596 -0.020679 -4.437624
v 0.310590 -0.020679 -2.201542
v 0.310590 -0.020679 -2.482053
v 0.310590 -0.020679 -2.762564
v 0.310590 -0.020679 -3.043076
v 0.310590 -0.020679 -3.323586
v 0.310590 -0.020679 -3.604098
v 0.310590 -0.020679 -3.884609
v 0.310590 -0.020679 -4.165120
v 0.310590 -0.020679 -4.445631
v 0.307659 0.259026 -2.212480
v 0.307659 0.259026 -2.492991
v 0.307659 0.259026 -2.773502
v 0.307659 0.259026 -3.054013
v 0.307659 0.259026 -3.334524
v 0.307659 0.259026 -3.615035
v 0.307659 0.259026 -3.895546
v 0.307659 0.259026 -4.176058
v 0.307659 0.259026 -4.456569
v 0.310590 0.259026 -2.223417
v 0.310590 0.259026 -2.503928
v 0.310590 0.259026 -2.784439
v 0.310590 0.259026 -3.064950
v 0.310590 0.259026 -3.345462
v 0.310590 0.259026 -3.625973
v 0.310590 0.259026 -3.906484
v 0.310590 0.259026 -4.186996
v 0.310590 0.259026 -4.467506
v 0.318596 0.259026 -2.231424
v 0.318596 0.259026 -2.511935
v 0.318596 0.259026 -2.792446
v 0.318596 0.259026 -3.072957
v 0.318596 0.259026 -3.353468
v 0.318596 0.259026 -3.633980
v 0.318596 0.259026 -3.914491
v 0.318596 0.259026 -4.195002
v 0.318596 0.259026 -4.475513
v 0.329534 0.259026 -2.234354
v 0.329534 0.259026 -2.514866
v 0.329534 0.259026 -2.795377
v 0.329534 0.259026 -3.075888
v 0.329534 0.259026 -3.356399
v 0.329534 0.259026 -3.636910
v 0.329534 0.259026 -3.917421
v 0.329534 0.259026 -4.197933
v 0.329534 0.259026 -4.478444
v 0.340471 0.259026 -2.231424
v 0.340471 0.259026 -2.511935
v 0.340471 0.259026 -2.792446
v 0.340471 0.259026 -3.072957
v 0.340471 0.259026 -3.353468
v 0.340471 0.259026 -3.633980
v 0.340471 0.259026 -3.914491
v 0.340471 0.259026 -4.195002
v 0.340471 0.259026 -4.475513
v 0.348478 0.259026 -2.223417
v 0.348478 0.259026 -2.503928
v 0.348478 0.259026 -2.784439
v 0.348478 0.259026 -3.064950
v 0.348478 0.259026 -3.345462
v 0.348478 0.259026 -3.625973
v 0.348478 0.259026 -3.906484
v 0.348478 0.259026 -4.186996
v 0.348478 0.259026 -4.467506
v 0.351409 0.259026 -2.212480
v 0.351409 0.259026 -2.492991
v 0.351409 0.259026 -2.773502
v 0.351409 0.259026 -3.054013
v 0.351409 0.259026 -3.334524
v 0.351409 0.259026 -3.615035
v 0.351409 0.259026 -3.895546
v 0.351409 0.259026 -4.176058
v 0.351409 0.259026 -4.456569
v 0.348478 0.259026 -2.201542
v 0.348478 0.259026 -2.482053
v 0.348478 0.259026 -2.762564
v 0.348478 0.259026 -3.043076
v 0.348478 0.259026 -3.323586
v 0.348478 0.259026 -3.604098
v 0.348478 0.259026 -3.884609
v 0.348478 0.259026 -4.165120
v 0.348478 0.259026 -4.445631
v 0.340471 0.259026 -2.193536
v 0.340471 0.259026 -2.474046
v 0.340471 0.259026 -2.754558
v 0.340471 0.259026 -3.035069
v 0.340471 0.259026 -3.315580
v 0.340471 0.259026 -3.596091
v 0.340471 0.259026 -3.876602
v 0.340471 0.259026 -4.157113
v 0.340471 0.259026 -4.437624
v 0.329534 0.259026 -2.190605
v 0.329534 0.259026 -2.471116
v 0.329534 0.259026 -2.751627
v 0.329534 0.259026 -3.032138
v 0.329534 0.259026 -3.312649
v 0.329534 0.259026 -3.593160
v 0.329534 0.259026 -3.873672
v 0.329534 0.259026 -4.154182
v 0.329534 0.259026 -4.434694
v 0.318596 0.259026 -2.193535
v 0.318596 0.259026 -2.474046
v 0.318596 0.259026 -2.754558
v 0.318596 0.259026 -3.035069
v 0.318596 0.259026 -3.315580
v 0.318596 0.259026 -3.596091
v 0.318596 0.259026 -3.876602
v 0.318596 0.259026 -4.157113
v 0.318596 0.259026 -4.437624
v 0.310590 0.259026 -2.201542
v 0.310590 0.259026 -2.482053
v 0.310590 0.259026 -2.762564
v 0.310590 0.259026 -3.043076
v 0.310590 0.259026 -3.323586
v 0.310590 0.259026 -3.604098
v 0.310590 0.259026 -3.884609
v 0.310590 0.259026 -4.165120
v 0.310590 0.259026 -4.445631
v 0.329534 -0.020679 -2.212480
v 0.329534 -0.020679 -2.492991
v 0.329534 -0.020679 -2.773502
v 0.329534 -0.020679 -3.054013
v 0.329534 -0.020679 -3.334524
v 0.329534 -0.020679 -3.615035
v 0.329534 -0.020679 -3.895546
v 0.329534 -0.020679 -4.176058
v 0.329534 -0.020679 -4.456569
v 0.329534 0.259026 -2.212480
v 0.329534 0.259026 -2.492991
v 0.329534 0.259026 -2.773502
v 0.329534 0.259026 -3.054013
v 0.329534 0.259026 -3.334524
v 0.329534 0.259026 -3.615035
v 0.329534 0.259026 -3.895546
v 0.329534 0.259026 -4.176058
v 0.329534 0.259026 -4.456569
v 0.329534 0.227770 -2.471116
v 0.329534 0.227770 -2.751627
v 0.329534 0.227770 -3.032138
v 0.329534 0.227770 -3.312649
v 0.329534 0.227770 -3.593160
v 0.329534 0.227770 -3.873672
v 0.329534 0.227770 -4.154182
v 0.329534 0.227770 -4.434694
v 0.329534 0.227770 -2.217886
v 0.329534 0.227770 -2.498397
v 0.329534 0.227770 -2.778908
v 0.329534 0.227770 -3.059420
v 0.329534 0.227770 -3.339931
v 0.329534 0.227770 -3.620442
v 0.329534 0.227770 -3.900953
v 0.329534 0.227770 -4.181464
v 0.329534 0.227770 -4.461975
v 0.335528 0.237303 -2.471116
v 0.335528 0.237303 -2.751627
v 0.335528 0.237303 -3.032138
v 0.335528 0.237303 -3.312649
v 0.335528 0.237303 -3.593160
v 0.335528 0.237303 -3.873672
v 0.335528 0.237303 -4.154182
v 0.335528 0.237303 -4.434694
v 0.339917 0.233274 -2.471116
v 0.339917 0.233274 -2.751627
v 0.339917 0.233274 -3.032138
v 0.339917 0.233274 -3.312649
v 0.339917 0.233274 -3.593160
v 0.339917 0.233274 -3.873672
v 0.339917 0.233274 -4.154182
v 0.339917 0.233274 -4.434694
v 0.341523 0.227770 -2.471116
v 0.341523 0.227770 -2.751627
v 0.341523 0.227770 -3.032138
v 0.341523 0.227770 -3.312649
v 0.341523 0.227770 -3.593160
v 0.341523 0.227770 -3.873672
v 0.341523 0.227770 -4.154182
v 0.341523 0.227770 -4.434694
v 0.339917 0.222265 -2.471116
v 0.339917 0.222265 -2.751627
v 0.339917 0.222265 -3.032138
v 0.339917 0.222265 -3.312649
v 0.339917 0.222265 -3.593160
v 0.339917 0.222265 -3.873672
v 0.339917 0.222265 -4.154182
v 0.339917 0.222265 -4.434694
v 0.335528 0.218236 -2.471116
v 0.335528 0.218236 -2.751627
v 0.335528 0.218236 -3.032138
v 0.335528 0.218236 -3.312649
v 0.335528 0.218236 -3.593160
v 0.335528 0.218236 -3.873672
v 0.335528 0.218236 -4.154182
v 0.335528 0.218236 -4.434694
v 0.329534 0.216761 -2.471116
v 0.329534 0.216761 -2.751627
v 0.329534 0.216761 -3.032138
v 0.329534 0.216761 -3.312649
v 0.329534 0.216761 -3.593160
v 0.329534 0.216761 -3.873672
v 0.329534 0.216761 -4.154182
v 0.329534 0.216761 -4.434694
v 0.323539 0.218236 -2.471116
v 0.323539 0.218236 -2.751627
v 0.323539 0.218236 -3.032138
v 0.323539 0.218236 -3.312649
v 0.323539 0.218236 -3.593160
v 0.323539 0.218236 -3.873672
v 0.323539 0.218236 -4.154182
v 0.323539 0.218236 -4.434694
v 0.319151 0.222265 -2.471116
v 0.319151 0.222265 -2.751627
v 0.319151 0.222265 -3.032138
v 0.319151 0.222265 -3.312649
v 0.319151 0.222265 -3.593160
v 0.319151 0.222265 -3.873672
v 0.319151 0.222265 -4.154182
v 0.319151 0.222265 -4.434694
v 0.317544 0.227770 -2.471116
v 0.317544 0.227770 -2.751627
v 0.317544 0.227770 -3.032138
v 0.317544 0.227770 -3.312649
v 0.317544 0.227770 -3.593160
v 0.317544 0.227770 -3.873672
v 0.317544 0.227770 -4.154182
v 0.317544 0.227770 -4.434694
v 0.319151 0.233274 -2.471116
v 0.319151 0.233274 -2.751627
v 0.319151 0.233274 -3.032138
v 0.319151 0.233274 -3.312649
v 0.319151 0.233274 -3.593160
v 0.319151 0.233274 -3.873672
v 0.319151 0.233274 -4.154182
v 0.319151 0.233274 -4.434694
v 0.323539 0.237303 -2.471116
v 0.323539 0.237303 -2.751627
v 0.323539 0.237303 -3.032138
v 0.323539 0.237303 -3.312649
v 0.323539 0.237303 -3.593160
v 0.323539 0.237303 -3.873672
v 0.323539 0.237303 -4.154182
v 0.323539 0.237303 -4.434694
v 0.329534 0.238778 -2.471116
v 0.329534 0.238778 -2.751627
v 0.329534 0.238778 -3.032138
v 0.329534 0.238778 -3.312649
v 0.329534 0.238778 -3.593160
v 0.329534 0.238778 -3.873672
v 0.329534 0.238778 -4.154182
v 0.329534 0.238778 -4.434694
v 0.335528 0.237303 -2.217886
v 0.335528 0.237303 -2.498397
v 0.335528 0.237303 -2.778908
v 0.335528 0.237303 -3.059420
v 0.335528 0.237303 -3.339931
v 0.335528 0.237303 -3.620442
v 0.335528 0.237303 -3.900953
v 0.335528 0.237303 -4.181464
v 0.335528 0.237303 -4.461975
v 0.339917 0.233274 -2.217886
v 0.339917 0.233274 -2.498397
v 0.339917 0.233274 -2.778908
v 0.339917 0.233274 -3.059420
v 0.339917 0.233274 -3.339931
v 0.339917 0.233274 -3.620442
v 0.339917 0.233274 -3.900953
v 0.339917 0.233274 -4.181464
v 0.339917 0.233274 -4.461975
v 0.341523 0.227770 -2.217886
v 0.341523 0.227770 -2.498397
v 0.341523 0.227770 -2.778908
v 0.341523 0.227770 -3.059420
v 0.341523 0.227770 -3.339931
v 0.341523 0.227770 -3.620442
v 0.341523 0.227770 -3.900953
v 0.341523 0.227770 -4.181464
v 0.341523 0.227770 -4.461975
v 0.339917 0.222265 -2.217886
v 0.339917 0.222265 -2.498397
v 0.339917 0.222265 -2.778908
v 0.339917 0.222265 -3.059420
v 0.339917 0.222265 -3.339931
v 0.339917 0.222265 -3.620442
v 0.339917 0.222265 -3.900953
v 0.339917 0.222265 -4.181464
v 0.339917 0.222265 -4.461975
v 0.335528 0.218236 -2.217886
v 0.335528 0.218236 -2.498397
v 0.335528 0.218236 -2.778908
v 0.335528 0.218236 -3.059420
v 0.335528 0.218236 -3.339931
v 0.335528 0.218236 -3.620442
v 0.335528 0.218236 -3.900953
v 0.335528 0.218236 -4.181464
v 0.335528 0.218236 -4.461975
v 0.329534 0.216761 -2.217886
v 0.329534 0.216761 -2.498397
v 0.329534 0.216761 -2.778908
v 0.329534 0.216761 -3.059420
v 0.329534 0.216761 -3.339931
v 0.329534 0.216761 -3.620442
v 0.329534 0.216761 -3.900953
v 0.329534 0.216761 -4.181464
v 0.329534 0.216761 -4.461975
v 0.323539 0.218236 -2.217886
v 0.323539 0.218236 -2.498397
v 0.323539 0.218236 -2.778908
v 0.323539 0.218236 -3.059420
v 0.323539 0.218236 -3.339931
v 0.323539 0.218236 -3.620442
v 0.323539 0.218236 -3.900953
v 0.323539 0.218236 -4.181464
v 0.323539 0.218236 -4.461975
v 0.319151 0.222265 -2.217886
v 0.319151 0.222265 -2.498397
v 0.319151 0.222265 -2.778908
v 0.319151 0.222265 -3.059420
v 0.319151 0.222265 -3.339931
v 0.319151 0.222265 -3.620442
v 0.319151 0.222265 -3.900953
v 0.319151 0.222265 -4.181464
v 0.319151 0.222265 -4.461975
v 0.317544 0.227770 -2.217886
v 0.317544 0.227770 -2.498397
v 0.317544 0.227770 -2.778908
v 0.317544 0.227770 -3.059420
v 0.317544 0.227770 -3.339931
v 0.317544 0.227770 -3.620442
v 0.317544 0.227770 -3.900953
v 0.317544 0.227770 -4.181464
v 0.317544 0.227770 -4.461975
v 0.319151 0.233274 -2.217886
v 0.319151 0.233274 -2.498397
v 0.319151 0.233274 -2.778908
v 0.319151 0.233274 -3.059420
v 0.319151 0.233274 -3.339931
v 0.319151 0.233274 -3.620442
v 0.319151 0.233274 -3.900953
v 0.319151 0.233274 -4.181464
v 0.319151 0.233274 -4.461975
v 0.323539 0.237303 -2.217886
v 0.323539 0.237303 -2.498397
v 0.323539 0.237303 -2.778908
v 0.323539 0.237303 -3.059420
v 0.323539 0.237303 -3.339931
v 0.323539 0.237303 -3.620442
v 0.323539 0.237303 -3.900953
v 0.323539 0.237303 -4.181464
v 0.323539 0.237303 -4.461975
v 0.329534 0.238778 -2.217886
v 0.329534 0.238778 -2.498397
v 0.329534 0.238778 -2.778908
v 0.329534 0.238778 -3.059420
v 0.329534 0.238778 -3.339931
v 0.329534 0.238778 -3.620442
v 0.329534 0.238778 -3.900953
v 0.329534 0.238778 -4.181464
v 0.329534 0.238778 -4.461975
v 0.334597 -0.020679 -2.237943
v 0.615108 -0.020679 -2.237943
v 0.895619 -0.020679 -2.237943
v 1.176130 -0.020679 -2.237943
v 1.456642 -0.020679 -2.237943
v 1.737153 -0.020679 -2.237943
v 2.017664 -0.020679 -2.237943
v 2.298175 -0.020679 -2.237943
v 2.578686 -0.020679 -2.237943
v 0.345535 -0.020679 -2.235012
v 0.626046 -0.020679 -2.235012
v 0.906557 -0.020679 -2.235012
v 1.187068 -0.020679 -2.235012
v 1.467579 -0.020679 -2.235012
v 1.748090 -0.020679 -2.235012
v 2.028601 -0.020679 -2.235012
v 2.309113 -0.020679 -2.235012
v 2.589624 -0.020679 -2.235012
v 0.353541 -0.020679 -2.227005
v 0.634052 -0.020679 -2.227005
v 0.914564 -0.020679 -2.227005
v 1.195075 -0.020679 -2.227005
v 1.475586 -0.020679 -2.227005
v 1.756097 -0.020679 -2.227005
v 2.036608 -0.020679 -2.227005
v 2.317119 -0.020679 -2.227005
v 2.597631 -0.020679 -2.227005
v 0.356472 -0.020679 -2.216068
v 0.636983 -0.020679 -2.216068
v 0.917494 -0.020679 -2.216068
v 1.198005 -0.020679 -2.216068
v 1.478517 -0.020679 -2.216068
v 1.759028 -0.020679 -2.216068
v 2.039539 -0.020679 -2.216068
v 2.320050 -0.020679 -2.216068
v 2.600561 -0.020679 -2.216068
v 0.353541 -0.020679 -2.205130
v 0.634052 -0.020679 -2.205130
v 0.914564 -0.020679 -2.205130
v 1.195075 -0.020679 -2.205130
v 1.475586 -0.020679 -2.205130
v 1.756097 -0.020679 -2.205130
v 2.036608 -0.020679 -2.205130
v 2.317119 -0.020679 -2.205130
v 2.597631 -0.020679 -2.205130
v 0.345535 -0.020679 -2.197124
v 0.626046 -0.020679 -2.197124
v 0.906557 -0.020679 -2.197124
v 1.187068 -0.020679 -2.197124
v 1.467579 -0.020679 -2.197124
v 1.748090 -0.020679 -2.197124
v 2.028601 -0.020679 -2.197124
v 2.309113 -0.020679 -2.197124
v 2.589624 -0.020679 -2.197124
v 0.334597 -0.020679 -2.194193
v 0.615108 -0.020679 -2.194193
v 0.895619 -0.020679 -2.194193
v 1.176130 -0.020679 -2.194193
v 1.456642 -0.020679 -2.194193
v 1.737153 -0.020679 -2.194193
v 2.017664 -0.020679 -2.194193
v 2.298175 -0.020679 -2.194193
v 2.578686 -0.020679 -2.194193
v 0.323660 -0.020679 -2.197124
v 0.604171 -0.020679 -2.197124
v 0.884682 -0.020679 -2.197124
v 1.165193 -0.020679 -2.197124
v 1.445704 -0.020679 -2.197124
v 1.726215 -0.020679 -2.197124
v 2.006726 -0.020679 -2.197124
v 2.287237 -0.020679 -2.197124
v 2.567749 -0.020679 -2.197124
v 0.315653 -0.020679 -2.205130
v 0.596164 -0.020679 -2.205130
v 0.876675 -0.020679 -2.205130
v 1.157186 -0.020679 -2.205130
v 1.437697 -0.020679 -2.205130
v 1.718208 -0.020679 -2.205130
v 1.998720 -0.020679 -2.205130
v 2.279231 -0.020679 -2.205130
v 2.559742 -0.020679 -2.205130
v 0.312722 -0.020679 -2.216068
v 0.593233 -0.020679 -2.216068
v 0.873744 -0.020679 -2.216068
v 1.154256 -0.020679 -2.216068
v 1.434767 -0.020679 -2.216068
v 1.715278 -0.020679 -2.216068
v 1.995789 -0.020679 -2.216068
v 2.276300 -0.020679 -2.216068
v 2.556811 -0.020679 -2.216068
v 0.315653 -0.020679 -2.227005
v 0.596164 -0.020679 -2.227005
v 0.876675 -0.020679 -2.227005
v 1.157186 -0.020679 -2.227005
v 1.437697 -0.020679 -2.227005
v 1.718208 -0.020679 -2.227005
v 1.998720 -0.020679 -2.227005
v 2.279231 -0.020679 -2.227005
v 2.559742 -0.020679 -2.227005
v 0.323660 -0.020679 -2.235012
v 0.604171 -0.020679 -2.235012
v 0.884682 -0.020679 -2.235012
v 1.165193 -0.020679 -2.235012
v 1.445704 -0.020679 -2.235012
v 1.726215 -0.020679 -2.235012
v 2.006726 -0.020679 -2.235012
v 2.287237 -0.020679 -2.235012
v 2.567749 -0.020679 -2.235012
v 0.334597 0.259026 -2.237943
v 0.615108 0.259026 -2.237943
v 0.895619 0.259026 -2.237943
v 1.176130 0.259026 -2.237943
v 1.456642 0.259026 -2.237943
v 1.737153 0.259026 -2.237943
v 2.017664 0.259026 -2.237943
v 2.298175 0.259026 -2.237943
v 2.578686 0.259026 -2.237943
v 0.345535 0.259026 -2.235012
v 0.626046 0.259026 -2.235012
v 0.906557 0.259026 -2.235012
v 1.187068 0.259026 -2.235012
v 1.467579 0.259026 -2.235012
v 1.748090 0.259026 -2.235012
v 2.028601 0.259026 -2.235012
v 2.309113 0.259026 -2.235012
v 2.589624 0.259026 -2.235012
v 0.353541 0.259026 -2.227005
v 0.634052 0.259026 -2.227005
v 0.914564 0.259026 -2.227005
v 1.195075 0.259026 -2.227005
v 1.475586 0.259026 -2.227005
v 1.756097 0.259026 -2.227005
v 2.036608 0.259026 -2.227005
v 2.317119 0.259026 -2.227005
v 2.597631 0.259026 -2.227005
v 0.356472 0.259026 -2.216068
v 0.636983 0.259026 -2.216068
v 0.917494 0.259026 -2.216068
v 1.198005 0.259026 -2.216068
v 1.478517 0.259026 -2.216068
v 1.759028 0.259026 -2.216068
v 2.039539 0.259026 -2.216068
v 2.320050 0.259026 -2.216068
v 2.600561 0.259026 -2.216068
v 0.353541 0.259026 -2.205130
v 0.634052 0.259026 -2.205130
v 0.914564 0.259026 -2.205130
v 1.195075 0.259026 -2.205130
v 1.475586 0.259026 -2.205130
v 1.756097 0.259026 -2.205130
v 2.036608 0.259026 -2.205130
v 2.317119 0.259026 -2.205130
v 2.597631 0.259026 -2.205130
v 0.345535 0.259026 -2.197124
v 0.626046 0.259026 -2.197124
v 0.906557 0.259026 -2.197124
v 1.187068 0.259026 -2.197124
v 1.467579 0.259026 -2.197124
v 1.748090 0.259026 -2.197124
v 2.028601 0.259026 -2.197124
v 2.309113 0.259026 -2.197124
v 2.589624 0.259026 -2.197124
v 0.334597 0.259026 -2.194193
v 0.615108 0.259026 -2.194193
v 0.895619 0.259026 -2.194193
v 1.176130 0.259026 -2.194193
v 1.456642 0.259026 -2.194193
v 1.737153 0.259026 -2.194193
v 2.017664 0.259026 -2.194193
v 2.298175 0.259026 -2.194193
v 2.578686 0.259026 -2.194193
v 0.323660 0.259026 -2.197124
v 0.604171 0.259026 -2.197124
v 0.884682 0.259026 -2.197124
v 1.165193 0.259026 -2.197124
v 1.445704 0.259026 -2.197124
v 1.726215 0.259026 -2.197124
v 2.006726 0.259026 -2.197124
v 2.287237 0.259026 -2.197124
v 2.567749 0.259026 -2.197124
v 0.315653 0.259026 -2.205130
v 0.596164 0.259026 -2.205130
v 0.876675 0.259026 -2.205130
v 1.157186 0.259026 -2.205130
v 1.437697 0.259026 -2.205130
v 1.718208 0.259026 -2.205130
v 1.998720 0.259026 -2.205130
v 2.279231 0.259026 -2.205130
v 2.559742 0.259026 -2.205130
v 0.312722 0.259026 -2.216068
v 0.593233 0.259026 -2.216068
v 0.873744 0.259026 -2.216068
v 1.154256 0.259026 -2.216068
v 1.434767 0.259026 -2.216068
v 1.715278 0.259026 -2.216068
v 1.995789 0.259026 -2.216068
v 2.276300 0.259026 -2.216068
v 2.556811 0.259026 -2.216068
v 0.315653 0.259026 -2.227005
v 0.596164 0.259026 -2.227005
v 0.876675 0.259026 -2.227005
v 1.157186 0.259026 -2.227005
v 1.437697 0.259026 -2.227005
v 1.718208 0.259026 -2.227005
v 1.998720 0.259026 -2.227005
v 2.279231 0.259026 -2.227005
v 2.559742 0.259026 -2.227005
v 0.323660 0.259026 -2.235012
v 0.604171 0.259026 -2.235012
v 0.884682 0.259026 -2.235012
v 1.165193 0.259026 -2.235012
v 1.445704 0.259026 -2.235012
v 1.726215 0.259026 -2.235012
v 2.006726 0.259026 -2.235012
v 2.287237 0.259026 -2.235012
v 2.567749 0.259026 -2.235012
v 0.334597 -0.020679 -2.216068
v 0.615108 -0.020679 -2.216068
v 0.895619 -0.020679 -2.216068
v 1.176130 -0.020679 -2.216068
v 1.456642 -0.020679 -2.216068
v 1.737153 -0.020679 -2.216068
v 2.017664 -0.020679 -2.216068
v 2.298175 -0.020679 -2.216068
v 2.578686 -0.020679 -2.216068
v 0.334597 0.259026 -2.216068
v 0.615108 0.259026 -2.216068
v 0.895619 0.259026 -2.216068
v 1.176130 0.259026 -2.216068
v 1.456642 0.259026 -2.216068
v 1.737153 0.259026 -2.216068
v 2.017664 0.259026 -2.216068
v 2.298175 0.259026 -2.216068
v 2.578686 0.259026 -2.216068
v 0.593233 0.227770 -2.216068
v 0.873744 0.227770 -2.216068
v 1.154256 0.227770 -2.216068
v 1.434767 0.227770 -2.216068
v 1.715278 0.227770 -2.216068
v 1.995789 0.227770 -2.216068
v 2.276300 0.227770 -2.216068
v 2.556811 0.227770 -2.216068
v 0.340004 0.227770 -2.216068
v 0.620515 0.227770 -2.216068
v 0.901026 0.227770 -2.216068
v 1.181537 0.227770 -2.216068
v 1.462048 0.227770 -2.216068
v 1.742559 0.227770 -2.216068
v 2.023070 0.227770 -2.216068
v 2.303581 0.227770 -2.216068
v 2.584093 0.227770 -2.216068
v 0.593233 0.237303 -2.210073
v 0.873744 0.237303 -2.210073
v 1.154256 0.237303 -2.210073
v 1.434767 0.237303 -2.210073
v 1.715278 0.237303 -2.210073
v 1.995789 0.237303 -2.210073
v 2.276300 0.237303 -2.210073
v 2.556811 0.237303 -2.210073
v 0.593233 0.233274 -2.205685
v 0.873744 0.233274 -2.205685
v 1.154256 0.233274 -2.205685
v 1.434767 0.233274 -2.205685
v 1.715278 0.233274 -2.205685
v 1.995789 0.233274 -2.205685
v 2.276300 0.233274 -2.205685
v 2.556811 0.233274 -2.205685
v 0.593233 0.227770 -2.204078
v 0.873744 0.227770 -2.204078
v 1.154256 0.227770 -2.204078
v 1.434767 0.227770 -2.204078
v 1.715278 0.227770 -2.204078
v 1.995789 0.227770 -2.204078
v 2.276300 0.227770 -2.204078
v 2.556811 0.227770 -2.204078
v 0.593233 0.222265 -2.205685
v 0.873744 0.222265 -2.205685
v 1.154256 0.222265 -2.205685
v 1.434767 0.222265 -2.205685
v 1.715278 0.222265 -2.205685
v 1.995789 0.222265 -2.205685
v 2.276300 0.222265 -2.205685
v 2.556811 0.222265 -2.205685
v 0.593233 0.218236 -2.210073
v 0.873744 0.218236 -2.210073
v 1.154256 0.218236 -2.210073
v 1.434767 0.218236 -2.210073
v 1.715278 0.218236 -2.210073
v 1.995789 0.218236 -2.210073
v 2.276300 0.218236 -2.210073
v 2.556811 0.218236 -2.210073
v 0.593233 0.216761 -2.216068
v 0.873744 0.216761 -2.216068
v 1.154256 0.216761 -2.216068
v 1.434767 0.216761 -2.216068
v 1.715278 0.216761 -2.216068
v 1.995789 0.216761 -2.216068
v 2.276300 0.216761 -2.216068
v 2.556811 0.216761 -2.216068
v 0.593233 0.218236 -2.222062
v 0.873744 0.218236 -2.222062
v 1.154256 0.218236 -2.222062
v 1.434767 0.218236 -2.222062
v 1.715278 0.218236 -2.222062
v 1.995789 0.218236 -2.222062
v 2.276300 0.218236 -2.222062
v 2.556811 0.218236 -2.222063
v 0.593233 0.222265 -2.226451
v 0.873744 0.222265 -2.226451
v 1.154256 0.222265 -2.226451
v 1.434767 0.222265 -2.226451
v 1.715278 0.222265 -2.226451
v 1.995789 0.222265 -2.226451
v 2.276300 0.222265 -2.226451
v 2.556811 0.222265 -2.226451
v 0.593233 0.227770 -2.228057
v 0.873744 0.227770 -2.228057
v 1.154256 0.227770 -2.228057
v 1.434767 0.227770 -2.228057
v 1.715278 0.227770 -2.228057
v 1.995789 0.227770 -2.228057
v 2.276300 0.227770 -2.228057
v 2.556811 0.227770 -2.228057
v 0.593233 0.233274 -2.226451
v 0.873744 0.233274 -2.226451
v 1.154256 0.233274 -2.226451
v 1.434767 0.233274 -2.226451
v 1.715278 0.233274 -2.226451
v 1.995789 0.233274 -2.226451
v 2.276300 0.233274 -2.226451
v 2.556811 0.233274 -2.226451
v 0.593233 0.237303 -2.222062
v 0.873744 0.237303 -2.222062
v 1.154256 0.237303 -2.222062
v 1.434767 0.237303 -2.222062
v 1.715278 0.237303 -2.222062
v 1.995789 0.237303 -2.222062
v 2.276300 0.237303 -2.222062
v 2.556811 0.237303 -2.222062
v 0.593233 0.238778 -2.216068
v 0.873744 0.238778 -2.216068
v 1.154256 0.238778 -2.216068
v 1.434767 0.238778 -2.216068
v 1.715278 0.238778 -2.216068
v 1.995789 0.238778 -2.216068
v 2.276300 0.238778 -2.216068
v 2.556811 0.238778 -2.216068
v 0.340004 0.237303 -2.210073
v 0.620515 0.237303 -2.210073
v 0.901026 0.237303 -2.210073
v 1.181537 0.237303 -2.210073
v 1.462048 0.237303 -2.210073
v 1.742559 0.237303 -2.210073
v 2.023070 0.237303 -2.210073
v 2.303581 0.237303 -2.210073
v 2.584093 0.237303 -2.210073
v 0.340004 0.233274 -2.205685
v 0.620515 0.233274 -2.205685
v 0.901026 0.233274 -2.205685
v 1.181537 0.233274 -2.205685
v 1.462048 0.233274 -2.205685
v 1.742559 0.233274 -2.205685
v 2.023070 0.233274 -2.205685
v 2.303581 0.233274 -2.205685
v 2.584093 0.233274 -2.205685
v 0.340004 0.227770 -2.204078
v 0.620515 0.227770 -2.204078
v 0.901026 0.227770 -2.204078
v 1.181537 0.227770 -2.204078
v 1.462048 0.227770 -2.204078
v 1.742559 0.227770 -2.204078
v 2.023070 0.227770 -2.204078
v 2.303581 0.227770 -2.204078
v 2.584093 0.227770 -2.204078
v 0.340004 0.222265 -2.205685
v 0.620515 0.222265 -2.205685
v 0.901026 0.222265 -2.205685
v 1.181537 0.222265 -2.205685
v 1.462048 0.222265 -2.205685
v 1.742559 0.222265 -2.205685
v 2.023070 0.222265 -2.205685
v 2.303581 0.222265 -2.205685
v 2.584093 0.222265 -2.205685
v 0.340004 0.218236 -2.210073
v 0.620515 0.218236 -2.210073
v 0.901026 0.218236 -2.210073
v 1.181537 0.218236 -2.210073
v 1.462048 0.218236 -2.210073
v 1.742559 0.218236 -2.210073
v 2.023070 0.218236 -2.210073
v 2.303581 0.218236 -2.210073
v 2.584093 0.218236 -2.210073
v 0.340004 0.216761 -2.216068
v 0.620515 0.216761 -2.216068
v 0.901026 0.216761 -2.216068
v 1.181537 0.216761 -2.216068
v 1.462048 0.216761 -2.216068
v 1.742559 0.216761 -2.216068
v 2.023070 0.216761 -2.216068
v 2.303581 0.216761 -2.216068
v 2.584093 0.216761 -2.216068
v 0.340004 0.218236 -2.222062
v 0.620515 0.218236 -2.222062
v 0.901026 0.218236 -2.222062
v 1.181537 0.218236 -2.222062
v 1.462048 0.218236 -2.222062
v 1.742559 0.218236 -2.222062
v 2.023070 0.218236 -2.222062
v 2.303581 0.218236 -2.222062
v 2.584093 0.218236 -2.222063
v 0.340004 0.222265 -2.226451
v 0.620515 0.222265 -2.226451
v 0.901026 0.222265 -2.226451
v 1.181537 0.222265 -2.226451
v 1.462048 0.222265 -2.226451
v 1.742559 0.222265 -2.226451
v 2.023070 0.222265 -2.226451
v 2.303581 0.222265 -2.226451
v 2.584093 0.222265 -2.226451
v 0.340004 0.227770 -2.228057
v 0.620515 0.227770 -2.228057
v 0.901026 0.227770 -2.228057
v 1.181537 0.227770 -2.228057
v 1.462048 0.227770 -2.228057
v 1.742559 0.227770 -2.228057
v 2.023070 0.227770 -2.228057
v 2.303581 0.227770 -2.228057
v 2.584093 0.227770 -2.228057
v 0.340004 0.233274 -2.226451
v 0.620515 0.233274 -2.226451
v 0.901026 0.233274 -2.226451
v 1.181537 0.233274 -2.226451
v 1.462048 0.233274 -2.226451
v 1.742559 0.233274 -2.226451
v 2.023070 0.233274 -2.226451
v 2.303581 0.233274 -2.226451
v 2.584093 0.233274 -2.226451
v 0.340004 0.237303 -2.222062
v 0.620515 0.237303 -2.222062
v 0.901026 0.237303 -2.222062
v 1.181537 0.237303 -2.222062
v 1.462048 0.237303 -2.222062
v 1.742559 0.237303 -2.222062
v 2.023070 0.237303 -2.222062
v 2.303581 0.237303 -2.222062
v 2.584093 0.237303 -2.222063
v 0.340004 0.238778 -2.216068
v 0.620515 0.238778 -2.216068
v 0.901026 0.238778 -2.216068
v 1.181537 0.238778 -2.216068
v 1.462048 0.238778 -2.216068
v 1.742559 0.238778 -2.216068
v 2.023070 0.238778 -2.216068
v 2.303581 0.238778 -2.216068
v 2.584093 0.238778 -2.216068
v 0.334597 -0.020679 -4.475563
v 0.334597 -0.020679 -4.475563
v 0.345535 -0.020679 -4.472632
v 0.615108 -0.020679 -4.475563
v 0.615108 -0.020679 -4.475563
v 0.626045 -0.020679 -4.472632
v 0.895619 -0.020679 -4.475563
v 0.895619 -0.020679 -4.475563
v 0.906557 -0.020679 -4.472632
v 1.176130 -0.020679 -4.475563
v 1.176130 -0.020679 -4.475563
v 1.187068 -0.020679 -4.472632
v 1.456641 -0.020679 -4.475563
v 1.456641 -0.020679 -4.475563
v 1.467579 -0.020679 -4.472632
v 1.737153 -0.020679 -4.475563
v 1.737153 -0.020679 -4.475563
v 1.748090 -0.020679 -4.472632
v 2.017664 -0.020679 -4.475563
v 2.017664 -0.020679 -4.475563
v 2.028601 -0.020679 -4.472632
v 2.298175 -0.020679 -4.475563
v 2.298175 -0.020679 -4.475563
v 2.309112 -0.020679 -4.472632
v 2.578686 -0.020679 -4.475563
v 2.578686 -0.020679 -4.475563
v 2.589623 -0.020679 -4.472632
v 0.334597 0.259026 -4.475563
v 0.334597 0.259026 -4.475563
v 0.345535 0.259026 -4.472632
v 0.615108 0.259026 -4.475563
v 0.615108 0.259026 -4.475563
v 0.626045 0.259026 -4.472632
v 0.895619 0.259026 -4.475563
v 0.895619 0.259026 -4.475563
v 0.906557 0.259026 -4.472632
v 1.176130 0.259026 -4.475563
v 1.176130 0.259026 -4.475563
v 1.187068 0.259026 -4.472632
v 1.456641 0.259026 -4.475563
v 1.456641 0.259026 -4.475563
v 1.467579 0.259026 -4.472632
v 1.737153 0.259026 -4.475563
v 1.737153 0.259026 -4.475563
v 1.748090 0.259026 -4.472632
v 2.017664 0.259026 -4.475563
v 2.017664 0.259026 -4.475563
v 2.028601 0.259026 -4.472632
v 2.298175 0.259026 -4.475563
v 2.298175 0.259026 -4.475563
v 2.309112 0.259026 -4.472632
v 2.578686 0.259026 -4.475563
v 2.578686 0.259026 -4.475563
v 2.589623 0.259026 -4.472632
v 0.353541 -0.020679 -4.464625
v 0.634052 -0.020679 -4.464625
v 0.914563 -0.020679 -4.464625
v 1.195075 -0.020679 -4.464625
v 1.475586 -0.020679 -4.464625
v 1.756097 -0.020679 -4.464625
v 2.036608 -0.020679 -4.464625
v 2.317119 -0.020679 -4.464625
v 2.597630 -0.020679 -4.464625
v 0.353541 0.259026 -4.464625
v 0.634052 0.259026 -4.464625
v 0.914563 0.259026 -4.464625
v 1.195075 0.259026 -4.464625
v 1.475586 0.259026 -4.464625
v 1.756097 0.259026 -4.464625
v 2.036608 0.259026 -4.464625
v 2.317119 0.259026 -4.464625
v 2.597630 0.259026 -4.464625
v 0.356472 -0.020679 -4.453688
v 0.356472 -0.020679 -4.453688
v 0.636983 -0.020679 -4.453688
v 0.636983 -0.020679 -4.453688
v 0.917494 -0.020679 -4.453688
v 0.917494 -0.020679 -4.453688
v 1.198005 -0.020679 -4.453688
v 1.198005 -0.020679 -4.453688
v 1.478516 -0.020679 -4.453688
v 1.478516 -0.020679 -4.453688
v 1.759027 -0.020679 -4.453688
v 1.759027 -0.020679 -4.453688
v 2.039539 -0.020679 -4.453688
v 2.039539 -0.020679 -4.453688
v 2.320050 -0.020679 -4.453688
v 2.320050 -0.020679 -4.453688
v 2.600561 -0.020679 -4.453688
v 2.600561 -0.020679 -4.453688
v 0.356472 0.259026 -4.453688
v 0.356472 0.259026 -4.453688
v 0.636983 0.259026 -4.453688
v 0.636983 0.259026 -4.453688
v 0.917494 0.259026 -4.453688
v 0.917494 0.259026 -4.453688
v 1.198005 0.259026 -4.453688
v 1.198005 0.259026 -4.453688
v 1.478516 0.259026 -4.453688
v 1.478516 0.259026 -4.453688
v 1.759027 0.259026 -4.453688
v 1.759027 0.259026 -4.453688
v 2.039539 0.259026 -4.453688
v 2.039539 0.259026 -4.453688
v 2.320050 0.259026 -4.453688
v 2.320050 0.259026 -4.453688
v 2.600561 0.259026 -4.453688
v 2.600561 0.259026 -4.453688
v 0.353541 -0.020679 -4.442750
v 0.634052 -0.020679 -4.442750
v 0.914563 -0.020679 -4.442750
v 1.195075 -0.020679 -4.442750
v 1.475586 -0.020679 -4.442750
v 1.756097 -0.020679 -4.442750
v 2.036608 -0.020679 -4.442750
v 2.317119 -0.020679 -4.442750
v 2.597630 -0.020679 -4.442750
v 0.353541 0.259026 -4.442750
v 0.634052 0.259026 -4.442750
v 0.914563 0.259026 -4.442750
v 1.195075 0.259026 -4.442750
v 1.475586 0.259026 -4.442750
v 1.756097 0.259026 -4.442750
v 2.036608 0.259026 -4.442750
v 2.317119 0.259026 -4.442750
v 2.597630 0.259026 -4.442750
v 0.345535 -0.020679 -4.434743
v 0.345535 -0.020679 -4.434743
v 0.626045 -0.020679 -4.434743
v 0.906557 -0.020679 -4.434743
v 1.187068 -0.020679 -4.434743
v 1.467579 -0.020679 -4.434743
v 1.748090 -0.020679 -4.434743
v 2.028601 -0.020679 -4.434743
v 2.309112 -0.020679 -4.434743
v 2.589623 -0.020679 -4.434743
v 0.345535 0.259026 -4.434743
v 0.345535 0.259026 -4.434743
v 0.626045 0.259026 -4.434743
v 0.906557 0.259026 -4.434743
v 1.187068 0.259026 -4.434743
v 1.467579 0.259026 -4.434743
v 1.748090 0.259026 -4.434743
v 2.028601 0.259026 -4.434743
v 2.309112 0.259026 -4.434743
v 2.589623 0.259026 -4.434743
v 0.334597 -0.020679 -4.431813
v 0.334597 -0.020679 -4.431813
v 0.615108 -0.020679 -4.431813
v 0.615108 -0.020679 -4.431813
v 0.895619 -0.020679 -4.431813
v 0.895619 -0.020679 -4.431813
v 1.176130 -0.020679 -4.431813
v 1.176130 -0.020679 -4.431813
v 1.456641 -0.020679 -4.431813
v 1.456641 -0.020679 -4.431813
v 1.737153 -0.020679 -4.431813
v 1.737153 -0.020679 -4.431813
v 2.017664 -0.020679 -4.431813
v 2.017664 -0.020679 -4.431813
v 2.298175 -0.020679 -4.431813
v 2.298175 -0.020679 -4.431813
v 2.578686 -0.020679 -4.431813
v 2.578686 -0.020679 -4.431813
v 0.334597 0.259026 -4.431813
v 0.334597 0.259026 -4.431813
v 0.615108 0.259026 -4.431813
v 0.615108 0.259026 -4.431813
v 0.895619 0.259026 -4.431813
v 0.895619 0.259026 -4.431813
v 1.176130 0.259026 -4.431813
v 1.176130 0.259026 -4.431813
v 1.456641 0.259026 -4.431813
v 1.456641 0.259026 -4.431813
v 1.737153 0.259026 -4.431813
v 1.737153 0.259026 -4.431813
v 2.017664 0.259026 -4.431813
v 2.017664 0.259026 -4.431813
v 2.298175 0.259026 -4.431813
v 2.298175 0.259026 -4.431813
v 2.578686 0.259026 -4.431813
v 2.578686 0.259026 -4.431813
v 0.323660 -0.020679 -4.434743
v 0.604171 -0.020679 -4.434743
v 0.884682 -0.020679 -4.434743
v 1.165193 -0.020679 -4.434743
v 1.165193 -0.020679 -4.434743
v 1.445704 -0.020679 -4.434743
v 1.726215 -0.020679 -4.434743
v 2.006726 -0.020679 -4.434743
v 2.287237 -0.020679 -4.434743
v 2.567749 -0.020679 -4.434743
v 0.323660 0.259026 -4.434743
v 0.604171 0.259026 -4.434743
v 0.884682 0.259026 -4.434743
v 1.165193 0.259026 -4.434743
v 1.165193 0.259026 -4.434743
v 1.445704 0.259026 -4.434743
v 1.726215 0.259026 -4.434743
v 2.006726 0.259026 -4.434743
v 2.287237 0.259026 -4.434743
v 2.567749 0.259026 -4.434743
v 0.315653 -0.020679 -4.442750
v 0.596164 -0.020679 -4.442750
v 0.876675 -0.020679 -4.442750
v 0.876675 -0.020679 -4.442750
v 1.157186 -0.020679 -4.442750
v 1.157186 -0.020679 -4.442750
v 1.437697 -0.020679 -4.442750
v 1.718208 -0.020679 -4.442750
v 1.998719 -0.020679 -4.442750
v 2.279231 -0.020679 -4.442750
v 2.559742 -0.020679 -4.442750
v 0.315653 0.259026 -4.442750
v 0.596164 0.259026 -4.442750
v 0.876675 0.259026 -4.442750
v 0.876675 0.259026 -4.442750
v 1.157186 0.259026 -4.442750
v 1.157186 0.259026 -4.442750
v 1.437697 0.259026 -4.442750
v 1.718208 0.259026 -4.442750
v 1.998719 0.259026 -4.442750
v 2.279231 0.259026 -4.442750
v 2.559742 0.259026 -4.442750
v 0.312722 -0.020679 -4.453688
v 0.312722 -0.020679 -4.453688
v 0.593233 -0.020679 -4.453688
v 0.593233 -0.020679 -4.453688
v 0.873744 -0.020679 -4.453688
v 1.154256 -0.020679 -4.453688
v 1.434766 -0.020679 -4.453688
v 1.434766 -0.020679 -4.453688
v 1.715278 -0.020679 -4.453688
v 1.715278 -0.020679 -4.453688
v 1.995789 -0.020679 -4.453688
v 1.995789 -0.020679 -4.453688
v 2.276300 -0.020679 -4.453688
v 2.276300 -0.020679 -4.453688
v 2.556811 -0.020679 -4.453688
v 2.556811 -0.020679 -4.453688
v 0.312722 0.259026 -4.453688
v 0.312722 0.259026 -4.453688
v 0.593233 0.259026 -4.453688
v 0.593233 0.259026 -4.453688
v 0.873744 0.259026 -4.453688
v 1.154256 0.259026 -4.453688
v 1.434766 0.259026 -4.453688
v 1.434766 0.259026 -4.453688
v 1.715278 0.259026 -4.453688
v 1.715278 0.259026 -4.453688
v 1.995789 0.259026 -4.453688
v 1.995789 0.259026 -4.453688
v 2.276300 0.259026 -4.453688
v 2.276300 0.259026 -4.453688
v 2.556811 0.259026 -4.453688
v 2.556811 0.259026 -4.453688
v 0.315653 -0.020679 -4.464625
v 0.596164 -0.020679 -4.464625
v 0.876675 -0.020679 -4.464625
v 0.876675 -0.020679 -4.464625
v 1.157186 -0.020679 -4.464625
v 1.157186 -0.020679 -4.464625
v 1.437697 -0.020679 -4.464625
v 1.718208 -0.020679 -4.464625
v 1.998719 -0.020679 -4.464625
v 2.279231 -0.020679 -4.464625
v 2.559742 -0.020679 -4.464625
v 0.315653 0.259026 -4.464625
v 0.596164 0.259026 -4.464625
v 0.876675 0.259026 -4.464625
v 0.876675 0.259026 -4.464625
v 1.157186 0.259026 -4.464625
v 1.157186 0.259026 -4.464625
v 1.437697 0.259026 -4.464625
v 1.718208 0.259026 -4.464625
v 1.998719 0.259026 -4.464625
v 2.279231 0.259026 -4.464625
v 2.559742 0.259026 -4.464625
v 0.323660 -0.020679 -4.472632
v 0.604171 -0.020679 -4.472632
v 0.604171 -0.020679 -4.472632
v 0.884682 -0.020679 -4.472632
v 1.165193 -0.020679 -4.472632
v 1.445704 -0.020679 -4.472632
v 1.726215 -0.020679 -4.472632
v 2.006726 -0.020679 -4.472632
v 2.287237 -0.020679 -4.472632
v 2.567749 -0.020679 -4.472632
v 0.323660 0.259026 -4.472632
v 0.604171 0.259026 -4.472632
v 0.604171 0.259026 -4.472632
v 0.884682 0.259026 -4.472632
v 1.165193 0.259026 -4.472632
v 1.445704 0.259026 -4.472632
v 1.726215 0.259026 -4.472632
v 2.006726 0.259026 -4.472632
v 2.287237 0.259026 -4.472632
v 2.567749 0.259026 -4.472632
v 0.593233 0.233274 -4.443305
v 0.593233 0.233274 -4.443305
v 0.340004 0.233274 -4.443305
v 0.340004 0.233274 -4.443305
v 0.873744 0.233274 -4.443305
v 0.873744 0.233274 -4.443305
v 0.620515 0.233274 -4.443305
v 0.620515 0.233274 -4.443305
v 1.154256 0.233274 -4.443305
v 1.154256 0.233274 -4.443305
v 0.901026 0.233274 -4.443305
v 0.901026 0.233274 -4.443305
v 1.434766 0.233274 -4.443305
v 1.434766 0.233274 -4.443305
v 1.181537 0.233274 -4.443305
v 1.181537 0.233274 -4.443305
v 1.715278 0.233274 -4.443305
v 1.715278 0.233274 -4.443305
v 1.462048 0.233274 -4.443305
v 1.462048 0.233274 -4.443305
v 1.995789 0.233274 -4.443305
v 1.995789 0.233274 -4.443305
v 1.742559 0.233274 -4.443305
v 1.742559 0.233274 -4.443305
v 2.276300 0.233274 -4.443305
v 2.276300 0.233274 -4.443305
v 2.023070 0.233274 -4.443305
v 2.023070 0.233274 -4.443305
v 2.556811 0.233274 -4.443305
v 2.556811 0.233274 -4.443305
v 2.303581 0.233274 -4.443305
v 2.303581 0.233274 -4.443305
v 0.593233 0.227770 -4.441699
v 0.593233 0.227770 -4.441699
v 0.340004 0.227770 -4.441699
v 0.340004 0.227770 -4.441699
v 0.873744 0.227770 -4.441699
v 0.873744 0.227770 -4.441699
v 0.620515 0.227770 -4.441699
v 0.620515 0.227770 -4.441699
v 1.154256 0.227770 -4.441699
v 1.154256 0.227770 -4.441699
v 0.901026 0.227770 -4.441699
v 0.901026 0.227770 -4.441699
v 1.434766 0.227770 -4.441699
v 1.434766 0.227770 -4.441699
v 1.181537 0.227770 -4.441699
v 1.181537 0.227770 -4.441699
v 1.715278 0.227770 -4.441699
v 1.715278 0.227770 -4.441699
v 1.462048 0.227770 -4.441699
v 1.462048 0.227770 -4.441699
v 1.995789 0.227770 -4.441699
v 1.995789 0.227770 -4.441699
v 1.742559 0.227770 -4.441699
v 1.742559 0.227770 -4.441699
v 2.276300 0.227770 -4.441699
v 2.276300 0.227770 -4.441699
v 2.023070 0.227770 -4.441699
v 2.023070 0.227770 -4.441699
v 2.556811 0.227770 -4.441699
v 2.556811 0.227770 -4.441699
v 2.303581 0.227770 -4.441699
v 2.303581 0.227770 -4.441699
v 0.593233 0.222265 -4.443305
v 0.593233 0.222265 -4.443305
v 0.340004 0.222265 -4.443305
v 0.340004 0.222265 -4.443305
v 0.873744 0.222265 -4.443305
v 0.873744 0.222265 -4.443305
v 0.620515 0.222265 -4.443305
v 0.620515 0.222265 -4.443305
v 1.154256 0.222265 -4.443305
v 1.154256 0.222265 -4.443305
v 0.901026 0.222265 -4.443305
v 0.901026 0.222265 -4.443305
v 1.434766 0.222265 -4.443305
v 1.434766 0.222265 -4.443305
v 1.181537 0.222265 -4.443305
v 1.181537 0.222265 -4.443305
v 1.715278 0.222265 -4.443305
v 1.715278 0.222265 -4.443305
v 1.462048 0.222265 -4.443305
v 1.462048 0.222265 -4.443305
v 1.995789 0.222265 -4.443305
v 1.995789 0.222265 -4.443305
v 1.742559 0.222265 -4.443305
v 1.742559 0.222265 -4.443305
v 2.276300 0.222265 -4.443305
v 2.276300 0.222265 -4.443305
v 2.023070 0.222265 -4.443305
v 2.023070 0.222265 -4.443305
v 2.556811 0.222265 -4.443305
v 2.556811 0.222265 -4.443305
v 2.303581 0.222265 -4.443305
v 2.303581 0.222265 -4.443305
v 0.593233 0.222265 -4.464071
v 0.593233 0.222265 -4.464071
v 0.340004 0.222265 -4.464071
v 0.340004 0.222265 -4.464071
v 0.873744 0.222265 -4.464071
v 0.873744 0.222265 -4.464071
v 0.620515 0.222265 -4.464071
v 0.620515 0.222265 -4.464071
v 1.154256 0.222265 -4.464071
v 1.154256 0.222265 -4.464071
v 0.901026 0.222265 -4.464071
v 0.901026 0.222265 -4.464071
v 1.434766 0.222265 -4.464071
v 1.434766 0.222265 -4.464071
v 1.181537 0.222265 -4.464071
v 1.181537 0.222265 -4.464071
v 1.715278 0.222265 -4.464071
v 1.715278 0.222265 -4.464071
v 1.462048 0.222265 -4.464071
v 1.462048 0.222265 -4.464071
v 1.995789 0.222265 -4.464071
v 1.995789 0.222265 -4.464071
v 1.742559 0.222265 -4.464071
v 1.742559 0.222265 -4.464071
v 2.276300 0.222265 -4.464071
v 2.276300 0.222265 -4.464071
v 2.023070 0.222265 -4.464071
v 2.023070 0.222265 -4.464071
v 2.556811 0.222265 -4.464071
v 2.556811 0.222265 -4.464071
v 2.303581 0.222265 -4.464071
v 2.303581 0.222265 -4.464071
v 0.593233 0.227770 -4.465677
v 0.593233 0.227770 -4.465677
v 0.340004 0.227770 -4.465677
v 0.340004 0.227770 -4.465677
v 0.873744 0.227770 -4.465677
v 0.873744 0.227770 -4.465677
v 0.620515 0.227770 -4.465677
v 0.620515 0.227770 -4.465677
v 1.154256 0.227770 -4.465677
v 1.154256 0.227770 -4.465677
v 0.901026 0.227770 -4.465677
v 0.901026 0.227770 -4.465677
v 1.434766 0.227770 -4.465677
v 1.434766 0.227770 -4.465677
v 1.181537 0.227770 -4.465677
v 1.181537 0.227770 -4.465677
v 1.715278 0.227770 -4.465677
v 1.715278 0.227770 -4.465677
v 1.462048 0.227770 -4.465677
v 1.462048 0.227770 -4.465677
v 1.995789 0.227770 -4.465677
v 1.995789 0.227770 -4.465677
v 1.742559 0.227770 -4.465677
v 1.742559 0.227770 -4.465677
v 2.276300 0.227770 -4.465677
v 2.276300 0.227770 -4.465677
v 2.023070 0.227770 -4.465677
v 2.023070 0.227770 -4.465677
v 2.556811 0.227770 -4.465677
v 2.556811 0.227770 -4.465677
v 2.303581 0.227770 -4.465677
v 2.303581 0.227770 -4.465677
v 0.593233 0.233274 -4.464071
v 0.593233 0.233274 -4.464071
v 0.340004 0.233274 -4.464071
v 0.340004 0.233274 -4.464071
v 0.873744 0.233274 -4.464071
v 0.873744 0.233274 -4.464071
v 0.620515 0.233274 -4.464071
v 0.620515 0.233274 -4.464071
v 1.154256 0.233274 -4.464071
v 1.154256 0.233274 -4.464071
v 0.901026 0.233274 -4.464071
v 0.901026 0.233274 -4.464071
v 1.434766 0.233274 -4.464071
v 1.434766 0.233274 -4.464071
v 1.181537 0.233274 -4.464071
v 1.181537 0.233274 -4.464071
v 1.715278 0.233274 -4.464071
v 1.715278 0.233274 -4.464071
v 1.462048 0.233274 -4.464071
v 1.462048 0.233274 -4.464071
v 1.995789 0.233274 -4.464071
v 1.995789 0.233274 -4.464071
v 1.742559 0.233274 -4.464071
v 1.742559 0.233274 -4.464071
v 2.276300 0.233274 -4.464071
v 2.276300 0.233274 -4.464071
v 2.023070 0.233274 -4.464071
v 2.023070 0.233274 -4.464071
v 2.556811 0.233274 -4.464071
v 2.556811 0.233274 -4.464071
v 2.303581 0.233274 -4.464071
v 2.303581 0.233274 -4.464071
v 0.593233 0.237303 -4.447693
v 0.593233 0.238778 -4.453688
v 0.873744 0.237303 -4.447693
v 0.873744 0.238778 -4.453688
v 1.154256 0.237303 -4.447693
v 1.154256 0.238778 -4.453688
v 1.434766 0.237303 -4.447693
v 1.434766 0.238778 -4.453688
v 1.715278 0.237303 -4.447693
v 1.715278 0.238778 -4.453688
v 1.995789 0.237303 -4.447693
v 1.995789 0.238778 -4.453688
v 2.276300 0.237303 -4.447693
v 2.276300 0.238778 -4.453688
v 2.556811 0.237303 -4.447693
v 2.556811 0.238778 -4.453688
v 0.340004 0.237303 -4.447693
v 0.340004 0.238778 -4.453688
v 0.620515 0.237303 -4.447693
v 0.620515 0.238778 -4.453688
v 0.901026 0.237303 -4.447693
v 0.901026 0.238778 -4.453688
v 1.181537 0.237303 -4.447693
v 1.181537 0.238778 -4.453688
v 1.462048 0.237303 -4.447693
v 1.462048 0.238778 -4.453688
v 1.742559 0.237303 -4.447693
v 1.742559 0.238778 -4.453688
v 2.023070 0.237303 -4.447693
v 2.023070 0.238778 -4.453688
v 2.303581 0.237303 -4.447693
v 2.303581 0.238778 -4.453688
v 0.593233 0.218236 -4.447693
v 0.873744 0.218236 -4.447693
v 1.154256 0.218236 -4.447693
v 1.434766 0.218236 -4.447693
v 1.715278 0.218236 -4.447693
v 1.995789 0.218236 -4.447693
v 2.276300 0.218236 -4.447693
v 2.556811 0.218236 -4.447693
v 0.340004 0.218236 -4.447693
v 0.620515 0.218236 -4.447693
v 0.901026 0.218236 -4.447693
v 1.181537 0.218236 -4.447693
v 1.462048 0.218236 -4.447693
v 1.742559 0.218236 -4.447693
v 2.023070 0.218236 -4.447693
v 2.303581 0.218236 -4.447693
v 0.593233 0.216761 -4.453688
v 0.873744 0.216761 -4.453688
v 1.154256 0.216761 -4.453688
v 1.434766 0.216761 -4.453688
v 1.715278 0.216761 -4.453688
v 1.995789 0.216761 -4.453688
v 2.276300 0.216761 -4.453688
v 2.556811 0.216761 -4.453688
v 0.340004 0.216761 -4.453688
v 0.620515 0.216761 -4.453688
v 0.901026 0.216761 -4.453688
v 1.181537 0.216761 -4.453688
v 1.462048 0.216761 -4.453688
v 1.742559 0.216761 -4.453688
v 2.023070 0.216761 -4.453688
v 2.303581 0.216761 -4.453688
v 0.593233 0.218236 -4.459682
v 0.873744 0.218236 -4.459682
v 1.154256 0.218236 -4.459682
v 1.434766 0.218236 -4.459682
v 1.715278 0.218236 -4.459682
v 1.995789 0.218236 -4.459682
v 2.276300 0.218236 -4.459682
v 2.556811 0.218236 -4.459682
v 0.340004 0.218236 -4.459682
v 0.620515 0.218236 -4.459682
v 0.901026 0.218236 -4.459682
v 1.181537 0.218236 -4.459682
v 1.462048 0.218236 -4.459682
v 1.742559 0.218236 -4.459682
v 2.023070 0.218236 -4.459682
v 2.303581 0.218236 -4.459682
v 0.593233 0.237303 -4.459682
v 0.873744 0.237303 -4.459682
v 1.154256 0.237303 -4.459682
v 1.434766 0.237303 -4.459682
v 1.715278 0.237303 -4.459682
v 1.995789 0.237303 -4.459682
v 2.276300 0.237303 -4.459682
v 2.556811 0.237303 -4.459682
v 0.340004 0.237303 -4.459682
v 0.620515 0.237303 -4.459682
v 0.901026 0.237303 -4.459682
v 1.181537 0.237303 -4.459682
v 1.462048 0.237303 -4.459682
v 1.742559 0.237303 -4.459682
v 2.023070 0.237303 -4.459682
v 2.303581 0.237303 -4.459682
v 2.563712 -0.020679 -2.212480
v 2.563712 -0.020679 -2.212480
v 2.566643 -0.020679 -2.223417
v 2.563712 -0.020679 -2.492991
v 2.563712 -0.020679 -2.492991
v 2.566643 -0.020679 -2.503928
v 2.563712 -0.020679 -2.773502
v 2.566643 -0.020679 -2.784440
v 2.563712 -0.020679 -3.054013
v 2.566643 -0.020679 -3.064950
v 2.563712 -0.020679 -3.334524
v 2.566643 -0.020679 -3.345462
v 2.563712 -0.020679 -3.615036
v 2.566643 -0.020679 -3.625973
v 2.563712 -0.020679 -3.895546
v 2.566643 -0.020679 -3.906484
v 2.563712 -0.020679 -4.176058
v 2.566643 -0.020679 -4.186996
v 2.563712 -0.020679 -4.456569
v 2.566643 -0.020679 -4.467506
v 2.563712 0.259026 -2.212480
v 2.563712 0.259026 -2.212480
v 2.566643 0.259026 -2.223417
v 2.563712 0.259026 -2.492991
v 2.563712 0.259026 -2.492991
v 2.566643 0.259026 -2.503928
v 2.563712 0.259026 -2.773502
v 2.566643 0.259026 -2.784440
v 2.563712 0.259026 -3.054013
v 2.566643 0.259026 -3.064950
v 2.563712 0.259026 -3.334524
v 2.566643 0.259026 -3.345462
v 2.563712 0.259026 -3.615036
v 2.566643 0.259026 -3.625973
v 2.563712 0.259026 -3.895546
v 2.566643 0.259026 -3.906484
v 2.563712 0.259026 -4.176058
v 2.566643 0.259026 -4.186996
v 2.563712 0.259026 -4.456569
v 2.566643 0.259026 -4.467506
v 2.574650 -0.020679 -2.231424
v 2.574650 -0.020679 -2.231424
v 2.574650 -0.020679 -2.511935
v 2.574650 -0.020679 -2.792446
v 2.574650 -0.020679 -2.792446
v 2.574650 -0.020679 -3.072958
v 2.574650 -0.020679 -3.072958
v 2.574650 -0.020679 -3.353468
v 2.574650 -0.020679 -3.353468
v 2.574650 -0.020679 -3.633980
v 2.574650 -0.020679 -3.633980
v 2.574650 -0.020679 -3.914491
v 2.574650 -0.020679 -3.914491
v 2.574650 -0.020679 -4.195002
v 2.574650 -0.020679 -4.195002
v 2.574650 -0.020679 -4.475513
v 2.574650 -0.020679 -4.475513
v 2.574650 0.259026 -2.231424
v 2.574650 0.259026 -2.231424
v 2.574650 0.259026 -2.511935
v 2.574650 0.259026 -2.792446
v 2.574650 0.259026 -2.792446
v 2.574650 0.259026 -3.072958
v 2.574650 0.259026 -3.072958
v 2.574650 0.259026 -3.353468
v 2.574650 0.259026 -3.353468
v 2.574650 0.259026 -3.633980
v 2.574650 0.259026 -3.633980
v 2.574650 0.259026 -3.914491
v 2.574650 0.259026 -3.914491
v 2.574650 0.259026 -4.195002
v 2.574650 0.259026 -4.195002
v 2.574649 0.259026 -4.475513
v 2.574649 0.259026 -4.475513
v 2.585587 -0.020679 -2.234355
v 2.585587 -0.020679 -2.514866
v 2.585587 -0.020679 -2.514866
v 2.585587 -0.020679 -2.795377
v 2.585587 -0.020679 -2.795377
v 2.585587 -0.020679 -3.075888
v 2.585587 -0.020679 -3.075888
v 2.585587 -0.020679 -3.356399
v 2.585587 -0.020679 -3.356399
v 2.585587 -0.020679 -3.636910
v 2.585587 -0.020679 -3.636910
v 2.585587 -0.020679 -3.917421
v 2.585587 -0.020679 -3.917421
v 2.585587 -0.020679 -4.197933
v 2.585587 -0.020679 -4.197933
v 2.585587 -0.020679 -4.478444
v 2.585587 -0.020679 -4.478444
v 2.585587 0.259026 -2.234355
v 2.585587 0.259026 -2.514866
v 2.585587 0.259026 -2.514866
v 2.585587 0.259026 -2.795377
v 2.585587 0.259026 -2.795377
v 2.585587 0.259026 -3.075888
v 2.585587 0.259026 -3.075888
v 2.585587 0.259026 -3.356399
v 2.585587 0.259026 -3.356399
v 2.585587 0.259026 -3.636910
v 2.585587 0.259026 -3.636910
v 2.585587 0.259026 -3.917421
v 2.585587 0.259026 -3.917421
v 2.585587 0.259026 -4.197933
v 2.585587 0.259026 -4.197933
v 2.585587 0.259026 -4.478444
v 2.585587 0.259026 -4.478444
v 2.596524 -0.020679 -2.231424
v 2.596524 -0.020679 -2.511935
v 2.596524 -0.020679 -2.792446
v 2.596524 -0.020679 -2.792446
v 2.596524 -0.020679 -3.072958
v 2.596524 -0.020679 -3.072958
v 2.596524 -0.020679 -3.353468
v 2.596524 -0.020679 -3.353468
v 2.596524 -0.020679 -3.633980
v 2.596524 -0.020679 -3.633980
v 2.596524 -0.020679 -3.914491
v 2.596524 -0.020679 -3.914491
v 2.596524 -0.020679 -4.195002
v 2.596524 -0.020679 -4.195002
v 2.596524 -0.020679 -4.475513
v 2.596524 -0.020679 -4.475513
v 2.596524 0.259026 -2.231424
v 2.596524 0.259026 -2.511935
v 2.596524 0.259026 -2.792446
v 2.596524 0.259026 -2.792446
v 2.596524 0.259026 -3.072958
v 2.596524 0.259026 -3.072958
v 2.596524 0.259026 -3.353468
v 2.596524 0.259026 -3.353468
v 2.596524 0.259026 -3.633980
v 2.596524 0.259026 -3.633980
v 2.596524 0.259026 -3.914491
v 2.596524 0.259026 -3.914491
v 2.596524 0.259026 -4.195002
v 2.596524 0.259026 -4.195002
v 2.596524 0.259026 -4.475513
v 2.596524 0.259026 -4.475513
v 2.604531 -0.020679 -2.223417
v 2.604531 -0.020679 -2.223417
v 2.604531 -0.020679 -2.503928
v 2.604531 -0.020679 -2.503928
v 2.604531 -0.020679 -2.784440
v 2.604531 -0.020679 -3.064950
v 2.604531 -0.020679 -3.345462
v 2.604531 -0.020679 -3.625973
v 2.604531 -0.020679 -3.906484
v 2.604531 -0.020679 -4.186996
v 2.604531 -0.020679 -4.467506
v 2.604531 0.259026 -2.223417
v 2.604531 0.259026 -2.223417
v 2.604531 0.259026 -2.503928
v 2.604531 0.259026 -2.503928
v 2.604531 0.259026 -2.784440
v 2.604531 0.259026 -3.064950
v 2.604531 0.259026 -3.345462
v 2.604531 0.259026 -3.625973
v 2.604531 0.259026 -3.906484
v 2.604531 0.259026 -4.186996
v 2.604531 0.259026 -4.467506
v 2.607462 -0.020679 -2.212480
v 2.607462 -0.020679 -2.492991
v 2.607462 -0.020679 -2.773502
v 2.607462 -0.020679 -3.054013
v 2.607462 -0.020679 -3.334524
v 2.607462 -0.020679 -3.615036
v 2.607462 -0.020679 -3.895546
v 2.607462 -0.020679 -4.176058
v 2.607462 -0.020679 -4.456569
v 2.607462 0.259026 -2.212480
v 2.607462 0.259026 -2.492991
v 2.607462 0.259026 -2.773502
v 2.607462 0.259026 -3.054013
v 2.607462 0.259026 -3.334524
v 2.607462 0.259026 -3.615036
v 2.607462 0.259026 -3.895546
v 2.607462 0.259026 -4.176058
v 2.607462 0.259026 -4.456569
v 2.604531 -0.020679 -2.201542
v 2.604531 -0.020679 -2.482054
v 2.604531 -0.020679 -2.762565
v 2.604531 -0.020679 -3.043076
v 2.604531 -0.020679 -3.043076
v 2.604531 -0.020679 -3.323587
v 2.604531 -0.020679 -3.604098
v 2.604531 -0.020679 -3.884609
v 2.604531 -0.020679 -4.165120
v 2.604531 -0.020679 -4.445631
v 2.604531 0.259026 -2.201542
v 2.604531 0.259026 -2.482054
v 2.604531 0.259026 -2.762565
v 2.604531 0.259026 -3.043076
v 2.604531 0.259026 -3.043076
v 2.604531 0.259026 -3.323587
v 2.604531 0.259026 -3.604098
v 2.604531 0.259026 -3.884609
v 2.604531 0.259026 -4.165120
v 2.604531 0.259026 -4.445631
v 2.596524 -0.020679 -2.193536
v 2.596524 -0.020679 -2.193536
v 2.596524 -0.020679 -2.474047
v 2.596524 -0.020679 -2.474047
v 2.596524 -0.020679 -2.754558
v 2.596524 -0.020679 -2.754558
v 2.596524 -0.020679 -3.035069
v 2.596524 -0.020679 -3.035069
v 2.596524 -0.020679 -3.315580
v 2.596524 -0.020679 -3.315580
v 2.596524 -0.020679 -3.596091
v 2.596524 -0.020679 -3.596091
v 2.596524 -0.020679 -3.876602
v 2.596524 -0.020679 -3.876602
v 2.596524 -0.020679 -4.157113
v 2.596524 -0.020679 -4.157113
v 2.596524 -0.020679 -4.437624
v 2.596524 -0.020679 -4.437624
v 2.596524 0.259026 -2.193536
v 2.596524 0.259026 -2.193536
v 2.596524 0.259026 -2.474047
v 2.596524 0.259026 -2.474047
v 2.596524 0.259026 -2.754558
v 2.596524 0.259026 -2.754558
v 2.596524 0.259026 -3.035069
v 2.596524 0.259026 -3.035069
v 2.596524 0.259026 -3.315580
v 2.596524 0.259026 -3.315580
v 2.596524 0.259026 -3.596091
v 2.596524 0.259026 -3.596091
v 2.596524 0.259026 -3.876602
v 2.596524 0.259026 -3.876602
v 2.596524 0.259026 -4.157113
v 2.596524 0.259026 -4.157113
v 2.596524 0.259026 -4.437624
v 2.596524 0.259026 -4.437624
v 2.585587 -0.020679 -2.190605
v 2.585587 -0.020679 -2.471116
v 2.585587 -0.020679 -2.751627
v 2.585587 -0.020679 -3.032138
v 2.585587 -0.020679 -3.312649
v 2.585587 -0.020679 -3.312649
v 2.585587 -0.020679 -3.593160
v 2.585587 -0.020679 -3.593160
v 2.585587 -0.020679 -3.873672
v 2.585587 -0.020679 -3.873672
v 2.585587 -0.020679 -4.154182
v 2.585587 -0.020679 -4.154182
v 2.585587 -0.020679 -4.434694
v 2.585587 -0.020679 -4.434694
v 2.585587 0.259026 -2.190605
v 2.585587 0.259026 -2.471116
v 2.585587 0.259026 -2.751627
v 2.585587 0.259026 -3.032138
v 2.585587 0.259026 -3.312649
v 2.585587 0.259026 -3.312649
v 2.585587 0.259026 -3.593160
v 2.585587 0.259026 -3.593160
v 2.585587 0.259026 -3.873672
v 2.585587 0.259026 -3.873672
v 2.585587 0.259026 -4.154182
v 2.585587 0.259026 -4.154182
v 2.585587 0.259026 -4.434694
v 2.585587 0.259026 -4.434694
v 2.574650 -0.020679 -2.193536
v 2.574650 -0.020679 -2.193536
v 2.574650 -0.020679 -2.474047
v 2.574650 -0.020679 -2.474047
v 2.574650 -0.020679 -2.754558
v 2.574650 -0.020679 -2.754558
v 2.574650 -0.020679 -3.035069
v 2.574650 -0.020679 -3.035069
v 2.574650 -0.020679 -3.315580
v 2.574650 -0.020679 -3.315580
v 2.574650 -0.020679 -3.596091
v 2.574650 -0.020679 -3.596091
v 2.574650 -0.020679 -3.876602
v 2.574650 -0.020679 -3.876602
v 2.574650 -0.020679 -4.157113
v 2.574650 -0.020679 -4.157113
v 2.574650 -0.020679 -4.437624
v 2.574650 -0.020679 -4.437624
v 2.574650 0.259026 -2.193536
v 2.574650 0.259026 -2.193536
v 2.574650 0.259026 -2.474047
v 2.574650 0.259026 -2.474047
v 2.574650 0.259026 -2.754558
v 2.574650 0.259026 -2.754558
v 2.574650 0.259026 -3.035069
v 2.574650 0.259026 -3.035069
v 2.574650 0.259026 -3.315580
v 2.574650 0.259026 -3.315580
v 2.574650 0.259026 -3.596091
v 2.574650 0.259026 -3.596091
v 2.574650 0.259026 -3.876602
v 2.574650 0.259026 -3.876602
v 2.574650 0.259026 -4.157113
v 2.574650 0.259026 -4.157113
v 2.574650 0.259026 -4.437624
v 2.574650 0.259026 -4.437624
v 2.566643 -0.020679 -2.201542
v 2.566643 -0.020679 -2.482054
v 2.566643 -0.020679 -2.762565
v 2.566643 -0.020679 -3.043076
v 2.566643 -0.020679 -3.323587
v 2.566643 -0.020679 -3.604098
v 2.566643 -0.020679 -3.884609
v 2.566643 -0.020679 -4.165120
v 2.566643 -0.020679 -4.445631
v 2.566643 0.259026 -2.201542
v 2.566643 0.259026 -2.482053
v 2.566643 0.259026 -2.762565
v 2.566643 0.259026 -3.043076
v 2.566643 0.259026 -3.323587
v 2.566643 0.259026 -3.604098
v 2.566643 0.259026 -3.884609
v 2.566643 0.259026 -4.165120
v 2.566643 0.259026 -4.445631
v 2.595970 0.233274 -2.471116
v 2.595970 0.233274 -2.471116
v 2.595970 0.233274 -2.217886
v 2.595970 0.233274 -2.217886
v 2.595970 0.233274 -2.751627
v 2.595970 0.233274 -2.751627
v 2.595970 0.233274 -2.498398
v 2.595970 0.233274 -2.498398
v 2.595970 0.233274 -3.032138
v 2.595970 0.233274 -3.032138
v 2.595970 0.233274 -2.778908
v 2.595970 0.233274 -2.778908
v 2.595970 0.233274 -3.312649
v 2.595970 0.233274 -3.312649
v 2.595970 0.233274 -3.059420
v 2.595970 0.233274 -3.059420
v 2.595970 0.233274 -3.593160
v 2.595970 0.233274 -3.593160
v 2.595970 0.233274 -3.339931
v 2.595970 0.233274 -3.339931
v 2.595970 0.233274 -3.873672
v 2.595970 0.233274 -3.873672
v 2.595970 0.233274 -3.620442
v 2.595970 0.233274 -3.620442
v 2.595970 0.233274 -4.154182
v 2.595970 0.233274 -4.154182
v 2.595970 0.233274 -3.900953
v 2.595970 0.233274 -3.900953
v 2.595970 0.233274 -4.434694
v 2.595970 0.233274 -4.434694
v 2.595970 0.233274 -4.181464
v 2.595970 0.233274 -4.181464
v 2.597576 0.227770 -2.471116
v 2.597576 0.227770 -2.471116
v 2.597576 0.227770 -2.217886
v 2.597576 0.227770 -2.217886
v 2.597576 0.227770 -2.751627
v 2.597576 0.227770 -2.751627
v 2.597576 0.227770 -2.498398
v 2.597576 0.227770 -2.498398
v 2.597576 0.227770 -3.032138
v 2.597576 0.227770 -3.032138
v 2.597576 0.227770 -2.778909
v 2.597576 0.227770 -2.778909
v 2.597576 0.227770 -3.312649
v 2.597576 0.227770 -3.312649
v 2.597576 0.227770 -3.059420
v 2.597576 0.227770 -3.059420
v 2.597576 0.227770 -3.593160
v 2.597576 0.227770 -3.593160
v 2.597576 0.227770 -3.339931
v 2.597576 0.227770 -3.339931
v 2.597576 0.227770 -3.873672
v 2.597576 0.227770 -3.873672
v 2.597576 0.227770 -3.620442
v 2.597576 0.227770 -3.620442
v 2.597576 0.227770 -4.154182
v 2.597576 0.227770 -4.154182
v 2.597576 0.227770 -3.900953
v 2.597576 0.227770 -3.900953
v 2.597576 0.227770 -4.434694
v 2.597576 0.227770 -4.434694
v 2.597576 0.227770 -4.181464
v 2.597576 0.227770 -4.181464
v 2.595970 0.222265 -2.471116
v 2.595970 0.222265 -2.471116
v 2.595970 0.222265 -2.217886
v 2.595970 0.222265 -2.217886
v 2.595970 0.222265 -2.751627
v 2.595970 0.222265 -2.751627
v 2.595970 0.222265 -2.498398
v 2.595970 0.222265 -2.498398
v 2.595970 0.222265 -3.032138
v 2.595970 0.222265 -3.032138
v 2.595970 0.222265 -2.778909
v 2.595970 0.222265 -2.778909
v 2.595970 0.222265 -3.312649
v 2.595970 0.222265 -3.312649
v 2.595970 0.222265 -3.059420
v 2.595970 0.222265 -3.059420
v 2.595970 0.222265 -3.593160
v 2.595970 0.222265 -3.593160
v 2.595970 0.222265 -3.339931
v 2.595970 0.222265 -3.339931
v 2.595970 0.222265 -3.873672
v 2.595970 0.222265 -3.873672
v 2.595970 0.222265 -3.620442
v 2.595970 0.222265 -3.620442
v 2.595970 0.222265 -4.154182
v 2.595970 0.222265 -4.154182
v 2.595970 0.222265 -3.900953
v 2.595970 0.222265 -3.900953
v 2.595970 0.222265 -4.434694
v 2.595970 0.222265 -4.434694
v 2.595970 0.222265 -4.181464
v 2.595970 0.222265 -4.181464
v 2.575204 0.222265 -2.471116
v 2.575204 0.222265 -2.471116
v 2.575204 0.222265 -2.217886
v 2.575204 0.222265 -2.217886
v 2.575204 0.222265 -2.751627
v 2.575204 0.222265 -2.751627
v 2.575204 0.222265 -2.498398
v 2.575204 0.222265 -2.498398
v 2.575204 0.222265 -3.032138
v 2.575204 0.222265 -3.032138
v 2.575204 0.222265 -2.778909
v 2.575204 0.222265 -2.778909
v 2.575204 0.222265 -3.312649
v 2.575204 0.222265 -3.312649
v 2.575204 0.222265 -3.059420
v 2.575204 0.222265 -3.059420
v 2.575204 0.222265 -3.593160
v 2.575204 0.222265 -3.593160
v 2.575204 0.222265 -3.339931
v 2.575204 0.222265 -3.339931
v 2.575204 0.222265 -3.873672
v 2.575204 0.222265 -3.873672
v 2.575204 0.222265 -3.620442
v 2.575204 0.222265 -3.620442
v 2.575204 0.222265 -4.154182
v 2.575204 0.222265 -4.154182
v 2.575204 0.222265 -3.900953
v 2.575204 0.222265 -3.900953
v 2.575204 0.222265 -4.434694
v 2.575204 0.222265 -4.434694
v 2.575204 0.222265 -4.181464
v 2.575204 0.222265 -4.181464
v 2.573598 0.227770 -2.471116
v 2.573598 0.227770 -2.471116
v 2.573598 0.227770 -2.217886
v 2.573598 0.227770 -2.217886
v 2.573598 0.227770 -2.751627
v 2.573598 0.227770 -2.751627
v 2.573598 0.227770 -2.498398
v 2.573598 0.227770 -2.498398
v 2.573598 0.227770 -3.032138
v 2.573598 0.227770 -3.032138
v 2.573598 0.227770 -2.778909
v 2.573598 0.227770 -2.778909
v 2.573598 0.227770 -3.312649
v 2.573598 0.227770 -3.312649
v 2.573598 0.227770 -3.059420
v 2.573598 0.227770 -3.059420
v 2.573598 0.227770 -3.593160
v 2.573598 0.227770 -3.593160
v 2.573598 0.227770 -3.339931
v 2.573598 0.227770 -3.339931
v 2.573598 0.227770 -3.873672
v 2.573598 0.227770 -3.873672
v 2.573598 0.227770 -3.620442
v 2.573598 0.227770 -3.620442
v 2.573598 0.227770 -4.154182
v 2.573598 0.227770 -4.154182
v 2.573598 0.227770 -3.900953
v 2.573598 0.227770 -3.900953
v 2.573598 0.227770 -4.434694
v 2.573598 0.227770 -4.434694
v 2.573598 0.227770 -4.181464
v 2.573598 0.227770 -4.181464
v 2.575204 0.233274 -2.471116
v 2.575204 0.233274 -2.471116
v 2.575204 0.233274 -2.217886
v 2.575204 0.233274 -2.217886
v 2.575204 0.233274 -2.751627
v 2.575204 0.233274 -2.751627
v 2.575204 0.233274 -2.498398
v 2.575204 0.233274 -2.498398
v 2.575204 0.233274 -3.032138
v 2.575204 0.233274 -3.032138
v 2.575204 0.233274 -2.778909
v 2.575204 0.233274 -2.778909
v 2.575204 0.233274 -3.312649
v 2.575204 0.233274 -3.312649
v 2.575204 0.233274 -3.059420
v 2.575204 0.233274 -3.059420
v 2.575204 0.233274 -3.593160
v 2.575204 0.233274 -3.593160
v 2.575204 0.233274 -3.339931
v 2.575204 0.233274 -3.339931
v 2.575204 0.233274 -3.873672
v 2.575204 0.233274 -3.873672
v 2.575204 0.233274 -3.620442
v 2.575204 0.233274 -3.620442
v 2.575204 0.233274 -4.154182
v 2.575204 0.233274 -4.154182
v 2.575204 0.233274 -3.900953
v 2.575204 0.233274 -3.900953
v 2.575204 0.233274 -4.434694
v 2.575204 0.233274 -4.434694
v 2.575204 0.233274 -4.181464
v 2.575204 0.233274 -4.181464
v 2.591582 0.237303 -2.471116
v 2.585587 0.238778 -2.471116
v 2.591582 0.237303 -2.751627
v 2.585587 0.238778 -2.751627
v 2.591582 0.237303 -3.032138
v 2.585587 0.238778 -3.032138
v 2.591582 0.237303 -3.312649
v 2.585587 0.238778 -3.312649
v 2.591582 0.237303 -3.593160
v 2.585587 0.238778 -3.593160
v 2.591582 0.237303 -3.873672
v 2.585587 0.238778 -3.873672
v 2.591582 0.237303 -4.154182
v 2.585587 0.238778 -4.154182
v 2.591582 0.237303 -4.434694
v 2.585587 0.238778 -4.434694
v 2.591582 0.237303 -2.217886
v 2.585587 0.238778 -2.217886
v 2.591582 0.237303 -2.498398
v 2.585587 0.238778 -2.498398
v 2.591582 0.237303 -2.778909
v 2.585587 0.238778 -2.778909
v 2.591582 0.237303 -3.059420
v 2.585587 0.238778 -3.059420
v 2.591582 0.237303 -3.339931
v 2.585587 0.238778 -3.339931
v 2.591582 0.237303 -3.620442
v 2.585587 0.238778 -3.620442
v 2.591582 0.237303 -3.900953
v 2.585587 0.238778 -3.900953
v 2.591582 0.237303 -4.181464
v 2.585587 0.238778 -4.181464
v 2.591582 0.218236 -2.471116
v 2.591582 0.218236 -2.751627
v 2.591582 0.218236 -3.032138
v 2.591582 0.218236 -3.312649
v 2.591582 0.218236 -3.593160
v 2.591582 0.218236 -3.873672
v 2.591582 0.218236 -4.154182
v 2.591582 0.218236 -4.434694
v 2.591582 0.218236 -2.217886
v 2.591582 0.218236 -2.498398
v 2.591582 0.218236 -2.778908
v 2.591582 0.218236 -3.059420
v 2.591582 0.218236 -3.339931
v 2.591582 0.218236 -3.620442
v 2.591582 0.218236 -3.900953
v 2.591582 0.218236 -4.181464
v 2.585587 0.216761 -2.471116
v 2.585587 0.216761 -2.751627
v 2.585587 0.216761 -3.032138
v 2.585587 0.216761 -3.312649
v 2.585587 0.216761 -3.593160
v 2.585587 0.216761 -3.873672
v 2.585587 0.216761 -4.154182
v 2.585587 0.216761 -4.434694
v 2.585587 0.216761 -2.217886
v 2.585587 0.216761 -2.498398
v 2.585587 0.216761 -2.778909
v 2.585587 0.216761 -3.059420
v 2.585587 0.216761 -3.339931
v 2.585587 0.216761 -3.620442
v 2.585587 0.216761 -3.900953
v 2.585587 0.216761 -4.181464
v 2.579592 0.218236 -2.471116
v 2.579592 0.218236 -2.751627
v 2.579592 0.218236 -3.032138
v 2.579592 0.218236 -3.312649
v 2.579592 0.218236 -3.593160
v 2.579592 0.218236 -3.873672
v 2.579592 0.218236 -4.154182
v 2.579592 0.218236 -4.434694
v 2.579592 0.218236 -2.217886
v 2.579592 0.218236 -2.498398
v 2.579592 0.218236 -2.778909
v 2.579592 0.218236 -3.059420
v 2.579592 0.218236 -3.339931
v 2.579592 0.218236 -3.620442
v 2.579592 0.218236 -3.900953
v 2.579592 0.218236 -4.181464
v 2.579592 0.237303 -2.471116
v 2.579592 0.237303 -2.751627
v 2.579592 0.237303 -3.032138
v 2.579592 0.237303 -3.312649
v 2.579592 0.237303 -3.593160
v 2.579592 0.237303 -3.873672
v 2.579592 0.237303 -4.154182
v 2.579592 0.237303 -4.434694
v 2.579592 0.237303 -2.217886
v 2.579592 0.237303 -2.498398
v 2.579592 0.237303 -2.778909
v 2.579592 0.237303 -3.059420
v 2.579592 0.237303 -3.339931
v 2.579592 0.237303 -3.620442
v 2.579592 0.237303 -3.900953
v 2.579592 0.237303 -4.181464
v 0.307659 -0.020679 -2.212480
v 0.307659 -0.020679 -2.212480
v 0.310590 -0.020679 -2.223417
v 0.307659 -0.020679 -2.492991
v 0.307659 -0.020679 -2.492991
v 0.310590 -0.020679 -2.503928
v 0.307659 -0.020679 -2.773502
v 0.307659 -0.020679 -2.773502
v 0.310590 -0.020679 -2.784439
v 0.307659 -0.020679 -3.054013
v 0.307659 -0.020679 -3.054013
v 0.310590 -0.020679 -3.064950
v 0.307659 -0.020679 -3.334524
v 0.307659 -0.020679 -3.334524
v 0.310590 -0.020679 -3.345462
v 0.307659 -0.020679 -3.615035
v 0.307659 -0.020679 -3.615035
v 0.310590 -0.020679 -3.625973
v 0.307659 -0.020679 -3.895546
v 0.307659 -0.020679 -3.895546
v 0.310590 -0.020679 -3.906484
v 0.307659 -0.020679 -4.176058
v 0.307659 -0.020679 -4.176058
v 0.310590 -0.020679 -4.186996
v 0.307659 -0.020679 -4.456569
v 0.307659 -0.020679 -4.456569
v 0.310590 -0.020679 -4.467506
v 0.307659 0.259026 -2.212480
v 0.307659 0.259026 -2.212480
v 0.310590 0.259026 -2.223417
v 0.307659 0.259026 -2.492991
v 0.307659 0.259026 -2.492991
v 0.310590 0.259026 -2.503928
v 0.307659 0.259026 -2.773502
v 0.307659 0.259026 -2.773502
v 0.310590 0.259026 -2.784439
v 0.307659 0.259026 -3.054013
v 0.307659 0.259026 -3.054013
v 0.310590 0.259026 -3.064950
v 0.307659 0.259026 -3.334524
v 0.307659 0.259026 -3.334524
v 0.310590 0.259026 -3.345462
v 0.307659 0.259026 -3.615035
v 0.307659 0.259026 -3.615035
v 0.310590 0.259026 -3.625973
v 0.307659 0.259026 -3.895546
v 0.307659 0.259026 -3.895546
v 0.310590 0.259026 -3.906484
v 0.307659 0.259026 -4.176058
v 0.307659 0.259026 -4.176058
v 0.310590 0.259026 -4.186996
v 0.307659 0.259026 -4.456569
v 0.307659 0.259026 -4.456569
v 0.310590 0.259026 -4.467506
v 0.318596 -0.020679 -2.231424
v 0.318596 -0.020679 -2.511935
v 0.318596 -0.020679 -2.792446
v 0.318596 -0.020679 -3.072957
v 0.318596 -0.020679 -3.353468
v 0.318596 -0.020679 -3.633980
v 0.318596 -0.020679 -3.914491
v 0.318596 -0.020679 -4.195002
v 0.318596 -0.020679 -4.475513
v 0.318596 0.259026 -2.231424
v 0.318596 0.259026 -2.511935
v 0.318596 0.259026 -2.792446
v 0.318596 0.259026 -3.072957
v 0.318596 0.259026 -3.353468
v 0.318596 0.259026 -3.633980
v 0.318596 0.259026 -3.914491
v 0.318596 0.259026 -4.195002
v 0.318596 0.259026 -4.475513
v 0.329534 -0.020679 -2.234354
v 0.329534 -0.020679 -2.514866
v 0.329534 -0.020679 -2.514866
v 0.329534 -0.020679 -2.795377
v 0.329534 -0.020679 -2.795377
v 0.329534 -0.020679 -3.075888
v 0.329534 -0.020679 -3.075888
v 0.329534 -0.020679 -3.356399
v 0.329534 -0.020679 -3.356399
v 0.329534 -0.020679 -3.636910
v 0.329534 -0.020679 -3.636910
v 0.329534 -0.020679 -3.917421
v 0.329534 -0.020679 -3.917421
v 0.329534 -0.020679 -4.197933
v 0.329534 -0.020679 -4.197933
v 0.329534 -0.020679 -4.478444
v 0.329534 -0.020679 -4.478444
v 0.329534 0.259026 -2.234354
v 0.329534 0.259026 -2.514866
v 0.329534 0.259026 -2.514866
v 0.329534 0.259026 -2.795377
v 0.329534 0.259026 -2.795377
v 0.329534 0.259026 -3.075888
v 0.329534 0.259026 -3.075888
v 0.329534 0.259026 -3.356399
v 0.329534 0.259026 -3.356399
v 0.329534 0.259026 -3.636910
v 0.329534 0.259026 -3.636910
v 0.329534 0.259026 -3.917421
v 0.329534 0.259026 -3.917421
v 0.329534 0.259026 -4.197933
v 0.329534 0.259026 -4.197933
v 0.329534 0.259026 -4.478444
v 0.329534 0.259026 -4.478444
v 0.340471 -0.020679 -2.231424
v 0.340471 -0.020679 -2.511935
v 0.340471 -0.020679 -2.792446
v 0.340471 -0.020679 -3.072957
v 0.340471 -0.020679 -3.353468
v 0.340471 -0.020679 -3.633980
v 0.340471 -0.020679 -3.914491
v 0.340471 -0.020679 -4.195002
v 0.340471 -0.020679 -4.475513
v 0.340471 0.259026 -2.231424
v 0.340471 0.259026 -2.511935
v 0.340471 0.259026 -2.792446
v 0.340471 0.259026 -3.072957
v 0.340471 0.259026 -3.353468
v 0.340471 0.259026 -3.633980
v 0.340471 0.259026 -3.914491
v 0.340471 0.259026 -4.195002
v 0.340471 0.259026 -4.475513
v 0.348478 -0.020679 -2.223417
v 0.348478 -0.020679 -2.223417
v 0.348478 -0.020679 -2.503928
v 0.348478 -0.020679 -2.503928
v 0.348478 -0.020679 -2.784439
v 0.348478 -0.020679 -3.064950
v 0.348478 -0.020679 -3.345462
v 0.348478 -0.020679 -3.625973
v 0.348478 -0.020679 -3.906484
v 0.348478 -0.020679 -4.186996
v 0.348478 -0.020679 -4.467506
v 0.348478 0.259026 -2.223417
v 0.348478 0.259026 -2.223417
v 0.348478 0.259026 -2.503928
v 0.348478 0.259026 -2.503928
v 0.348478 0.259026 -2.784439
v 0.348478 0.259026 -3.064950
v 0.348478 0.259026 -3.345462
v 0.348478 0.259026 -3.625973
v 0.348478 0.259026 -3.906484
v 0.348478 0.259026 -4.186996
v 0.348478 0.259026 -4.467506
v 0.351409 -0.020679 -2.212480
v 0.351409 -0.020679 -2.212480
v 0.351409 -0.020679 -2.492991
v 0.351409 -0.020679 -2.492991
v 0.351409 -0.020679 -2.773502
v 0.351409 -0.020679 -2.773502
v 0.351409 -0.020679 -3.054013
v 0.351409 -0.020679 -3.054013
v 0.351409 -0.020679 -3.334524
v 0.351409 -0.020679 -3.334524
v 0.351409 -0.020679 -3.615035
v 0.351409 -0.020679 -3.615035
v 0.351409 -0.020679 -3.895546
v 0.351409 -0.020679 -3.895546
v 0.351409 -0.020679 -4.176058
v 0.351409 -0.020679 -4.176058
v 0.351409 -0.020679 -4.456569
v 0.351409 -0.020679 -4.456569
v 0.351409 0.259026 -2.212480
v 0.351409 0.259026 -2.212480
v 0.351409 0.259026 -2.492991
v 0.351409 0.259026 -2.492991
v 0.351409 0.259026 -2.773502
v 0.351409 0.259026 -2.773502
v 0.351409 0.259026 -3.054013
v 0.351409 0.259026 -3.054013
v 0.351409 0.259026 -3.334524
v 0.351409 0.259026 -3.334524
v 0.351409 0.259026 -3.615035
v 0.351409 0.259026 -3.615035
v 0.351409 0.259026 -3.895546
v 0.351409 0.259026 -3.895546
v 0.351409 0.259026 -4.176058
v 0.351409 0.259026 -4.176058
v 0.351409 0.259026 -4.456569
v 0.351409 0.259026 -4.456569
v 0.348478 -0.020679 -2.201542
v 0.348478 -0.020679 -2.482053
v 0.348478 -0.020679 -2.762564
v 0.348478 -0.020679 -3.043076
v 0.348478 -0.020679 -3.043076
v 0.348478 -0.020679 -3.323586
v 0.348478 -0.020679 -3.604098
v 0.348478 -0.020679 -3.884609
v 0.348478 -0.020679 -4.165120
v 0.348478 -0.020679 -4.445631
v 0.348478 0.259026 -2.201542
v 0.348478 0.259026 -2.482053
v 0.348478 0.259026 -2.762564
v 0.348478 0.259026 -3.043076
v 0.348478 0.259026 -3.043076
v 0.348478 0.259026 -3.323586
v 0.348478 0.259026 -3.604098
v 0.348478 0.259026 -3.884609
v 0.348478 0.259026 -4.165120
v 0.348478 0.259026 -4.445631
v 0.340471 -0.020679 -2.193536
v 0.340471 -0.020679 -2.474047
v 0.340471 -0.020679 -2.474047
v 0.340471 -0.020679 -2.754558
v 0.340471 -0.020679 -2.754558
v 0.340471 -0.020679 -3.035069
v 0.340471 -0.020679 -3.035069
v 0.340471 -0.020679 -3.315580
v 0.340471 -0.020679 -3.596091
v 0.340471 -0.020679 -3.876602
v 0.340471 -0.020679 -4.157113
v 0.340471 -0.020679 -4.437624
v 0.340471 0.259026 -2.193536
v 0.340471 0.259026 -2.474046
v 0.340471 0.259026 -2.474046
v 0.340471 0.259026 -2.754558
v 0.340471 0.259026 -2.754558
v 0.340471 0.259026 -3.035069
v 0.340471 0.259026 -3.035069
v 0.340471 0.259026 -3.315580
v 0.340471 0.259026 -3.596091
v 0.340471 0.259026 -3.876602
v 0.340471 0.259026 -4.157113
v 0.340471 0.259026 -4.437624
v 0.329534 -0.020679 -2.190605
v 0.329534 -0.020679 -2.471116
v 0.329534 -0.020679 -2.751627
v 0.329534 -0.020679 -3.032138
v 0.329534 -0.020679 -3.312649
v 0.329534 -0.020679 -3.312649
v 0.329534 -0.020679 -3.593160
v 0.329534 -0.020679 -3.593160
v 0.329534 -0.020679 -3.873672
v 0.329534 -0.020679 -3.873672
v 0.329534 -0.020679 -4.154182
v 0.329534 -0.020679 -4.154182
v 0.329534 -0.020679 -4.434694
v 0.329534 -0.020679 -4.434694
v 0.329534 0.259026 -2.190605
v 0.329534 0.259026 -2.471116
v 0.329534 0.259026 -2.751627
v 0.329534 0.259026 -3.032138
v 0.329534 0.259026 -3.312649
v 0.329534 0.259026 -3.312649
v 0.329534 0.259026 -3.593160
v 0.329534 0.259026 -3.593160
v 0.329534 0.259026 -3.873672
v 0.329534 0.259026 -3.873672
v 0.329534 0.259026 -4.154182
v 0.329534 0.259026 -4.154182
v 0.329534 0.259026 -4.434694
v 0.329534 0.259026 -4.434694
v 0.318596 -0.020679 -2.193535
v 0.318596 -0.020679 -2.193535
v 0.318596 -0.020679 -2.474046
v 0.318596 -0.020679 -2.474046
v 0.318596 -0.020679 -2.754558
v 0.318596 -0.020679 -2.754558
v 0.318596 -0.020679 -3.035069
v 0.318596 -0.020679 -3.035069
v 0.318596 -0.020679 -3.315580
v 0.318596 -0.020679 -3.596091
v 0.318596 -0.020679 -3.876602
v 0.318596 -0.020679 -4.157113
v 0.318596 -0.020679 -4.437624
v 0.318596 0.259026 -2.193535
v 0.318596 0.259026 -2.193535
v 0.318596 0.259026 -2.474046
v 0.318596 0.259026 -2.474046
v 0.318596 0.259026 -2.754558
v 0.318596 0.259026 -2.754558
v 0.318596 0.259026 -3.035069
v 0.318596 0.259026 -3.035069
v 0.318596 0.259026 -3.315580
v 0.318596 0.259026 -3.596091
v 0.318596 0.259026 -3.876602
v 0.318596 0.259026 -4.157113
v 0.318596 0.259026 -4.437624
v 0.310590 -0.020679 -2.201542
v 0.310590 -0.020679 -2.201542
v 0.310590 -0.020679 -2.482053
v 0.310590 -0.020679 -2.482053
v 0.310590 -0.020679 -2.762564
v 0.310590 -0.020679 -3.043076
v 0.310590 -0.020679 -3.323586
v 0.310590 -0.020679 -3.604098
v 0.310590 -0.020679 -3.884609
v 0.310590 -0.020679 -4.165120
v 0.310590 -0.020679 -4.445631
v 0.310590 0.259026 -2.201542
v 0.310590 0.259026 -2.201542
v 0.310590 0.259026 -2.482053
v 0.310590 0.259026 -2.482053
v 0.310590 0.259026 -2.762564
v 0.310590 0.259026 -3.043076
v 0.310590 0.259026 -3.323586
v 0.310590 0.259026 -3.604098
v 0.310590 0.259026 -3.884609
v 0.310590 0.259026 -4.165120
v 0.310590 0.259026 -4.445631
v 0.339917 0.233274 -2.471116
v 0.339917 0.233274 -2.471116
v 0.339917 0.233274 -2.217886
v 0.339917 0.233274 -2.217886
v 0.339917 0.233274 -2.751627
v 0.339917 0.233274 -2.751627
v 0.339917 0.233274 -2.498397
v 0.339917 0.233274 -2.498397
v 0.339917 0.233274 -3.032138
v 0.339917 0.233274 -3.032138
v 0.339917 0.233274 -2.778908
v 0.339917 0.233274 -2.778908
v 0.339917 0.233274 -3.312649
v 0.339917 0.233274 -3.312649
v 0.339917 0.233274 -3.059420
v 0.339917 0.233274 -3.059420
v 0.339917 0.233274 -3.593160
v 0.339917 0.233274 -3.593160
v 0.339917 0.233274 -3.339931
v 0.339917 0.233274 -3.339931
v 0.339917 0.233274 -3.873672
v 0.339917 0.233274 -3.873672
v 0.339917 0.233274 -3.620442
v 0.339917 0.233274 -3.620442
v 0.339917 0.233274 -4.154182
v 0.339917 0.233274 -4.154182
v 0.339917 0.233274 -3.900953
v 0.339917 0.233274 -3.900953
v 0.339917 0.233274 -4.434694
v 0.339917 0.233274 -4.434694
v 0.339917 0.233274 -4.181464
v 0.339917 0.233274 -4.181464
v 0.341523 0.227770 -2.471116
v 0.341523 0.227770 -2.471116
v 0.341523 0.227770 -2.217886
v 0.341523 0.227770 -2.217886
v 0.341523 0.227770 -2.751627
v 0.341523 0.227770 -2.751627
v 0.341523 0.227770 -2.498397
v 0.341523 0.227770 -2.498397
v 0.341523 0.227770 -3.032138
v 0.341523 0.227770 -3.032138
v 0.341523 0.227770 -2.778908
v 0.341523 0.227770 -2.778908
v 0.341523 0.227770 -3.312649
v 0.341523 0.227770 -3.312649
v 0.341523 0.227770 -3.059420
v 0.341523 0.227770 -3.059420
v 0.341523 0.227770 -3.593160
v 0.341523 0.227770 -3.593160
v 0.341523 0.227770 -3.339931
v 0.341523 0.227770 -3.339931
v 0.341523 0.227770 -3.873672
v 0.341523 0.227770 -3.873672
v 0.341523 0.227770 -3.620442
v 0.341523 0.227770 -3.620442
v 0.341523 0.227770 -4.154182
v 0.341523 0.227770 -4.154182
v 0.341523 0.227770 -3.900953
v 0.341523 0.227770 -3.900953
v 0.341523 0.227770 -4.434694
v 0.341523 0.227770 -4.434694
v 0.341523 0.227770 -4.181464
v 0.341523 0.227770 -4.181464
v 0.339917 0.222265 -2.471116
v 0.339917 0.222265 -2.471116
v 0.339917 0.222265 -2.217886
v 0.339917 0.222265 -2.217886
v 0.339917 0.222265 -2.751627
v 0.339917 0.222265 -2.751627
v 0.339917 0.222265 -2.498397
v 0.339917 0.222265 -2.498397
v 0.339917 0.222265 -3.032138
v 0.339917 0.222265 -3.032138
v 0.339917 0.222265 -2.778908
v 0.339917 0.222265 -2.778908
v 0.339917 0.222265 -3.312649
v 0.339917 0.222265 -3.312649
v 0.339917 0.222265 -3.059420
v 0.339917 0.222265 -3.059420
v 0.339917 0.222265 -3.593160
v 0.339917 0.222265 -3.593160
v 0.339917 0.222265 -3.339931
v 0.339917 0.222265 -3.339931
v 0.339917 0.222265 -3.873672
v 0.339917 0.222265 -3.873672
v 0.339917 0.222265 -3.620442
v 0.339917 0.222265 -3.620442
v 0.339917 0.222265 -4.154182
v 0.339917 0.222265 -4.154182
v 0.339917 0.222265 -3.900953
v 0.339917 0.222265 -3.900953
v 0.339917 0.222265 -4.434694
v 0.339917 0.222265 -4.434694
v 0.339917 0.222265 -4.181464
v 0.339917 0.222265 -4.181464
v 0.319151 0.222265 -2.471116
v 0.319151 0.222265 -2.471116
v 0.319151 0.222265 -2.217886
v 0.319151 0.222265 -2.217886
v 0.319151 0.222265 -2.751627
v 0.319151 0.222265 -2.751627
v 0.319151 0.222265 -2.498397
v 0.319151 0.222265 -2.498397
v 0.319151 0.222265 -3.032138
v 0.319151 0.222265 -3.032138
v 0.319151 0.222265 -2.778908
v 0.319151 0.222265 -2.778908
v 0.319151 0.222265 -3.312649
v 0.319151 0.222265 -3.312649
v 0.319151 0.222265 -3.059420
v 0.319151 0.222265 -3.059420
v 0.319151 0.222265 -3.593160
v 0.319151 0.222265 -3.593160
v 0.319151 0.222265 -3.339931
v 0.319151 0.222265 -3.339931
v 0.319151 0.222265 -3.873672
v 0.319151 0.222265 -3.873672
v 0.319151 0.222265 -3.620442
v 0.319151 0.222265 -3.620442
v 0.319151 0.222265 -4.154182
v 0.319151 0.222265 -4.154182
v 0.319151 0.222265 -3.900953
v 0.319151 0.222265 -3.900953
v 0.319151 0.222265 -4.434694
v 0.319151 0.222265 -4.434694
v 0.319151 0.222265 -4.181464
v 0.319151 0.222265 -4.181464
v 0.317544 0.227770 -2.471116
v 0.317544 0.227770 -2.471116
v 0.317544 0.227770 -2.217886
v 0.317544 0.227770 -2.217886
v 0.317544 0.227770 -2.751627
v 0.317544 0.227770 -2.751627
v 0.317544 0.227770 -2.498397
v 0.317544 0.227770 -2.498397
v 0.317544 0.227770 -3.032138
v 0.317544 0.227770 -3.032138
v 0.317544 0.227770 -2.778908
v 0.317544 0.227770 -2.778908
v 0.317544 0.227770 -3.312649
v 0.317544 0.227770 -3.312649
v 0.317544 0.227770 -3.059420
v 0.317544 0.227770 -3.059420
v 0.317544 0.227770 -3.593160
v 0.317544 0.227770 -3.593160
v 0.317544 0.227770 -3.339931
v 0.317544 0.227770 -3.339931
v 0.317544 0.227770 -3.873672
v 0.317544 0.227770 -3.873672
v 0.317544 0.227770 -3.620442
v 0.317544 0.227770 -3.620442
v 0.317544 0.227770 -4.154182
v 0.317544 0.227770 -4.154182
v 0.317544 0.227770 -3.900953
v 0.317544 0.227770 -3.900953
v 0.317544 0.227770 -4.434694
v 0.317544 0.227770 -4.434694
v 0.317544 0.227770 -4.181464
v 0.317544 0.227770 -4.181464
v 0.319151 0.233274 -2.471116
v 0.319151 0.233274 -2.471116
v 0.319151 0.233274 -2.217886
v 0.319151 0.233274 -2.217886
v 0.319151 0.233274 -2.751627
v 0.319151 0.233274 -2.751627
v 0.319151 0.233274 -2.498397
v 0.319151 0.233274 -2.498397
v 0.319151 0.233274 -3.032138
v 0.319151 0.233274 -3.032138
v 0.319151 0.233274 -2.778908
v 0.319151 0.233274 -2.778908
v 0.319151 0.233274 -3.312649
v 0.319151 0.233274 -3.312649
v 0.319151 0.233274 -3.059420
v 0.319151 0.233274 -3.059420
v 0.319151 0.233274 -3.593160
v 0.319151 0.233274 -3.593160
v 0.319151 0.233274 -3.339931
v 0.319151 0.233274 -3.339931
v 0.319151 0.233274 -3.873672
v 0.319151 0.233274 -3.873672
v 0.319151 0.233274 -3.620442
v 0.319151 0.233274 -3.620442
v 0.319151 0.233274 -4.154182
v 0.319151 0.233274 -4.154182
v 0.319151 0.233274 -3.900953
v 0.319151 0.233274 -3.900953
v 0.319151 0.233274 -4.434694
v 0.319151 0.233274 -4.434694
v 0.319151 0.233274 -4.181464
v 0.319151 0.233274 -4.181464
v 0.335528 0.237303 -2.471116
v 0.329534 0.238778 -2.471116
v 0.335528 0.237303 -2.751627
v 0.329534 0.238778 -2.751627
v 0.335528 0.237303 -3.032138
v 0.329534 0.238778 -3.032138
v 0.335528 0.237303 -3.312649
v 0.329534 0.238778 -3.312649
v 0.335528 0.237303 -3.593160
v 0.329534 0.238778 -3.593160
v 0.335528 0.237303 -3.873672
v 0.329534 0.238778 -3.873672
v 0.335528 0.237303 -4.154182
v 0.329534 0.238778 -4.154182
v 0.335528 0.237303 -4.434694
v 0.329534 0.238778 -4.434694
v 0.335528 0.237303 -2.217886
v 0.329534 0.238778 -2.217886
v 0.335528 0.237303 -2.498397
v 0.329534 0.238778 -2.498397
v 0.335528 0.237303 -2.778908
v 0.329534 0.238778 -2.778908
v 0.335528 0.237303 -3.059420
v 0.329534 0.238778 -3.059420
v 0.335528 0.237303 -3.339931
v 0.329534 0.238778 -3.339931
v 0.335528 0.237303 -3.620442
v 0.329534 0.238778 -3.620442
v 0.335528 0.237303 -3.900953
v 0.329534 0.238778 -3.900953
v 0.335528 0.237303 -4.181464
v 0.329534 0.238778 -4.181464
v 0.335528 0.218236 -2.471116
v 0.335528 0.218236 -2.751627
v 0.335528 0.218236 -3.032138
v 0.335528 0.218236 -3.312649
v 0.335528 0.218236 -3.593160
v 0.335528 0.218236 -3.873672
v 0.335528 0.218236 -4.154182
v 0.335528 0.218236 -4.434694
v 0.335528 0.218236 -2.217886
v 0.335528 0.218236 -2.498397
v 0.335528 0.218236 -2.778908
v 0.335528 0.218236 -3.059420
v 0.335528 0.218236 -3.339931
v 0.335528 0.218236 -3.620442
v 0.335528 0.218236 -3.900953
v 0.335528 0.218236 -4.181464
v 0.329534 0.216761 -2.471116
v 0.329534 0.216761 -2.751627
v 0.329534 0.216761 -3.032138
v 0.329534 0.216761 -3.312649
v 0.329534 0.216761 -3.593160
v 0.329534 0.216761 -3.873672
v 0.329534 0.216761 -4.154182
v 0.329534 0.216761 -4.434694
v 0.329534 0.216761 -2.217886
v 0.329534 0.216761 -2.498397
v 0.329534 0.216761 -2.778908
v 0.329534 0.216761 -3.059420
v 0.329534 0.216761 -3.339931
v 0.329534 0.216761 -3.620442
v 0.329534 0.216761 -3.900953
v 0.329534 0.216761 -4.181464
v 0.323539 0.218236 -2.471116
v 0.323539 0.218236 -2.751627
v 0.323539 0.218236 -3.032138
v 0.323539 0.218236 -3.312649
v 0.323539 0.218236 -3.593160
v 0.323539 0.218236 -3.873672
v 0.323539 0.218236 -4.154182
v 0.323539 0.218236 -4.434694
v 0.323539 0.218236 -2.217886
v 0.323539 0.218236 -2.498397
v 0.323539 0.218236 -2.778908
v 0.323539 0.218236 -3.059420
v 0.323539 0.218236 -3.339931
v 0.323539 0.218236 -3.620442
v 0.323539 0.218236 -3.900953
v 0.323539 0.218236 -4.181464
v 0.323539 0.237303 -2.471116
v 0.323539 0.237303 -2.751627
v 0.323539 0.237303 -3.032138
v 0.323539 0.237303 -3.312649
v 0.323539 0.237303 -3.593160
v 0.323539 0.237303 -3.873672
v 0.323539 0.237303 -4.154182
v 0.323539 0.237303 -4.434694
v 0.323539 0.237303 -2.217886
v 0.323539 0.237303 -2.498397
v 0.323539 0.237303 -2.778908
v 0.323539 0.237303 -3.059420
v 0.323539 0.237303 -3.339931
v 0.323539 0.237303 -3.620442
v 0.323539 0.237303 -3.900953
v 0.323539 0.237303 -4.181464
v 0.334597 -0.020679 -2.237943
v 0.334597 -0.020679 -2.237943
v 0.345535 -0.020679 -2.235012
v 0.615108 -0.020679 -2.237943
v 0.626046 -0.020679 -2.235012
v 0.895619 -0.020679 -2.237943
v 0.906557 -0.020679 -2.235012
v 0.906557 -0.020679 -2.235012
v 1.176130 -0.020679 -2.237943
v 1.187068 -0.020679 -2.235012
v 1.187068 -0.020679 -2.235012
v 1.456642 -0.020679 -2.237943
v 1.467579 -0.020679 -2.235012
v 1.467579 -0.020679 -2.235012
v 1.737153 -0.020679 -2.237943
v 1.748090 -0.020679 -2.235012
v 1.748090 -0.020679 -2.235012
v 2.017664 -0.020679 -2.237943
v 2.028601 -0.020679 -2.235012
v 2.028601 -0.020679 -2.235012
v 2.298175 -0.020679 -2.237943
v 2.309113 -0.020679 -2.235012
v 2.309113 -0.020679 -2.235012
v 2.578686 -0.020679 -2.237943
v 2.589624 -0.020679 -2.235012
v 2.589624 -0.020679 -2.235012
v 0.334597 0.259026 -2.237943
v 0.334597 0.259026 -2.237943
v 0.345535 0.259026 -2.235012
v 0.615108 0.259026 -2.237943
v 0.626046 0.259026 -2.235012
v 0.895619 0.259026 -2.237943
v 0.906557 0.259026 -2.235012
v 0.906557 0.259026 -2.235012
v 1.176130 0.259026 -2.237943
v 1.187068 0.259026 -2.235012
v 1.187068 0.259026 -2.235012
v 1.456642 0.259026 -2.237943
v 1.467579 0.259026 -2.235012
v 1.467579 0.259026 -2.235012
v 1.737153 0.259026 -2.237943
v 1.748090 0.259026 -2.235012
v 1.748090 0.259026 -2.235012
v 2.017664 0.259026 -2.237943
v 2.028601 0.259026 -2.235012
v 2.028601 0.259026 -2.235012
v 2.298175 0.259026 -2.237943
v 2.309113 0.259026 -2.235012
v 2.309113 0.259026 -2.235012
v 2.578686 0.259026 -2.237943
v 2.589624 0.259026 -2.235012
v 2.589624 0.259026 -2.235012
v 0.353541 -0.020679 -2.227005
v 0.353541 -0.020679 -2.227005
v 0.634052 -0.020679 -2.227005
v 0.634052 -0.020679 -2.227005
v 0.914564 -0.020679 -2.227005
v 0.914564 -0.020679 -2.227005
v 1.195075 -0.020679 -2.227005
v 1.195075 -0.020679 -2.227005
v 1.475586 -0.020679 -2.227005
v 1.475586 -0.020679 -2.227005
v 1.756097 -0.020679 -2.227005
v 1.756097 -0.020679 -2.227005
v 2.036608 -0.020679 -2.227005
v 2.036608 -0.020679 -2.227005
v 2.317119 -0.020679 -2.227005
v 2.317119 -0.020679 -2.227005
v 2.597631 -0.020679 -2.227005
v 2.597631 -0.020679 -2.227005
v 0.353541 0.259026 -2.227005
v 0.353541 0.259026 -2.227005
v 0.634052 0.259026 -2.227005
v 0.634052 0.259026 -2.227005
v 0.914564 0.259026 -2.227005
v 0.914564 0.259026 -2.227005
v 1.195075 0.259026 -2.227005
v 1.195075 0.259026 -2.227005
v 1.475586 0.259026 -2.227005
v 1.475586 0.259026 -2.227005
v 1.756097 0.259026 -2.227005
v 1.756097 0.259026 -2.227005
v 2.036608 0.259026 -2.227005
v 2.036608 0.259026 -2.227005
v 2.317119 0.259026 -2.227005
v 2.317119 0.259026 -2.227005
v 2.597631 0.259026 -2.227005
v 2.597631 0.259026 -2.227005
v 0.356472 -0.020679 -2.216068
v 0.356472 -0.020679 -2.216068
v 0.636983 -0.020679 -2.216068
v 0.636983 -0.020679 -2.216068
v 0.917494 -0.020679 -2.216068
v 0.917494 -0.020679 -2.216068
v 1.198005 -0.020679 -2.216068
v 1.198005 -0.020679 -2.216068
v 1.478517 -0.020679 -2.216068
v 1.478517 -0.020679 -2.216068
v 1.759028 -0.020679 -2.216068
v 1.759028 -0.020679 -2.216068
v 2.039539 -0.020679 -2.216068
v 2.039539 -0.020679 -2.216068
v 2.320050 -0.020679 -2.216068
v 2.320050 -0.020679 -2.216068
v 2.600561 -0.020679 -2.216068
v 2.600561 -0.020679 -2.216068
v 0.356472 0.259026 -2.216068
v 0.356472 0.259026 -2.216068
v 0.636983 0.259026 -2.216068
v 0.636983 0.259026 -2.216068
v 0.917494 0.259026 -2.216068
v 0.917494 0.259026 -2.216068
v 1.198005 0.259026 -2.216068
v 1.198005 0.259026 -2.216068
v 1.478517 0.259026 -2.216068
v 1.478517 0.259026 -2.216068
v 1.759028 0.259026 -2.216068
v 1.759028 0.259026 -2.216068
v 2.039539 0.259026 -2.216068
v 2.039539 0.259026 -2.216068
v 2.320050 0.259026 -2.216068
v 2.320050 0.259026 -2.216068
v 2.600561 0.259026 -2.216068
v 2.600561 0.259026 -2.216068
v 0.353541 -0.020679 -2.205130
v 0.634052 -0.020679 -2.205130
v 0.634052 -0.020679 -2.205130
v 0.914564 -0.020679 -2.205130
v 0.914564 -0.020679 -2.205130
v 1.195075 -0.020679 -2.205130
v 1.195075 -0.020679 -2.205130
v 1.475586 -0.020679 -2.205130
v 1.475586 -0.020679 -2.205130
v 1.756097 -0.020679 -2.205130
v 1.756097 -0.020679 -2.205130
v 2.036608 -0.020679 -2.205130
v 2.036608 -0.020679 -2.205130
v 2.317119 -0.020679 -2.205130
v 2.317119 -0.020679 -2.205130
v 2.597631 -0.020679 -2.205130
v 2.597631 -0.020679 -2.205130
v 0.353541 0.259026 -2.205130
v 0.634052 0.259026 -2.205130
v 0.634052 0.259026 -2.205130
v 0.914564 0.259026 -2.205130
v 0.914564 0.259026 -2.205130
v 1.195075 0.259026 -2.205130
v 1.195075 0.259026 -2.205130
v 1.475586 0.259026 -2.205130
v 1.475586 0.259026 -2.205130
v 1.756097 0.259026 -2.205130
v 1.756097 0.259026 -2.205130
v 2.036608 0.259026 -2.205130
v 2.036608 0.259026 -2.205130
v 2.317119 0.259026 -2.205130
v 2.317119 0.259026 -2.205130
v 2.597631 0.259026 -2.205130
v 2.597631 0.259026 -2.205130
v 0.345535 -0.020679 -2.197124
v 0.345535 -0.020679 -2.197124
v 0.626046 -0.020679 -2.197124
v 0.906557 -0.020679 -2.197124
v 1.187068 -0.020679 -2.197124
v 1.467579 -0.020679 -2.197124
v 1.748090 -0.020679 -2.197124
v 2.028601 -0.020679 -2.197124
v 2.309113 -0.020679 -2.197124
v 2.589624 -0.020679 -2.197124
v 0.345535 0.259026 -2.197124
v 0.345535 0.259026 -2.197124
v 0.626046 0.259026 -2.197124
v 0.906557 0.259026 -2.197124
v 1.187068 0.259026 -2.197124
v 1.467579 0.259026 -2.197124
v 1.748090 0.259026 -2.197124
v 2.028601 0.259026 -2.197124
v 2.309113 0.259026 -2.197124
v 2.589624 0.259026 -2.197124
v 0.334597 -0.020679 -2.194193
v 0.615108 -0.020679 -2.194193
v 0.615108 -0.020679 -2.194193
v 0.895619 -0.020679 -2.194193
v 0.895619 -0.020679 -2.194193
v 1.176130 -0.020679 -2.194193
v 1.456642 -0.020679 -2.194193
v 1.737153 -0.020679 -2.194193
v 2.017664 -0.020679 -2.194193
v 2.298175 -0.020679 -2.194193
v 2.578686 -0.020679 -2.194193
v 0.334597 0.259026 -2.194193
v 0.615108 0.259026 -2.194193
v 0.615108 0.259026 -2.194193
v 0.895619 0.259026 -2.194193
v 0.895619 0.259026 -2.194193
v 1.176130 0.259026 -2.194193
v 1.456642 0.259026 -2.194193
v 1.737153 0.259026 -2.194193
v 2.017664 0.259026 -2.194193
v 2.298175 0.259026 -2.194193
v 2.578686 0.259026 -2.194193
v 0.323660 -0.020679 -2.197124
v 0.604171 -0.020679 -2.197124
v 0.884682 -0.020679 -2.197124
v 1.165193 -0.020679 -2.197124
v 1.165193 -0.020679 -2.197124
v 1.445704 -0.020679 -2.197124
v 1.726215 -0.020679 -2.197124
v 2.006726 -0.020679 -2.197124
v 2.287237 -0.020679 -2.197124
v 2.567749 -0.020679 -2.197124
v 0.323660 0.259026 -2.197124
v 0.604171 0.259026 -2.197124
v 0.884682 0.259026 -2.197124
v 1.165193 0.259026 -2.197124
v 1.165193 0.259026 -2.197124
v 1.445704 0.259026 -2.197124
v 1.726215 0.259026 -2.197124
v 2.006726 0.259026 -2.197124
v 2.287237 0.259026 -2.197124
v 2.567749 0.259026 -2.197124
v 0.315653 -0.020679 -2.205130
v 0.315653 -0.020679 -2.205130
v 0.596164 -0.020679 -2.205130
v 0.596164 -0.020679 -2.205130
v 0.876675 -0.020679 -2.205130
v 0.876675 -0.020679 -2.205130
v 1.157186 -0.020679 -2.205130
v 1.157186 -0.020679 -2.205130
v 1.437697 -0.020679 -2.205130
v 1.437697 -0.020679 -2.205130
v 1.718208 -0.020679 -2.205130
v 1.718208 -0.020679 -2.205130
v 1.998720 -0.020679 -2.205130
v 1.998720 -0.020679 -2.205130
v 2.279231 -0.020679 -2.205130
v 2.279231 -0.020679 -2.205130
v 2.559742 -0.020679 -2.205130
v 2.559742 -0.020679 -2.205130
v 0.315653 0.259026 -2.205130
v 0.315653 0.259026 -2.205130
v 0.596164 0.259026 -2.205130
v 0.596164 0.259026 -2.205130
v 0.876675 0.259026 -2.205130
v 0.876675 0.259026 -2.205130
v 1.157186 0.259026 -2.205130
v 1.157186 0.259026 -2.205130
v 1.437697 0.259026 -2.205130
v 1.437697 0.259026 -2.205130
v 1.718208 0.259026 -2.205130
v 1.718208 0.259026 -2.205130
v 1.998720 0.259026 -2.205130
v 1.998720 0.259026 -2.205130
v 2.279231 0.259026 -2.205130
v 2.279231 0.259026 -2.205130
v 2.559742 0.259026 -2.205130
v 2.559742 0.259026 -2.205130
v 0.312722 -0.020679 -2.216068
v 0.312722 -0.020679 -2.216068
v 0.593233 -0.020679 -2.216068
v 0.593233 -0.020679 -2.216068
v 0.873744 -0.020679 -2.216068
v 1.154256 -0.020679 -2.216068
v 1.434767 -0.020679 -2.216068
v 1.434767 -0.020679 -2.216068
v 1.715278 -0.020679 -2.216068
v 1.715278 -0.020679 -2.216068
v 1.995789 -0.020679 -2.216068
v 1.995789 -0.020679 -2.216068
v 2.276300 -0.020679 -2.216068
v 2.276300 -0.020679 -2.216068
v 2.556811 -0.020679 -2.216068
v 2.556811 -0.020679 -2.216068
v 0.312722 0.259026 -2.216068
v 0.312722 0.259026 -2.216068
v 0.593233 0.259026 -2.216068
v 0.593233 0.259026 -2.216068
v 0.873744 0.259026 -2.216068
v 1.154256 0.259026 -2.216068
v 1.434767 0.259026 -2.216068
v 1.434767 0.259026 -2.216068
v 1.715278 0.259026 -2.216068
v 1.715278 0.259026 -2.216068
v 1.995789 0.259026 -2.216068
v 1.995789 0.259026 -2.216068
v 2.276300 0.259026 -2.216068
v 2.276300 0.259026 -2.216068
v 2.556811 0.259026 -2.216068
v 2.556811 0.259026 -2.216068
v 0.315653 -0.020679 -2.227005
v 0.596164 -0.020679 -2.227005
v 0.876675 -0.020679 -2.227005
v 0.876675 -0.020679 -2.227005
v 1.157186 -0.020679 -2.227005
v 1.157186 -0.020679 -2.227005
v 1.437697 -0.020679 -2.227005
v 1.437697 -0.020679 -2.227005
v 1.718208 -0.020679 -2.227005
v 1.718208 -0.020679 -2.227005
v 1.998720 -0.020679 -2.227005
v 1.998720 -0.020679 -2.227005
v 2.279231 -0.020679 -2.227005
v 2.279231 -0.020679 -2.227005
v 2.559742 -0.020679 -2.227005
v 2.559742 -0.020679 -2.227005
v 0.315653 0.259026 -2.227005
v 0.596164 0.259026 -2.227005
v 0.876675 0.259026 -2.227005
v 0.876675 0.259026 -2.227005
v 1.157186 0.259026 -2.227005
v 1.157186 0.259026 -2.227005
v 1.437697 0.259026 -2.227005
v 1.437697 0.259026 -2.227005
v 1.718208 0.259026 -2.227005
v 1.718208 0.259026 -2.227005
v 1.998720 0.259026 -2.227005
v 1.998720 0.259026 -2.227005
v 2.279231 0.259026 -2.227005
v 2.279231 0.259026 -2.227005
v 2.559742 0.259026 -2.227005
v 2.559742 0.259026 -2.227005
v 0.323660 -0.020679 -2.235012
v 0.604171 -0.020679 -2.235012
v 0.604171 -0.020679 -2.235012
v 0.884682 -0.020679 -2.235012
v 1.165193 -0.020679 -2.235012
v 1.445704 -0.020679 -2.235012
v 1.726215 -0.020679 -2.235012
v 2.006726 -0.020679 -2.235012
v 2.287237 -0.020679 -2.235012
v 2.567749 -0.020679 -2.235012
v 0.323660 0.259026 -2.235012
v 0.604171 0.259026 -2.235012
v 0.604171 0.259026 -2.235012
v 0.884682 0.259026 -2.235012
v 1.165193 0.259026 -2.235012
v 1.445704 0.259026 -2.235012
v 1.726215 0.259026 -2.235012
v 2.006726 0.259026 -2.235012
v 2.287237 0.259026 -2.235012
v 2.567749 0.259026 -2.235012
v 0.593233 0.233274 -2.205685
v 0.593233 0.233274 -2.205685
v 0.340004 0.233274 -2.205685
v 0.340004 0.233274 -2.205685
v 0.873744 0.233274 -2.205685
v 0.873744 0.233274 -2.205685
v 0.620515 0.233274 -2.205685
v 0.620515 0.233274 -2.205685
v 1.154256 0.233274 -2.205685
v 1.154256 0.233274 -2.205685
v 0.901026 0.233274 -2.205685
v 0.901026 0.233274 -2.205685
v 1.434767 0.233274 -2.205685
v 1.434767 0.233274 -2.205685
v 1.181537 0.233274 -2.205685
v 1.181537 0.233274 -2.205685
v 1.715278 0.233274 -2.205685
v 1.715278 0.233274 -2.205685
v 1.462048 0.233274 -2.205685
v 1.462048 0.233274 -2.205685
v 1.995789 0.233274 -2.205685
v 1.995789 0.233274 -2.205685
v 1.742559 0.233274 -2.205685
v 1.742559 0.233274 -2.205685
v 2.276300 0.233274 -2.205685
v 2.276300 0.233274 -2.205685
v 2.023070 0.233274 -2.205685
v 2.023070 0.233274 -2.205685
v 2.556811 0.233274 -2.205685
v 2.556811 0.233274 -2.205685
v 2.303581 0.233274 -2.205685
v 2.303581 0.233274 -2.205685
v 0.593233 0.227770 -2.204078
v 0.593233 0.227770 -2.204078
v 0.340004 0.227770 -2.204078
v 0.340004 0.227770 -2.204078
v 0.873744 0.227770 -2.204078
v 0.873744 0.227770 -2.204078
v 0.620515 0.227770 -2.204078
v 0.620515 0.227770 -2.204078
v 1.154256 0.227770 -2.204078
v 1.154256 0.227770 -2.204078
v 0.901026 0.227770 -2.204078
v 0.901026 0.227770 -2.204078
v 1.434767 0.227770 -2.204078
v 1.434767 0.227770 -2.204078
v 1.181537 0.227770 -2.204078
v 1.181537 0.227770 -2.204078
v 1.715278 0.227770 -2.204078
v 1.715278 0.227770 -2.204078
v 1.462048 0.227770 -2.204078
v 1.462048 0.227770 -2.204078
v 1.995789 0.227770 -2.204078
v 1.995789 0.227770 -2.204078
v 1.742559 0.227770 -2.204078
v 1.742559 0.227770 -2.204078
v 2.276300 0.227770 -2.204078
v 2.276300 0.227770 -2.204078
v 2.023070 0.227770 -2.204078
v 2.023070 0.227770 -2.204078
v 2.556811 0.227770 -2.204078
v 2.556811 0.227770 -2.204078
v 2.303581 0.227770 -2.204078
v 2.303581 0.227770 -2.204078
v 0.593233 0.222265 -2.205685
v 0.593233 0.222265 -2.205685
v 0.340004 0.222265 -2.205685
v 0.340004 0.222265 -2.205685
v 0.873744 0.222265 -2.205685
v 0.873744 0.222265 -2.205685
v 0.620515 0.222265 -2.205685
v 0.620515 0.222265 -2.205685
v 1.154256 0.222265 -2.205685
v 1.154256 0.222265 -2.205685
v 0.901026 0.222265 -2.205685
v 0.901026 0.222265 -2.205685
v 1.434767 0.222265 -2.205685
v 1.434767 0.222265 -2.205685
v 1.181537 0.222265 -2.205685
v 1.181537 0.222265 -2.205685
v 1.715278 0.222265 -2.205685
v 1.715278 0.222265 -2.205685
v 1.462048 0.222265 -2.205685
v 1.462048 0.222265 -2.205685
v 1.995789 0.222265 -2.205685
v 1.995789 0.222265 -2.205685
v 1.742559 0.222265 -2.205685
v 1.742559 0.222265 -2.205685
v 2.276300 0.222265 -2.205685
v 2.276300 0.222265 -2.205685
v 2.023070 0.222265 -2.205685
v 2.023070 0.222265 -2.205685
v 2.556811 0.222265 -2.205685
v 2.556811 0.222265 -2.205685
v 2.303581 0.222265 -2.205685
v 2.303581 0.222265 -2.205685
v 0.593233 0.222265 -2.226451
v 0.593233 0.222265 -2.226451
v 0.340004 0.222265 -2.226451
v 0.340004 0.222265 -2.226451
v 0.873744 0.222265 -2.226451
v 0.873744 0.222265 -2.226451
v 0.620515 0.222265 -2.226451
v 0.620515 0.222265 -2.226451
v 1.154256 0.222265 -2.226451
v 1.154256 0.222265 -2.226451
v 0.901026 0.222265 -2.226451
v 0.901026 0.222265 -2.226451
v 1.434767 0.222265 -2.226451
v 1.434767 0.222265 -2.226451
v 1.181537 0.222265 -2.226451
v 1.181537 0.222265 -2.226451
v 1.715278 0.222265 -2.226451
v 1.715278 0.222265 -2.226451
v 1.462048 0.222265 -2.226451
v 1.462048 0.222265 -2.226451
v 1.995789 0.222265 -2.226451
v 1.995789 0.222265 -2.226451
v 1.742559 0.222265 -2.226451
v 1.742559 0.222265 -2.226451
v 2.276300 0.222265 -2.226451
v 2.276300 0.222265 -2.226451
v 2.023070 0.222265 -2.226451
v 2.023070 0.222265 -2.226451
v 2.556811 0.222265 -2.226451
v 2.556811 0.222265 -2.226451
v 2.303581 0.222265 -2.226451
v 2.303581 0.222265 -2.226451
v 0.593233 0.227770 -2.228057
v 0.593233 0.227770 -2.228057
v 0.340004 0.227770 -2.228057
v 0.340004 0.227770 -2.228057
v 0.873744 0.227770 -2.228057
v 0.873744 0.227770 -2.228057
v 0.620515 0.227770 -2.228057
v 0.620515 0.227770 -2.228057
v 1.154256 0.227770 -2.228057
v 1.154256 0.227770 -2.228057
v 0.901026 0.227770 -2.228057
v 0.901026 0.227770 -2.228057
v 1.434767 0.227770 -2.228057
v 1.434767 0.227770 -2.228057
v 1.181537 0.227770 -2.228057
v 1.181537 0.227770 -2.228057
v 1.715278 0.227770 -2.228057
v 1.715278 0.227770 -2.228057
v 1.462048 0.227770 -2.228057
v 1.462048 0.227770 -2.228057
v 1.995789 0.227770 -2.228057
v 1.995789 0.227770 -2.228057
v 1.742559 0.227770 -2.228057
v 1.742559 0.227770 -2.228057
v 2.276300 0.227770 -2.228057
v 2.276300 0.227770 -2.228057
v 2.023070 0.227770 -2.228057
v 2.023070 0.227770 -2.228057
v 2.556811 0.227770 -2.228057
v 2.556811 0.227770 -2.228057
v 2.303581 0.227770 -2.228057
v 2.303581 0.227770 -2.228057
v 0.593233 0.233274 -2.226451
v 0.593233 0.233274 -2.226451
v 0.340004 0.233274 -2.226451
v 0.340004 0.233274 -2.226451
v 0.873744 0.233274 -2.226451
v 0.873744 0.233274 -2.226451
v 0.620515 0.233274 -2.226451
v 0.620515 0.233274 -2.226451
v 1.154256 0.233274 -2.226451
v 1.154256 0.233274 -2.226451
v 0.901026 0.233274 -2.226451
v 0.901026 0.233274 -2.226451
v 1.434767 0.233274 -2.226451
v 1.434767 0.233274 -2.226451
v 1.181537 0.233274 -2.226451
v 1.181537 0.233274 -2.226451
v 1.715278 0.233274 -2.226451
v 1.715278 0.233274 -2.226451
v 1.462048 0.233274 -2.226451
v 1.462048 0.233274 -2.226451
v 1.995789 0.233274 -2.226451
v 1.995789 0.233274 -2.226451
v 1.742559 0.233274 -2.226451
v 1.742559 0.233274 -2.226451
v 2.276300 0.233274 -2.226451
v 2.276300 0.233274 -2.226451
v 2.023070 0.233274 -2.226451
v 2.023070 0.233274 -2.226451
v 2.556811 0.233274 -2.226451
v 2.556811 0.233274 -2.226451
v 2.303581 0.233274 -2.226451
v 2.303581 0.233274 -2.226451
v 0.593233 0.237303 -2.210073
v 0.593233 0.238778 -2.216068
v 0.873744 0.237303 -2.210073
v 0.873744 0.238778 -2.216068
v 1.154256 0.237303 -2.210073
v 1.154256 0.238778 -2.216068
v 1.434767 0.237303 -2.210073
v 1.434767 0.238778 -2.216068
v 1.715278 0.237303 -2.210073
v 1.715278 0.238778 -2.216068
v 1.995789 0.237303 -2.210073
v 1.995789 0.238778 -2.216068
v 2.276300 0.237303 -2.210073
v 2.276300 0.238778 -2.216068
v 2.556811 0.237303 -2.210073
v 2.556811 0.238778 -2.216068
v 0.340004 0.237303 -2.210073
v 0.340004 0.238778 -2.216068
v 0.620515 0.237303 -2.210073
v 0.620515 0.238778 -2.216068
v 0.901026 0.237303 -2.210073
v 0.901026 0.238778 -2.216068
v 1.181537 0.237303 -2.210073
v 1.181537 0.238778 -2.216068
v 1.462048 0.237303 -2.210073
v 1.462048 0.238778 -2.216068
v 1.742559 0.237303 -2.210073
v 1.742559 0.238778 -2.216068
v 2.023070 0.237303 -2.210073
v 2.023070 0.238778 -2.216068
v 2.303581 0.237303 -2.210073
v 2.303581 0.238778 -2.216068
v 0.593233 0.218236 -2.210073
v 0.873744 0.218236 -2.210073
v 1.154256 0.218236 -2.210073
v 1.434767 0.218236 -2.210073
v 1.715278 0.218236 -2.210073
v 1.995789 0.218236 -2.210073
v 2.276300 0.218236 -2.210073
v 2.556811 0.218236 -2.210073
v 0.340004 0.218236 -2.210073
v 0.620515 0.218236 -2.210073
v 0.901026 0.218236 -2.210073
v 1.181537 0.218236 -2.210073
v 1.462048 0.218236 -2.210073
v 1.742559 0.218236 -2.210073
v 2.023070 0.218236 -2.210073
v 2.303581 0.218236 -2.210073
v 0.593233 0.216761 -2.216068
v 0.873744 0.216761 -2.216068
v 1.154256 0.216761 -2.216068
v 1.434767 0.216761 -2.216068
v 1.715278 0.216761 -2.216068
v 1.995789 0.216761 -2.216068
v 2.276300 0.216761 -2.216068
v 2.556811 0.216761 -2.216068
v 0.340004 0.216761 -2.216068
v 0.620515 0.216761 -2.216068
v 0.901026 0.216761 -2.216068
v 1.181537 0.216761 -2.216068
v 1.462048 0.216761 -2.216068
v 1.742559 0.216761 -2.216068
v 2.023070 0.216761 -2.216068
v 2.303581 0.216761 -2.216068
v 0.593233 0.218236 -2.222062
v 0.873744 0.218236 -2.222062
v 1.154256 0.218236 -2.222062
v 1.434767 0.218236 -2.222062
v 1.715278 0.218236 -2.222062
v 1.995789 0.218236 -2.222062
v 2.276300 0.218236 -2.222062
v 2.556811 0.218236 -2.222063
v 0.340004 0.218236 -2.222062
v 0.620515 0.218236 -2.222062
v 0.901026 0.218236 -2.222062
v 1.181537 0.218236 -2.222062
v 1.462048 0.218236 -2.222062
v 1.742559 0.218236 -2.222062
v 2.023070 0.218236 -2.222062
v 2.303581 0.218236 -2.222062
v 0.593233 0.237303 -2.222062
v 0.873744 0.237303 -2.222062
v 1.154256 0.237303 -2.222062
v 1.434767 0.237303 -2.222062
v 1.715278 0.237303 -2.222062
v 1.995789 0.237303 -2.222062
v 2.276300 0.237303 -2.222062
v 2.556811 0.237303 -2.222062
v 0.340004 0.237303 -2.222062
v 0.620515 0.237303 -2.222062
v 0.901026 0.237303 -2.222062
v 1.181537 0.237303 -2.222062
v 1.462048 0.237303 -2.222062
v 1.742559 0.237303 -2.222062
v 2.023070 0.237303 -2.222062
v 2.303581 0.237303 -2.222062
vt 0.305138 0.979546
vt 0.292257 0.966832
vt 0.300423 0.962179
vt 0.718150 0.904772
vt 0.705269 0.892058
vt 0.713435 0.887404
vt 0.198533 0.928627
vt 0.216128 0.933281
vt 0.211413 0.941341
vt 0.157088 0.887718
vt 0.144208 0.900432
vt 0.139493 0.892372
vt 0.305138 0.897729
vt 0.309852 0.880361
vt 0.318018 0.885015
vt 0.595797 0.897729
vt 0.591083 0.880362
vt 0.600512 0.880362
vt 0.115643 0.887718
vt 0.120357 0.870351
vt 0.128523 0.875005
vt 0.062168 0.887718
vt 0.057453 0.870351
vt 0.066882 0.870351
vt 0.523826 0.938637
vt 0.528540 0.921270
vt 0.536706 0.925924
vt 0.759595 0.904772
vt 0.772475 0.917485
vt 0.764310 0.922139
vt 0.115643 0.928627
vt 0.133238 0.933281
vt 0.128523 0.941341
vt 0.718150 0.822954
vt 0.705270 0.810240
vt 0.713436 0.805587
vt 0.364644 0.897729
vt 0.369358 0.915096
vt 0.359929 0.915096
vt 0.440936 0.938637
vt 0.453816 0.951351
vt 0.445650 0.956005
vt 0.263693 0.897729
vt 0.268407 0.915096
vt 0.258978 0.915096
vt 0.020722 0.928627
vt 0.025437 0.945994
vt 0.016008 0.945994
vt 0.157088 0.928627
vt 0.161802 0.945994
vt 0.152373 0.945994
vt 0.020723 0.887718
vt 0.025437 0.905086
vt 0.016008 0.905086
vt 0.309852 0.962178
vt 0.722864 0.887404
vt 0.203247 0.945994
vt 0.139493 0.883065
vt 0.322733 0.893075
vt 0.608678 0.885015
vt 0.133238 0.883065
vt 0.075048 0.875005
vt 0.541421 0.933984
vt 0.777190 0.909425
vt 0.133238 0.923974
vt 0.700555 0.818300
vt 0.377524 0.910442
vt 0.458531 0.943291
vt 0.276573 0.910442
vt 0.033603 0.941341
vt 0.169968 0.941341
vt 0.033603 0.900432
vt 0.318018 0.966832
vt 0.731030 0.892058
vt 0.193818 0.945994
vt 0.144207 0.875005
vt 0.322733 0.902382
vt 0.613392 0.893075
vt 0.133238 0.892372
vt 0.079763 0.883065
vt 0.541421 0.943291
vt 0.777190 0.900118
vt 0.128523 0.915913
vt 0.700555 0.827608
vt 0.382239 0.902382
vt 0.458531 0.933984
vt 0.281288 0.902382
vt 0.038317 0.933281
vt 0.174683 0.933281
vt 0.038318 0.892372
vt 0.322732 0.974892
vt 0.735745 0.900118
vt 0.185653 0.941341
vt 0.152373 0.870351
vt 0.318018 0.910442
vt 0.613392 0.902382
vt 0.128523 0.900432
vt 0.079763 0.892372
vt 0.536706 0.951351
vt 0.772475 0.892058
vt 0.120357 0.911260
vt 0.705269 0.835668
vt 0.382239 0.893075
vt 0.453816 0.925924
vt 0.281288 0.893075
vt 0.038317 0.923974
vt 0.174683 0.923974
vt 0.038318 0.883065
vt 0.322732 0.984199
vt 0.735745 0.909425
vt 0.180938 0.933281
vt 0.161802 0.870351
vt 0.309852 0.915096
vt 0.608678 0.910443
vt 0.120357 0.905086
vt 0.075048 0.900432
vt 0.528540 0.956005
vt 0.764310 0.887404
vt 0.110928 0.911260
vt 0.713435 0.840322
vt 0.377524 0.885015
vt 0.445650 0.921270
vt 0.276573 0.885015
vt 0.033603 0.915913
vt 0.169968 0.915913
vt 0.033603 0.875005
vt 0.318018 0.992259
vt 0.731030 0.917485
vt 0.180938 0.923973
vt 0.169968 0.875005
vt 0.300423 0.915096
vt 0.600512 0.915096
vt 0.110928 0.905086
vt 0.066882 0.905086
vt 0.519111 0.956005
vt 0.754880 0.887404
vt 0.102762 0.915913
vt 0.722864 0.840322
vt 0.369358 0.880361
vt 0.436221 0.921270
vt 0.268407 0.880361
vt 0.025437 0.911260
vt 0.161802 0.911260
vt 0.025437 0.870351
vt 0.309852 0.996913
vt 0.722864 0.922139
vt 0.185653 0.915913
vt 0.174683 0.883065
vt 0.292257 0.910442
vt 0.591083 0.915096
vt 0.102762 0.900432
vt 0.057453 0.905086
vt 0.510945 0.951351
vt 0.746714 0.892058
vt 0.098048 0.923974
vt 0.731030 0.835668
vt 0.359929 0.880361
vt 0.428055 0.925924
vt 0.258978 0.880361
vt 0.016008 0.911260
vt 0.152373 0.911260
vt 0.016008 0.870351
vt 0.300423 0.996913
vt 0.713435 0.922139
vt 0.193819 0.911260
vt 0.174683 0.892372
vt 0.287543 0.902382
vt 0.582917 0.910443
vt 0.098048 0.892372
vt 0.049287 0.900432
vt 0.506231 0.943291
vt 0.742000 0.900118
vt 0.098048 0.933281
vt 0.735745 0.827608
vt 0.351763 0.885015
vt 0.423341 0.933984
vt 0.250812 0.885015
vt 0.007842 0.915913
vt 0.144207 0.915913
vt 0.007842 0.875005
vt 0.292257 0.992259
vt 0.705270 0.917485
vt 0.203248 0.911260
vt 0.169968 0.900432
vt 0.287543 0.893075
vt 0.578202 0.902382
vt 0.098048 0.883065
vt 0.044573 0.892372
vt 0.506231 0.933984
vt 0.742000 0.909425
vt 0.102762 0.941341
vt 0.735745 0.818301
vt 0.347049 0.893075
vt 0.423341 0.943291
vt 0.246098 0.893075
vt 0.003127 0.923974
vt 0.139493 0.923974
vt 0.003128 0.883065
vt 0.287543 0.984199
vt 0.700555 0.909425
vt 0.211413 0.915913
vt 0.161803 0.905086
vt 0.292257 0.885015
vt 0.578202 0.893075
vt 0.102762 0.875005
vt 0.044573 0.883065
vt 0.510945 0.925924
vt 0.746715 0.917485
vt 0.110928 0.945994
vt 0.731031 0.810241
vt 0.347049 0.902382
vt 0.428055 0.951351
vt 0.246098 0.902382
vt 0.003127 0.933281
vt 0.139493 0.933281
vt 0.003127 0.892372
vt 0.287543 0.974892
vt 0.700555 0.900118
vt 0.216128 0.923974
vt 0.152373 0.905086
vt 0.300423 0.880361
vt 0.582917 0.885015
vt 0.110928 0.870351
vt 0.049287 0.875005
vt 0.519111 0.921270
vt 0.754880 0.922139
vt 0.120357 0.945994
vt 0.722865 0.805587
vt 0.351763 0.910442
vt 0.436221 0.956005
vt 0.250812 0.910442
vt 0.007842 0.941341
vt 0.144207 0.941341
vt 0.007842 0.900432
vt 0.660722 0.874188
vt 0.660722 0.805587
vt 0.669829 0.805587
vt 0.669829 0.874188
vt 0.611781 0.874188
vt 0.611781 0.805587
vt 0.620888 0.805587
vt 0.620888 0.874188
vt 0.156097 0.864177
vt 0.156097 0.795577
vt 0.165205 0.795577
vt 0.165205 0.864177
vt 0.795554 0.500315
vt 0.795554 0.431714
vt 0.804662 0.431714
vt 0.804662 0.500315
vt 0.205038 0.864177
vt 0.205038 0.795577
vt 0.214146 0.795577
vt 0.214146 0.864177
vt 0.061177 0.864177
vt 0.061177 0.795577
vt 0.070285 0.795577
vt 0.070285 0.864177
vt 0.713798 0.799413
vt 0.713798 0.730813
vt 0.722906 0.730813
vt 0.722906 0.799413
vt 0.107156 0.864177
vt 0.107156 0.795577
vt 0.116264 0.795577
vt 0.116264 0.864177
vt 0.863430 0.217401
vt 0.863430 0.286001
vt 0.854322 0.286001
vt 0.854322 0.217401
vt 0.666836 0.656038
vt 0.666836 0.724638
vt 0.659606 0.724638
vt 0.659606 0.656038
vt 0.238601 0.724638
vt 0.238601 0.656038
vt 0.245832 0.656038
vt 0.245832 0.724638
vt 0.540397 0.724638
vt 0.540397 0.656038
vt 0.547627 0.656038
vt 0.547627 0.724638
vt 0.716993 0.431714
vt 0.716993 0.500315
vt 0.709763 0.500315
vt 0.709763 0.431714
vt 0.679188 0.581263
vt 0.679188 0.649864
vt 0.671957 0.649864
vt 0.671957 0.581263
vt 0.676711 0.071687
vt 0.676711 0.003087
vt 0.683941 0.003087
vt 0.683941 0.071687
vt 0.653813 0.575089
vt 0.653813 0.506489
vt 0.661043 0.506489
vt 0.661043 0.575089
vt 0.609832 0.724638
vt 0.609832 0.656038
vt 0.617061 0.656038
vt 0.617061 0.724638
vt 0.578202 0.724638
vt 0.578202 0.656038
vt 0.585432 0.656038
vt 0.585432 0.724638
vt 0.650318 0.724638
vt 0.650318 0.656038
vt 0.255119 0.656038
vt 0.255119 0.724638
vt 0.556914 0.656038
vt 0.556914 0.724638
vt 0.700475 0.500315
vt 0.700475 0.431714
vt 0.662670 0.649864
vt 0.662670 0.581263
vt 0.693229 0.003087
vt 0.693229 0.071687
vt 0.670332 0.506489
vt 0.670332 0.575089
vt 0.626350 0.656038
vt 0.626350 0.724638
vt 0.594720 0.656038
vt 0.594720 0.724638
vt 0.641461 0.724638
vt 0.641461 0.656038
vt 0.263976 0.656038
vt 0.263976 0.724638
vt 0.565771 0.656038
vt 0.565771 0.724638
vt 0.691618 0.500315
vt 0.691618 0.431714
vt 0.653813 0.649864
vt 0.653813 0.581263
vt 0.702086 0.003087
vt 0.702086 0.071687
vt 0.679188 0.506489
vt 0.679188 0.575089
vt 0.635206 0.656038
vt 0.635206 0.724638
vt 0.603577 0.656038
vt 0.603577 0.724638
vt 0.578202 0.649864
vt 0.578202 0.581263
vt 0.584869 0.581263
vt 0.584869 0.649864
vt 0.670456 0.302185
vt 0.670456 0.370785
vt 0.663788 0.370785
vt 0.663788 0.302185
vt 0.426980 0.500315
vt 0.426980 0.431714
vt 0.433648 0.431714
vt 0.433648 0.500315
vt 0.496336 0.431714
vt 0.496336 0.500315
vt 0.489669 0.500315
vt 0.489669 0.431714
vt 0.578202 0.575089
vt 0.578202 0.506489
vt 0.584870 0.506489
vt 0.584870 0.575089
vt 0.378599 0.431714
vt 0.378599 0.500315
vt 0.371932 0.500315
vt 0.371932 0.431714
vt 0.416405 0.431714
vt 0.416405 0.500315
vt 0.409737 0.500315
vt 0.409737 0.431714
vt 0.270152 0.431714
vt 0.270152 0.500315
vt 0.263484 0.500315
vt 0.263484 0.431714
vt 0.340794 0.431714
vt 0.340794 0.500315
vt 0.334127 0.500315
vt 0.334127 0.431714
vt 0.593977 0.581263
vt 0.593977 0.649864
vt 0.654681 0.370785
vt 0.654681 0.302185
vt 0.442755 0.431714
vt 0.442755 0.500315
vt 0.480561 0.500315
vt 0.480561 0.431714
vt 0.593977 0.506489
vt 0.593977 0.575089
vt 0.362824 0.500315
vt 0.362824 0.431714
vt 0.400630 0.500315
vt 0.400630 0.431714
vt 0.254377 0.500315
vt 0.254377 0.431714
vt 0.325019 0.500315
vt 0.325019 0.431714
vt 0.603085 0.581263
vt 0.603085 0.649864
vt 0.645573 0.370785
vt 0.645573 0.302185
vt 0.451863 0.431714
vt 0.451863 0.500315
vt 0.471453 0.500315
vt 0.471453 0.431714
vt 0.603085 0.506489
vt 0.603085 0.575089
vt 0.353716 0.500315
vt 0.353716 0.431714
vt 0.391522 0.500315
vt 0.391522 0.431714
vt 0.245269 0.500315
vt 0.245269 0.431714
vt 0.315911 0.500315
vt 0.315911 0.431714
vt 0.609752 0.581263
vt 0.609752 0.649864
vt 0.638906 0.370785
vt 0.638906 0.302185
vt 0.458531 0.431714
vt 0.458531 0.500315
vt 0.464786 0.500315
vt 0.464786 0.431714
vt 0.609752 0.506489
vt 0.609752 0.575089
vt 0.347049 0.500315
vt 0.347049 0.431714
vt 0.384854 0.500315
vt 0.384854 0.431714
vt 0.238601 0.500315
vt 0.238601 0.431714
vt 0.309243 0.500315
vt 0.309243 0.431714
vt 0.748672 0.575089
vt 0.748672 0.506489
vt 0.757551 0.506489
vt 0.757551 0.575089
vt 0.771570 0.296011
vt 0.771570 0.227411
vt 0.780448 0.227410
vt 0.780448 0.296011
vt 0.739971 0.370786
vt 0.739971 0.302185
vt 0.748849 0.302185
vt 0.748849 0.370786
vt 0.742417 0.581264
vt 0.742417 0.649864
vt 0.733538 0.649864
vt 0.733539 0.581263
vt 0.003127 0.789403
vt 0.003127 0.720802
vt 0.012006 0.720802
vt 0.012006 0.789403
vt 0.098048 0.789403
vt 0.098048 0.720802
vt 0.106926 0.720802
vt 0.106926 0.789403
vt 0.704690 0.724638
vt 0.704690 0.656038
vt 0.713569 0.656038
vt 0.713569 0.724638
vt 0.270231 0.799413
vt 0.270231 0.730812
vt 0.279110 0.730812
vt 0.279110 0.799413
vt 0.238601 0.799413
vt 0.238601 0.730812
vt 0.247480 0.730812
vt 0.247480 0.799413
vt 0.766827 0.506489
vt 0.766827 0.575089
vt 0.789725 0.227411
vt 0.789725 0.296011
vt 0.758126 0.302185
vt 0.758126 0.370786
vt 0.724262 0.649864
vt 0.724262 0.581263
vt 0.021282 0.720802
vt 0.021282 0.789403
vt 0.116203 0.720802
vt 0.116203 0.789403
vt 0.722845 0.656038
vt 0.722845 0.724638
vt 0.288386 0.730812
vt 0.288386 0.799413
vt 0.256756 0.730812
vt 0.256756 0.799413
vt 0.774016 0.506489
vt 0.774016 0.575089
vt 0.796914 0.227411
vt 0.796914 0.296011
vt 0.765315 0.302185
vt 0.765315 0.370786
vt 0.717073 0.649864
vt 0.717073 0.581263
vt 0.028471 0.720802
vt 0.028471 0.789403
vt 0.123392 0.720802
vt 0.123392 0.789403
vt 0.730034 0.656038
vt 0.730034 0.724638
vt 0.295575 0.730812
vt 0.295575 0.799413
vt 0.263945 0.730812
vt 0.263945 0.799413
vt 0.651614 0.874188
vt 0.651614 0.805587
vt 0.602673 0.874188
vt 0.602673 0.805587
vt 0.146989 0.864177
vt 0.146989 0.795577
vt 0.786446 0.500315
vt 0.786446 0.431714
vt 0.195931 0.864177
vt 0.195931 0.795577
vt 0.052069 0.864177
vt 0.052069 0.795577
vt 0.704690 0.799413
vt 0.704690 0.730813
vt 0.098048 0.864177
vt 0.098048 0.795577
vt 0.872537 0.217401
vt 0.872537 0.286001
vt 0.576910 0.425540
vt 0.576910 0.217401
vt 0.581902 0.217401
vt 0.581902 0.425540
vt 0.435626 0.425540
vt 0.435626 0.217401
vt 0.440618 0.217401
vt 0.440618 0.425540
vt 0.459174 0.211227
vt 0.459174 0.003087
vt 0.464165 0.003087
vt 0.464165 0.211227
vt 0.482721 0.211227
vt 0.482721 0.003087
vt 0.487713 0.003087
vt 0.487713 0.211227
vt 0.082416 0.211226
vt 0.082416 0.003087
vt 0.087408 0.003087
vt 0.087408 0.211226
vt 0.223700 0.639853
vt 0.223700 0.431714
vt 0.228692 0.431714
vt 0.228692 0.639853
vt 0.624004 0.425540
vt 0.624004 0.217401
vt 0.628996 0.217401
vt 0.628996 0.425540
vt 0.553363 0.425540
vt 0.553363 0.217401
vt 0.558354 0.217401
vt 0.558354 0.425540
vt 0.585556 0.217401
vt 0.585556 0.425540
vt 0.444272 0.217401
vt 0.444272 0.425540
vt 0.467820 0.003087
vt 0.467820 0.211227
vt 0.491367 0.003087
vt 0.491367 0.211227
vt 0.091062 0.003087
vt 0.091062 0.211226
vt 0.232346 0.431714
vt 0.232346 0.639853
vt 0.632650 0.217401
vt 0.632650 0.425540
vt 0.562009 0.217401
vt 0.562009 0.425540
vt 0.813527 0.003087
vt 0.813527 0.211227
vt 0.812159 0.211227
vt 0.812159 0.003087
vt 0.822228 0.292175
vt 0.822228 0.500315
vt 0.820861 0.500315
vt 0.820861 0.292175
vt 0.858479 0.003087
vt 0.858479 0.211227
vt 0.857112 0.211227
vt 0.857112 0.003087
vt 0.885451 0.003087
vt 0.885451 0.211226
vt 0.884083 0.211226
vt 0.884083 0.003087
vt 0.876171 0.506489
vt 0.876171 0.714628
vt 0.874803 0.714628
vt 0.874803 0.506489
vt 0.867181 0.292175
vt 0.867181 0.500315
vt 0.865813 0.500315
vt 0.865813 0.292175
vt 0.225904 0.646028
vt 0.225904 0.854167
vt 0.224536 0.854167
vt 0.224536 0.646028
vt 0.867181 0.506489
vt 0.867181 0.714628
vt 0.865813 0.714628
vt 0.865813 0.506489
vt 0.814895 0.003087
vt 0.814895 0.211227
vt 0.823596 0.292175
vt 0.823596 0.500315
vt 0.859847 0.003087
vt 0.859847 0.211227
vt 0.886818 0.003087
vt 0.886818 0.211226
vt 0.877539 0.506489
vt 0.877539 0.714628
vt 0.868548 0.292175
vt 0.868548 0.500315
vt 0.227272 0.646028
vt 0.227272 0.854167
vt 0.868548 0.506489
vt 0.868548 0.714628
vt 0.124519 0.431714
vt 0.124519 0.639854
vt 0.120864 0.639854
vt 0.120864 0.431714
vt 0.430634 0.003087
vt 0.430634 0.211227
vt 0.426980 0.211227
vt 0.426980 0.003087
vt 0.454182 0.217401
vt 0.454182 0.425540
vt 0.450527 0.425540
vt 0.450527 0.217401
vt 0.501276 0.003087
vt 0.501276 0.211226
vt 0.497622 0.211227
vt 0.497622 0.003087
vt 0.053877 0.003087
vt 0.053877 0.211226
vt 0.050222 0.211226
vt 0.050222 0.003087
vt 0.524823 0.217401
vt 0.524823 0.425540
vt 0.521169 0.425540
vt 0.521169 0.217401
vt 0.171614 0.431714
vt 0.171614 0.639854
vt 0.167959 0.639854
vt 0.167959 0.431714
vt 0.148066 0.431714
vt 0.148066 0.639854
vt 0.144412 0.639854
vt 0.144412 0.431714
vt 0.129511 0.431714
vt 0.129511 0.639854
vt 0.435626 0.003087
vt 0.435626 0.211227
vt 0.459174 0.217401
vt 0.459174 0.425540
vt 0.506268 0.003087
vt 0.506268 0.211226
vt 0.058868 0.003087
vt 0.058869 0.211226
vt 0.529815 0.217401
vt 0.529815 0.425540
vt 0.176605 0.431714
vt 0.176605 0.639854
vt 0.153058 0.431714
vt 0.153058 0.639854
vt 0.134502 0.431714
vt 0.134502 0.639854
vt 0.440618 0.003087
vt 0.440618 0.211227
vt 0.464165 0.217401
vt 0.464165 0.425540
vt 0.511260 0.003087
vt 0.511260 0.211226
vt 0.063860 0.003087
vt 0.063860 0.211226
vt 0.534807 0.217401
vt 0.534807 0.425540
vt 0.181597 0.431714
vt 0.181597 0.639854
vt 0.158050 0.431714
vt 0.158050 0.639854
vt 0.138157 0.431714
vt 0.138157 0.639854
vt 0.444272 0.003087
vt 0.444272 0.211227
vt 0.467820 0.217401
vt 0.467820 0.425540
vt 0.514914 0.003087
vt 0.514914 0.211226
vt 0.067515 0.003087
vt 0.067515 0.211226
vt 0.538461 0.217401
vt 0.538461 0.425540
vt 0.185251 0.431714
vt 0.185251 0.639854
vt 0.161704 0.431714
vt 0.161704 0.639854
vt 0.876460 0.211226
vt 0.876460 0.003087
vt 0.877828 0.003087
vt 0.877828 0.211226
vt 0.885161 0.500315
vt 0.885161 0.292175
vt 0.886529 0.292175
vt 0.886529 0.500315
vt 0.885161 0.714628
vt 0.885161 0.506489
vt 0.886529 0.506489
vt 0.886529 0.714628
vt 0.443306 0.864177
vt 0.443306 0.656038
vt 0.444674 0.656038
vt 0.444674 0.864177
vt 0.876171 0.500315
vt 0.876171 0.292175
vt 0.877539 0.292175
vt 0.877539 0.500315
vt 0.867470 0.211227
vt 0.867470 0.003087
vt 0.868837 0.003087
vt 0.868837 0.211227
vt 0.452296 0.864177
vt 0.452296 0.656038
vt 0.453664 0.656038
vt 0.453664 0.864177
vt 0.800855 0.864178
vt 0.800855 0.656038
vt 0.802223 0.656038
vt 0.802223 0.864178
vt 0.875092 0.211226
vt 0.875092 0.003087
vt 0.883794 0.500315
vt 0.883794 0.292175
vt 0.883794 0.714628
vt 0.883794 0.506489
vt 0.441938 0.864177
vt 0.441938 0.656038
vt 0.874803 0.500315
vt 0.874803 0.292175
vt 0.866102 0.211227
vt 0.866102 0.003087
vt 0.450929 0.864177
vt 0.450929 0.656038
vt 0.799487 0.864178
vt 0.799487 0.656038
vt 0.571918 0.217401
vt 0.571918 0.425540
vt 0.568264 0.425540
vt 0.568264 0.217401
vt 0.430634 0.217401
vt 0.430634 0.425540
vt 0.426980 0.425540
vt 0.426980 0.217401
vt 0.454182 0.003087
vt 0.454182 0.211227
vt 0.450527 0.211227
vt 0.450527 0.003087
vt 0.477729 0.003087
vt 0.477729 0.211227
vt 0.474075 0.211227
vt 0.474075 0.003087
vt 0.077424 0.003087
vt 0.077424 0.211226
vt 0.073770 0.211226
vt 0.073770 0.003087
vt 0.218708 0.431714
vt 0.218708 0.639853
vt 0.215054 0.639853
vt 0.215054 0.431714
vt 0.619013 0.217401
vt 0.619013 0.425540
vt 0.615358 0.425540
vt 0.615358 0.217401
vt 0.548371 0.217401
vt 0.548371 0.425540
vt 0.544716 0.425540
vt 0.544716 0.217401
vt 0.690524 0.941668
vt 0.693251 0.941867
vt 0.692521 0.946735
vt 0.562115 0.941679
vt 0.564843 0.941878
vt 0.564112 0.946746
vt 0.963498 0.268098
vt 0.960770 0.267900
vt 0.961501 0.263032
vt 0.227264 0.921725
vt 0.224536 0.921923
vt 0.224536 0.917002
vt 0.678813 0.915915
vt 0.681541 0.915717
vt 0.681541 0.920638
vt 0.622375 0.915915
vt 0.625103 0.916114
vt 0.624372 0.920982
vt 0.338066 0.931059
vt 0.340794 0.930861
vt 0.340794 0.935782
vt 0.951787 0.268099
vt 0.949059 0.268297
vt 0.949059 0.263376
vt 0.688526 0.895226
vt 0.687796 0.890355
vt 0.690524 0.890157
vt 0.930362 0.263035
vt 0.931093 0.267906
vt 0.928365 0.268105
vt 0.552401 0.885087
vt 0.553132 0.889958
vt 0.550404 0.890157
vt 0.800218 0.910980
vt 0.799487 0.906109
vt 0.802215 0.905911
vt 0.919382 0.263378
vt 0.919382 0.268303
vt 0.916654 0.268104
vt 0.086018 0.910702
vt 0.086018 0.905778
vt 0.088746 0.905976
vt 0.907671 0.263379
vt 0.907671 0.268303
vt 0.904943 0.268104
vt 0.553132 0.911195
vt 0.553132 0.916119
vt 0.550404 0.915921
vt 0.560118 0.920990
vt 0.559387 0.916119
vt 0.562115 0.915921
vt 0.691255 0.950245
vt 0.562846 0.950256
vt 0.962767 0.259521
vt 0.225267 0.913346
vt 0.680809 0.924294
vt 0.623106 0.924492
vt 0.340063 0.939438
vt 0.949790 0.259720
vt 0.689792 0.898739
vt 0.929096 0.259522
vt 0.551135 0.881574
vt 0.801484 0.914493
vt 0.918651 0.259721
vt 0.086749 0.914360
vt 0.906940 0.259721
vt 0.552401 0.907537
vt 0.561384 0.924502
vt 0.689793 0.951458
vt 0.561384 0.951469
vt 0.964229 0.258309
vt 0.226533 0.911935
vt 0.679543 0.925705
vt 0.621644 0.925705
vt 0.338797 0.940849
vt 0.951056 0.258309
vt 0.691254 0.899952
vt 0.927634 0.258309
vt 0.549673 0.880361
vt 0.802946 0.915706
vt 0.917385 0.258309
vt 0.088015 0.915771
vt 0.905674 0.258309
vt 0.551135 0.906126
vt 0.562846 0.925716
vt 0.688527 0.950047
vt 0.560118 0.950058
vt 0.965495 0.259720
vt 0.227995 0.913148
vt 0.678081 0.924492
vt 0.620378 0.924294
vt 0.337335 0.939637
vt 0.952518 0.259522
vt 0.692521 0.898541
vt 0.926368 0.259721
vt 0.548407 0.881773
vt 0.804212 0.914295
vt 0.915923 0.259522
vt 0.089477 0.914558
vt 0.904212 0.259522
vt 0.549673 0.907339
vt 0.564112 0.924304
vt 0.687796 0.946391
vt 0.559387 0.946402
vt 0.966226 0.263375
vt 0.229261 0.916658
vt 0.676815 0.920982
vt 0.619647 0.920638
vt 0.336069 0.936126
vt 0.953784 0.263032
vt 0.693252 0.894883
vt 0.925637 0.263379
vt 0.547676 0.885431
vt 0.804943 0.910637
vt 0.914657 0.263035
vt 0.090743 0.911045
vt 0.902946 0.263035
vt 0.548407 0.910851
vt 0.564843 0.920646
vt 0.687796 0.941470
vt 0.559387 0.941481
vt 0.966226 0.268297
vt 0.229992 0.921526
vt 0.676084 0.916114
vt 0.619647 0.915717
vt 0.335338 0.931258
vt 0.954515 0.267900
vt 0.693252 0.889959
vt 0.925637 0.268303
vt 0.547676 0.890355
vt 0.804943 0.905713
vt 0.913926 0.267906
vt 0.091474 0.906174
vt 0.902215 0.267906
vt 0.547676 0.915722
vt 0.564843 0.915722
vt 0.688527 0.936602
vt 0.560118 0.936612
vt 0.965495 0.273165
vt 0.229992 0.926448
vt 0.676085 0.911193
vt 0.620378 0.910849
vt 0.335338 0.926337
vt 0.954515 0.272822
vt 0.692521 0.885088
vt 0.926368 0.273174
vt 0.548407 0.895226
vt 0.804213 0.900842
vt 0.913926 0.272830
vt 0.091474 0.901250
vt 0.902215 0.272830
vt 0.547676 0.920646
vt 0.564112 0.910851
vt 0.689792 0.933091
vt 0.561384 0.933102
vt 0.964229 0.276675
vt 0.229261 0.930103
vt 0.676816 0.907537
vt 0.621644 0.907338
vt 0.336069 0.922681
vt 0.953784 0.276477
vt 0.691255 0.881575
vt 0.927634 0.276686
vt 0.549673 0.898739
vt 0.802947 0.897329
vt 0.914657 0.276488
vt 0.090743 0.897592
vt 0.902946 0.276488
vt 0.548407 0.924304
vt 0.562846 0.907339
vt 0.691254 0.931879
vt 0.562846 0.931890
vt 0.962767 0.277888
vt 0.227995 0.931514
vt 0.678082 0.906126
vt 0.623106 0.906126
vt 0.337335 0.921270
vt 0.952518 0.277888
vt 0.689793 0.880362
vt 0.929096 0.277900
vt 0.551135 0.899952
vt 0.801485 0.896116
vt 0.915923 0.277899
vt 0.089476 0.896181
vt 0.904212 0.277900
vt 0.549673 0.925716
vt 0.561384 0.906126
vt 0.692520 0.933290
vt 0.564112 0.933301
vt 0.961501 0.276477
vt 0.226533 0.930302
vt 0.679544 0.907338
vt 0.624372 0.907536
vt 0.338797 0.922482
vt 0.951056 0.276676
vt 0.688527 0.881773
vt 0.930362 0.276488
vt 0.552401 0.898540
vt 0.800218 0.897527
vt 0.917385 0.276686
vt 0.088015 0.897394
vt 0.905674 0.276687
vt 0.551135 0.924503
vt 0.560118 0.907537
vt 0.693252 0.936945
vt 0.564843 0.936956
vt 0.960770 0.272821
vt 0.225267 0.926791
vt 0.680810 0.910849
vt 0.625103 0.911193
vt 0.340063 0.925993
vt 0.949790 0.273165
vt 0.687796 0.885431
vt 0.931093 0.272830
vt 0.553132 0.894882
vt 0.799487 0.901185
vt 0.918651 0.273174
vt 0.086748 0.900907
vt 0.906940 0.273174
vt 0.552401 0.920990
vt 0.559387 0.911195
vt 0.198533 0.969536
vt 0.180938 0.964882
vt 0.185652 0.956822
vt 0.263692 0.979546
vt 0.281287 0.984199
vt 0.276573 0.992259
vt 0.062167 0.969536
vt 0.075048 0.982249
vt 0.066882 0.986903
vt 0.973312 0.391359
vt 0.990907 0.396013
vt 0.986193 0.404073
vt 0.964322 0.605673
vt 0.951441 0.618387
vt 0.946727 0.610326
vt 0.305138 0.938637
vt 0.300423 0.921270
vt 0.309852 0.921270
vt 0.964322 0.819400
vt 0.969036 0.836768
vt 0.959607 0.836768
vt 0.964322 0.901218
vt 0.946727 0.905871
vt 0.946727 0.896564
vt 0.964611 0.020454
vt 0.947016 0.015801
vt 0.951730 0.007741
vt 0.115643 0.969536
vt 0.098048 0.974189
vt 0.098048 0.964882
vt 0.157088 0.969536
vt 0.174683 0.964882
vt 0.174683 0.974189
vt 0.979278 0.234768
vt 0.961683 0.230114
vt 0.966397 0.222054
vt 0.964611 0.184088
vt 0.977491 0.196802
vt 0.969325 0.201455
vt 0.973312 0.309542
vt 0.986193 0.322256
vt 0.978027 0.326910
vt 0.964322 0.646581
vt 0.959607 0.663949
vt 0.951441 0.659295
vt 0.595797 0.938637
vt 0.582917 0.951351
vt 0.578202 0.943291
vt 0.652234 0.938638
vt 0.669829 0.933984
vt 0.669829 0.943291
vt 0.482381 0.938637
vt 0.495261 0.951351
vt 0.487095 0.956004
vt 0.193818 0.952168
vt 0.268407 0.996913
vt 0.057453 0.986903
vt 0.978027 0.408727
vt 0.946727 0.601019
vt 0.318018 0.925923
vt 0.951441 0.832114
vt 0.951442 0.888504
vt 0.959896 0.003087
vt 0.102762 0.982249
vt 0.169968 0.956822
vt 0.961683 0.239421
vt 0.982206 0.188742
vt 0.990907 0.314196
vt 0.969036 0.663949
vt 0.591083 0.956005
vt 0.665115 0.925924
vt 0.499976 0.943291
vt 0.203247 0.952168
vt 0.258978 0.996913
vt 0.049287 0.982249
vt 0.968598 0.408727
vt 0.951441 0.592959
vt 0.322733 0.933984
vt 0.946727 0.824054
vt 0.959607 0.883850
vt 0.969325 0.003087
vt 0.110928 0.986903
vt 0.161802 0.952168
vt 0.966397 0.247482
vt 0.982206 0.179435
vt 0.990907 0.304889
vt 0.977202 0.659295
vt 0.600512 0.956005
vt 0.656949 0.921270
vt 0.499976 0.933984
vt 0.211413 0.956822
vt 0.250812 0.992259
vt 0.044572 0.974189
vt 0.960432 0.404073
vt 0.959607 0.588306
vt 0.322733 0.943291
vt 0.946727 0.814747
vt 0.969036 0.883850
vt 0.977491 0.007741
vt 0.120357 0.986903
vt 0.152373 0.952168
vt 0.974563 0.252135
vt 0.977491 0.171375
vt 0.986193 0.296829
vt 0.981917 0.651235
vt 0.608677 0.951351
vt 0.647520 0.921270
vt 0.495261 0.925924
vt 0.216128 0.964882
vt 0.246098 0.984199
vt 0.044572 0.964882
vt 0.955717 0.396013
vt 0.969036 0.588306
vt 0.318018 0.951351
vt 0.951441 0.806687
vt 0.977202 0.888504
vt 0.982206 0.015801
vt 0.128523 0.982249
vt 0.144207 0.956822
vt 0.983992 0.252135
vt 0.969325 0.166721
vt 0.978027 0.292175
vt 0.981917 0.641928
vt 0.613392 0.943291
vt 0.639354 0.925924
vt 0.487095 0.921270
vt 0.216128 0.974189
vt 0.246098 0.974892
vt 0.049287 0.956822
vt 0.955717 0.386706
vt 0.977202 0.592959
vt 0.309852 0.956004
vt 0.959607 0.802033
vt 0.981917 0.896564
vt 0.982206 0.025108
vt 0.133238 0.974189
vt 0.139493 0.964882
vt 0.992158 0.247482
vt 0.959896 0.166721
vt 0.968598 0.292175
vt 0.977202 0.633868
vt 0.613392 0.933984
vt 0.634640 0.933984
vt 0.477666 0.921270
vt 0.211413 0.982249
vt 0.250812 0.966832
vt 0.057453 0.952168
vt 0.960432 0.378646
vt 0.981917 0.601019
vt 0.300423 0.956004
vt 0.969036 0.802033
vt 0.981917 0.905871
vt 0.977491 0.033168
vt 0.133238 0.964882
vt 0.139493 0.974189
vt 0.996873 0.239421
vt 0.951730 0.171375
vt 0.960432 0.296829
vt 0.969036 0.629214
vt 0.608677 0.925924
vt 0.634640 0.943291
vt 0.469500 0.925924
vt 0.203247 0.986903
vt 0.258978 0.962178
vt 0.066882 0.952168
vt 0.968598 0.373992
vt 0.981917 0.610327
vt 0.292257 0.951351
vt 0.977202 0.806687
vt 0.977202 0.913931
vt 0.969325 0.037822
vt 0.128523 0.956822
vt 0.144207 0.982249
vt 0.996873 0.230114
vt 0.947016 0.179435
vt 0.955717 0.304889
vt 0.959607 0.629214
vt 0.600512 0.921270
vt 0.639354 0.951351
vt 0.464786 0.933984
vt 0.193818 0.986903
vt 0.268407 0.962178
vt 0.075048 0.956822
vt 0.978027 0.373992
vt 0.977202 0.618387
vt 0.287543 0.943291
vt 0.981917 0.814747
vt 0.969036 0.918585
vt 0.959896 0.037822
vt 0.120357 0.952169
vt 0.152373 0.986903
vt 0.992158 0.222054
vt 0.947016 0.188742
vt 0.955717 0.314196
vt 0.951441 0.633868
vt 0.591083 0.921270
vt 0.647520 0.956005
vt 0.464786 0.943291
vt 0.185652 0.982249
vt 0.276573 0.966832
vt 0.079762 0.964882
vt 0.986193 0.378646
vt 0.969036 0.623040
vt 0.287543 0.933984
vt 0.981917 0.824054
vt 0.959607 0.918585
vt 0.951730 0.033168
vt 0.110928 0.952169
vt 0.161802 0.986903
vt 0.983992 0.217401
vt 0.951730 0.196802
vt 0.960432 0.322256
vt 0.946727 0.641928
vt 0.582917 0.925924
vt 0.656949 0.956005
vt 0.469500 0.951351
vt 0.180938 0.974189
vt 0.281287 0.974892
vt 0.079762 0.974189
vt 0.990907 0.386706
vt 0.959607 0.623040
vt 0.292257 0.925924
vt 0.977202 0.832114
vt 0.951442 0.913931
vt 0.947016 0.025108
vt 0.102762 0.956822
vt 0.169968 0.982249
vt 0.974563 0.217401
vt 0.959896 0.201455
vt 0.968598 0.326910
vt 0.946727 0.651235
vt 0.578202 0.933984
vt 0.665115 0.951351
vt 0.477666 0.956004
vt 0.170155 0.789403
vt 0.170155 0.720802
vt 0.179432 0.720802
vt 0.179432 0.789403
vt 0.505263 0.799413
vt 0.505263 0.730813
vt 0.514539 0.730813
vt 0.514539 0.799413
vt 0.788036 0.003087
vt 0.788036 0.071687
vt 0.778759 0.071687
vt 0.778759 0.003087
vt 0.756436 0.003087
vt 0.756436 0.071687
vt 0.747160 0.071687
vt 0.747160 0.003087
vt 0.756436 0.077862
vt 0.756436 0.146462
vt 0.747160 0.146462
vt 0.747160 0.077862
vt 0.310708 0.799413
vt 0.310708 0.730812
vt 0.319985 0.730812
vt 0.319985 0.799413
vt 0.201785 0.789403
vt 0.201785 0.720802
vt 0.211061 0.720802
vt 0.211061 0.789403
vt 0.745167 0.724638
vt 0.745167 0.656038
vt 0.754444 0.656038
vt 0.754444 0.724638
vt 0.796737 0.506489
vt 0.796737 0.575089
vt 0.787460 0.575089
vt 0.787460 0.506489
vt 0.186621 0.720802
vt 0.186621 0.789403
vt 0.521729 0.730813
vt 0.521729 0.799413
vt 0.771570 0.071687
vt 0.771570 0.003087
vt 0.739971 0.071687
vt 0.739971 0.003087
vt 0.739971 0.146462
vt 0.739971 0.077862
vt 0.327174 0.730812
vt 0.327174 0.799413
vt 0.218250 0.720802
vt 0.218250 0.789403
vt 0.761633 0.656038
vt 0.761633 0.724638
vt 0.780271 0.575089
vt 0.780271 0.506489
vt 0.546199 0.805587
vt 0.546199 0.874187
vt 0.537091 0.874187
vt 0.537091 0.805587
vt 0.521729 0.805587
vt 0.521729 0.874187
vt 0.512621 0.874187
vt 0.512621 0.805587
vt 0.570670 0.805587
vt 0.570670 0.874187
vt 0.561562 0.874187
vt 0.561562 0.805587
vt 0.483001 0.805587
vt 0.483001 0.874187
vt 0.473893 0.874187
vt 0.473893 0.805587
vt 0.414206 0.805587
vt 0.414206 0.874187
vt 0.405098 0.874187
vt 0.405098 0.805587
vt 0.365265 0.805587
vt 0.365265 0.874187
vt 0.356157 0.874187
vt 0.356157 0.805587
vt 0.389735 0.805587
vt 0.389735 0.874187
vt 0.380627 0.874187
vt 0.380627 0.805587
vt 0.281288 0.805587
vt 0.281288 0.874187
vt 0.272180 0.874187
vt 0.272180 0.805587
vt 0.330229 0.805587
vt 0.330229 0.874187
vt 0.321121 0.874187
vt 0.321121 0.805587
vt 0.527984 0.874187
vt 0.527984 0.805587
vt 0.503513 0.874187
vt 0.503513 0.805587
vt 0.552454 0.874187
vt 0.552454 0.805587
vt 0.464786 0.874187
vt 0.464786 0.805587
vt 0.395990 0.874187
vt 0.395990 0.805587
vt 0.347049 0.874187
vt 0.347049 0.805587
vt 0.371520 0.874187
vt 0.371520 0.805587
vt 0.263072 0.874187
vt 0.263072 0.805587
vt 0.312013 0.874187
vt 0.312013 0.805587
vt 0.378679 0.724638
vt 0.378679 0.656038
vt 0.385909 0.656038
vt 0.385909 0.724638
vt 0.435683 0.656038
vt 0.435683 0.724638
vt 0.428453 0.724638
vt 0.428453 0.656038
vt 0.066387 0.714628
vt 0.066387 0.646028
vt 0.073618 0.646028
vt 0.073618 0.714628
vt 0.034757 0.714628
vt 0.034757 0.646028
vt 0.041988 0.646028
vt 0.041988 0.714628
vt 0.676711 0.221236
vt 0.676711 0.152636
vt 0.683941 0.152636
vt 0.683941 0.221236
vt 0.003127 0.714628
vt 0.003127 0.646028
vt 0.010358 0.646028
vt 0.010358 0.714628
vt 0.502591 0.724638
vt 0.502591 0.656038
vt 0.509821 0.656038
vt 0.509821 0.724638
vt 0.301782 0.431714
vt 0.301782 0.500314
vt 0.294551 0.500314
vt 0.294551 0.431714
vt 0.676711 0.146462
vt 0.676711 0.077862
vt 0.683942 0.077862
vt 0.683942 0.146462
vt 0.395197 0.656038
vt 0.395197 0.724638
vt 0.419165 0.724638
vt 0.419165 0.656038
vt 0.082906 0.646028
vt 0.082906 0.714628
vt 0.051276 0.646028
vt 0.051276 0.714628
vt 0.693229 0.152636
vt 0.693229 0.221236
vt 0.019646 0.646028
vt 0.019646 0.714628
vt 0.519109 0.656038
vt 0.519109 0.724638
vt 0.285264 0.500314
vt 0.285264 0.431714
vt 0.693229 0.077862
vt 0.693229 0.146462
vt 0.404053 0.656038
vt 0.404053 0.724638
vt 0.410308 0.724638
vt 0.410308 0.656038
vt 0.091762 0.646028
vt 0.091762 0.714628
vt 0.060132 0.646028
vt 0.060132 0.714628
vt 0.702086 0.152636
vt 0.702086 0.221236
vt 0.028502 0.646028
vt 0.028502 0.714628
vt 0.527966 0.656038
vt 0.527966 0.724638
vt 0.276407 0.500314
vt 0.276407 0.431714
vt 0.702086 0.077862
vt 0.702086 0.146462
vt 0.670456 0.227410
vt 0.670456 0.296011
vt 0.663789 0.296011
vt 0.663789 0.227410
vt 0.670456 0.152636
vt 0.670456 0.221236
vt 0.663789 0.221236
vt 0.663789 0.152636
vt 0.670456 0.077862
vt 0.670456 0.146462
vt 0.663789 0.146462
vt 0.663789 0.077862
vt 0.670456 0.003087
vt 0.670456 0.071687
vt 0.663789 0.071687
vt 0.663789 0.003087
vt 0.647558 0.581263
vt 0.647558 0.649864
vt 0.640890 0.649864
vt 0.640890 0.581263
vt 0.496336 0.581264
vt 0.496336 0.649864
vt 0.489669 0.649864
vt 0.489669 0.581263
vt 0.534141 0.581263
vt 0.534141 0.649864
vt 0.527474 0.649864
vt 0.527474 0.581263
vt 0.496336 0.506489
vt 0.496336 0.575089
vt 0.489669 0.575089
vt 0.489669 0.506489
vt 0.378599 0.506489
vt 0.378599 0.575089
vt 0.371932 0.575089
vt 0.371932 0.506489
vt 0.654681 0.296011
vt 0.654681 0.227410
vt 0.654681 0.221236
vt 0.654681 0.152636
vt 0.654681 0.146462
vt 0.654681 0.077862
vt 0.654681 0.071687
vt 0.654681 0.003087
vt 0.631783 0.649864
vt 0.631783 0.581263
vt 0.480561 0.649864
vt 0.480561 0.581264
vt 0.518366 0.649864
vt 0.518366 0.581263
vt 0.480561 0.575089
vt 0.480561 0.506489
vt 0.362824 0.575089
vt 0.362824 0.506489
vt 0.645573 0.296011
vt 0.645573 0.227410
vt 0.645573 0.221236
vt 0.645573 0.152636
vt 0.645573 0.146462
vt 0.645573 0.077862
vt 0.645573 0.071687
vt 0.645573 0.003087
vt 0.622675 0.649864
vt 0.622675 0.581263
vt 0.471453 0.649864
vt 0.471453 0.581263
vt 0.509259 0.649864
vt 0.509258 0.581263
vt 0.471453 0.575089
vt 0.471453 0.506489
vt 0.353716 0.575089
vt 0.353716 0.506489
vt 0.638906 0.296011
vt 0.638906 0.227410
vt 0.638906 0.221236
vt 0.638906 0.152636
vt 0.638906 0.146462
vt 0.638906 0.077862
vt 0.638906 0.071687
vt 0.638906 0.003087
vt 0.616008 0.649864
vt 0.616007 0.581263
vt 0.464786 0.649864
vt 0.464786 0.581264
vt 0.502591 0.649864
vt 0.502591 0.581263
vt 0.464786 0.575089
vt 0.464786 0.506489
vt 0.347049 0.575089
vt 0.347049 0.506489
vt 0.161277 0.789403
vt 0.161277 0.720802
vt 0.496385 0.799413
vt 0.496385 0.730813
vt 0.796914 0.003087
vt 0.796914 0.071687
vt 0.765315 0.003087
vt 0.765315 0.071687
vt 0.765315 0.077862
vt 0.765315 0.146462
vt 0.301830 0.799413
vt 0.301830 0.730812
vt 0.192906 0.789403
vt 0.192906 0.720802
vt 0.736289 0.724638
vt 0.736289 0.656038
vt 0.805615 0.506489
vt 0.805615 0.575089
vt 0.388532 0.211226
vt 0.388532 0.003087
vt 0.393523 0.003087
vt 0.393523 0.211226
vt 0.364984 0.211227
vt 0.364984 0.003087
vt 0.369976 0.003087
vt 0.369976 0.211227
vt 0.294342 0.211227
vt 0.294342 0.003087
vt 0.299334 0.003087
vt 0.299334 0.211227
vt 0.082416 0.425540
vt 0.082416 0.217401
vt 0.087408 0.217401
vt 0.087408 0.425540
vt 0.011774 0.425540
vt 0.011774 0.217401
vt 0.016766 0.217401
vt 0.016766 0.425540
vt 0.412079 0.211226
vt 0.412079 0.003087
vt 0.417071 0.003087
vt 0.417071 0.211226
vt 0.035321 0.425540
vt 0.035321 0.217401
vt 0.040313 0.217401
vt 0.040313 0.425540
vt 0.058868 0.425540
vt 0.058868 0.217401
vt 0.063860 0.217401
vt 0.063860 0.425540
vt 0.397178 0.003087
vt 0.397178 0.211226
vt 0.373630 0.003087
vt 0.373630 0.211227
vt 0.302988 0.003087
vt 0.302988 0.211227
vt 0.091062 0.217401
vt 0.091062 0.425540
vt 0.020420 0.217401
vt 0.020420 0.425540
vt 0.420725 0.003087
vt 0.420725 0.211226
vt 0.043967 0.217401
vt 0.043967 0.425540
vt 0.067515 0.217401
vt 0.067515 0.425540
vt 0.876171 0.720802
vt 0.876171 0.928128
vt 0.874803 0.928244
vt 0.874803 0.720919
vt 0.822228 0.720802
vt 0.822228 0.928128
vt 0.820861 0.928245
vt 0.820861 0.720919
vt 0.849200 0.720803
vt 0.849200 0.928128
vt 0.847832 0.928245
vt 0.847832 0.720919
vt 0.912133 0.720216
vt 0.912133 0.927542
vt 0.910765 0.927658
vt 0.910765 0.720333
vt 0.831219 0.720802
vt 0.831219 0.928128
vt 0.829851 0.928245
vt 0.829851 0.720919
vt 0.858190 0.720802
vt 0.858190 0.928128
vt 0.856822 0.928245
vt 0.856822 0.720919
vt 0.939104 0.292175
vt 0.939104 0.499500
vt 0.937736 0.499617
vt 0.937736 0.292292
vt 0.840209 0.720803
vt 0.840209 0.928128
vt 0.838842 0.928245
vt 0.838842 0.720919
vt 0.877539 0.720919
vt 0.877539 0.928244
vt 0.823596 0.720919
vt 0.823596 0.928245
vt 0.850567 0.720919
vt 0.850567 0.928245
vt 0.913500 0.720333
vt 0.913501 0.927658
vt 0.832587 0.720919
vt 0.832587 0.928245
vt 0.859558 0.720919
vt 0.859558 0.928245
vt 0.940472 0.292292
vt 0.940472 0.499617
vt 0.841577 0.720919
vt 0.841577 0.928245
vt 0.252239 0.425540
vt 0.252239 0.217401
vt 0.255894 0.217401
vt 0.255894 0.425540
vt 0.275787 0.425540
vt 0.275787 0.217401
vt 0.279441 0.217401
vt 0.279441 0.425540
vt 0.110955 0.425540
vt 0.110955 0.217401
vt 0.114609 0.217401
vt 0.114609 0.425540
vt 0.346429 0.425540
vt 0.346429 0.217401
vt 0.350083 0.217401
vt 0.350083 0.425540
vt 0.322881 0.425540
vt 0.322881 0.217401
vt 0.326536 0.217401
vt 0.326536 0.425540
vt 0.417071 0.425540
vt 0.417071 0.217401
vt 0.420725 0.217401
vt 0.420725 0.425540
vt 0.369976 0.425540
vt 0.369976 0.217401
vt 0.373630 0.217401
vt 0.373630 0.425540
vt 0.393523 0.425540
vt 0.393523 0.217401
vt 0.397178 0.217401
vt 0.397178 0.425540
vt 0.247248 0.425540
vt 0.247248 0.217401
vt 0.270795 0.425540
vt 0.270795 0.217401
vt 0.105963 0.425540
vt 0.105963 0.217401
vt 0.341437 0.425540
vt 0.341437 0.217401
vt 0.317890 0.425540
vt 0.317890 0.217401
vt 0.412079 0.425540
vt 0.412079 0.217401
vt 0.364984 0.425540
vt 0.364984 0.217401
vt 0.388532 0.425540
vt 0.388532 0.217401
vt 0.242256 0.425540
vt 0.242256 0.217401
vt 0.265803 0.425540
vt 0.265803 0.217401
vt 0.100971 0.425540
vt 0.100971 0.217401
vt 0.336445 0.425540
vt 0.336445 0.217401
vt 0.312898 0.425540
vt 0.312898 0.217401
vt 0.407087 0.425540
vt 0.407087 0.217401
vt 0.359992 0.425540
vt 0.359992 0.217401
vt 0.383540 0.425540
vt 0.383540 0.217401
vt 0.238601 0.425540
vt 0.238601 0.217401
vt 0.262149 0.425540
vt 0.262149 0.217401
vt 0.097317 0.425540
vt 0.097317 0.217401
vt 0.332791 0.425540
vt 0.332791 0.217401
vt 0.309243 0.425540
vt 0.309243 0.217401
vt 0.403433 0.425540
vt 0.403433 0.217401
vt 0.356338 0.425540
vt 0.356338 0.217401
vt 0.379885 0.425540
vt 0.379885 0.217401
vt 0.921412 0.210640
vt 0.921412 0.003195
vt 0.922780 0.003087
vt 0.922780 0.210533
vt 0.912422 0.210640
vt 0.912422 0.003195
vt 0.913790 0.003087
vt 0.913790 0.210533
vt 0.930114 0.499729
vt 0.930114 0.292283
vt 0.931481 0.292175
vt 0.931481 0.499621
vt 0.921123 0.714042
vt 0.921123 0.506596
vt 0.922491 0.506489
vt 0.922491 0.713934
vt 0.921123 0.499729
vt 0.921123 0.292283
vt 0.922491 0.292175
vt 0.922491 0.499621
vt 0.912133 0.714042
vt 0.912133 0.506596
vt 0.913500 0.506489
vt 0.913500 0.713934
vt 0.930114 0.714042
vt 0.930114 0.506596
vt 0.931481 0.506489
vt 0.931481 0.713934
vt 0.930403 0.210640
vt 0.930403 0.003195
vt 0.931770 0.003087
vt 0.931770 0.210533
vt 0.920045 0.210533
vt 0.920045 0.003087
vt 0.911054 0.210533
vt 0.911054 0.003087
vt 0.928746 0.499621
vt 0.928746 0.292175
vt 0.919755 0.713934
vt 0.919755 0.506489
vt 0.919756 0.499621
vt 0.919756 0.292175
vt 0.910765 0.713934
vt 0.910765 0.506489
vt 0.928746 0.713934
vt 0.928746 0.506489
vt 0.929035 0.210533
vt 0.929035 0.003087
vt 0.383540 0.003087
vt 0.383540 0.211226
vt 0.379885 0.211226
vt 0.379885 0.003087
vt 0.359992 0.003087
vt 0.359992 0.211227
vt 0.356338 0.211227
vt 0.356338 0.003087
vt 0.289350 0.003087
vt 0.289350 0.211227
vt 0.285696 0.211227
vt 0.285696 0.003087
vt 0.077424 0.217401
vt 0.077424 0.425540
vt 0.073770 0.425540
vt 0.073770 0.217401
vt 0.006782 0.217401
vt 0.006782 0.425540
vt 0.003128 0.425540
vt 0.003127 0.217401
vt 0.407087 0.003087
vt 0.407087 0.211226
vt 0.403433 0.211226
vt 0.403433 0.003087
vt 0.030329 0.217401
vt 0.030329 0.425540
vt 0.026675 0.425540
vt 0.026675 0.217401
vt 0.053877 0.217401
vt 0.053877 0.425540
vt 0.050222 0.425540
vt 0.050222 0.217401
vt 0.777680 0.400633
vt 0.780408 0.400831
vt 0.779677 0.405719
vt 0.567595 0.740640
vt 0.564867 0.740443
vt 0.565598 0.735555
vt 0.765969 0.400633
vt 0.768697 0.400831
vt 0.767966 0.405719
vt 0.530712 0.766471
vt 0.533440 0.766668
vt 0.532709 0.771556
vt 0.711069 0.136634
vt 0.713797 0.136832
vt 0.713066 0.141719
vt 0.789391 0.400633
vt 0.792119 0.400831
vt 0.791388 0.405719
vt 0.336157 0.740640
vt 0.338885 0.740838
vt 0.338154 0.745726
vt 0.722780 0.110804
vt 0.725508 0.111001
vt 0.724777 0.115889
vt 0.338885 0.761728
vt 0.338885 0.766668
vt 0.336157 0.766470
vt 0.776295 0.180493
vt 0.777026 0.185381
vt 0.774298 0.185578
vt 0.777026 0.206666
vt 0.777026 0.211606
vt 0.774298 0.211408
vt 0.759087 0.735898
vt 0.759087 0.740838
vt 0.756359 0.740641
vt 0.081996 0.800662
vt 0.081996 0.805602
vt 0.079268 0.805405
vt 0.823596 0.245600
vt 0.823596 0.250540
vt 0.820868 0.250343
vt 0.823596 0.271430
vt 0.823596 0.276371
vt 0.820868 0.276173
vt 0.708341 0.115546
vt 0.708341 0.110606
vt 0.711069 0.110804
vt 0.725508 0.131891
vt 0.725508 0.136832
vt 0.722780 0.136634
vt 0.778411 0.409243
vt 0.566864 0.732030
vt 0.766700 0.409243
vt 0.531443 0.775081
vt 0.711800 0.145244
vt 0.790122 0.409243
vt 0.336888 0.749251
vt 0.723511 0.119414
vt 0.338154 0.758058
vt 0.775029 0.176968
vt 0.776295 0.202996
vt 0.758356 0.732228
vt 0.081265 0.796992
vt 0.822865 0.241930
vt 0.822865 0.267760
vt 0.709072 0.119216
vt 0.724777 0.128221
vt 0.776949 0.410461
vt 0.568326 0.730812
vt 0.765238 0.410461
vt 0.529981 0.776299
vt 0.710338 0.146462
vt 0.788660 0.410461
vt 0.335426 0.750468
vt 0.722049 0.120632
vt 0.336888 0.756642
vt 0.773567 0.175750
vt 0.775029 0.201580
vt 0.757090 0.730813
vt 0.079998 0.795577
vt 0.821599 0.240515
vt 0.821599 0.266345
vt 0.710338 0.120632
vt 0.723511 0.126806
vt 0.775683 0.409046
vt 0.569593 0.732228
vt 0.763972 0.409046
vt 0.528715 0.774883
vt 0.709072 0.145046
vt 0.787394 0.409046
vt 0.334160 0.749053
vt 0.720783 0.119216
vt 0.335426 0.757860
vt 0.772301 0.177166
vt 0.773567 0.202798
vt 0.755628 0.732030
vt 0.078536 0.796794
vt 0.820137 0.241733
vt 0.820137 0.267563
vt 0.711800 0.119414
vt 0.722049 0.128024
vt 0.774952 0.405376
vt 0.570323 0.735897
vt 0.763241 0.405376
vt 0.527984 0.771214
vt 0.708341 0.141377
vt 0.786663 0.405376
vt 0.333429 0.745383
vt 0.720052 0.115546
vt 0.334160 0.761385
vt 0.771570 0.180835
vt 0.772301 0.206323
vt 0.754362 0.735555
vt 0.077270 0.800319
vt 0.818871 0.245258
vt 0.818871 0.271088
vt 0.713066 0.115889
vt 0.720783 0.131549
vt 0.774952 0.400436
vt 0.570323 0.740838
vt 0.763241 0.400436
vt 0.527984 0.766273
vt 0.708341 0.136436
vt 0.786663 0.400436
vt 0.333429 0.740443
vt 0.720052 0.110606
vt 0.333429 0.766273
vt 0.771570 0.185776
vt 0.771570 0.211211
vt 0.753631 0.740443
vt 0.076540 0.805207
vt 0.818140 0.250145
vt 0.818140 0.275975
vt 0.713797 0.111001
vt 0.720052 0.136436
vt 0.775683 0.395548
vt 0.569592 0.745726
vt 0.763972 0.395548
vt 0.528714 0.761386
vt 0.709072 0.131549
vt 0.787394 0.395548
vt 0.334160 0.735555
vt 0.720783 0.105718
vt 0.333429 0.771213
vt 0.772301 0.190663
vt 0.771570 0.216151
vt 0.753631 0.745384
vt 0.076540 0.810148
vt 0.818140 0.255086
vt 0.818140 0.280916
vt 0.713797 0.106061
vt 0.720052 0.141377
vt 0.776949 0.392023
vt 0.568326 0.749250
vt 0.765238 0.392023
vt 0.529980 0.757861
vt 0.710338 0.128024
vt 0.788660 0.392023
vt 0.335426 0.732030
vt 0.722049 0.102193
vt 0.334160 0.774883
vt 0.773567 0.194188
vt 0.772301 0.219821
vt 0.754362 0.749053
vt 0.077271 0.813817
vt 0.818871 0.258755
vt 0.818871 0.284586
vt 0.713066 0.102391
vt 0.720783 0.145046
vt 0.778411 0.390805
vt 0.566864 0.750468
vt 0.766700 0.390805
vt 0.531442 0.756643
vt 0.711800 0.126806
vt 0.790122 0.390805
vt 0.336888 0.730812
vt 0.723511 0.100976
vt 0.335426 0.776299
vt 0.775029 0.195406
vt 0.773567 0.221236
vt 0.755628 0.750469
vt 0.078537 0.815233
vt 0.820137 0.260171
vt 0.820137 0.286001
vt 0.711800 0.100976
vt 0.722049 0.146462
vt 0.779677 0.392221
vt 0.565598 0.749053
vt 0.767966 0.392221
vt 0.532709 0.758058
vt 0.713066 0.128221
vt 0.791388 0.392221
vt 0.338154 0.732228
vt 0.724777 0.102391
vt 0.336888 0.775081
vt 0.776295 0.193991
vt 0.775029 0.220019
vt 0.757090 0.749251
vt 0.079999 0.814015
vt 0.821599 0.258953
vt 0.821599 0.284783
vt 0.710338 0.102193
vt 0.723511 0.145244
vt 0.780408 0.395890
vt 0.564867 0.745383
vt 0.768697 0.395890
vt 0.533440 0.761728
vt 0.713797 0.131891
vt 0.792119 0.395890
vt 0.338885 0.735897
vt 0.725508 0.106061
vt 0.338154 0.771556
vt 0.777026 0.190321
vt 0.776295 0.216494
vt 0.758357 0.745726
vt 0.081265 0.810490
vt 0.822865 0.255428
vt 0.822865 0.281258
vt 0.709072 0.105718
vt 0.724777 0.141719
vt 0.973312 0.473176
vt 0.978027 0.490544
vt 0.968598 0.490544
vt 0.523826 0.897729
vt 0.506231 0.893075
vt 0.510945 0.885015
vt 0.937833 0.234768
vt 0.920238 0.239421
vt 0.920238 0.230114
vt 0.482381 0.897729
vt 0.464786 0.893075
vt 0.469500 0.885015
vt 0.198533 0.887718
vt 0.180938 0.892372
vt 0.180938 0.883065
vt 0.697946 0.408173
vt 0.680351 0.403519
vt 0.685065 0.395459
vt 0.062168 0.928627
vt 0.044573 0.923974
vt 0.049287 0.915913
vt 0.739391 0.408173
vt 0.721796 0.403519
vt 0.726510 0.395459
vt 0.759595 0.863863
vt 0.742000 0.868517
vt 0.742000 0.859210
vt 0.364644 0.938637
vt 0.377524 0.925924
vt 0.382239 0.933984
vt 0.964611 0.143180
vt 0.969325 0.160547
vt 0.959896 0.160547
vt 0.964322 0.860309
vt 0.969036 0.877676
vt 0.959607 0.877676
vt 0.718150 0.863863
vt 0.705270 0.876577
vt 0.700555 0.868517
vt 0.896388 0.234768
vt 0.878792 0.239421
vt 0.878792 0.230114
vt 0.656501 0.408172
vt 0.651786 0.425540
vt 0.643620 0.420886
vt 0.652235 0.897729
vt 0.639354 0.910443
vt 0.634640 0.902382
vt 0.406089 0.897729
vt 0.393209 0.910442
vt 0.388494 0.902382
vt 0.759595 0.822954
vt 0.742000 0.827608
vt 0.742000 0.818301
vt 0.960432 0.485890
vt 0.519111 0.880361
vt 0.924952 0.222054
vt 0.477666 0.880361
vt 0.185652 0.875005
vt 0.693231 0.390805
vt 0.057453 0.911260
vt 0.734676 0.390805
vt 0.746715 0.851149
vt 0.369358 0.921270
vt 0.977491 0.155894
vt 0.977202 0.873023
vt 0.713435 0.881230
vt 0.883507 0.247482
vt 0.661215 0.425540
vt 0.647520 0.915096
vt 0.401374 0.915096
vt 0.746715 0.835668
vt 0.955717 0.477830
vt 0.528540 0.880361
vt 0.933118 0.217401
vt 0.487095 0.880361
vt 0.193818 0.870351
vt 0.702660 0.390805
vt 0.066882 0.911260
vt 0.744105 0.390805
vt 0.754880 0.846496
vt 0.359929 0.921270
vt 0.982206 0.147833
vt 0.981917 0.864963
vt 0.722865 0.881230
vt 0.891673 0.252135
vt 0.669381 0.420886
vt 0.656949 0.915096
vt 0.410804 0.915096
vt 0.754880 0.840322
vt 0.955717 0.468523
vt 0.536706 0.885015
vt 0.942547 0.217401
vt 0.495261 0.885015
vt 0.203247 0.870351
vt 0.710826 0.395459
vt 0.075048 0.915913
vt 0.752271 0.395459
vt 0.764310 0.846496
vt 0.351764 0.925924
vt 0.982206 0.138526
vt 0.981917 0.855655
vt 0.731030 0.876577
vt 0.901102 0.252135
vt 0.674096 0.412826
vt 0.665115 0.910443
vt 0.418969 0.910442
vt 0.764310 0.840322
vt 0.960432 0.460462
vt 0.541421 0.893075
vt 0.950713 0.222054
vt 0.499976 0.893075
vt 0.211413 0.875005
vt 0.715541 0.403519
vt 0.079762 0.923974
vt 0.756986 0.403519
vt 0.772475 0.851149
vt 0.347049 0.933984
vt 0.977491 0.130466
vt 0.977202 0.847595
vt 0.735745 0.868517
vt 0.909268 0.247482
vt 0.674096 0.403519
vt 0.669829 0.902382
vt 0.423684 0.902382
vt 0.772475 0.835668
vt 0.968598 0.455809
vt 0.541421 0.902382
vt 0.955427 0.230114
vt 0.499976 0.902382
vt 0.216128 0.883065
vt 0.715541 0.412826
vt 0.079762 0.933281
vt 0.756986 0.412826
vt 0.777190 0.859210
vt 0.347049 0.943291
vt 0.969325 0.125813
vt 0.969036 0.842942
vt 0.735745 0.859210
vt 0.913982 0.239422
vt 0.669381 0.395459
vt 0.669829 0.893075
vt 0.423684 0.893075
vt 0.777190 0.827608
vt 0.978027 0.455809
vt 0.536706 0.910442
vt 0.955428 0.239421
vt 0.495261 0.910442
vt 0.216128 0.892372
vt 0.710826 0.420886
vt 0.075048 0.941341
vt 0.752271 0.420886
vt 0.777190 0.868517
vt 0.351764 0.951351
vt 0.959896 0.125813
vt 0.959607 0.842942
vt 0.731030 0.851149
vt 0.913983 0.230114
vt 0.661215 0.390805
vt 0.665115 0.885015
vt 0.418969 0.885015
vt 0.777190 0.818301
vt 0.986193 0.460463
vt 0.528540 0.915096
vt 0.950713 0.247482
vt 0.487095 0.915096
vt 0.211413 0.900432
vt 0.702660 0.425540
vt 0.066882 0.945994
vt 0.744105 0.425540
vt 0.772475 0.876577
vt 0.359929 0.956005
vt 0.951730 0.130466
vt 0.951441 0.847595
vt 0.722864 0.846496
vt 0.909268 0.222054
vt 0.651786 0.390805
vt 0.656949 0.880362
vt 0.410803 0.880361
vt 0.772475 0.810241
vt 0.990907 0.468523
vt 0.519111 0.915096
vt 0.942547 0.252135
vt 0.477666 0.915096
vt 0.203248 0.905086
vt 0.693231 0.425540
vt 0.057453 0.945994
vt 0.734676 0.425540
vt 0.764310 0.881230
vt 0.369359 0.956005
vt 0.947016 0.138526
vt 0.946727 0.855655
vt 0.713435 0.846496
vt 0.901102 0.217401
vt 0.643620 0.395459
vt 0.647520 0.880362
vt 0.401374 0.880361
vt 0.764310 0.805587
vt 0.990907 0.477830
vt 0.510945 0.910442
vt 0.933118 0.252135
vt 0.469500 0.910442
vt 0.193818 0.905086
vt 0.685065 0.420886
vt 0.049287 0.941341
vt 0.726510 0.420886
vt 0.754880 0.881230
vt 0.377524 0.951351
vt 0.947016 0.147833
vt 0.946727 0.864963
vt 0.705270 0.851149
vt 0.891673 0.217401
vt 0.638906 0.403519
vt 0.639354 0.885015
vt 0.393209 0.885015
vt 0.754880 0.805587
vt 0.986193 0.485890
vt 0.506231 0.902382
vt 0.924952 0.247482
vt 0.464786 0.902382
vt 0.185652 0.900432
vt 0.680351 0.412826
vt 0.044573 0.933281
vt 0.721796 0.412826
vt 0.746715 0.876577
vt 0.382239 0.943291
vt 0.951730 0.155894
vt 0.951441 0.873023
vt 0.700555 0.859210
vt 0.883507 0.222054
vt 0.638906 0.412826
vt 0.634640 0.893075
vt 0.388494 0.893075
vt 0.746715 0.810241
vt 0.763726 0.500315
vt 0.763726 0.431714
vt 0.773002 0.431714
vt 0.773002 0.500315
vt 0.043636 0.789402
vt 0.043636 0.720802
vt 0.052912 0.720802
vt 0.052912 0.789402
vt 0.756436 0.227411
vt 0.756436 0.296011
vt 0.747160 0.296011
vt 0.747160 0.227411
vt 0.756436 0.152636
vt 0.756436 0.221236
vt 0.747160 0.221236
vt 0.747160 0.152636
vt 0.739714 0.431714
vt 0.739714 0.500315
vt 0.730437 0.500315
vt 0.730437 0.431714
vt 0.788035 0.077862
vt 0.788035 0.146462
vt 0.778759 0.146462
vt 0.778759 0.077862
vt 0.788035 0.302185
vt 0.788035 0.370785
vt 0.778759 0.370785
vt 0.778759 0.302185
vt 0.733539 0.506489
vt 0.733539 0.575089
vt 0.724262 0.575089
vt 0.724262 0.506489
vt 0.681969 0.724639
vt 0.681969 0.656038
vt 0.691246 0.656038
vt 0.691246 0.724639
vt 0.780191 0.431714
vt 0.780191 0.500315
vt 0.060101 0.720802
vt 0.060101 0.789402
vt 0.739971 0.296011
vt 0.739971 0.227411
vt 0.739971 0.221236
vt 0.739971 0.152636
vt 0.723248 0.500315
vt 0.723248 0.431714
vt 0.771570 0.146462
vt 0.771570 0.077862
vt 0.771570 0.370786
vt 0.771570 0.302185
vt 0.717073 0.575089
vt 0.717073 0.506489
vt 0.698435 0.656038
vt 0.698435 0.724638
vt 0.122519 0.864177
vt 0.122519 0.795577
vt 0.131626 0.795577
vt 0.131626 0.864177
vt 0.027598 0.864177
vt 0.027598 0.795577
vt 0.036706 0.795577
vt 0.036706 0.864177
vt 0.021343 0.795577
vt 0.021343 0.864177
vt 0.012235 0.864177
vt 0.012235 0.795577
vt 0.747376 0.730813
vt 0.747376 0.799413
vt 0.738268 0.799413
vt 0.738268 0.730813
vt 0.602673 0.799413
vt 0.602673 0.730812
vt 0.611781 0.730813
vt 0.611781 0.799413
vt 0.238601 0.874187
vt 0.238601 0.805587
vt 0.247709 0.805587
vt 0.247709 0.874187
vt 0.673964 0.730813
vt 0.673964 0.799413
vt 0.664856 0.799413
vt 0.664856 0.730813
vt 0.596418 0.730813
vt 0.596418 0.799413
vt 0.587310 0.799413
vt 0.587310 0.730812
vt 0.680219 0.799413
vt 0.680219 0.730813
vt 0.689327 0.730813
vt 0.689327 0.799413
vt 0.140734 0.795577
vt 0.140734 0.864177
vt 0.045814 0.795577
vt 0.045814 0.864177
vt 0.003127 0.864177
vt 0.003127 0.795577
vt 0.729161 0.799413
vt 0.729161 0.730813
vt 0.620888 0.730812
vt 0.620888 0.799413
vt 0.256817 0.805587
vt 0.256817 0.874187
vt 0.655748 0.799413
vt 0.655748 0.730813
vt 0.578202 0.799413
vt 0.578202 0.730813
vt 0.698435 0.730813
vt 0.698435 0.799413
vt 0.733716 0.003087
vt 0.733716 0.071688
vt 0.726485 0.071687
vt 0.726485 0.003087
vt 0.155022 0.646028
vt 0.155022 0.714628
vt 0.147791 0.714628
vt 0.147791 0.646028
vt 0.098017 0.714628
vt 0.098017 0.646028
vt 0.105247 0.646028
vt 0.105247 0.714628
vt 0.702086 0.302185
vt 0.702086 0.370786
vt 0.694855 0.370785
vt 0.694855 0.302185
vt 0.301782 0.581263
vt 0.301782 0.649864
vt 0.294551 0.649864
vt 0.294551 0.581263
vt 0.685443 0.575089
vt 0.685443 0.506489
vt 0.692674 0.506489
vt 0.692674 0.575089
vt 0.676711 0.296011
vt 0.676711 0.227411
vt 0.683941 0.227411
vt 0.683941 0.296011
vt 0.301782 0.506489
vt 0.301782 0.575089
vt 0.294551 0.575089
vt 0.294551 0.506489
vt 0.710818 0.581263
vt 0.710818 0.649864
vt 0.703587 0.649864
vt 0.703587 0.581263
vt 0.717197 0.071688
vt 0.717197 0.003087
vt 0.138503 0.714628
vt 0.138503 0.646028
vt 0.114535 0.646028
vt 0.114535 0.714628
vt 0.685568 0.370786
vt 0.685568 0.302185
vt 0.285264 0.649864
vt 0.285264 0.581263
vt 0.701961 0.506489
vt 0.701961 0.575089
vt 0.693229 0.227411
vt 0.693229 0.296011
vt 0.285264 0.575089
vt 0.285264 0.506489
vt 0.694300 0.649864
vt 0.694300 0.581263
vt 0.708341 0.071688
vt 0.708341 0.003087
vt 0.129647 0.714628
vt 0.129647 0.646028
vt 0.123392 0.646028
vt 0.123392 0.714628
vt 0.676711 0.370786
vt 0.676711 0.302185
vt 0.276407 0.649864
vt 0.276407 0.581263
vt 0.710818 0.506489
vt 0.710818 0.575089
vt 0.702086 0.227410
vt 0.702086 0.296011
vt 0.276407 0.575089
vt 0.276407 0.506489
vt 0.685443 0.649864
vt 0.685443 0.581263
vt 0.347049 0.649864
vt 0.347049 0.581263
vt 0.353716 0.581263
vt 0.353716 0.649864
vt 0.502591 0.575089
vt 0.502591 0.506489
vt 0.509258 0.506489
vt 0.509258 0.575089
vt 0.458531 0.506489
vt 0.458531 0.575089
vt 0.451863 0.575089
vt 0.451863 0.506489
vt 0.238601 0.575089
vt 0.238601 0.506489
vt 0.245269 0.506489
vt 0.245269 0.575089
vt 0.309243 0.649864
vt 0.309243 0.581263
vt 0.315911 0.581263
vt 0.315911 0.649864
vt 0.616007 0.575089
vt 0.616007 0.506489
vt 0.622675 0.506489
vt 0.622675 0.575089
vt 0.309243 0.575089
vt 0.309243 0.506489
vt 0.315911 0.506489
vt 0.315911 0.575089
vt 0.502591 0.500315
vt 0.502591 0.431714
vt 0.509258 0.431714
vt 0.509258 0.500315
vt 0.571947 0.431714
vt 0.571947 0.500315
vt 0.565280 0.500315
vt 0.565280 0.431714
vt 0.362824 0.581263
vt 0.362824 0.649864
vt 0.518366 0.506489
vt 0.518366 0.575089
vt 0.442755 0.575089
vt 0.442755 0.506489
vt 0.254377 0.506489
vt 0.254377 0.575089
vt 0.325019 0.581263
vt 0.325019 0.649864
vt 0.631783 0.506489
vt 0.631783 0.575089
vt 0.325018 0.506489
vt 0.325018 0.575089
vt 0.518366 0.431714
vt 0.518366 0.500315
vt 0.556172 0.500315
vt 0.556172 0.431714
vt 0.371932 0.581263
vt 0.371932 0.649864
vt 0.527474 0.506489
vt 0.527474 0.575089
vt 0.433648 0.575089
vt 0.433648 0.506489
vt 0.263484 0.506489
vt 0.263484 0.575089
vt 0.334127 0.581263
vt 0.334127 0.649864
vt 0.640891 0.506489
vt 0.640891 0.575089
vt 0.334126 0.506489
vt 0.334126 0.575089
vt 0.527474 0.431714
vt 0.527474 0.500315
vt 0.547064 0.500315
vt 0.547064 0.431714
vt 0.378599 0.581263
vt 0.378599 0.649864
vt 0.534142 0.506489
vt 0.534142 0.575089
vt 0.426980 0.575089
vt 0.426980 0.506489
vt 0.270152 0.506489
vt 0.270152 0.575089
vt 0.340794 0.581263
vt 0.340794 0.649864
vt 0.647558 0.506489
vt 0.647558 0.575089
vt 0.340794 0.506489
vt 0.340794 0.575089
vt 0.534142 0.431714
vt 0.534142 0.500315
vt 0.540397 0.500315
vt 0.540397 0.431714
vt 0.754847 0.500315
vt 0.754847 0.431714
vt 0.034757 0.789402
vt 0.034757 0.720802
vt 0.765315 0.227410
vt 0.765315 0.296011
vt 0.765315 0.152636
vt 0.765315 0.221236
vt 0.748592 0.431714
vt 0.748592 0.500315
vt 0.796914 0.077862
vt 0.796914 0.146462
vt 0.796914 0.302185
vt 0.796914 0.370786
vt 0.742417 0.506489
vt 0.742417 0.575089
vt 0.673091 0.724639
vt 0.673091 0.656038
vt 0.576910 0.211226
vt 0.576910 0.003087
vt 0.581902 0.003087
vt 0.581902 0.211226
vt 0.553363 0.211227
vt 0.553363 0.003087
vt 0.558354 0.003087
vt 0.558354 0.211227
vt 0.482721 0.425540
vt 0.482721 0.217401
vt 0.487713 0.217401
vt 0.487713 0.425540
vt 0.105963 0.003087
vt 0.105963 0.211226
vt 0.100972 0.211226
vt 0.100971 0.003087
vt 0.082416 0.431714
vt 0.082416 0.639853
vt 0.077424 0.639853
vt 0.077424 0.431714
vt 0.058868 0.431714
vt 0.058868 0.639854
vt 0.053877 0.639854
vt 0.053877 0.431714
vt 0.035321 0.431714
vt 0.035321 0.639854
vt 0.030329 0.639854
vt 0.030329 0.431714
vt 0.600457 0.217401
vt 0.600457 0.425540
vt 0.595465 0.425540
vt 0.595465 0.217401
vt 0.585556 0.003087
vt 0.585556 0.211226
vt 0.562009 0.003087
vt 0.562009 0.211227
vt 0.491367 0.217401
vt 0.491367 0.425540
vt 0.097317 0.211226
vt 0.097317 0.003087
vt 0.073770 0.639853
vt 0.073770 0.431714
vt 0.050222 0.639854
vt 0.050222 0.431714
vt 0.026675 0.639854
vt 0.026675 0.431714
vt 0.591811 0.425540
vt 0.591811 0.217401
vt 0.939393 0.003087
vt 0.939393 0.210413
vt 0.938025 0.210529
vt 0.938025 0.003204
vt 0.813238 0.720802
vt 0.813238 0.928128
vt 0.811870 0.928245
vt 0.811870 0.720919
vt 0.903142 0.720216
vt 0.903142 0.927542
vt 0.901775 0.927658
vt 0.901775 0.720333
vt 0.921123 0.720216
vt 0.921123 0.927542
vt 0.919755 0.927658
vt 0.919756 0.720333
vt 0.948094 0.292175
vt 0.948094 0.499501
vt 0.946727 0.499617
vt 0.946727 0.292292
vt 0.939104 0.720216
vt 0.939104 0.927542
vt 0.937737 0.927658
vt 0.937737 0.720333
vt 0.930114 0.720216
vt 0.930114 0.927542
vt 0.928746 0.927658
vt 0.928746 0.720333
vt 0.939104 0.506489
vt 0.939104 0.713814
vt 0.937736 0.713931
vt 0.937736 0.506605
vt 0.940761 0.003204
vt 0.940761 0.210529
vt 0.814606 0.720919
vt 0.814606 0.928245
vt 0.904510 0.720333
vt 0.904510 0.927658
vt 0.922491 0.720333
vt 0.922491 0.927658
vt 0.949462 0.292292
vt 0.949462 0.499617
vt 0.940472 0.720333
vt 0.940472 0.927658
vt 0.931482 0.720333
vt 0.931481 0.927658
vt 0.940472 0.506605
vt 0.940472 0.713931
vt 0.501276 0.217401
vt 0.501276 0.425540
vt 0.497622 0.425540
vt 0.497622 0.217401
vt 0.524823 0.003087
vt 0.524823 0.211227
vt 0.521169 0.211227
vt 0.521169 0.003087
vt 0.030329 0.003087
vt 0.030329 0.211227
vt 0.026675 0.211227
vt 0.026675 0.003087
vt 0.205145 0.639854
vt 0.205145 0.431714
vt 0.208799 0.431714
vt 0.208799 0.639854
vt 0.100971 0.431714
vt 0.100971 0.639853
vt 0.097317 0.639853
vt 0.097317 0.431714
vt 0.619013 0.003087
vt 0.619013 0.211226
vt 0.615358 0.211226
vt 0.615358 0.003087
vt 0.006782 0.431714
vt 0.006782 0.639854
vt 0.003127 0.639854
vt 0.003127 0.431714
vt 0.595465 0.003087
vt 0.595465 0.211226
vt 0.591811 0.211226
vt 0.591811 0.003087
vt 0.506268 0.217401
vt 0.506268 0.425540
vt 0.529815 0.003087
vt 0.529815 0.211227
vt 0.035321 0.003087
vt 0.035321 0.211227
vt 0.200153 0.639854
vt 0.200153 0.431714
vt 0.105963 0.431714
vt 0.105963 0.639853
vt 0.624004 0.003087
vt 0.624004 0.211226
vt 0.011774 0.431714
vt 0.011774 0.639854
vt 0.600457 0.003087
vt 0.600457 0.211226
vt 0.511260 0.217401
vt 0.511260 0.425540
vt 0.534807 0.003087
vt 0.534807 0.211227
vt 0.040313 0.003087
vt 0.040313 0.211227
vt 0.195161 0.639854
vt 0.195161 0.431714
vt 0.110955 0.431714
vt 0.110955 0.639853
vt 0.628996 0.003087
vt 0.628996 0.211226
vt 0.016765 0.431714
vt 0.016765 0.639854
vt 0.605449 0.003087
vt 0.605449 0.211226
vt 0.514914 0.217401
vt 0.514914 0.425540
vt 0.538461 0.003087
vt 0.538461 0.211227
vt 0.043967 0.003087
vt 0.043967 0.211227
vt 0.191507 0.639854
vt 0.191507 0.431714
vt 0.114609 0.431714
vt 0.114609 0.639853
vt 0.632650 0.003087
vt 0.632650 0.211226
vt 0.020420 0.431714
vt 0.020420 0.639854
vt 0.609103 0.003087
vt 0.609103 0.211226
vt 0.894152 0.714042
vt 0.894152 0.506596
vt 0.895520 0.506489
vt 0.895520 0.713934
vt 0.894441 0.210640
vt 0.894441 0.003195
vt 0.895809 0.003087
vt 0.895809 0.210533
vt 0.903143 0.499729
vt 0.903143 0.292283
vt 0.904510 0.292175
vt 0.904510 0.499621
vt 0.903142 0.714042
vt 0.903143 0.506596
vt 0.904510 0.506489
vt 0.904510 0.713934
vt 0.894152 0.499729
vt 0.894152 0.292283
vt 0.895520 0.292175
vt 0.895520 0.499621
vt 0.903431 0.210640
vt 0.903431 0.003195
vt 0.904799 0.003087
vt 0.904799 0.210533
vt 0.912133 0.499729
vt 0.912133 0.292283
vt 0.913501 0.292175
vt 0.913501 0.499621
vt 0.894152 0.927769
vt 0.894152 0.720324
vt 0.895519 0.720216
vt 0.895519 0.927662
vt 0.892784 0.713934
vt 0.892784 0.506489
vt 0.893073 0.210533
vt 0.893073 0.003087
vt 0.901775 0.499621
vt 0.901775 0.292175
vt 0.901775 0.713934
vt 0.901775 0.506489
vt 0.892784 0.499621
vt 0.892784 0.292175
vt 0.902064 0.210533
vt 0.902064 0.003087
vt 0.910765 0.499621
vt 0.910765 0.292175
vt 0.892784 0.927662
vt 0.892784 0.720216
vt 0.571918 0.003087
vt 0.571918 0.211226
vt 0.568264 0.211226
vt 0.568264 0.003087
vt 0.548371 0.003087
vt 0.548371 0.211227
vt 0.544716 0.211227
vt 0.544716 0.003087
vt 0.477729 0.217401
vt 0.477729 0.425540
vt 0.474075 0.425540
vt 0.474075 0.217401
vt 0.110955 0.211226
vt 0.110955 0.003087
vt 0.114609 0.003087
vt 0.114609 0.211226
vt 0.087408 0.639853
vt 0.087408 0.431714
vt 0.091062 0.431714
vt 0.091062 0.639853
vt 0.063860 0.639854
vt 0.063860 0.431714
vt 0.067515 0.431714
vt 0.067515 0.639854
vt 0.040313 0.639854
vt 0.040313 0.431714
vt 0.043967 0.431714
vt 0.043967 0.639854
vt 0.605449 0.425540
vt 0.605449 0.217401
vt 0.609103 0.217401
vt 0.609103 0.425540
vt 0.786173 0.841245
vt 0.783445 0.841443
vt 0.783445 0.836503
vt 0.494530 0.841245
vt 0.497258 0.841443
vt 0.496527 0.846330
vt 0.786173 0.815415
vt 0.788901 0.815218
vt 0.788901 0.820158
vt 0.881521 0.268137
vt 0.884249 0.268335
vt 0.883518 0.273222
vt 0.088746 0.880179
vt 0.091474 0.880377
vt 0.090743 0.885264
vt 0.893232 0.268137
vt 0.895960 0.268335
vt 0.895229 0.273222
vt 0.786009 0.211408
vt 0.788737 0.211606
vt 0.788006 0.216493
vt 0.530712 0.740641
vt 0.533440 0.740443
vt 0.533440 0.745383
vt 0.229992 0.865426
vt 0.229992 0.870367
vt 0.227264 0.870169
vt 0.077271 0.836320
vt 0.076540 0.831432
vt 0.079268 0.831235
vt 0.784176 0.872160
vt 0.783445 0.867273
vt 0.786173 0.867075
vt 0.492533 0.820500
vt 0.491802 0.815613
vt 0.494530 0.815415
vt 0.425917 0.810672
vt 0.425917 0.815612
vt 0.423189 0.815415
vt 0.425917 0.836502
vt 0.425917 0.841442
vt 0.423189 0.841245
vt 0.788737 0.180836
vt 0.788737 0.185776
vt 0.786009 0.185578
vt 0.758356 0.761386
vt 0.759087 0.766273
vt 0.756359 0.766471
vt 0.569592 0.761385
vt 0.570323 0.766273
vt 0.567595 0.766470
vt 0.784176 0.832833
vt 0.495261 0.849855
vt 0.788170 0.823828
vt 0.882252 0.276747
vt 0.089477 0.888789
vt 0.893963 0.276747
vt 0.786740 0.220018
vt 0.532709 0.749053
vt 0.229261 0.861757
vt 0.078537 0.839845
vt 0.785442 0.875685
vt 0.493799 0.824025
vt 0.425186 0.807002
vt 0.425186 0.832832
vt 0.788006 0.177166
vt 0.757090 0.757861
vt 0.568326 0.757860
vt 0.785442 0.831417
vt 0.493799 0.851073
vt 0.786904 0.825243
vt 0.880790 0.277965
vt 0.088015 0.890007
vt 0.892501 0.277965
vt 0.785278 0.221236
vt 0.531443 0.750469
vt 0.227995 0.860341
vt 0.079999 0.841063
vt 0.786904 0.876903
vt 0.495261 0.825243
vt 0.423920 0.805587
vt 0.423920 0.831417
vt 0.786740 0.175750
vt 0.755628 0.756643
vt 0.566864 0.756642
vt 0.786904 0.832635
vt 0.492533 0.849657
vt 0.785442 0.824025
vt 0.879524 0.276550
vt 0.086749 0.888592
vt 0.891235 0.276550
vt 0.784012 0.219821
vt 0.529981 0.749251
vt 0.226533 0.861559
vt 0.081265 0.839647
vt 0.788170 0.875487
vt 0.496527 0.823827
vt 0.422458 0.806805
vt 0.422458 0.832635
vt 0.785278 0.176968
vt 0.754362 0.758058
vt 0.565598 0.758058
vt 0.788170 0.836160
vt 0.491802 0.845988
vt 0.784176 0.820500
vt 0.878793 0.272880
vt 0.086018 0.884922
vt 0.890504 0.272880
vt 0.783281 0.216151
vt 0.528715 0.745726
vt 0.225267 0.865084
vt 0.081996 0.835977
vt 0.788901 0.871818
vt 0.497258 0.820158
vt 0.421192 0.810330
vt 0.421192 0.836160
vt 0.784012 0.180493
vt 0.753631 0.761728
vt 0.564867 0.761728
vt 0.788901 0.841048
vt 0.491802 0.841047
vt 0.783445 0.815613
vt 0.878792 0.267940
vt 0.086018 0.879981
vt 0.890504 0.267940
vt 0.783281 0.211211
vt 0.527984 0.740838
vt 0.224536 0.869971
vt 0.081996 0.831037
vt 0.788901 0.866877
vt 0.497258 0.815217
vt 0.420461 0.815217
vt 0.420461 0.841047
vt 0.783281 0.185380
vt 0.753631 0.766668
vt 0.564867 0.766668
vt 0.788901 0.845988
vt 0.492533 0.836160
vt 0.783445 0.810672
vt 0.879523 0.263052
vt 0.086748 0.875094
vt 0.891234 0.263052
vt 0.784012 0.206323
vt 0.527984 0.735898
vt 0.224536 0.874912
vt 0.081265 0.826150
vt 0.788170 0.861990
vt 0.496527 0.810330
vt 0.420461 0.820157
vt 0.420461 0.845987
vt 0.783281 0.190321
vt 0.754362 0.771556
vt 0.565598 0.771556
vt 0.788170 0.849658
vt 0.493799 0.832635
vt 0.784176 0.807003
vt 0.880789 0.259527
vt 0.088015 0.871569
vt 0.892500 0.259527
vt 0.785278 0.202798
vt 0.528715 0.732228
vt 0.225267 0.878582
vt 0.079999 0.822625
vt 0.786904 0.858465
vt 0.495261 0.806805
vt 0.421192 0.823827
vt 0.421192 0.849657
vt 0.784012 0.193991
vt 0.755628 0.775081
vt 0.566864 0.775081
vt 0.786904 0.851073
vt 0.495261 0.831417
vt 0.785442 0.805587
vt 0.882251 0.258309
vt 0.089477 0.870351
vt 0.893962 0.258309
vt 0.786740 0.201580
vt 0.529981 0.730813
vt 0.226533 0.879997
vt 0.078537 0.821407
vt 0.785442 0.857247
vt 0.493799 0.805587
vt 0.422458 0.825243
vt 0.422458 0.851073
vt 0.785278 0.195406
vt 0.757090 0.776299
vt 0.568326 0.776298
vt 0.785442 0.849855
vt 0.496527 0.832833
vt 0.786904 0.806805
vt 0.883517 0.259725
vt 0.090743 0.871767
vt 0.895229 0.259725
vt 0.788006 0.202996
vt 0.531443 0.732031
vt 0.227995 0.878779
vt 0.077271 0.822822
vt 0.784176 0.858663
vt 0.492533 0.807002
vt 0.423920 0.824025
vt 0.423920 0.849855
vt 0.786740 0.194188
vt 0.758357 0.774883
vt 0.569593 0.774883
vt 0.784176 0.846330
vt 0.497258 0.836502
vt 0.788170 0.810330
vt 0.884249 0.263394
vt 0.091474 0.875436
vt 0.895960 0.263394
vt 0.788737 0.206666
vt 0.532709 0.735555
vt 0.229261 0.875254
vt 0.076540 0.826492
vt 0.783445 0.862332
vt 0.491802 0.810672
vt 0.425186 0.820500
vt 0.425186 0.846330
vt 0.788006 0.190664
vt 0.759087 0.771214
vt 0.570323 0.771213
vt 0.020722 0.969535
vt 0.003127 0.964882
vt 0.007842 0.956822
vt 0.973312 0.432268
vt 0.968598 0.414901
vt 0.978027 0.414901
vt 0.973312 0.350451
vt 0.978027 0.333084
vt 0.986193 0.337737
vt 0.964611 0.102271
vt 0.969325 0.084904
vt 0.977491 0.089558
vt 0.964322 0.687490
vt 0.977202 0.700204
vt 0.969036 0.704857
vt 0.964322 0.523856
vt 0.981917 0.519202
vt 0.981917 0.528509
vt 0.718150 0.945680
vt 0.700555 0.950334
vt 0.700555 0.941027
vt 0.806001 0.951786
vt 0.810716 0.934419
vt 0.818882 0.939072
vt 0.910379 0.951311
vt 0.915094 0.933943
vt 0.923259 0.938597
vt 0.364644 0.979546
vt 0.377524 0.992259
vt 0.369358 0.996913
vt 0.964322 0.778492
vt 0.946727 0.783146
vt 0.946727 0.773839
vt 0.964611 0.061363
vt 0.977491 0.074076
vt 0.969325 0.078730
vt 0.964322 0.737584
vt 0.981917 0.732930
vt 0.981917 0.742237
vt 0.263693 0.938637
vt 0.276573 0.951351
vt 0.268407 0.956004
vt 0.759595 0.945680
vt 0.777190 0.941027
vt 0.777190 0.950334
vt 0.856437 0.951786
vt 0.869317 0.964500
vt 0.861151 0.969153
vt 0.951824 0.951311
vt 0.964705 0.964024
vt 0.956539 0.968678
vt 0.964322 0.564764
vt 0.977202 0.577478
vt 0.969036 0.582132
vt 0.016008 0.952168
vt 0.986193 0.419554
vt 0.990907 0.345797
vt 0.982206 0.097618
vt 0.959607 0.704857
vt 0.977202 0.536570
vt 0.705269 0.932966
vt 0.823596 0.947132
vt 0.927974 0.946657
vt 0.382239 0.984199
vt 0.951442 0.791206
vt 0.982206 0.066016
vt 0.977202 0.724870
vt 0.281288 0.943291
vt 0.772475 0.932967
vt 0.874032 0.956440
vt 0.969419 0.955964
vt 0.981917 0.569418
vt 0.025437 0.952168
vt 0.990907 0.427614
vt 0.990907 0.355104
vt 0.982206 0.106925
vt 0.951441 0.700204
vt 0.969036 0.541223
vt 0.713435 0.928313
vt 0.823596 0.956439
vt 0.927974 0.955964
vt 0.382239 0.974892
vt 0.959607 0.795859
vt 0.982206 0.056709
vt 0.969036 0.720216
vt 0.281288 0.933984
vt 0.764309 0.928313
vt 0.874032 0.947133
vt 0.969419 0.946657
vt 0.981917 0.560111
vt 0.033603 0.956822
vt 0.990907 0.436921
vt 0.986193 0.363165
vt 0.977491 0.114985
vt 0.946727 0.692144
vt 0.959607 0.541223
vt 0.722864 0.928313
vt 0.818882 0.964500
vt 0.923259 0.964024
vt 0.377524 0.966832
vt 0.969036 0.795859
vt 0.977491 0.048649
vt 0.959607 0.720216
vt 0.276573 0.925923
vt 0.754880 0.928313
vt 0.869317 0.939072
vt 0.964705 0.938597
vt 0.977202 0.552051
vt 0.038317 0.964882
vt 0.986193 0.444981
vt 0.978027 0.367818
vt 0.969325 0.119638
vt 0.946727 0.682837
vt 0.951441 0.536570
vt 0.731030 0.932967
vt 0.810716 0.969153
vt 0.915094 0.968678
vt 0.369358 0.962179
vt 0.977202 0.791206
vt 0.969325 0.043996
vt 0.951442 0.724870
vt 0.268407 0.921270
vt 0.746715 0.932967
vt 0.861151 0.934419
vt 0.956539 0.933943
vt 0.969036 0.547397
vt 0.038317 0.974189
vt 0.978027 0.449635
vt 0.968598 0.367818
vt 0.959896 0.119638
vt 0.951441 0.674776
vt 0.946727 0.528509
vt 0.735745 0.941027
vt 0.801286 0.969153
vt 0.905664 0.968678
vt 0.359929 0.962179
vt 0.981917 0.783146
vt 0.959896 0.043996
vt 0.946727 0.732930
vt 0.258978 0.921270
vt 0.742000 0.941027
vt 0.851722 0.934419
vt 0.947109 0.933943
vt 0.959607 0.547397
vt 0.033603 0.982249
vt 0.968598 0.449635
vt 0.960432 0.363164
vt 0.951730 0.114985
vt 0.959607 0.670123
vt 0.946727 0.519202
vt 0.735745 0.950334
vt 0.793121 0.964500
vt 0.897499 0.964024
vt 0.351764 0.966832
vt 0.981917 0.773838
vt 0.951730 0.048649
vt 0.946727 0.742237
vt 0.250812 0.925924
vt 0.742000 0.950334
vt 0.843556 0.939072
vt 0.938944 0.938597
vt 0.951441 0.552051
vt 0.025437 0.986903
vt 0.960432 0.444982
vt 0.955717 0.355104
vt 0.947016 0.106925
vt 0.969036 0.670123
vt 0.951441 0.511142
vt 0.731030 0.958394
vt 0.788406 0.956439
vt 0.892784 0.955964
vt 0.347049 0.974892
vt 0.977202 0.765778
vt 0.947016 0.056709
vt 0.951442 0.750297
vt 0.246098 0.933984
vt 0.746715 0.958394
vt 0.838842 0.947133
vt 0.934229 0.946657
vt 0.946727 0.560111
vt 0.016008 0.986903
vt 0.955717 0.436921
vt 0.955717 0.345797
vt 0.947016 0.097618
vt 0.977202 0.674776
vt 0.959607 0.506489
vt 0.722864 0.963048
vt 0.788406 0.947132
vt 0.892784 0.946657
vt 0.347049 0.984199
vt 0.969036 0.761125
vt 0.947016 0.066016
vt 0.959607 0.754951
vt 0.246098 0.943291
vt 0.754880 0.963048
vt 0.838842 0.956440
vt 0.934229 0.955964
vt 0.946727 0.569418
vt 0.007842 0.982249
vt 0.955717 0.427614
vt 0.960432 0.337737
vt 0.951730 0.089558
vt 0.981917 0.682836
vt 0.969036 0.506489
vt 0.713435 0.963048
vt 0.793121 0.939072
vt 0.897499 0.938597
vt 0.351763 0.992259
vt 0.959607 0.761125
vt 0.951730 0.074076
vt 0.969036 0.754951
vt 0.250812 0.951351
vt 0.764309 0.963048
vt 0.843556 0.964500
vt 0.938944 0.964024
vt 0.951441 0.577478
vt 0.003127 0.974189
vt 0.960432 0.419554
vt 0.968598 0.333084
vt 0.959896 0.084904
vt 0.981917 0.692143
vt 0.977202 0.511142
vt 0.705269 0.958394
vt 0.801287 0.934419
vt 0.905665 0.933943
vt 0.359929 0.996913
vt 0.951442 0.765778
vt 0.959896 0.078730
vt 0.977202 0.750297
vt 0.258978 0.956004
vt 0.772475 0.958394
vt 0.851722 0.969153
vt 0.947110 0.968678
vt 0.959607 0.582132
vt 0.685192 0.874188
vt 0.685192 0.805587
vt 0.694300 0.805587
vt 0.694300 0.874188
vt 0.587310 0.874188
vt 0.587310 0.805587
vt 0.596418 0.805587
vt 0.596418 0.874188
vt 0.296651 0.805587
vt 0.296651 0.874187
vt 0.287543 0.874187
vt 0.287543 0.805587
vt 0.180568 0.795577
vt 0.180568 0.864177
vt 0.171460 0.864177
vt 0.171460 0.795577
vt 0.636251 0.874188
vt 0.636251 0.805587
vt 0.645359 0.805587
vt 0.645359 0.874188
vt 0.549504 0.730812
vt 0.549504 0.799413
vt 0.540397 0.799413
vt 0.540397 0.730812
vt 0.636251 0.799413
vt 0.636251 0.730812
vt 0.645359 0.730812
vt 0.645359 0.799413
vt 0.838959 0.217401
vt 0.838959 0.286001
vt 0.829851 0.286001
vt 0.829851 0.217401
vt 0.784124 0.730813
vt 0.784124 0.799413
vt 0.775017 0.799413
vt 0.775017 0.730813
vt 0.218281 0.646028
vt 0.218281 0.714628
vt 0.211051 0.714628
vt 0.211051 0.646028
vt 0.708341 0.296011
vt 0.708341 0.227410
vt 0.715571 0.227411
vt 0.715571 0.296011
vt 0.733716 0.152636
vt 0.733716 0.221236
vt 0.726485 0.221236
vt 0.726485 0.152636
vt 0.301782 0.656038
vt 0.301782 0.724638
vt 0.294551 0.724638
vt 0.294551 0.656038
vt 0.161277 0.714628
vt 0.161277 0.646028
vt 0.168507 0.646028
vt 0.168507 0.714628
vt 0.490160 0.656038
vt 0.490160 0.724639
vt 0.482930 0.724639
vt 0.482930 0.656038
vt 0.708341 0.370785
vt 0.708341 0.302185
vt 0.715571 0.302185
vt 0.715571 0.370785
vt 0.333412 0.656038
vt 0.333412 0.724638
vt 0.326181 0.724638
vt 0.326181 0.656038
vt 0.372424 0.656038
vt 0.372424 0.724638
vt 0.365193 0.724638
vt 0.365193 0.656038
vt 0.201763 0.714628
vt 0.201763 0.646028
vt 0.724859 0.227411
vt 0.724859 0.296011
vt 0.717197 0.221236
vt 0.717198 0.152636
vt 0.285263 0.724638
vt 0.285263 0.656038
vt 0.177795 0.646028
vt 0.177795 0.714628
vt 0.473642 0.724639
vt 0.473642 0.656038
vt 0.724859 0.302185
vt 0.724859 0.370785
vt 0.316893 0.724638
vt 0.316893 0.656038
vt 0.355906 0.724638
vt 0.355906 0.656038
vt 0.192906 0.714628
vt 0.192906 0.646028
vt 0.733716 0.227410
vt 0.733716 0.296011
vt 0.708341 0.221236
vt 0.708341 0.152636
vt 0.276407 0.724638
vt 0.276407 0.656038
vt 0.186651 0.646028
vt 0.186651 0.714628
vt 0.464786 0.724639
vt 0.464786 0.656038
vt 0.733716 0.302185
vt 0.733716 0.370785
vt 0.308037 0.724638
vt 0.308037 0.656038
vt 0.347049 0.724638
vt 0.347049 0.656038
vt 0.653813 0.500315
vt 0.653813 0.431714
vt 0.660480 0.431714
vt 0.660480 0.500315
vt 0.238601 0.649864
vt 0.238601 0.581263
vt 0.245269 0.581263
vt 0.245269 0.649864
vt 0.389175 0.649864
vt 0.389175 0.581263
vt 0.395842 0.581263
vt 0.395842 0.649864
vt 0.609753 0.431714
vt 0.609753 0.500315
vt 0.603085 0.500315
vt 0.603085 0.431714
vt 0.458531 0.581263
vt 0.458531 0.649864
vt 0.451863 0.649864
vt 0.451863 0.581263
vt 0.616008 0.500315
vt 0.616008 0.431714
vt 0.622675 0.431714
vt 0.622675 0.500315
vt 0.540397 0.649864
vt 0.540397 0.581263
vt 0.547064 0.581263
vt 0.547064 0.649864
vt 0.416405 0.506489
vt 0.416405 0.575089
vt 0.409737 0.575089
vt 0.409737 0.506489
vt 0.571947 0.506489
vt 0.571947 0.575089
vt 0.565280 0.575089
vt 0.565280 0.506489
vt 0.669588 0.431714
vt 0.669588 0.500315
vt 0.254377 0.581263
vt 0.254377 0.649864
vt 0.404950 0.581263
vt 0.404950 0.649864
vt 0.593977 0.500315
vt 0.593977 0.431714
vt 0.442755 0.649864
vt 0.442755 0.581263
vt 0.631783 0.431714
vt 0.631783 0.500315
vt 0.556172 0.581263
vt 0.556172 0.649864
vt 0.400630 0.575089
vt 0.400630 0.506489
vt 0.556172 0.575089
vt 0.556172 0.506489
vt 0.678696 0.431714
vt 0.678696 0.500315
vt 0.263484 0.581263
vt 0.263484 0.649864
vt 0.414058 0.581263
vt 0.414058 0.649864
vt 0.584869 0.500315
vt 0.584869 0.431714
vt 0.433648 0.649864
vt 0.433648 0.581263
vt 0.640891 0.431714
vt 0.640891 0.500315
vt 0.565280 0.581263
vt 0.565280 0.649864
vt 0.391522 0.575089
vt 0.391522 0.506489
vt 0.547064 0.575089
vt 0.547064 0.506489
vt 0.685363 0.431714
vt 0.685363 0.500315
vt 0.270152 0.581263
vt 0.270152 0.649864
vt 0.420725 0.581263
vt 0.420725 0.649864
vt 0.578202 0.500315
vt 0.578202 0.431714
vt 0.426980 0.649864
vt 0.426980 0.581263
vt 0.647558 0.431714
vt 0.647558 0.500315
vt 0.571947 0.581263
vt 0.571947 0.649864
vt 0.384854 0.575089
vt 0.384854 0.506489
vt 0.540397 0.575089
vt 0.540397 0.506489
vt 0.129647 0.789403
vt 0.129647 0.720802
vt 0.138525 0.720802
vt 0.138525 0.789403
vt 0.410308 0.799413
vt 0.410308 0.730812
vt 0.419187 0.730812
vt 0.419187 0.799413
vt 0.091731 0.720802
vt 0.091731 0.789403
vt 0.082853 0.789402
vt 0.082853 0.720802
vt 0.774016 0.581264
vt 0.774016 0.649864
vt 0.765137 0.649864
vt 0.765137 0.581263
vt 0.767888 0.724638
vt 0.767888 0.656038
vt 0.776767 0.656038
vt 0.776767 0.724639
vt 0.464786 0.799413
vt 0.464786 0.730813
vt 0.473664 0.730813
vt 0.473664 0.799413
vt 0.372393 0.730812
vt 0.372393 0.799413
vt 0.363515 0.799413
vt 0.363515 0.730812
vt 0.780271 0.649864
vt 0.780271 0.581263
vt 0.789149 0.581263
vt 0.789149 0.649864
vt 0.378679 0.799413
vt 0.378679 0.730812
vt 0.387557 0.730812
vt 0.387557 0.799413
vt 0.147802 0.720802
vt 0.147802 0.789403
vt 0.428463 0.730812
vt 0.428463 0.799413
vt 0.073576 0.789403
vt 0.073576 0.720802
vt 0.755861 0.649864
vt 0.755861 0.581263
vt 0.786043 0.656038
vt 0.786043 0.724638
vt 0.482940 0.730813
vt 0.482940 0.799413
vt 0.354238 0.799413
vt 0.354238 0.730812
vt 0.798426 0.581263
vt 0.798426 0.649864
vt 0.396834 0.730812
vt 0.396834 0.799413
vt 0.154991 0.720802
vt 0.154991 0.789402
vt 0.435652 0.730812
vt 0.435652 0.799413
vt 0.066387 0.789403
vt 0.066387 0.720802
vt 0.748672 0.649864
vt 0.748672 0.581264
vt 0.793232 0.656038
vt 0.793232 0.724639
vt 0.490130 0.730813
vt 0.490130 0.799413
vt 0.347049 0.799413
vt 0.347049 0.730812
vt 0.805615 0.581263
vt 0.805615 0.649864
vt 0.404023 0.730812
vt 0.404023 0.799413
vt 0.676084 0.874188
vt 0.676084 0.805587
vt 0.578202 0.874188
vt 0.578202 0.805587
vt 0.305758 0.805587
vt 0.305758 0.874187
vt 0.189676 0.795577
vt 0.189676 0.864177
vt 0.627144 0.874188
vt 0.627144 0.805587
vt 0.558612 0.730812
vt 0.558612 0.799413
vt 0.627144 0.799413
vt 0.627144 0.730812
vt 0.848067 0.217401
vt 0.848067 0.286001
vt 0.793232 0.730813
vt 0.793232 0.799413
vt 0.200153 0.425540
vt 0.200153 0.217401
vt 0.205145 0.217401
vt 0.205145 0.425540
vt 0.317890 0.211227
vt 0.317890 0.003087
vt 0.322881 0.003087
vt 0.322881 0.211227
vt 0.341437 0.211227
vt 0.341437 0.003087
vt 0.346429 0.003087
vt 0.346429 0.211227
vt 0.129511 0.425540
vt 0.129511 0.217401
vt 0.134502 0.217401
vt 0.134502 0.425540
vt 0.153058 0.425540
vt 0.153058 0.217401
vt 0.158050 0.217401
vt 0.158050 0.425540
vt 0.176605 0.425540
vt 0.176605 0.217401
vt 0.181597 0.217401
vt 0.181597 0.425540
vt 0.294342 0.425540
vt 0.294342 0.217401
vt 0.299334 0.217401
vt 0.299334 0.425540
vt 0.223700 0.425540
vt 0.223700 0.217401
vt 0.228692 0.217401
vt 0.228692 0.425540
vt 0.208799 0.217401
vt 0.208799 0.425540
vt 0.326536 0.003087
vt 0.326536 0.211227
vt 0.350083 0.003087
vt 0.350083 0.211227
vt 0.138157 0.217401
vt 0.138157 0.425540
vt 0.161704 0.217401
vt 0.161704 0.425540
vt 0.185252 0.217401
vt 0.185252 0.425540
vt 0.302988 0.217401
vt 0.302988 0.425540
vt 0.232346 0.217401
vt 0.232346 0.425540
vt 0.840209 0.506489
vt 0.840209 0.714628
vt 0.838842 0.714628
vt 0.838842 0.506489
vt 0.840209 0.292175
vt 0.840209 0.500315
vt 0.838842 0.500315
vt 0.838842 0.292175
vt 0.849200 0.506489
vt 0.849200 0.714628
vt 0.847832 0.714628
vt 0.847832 0.506489
vt 0.840498 0.211226
vt 0.840498 0.003087
vt 0.841866 0.003087
vt 0.841866 0.211226
vt 0.849489 0.003087
vt 0.849489 0.211226
vt 0.848121 0.211226
vt 0.848121 0.003087
vt 0.858190 0.292175
vt 0.858190 0.500315
vt 0.856822 0.500315
vt 0.856822 0.292175
vt 0.804537 0.003087
vt 0.804537 0.211227
vt 0.803169 0.211227
vt 0.803169 0.003087
vt 0.849200 0.292175
vt 0.849200 0.500315
vt 0.847832 0.500315
vt 0.847832 0.292175
vt 0.841577 0.506489
vt 0.841577 0.714628
vt 0.841577 0.292175
vt 0.841577 0.500315
vt 0.850567 0.506489
vt 0.850567 0.714628
vt 0.839131 0.211226
vt 0.839131 0.003087
vt 0.850857 0.003087
vt 0.850857 0.211226
vt 0.859558 0.292175
vt 0.859558 0.500315
vt 0.805904 0.003087
vt 0.805904 0.211227
vt 0.850567 0.292175
vt 0.850567 0.500315
vt 0.242256 0.003087
vt 0.242256 0.211226
vt 0.238601 0.211226
vt 0.238601 0.003087
vt 0.148066 0.003087
vt 0.148066 0.211227
vt 0.144412 0.211227
vt 0.144412 0.003087
vt 0.006782 0.003087
vt 0.006782 0.211227
vt 0.003128 0.211227
vt 0.003127 0.003087
vt 0.124519 0.003087
vt 0.124519 0.211226
vt 0.120865 0.211226
vt 0.120864 0.003087
vt 0.171614 0.003087
vt 0.171614 0.211226
vt 0.167959 0.211227
vt 0.167959 0.003087
vt 0.195161 0.003087
vt 0.195161 0.211227
vt 0.191507 0.211227
vt 0.191507 0.003087
vt 0.265803 0.003087
vt 0.265803 0.211226
vt 0.262149 0.211226
vt 0.262149 0.003087
vt 0.218708 0.003087
vt 0.218708 0.211226
vt 0.215054 0.211226
vt 0.215054 0.003087
vt 0.247248 0.003087
vt 0.247248 0.211226
vt 0.153058 0.003087
vt 0.153058 0.211227
vt 0.011774 0.003087
vt 0.011774 0.211227
vt 0.129511 0.003087
vt 0.129511 0.211226
vt 0.176605 0.003087
vt 0.176605 0.211226
vt 0.200153 0.003087
vt 0.200153 0.211227
vt 0.270795 0.003087
vt 0.270795 0.211226
vt 0.223700 0.003087
vt 0.223700 0.211226
vt 0.252239 0.003087
vt 0.252239 0.211226
vt 0.158050 0.003087
vt 0.158050 0.211227
vt 0.016766 0.003087
vt 0.016766 0.211227
vt 0.134503 0.003087
vt 0.134503 0.211226
vt 0.181597 0.003087
vt 0.181597 0.211226
vt 0.205145 0.003087
vt 0.205145 0.211227
vt 0.275787 0.003087
vt 0.275787 0.211226
vt 0.228692 0.003087
vt 0.228692 0.211226
vt 0.255894 0.003087
vt 0.255894 0.211226
vt 0.161704 0.003087
vt 0.161704 0.211227
vt 0.020420 0.003087
vt 0.020420 0.211227
vt 0.138157 0.003087
vt 0.138157 0.211226
vt 0.185252 0.003087
vt 0.185252 0.211226
vt 0.208799 0.003087
vt 0.208799 0.211227
vt 0.279441 0.003087
vt 0.279441 0.211226
vt 0.232346 0.003087
vt 0.232346 0.211226
vt 0.813238 0.714628
vt 0.813238 0.506489
vt 0.814606 0.506489
vt 0.814606 0.714628
vt 0.831508 0.211227
vt 0.831508 0.003087
vt 0.832876 0.003087
vt 0.832876 0.211227
vt 0.822228 0.714628
vt 0.822228 0.506489
vt 0.823596 0.506489
vt 0.823596 0.714628
vt 0.804537 0.425540
vt 0.804537 0.217401
vt 0.805904 0.217401
vt 0.805904 0.425540
vt 0.858190 0.714628
vt 0.858190 0.506489
vt 0.859558 0.506489
vt 0.859558 0.714628
vt 0.831219 0.500315
vt 0.831219 0.292175
vt 0.832587 0.292175
vt 0.832587 0.500315
vt 0.831219 0.714628
vt 0.831219 0.506489
vt 0.832587 0.506489
vt 0.832587 0.714628
vt 0.822518 0.211227
vt 0.822517 0.003087
vt 0.823885 0.003087
vt 0.823885 0.211227
vt 0.811870 0.714628
vt 0.811870 0.506489
vt 0.830140 0.211227
vt 0.830140 0.003087
vt 0.820861 0.714628
vt 0.820861 0.506489
vt 0.803169 0.425540
vt 0.803169 0.217401
vt 0.856822 0.714628
vt 0.856822 0.506489
vt 0.829851 0.500315
vt 0.829851 0.292175
vt 0.829851 0.714628
vt 0.829851 0.506489
vt 0.821150 0.211227
vt 0.821150 0.003087
vt 0.195161 0.217401
vt 0.195161 0.425540
vt 0.191507 0.425540
vt 0.191507 0.217401
vt 0.312898 0.003087
vt 0.312898 0.211227
vt 0.309243 0.211227
vt 0.309243 0.003087
vt 0.336445 0.003087
vt 0.336445 0.211227
vt 0.332791 0.211227
vt 0.332791 0.003087
vt 0.124519 0.217401
vt 0.124519 0.425540
vt 0.120864 0.425540
vt 0.120864 0.217401
vt 0.148066 0.217401
vt 0.148066 0.425540
vt 0.144412 0.425540
vt 0.144412 0.217401
vt 0.171614 0.217401
vt 0.171614 0.425540
vt 0.167959 0.425540
vt 0.167959 0.217401
vt 0.289350 0.217401
vt 0.289350 0.425540
vt 0.285696 0.425540
vt 0.285696 0.217401
vt 0.218708 0.217401
vt 0.218708 0.425540
vt 0.215054 0.425540
vt 0.215054 0.217401
vt 0.550404 0.941679
vt 0.553132 0.941481
vt 0.553132 0.946402
vt 0.690524 0.915915
vt 0.687796 0.915717
vt 0.688527 0.910849
vt 0.622375 0.941668
vt 0.619647 0.941470
vt 0.620378 0.936602
vt 0.678813 0.941668
vt 0.676084 0.941470
vt 0.676816 0.936602
vt 0.414358 0.931059
vt 0.417086 0.931258
vt 0.416355 0.936126
vt 0.088746 0.931735
vt 0.091474 0.931536
vt 0.091474 0.936457
vt 0.940076 0.268099
vt 0.937348 0.268297
vt 0.937348 0.263376
vt 0.402647 0.931059
vt 0.405375 0.930861
vt 0.405375 0.935782
vt 0.446663 0.875077
vt 0.447394 0.879948
vt 0.444666 0.880147
vt 0.680809 0.885087
vt 0.681541 0.889958
vt 0.678812 0.890157
vt 0.224536 0.900692
vt 0.224536 0.895768
vt 0.227264 0.895966
vt 0.804943 0.875421
vt 0.804943 0.880345
vt 0.802215 0.880147
vt 0.434952 0.875077
vt 0.435683 0.879948
vt 0.432955 0.880147
vt 0.328988 0.894882
vt 0.328988 0.889958
vt 0.331716 0.890156
vt 0.788901 0.888146
vt 0.788901 0.893070
vt 0.786173 0.892872
vt 0.625103 0.885431
vt 0.625103 0.890355
vt 0.622375 0.890157
vt 0.560118 0.895226
vt 0.559387 0.890355
vt 0.562115 0.890157
vt 0.552401 0.950058
vt 0.689793 0.907338
vt 0.621644 0.933091
vt 0.678082 0.933091
vt 0.415089 0.939637
vt 0.090743 0.940113
vt 0.938079 0.259720
vt 0.404644 0.939438
vt 0.445397 0.871565
vt 0.679543 0.881575
vt 0.225267 0.904350
vt 0.804212 0.871763
vt 0.433686 0.871565
vt 0.329719 0.898540
vt 0.788170 0.884488
vt 0.624372 0.881773
vt 0.561384 0.898739
vt 0.551135 0.951469
vt 0.691254 0.906126
vt 0.623106 0.931879
vt 0.679544 0.931879
vt 0.413627 0.940849
vt 0.089476 0.941524
vt 0.939345 0.258309
vt 0.403378 0.940849
vt 0.443935 0.870351
vt 0.678081 0.880362
vt 0.226533 0.905761
vt 0.802947 0.870352
vt 0.432224 0.870351
vt 0.330985 0.899952
vt 0.786904 0.883077
vt 0.623106 0.880362
vt 0.562846 0.899952
vt 0.549673 0.950256
vt 0.692521 0.907537
vt 0.624372 0.933289
vt 0.680810 0.933290
vt 0.412361 0.939438
vt 0.088015 0.940312
vt 0.940807 0.259522
vt 0.401916 0.939637
vt 0.442669 0.871763
vt 0.676815 0.881773
vt 0.227995 0.904548
vt 0.801485 0.871565
vt 0.430958 0.871763
vt 0.332447 0.898738
vt 0.785442 0.884290
vt 0.621644 0.881575
vt 0.564112 0.898540
vt 0.548407 0.946746
vt 0.693252 0.911192
vt 0.625103 0.936945
vt 0.681540 0.936945
vt 0.411630 0.935782
vt 0.086748 0.936801
vt 0.942073 0.263032
vt 0.400649 0.936126
vt 0.441938 0.875421
vt 0.676085 0.885431
vt 0.229261 0.901035
vt 0.800218 0.875077
vt 0.430227 0.875421
vt 0.333713 0.895226
vt 0.784176 0.887803
vt 0.620378 0.885087
vt 0.564843 0.894882
vt 0.547676 0.941878
vt 0.693252 0.916114
vt 0.625103 0.941867
vt 0.681540 0.941867
vt 0.411630 0.930861
vt 0.086018 0.931933
vt 0.942804 0.267900
vt 0.399919 0.931258
vt 0.441938 0.880345
vt 0.676084 0.890355
vt 0.229992 0.896164
vt 0.799487 0.879948
vt 0.430227 0.880345
vt 0.334444 0.890355
vt 0.783445 0.892674
vt 0.619647 0.889958
vt 0.564843 0.889958
vt 0.547676 0.936956
vt 0.692521 0.920982
vt 0.624372 0.946735
vt 0.680809 0.946735
vt 0.412360 0.925993
vt 0.086018 0.927012
vt 0.942804 0.272822
vt 0.399919 0.926337
vt 0.442669 0.885216
vt 0.676816 0.895226
vt 0.229992 0.891240
vt 0.799487 0.884872
vt 0.430958 0.885216
vt 0.334444 0.885431
vt 0.783445 0.897598
vt 0.619647 0.894883
vt 0.564112 0.885087
vt 0.548407 0.933301
vt 0.691255 0.924492
vt 0.623106 0.950245
vt 0.679543 0.950245
vt 0.413627 0.922482
vt 0.086749 0.923356
vt 0.942073 0.276477
vt 0.400649 0.922681
vt 0.443935 0.888729
vt 0.678082 0.898739
vt 0.229261 0.887582
vt 0.800218 0.888530
vt 0.432224 0.888728
vt 0.333713 0.881773
vt 0.784176 0.901256
vt 0.620378 0.898540
vt 0.562846 0.881575
vt 0.549673 0.931890
vt 0.689793 0.925705
vt 0.621644 0.951458
vt 0.678081 0.951458
vt 0.415089 0.921270
vt 0.088015 0.921945
vt 0.940807 0.277888
vt 0.401916 0.921270
vt 0.445397 0.889942
vt 0.679544 0.899952
vt 0.227995 0.886171
vt 0.801484 0.889942
vt 0.433686 0.889942
vt 0.332447 0.880361
vt 0.785442 0.902667
vt 0.621644 0.899952
vt 0.561384 0.880361
vt 0.551135 0.933102
vt 0.688527 0.924294
vt 0.620378 0.950047
vt 0.676815 0.950047
vt 0.416355 0.922681
vt 0.089477 0.923158
vt 0.939345 0.276676
vt 0.403378 0.922482
vt 0.446663 0.888530
vt 0.680809 0.898540
vt 0.226533 0.887384
vt 0.802946 0.888729
vt 0.434952 0.888530
vt 0.330985 0.881574
vt 0.786904 0.901454
vt 0.623106 0.898739
vt 0.560118 0.881773
vt 0.552401 0.936613
vt 0.687796 0.920638
vt 0.619647 0.946391
vt 0.676084 0.946391
vt 0.417086 0.926337
vt 0.090743 0.926668
vt 0.938079 0.273165
vt 0.404644 0.925993
vt 0.447394 0.884872
vt 0.681541 0.894883
vt 0.225267 0.890897
vt 0.804212 0.885216
vt 0.435683 0.884872
vt 0.329719 0.885087
vt 0.788170 0.897941
vt 0.624372 0.895226
vt 0.559387 0.885431
vn 0.000000 -1.000000 0.000000
vn 0.000000 1.000000 0.000000
vn 0.258800 0.000000 -0.965900
vn 0.500000 0.000000 -0.866000
vn 0.866000 0.000000 -0.500000
vn 0.965900 0.000000 -0.258800
vn 0.965900 0.000000 0.258800
vn 0.866000 0.000000 0.500000
vn 0.707100 0.000000 0.707100
vn 0.500000 0.000000 0.866000
vn 0.258800 0.000000 0.965900
vn -0.258800 0.000000 0.965900
vn -0.500000 0.000000 0.866000
vn -0.866000 0.000000 0.500000
vn -0.707100 0.000000 0.707100
vn -0.965900 0.000000 0.258800
vn -1.000000 0.000000 0.000000
vn -0.965900 0.000000 -0.258800
vn -0.866000 0.000000 -0.500000
vn -0.500000 0.000000 -0.866000
vn -0.707100 0.000000 -0.707100
vn -0.258800 0.000000 -0.965900
vn 0.000000 0.881300 0.472400
vn 0.000000 0.736500 0.676400
vn 0.000000 0.280200 0.959900
vn 0.000000 -0.280200 0.959900
vn 0.000000 -0.881300 0.472400
vn 0.000000 -0.736500 0.676400
vn 0.000000 -0.881400 -0.472400
vn 0.000000 -0.736600 -0.676300
vn 0.000000 -0.736600 -0.676400
vn 0.000000 -0.280200 -0.959900
vn 0.000000 0.280200 -0.959900
vn 0.000000 0.881400 -0.472400
vn 0.000000 0.736600 -0.676300
vn 1.000000 0.000000 0.000000
vn 0.000000 0.000000 -1.000000
vn 0.707100 0.000000 -0.707100
vn 0.000000 0.000000 1.000000
vn 0.472400 0.881400 0.000000
vn 0.676300 0.736600 0.000000
vn 0.676400 0.736600 0.000000
vn 0.960000 0.280100 0.000000
vn 0.959900 0.280200 0.000000
vn 0.960000 -0.280100 0.000000
vn 0.959900 -0.280200 0.000000
vn 0.472400 -0.881400 0.000000
vn 0.676300 -0.736600 0.000000
vn 0.676400 -0.736600 0.000000
vn -0.472400 -0.881400 0.000000
vn -0.676300 -0.736600 0.000000
vn -0.676400 -0.736600 0.000000
vn -0.960000 -0.280100 0.000000
vn -0.960000 0.280100 0.000000
vn -0.472400 0.881400 0.000000
vn -0.676300 0.736600 0.000000
vn -0.676400 0.736600 0.000000
vn 0.000000 0.881400 0.472400
vn 0.000000 0.736600 0.676300
vn 0.000000 0.736600 0.676400
vn 0.000000 0.280100 0.960000
vn 0.000000 -0.280100 0.960000
vn 0.000000 -0.881400 0.472400
vn 0.000000 -0.736600 0.676300
vn 0.000000 -0.280100 -0.959900
vn 0.000000 -0.280100 -0.960000
vn 0.000000 0.280100 -0.959900
vn 0.000000 0.280100 -0.960000
usemtl Material.003
s 1
f 217/1/1 1821/2/1 1823/3/1
f 218/4/1 1824/5/1 1826/6/1
f 219/7/1 1827/8/1 1829/9/1
f 220/10/1 1830/11/1 1832/12/1
f 221/13/1 1833/14/1 1835/15/1
f 222/16/1 1836/17/1 1838/18/1
f 223/19/1 1839/20/1 1841/21/1
f 224/22/1 1842/23/1 1844/24/1
f 225/25/1 1845/26/1 1847/27/1
f 226/28/2 1850/29/2 1848/30/2
f 227/31/2 1853/32/2 1851/33/2
f 228/34/2 1856/35/2 1854/36/2
f 229/37/2 1859/38/2 1857/39/2
f 230/40/2 1862/41/2 1860/42/2
f 231/43/2 1865/44/2 1863/45/2
f 232/46/2 1868/47/2 1866/48/2
f 233/49/2 1871/50/2 1869/51/2
f 234/52/2 1874/53/2 1872/54/2
f 217/1/1 1823/3/1 1875/55/1
f 218/4/1 1826/6/1 1876/56/1
f 219/7/1 1829/9/1 1877/57/1
f 220/10/1 1832/12/1 1878/58/1
f 221/13/1 1835/15/1 1879/59/1
f 222/16/1 1838/18/1 1880/60/1
f 223/19/1 1841/21/1 1881/61/1
f 224/22/1 1844/24/1 1882/62/1
f 225/25/1 1847/27/1 1883/63/1
f 226/28/2 1884/64/2 1850/29/2
f 227/31/2 1885/65/2 1853/32/2
f 228/34/2 1886/66/2 1856/35/2
f 229/37/2 1887/67/2 1859/38/2
f 230/40/2 1888/68/2 1862/41/2
f 231/43/2 1889/69/2 1865/44/2
f 232/46/2 1890/70/2 1868/47/2
f 233/49/2 1891/71/2 1871/50/2
f 234/52/2 1892/72/2 1874/53/2
f 217/1/1 1875/55/1 1893/73/1
f 218/4/1 1876/56/1 1895/74/1
f 219/7/1 1877/57/1 1897/75/1
f 220/10/1 1878/58/1 1899/76/1
f 221/13/1 1879/59/1 1901/77/1
f 222/16/1 1880/60/1 1903/78/1
f 223/19/1 1881/61/1 1905/79/1
f 224/22/1 1882/62/1 1907/80/1
f 225/25/1 1883/63/1 1909/81/1
f 226/28/2 1911/82/2 1884/64/2
f 227/31/2 1913/83/2 1885/65/2
f 228/34/2 1915/84/2 1886/66/2
f 229/37/2 1917/85/2 1887/67/2
f 230/40/2 1919/86/2 1888/68/2
f 231/43/2 1921/87/2 1889/69/2
f 232/46/2 1923/88/2 1890/70/2
f 233/49/2 1925/89/2 1891/71/2
f 234/52/2 1927/90/2 1892/72/2
f 217/1/1 1893/73/1 1929/91/1
f 218/4/1 1895/74/1 1930/92/1
f 219/7/1 1897/75/1 1931/93/1
f 220/10/1 1899/76/1 1932/94/1
f 221/13/1 1901/77/1 1933/95/1
f 222/16/1 1903/78/1 1934/96/1
f 223/19/1 1905/79/1 1935/97/1
f 224/22/1 1907/80/1 1936/98/1
f 225/25/1 1909/81/1 1937/99/1
f 226/28/2 1938/100/2 1911/82/2
f 227/31/2 1939/101/2 1913/83/2
f 228/34/2 1940/102/2 1915/84/2
f 229/37/2 1941/103/2 1917/85/2
f 230/40/2 1942/104/2 1919/86/2
f 231/43/2 1943/105/2 1921/87/2
f 232/46/2 1944/106/2 1923/88/2
f 233/49/2 1945/107/2 1925/89/2
f 234/52/2 1946/108/2 1927/90/2
f 217/1/1 1929/91/1 1947/109/1
f 218/4/1 1930/92/1 1949/110/1
f 219/7/1 1931/93/1 1950/111/1
f 220/10/1 1932/94/1 1951/112/1
f 221/13/1 1933/95/1 1952/113/1
f 222/16/1 1934/96/1 1953/114/1
f 223/19/1 1935/97/1 1954/115/1
f 224/22/1 1936/98/1 1955/116/1
f 225/25/1 1937/99/1 1956/117/1
f 226/28/2 1957/118/2 1938/100/2
f 227/31/2 1959/119/2 1939/101/2
f 228/34/2 1960/120/2 1940/102/2
f 229/37/2 1961/121/2 1941/103/2
f 230/40/2 1962/122/2 1942/104/2
f 231/43/2 1963/123/2 1943/105/2
f 232/46/2 1964/124/2 1944/106/2
f 233/49/2 1965/125/2 1945/107/2
f 234/52/2 1966/126/2 1946/108/2
f 217/1/1 1947/109/1 1967/127/1
f 218/4/1 1949/110/1 1969/128/1
f 219/7/1 1950/111/1 1971/129/1
f 220/10/1 1951/112/1 1973/130/1
f 221/13/1 1952/113/1 1975/131/1
f 222/16/1 1953/114/1 1977/132/1
f 223/19/1 1954/115/1 1979/133/1
f 224/22/1 1955/116/1 1981/134/1
f 225/25/1 1956/117/1 1983/135/1
f 226/28/2 1985/136/2 1957/118/2
f 227/31/2 1987/137/2 1959/119/2
f 228/34/2 1989/138/2 1960/120/2
f 229/37/2 1991/139/2 1961/121/2
f 230/40/2 1993/140/2 1962/122/2
f 231/43/2 1995/141/2 1963/123/2
f 232/46/2 1997/142/2 1964/124/2
f 233/49/2 1999/143/2 1965/125/2
f 234/52/2 2001/144/2 1966/126/2
f 217/1/1 1967/127/1 2003/145/1
f 218/4/1 1969/128/1 2004/146/1
f 219/7/1 1971/129/1 2005/147/1
f 220/10/1 1973/130/1 2006/148/1
f 221/13/1 1975/131/1 2008/149/1
f 222/16/1 1977/132/1 2009/150/1
f 223/19/1 1979/133/1 2010/151/1
f 224/22/1 1981/134/1 2011/152/1
f 225/25/1 1983/135/1 2012/153/1
f 226/28/2 2013/154/2 1985/136/2
f 227/31/2 2014/155/2 1987/137/2
f 228/34/2 2015/156/2 1989/138/2
f 229/37/2 2016/157/2 1991/139/2
f 230/40/2 2018/158/2 1993/140/2
f 231/43/2 2019/159/2 1995/141/2
f 232/46/2 2020/160/2 1997/142/2
f 233/49/2 2021/161/2 1999/143/2
f 234/52/2 2022/162/2 2001/144/2
f 217/1/1 2003/145/1 2023/163/1
f 218/4/1 2004/146/1 2024/164/1
f 219/7/1 2005/147/1 2025/165/1
f 220/10/1 2006/148/1 2027/166/1
f 221/13/1 2008/149/1 2029/167/1
f 222/16/1 2009/150/1 2030/168/1
f 223/19/1 2010/151/1 2031/169/1
f 224/22/1 2011/152/1 2032/170/1
f 225/25/1 2012/153/1 2033/171/1
f 226/28/2 2034/172/2 2013/154/2
f 227/31/2 2035/173/2 2014/155/2
f 228/34/2 2036/174/2 2015/156/2
f 229/37/2 2038/175/2 2016/157/2
f 230/40/2 2040/176/2 2018/158/2
f 231/43/2 2041/177/2 2019/159/2
f 232/46/2 2042/178/2 2020/160/2
f 233/49/2 2043/179/2 2021/161/2
f 234/52/2 2044/180/2 2022/162/2
f 217/1/1 2023/163/1 2045/181/1
f 218/4/1 2024/164/1 2047/182/1
f 219/7/1 2025/165/1 2049/183/1
f 220/10/1 2027/166/1 2050/184/1
f 221/13/1 2029/167/1 2051/185/1
f 222/16/1 2030/168/1 2053/186/1
f 223/19/1 2031/169/1 2055/187/1
f 224/22/1 2032/170/1 2057/188/1
f 225/25/1 2033/171/1 2059/189/1
f 226/28/2 2061/190/2 2034/172/2
f 227/31/2 2063/191/2 2035/173/2
f 228/34/2 2065/192/2 2036/174/2
f 229/37/2 2066/193/2 2038/175/2
f 230/40/2 2067/194/2 2040/176/2
f 231/43/2 2069/195/2 2041/177/2
f 232/46/2 2071/196/2 2042/178/2
f 233/49/2 2073/197/2 2043/179/2
f 234/52/2 2075/198/2 2044/180/2
f 217/1/1 2045/181/1 2077/199/1
f 218/4/1 2047/182/1 2078/200/1
f 219/7/1 2049/183/1 2079/201/1
f 220/10/1 2050/184/1 2081/202/1
f 221/13/1 2051/185/1 2083/203/1
f 222/16/1 2053/186/1 2084/204/1
f 223/19/1 2055/187/1 2085/205/1
f 224/22/1 2057/188/1 2086/206/1
f 225/25/1 2059/189/1 2087/207/1
f 226/28/2 2088/208/2 2061/190/2
f 227/31/2 2089/209/2 2063/191/2
f 228/34/2 2090/210/2 2065/192/2
f 229/37/2 2092/211/2 2066/193/2
f 230/40/2 2094/212/2 2067/194/2
f 231/43/2 2095/213/2 2069/195/2
f 232/46/2 2096/214/2 2071/196/2
f 233/49/2 2097/215/2 2073/197/2
f 234/52/2 2098/216/2 2075/198/2
f 217/1/1 2077/199/1 2099/217/1
f 218/4/1 2078/200/1 2100/218/1
f 219/7/1 2079/201/1 2102/219/1
f 220/10/1 2081/202/1 2103/220/1
f 221/13/1 2083/203/1 2104/221/1
f 222/16/1 2084/204/1 2105/222/1
f 223/19/1 2085/205/1 2106/223/1
f 224/22/1 2086/206/1 2107/224/1
f 225/25/1 2087/207/1 2108/225/1
f 226/28/2 2109/226/2 2088/208/2
f 227/31/2 2110/227/2 2089/209/2
f 228/34/2 2112/228/2 2090/210/2
f 229/37/2 2113/229/2 2092/211/2
f 230/40/2 2114/230/2 2094/212/2
f 231/43/2 2115/231/2 2095/213/2
f 232/46/2 2116/232/2 2096/214/2
f 233/49/2 2117/233/2 2097/215/2
f 234/52/2 2118/234/2 2098/216/2
f 2099/217/1 1821/2/1 217/1/1
f 2100/218/1 1824/5/1 218/4/1
f 2102/219/1 1827/8/1 219/7/1
f 2103/220/1 1830/11/1 220/10/1
f 2104/221/1 1833/14/1 221/13/1
f 2105/222/1 1836/17/1 222/16/1
f 2106/223/1 1839/20/1 223/19/1
f 2107/224/1 1842/23/1 224/22/1
f 2108/225/1 1845/26/1 225/25/1
f 226/28/2 1848/30/2 2109/226/2
f 227/31/2 1851/33/2 2110/227/2
f 228/34/2 1854/36/2 2112/228/2
f 229/37/2 1857/39/2 2113/229/2
f 230/40/2 1860/42/2 2114/230/2
f 231/43/2 1863/45/2 2115/231/2
f 232/46/2 1866/48/2 2116/232/2
f 233/49/2 1869/51/2 2117/233/2
f 234/52/2 1872/54/2 2118/234/2
f 1822/235/3 1849/236/3 118/237/4 10/238/4
f 1825/239/3 1852/240/3 119/241/4 11/242/4
f 1828/243/3 1855/244/3 120/245/4 12/246/4
f 1831/247/3 1858/248/3 121/249/4 13/250/4
f 1834/251/3 1861/252/3 122/253/4 14/254/4
f 1837/255/3 1864/256/3 123/257/4 15/258/4
f 1840/259/3 1867/260/3 124/261/4 16/262/4
f 1843/263/3 1870/264/3 125/265/4 17/266/4
f 1846/267/3 1873/268/3 126/269/4 18/270/4
f 10/271/4 118/272/4 127/273/5 19/274/5
f 11/275/4 119/276/4 128/277/5 20/278/5
f 12/279/4 120/280/4 129/281/5 21/282/5
f 13/283/4 121/284/4 130/285/5 22/286/5
f 14/287/4 122/288/4 131/289/5 23/290/5
f 15/291/4 123/292/4 132/293/5 24/294/5
f 16/295/4 124/296/4 133/297/5 25/298/5
f 17/299/4 125/300/4 134/301/5 26/302/5
f 18/303/4 126/304/4 135/305/5 27/306/5
f 19/274/5 127/273/5 1912/307/6 1894/308/6
f 20/278/5 128/277/5 1914/309/6 1896/310/6
f 21/282/5 129/281/5 1916/311/6 1898/312/6
f 22/286/5 130/285/5 1918/313/6 1900/314/6
f 23/290/5 131/289/5 1920/315/6 1902/316/6
f 24/294/5 132/293/5 1922/317/6 1904/318/6
f 25/298/5 133/297/5 1924/319/6 1906/320/6
f 26/302/5 134/301/5 1926/321/6 1908/322/6
f 27/306/5 135/305/5 1928/323/6 1910/324/6
f 28/308/7 136/307/7 145/325/8 37/326/8
f 29/310/7 137/309/7 146/327/8 38/328/8
f 30/312/7 138/311/7 147/329/8 39/330/8
f 31/314/7 139/313/7 148/331/8 40/332/8
f 32/316/7 140/315/7 149/333/8 41/334/8
f 33/318/7 141/317/7 150/335/8 42/336/8
f 34/320/7 142/319/7 151/337/8 43/338/8
f 35/322/7 143/321/7 152/339/8 44/340/8
f 36/324/7 144/323/7 153/341/8 45/342/8
f 37/343/8 145/344/8 1958/345/9 1948/346/9
f 38/347/8 146/348/8 155/349/10 47/350/10
f 39/351/8 147/352/8 156/353/10 48/354/10
f 40/355/8 148/356/8 157/357/10 49/358/10
f 41/359/8 149/360/8 158/361/10 50/362/10
f 42/363/8 150/364/8 159/365/10 51/366/10
f 43/367/8 151/368/8 160/369/10 52/370/10
f 44/371/8 152/372/8 161/373/10 53/374/10
f 45/375/8 153/376/8 162/377/10 54/378/10
f 46/346/11 154/345/11 1986/379/11 1968/380/11
f 47/350/10 155/349/10 1988/381/11 1970/382/11
f 48/354/10 156/353/10 1990/383/11 1972/384/11
f 49/358/10 157/357/10 1992/385/11 1974/386/11
f 50/362/10 158/361/10 1994/387/11 1976/388/11
f 51/366/10 159/365/10 1996/389/11 1978/390/11
f 52/370/10 160/369/10 1998/391/11 1980/392/11
f 53/374/10 161/373/10 2000/393/11 1982/394/11
f 54/378/10 162/377/10 2002/395/11 1984/396/11
f 55/380/12 163/379/12 172/397/13 64/398/13
f 56/382/12 164/381/12 173/399/13 65/400/13
f 57/384/12 165/383/12 174/401/13 66/402/13
f 58/386/12 166/385/12 2017/403/12 2007/404/12
f 59/388/12 167/387/12 176/405/13 68/406/13
f 60/390/12 168/389/12 177/407/13 69/408/13
f 61/392/12 169/391/12 178/409/13 70/410/13
f 62/394/12 170/393/12 179/411/13 71/412/13
f 63/396/12 171/395/12 180/413/13 72/414/13
f 64/398/13 172/397/13 181/415/14 73/416/14
f 65/400/13 173/399/13 182/417/14 74/418/14
f 66/402/13 174/401/13 2037/419/15 2026/420/15
f 67/404/15 175/403/15 2039/421/15 2028/422/15
f 68/406/13 176/405/13 185/423/14 77/424/14
f 69/408/13 177/407/13 186/425/14 78/426/14
f 70/410/13 178/409/13 187/427/14 79/428/14
f 71/412/13 179/411/13 188/429/14 80/430/14
f 72/414/13 180/413/13 189/431/14 81/432/14
f 73/433/14 181/434/14 2062/435/16 2046/436/16
f 74/437/14 182/438/14 2064/439/16 2048/440/16
f 75/441/16 183/442/16 192/443/17 84/444/17
f 76/445/16 184/446/16 193/447/17 85/448/17
f 77/449/14 185/450/14 2068/451/16 2052/452/16
f 78/453/14 186/454/14 2070/455/16 2054/456/16
f 79/457/14 187/458/14 2072/459/16 2056/460/16
f 80/461/14 188/462/14 2074/463/16 2058/464/16
f 81/465/14 189/466/14 2076/467/16 2060/468/16
f 82/436/18 190/435/18 199/469/19 91/470/19
f 83/440/18 191/439/18 200/471/19 92/472/19
f 84/444/17 192/443/17 2091/473/18 2080/474/18
f 85/448/17 193/447/17 2093/475/18 2082/476/18
f 86/452/18 194/451/18 203/477/19 95/478/19
f 87/456/18 195/455/18 204/479/19 96/480/19
f 88/460/18 196/459/18 205/481/19 97/482/19
f 89/464/18 197/463/18 206/483/19 98/484/19
f 90/468/18 198/467/18 207/485/19 99/486/19
f 91/470/19 199/469/19 208/487/20 100/488/20
f 92/472/19 200/471/19 2111/489/21 2101/490/21
f 93/474/21 201/473/21 210/491/20 102/492/20
f 94/476/21 202/475/21 211/493/20 103/494/20
f 95/478/19 203/477/19 212/495/20 104/496/20
f 96/480/19 204/479/19 213/497/20 105/498/20
f 97/482/19 205/481/19 214/499/20 106/500/20
f 98/484/19 206/483/19 215/501/20 107/502/20
f 99/486/19 207/485/19 216/503/20 108/504/20
f 109/236/22 1/235/22 100/505/20 208/506/20
f 110/240/22 2/239/22 101/507/22 209/508/22
f 111/244/22 3/243/22 102/509/20 210/510/20
f 112/248/22 4/247/22 103/511/20 211/512/20
f 113/252/22 5/251/22 104/513/20 212/514/20
f 114/256/22 6/255/22 105/515/20 213/516/20
f 115/260/22 7/259/22 106/517/20 214/518/20
f 116/264/22 8/263/22 107/519/20 215/520/20
f 117/268/22 9/267/22 108/521/20 216/522/20
f 2312/523/2 2328/524/2 2327/525/23 2311/526/23
f 2314/527/2 2330/528/2 2329/529/23 2313/530/23
f 2316/531/2 2332/532/2 2331/533/23 2315/534/23
f 2318/535/2 2334/536/2 2333/537/23 2317/538/23
f 2320/539/2 2336/540/2 2335/541/23 2319/542/23
f 2322/543/2 2338/544/2 2337/545/23 2321/546/23
f 2324/547/2 2340/548/2 2339/549/23 2323/550/23
f 2326/551/2 2342/552/2 2341/553/23 2325/554/23
f 2121/555/24 2119/556/24 2311/526/23 2327/525/23
f 2125/557/24 2123/558/24 2313/530/23 2329/529/23
f 2129/559/24 2127/560/24 2315/534/23 2331/533/23
f 2133/561/24 2131/562/24 2317/538/23 2333/537/23
f 2137/563/24 2135/564/24 2319/542/23 2335/541/23
f 2141/565/24 2139/566/24 2321/546/23 2337/545/23
f 2145/567/24 2143/568/24 2323/550/23 2339/549/23
f 2149/569/24 2147/570/24 2325/554/23 2341/553/23
f 2153/571/25 2151/572/25 260/573/25 357/574/25
f 2157/575/25 2155/576/25 261/577/25 358/578/25
f 2161/579/25 2159/580/25 262/581/25 359/582/25
f 2165/583/25 2163/584/25 263/585/25 360/586/25
f 2169/587/25 2167/588/25 264/589/25 361/590/25
f 2173/591/25 2171/592/25 265/593/25 362/594/25
f 2177/595/25 2175/596/25 266/597/25 363/598/25
f 2181/599/25 2179/600/25 267/601/25 364/602/25
f 2185/603/26 2183/604/26 268/572/26 366/571/26
f 2189/605/26 2187/606/26 269/576/26 367/575/26
f 2193/607/26 2191/608/26 270/580/26 368/579/26
f 2197/609/26 2195/610/26 271/584/26 369/583/26
f 2201/611/26 2199/612/26 272/588/26 370/587/26
f 2205/613/26 2203/614/26 273/592/26 371/591/26
f 2209/615/26 2207/616/26 274/596/26 372/595/26
f 2213/617/26 2211/618/26 275/600/26 373/599/26
f 2351/619/27 2343/620/27 276/621/28 375/622/28
f 2352/623/27 2344/624/27 277/625/28 376/626/28
f 2353/627/27 2345/628/27 278/629/28 377/630/28
f 2354/631/27 2346/632/27 279/633/28 378/634/28
f 2355/635/27 2347/636/27 280/637/28 379/638/28
f 2356/639/27 2348/640/27 281/641/28 380/642/28
f 2357/643/27 2349/644/27 282/645/28 381/646/28
f 2358/647/27 2350/648/27 283/649/28 382/650/28
f 2367/651/1 2359/652/1 2343/620/27 2351/619/27
f 2368/653/1 2360/654/1 2344/624/27 2352/623/27
f 2369/655/1 2361/656/1 2345/628/27 2353/627/27
f 2370/657/1 2362/658/1 2346/632/27 2354/631/27
f 2371/659/1 2363/660/1 2347/636/27 2355/635/27
f 2372/661/1 2364/662/1 2348/640/27 2356/639/27
f 2373/663/1 2365/664/1 2349/644/27 2357/643/27
f 2374/665/1 2366/666/1 2350/648/27 2358/647/27
f 2383/667/29 2375/668/29 2359/652/1 2367/651/1
f 2384/669/29 2376/670/29 2360/654/1 2368/653/1
f 2385/671/29 2377/672/29 2361/656/1 2369/655/1
f 2386/673/29 2378/674/29 2362/658/1 2370/657/1
f 2387/675/29 2379/676/29 2363/660/1 2371/659/1
f 2388/677/29 2380/678/29 2364/662/1 2372/661/1
f 2389/679/29 2381/680/29 2365/664/1 2373/663/1
f 2390/681/29 2382/682/29 2366/666/1 2374/665/1
f 2217/683/30 2215/684/30 2375/668/29 2383/667/29
f 2221/685/30 2219/686/30 2376/670/29 2384/669/29
f 2225/687/30 2223/688/30 2377/672/29 2385/671/29
f 2229/689/31 2227/690/31 2378/674/29 2386/673/29
f 2233/691/30 2231/692/30 2379/676/29 2387/675/29
f 2237/693/30 2235/694/30 2380/678/29 2388/677/29
f 2241/695/30 2239/696/30 2381/680/29 2389/679/29
f 2245/697/30 2243/698/30 2382/682/29 2390/681/29
f 2249/699/32 2247/700/32 308/701/32 411/702/32
f 2253/703/32 2251/704/32 309/705/32 412/706/32
f 2257/707/32 2255/708/32 310/709/32 413/710/32
f 2261/711/32 2259/712/32 311/713/32 414/714/32
f 2265/715/32 2263/716/32 312/717/32 415/718/32
f 2269/719/32 2267/720/32 313/721/32 416/722/32
f 2273/723/32 2271/724/32 314/725/32 417/726/32
f 2277/727/32 2275/728/32 315/729/32 418/730/32
f 2281/731/33 2279/732/33 316/700/33 420/699/33
f 2285/733/33 2283/734/33 317/704/33 421/703/33
f 2289/735/33 2287/736/33 318/708/33 422/707/33
f 2293/737/33 2291/738/33 319/712/33 423/711/33
f 2297/739/33 2295/740/33 320/716/33 424/715/33
f 2301/741/33 2299/742/33 321/720/33 425/719/33
f 2305/743/33 2303/744/33 322/724/33 426/723/33
f 2309/745/33 2307/746/33 323/728/33 427/727/33
f 2399/747/34 2391/748/34 324/749/35 429/750/35
f 2400/751/34 2392/752/34 325/753/35 430/754/35
f 2401/755/34 2393/756/34 326/757/35 431/758/35
f 2402/759/34 2394/760/34 327/761/35 432/762/35
f 2403/763/34 2395/764/34 328/765/35 433/766/35
f 2404/767/34 2396/768/34 329/769/35 434/770/35
f 2405/771/34 2397/772/34 330/773/35 435/774/35
f 2406/775/34 2398/776/34 331/777/35 436/778/35
f 2328/524/2 2312/523/2 2391/748/34 2399/747/34
f 2330/528/2 2314/527/2 2392/752/34 2400/751/34
f 2332/532/2 2316/531/2 2393/756/34 2401/755/34
f 2334/536/2 2318/535/2 2394/760/34 2402/759/34
f 2336/540/2 2320/539/2 2395/764/34 2403/763/34
f 2338/544/2 2322/543/2 2396/768/34 2404/767/34
f 2340/548/2 2324/547/2 2397/772/34 2405/771/34
f 2342/552/2 2326/551/2 2398/776/34 2406/775/34
f 235/779/36 340/780/36 252/781/36
f 236/782/36 341/783/36 253/784/36
f 237/785/36 342/786/36 254/787/36
f 238/788/36 343/789/36 255/790/36
f 239/791/36 344/792/36 256/793/36
f 240/794/36 345/795/36 257/796/36
f 241/797/36 346/798/36 258/799/36
f 242/800/36 347/801/36 259/802/36
f 348/803/17 447/804/17 243/805/17
f 349/806/17 448/807/17 244/808/17
f 350/809/17 449/810/17 245/811/17
f 351/812/17 450/813/17 246/814/17
f 352/815/17 451/816/17 247/817/17
f 353/818/17 452/819/17 248/820/17
f 354/821/17 453/822/17 249/823/17
f 355/824/17 454/825/17 250/826/17
f 356/827/17 455/828/17 251/829/17
f 235/779/36 252/781/36 2120/830/36
f 236/782/36 253/784/36 2124/831/36
f 237/785/36 254/787/36 2128/832/36
f 238/788/36 255/790/36 2132/833/36
f 239/791/36 256/793/36 2136/834/36
f 240/794/36 257/796/36 2140/835/36
f 241/797/36 258/799/36 2144/836/36
f 242/800/36 259/802/36 2148/837/36
f 243/805/17 2122/838/17 348/803/17
f 244/808/17 2126/839/17 349/806/17
f 245/811/17 2130/840/17 350/809/17
f 246/814/17 2134/841/17 351/812/17
f 247/817/17 2138/842/17 352/815/17
f 248/820/17 2142/843/17 353/818/17
f 249/823/17 2146/844/17 354/821/17
f 250/826/17 2150/845/17 355/824/17
f 251/829/17 365/846/17 356/827/17
f 235/779/36 2120/830/36 2152/847/36
f 236/782/36 2124/831/36 2156/848/36
f 237/785/36 2128/832/36 2160/849/36
f 238/788/36 2132/833/36 2164/850/36
f 239/791/36 2136/834/36 2168/851/36
f 240/794/36 2140/835/36 2172/852/36
f 241/797/36 2144/836/36 2176/853/36
f 242/800/36 2148/837/36 2180/854/36
f 243/805/17 2154/855/17 2122/838/17
f 244/808/17 2158/856/17 2126/839/17
f 245/811/17 2162/857/17 2130/840/17
f 246/814/17 2166/858/17 2134/841/17
f 247/817/17 2170/859/17 2138/842/17
f 248/820/17 2174/860/17 2142/843/17
f 249/823/17 2178/861/17 2146/844/17
f 250/826/17 2182/862/17 2150/845/17
f 251/829/17 374/863/17 365/846/17
f 235/779/36 2152/847/36 2184/864/36
f 236/782/36 2156/848/36 2188/865/36
f 237/785/36 2160/849/36 2192/866/36
f 238/788/36 2164/850/36 2196/867/36
f 239/791/36 2168/851/36 2200/868/36
f 240/794/36 2172/852/36 2204/869/36
f 241/797/36 2176/853/36 2208/870/36
f 242/800/36 2180/854/36 2212/871/36
f 243/805/17 2186/872/17 2154/855/17
f 244/808/17 2190/873/17 2158/856/17
f 245/811/17 2194/874/17 2162/857/17
f 246/814/17 2198/875/17 2166/858/17
f 247/817/17 2202/876/17 2170/859/17
f 248/820/17 2206/877/17 2174/860/17
f 249/823/17 2210/878/17 2178/861/17
f 250/826/17 2214/879/17 2182/862/17
f 251/829/17 383/880/17 374/863/17
f 235/779/36 2184/864/36 284/881/36
f 236/782/36 2188/865/36 285/882/36
f 237/785/36 2192/866/36 286/883/36
f 238/788/36 2196/867/36 287/884/36
f 239/791/36 2200/868/36 288/885/36
f 240/794/36 2204/869/36 289/886/36
f 241/797/36 2208/870/36 290/887/36
f 242/800/36 2212/871/36 291/888/36
f 243/805/17 384/889/17 2186/872/17
f 244/808/17 385/890/17 2190/873/17
f 245/811/17 386/891/17 2194/874/17
f 246/814/17 387/892/17 2198/875/17
f 247/817/17 388/893/17 2202/876/17
f 248/820/17 389/894/17 2206/877/17
f 249/823/17 390/895/17 2210/878/17
f 250/826/17 391/896/17 2214/879/17
f 251/829/17 392/897/17 383/880/17
f 235/779/36 284/881/36 292/898/36
f 236/782/36 285/882/36 293/899/36
f 237/785/36 286/883/36 294/900/36
f 238/788/36 287/884/36 295/901/36
f 239/791/36 288/885/36 296/902/36
f 240/794/36 289/886/36 297/903/36
f 241/797/36 290/887/36 298/904/36
f 242/800/36 291/888/36 299/905/36
f 243/805/17 393/906/17 384/889/17
f 244/808/17 394/907/17 385/890/17
f 245/811/17 395/908/17 386/891/17
f 246/814/17 396/909/17 387/892/17
f 247/817/17 397/910/17 388/893/17
f 248/820/17 398/911/17 389/894/17
f 249/823/17 399/912/17 390/895/17
f 250/826/17 400/913/17 391/896/17
f 251/829/17 401/914/17 392/897/17
f 235/779/36 292/898/36 300/915/36
f 236/782/36 293/899/36 301/916/36
f 237/785/36 294/900/36 302/917/36
f 238/788/36 295/901/36 303/918/36
f 239/791/36 296/902/36 304/919/36
f 240/794/36 297/903/36 305/920/36
f 241/797/36 298/904/36 306/921/36
f 242/800/36 299/905/36 307/922/36
f 243/805/17 402/923/17 393/906/17
f 244/808/17 403/924/17 394/907/17
f 245/811/17 404/925/17 395/908/17
f 246/814/17 405/926/17 396/909/17
f 247/817/17 406/927/17 397/910/17
f 248/820/17 407/928/17 398/911/17
f 249/823/17 408/929/17 399/912/17
f 250/826/17 409/930/17 400/913/17
f 251/829/17 410/931/17 401/914/17
f 235/779/36 300/915/36 2216/932/36
f 236/782/36 301/916/36 2220/933/36
f 237/785/36 302/917/36 2224/934/36
f 238/788/36 303/918/36 2228/935/36
f 239/791/36 304/919/36 2232/936/36
f 240/794/36 305/920/36 2236/937/36
f 241/797/36 306/921/36 2240/938/36
f 242/800/36 307/922/36 2244/939/36
f 243/805/17 2218/940/17 402/923/17
f 244/808/17 2222/941/17 403/924/17
f 245/811/17 2226/942/17 404/925/17
f 246/814/17 2230/943/17 405/926/17
f 247/817/17 2234/944/17 406/927/17
f 248/820/17 2238/945/17 407/928/17
f 249/823/17 2242/946/17 408/929/17
f 250/826/17 2246/947/17 409/930/17
f 251/829/17 419/948/17 410/931/17
f 235/779/36 2216/932/36 2248/949/36
f 236/782/36 2220/933/36 2252/950/36
f 237/785/36 2224/934/36 2256/951/36
f 238/788/36 2228/935/36 2260/952/36
f 239/791/36 2232/936/36 2264/953/36
f 240/794/36 2236/937/36 2268/954/36
f 241/797/36 2240/938/36 2272/955/36
f 242/800/36 2244/939/36 2276/956/36
f 243/805/17 2250/957/17 2218/940/17
f 244/808/17 2254/958/17 2222/941/17
f 245/811/17 2258/959/17 2226/942/17
f 246/814/17 2262/960/17 2230/943/17
f 247/817/17 2266/961/17 2234/944/17
f 248/820/17 2270/962/17 2238/945/17
f 249/823/17 2274/963/17 2242/946/17
f 250/826/17 2278/964/17 2246/947/17
f 251/829/17 428/965/17 419/948/17
f 235/779/36 2248/949/36 2280/966/36
f 236/782/36 2252/950/36 2284/967/36
f 237/785/36 2256/951/36 2288/968/36
f 238/788/36 2260/952/36 2292/969/36
f 239/791/36 2264/953/36 2296/970/36
f 240/794/36 2268/954/36 2300/971/36
f 241/797/36 2272/955/36 2304/972/36
f 242/800/36 2276/956/36 2308/973/36
f 243/805/17 2282/974/17 2250/957/17
f 244/808/17 2286/975/17 2254/958/17
f 245/811/17 2290/976/17 2258/959/17
f 246/814/17 2294/977/17 2262/960/17
f 247/817/17 2298/978/17 2266/961/17
f 248/820/17 2302/979/17 2270/962/17
f 249/823/17 2306/980/17 2274/963/17
f 250/826/17 2310/981/17 2278/964/17
f 251/829/17 437/982/17 428/965/17
f 235/779/36 2280/966/36 332/983/36
f 236/782/36 2284/967/36 333/984/36
f 237/785/36 2288/968/36 334/985/36
f 238/788/36 2292/969/36 335/986/36
f 239/791/36 2296/970/36 336/987/36
f 240/794/36 2300/971/36 337/988/36
f 241/797/36 2304/972/36 338/989/36
f 242/800/36 2308/973/36 339/990/36
f 243/805/17 438/991/17 2282/974/17
f 244/808/17 439/992/17 2286/975/17
f 245/811/17 440/993/17 2290/976/17
f 246/814/17 441/994/17 2294/977/17
f 247/817/17 442/995/17 2298/978/17
f 248/820/17 443/996/17 2302/979/17
f 249/823/17 444/997/17 2306/980/17
f 250/826/17 445/998/17 2310/981/17
f 251/829/17 446/999/17 437/982/17
f 235/779/36 332/983/36 340/780/36
f 236/782/36 333/984/36 341/783/36
f 237/785/36 334/985/36 342/786/36
f 238/788/36 335/986/36 343/789/36
f 239/791/36 336/987/36 344/792/36
f 240/794/36 337/988/36 345/795/36
f 241/797/36 338/989/36 346/798/36
f 242/800/36 339/990/36 347/801/36
f 243/805/17 447/804/17 438/991/17
f 244/808/17 448/807/17 439/992/17
f 245/811/17 449/810/17 440/993/17
f 246/814/17 450/813/17 441/994/17
f 247/817/17 451/816/17 442/995/17
f 248/820/17 452/819/17 443/996/17
f 249/823/17 453/822/17 444/997/17
f 250/826/17 454/825/17 445/998/17
f 251/829/17 455/828/17 446/999/17
f 672/1000/1 2407/1001/1 2409/1002/1
f 673/1003/1 2410/1004/1 2412/1005/1
f 674/1006/1 2413/1007/1 2414/1008/1
f 675/1009/1 2415/1010/1 2416/1011/1
f 676/1012/1 2417/1013/1 2418/1014/1
f 677/1015/1 2419/1016/1 2420/1017/1
f 678/1018/1 2421/1019/1 2422/1020/1
f 679/1021/1 2423/1022/1 2424/1023/1
f 680/1024/1 2425/1025/1 2426/1026/1
f 681/1027/2 2429/1028/2 2427/1029/2
f 682/1030/2 2432/1031/2 2430/1032/2
f 683/1033/2 2434/1034/2 2433/1035/2
f 684/1036/2 2436/1037/2 2435/1038/2
f 685/1039/2 2438/1040/2 2437/1041/2
f 686/1042/2 2440/1043/2 2439/1044/2
f 687/1045/2 2442/1046/2 2441/1047/2
f 688/1048/2 2444/1049/2 2443/1050/2
f 689/1051/2 2446/1052/2 2445/1053/2
f 672/1000/1 2409/1002/1 2447/1054/1
f 673/1003/1 2412/1005/1 2449/1055/1
f 674/1006/1 2414/1008/1 2450/1056/1
f 675/1009/1 2416/1011/1 2452/1057/1
f 676/1012/1 2418/1014/1 2454/1058/1
f 677/1015/1 2420/1017/1 2456/1059/1
f 678/1018/1 2422/1020/1 2458/1060/1
f 679/1021/1 2424/1023/1 2460/1061/1
f 680/1024/1 2426/1026/1 2462/1062/1
f 681/1027/2 2464/1063/2 2429/1028/2
f 682/1030/2 2466/1064/2 2432/1031/2
f 683/1033/2 2467/1065/2 2434/1034/2
f 684/1036/2 2469/1066/2 2436/1037/2
f 685/1039/2 2471/1067/2 2438/1040/2
f 686/1042/2 2473/1068/2 2440/1043/2
f 687/1045/2 2475/1069/2 2442/1046/2
f 688/1048/2 2477/1070/2 2444/1049/2
f 689/1051/2 2479/1071/2 2446/1052/2
f 672/1000/1 2447/1054/1 2481/1072/1
f 673/1003/1 2449/1055/1 2482/1073/1
f 674/1006/1 2450/1056/1 2484/1074/1
f 675/1009/1 2452/1057/1 2486/1075/1
f 676/1012/1 2454/1058/1 2488/1076/1
f 677/1015/1 2456/1059/1 2490/1077/1
f 678/1018/1 2458/1060/1 2492/1078/1
f 679/1021/1 2460/1061/1 2494/1079/1
f 680/1024/1 2462/1062/1 2496/1080/1
f 681/1027/2 2498/1081/2 2464/1063/2
f 682/1030/2 2499/1082/2 2466/1064/2
f 683/1033/2 2501/1083/2 2467/1065/2
f 684/1036/2 2503/1084/2 2469/1066/2
f 685/1039/2 2505/1085/2 2471/1067/2
f 686/1042/2 2507/1086/2 2473/1068/2
f 687/1045/2 2509/1087/2 2475/1069/2
f 688/1048/2 2511/1088/2 2477/1070/2
f 689/1051/2 2513/1089/2 2479/1071/2
f 672/1000/1 2481/1072/1 2515/1090/1
f 673/1003/1 2482/1073/1 2516/1091/1
f 674/1006/1 2484/1074/1 2517/1092/1
f 675/1009/1 2486/1075/1 2519/1093/1
f 676/1012/1 2488/1076/1 2521/1094/1
f 677/1015/1 2490/1077/1 2523/1095/1
f 678/1018/1 2492/1078/1 2525/1096/1
f 679/1021/1 2494/1079/1 2527/1097/1
f 680/1024/1 2496/1080/1 2529/1098/1
f 681/1027/2 2531/1099/2 2498/1081/2
f 682/1030/2 2532/1100/2 2499/1082/2
f 683/1033/2 2533/1101/2 2501/1083/2
f 684/1036/2 2535/1102/2 2503/1084/2
f 685/1039/2 2537/1103/2 2505/1085/2
f 686/1042/2 2539/1104/2 2507/1086/2
f 687/1045/2 2541/1105/2 2509/1087/2
f 688/1048/2 2543/1106/2 2511/1088/2
f 689/1051/2 2545/1107/2 2513/1089/2
f 672/1000/1 2515/1090/1 2547/1108/1
f 673/1003/1 2516/1091/1 2549/1109/1
f 674/1006/1 2517/1092/1 2551/1110/1
f 675/1009/1 2519/1093/1 2552/1111/1
f 676/1012/1 2521/1094/1 2553/1112/1
f 677/1015/1 2523/1095/1 2554/1113/1
f 678/1018/1 2525/1096/1 2555/1114/1
f 679/1021/1 2527/1097/1 2556/1115/1
f 680/1024/1 2529/1098/1 2557/1116/1
f 681/1027/2 2558/1117/2 2531/1099/2
f 682/1030/2 2560/1118/2 2532/1100/2
f 683/1033/2 2562/1119/2 2533/1101/2
f 684/1036/2 2563/1120/2 2535/1102/2
f 685/1039/2 2564/1121/2 2537/1103/2
f 686/1042/2 2565/1122/2 2539/1104/2
f 687/1045/2 2566/1123/2 2541/1105/2
f 688/1048/2 2567/1124/2 2543/1106/2
f 689/1051/2 2568/1125/2 2545/1107/2
f 672/1000/1 2547/1108/1 2569/1126/1
f 673/1003/1 2549/1109/1 2570/1127/1
f 674/1006/1 2551/1110/1 2571/1128/1
f 675/1009/1 2552/1111/1 2572/1129/1
f 676/1012/1 2553/1112/1 2573/1130/1
f 677/1015/1 2554/1113/1 2574/1131/1
f 678/1018/1 2555/1114/1 2575/1132/1
f 679/1021/1 2556/1115/1 2576/1133/1
f 680/1024/1 2557/1116/1 2577/1134/1
f 681/1027/2 2578/1135/2 2558/1117/2
f 682/1030/2 2579/1136/2 2560/1118/2
f 683/1033/2 2580/1137/2 2562/1119/2
f 684/1036/2 2581/1138/2 2563/1120/2
f 685/1039/2 2582/1139/2 2564/1121/2
f 686/1042/2 2583/1140/2 2565/1122/2
f 687/1045/2 2584/1141/2 2566/1123/2
f 688/1048/2 2585/1142/2 2567/1124/2
f 689/1051/2 2586/1143/2 2568/1125/2
f 672/1000/1 2569/1126/1 2587/1144/1
f 673/1003/1 2570/1127/1 2588/1145/1
f 674/1006/1 2571/1128/1 2589/1146/1
f 675/1009/1 2572/1129/1 2590/1147/1
f 676/1012/1 2573/1130/1 2592/1148/1
f 677/1015/1 2574/1131/1 2593/1149/1
f 678/1018/1 2575/1132/1 2594/1150/1
f 679/1021/1 2576/1133/1 2595/1151/1
f 680/1024/1 2577/1134/1 2596/1152/1
f 681/1027/2 2597/1153/2 2578/1135/2
f 682/1030/2 2598/1154/2 2579/1136/2
f 683/1033/2 2599/1155/2 2580/1137/2
f 684/1036/2 2600/1156/2 2581/1138/2
f 685/1039/2 2602/1157/2 2582/1139/2
f 686/1042/2 2603/1158/2 2583/1140/2
f 687/1045/2 2604/1159/2 2584/1141/2
f 688/1048/2 2605/1160/2 2585/1142/2
f 689/1051/2 2606/1161/2 2586/1143/2
f 672/1000/1 2587/1144/1 2607/1162/1
f 673/1003/1 2588/1145/1 2609/1163/1
f 674/1006/1 2589/1146/1 2611/1164/1
f 675/1009/1 2590/1147/1 2613/1165/1
f 676/1012/1 2592/1148/1 2615/1166/1
f 677/1015/1 2593/1149/1 2617/1167/1
f 678/1018/1 2594/1150/1 2619/1168/1
f 679/1021/1 2595/1151/1 2621/1169/1
f 680/1024/1 2596/1152/1 2623/1170/1
f 681/1027/2 2625/1171/2 2597/1153/2
f 682/1030/2 2627/1172/2 2598/1154/2
f 683/1033/2 2629/1173/2 2599/1155/2
f 684/1036/2 2631/1174/2 2600/1156/2
f 685/1039/2 2633/1175/2 2602/1157/2
f 686/1042/2 2635/1176/2 2603/1158/2
f 687/1045/2 2637/1177/2 2604/1159/2
f 688/1048/2 2639/1178/2 2605/1160/2
f 689/1051/2 2641/1179/2 2606/1161/2
f 672/1000/1 2607/1162/1 2643/1180/1
f 673/1003/1 2609/1163/1 2644/1181/1
f 674/1006/1 2611/1164/1 2645/1182/1
f 675/1009/1 2613/1165/1 2646/1183/1
f 676/1012/1 2615/1166/1 2647/1184/1
f 677/1015/1 2617/1167/1 2649/1185/1
f 678/1018/1 2619/1168/1 2651/1186/1
f 679/1021/1 2621/1169/1 2653/1187/1
f 680/1024/1 2623/1170/1 2655/1188/1
f 681/1027/2 2657/1189/2 2625/1171/2
f 682/1030/2 2658/1190/2 2627/1172/2
f 683/1033/2 2659/1191/2 2629/1173/2
f 684/1036/2 2660/1192/2 2631/1174/2
f 685/1039/2 2661/1193/2 2633/1175/2
f 686/1042/2 2663/1194/2 2635/1176/2
f 687/1045/2 2665/1195/2 2637/1177/2
f 688/1048/2 2667/1196/2 2639/1178/2
f 689/1051/2 2669/1197/2 2641/1179/2
f 672/1000/1 2643/1180/1 2671/1198/1
f 673/1003/1 2644/1181/1 2673/1199/1
f 674/1006/1 2645/1182/1 2675/1200/1
f 675/1009/1 2646/1183/1 2677/1201/1
f 676/1012/1 2647/1184/1 2679/1202/1
f 677/1015/1 2649/1185/1 2681/1203/1
f 678/1018/1 2651/1186/1 2683/1204/1
f 679/1021/1 2653/1187/1 2685/1205/1
f 680/1024/1 2655/1188/1 2687/1206/1
f 681/1027/2 2689/1207/2 2657/1189/2
f 682/1030/2 2691/1208/2 2658/1190/2
f 683/1033/2 2693/1209/2 2659/1191/2
f 684/1036/2 2695/1210/2 2660/1192/2
f 685/1039/2 2697/1211/2 2661/1193/2
f 686/1042/2 2699/1212/2 2663/1194/2
f 687/1045/2 2701/1213/2 2665/1195/2
f 688/1048/2 2703/1214/2 2667/1196/2
f 689/1051/2 2705/1215/2 2669/1197/2
f 672/1000/1 2671/1198/1 2707/1216/1
f 673/1003/1 2673/1199/1 2708/1217/1
f 674/1006/1 2675/1200/1 2709/1218/1
f 675/1009/1 2677/1201/1 2710/1219/1
f 676/1012/1 2679/1202/1 2711/1220/1
f 677/1015/1 2681/1203/1 2712/1221/1
f 678/1018/1 2683/1204/1 2713/1222/1
f 679/1021/1 2685/1205/1 2714/1223/1
f 680/1024/1 2687/1206/1 2715/1224/1
f 681/1027/2 2716/1225/2 2689/1207/2
f 682/1030/2 2717/1226/2 2691/1208/2
f 683/1033/2 2718/1227/2 2693/1209/2
f 684/1036/2 2719/1228/2 2695/1210/2
f 685/1039/2 2720/1229/2 2697/1211/2
f 686/1042/2 2721/1230/2 2699/1212/2
f 687/1045/2 2722/1231/2 2701/1213/2
f 688/1048/2 2723/1232/2 2703/1214/2
f 689/1051/2 2724/1233/2 2705/1215/2
f 2707/1216/1 2407/1001/1 672/1000/1
f 2708/1217/1 2410/1004/1 673/1003/1
f 2709/1218/1 2413/1007/1 674/1006/1
f 2710/1219/1 2415/1010/1 675/1009/1
f 2711/1220/1 2417/1013/1 676/1012/1
f 2712/1221/1 2419/1016/1 677/1015/1
f 2713/1222/1 2421/1019/1 678/1018/1
f 2714/1223/1 2423/1022/1 679/1021/1
f 2715/1224/1 2425/1025/1 680/1024/1
f 681/1027/2 2427/1029/2 2716/1225/2
f 682/1030/2 2430/1032/2 2717/1226/2
f 683/1033/2 2433/1035/2 2718/1227/2
f 684/1036/2 2435/1038/2 2719/1228/2
f 685/1039/2 2437/1041/2 2720/1229/2
f 686/1042/2 2439/1044/2 2721/1230/2
f 687/1045/2 2441/1047/2 2722/1231/2
f 688/1048/2 2443/1050/2 2723/1232/2
f 689/1051/2 2445/1053/2 2724/1233/2
f 2408/1234/18 2428/1235/18 573/1236/19 465/1237/19
f 2411/1238/18 2431/1239/18 574/1240/19 466/1241/19
f 458/1242/17 566/1243/17 575/1244/19 467/1245/19
f 459/1246/17 567/1247/17 576/1248/19 468/1249/19
f 460/1250/17 568/1251/17 577/1252/19 469/1253/19
f 461/1254/17 569/1255/17 578/1256/19 470/1257/19
f 462/1258/17 570/1259/17 579/1260/19 471/1261/19
f 463/1262/17 571/1263/17 580/1264/19 472/1265/19
f 464/1266/17 572/1267/17 581/1268/19 473/1269/19
f 465/1237/19 573/1236/19 2465/1270/21 2448/1271/21
f 466/1241/19 574/1240/19 583/1272/20 475/1273/20
f 467/1245/19 575/1244/19 2468/1274/21 2451/1275/21
f 468/1249/19 576/1248/19 2470/1276/21 2453/1277/21
f 469/1253/19 577/1252/19 2472/1278/21 2455/1279/21
f 470/1257/19 578/1256/19 2474/1280/21 2457/1281/21
f 471/1261/19 579/1260/19 2476/1282/21 2459/1283/21
f 472/1265/19 580/1264/19 2478/1284/21 2461/1285/21
f 473/1269/19 581/1268/19 2480/1286/21 2463/1287/21
f 474/1288/22 582/1289/22 591/1290/37 483/1291/37
f 475/1292/20 583/1293/20 2500/1294/22 2483/1295/22
f 476/1296/22 584/1297/22 2502/1298/22 2485/1299/22
f 477/1300/22 585/1301/22 2504/1302/22 2487/1303/22
f 478/1304/22 586/1305/22 2506/1306/22 2489/1307/22
f 479/1308/22 587/1309/22 2508/1310/22 2491/1311/22
f 480/1312/22 588/1313/22 2510/1314/22 2493/1315/22
f 481/1316/22 589/1317/22 2512/1318/22 2495/1319/22
f 482/1320/22 590/1321/22 2514/1322/22 2497/1323/22
f 483/1291/37 591/1290/37 600/1324/4 492/1325/4
f 484/1295/3 592/1294/3 601/1326/4 493/1327/4
f 485/1299/3 593/1298/3 2534/1328/3 2518/1329/3
f 486/1303/3 594/1302/3 2536/1330/3 2520/1331/3
f 487/1307/3 595/1306/3 2538/1332/3 2522/1333/3
f 488/1311/3 596/1310/3 2540/1334/3 2524/1335/3
f 489/1315/3 597/1314/3 2542/1336/3 2526/1337/3
f 490/1319/3 598/1318/3 2544/1338/3 2528/1339/3
f 491/1323/3 599/1322/3 2546/1340/3 2530/1341/3
f 492/1342/4 600/1343/4 2559/1344/38 2548/1345/38
f 493/1346/4 601/1347/4 2561/1348/38 2550/1349/38
f 494/1350/38 602/1351/38 611/1352/5 503/1353/5
f 495/1354/38 603/1355/38 612/1356/5 504/1357/5
f 496/1358/38 604/1359/38 613/1360/5 505/1361/5
f 497/1362/38 605/1363/38 614/1364/5 506/1365/5
f 498/1366/38 606/1367/38 615/1368/5 507/1369/5
f 499/1370/38 607/1371/38 616/1372/5 508/1373/5
f 500/1374/38 608/1375/38 617/1376/5 509/1377/5
f 501/1345/6 609/1344/6 618/1378/36 510/1379/36
f 502/1349/6 610/1348/6 619/1380/36 511/1381/36
f 503/1353/5 611/1352/5 620/1382/36 512/1383/36
f 504/1357/5 612/1356/5 621/1384/36 513/1385/36
f 505/1361/5 613/1360/5 622/1386/36 514/1387/36
f 506/1365/5 614/1364/5 623/1388/36 515/1389/36
f 507/1369/5 615/1368/5 624/1390/36 516/1391/36
f 508/1373/5 616/1372/5 625/1392/36 517/1393/36
f 509/1377/5 617/1376/5 626/1394/36 518/1395/36
f 510/1379/36 618/1378/36 627/1396/8 519/1397/8
f 511/1381/36 619/1380/36 628/1398/8 520/1399/8
f 512/1383/36 620/1382/36 629/1400/8 521/1401/8
f 513/1385/36 621/1384/36 2601/1402/7 2591/1403/7
f 514/1387/36 622/1386/36 631/1404/8 523/1405/8
f 515/1389/36 623/1388/36 632/1406/8 524/1407/8
f 516/1391/36 624/1390/36 633/1408/8 525/1409/8
f 517/1393/36 625/1392/36 634/1410/8 526/1411/8
f 518/1395/36 626/1394/36 635/1412/8 527/1413/8
f 519/1414/8 627/1415/8 2626/1416/9 2608/1417/9
f 520/1418/8 628/1419/8 2628/1420/9 2610/1421/9
f 521/1422/8 629/1423/8 2630/1424/9 2612/1425/9
f 522/1426/9 630/1427/9 2632/1428/9 2614/1429/9
f 523/1430/8 631/1431/8 2634/1432/9 2616/1433/9
f 524/1434/8 632/1435/8 2636/1436/9 2618/1437/9
f 525/1438/8 633/1439/8 2638/1440/9 2620/1441/9
f 526/1442/8 634/1443/8 2640/1444/9 2622/1445/9
f 527/1446/8 635/1447/8 2642/1448/9 2624/1449/9
f 528/1417/11 636/1416/11 645/1450/39 537/1451/39
f 529/1421/11 637/1420/11 646/1452/39 538/1453/39
f 530/1425/11 638/1424/11 647/1454/39 539/1455/39
f 531/1429/11 639/1428/11 648/1456/39 540/1457/39
f 532/1433/11 640/1432/11 2662/1458/11 2648/1459/11
f 533/1437/11 641/1436/11 2664/1460/11 2650/1461/11
f 534/1441/11 642/1440/11 2666/1462/11 2652/1463/11
f 535/1445/11 643/1444/11 2668/1464/11 2654/1465/11
f 536/1449/11 644/1448/11 2670/1466/11 2656/1467/11
f 537/1451/39 645/1450/39 2690/1468/12 2672/1469/12
f 538/1453/39 646/1452/39 2692/1470/12 2674/1471/12
f 539/1455/39 647/1454/39 2694/1472/12 2676/1473/12
f 540/1457/39 648/1456/39 2696/1474/12 2678/1475/12
f 541/1459/12 649/1458/12 2698/1476/12 2680/1477/12
f 542/1461/12 650/1460/12 2700/1478/12 2682/1479/12
f 543/1463/12 651/1462/12 2702/1480/12 2684/1481/12
f 544/1465/12 652/1464/12 2704/1482/12 2686/1483/12
f 545/1467/12 653/1466/12 2706/1484/12 2688/1485/12
f 546/1469/15 654/1468/15 663/1486/14 555/1487/14
f 547/1471/15 655/1470/15 664/1488/14 556/1489/14
f 548/1473/15 656/1472/15 665/1490/14 557/1491/14
f 549/1475/15 657/1474/15 666/1492/14 558/1493/14
f 550/1477/15 658/1476/15 667/1494/14 559/1495/14
f 551/1479/15 659/1478/15 668/1496/14 560/1497/14
f 552/1481/15 660/1480/15 669/1498/14 561/1499/14
f 553/1483/15 661/1482/15 670/1500/14 562/1501/14
f 554/1485/15 662/1484/15 671/1502/14 563/1503/14
f 564/1235/16 456/1234/16 555/1504/14 663/1505/14
f 565/1239/16 457/1238/16 556/1506/14 664/1507/14
f 566/1243/17 458/1242/17 557/1508/14 665/1509/14
f 567/1247/17 459/1246/17 558/1510/14 666/1511/14
f 568/1251/17 460/1250/17 559/1512/14 667/1513/14
f 569/1255/17 461/1254/17 560/1514/14 668/1515/14
f 570/1259/17 462/1258/17 561/1516/14 669/1517/14
f 571/1263/17 463/1262/17 562/1518/14 670/1519/14
f 572/1267/17 464/1266/17 563/1520/14 671/1521/14
f 2918/1522/2 2934/1523/2 2933/1524/40 2917/1525/40
f 2920/1526/2 2936/1527/2 2935/1528/40 2919/1529/40
f 2922/1530/2 2938/1531/2 2937/1532/40 2921/1533/40
f 2924/1534/2 2940/1535/2 2939/1536/40 2923/1537/40
f 2926/1538/2 2942/1539/2 2941/1540/40 2925/1541/40
f 2928/1542/2 2944/1543/2 2943/1544/40 2927/1545/40
f 2930/1546/2 2946/1547/2 2945/1548/40 2929/1549/40
f 2932/1550/2 2948/1551/2 2947/1552/40 2931/1553/40
f 2727/1554/41 2725/1555/41 2917/1525/40 2933/1524/40
f 2731/1556/41 2729/1557/41 2919/1529/40 2935/1528/40
f 2735/1558/41 2733/1559/41 2921/1533/40 2937/1532/40
f 2739/1560/41 2737/1561/41 2923/1537/40 2939/1536/40
f 2743/1562/41 2741/1563/41 2925/1541/40 2941/1540/40
f 2747/1564/41 2745/1565/41 2927/1545/40 2943/1544/40
f 2751/1566/42 2749/1567/42 2929/1549/40 2945/1548/40
f 2755/1568/41 2753/1569/41 2931/1553/40 2947/1552/40
f 2759/1570/43 2757/1571/43 715/1572/43 812/1573/43
f 2763/1574/43 2761/1575/43 716/1576/43 813/1577/43
f 2767/1578/43 2765/1579/43 717/1580/43 814/1581/43
f 2771/1582/43 2769/1583/43 718/1584/43 815/1585/43
f 2775/1586/43 2773/1587/43 719/1588/43 816/1589/43
f 2779/1590/44 2777/1591/44 720/1592/44 817/1593/44
f 2783/1594/44 2781/1595/44 721/1596/44 818/1597/44
f 2787/1598/44 2785/1599/44 722/1600/44 819/1601/44
f 2791/1602/45 2789/1603/45 723/1571/45 821/1570/45
f 2795/1604/45 2793/1605/45 724/1575/45 822/1574/45
f 2799/1606/45 2797/1607/45 725/1579/45 823/1578/45
f 2803/1608/45 2801/1609/45 726/1583/45 824/1582/45
f 2807/1610/45 2805/1611/45 727/1587/45 825/1586/45
f 2811/1612/46 2809/1613/46 728/1591/46 826/1590/46
f 2815/1614/46 2813/1615/46 729/1595/46 827/1594/46
f 2819/1616/46 2817/1617/46 730/1599/46 828/1598/46
f 2957/1618/47 2949/1619/47 731/1620/48 830/1621/48
f 2958/1622/47 2950/1623/47 732/1624/48 831/1625/48
f 2959/1626/47 2951/1627/47 733/1628/48 832/1629/48
f 2960/1630/47 2952/1631/47 734/1632/48 833/1633/48
f 2961/1634/47 2953/1635/47 735/1636/48 834/1637/48
f 2962/1638/47 2954/1639/47 736/1640/48 835/1641/48
f 2963/1642/47 2955/1643/47 737/1644/49 836/1645/49
f 2964/1646/47 2956/1647/47 738/1648/48 837/1649/48
f 2973/1650/1 2965/1651/1 2949/1619/47 2957/1618/47
f 2974/1652/1 2966/1653/1 2950/1623/47 2958/1622/47
f 2975/1654/1 2967/1655/1 2951/1627/47 2959/1626/47
f 2976/1656/1 2968/1657/1 2952/1631/47 2960/1630/47
f 2977/1658/1 2969/1659/1 2953/1635/47 2961/1634/47
f 2978/1660/1 2970/1661/1 2954/1639/47 2962/1638/47
f 2979/1662/1 2971/1663/1 2955/1643/47 2963/1642/47
f 2980/1664/1 2972/1665/1 2956/1647/47 2964/1646/47
f 2989/1666/50 2981/1667/50 2965/1651/1 2973/1650/1
f 2990/1668/50 2982/1669/50 2966/1653/1 2974/1652/1
f 2991/1670/50 2983/1671/50 2967/1655/1 2975/1654/1
f 2992/1672/50 2984/1673/50 2968/1657/1 2976/1656/1
f 2993/1674/50 2985/1675/50 2969/1659/1 2977/1658/1
f 2994/1676/50 2986/1677/50 2970/1661/1 2978/1660/1
f 2995/1678/50 2987/1679/50 2971/1663/1 2979/1662/1
f 2996/1680/50 2988/1681/50 2972/1665/1 2980/1664/1
f 2823/1682/51 2821/1683/51 2981/1667/50 2989/1666/50
f 2827/1684/52 2825/1685/52 2982/1669/50 2990/1668/50
f 2831/1686/52 2829/1687/52 2983/1671/50 2991/1670/50
f 2835/1688/51 2833/1689/51 2984/1673/50 2992/1672/50
f 2839/1690/51 2837/1691/51 2985/1675/50 2993/1674/50
f 2843/1692/51 2841/1693/51 2986/1677/50 2994/1676/50
f 2847/1694/51 2845/1695/51 2987/1679/50 2995/1678/50
f 2851/1696/51 2849/1697/51 2988/1681/50 2996/1680/50
f 2855/1698/53 2853/1699/53 763/1700/53 866/1701/53
f 2859/1702/53 2857/1703/53 764/1704/53 867/1705/53
f 2863/1706/53 2861/1707/53 765/1708/53 868/1709/53
f 2867/1710/53 2865/1711/53 766/1712/53 869/1713/53
f 2871/1714/53 2869/1715/53 767/1716/53 870/1717/53
f 2875/1718/53 2873/1719/53 768/1720/53 871/1721/53
f 2879/1722/53 2877/1723/53 769/1724/53 872/1725/53
f 2883/1726/53 2881/1727/53 770/1728/53 873/1729/53
f 2887/1730/54 2885/1731/54 771/1699/54 875/1698/54
f 2891/1732/54 2889/1733/54 772/1703/54 876/1702/54
f 2895/1734/54 2893/1735/54 773/1707/54 877/1706/54
f 2899/1736/54 2897/1737/54 774/1711/54 878/1710/54
f 2903/1738/54 2901/1739/54 775/1715/54 879/1714/54
f 2907/1740/54 2905/1741/54 776/1719/54 880/1718/54
f 2911/1742/54 2909/1743/54 777/1723/54 881/1722/54
f 2915/1744/54 2913/1745/54 778/1727/54 882/1726/54
f 3005/1746/55 2997/1747/55 779/1748/56 884/1749/56
f 3006/1750/55 2998/1751/55 780/1752/57 885/1753/57
f 3007/1754/55 2999/1755/55 781/1756/57 886/1757/57
f 3008/1758/55 3000/1759/55 782/1760/56 887/1761/56
f 3009/1762/55 3001/1763/55 783/1764/56 888/1765/56
f 3010/1766/55 3002/1767/55 784/1768/56 889/1769/56
f 3011/1770/55 3003/1771/55 785/1772/56 890/1773/56
f 3012/1774/55 3004/1775/55 786/1776/56 891/1777/56
f 2934/1523/2 2918/1522/2 2997/1747/55 3005/1746/55
f 2936/1527/2 2920/1526/2 2998/1751/55 3006/1750/55
f 2938/1531/2 2922/1530/2 2999/1755/55 3007/1754/55
f 2940/1535/2 2924/1534/2 3000/1759/55 3008/1758/55
f 2942/1539/2 2926/1538/2 3001/1763/55 3009/1762/55
f 2944/1543/2 2928/1542/2 3002/1767/55 3010/1766/55
f 2946/1547/2 2930/1546/2 3003/1771/55 3011/1770/55
f 2948/1551/2 2932/1550/2 3004/1775/55 3012/1774/55
f 690/1778/37 795/1779/37 707/1780/37
f 691/1781/37 796/1782/37 708/1783/37
f 692/1784/37 797/1785/37 709/1786/37
f 693/1787/37 798/1788/37 710/1789/37
f 694/1790/37 799/1791/37 711/1792/37
f 695/1793/37 800/1794/37 712/1795/37
f 696/1796/37 801/1797/37 713/1798/37
f 697/1799/37 802/1800/37 714/1801/37
f 803/1802/39 902/1803/39 698/1804/39
f 804/1805/39 903/1806/39 699/1807/39
f 805/1808/39 904/1809/39 700/1810/39
f 806/1811/39 905/1812/39 701/1813/39
f 807/1814/39 906/1815/39 702/1816/39
f 808/1817/39 907/1818/39 703/1819/39
f 809/1820/39 908/1821/39 704/1822/39
f 810/1823/39 909/1824/39 705/1825/39
f 811/1826/39 910/1827/39 706/1828/39
f 690/1778/37 707/1780/37 2726/1829/37
f 691/1781/37 708/1783/37 2730/1830/37
f 692/1784/37 709/1786/37 2734/1831/37
f 693/1787/37 710/1789/37 2738/1832/37
f 694/1790/37 711/1792/37 2742/1833/37
f 695/1793/37 712/1795/37 2746/1834/37
f 696/1796/37 713/1798/37 2750/1835/37
f 697/1799/37 714/1801/37 2754/1836/37
f 698/1804/39 2728/1837/39 803/1802/39
f 699/1807/39 2732/1838/39 804/1805/39
f 700/1810/39 2736/1839/39 805/1808/39
f 701/1813/39 2740/1840/39 806/1811/39
f 702/1816/39 2744/1841/39 807/1814/39
f 703/1819/39 2748/1842/39 808/1817/39
f 704/1822/39 2752/1843/39 809/1820/39
f 705/1825/39 2756/1844/39 810/1823/39
f 706/1828/39 820/1845/39 811/1826/39
f 690/1778/37 2726/1829/37 2758/1846/37
f 691/1781/37 2730/1830/37 2762/1847/37
f 692/1784/37 2734/1831/37 2766/1848/37
f 693/1787/37 2738/1832/37 2770/1849/37
f 694/1790/37 2742/1833/37 2774/1850/37
f 695/1793/37 2746/1834/37 2778/1851/37
f 696/1796/37 2750/1835/37 2782/1852/37
f 697/1799/37 2754/1836/37 2786/1853/37
f 698/1804/39 2760/1854/39 2728/1837/39
f 699/1807/39 2764/1855/39 2732/1838/39
f 700/1810/39 2768/1856/39 2736/1839/39
f 701/1813/39 2772/1857/39 2740/1840/39
f 702/1816/39 2776/1858/39 2744/1841/39
f 703/1819/39 2780/1859/39 2748/1842/39
f 704/1822/39 2784/1860/39 2752/1843/39
f 705/1825/39 2788/1861/39 2756/1844/39
f 706/1828/39 829/1862/39 820/1845/39
f 690/1778/37 2758/1846/37 2790/1863/37
f 691/1781/37 2762/1847/37 2794/1864/37
f 692/1784/37 2766/1848/37 2798/1865/37
f 693/1787/37 2770/1849/37 2802/1866/37
f 694/1790/37 2774/1850/37 2806/1867/37
f 695/1793/37 2778/1851/37 2810/1868/37
f 696/1796/37 2782/1852/37 2814/1869/37
f 697/1799/37 2786/1853/37 2818/1870/37
f 698/1804/39 2792/1871/39 2760/1854/39
f 699/1807/39 2796/1872/39 2764/1855/39
f 700/1810/39 2800/1873/39 2768/1856/39
f 701/1813/39 2804/1874/39 2772/1857/39
f 702/1816/39 2808/1875/39 2776/1858/39
f 703/1819/39 2812/1876/39 2780/1859/39
f 704/1822/39 2816/1877/39 2784/1860/39
f 705/1825/39 2820/1878/39 2788/1861/39
f 706/1828/39 838/1879/39 829/1862/39
f 690/1778/37 2790/1863/37 739/1880/37
f 691/1781/37 2794/1864/37 740/1881/37
f 692/1784/37 2798/1865/37 741/1882/37
f 693/1787/37 2802/1866/37 742/1883/37
f 694/1790/37 2806/1867/37 743/1884/37
f 695/1793/37 2810/1868/37 744/1885/37
f 696/1796/37 2814/1869/37 745/1886/37
f 697/1799/37 2818/1870/37 746/1887/37
f 698/1804/39 839/1888/39 2792/1871/39
f 699/1807/39 840/1889/39 2796/1872/39
f 700/1810/39 841/1890/39 2800/1873/39
f 701/1813/39 842/1891/39 2804/1874/39
f 702/1816/39 843/1892/39 2808/1875/39
f 703/1819/39 844/1893/39 2812/1876/39
f 704/1822/39 845/1894/39 2816/1877/39
f 705/1825/39 846/1895/39 2820/1878/39
f 706/1828/39 847/1896/39 838/1879/39
f 690/1778/37 739/1880/37 747/1897/37
f 691/1781/37 740/1881/37 748/1898/37
f 692/1784/37 741/1882/37 749/1899/37
f 693/1787/37 742/1883/37 750/1900/37
f 694/1790/37 743/1884/37 751/1901/37
f 695/1793/37 744/1885/37 752/1902/37
f 696/1796/37 745/1886/37 753/1903/37
f 697/1799/37 746/1887/37 754/1904/37
f 698/1804/39 848/1905/39 839/1888/39
f 699/1807/39 849/1906/39 840/1889/39
f 700/1810/39 850/1907/39 841/1890/39
f 701/1813/39 851/1908/39 842/1891/39
f 702/1816/39 852/1909/39 843/1892/39
f 703/1819/39 853/1910/39 844/1893/39
f 704/1822/39 854/1911/39 845/1894/39
f 705/1825/39 855/1912/39 846/1895/39
f 706/1828/39 856/1913/39 847/1896/39
f 690/1778/37 747/1897/37 755/1914/37
f 691/1781/37 748/1898/37 756/1915/37
f 692/1784/37 749/1899/37 757/1916/37
f 693/1787/37 750/1900/37 758/1917/37
f 694/1790/37 751/1901/37 759/1918/37
f 695/1793/37 752/1902/37 760/1919/37
f 696/1796/37 753/1903/37 761/1920/37
f 697/1799/37 754/1904/37 762/1921/37
f 698/1804/39 857/1922/39 848/1905/39
f 699/1807/39 858/1923/39 849/1906/39
f 700/1810/39 859/1924/39 850/1907/39
f 701/1813/39 860/1925/39 851/1908/39
f 702/1816/39 861/1926/39 852/1909/39
f 703/1819/39 862/1927/39 853/1910/39
f 704/1822/39 863/1928/39 854/1911/39
f 705/1825/39 864/1929/39 855/1912/39
f 706/1828/39 865/1930/39 856/1913/39
f 690/1778/37 755/1914/37 2822/1931/37
f 691/1781/37 756/1915/37 2826/1932/37
f 692/1784/37 757/1916/37 2830/1933/37
f 693/1787/37 758/1917/37 2834/1934/37
f 694/1790/37 759/1918/37 2838/1935/37
f 695/1793/37 760/1919/37 2842/1936/37
f 696/1796/37 761/1920/37 2846/1937/37
f 697/1799/37 762/1921/37 2850/1938/37
f 698/1804/39 2824/1939/39 857/1922/39
f 699/1807/39 2828/1940/39 858/1923/39
f 700/1810/39 2832/1941/39 859/1924/39
f 701/1813/39 2836/1942/39 860/1925/39
f 702/1816/39 2840/1943/39 861/1926/39
f 703/1819/39 2844/1944/39 862/1927/39
f 704/1822/39 2848/1945/39 863/1928/39
f 705/1825/39 2852/1946/39 864/1929/39
f 706/1828/39 874/1947/39 865/1930/39
f 690/1778/37 2822/1931/37 2854/1948/37
f 691/1781/37 2826/1932/37 2858/1949/37
f 692/1784/37 2830/1933/37 2862/1950/37
f 693/1787/37 2834/1934/37 2866/1951/37
f 694/1790/37 2838/1935/37 2870/1952/37
f 695/1793/37 2842/1936/37 2874/1953/37
f 696/1796/37 2846/1937/37 2878/1954/37
f 697/1799/37 2850/1938/37 2882/1955/37
f 698/1804/39 2856/1956/39 2824/1939/39
f 699/1807/39 2860/1957/39 2828/1940/39
f 700/1810/39 2864/1958/39 2832/1941/39
f 701/1813/39 2868/1959/39 2836/1942/39
f 702/1816/39 2872/1960/39 2840/1943/39
f 703/1819/39 2876/1961/39 2844/1944/39
f 704/1822/39 2880/1962/39 2848/1945/39
f 705/1825/39 2884/1963/39 2852/1946/39
f 706/1828/39 883/1964/39 874/1947/39
f 690/1778/37 2854/1948/37 2886/1965/37
f 691/1781/37 2858/1949/37 2890/1966/37
f 692/1784/37 2862/1950/37 2894/1967/37
f 693/1787/37 2866/1951/37 2898/1968/37
f 694/1790/37 2870/1952/37 2902/1969/37
f 695/1793/37 2874/1953/37 2906/1970/37
f 696/1796/37 2878/1954/37 2910/1971/37
f 697/1799/37 2882/1955/37 2914/1972/37
f 698/1804/39 2888/1973/39 2856/1956/39
f 699/1807/39 2892/1974/39 2860/1957/39
f 700/1810/39 2896/1975/39 2864/1958/39
f 701/1813/39 2900/1976/39 2868/1959/39
f 702/1816/39 2904/1977/39 2872/1960/39
f 703/1819/39 2908/1978/39 2876/1961/39
f 704/1822/39 2912/1979/39 2880/1962/39
f 705/1825/39 2916/1980/39 2884/1963/39
f 706/1828/39 892/1981/39 883/1964/39
f 690/1778/37 2886/1965/37 787/1982/37
f 691/1781/37 2890/1966/37 788/1983/37
f 692/1784/37 2894/1967/37 789/1984/37
f 693/1787/37 2898/1968/37 790/1985/37
f 694/1790/37 2902/1969/37 791/1986/37
f 695/1793/37 2906/1970/37 792/1987/37
f 696/1796/37 2910/1971/37 793/1988/37
f 697/1799/37 2914/1972/37 794/1989/37
f 698/1804/39 893/1990/39 2888/1973/39
f 699/1807/39 894/1991/39 2892/1974/39
f 700/1810/39 895/1992/39 2896/1975/39
f 701/1813/39 896/1993/39 2900/1976/39
f 702/1816/39 897/1994/39 2904/1977/39
f 703/1819/39 898/1995/39 2908/1978/39
f 704/1822/39 899/1996/39 2912/1979/39
f 705/1825/39 900/1997/39 2916/1980/39
f 706/1828/39 901/1998/39 892/1981/39
f 690/1778/37 787/1982/37 795/1779/37
f 691/1781/37 788/1983/37 796/1782/37
f 692/1784/37 789/1984/37 797/1785/37
f 693/1787/37 790/1985/37 798/1788/37
f 694/1790/37 791/1986/37 799/1791/37
f 695/1793/37 792/1987/37 800/1794/37
f 696/1796/37 793/1988/37 801/1797/37
f 697/1799/37 794/1989/37 802/1800/37
f 698/1804/39 902/1803/39 893/1990/39
f 699/1807/39 903/1806/39 894/1991/39
f 700/1810/39 904/1809/39 895/1992/39
f 701/1813/39 905/1812/39 896/1993/39
f 702/1816/39 906/1815/39 897/1994/39
f 703/1819/39 907/1818/39 898/1995/39
f 704/1822/39 908/1821/39 899/1996/39
f 705/1825/39 909/1824/39 900/1997/39
f 706/1828/39 910/1827/39 901/1998/39
f 1127/1999/1 3013/2000/1 3015/2001/1
f 1128/2002/1 3016/2003/1 3018/2004/1
f 1129/2005/1 3019/2006/1 3021/2007/1
f 1130/2008/1 3022/2009/1 3024/2010/1
f 1131/2011/1 3025/2012/1 3027/2013/1
f 1132/2014/1 3028/2015/1 3030/2016/1
f 1133/2017/1 3031/2018/1 3033/2019/1
f 1134/2020/1 3034/2021/1 3036/2022/1
f 1135/2023/1 3037/2024/1 3039/2025/1
f 1136/2026/2 3042/2027/2 3040/2028/2
f 1137/2029/2 3045/2030/2 3043/2031/2
f 1138/2032/2 3048/2033/2 3046/2034/2
f 1139/2035/2 3051/2036/2 3049/2037/2
f 1140/2038/2 3054/2039/2 3052/2040/2
f 1141/2041/2 3057/2042/2 3055/2043/2
f 1142/2044/2 3060/2045/2 3058/2046/2
f 1143/2047/2 3063/2048/2 3061/2049/2
f 1144/2050/2 3066/2051/2 3064/2052/2
f 1127/1999/1 3015/2001/1 3067/2053/1
f 1128/2002/1 3018/2004/1 3068/2054/1
f 1129/2005/1 3021/2007/1 3069/2055/1
f 1130/2008/1 3024/2010/1 3070/2056/1
f 1131/2011/1 3027/2013/1 3071/2057/1
f 1132/2014/1 3030/2016/1 3072/2058/1
f 1133/2017/1 3033/2019/1 3073/2059/1
f 1134/2020/1 3036/2022/1 3074/2060/1
f 1135/2023/1 3039/2025/1 3075/2061/1
f 1136/2026/2 3076/2062/2 3042/2027/2
f 1137/2029/2 3077/2063/2 3045/2030/2
f 1138/2032/2 3078/2064/2 3048/2033/2
f 1139/2035/2 3079/2065/2 3051/2036/2
f 1140/2038/2 3080/2066/2 3054/2039/2
f 1141/2041/2 3081/2067/2 3057/2042/2
f 1142/2044/2 3082/2068/2 3060/2045/2
f 1143/2047/2 3083/2069/2 3063/2048/2
f 1144/2050/2 3084/2070/2 3066/2051/2
f 1127/1999/1 3067/2053/1 3085/2071/1
f 1128/2002/1 3068/2054/1 3086/2072/1
f 1129/2005/1 3069/2055/1 3088/2073/1
f 1130/2008/1 3070/2056/1 3090/2074/1
f 1131/2011/1 3071/2057/1 3092/2075/1
f 1132/2014/1 3072/2058/1 3094/2076/1
f 1133/2017/1 3073/2059/1 3096/2077/1
f 1134/2020/1 3074/2060/1 3098/2078/1
f 1135/2023/1 3075/2061/1 3100/2079/1
f 1136/2026/2 3102/2080/2 3076/2062/2
f 1137/2029/2 3103/2081/2 3077/2063/2
f 1138/2032/2 3105/2082/2 3078/2064/2
f 1139/2035/2 3107/2083/2 3079/2065/2
f 1140/2038/2 3109/2084/2 3080/2066/2
f 1141/2041/2 3111/2085/2 3081/2067/2
f 1142/2044/2 3113/2086/2 3082/2068/2
f 1143/2047/2 3115/2087/2 3083/2069/2
f 1144/2050/2 3117/2088/2 3084/2070/2
f 1127/1999/1 3085/2071/1 3119/2089/1
f 1128/2002/1 3086/2072/1 3120/2090/1
f 1129/2005/1 3088/2073/1 3121/2091/1
f 1130/2008/1 3090/2074/1 3122/2092/1
f 1131/2011/1 3092/2075/1 3123/2093/1
f 1132/2014/1 3094/2076/1 3124/2094/1
f 1133/2017/1 3096/2077/1 3125/2095/1
f 1134/2020/1 3098/2078/1 3126/2096/1
f 1135/2023/1 3100/2079/1 3127/2097/1
f 1136/2026/2 3128/2098/2 3102/2080/2
f 1137/2029/2 3129/2099/2 3103/2081/2
f 1138/2032/2 3130/2100/2 3105/2082/2
f 1139/2035/2 3131/2101/2 3107/2083/2
f 1140/2038/2 3132/2102/2 3109/2084/2
f 1141/2041/2 3133/2103/2 3111/2085/2
f 1142/2044/2 3134/2104/2 3113/2086/2
f 1143/2047/2 3135/2105/2 3115/2087/2
f 1144/2050/2 3136/2106/2 3117/2088/2
f 1127/1999/1 3119/2089/1 3137/2107/1
f 1128/2002/1 3120/2090/1 3139/2108/1
f 1129/2005/1 3121/2091/1 3141/2109/1
f 1130/2008/1 3122/2092/1 3142/2110/1
f 1131/2011/1 3123/2093/1 3143/2111/1
f 1132/2014/1 3124/2094/1 3144/2112/1
f 1133/2017/1 3125/2095/1 3145/2113/1
f 1134/2020/1 3126/2096/1 3146/2114/1
f 1135/2023/1 3127/2097/1 3147/2115/1
f 1136/2026/2 3148/2116/2 3128/2098/2
f 1137/2029/2 3150/2117/2 3129/2099/2
f 1138/2032/2 3152/2118/2 3130/2100/2
f 1139/2035/2 3153/2119/2 3131/2101/2
f 1140/2038/2 3154/2120/2 3132/2102/2
f 1141/2041/2 3155/2121/2 3133/2103/2
f 1142/2044/2 3156/2122/2 3134/2104/2
f 1143/2047/2 3157/2123/2 3135/2105/2
f 1144/2050/2 3158/2124/2 3136/2106/2
f 1127/1999/1 3137/2107/1 3159/2125/1
f 1128/2002/1 3139/2108/1 3161/2126/1
f 1129/2005/1 3141/2109/1 3163/2127/1
f 1130/2008/1 3142/2110/1 3165/2128/1
f 1131/2011/1 3143/2111/1 3167/2129/1
f 1132/2014/1 3144/2112/1 3169/2130/1
f 1133/2017/1 3145/2113/1 3171/2131/1
f 1134/2020/1 3146/2114/1 3173/2132/1
f 1135/2023/1 3147/2115/1 3175/2133/1
f 1136/2026/2 3177/2134/2 3148/2116/2
f 1137/2029/2 3179/2135/2 3150/2117/2
f 1138/2032/2 3181/2136/2 3152/2118/2
f 1139/2035/2 3183/2137/2 3153/2119/2
f 1140/2038/2 3185/2138/2 3154/2120/2
f 1141/2041/2 3187/2139/2 3155/2121/2
f 1142/2044/2 3189/2140/2 3156/2122/2
f 1143/2047/2 3191/2141/2 3157/2123/2
f 1144/2050/2 3193/2142/2 3158/2124/2
f 1127/1999/1 3159/2125/1 3195/2143/1
f 1128/2002/1 3161/2126/1 3196/2144/1
f 1129/2005/1 3163/2127/1 3197/2145/1
f 1130/2008/1 3165/2128/1 3198/2146/1
f 1131/2011/1 3167/2129/1 3200/2147/1
f 1132/2014/1 3169/2130/1 3201/2148/1
f 1133/2017/1 3171/2131/1 3202/2149/1
f 1134/2020/1 3173/2132/1 3203/2150/1
f 1135/2023/1 3175/2133/1 3204/2151/1
f 1136/2026/2 3205/2152/2 3177/2134/2
f 1137/2029/2 3206/2153/2 3179/2135/2
f 1138/2032/2 3207/2154/2 3181/2136/2
f 1139/2035/2 3208/2155/2 3183/2137/2
f 1140/2038/2 3210/2156/2 3185/2138/2
f 1141/2041/2 3211/2157/2 3187/2139/2
f 1142/2044/2 3212/2158/2 3189/2140/2
f 1143/2047/2 3213/2159/2 3191/2141/2
f 1144/2050/2 3214/2160/2 3193/2142/2
f 1127/1999/1 3195/2143/1 3215/2161/1
f 1128/2002/1 3196/2144/1 3216/2162/1
f 1129/2005/1 3197/2145/1 3218/2163/1
f 1130/2008/1 3198/2146/1 3220/2164/1
f 1131/2011/1 3200/2147/1 3222/2165/1
f 1132/2014/1 3201/2148/1 3223/2166/1
f 1133/2017/1 3202/2149/1 3224/2167/1
f 1134/2020/1 3203/2150/1 3225/2168/1
f 1135/2023/1 3204/2151/1 3226/2169/1
f 1136/2026/2 3227/2170/2 3205/2152/2
f 1137/2029/2 3228/2171/2 3206/2153/2
f 1138/2032/2 3230/2172/2 3207/2154/2
f 1139/2035/2 3232/2173/2 3208/2155/2
f 1140/2038/2 3234/2174/2 3210/2156/2
f 1141/2041/2 3235/2175/2 3211/2157/2
f 1142/2044/2 3236/2176/2 3212/2158/2
f 1143/2047/2 3237/2177/2 3213/2159/2
f 1144/2050/2 3238/2178/2 3214/2160/2
f 1127/1999/1 3215/2161/1 3239/2179/1
f 1128/2002/1 3216/2162/1 3240/2180/1
f 1129/2005/1 3218/2163/1 3241/2181/1
f 1130/2008/1 3220/2164/1 3242/2182/1
f 1131/2011/1 3222/2165/1 3243/2183/1
f 1132/2014/1 3223/2166/1 3245/2184/1
f 1133/2017/1 3224/2167/1 3247/2185/1
f 1134/2020/1 3225/2168/1 3249/2186/1
f 1135/2023/1 3226/2169/1 3251/2187/1
f 1136/2026/2 3253/2188/2 3227/2170/2
f 1137/2029/2 3254/2189/2 3228/2171/2
f 1138/2032/2 3255/2190/2 3230/2172/2
f 1139/2035/2 3256/2191/2 3232/2173/2
f 1140/2038/2 3257/2192/2 3234/2174/2
f 1141/2041/2 3259/2193/2 3235/2175/2
f 1142/2044/2 3261/2194/2 3236/2176/2
f 1143/2047/2 3263/2195/2 3237/2177/2
f 1144/2050/2 3265/2196/2 3238/2178/2
f 1127/1999/1 3239/2179/1 3267/2197/1
f 1128/2002/1 3240/2180/1 3269/2198/1
f 1129/2005/1 3241/2181/1 3271/2199/1
f 1130/2008/1 3242/2182/1 3273/2200/1
f 1131/2011/1 3243/2183/1 3275/2201/1
f 1132/2014/1 3245/2184/1 3276/2202/1
f 1133/2017/1 3247/2185/1 3277/2203/1
f 1134/2020/1 3249/2186/1 3278/2204/1
f 1135/2023/1 3251/2187/1 3279/2205/1
f 1136/2026/2 3280/2206/2 3253/2188/2
f 1137/2029/2 3282/2207/2 3254/2189/2
f 1138/2032/2 3284/2208/2 3255/2190/2
f 1139/2035/2 3286/2209/2 3256/2191/2
f 1140/2038/2 3288/2210/2 3257/2192/2
f 1141/2041/2 3289/2211/2 3259/2193/2
f 1142/2044/2 3290/2212/2 3261/2194/2
f 1143/2047/2 3291/2213/2 3263/2195/2
f 1144/2050/2 3292/2214/2 3265/2196/2
f 1127/1999/1 3267/2197/1 3293/2215/1
f 1128/2002/1 3269/2198/1 3295/2216/1
f 1129/2005/1 3271/2199/1 3297/2217/1
f 1130/2008/1 3273/2200/1 3298/2218/1
f 1131/2011/1 3275/2201/1 3299/2219/1
f 1132/2014/1 3276/2202/1 3300/2220/1
f 1133/2017/1 3277/2203/1 3301/2221/1
f 1134/2020/1 3278/2204/1 3302/2222/1
f 1135/2023/1 3279/2205/1 3303/2223/1
f 1136/2026/2 3304/2224/2 3280/2206/2
f 1137/2029/2 3306/2225/2 3282/2207/2
f 1138/2032/2 3308/2226/2 3284/2208/2
f 1139/2035/2 3309/2227/2 3286/2209/2
f 1140/2038/2 3310/2228/2 3288/2210/2
f 1141/2041/2 3311/2229/2 3289/2211/2
f 1142/2044/2 3312/2230/2 3290/2212/2
f 1143/2047/2 3313/2231/2 3291/2213/2
f 1144/2050/2 3314/2232/2 3292/2214/2
f 3293/2215/1 3013/2000/1 1127/1999/1
f 3295/2216/1 3016/2003/1 1128/2002/1
f 3297/2217/1 3019/2006/1 1129/2005/1
f 3298/2218/1 3022/2009/1 1130/2008/1
f 3299/2219/1 3025/2012/1 1131/2011/1
f 3300/2220/1 3028/2015/1 1132/2014/1
f 3301/2221/1 3031/2018/1 1133/2017/1
f 3302/2222/1 3034/2021/1 1134/2020/1
f 3303/2223/1 3037/2024/1 1135/2023/1
f 1136/2026/2 3040/2028/2 3304/2224/2
f 1137/2029/2 3043/2031/2 3306/2225/2
f 1138/2032/2 3046/2034/2 3308/2226/2
f 1139/2035/2 3049/2037/2 3309/2227/2
f 1140/2038/2 3052/2040/2 3310/2228/2
f 1141/2041/2 3055/2043/2 3311/2229/2
f 1142/2044/2 3058/2046/2 3312/2230/2
f 1143/2047/2 3061/2049/2 3313/2231/2
f 1144/2050/2 3064/2052/2 3314/2232/2
f 3014/2233/18 3041/2234/18 1028/2235/19 920/2236/19
f 3017/2237/18 3044/2238/18 1029/2239/19 921/2240/19
f 3020/2241/18 3047/2242/18 1030/2243/19 922/2244/19
f 3023/2245/18 3050/2246/18 1031/2247/19 923/2248/19
f 3026/2249/18 3053/2250/18 1032/2251/19 924/2252/19
f 3029/2253/18 3056/2254/18 1033/2255/19 925/2256/19
f 3032/2257/18 3059/2258/18 1034/2259/19 926/2260/19
f 3035/2261/18 3062/2262/18 1035/2263/19 927/2264/19
f 3038/2265/18 3065/2266/18 1036/2267/19 928/2268/19
f 920/2236/19 1028/2235/19 1037/2269/20 929/2270/20
f 921/2240/19 1029/2239/19 1038/2271/20 930/2272/20
f 922/2244/19 1030/2243/19 1039/2273/20 931/2274/20
f 923/2248/19 1031/2247/19 1040/2275/20 932/2276/20
f 924/2252/19 1032/2251/19 1041/2277/20 933/2278/20
f 925/2256/19 1033/2255/19 1042/2279/20 934/2280/20
f 926/2260/19 1034/2259/19 1043/2281/20 935/2282/20
f 927/2264/19 1035/2263/19 1044/2283/20 936/2284/20
f 928/2268/19 1036/2267/19 1045/2285/20 937/2286/20
f 929/2287/20 1037/2288/20 1046/2289/37 938/2290/37
f 930/2291/20 1038/2292/20 3104/2293/22 3087/2294/22
f 931/2295/20 1039/2296/20 3106/2297/22 3089/2298/22
f 932/2299/20 1040/2300/20 3108/2301/22 3091/2302/22
f 933/2303/20 1041/2304/20 3110/2305/22 3093/2306/22
f 934/2307/20 1042/2308/20 3112/2309/22 3095/2310/22
f 935/2311/20 1043/2312/20 3114/2313/22 3097/2314/22
f 936/2315/20 1044/2316/20 3116/2317/22 3099/2318/22
f 937/2319/20 1045/2320/20 3118/2321/22 3101/2322/22
f 938/2290/37 1046/2289/37 1055/2323/4 947/2324/4
f 939/2294/3 1047/2293/3 1056/2325/4 948/2326/4
f 940/2298/3 1048/2297/3 1057/2327/4 949/2328/4
f 941/2302/3 1049/2301/3 1058/2329/4 950/2330/4
f 942/2306/3 1050/2305/3 1059/2331/4 951/2332/4
f 943/2310/3 1051/2309/3 1060/2333/4 952/2334/4
f 944/2314/3 1052/2313/3 1061/2335/4 953/2336/4
f 945/2318/3 1053/2317/3 1062/2337/4 954/2338/4
f 946/2322/3 1054/2321/3 1063/2339/4 955/2340/4
f 947/2341/4 1055/2342/4 3149/2343/38 3138/2344/38
f 948/2345/4 1056/2346/4 3151/2347/38 3140/2348/38
f 949/2349/4 1057/2350/4 1066/2351/5 958/2352/5
f 950/2353/4 1058/2354/4 1067/2355/5 959/2356/5
f 951/2357/4 1059/2358/4 1068/2359/5 960/2360/5
f 952/2361/4 1060/2362/4 1069/2363/5 961/2364/5
f 953/2365/4 1061/2366/4 1070/2367/5 962/2368/5
f 954/2369/4 1062/2370/4 1071/2371/5 963/2372/5
f 955/2373/4 1063/2374/4 1072/2375/5 964/2376/5
f 956/2344/6 1064/2343/6 3178/2377/6 3160/2378/6
f 957/2348/6 1065/2347/6 3180/2379/6 3162/2380/6
f 958/2352/5 1066/2351/5 3182/2381/6 3164/2382/6
f 959/2356/5 1067/2355/5 3184/2383/6 3166/2384/6
f 960/2360/5 1068/2359/5 3186/2385/6 3168/2386/6
f 961/2364/5 1069/2363/5 3188/2387/6 3170/2388/6
f 962/2368/5 1070/2367/5 3190/2389/6 3172/2390/6
f 963/2372/5 1071/2371/5 3192/2391/6 3174/2392/6
f 964/2376/5 1072/2375/5 3194/2393/6 3176/2394/6
f 965/2378/7 1073/2377/7 1082/2395/8 974/2396/8
f 966/2380/7 1074/2379/7 1083/2397/8 975/2398/8
f 967/2382/7 1075/2381/7 1084/2399/8 976/2400/8
f 968/2384/7 1076/2383/7 3209/2401/7 3199/2402/7
f 969/2386/7 1077/2385/7 1086/2403/8 978/2404/8
f 970/2388/7 1078/2387/7 1087/2405/8 979/2406/8
f 971/2390/7 1079/2389/7 1088/2407/8 980/2408/8
f 972/2392/7 1080/2391/7 1089/2409/8 981/2410/8
f 973/2394/7 1081/2393/7 1090/2411/8 982/2412/8
f 974/2413/8 1082/2414/8 1091/2415/10 983/2416/10
f 975/2417/8 1083/2418/8 3229/2419/9 3217/2420/9
f 976/2421/8 1084/2422/8 3231/2423/9 3219/2424/9
f 977/2425/9 1085/2426/9 3233/2427/9 3221/2428/9
f 978/2429/8 1086/2430/8 1095/2431/10 987/2432/10
f 979/2433/8 1087/2434/8 1096/2435/10 988/2436/10
f 980/2437/8 1088/2438/8 1097/2439/10 989/2440/10
f 981/2441/8 1089/2442/8 1098/2443/10 990/2444/10
f 982/2445/8 1090/2446/8 1099/2447/10 991/2448/10
f 983/2416/10 1091/2415/10 1100/2449/39 992/2450/39
f 984/2420/11 1092/2419/11 1101/2451/39 993/2452/39
f 985/2424/11 1093/2423/11 1102/2453/39 994/2454/39
f 986/2428/11 1094/2427/11 1103/2455/39 995/2456/39
f 987/2432/10 1095/2431/10 3258/2457/11 3244/2458/11
f 988/2436/10 1096/2435/10 3260/2459/11 3246/2460/11
f 989/2440/10 1097/2439/10 3262/2461/11 3248/2462/11
f 990/2444/10 1098/2443/10 3264/2463/11 3250/2464/11
f 991/2448/10 1099/2447/10 3266/2465/11 3252/2466/11
f 992/2450/39 1100/2449/39 3281/2467/12 3268/2468/12
f 993/2452/39 1101/2451/39 3283/2469/12 3270/2470/12
f 994/2454/39 1102/2453/39 3285/2471/12 3272/2472/12
f 995/2456/39 1103/2455/39 3287/2473/12 3274/2474/12
f 996/2458/12 1104/2457/12 1113/2475/13 1005/2476/13
f 997/2460/12 1105/2459/12 1114/2477/13 1006/2478/13
f 998/2462/12 1106/2461/12 1115/2479/13 1007/2480/13
f 999/2464/12 1107/2463/12 1116/2481/13 1008/2482/13
f 1000/2466/12 1108/2465/12 1117/2483/13 1009/2484/13
f 1001/2468/15 1109/2467/15 3305/2485/15 3294/2486/15
f 1002/2470/15 1110/2469/15 3307/2487/15 3296/2488/15
f 1003/2472/15 1111/2471/15 1120/2489/14 1012/2490/14
f 1004/2474/15 1112/2473/15 1121/2491/14 1013/2492/14
f 1005/2476/13 1113/2475/13 1122/2493/14 1014/2494/14
f 1006/2478/13 1114/2477/13 1123/2495/14 1015/2496/14
f 1007/2480/13 1115/2479/13 1124/2497/14 1016/2498/14
f 1008/2482/13 1116/2481/13 1125/2499/14 1017/2500/14
f 1009/2484/13 1117/2483/13 1126/2501/14 1018/2502/14
f 1019/2234/16 911/2233/16 1010/2503/16 1118/2504/16
f 1020/2238/16 912/2237/16 1011/2505/16 1119/2506/16
f 1021/2242/16 913/2241/16 1012/2507/14 1120/2508/14
f 1022/2246/16 914/2245/16 1013/2509/14 1121/2510/14
f 1023/2250/16 915/2249/16 1014/2511/14 1122/2512/14
f 1024/2254/16 916/2253/16 1015/2513/14 1123/2514/14
f 1025/2258/16 917/2257/16 1016/2515/14 1124/2516/14
f 1026/2262/16 918/2261/16 1017/2517/14 1125/2518/14
f 1027/2266/16 919/2265/16 1018/2519/14 1126/2520/14
f 3508/2521/2 3524/2522/2 3523/2523/40 3507/2524/40
f 3510/2525/2 3526/2526/2 3525/2527/40 3509/2528/40
f 3512/2529/2 3528/2530/2 3527/2531/40 3511/2532/40
f 3514/2533/2 3530/2534/2 3529/2535/40 3513/2536/40
f 3516/2537/2 3532/2538/2 3531/2539/40 3515/2540/40
f 3518/2541/2 3534/2542/2 3533/2543/40 3517/2544/40
f 3520/2545/2 3536/2546/2 3535/2547/40 3519/2548/40
f 3522/2549/2 3538/2550/2 3537/2551/40 3521/2552/40
f 3317/2553/41 3315/2554/41 3507/2524/40 3523/2523/40
f 3321/2555/41 3319/2556/41 3509/2528/40 3525/2527/40
f 3325/2557/41 3323/2558/41 3511/2532/40 3527/2531/40
f 3329/2559/41 3327/2560/41 3513/2536/40 3529/2535/40
f 3333/2561/41 3331/2562/41 3515/2540/40 3531/2539/40
f 3337/2563/41 3335/2564/41 3517/2544/40 3533/2543/40
f 3341/2565/41 3339/2566/41 3519/2548/40 3535/2547/40
f 3345/2567/41 3343/2568/41 3521/2552/40 3537/2551/40
f 3349/2569/43 3347/2570/43 1170/2571/43 1267/2572/43
f 3353/2573/43 3351/2574/43 1171/2575/43 1268/2576/43
f 3357/2577/43 3355/2578/43 1172/2579/43 1269/2580/43
f 3361/2581/43 3359/2582/43 1173/2583/43 1270/2584/43
f 3365/2585/43 3363/2586/43 1174/2587/43 1271/2588/43
f 3369/2589/43 3367/2590/43 1175/2591/43 1272/2592/43
f 3373/2593/43 3371/2594/43 1176/2595/43 1273/2596/43
f 3377/2597/43 3375/2598/43 1177/2599/43 1274/2600/43
f 3381/2601/45 3379/2602/45 1178/2570/45 1276/2569/45
f 3385/2603/45 3383/2604/45 1179/2574/45 1277/2573/45
f 3389/2605/45 3387/2606/45 1180/2578/45 1278/2577/45
f 3393/2607/45 3391/2608/45 1181/2582/45 1279/2581/45
f 3397/2609/45 3395/2610/45 1182/2586/45 1280/2585/45
f 3401/2611/45 3399/2612/45 1183/2590/45 1281/2589/45
f 3405/2613/45 3403/2614/45 1184/2594/45 1282/2593/45
f 3409/2615/45 3407/2616/45 1185/2598/45 1283/2597/45
f 3547/2617/47 3539/2618/47 1186/2619/49 1285/2620/49
f 3548/2621/47 3540/2622/47 1187/2623/48 1286/2624/49
f 3549/2625/47 3541/2626/47 1188/2627/49 1287/2628/49
f 3550/2629/47 3542/2630/47 1189/2631/49 1288/2632/49
f 3551/2633/47 3543/2634/47 1190/2635/49 1289/2636/49
f 3552/2637/47 3544/2638/47 1191/2639/48 1290/2640/49
f 3553/2641/47 3545/2642/47 1192/2643/48 1291/2644/48
f 3554/2645/47 3546/2646/47 1193/2647/48 1292/2648/48
f 3563/2649/1 3555/2650/1 3539/2618/47 3547/2617/47
f 3564/2651/1 3556/2652/1 3540/2622/47 3548/2621/47
f 3565/2653/1 3557/2654/1 3541/2626/47 3549/2625/47
f 3566/2655/1 3558/2656/1 3542/2630/47 3550/2629/47
f 3567/2657/1 3559/2658/1 3543/2634/47 3551/2633/47
f 3568/2659/1 3560/2660/1 3544/2638/47 3552/2637/47
f 3569/2661/1 3561/2662/1 3545/2642/47 3553/2641/47
f 3570/2663/1 3562/2664/1 3546/2646/47 3554/2645/47
f 3579/2665/50 3571/2666/50 3555/2650/1 3563/2649/1
f 3580/2667/50 3572/2668/50 3556/2652/1 3564/2651/1
f 3581/2669/50 3573/2670/50 3557/2654/1 3565/2653/1
f 3582/2671/50 3574/2672/50 3558/2656/1 3566/2655/1
f 3583/2673/50 3575/2674/50 3559/2658/1 3567/2657/1
f 3584/2675/50 3576/2676/50 3560/2660/1 3568/2659/1
f 3585/2677/50 3577/2678/50 3561/2662/1 3569/2661/1
f 3586/2679/50 3578/2680/50 3562/2664/1 3570/2663/1
f 3413/2681/51 3411/2682/51 3571/2666/50 3579/2665/50
f 3417/2683/51 3415/2684/51 3572/2668/50 3580/2667/50
f 3421/2685/51 3419/2686/51 3573/2670/50 3581/2669/50
f 3425/2687/51 3423/2688/51 3574/2672/50 3582/2671/50
f 3429/2689/51 3427/2690/51 3575/2674/50 3583/2673/50
f 3433/2691/51 3431/2692/51 3576/2676/50 3584/2675/50
f 3437/2693/51 3435/2694/51 3577/2678/50 3585/2677/50
f 3441/2695/51 3439/2696/51 3578/2680/50 3586/2679/50
f 3445/2697/53 3443/2698/53 1218/2699/53 1321/2700/53
f 3449/2701/53 3447/2702/53 1219/2703/53 1322/2704/53
f 3453/2705/53 3451/2706/53 1220/2707/53 1323/2708/53
f 3457/2709/53 3455/2710/53 1221/2711/53 1324/2712/53
f 3461/2713/53 3459/2714/53 1222/2715/53 1325/2716/53
f 3465/2717/53 3463/2718/53 1223/2719/53 1326/2720/53
f 3469/2721/53 3467/2722/53 1224/2723/53 1327/2724/53
f 3473/2725/53 3471/2726/53 1225/2727/53 1328/2728/53
f 3477/2729/54 3475/2730/54 1226/2698/54 1330/2697/54
f 3481/2731/54 3479/2732/54 1227/2702/54 1331/2701/54
f 3485/2733/54 3483/2734/54 1228/2706/54 1332/2705/54
f 3489/2735/54 3487/2736/54 1229/2710/54 1333/2709/54
f 3493/2737/54 3491/2738/54 1230/2714/54 1334/2713/54
f 3497/2739/54 3495/2740/54 1231/2718/54 1335/2717/54
f 3501/2741/54 3499/2742/54 1232/2722/54 1336/2721/54
f 3505/2743/54 3503/2744/54 1233/2726/54 1337/2725/54
f 3595/2745/55 3587/2746/55 1234/2747/56 1339/2748/56
f 3596/2749/55 3588/2750/55 1235/2751/56 1340/2752/56
f 3597/2753/55 3589/2754/55 1236/2755/56 1341/2756/56
f 3598/2757/55 3590/2758/55 1237/2759/56 1342/2760/56
f 3599/2761/55 3591/2762/55 1238/2763/56 1343/2764/56
f 3600/2765/55 3592/2766/55 1239/2767/56 1344/2768/56
f 3601/2769/55 3593/2770/55 1240/2771/56 1345/2772/56
f 3602/2773/55 3594/2774/55 1241/2775/56 1346/2776/56
f 3524/2522/2 3508/2521/2 3587/2746/55 3595/2745/55
f 3526/2526/2 3510/2525/2 3588/2750/55 3596/2749/55
f 3528/2530/2 3512/2529/2 3589/2754/55 3597/2753/55
f 3530/2534/2 3514/2533/2 3590/2758/55 3598/2757/55
f 3532/2538/2 3516/2537/2 3591/2762/55 3599/2761/55
f 3534/2542/2 3518/2541/2 3592/2766/55 3600/2765/55
f 3536/2546/2 3520/2545/2 3593/2770/55 3601/2769/55
f 3538/2550/2 3522/2549/2 3594/2774/55 3602/2773/55
f 1145/2777/37 1250/2778/37 1162/2779/37
f 1146/2780/37 1251/2781/37 1163/2782/37
f 1147/2783/37 1252/2784/37 1164/2785/37
f 1148/2786/37 1253/2787/37 1165/2788/37
f 1149/2789/37 1254/2790/37 1166/2791/37
f 1150/2792/37 1255/2793/37 1167/2794/37
f 1151/2795/37 1256/2796/37 1168/2797/37
f 1152/2798/37 1257/2799/37 1169/2800/37
f 1258/2801/39 1357/2802/39 1153/2803/39
f 1259/2804/39 1358/2805/39 1154/2806/39
f 1260/2807/39 1359/2808/39 1155/2809/39
f 1261/2810/39 1360/2811/39 1156/2812/39
f 1262/2813/39 1361/2814/39 1157/2815/39
f 1263/2816/39 1362/2817/39 1158/2818/39
f 1264/2819/39 1363/2820/39 1159/2821/39
f 1265/2822/39 1364/2823/39 1160/2824/39
f 1266/2825/39 1365/2826/39 1161/2827/39
f 1145/2777/37 1162/2779/37 3316/2828/37
f 1146/2780/37 1163/2782/37 3320/2829/37
f 1147/2783/37 1164/2785/37 3324/2830/37
f 1148/2786/37 1165/2788/37 3328/2831/37
f 1149/2789/37 1166/2791/37 3332/2832/37
f 1150/2792/37 1167/2794/37 3336/2833/37
f 1151/2795/37 1168/2797/37 3340/2834/37
f 1152/2798/37 1169/2800/37 3344/2835/37
f 1153/2803/39 3318/2836/39 1258/2801/39
f 1154/2806/39 3322/2837/39 1259/2804/39
f 1155/2809/39 3326/2838/39 1260/2807/39
f 1156/2812/39 3330/2839/39 1261/2810/39
f 1157/2815/39 3334/2840/39 1262/2813/39
f 1158/2818/39 3338/2841/39 1263/2816/39
f 1159/2821/39 3342/2842/39 1264/2819/39
f 1160/2824/39 3346/2843/39 1265/2822/39
f 1161/2827/39 1275/2844/39 1266/2825/39
f 1145/2777/37 3316/2828/37 3348/2845/37
f 1146/2780/37 3320/2829/37 3352/2846/37
f 1147/2783/37 3324/2830/37 3356/2847/37
f 1148/2786/37 3328/2831/37 3360/2848/37
f 1149/2789/37 3332/2832/37 3364/2849/37
f 1150/2792/37 3336/2833/37 3368/2850/37
f 1151/2795/37 3340/2834/37 3372/2851/37
f 1152/2798/37 3344/2835/37 3376/2852/37
f 1153/2803/39 3350/2853/39 3318/2836/39
f 1154/2806/39 3354/2854/39 3322/2837/39
f 1155/2809/39 3358/2855/39 3326/2838/39
f 1156/2812/39 3362/2856/39 3330/2839/39
f 1157/2815/39 3366/2857/39 3334/2840/39
f 1158/2818/39 3370/2858/39 3338/2841/39
f 1159/2821/39 3374/2859/39 3342/2842/39
f 1160/2824/39 3378/2860/39 3346/2843/39
f 1161/2827/39 1284/2861/39 1275/2844/39
f 1145/2777/37 3348/2845/37 3380/2862/37
f 1146/2780/37 3352/2846/37 3384/2863/37
f 1147/2783/37 3356/2847/37 3388/2864/37
f 1148/2786/37 3360/2848/37 3392/2865/37
f 1149/2789/37 3364/2849/37 3396/2866/37
f 1150/2792/37 3368/2850/37 3400/2867/37
f 1151/2795/37 3372/2851/37 3404/2868/37
f 1152/2798/37 3376/2852/37 3408/2869/37
f 1153/2803/39 3382/2870/39 3350/2853/39
f 1154/2806/39 3386/2871/39 3354/2854/39
f 1155/2809/39 3390/2872/39 3358/2855/39
f 1156/2812/39 3394/2873/39 3362/2856/39
f 1157/2815/39 3398/2874/39 3366/2857/39
f 1158/2818/39 3402/2875/39 3370/2858/39
f 1159/2821/39 3406/2876/39 3374/2859/39
f 1160/2824/39 3410/2877/39 3378/2860/39
f 1161/2827/39 1293/2878/39 1284/2861/39
f 1145/2777/37 3380/2862/37 1194/2879/37
f 1146/2780/37 3384/2863/37 1195/2880/37
f 1147/2783/37 3388/2864/37 1196/2881/37
f 1148/2786/37 3392/2865/37 1197/2882/37
f 1149/2789/37 3396/2866/37 1198/2883/37
f 1150/2792/37 3400/2867/37 1199/2884/37
f 1151/2795/37 3404/2868/37 1200/2885/37
f 1152/2798/37 3408/2869/37 1201/2886/37
f 1153/2803/39 1294/2887/39 3382/2870/39
f 1154/2806/39 1295/2888/39 3386/2871/39
f 1155/2809/39 1296/2889/39 3390/2872/39
f 1156/2812/39 1297/2890/39 3394/2873/39
f 1157/2815/39 1298/2891/39 3398/2874/39
f 1158/2818/39 1299/2892/39 3402/2875/39
f 1159/2821/39 1300/2893/39 3406/2876/39
f 1160/2824/39 1301/2894/39 3410/2877/39
f 1161/2827/39 1302/2895/39 1293/2878/39
f 1145/2777/37 1194/2879/37 1202/2896/37
f 1146/2780/37 1195/2880/37 1203/2897/37
f 1147/2783/37 1196/2881/37 1204/2898/37
f 1148/2786/37 1197/2882/37 1205/2899/37
f 1149/2789/37 1198/2883/37 1206/2900/37
f 1150/2792/37 1199/2884/37 1207/2901/37
f 1151/2795/37 1200/2885/37 1208/2902/37
f 1152/2798/37 1201/2886/37 1209/2903/37
f 1153/2803/39 1303/2904/39 1294/2887/39
f 1154/2806/39 1304/2905/39 1295/2888/39
f 1155/2809/39 1305/2906/39 1296/2889/39
f 1156/2812/39 1306/2907/39 1297/2890/39
f 1157/2815/39 1307/2908/39 1298/2891/39
f 1158/2818/39 1308/2909/39 1299/2892/39
f 1159/2821/39 1309/2910/39 1300/2893/39
f 1160/2824/39 1310/2911/39 1301/2894/39
f 1161/2827/39 1311/2912/39 1302/2895/39
f 1145/2777/37 1202/2896/37 1210/2913/37
f 1146/2780/37 1203/2897/37 1211/2914/37
f 1147/2783/37 1204/2898/37 1212/2915/37
f 1148/2786/37 1205/2899/37 1213/2916/37
f 1149/2789/37 1206/2900/37 1214/2917/37
f 1150/2792/37 1207/2901/37 1215/2918/37
f 1151/2795/37 1208/2902/37 1216/2919/37
f 1152/2798/37 1209/2903/37 1217/2920/37
f 1153/2803/39 1312/2921/39 1303/2904/39
f 1154/2806/39 1313/2922/39 1304/2905/39
f 1155/2809/39 1314/2923/39 1305/2906/39
f 1156/2812/39 1315/2924/39 1306/2907/39
f 1157/2815/39 1316/2925/39 1307/2908/39
f 1158/2818/39 1317/2926/39 1308/2909/39
f 1159/2821/39 1318/2927/39 1309/2910/39
f 1160/2824/39 1319/2928/39 1310/2911/39
f 1161/2827/39 1320/2929/39 1311/2912/39
f 1145/2777/37 1210/2913/37 3412/2930/37
f 1146/2780/37 1211/2914/37 3416/2931/37
f 1147/2783/37 1212/2915/37 3420/2932/37
f 1148/2786/37 1213/2916/37 3424/2933/37
f 1149/2789/37 1214/2917/37 3428/2934/37
f 1150/2792/37 1215/2918/37 3432/2935/37
f 1151/2795/37 1216/2919/37 3436/2936/37
f 1152/2798/37 1217/2920/37 3440/2937/37
f 1153/2803/39 3414/2938/39 1312/2921/39
f 1154/2806/39 3418/2939/39 1313/2922/39
f 1155/2809/39 3422/2940/39 1314/2923/39
f 1156/2812/39 3426/2941/39 1315/2924/39
f 1157/2815/39 3430/2942/39 1316/2925/39
f 1158/2818/39 3434/2943/39 1317/2926/39
f 1159/2821/39 3438/2944/39 1318/2927/39
f 1160/2824/39 3442/2945/39 1319/2928/39
f 1161/2827/39 1329/2946/39 1320/2929/39
f 1145/2777/37 3412/2930/37 3444/2947/37
f 1146/2780/37 3416/2931/37 3448/2948/37
f 1147/2783/37 3420/2932/37 3452/2949/37
f 1148/2786/37 3424/2933/37 3456/2950/37
f 1149/2789/37 3428/2934/37 3460/2951/37
f 1150/2792/37 3432/2935/37 3464/2952/37
f 1151/2795/37 3436/2936/37 3468/2953/37
f 1152/2798/37 3440/2937/37 3472/2954/37
f 1153/2803/39 3446/2955/39 3414/2938/39
f 1154/2806/39 3450/2956/39 3418/2939/39
f 1155/2809/39 3454/2957/39 3422/2940/39
f 1156/2812/39 3458/2958/39 3426/2941/39
f 1157/2815/39 3462/2959/39 3430/2942/39
f 1158/2818/39 3466/2960/39 3434/2943/39
f 1159/2821/39 3470/2961/39 3438/2944/39
f 1160/2824/39 3474/2962/39 3442/2945/39
f 1161/2827/39 1338/2963/39 1329/2946/39
f 1145/2777/37 3444/2947/37 3476/2964/37
f 1146/2780/37 3448/2948/37 3480/2965/37
f 1147/2783/37 3452/2949/37 3484/2966/37
f 1148/2786/37 3456/2950/37 3488/2967/37
f 1149/2789/37 3460/2951/37 3492/2968/37
f 1150/2792/37 3464/2952/37 3496/2969/37
f 1151/2795/37 3468/2953/37 3500/2970/37
f 1152/2798/37 3472/2954/37 3504/2971/37
f 1153/2803/39 3478/2972/39 3446/2955/39
f 1154/2806/39 3482/2973/39 3450/2956/39
f 1155/2809/39 3486/2974/39 3454/2957/39
f 1156/2812/39 3490/2975/39 3458/2958/39
f 1157/2815/39 3494/2976/39 3462/2959/39
f 1158/2818/39 3498/2977/39 3466/2960/39
f 1159/2821/39 3502/2978/39 3470/2961/39
f 1160/2824/39 3506/2979/39 3474/2962/39
f 1161/2827/39 1347/2980/39 1338/2963/39
f 1145/2777/37 3476/2964/37 1242/2981/37
f 1146/2780/37 3480/2965/37 1243/2982/37
f 1147/2783/37 3484/2966/37 1244/2983/37
f 1148/2786/37 3488/2967/37 1245/2984/37
f 1149/2789/37 3492/2968/37 1246/2985/37
f 1150/2792/37 3496/2969/37 1247/2986/37
f 1151/2795/37 3500/2970/37 1248/2987/37
f 1152/2798/37 3504/2971/37 1249/2988/37
f 1153/2803/39 1348/2989/39 3478/2972/39
f 1154/2806/39 1349/2990/39 3482/2973/39
f 1155/2809/39 1350/2991/39 3486/2974/39
f 1156/2812/39 1351/2992/39 3490/2975/39
f 1157/2815/39 1352/2993/39 3494/2976/39
f 1158/2818/39 1353/2994/39 3498/2977/39
f 1159/2821/39 1354/2995/39 3502/2978/39
f 1160/2824/39 1355/2996/39 3506/2979/39
f 1161/2827/39 1356/2997/39 1347/2980/39
f 1145/2777/37 1242/2981/37 1250/2778/37
f 1146/2780/37 1243/2982/37 1251/2781/37
f 1147/2783/37 1244/2983/37 1252/2784/37
f 1148/2786/37 1245/2984/37 1253/2787/37
f 1149/2789/37 1246/2985/37 1254/2790/37
f 1150/2792/37 1247/2986/37 1255/2793/37
f 1151/2795/37 1248/2987/37 1256/2796/37
f 1152/2798/37 1249/2988/37 1257/2799/37
f 1153/2803/39 1357/2802/39 1348/2989/39
f 1154/2806/39 1358/2805/39 1349/2990/39
f 1155/2809/39 1359/2808/39 1350/2991/39
f 1156/2812/39 1360/2811/39 1351/2992/39
f 1157/2815/39 1361/2814/39 1352/2993/39
f 1158/2818/39 1362/2817/39 1353/2994/39
f 1159/2821/39 1363/2820/39 1354/2995/39
f 1160/2824/39 1364/2823/39 1355/2996/39
f 1161/2827/39 1365/2826/39 1356/2997/39
f 1582/2998/1 3603/2999/1 3605/3000/1
f 1583/3001/1 3606/3002/1 3607/3003/1
f 1584/3004/1 3608/3005/1 3609/3006/1
f 1585/3007/1 3611/3008/1 3612/3009/1
f 1586/3010/1 3614/3011/1 3615/3012/1
f 1587/3013/1 3617/3014/1 3618/3015/1
f 1588/3016/1 3620/3017/1 3621/3018/1
f 1589/3019/1 3623/3020/1 3624/3021/1
f 1590/3022/1 3626/3023/1 3627/3024/1
f 1591/3025/2 3631/3026/2 3629/3027/2
f 1592/3028/2 3633/3029/2 3632/3030/2
f 1593/3031/2 3635/3032/2 3634/3033/2
f 1594/3034/2 3638/3035/2 3637/3036/2
f 1595/3037/2 3641/3038/2 3640/3039/2
f 1596/3040/2 3644/3041/2 3643/3042/2
f 1597/3043/2 3647/3044/2 3646/3045/2
f 1598/3046/2 3650/3047/2 3649/3048/2
f 1599/3049/2 3653/3050/2 3652/3051/2
f 1582/2998/1 3605/3000/1 3655/3052/1
f 1583/3001/1 3607/3003/1 3657/3053/1
f 1584/3004/1 3609/3006/1 3659/3054/1
f 1585/3007/1 3612/3009/1 3661/3055/1
f 1586/3010/1 3615/3012/1 3663/3056/1
f 1587/3013/1 3618/3015/1 3665/3057/1
f 1588/3016/1 3621/3018/1 3667/3058/1
f 1589/3019/1 3624/3021/1 3669/3059/1
f 1590/3022/1 3627/3024/1 3671/3060/1
f 1591/3025/2 3673/3061/2 3631/3026/2
f 1592/3028/2 3675/3062/2 3633/3029/2
f 1593/3031/2 3677/3063/2 3635/3032/2
f 1594/3034/2 3679/3064/2 3638/3035/2
f 1595/3037/2 3681/3065/2 3641/3038/2
f 1596/3040/2 3683/3066/2 3644/3041/2
f 1597/3043/2 3685/3067/2 3647/3044/2
f 1598/3046/2 3687/3068/2 3650/3047/2
f 1599/3049/2 3689/3069/2 3653/3050/2
f 1582/2998/1 3655/3052/1 3691/3070/1
f 1583/3001/1 3657/3053/1 3693/3071/1
f 1584/3004/1 3659/3054/1 3695/3072/1
f 1585/3007/1 3661/3055/1 3697/3073/1
f 1586/3010/1 3663/3056/1 3699/3074/1
f 1587/3013/1 3665/3057/1 3701/3075/1
f 1588/3016/1 3667/3058/1 3703/3076/1
f 1589/3019/1 3669/3059/1 3705/3077/1
f 1590/3022/1 3671/3060/1 3707/3078/1
f 1591/3025/2 3709/3079/2 3673/3061/2
f 1592/3028/2 3711/3080/2 3675/3062/2
f 1593/3031/2 3713/3081/2 3677/3063/2
f 1594/3034/2 3715/3082/2 3679/3064/2
f 1595/3037/2 3717/3083/2 3681/3065/2
f 1596/3040/2 3719/3084/2 3683/3066/2
f 1597/3043/2 3721/3085/2 3685/3067/2
f 1598/3046/2 3723/3086/2 3687/3068/2
f 1599/3049/2 3725/3087/2 3689/3069/2
f 1582/2998/1 3691/3070/1 3727/3088/1
f 1583/3001/1 3693/3071/1 3728/3089/1
f 1584/3004/1 3695/3072/1 3730/3090/1
f 1585/3007/1 3697/3073/1 3732/3091/1
f 1586/3010/1 3699/3074/1 3734/3092/1
f 1587/3013/1 3701/3075/1 3736/3093/1
f 1588/3016/1 3703/3076/1 3738/3094/1
f 1589/3019/1 3705/3077/1 3740/3095/1
f 1590/3022/1 3707/3078/1 3742/3096/1
f 1591/3025/2 3744/3097/2 3709/3079/2
f 1592/3028/2 3745/3098/2 3711/3080/2
f 1593/3031/2 3747/3099/2 3713/3081/2
f 1594/3034/2 3749/3100/2 3715/3082/2
f 1595/3037/2 3751/3101/2 3717/3083/2
f 1596/3040/2 3753/3102/2 3719/3084/2
f 1597/3043/2 3755/3103/2 3721/3085/2
f 1598/3046/2 3757/3104/2 3723/3086/2
f 1599/3049/2 3759/3105/2 3725/3087/2
f 1582/2998/1 3727/3088/1 3761/3106/1
f 1583/3001/1 3728/3089/1 3763/3107/1
f 1584/3004/1 3730/3090/1 3764/3108/1
f 1585/3007/1 3732/3091/1 3765/3109/1
f 1586/3010/1 3734/3092/1 3766/3110/1
f 1587/3013/1 3736/3093/1 3767/3111/1
f 1588/3016/1 3738/3094/1 3768/3112/1
f 1589/3019/1 3740/3095/1 3769/3113/1
f 1590/3022/1 3742/3096/1 3770/3114/1
f 1591/3025/2 3771/3115/2 3744/3097/2
f 1592/3028/2 3773/3116/2 3745/3098/2
f 1593/3031/2 3774/3117/2 3747/3099/2
f 1594/3034/2 3775/3118/2 3749/3100/2
f 1595/3037/2 3776/3119/2 3751/3101/2
f 1596/3040/2 3777/3120/2 3753/3102/2
f 1597/3043/2 3778/3121/2 3755/3103/2
f 1598/3046/2 3779/3122/2 3757/3104/2
f 1599/3049/2 3780/3123/2 3759/3105/2
f 1582/2998/1 3761/3106/1 3781/3124/1
f 1583/3001/1 3763/3107/1 3782/3125/1
f 1584/3004/1 3764/3108/1 3784/3126/1
f 1585/3007/1 3765/3109/1 3786/3127/1
f 1586/3010/1 3766/3110/1 3787/3128/1
f 1587/3013/1 3767/3111/1 3788/3129/1
f 1588/3016/1 3768/3112/1 3789/3130/1
f 1589/3019/1 3769/3113/1 3790/3131/1
f 1590/3022/1 3770/3114/1 3791/3132/1
f 1591/3025/2 3792/3133/2 3771/3115/2
f 1592/3028/2 3793/3134/2 3773/3116/2
f 1593/3031/2 3795/3135/2 3774/3117/2
f 1594/3034/2 3797/3136/2 3775/3118/2
f 1595/3037/2 3798/3137/2 3776/3119/2
f 1596/3040/2 3799/3138/2 3777/3120/2
f 1597/3043/2 3800/3139/2 3778/3121/2
f 1598/3046/2 3801/3140/2 3779/3122/2
f 1599/3049/2 3802/3141/2 3780/3123/2
f 1582/2998/1 3781/3124/1 3803/3142/1
f 1583/3001/1 3782/3125/1 3804/3143/1
f 1584/3004/1 3784/3126/1 3805/3144/1
f 1585/3007/1 3786/3127/1 3806/3145/1
f 1586/3010/1 3787/3128/1 3808/3146/1
f 1587/3013/1 3788/3129/1 3809/3147/1
f 1588/3016/1 3789/3130/1 3810/3148/1
f 1589/3019/1 3790/3131/1 3811/3149/1
f 1590/3022/1 3791/3132/1 3812/3150/1
f 1591/3025/2 3813/3151/2 3792/3133/2
f 1592/3028/2 3814/3152/2 3793/3134/2
f 1593/3031/2 3815/3153/2 3795/3135/2
f 1594/3034/2 3816/3154/2 3797/3136/2
f 1595/3037/2 3818/3155/2 3798/3137/2
f 1596/3040/2 3819/3156/2 3799/3138/2
f 1597/3043/2 3820/3157/2 3800/3139/2
f 1598/3046/2 3821/3158/2 3801/3140/2
f 1599/3049/2 3822/3159/2 3802/3141/2
f 1582/2998/1 3803/3142/1 3823/3160/1
f 1583/3001/1 3804/3143/1 3825/3161/1
f 1584/3004/1 3805/3144/1 3827/3162/1
f 1585/3007/1 3806/3145/1 3829/3163/1
f 1586/3010/1 3808/3146/1 3831/3164/1
f 1587/3013/1 3809/3147/1 3833/3165/1
f 1588/3016/1 3810/3148/1 3835/3166/1
f 1589/3019/1 3811/3149/1 3837/3167/1
f 1590/3022/1 3812/3150/1 3839/3168/1
f 1591/3025/2 3841/3169/2 3813/3151/2
f 1592/3028/2 3843/3170/2 3814/3152/2
f 1593/3031/2 3845/3171/2 3815/3153/2
f 1594/3034/2 3847/3172/2 3816/3154/2
f 1595/3037/2 3849/3173/2 3818/3155/2
f 1596/3040/2 3851/3174/2 3819/3156/2
f 1597/3043/2 3853/3175/2 3820/3157/2
f 1598/3046/2 3855/3176/2 3821/3158/2
f 1599/3049/2 3857/3177/2 3822/3159/2
f 1582/2998/1 3823/3160/1 3859/3178/1
f 1583/3001/1 3825/3161/1 3861/3179/1
f 1584/3004/1 3827/3162/1 3863/3180/1
f 1585/3007/1 3829/3163/1 3864/3181/1
f 1586/3010/1 3831/3164/1 3865/3182/1
f 1587/3013/1 3833/3165/1 3867/3183/1
f 1588/3016/1 3835/3166/1 3869/3184/1
f 1589/3019/1 3837/3167/1 3871/3185/1
f 1590/3022/1 3839/3168/1 3873/3186/1
f 1591/3025/2 3875/3187/2 3841/3169/2
f 1592/3028/2 3877/3188/2 3843/3170/2
f 1593/3031/2 3879/3189/2 3845/3171/2
f 1594/3034/2 3880/3190/2 3847/3172/2
f 1595/3037/2 3881/3191/2 3849/3173/2
f 1596/3040/2 3883/3192/2 3851/3174/2
f 1597/3043/2 3885/3193/2 3853/3175/2
f 1598/3046/2 3887/3194/2 3855/3176/2
f 1599/3049/2 3889/3195/2 3857/3177/2
f 1582/2998/1 3859/3178/1 3891/3196/1
f 1583/3001/1 3861/3179/1 3892/3197/1
f 1584/3004/1 3863/3180/1 3893/3198/1
f 1585/3007/1 3864/3181/1 3895/3199/1
f 1586/3010/1 3865/3182/1 3897/3200/1
f 1587/3013/1 3867/3183/1 3899/3201/1
f 1588/3016/1 3869/3184/1 3901/3202/1
f 1589/3019/1 3871/3185/1 3903/3203/1
f 1590/3022/1 3873/3186/1 3905/3204/1
f 1591/3025/2 3907/3205/2 3875/3187/2
f 1592/3028/2 3908/3206/2 3877/3188/2
f 1593/3031/2 3909/3207/2 3879/3189/2
f 1594/3034/2 3911/3208/2 3880/3190/2
f 1595/3037/2 3913/3209/2 3881/3191/2
f 1596/3040/2 3915/3210/2 3883/3192/2
f 1597/3043/2 3917/3211/2 3885/3193/2
f 1598/3046/2 3919/3212/2 3887/3194/2
f 1599/3049/2 3921/3213/2 3889/3195/2
f 1582/2998/1 3891/3196/1 3923/3214/1
f 1583/3001/1 3892/3197/1 3924/3215/1
f 1584/3004/1 3893/3198/1 3926/3216/1
f 1585/3007/1 3895/3199/1 3927/3217/1
f 1586/3010/1 3897/3200/1 3928/3218/1
f 1587/3013/1 3899/3201/1 3929/3219/1
f 1588/3016/1 3901/3202/1 3930/3220/1
f 1589/3019/1 3903/3203/1 3931/3221/1
f 1590/3022/1 3905/3204/1 3932/3222/1
f 1591/3025/2 3933/3223/2 3907/3205/2
f 1592/3028/2 3934/3224/2 3908/3206/2
f 1593/3031/2 3936/3225/2 3909/3207/2
f 1594/3034/2 3937/3226/2 3911/3208/2
f 1595/3037/2 3938/3227/2 3913/3209/2
f 1596/3040/2 3939/3228/2 3915/3210/2
f 1597/3043/2 3940/3229/2 3917/3211/2
f 1598/3046/2 3941/3230/2 3919/3212/2
f 1599/3049/2 3942/3231/2 3921/3213/2
f 3923/3214/1 3603/2999/1 1582/2998/1
f 3924/3215/1 3606/3002/1 1583/3001/1
f 3926/3216/1 3608/3005/1 1584/3004/1
f 3927/3217/1 3611/3008/1 1585/3007/1
f 3928/3218/1 3614/3011/1 1586/3010/1
f 3929/3219/1 3617/3014/1 1587/3013/1
f 3930/3220/1 3620/3017/1 1588/3016/1
f 3931/3221/1 3623/3020/1 1589/3019/1
f 3932/3222/1 3626/3023/1 1590/3022/1
f 1591/3025/2 3629/3027/2 3933/3223/2
f 1592/3028/2 3632/3030/2 3934/3224/2
f 1593/3031/2 3634/3033/2 3936/3225/2
f 1594/3034/2 3637/3036/2 3937/3226/2
f 1595/3037/2 3640/3039/2 3938/3227/2
f 1596/3040/2 3643/3042/2 3939/3228/2
f 1597/3043/2 3646/3045/2 3940/3229/2
f 1598/3046/2 3649/3048/2 3941/3230/2
f 1599/3049/2 3652/3051/2 3942/3231/2
f 3604/3232/3 3630/3233/3 1483/3234/4 1375/3235/4
f 1367/3236/37 1475/3237/37 1484/3238/4 1376/3239/4
f 1368/3240/37 1476/3241/37 3636/3242/3 3610/3243/3
f 1369/3244/37 1477/3245/37 3639/3246/3 3613/3247/3
f 1370/3248/37 1478/3249/37 3642/3250/3 3616/3251/3
f 1371/3252/37 1479/3253/37 3645/3254/3 3619/3255/3
f 1372/3256/37 1480/3257/37 3648/3258/3 3622/3259/3
f 1373/3260/37 1481/3261/37 3651/3262/3 3625/3263/3
f 1374/3264/37 1482/3265/37 3654/3266/3 3628/3267/3
f 1375/3268/4 1483/3269/4 3674/3270/38 3656/3271/38
f 1376/3272/4 1484/3273/4 3676/3274/38 3658/3275/38
f 1377/3276/38 1485/3277/38 3678/3278/38 3660/3279/38
f 1378/3280/38 1486/3281/38 3680/3282/38 3662/3283/38
f 1379/3284/38 1487/3285/38 3682/3286/38 3664/3287/38
f 1380/3288/38 1488/3289/38 3684/3290/38 3666/3291/38
f 1381/3292/38 1489/3293/38 3686/3294/38 3668/3295/38
f 1382/3296/38 1490/3297/38 3688/3298/38 3670/3299/38
f 1383/3300/38 1491/3301/38 3690/3302/38 3672/3303/38
f 1384/3271/6 1492/3270/6 3710/3304/6 3692/3305/6
f 1385/3275/6 1493/3274/6 3712/3306/6 3694/3307/6
f 1386/3279/6 1494/3278/6 3714/3308/6 3696/3309/6
f 1387/3283/6 1495/3282/6 3716/3310/6 3698/3311/6
f 1388/3287/6 1496/3286/6 3718/3312/6 3700/3313/6
f 1389/3291/6 1497/3290/6 3720/3314/6 3702/3315/6
f 1390/3295/6 1498/3294/6 3722/3316/6 3704/3317/6
f 1391/3299/6 1499/3298/6 3724/3318/6 3706/3319/6
f 1392/3303/6 1500/3302/6 3726/3320/6 3708/3321/6
f 1393/3305/7 1501/3304/7 1510/3322/8 1402/3323/8
f 1394/3307/7 1502/3306/7 3746/3324/7 3729/3325/7
f 1395/3309/7 1503/3308/7 3748/3326/7 3731/3327/7
f 1396/3311/7 1504/3310/7 3750/3328/7 3733/3329/7
f 1397/3313/7 1505/3312/7 3752/3330/7 3735/3331/7
f 1398/3315/7 1506/3314/7 3754/3332/7 3737/3333/7
f 1399/3317/7 1507/3316/7 3756/3334/7 3739/3335/7
f 1400/3319/7 1508/3318/7 3758/3336/7 3741/3337/7
f 1401/3321/7 1509/3320/7 3760/3338/7 3743/3339/7
f 1402/3340/8 1510/3341/8 3772/3342/9 3762/3343/9
f 1403/3344/9 1511/3345/9 1520/3346/10 1412/3347/10
f 1404/3348/9 1512/3349/9 1521/3350/10 1413/3351/10
f 1405/3352/9 1513/3353/9 1522/3354/10 1414/3355/10
f 1406/3356/9 1514/3357/9 1523/3358/10 1415/3359/10
f 1407/3360/9 1515/3361/9 1524/3362/10 1416/3363/10
f 1408/3364/9 1516/3365/9 1525/3366/10 1417/3367/10
f 1409/3368/9 1517/3369/9 1526/3370/10 1418/3371/10
f 1410/3372/9 1518/3373/9 1527/3374/10 1419/3375/10
f 1411/3343/11 1519/3342/11 1528/3376/39 1420/3377/39
f 1412/3347/10 1520/3346/10 3794/3378/11 3783/3379/11
f 1413/3351/10 1521/3350/10 3796/3380/11 3785/3381/11
f 1414/3355/10 1522/3354/10 1531/3382/39 1423/3383/39
f 1415/3359/10 1523/3358/10 1532/3384/39 1424/3385/39
f 1416/3363/10 1524/3362/10 1533/3386/39 1425/3387/39
f 1417/3367/10 1525/3366/10 1534/3388/39 1426/3389/39
f 1418/3371/10 1526/3370/10 1535/3390/39 1427/3391/39
f 1419/3375/10 1527/3374/10 1536/3392/39 1428/3393/39
f 1420/3377/39 1528/3376/39 1537/3394/13 1429/3395/13
f 1421/3379/12 1529/3378/12 1538/3396/13 1430/3397/13
f 1422/3381/12 1530/3380/12 1539/3398/13 1431/3399/13
f 1423/3383/39 1531/3382/39 3817/3400/12 3807/3401/12
f 1424/3385/39 1532/3384/39 1541/3402/13 1433/3403/13
f 1425/3387/39 1533/3386/39 1542/3404/13 1434/3405/13
f 1426/3389/39 1534/3388/39 1543/3406/13 1435/3407/13
f 1427/3391/39 1535/3390/39 1544/3408/13 1436/3409/13
f 1428/3393/39 1536/3392/39 1545/3410/13 1437/3411/13
f 1429/3395/13 1537/3394/13 3842/3412/15 3824/3413/15
f 1430/3397/13 1538/3396/13 3844/3414/15 3826/3415/15
f 1431/3399/13 1539/3398/13 3846/3416/15 3828/3417/15
f 1432/3401/15 1540/3400/15 3848/3418/15 3830/3419/15
f 1433/3403/13 1541/3402/13 3850/3420/15 3832/3421/15
f 1434/3405/13 1542/3404/13 3852/3422/15 3834/3423/15
f 1435/3407/13 1543/3406/13 3854/3424/15 3836/3425/15
f 1436/3409/13 1544/3408/13 3856/3426/15 3838/3427/15
f 1437/3411/13 1545/3410/13 3858/3428/15 3840/3429/15
f 1438/3430/16 1546/3431/16 3876/3432/16 3860/3433/16
f 1439/3434/16 1547/3435/16 3878/3436/16 3862/3437/16
f 1440/3438/16 1548/3439/16 1557/3440/17 1449/3441/17
f 1441/3442/16 1549/3443/16 1558/3444/17 1450/3445/17
f 1442/3446/16 1550/3447/16 3882/3448/16 3866/3449/16
f 1443/3450/16 1551/3451/16 3884/3452/16 3868/3453/16
f 1444/3454/16 1552/3455/16 3886/3456/16 3870/3457/16
f 1445/3458/16 1553/3459/16 3888/3460/16 3872/3461/16
f 1446/3462/16 1554/3463/16 3890/3464/16 3874/3465/16
f 1447/3433/18 1555/3432/18 1564/3466/19 1456/3467/19
f 1448/3437/18 1556/3436/18 1565/3468/19 1457/3469/19
f 1449/3441/17 1557/3440/17 3910/3470/18 3894/3471/18
f 1450/3445/17 1558/3444/17 3912/3472/18 3896/3473/18
f 1451/3449/18 1559/3448/18 3914/3474/18 3898/3475/18
f 1452/3453/18 1560/3452/18 3916/3476/18 3900/3477/18
f 1453/3457/18 1561/3456/18 3918/3478/18 3902/3479/18
f 1454/3461/18 1562/3460/18 3920/3480/18 3904/3481/18
f 1455/3465/18 1563/3464/18 3922/3482/18 3906/3483/18
f 1456/3467/19 1564/3466/19 1573/3484/20 1465/3485/20
f 1457/3469/19 1565/3468/19 3935/3486/21 3925/3487/21
f 1458/3471/21 1566/3470/21 1575/3488/20 1467/3489/20
f 1459/3473/21 1567/3472/21 1576/3490/20 1468/3491/20
f 1460/3475/21 1568/3474/21 1577/3492/20 1469/3493/20
f 1461/3477/21 1569/3476/21 1578/3494/20 1470/3495/20
f 1462/3479/21 1570/3478/21 1579/3496/20 1471/3497/20
f 1463/3481/21 1571/3480/21 1580/3498/20 1472/3499/20
f 1464/3483/21 1572/3482/21 1581/3500/20 1473/3501/20
f 1474/3233/22 1366/3232/22 1465/3502/20 1573/3503/20
f 1475/3237/37 1367/3236/37 1466/3504/22 1574/3505/22
f 1476/3241/37 1368/3240/37 1467/3506/20 1575/3507/20
f 1477/3245/37 1369/3244/37 1468/3508/20 1576/3509/20
f 1478/3249/37 1370/3248/37 1469/3510/20 1577/3511/20
f 1479/3253/37 1371/3252/37 1470/3512/20 1578/3513/20
f 1480/3257/37 1372/3256/37 1471/3514/20 1579/3515/20
f 1481/3261/37 1373/3260/37 1472/3516/20 1580/3517/20
f 1482/3265/37 1374/3264/37 1473/3518/20 1581/3519/20
f 4136/3520/2 4152/3521/2 4151/3522/58 4135/3523/58
f 4138/3524/2 4154/3525/2 4153/3526/58 4137/3527/58
f 4140/3528/2 4156/3529/2 4155/3530/58 4139/3531/58
f 4142/3532/2 4158/3533/2 4157/3534/58 4141/3535/58
f 4144/3536/2 4160/3537/2 4159/3538/58 4143/3539/58
f 4146/3540/2 4162/3541/2 4161/3542/58 4145/3543/58
f 4148/3544/2 4164/3545/2 4163/3546/58 4147/3547/58
f 4150/3548/2 4166/3549/2 4165/3550/58 4149/3551/58
f 3945/3552/59 3943/3553/59 4135/3523/58 4151/3522/58
f 3949/3554/59 3947/3555/59 4137/3527/58 4153/3526/58
f 3953/3556/59 3951/3557/59 4139/3531/58 4155/3530/58
f 3957/3558/59 3955/3559/59 4141/3535/58 4157/3534/58
f 3961/3560/59 3959/3561/59 4143/3539/58 4159/3538/58
f 3965/3562/59 3963/3563/59 4145/3543/58 4161/3542/58
f 3969/3564/59 3967/3565/59 4147/3547/58 4163/3546/58
f 3973/3566/60 3971/3567/60 4149/3551/58 4165/3550/58
f 3977/3568/61 3975/3569/61 1625/3570/61 1722/3571/61
f 3981/3572/61 3979/3573/61 1626/3574/61 1723/3575/61
f 3985/3576/61 3983/3577/61 1627/3578/61 1724/3579/61
f 3989/3580/61 3987/3581/61 1628/3582/61 1725/3583/61
f 3993/3584/61 3991/3585/61 1629/3586/61 1726/3587/61
f 3997/3588/61 3995/3589/61 1630/3590/61 1727/3591/61
f 4001/3592/61 3999/3593/61 1631/3594/61 1728/3595/61
f 4005/3596/61 4003/3597/61 1632/3598/61 1729/3599/61
f 4009/3600/62 4007/3601/62 1633/3569/62 1731/3568/62
f 4013/3602/62 4011/3603/62 1634/3573/62 1732/3572/62
f 4017/3604/62 4015/3605/62 1635/3577/62 1733/3576/62
f 4021/3606/62 4019/3607/62 1636/3581/62 1734/3580/62
f 4025/3608/62 4023/3609/62 1637/3585/62 1735/3584/62
f 4029/3610/62 4027/3611/62 1638/3589/62 1736/3588/62
f 4033/3612/62 4031/3613/62 1639/3593/62 1737/3592/62
f 4037/3614/62 4035/3615/62 1640/3597/62 1738/3596/62
f 4175/3616/63 4167/3617/63 1641/3618/64 1740/3619/64
f 4176/3620/63 4168/3621/63 1642/3622/64 1741/3623/64
f 4177/3624/63 4169/3625/63 1643/3626/64 1742/3627/64
f 4178/3628/63 4170/3629/63 1644/3630/64 1743/3631/64
f 4179/3632/63 4171/3633/63 1645/3634/64 1744/3635/64
f 4180/3636/63 4172/3637/63 1646/3638/64 1745/3639/64
f 4181/3640/63 4173/3641/63 1647/3642/64 1746/3643/64
f 4182/3644/63 4174/3645/63 1648/3646/64 1747/3647/64
f 4191/3648/1 4183/3649/1 4167/3617/63 4175/3616/63
f 4192/3650/1 4184/3651/1 4168/3621/63 4176/3620/63
f 4193/3652/1 4185/3653/1 4169/3625/63 4177/3624/63
f 4194/3654/1 4186/3655/1 4170/3629/63 4178/3628/63
f 4195/3656/1 4187/3657/1 4171/3633/63 4179/3632/63
f 4196/3658/1 4188/3659/1 4172/3637/63 4180/3636/63
f 4197/3660/1 4189/3661/1 4173/3641/63 4181/3640/63
f 4198/3662/1 4190/3663/1 4174/3645/63 4182/3644/63
f 4207/3664/29 4199/3665/29 4183/3649/1 4191/3648/1
f 4208/3666/29 4200/3667/29 4184/3651/1 4192/3650/1
f 4209/3668/29 4201/3669/29 4185/3653/1 4193/3652/1
f 4210/3670/29 4202/3671/29 4186/3655/1 4194/3654/1
f 4211/3672/29 4203/3673/29 4187/3657/1 4195/3656/1
f 4212/3674/29 4204/3675/29 4188/3659/1 4196/3658/1
f 4213/3676/29 4205/3677/29 4189/3661/1 4197/3660/1
f 4214/3678/29 4206/3679/29 4190/3663/1 4198/3662/1
f 4041/3680/30 4039/3681/30 4199/3665/29 4207/3664/29
f 4045/3682/30 4043/3683/30 4200/3667/29 4208/3666/29
f 4049/3684/30 4047/3685/30 4201/3669/29 4209/3668/29
f 4053/3686/30 4051/3687/30 4202/3671/29 4210/3670/29
f 4057/3688/30 4055/3689/30 4203/3673/29 4211/3672/29
f 4061/3690/30 4059/3691/30 4204/3675/29 4212/3674/29
f 4065/3692/30 4063/3693/30 4205/3677/29 4213/3676/29
f 4069/3694/30 4067/3695/30 4206/3679/29 4214/3678/29
f 4073/3696/32 4071/3697/32 1673/3698/32 1776/3699/32
f 4077/3700/32 4075/3701/32 1674/3702/32 1777/3703/32
f 4081/3704/65 4079/3705/65 1675/3706/65 1778/3707/65
f 4085/3708/66 4083/3709/66 1676/3710/66 1779/3711/66
f 4089/3712/66 4087/3713/66 1677/3714/66 1780/3715/66
f 4093/3716/66 4091/3717/66 1678/3718/66 1781/3719/66
f 4097/3720/66 4095/3721/66 1679/3722/66 1782/3723/66
f 4101/3724/66 4099/3725/66 1680/3726/66 1783/3727/66
f 4105/3728/33 4103/3729/33 1681/3697/33 1785/3696/33
f 4109/3730/33 4107/3731/33 1682/3701/33 1786/3700/33
f 4113/3732/67 4111/3733/67 1683/3705/67 1787/3704/67
f 4117/3734/68 4115/3735/68 1684/3709/68 1788/3708/68
f 4121/3736/68 4119/3737/68 1685/3713/68 1789/3712/68
f 4125/3738/68 4123/3739/68 1686/3717/68 1790/3716/68
f 4129/3740/68 4127/3741/68 1687/3721/68 1791/3720/68
f 4133/3742/68 4131/3743/68 1688/3725/68 1792/3724/68
f 4223/3744/34 4215/3745/34 1689/3746/35 1794/3747/35
f 4224/3748/34 4216/3749/34 1690/3750/35 1795/3751/35
f 4225/3752/34 4217/3753/34 1691/3754/35 1796/3755/35
f 4226/3756/34 4218/3757/34 1692/3758/35 1797/3759/35
f 4227/3760/34 4219/3761/34 1693/3762/35 1798/3763/35
f 4228/3764/34 4220/3765/34 1694/3766/35 1799/3767/35
f 4229/3768/34 4221/3769/34 1695/3770/35 1800/3771/35
f 4230/3772/34 4222/3773/34 1696/3774/35 1801/3775/35
f 4152/3521/2 4136/3520/2 4215/3745/34 4223/3744/34
f 4154/3525/2 4138/3524/2 4216/3749/34 4224/3748/34
f 4156/3529/2 4140/3528/2 4217/3753/34 4225/3752/34
f 4158/3533/2 4142/3532/2 4218/3757/34 4226/3756/34
f 4160/3537/2 4144/3536/2 4219/3761/34 4227/3760/34
f 4162/3541/2 4146/3540/2 4220/3765/34 4228/3764/34
f 4164/3545/2 4148/3544/2 4221/3769/34 4229/3768/34
f 4166/3549/2 4150/3548/2 4222/3773/34 4230/3772/34
f 1600/3776/36 1705/3777/36 1617/3778/36
f 1601/3779/36 1706/3780/36 1618/3781/36
f 1602/3782/36 1707/3783/36 1619/3784/36
f 1603/3785/36 1708/3786/36 1620/3787/36
f 1604/3788/36 1709/3789/36 1621/3790/36
f 1605/3791/36 1710/3792/36 1622/3793/36
f 1606/3794/36 1711/3795/36 1623/3796/36
f 1607/3797/36 1712/3798/36 1624/3799/36
f 1713/3800/17 1812/3801/17 1608/3802/17
f 1714/3803/17 1813/3804/17 1609/3805/17
f 1715/3806/17 1814/3807/17 1610/3808/17
f 1716/3809/17 1815/3810/17 1611/3811/17
f 1717/3812/17 1816/3813/17 1612/3814/17
f 1718/3815/17 1817/3816/17 1613/3817/17
f 1719/3818/17 1818/3819/17 1614/3820/17
f 1720/3821/17 1819/3822/17 1615/3823/17
f 1721/3824/17 1820/3825/17 1616/3826/17
f 1600/3776/36 1617/3778/36 3944/3827/36
f 1601/3779/36 1618/3781/36 3948/3828/36
f 1602/3782/36 1619/3784/36 3952/3829/36
f 1603/3785/36 1620/3787/36 3956/3830/36
f 1604/3788/36 1621/3790/36 3960/3831/36
f 1605/3791/36 1622/3793/36 3964/3832/36
f 1606/3794/36 1623/3796/36 3968/3833/36
f 1607/3797/36 1624/3799/36 3972/3834/36
f 1608/3802/17 3946/3835/17 1713/3800/17
f 1609/3805/17 3950/3836/17 1714/3803/17
f 1610/3808/17 3954/3837/17 1715/3806/17
f 1611/3811/17 3958/3838/17 1716/3809/17
f 1612/3814/17 3962/3839/17 1717/3812/17
f 1613/3817/17 3966/3840/17 1718/3815/17
f 1614/3820/17 3970/3841/17 1719/3818/17
f 1615/3823/17 3974/3842/17 1720/3821/17
f 1616/3826/17 1730/3843/17 1721/3824/17
f 1600/3776/36 3944/3827/36 3976/3844/36
f 1601/3779/36 3948/3828/36 3980/3845/36
f 1602/3782/36 3952/3829/36 3984/3846/36
f 1603/3785/36 3956/3830/36 3988/3847/36
f 1604/3788/36 3960/3831/36 3992/3848/36
f 1605/3791/36 3964/3832/36 3996/3849/36
f 1606/3794/36 3968/3833/36 4000/3850/36
f 1607/3797/36 3972/3834/36 4004/3851/36
f 1608/3802/17 3978/3852/17 3946/3835/17
f 1609/3805/17 3982/3853/17 3950/3836/17
f 1610/3808/17 3986/3854/17 3954/3837/17
f 1611/3811/17 3990/3855/17 3958/3838/17
f 1612/3814/17 3994/3856/17 3962/3839/17
f 1613/3817/17 3998/3857/17 3966/3840/17
f 1614/3820/17 4002/3858/17 3970/3841/17
f 1615/3823/17 4006/3859/17 3974/3842/17
f 1616/3826/17 1739/3860/17 1730/3843/17
f 1600/3776/36 3976/3844/36 4008/3861/36
f 1601/3779/36 3980/3845/36 4012/3862/36
f 1602/3782/36 3984/3846/36 4016/3863/36
f 1603/3785/36 3988/3847/36 4020/3864/36
f 1604/3788/36 3992/3848/36 4024/3865/36
f 1605/3791/36 3996/3849/36 4028/3866/36
f 1606/3794/36 4000/3850/36 4032/3867/36
f 1607/3797/36 4004/3851/36 4036/3868/36
f 1608/3802/17 4010/3869/17 3978/3852/17
f 1609/3805/17 4014/3870/17 3982/3853/17
f 1610/3808/17 4018/3871/17 3986/3854/17
f 1611/3811/17 4022/3872/17 3990/3855/17
f 1612/3814/17 4026/3873/17 3994/3856/17
f 1613/3817/17 4030/3874/17 3998/3857/17
f 1614/3820/17 4034/3875/17 4002/3858/17
f 1615/3823/17 4038/3876/17 4006/3859/17
f 1616/3826/17 1748/3877/17 1739/3860/17
f 1600/3776/36 4008/3861/36 1649/3878/36
f 1601/3779/36 4012/3862/36 1650/3879/36
f 1602/3782/36 4016/3863/36 1651/3880/36
f 1603/3785/36 4020/3864/36 1652/3881/36
f 1604/3788/36 4024/3865/36 1653/3882/36
f 1605/3791/36 4028/3866/36 1654/3883/36
f 1606/3794/36 4032/3867/36 1655/3884/36
f 1607/3797/36 4036/3868/36 1656/3885/36
f 1608/3802/17 1749/3886/17 4010/3869/17
f 1609/3805/17 1750/3887/17 4014/3870/17
f 1610/3808/17 1751/3888/17 4018/3871/17
f 1611/3811/17 1752/3889/17 4022/3872/17
f 1612/3814/17 1753/3890/17 4026/3873/17
f 1613/3817/17 1754/3891/17 4030/3874/17
f 1614/3820/17 1755/3892/17 4034/3875/17
f 1615/3823/17 1756/3893/17 4038/3876/17
f 1616/3826/17 1757/3894/17 1748/3877/17
f 1600/3776/36 1649/3878/36 1657/3895/36
f 1601/3779/36 1650/3879/36 1658/3896/36
f 1602/3782/36 1651/3880/36 1659/3897/36
f 1603/3785/36 1652/3881/36 1660/3898/36
f 1604/3788/36 1653/3882/36 1661/3899/36
f 1605/3791/36 1654/3883/36 1662/3900/36
f 1606/3794/36 1655/3884/36 1663/3901/36
f 1607/3797/36 1656/3885/36 1664/3902/36
f 1608/3802/17 1758/3903/17 1749/3886/17
f 1609/3805/17 1759/3904/17 1750/3887/17
f 1610/3808/17 1760/3905/17 1751/3888/17
f 1611/3811/17 1761/3906/17 1752/3889/17
f 1612/3814/17 1762/3907/17 1753/3890/17
f 1613/3817/17 1763/3908/17 1754/3891/17
f 1614/3820/17 1764/3909/17 1755/3892/17
f 1615/3823/17 1765/3910/17 1756/3893/17
f 1616/3826/17 1766/3911/17 1757/3894/17
f 1600/3776/36 1657/3895/36 1665/3912/36
f 1601/3779/36 1658/3896/36 1666/3913/36
f 1602/3782/36 1659/3897/36 1667/3914/36
f 1603/3785/36 1660/3898/36 1668/3915/36
f 1604/3788/36 1661/3899/36 1669/3916/36
f 1605/3791/36 1662/3900/36 1670/3917/36
f 1606/3794/36 1663/3901/36 1671/3918/36
f 1607/3797/36 1664/3902/36 1672/3919/36
f 1608/3802/17 1767/3920/17 1758/3903/17
f 1609/3805/17 1768/3921/17 1759/3904/17
f 1610/3808/17 1769/3922/17 1760/3905/17
f 1611/3811/17 1770/3923/17 1761/3906/17
f 1612/3814/17 1771/3924/17 1762/3907/17
f 1613/3817/17 1772/3925/17 1763/3908/17
f 1614/3820/17 1773/3926/17 1764/3909/17
f 1615/3823/17 1774/3927/17 1765/3910/17
f 1616/3826/17 1775/3928/17 1766/3911/17
f 1600/3776/36 1665/3912/36 4040/3929/36
f 1601/3779/36 1666/3913/36 4044/3930/36
f 1602/3782/36 1667/3914/36 4048/3931/36
f 1603/3785/36 1668/3915/36 4052/3932/36
f 1604/3788/36 1669/3916/36 4056/3933/36
f 1605/3791/36 1670/3917/36 4060/3934/36
f 1606/3794/36 1671/3918/36 4064/3935/36
f 1607/3797/36 1672/3919/36 4068/3936/36
f 1608/3802/17 4042/3937/17 1767/3920/17
f 1609/3805/17 4046/3938/17 1768/3921/17
f 1610/3808/17 4050/3939/17 1769/3922/17
f 1611/3811/17 4054/3940/17 1770/3923/17
f 1612/3814/17 4058/3941/17 1771/3924/17
f 1613/3817/17 4062/3942/17 1772/3925/17
f 1614/3820/17 4066/3943/17 1773/3926/17
f 1615/3823/17 4070/3944/17 1774/3927/17
f 1616/3826/17 1784/3945/17 1775/3928/17
f 1600/3776/36 4040/3929/36 4072/3946/36
f 1601/3779/36 4044/3930/36 4076/3947/36
f 1602/3782/36 4048/3931/36 4080/3948/36
f 1603/3785/36 4052/3932/36 4084/3949/36
f 1604/3788/36 4056/3933/36 4088/3950/36
f 1605/3791/36 4060/3934/36 4092/3951/36
f 1606/3794/36 4064/3935/36 4096/3952/36
f 1607/3797/36 4068/3936/36 4100/3953/36
f 1608/3802/17 4074/3954/17 4042/3937/17
f 1609/3805/17 4078/3955/17 4046/3938/17
f 1610/3808/17 4082/3956/17 4050/3939/17
f 1611/3811/17 4086/3957/17 4054/3940/17
f 1612/3814/17 4090/3958/17 4058/3941/17
f 1613/3817/17 4094/3959/17 4062/3942/17
f 1614/3820/17 4098/3960/17 4066/3943/17
f 1615/3823/17 4102/3961/17 4070/3944/17
f 1616/3826/17 1793/3962/17 1784/3945/17
f 1600/3776/36 4072/3946/36 4104/3963/36
f 1601/3779/36 4076/3947/36 4108/3964/36
f 1602/3782/36 4080/3948/36 4112/3965/36
f 1603/3785/36 4084/3949/36 4116/3966/36
f 1604/3788/36 4088/3950/36 4120/3967/36
f 1605/3791/36 4092/3951/36 4124/3968/36
f 1606/3794/36 4096/3952/36 4128/3969/36
f 1607/3797/36 4100/3953/36 4132/3970/36
f 1608/3802/17 4106/3971/17 4074/3954/17
f 1609/3805/17 4110/3972/17 4078/3955/17
f 1610/3808/17 4114/3973/17 4082/3956/17
f 1611/3811/17 4118/3974/17 4086/3957/17
f 1612/3814/17 4122/3975/17 4090/3958/17
f 1613/3817/17 4126/3976/17 4094/3959/17
f 1614/3820/17 4130/3977/17 4098/3960/17
f 1615/3823/17 4134/3978/17 4102/3961/17
f 1616/3826/17 1802/3979/17 1793/3962/17
f 1600/3776/36 4104/3963/36 1697/3980/36
f 1601/3779/36 4108/3964/36 1698/3981/36
f 1602/3782/36 4112/3965/36 1699/3982/36
f 1603/3785/36 4116/3966/36 1700/3983/36
f 1604/3788/36 4120/3967/36 1701/3984/36
f 1605/3791/36 4124/3968/36 1702/3985/36
f 1606/3794/36 4128/3969/36 1703/3986/36
f 1607/3797/36 4132/3970/36 1704/3987/36
f 1608/3802/17 1803/3988/17 4106/3971/17
f 1609/3805/17 1804/3989/17 4110/3972/17
f 1610/3808/17 1805/3990/17 4114/3973/17
f 1611/3811/17 1806/3991/17 4118/3974/17
f 1612/3814/17 1807/3992/17 4122/3975/17
f 1613/3817/17 1808/3993/17 4126/3976/17
f 1614/3820/17 1809/3994/17 4130/3977/17
f 1615/3823/17 1810/3995/17 4134/3978/17
f 1616/3826/17 1811/3996/17 1802/3979/17
f 1600/3776/36 1697/3980/36 1705/3777/36
f 1601/3779/36 1698/3981/36 1706/3780/36
f 1602/3782/36 1699/3982/36 1707/3783/36
f 1603/3785/36 1700/3983/36 1708/3786/36
f 1604/3788/36 1701/3984/36 1709/3789/36
f 1605/3791/36 1702/3985/36 1710/3792/36
f 1606/3794/36 1703/3986/36 1711/3795/36
f 1607/3797/36 1704/3987/36 1712/3798/36
f 1608/3802/17 1812/3801/17 1803/3988/17
f 1609/3805/17 1813/3804/17 1804/3989/17
f 1610/3808/17 1814/3807/17 1805/3990/17
f 1611/3811/17 1815/3810/17 1806/3991/17
f 1612/3814/17 1816/3813/17 1807/3992/17
f 1613/3817/17 1817/3816/17 1808/3993/17
f 1614/3820/17 1818/3819/17 1809/3994/17
f 1615/3823/17 1819/3822/17 1810/3995/17
f 1616/3826/17 1820/3825/17 1811/3996/17
