# Blender v2.75 (sub 0) OBJ File: 'LandRover.blend'
# www.blender.org
mtllib Chasis.mtl
o LowPolyRangeRover.002_Cube.002
v -2.706558 -0.318686 9.391592
v -2.854318 -0.318686 9.362308
v -2.962365 -0.318686 9.318480
v -2.836391 -0.622814 9.424363
v -2.655508 -0.195441 9.391592
v -2.759990 -0.090959 9.362308
v -2.836391 -0.014558 9.318480
v -2.532263 -0.748788 9.424363
v -2.532263 -0.144391 9.391592
v -2.532263 0.003369 9.362308
v -2.532263 0.111416 9.318480
v -2.228135 -0.622814 9.424363
v -2.532263 -0.318686 9.401875
v -2.409018 -0.195441 9.391592
v -2.304535 -0.090959 9.362308
v -2.228135 -0.014558 9.318480
v -2.102161 -0.318686 9.424363
v -2.357968 -0.318686 9.391592
v -2.210207 -0.318686 9.362308
v -2.102161 -0.318686 9.318480
v -2.228135 -0.014558 9.424363
v -2.409018 -0.441932 9.391592
v -2.304536 -0.546414 9.362308
v -2.228135 -0.622814 9.318480
v -2.532263 0.111416 9.424363
v -2.532263 -0.492981 9.391592
v -2.532263 -0.640742 9.362308
v -2.532263 -0.748788 9.318480
v -2.836391 -0.014558 9.424363
v -2.655508 -0.441931 9.391592
v -2.759991 -0.546414 9.362308
v -2.836391 -0.622814 9.318480
v -2.962365 -0.318686 9.424363
v -2.974005 -0.756615 9.424363
v -2.532263 -0.826443 9.424363
v -2.090522 -0.756615 9.424363
v -2.020086 -0.318686 9.424363
v -2.090522 0.119243 9.424363
v -2.532263 0.189071 9.424363
v -2.974004 0.119243 9.424363
v -3.044440 -0.318686 9.424363
v -2.974005 -0.756615 9.233073
v -2.532263 -0.826443 9.233073
v -2.090522 -0.756615 9.233073
v -2.020086 -0.318686 9.233073
v -2.090522 0.119243 9.233073
v -2.532263 0.189071 9.233073
v -2.974004 0.119243 9.233073
v -3.044440 -0.318686 9.233073
v -3.667742 0.502636 -9.759055
v -3.477394 0.056069 9.483762
v -3.547129 0.056069 9.437166
v -3.892277 0.099796 -9.635674
v -3.610086 0.056069 9.285173
v -3.907548 0.099796 -9.558902
v -3.312876 -0.870279 9.367432
v -3.336174 -0.829926 9.437166
v -3.745318 0.033309 -9.744246
v -3.567920 0.675532 -9.559411
v -3.436265 0.127307 9.483762
v -3.471133 0.187699 9.437166
v -3.494430 0.228052 9.367432
v -3.502611 0.242221 9.285173
v -3.371041 -0.769534 9.483762
v -3.197220 -0.698297 9.285173
v -3.213582 -0.698297 9.367432
v -3.575518 0.662371 -9.635812
v -3.395136 0.056069 9.500124
v -3.354007 0.127307 9.483762
v -3.319140 0.187699 9.437166
v -3.295842 0.228052 9.367432
v -3.287661 0.242221 9.285173
v -3.260177 -0.698297 9.437166
v -3.329912 -0.698297 9.483762
v -3.304695 -0.512144 9.285173
v -3.597157 0.624892 -9.700581
v -3.629541 0.568800 -9.743857
v -3.312878 0.056069 9.483762
v -3.243143 0.056069 9.437166
v -3.196548 0.056069 9.367432
v -3.180186 0.056069 9.285173
v -3.312876 -0.526314 9.367432
v -3.336174 -0.566667 9.437166
v -3.371041 -0.627059 9.483762
v -3.777860 -0.023056 -9.700760
v -3.799605 -0.060718 -9.635674
v -3.354007 -0.015168 9.483762
v -3.319140 -0.075561 9.437166
v -3.295842 -0.115913 9.367432
v -3.287661 -0.130083 9.285173
v -3.412170 -0.698297 9.500124
v -3.519645 -0.512144 9.285173
v -3.511464 -0.526314 9.367432
v -3.488167 -0.566667 9.437166
v -3.468097 0.502636 -9.559411
v -3.436265 -0.015168 9.483762
v -3.471133 -0.075561 9.437166
v -3.494430 -0.115913 9.367432
v -3.502611 -0.130083 9.285173
v -3.453299 -0.627059 9.483762
v -3.627120 -0.698297 9.285173
v -3.564163 -0.698297 9.437166
v -3.526572 0.502636 -9.700581
v -3.591341 0.502636 -9.743857
v -3.610759 -0.698297 9.367432
v -3.519645 -0.884449 9.285173
v -3.593724 0.056069 9.367432
v -3.511464 -0.870279 9.367432
v -3.494428 -0.698297 9.483762
v -3.488167 -0.829926 9.437166
v -3.453299 -0.769534 9.483762
v -3.304695 -0.884449 9.285173
v -3.705942 0.568800 -9.743857
v -3.738326 0.624892 -9.700581
v -3.759965 0.662371 -9.635812
v -3.767564 0.675532 -9.559411
v -3.848789 0.099796 -9.700760
v -3.783705 0.099796 -9.744246
v -3.807240 0.273535 -9.558902
v -3.744142 0.502636 -9.743857
v -3.808911 0.502636 -9.700581
v -3.852189 0.502636 -9.635812
v -3.867385 0.502636 -9.559411
v -3.799605 0.260310 -9.635674
v -3.777860 0.222648 -9.700760
v -3.745318 0.166283 -9.744246
v -3.705942 0.436471 -9.743857
v -3.738326 0.380379 -9.700581
v -3.759965 0.342900 -9.635812
v -3.767564 0.329739 -9.559411
v -3.706932 0.099796 -9.759519
v -3.606624 0.273535 -9.558902
v -3.614259 0.260310 -9.635674
v -3.636003 0.222648 -9.700760
v -3.629541 0.436471 -9.743857
v -3.597157 0.380379 -9.700581
v -3.575518 0.342900 -9.635812
v -3.567920 0.329739 -9.559411
v -3.668545 0.166283 -9.744246
v -3.506315 0.099796 -9.558902
v -3.565074 0.099796 -9.700760
v -3.521586 0.099796 -9.635674
v -3.606624 -0.073943 -9.558902
v -3.483294 0.502636 -9.635812
v -3.614259 -0.060718 -9.635674
v -3.630159 0.099796 -9.744246
v -3.636003 -0.023056 -9.700760
v -3.668545 0.033309 -9.744246
v -3.807240 -0.073943 -9.558902
v -3.663059 2.120018 -5.440868
v -3.556129 3.083968 -5.396929
v -3.556129 3.036084 -8.388798
v -3.663059 2.085413 -1.205212
v -3.663059 2.057012 -6.285681
v -3.556129 3.087125 -4.197766
v -3.663059 2.090146 -4.202499
v -2.466410 3.252439 -9.589754
v -3.251025 3.252439 -9.589754
v -2.853010 3.350611 -9.589754
v -3.393504 1.860493 3.588031
v -3.140121 3.398203 2.734363
v -3.394468 1.619957 3.656701
v -3.351460 2.057107 0.231023
v -3.140121 3.398203 3.058554
v -0.069203 3.398203 3.058554
v -0.080374 1.860493 3.912221
v -1.646343 3.610273 -9.482018
v 3.663059 2.133714 -8.377841
v 3.663059 2.090146 -4.202499
v 2.580108 1.745536 -9.589754
v 3.367656 1.768166 -9.589754
v 3.398083 2.055595 -9.589754
v 2.853010 3.350611 -9.589754
v 3.393504 1.860493 3.588031
v 3.140121 3.398203 2.734363
v 3.394468 1.619957 3.656701
v 3.378337 1.733196 0.230955
v 3.351460 2.057107 0.231023
v 3.140121 3.398203 3.058554
v 3.394468 1.594932 0.829570
v 0.000000 3.700635 -9.482018
v 1.731063 1.679668 -9.482088
v -0.001734 1.979778 -9.665803
v 0.683158 1.843547 -9.666186
v 1.263781 1.455588 -9.667279
v 1.651741 0.874967 -9.668916
v 1.787974 0.190079 -9.670846
v 1.651741 -0.494810 -9.672776
v 1.263781 -1.075432 -9.674412
v 0.683158 -1.463389 -9.675506
v -0.001734 -1.599622 -9.675889
v -0.686626 -1.463389 -9.675506
v -1.267249 -1.075430 -9.674413
v -1.655209 -0.494810 -9.672776
v -1.791441 0.190080 -9.670846
v -1.655207 0.874969 -9.668916
v -1.267246 1.455590 -9.667280
v -0.686623 1.843548 -9.666186
v -0.001734 1.835808 -9.579723
v 0.628156 1.710516 -9.580077
v 1.162150 1.353713 -9.581082
v 1.518953 0.819721 -9.582587
v 1.644246 0.189835 -9.584361
v 1.518953 -0.440051 -9.586137
v 1.162150 -0.974044 -9.587642
v 0.628155 -1.330846 -9.588647
v -0.001734 -1.456136 -9.589000
v -0.631623 -1.330846 -9.588647
v -1.165618 -0.974042 -9.587642
v -1.522421 -0.440050 -9.586137
v -1.647713 0.189837 -9.584361
v -1.522419 0.819723 -9.582587
v -1.165615 1.353715 -9.581082
v -0.631620 1.710517 -9.580077
v -0.001734 1.523122 -9.572324
v 0.508505 1.421630 -9.572610
v 0.941063 1.132604 -9.573424
v 1.230090 0.700047 -9.574643
v 1.331582 0.189811 -9.576081
v 1.230090 -0.320424 -9.577518
v 0.941063 -0.752983 -9.578737
v 0.508504 -1.042006 -9.579552
v -0.001734 -1.143497 -9.579838
v -0.511972 -1.042006 -9.579552
v -0.944531 -0.752981 -9.578737
v -1.233557 -0.320423 -9.577518
v -1.335049 0.189813 -9.576081
v -1.233556 0.700049 -9.574643
v -0.944529 1.132606 -9.573424
v -0.511970 1.421631 -9.572610
v -0.001734 1.982208 -10.527986
v 0.683158 1.845976 -10.528369
v 1.263781 1.458017 -10.529462
v 1.651741 0.877396 -10.531098
v 1.787974 0.192507 -10.533029
v 1.651741 -0.492381 -10.534959
v 1.263781 -1.073003 -10.536595
v 0.683158 -1.460959 -10.537688
v -0.001734 -1.597191 -10.538072
v -0.686626 -1.460959 -10.537688
v -1.267249 -1.073000 -10.536595
v -1.655209 -0.492380 -10.534959
v -1.791441 0.192509 -10.533029
v -1.655207 0.877398 -10.531098
v -1.267246 1.458019 -10.529462
v -0.686623 1.845977 -10.528369
v -0.001734 1.838727 -10.615570
v 0.628156 1.713435 -10.615923
v 1.162150 1.356633 -10.616929
v 1.518954 0.822640 -10.618434
v 1.644246 0.192754 -10.620208
v 1.518954 -0.437133 -10.621984
v 1.162150 -0.971126 -10.623488
v 0.628155 -1.327927 -10.624494
v -0.001734 -1.453217 -10.624846
v -0.631623 -1.327927 -10.624494
v -1.165618 -0.971124 -10.623488
v -1.522421 -0.437132 -10.621984
v -1.647713 0.192756 -10.620208
v -1.522419 0.822642 -10.618433
v -1.165615 1.356634 -10.616929
v -0.631620 1.713436 -10.615923
v -0.001734 1.606820 -10.648025
v 0.539375 1.499189 -10.648328
v 0.998103 1.192675 -10.649191
v 1.304616 0.733949 -10.650483
v 1.412250 0.192843 -10.652009
v 1.304616 -0.348262 -10.653533
v 0.998103 -0.806990 -10.654826
v 0.539374 -1.113502 -10.655690
v -0.001734 -1.221133 -10.655993
v -0.542842 -1.113502 -10.655690
v -1.001571 -0.806989 -10.654826
v -1.308084 -0.348261 -10.653533
v -1.415716 0.192845 -10.652009
v -1.308083 0.733950 -10.650483
v -1.001569 1.192677 -10.649191
v -0.542840 1.499189 -10.648328
v -0.001734 1.223200 -10.417933
v 0.727302 0.921225 -10.418784
v 1.029278 0.192192 -10.420838
v 0.727302 -0.536841 -10.422893
v -0.001734 1.223609 -10.563305
v 0.392818 1.145129 -10.563526
v 0.727302 0.921634 -10.564157
v 0.950797 0.587151 -10.565099
v 1.029278 0.192602 -10.566211
v 0.950797 -0.201948 -10.567323
v 0.727302 -0.536432 -10.568265
v 0.392818 -0.759925 -10.568894
v -0.001734 -0.838405 -10.569116
v -0.396285 -0.759925 -10.568894
v -0.730769 -0.536429 -10.568265
v -0.954264 -0.201947 -10.567322
v -1.032745 0.192603 -10.566211
v -0.954263 0.587152 -10.565099
v -0.730768 0.921636 -10.564157
v -0.396283 1.145129 -10.563526
v -0.954264 -0.202357 -10.421950
v 0.950797 -0.202357 -10.421950
v -0.396283 1.144719 -10.418155
v -0.730769 -0.536839 -10.422893
v -0.730768 0.921226 -10.418784
v -0.396285 -0.760334 -10.423522
v 0.950797 0.586742 -10.419726
v -0.954264 0.586743 -10.419726
v -0.001734 -0.838815 -10.423743
v -1.032745 0.192194 -10.420838
v 0.392818 1.144719 -10.418155
v 0.392818 -0.760334 -10.423522
v -0.001734 1.114590 -10.447640
v 0.351223 1.044383 -10.447838
v 0.650444 0.844450 -10.448401
v 0.850377 0.545229 -10.449244
v 0.920585 0.192275 -10.450239
v 0.850377 -0.160679 -10.451234
v 0.650444 -0.459900 -10.452077
v 0.351222 -0.659832 -10.452640
v -0.001734 -0.730041 -10.452838
v -0.354690 -0.659832 -10.452640
v -0.653911 -0.459898 -10.452077
v -0.853845 -0.160679 -10.451234
v -0.924051 0.192276 -10.450239
v -0.853844 0.545230 -10.449244
v -0.653910 0.844451 -10.448401
v -0.354688 1.044383 -10.447838
v -0.001734 1.013220 -10.388499
v 0.312494 0.950717 -10.388675
v 0.578883 0.772722 -10.389176
v 0.756878 0.506333 -10.389927
v 0.819382 0.192107 -10.390813
v 0.756878 -0.122118 -10.391698
v 0.578883 -0.388507 -10.392449
v 0.312494 -0.566501 -10.392951
v -0.001734 -0.629005 -10.393126
v -0.315961 -0.566501 -10.392951
v -0.582350 -0.388505 -10.392448
v -0.760346 -0.122118 -10.391698
v -0.822849 0.192109 -10.390813
v -0.760345 0.506334 -10.389927
v -0.582349 0.772723 -10.389176
v -0.315960 0.950717 -10.388675
v -0.001734 0.925491 -10.388745
v 0.278921 0.869666 -10.388904
v 0.516849 0.710688 -10.389352
v 0.675827 0.472761 -10.390021
v 0.731653 0.192107 -10.390813
v 0.675827 -0.088546 -10.391603
v 0.516849 -0.326472 -10.392274
v 0.278921 -0.485451 -10.392722
v -0.001734 -0.541276 -10.392879
v -0.282389 -0.485451 -10.392722
v -0.520316 -0.326471 -10.392274
v -0.679294 -0.088545 -10.391603
v -0.735119 0.192109 -10.390813
v -0.679293 0.472762 -10.390021
v -0.520315 0.710689 -10.389352
v -0.282387 0.869666 -10.388904
v -0.001734 0.710963 -10.630614
v 0.196565 0.671520 -10.630725
v 0.364673 0.559193 -10.631042
v 0.477001 0.391085 -10.631516
v 0.516444 0.192788 -10.632074
v 0.477001 -0.005509 -10.632633
v 0.364673 -0.173619 -10.633107
v 0.196565 -0.285945 -10.633424
v -0.001734 -0.325389 -10.633534
v -0.200032 -0.285945 -10.633424
v -0.368141 -0.173618 -10.633107
v -0.480468 -0.005509 -10.632633
v -0.519911 0.192789 -10.632074
v -0.480467 0.391085 -10.631516
v -0.368140 0.559194 -10.631042
v -0.200031 0.671520 -10.630725
v -0.001734 0.710544 -10.481806
v 0.196565 0.671100 -10.481917
v 0.364673 0.558773 -10.482234
v 0.477001 0.390666 -10.482707
v 0.516444 0.192368 -10.483266
v 0.477001 -0.005929 -10.483825
v 0.364673 -0.174038 -10.484299
v 0.196565 -0.286364 -10.484615
v -0.001734 -0.325808 -10.484727
v -0.200032 -0.286364 -10.484615
v -0.368141 -0.174037 -10.484299
v -0.480468 -0.005929 -10.483825
v -0.519911 0.192369 -10.483266
v -0.480467 0.390666 -10.482707
v -0.368140 0.558774 -10.482234
v -0.200031 0.671100 -10.481917
v 0.094611 0.424964 -10.482612
v 0.176289 0.370389 -10.482765
v 0.230864 0.288713 -10.482995
v 0.250028 0.192368 -10.483267
v 0.176289 0.014347 -10.483768
v -0.253495 0.192369 -10.483267
v -0.001734 0.444741 -10.699662
v 0.094611 0.425576 -10.699716
v 0.176289 0.371002 -10.699870
v 0.230864 0.289325 -10.700099
v 0.250028 0.192980 -10.700372
v 0.230864 0.096635 -10.700643
v 0.176289 0.014958 -10.700873
v 0.094611 -0.039617 -10.701027
v -0.001734 -0.058780 -10.701081
v -0.098079 -0.039617 -10.701027
v -0.179756 0.014959 -10.700873
v -0.234331 0.096636 -10.700643
v -0.253495 0.192980 -10.700372
v -0.234331 0.289325 -10.700099
v -0.179756 0.371002 -10.699870
v -0.098078 0.425576 -10.699716
v -0.179756 0.370390 -10.482765
v -0.098079 -0.040228 -10.483922
v -0.234331 0.288713 -10.482995
v -0.001734 -0.059392 -10.483975
v 0.094611 -0.040228 -10.483922
v -0.234331 0.096025 -10.483539
v -0.001734 0.444129 -10.482557
v -0.179756 0.014347 -10.483768
v 0.230864 0.096024 -10.483539
v -0.098078 0.424964 -10.482612
v 0.085043 0.279801 -10.716243
v 0.111645 0.239988 -10.716355
v 0.111645 0.146062 -10.716620
v 0.085043 0.106250 -10.716732
v -0.088510 0.106250 -10.716732
v -0.115112 0.146063 -10.716620
v -0.124454 0.193026 -10.716487
v -0.001734 0.316056 -10.826427
v 0.045230 0.306714 -10.826452
v 0.085043 0.280112 -10.826528
v 0.111645 0.240299 -10.826639
v 0.120987 0.193336 -10.826772
v 0.111645 0.146373 -10.826904
v 0.085043 0.106561 -10.827016
v 0.045230 0.079957 -10.827091
v -0.001734 0.070616 -10.827117
v -0.048697 0.079957 -10.827091
v -0.088510 0.106561 -10.827016
v -0.115112 0.146374 -10.826903
v -0.124454 0.193336 -10.826772
v -0.115112 0.240299 -10.826639
v -0.088510 0.280112 -10.826528
v -0.048696 0.306714 -10.826452
v -0.048696 0.306404 -10.716168
v 0.120987 0.193026 -10.716487
v -0.088510 0.279801 -10.716243
v -0.115112 0.239988 -10.716355
v -0.001734 0.315746 -10.716142
v 0.045230 0.079646 -10.716807
v -0.001734 0.070305 -10.716833
v -0.048697 0.079646 -10.716807
v 0.045230 0.306404 -10.716168
v -0.148877 -1.487904 8.583447
v -0.359420 -1.698447 8.583447
v -0.359420 -1.996200 8.583447
v -0.148876 -2.206743 8.583447
v 0.148877 -2.206743 8.583447
v 0.359420 -1.996200 8.583447
v 0.359419 -1.698447 8.583447
v 0.148876 -1.487904 8.583447
v -2.372117 0.963851 -9.654118
v -1.963763 0.963851 -9.654118
v -1.963763 0.963851 -9.555732
v -2.372117 0.963851 -9.555732
v -2.372117 1.292945 -9.654118
v -1.963763 1.292945 -9.654118
v -1.963763 1.292945 -9.555732
v -2.372117 1.292945 -9.555732
v -1.963763 1.064487 -9.654118
v -1.963763 1.194920 -9.654118
v -1.963763 1.064487 -9.555732
v -1.963763 1.194920 -9.555732
v -2.372117 1.055151 -9.555732
v -2.372117 1.204257 -9.555732
v -2.372117 1.055151 -9.654118
v -2.372117 1.204257 -9.654118
v -2.194282 0.963851 -9.654118
v -2.194282 1.292945 -9.556338
v -2.194282 1.292945 -9.654118
v -2.194282 0.963851 -9.556338
v -2.194282 1.194920 -9.654118
v -2.194282 1.064487 -9.654118
v -2.277487 1.204257 -9.654118
v -2.277487 1.055151 -9.654118
v -2.277487 0.963851 -9.654118
v -2.277487 1.292945 -9.555732
v -2.277487 1.292945 -9.654118
v -2.277487 0.963851 -9.555732
v -2.225827 1.204257 -9.654118
v -2.225827 1.055151 -9.654118
v -2.225827 0.963851 -9.654118
v -2.225827 1.292945 -9.555732
v -2.225827 1.292945 -9.654118
v -2.225827 0.963851 -9.555732
v -2.277487 1.204257 -9.555083
v -2.277487 1.055151 -9.555083
v -2.225827 1.204257 -9.555083
v -2.225827 1.055151 -9.555083
v -2.271613 1.194920 -9.654118
v -2.271613 1.064487 -9.654118
v -2.194282 1.194920 -9.556946
v -2.194282 1.064487 -9.556946
v -2.271613 1.194920 -9.556946
v -2.271613 1.064487 -9.556946
v -2.372117 -0.960860 -9.654118
v -1.963763 -0.960860 -9.654118
v -1.963763 -0.960860 -9.555732
v -2.372117 -0.960860 -9.555732
v -2.372117 -0.631766 -9.654118
v -1.963763 -0.631766 -9.654118
v -1.963763 -0.631766 -9.555732
v -2.372117 -0.631766 -9.555732
v -1.963763 -0.860224 -9.654118
v -1.963763 -0.729791 -9.654118
v -1.963763 -0.860224 -9.555732
v -1.963763 -0.729791 -9.555732
v -2.372117 -0.869560 -9.555732
v -2.372117 -0.720454 -9.555732
v -2.372117 -0.869560 -9.654118
v -2.372117 -0.720454 -9.654118
v -2.194282 -0.960860 -9.654118
v -2.194282 -0.631766 -9.556338
v -2.194282 -0.631766 -9.654118
v -2.194282 -0.960860 -9.556338
v -2.194282 -0.729791 -9.654118
v -2.194282 -0.860224 -9.654118
v -2.277487 -0.720454 -9.654118
v -2.277487 -0.869560 -9.654118
v -2.277487 -0.960860 -9.654118
v -2.277487 -0.631766 -9.555732
v -2.277487 -0.631766 -9.654118
v -2.277487 -0.960860 -9.555732
v -2.225827 -0.720454 -9.654118
v -2.225827 -0.869560 -9.654118
v -2.225827 -0.960860 -9.654118
v -2.225827 -0.631766 -9.555732
v -2.225827 -0.631766 -9.654118
v -2.225827 -0.960860 -9.555732
v -2.277487 -0.720454 -9.555083
v -2.277487 -0.869560 -9.555083
v -2.225827 -0.720454 -9.555083
v -2.225827 -0.869560 -9.555083
v -2.271613 -0.729791 -9.654118
v -2.271613 -0.860224 -9.654118
v -2.194282 -0.729791 -9.556946
v -2.194282 -0.860224 -9.556946
v -2.271613 -0.729791 -9.556946
v -2.271613 -0.860224 -9.556946
v -3.778601 1.310986 3.419144
v -3.778601 1.310986 3.310041
v -3.517654 1.280486 3.310041
v -3.517654 1.280486 3.419144
v -3.745349 1.595482 3.514935
v -3.745730 1.592216 3.227405
v -3.484783 1.561715 3.227405
v -3.484402 1.564982 3.514935
v -3.749255 1.562062 3.536282
v -3.749319 1.561517 3.199480
v -3.488372 1.531017 3.199480
v -3.488308 1.531562 3.536282
v -3.770461 1.380634 3.269726
v -3.509514 1.350134 3.269726
v -3.509248 1.352402 3.464118
v -3.770195 1.382903 3.464118
v -3.745476 1.594393 3.419092
v -3.745603 1.593305 3.323248
v -3.779839 1.300400 3.346409
v -3.779839 1.300400 3.382776
v -3.484656 1.562804 3.323248
v -3.484529 1.563893 3.419092
v -3.518892 1.269899 3.382776
v -3.518892 1.269899 3.346409
v -3.778291 1.565088 3.311748
v -3.778270 1.565269 3.424015
v -3.488329 1.531380 3.424015
v -3.488350 1.531199 3.311748
v -3.799455 1.384023 3.332239
v -3.799455 1.384023 3.394753
v -3.509514 1.350134 3.394753
v -3.509514 1.350134 3.332239
v -3.818113 1.582249 3.333893
v -3.823152 1.582406 3.401775
v -3.844717 1.409821 3.351579
v -3.849791 1.409821 3.376519
v -3.879064 1.596449 3.328418
v -3.880264 1.596595 3.401775
v -3.892370 1.451252 3.346104
v -3.893638 1.451252 3.376519
v -3.812718 1.661709 3.333802
v -3.817757 1.661709 3.401685
v -3.868594 1.661709 3.328328
v -3.869794 1.661709 3.401685
v -3.812718 1.725140 3.333802
v -3.817757 1.725140 3.401685
v -3.868594 1.725140 3.328328
v -3.869794 1.725140 3.401685
v -3.816591 1.735289 3.339491
v -3.821634 1.735289 3.395996
v -3.864715 1.735289 3.334017
v -3.865923 1.735289 3.395996
v -3.745539 1.593849 3.371170
v -3.779839 1.300400 3.364592
v -3.484592 1.563349 3.371170
v -3.518892 1.269899 3.364592
v -3.778281 1.565178 3.367881
v -3.488340 1.531289 3.367882
v -3.799455 1.384023 3.363496
v -3.509514 1.350134 3.363496
v -3.815558 1.582327 3.367560
v -3.842180 1.409821 3.363775
v -3.886641 1.596522 3.367560
v -3.899981 1.451252 3.363775
v -3.810163 1.661709 3.367470
v -3.876171 1.661709 3.367470
v -3.810163 1.725140 3.367470
v -3.876171 1.725140 3.367470
v -3.814038 1.735289 3.367470
v -3.872296 1.735289 3.367470
v -3.835190 1.735289 3.377366
v -3.850606 1.735289 3.355186
v -3.851038 1.735289 3.377366
v -3.832472 1.735289 3.367157
v -3.851038 1.753344 3.377366
v -3.832472 1.753344 3.367157
v -3.853319 1.735289 3.367157
v -3.833385 1.735289 3.357145
v -3.815132 1.755053 3.337959
v -3.820458 1.755053 3.397633
v -3.865956 1.755053 3.332177
v -3.867231 1.755053 3.397633
v -3.843223 1.755053 3.322348
v -3.812437 1.755053 3.367507
v -3.873962 1.755053 3.367507
v -3.815132 1.770652 3.337959
v -3.850606 1.753344 3.355186
v -3.835190 1.753344 3.377366
v -3.853319 1.753344 3.367157
v -3.833385 1.753344 3.357145
v -3.820458 1.770652 3.397633
v -3.865956 1.770652 3.332177
v -3.867231 1.770652 3.397633
v -3.831835 1.770652 3.328677
v -3.812437 1.770652 3.367507
v -3.873962 1.770652 3.367507
v -3.810089 2.322334 3.368609
v -3.869202 2.321734 3.346500
v -3.864997 2.290066 3.399465
v -3.831835 2.321734 3.328677
v -3.811851 2.322334 3.338984
v -3.873962 2.321734 3.367507
v -4.195891 1.770652 3.191555
v -4.179081 1.770652 3.263864
v -4.173158 1.770652 3.181726
v -4.203897 1.770652 3.226884
v -4.195891 2.321734 3.191555
v -4.182254 2.290066 3.263647
v -4.173158 2.321734 3.181726
v -4.203897 2.321734 3.226884
v -3.817093 2.290066 3.399465
v -3.808878 2.290066 3.368609
v -3.828745 2.290066 3.328840
v -3.811639 2.290066 3.338347
v -4.207670 2.290066 3.225773
v -4.176188 2.290066 3.179522
v -4.199471 2.290066 3.189589
v -3.818284 1.792825 3.398817
v -3.829839 1.792825 3.328783
v -4.206335 1.792825 3.226166
v -4.175116 1.792825 3.180302
v -3.865788 1.792825 3.398817
v -3.810137 1.792825 3.368219
v -3.812875 1.792825 3.338209
v -4.198204 1.792825 3.190284
v -4.155073 1.770652 3.188579
v -4.155073 2.321734 3.188579
v -4.185812 2.321734 3.233737
v -4.177806 2.321734 3.198407
v -4.185812 1.770652 3.233737
v -4.177806 1.770652 3.198407
v -4.157665 2.290066 3.186540
v -4.156748 1.792825 3.187262
v -4.181131 1.792825 3.263724
v -3.818443 2.322334 3.399677
v -3.839183 2.290073 3.347234
v -3.840277 1.792833 3.347177
v -4.168103 2.290073 3.204934
v -4.167186 1.792833 3.205656
v -3.805866 0.928728 4.193066
v -3.805866 0.928728 3.784712
v -3.707480 0.928728 3.784712
v -3.707480 0.928728 4.193066
v -3.805866 1.257822 4.193066
v -3.805866 1.257822 3.784712
v -3.707480 1.257822 3.784712
v -3.707480 1.257822 4.193066
v -3.805866 1.029364 3.784712
v -3.805866 1.159798 3.784712
v -3.707480 1.029364 3.784712
v -3.707480 1.159798 3.784712
v -3.707480 1.020028 4.193066
v -3.707480 1.169134 4.193066
v -3.805866 1.020028 4.193066
v -3.805866 1.169134 4.193066
v -3.805866 0.928728 4.015231
v -3.708087 1.257822 4.015231
v -3.805866 1.257822 4.015231
v -3.708087 0.928728 4.015231
v -3.805866 1.159798 4.015231
v -3.805866 1.029364 4.015231
v -3.805866 1.169134 4.098436
v -3.805866 1.020028 4.098436
v -3.805866 0.928728 4.098436
v -3.707480 1.257822 4.098436
v -3.805866 1.257822 4.098436
v -3.707480 0.928728 4.098436
v -3.805866 1.169134 4.046775
v -3.805866 1.020028 4.046775
v -3.805866 0.928728 4.046775
v -3.707480 1.257822 4.046775
v -3.805866 1.257822 4.046775
v -3.707480 0.928728 4.046775
v -3.706831 1.169134 4.098436
v -3.706831 1.020028 4.098436
v -3.706831 1.169134 4.046775
v -3.706831 1.020028 4.046775
v -3.805866 1.159798 4.092562
v -3.805866 1.029364 4.092562
v -3.708694 1.159798 4.015231
v -3.708694 1.029364 4.015231
v -3.708694 1.159798 4.092562
v -3.708694 1.029364 4.092562
v -3.901848 0.163770 0.495739
v -3.901848 0.204794 0.512732
v -3.901848 0.221786 0.553755
v -3.901848 0.204794 0.594779
v -3.901848 0.163770 0.611771
v -3.901848 0.122747 0.594779
v -3.901848 0.105755 0.553755
v -3.901848 0.122747 0.512732
v -4.014034 0.163770 0.502710
v -4.014034 0.199865 0.517660
v -4.014034 0.214816 0.553755
v -4.014034 0.199865 0.589850
v -4.014034 0.163770 0.604801
v -4.014034 0.127676 0.589850
v -4.014034 0.112725 0.553755
v -4.014034 0.127676 0.517660
v -3.923362 -0.289415 0.842358
v -3.915420 -0.347298 0.803537
v -3.890604 -0.336730 0.792856
v -3.898546 -0.278846 0.831677
v -3.942677 -0.254358 0.786136
v -3.934735 -0.312242 0.747315
v -3.909919 -0.301673 0.736634
v -3.917861 -0.243790 0.775455
v -3.977558 -0.216477 0.732816
v -3.968325 -0.283766 0.687687
v -3.942911 -0.274253 0.678703
v -3.952143 -0.206965 0.723832
v -3.992094 -0.166000 0.668378
v -3.981132 -0.245891 0.614797
v -3.953470 -0.243496 0.616885
v -3.964432 -0.163605 0.670466
v -3.997493 -0.127500 0.596070
v -3.988260 -0.194788 0.550942
v -3.960539 -0.196459 0.559105
v -3.969772 -0.129171 0.604233
v -3.993008 -0.103914 0.551524
v -3.985066 -0.161797 0.512702
v -3.957559 -0.165089 0.523239
v -3.965501 -0.107206 0.562060
v -3.973750 -0.068287 0.499331
v -3.966186 -0.123420 0.462355
v -3.941036 -0.130288 0.477741
v -3.948601 -0.075156 0.514718
v -3.788760 2.019091 -1.463077
v -3.788234 2.023053 -4.047568
v -3.616224 2.000187 -4.047568
v -3.616750 1.996226 -1.463077
v -3.775421 2.119443 -1.493913
v -3.775449 2.119233 -4.047568
v -3.603439 2.096367 -4.047568
v -3.603411 2.096578 -1.493913
v -3.788446 2.021457 -1.367225
v -3.616436 1.998592 -1.367225
v -3.775735 2.117077 -1.428781
v -3.603725 2.094212 -1.428781
v -3.783883 2.055781 -1.264010
v -3.611873 2.032916 -1.264010
v -3.772624 2.140478 -1.349143
v -3.600614 2.117613 -1.349143
v -3.776800 2.109063 -1.199922
v -3.604791 2.086198 -1.199922
v -3.766348 2.187694 -1.273676
v -3.594338 2.164829 -1.273676
v -3.766542 2.186232 -1.131248
v -3.594532 2.163367 -1.131248
v -3.759392 2.240027 -1.227562
v -3.587382 2.217162 -1.227562
v -3.754274 2.278527 -1.097875
v -3.582264 2.255662 -1.097875
v -3.754274 2.278527 -1.208955
v -3.582264 2.255662 -1.208955
v -3.671472 2.901426 -1.086311
v -3.499462 2.878560 -1.086311
v -3.671472 2.901426 -1.197391
v -3.499462 2.878560 -1.197391
v -3.658513 2.998917 -1.105792
v -3.486503 2.976051 -1.105792
v -3.665637 2.945324 -1.201040
v -3.493627 2.922459 -1.201040
v -3.651029 3.055212 -1.127817
v -3.479019 3.032347 -1.127817
v -3.659089 2.994579 -1.217821
v -3.487079 2.971714 -1.217821
v -3.643076 3.115042 -1.182544
v -3.471066 3.092176 -1.182544
v -3.653081 3.039779 -1.247970
v -3.481071 3.016914 -1.247970
v -3.635927 3.168820 -1.255420
v -3.463917 3.145955 -1.255420
v -3.647333 3.083014 -1.305941
v -3.475323 3.060149 -1.305941
v -3.630965 3.206149 -1.373954
v -3.458955 3.183284 -1.373954
v -3.644004 3.108057 -1.373954
v -3.471994 3.085192 -1.373954
v -3.630965 3.206149 -3.931912
v -3.458955 3.183284 -3.931912
v -3.644004 3.108057 -3.931912
v -3.471995 3.085192 -3.931912
v -3.632477 3.194774 -4.043251
v -3.460467 3.171909 -4.043251
v -3.645032 3.100327 -4.016530
v -3.473022 3.077461 -4.016530
v -3.637068 3.160241 -4.127770
v -3.465058 3.137376 -4.127770
v -3.648718 3.072600 -4.083326
v -3.476708 3.049735 -4.083326
v -3.644659 3.103137 -4.213926
v -3.472649 3.080272 -4.213926
v -3.654386 3.029956 -4.148035
v -3.482377 3.007091 -4.148035
v -3.652824 3.041712 -4.277678
v -3.480814 3.018847 -4.277678
v -3.659533 2.991239 -4.192830
v -3.487523 2.968374 -4.192830
v -3.670423 2.909320 -4.286258
v -3.498413 2.886455 -4.286258
v -3.670423 2.909320 -4.189195
v -3.498413 2.886455 -4.189195
v -3.751450 2.299772 -4.298673
v -3.579440 2.276906 -4.298673
v -3.751450 2.299772 -4.201610
v -3.579440 2.276906 -4.201610
v -3.763123 2.211959 -4.285136
v -3.591113 2.189094 -4.285136
v -3.757046 2.257670 -4.199726
v -3.585036 2.234805 -4.199726
v -3.770269 2.158195 -4.270444
v -3.598259 2.135330 -4.270444
v -3.762342 2.217828 -4.194272
v -3.590332 2.194963 -4.194272
v -3.776863 2.108596 -4.217682
v -3.604853 2.085731 -4.217682
v -3.767007 2.182739 -4.155821
v -3.594997 2.159874 -4.155821
v -3.783293 2.060221 -4.144846
v -3.611283 2.037355 -4.144846
v -3.771542 2.148620 -4.106522
v -3.599532 2.125755 -4.106522
v -3.788760 2.019091 -5.661600
v -3.788234 2.023053 -8.246092
v -3.616224 2.000187 -8.246092
v -3.616750 1.996226 -5.661600
v -3.775421 2.119443 -5.692436
v -3.775449 2.119233 -8.246092
v -3.603439 2.096367 -8.246092
v -3.603411 2.096578 -5.692436
v -3.788446 2.021457 -5.565748
v -3.616436 1.998592 -5.565748
v -3.775735 2.117077 -5.627304
v -3.603725 2.094212 -5.627304
v -3.783883 2.055781 -5.462533
v -3.611873 2.032916 -5.462533
v -3.772624 2.140478 -5.547666
v -3.600614 2.117613 -5.547666
v -3.776800 2.109063 -5.398445
v -3.604791 2.086198 -5.398445
v -3.766348 2.187694 -5.472199
v -3.594338 2.164829 -5.472199
v -3.766542 2.186232 -5.329771
v -3.594532 2.163367 -5.329771
v -3.759392 2.240027 -5.426085
v -3.587382 2.217162 -5.426085
v -3.754274 2.278527 -5.296398
v -3.582264 2.255662 -5.296398
v -3.754274 2.278527 -5.407478
v -3.582264 2.255662 -5.407478
v -3.671472 2.901426 -5.284834
v -3.499462 2.878560 -5.284834
v -3.671472 2.901426 -5.395915
v -3.499462 2.878560 -5.395915
v -3.658513 2.998917 -5.304316
v -3.486503 2.976051 -5.304316
v -3.665637 2.945324 -5.399563
v -3.493627 2.922459 -5.399563
v -3.651029 3.055212 -5.326340
v -3.479019 3.032347 -5.326340
v -3.659089 2.994579 -5.416345
v -3.487079 2.971714 -5.416345
v -3.643076 3.115042 -5.381066
v -3.471066 3.092176 -5.381066
v -3.653081 3.039779 -5.446493
v -3.481071 3.016914 -5.446493
v -3.635927 3.168820 -5.453943
v -3.463917 3.145955 -5.453943
v -3.647333 3.083014 -5.504464
v -3.475323 3.060149 -5.504464
v -3.630965 3.206149 -5.572477
v -3.458955 3.183284 -5.572477
v -3.644004 3.108057 -5.572477
v -3.471994 3.085192 -5.572477
v -3.630965 3.206149 -8.130436
v -3.458955 3.183284 -8.130436
v -3.644004 3.108057 -8.130436
v -3.471995 3.085192 -8.130436
v -3.632477 3.194774 -8.241774
v -3.460467 3.171909 -8.241774
v -3.645032 3.100327 -8.215054
v -3.473022 3.077461 -8.215054
v -3.637068 3.160241 -8.326294
v -3.465058 3.137376 -8.326294
v -3.648718 3.072600 -8.281849
v -3.476708 3.049735 -8.281849
v -3.644659 3.103137 -8.412449
v -3.472649 3.080272 -8.412449
v -3.654386 3.029956 -8.346558
v -3.482377 3.007091 -8.346558
v -3.652824 3.041712 -8.476202
v -3.480814 3.018847 -8.476202
v -3.659533 2.991239 -8.391353
v -3.487523 2.968374 -8.391353
v -3.670423 2.909320 -8.484781
v -3.498413 2.886455 -8.484781
v -3.670423 2.909320 -8.387718
v -3.498413 2.886455 -8.387718
v -3.751450 2.299772 -8.497196
v -3.579440 2.276906 -8.497196
v -3.751450 2.299772 -8.400133
v -3.579440 2.276906 -8.400133
v -3.763123 2.211959 -8.483659
v -3.591113 2.189094 -8.483659
v -3.757046 2.257670 -8.398249
v -3.585036 2.234805 -8.398249
v -3.770269 2.158195 -8.468967
v -3.598259 2.135330 -8.468967
v -3.762342 2.217828 -8.392795
v -3.590332 2.194963 -8.392795
v -3.776863 2.108596 -8.416205
v -3.604853 2.085731 -8.416205
v -3.767007 2.182739 -8.354343
v -3.594997 2.159874 -8.354343
v -3.783293 2.060221 -8.343369
v -3.611283 2.037355 -8.343369
v -3.771542 2.148620 -8.305045
v -3.599532 2.125755 -8.305045
v -2.450206 2.007284 -9.700373
v -2.367462 3.111746 -9.685004
v -2.369986 3.110401 -9.511505
v -2.452730 2.005939 -9.526873
v -2.549759 2.043160 -9.701543
v -2.464356 3.116615 -9.686375
v -2.466880 3.115271 -9.512877
v -2.552283 2.041816 -9.528044
v -2.457389 1.911675 -9.701218
v -2.459913 1.910331 -9.527718
v -2.550637 1.977993 -9.702061
v -2.553161 1.976648 -9.528561
v -2.497136 1.810331 -9.702580
v -2.499660 1.808987 -9.529081
v -2.578199 1.899642 -9.703068
v -2.580724 1.898298 -9.529569
v -2.554023 1.749023 -9.703882
v -2.556547 1.747679 -9.530383
v -2.629545 1.826663 -9.704380
v -2.632069 1.825319 -9.530880
v -2.635203 1.684344 -9.705564
v -2.637727 1.683000 -9.532065
v -2.684574 1.783257 -9.705518
v -2.687099 1.781914 -9.532017
v -2.729854 1.655687 -9.707165
v -2.732379 1.654343 -9.533666
v -2.724293 1.766624 -9.706224
v -2.726817 1.765280 -9.532725
v -3.197590 1.656405 -9.691901
v -3.200114 1.655061 -9.518401
v -3.192027 1.767341 -9.690961
v -3.194552 1.765998 -9.517461
v -3.294828 1.680797 -9.693127
v -3.297353 1.679453 -9.519627
v -3.236069 1.773208 -9.691556
v -3.238594 1.771864 -9.518057
v -3.350439 1.705643 -9.693743
v -3.352963 1.704299 -9.520244
v -3.284849 1.792461 -9.692117
v -3.287374 1.791118 -9.518618
v -3.407973 1.763327 -9.694134
v -3.410497 1.761983 -9.520634
v -3.328876 1.824859 -9.692506
v -3.331399 1.823515 -9.519008
v -3.458502 1.838832 -9.694283
v -3.461027 1.837489 -9.520783
v -3.369529 1.884944 -9.692632
v -3.372054 1.883601 -9.519132
v -3.490173 1.959104 -9.693812
v -3.492697 1.957760 -9.520313
v -3.391353 1.954138 -9.692414
v -3.393877 1.952794 -9.518913
v -3.404766 3.036867 -9.678613
v -3.407290 3.035523 -9.505114
v -3.305946 3.031901 -9.677214
v -3.308470 3.030557 -9.503714
v -3.387732 3.147485 -9.677507
v -3.390256 3.146141 -9.504008
v -3.293921 3.116018 -9.676388
v -3.296445 3.114674 -9.502888
v -3.348711 3.230148 -9.676300
v -3.351235 3.228804 -9.502800
v -3.262644 3.181323 -9.675426
v -3.265168 3.179979 -9.501926
v -3.286869 3.313301 -9.674757
v -3.289393 3.311956 -9.501257
v -3.216444 3.243789 -9.674271
v -3.218968 3.242445 -9.500771
v -3.215444 3.352985 -9.672381
v -3.217968 3.351641 -9.498881
v -3.168845 3.265690 -9.672378
v -3.171369 3.264346 -9.498879
v -3.067350 3.382150 -9.668259
v -3.069874 3.380806 -9.494760
v -3.072210 3.285212 -9.669080
v -3.074734 3.283868 -9.495581
v -2.633662 3.376535 -9.686826
v -2.636187 3.375192 -9.513326
v -2.638523 3.279597 -9.687648
v -2.641047 3.278254 -9.514148
v -2.545876 3.358570 -9.685688
v -2.548400 3.357226 -9.512188
v -2.596203 3.275584 -9.687062
v -2.598727 3.274240 -9.513563
v -2.492449 3.341175 -9.685045
v -2.494973 3.339832 -9.511546
v -2.556338 3.268120 -9.686541
v -2.558862 3.266776 -9.513041
v -2.445123 3.285970 -9.684785
v -2.447647 3.284626 -9.511285
v -2.522914 3.227942 -9.686364
v -2.525438 3.226597 -9.512867
v -2.400035 3.210778 -9.684711
v -2.402559 3.209434 -9.511211
v -2.491010 3.176980 -9.686296
v -2.493533 3.175636 -9.512797
v 3.778601 1.310986 3.419144
v 3.778601 1.310986 3.310041
v 3.517654 1.280486 3.310041
v 3.517654 1.280486 3.419144
v 3.745349 1.595482 3.514935
v 3.745730 1.592216 3.227405
v 3.484783 1.561715 3.227405
v 3.484402 1.564982 3.514935
v 3.749255 1.562062 3.536282
v 3.749319 1.561517 3.199480
v 3.488372 1.531017 3.199480
v 3.488308 1.531562 3.536282
v 3.770461 1.380634 3.269726
v 3.509514 1.350134 3.269726
v 3.509248 1.352402 3.464118
v 3.770195 1.382903 3.464118
v 3.745476 1.594393 3.419092
v 3.745603 1.593305 3.323248
v 3.779839 1.300400 3.346409
v 3.779839 1.300400 3.382776
v 3.484656 1.562804 3.323248
v 3.484529 1.563893 3.419092
v 3.518892 1.269899 3.382776
v 3.518892 1.269899 3.346409
v 3.778291 1.565088 3.311748
v 3.778270 1.565269 3.424015
v 3.488329 1.531380 3.424015
v 3.488350 1.531199 3.311748
v 3.799455 1.384023 3.332239
v 3.799455 1.384023 3.394753
v 3.509514 1.350134 3.394753
v 3.509514 1.350134 3.332239
v 3.818113 1.582249 3.333893
v 3.823152 1.582406 3.401775
v 3.844717 1.409821 3.351579
v 3.849791 1.409821 3.376519
v 3.879064 1.596449 3.328418
v 3.880264 1.596595 3.401775
v 3.892370 1.451252 3.346104
v 3.893638 1.451252 3.376519
v 3.812718 1.661709 3.333802
v 3.817757 1.661709 3.401685
v 3.868594 1.661709 3.328328
v 3.869794 1.661709 3.401685
v 3.812718 1.725140 3.333802
v 3.817757 1.725140 3.401685
v 3.868594 1.725140 3.328328
v 3.869794 1.725140 3.401685
v 3.816591 1.735289 3.339491
v 3.821634 1.735289 3.395996
v 3.864715 1.735289 3.334017
v 3.865923 1.735289 3.395996
v 3.745539 1.593849 3.371170
v 3.779839 1.300400 3.364592
v 3.484592 1.563349 3.371170
v 3.518892 1.269899 3.364592
v 3.778281 1.565178 3.367881
v 3.488340 1.531289 3.367882
v 3.799455 1.384023 3.363496
v 3.509514 1.350134 3.363496
v 3.815558 1.582327 3.367560
v 3.842180 1.409821 3.363775
v 3.886641 1.596522 3.367560
v 3.899981 1.451252 3.363775
v 3.810163 1.661709 3.367470
v 3.876171 1.661709 3.367470
v 3.810163 1.725140 3.367470
v 3.876171 1.725140 3.367470
v 3.814038 1.735289 3.367470
v 3.872296 1.735289 3.367470
v 3.835190 1.735289 3.377366
v 3.850606 1.735289 3.355186
v 3.851038 1.735289 3.377366
v 3.832472 1.735289 3.367157
v 3.851038 1.753344 3.377366
v 3.832472 1.753344 3.367157
v 3.853319 1.735289 3.367157
v 3.833385 1.735289 3.357145
v 3.815132 1.755053 3.337959
v 3.820458 1.755053 3.397633
v 3.865956 1.755053 3.332177
v 3.867231 1.755053 3.397633
v 3.843223 1.755053 3.322348
v 3.812437 1.755053 3.367507
v 3.873962 1.755053 3.367507
v 3.815132 1.770652 3.337959
v 3.850606 1.753344 3.355186
v 3.835190 1.753344 3.377366
v 3.853319 1.753344 3.367157
v 3.833385 1.753344 3.357145
v 3.820458 1.770652 3.397633
v 3.865956 1.770652 3.332177
v 3.867231 1.770652 3.397633
v 3.831835 1.770652 3.328677
v 3.812437 1.770652 3.367507
v 3.873962 1.770652 3.367507
v 3.810089 2.322334 3.368609
v 3.869202 2.321734 3.346500
v 3.864997 2.290066 3.399465
v 3.831835 2.321734 3.328677
v 3.811851 2.322334 3.338984
v 3.873962 2.321734 3.367507
v 4.195891 1.770652 3.191555
v 4.179081 1.770652 3.263864
v 4.173158 1.770652 3.181726
v 4.203897 1.770652 3.226884
v 4.195891 2.321734 3.191555
v 4.182254 2.290066 3.263647
v 4.173158 2.321734 3.181726
v 4.203897 2.321734 3.226884
v 3.817093 2.290066 3.399465
v 3.808878 2.290066 3.368609
v 3.828745 2.290066 3.328840
v 3.811639 2.290066 3.338347
v 4.207670 2.290066 3.225773
v 4.176188 2.290066 3.179522
v 4.199471 2.290066 3.189589
v 3.818284 1.792825 3.398817
v 3.829839 1.792825 3.328783
v 4.206335 1.792825 3.226166
v 4.175116 1.792825 3.180302
v 3.865788 1.792825 3.398817
v 3.810137 1.792825 3.368219
v 3.812875 1.792825 3.338209
v 4.198204 1.792825 3.190284
v 4.155073 1.770652 3.188579
v 4.155073 2.321734 3.188579
v 4.185812 2.321734 3.233737
v 4.177806 2.321734 3.198407
v 4.185812 1.770652 3.233737
v 4.177806 1.770652 3.198407
v 4.157665 2.290066 3.186540
v 4.156748 1.792825 3.187262
v 4.181131 1.792825 3.263724
v 3.818443 2.322334 3.399677
v 3.839183 2.290073 3.347234
v 3.840277 1.792833 3.347177
v 4.168103 2.290073 3.204934
v 4.167186 1.792833 3.205656
v 3.805866 0.928728 4.193066
v 3.805866 0.928728 3.784712
v 3.707480 0.928728 3.784712
v 3.707480 0.928728 4.193066
v 3.805866 1.257822 4.193066
v 3.805866 1.257822 3.784712
v 3.707480 1.257822 3.784712
v 3.707480 1.257822 4.193066
v 3.805866 1.029364 3.784712
v 3.805866 1.159798 3.784712
v 3.707480 1.029364 3.784712
v 3.707480 1.159798 3.784712
v 3.707480 1.020028 4.193066
v 3.707480 1.169134 4.193066
v 3.805866 1.020028 4.193066
v 3.805866 1.169134 4.193066
v 3.805866 0.928728 4.015231
v 3.708087 1.257822 4.015231
v 3.805866 1.257822 4.015231
v 3.708087 0.928728 4.015231
v 3.805866 1.159798 4.015231
v 3.805866 1.029364 4.015231
v 3.805866 1.169134 4.098436
v 3.805866 1.020028 4.098436
v 3.805866 0.928728 4.098436
v 3.707480 1.257822 4.098436
v 3.805866 1.257822 4.098436
v 3.707480 0.928728 4.098436
v 3.805866 1.169134 4.046775
v 3.805866 1.020028 4.046775
v 3.805866 0.928728 4.046775
v 3.707480 1.257822 4.046775
v 3.805866 1.257822 4.046775
v 3.707480 0.928728 4.046775
v 3.706831 1.169134 4.098436
v 3.706831 1.020028 4.098436
v 3.706831 1.169134 4.046775
v 3.706831 1.020028 4.046775
v 3.805866 1.159798 4.092562
v 3.805866 1.029364 4.092562
v 3.708694 1.159798 4.015231
v 3.708694 1.029364 4.015231
v 3.708694 1.159798 4.092562
v 3.708694 1.029364 4.092562
v 3.901848 0.163770 0.495739
v 3.901848 0.204794 0.512732
v 3.901848 0.221786 0.553755
v 3.901848 0.204794 0.594779
v 3.901848 0.163770 0.611771
v 3.901848 0.122747 0.594779
v 3.901848 0.105755 0.553755
v 3.901848 0.122747 0.512732
v 4.014034 0.163770 0.502710
v 4.014034 0.199865 0.517660
v 4.014034 0.214816 0.553755
v 4.014034 0.199865 0.589850
v 4.014034 0.163770 0.604801
v 4.014034 0.127676 0.589850
v 4.014034 0.112725 0.553755
v 4.014034 0.127676 0.517660
v 3.923362 -0.289415 0.842358
v 3.915420 -0.347298 0.803537
v 3.890604 -0.336730 0.792856
v 3.898546 -0.278846 0.831677
v 3.942677 -0.254358 0.786136
v 3.934735 -0.312242 0.747315
v 3.909919 -0.301673 0.736634
v 3.917861 -0.243790 0.775455
v 3.977558 -0.216477 0.732816
v 3.968325 -0.283766 0.687687
v 3.942911 -0.274253 0.678703
v 3.952143 -0.206965 0.723832
v 3.992094 -0.166000 0.668378
v 3.981132 -0.245891 0.614797
v 3.953470 -0.243496 0.616885
v 3.964432 -0.163605 0.670466
v 3.997493 -0.127500 0.596070
v 3.988260 -0.194788 0.550942
v 3.960539 -0.196459 0.559105
v 3.969772 -0.129171 0.604233
v 3.993008 -0.103914 0.551524
v 3.985066 -0.161797 0.512702
v 3.957559 -0.165089 0.523239
v 3.965501 -0.107206 0.562060
v 3.973750 -0.068287 0.499331
v 3.966186 -0.123420 0.462355
v 3.941036 -0.130288 0.477741
v 3.948601 -0.075156 0.514718
v 3.788760 2.019091 -1.463077
v 3.788234 2.023053 -4.047568
v 3.616224 2.000187 -4.047568
v 3.616750 1.996226 -1.463077
v 3.775421 2.119443 -1.493913
v 3.775449 2.119233 -4.047568
v 3.603439 2.096367 -4.047568
v 3.603411 2.096578 -1.493913
v 3.788446 2.021457 -1.367225
v 3.616436 1.998592 -1.367225
v 3.775735 2.117077 -1.428781
v 3.603725 2.094212 -1.428781
v 3.783883 2.055781 -1.264010
v 3.611873 2.032916 -1.264010
v 3.772624 2.140478 -1.349143
v 3.600614 2.117613 -1.349143
v 3.776800 2.109063 -1.199922
v 3.604791 2.086198 -1.199922
v 3.766348 2.187694 -1.273676
v 3.594338 2.164829 -1.273676
v 3.766542 2.186232 -1.131248
v 3.594532 2.163367 -1.131248
v 3.759392 2.240027 -1.227562
v 3.587382 2.217162 -1.227562
v 3.754274 2.278527 -1.097875
v 3.582264 2.255662 -1.097875
v 3.754274 2.278527 -1.208955
v 3.582264 2.255662 -1.208955
v 3.671472 2.901426 -1.086311
v 3.499462 2.878560 -1.086311
v 3.671472 2.901426 -1.197391
v 3.499462 2.878560 -1.197391
v 3.658513 2.998917 -1.105792
v 3.486503 2.976051 -1.105792
v 3.665637 2.945324 -1.201040
v 3.493627 2.922459 -1.201040
v 3.651029 3.055212 -1.127817
v 3.479019 3.032347 -1.127817
v 3.659089 2.994579 -1.217821
v 3.487079 2.971714 -1.217821
v 3.643076 3.115042 -1.182544
v 3.471066 3.092176 -1.182544
v 3.653081 3.039779 -1.247970
v 3.481071 3.016914 -1.247970
v 3.635927 3.168820 -1.255420
v 3.463917 3.145955 -1.255420
v 3.647333 3.083014 -1.305941
v 3.475323 3.060149 -1.305941
v 3.630965 3.206149 -1.373954
v 3.458955 3.183284 -1.373954
v 3.644004 3.108057 -1.373954
v 3.471994 3.085192 -1.373954
v 3.630965 3.206149 -3.931912
v 3.458955 3.183284 -3.931912
v 3.644004 3.108057 -3.931912
v 3.471995 3.085192 -3.931912
v 3.632477 3.194774 -4.043251
v 3.460467 3.171909 -4.043251
v 3.645032 3.100327 -4.016530
v 3.473022 3.077461 -4.016530
v 3.637068 3.160241 -4.127770
v 3.465058 3.137376 -4.127770
v 3.648718 3.072600 -4.083326
v 3.476708 3.049735 -4.083326
v 3.644659 3.103137 -4.213926
v 3.472649 3.080272 -4.213926
v 3.654386 3.029956 -4.148035
v 3.482377 3.007091 -4.148035
v 3.652824 3.041712 -4.277678
v 3.480814 3.018847 -4.277678
v 3.659533 2.991239 -4.192830
v 3.487523 2.968374 -4.192830
v 3.670423 2.909320 -4.286258
v 3.498413 2.886455 -4.286258
v 3.670423 2.909320 -4.189195
v 3.498413 2.886455 -4.189195
v 3.751450 2.299772 -4.298673
v 3.579440 2.276906 -4.298673
v 3.751450 2.299772 -4.201610
v 3.579440 2.276906 -4.201610
v 3.763123 2.211959 -4.285136
v 3.591113 2.189094 -4.285136
v 3.757046 2.257670 -4.199726
v 3.585036 2.234805 -4.199726
v 3.770269 2.158195 -4.270444
v 3.598259 2.135330 -4.270444
v 3.762342 2.217828 -4.194272
v 3.590332 2.194963 -4.194272
v 3.776863 2.108596 -4.217682
v 3.604853 2.085731 -4.217682
v 3.767007 2.182739 -4.155821
v 3.594997 2.159874 -4.155821
v 3.783293 2.060221 -4.144846
v 3.611283 2.037355 -4.144846
v 3.771542 2.148620 -4.106522
v 3.599532 2.125755 -4.106522
v 3.788760 2.019091 -5.661600
v 3.788234 2.023053 -8.246092
v 3.616224 2.000187 -8.246092
v 3.616750 1.996226 -5.661600
v 3.775421 2.119443 -5.692436
v 3.775449 2.119233 -8.246092
v 3.603439 2.096367 -8.246092
v 3.603411 2.096578 -5.692436
v 3.788446 2.021457 -5.565748
v 3.616436 1.998592 -5.565748
v 3.775735 2.117077 -5.627304
v 3.603725 2.094212 -5.627304
v 3.783883 2.055781 -5.462533
v 3.611873 2.032916 -5.462533
v 3.772624 2.140478 -5.547666
v 3.600614 2.117613 -5.547666
v 3.776800 2.109063 -5.398445
v 3.604791 2.086198 -5.398445
v 3.766348 2.187694 -5.472199
v 3.594338 2.164829 -5.472199
v 3.766542 2.186232 -5.329771
v 3.594532 2.163367 -5.329771
v 3.759392 2.240027 -5.426085
v 3.587382 2.217162 -5.426085
v 3.754274 2.278527 -5.296398
v 3.582264 2.255662 -5.296398
v 3.754274 2.278527 -5.407478
v 3.582264 2.255662 -5.407478
v 3.671472 2.901426 -5.284834
v 3.499462 2.878560 -5.284834
v 3.671472 2.901426 -5.395915
v 3.499462 2.878560 -5.395915
v 3.658513 2.998917 -5.304316
v 3.486503 2.976051 -5.304316
v 3.665637 2.945324 -5.399563
v 3.493627 2.922459 -5.399563
v 3.651029 3.055212 -5.326340
v 3.479019 3.032347 -5.326340
v 3.659089 2.994579 -5.416345
v 3.487079 2.971714 -5.416345
v 3.643076 3.115042 -5.381066
v 3.471066 3.092176 -5.381066
v 3.653081 3.039779 -5.446493
v 3.481071 3.016914 -5.446493
v 3.635927 3.168820 -5.453943
v 3.463917 3.145955 -5.453943
v 3.647333 3.083014 -5.504464
v 3.475323 3.060149 -5.504464
v 3.630965 3.206149 -5.572477
v 3.458955 3.183284 -5.572477
v 3.644004 3.108057 -5.572477
v 3.471994 3.085192 -5.572477
v 3.630965 3.206149 -8.130436
v 3.458955 3.183284 -8.130436
v 3.644004 3.108057 -8.130436
v 3.471995 3.085192 -8.130436
v 3.632477 3.194774 -8.241774
v 3.460467 3.171909 -8.241774
v 3.645032 3.100327 -8.215054
v 3.473022 3.077461 -8.215054
v 3.637068 3.160241 -8.326294
v 3.465058 3.137376 -8.326294
v 3.648718 3.072600 -8.281849
v 3.476708 3.049735 -8.281849
v 3.644659 3.103137 -8.412449
v 3.472649 3.080272 -8.412449
v 3.654386 3.029956 -8.346558
v 3.482377 3.007091 -8.346558
v 3.652824 3.041712 -8.476202
v 3.480814 3.018847 -8.476202
v 3.659533 2.991239 -8.391353
v 3.487523 2.968374 -8.391353
v 3.670423 2.909320 -8.484781
v 3.498413 2.886455 -8.484781
v 3.670423 2.909320 -8.387718
v 3.498413 2.886455 -8.387718
v 3.751450 2.299772 -8.497196
v 3.579440 2.276906 -8.497196
v 3.751450 2.299772 -8.400133
v 3.579440 2.276906 -8.400133
v 3.763123 2.211959 -8.483659
v 3.591113 2.189094 -8.483659
v 3.757046 2.257670 -8.398249
v 3.585036 2.234805 -8.398249
v 3.770269 2.158195 -8.468967
v 3.598259 2.135330 -8.468967
v 3.762342 2.217828 -8.392795
v 3.590332 2.194963 -8.392795
v 3.776863 2.108596 -8.416205
v 3.604853 2.085731 -8.416205
v 3.767007 2.182739 -8.354343
v 3.594997 2.159874 -8.354343
v 3.783293 2.060221 -8.343369
v 3.611283 2.037355 -8.343369
v 3.771542 2.148620 -8.305045
v 3.599532 2.125755 -8.305045
v 2.450206 2.007284 -9.700373
v 2.367462 3.111746 -9.685004
v 2.369986 3.110401 -9.511505
v 2.452730 2.005939 -9.526873
v 2.549759 2.043160 -9.701543
v 2.464356 3.116615 -9.686375
v 2.466880 3.115271 -9.512877
v 2.552283 2.041816 -9.528044
v 2.457389 1.911675 -9.701218
v 2.459913 1.910331 -9.527718
v 2.550637 1.977993 -9.702061
v 2.553161 1.976648 -9.528561
v 2.497136 1.810331 -9.702580
v 2.499660 1.808987 -9.529081
v 2.578199 1.899642 -9.703068
v 2.580724 1.898298 -9.529569
v 2.554023 1.749023 -9.703882
v 2.556547 1.747679 -9.530383
v 2.629545 1.826663 -9.704380
v 2.632069 1.825319 -9.530880
v 2.635203 1.684344 -9.705564
v 2.637727 1.683000 -9.532065
v 2.684574 1.783257 -9.705518
v 2.687099 1.781914 -9.532017
v 2.729854 1.655687 -9.707165
v 2.732379 1.654343 -9.533666
v 2.724293 1.766624 -9.706224
v 2.726817 1.765280 -9.532725
v 3.197590 1.656405 -9.691901
v 3.200114 1.655061 -9.518401
v 3.192027 1.767341 -9.690961
v 3.194552 1.765998 -9.517461
v 3.294828 1.680797 -9.693127
v 3.297353 1.679453 -9.519627
v 3.236069 1.773208 -9.691556
v 3.238594 1.771864 -9.518057
v 3.350439 1.705643 -9.693743
v 3.352963 1.704299 -9.520244
v 3.284849 1.792461 -9.692117
v 3.287374 1.791118 -9.518618
v 3.407973 1.763327 -9.694134
v 3.410497 1.761983 -9.520634
v 3.328876 1.824859 -9.692506
v 3.331399 1.823515 -9.519008
v 3.458502 1.838832 -9.694283
v 3.461027 1.837489 -9.520783
v 3.369529 1.884944 -9.692632
v 3.372054 1.883601 -9.519132
v 3.490173 1.959104 -9.693812
v 3.492697 1.957760 -9.520313
v 3.391353 1.954138 -9.692414
v 3.393877 1.952794 -9.518913
v 3.404766 3.036867 -9.678613
v 3.407290 3.035523 -9.505114
v 3.305946 3.031901 -9.677214
v 3.308470 3.030557 -9.503714
v 3.387732 3.147485 -9.677507
v 3.390256 3.146141 -9.504008
v 3.293921 3.116018 -9.676388
v 3.296445 3.114674 -9.502888
v 3.348711 3.230148 -9.676300
v 3.351235 3.228804 -9.502800
v 3.262644 3.181323 -9.675426
v 3.265168 3.179979 -9.501926
v 3.286869 3.313301 -9.674757
v 3.289393 3.311956 -9.501257
v 3.216444 3.243789 -9.674271
v 3.218968 3.242445 -9.500771
v 3.215444 3.352985 -9.672381
v 3.217968 3.351641 -9.498881
v 3.168845 3.265690 -9.672378
v 3.171369 3.264346 -9.498879
v 3.067350 3.382150 -9.668259
v 3.069874 3.380806 -9.494760
v 3.072210 3.285212 -9.669080
v 3.074734 3.283868 -9.495581
v 2.633662 3.376535 -9.686826
v 2.636187 3.375192 -9.513326
v 2.638523 3.279597 -9.687648
v 2.641047 3.278254 -9.514148
v 2.545876 3.358570 -9.685688
v 2.548400 3.357226 -9.512188
v 2.596203 3.275584 -9.687062
v 2.598727 3.274240 -9.513563
v 2.492449 3.341175 -9.685045
v 2.494973 3.339832 -9.511546
v 2.556338 3.268120 -9.686541
v 2.558862 3.266776 -9.513041
v 2.445123 3.285970 -9.684785
v 2.447647 3.284626 -9.511285
v 2.522914 3.227942 -9.686364
v 2.525438 3.226597 -9.512867
v 2.400035 3.210778 -9.684711
v 2.402559 3.209434 -9.511211
v 2.491010 3.176980 -9.686296
v 2.493533 3.175636 -9.512797
v -0.921413 1.049189 8.891884
v -0.921413 1.049189 8.066410
v -1.929859 0.917652 8.891884
v -1.929859 0.917652 8.066410
v -0.921413 -0.794609 9.235208
v -1.913390 -0.804361 8.871020
v -1.913390 -0.804361 8.066410
v -0.921413 -1.480171 9.352951
v -0.921413 -1.432729 8.066410
v -1.913390 -1.480171 8.839246
v -1.913390 -1.432729 8.066410
v -1.913390 -1.092559 8.066410
v -1.913390 -1.092559 8.935472
v -0.921413 -1.092559 9.449177
v -1.914534 -0.771855 8.066410
v -1.914534 -0.771855 8.886333
v -0.921413 -0.771855 8.886333
v -1.873122 0.544326 8.351145
v -1.873122 0.891224 8.351145
v -3.991219 -0.727142 9.309975
v -3.991219 -0.427986 9.309975
v -1.873122 -1.383537 8.351145
v -4.040953 0.423760 8.677889
v -3.991219 0.734263 8.677889
v -4.040953 -1.303452 9.138710
v -4.040953 -0.739481 8.901962
v -4.040953 -0.441521 8.677889
v -1.873122 0.544326 9.309975
v -1.873122 0.891224 9.020193
v -1.873122 -1.383537 9.309975
v -3.991219 0.443667 9.309975
v -3.991219 0.734263 9.020193
v -3.991219 -1.316675 9.309975
v -1.873122 -0.729784 9.309975
v -1.873122 -0.402901 9.309975
v -1.873122 -0.729784 8.351145
v -1.873122 -0.402901 8.351145
v -4.040953 -0.176113 7.281883
v -3.991219 0.770622 7.281883
v -4.040953 0.513111 7.281883
v -1.873122 0.891224 7.281883
v -1.873122 0.617673 7.281883
v -1.873122 -0.137494 7.281883
v -4.040953 -0.304957 6.478551
v -3.991219 0.770622 6.478551
v -4.040953 0.513111 6.478551
v -1.873122 0.891224 6.478551
v -1.873122 0.891224 4.227362
v -4.040953 0.513111 4.202510
v -3.991219 0.770622 4.202510
v -3.687708 0.891224 4.202510
v -1.873122 0.891224 4.202510
v -4.040953 -0.304957 4.202510
v -4.040953 -0.723031 5.879422
v -4.040953 -0.723031 4.202510
v -4.040953 -1.352015 4.202510
v -4.040953 -1.361540 5.485537
v -4.040994 -1.945613 5.218837
v -4.040994 -1.947518 4.202510
v -4.040953 0.513111 0.479224
v -4.040953 -1.352015 -0.002031
v -4.040953 0.513111 -0.002031
v -4.040953 -0.723031 -0.002031
v -3.991219 0.770622 -0.002031
v -4.040953 -0.304957 -0.002031
v -3.991219 0.770622 -4.240367
v -4.040953 0.513111 -4.240367
v -4.040953 -0.429836 -4.240367
v -4.040953 -1.352015 -3.225006
v -4.040953 -0.140738 -4.240367
v -4.040953 -0.304957 -0.867732
v -4.040994 -1.947518 -2.901123
v -4.040994 -1.947518 -0.867732
v -4.040953 -0.723031 -0.867732
v -4.040953 -1.352015 -0.867732
v -4.040953 0.513111 -0.867732
v -3.991219 0.770622 -0.867732
v -4.040953 -0.079849 -5.361427
v -3.991219 0.770622 -5.361427
v -4.040953 0.513111 -5.361427
v -4.040953 -0.304409 -5.361427
v -4.040953 -0.139087 -6.285681
v -3.991219 0.770622 -6.285681
v -4.040953 0.513111 -6.285681
v -4.040953 -0.541363 -6.285681
v -4.040953 -0.541363 -9.589754
v -4.040953 -0.541363 -8.481936
v -4.040953 -0.541363 -7.111700
v -4.040953 -0.139087 -7.111699
v -4.040953 -0.139087 -8.481936
v -4.040953 -0.139087 -9.589754
v -4.040953 0.513111 -7.111699
v -4.040953 0.513111 -8.481936
v -3.991219 0.770622 -7.111699
v -3.991219 0.770622 -8.481936
v -4.040953 -1.248721 -9.578328
v -4.040953 -1.765134 -7.239507
v -4.040953 -1.702514 -8.689520
v -4.040953 -1.907739 -7.705169
v -3.739738 1.066693 -0.002031
v -3.739738 1.066693 -0.867732
v -3.739738 1.066693 -4.240367
v -3.739738 1.066693 -5.361427
v -3.739738 1.066693 -6.285681
v -3.739738 1.066693 -9.589754
v -3.739738 1.066693 -8.481936
v -3.739738 1.066693 -7.111700
v -3.739738 1.242465 0.477299
v -3.739738 1.241902 -0.002031
v -3.739738 1.241902 -0.867732
v -3.739738 1.241902 -4.240367
v -1.646343 4.623687 -7.111700
v -3.739738 1.241902 -5.361427
v -3.739738 1.241902 -6.285681
v -3.739738 1.241902 -8.481936
v -3.739738 1.241902 -7.111700
v -3.991219 0.770622 3.724994
v -4.040953 -0.304957 3.724994
v -4.040994 -1.947518 3.724994
v -4.040953 -1.352015 3.724994
v -4.040953 0.513111 3.724994
v -4.040953 -0.723031 3.724994
v -3.739738 1.066693 3.724994
v -3.739738 1.241902 3.724994
v -3.783077 1.106095 -0.002031
v -3.783077 1.106095 -0.867732
v -3.783077 1.106095 -4.240367
v -3.783077 1.106095 -5.361427
v -3.783077 1.106095 -6.285681
v -3.783077 1.106095 -9.589754
v -3.783077 1.106095 -8.481936
v -3.783077 1.106095 -7.111700
v -3.783077 1.202500 0.479225
v -3.783077 1.202500 -0.002031
v -3.783077 1.202500 -4.240367
v -3.783077 1.202500 -0.867732
v -3.783077 1.202500 -5.361427
v -3.783077 1.202500 -6.285681
v -3.783077 1.202500 -8.481936
v -3.783077 1.202500 -7.111700
v -3.783077 1.106095 3.724994
v -3.783077 1.202500 3.724994
v -3.687708 0.891224 8.677889
v -3.687708 -0.729784 9.309975
v -3.687708 -0.402901 9.309975
v -3.687708 0.544326 9.309975
v -3.687708 0.891224 9.020193
v -3.687708 -1.383537 9.309975
v -3.687708 0.891224 7.281883
v -3.687708 0.891224 6.478551
v -1.646343 4.623687 -5.361427
v -3.505534 3.612555 -5.361427
v -1.646343 4.623687 -0.867733
v -1.646343 4.623687 -3.679171
v -3.663059 2.133714 -8.377841
v -1.646343 4.474038 -0.002031
v -3.663059 2.057012 -7.111700
v -3.556129 3.101326 -1.181545
v -2.401311 4.381738 -9.673237
v -3.247249 4.381738 -5.361427
v -1.646343 4.379456 -9.673237
v -3.503028 3.639917 -0.867732
v -3.663059 2.057013 -9.589754
v -3.663059 2.057012 -0.002031
v -3.557692 3.113468 -0.002031
v -3.532101 3.340739 -0.002031
v -3.505534 3.612555 -9.589754
v -3.556129 3.115526 -9.589754
v -2.580108 1.745536 -9.589754
v -3.443578 0.891224 8.677889
v -3.443578 -0.729784 9.309975
v -3.443578 -0.402901 9.309975
v -3.443578 0.544326 9.309975
v -3.443578 0.891224 9.020193
v -3.443578 -1.383537 9.309975
v -3.443578 0.891224 7.281883
v -3.443578 0.891224 6.478551
v -3.443578 0.891224 4.202510
v -3.739738 1.241902 -9.589754
v -3.367656 1.768166 -9.589754
v -3.247249 4.381738 -0.867732
v -3.398083 2.055595 -9.589754
v -3.275484 3.055912 -9.589754
v -2.401311 4.476320 -0.002031
v -2.401311 4.625969 -3.679171
v -2.401311 4.625969 -0.867732
v -2.401311 4.625969 -5.361427
v -2.401311 4.625969 -9.673237
v -2.401311 4.625969 -7.111700
v -3.247249 4.381738 -3.679171
v -3.247249 4.381738 -7.111700
v -3.247249 4.381738 -9.673237
v -3.247249 4.232090 -0.002031
v -3.551624 3.671988 -5.361427
v -2.401311 3.671988 -9.673237
v -3.551624 3.671988 -9.673237
v -3.551624 3.671988 -0.867732
v -3.551624 3.624781 -0.002031
v -3.505534 3.565349 -0.002031
v -1.646343 3.610273 -9.589684
v -2.408833 3.595144 -9.589754
v -1.646343 4.623687 -9.673237
v -1.735825 1.241902 -9.589754
v -1.646343 3.669706 -9.673159
v -0.904397 1.416105 4.199573
v -0.901595 1.340242 8.350807
v -0.898716 1.262312 8.628980
v -0.896753 1.209178 8.704223
v -0.893547 1.122393 8.749825
v -0.892108 1.083428 8.558296
v -0.892108 1.083428 4.199573
v -1.418752 1.376166 4.199573
v -1.409296 1.303877 8.315967
v -1.399583 1.229620 8.594139
v -1.392960 1.178989 8.669382
v -1.382143 1.096293 8.714984
v -1.377286 1.059164 8.523456
v -1.377286 1.059164 4.199573
v -1.953052 1.283824 4.199573
v -1.929086 1.216816 8.204423
v -1.904468 1.147982 8.482595
v -1.887682 1.101050 8.557838
v -1.860266 1.024394 8.603440
v -1.847957 0.989977 8.411912
v -1.847957 0.989977 4.199573
v -2.356868 1.225379 4.199573
v -2.331831 1.169330 8.026615
v -2.306110 1.111754 8.289238
v -2.288574 1.072498 8.360274
v -2.259931 1.008379 8.403326
v -2.247071 0.979591 8.222505
v -2.247071 0.979591 4.199573
v -0.903841 1.401044 5.115807
v -0.902728 1.370921 6.952764
v -1.416875 1.361814 5.115807
v -1.413120 1.333111 6.952764
v -1.948294 1.270521 5.115807
v -1.938778 1.243914 6.952764
v -2.351897 1.214252 5.110658
v -2.341956 1.191997 6.844925
v -2.984231 1.157238 4.199573
v -2.959193 1.101189 7.652394
v -2.933473 1.043613 7.866164
v -2.915936 1.004357 7.923986
v -2.887294 0.940238 7.959030
v -2.874434 0.911450 7.811844
v -2.874433 0.911450 4.199573
v -2.979260 1.146111 4.915808
v -2.969318 1.123856 6.327470
v -3.387547 1.157238 4.199573
v -3.309932 1.101189 7.283708
v -3.353951 1.043613 7.497478
v -3.377872 1.004357 7.555300
v -3.418286 0.940238 7.590344
v -3.441988 0.911450 7.443159
v -3.621600 0.911450 4.199573
v -3.397377 1.146111 4.915808
v -3.253855 1.123856 6.327470
v -0.892108 1.083428 6.813909
v -0.892108 1.083428 5.069522
v -1.377286 1.059164 6.793005
v -1.377286 1.059164 5.062553
v -1.847957 0.989977 6.726078
v -1.847957 0.989977 5.040245
v -2.247071 0.979591 6.630912
v -2.247071 0.979591 5.039320
v -2.874434 0.911450 6.371097
v -2.874434 0.911450 4.930350
v -3.441988 0.911450 6.371097
v -3.621600 0.911450 4.930350
v -1.646343 3.799317 3.073082
v -2.401311 3.799771 3.073082
v -1.646343 4.203563 1.423564
v -2.401311 4.052714 2.348420
v -2.401311 4.205505 1.423564
v -3.247249 3.962595 2.348420
v -3.247249 4.076773 1.423564
v -3.551624 3.646606 1.423564
v -3.551624 3.661454 2.348420
v -1.646343 3.667759 2.908652
v -1.646343 4.051354 2.348420
v -2.401311 3.669230 3.073082
v -3.247249 3.769703 3.073082
v -3.551624 3.669230 3.073082
v -0.069067 3.702057 2.908652
v -3.505534 3.612555 -8.801458
v -3.739738 1.068402 4.202510
v -3.687708 1.068402 4.202510
v -3.443578 1.068402 4.202510
v -3.739738 0.906855 -6.285681
v -3.739738 0.906855 -5.361427
v -3.739738 0.906855 -0.867732
v -3.739738 0.906855 -9.589754
v -3.739738 0.906855 -0.002031
v -3.739738 0.906855 0.479224
v -3.739738 0.906855 -8.481936
v -3.739738 0.906855 -4.240367
v -3.739738 0.906855 -7.111700
v -3.739738 0.906855 3.724994
v -3.739738 1.461711 4.202510
v -3.443578 1.461711 4.202510
v -3.687708 1.461711 4.202510
v -3.703971 1.619957 3.656701
v -3.534022 3.343607 0.231023
v -3.660963 2.057107 0.231023
v -3.434469 3.696892 0.292754
v -3.345340 3.723819 2.968998
v -3.346166 3.723819 2.968998
v -3.102036 3.723819 2.968998
v -1.531579 3.723819 2.968998
v -3.345340 3.714681 2.674084
v -3.108288 3.683920 2.990761
v -3.436281 3.398203 3.146248
v -3.436281 3.387995 2.784514
v -3.140121 3.398203 3.146248
v -0.069203 3.398203 3.146248
v -1.569665 3.398203 2.734363
v -3.393504 1.860493 3.999915
v -3.687840 1.733196 0.230955
v -4.040953 -0.723031 0.479224
v -4.040953 0.235948 0.510247
v -3.991219 0.770622 0.479224
v -4.040953 -0.286903 0.434243
v -4.040994 -1.947518 0.479224
v -3.783077 1.106095 0.479225
v -3.378337 1.733196 0.230955
v -3.224519 3.343607 0.231023
v -3.396817 1.574082 0.253915
v -3.561014 3.113321 0.231023
v -3.251511 3.113321 0.231023
v -0.080374 1.860493 3.999915
v -0.080374 1.860493 3.588031
v -0.067661 3.703870 2.979880
v -1.021053 3.723819 2.968998
v -1.046443 3.398203 2.734363
v -0.069203 3.398203 2.734363
v -1.569665 3.398203 3.058554
v -3.393504 1.860493 3.912221
v -1.046443 3.398203 3.058554
v -0.067524 3.723819 2.968998
v -0.082581 1.461711 4.202510
v -0.082581 0.891224 4.202510
v -0.082581 1.068402 4.202510
v -4.040953 -1.352015 0.836773
v -3.739738 1.242721 0.834140
v -3.783077 1.202500 0.836773
v -3.739738 0.906855 0.836773
v -3.394468 1.594932 0.829570
v -4.040953 -1.352015 0.479224
v -3.908885 0.235948 0.477139
v -3.908885 -0.286903 0.395066
v -3.739738 1.066693 0.479224
v -4.040953 0.229359 0.826889
v -3.991219 0.770622 0.836773
v -4.040953 -0.306233 0.783189
v -3.739738 1.066693 0.836773
v -3.783077 1.106095 0.836773
v -3.703971 1.594932 0.829570
v -4.040953 0.513111 0.836773
v -4.040953 -0.723031 0.836773
v -3.908885 0.229359 0.854705
v -3.908885 -0.305815 0.802634
v -1.864060 -0.139087 -9.589754
v -1.731063 1.679668 -9.589754
v -1.864060 -0.541363 -9.589754
v -1.841118 0.770622 -9.589754
v -4.040953 0.513111 -9.589754
v -4.040953 -1.572941 -9.533154
v -3.991219 0.770622 -9.589754
v -3.783077 1.202500 -9.589754
v -1.725112 0.906855 -9.589754
v -1.864060 -1.248721 -9.578328
v -1.745104 1.106095 -9.589754
v -1.745104 1.202500 -9.589754
v -1.864060 0.513111 -9.589754
v -1.725112 1.066693 -9.589754
v -1.864060 -1.572941 -9.533154
v -4.040953 -1.246817 -8.725171
v -4.040953 -1.246817 -6.940585
v -4.040953 -1.246817 -7.579018
v -4.058150 -2.114272 9.353916
v -4.058150 -2.114272 9.026037
v -4.058150 -1.401416 9.353916
v -4.058150 -1.401416 9.026037
v -3.746633 -1.401416 9.026037
v -3.746633 -2.114272 9.026037
v -3.746633 -1.401416 9.551347
v -3.746633 -2.114272 9.551347
v -1.915550 -0.304957 6.478551
v -1.915550 -0.176113 7.281883
v -1.915550 -0.176113 7.743737
v -1.915550 -0.723031 5.879422
v -1.915550 -0.739481 8.901962
v -1.915550 -0.441521 8.677889
v -1.915550 -1.303452 9.138710
v -1.915550 -0.182973 8.234316
v -3.441508 -0.176113 7.743737
v -3.441508 -1.303452 9.138710
v -3.441508 -0.304957 6.478551
v -3.441508 -0.176113 7.281883
v -3.441508 -0.739481 8.901962
v -3.441508 -0.441521 8.677889
v -3.692934 -1.303452 9.138710
v -3.692934 -0.176113 7.281883
v -3.692934 -0.739481 8.901962
v -3.692934 -0.441521 8.677889
v -0.642204 0.901910 8.924120
v -0.642204 0.870578 8.963242
v -0.642204 0.719295 8.963242
v -0.642204 0.696107 8.952399
v -0.642204 0.687964 8.924120
v -0.642204 0.696107 8.895841
v -0.642204 0.719295 8.884998
v -0.642204 0.893767 8.895841
v -0.729950 0.894270 8.895841
v -0.729950 0.791804 8.884998
v -0.729950 0.778186 8.895841
v -0.729950 0.880651 8.963242
v -0.729950 0.773403 8.924120
v -0.729950 0.778186 8.952399
v -0.729950 0.899052 8.924120
v -0.729950 0.791804 8.963242
v -0.916043 0.881830 8.924120
v -0.911287 0.870427 8.963242
v -0.888324 0.815369 8.963242
v -0.884804 0.806930 8.952399
v -0.883568 0.803966 8.924120
v -0.884804 0.806930 8.895841
v -0.888324 0.815369 8.884998
v -0.914807 0.878866 8.895841
v -1.022264 0.752389 8.924120
v -1.010048 0.750541 8.963242
v -0.951064 0.741622 8.963242
v -0.942023 0.740255 8.952399
v -0.938848 0.739775 8.924120
v -0.942023 0.740255 8.895841
v -0.951064 0.741622 8.884998
v -1.019089 0.751909 8.895841
v -1.028987 0.514131 8.924120
v -1.016650 0.514131 8.963242
v -0.957085 0.514131 8.963242
v -0.947954 0.514131 8.952399
v -0.944748 0.514131 8.924120
v -0.947954 0.514131 8.895841
v -0.957085 0.514131 8.884998
v -1.025781 0.514131 8.895841
v -0.939936 -0.534149 8.924120
v -0.927600 -0.534149 8.963242
v -0.868034 -0.534149 8.963242
v -0.858904 -0.534149 8.952399
v -0.855698 -0.534149 8.924120
v -0.858904 -0.534149 8.895841
v -0.868034 -0.534149 8.884998
v -0.936730 -0.534149 8.895841
v -0.914223 -0.604147 8.924120
v -0.901886 -0.604147 8.963242
v -0.842321 -0.604147 8.963242
v -0.833190 -0.604147 8.952399
v -0.829984 -0.604147 8.924120
v -0.833190 -0.604147 8.895841
v -0.842321 -0.604147 8.884998
v -0.911016 -0.604147 8.895841
v -0.808674 -0.732982 8.924120
v -0.803264 -0.721895 8.963242
v -0.777144 -0.668362 8.963242
v -0.773140 -0.660156 8.952399
v -0.771735 -0.657275 8.924120
v -0.773140 -0.660156 8.895841
v -0.777144 -0.668362 8.884998
v -0.807268 -0.730101 8.895841
v -0.651378 -0.763451 8.924120
v -0.651378 -0.751526 8.963242
v -0.651378 -0.693946 8.963242
v -0.651378 -0.685120 8.952399
v -0.651378 -0.682021 8.924120
v -0.651378 -0.685120 8.895841
v -0.651378 -0.693946 8.884998
v -0.651378 -0.760352 8.895841
v -0.981583 0.506874 8.932740
v -0.981583 0.503113 8.947513
v -0.981583 0.461231 8.947513
v -0.981583 0.457471 8.932740
v -0.981583 0.457471 8.915499
v -0.981583 0.461231 8.900726
v -0.981583 0.503113 8.900726
v -0.981583 0.506874 8.915499
v -0.957823 0.353179 8.915499
v -0.957823 0.349418 8.900726
v -0.957823 0.307536 8.900726
v -0.957823 0.303775 8.915499
v -0.957823 0.303775 8.932740
v -0.957823 0.307536 8.947513
v -0.957823 0.349418 8.947513
v -0.957823 0.353179 8.932740
v -0.921621 0.167443 8.932740
v -0.921621 0.163683 8.947513
v -0.921621 0.121801 8.947513
v -0.921621 0.118040 8.932740
v -0.921621 0.118040 8.915499
v -0.921621 0.121801 8.900726
v -0.921621 0.163683 8.900726
v -0.921621 0.167443 8.915499
v -0.921621 0.004136 8.915499
v -0.921621 0.000375 8.900726
v -0.921621 -0.041506 8.900726
v -0.921621 -0.045267 8.915499
v -0.921621 -0.045267 8.932740
v -0.921621 -0.041506 8.947513
v -0.921621 0.000375 8.947513
v -0.921621 0.004136 8.932740
v -0.901234 -0.146822 8.932740
v -0.901234 -0.150582 8.947513
v -0.901234 -0.192464 8.947513
v -0.901234 -0.196225 8.932740
v -0.901234 -0.196225 8.915499
v -0.901234 -0.192464 8.900726
v -0.901234 -0.150582 8.900726
v -0.901234 -0.146822 8.915499
v -0.877197 -0.333091 8.915499
v -0.877197 -0.336852 8.900726
v -0.877197 -0.378734 8.900726
v -0.877197 -0.382494 8.915499
v -0.877197 -0.382494 8.932740
v -0.877197 -0.378734 8.947513
v -0.877197 -0.336852 8.947513
v -0.896782 -0.502829 8.932740
v -0.896782 -0.506590 8.947513
v -0.896782 -0.548472 8.947513
v -0.896782 -0.552232 8.932740
v -0.896782 -0.552232 8.915499
v -0.896782 -0.548472 8.900726
v -0.877197 -0.333091 8.932740
v -0.896782 -0.506590 8.900726
v -0.896782 -0.502829 8.915499
v -1.720982 0.472816 8.932740
v -1.719554 0.469337 8.947513
v -1.703653 0.430591 8.947513
v -1.702226 0.427112 8.932740
v -1.702226 0.427112 8.915499
v -1.703653 0.430591 8.900726
v -1.719554 0.469337 8.900726
v -1.720982 0.472816 8.915499
v -1.814197 0.426061 8.932740
v -1.811400 0.423548 8.947513
v -1.780244 0.395558 8.947513
v -1.777446 0.393045 8.932740
v -1.777446 0.393045 8.915499
v -1.780244 0.395558 8.900726
v -1.811400 0.423548 8.900726
v -1.814197 0.426061 8.915499
v -1.858626 0.329180 8.932740
v -1.854883 0.328812 8.947513
v -1.813203 0.324707 8.947513
v -1.809460 0.324338 8.932740
v -1.809460 0.324338 8.915499
v -1.813203 0.324707 8.900726
v -1.854883 0.328812 8.900726
v -1.858626 0.329180 8.915499
v -1.753537 -0.516033 8.932740
v -1.750004 -0.514744 8.947513
v -1.710662 -0.500382 8.947513
v -1.707129 -0.499092 8.932740
v -1.707129 -0.499092 8.915499
v -1.710662 -0.500382 8.900726
v -1.750004 -0.514744 8.900726
v -1.753537 -0.516033 8.915499
v -1.699904 -0.600638 8.932740
v -1.697069 -0.598167 8.947513
v -1.665498 -0.570646 8.947513
v -1.662663 -0.568175 8.932740
v -1.662663 -0.568175 8.915499
v -1.665498 -0.570646 8.900726
v -1.697069 -0.598167 8.900726
v -1.699904 -0.600638 8.915499
v -1.588216 -0.622188 8.932740
v -1.588197 -0.618427 8.947513
v -1.587983 -0.576546 8.947513
v -1.587964 -0.572785 8.932740
v -1.587964 -0.572785 8.915499
v -1.587983 -0.576546 8.900726
v -1.588197 -0.618427 8.900726
v -1.588216 -0.622188 8.915499
v -0.911336 -0.556789 8.932740
v -0.911317 -0.553028 8.947513
v -0.911103 -0.511147 8.947513
v -0.911084 -0.507386 8.932740
v -0.911084 -0.507386 8.915499
v -0.911103 -0.511147 8.900726
v -0.911317 -0.553028 8.900726
v -0.911336 -0.556789 8.915499
v -1.646343 3.668776 3.073082
v -1.646343 3.205537 -9.589684
v -1.731063 1.679668 -9.482088
v -1.646343 3.205537 -9.482018
v 0.000000 1.075499 8.066410
v 0.000000 1.075499 8.891884
v 0.921413 1.049189 8.891884
v 0.921413 1.049189 8.066410
v 1.929859 0.917652 8.891884
v 1.929859 0.917652 8.066410
v 0.000000 -0.794609 9.235208
v 0.921413 -0.794609 9.235208
v 1.913390 -0.804361 8.871020
v 1.913390 -0.804361 8.066410
v 0.000000 -1.432729 8.580115
v 0.000000 -1.480171 9.352951
v 0.921413 -1.480171 9.352951
v 0.921413 -1.432729 8.066410
v 1.913390 -1.480171 8.839246
v 1.913390 -1.432729 8.066410
v 0.000000 -1.092559 9.449177
v 1.913390 -1.092559 8.066410
v 1.913390 -1.092559 8.935472
v 0.921413 -1.092559 9.449177
v 0.000000 -0.771855 8.886333
v 1.914534 -0.771855 8.066410
v 1.914534 -0.771855 8.886333
v 0.921413 -0.771855 8.886333
v 1.873122 0.544326 8.351145
v 1.873122 0.891224 8.351145
v 3.991219 -0.727142 9.309975
v 3.991219 -0.427986 9.309975
v 1.873122 -1.383537 8.351145
v 4.040953 0.423760 8.677889
v 3.991219 0.734263 8.677889
v 4.040953 -1.303452 9.138710
v 4.040953 -0.739481 8.901962
v 4.040953 -0.441521 8.677889
v 1.873122 0.544326 9.309975
v 1.873122 0.891224 9.020193
v 1.873122 -1.383537 9.309975
v 3.991219 0.443667 9.309975
v 3.991219 0.734263 9.020193
v 3.991219 -1.316675 9.309975
v 1.873122 -0.729784 9.309975
v 1.873122 -0.402901 9.309975
v 1.873122 -0.729784 8.351145
v 1.873122 -0.402901 8.351145
v 4.040953 -0.176113 7.281883
v 3.991219 0.770622 7.281883
v 4.040953 0.513111 7.281883
v 1.873122 0.891224 7.281883
v 1.873122 0.617673 7.281883
v 1.873122 -0.137494 7.281883
v 4.040953 -0.304957 6.478551
v 3.991219 0.770622 6.478551
v 4.040953 0.513111 6.478551
v 1.873122 0.891224 6.478551
v 1.873122 0.891224 4.227362
v 4.040953 0.513111 4.202510
v 3.991219 0.770622 4.202510
v 3.687708 0.891224 4.202510
v 1.873122 0.891224 4.202510
v 4.040953 -0.304957 4.202510
v 4.040953 -0.723031 5.879422
v 4.040953 -0.723031 4.202510
v 4.040953 -1.352015 4.202510
v 4.040953 -1.361540 5.485537
v 4.040994 -1.945613 5.218837
v 4.040994 -1.947518 4.202510
v 4.040953 0.513111 0.479224
v 4.040953 -1.352015 -0.002031
v 4.040953 0.513111 -0.002031
v 4.040953 -0.723031 -0.002031
v 3.991219 0.770622 -0.002031
v 4.040953 -0.304957 -0.002031
v 3.991219 0.770622 -4.240367
v 4.040953 0.513111 -4.240367
v 4.040953 -0.429836 -4.240367
v 4.040953 -1.352015 -3.225006
v 4.040953 -0.140738 -4.240367
v 4.040953 -0.304957 -0.867732
v 4.040994 -1.947518 -2.901123
v 4.040994 -1.947518 -0.867732
v 4.040953 -0.723031 -0.867732
v 4.040953 -1.352015 -0.867732
v 4.040953 0.513111 -0.867732
v 3.991219 0.770622 -0.867732
v 4.040953 -0.079849 -5.361427
v 3.991219 0.770622 -5.361427
v 4.040953 0.513111 -5.361427
v 4.040953 -0.304409 -5.361427
v 4.040953 -0.139087 -6.285681
v 3.991219 0.770622 -6.285681
v 4.040953 0.513111 -6.285681
v 4.040953 -0.541363 -6.285681
v 4.040953 -0.541363 -9.589754
v 4.040953 -0.541363 -8.481936
v 4.040953 -0.541363 -7.111700
v 4.040953 -0.139087 -7.111699
v 4.040953 -0.139087 -8.481936
v 4.040953 -0.139087 -9.589754
v 4.040953 0.513111 -7.111699
v 4.040953 0.513111 -8.481936
v 3.991219 0.770622 -7.111699
v 3.991219 0.770622 -8.481936
v 4.040953 -1.248721 -9.578328
v 4.040953 -1.765134 -7.239507
v 4.040953 -1.702514 -8.689520
v 4.040953 -1.907739 -7.705169
v 3.739738 1.066693 -0.002031
v 3.739738 1.066693 -0.867732
v 3.739738 1.066693 -4.240367
v 3.739738 1.066693 -5.361427
v 3.739738 1.066693 -6.285681
v 3.739738 1.066693 -9.589754
v 3.739738 1.066693 -8.481936
v 3.739738 1.066693 -7.111700
v 3.739738 1.242465 0.477299
v 3.739738 1.241902 -0.002031
v 3.739738 1.241902 -0.867732
v 3.739738 1.241902 -4.240367
v 1.646343 4.623687 -7.111700
v 3.739738 1.241902 -5.361427
v 3.739738 1.241902 -6.285681
v 3.739738 1.241902 -8.481936
v 3.739738 1.241902 -7.111700
v 3.991219 0.770622 3.724994
v 4.040953 -0.304957 3.724994
v 4.040994 -1.947518 3.724994
v 4.040953 -1.352015 3.724994
v 4.040953 0.513111 3.724994
v 4.040953 -0.723031 3.724994
v 3.739738 1.066693 3.724994
v 3.739738 1.241902 3.724994
v 3.783077 1.106095 -0.002031
v 3.783077 1.106095 -0.867732
v 3.783077 1.106095 -4.240367
v 3.783077 1.106095 -5.361427
v 3.783077 1.106095 -6.285681
v 3.783077 1.106095 -9.589754
v 3.783077 1.106095 -8.481936
v 3.783077 1.106095 -7.111700
v 3.783077 1.202500 0.479225
v 3.783077 1.202500 -0.002031
v 3.783077 1.202500 -4.240367
v 3.783077 1.202500 -0.867732
v 3.783077 1.202500 -5.361427
v 3.783077 1.202500 -6.285681
v 3.783077 1.202500 -8.481936
v 3.783077 1.202500 -7.111700
v 3.783077 1.106095 3.724994
v 3.783077 1.202500 3.724994
v 3.687708 0.891224 8.677889
v 3.687708 -0.729784 9.309975
v 0.000000 -0.723031 5.879422
v 3.687708 -0.402901 9.309975
v 3.687708 0.544326 9.309975
v 3.687708 0.891224 9.020193
v 3.687708 -1.383537 9.309975
v 3.687708 0.891224 7.281883
v 3.687708 0.891224 6.478551
v 1.646343 4.623687 -5.361427
v 3.663059 2.120018 -5.440868
v 3.556129 3.083968 -5.396929
v 1.646343 4.623687 -0.867733
v 1.646343 4.623687 -3.679171
v 3.503028 3.639917 -0.867732
v 3.505534 3.612555 -9.589754
v 3.556129 3.036084 -8.388798
v 1.646343 4.474038 -0.002031
v 3.663059 2.057012 -7.111700
v 3.663059 2.085413 -1.205212
v 3.556129 3.101326 -1.181545
v 2.401311 4.381738 -9.673237
v 3.663059 2.057012 -6.285681
v 3.247249 4.381738 -5.361427
v 1.646343 4.379456 -9.673237
v 3.663059 2.057013 -9.589754
v 3.663059 2.057012 -0.002031
v 3.557692 3.113468 -0.002031
v 3.532101 3.340739 -0.002031
v 3.556129 3.087125 -4.197766
v 3.556129 3.115526 -9.589754
v 0.000000 -0.304957 6.478551
v 2.466410 3.252439 -9.589754
v 3.443578 0.891224 8.677889
v 3.443578 -0.729784 9.309975
v 3.443578 -0.402901 9.309975
v 3.443578 0.544326 9.309975
v 3.443578 0.891224 9.020193
v 0.000000 -0.176113 7.281883
v 3.443578 -1.383537 9.309975
v 3.443578 0.891224 7.281883
v 3.443578 0.891224 6.478551
v 3.443578 0.891224 4.202510
v 3.739738 1.241902 -9.589754
v 3.247249 4.381738 -0.867732
v 3.275484 3.055912 -9.589754
v 3.251025 3.252439 -9.589754
v 0.000000 -0.176113 7.743737
v 2.401311 4.476320 -0.002031
v 2.401311 4.625969 -3.679171
v 2.401311 4.625969 -0.867732
v 2.401311 4.625969 -5.361427
v 2.401311 4.625969 -9.673237
v 2.401311 4.625969 -7.111700
v 3.247249 4.381738 -3.679171
v 3.247249 4.381738 -7.111700
v 3.247249 4.381738 -9.673237
v 3.247249 4.232090 -0.002031
v 3.551624 3.671988 -5.361427
v 2.401311 3.671988 -9.673237
v 3.551624 3.671988 -9.673237
v 3.551624 3.671988 -0.867732
v 3.551624 3.624781 -0.002031
v 3.505534 3.612555 -5.361427
v 3.505534 3.565349 -0.002031
v 1.646343 3.610273 -9.589684
v 2.408833 3.595144 -9.589754
v 0.000000 4.379456 -9.673237
v 0.000000 3.760067 -9.673159
v 0.000000 3.700635 -9.589684
v 1.646343 4.623687 -9.673237
v 1.735825 1.241902 -9.589754
v 1.646343 3.669706 -9.673159
v 0.000000 1.448643 4.199573
v 0.000000 1.371888 8.374602
v 0.000000 1.293042 8.652775
v 0.000000 1.239284 8.728018
v 0.000000 1.151478 8.773620
v 0.000000 1.112055 8.582091
v 0.000000 1.112055 4.199573
v 0.904397 1.416105 4.199573
v 0.901595 1.340242 8.350807
v 0.898716 1.262312 8.628980
v 0.896753 1.209178 8.704223
v 0.893547 1.122393 8.749825
v 0.892108 1.083428 8.558296
v 0.892108 1.083428 4.199573
v 1.418752 1.376166 4.199573
v 1.409296 1.303877 8.315967
v 1.399583 1.229620 8.594139
v 1.392960 1.178989 8.669382
v 1.382143 1.096293 8.714984
v 1.377286 1.059164 8.523456
v 1.377286 1.059164 4.199573
v 1.953052 1.283824 4.199573
v 1.929086 1.216816 8.204423
v 1.904468 1.147982 8.482595
v 1.887682 1.101050 8.557838
v 1.860266 1.024394 8.603440
v 1.847957 0.989977 8.411912
v 1.847957 0.989977 4.199573
v 2.356868 1.225379 4.199573
v 2.331831 1.169330 8.026615
v 2.306110 1.111754 8.289238
v 2.288574 1.072498 8.360274
v 2.259931 1.008379 8.403326
v 2.247071 0.979591 8.222505
v 2.247071 0.979591 4.199573
v 0.000000 1.402928 6.952764
v 0.000000 1.433404 5.115807
v 0.903841 1.401044 5.115807
v 0.902728 1.370921 6.952764
v 1.416875 1.361814 5.115807
v 1.413120 1.333111 6.952764
v 1.948294 1.270521 5.115807
v 1.938778 1.243914 6.952764
v 2.351897 1.214252 5.110658
v 2.341956 1.191997 6.844925
v 2.984231 1.157238 4.199573
v 2.959193 1.101189 7.652394
v 2.933473 1.043613 7.866164
v 2.915936 1.004357 7.923986
v 2.887294 0.940238 7.959030
v 2.874434 0.911450 7.811844
v 2.874433 0.911450 4.199573
v 2.979260 1.146111 4.915808
v 2.969318 1.123856 6.327470
v 3.387547 1.157238 4.199573
v 3.309932 1.101189 7.283708
v 3.353951 1.043613 7.497478
v 3.377872 1.004357 7.555300
v 3.418286 0.940238 7.590344
v 3.441988 0.911450 7.443159
v 3.621600 0.911450 4.199573
v 3.397377 1.146111 4.915808
v 3.253855 1.123856 6.327470
v 0.000000 1.112055 5.074281
v 0.000000 1.112055 6.828186
v 0.892108 1.083428 6.813909
v 0.892108 1.083428 5.069522
v 1.377286 1.059164 6.793005
v 1.377286 1.059164 5.062553
v 1.847957 0.989977 6.726078
v 1.847957 0.989977 5.040245
v 2.247071 0.979591 6.630912
v 2.247071 0.979591 5.039320
v 2.874434 0.911450 6.371097
v 2.874434 0.911450 4.930350
v 3.441988 0.911450 6.371097
v 3.621600 0.911450 4.930350
v 1.646343 3.799317 3.073082
v 2.401311 3.799771 3.073082
v 0.000000 3.799317 3.073082
v 1.646343 4.203563 1.423564
v 2.401311 4.052714 2.348420
v 2.401311 4.205505 1.423564
v 3.247249 3.962595 2.348420
v 3.247249 4.076773 1.423564
v 3.551624 3.646606 1.423564
v 3.551624 3.661454 2.348420
v 1.646343 3.667759 2.908652
v 0.000000 3.702057 2.908652
v 1.646343 4.051354 2.348420
v 0.000000 3.686740 3.073082
v 2.401311 3.669230 3.073082
v 3.247249 3.769703 3.073082
v 3.551624 3.669230 3.073082
v 0.000000 4.474038 -0.002031
v 0.000000 4.623687 -0.867733
v 0.000000 4.623687 -5.361427
v 0.000000 4.623687 -7.111700
v 0.000000 4.623687 -3.679171
v 0.000000 4.623687 -9.673237
v 0.000000 4.203563 1.423564
v 0.000000 4.051354 2.348420
v 0.069067 3.702057 2.908652
v 3.505534 3.612555 -8.801458
v 3.739738 1.068402 4.202510
v 3.687708 1.068402 4.202510
v 3.443578 1.068402 4.202510
v 3.739738 0.906855 -6.285681
v 3.739738 0.906855 -5.361427
v 3.739738 0.906855 -0.867732
v 3.739738 0.906855 -9.589754
v 3.739738 0.906855 -0.002031
v 3.739738 0.906855 0.479224
v 3.739738 0.906855 -8.481936
v 3.739738 0.906855 -4.240367
v 3.739738 0.906855 -7.111700
v 3.739738 0.906855 3.724994
v 0.000000 -0.182973 8.234316
v 3.739738 1.461711 4.202510
v 3.443578 1.461711 4.202510
v 3.687708 1.461711 4.202510
v 3.703971 1.619957 3.656701
v 3.534022 3.343607 0.231023
v 3.660963 2.057107 0.231023
v 3.434469 3.696892 0.292754
v 3.345340 3.723819 2.968998
v 3.346166 3.723819 2.968998
v 3.102036 3.723819 2.968998
v 1.531579 3.723819 2.968998
v 3.345340 3.714681 2.674084
v 3.108288 3.683920 2.990761
v 3.436281 3.398203 3.146248
v 3.436281 3.387995 2.784514
v 3.140121 3.398203 3.146248
v 0.069203 3.398203 3.146248
v 1.569665 3.398203 2.734363
v 3.393504 1.860493 3.999915
v 3.687840 1.733196 0.230955
v 4.040953 -0.723031 0.479224
v 4.040953 0.235948 0.510247
v 3.991219 0.770622 0.479224
v 4.040953 -0.286903 0.434243
v 3.783077 1.106095 0.479225
v 3.224519 3.343607 0.231023
v 3.396817 1.574082 0.253915
v 3.561014 3.113321 0.231023
v 3.251511 3.113321 0.231023
v 0.000000 0.891224 4.202510
v 0.000000 1.068402 4.202510
v 0.000000 1.461711 4.202510
v 0.000000 3.723819 2.968998
v 0.000000 3.703870 2.979880
v 0.000000 3.398203 3.146248
v 0.000000 1.860493 3.588031
v 0.000000 3.398203 2.734363
v 0.000000 1.860493 3.999915
v 0.080374 1.860493 3.999915
v 0.080374 1.860493 3.588031
v 0.067661 3.703870 2.979880
v 1.021053 3.723819 2.968998
v 1.046443 3.398203 2.734363
v 0.069203 3.398203 2.734363
v 1.569665 3.398203 3.058554
v 3.393504 1.860493 3.912221
v 0.000000 1.860493 3.912221
v 0.000000 3.398203 3.058554
v 1.046443 3.398203 3.058554
v 0.069203 3.398203 3.058554
v 0.067524 3.723819 2.968998
v 0.082581 1.461711 4.202510
v 0.082581 0.891224 4.202510
v 0.082581 1.068402 4.202510
v 0.080374 1.860493 3.912221
v 4.040953 -1.352015 0.836773
v 4.040994 -1.947518 0.479224
v 3.739738 1.242721 0.834140
v 3.783077 1.202500 0.836773
v 3.739738 0.906855 0.836773
v 4.040953 -1.352015 0.479224
v 3.908885 -0.286903 0.395066
v 3.739738 1.066693 0.479224
v 3.908885 0.235948 0.477139
v 4.040953 0.229359 0.826889
v 3.991219 0.770622 0.836773
v 4.040953 -0.306233 0.783189
v 3.739738 1.066693 0.836773
v 3.783077 1.106095 0.836773
v 3.703971 1.594932 0.829570
v 4.040953 0.513111 0.836773
v 4.040953 -0.723031 0.836773
v 3.908885 0.229359 0.854705
v 3.908885 -0.305815 0.802634
v 0.000000 -1.947518 4.202510
v 0.000000 -1.947518 0.479224
v 0.000000 -1.352015 -3.225006
v 0.000000 -1.947518 -2.901123
v 0.000000 -1.947518 -0.867732
v 0.000000 -0.429836 -4.240367
v 0.000000 -0.304409 -5.361427
v 0.000000 -0.541363 -6.285681
v 0.000000 -1.246817 -6.940585
v 0.000000 -1.765134 -7.239507
v 0.000000 -1.702514 -8.689520
v 0.000000 -1.907739 -7.705169
v 0.000000 -1.947518 3.724994
v 0.000000 0.770622 -9.589754
v 0.000000 -0.541363 -9.589754
v 0.000000 1.106095 -9.589754
v 0.000000 1.202500 -9.589754
v 0.000000 0.906855 -9.589754
v 1.864060 -0.139087 -9.589754
v 0.000000 1.679668 -9.589754
v 1.731063 1.679668 -9.589754
v 1.864060 -0.541363 -9.589754
v 1.841118 0.770622 -9.589754
v 4.040953 0.513111 -9.589754
v 4.040953 -1.572941 -9.533154
v 3.991219 0.770622 -9.589754
v 3.783077 1.202500 -9.589754
v 0.000000 -1.572941 -9.533154
v 0.000000 -1.248721 -9.578328
v 0.000000 0.513111 -9.589754
v 0.000000 1.066693 -9.589754
v 0.000000 -0.139087 -9.589754
v 1.725112 0.906855 -9.589754
v 1.864060 -1.248721 -9.578328
v 1.745104 1.106095 -9.589754
v 1.745104 1.202500 -9.589754
v 0.000000 1.241902 -9.589754
v 1.864060 0.513111 -9.589754
v 1.725112 1.066693 -9.589754
v 1.864060 -1.572941 -9.533154
v 4.040953 -1.246817 -8.725171
v 4.040953 -1.246817 -6.940585
v 4.040953 -1.246817 -7.579018
v 0.000000 -1.361540 5.485537
v 0.000000 -1.945613 5.218837
v 4.058150 -2.114272 9.353916
v 4.058150 -2.114272 9.026037
v 0.000000 -2.114272 9.026037
v 0.000000 -2.114272 9.551347
v 4.058150 -1.401416 9.353916
v 4.058150 -1.401416 9.026037
v 0.000000 -1.401416 9.026037
v 0.000000 -1.401416 9.551347
v 3.746633 -1.401416 9.026037
v 3.746633 -2.114272 9.026037
v 3.746633 -1.401416 9.551347
v 3.746633 -2.114272 9.551347
v 1.915550 -0.304957 6.478551
v 1.915550 -0.176113 7.281883
v 1.915550 -0.176113 7.743737
v 1.915550 -0.723031 5.879422
v 1.915550 -0.739481 8.901962
v 1.915550 -0.441521 8.677889
v 1.915550 -1.303452 9.138710
v 1.915550 -0.182973 8.234316
v 3.441508 -0.176113 7.743737
v 3.441508 -1.303452 9.138710
v 3.441508 -0.304957 6.478551
v 3.441508 -0.176113 7.281883
v 3.441508 -0.739481 8.901962
v 3.441508 -0.441521 8.677889
v 3.692934 -1.303452 9.138710
v 3.692934 -0.176113 7.281883
v 3.692934 -0.739481 8.901962
v 3.692934 -0.441521 8.677889
v 0.000000 0.901910 8.924120
v 0.000000 0.870578 8.963242
v 0.000000 0.719295 8.963242
v 0.000000 0.696107 8.952399
v 0.000000 0.687964 8.924120
v 0.000000 0.696107 8.895841
v 0.000000 0.719295 8.884998
v 0.000000 0.893767 8.895841
v 0.642204 0.901910 8.924120
v 0.642204 0.870578 8.963242
v 0.642204 0.719295 8.963242
v 0.642204 0.696107 8.952399
v 0.642204 0.687964 8.924120
v 0.642204 0.696107 8.895841
v 0.642204 0.719295 8.884998
v 0.642204 0.893767 8.895841
v 0.729950 0.894270 8.895841
v 0.729950 0.791804 8.884998
v 0.729950 0.778186 8.895841
v 0.729950 0.880651 8.963242
v 0.729950 0.773403 8.924120
v 0.729950 0.778186 8.952399
v 0.729950 0.899052 8.924120
v 0.729950 0.791804 8.963242
v 0.916043 0.881830 8.924120
v 0.911287 0.870427 8.963242
v 0.888324 0.815369 8.963242
v 0.884804 0.806930 8.952399
v 0.883568 0.803966 8.924120
v 0.884804 0.806930 8.895841
v 0.888324 0.815369 8.884998
v 0.914807 0.878866 8.895841
v 1.022264 0.752389 8.924120
v 1.010048 0.750541 8.963242
v 0.951064 0.741622 8.963242
v 0.942023 0.740255 8.952399
v 0.938848 0.739775 8.924120
v 0.942023 0.740255 8.895841
v 0.951064 0.741622 8.884998
v 1.019089 0.751909 8.895841
v 1.028987 0.514131 8.924120
v 1.016650 0.514131 8.963242
v 0.957085 0.514131 8.963242
v 0.947954 0.514131 8.952399
v 0.944748 0.514131 8.924120
v 0.947954 0.514131 8.895841
v 0.957085 0.514131 8.884998
v 1.025781 0.514131 8.895841
v 0.939936 -0.534149 8.924120
v 0.927600 -0.534149 8.963242
v 0.868034 -0.534149 8.963242
v 0.858904 -0.534149 8.952399
v 0.855698 -0.534149 8.924120
v 0.858904 -0.534149 8.895841
v 0.868034 -0.534149 8.884998
v 0.936730 -0.534149 8.895841
v 0.914223 -0.604147 8.924120
v 0.901886 -0.604147 8.963242
v 0.842321 -0.604147 8.963242
v 0.833190 -0.604147 8.952399
v 0.829984 -0.604147 8.924120
v 0.833190 -0.604147 8.895841
v 0.842321 -0.604147 8.884998
v 0.911016 -0.604147 8.895841
v 0.808674 -0.732982 8.924120
v 0.803264 -0.721895 8.963242
v 0.777144 -0.668362 8.963242
v 0.773140 -0.660156 8.952399
v 0.771735 -0.657275 8.924120
v 0.773140 -0.660156 8.895841
v 0.777144 -0.668362 8.884998
v 0.807268 -0.730101 8.895841
v 0.651378 -0.763451 8.924120
v 0.651378 -0.751526 8.963242
v 0.651378 -0.693946 8.963242
v 0.651378 -0.685120 8.952399
v 0.651378 -0.682021 8.924120
v 0.651378 -0.685120 8.895841
v 0.651378 -0.693946 8.884998
v 0.651378 -0.760352 8.895841
v 0.000000 -0.763451 8.924120
v 0.000000 -0.751526 8.963242
v 0.000000 -0.693946 8.963242
v 0.000000 -0.685120 8.952399
v 0.000000 -0.682021 8.924120
v 0.000000 -0.685120 8.895841
v 0.000000 -0.693946 8.884998
v 0.000000 -0.760352 8.895841
v 0.000000 0.563341 8.932740
v 0.000000 0.559580 8.947513
v 0.000000 0.517698 8.947513
v 0.000000 0.513938 8.932740
v 0.000000 0.513938 8.915499
v 0.000000 0.517698 8.900726
v 0.000000 0.559580 8.900726
v 0.000000 0.563341 8.915499
v 0.981583 0.506874 8.932740
v 0.981583 0.503113 8.947513
v 0.981583 0.461231 8.947513
v 0.981583 0.457471 8.932740
v 0.981583 0.457471 8.915499
v 0.981583 0.461231 8.900726
v 0.981583 0.503113 8.900726
v 0.981583 0.506874 8.915499
v 0.957823 0.353179 8.915499
v 0.957823 0.349418 8.900726
v 0.957823 0.307536 8.900726
v 0.957823 0.303775 8.915499
v 0.957823 0.303775 8.932740
v 0.957823 0.307536 8.947513
v 0.957823 0.349418 8.947513
v 0.957823 0.353179 8.932740
v 0.000000 0.358631 8.915499
v 0.000000 0.354870 8.900726
v 0.000000 0.312988 8.900726
v 0.000000 0.309228 8.915499
v 0.000000 0.309228 8.932740
v 0.000000 0.312988 8.947513
v 0.000000 0.354870 8.947513
v 0.000000 0.358631 8.932740
v 0.000000 0.172895 8.932740
v 0.000000 0.169135 8.947513
v 0.000000 0.127253 8.947513
v 0.000000 0.123492 8.932740
v 0.000000 0.123492 8.915499
v 0.000000 0.127253 8.900726
v 0.000000 0.169135 8.900726
v 0.000000 0.172895 8.915499
v 0.921621 0.167443 8.932740
v 0.921621 0.163683 8.947513
v 0.921621 0.121801 8.947513
v 0.921621 0.118040 8.932740
v 0.921621 0.118040 8.915499
v 0.921621 0.121801 8.900726
v 0.921621 0.163683 8.900726
v 0.921621 0.167443 8.915499
v 0.921621 0.004136 8.915499
v 0.921621 0.000375 8.900726
v 0.921621 -0.041506 8.900726
v 0.921621 -0.045267 8.915499
v 0.921621 -0.045267 8.932740
v 0.921621 -0.041506 8.947513
v 0.921621 0.000375 8.947513
v 0.921621 0.004136 8.932740
v 0.000000 0.009588 8.915499
v 0.000000 0.005828 8.900726
v 0.000000 -0.036054 8.900726
v 0.000000 -0.039815 8.915499
v 0.000000 -0.039815 8.932740
v 0.000000 -0.036054 8.947513
v 0.000000 0.005828 8.947513
v 0.000000 0.009588 8.932740
v 0.000000 -0.141370 8.932740
v 0.000000 -0.145130 8.947513
v 0.000000 -0.187012 8.947513
v 0.000000 -0.190773 8.932740
v 0.000000 -0.190773 8.915499
v 0.000000 -0.187012 8.900726
v 0.000000 -0.145130 8.900726
v 0.000000 -0.141370 8.915499
v 0.901234 -0.146822 8.932740
v 0.901234 -0.150582 8.947513
v 0.901234 -0.192464 8.947513
v 0.901234 -0.196225 8.932740
v 0.901234 -0.196225 8.915499
v 0.901234 -0.192464 8.900726
v 0.901234 -0.150582 8.900726
v 0.901234 -0.146822 8.915499
v 0.000000 -0.497377 8.932740
v 0.000000 -0.501138 8.947513
v 0.000000 -0.543020 8.947513
v 0.000000 -0.546780 8.932740
v 0.000000 -0.546780 8.915499
v 0.000000 -0.543020 8.900726
v 0.877197 -0.333091 8.915499
v 0.877197 -0.336852 8.900726
v 0.877197 -0.378734 8.900726
v 0.877197 -0.382494 8.915499
v 0.877197 -0.382494 8.932740
v 0.877197 -0.378734 8.947513
v 0.877197 -0.336852 8.947513
v 0.000000 -0.501138 8.900726
v 0.000000 -0.497377 8.915499
v 0.896782 -0.502829 8.932740
v 0.896782 -0.506590 8.947513
v 0.896782 -0.548472 8.947513
v 0.896782 -0.552232 8.932740
v 0.896782 -0.552232 8.915499
v 0.896782 -0.548472 8.900726
v 0.877197 -0.333091 8.932740
v 0.000000 -0.327639 8.915499
v 0.000000 -0.331400 8.900726
v 0.000000 -0.373282 8.900726
v 0.000000 -0.377042 8.915499
v 0.000000 -0.377042 8.932740
v 0.000000 -0.373282 8.947513
v 0.000000 -0.331400 8.947513
v 0.000000 -0.327639 8.932740
v 0.896782 -0.506590 8.900726
v 0.896782 -0.502829 8.915499
v 1.720982 0.472816 8.932740
v 1.719554 0.469337 8.947513
v 1.703653 0.430591 8.947513
v 1.702226 0.427112 8.932740
v 1.702226 0.427112 8.915499
v 1.703653 0.430591 8.900726
v 1.719554 0.469337 8.900726
v 1.720982 0.472816 8.915499
v 1.814197 0.426061 8.932740
v 1.811400 0.423548 8.947513
v 1.780244 0.395558 8.947513
v 1.777446 0.393045 8.932740
v 1.777446 0.393045 8.915499
v 1.780244 0.395558 8.900726
v 1.811400 0.423548 8.900726
v 1.814197 0.426061 8.915499
v 1.858626 0.329180 8.932740
v 1.854883 0.328812 8.947513
v 1.813203 0.324707 8.947513
v 1.809460 0.324338 8.932740
v 1.809460 0.324338 8.915499
v 1.813203 0.324707 8.900726
v 1.854883 0.328812 8.900726
v 1.858626 0.329180 8.915499
v 1.753537 -0.516033 8.932740
v 1.750004 -0.514744 8.947513
v 1.710662 -0.500382 8.947513
v 1.707129 -0.499092 8.932740
v 1.707129 -0.499092 8.915499
v 1.710662 -0.500382 8.900726
v 1.750004 -0.514744 8.900726
v 1.753537 -0.516033 8.915499
v 1.699904 -0.600638 8.932740
v 1.697069 -0.598167 8.947513
v 1.665498 -0.570646 8.947513
v 1.662663 -0.568175 8.932740
v 1.662663 -0.568175 8.915499
v 1.665498 -0.570646 8.900726
v 1.697069 -0.598167 8.900726
v 1.699904 -0.600638 8.915499
v 1.588216 -0.622188 8.932740
v 1.588197 -0.618427 8.947513
v 1.587983 -0.576546 8.947513
v 1.587964 -0.572785 8.932740
v 1.587964 -0.572785 8.915499
v 1.587983 -0.576546 8.900726
v 1.588197 -0.618427 8.900726
v 1.588216 -0.622188 8.915499
v 0.911336 -0.556789 8.932740
v 0.911317 -0.553028 8.947513
v 0.911103 -0.511147 8.947513
v 0.911084 -0.507386 8.932740
v 0.911084 -0.507386 8.915499
v 0.911103 -0.511147 8.900726
v 0.911317 -0.553028 8.900726
v 0.911336 -0.556789 8.915499
v 1.646343 3.668776 3.073082
v 1.646343 3.205537 -9.589684
v 1.646343 3.610273 -9.482018
v 0.000000 1.679668 -9.482088
v 1.646343 3.205537 -9.482018
v 3.807240 -0.073943 -9.558902
v 3.668545 0.033309 -9.744246
v 3.636003 -0.023056 -9.700760
v 3.630159 0.099796 -9.744246
v 3.614259 -0.060718 -9.635674
v 3.483294 0.502636 -9.635812
v 3.606624 -0.073943 -9.558902
v 3.521586 0.099796 -9.635674
v 3.565074 0.099796 -9.700760
v 3.506315 0.099796 -9.558902
v 3.668545 0.166283 -9.744246
v 3.567920 0.329739 -9.559411
v 3.575518 0.342900 -9.635812
v 3.597157 0.380379 -9.700581
v 3.629541 0.436471 -9.743857
v 3.636003 0.222648 -9.700760
v 3.614259 0.260310 -9.635674
v 3.606624 0.273535 -9.558902
v 3.706932 0.099796 -9.759519
v 3.767564 0.329739 -9.559411
v 3.759965 0.342900 -9.635812
v 3.738326 0.380379 -9.700581
v 3.705942 0.436471 -9.743857
v 3.745318 0.166283 -9.744246
v 3.777860 0.222648 -9.700760
v 3.799605 0.260310 -9.635674
v 3.867385 0.502636 -9.559411
v 3.852189 0.502636 -9.635812
v 3.808911 0.502636 -9.700581
v 3.744142 0.502636 -9.743857
v 3.807240 0.273535 -9.558902
v 3.783705 0.099796 -9.744246
v 3.848789 0.099796 -9.700760
v 3.767564 0.675532 -9.559411
v 3.759965 0.662371 -9.635812
v 3.738326 0.624892 -9.700581
v 3.705942 0.568800 -9.743857
v 3.304695 -0.884449 9.285173
v 3.453299 -0.769534 9.483762
v 3.488167 -0.829926 9.437166
v 3.494428 -0.698297 9.483762
v 3.511464 -0.870279 9.367432
v 3.593724 0.056069 9.367432
v 3.519645 -0.884449 9.285173
v 3.610759 -0.698297 9.367432
v 3.591341 0.502636 -9.743857
v 3.526572 0.502636 -9.700581
v 3.564163 -0.698297 9.437166
v 3.627120 -0.698297 9.285173
v 3.453299 -0.627059 9.483762
v 3.502611 -0.130083 9.285173
v 3.494430 -0.115913 9.367432
v 3.471133 -0.075561 9.437166
v 3.436265 -0.015168 9.483762
v 3.468097 0.502636 -9.559411
v 3.488167 -0.566667 9.437166
v 3.511464 -0.526314 9.367432
v 3.519645 -0.512144 9.285173
v 3.412170 -0.698297 9.500124
v 3.287661 -0.130083 9.285173
v 3.295842 -0.115913 9.367432
v 3.319140 -0.075561 9.437166
v 3.354007 -0.015168 9.483762
v 3.799605 -0.060718 -9.635674
v 3.777860 -0.023056 -9.700760
v 3.371041 -0.627059 9.483762
v 3.336174 -0.566667 9.437166
v 3.312876 -0.526314 9.367432
v 3.180186 0.056069 9.285173
v 3.196548 0.056069 9.367432
v 3.243143 0.056069 9.437166
v 3.312878 0.056069 9.483762
v 3.629541 0.568800 -9.743857
v 3.597157 0.624892 -9.700581
v 3.304695 -0.512144 9.285173
v 3.329912 -0.698297 9.483762
v 3.260177 -0.698297 9.437166
v 3.287661 0.242221 9.285173
v 3.295842 0.228052 9.367432
v 3.319140 0.187699 9.437166
v 3.354007 0.127307 9.483762
v 3.395136 0.056069 9.500124
v 3.575518 0.662371 -9.635812
v 3.213582 -0.698297 9.367432
v 3.197220 -0.698297 9.285173
v 3.371041 -0.769534 9.483762
v 3.502611 0.242221 9.285173
v 3.494430 0.228052 9.367432
v 3.471133 0.187699 9.437166
v 3.436265 0.127307 9.483762
v 3.567920 0.675532 -9.559411
v 3.745318 0.033309 -9.744246
v 3.336174 -0.829926 9.437166
v 3.312876 -0.870279 9.367432
v 3.907548 0.099796 -9.558902
v 3.610086 0.056069 9.285173
v 3.892277 0.099796 -9.635674
v 3.547129 0.056069 9.437166
v 3.477394 0.056069 9.483762
v 3.667742 0.502636 -9.759055
v 3.044440 -0.318686 9.233073
v 2.974004 0.119243 9.233073
v 2.532263 0.189071 9.233073
v 2.090522 0.119243 9.233073
v 2.020086 -0.318686 9.233073
v 2.090522 -0.756615 9.233073
v 2.532263 -0.826443 9.233073
v 2.974005 -0.756615 9.233073
v 3.044440 -0.318686 9.424363
v 2.974004 0.119243 9.424363
v 2.532263 0.189071 9.424363
v 2.090522 0.119243 9.424363
v 2.020086 -0.318686 9.424363
v 2.090522 -0.756615 9.424363
v 2.532263 -0.826443 9.424363
v 2.974005 -0.756615 9.424363
v 2.962365 -0.318686 9.424363
v 2.836391 -0.622814 9.318480
v 2.759991 -0.546414 9.362308
v 2.655508 -0.441931 9.391592
v 2.836391 -0.014558 9.424363
v 2.532263 -0.748788 9.318480
v 2.532263 -0.640742 9.362308
v 2.532263 -0.492981 9.391592
v 2.532263 0.111416 9.424363
v 2.228135 -0.622814 9.318480
v 2.304536 -0.546414 9.362308
v 2.409018 -0.441932 9.391592
v 2.228135 -0.014558 9.424363
v 2.102161 -0.318686 9.318480
v 2.210207 -0.318686 9.362308
v 2.357968 -0.318686 9.391592
v 2.102161 -0.318686 9.424363
v 2.228135 -0.014558 9.318480
v 2.304535 -0.090959 9.362308
v 2.409018 -0.195441 9.391592
v 2.532263 -0.318686 9.401875
v 2.228135 -0.622814 9.424363
v 2.532263 0.111416 9.318480
v 2.532263 0.003369 9.362308
v 2.532263 -0.144391 9.391592
v 2.532263 -0.748788 9.424363
v 2.836391 -0.014558 9.318480
v 2.759990 -0.090959 9.362308
v 2.655508 -0.195441 9.391592
v 2.836391 -0.622814 9.424363
v 2.962365 -0.318686 9.318480
v 2.854318 -0.318686 9.362308
v 2.706558 -0.318686 9.391592
vt 0.978727 0.009135
vt 0.000000 0.000000
vt 0.000000 0.222871
vt 0.619928 0.148301
vt 0.618306 0.155325
vt 0.611094 0.154047
vt 0.612343 0.146996
vt 0.623280 0.127580
vt 0.614168 0.129488
vt 0.611352 0.122342
vt 0.618724 0.119489
vt 0.827475 0.312077
vt 0.834254 0.308830
vt 0.838563 0.317299
vt 0.830150 0.319219
vt 0.650914 0.140809
vt 0.642546 0.156946
vt 0.635669 0.153356
vt 0.644078 0.137241
vt 0.629208 0.150888
vt 0.637543 0.129995
vt 0.604871 0.146218
vt 0.606741 0.128714
vt 0.633501 0.159801
vt 0.627081 0.157642
vt 0.645954 0.126284
vt 0.650527 0.132720
vt 0.853263 0.298618
vt 0.850461 0.306492
vt 0.843714 0.300832
vt 0.847433 0.295635
vt 0.636887 0.123105
vt 0.627326 0.120822
vt 0.629028 0.113700
vt 0.638588 0.115983
vt 0.853721 0.315642
vt 0.845151 0.321945
vt 0.822538 0.321514
vt 0.820256 0.314546
vt 0.850149 0.289418
vt 0.856129 0.292030
vt 0.864338 0.301780
vt 0.862673 0.308374
vt 0.855325 0.306460
vt 0.857038 0.299879
vt 0.831123 0.323269
vt 0.823671 0.325427
vt 0.829946 0.302226
vt 0.823998 0.305634
vt 0.838497 0.295697
vt 0.842430 0.291363
vt 0.838096 0.321934
vt 0.843714 0.324515
vt 0.857829 0.314335
vt 0.839544 0.329498
vt 0.832561 0.330783
vt 0.859558 0.293399
vt 0.643987 0.120633
vt 0.622706 0.116216
vt 0.587836 0.136091
vt 0.588766 0.116580
vt 0.597094 0.116977
vt 0.596112 0.136486
vt 0.577911 0.138786
vt 0.591384 0.143763
vt 0.583466 0.147366
vt 0.908869 0.419230
vt 0.912010 0.426457
vt 0.899234 0.428401
vt 0.899173 0.421338
vt 0.545913 0.128145
vt 0.552450 0.108552
vt 0.560805 0.111364
vt 0.554217 0.130940
vt 0.562993 0.103224
vt 0.571102 0.105404
vt 0.569269 0.113675
vt 0.893914 0.421038
vt 0.892895 0.426158
vt 0.887434 0.424623
vt 0.888743 0.419730
vt 0.918397 0.412900
vt 0.922114 0.417435
vt 0.917175 0.421509
vt 0.913681 0.416765
vt 0.561988 0.137366
vt 0.553657 0.142325
vt 0.548210 0.136337
vt 0.924276 0.419925
vt 0.919611 0.424044
vt 0.910298 0.434143
vt 0.901557 0.434465
vt 0.924490 0.428565
vt 0.920447 0.432992
vt 0.915536 0.428441
vt 0.891866 0.429083
vt 0.886556 0.427411
vt 0.896880 0.431236
vt 0.899463 0.435513
vt 0.913757 0.435072
vt 0.894546 0.436674
vt 0.889547 0.434486
vt 0.898581 0.415405
vt 0.893738 0.415708
vt 0.906962 0.413595
vt 0.911523 0.411777
vt 0.563404 0.144692
vt 0.573959 0.146477
vt 0.572632 0.154340
vt 0.562075 0.152556
vt 0.556283 0.147992
vt 0.580127 0.115661
vt 0.581446 0.107445
vt 0.589755 0.108457
vt 0.579336 0.151210
vt 0.727959 0.189705
vt 0.717742 0.187536
vt 0.718538 0.178833
vt 0.727490 0.179706
vt 0.717205 0.220286
vt 0.710139 0.213992
vt 0.714704 0.208261
vt 0.722426 0.214740
vt 0.872182 0.317074
vt 0.878911 0.319833
vt 0.875920 0.327188
vt 0.869313 0.324069
vt 0.873200 0.335630
vt 0.865512 0.329595
vt 0.742090 0.193280
vt 0.735112 0.185853
vt 0.740645 0.180655
vt 0.747622 0.188082
vt 0.722438 0.225677
vt 0.727849 0.220424
vt 0.739076 0.199714
vt 0.741897 0.208598
vt 0.856171 0.337610
vt 0.860402 0.345283
vt 0.852159 0.346573
vt 0.850253 0.340382
vt 0.748146 0.200289
vt 0.749194 0.207598
vt 0.860164 0.357082
vt 0.853415 0.357642
vt 0.852760 0.350374
vt 0.859504 0.349766
vt 0.866513 0.350532
vt 0.864846 0.352911
vt 0.878218 0.335717
vt 0.880185 0.344002
vt 0.875863 0.345028
vt 0.860110 0.324568
vt 0.864018 0.319896
vt 0.852029 0.331481
vt 0.846920 0.334667
vt 0.880071 0.328520
vt 0.845976 0.351679
vt 0.845290 0.348116
vt 0.843835 0.342001
vt 0.749213 0.194620
vt 0.708646 0.203967
vt 0.701633 0.200085
vt 0.710772 0.183677
vt 0.732896 0.226420
vt 0.746913 0.214556
vt 0.704364 0.209613
vt 0.888056 0.330576
vt 0.886255 0.337787
vt 0.733076 0.178642
vt 0.481933 0.864143
vt 0.493467 0.864745
vt 0.491252 0.893897
vt 0.481104 0.893368
vt 0.516383 0.867585
vt 0.527715 0.869818
vt 0.521386 0.898360
vt 0.511415 0.896396
vt 0.504959 0.865893
vt 0.501363 0.894907
vt 0.538927 0.872585
vt 0.531251 0.900794
vt 0.470383 0.864090
vt 0.470942 0.893321
vt 0.458844 0.864585
vt 0.460790 0.893756
vt 0.534072 0.919355
vt 0.525376 0.924610
vt 0.515510 0.922176
vt 0.510256 0.913480
vt 0.512689 0.903615
vt 0.536505 0.909490
vt 0.573950 0.739667
vt 0.586039 0.740275
vt 0.582977 0.755895
vt 0.571604 0.753939
vt 0.555351 0.769190
vt 0.555111 0.774542
vt 0.542908 0.771567
vt 0.542777 0.766431
vt 0.559147 0.750965
vt 0.557438 0.756035
vt 0.545001 0.754123
vt 0.546908 0.749441
vt 0.567858 0.771189
vt 0.580635 0.774224
vt 0.579400 0.778532
vt 0.567669 0.775992
vt 0.570164 0.758563
vt 0.593249 0.774638
vt 0.592098 0.779290
vt 0.598679 0.744838
vt 0.594285 0.758188
vt 0.582826 0.759925
vt 0.600594 0.773942
vt 0.600683 0.778782
vt 0.606218 0.748611
vt 0.601953 0.760043
vt 0.594399 0.762610
vt 0.607820 0.771829
vt 0.610988 0.775369
vt 0.616152 0.752804
vt 0.611616 0.764027
vt 0.601221 0.764549
vt 0.607208 0.767332
vt 0.560997 0.738614
vt 0.548621 0.736865
vt 0.447342 0.865627
vt 0.450670 0.894673
vt 0.882737 0.321276
vt 0.760693 0.243799
vt 0.750312 0.244122
vt 0.748685 0.234932
vt 0.757623 0.233406
vt 0.791458 0.230204
vt 0.786144 0.236053
vt 0.778817 0.228588
vt 0.784376 0.223403
vt 0.893265 0.445681
vt 0.899018 0.447793
vt 0.897268 0.453449
vt 0.891234 0.451214
vt 0.904400 0.448543
vt 0.903803 0.456441
vt 0.765531 0.258128
vt 0.760599 0.264272
vt 0.752353 0.257652
vt 0.757285 0.251509
vt 0.797458 0.235181
vt 0.792462 0.241203
vt 0.781363 0.256691
vt 0.771944 0.254491
vt 0.914302 0.447345
vt 0.919196 0.445325
vt 0.921853 0.449850
vt 0.916574 0.454071
vt 0.780918 0.264321
vt 0.773272 0.263828
vt 0.923755 0.460381
vt 0.919744 0.455986
vt 0.923796 0.452288
vt 0.927781 0.456654
vt 0.918703 0.460899
vt 0.916369 0.460594
vt 0.907964 0.463173
vt 0.904987 0.465195
vt 0.901110 0.459488
vt 0.899420 0.442344
vt 0.904351 0.442564
vt 0.912906 0.441516
vt 0.917604 0.440205
vt 0.895794 0.456659
vt 0.926532 0.446591
vt 0.928285 0.448948
vt 0.923674 0.442377
vt 0.767493 0.265390
vt 0.773885 0.222669
vt 0.753069 0.226508
vt 0.769302 0.215728
vt 0.799072 0.245941
vt 0.787932 0.261399
vt 0.779379 0.217783
vt 0.892656 0.462558
vt 0.897952 0.465425
vt 0.749661 0.249985
vt 0.858753 0.857264
vt 0.864546 0.885920
vt 0.874551 0.884144
vt 0.870125 0.855245
vt 0.893092 0.852836
vt 0.894758 0.882025
vt 0.904915 0.881686
vt 0.904635 0.852451
vt 0.884630 0.882844
vt 0.881580 0.853768
vt 0.915076 0.881830
vt 0.916183 0.852615
vt 0.847491 0.859821
vt 0.854636 0.888169
vt 0.836362 0.862908
vt 0.844845 0.890885
vt 0.839842 0.899729
vt 0.842558 0.909520
vt 0.851402 0.914522
vt 0.861193 0.911806
vt 0.866196 0.902962
vt 0.863479 0.893171
vt 0.918649 0.779504
vt 0.920439 0.768438
vt 0.929312 0.769737
vt 0.927546 0.781383
vt 0.908119 0.779858
vt 0.899391 0.778387
vt 0.900891 0.774982
vt 0.909551 0.776437
vt 0.911150 0.767772
vt 0.902461 0.766176
vt 0.902144 0.762588
vt 0.911063 0.763941
vt 0.917205 0.782989
vt 0.927565 0.784822
vt 0.920446 0.764759
vt 0.937217 0.782140
vt 0.937962 0.785738
vt 0.938391 0.771266
vt 0.930236 0.766693
vt 0.943698 0.782205
vt 0.944277 0.786080
vt 0.944766 0.772459
vt 0.939876 0.767927
vt 0.951561 0.782420
vt 0.952632 0.786095
vt 0.952606 0.774043
vt 0.946158 0.768747
vt 0.912039 0.754820
vt 0.921250 0.754775
vt 0.954497 0.770549
vt 0.962208 0.774722
vt 0.960317 0.778216
vt 0.903289 0.753694
vt 0.932023 0.754925
vt 0.942103 0.757936
vt 0.948225 0.760070
vt 0.956435 0.762195
vt 0.925218 0.882456
vt 0.927711 0.853326
vt 0.890005 0.454291
vt 0.685153 0.584540
vt 0.652295 0.583612
vt 0.654286 0.554757
vt 0.685153 0.556161
vt 0.615361 0.579902
vt 0.618765 0.549905
vt 0.587413 0.546329
vt 0.595383 0.484762
vt 0.624413 0.490025
vt 0.595562 0.483753
vt 0.624340 0.488792
vt 0.685153 0.436768
vt 0.685153 0.463408
vt 0.658559 0.464644
vt 0.647513 0.425609
vt 0.624303 0.464727
vt 0.614117 0.438659
vt 0.685153 0.475561
vt 0.659772 0.475622
vt 0.626185 0.478342
vt 0.596800 0.475004
vt 0.598037 0.463518
vt 0.658769 0.485723
vt 0.685153 0.486649
vt 0.685153 0.496830
vt 0.657393 0.495402
vt 0.960600 0.829494
vt 0.960326 0.821191
vt 0.974942 0.822235
vt 0.968877 0.828652
vt 0.182657 0.118757
vt 0.212736 0.120488
vt 0.213917 0.099979
vt 0.183837 0.098248
vt 0.182066 0.129011
vt 0.212146 0.130743
vt 0.827061 0.803511
vt 0.840053 0.803083
vt 0.840325 0.824776
vt 0.827367 0.824706
vt 0.980567 0.828352
vt 0.971005 0.837143
vt 0.180355 0.158727
vt 0.179729 0.169610
vt 0.200718 0.170818
vt 0.210435 0.160459
vt 0.923725 0.823933
vt 0.923688 0.805223
vt 0.962286 0.798896
vt 0.961604 0.838526
vt 0.969471 0.791664
vt 0.980575 0.793758
vt 0.979145 0.801767
vt 0.186701 0.227126
vt 0.187142 0.219467
vt 0.143348 0.216945
vt 0.142907 0.224604
vt 0.146679 0.159097
vt 0.146185 0.167678
vt 0.148043 0.135406
vt 0.923804 0.830952
vt 0.902083 0.824138
vt 0.901833 0.801989
vt 0.902167 0.831239
vt 0.839844 0.791658
vt 0.885505 0.790951
vt 0.118146 0.215494
vt 0.046744 0.211382
vt 0.046303 0.219040
vt 0.117705 0.223153
vt 0.604353 0.976865
vt 0.604154 0.987014
vt 0.601688 0.984682
vt 0.601798 0.979098
vt 0.721203 0.845720
vt 0.734895 0.845635
vt 0.734911 0.847309
vt 0.721205 0.847380
vt 0.211620 0.228561
vt 0.241336 0.230272
vt 0.241777 0.222613
vt 0.212061 0.220902
vt 0.745036 0.792443
vt 0.735166 0.792036
vt 0.735530 0.774511
vt 0.745495 0.774708
vt 0.743451 0.804762
vt 0.826769 0.791897
vt 0.827554 0.850640
vt 0.745143 0.851663
vt 0.745201 0.849970
vt 0.827533 0.848971
vt 0.840563 0.840848
vt 0.827421 0.839997
vt 0.827343 0.832024
vt 0.840409 0.831921
vt 0.733743 0.803895
vt 0.721557 0.802959
vt 0.721774 0.791638
vt 0.737979 0.669085
vt 0.737980 0.614496
vt 0.744559 0.614496
vt 0.744557 0.669086
vt 0.745135 0.840950
vt 0.745127 0.832697
vt 0.722160 0.774204
vt 0.697672 0.791136
vt 0.698042 0.773636
vt 0.745157 0.824952
vt 0.721022 0.825903
vt 0.721114 0.833185
vt 0.696935 0.833065
vt 0.697016 0.825723
vt 0.670234 0.669083
vt 0.670236 0.614494
vt 0.688765 0.614494
vt 0.688763 0.669084
vt 0.570719 0.843810
vt 0.570695 0.845457
vt 0.544716 0.845071
vt 0.544741 0.843425
vt 0.571270 0.807241
vt 0.545312 0.805185
vt 0.545481 0.793875
vt 0.571366 0.800928
vt 0.544927 0.830892
vt 0.521707 0.830546
vt 0.521817 0.823174
vt 0.545037 0.823520
vt 0.522258 0.793530
vt 0.509415 0.773502
vt 0.527364 0.773769
vt 0.483188 0.829974
vt 0.483298 0.822601
vt 0.482913 0.848510
vt 0.482938 0.846864
vt 0.521457 0.847436
vt 0.521432 0.849082
vt 0.506144 0.754869
vt 0.519176 0.759072
vt 0.483002 0.842507
vt 0.521521 0.843079
vt 0.521497 0.844726
vt 0.482978 0.844154
vt 0.544652 0.849427
vt 0.544676 0.847781
vt 0.483069 0.838014
vt 0.451861 0.842046
vt 0.451928 0.837553
vt 0.696746 0.851606
vt 0.696763 0.849953
vt 0.721204 0.850113
vt 0.721201 0.851776
vt 0.570631 0.849813
vt 0.570655 0.848166
vt 0.694065 0.109726
vt 0.565196 0.074866
vt 0.566149 0.056891
vt 0.702769 0.092557
vt 0.696807 0.845589
vt 0.696790 0.847241
vt 0.544807 0.838932
vt 0.521588 0.838586
vt 0.594887 0.977181
vt 0.594724 0.987417
vt 0.592229 0.985075
vt 0.592319 0.979443
vt 0.827479 0.844553
vt 0.745161 0.845536
vt 0.721184 0.841206
vt 0.696852 0.841097
vt 0.827500 0.846223
vt 0.745176 0.847212
vt 0.924000 0.839743
vt 0.988926 0.795160
vt 0.983292 0.777678
vt 0.991920 0.777236
vt 0.987278 0.804178
vt 0.251591 0.230862
vt 0.252032 0.223203
vt 0.902289 0.840077
vt 0.483570 0.804267
vt 0.522090 0.804839
vt 0.166444 0.808968
vt 0.166334 0.829836
vt 0.117893 0.829691
vt 0.117956 0.808755
vt 0.734210 0.825491
vt 0.734630 0.832925
vt 0.289164 0.810172
vt 0.212853 0.809338
vt 0.213136 0.784972
vt 0.289568 0.786577
vt 0.046779 0.829553
vt 0.046833 0.808570
vt 0.570786 0.839318
vt 0.313272 0.830327
vt 0.313427 0.875332
vt 0.289413 0.875330
vt 0.289326 0.830577
vt 0.529549 0.098675
vt 0.522297 0.150753
vt 0.510885 0.150486
vt 0.518680 0.096234
vt 0.029979 0.669893
vt 0.033627 0.611859
vt 0.049057 0.614526
vt 0.044488 0.669437
vt 0.498835 0.643164
vt 0.505476 0.643176
vt 0.505461 0.669079
vt 0.498823 0.669079
vt 0.118148 0.762874
vt 0.118053 0.784321
vt 0.046905 0.784104
vt 0.046972 0.762646
vt 0.487357 0.622201
vt 0.486854 0.642862
vt 0.478582 0.642663
vt 0.479069 0.622002
vt 0.244614 0.173345
vt 0.254869 0.173936
vt 0.492409 0.622322
vt 0.505504 0.622648
vt 0.522714 0.643188
vt 0.511725 0.643181
vt 0.511719 0.622586
vt 0.522720 0.622579
vt 0.046772 0.875317
vt 0.039984 0.875317
vt 0.039990 0.829553
vt 0.197440 0.227744
vt 0.197881 0.220085
vt 0.839629 0.774381
vt 0.839528 0.758019
vt 0.867254 0.757885
vt 0.874642 0.773746
vt 0.214898 0.171634
vt 0.020321 0.776613
vt 0.040043 0.785068
vt 0.040048 0.808572
vt 0.020325 0.808575
vt 0.315254 0.766390
vt 0.313509 0.785295
vt 0.290973 0.765441
vt 0.213444 0.986994
vt 0.213126 0.965680
vt 0.289558 0.964085
vt 0.290961 0.985221
vt 0.166603 0.784567
vt 0.020263 0.829554
vt 0.524811 0.163470
vt 0.525443 0.181533
vt 0.512010 0.173513
vt 0.212704 0.830069
vt 0.212584 0.875326
vt 0.166248 0.875323
vt 0.313010 0.809660
vt 0.532582 0.643192
vt 0.532580 0.669079
vt 0.522706 0.669079
vt 0.353440 0.785429
vt 0.352946 0.809083
vt 0.355003 0.770771
vt 0.511697 0.619169
vt 0.893635 0.656929
vt 0.892512 0.692072
vt 0.873016 0.690471
vt 0.878312 0.655216
vt 0.894479 0.630519
vt 0.894352 0.634484
vt 0.881989 0.633896
vt 0.882439 0.629970
vt 0.896605 0.563967
vt 0.877612 0.564214
vt 0.876399 0.545177
vt 0.897228 0.544481
vt 0.894561 0.627939
vt 0.894518 0.629272
vt 0.882553 0.628742
vt 0.882641 0.627427
vt 0.882621 0.624768
vt 0.894646 0.625271
vt 0.891855 0.712648
vt 0.870241 0.710990
vt 0.879926 0.597817
vt 0.876061 0.624642
vt 0.871416 0.598447
vt 0.876119 0.628375
vt 0.876314 0.627169
vt 0.869603 0.653487
vt 0.874966 0.633149
vt 0.862729 0.598855
vt 0.857444 0.565760
vt 0.867464 0.564947
vt 0.875876 0.629501
vt 0.869351 0.628804
vt 0.869887 0.627782
vt 0.870360 0.626725
vt 0.862212 0.688657
vt 0.858296 0.708826
vt 0.846037 0.705991
vt 0.850929 0.686119
vt 0.869723 0.624385
vt 0.863547 0.624253
vt 0.855048 0.598928
vt 0.860482 0.650842
vt 0.867620 0.632248
vt 0.864026 0.627636
vt 0.864648 0.626649
vt 0.852742 0.650138
vt 0.861060 0.631894
vt 0.863315 0.628588
vt 0.837002 0.703630
vt 0.842397 0.683953
vt 0.851420 0.623919
vt 0.841307 0.597510
vt 0.851967 0.627340
vt 0.852658 0.626186
vt 0.837278 0.654953
vt 0.848800 0.631417
vt 0.895528 0.597671
vt 0.827724 0.684105
vt 0.818852 0.681321
vt 0.831608 0.652593
vt 0.823014 0.699558
vt 0.838393 0.624263
vt 0.829388 0.601156
vt 0.851197 0.628307
vt 0.840856 0.628162
vt 0.840539 0.626538
vt 0.839564 0.634061
vt 0.814213 0.696858
vt 0.826257 0.649099
vt 0.837318 0.628540
vt 0.840777 0.629649
vt 0.840115 0.626512
vt 0.865480 0.546239
vt 0.849051 0.567082
vt 0.854928 0.547610
vt 0.846168 0.548933
vt 0.835061 0.567223
vt 0.832253 0.551291
vt 0.818808 0.570404
vt 0.815789 0.554317
vt 0.812077 0.678598
vt 0.806827 0.694438
vt 0.353126 0.829939
vt 0.353319 0.875334
vt 0.379004 0.829750
vt 0.379233 0.875335
vt 0.380646 0.773942
vt 0.379108 0.785657
vt 0.378720 0.808940
vt 0.602227 0.844268
vt 0.602204 0.845917
vt 0.704004 0.614495
vt 0.704002 0.669084
vt 0.571017 0.823909
vt 0.734280 0.817715
vt 0.740160 0.101671
vt 0.745163 0.094455
vt 0.798573 0.142284
vt 0.511707 0.669079
vt 0.744753 0.816479
vt 0.512213 0.162970
vt 0.660143 0.211314
vt 0.658789 0.213005
vt 0.649971 0.204332
vt 0.535807 0.081535
vt 0.548900 0.057070
vt 0.704747 0.263625
vt 0.670631 0.200280
vt 0.759260 0.299945
vt 0.748572 0.309783
vt 0.719757 0.280172
vt 0.643214 0.186019
vt 0.660572 0.189275
vt 0.635574 0.201430
vt 0.853565 0.201567
vt 0.841397 0.213963
vt 0.729763 0.116422
vt 0.716437 0.251639
vt 0.731251 0.268725
vt 0.570906 0.831279
vt 0.826501 0.774513
vt 0.826392 0.758051
vt 0.534664 0.151027
vt 0.533462 0.158235
vt 0.727579 0.093795
vt 0.729813 0.095039
vt 0.721010 0.109724
vt 0.720437 0.108869
vt 0.760500 0.301047
vt 0.750823 0.311506
vt 0.740738 0.260188
vt 0.725787 0.243784
vt 0.706435 0.084035
vt 0.710229 0.076435
vt 0.733284 0.086695
vt 0.747927 0.310500
vt 0.750247 0.312261
vt 0.828431 0.228192
vt 0.843716 0.216401
vt 0.829942 0.229596
vt 0.856261 0.204511
vt 0.479133 0.618588
vt 0.487437 0.618795
vt 0.492494 0.618908
vt 0.716894 0.614495
vt 0.716892 0.669085
vt 0.729897 0.614496
vt 0.729895 0.669085
vt 0.542718 0.669079
vt 0.565118 0.669080
vt 0.565115 0.614493
vt 0.571566 0.614493
vt 0.571569 0.669080
vt 0.719097 0.133626
vt 0.330668 0.037018
vt 0.387039 0.037017
vt 0.387040 0.056741
vt 0.330668 0.056741
vt 0.117838 0.875320
vt 0.330668 0.100200
vt 0.330668 0.090300
vt 0.387039 0.090300
vt 0.387039 0.100200
vt 0.166764 0.987489
vt 0.166592 0.966080
vt 0.238346 0.619478
vt 0.238255 0.632476
vt 0.169939 0.631997
vt 0.170030 0.618999
vt 0.163056 0.654527
vt 0.163147 0.641529
vt 0.169872 0.641576
vt 0.169781 0.654574
vt 0.164259 0.631958
vt 0.164350 0.618959
vt 0.238188 0.642054
vt 0.169714 0.664153
vt 0.164034 0.664113
vt 0.164075 0.658134
vt 0.238097 0.655052
vt 0.164217 0.637936
vt 0.238030 0.664631
vt 0.157077 0.654485
vt 0.157168 0.641487
vt 0.532580 0.614498
vt 0.542712 0.614496
vt 0.491898 0.642987
vt 0.476010 0.643177
vt 0.476511 0.621924
vt 0.272541 0.224384
vt 0.275378 0.175117
vt 0.492580 0.614200
vt 0.511739 0.614467
vt 0.120983 0.166227
vt 0.452594 0.792496
vt 0.453209 0.772616
vt 0.477193 0.773024
vt 0.483737 0.792958
vt 0.522725 0.614498
vt 0.479292 0.613878
vt 0.476570 0.618629
vt 0.476962 0.614463
vt 0.050361 0.162160
vt 0.049502 0.162111
vt 0.487548 0.614092
vt 0.272100 0.232043
vt 0.978361 0.777227
vt 0.395651 0.224174
vt 0.395654 0.223747
vt 0.362014 0.223506
vt 0.362011 0.223933
vt 0.361934 0.234713
vt 0.357338 0.234531
vt 0.357345 0.233567
vt 0.361945 0.233072
vt 0.395643 0.225389
vt 0.362002 0.225147
vt 0.395574 0.234955
vt 0.395586 0.233313
vt 0.361937 0.234287
vt 0.395577 0.234528
vt 0.347597 0.233559
vt 0.347850 0.232963
vt 0.357384 0.228199
vt 0.357379 0.228913
vt 0.357385 0.227949
vt 0.349074 0.230088
vt 0.349261 0.229647
vt 0.357340 0.234280
vt 0.347663 0.233404
vt 0.342722 0.226646
vt 0.345815 0.226201
vt 0.349327 0.229492
vt 0.342248 0.226714
vt 0.342081 0.226738
vt 0.346289 0.226133
vt 0.346455 0.226109
vt 0.341819 0.214255
vt 0.342465 0.214260
vt 0.341986 0.214256
vt 0.345585 0.214282
vt 0.346063 0.214285
vt 0.346231 0.214287
vt 0.350643 0.159404
vt 0.351122 0.159407
vt 0.347523 0.159381
vt 0.346877 0.159377
vt 0.347045 0.159378
vt 0.348896 0.155724
vt 0.352017 0.155747
vt 0.351290 0.159408
vt 0.348250 0.155720
vt 0.353827 0.149011
vt 0.354107 0.149593
vt 0.348418 0.155721
vt 0.352495 0.155750
vt 0.352663 0.155751
vt 0.355455 0.152407
vt 0.355662 0.152839
vt 0.353900 0.149162
vt 0.355734 0.152990
vt 0.362079 0.147474
vt 0.362074 0.148098
vt 0.362052 0.151114
vt 0.362049 0.151577
vt 0.362077 0.147636
vt 0.362048 0.151739
vt 0.396198 0.147881
vt 0.396200 0.147718
vt 0.396169 0.151984
vt 0.396170 0.151821
vt 0.396174 0.151359
vt 0.396195 0.148343
vt 0.395701 0.217219
vt 0.344304 0.213893
vt 0.344306 0.213696
vt 0.305661 0.211649
vt 0.306509 0.209626
vt 0.344322 0.211502
vt 0.395703 0.217022
vt 0.395720 0.214631
vt 0.344323 0.211305
vt 0.395718 0.214828
vt 0.395797 0.203908
vt 0.345625 0.203263
vt 0.345624 0.203460
vt 0.395795 0.204105
vt 0.395778 0.206496
vt 0.345607 0.205851
vt 0.395780 0.206299
vt 0.345608 0.205654
vt 0.395849 0.196570
vt 0.347574 0.195938
vt 0.347573 0.196135
vt 0.395848 0.196767
vt 0.395866 0.194179
vt 0.347591 0.193547
vt 0.347590 0.193744
vt 0.395865 0.194376
vt 0.395928 0.185624
vt 0.347653 0.184993
vt 0.347651 0.185190
vt 0.395926 0.185821
vt 0.395909 0.188212
vt 0.347634 0.187580
vt 0.395911 0.188015
vt 0.347636 0.187384
vt 0.395967 0.180108
vt 0.348760 0.179484
vt 0.348759 0.179680
vt 0.395966 0.180305
vt 0.395985 0.177717
vt 0.348777 0.177093
vt 0.348776 0.177290
vt 0.395983 0.177914
vt 0.396101 0.161459
vt 0.349127 0.160836
vt 0.349126 0.161034
vt 0.396100 0.161656
vt 0.396118 0.159068
vt 0.349144 0.158446
vt 0.349143 0.158643
vt 0.396117 0.159265
vt 0.396054 0.167959
vt 0.350106 0.167344
vt 0.350105 0.167541
vt 0.396053 0.168156
vt 0.396036 0.170547
vt 0.350088 0.169932
vt 0.396037 0.170350
vt 0.350089 0.169735
vt 0.298625 0.204237
vt 0.300810 0.204038
vt 0.302510 0.207762
vt 0.300868 0.209216
vt 0.305585 0.211831
vt 0.306585 0.209444
vt 0.304436 0.160089
vt 0.306491 0.160856
vt 0.302658 0.207631
vt 0.300720 0.209347
vt 0.301006 0.204020
vt 0.298429 0.204255
vt 0.307240 0.155739
vt 0.308884 0.157192
vt 0.306676 0.160925
vt 0.312951 0.154718
vt 0.312946 0.156912
vt 0.304251 0.160020
vt 0.307093 0.155608
vt 0.309031 0.157323
vt 0.312946 0.157109
vt 0.348378 0.160789
vt 0.312951 0.154521
vt 0.348383 0.158399
vt 0.348379 0.160592
vt 0.348384 0.158202
vt 0.859289 0.195813
vt 0.862320 0.198898
vt 0.734888 0.851754
vt 0.734933 0.850066
vt 0.734833 0.841079
vt 0.090329 0.684481
vt 0.138837 0.685466
vt 0.138984 0.710976
vt 0.566363 0.089475
vt 0.544153 0.088745
vt 0.697463 0.802769
vt 0.551391 0.669080
vt 0.551386 0.614494
vt 0.602408 0.831749
vt 0.602517 0.824385
vt 0.451837 0.843692
vt 0.027350 0.254064
vt 0.077909 0.251556
vt 0.077895 0.255244
vt 0.027381 0.258476
vt 0.542103 0.396177
vt 0.477862 0.391033
vt 0.474281 0.340358
vt 0.545904 0.348700
vt 0.027350 0.714872
vt 0.046719 0.685072
vt 0.452427 0.803805
vt 0.525725 0.055388
vt 0.758143 0.614496
vt 0.758141 0.669086
vt 0.546130 0.086772
vt 0.545298 0.090751
vt 0.095962 0.582624
vt 0.096092 0.576576
vt 0.142509 0.574359
vt 0.143074 0.580764
vt 0.246733 0.558615
vt 0.246543 0.564760
vt 0.022768 0.875316
vt 0.403785 0.386690
vt 0.404775 0.342762
vt 0.240188 0.696739
vt 0.240025 0.717222
vt 0.334545 0.014978
vt 0.334265 0.016170
vt 0.272635 0.016170
vt 0.273946 0.014979
vt 0.264837 0.037018
vt 0.266341 0.029231
vt 0.331362 0.029230
vt 0.478385 0.760228
vt 0.633608 0.669082
vt 0.633609 0.614493
vt 0.661078 0.614493
vt 0.661077 0.669083
vt 0.632007 0.772408
vt 0.641421 0.755884
vt 0.698417 0.757029
vt 0.602805 0.806011
vt 0.602933 0.797890
vt 0.602165 0.848624
vt 0.602292 0.839781
vt 0.273946 0.025111
vt 0.334870 0.025110
vt 0.602142 0.850273
vt 0.272635 0.019086
vt 0.334265 0.019085
vt 0.452046 0.829513
vt 0.454615 0.763520
vt 0.769673 0.614497
vt 0.769672 0.669086
vt 0.452155 0.822140
vt 0.451773 0.848049
vt 0.451797 0.846402
vt 0.264837 0.068906
vt 0.330668 0.068906
vt 0.264837 0.090300
vt 0.735830 0.757999
vt 0.334870 0.020277
vt 0.387039 0.020276
vt 0.387039 0.025110
vt 0.387039 0.016169
vt 0.387039 0.019085
vt 0.273946 0.020277
vt 0.387039 0.029230
vt 0.387040 0.068906
vt 0.387039 0.014978
vt 0.264837 0.100199
vt 0.264837 0.056741
vt 0.399776 0.785001
vt 0.399906 0.808545
vt 0.400288 0.829502
vt 0.421173 0.775956
vt 0.421315 0.870991
vt 0.411367 0.875151
vt 0.411268 0.775972
vt 0.400711 0.776123
vt 0.400558 0.875336
vt 0.421315 0.875151
vt 0.403537 0.808439
vt 0.403920 0.829458
vt 0.403694 0.875336
vt 0.402227 0.776412
vt 0.144214 0.679305
vt 0.240233 0.691871
vt 0.139981 0.606896
vt 0.146424 0.607503
vt 0.144085 0.679260
vt 0.716021 0.554757
vt 0.718011 0.583612
vt 0.751542 0.549905
vt 0.754946 0.579902
vt 0.745894 0.490025
vt 0.774924 0.484762
vt 0.782893 0.546329
vt 0.745966 0.488792
vt 0.774744 0.483753
vt 0.722793 0.425609
vt 0.711748 0.464644
vt 0.756189 0.438659
vt 0.746003 0.464727
vt 0.710535 0.475622
vt 0.744121 0.478342
vt 0.772270 0.463518
vt 0.773507 0.475003
vt 0.711537 0.485723
vt 0.712914 0.495402
vt 0.478219 0.965581
vt 0.470197 0.964886
vt 0.464234 0.958764
vt 0.478363 0.957541
vt 0.118441 0.126754
vt 0.118823 0.147294
vt 0.088698 0.147853
vt 0.088317 0.127314
vt 0.088126 0.117043
vt 0.118250 0.116484
vt 0.607106 0.938593
vt 0.607121 0.959094
vt 0.594569 0.959318
vt 0.594528 0.938337
vt 0.468260 0.973134
vt 0.458878 0.964765
vt 0.117698 0.086724
vt 0.087574 0.087283
vt 0.096476 0.076215
vt 0.117496 0.075826
vt 0.513826 0.959667
vt 0.476145 0.935992
vt 0.513592 0.941561
vt 0.477378 0.974337
vt 0.459869 0.939014
vt 0.458369 0.931284
vt 0.469087 0.929095
vt 0.106173 0.019006
vt 0.150033 0.018193
vt 0.150175 0.025863
vt 0.106316 0.026676
vt 0.151090 0.075203
vt 0.151249 0.083797
vt 0.151689 0.107523
vt 0.513850 0.966461
vt 0.534694 0.938117
vt 0.534774 0.959554
vt 0.534793 0.966429
vt 0.550325 0.927211
vt 0.594574 0.927260
vt 0.175414 0.025395
vt 0.175272 0.017725
vt 0.246780 0.016399
vt 0.246922 0.024069
vt 0.963746 0.361402
vt 0.965013 0.367764
vt 0.954765 0.366710
vt 0.951084 0.362110
vt 0.709686 0.979054
vt 0.709674 0.980660
vt 0.696464 0.980514
vt 0.696484 0.978903
vt 0.081218 0.019468
vt 0.081360 0.027138
vt 0.051601 0.027690
vt 0.051459 0.020020
vt 0.686558 0.927231
vt 0.686108 0.909724
vt 0.695975 0.909472
vt 0.696502 0.926715
vt 0.607258 0.927333
vt 0.687980 0.939701
vt 0.607172 0.984695
vt 0.607151 0.982026
vt 0.686589 0.983005
vt 0.686642 0.984721
vt 0.594544 0.974861
vt 0.594578 0.966229
vt 0.607215 0.966173
vt 0.607220 0.973871
vt 0.709641 0.926215
vt 0.709902 0.937275
vt 0.698355 0.938154
vt 0.744555 0.723676
vt 0.737976 0.723675
vt 0.686722 0.966437
vt 0.686658 0.974373
vt 0.709171 0.909121
vt 0.732895 0.908642
vt 0.733168 0.925837
vt 0.686773 0.959061
vt 0.709854 0.959850
vt 0.733383 0.959754
vt 0.733400 0.966924
vt 0.709793 0.966915
vt 0.688761 0.723673
vt 0.670232 0.723672
vt 0.856760 0.978639
vt 0.882169 0.978537
vt 0.882175 0.980147
vt 0.856766 0.980249
vt 0.856614 0.942866
vt 0.856590 0.936692
vt 0.881978 0.930077
vt 0.882021 0.941138
vt 0.882120 0.966279
vt 0.882091 0.959069
vt 0.904800 0.958980
vt 0.904828 0.966190
vt 0.904688 0.929990
vt 0.899910 0.910612
vt 0.917462 0.910546
vt 0.942470 0.958836
vt 0.942497 0.966045
vt 0.942566 0.984173
vt 0.904899 0.984317
vt 0.904893 0.982707
vt 0.942560 0.982562
vt 0.908074 0.896331
vt 0.920862 0.892362
vt 0.942544 0.978302
vt 0.942550 0.979912
vt 0.904882 0.980057
vt 0.904876 0.978447
vt 0.882192 0.984407
vt 0.882186 0.982797
vt 0.942527 0.973908
vt 0.972981 0.973794
vt 0.972997 0.978188
vt 0.733416 0.985000
vt 0.709643 0.984914
vt 0.709655 0.983305
vt 0.733416 0.983389
vt 0.856783 0.984510
vt 0.856777 0.982900
vt 0.934672 0.365249
vt 0.954994 0.455073
vt 0.943747 0.455547
vt 0.733415 0.979134
vt 0.733415 0.980744
vt 0.904859 0.974053
vt 0.882151 0.974142
vt 0.599273 0.987137
vt 0.596971 0.984977
vt 0.597054 0.979781
vt 0.599424 0.977695
vt 0.686621 0.978788
vt 0.607189 0.978266
vt 0.733411 0.974753
vt 0.709721 0.974683
vt 0.686607 0.980401
vt 0.607179 0.979877
vt 0.513787 0.974971
vt 0.450306 0.932762
vt 0.447146 0.915454
vt 0.455504 0.915757
vt 0.452032 0.941466
vt 0.041331 0.027880
vt 0.041189 0.020210
vt 0.534800 0.974983
vt 0.904731 0.941050
vt 0.942402 0.940906
vt 0.166436 0.941679
vt 0.117948 0.941885
vt 0.117888 0.920949
vt 0.166328 0.920811
vt 0.697013 0.959418
vt 0.696716 0.966632
vt 0.289156 0.940489
vt 0.212845 0.941314
vt 0.324324 0.531056
vt 0.079913 0.533541
vt 0.097145 0.503025
vt 0.261846 0.502435
vt 0.510774 0.176851
vt 0.046774 0.921080
vt 0.046827 0.942062
vt 0.856742 0.974244
vt 0.313267 0.920337
vt 0.289321 0.920084
vt 0.313826 0.255948
vt 0.313849 0.260020
vt 0.926619 0.478818
vt 0.927961 0.486471
vt 0.889621 0.489456
vt 0.889950 0.481529
vt 0.326512 0.502544
vt 0.498835 0.694995
vt 0.505476 0.694983
vt 0.118135 0.987766
vt 0.046960 0.987985
vt 0.046896 0.966527
vt 0.118042 0.966319
vt 0.487359 0.715958
vt 0.479071 0.716158
vt 0.478582 0.695497
vt 0.486854 0.695297
vt 0.052515 0.077030
vt 0.042245 0.077220
vt 0.505505 0.715509
vt 0.492411 0.715836
vt 0.522714 0.694970
vt 0.522720 0.715579
vt 0.511720 0.715572
vt 0.511725 0.694978
vt 0.039986 0.921079
vt 0.095561 0.026875
vt 0.095419 0.019205
vt 0.594548 0.910489
vt 0.560586 0.910383
vt 0.567508 0.894890
vt 0.594405 0.894597
vt 0.082275 0.076479
vt 0.020316 0.974014
vt 0.020321 0.942055
vt 0.040042 0.942059
vt 0.040036 0.965561
vt 0.315242 0.984274
vt 0.313499 0.965369
vt 0.020260 0.921077
vt 0.487809 0.501969
vt 0.509637 0.533426
vt 0.881304 0.479271
vt 0.873994 0.487435
vt 0.869284 0.478084
vt 0.212698 0.920583
vt 0.313003 0.941004
vt 0.213457 0.763658
vt 0.532582 0.694966
vt 0.353431 0.965239
vt 0.352939 0.941584
vt 0.354992 0.979898
vt 0.511698 0.718988
vt 0.909036 0.656198
vt 0.912070 0.691718
vt 0.906529 0.630740
vt 0.906728 0.634687
vt 0.917970 0.546506
vt 0.915545 0.565427
vt 0.906490 0.628189
vt 0.906493 0.629507
vt 0.906679 0.625537
vt 0.913530 0.712373
vt 0.911090 0.598812
vt 0.919542 0.599985
vt 0.913234 0.625830
vt 0.912820 0.628336
vt 0.912938 0.629552
vt 0.913784 0.634389
vt 0.917838 0.655028
vt 0.925624 0.566806
vt 0.935572 0.568257
vt 0.928185 0.600947
vt 0.913109 0.630690
vt 0.919195 0.629357
vt 0.919664 0.630412
vt 0.918790 0.628272
vt 0.922969 0.690598
vt 0.934390 0.688785
vt 0.938004 0.708929
vt 0.925589 0.710976
vt 0.935846 0.601510
vt 0.925747 0.626241
vt 0.919576 0.625978
vt 0.921172 0.633959
vt 0.927108 0.652971
vt 0.924495 0.628561
vt 0.925053 0.629586
vt 0.927742 0.634025
vt 0.934877 0.652763
vt 0.925702 0.630582
vt 0.943043 0.687169
vt 0.947171 0.707150
vt 0.949649 0.600972
vt 0.937871 0.626681
vt 0.936491 0.628864
vt 0.937107 0.630061
vt 0.940007 0.634331
vt 0.950002 0.658554
vt 0.957677 0.688257
vt 0.955812 0.656561
vt 0.966708 0.686045
vt 0.961390 0.703979
vt 0.961310 0.605371
vt 0.950849 0.627856
vt 0.937814 0.631074
vt 0.948562 0.629989
vt 0.948142 0.631590
vt 0.949055 0.637559
vt 0.970347 0.701847
vt 0.951649 0.632193
vt 0.961375 0.653416
vt 0.948126 0.633078
vt 0.948987 0.629990
vt 0.928799 0.548262
vt 0.943863 0.570112
vt 0.939242 0.550305
vt 0.947900 0.552184
vt 0.957816 0.571146
vt 0.961635 0.555426
vt 0.973832 0.575358
vt 0.977872 0.559497
vt 0.973644 0.683760
vt 0.977872 0.699903
vt 0.353121 0.920728
vt 0.379000 0.920920
vt 0.380637 0.976729
vt 0.379100 0.965014
vt 0.378714 0.941731
vt 0.825935 0.978759
vt 0.825942 0.980371
vt 0.704000 0.723674
vt 0.856680 0.959171
vt 0.696710 0.951789
vt 0.949243 0.322870
vt 0.913243 0.264015
vt 0.956888 0.318519
vt 0.687224 0.951133
vt 0.881076 0.487876
vt 0.850132 0.388835
vt 0.857533 0.395277
vt 0.848888 0.390209
vt 0.955198 0.466527
vt 0.938606 0.475083
vt 0.798951 0.350624
vt 0.782761 0.337792
vt 0.753020 0.313151
vt 0.761842 0.302056
vt 0.858513 0.379270
vt 0.871305 0.398652
vt 0.860683 0.404289
vt 0.857529 0.395231
vt 0.867981 0.386259
vt 0.763036 0.301036
vt 0.793270 0.326153
vt 0.858939 0.207468
vt 0.934059 0.331385
vt 0.846010 0.218859
vt 0.809304 0.338988
vt 0.856710 0.966381
vt 0.607296 0.910437
vt 0.607173 0.894426
vt 0.885060 0.473462
vt 0.890225 0.472896
vt 0.695598 0.893163
vt 0.831340 0.231087
vt 0.917671 0.339350
vt 0.914659 0.337633
vt 0.829285 0.233453
vt 0.772776 0.291549
vt 0.770712 0.289795
vt 0.761668 0.299656
vt 0.955575 0.336826
vt 0.939098 0.341343
vt 0.938683 0.340649
vt 0.954641 0.334234
vt 0.816299 0.329923
vt 0.801304 0.316894
vt 0.963874 0.331575
vt 0.972528 0.358083
vt 0.752456 0.313882
vt 0.821219 0.242674
vt 0.827555 0.231917
vt 0.818938 0.240278
vt 0.772886 0.291326
vt 0.479136 0.719572
vt 0.487440 0.719364
vt 0.492496 0.719250
vt 0.716890 0.723674
vt 0.729893 0.723675
vt 0.571563 0.723667
vt 0.565113 0.723666
vt 0.443412 0.037017
vt 0.443411 0.056741
vt 0.615413 0.614493
vt 0.615413 0.669081
vt 0.443411 0.100200
vt 0.443411 0.090300
vt 0.306662 0.619957
vt 0.306571 0.632955
vt 0.313137 0.655578
vt 0.306413 0.655531
vt 0.306504 0.642533
vt 0.313228 0.642580
vt 0.312342 0.619996
vt 0.312251 0.632995
vt 0.312067 0.659171
vt 0.312026 0.665150
vt 0.306345 0.665110
vt 0.312209 0.638973
vt 0.319116 0.655620
vt 0.319207 0.642622
vt 0.542710 0.723662
vt 0.532579 0.723659
vt 0.491898 0.695172
vt 0.476010 0.694983
vt 0.476513 0.716236
vt 0.021705 0.077601
vt 0.020791 0.028260
vt 0.511740 0.723690
vt 0.492582 0.723958
vt 0.176329 0.074735
vt 0.972816 0.929731
vt 0.942360 0.929846
vt 0.948973 0.910426
vt 0.972428 0.910285
vt 0.522724 0.723659
vt 0.479295 0.724282
vt 0.476965 0.723697
vt 0.476573 0.719531
vt 0.247056 0.073424
vt 0.247917 0.073407
vt 0.423676 0.621236
vt 0.423047 0.611002
vt 0.438380 0.619058
vt 0.487551 0.724067
vt 0.020649 0.020590
vt 0.460272 0.915249
vt 0.429292 0.224415
vt 0.429295 0.223989
vt 0.429215 0.235196
vt 0.429226 0.233555
vt 0.433819 0.234115
vt 0.433812 0.235079
vt 0.429283 0.225630
vt 0.429218 0.234769
vt 0.443322 0.233648
vt 0.443566 0.234247
vt 0.433852 0.229461
vt 0.433857 0.228748
vt 0.433859 0.228497
vt 0.441958 0.230312
vt 0.442139 0.230755
vt 0.433814 0.234828
vt 0.443503 0.234091
vt 0.445454 0.226915
vt 0.448540 0.227405
vt 0.441895 0.230156
vt 0.449179 0.227506
vt 0.449013 0.227480
vt 0.444981 0.226840
vt 0.444814 0.226814
vt 0.448975 0.215023
vt 0.449621 0.215028
vt 0.449453 0.215027
vt 0.445376 0.214998
vt 0.445854 0.215001
vt 0.445208 0.214996
vt 0.441105 0.160052
vt 0.441584 0.160056
vt 0.444704 0.160078
vt 0.445350 0.160083
vt 0.445182 0.160082
vt 0.440263 0.156379
vt 0.443383 0.156402
vt 0.440937 0.160051
vt 0.444029 0.156406
vt 0.438261 0.150197
vt 0.438549 0.149618
vt 0.443861 0.156405
vt 0.439784 0.156376
vt 0.439617 0.156375
vt 0.436660 0.153419
vt 0.436873 0.152991
vt 0.438474 0.149768
vt 0.436585 0.153570
vt 0.430316 0.148588
vt 0.430321 0.147963
vt 0.430291 0.152066
vt 0.430294 0.151604
vt 0.430319 0.148125
vt 0.430290 0.152228
vt 0.447141 0.214630
vt 0.447142 0.214433
vt 0.447158 0.212239
vt 0.484993 0.210905
vt 0.485812 0.212941
vt 0.447159 0.212042
vt 0.445971 0.204179
vt 0.445972 0.203982
vt 0.445954 0.206570
vt 0.445955 0.206373
vt 0.444127 0.196827
vt 0.444128 0.196630
vt 0.444146 0.194239
vt 0.444144 0.194436
vt 0.444205 0.185882
vt 0.444207 0.185685
vt 0.444188 0.188273
vt 0.444190 0.188076
vt 0.443177 0.180357
vt 0.443179 0.180161
vt 0.443196 0.177770
vt 0.443194 0.177967
vt 0.443078 0.161707
vt 0.443079 0.161510
vt 0.443096 0.159119
vt 0.443095 0.159316
vt 0.442005 0.168200
vt 0.442006 0.168003
vt 0.441988 0.170591
vt 0.441989 0.170394
vt 0.492953 0.205631
vt 0.490640 0.210577
vt 0.489018 0.209099
vt 0.490772 0.205400
vt 0.485885 0.213124
vt 0.484920 0.210723
vt 0.485710 0.162141
vt 0.487776 0.161403
vt 0.488873 0.208966
vt 0.490786 0.210710
vt 0.490576 0.205379
vt 0.493149 0.205651
vt 0.483371 0.158443
vt 0.485035 0.157014
vt 0.485525 0.162207
vt 0.479312 0.158105
vt 0.479339 0.155911
vt 0.487962 0.161337
vt 0.485184 0.156885
vt 0.483221 0.158572
vt 0.479310 0.158302
vt 0.443829 0.161474
vt 0.479342 0.155715
vt 0.443831 0.161277
vt 0.443858 0.159083
vt 0.443860 0.158886
vt 0.865003 0.202209
vt 0.615410 0.723669
vt 0.633606 0.723671
vt 0.696434 0.983167
vt 0.696469 0.984789
vt 0.689838 0.948626
vt 0.694777 0.948170
vt 0.696547 0.974508
vt 0.733278 0.937239
vt 0.551383 0.723664
vt 0.825889 0.966509
vt 0.825859 0.959303
vt 0.973003 0.979798
vt 0.972858 0.940791
vt 0.956169 0.482265
vt 0.758139 0.723676
vt 0.375774 0.403295
vt 0.375171 0.447451
vt 0.329542 0.450243
vt 0.325931 0.402556
vt 0.420282 0.403906
vt 0.419698 0.448028
vt 0.380192 0.590045
vt 0.336156 0.586861
vt 0.337025 0.581073
vt 0.380217 0.584372
vt 0.382305 0.608610
vt 0.338657 0.611076
vt 0.335909 0.711425
vt 0.336306 0.687130
vt 0.439534 0.014977
vt 0.500135 0.014978
vt 0.501445 0.016169
vt 0.439814 0.016169
vt 0.509244 0.037017
vt 0.442718 0.029230
vt 0.507740 0.029230
vt 0.947946 0.897902
vt 0.661074 0.723672
vt 0.797656 0.908125
vt 0.732622 0.892290
vt 0.788610 0.891803
vt 0.825750 0.933371
vt 0.825787 0.941316
vt 0.825952 0.983019
vt 0.825919 0.974368
vt 0.500134 0.025110
vt 0.439210 0.025110
vt 0.825958 0.984632
vt 0.501445 0.019085
vt 0.439814 0.019084
vt 0.972952 0.965931
vt 0.971153 0.901376
vt 0.769670 0.723677
vt 0.972925 0.958721
vt 0.973013 0.982448
vt 0.973019 0.984058
vt 0.509244 0.068906
vt 0.509244 0.090300
vt 0.443411 0.068906
vt 0.080424 0.397825
vt 0.098484 0.445436
vt 0.030275 0.442435
vt 0.031681 0.396339
vt 0.439210 0.020276
vt 0.500134 0.020276
vt 0.509244 0.100200
vt 0.509244 0.056741
vt 0.399901 0.942127
vt 0.399769 0.965673
vt 0.400284 0.921170
vt 0.421173 0.974346
vt 0.411268 0.974329
vt 0.421315 0.879311
vt 0.400702 0.974551
vt 0.403531 0.942234
vt 0.403917 0.921214
vt 0.402219 0.974262
vt 0.332555 0.611400
vt 0.330270 0.591387
vt 0.028171 0.502499
vt 0.166777 0.763158
vt 0.890508 0.728166
vt 0.873269 0.728719
vt 0.863893 0.729188
vt 0.854798 0.730525
vt 0.847085 0.730725
vt 0.834962 0.732042
vt 0.820524 0.732042
vt 0.825046 0.727293
vt 0.832840 0.727293
vt 0.844963 0.725976
vt 0.852767 0.724846
vt 0.863092 0.723062
vt 0.873031 0.722290
vt 0.890508 0.721661
vt 0.907985 0.722290
vt 0.917924 0.723062
vt 0.928248 0.724847
vt 0.936051 0.725976
vt 0.948174 0.727293
vt 0.955967 0.727293
vt 0.960490 0.732042
vt 0.946052 0.732042
vt 0.933930 0.730725
vt 0.926218 0.730525
vt 0.917123 0.729188
vt 0.907747 0.728719
vt 0.871706 0.488100
vt 0.027350 0.271469
vt 0.094083 0.284768
vt 0.027772 0.284455
vt 0.324338 0.535348
vt 0.079884 0.537370
vt 0.035339 0.584685
vt 0.032566 0.579128
vt 0.558273 0.247645
vt 0.553684 0.252070
vt 0.496861 0.254199
vt 0.027569 0.516007
vt 0.027438 0.529526
vt 0.027350 0.534113
vt 0.552097 0.533975
vt 0.553769 0.535522
vt 0.466371 0.534392
vt 0.466370 0.533446
vt 0.437321 0.593297
vt 0.440052 0.588116
vt 0.552444 0.507065
vt 0.741867 0.807020
vt 0.736172 0.807453
vt 0.741933 0.813794
vt 0.737281 0.813419
vt 0.694837 0.942275
vt 0.689648 0.942019
vt 0.049988 0.603751
vt 0.475111 0.288009
vt 0.551520 0.285997
vt 0.093176 0.602374
vt 0.071600 0.597547
vt 0.315604 0.287912
vt 0.252656 0.287129
vt 0.719586 0.137331
vt 0.719015 0.148347
vt 0.816359 0.237672
vt 0.826129 0.230069
vt 0.542328 0.104120
vt 0.531306 0.156142
vt 0.638056 0.175380
vt 0.760000 0.298566
vt 0.682726 0.202596
vt 0.674357 0.200931
vt 0.635397 0.176902
vt 0.680543 0.118101
vt 0.686118 0.115112
vt 0.684772 0.111846
vt 0.768678 0.288025
vt 0.816708 0.237835
vt 0.768752 0.288107
vt 0.252467 0.340064
vt 0.317215 0.339300
vt 0.360544 0.385628
vt 0.312594 0.385104
vt 0.361090 0.342559
vt 0.254279 0.384715
vt 0.076614 0.385637
vt 0.094611 0.340148
vt 0.029798 0.386424
vt 0.029053 0.342149
vt 0.148624 0.587084
vt 0.246232 0.571595
vt 0.148760 0.587042
vt 0.402764 0.604617
vt 0.262572 0.447852
vt 0.821281 0.242963
vt 0.904994 0.337766
vt 0.923371 0.469753
vt 0.879247 0.402109
vt 0.886314 0.475060
vt 0.857070 0.377342
vt 0.856915 0.370228
vt 0.904289 0.336135
vt 0.852463 0.371553
vt 0.925688 0.375040
vt 0.878632 0.403578
vt 0.934677 0.454576
vt 0.929038 0.370703
vt 0.931149 0.372417
vt 0.487855 0.453020
vt 0.553188 0.449762
vt 0.382696 0.687033
vt 0.934128 0.469503
vt 0.440528 0.674372
vt 0.426736 0.673601
vt 0.553769 0.405663
vt 0.494096 0.404877
vt 0.442066 0.717221
vt 0.424226 0.688460
vt 0.932763 0.468349
vt 0.935561 0.468100
vt 0.265341 0.401564
vt 0.331383 0.681201
vt 0.331506 0.681163
vt 0.330214 0.591295
vn -0.992800 0.119800 0.007500
vn 0.000000 0.485400 0.874300
vn 0.992800 0.119800 0.007500
vn -0.995200 0.097400 0.000200
vn -0.994800 0.101700 0.000000
vn -0.994800 0.101800 0.000100
vn -0.995100 0.098100 0.000500
vn 0.591400 -0.559800 -0.580300
vn 0.000000 -0.719000 -0.695000
vn 0.000000 0.707100 -0.707100
vn 0.594600 0.562500 -0.574400
vn 0.712900 -0.019700 -0.700900
vn -0.995000 0.099400 -0.000100
vn -0.995000 0.099900 0.000400
vn -0.995000 0.100100 -0.001100
vn -0.995100 0.099200 -0.000400
vn -0.994900 0.100800 -0.000100
vn -0.994900 0.100600 0.000200
vn 0.000000 0.000000 -1.000000
vn 0.995000 0.099400 -0.000100
vn 0.994900 0.100600 0.000200
vn 0.994900 0.100800 -0.000100
vn 0.995100 0.099200 -0.000400
vn 0.995000 0.100100 -0.001100
vn 0.995000 0.099900 0.000400
vn 0.995200 0.097400 0.000200
vn 0.995100 0.098100 0.000500
vn 0.994800 0.101800 0.000100
vn 0.994800 0.101700 0.000000
vn -0.591400 -0.559800 -0.580300
vn -0.712900 -0.019700 -0.700900
vn -0.594600 0.562500 -0.574400
vn 0.671400 0.000000 0.741000
vn 0.474800 -0.474800 0.741000
vn 0.420300 -0.420300 0.804200
vn 0.594300 0.000000 0.804200
vn -0.307800 0.000000 0.951400
vn -0.217700 0.217700 0.951400
vn -0.143700 0.000000 0.989600
vn -0.101600 0.101600 0.989600
vn 0.000000 -0.671400 0.741000
vn 0.000000 -0.594300 0.804200
vn 0.000000 0.307800 0.951400
vn 0.000000 0.143700 0.989600
vn -0.474800 -0.474800 0.741000
vn -0.420300 -0.420300 0.804200
vn 0.217700 0.217700 0.951400
vn 0.101600 0.101600 0.989600
vn -0.671400 0.000000 0.741000
vn -0.594300 0.000000 0.804200
vn 0.307800 0.000000 0.951400
vn 0.143700 0.000000 0.989600
vn -0.474800 0.474800 0.741000
vn -0.420300 0.420300 0.804200
vn 0.217700 -0.217700 0.951400
vn 0.101600 -0.101600 0.989600
vn 0.000000 0.671400 0.741000
vn 0.000000 0.594300 0.804200
vn 0.000000 -0.307800 0.951400
vn 0.000000 -0.143700 0.989600
vn 0.474800 0.474800 0.741000
vn 0.420300 0.420300 0.804200
vn -0.217700 -0.217700 0.951400
vn -0.101600 -0.101600 0.989600
vn 0.000000 0.000000 1.000000
vn -0.567100 0.568600 0.595800
vn -0.739600 0.000000 0.673000
vn 0.000000 0.739100 0.673600
vn 0.567100 0.568600 0.595800
vn 0.739600 0.000000 0.673000
vn 0.567100 -0.568600 0.595800
vn 0.000000 -0.739100 0.673600
vn -0.567100 -0.568600 0.595800
vn -0.706100 0.708000 0.000000
vn -1.000000 0.000000 0.000000
vn 0.000000 1.000000 0.000000
vn 0.706100 0.708000 0.000000
vn 1.000000 0.000000 0.000000
vn 0.706100 -0.708000 0.000000
vn 0.000000 -1.000000 0.000000
vn -0.706100 -0.708000 0.000000
vn -0.368100 -0.637500 -0.676800
vn -0.217500 -0.376700 -0.900400
vn 0.217500 -0.376700 -0.900400
vn 0.368100 -0.637500 -0.676800
vn -0.217500 -0.376700 0.900400
vn -0.434900 0.000000 0.900400
vn 0.980800 0.000000 -0.195100
vn 0.932100 0.000000 -0.362200
vn 0.466000 0.807200 -0.362200
vn 0.490400 0.849400 -0.195100
vn -0.736100 0.000000 -0.676800
vn -0.434900 0.000000 -0.900400
vn -0.932100 0.000000 -0.362200
vn -0.466000 -0.807200 -0.362200
vn -0.980800 0.000000 -0.195100
vn -0.490400 -0.849400 -0.195100
vn -0.736100 0.000000 0.676800
vn -0.217500 0.376700 0.900400
vn -0.368100 0.637500 0.676800
vn 0.736100 0.000000 -0.676800
vn 0.368100 0.637500 -0.676800
vn 0.434900 0.000000 -0.900400
vn 0.217500 0.376700 -0.900400
vn -0.368100 -0.637500 0.676800
vn -0.466000 -0.807200 0.362200
vn -0.932100 0.000000 0.362200
vn -0.490400 -0.849400 0.195100
vn -0.980800 0.000000 0.195100
vn -0.490400 0.849400 0.195100
vn -0.466000 0.807200 0.362200
vn 0.466000 0.807200 0.362200
vn 0.490400 0.849400 0.195100
vn 0.368100 0.637500 0.676800
vn 0.217500 0.376700 0.900400
vn -0.217500 0.376700 -0.900400
vn -0.368100 0.637500 -0.676800
vn 0.217500 -0.376700 0.900400
vn 0.434900 0.000000 0.900400
vn 0.932100 0.000000 0.362200
vn 0.980800 0.000000 0.195100
vn 0.736100 0.000000 0.676800
vn -0.466000 0.807200 -0.362200
vn -0.490400 0.849400 -0.195100
vn 0.466000 -0.807200 0.362200
vn 0.490400 -0.849400 0.195100
vn 0.368100 -0.637500 0.676800
vn 0.490400 -0.849400 -0.195100
vn 0.466000 -0.807200 -0.362200
vn 0.285500 -0.120900 0.950700
vn 0.218500 -0.221200 0.950400
vn 0.625000 -0.626300 0.465900
vn 0.816600 -0.339500 0.466700
vn -0.118300 0.282800 0.951800
vn 0.000000 0.306400 0.951900
vn 0.000000 0.882600 0.470100
vn -0.338200 0.815300 0.469900
vn -0.338200 -0.817900 0.465300
vn -0.118300 -0.288200 0.950200
vn -0.218500 -0.221200 0.950400
vn -0.625000 -0.626300 0.465900
vn 0.309100 -0.002700 0.951000
vn 0.883900 -0.001300 0.467600
vn -0.218500 0.215900 0.951600
vn -0.625000 0.623700 0.469400
vn 0.000000 -0.885200 0.465100
vn 0.000000 -0.311700 0.950200
vn 0.285500 0.115600 0.951400
vn 0.816600 0.336900 0.468600
vn -0.285500 0.115600 0.951400
vn -0.816600 0.336900 0.468600
vn 0.218500 0.215900 0.951600
vn 0.625000 0.623700 0.469400
vn 0.338200 -0.817900 0.465300
vn 0.118300 -0.288200 0.950200
vn -0.309100 -0.002700 0.951000
vn -0.883900 -0.001300 0.467600
vn 0.118300 0.282800 0.951800
vn 0.338200 0.815300 0.469900
vn -0.285500 -0.120900 0.950700
vn -0.816600 -0.339500 0.466700
vn 0.000000 0.023700 0.999700
vn 0.010100 0.021600 0.999700
vn -0.018700 0.015900 0.999700
vn -0.010100 0.021600 0.999700
vn 0.024400 0.007300 0.999700
vn 0.026500 -0.002800 0.999600
vn 0.000000 -0.029300 0.999500
vn -0.010100 -0.027300 0.999600
vn -0.024400 0.007300 0.999700
vn 0.018700 0.015900 0.999700
vn 0.010100 -0.027300 0.999600
vn -0.026500 -0.002800 0.999600
vn 0.018700 -0.021500 0.999600
vn -0.024400 -0.012900 0.999600
vn 0.024400 -0.012900 0.999600
vn -0.018700 -0.021500 0.999600
vn -0.817300 0.339900 -0.465300
vn -0.884600 0.001300 -0.466200
vn 0.625500 0.626900 -0.464500
vn 0.338500 0.818600 -0.463900
vn 0.625500 -0.624200 -0.468000
vn 0.338500 -0.816000 -0.468500
vn -0.817300 -0.337200 -0.467200
vn 0.000000 0.886000 -0.463700
vn 0.817300 -0.337200 -0.467200
vn -0.338500 0.818600 -0.463900
vn -0.625500 -0.624200 -0.468000
vn 0.884600 0.001300 -0.466200
vn -0.625500 0.626900 -0.464500
vn -0.338500 -0.816000 -0.468500
vn 0.817300 0.339900 -0.465300
vn 0.000000 -0.883300 -0.468700
vn 0.329200 -0.133700 -0.934700
vn 0.356300 0.002600 -0.934400
vn 0.136400 0.331800 -0.933400
vn -0.061800 -0.146400 -0.987300
vn 0.000000 -0.158700 -0.987300
vn 0.000000 0.358900 -0.933300
vn 0.299100 -0.720500 -0.625600
vn 0.000000 -0.780000 -0.625800
vn 0.000000 -0.706700 -0.707500
vn 0.271200 -0.652700 -0.707400
vn 0.251900 -0.249300 -0.935100
vn -0.329200 0.139000 -0.934000
vn 0.149200 -0.059000 -0.987000
vn 0.161500 0.002800 -0.986800
vn -0.356300 0.002600 -0.934400
vn -0.136400 0.331800 -0.933400
vn -0.251900 0.254600 -0.933600
vn -0.251900 -0.249300 -0.935100
vn -0.136400 -0.326500 -0.935300
vn 0.329200 0.139000 -0.934000
vn 0.251900 0.254600 -0.933600
vn 0.000000 -0.353700 -0.935400
vn -0.329200 -0.133700 -0.934700
vn 0.136400 -0.326500 -0.935300
vn -0.114200 -0.111400 -0.987200
vn -0.061800 0.152000 -0.986400
vn -0.114200 0.116900 -0.986500
vn 0.000000 0.164300 -0.986400
vn 0.000000 -0.397700 -0.917500
vn 0.153200 -0.367300 -0.917400
vn 0.149200 0.064500 -0.986700
vn -0.149200 0.064600 -0.986700
vn 0.061800 -0.146400 -0.987300
vn 0.114200 0.116900 -0.986500
vn -0.161500 0.002800 -0.986800
vn 0.114200 -0.111400 -0.987200
vn 0.061800 0.152000 -0.986400
vn -0.149200 -0.059000 -0.987000
vn 0.285500 -0.687500 -0.667700
vn 0.000000 -0.744300 -0.667800
vn 0.000000 0.659300 -0.751900
vn -0.251500 0.609200 -0.752000
vn 0.722200 0.300900 -0.622700
vn 0.781700 0.001700 -0.623600
vn 0.708700 0.002000 -0.705500
vn 0.654700 0.273200 -0.704700
vn -0.299100 0.724000 -0.621500
vn 0.000000 0.783500 -0.621400
vn 0.000000 0.710700 -0.703500
vn -0.271200 0.656700 -0.703600
vn 0.527600 0.529500 -0.664200
vn 0.689400 0.287400 -0.664900
vn -0.607100 -0.249300 -0.754400
vn -0.464600 -0.462500 -0.755100
vn -0.722200 0.300900 -0.622700
vn -0.552800 0.554500 -0.622000
vn -0.501100 0.503100 -0.704100
vn -0.654700 0.273200 -0.704700
vn -0.299100 -0.720500 -0.625600
vn -0.552800 -0.551000 -0.625100
vn -0.501100 -0.499100 -0.706900
vn -0.271200 -0.652700 -0.707400
vn 0.746200 0.001900 -0.665700
vn -0.657100 0.002100 -0.753700
vn -0.746200 0.001900 -0.665700
vn -0.689400 0.287400 -0.664900
vn 0.607100 -0.249300 -0.754400
vn 0.657100 0.002100 -0.753700
vn 0.722200 -0.297400 -0.624400
vn 0.654700 -0.269200 -0.706300
vn -0.285500 -0.687500 -0.667700
vn 0.251500 0.609200 -0.752000
vn 0.527600 -0.525700 -0.667200
vn -0.464600 0.466800 -0.752400
vn -0.527600 0.529500 -0.664200
vn 0.464600 -0.462500 -0.755100
vn 0.285600 0.691200 -0.663700
vn -0.251500 -0.605000 -0.755500
vn 0.000000 0.748100 -0.663600
vn 0.000000 -0.655000 -0.755600
vn -0.153200 -0.367300 -0.917400
vn 0.000000 0.402900 -0.915200
vn -0.153200 0.372400 -0.915300
vn -0.283100 0.285700 -0.915600
vn -0.369900 0.155800 -0.915900
vn -0.283100 -0.280500 -0.917100
vn 0.369900 0.155800 -0.915900
vn 0.283100 0.285700 -0.915600
vn 0.369900 -0.150600 -0.916800
vn 0.400300 0.002600 -0.916300
vn 0.153200 0.372400 -0.915300
vn -0.369900 -0.150600 -0.916800
vn 0.283100 -0.280500 -0.917100
vn 0.175800 0.427000 -0.887000
vn 0.000000 0.461900 -0.886900
vn 0.689400 -0.283700 -0.666500
vn -0.607100 0.253600 -0.753000
vn -0.285500 0.691200 -0.663700
vn 0.251500 -0.605000 -0.755500
vn 0.324800 -0.322300 -0.889100
vn 0.424500 -0.173300 -0.888700
vn -0.400300 0.002600 -0.916300
vn 0.459400 0.002500 -0.888200
vn -0.175800 0.427000 -0.887000
vn 0.424500 0.178300 -0.887700
vn 0.324800 0.327300 -0.887300
vn 0.175800 -0.421900 -0.889400
vn -0.324800 0.327300 -0.887300
vn -0.424500 0.178300 -0.887700
vn -0.424500 -0.173300 -0.888700
vn -0.324800 -0.322300 -0.889100
vn -0.175800 -0.421900 -0.889400
vn 0.000000 -0.456900 -0.889500
vn -0.459400 0.002500 -0.888200
vn 0.586700 -0.240800 -0.773200
vn 0.635000 0.002200 -0.772500
vn -0.449000 -0.446900 -0.773700
vn -0.243000 -0.584500 -0.774100
vn 0.000000 0.637200 -0.770700
vn -0.243000 0.588900 -0.770800
vn 0.586700 0.245200 -0.771800
vn -0.449000 0.451200 -0.771200
vn -0.111900 -0.267400 -0.957100
vn 0.000000 -0.289700 -0.957100
vn 0.000000 -0.632900 -0.774300
vn 0.449000 0.451200 -0.771200
vn -0.586700 0.245200 -0.771800
vn 0.243000 -0.584500 -0.774100
vn 0.243000 0.588900 -0.770800
vn -0.635000 0.002200 -0.772500
vn 0.449000 -0.446900 -0.773700
vn -0.586700 -0.240800 -0.773200
vn 0.111900 -0.267400 -0.957100
vn 0.270100 0.114600 -0.956000
vn 0.206700 0.209400 -0.955700
vn -0.270100 0.114600 -0.956000
vn -0.292300 0.002700 -0.956300
vn 0.206700 -0.204000 -0.956900
vn 0.111900 0.272800 -0.955500
vn -0.270100 -0.109200 -0.956600
vn 0.270100 -0.109200 -0.956600
vn -0.206700 -0.204000 -0.956900
vn 0.000000 0.295000 -0.955500
vn 0.292300 0.002700 -0.956300
vn -0.111900 0.272800 -0.955500
vn -0.206700 0.209400 -0.955700
vn 0.139500 0.339500 -0.930200
vn -0.094300 -0.225000 -0.969800
vn 0.000000 -0.243800 -0.969800
vn 0.000000 0.367200 -0.930100
vn -0.364600 0.002600 -0.931200
vn -0.336800 -0.136900 -0.931500
vn 0.257800 -0.255200 -0.931900
vn 0.336800 -0.136900 -0.931500
vn -0.257800 -0.255200 -0.931900
vn 0.364600 0.002600 -0.931200
vn -0.139500 0.339500 -0.930200
vn -0.257800 0.260400 -0.930400
vn -0.139500 -0.334200 -0.932100
vn 0.336800 0.142100 -0.930800
vn -0.336800 0.142100 -0.930800
vn 0.000000 -0.362000 -0.932200
vn 0.257800 0.260400 -0.930400
vn 0.139500 -0.334200 -0.932100
vn 0.246600 0.002700 -0.969100
vn 0.227800 0.097100 -0.968800
vn -0.174400 0.177100 -0.968600
vn -0.227800 0.097100 -0.968800
vn 0.094300 -0.225100 -0.969800
vn 0.174400 0.177100 -0.968600
vn -0.246600 0.002700 -0.969100
vn 0.174400 -0.171600 -0.969600
vn 0.094400 0.230500 -0.968500
vn -0.227800 -0.091600 -0.969400
vn 0.227800 -0.091600 -0.969400
vn -0.174400 -0.171600 -0.969600
vn 0.000000 0.249300 -0.968400
vn -0.094400 0.230500 -0.968500
vn -0.527600 -0.525700 -0.667200
vn -0.689400 -0.283700 -0.666500
vn 0.607100 0.253600 -0.753000
vn 0.464600 0.466800 -0.752400
vn -0.781700 0.001700 -0.623600
vn 0.552800 -0.551000 -0.625100
vn 0.552800 0.554500 -0.622000
vn -0.722200 -0.297400 -0.624400
vn 0.299100 0.724000 -0.621500
vn 0.501100 0.503100 -0.704100
vn -0.708700 0.002000 -0.705500
vn -0.654700 -0.269200 -0.706300
vn 0.501100 -0.499100 -0.706900
vn -0.285600 0.691200 -0.663700
vn -0.285600 -0.687500 -0.667700
vn 0.271200 0.656700 -0.703600
vn 0.707100 0.000000 -0.707100
vn 0.707700 -0.706500 0.000000
vn 0.577300 -0.577300 -0.577300
vn -0.301500 -0.301500 -0.904500
vn -0.577300 -0.577300 -0.577300
vn -0.705100 -0.709000 0.000000
vn -0.708500 -0.705700 0.000000
vn -0.707100 0.000000 -0.707100
vn 0.301500 0.301500 -0.904500
vn 0.000000 -0.707100 -0.707100
vn -0.705100 0.709100 0.000000
vn 0.707700 0.706500 0.000000
vn 0.577300 0.577300 -0.577300
vn -0.577300 0.577300 -0.577300
vn -0.301500 0.301500 -0.904500
vn -0.708500 0.705700 0.000000
vn 0.301500 -0.301500 -0.904500
vn -0.707100 -0.707100 0.000000
vn -0.707100 0.707100 0.000000
vn 0.707100 -0.707100 0.000000
vn 0.707100 0.707100 0.000000
vn 0.708700 0.705400 0.000000
vn 0.705400 -0.708700 0.000000
vn 0.708700 -0.705500 0.000000
vn 0.705500 0.708700 0.000000
vn -0.901600 -0.274600 -0.334100
vn -0.595800 -0.293200 -0.747700
vn -0.560500 -0.605400 -0.565100
vn -0.640200 -0.751100 -0.161000
vn 0.645300 -0.405200 0.647700
vn -0.599900 -0.307100 0.738700
vn -0.567900 -0.611300 0.551200
vn 0.559200 -0.684600 0.467600
vn 0.993200 -0.116100 0.000000
vn 0.587300 -0.802600 0.104600
vn 0.557100 -0.678100 -0.479400
vn 0.587300 -0.802600 -0.104600
vn 0.784400 0.620200 -0.008100
vn 0.705300 0.632500 -0.320300
vn -0.347500 0.878600 -0.327600
vn -0.337700 0.940500 -0.036800
vn 0.618700 0.073600 -0.782100
vn -0.478800 0.273300 -0.834300
vn -0.740600 0.526200 -0.417900
vn 0.688700 0.619300 0.377000
vn -0.358800 0.853600 0.377700
vn -0.502900 0.214800 0.837200
vn 0.621800 0.000400 0.783200
vn 0.649400 -0.389400 -0.653100
vn -0.749800 0.516000 0.414000
vn 0.286100 0.236100 0.928600
vn -0.575800 -0.637700 0.511600
vn -0.897300 -0.298000 0.325600
vn -0.641400 -0.750400 0.159600
vn -0.798500 -0.601800 -0.014200
vn -0.665600 -0.746200 0.000000
vn 0.620200 -0.784400 0.000000
vn -0.355200 0.934400 0.024700
vn -0.296800 0.954900 -0.008500
vn -0.158100 0.987400 0.002600
vn -0.591100 0.037800 -0.805700
vn -0.639100 -0.367400 -0.675700
vn -0.934600 -0.353900 -0.036600
vn -0.993300 0.114900 0.001300
vn -0.629100 0.027300 0.776800
vn -0.705400 -0.386600 0.594100
vn -0.554000 -0.618800 -0.556900
vn -0.542000 -0.839000 -0.047100
vn 0.380800 0.286400 -0.879100
vn 0.834200 0.549400 0.047800
vn 0.377100 -0.857000 -0.351200
vn -0.295800 -0.870600 -0.393200
vn -0.001100 -0.525200 -0.850900
vn -0.617500 0.049400 0.785000
vn 0.633700 -0.021100 0.773200
vn 0.601300 0.252100 0.758200
vn -0.613100 0.253200 0.748300
vn -0.574500 0.046300 -0.817100
vn 0.720000 -0.026000 -0.693400
vn 0.389600 0.794700 0.465300
vn -0.402000 0.793500 0.456800
vn -0.996700 0.080300 -0.003600
vn 0.996900 -0.033700 0.071000
vn -0.576600 0.259400 -0.774700
vn 0.681700 0.249400 -0.687700
vn -0.370300 0.794900 -0.480600
vn 0.467500 0.787200 -0.402100
vn -0.979600 0.201100 -0.002900
vn 0.977900 0.196400 0.071000
vn -0.595400 0.803400 -0.001600
vn 0.589100 0.806700 0.046900
vn -0.604200 -0.541500 -0.584600
vn -0.395400 -0.834700 -0.383300
vn 0.364800 -0.055100 -0.929400
vn -0.396900 -0.194600 0.897000
vn 0.601100 -0.051400 0.797500
vn 0.614800 -0.051400 0.787000
vn -0.196400 -0.021200 0.980300
vn 0.499300 -0.572800 0.650000
vn 0.764900 -0.640900 0.064500
vn 0.995100 -0.053100 0.083100
vn -0.773800 -0.633400 -0.001000
vn -0.513200 -0.571100 0.640600
vn -0.649900 -0.760000 -0.001000
vn 0.672000 -0.595700 -0.439900
vn 0.831800 -0.039300 -0.553700
vn 0.652800 0.625300 -0.427500
vn 0.836700 0.014200 -0.547400
vn 0.147000 -0.262100 -0.953800
vn 0.299700 0.706800 -0.640700
vn 0.618300 0.317700 -0.718800
vn 0.264900 -0.711900 -0.650300
vn -0.001300 -0.655400 -0.755200
vn -0.032700 -0.034500 -0.998900
vn 0.996000 0.013900 0.088500
vn 0.723100 0.687600 0.065100
vn -0.034000 0.035700 -0.998800
vn -0.770200 0.060500 -0.634900
vn -0.571300 0.664800 -0.481300
vn 0.000000 0.657300 -0.753600
vn -0.982900 0.053500 0.176100
vn -0.693700 0.682200 0.230700
vn 0.264700 0.712700 -0.649600
vn -0.155100 0.907900 0.389400
vn -0.574000 -0.661200 -0.483000
vn -0.731900 -0.665500 0.146500
vn 0.297500 0.872700 0.387100
vn -0.299500 0.877800 0.373800
vn 0.618600 -0.315300 -0.719600
vn 0.151600 0.261300 -0.953200
vn -0.257100 0.583400 -0.770400
vn -0.258700 -0.583000 -0.770100
vn 0.994900 -0.053800 0.085600
vn 0.842100 -0.040600 -0.537800
vn -0.770000 -0.058700 -0.635300
vn -0.982800 -0.051800 0.176900
vn -0.003600 1.000000 -0.001600
vn -0.165900 0.890900 0.422800
vn -0.252100 0.242800 0.936700
vn -0.567800 0.270400 0.777500
vn -0.327200 -0.852200 0.408200
vn 0.326000 -0.846000 0.421900
vn -0.262300 0.891400 -0.369500
vn 0.339900 0.879700 -0.332400
vn 0.660600 0.748600 0.056000
vn -0.649900 0.760000 -0.001000
vn 0.695500 -0.716100 0.059500
vn -0.685400 -0.728100 -0.001200
vn 0.570800 0.141500 0.808800
vn 0.364000 0.691200 0.624300
vn -0.467500 -0.667300 0.579700
vn -0.643000 -0.027100 0.765400
vn 0.777400 0.572300 -0.261100
vn 0.778300 -0.571500 -0.259700
vn -0.904500 -0.301500 0.301500
vn -0.577300 -0.577300 0.577300
vn 0.000000 -0.709000 0.705100
vn 0.000000 -0.705700 0.708500
vn 0.000000 0.707100 0.707100
vn -0.577300 0.577300 0.577300
vn -0.904500 -0.301500 -0.301500
vn -0.707100 0.000000 0.707100
vn 0.000000 -0.707100 0.707100
vn 0.000000 0.706500 -0.707700
vn -0.904500 0.301500 0.301500
vn -0.904500 0.301500 -0.301500
vn 0.000000 0.705700 0.708500
vn 0.000000 0.709100 0.705100
vn 0.000000 0.708700 -0.705500
vn 0.000000 -0.705500 -0.708700
vn 0.000000 -0.708700 -0.705400
vn 0.000000 -0.706500 -0.707700
vn 0.000000 0.705400 -0.708700
vn -0.062000 -0.705700 -0.705700
vn -0.062000 -0.998000 0.000000
vn -0.653400 -0.757000 0.000000
vn -0.653400 -0.535300 -0.535300
vn -0.062000 0.000000 0.998000
vn -0.062000 0.705700 0.705700
vn -0.653400 0.535300 0.535300
vn -0.653400 0.000000 0.757000
vn -0.062000 -0.705700 0.705700
vn -0.653400 -0.535300 0.535300
vn -0.062000 0.998000 0.000000
vn -0.653400 0.757000 0.000000
vn -0.062000 0.000000 -0.998000
vn -0.653400 0.000000 -0.757000
vn -0.062000 0.705700 -0.705700
vn -0.653400 0.535300 -0.535300
vn 0.737400 -0.465100 -0.489700
vn 0.755300 -0.497200 -0.426900
vn 0.589600 0.710900 0.383300
vn 0.570200 0.753300 0.327500
vn -0.544000 -0.814100 -0.203100
vn 0.765900 -0.348300 -0.540400
vn 0.708800 -0.463000 -0.532200
vn -0.656300 -0.720500 -0.223800
vn 0.613500 0.762700 0.204800
vn -0.707600 0.378400 0.596700
vn -0.802100 0.342400 0.489100
vn 0.537400 0.786000 0.305500
vn -0.604400 -0.777000 -0.176000
vn -0.599100 -0.705600 -0.378200
vn -0.756100 0.329000 0.565700
vn -0.628700 -0.603200 -0.490800
vn 0.771300 -0.478700 -0.419300
vn 0.609500 0.700300 0.371400
vn -0.763000 0.488800 0.422900
vn -0.634700 -0.526200 -0.565900
vn 0.773000 -0.561800 -0.294500
vn 0.611300 0.616700 0.495900
vn -0.786800 0.549000 0.282000
vn -0.216400 -0.049300 -0.975000
vn 0.820600 -0.253000 -0.512500
vn 0.688000 0.712900 0.135300
vn -0.787700 0.588600 0.181800
vn -0.342200 0.868000 -0.359800
vn -0.603200 0.797500 0.013000
vn -0.673400 0.724000 0.149200
vn -0.758800 -0.636800 -0.136600
vn -0.791600 -0.611000 0.008300
vn -0.764900 -0.631200 0.127900
vn -0.129800 -0.976300 0.173400
vn -0.114900 -0.864700 0.488800
vn -0.747300 -0.555900 0.364000
vn -0.131700 -0.991200 0.011700
vn -0.129500 -0.974400 -0.183700
vn 0.131700 0.991100 0.018300
vn 0.128200 0.964500 0.230800
vn -0.651700 0.753800 -0.083600
vn 0.130700 0.983400 -0.125400
vn -0.094300 -0.709600 0.698200
vn -0.752800 -0.422200 0.505000
vn -0.652000 0.705400 -0.278000
vn 0.120000 0.902800 -0.412900
vn -0.067000 -0.504100 0.861000
vn -0.711200 -0.287600 0.641400
vn -0.667400 0.603300 -0.436600
vn 0.100100 0.753100 -0.650200
vn -0.023700 -0.178700 0.983600
vn -0.684100 -0.043700 0.728100
vn -0.683600 0.464800 -0.562800
vn 0.072500 0.545200 -0.835100
vn 0.011600 0.087700 0.996100
vn -0.669400 0.154100 0.726700
vn -0.731800 0.248900 -0.634400
vn 0.030400 0.228500 -0.973100
vn 0.036700 0.276600 0.960300
vn -0.655300 0.291400 0.696900
vn -0.715200 0.072700 -0.695100
vn -0.004200 -0.031600 -0.999500
vn 0.069200 0.520900 0.850800
vn -0.611000 0.475500 0.632900
vn -0.747200 -0.039100 -0.663500
vn -0.026700 -0.200800 -0.979200
vn 0.097500 0.733900 0.672100
vn -0.608900 0.624500 0.489100
vn -0.770000 -0.197100 -0.606800
vn -0.057900 -0.435600 -0.898300
vn 0.117300 0.882100 0.456200
vn -0.579000 0.742000 0.338000
vn -0.800900 -0.352800 -0.483800
vn -0.090300 -0.679300 -0.728300
vn 0.130200 0.979600 0.153200
vn -0.572100 0.812300 0.113100
vn -0.812200 -0.486300 -0.322100
vn -0.115600 -0.869700 -0.479700
vn 0.131600 0.990000 -0.051300
vn -0.595100 0.802800 -0.036900
vn -0.828500 -0.547500 -0.117200
vn -0.129700 -0.975600 -0.176900
vn 0.127800 0.961200 -0.244300
vn -0.576100 0.797300 -0.180000
vn -0.803000 -0.595100 0.032000
vn -0.131600 -0.990200 0.045900
vn 0.116200 0.874500 -0.470700
vn -0.594800 0.727100 -0.342800
vn -0.822000 -0.545900 0.161800
vn -0.127800 -0.961900 0.241800
vn 0.102400 0.770600 -0.629000
vn -0.606800 0.650300 -0.456900
vn -0.802200 -0.502000 0.323100
vn -0.116200 -0.873900 0.472100
vn 0.055100 0.414900 -0.908200
vn -0.586300 0.404300 -0.702000
vn -0.788200 -0.450000 0.419700
vn -0.104700 -0.788000 0.606700
vn 0.005600 0.041800 -0.999100
vn -0.692100 0.122300 -0.711300
vn -0.841600 -0.116200 0.527500
vn -0.051900 -0.390500 0.919100
vn -0.008600 -0.065100 -0.997800
vn -0.688600 0.043500 -0.723800
vn -0.692700 0.100600 0.714100
vn 0.001600 0.011700 0.999900
vn -0.027200 -0.204800 -0.978400
vn -0.708200 -0.055800 -0.703800
vn -0.707100 0.102500 0.699600
vn 0.001600 0.012000 0.999900
vn -0.067500 -0.508100 -0.858600
vn -0.696600 -0.299900 -0.651700
vn -0.703000 0.156300 0.693800
vn 0.011800 0.088700 0.996000
vn -0.102900 -0.774100 -0.624600
vn -0.757200 -0.470600 -0.452900
vn -0.747800 0.384300 0.541300
vn 0.060900 0.458400 0.886600
vn -0.116900 -0.879700 -0.461000
vn -0.762400 -0.552500 -0.336700
vn -0.645200 0.629400 0.432900
vn 0.102700 0.772800 0.626300
vn -0.639200 0.683000 0.353500
vn 0.113200 0.851400 0.512200
vn -0.683600 0.464700 -0.562800
vn -0.702500 0.040700 -0.710500
vn -0.622300 -0.099600 -0.776400
vn 0.750900 0.097100 -0.653200
vn 0.715000 -0.046000 -0.697600
vn 0.729000 -0.159000 -0.665800
vn 0.974800 -0.222600 0.012500
vn 0.846700 -0.532000 0.008200
vn 0.640100 -0.390900 -0.661300
vn 0.997100 -0.075000 0.013900
vn 0.992500 0.121400 0.015400
vn -0.998800 0.046600 -0.014200
vn -0.985700 -0.167700 -0.015600
vn -0.645400 0.122500 -0.753900
vn -0.984500 0.175100 -0.012900
vn 0.679900 -0.733200 0.004200
vn 0.501800 -0.524900 -0.687500
vn -0.587800 0.314200 -0.745500
vn -0.888900 0.458000 -0.009400
vn 0.464700 -0.885400 -0.000100
vn 0.355900 -0.654400 -0.667000
vn -0.476700 0.467300 -0.744500
vn -0.726100 0.687500 -0.005200
vn 0.143400 -0.989600 -0.005600
vn 0.100200 -0.720100 -0.686600
vn -0.331200 0.586400 -0.739200
vn -0.507400 0.861700 -0.000700
vn -0.125200 -0.992100 -0.009500
vn -0.096500 -0.725400 -0.681500
vn -0.133600 0.642800 -0.754300
vn -0.193200 0.981100 0.004800
vn -0.326700 -0.945000 -0.012100
vn -0.227100 -0.680500 -0.696700
vn 0.039700 0.702200 -0.710800
vn 0.068000 0.997600 0.008700
vn -0.567300 -0.823400 -0.014600
vn -0.412300 -0.607300 -0.679100
vn 0.180900 0.661400 -0.727800
vn 0.251300 0.967800 0.011100
vn -0.773000 -0.634100 -0.016100
vn -0.552600 -0.456100 -0.697600
vn 0.337500 0.596900 -0.727900
vn 0.483800 0.875100 0.013800
vn -0.911500 -0.411000 -0.016400
vn -0.665500 -0.299300 -0.683800
vn 0.489700 0.466100 -0.736800
vn 0.720800 0.692900 0.015800
vn -0.995900 -0.088700 -0.015200
vn -0.727900 -0.059000 -0.683100
vn 0.615300 0.297900 -0.729900
vn 0.900200 0.435000 0.016400
vn -0.993200 0.115900 -0.013500
vn -0.700600 0.090100 -0.707800
vn 0.664300 0.082000 -0.743000
vn 0.993500 0.112500 0.015300
vn -0.956100 0.292700 -0.011600
vn -0.694600 0.220900 -0.684600
vn 0.706700 -0.070000 -0.704100
vn 0.993800 -0.110500 0.013600
vn -0.857500 0.514400 -0.008500
vn -0.614300 0.379900 -0.691500
vn 0.651300 -0.188500 -0.735000
vn 0.956900 -0.290200 0.011700
vn -0.658100 0.752900 -0.003700
vn -0.479500 0.570200 -0.667000
vn 0.596900 -0.347300 -0.723200
vn 0.856700 -0.515700 0.008500
vn -0.342500 0.939500 0.002300
vn -0.236100 0.702800 -0.671000
vn 0.419800 -0.485000 -0.767100
vn 0.629500 -0.776900 0.003100
vn -0.092000 0.995700 0.006300
vn -0.072600 0.739000 -0.669800
vn 0.232000 -0.636000 -0.736000
vn 0.308800 -0.951100 -0.002900
vn 0.105600 0.994400 0.009200
vn 0.068100 0.723600 -0.686800
vn 0.060300 -0.681200 -0.729600
vn 0.094300 -0.995500 -0.006300
vn 0.255300 0.966800 0.011200
vn 0.193700 0.700900 -0.686500
vn -0.047800 -0.683600 -0.728300
vn -0.053100 -0.998500 -0.008500
vn 0.554900 0.831800 0.014500
vn 0.430600 0.636400 -0.639900
vn -0.086600 -0.684200 -0.724100
vn -0.139200 -0.990200 -0.009700
vn 0.811200 0.584600 0.016300
vn 0.598200 0.429200 -0.676700
vn -0.297600 -0.520300 -0.800400
vn -0.506200 -0.862300 -0.014000
vn 0.909300 0.415800 0.016400
vn 0.674100 0.309000 -0.670800
vn -0.549400 -0.399800 -0.733700
vn -0.809900 -0.586400 -0.016300
vn -0.599200 -0.317700 -0.734900
vn -0.883300 -0.468400 -0.016400
vn 0.901600 -0.274600 -0.334100
vn 0.640200 -0.751100 -0.161000
vn 0.560500 -0.605400 -0.565100
vn 0.595800 -0.293200 -0.747700
vn -0.645300 -0.405200 0.647700
vn -0.559200 -0.684600 0.467600
vn 0.567900 -0.611300 0.551200
vn 0.599900 -0.307100 0.738700
vn -0.993200 -0.116100 0.000000
vn -0.587300 -0.802600 0.104600
vn -0.587300 -0.802600 -0.104600
vn -0.557100 -0.678100 -0.479400
vn -0.784400 0.620200 -0.008100
vn 0.337700 0.940500 -0.036800
vn 0.347500 0.878600 -0.327600
vn -0.705200 0.632500 -0.320300
vn 0.478800 0.273300 -0.834300
vn -0.618700 0.073600 -0.782100
vn 0.740600 0.526200 -0.417900
vn -0.688700 0.619300 0.377000
vn -0.621800 0.000400 0.783200
vn 0.502900 0.214800 0.837200
vn 0.358800 0.853600 0.377700
vn -0.649400 -0.389400 -0.653100
vn 0.749800 0.516000 0.414000
vn 0.897300 -0.298000 0.325600
vn 0.575800 -0.637700 0.511600
vn -0.286100 0.236100 0.928600
vn 0.641400 -0.750400 0.159600
vn 0.798500 -0.601800 -0.014200
vn 0.665600 -0.746200 0.000000
vn -0.620200 -0.784400 0.000000
vn 0.355200 0.934400 0.024700
vn 0.296800 0.954900 -0.008500
vn 0.158100 0.987400 0.002600
vn 0.591100 0.037800 -0.805700
vn 0.993300 0.114900 0.001300
vn 0.934600 -0.353900 -0.036600
vn 0.639100 -0.367400 -0.675700
vn 0.629100 0.027300 0.776800
vn 0.705400 -0.386600 0.594100
vn 0.554000 -0.618800 -0.556900
vn 0.542000 -0.839000 -0.047100
vn -0.834200 0.549400 0.047800
vn -0.380800 0.286400 -0.879100
vn -0.377100 -0.857000 -0.351200
vn 0.001100 -0.525200 -0.850900
vn 0.295800 -0.870600 -0.393200
vn 0.617500 0.049400 0.785000
vn 0.613100 0.253200 0.748300
vn -0.601300 0.252100 0.758200
vn -0.633700 -0.021100 0.773200
vn -0.720000 -0.026000 -0.693400
vn 0.574500 0.046300 -0.817100
vn 0.402000 0.793500 0.456800
vn -0.389600 0.794700 0.465300
vn 0.996700 0.080300 -0.003600
vn -0.996900 -0.033700 0.071000
vn -0.681700 0.249400 -0.687700
vn 0.576600 0.259400 -0.774700
vn -0.467500 0.787200 -0.402100
vn 0.370300 0.794900 -0.480600
vn 0.979600 0.201100 -0.002900
vn -0.977900 0.196400 0.071000
vn 0.595400 0.803400 -0.001600
vn -0.589100 0.806700 0.046900
vn -0.364800 -0.055100 -0.929400
vn 0.395400 -0.834700 -0.383300
vn 0.604200 -0.541500 -0.584600
vn 0.396900 -0.194600 0.897000
vn 0.196400 -0.021200 0.980300
vn -0.614800 -0.051400 0.787000
vn -0.601100 -0.051400 0.797500
vn -0.499300 -0.572800 0.650000
vn -0.995100 -0.053100 0.083100
vn -0.764900 -0.640900 0.064500
vn 0.773800 -0.633400 -0.001000
vn 0.649900 -0.760000 -0.001000
vn 0.513200 -0.571100 0.640600
vn -0.672000 -0.595700 -0.439900
vn -0.831800 -0.039300 -0.553700
vn -0.652800 0.625300 -0.427500
vn -0.299700 0.706800 -0.640700
vn -0.147000 -0.262100 -0.953800
vn -0.836700 0.014200 -0.547400
vn -0.618300 0.317700 -0.718800
vn 0.032700 -0.034500 -0.998900
vn 0.001300 -0.655400 -0.755200
vn -0.264900 -0.711900 -0.650300
vn -0.996000 0.013900 0.088500
vn -0.723100 0.687600 0.065100
vn 0.034000 0.035700 -0.998800
vn 0.571300 0.664800 -0.481300
vn 0.770200 0.060500 -0.634900
vn 0.693700 0.682200 0.230700
vn 0.982900 0.053500 0.176100
vn -0.264700 0.712700 -0.649600
vn 0.155100 0.907900 0.389400
vn 0.574000 -0.661200 -0.483000
vn 0.731900 -0.665500 0.146500
vn 0.299500 0.877800 0.373800
vn -0.297500 0.872700 0.387100
vn -0.618600 -0.315300 -0.719600
vn 0.258700 -0.583000 -0.770100
vn 0.257100 0.583400 -0.770400
vn -0.151600 0.261300 -0.953200
vn -0.994900 -0.053800 0.085600
vn -0.842100 -0.040600 -0.537800
vn 0.770000 -0.058700 -0.635300
vn 0.982800 -0.051800 0.176900
vn 0.003600 1.000000 -0.001600
vn 0.165900 0.890900 0.422800
vn 0.252100 0.242800 0.936700
vn 0.567800 0.270400 0.777500
vn 0.327200 -0.852200 0.408200
vn -0.326000 -0.846000 0.421900
vn -0.339900 0.879700 -0.332400
vn 0.262300 0.891400 -0.369500
vn -0.660600 0.748600 0.056000
vn 0.649900 0.760000 -0.001000
vn -0.695500 -0.716100 0.059500
vn 0.685400 -0.728100 -0.001200
vn -0.364000 0.691200 0.624300
vn -0.570800 0.141500 0.808800
vn 0.467500 -0.667300 0.579700
vn 0.643000 -0.027100 0.765400
vn -0.777400 0.572300 -0.261100
vn -0.778300 -0.571500 -0.259700
vn 0.904500 -0.301500 0.301500
vn 0.577300 -0.577300 0.577300
vn 0.577300 0.577300 0.577300
vn 0.707100 0.000000 0.707100
vn 0.904500 -0.301500 -0.301500
vn 0.904500 0.301500 0.301500
vn 0.904500 0.301500 -0.301500
vn 0.062000 -0.705700 -0.705700
vn 0.653400 -0.535300 -0.535300
vn 0.653400 -0.757000 0.000000
vn 0.062000 -0.998000 0.000000
vn 0.062000 0.000000 0.998000
vn 0.653400 0.000000 0.757000
vn 0.653400 0.535300 0.535300
vn 0.062000 0.705700 0.705700
vn 0.653400 -0.535300 0.535300
vn 0.062000 -0.705700 0.705700
vn 0.653400 0.757000 0.000000
vn 0.062000 0.998000 0.000000
vn 0.062000 0.000000 -0.998000
vn 0.653400 0.000000 -0.757000
vn 0.062000 0.705700 -0.705700
vn 0.653400 0.535300 -0.535300
vn -0.737400 -0.465100 -0.489700
vn -0.570200 0.753300 0.327500
vn -0.589600 0.710900 0.383300
vn -0.755300 -0.497200 -0.426900
vn 0.544000 -0.814100 -0.203100
vn 0.656300 -0.720500 -0.223800
vn -0.708800 -0.463000 -0.532200
vn -0.765900 -0.348300 -0.540400
vn -0.613500 0.762700 0.204800
vn -0.537400 0.786000 0.305500
vn 0.802100 0.342400 0.489100
vn 0.707600 0.378400 0.596700
vn 0.604400 -0.777000 -0.176000
vn 0.599100 -0.705600 -0.378200
vn 0.756100 0.329000 0.565700
vn -0.771300 -0.478700 -0.419300
vn 0.628700 -0.603200 -0.490800
vn -0.609500 0.700300 0.371400
vn 0.763000 0.488800 0.422900
vn -0.773000 -0.561800 -0.294500
vn 0.634700 -0.526200 -0.565900
vn -0.611300 0.616700 0.495900
vn 0.786800 0.549000 0.282000
vn -0.820600 -0.253000 -0.512500
vn 0.216400 -0.049300 -0.975000
vn -0.688000 0.712900 0.135300
vn 0.787700 0.588600 0.181800
vn 0.342200 0.868000 -0.359800
vn 0.603200 0.797500 0.013000
vn 0.791600 -0.611000 0.008300
vn 0.758800 -0.636800 -0.136600
vn 0.673400 0.724000 0.149200
vn 0.764900 -0.631200 0.127900
vn 0.747300 -0.555900 0.364000
vn 0.114900 -0.864700 0.488800
vn 0.129800 -0.976300 0.173400
vn 0.131700 -0.991200 0.011700
vn 0.129500 -0.974400 -0.183700
vn -0.131700 0.991100 0.018300
vn -0.128200 0.964500 0.230800
vn -0.130700 0.983400 -0.125400
vn 0.651700 0.753800 -0.083600
vn 0.752800 -0.422200 0.505000
vn 0.094300 -0.709600 0.698200
vn -0.120000 0.902800 -0.412900
vn 0.652000 0.705400 -0.278000
vn 0.711200 -0.287600 0.641400
vn 0.067000 -0.504100 0.861000
vn -0.100100 0.753100 -0.650200
vn 0.667400 0.603300 -0.436600
vn 0.684100 -0.043700 0.728100
vn 0.023700 -0.178700 0.983600
vn -0.072500 0.545200 -0.835100
vn 0.683600 0.464800 -0.562800
vn 0.669400 0.154100 0.726700
vn -0.011600 0.087700 0.996100
vn -0.030400 0.228500 -0.973100
vn 0.731800 0.248900 -0.634400
vn 0.655300 0.291400 0.696900
vn -0.036700 0.276600 0.960300
vn 0.004200 -0.031600 -0.999500
vn 0.715200 0.072700 -0.695100
vn 0.611000 0.475500 0.632900
vn -0.069200 0.520900 0.850800
vn 0.026700 -0.200800 -0.979200
vn 0.747200 -0.039100 -0.663500
vn 0.608900 0.624500 0.489100
vn -0.097500 0.733900 0.672100
vn 0.057900 -0.435600 -0.898300
vn 0.770000 -0.197100 -0.606800
vn 0.579000 0.742000 0.338000
vn -0.117300 0.882100 0.456200
vn 0.090300 -0.679300 -0.728300
vn 0.800900 -0.352800 -0.483800
vn 0.572100 0.812300 0.113100
vn -0.130200 0.979600 0.153200
vn 0.115600 -0.869700 -0.479700
vn 0.812200 -0.486300 -0.322100
vn 0.595100 0.802800 -0.036900
vn -0.131600 0.990000 -0.051300
vn 0.129700 -0.975600 -0.176900
vn 0.828500 -0.547500 -0.117200
vn 0.576100 0.797300 -0.180000
vn -0.127800 0.961200 -0.244300
vn 0.131600 -0.990200 0.045900
vn 0.803000 -0.595100 0.032000
vn 0.594800 0.727100 -0.342800
vn -0.116200 0.874500 -0.470700
vn 0.127800 -0.961900 0.241800
vn 0.822000 -0.545900 0.161800
vn 0.606800 0.650300 -0.456900
vn -0.102400 0.770600 -0.629000
vn 0.116200 -0.873900 0.472100
vn 0.802200 -0.502000 0.323100
vn 0.586300 0.404300 -0.702000
vn -0.055100 0.414900 -0.908200
vn 0.104700 -0.788000 0.606700
vn 0.788200 -0.450000 0.419700
vn 0.692100 0.122300 -0.711300
vn -0.005600 0.041800 -0.999100
vn 0.051900 -0.390500 0.919100
vn 0.841600 -0.116200 0.527500
vn 0.688600 0.043500 -0.723800
vn 0.008600 -0.065100 -0.997800
vn -0.001600 0.011700 0.999900
vn 0.692700 0.100600 0.714100
vn 0.708200 -0.055800 -0.703800
vn 0.027200 -0.204800 -0.978400
vn -0.001600 0.012000 0.999900
vn 0.707100 0.102500 0.699600
vn 0.696600 -0.299900 -0.651700
vn 0.067500 -0.508100 -0.858600
vn -0.011800 0.088700 0.996000
vn 0.703000 0.156300 0.693800
vn 0.757200 -0.470600 -0.452900
vn 0.102900 -0.774100 -0.624600
vn -0.060900 0.458400 0.886600
vn 0.747800 0.384300 0.541300
vn 0.762400 -0.552500 -0.336700
vn 0.116900 -0.879700 -0.461000
vn -0.102700 0.772800 0.626300
vn 0.645200 0.629400 0.432900
vn -0.113200 0.851400 0.512200
vn 0.639200 0.683000 0.353500
vn 0.702500 0.040700 -0.710500
vn -0.715000 -0.046000 -0.697600
vn -0.750900 0.097100 -0.653200
vn 0.622300 -0.099600 -0.776400
vn -0.729000 -0.159000 -0.665800
vn -0.640100 -0.390900 -0.661300
vn -0.846700 -0.532000 0.008200
vn -0.974800 -0.222600 0.012500
vn -0.997100 -0.075000 0.013900
vn -0.992500 0.121400 0.015400
vn 0.998800 0.046600 -0.014200
vn 0.985700 -0.167700 -0.015600
vn 0.984500 0.175100 -0.012900
vn 0.645400 0.122500 -0.753900
vn -0.501800 -0.524900 -0.687500
vn -0.679900 -0.733200 0.004200
vn 0.888900 0.458000 -0.009400
vn 0.587800 0.314200 -0.745500
vn -0.355900 -0.654400 -0.667000
vn -0.464700 -0.885400 -0.000100
vn 0.726100 0.687500 -0.005200
vn 0.476700 0.467300 -0.744500
vn -0.100200 -0.720100 -0.686600
vn -0.143400 -0.989600 -0.005600
vn 0.507400 0.861700 -0.000700
vn 0.331200 0.586400 -0.739200
vn 0.096500 -0.725400 -0.681500
vn 0.125200 -0.992100 -0.009500
vn 0.193200 0.981100 0.004800
vn 0.133600 0.642800 -0.754300
vn 0.227100 -0.680500 -0.696700
vn 0.326700 -0.945000 -0.012100
vn -0.068000 0.997600 0.008700
vn -0.039700 0.702200 -0.710800
vn 0.412300 -0.607300 -0.679100
vn 0.567300 -0.823400 -0.014600
vn -0.251300 0.967800 0.011100
vn -0.180900 0.661400 -0.727800
vn 0.552600 -0.456100 -0.697600
vn 0.773000 -0.634100 -0.016100
vn -0.483800 0.875100 0.013800
vn -0.337500 0.596900 -0.727900
vn 0.665500 -0.299300 -0.683800
vn 0.911500 -0.411000 -0.016400
vn -0.720800 0.692900 0.015800
vn -0.489700 0.466100 -0.736800
vn 0.727900 -0.059000 -0.683100
vn 0.995900 -0.088700 -0.015200
vn -0.900200 0.435000 0.016400
vn -0.615300 0.297900 -0.729900
vn 0.700600 0.090100 -0.707800
vn 0.993200 0.115900 -0.013500
vn -0.993500 0.112500 0.015300
vn -0.664300 0.082000 -0.742900
vn 0.694600 0.220900 -0.684600
vn 0.956100 0.292700 -0.011600
vn -0.993800 -0.110500 0.013600
vn -0.706700 -0.070000 -0.704100
vn 0.614300 0.379900 -0.691500
vn 0.857500 0.514400 -0.008500
vn -0.956900 -0.290200 0.011700
vn -0.651300 -0.188500 -0.735000
vn 0.479500 0.570200 -0.667000
vn 0.658100 0.752900 -0.003700
vn -0.856700 -0.515700 0.008500
vn -0.596900 -0.347300 -0.723200
vn 0.236100 0.702800 -0.671000
vn 0.342500 0.939500 0.002300
vn -0.629500 -0.776900 0.003100
vn -0.419800 -0.485000 -0.767100
vn 0.072600 0.739000 -0.669800
vn 0.092000 0.995700 0.006300
vn -0.308800 -0.951100 -0.002900
vn -0.232100 -0.636000 -0.736000
vn -0.068100 0.723600 -0.686800
vn -0.105600 0.994400 0.009200
vn -0.094300 -0.995500 -0.006300
vn -0.060300 -0.681200 -0.729600
vn -0.193700 0.700900 -0.686500
vn -0.255300 0.966800 0.011200
vn 0.053100 -0.998500 -0.008500
vn 0.047800 -0.683600 -0.728300
vn -0.430600 0.636400 -0.639900
vn -0.554900 0.831800 0.014500
vn 0.139200 -0.990200 -0.009700
vn 0.086600 -0.684200 -0.724100
vn -0.598200 0.429200 -0.676700
vn -0.811200 0.584600 0.016300
vn 0.506200 -0.862300 -0.014000
vn 0.297600 -0.520300 -0.800400
vn -0.674100 0.309000 -0.670800
vn -0.909300 0.415800 0.016400
vn 0.809900 -0.586400 -0.016300
vn 0.549400 -0.399800 -0.733700
vn 0.883300 -0.468400 -0.016400
vn 0.599200 -0.317700 -0.734900
vn -0.079000 0.996900 0.000000
vn -0.056800 0.714800 0.697000
vn 0.000000 0.712400 0.701800
vn -0.754400 0.656400 0.000000
vn -0.612200 0.531900 0.585000
vn -0.999700 -0.022100 0.000000
vn -0.762300 0.403100 0.506300
vn -0.999800 -0.017600 0.000000
vn -0.873300 0.386600 0.296400
vn 0.000000 -0.998900 -0.046000
vn 0.000000 -0.801600 0.597800
vn -0.160300 -0.755500 0.635200
vn 0.012300 -0.998800 -0.046000
vn -0.670900 -0.664100 0.329800
vn -0.716500 -0.696800 -0.032100
vn 0.000000 0.188600 0.982000
vn -0.213800 0.138900 0.966900
vn -0.815800 0.061000 0.575000
vn -0.129900 0.813600 0.566700
vn 0.000000 0.874400 0.485200
vn 0.000000 0.682600 0.730800
vn -0.011600 0.663700 0.747900
vn -0.810300 0.585700 0.019300
vn -0.997100 0.067400 0.033800
vn -0.652600 0.229700 0.722000
vn -0.743000 0.596100 0.304400
vn 0.705200 -0.549100 0.448500
vn -0.995500 0.095200 0.000000
vn -0.086300 0.378000 0.921800
vn -0.199100 0.898800 0.390500
vn 0.623000 0.708500 0.331300
vn 0.637800 0.262600 0.724000
vn -0.995700 0.092600 0.002000
vn -0.748100 -0.663500 -0.009600
vn -0.810900 -0.513800 -0.280100
vn -0.224600 0.974400 0.003000
vn -0.778700 -0.332400 -0.532100
vn -0.658500 0.023300 0.752200
vn -0.675700 0.011800 0.737000
vn -0.200400 0.979700 0.003000
vn 0.447200 0.894400 0.000000
vn -0.779000 0.626900 0.005600
vn -0.760900 -0.601500 0.243100
vn -0.770200 0.637800 0.000000
vn -0.755800 -0.449800 0.475900
vn -0.501900 0.784200 0.364800
vn -0.188000 0.982100 0.000000
vn -0.956500 -0.246100 0.156400
vn -0.967200 0.212100 0.139700
vn -0.714000 0.313600 0.626000
vn -0.712900 -0.315300 0.626400
vn -0.905100 -0.400300 -0.143400
vn -0.914500 -0.404500 0.000000
vn -0.848600 -0.375300 -0.372800
vn 0.000000 0.341000 0.940100
vn -0.883000 0.370600 -0.288100
vn -0.894700 0.446700 -0.000600
vn -0.915900 0.401400 -0.000000
vn -0.861200 0.507800 0.021900
vn -0.797200 0.603600 0.010500
vn -0.779000 0.626900 0.010700
vn -0.885000 0.328300 0.330000
vn 0.000000 -0.782300 0.622900
vn -0.633100 -0.605500 0.482100
vn -0.655200 -0.754700 0.034600
vn 0.000000 -0.998900 0.045800
vn -0.859200 0.511700 0.000000
vn -0.806500 0.591200 0.000000
vn 0.000000 -0.617700 -0.786400
vn -0.746700 -0.410900 -0.523100
vn -0.783400 -0.566400 -0.255900
vn 0.000000 -0.911300 -0.411800
vn -0.776400 -0.541600 0.322200
vn -0.750000 -0.659800 0.046100
vn -0.733300 -0.403700 0.547100
vn -0.895500 0.445100 -0.000200
vn -0.914500 0.404500 0.000000
vn -0.895000 0.446000 0.000700
vn -0.894900 0.446200 -0.000900
vn -0.535800 -0.237000 -0.810400
vn -0.463200 0.275900 -0.842200
vn -0.895000 0.446000 0.000400
vn -0.848900 0.374600 -0.372800
vn -0.885800 0.443100 -0.137600
vn -0.895500 0.445000 -0.000500
vn -0.921000 0.291900 -0.258000
vn -0.658300 0.752100 0.029900
vn -0.576000 -0.605500 0.549200
vn -0.042000 -0.832600 0.552300
vn -0.138600 0.990300 0.000000
vn 0.001500 1.000000 0.000000
vn -0.137100 0.987000 0.084000
vn -0.661900 0.749600 0.000000
vn -0.645200 0.761700 0.059500
vn 0.001000 0.706700 -0.707400
vn -0.102000 0.729200 -0.676600
vn 0.001400 0.983900 0.178400
vn 0.000000 0.983900 0.178400
vn 0.000000 0.996300 0.085500
vn 0.001500 0.996300 0.085500
vn -0.704400 0.063400 0.706900
vn -0.708200 0.075100 0.702000
vn -0.994500 0.104500 -0.003400
vn -0.995500 0.095100 0.002100
vn -0.703900 0.069800 -0.706800
vn -0.704200 0.071900 -0.706300
vn 0.011200 -0.983100 -0.182500
vn 0.000000 -1.000000 -0.007000
vn 0.000000 -0.999900 -0.014000
vn -0.986900 -0.161400 0.000700
vn -0.518100 0.586700 -0.622200
vn -0.708200 -0.251400 -0.659700
vn 0.000000 -0.497800 -0.867200
vn 0.000000 -0.710800 -0.703300
vn 0.000000 -0.692800 -0.721100
vn 0.017500 -0.817000 -0.576400
vn 0.141100 -0.980600 -0.135800
vn 0.000000 -0.927100 0.374700
vn 0.000000 -0.996800 0.079400
vn 0.000000 0.905800 0.423600
vn -0.706900 -0.707300 0.000600
vn -0.603400 -0.670400 0.431700
vn -0.721300 -0.326200 0.610900
vn 0.000300 -0.428700 -0.903400
vn -0.984300 -0.115900 0.133200
vn -0.623900 0.774600 0.103900
vn -0.983300 -0.181700 0.000300
vn 0.986900 -0.161400 0.000700
vn 0.661900 0.749600 0.000000
vn 0.645200 0.761700 0.059500
vn 0.983300 -0.181700 0.000300
vn 0.014600 -0.450000 -0.892900
vn -0.918500 -0.129600 0.373500
vn -0.973800 0.206600 0.094600
vn -0.969300 -0.219500 0.110800
vn -0.121600 0.978300 0.167800
vn 0.000000 -0.686800 0.726800
vn -0.536000 0.839000 0.093500
vn -0.084500 0.983600 0.159500
vn -0.818300 0.574000 0.029100
vn 0.027600 -0.999500 0.017800
vn 0.000000 0.999800 0.019200
vn 0.000000 0.999800 0.016500
vn -0.055800 0.998300 0.016300
vn -0.054900 0.998300 0.019000
vn 0.000000 0.901500 0.432700
vn 0.000000 0.988700 0.149500
vn -0.058900 0.987300 0.147400
vn -0.065600 0.901200 0.428400
vn 0.041000 -0.999100 0.000000
vn 0.029100 -0.708500 -0.705100
vn 0.000000 -0.714200 -0.699900
vn 0.000000 -0.410900 0.911700
vn 0.000000 0.657800 0.753200
vn -0.067200 0.658000 0.750000
vn -0.027500 -0.421400 0.906400
vn 0.036300 -0.994200 0.100900
vn 0.000000 -0.994700 0.102700
vn 0.000000 0.720800 -0.693200
vn -0.040400 0.716300 -0.696600
vn 0.082200 -0.991500 0.101000
vn 0.097800 -0.995200 0.000000
vn -0.178600 0.646300 0.741900
vn -0.094100 -0.408100 0.908100
vn -0.121400 0.992400 0.018900
vn -0.136700 0.979600 0.146900
vn 0.085800 -0.996300 0.000000
vn -0.162600 0.891800 0.422200
vn -0.260200 0.872500 0.413600
vn -0.336500 0.593400 0.731200
vn -0.235800 -0.472800 0.849000
vn -0.122600 0.992300 0.015800
vn -0.089200 0.717300 -0.691000
vn -0.111100 0.706700 -0.698700
vn -0.153400 0.988000 0.014800
vn 0.054500 -0.994200 0.093000
vn 0.013000 -0.995900 0.088700
vn 0.067000 -0.997700 0.000000
vn -0.150200 0.988500 0.018600
vn -0.185000 0.972300 0.142700
vn -0.468700 0.530600 0.706200
vn -0.404400 -0.494500 0.769300
vn -0.126300 0.991800 0.017500
vn -0.189600 0.971700 0.140500
vn -0.330500 0.849800 0.410600
vn -0.089800 0.710500 -0.698000
vn -0.125800 0.991900 0.014300
vn -0.007600 -0.995500 0.094100
vn 0.054000 -0.998500 0.000000
vn -0.510400 0.552000 0.659300
vn -0.457700 -0.538300 0.707700
vn -0.061800 0.997900 0.016800
vn -0.175200 0.973900 0.144400
vn -0.056400 0.998300 0.015100
vn -0.407100 0.912800 0.032600
vn -0.399200 0.916300 0.032000
vn -0.039800 0.723300 -0.689400
vn -0.883000 -0.466400 0.052300
vn -0.900300 -0.433500 0.039000
vn -0.349900 0.849900 0.393900
vn -0.682600 0.625300 0.378200
vn -0.791800 -0.309800 0.526300
vn -0.453600 0.890100 0.044900
vn -0.303900 0.719100 -0.624900
vn -0.585800 0.785300 0.200300
vn 0.070200 -0.714100 -0.696500
vn 0.061800 -0.717400 -0.693800
vn 0.048000 -0.714500 -0.698000
vn 0.038900 -0.717800 -0.695100
vn -0.921800 -0.383500 0.056000
vn -0.769200 -0.329300 -0.547600
vn 0.001200 0.984600 0.174500
vn 0.000000 0.984600 0.174400
vn 0.000800 0.969100 0.246600
vn 0.000000 0.969200 0.246300
vn -0.666000 0.742500 0.070700
vn -0.401200 0.903000 0.153300
vn -0.048200 0.971500 0.232200
vn 0.000000 -0.997600 0.069700
vn -0.859600 -0.418200 0.293700
vn 0.000000 0.447200 0.894400
vn -0.887700 -0.330400 -0.320700
vn -0.993800 0.110500 -0.004900
vn 0.000000 0.478400 0.878100
vn 0.000000 0.478800 0.877900
vn -0.819900 0.375100 0.432400
vn -0.894100 0.447900 0.001200
vn 0.000000 0.478100 0.878300
vn 0.447600 0.062600 0.892000
vn -0.443400 0.151900 0.883300
vn -0.906900 -0.267600 -0.325600
vn -0.684900 0.448300 0.574400
vn -0.764600 0.459700 0.451600
vn -0.962900 0.269200 0.016400
vn 0.000000 0.232900 0.972500
vn -0.006200 0.241200 0.970400
vn -0.694400 0.083800 0.714700
vn -0.602900 -0.547700 0.580100
vn -0.731900 -0.032400 0.680600
vn -0.011600 0.248500 0.968500
vn -0.674300 0.224600 0.703400
vn 0.000000 0.481700 0.876300
vn -0.186200 0.658100 0.729500
vn 0.000000 0.469200 0.883100
vn -0.027600 -0.724900 -0.688300
vn 0.014700 -0.838700 -0.544400
vn 0.000000 -0.859400 0.511300
vn 0.000000 -0.593700 0.804700
vn -0.496000 0.496500 0.712300
vn -0.511000 -0.617100 0.598400
vn 0.000000 -0.471100 0.882100
vn 0.000000 -1.000000 0.000900
vn 0.174200 0.644800 0.744200
vn 0.000000 -0.138000 -0.990400
vn 0.000000 -0.077200 -0.997000
vn 0.000000 -0.702100 -0.712000
vn -0.692200 0.613000 0.380800
vn -0.692200 -0.613000 0.380800
vn -0.211900 -0.649400 0.730300
vn -0.211900 0.649400 0.730300
vn 0.000000 -0.747200 -0.664500
vn 0.000000 -0.843700 0.536800
vn -0.705300 -0.005700 -0.708900
vn -0.693600 -0.055600 -0.718200
vn -0.681400 -0.571600 -0.457100
vn 0.000000 -0.760400 -0.649500
vn -0.352200 -0.935900 0.000000
vn -0.311000 -0.763400 -0.566100
vn 0.000000 -0.760400 0.649500
vn -0.311000 -0.763400 0.566100
vn 0.005900 0.983200 0.182000
vn -0.035100 0.989300 0.141500
vn -0.010400 0.542600 0.839900
vn 0.009200 0.442900 0.896500
vn 0.000000 -0.216900 0.976200
vn -0.151000 -0.284100 0.946800
vn 0.000000 0.980600 0.196200
vn 0.000000 0.432900 0.901400
vn 0.000000 -0.186500 -0.982400
vn -0.147500 -0.258300 -0.954700
vn 0.006000 0.639100 -0.769100
vn 0.000000 0.625800 -0.779900
vn -0.460200 0.881800 0.102600
vn -0.310500 0.581200 0.752200
vn -0.387000 -0.762800 -0.518000
vn -0.094000 -0.225100 -0.969800
vn -0.469600 -0.882800 0.000000
vn -0.105100 -0.281100 0.953900
vn 0.105900 -0.255800 0.960900
vn 0.305300 -0.822500 0.479900
vn -0.387000 -0.762800 0.518100
vn -0.020700 0.687500 -0.725900
vn -0.360800 0.681900 -0.636200
vn -0.617200 0.240900 0.749000
vn 0.323000 -0.114500 0.939400
vn 0.328000 -0.944600 0.000000
vn 0.305300 -0.822500 -0.479900
vn -0.724500 0.271500 -0.633600
vn -0.935500 0.341300 0.091600
vn 0.062600 -0.177300 -0.982100
vn 0.844200 -0.339100 0.415100
vn 0.238100 -0.075200 -0.968300
vn 0.844200 -0.339100 -0.415100
vn 0.931000 -0.364800 0.000000
vn -0.995100 -0.028000 0.095200
vn -0.604700 -0.017300 0.796200
vn -0.732300 -0.020700 -0.680600
vn 0.409600 0.011700 0.912200
vn 0.916700 0.027000 0.398500
vn 0.334300 0.009400 -0.942400
vn 0.916700 0.027000 -0.398500
vn 0.999500 0.029400 0.000000
vn 0.387600 0.081500 0.918200
vn 0.895100 0.203100 0.396900
vn -0.609300 -0.138900 0.780600
vn -0.972800 -0.212200 0.092600
vn -0.729400 -0.161700 -0.664600
vn 0.895100 0.203100 -0.396900
vn 0.308300 0.061600 -0.949300
vn -0.551100 -0.329100 0.766700
vn 0.336700 0.196400 0.920900
vn 0.975800 0.218700 0.000000
vn -0.869400 -0.486400 0.086400
vn -0.506600 -0.857600 0.088400
vn -0.344700 -0.572300 0.744000
vn 0.259700 0.140900 -0.955300
vn -0.658100 -0.376600 -0.651900
vn 0.761800 0.526300 -0.377700
vn 0.826300 0.563200 0.000000
vn 0.761800 0.526300 0.377700
vn 0.172100 0.325500 0.929700
vn 0.427400 0.814900 0.391400
vn -0.398600 -0.669300 -0.627000
vn 0.427400 0.814900 -0.391400
vn 0.122300 0.246000 -0.961500
vn 0.456800 0.889600 0.000000
vn -0.094100 -0.991300 0.092100
vn -0.060200 -0.614800 0.786400
vn 0.039200 0.404500 0.913700
vn 0.094100 0.914900 0.392600
vn -0.071000 -0.738600 -0.670300
vn 0.030800 0.324800 -0.945300
vn 0.094100 0.914900 -0.392600
vn 0.101800 0.994800 0.000000
vn 0.000000 -0.725500 -0.688200
vn 0.000000 -0.995600 0.093200
vn 0.000000 0.922500 -0.385900
vn 0.000000 0.922500 0.385900
vn 0.000000 0.354900 -0.934900
vn 0.000000 0.429300 0.903100
vn 0.000000 -0.595100 0.803600
vn 0.000000 0.992300 -0.123800
vn -0.051300 0.991100 -0.122500
vn -0.051300 0.991100 0.122500
vn 0.000000 0.992300 0.123800
vn -0.031600 0.612900 0.789500
vn -0.163800 0.640000 0.750700
vn 0.133800 -0.547900 0.825800
vn 0.030800 -0.616300 0.786900
vn 0.000000 0.969100 -0.246700
vn -0.050100 0.968700 -0.243000
vn 0.000000 -0.992200 -0.124900
vn 0.049400 -0.991200 -0.122300
vn 0.048400 -0.968800 -0.243000
vn 0.000000 -0.969100 -0.246700
vn 0.000000 -0.599300 0.800500
vn 0.049400 -0.991200 0.122300
vn 0.000000 -0.992200 0.124900
vn 0.000000 0.627300 0.778700
vn 0.000000 -0.992200 -0.124400
vn 0.005600 -0.992200 -0.124200
vn 0.005500 -0.969100 -0.246700
vn 0.000000 0.992200 -0.124200
vn -0.005600 0.992200 -0.124400
vn -0.005600 0.992200 0.124400
vn 0.000000 0.992200 0.124200
vn 0.000000 -0.612300 0.790600
vn 0.003500 -0.615100 0.788400
vn 0.005600 -0.992200 0.124200
vn 0.000000 -0.992200 0.124400
vn 0.000000 0.615100 0.788400
vn -0.003500 0.612300 0.790600
vn -0.005500 0.969100 -0.246700
vn -0.005700 0.969100 -0.246700
vn -0.005900 0.992200 -0.124400
vn -0.005900 0.992200 0.124400
vn -0.003600 0.612300 0.790600
vn 0.005900 -0.992200 0.124200
vn 0.005900 -0.992200 -0.124200
vn 0.003600 -0.615100 0.788400
vn 0.005700 -0.969100 -0.246700
vn -0.005900 0.969100 -0.246700
vn -0.006000 0.992200 -0.124400
vn -0.006000 0.992200 0.124400
vn -0.003700 0.612200 0.790600
vn 0.000000 0.615200 0.788400
vn 0.006000 -0.992200 0.124200
vn 0.006000 -0.992200 -0.124200
vn 0.003700 -0.615200 0.788400
vn 0.000000 -0.612200 0.790600
vn 0.005900 -0.969100 -0.246700
vn 0.000000 -0.612200 0.790700
vn 0.006200 -0.992200 -0.124200
vn 0.006000 -0.969100 -0.246700
vn -0.006200 0.992200 -0.124400
vn -0.006200 0.992200 0.124400
vn 0.003800 -0.615200 0.788300
vn 0.006200 -0.992200 0.124200
vn 0.000000 0.615200 0.788300
vn -0.003800 0.612200 0.790700
vn -0.006000 0.969100 -0.246700
vn -0.664500 0.104300 0.740000
vn 0.530000 -0.082000 0.844000
vn 0.361300 -0.362000 0.859200
vn -0.489700 0.475100 0.731000
vn -0.252600 0.960000 0.121000
vn -0.252600 0.960000 -0.121000
vn 0.228100 -0.965700 0.124000
vn 0.228100 -0.965700 -0.124000
vn 0.230100 -0.942400 -0.242400
vn -0.622900 -0.223300 0.749700
vn 0.519900 0.188400 0.833200
vn 0.696600 -0.705500 0.129900
vn 0.696600 -0.705500 -0.129900
vn -0.714400 0.688900 0.122800
vn -0.240500 0.939500 -0.244100
vn -0.694900 0.674200 -0.250100
vn -0.714400 0.688900 -0.122800
vn 0.683900 -0.685200 -0.250600
vn 0.979600 -0.155500 0.127200
vn 0.979600 -0.155500 -0.127200
vn -0.981100 0.150400 0.121800
vn -0.981100 0.150400 -0.121800
vn -0.957300 0.150300 -0.246800
vn 0.957600 -0.148300 -0.247000
vn -0.380200 -0.580200 0.720300
vn 0.250300 0.403000 0.880300
vn 0.932600 0.337900 0.127000
vn 0.932600 0.337900 -0.127000
vn -0.030400 -0.649900 0.759400
vn -0.007900 0.598500 0.801000
vn 0.910900 0.330100 -0.247600
vn -0.934100 -0.335100 0.122600
vn -0.934100 -0.335100 -0.122600
vn -0.912000 -0.326900 -0.247400
vn -0.530600 -0.809800 -0.250300
vn -0.564300 -0.816300 -0.123000
vn 0.493000 0.860000 0.131700
vn 0.493000 0.860000 -0.131700
vn -0.015400 0.993100 0.116300
vn -0.095400 0.987800 0.122700
vn -0.095400 0.987800 -0.122700
vn -0.015400 0.993100 -0.116300
vn 0.510400 0.821600 -0.253500
vn -0.564300 -0.816300 0.122900
vn -0.045700 -0.992100 0.117000
vn -0.045500 -0.971000 -0.234800
vn -0.045700 -0.992100 -0.117000
vn 0.056700 -0.587100 0.807500
vn -0.061500 0.636200 0.769000
vn -0.012800 0.973200 -0.229500
vn 0.093200 -0.964900 -0.245500
vn 0.095400 -0.987600 -0.124700
vn 0.095400 -0.987600 0.124700
vn -0.093200 0.964900 -0.245500
vn -0.915700 0.401700 -0.000200
vn 0.299700 0.283500 -0.910900
vn -0.615300 0.787400 0.037600
vn -0.470500 0.725000 0.502900
vn 0.000000 -0.840700 0.541400
vn -0.712900 -0.315300 -0.626400
vn -0.935500 -0.352900 -0.013900
vn -0.538800 0.267900 -0.798700
vn -0.713100 -0.689800 -0.124800
vn 0.000000 -0.984000 -0.178000
vn -0.684300 0.130400 0.717400
vn 0.000000 -0.425000 -0.905200
vn 0.310600 -0.724000 -0.615900
vn 0.000000 -0.445500 -0.895300
vn 0.000000 -0.951500 -0.307600
vn -0.712900 0.315300 -0.626400
vn -0.724000 0.069200 -0.686300
vn -0.631300 0.462800 -0.622300
vn -0.608200 -0.682300 -0.405600
vn 0.000000 -0.859600 -0.511000
vn -0.895500 0.445000 0.000300
vn -0.594200 -0.564700 -0.572700
vn 0.000000 -0.008100 -0.999900
vn -0.218400 0.618400 0.754900
vn -0.020800 0.590700 0.806600
vn 0.000300 0.579200 0.815100
vn 0.016200 -0.998700 -0.046800
vn 0.010100 -0.997900 -0.064000
vn 0.000000 -0.725100 0.688700
vn 0.007400 -0.456600 0.889600
vn -0.525900 0.797200 0.296300
vn 0.000000 0.579400 0.815000
vn 0.000000 -0.995700 -0.092700
vn 0.713000 -0.019700 -0.700900
vn 0.056800 0.714800 0.697000
vn 0.079000 0.996900 0.000000
vn 0.612200 0.531900 0.585000
vn 0.754400 0.656400 0.000000
vn 0.762300 0.403100 0.506300
vn 0.999700 -0.022100 0.000000
vn 0.873300 0.386600 0.296400
vn 0.999800 -0.017600 0.000000
vn -0.012300 -0.998800 -0.046000
vn 0.160300 -0.755500 0.635200
vn 0.716500 -0.696800 -0.032100
vn 0.670900 -0.664100 0.329800
vn 0.213800 0.138900 0.966900
vn 0.815800 0.061000 0.575000
vn 0.129900 0.813600 0.566700
vn 0.011600 0.663700 0.747900
vn 0.810300 0.585700 0.019300
vn 0.743000 0.596100 0.304400
vn 0.652600 0.229700 0.722000
vn 0.997100 0.067400 0.033800
vn -0.705200 -0.549100 0.448500
vn 0.995500 0.095200 0.000000
vn 0.199100 0.898800 0.390500
vn 0.086300 0.378000 0.921800
vn -0.637800 0.262600 0.724000
vn -0.623000 0.708500 0.331300
vn 0.995700 0.092600 0.002000
vn 0.810900 -0.513800 -0.280100
vn 0.748100 -0.663500 -0.009600
vn 0.224600 0.974400 0.003000
vn 0.675700 0.011800 0.737000
vn 0.658500 0.023300 0.752200
vn 0.778700 -0.332400 -0.532100
vn 0.200400 0.979700 0.003000
vn -0.447200 0.894400 0.000000
vn 0.779000 0.626900 0.005600
vn 0.760900 -0.601500 0.243100
vn 0.770200 0.637800 0.000000
vn 0.755800 -0.449800 0.475900
vn 0.188000 0.982100 0.000000
vn 0.501900 0.784200 0.364800
vn 0.956500 -0.246100 0.156400
vn 0.712900 -0.315300 0.626400
vn 0.714000 0.313600 0.626000
vn 0.967200 0.212100 0.139700
vn 0.905100 -0.400300 -0.143400
vn 0.848600 -0.375300 -0.372800
vn 0.914500 -0.404500 0.000000
vn 0.883000 0.370600 -0.288100
vn 0.915900 0.401400 -0.000000
vn 0.894700 0.446700 -0.000600
vn 0.779000 0.626900 0.010700
vn 0.797200 0.603600 0.010500
vn 0.861200 0.507800 0.021900
vn 0.885000 0.328300 0.330000
vn 0.655200 -0.754700 0.034600
vn 0.633200 -0.605500 0.482100
vn 0.806500 0.591200 0.000000
vn 0.859200 0.511700 0.000000
vn 0.783400 -0.566400 -0.255900
vn 0.746700 -0.410900 -0.523100
vn 0.750000 -0.659800 0.046100
vn 0.776400 -0.541600 0.322200
vn 0.733300 -0.403700 0.547100
vn 0.895500 0.445100 -0.000200
vn 0.895000 0.446000 0.000700
vn 0.914500 0.404500 0.000000
vn 0.894900 0.446200 -0.000900
vn 0.463200 0.275900 -0.842200
vn 0.535800 -0.237000 -0.810400
vn 0.895000 0.446000 0.000400
vn 0.885800 0.443100 -0.137600
vn 0.848900 0.374600 -0.372800
vn 0.895500 0.445000 -0.000500
vn 0.921000 0.291900 -0.258000
vn 0.658300 0.752100 0.029900
vn 0.042000 -0.832600 0.552300
vn 0.576000 -0.605500 0.549200
vn 0.138600 0.990300 0.000000
vn -0.001500 1.000000 0.000000
vn 0.137100 0.987000 0.084000
vn 0.950000 -0.312100 0.000400
vn 0.935500 -0.352900 -0.013900
vn -0.001100 0.706700 -0.707400
vn 0.102000 0.729200 -0.676600
vn -0.001400 0.983900 0.178400
vn -0.001500 0.996300 0.085500
vn -0.950000 -0.312100 0.000400
vn 0.704400 0.063400 0.706900
vn 0.995500 0.095100 0.002100
vn 0.994500 0.104500 -0.003400
vn 0.708200 0.075100 0.702000
vn -0.011200 -0.983100 -0.182500
vn 0.708200 -0.251400 -0.659700
vn 0.518100 0.586700 -0.622200
vn -0.141100 -0.980600 -0.135800
vn -0.017500 -0.817000 -0.576400
vn 0.721300 -0.326200 0.610900
vn 0.603400 -0.670400 0.431700
vn 0.706900 -0.707300 0.000600
vn -0.000300 -0.428700 -0.903400
vn 0.984300 -0.115900 0.133200
vn 0.623900 0.774600 0.103900
vn -0.014600 -0.450000 -0.892900
vn 0.960300 -0.279000 0.001300
vn 0.918500 -0.129600 0.373500
vn 0.969300 -0.219500 0.110800
vn 0.973800 0.206600 0.094600
vn 0.121600 0.978300 0.167800
vn 0.536000 0.839000 0.093500
vn 0.084500 0.983600 0.159500
vn 0.818300 0.574000 0.029100
vn -0.027600 -0.999500 0.017800
vn 0.054900 0.998300 0.019000
vn 0.055800 0.998300 0.016300
vn 0.065600 0.901200 0.428400
vn 0.058900 0.987300 0.147400
vn -0.029100 -0.708500 -0.705100
vn -0.041000 -0.999100 0.000000
vn 0.027500 -0.421400 0.906400
vn 0.067200 0.658000 0.750000
vn -0.036300 -0.994200 0.100900
vn 0.040400 0.716300 -0.696600
vn -0.097800 -0.995200 0.000000
vn -0.082200 -0.991500 0.101000
vn 0.094100 -0.408100 0.908100
vn 0.178600 0.646300 0.741900
vn 0.136700 0.979600 0.146900
vn 0.121400 0.992400 0.018900
vn -0.085800 -0.996300 0.000000
vn 0.162600 0.891800 0.422200
vn 0.336500 0.593400 0.731200
vn 0.260200 0.872500 0.413600
vn 0.235800 -0.472800 0.849000
vn 0.122600 0.992300 0.015800
vn 0.153400 0.988000 0.014800
vn 0.111100 0.706700 -0.698700
vn 0.089200 0.717300 -0.691000
vn -0.067000 -0.997700 0.000000
vn -0.013000 -0.995900 0.088700
vn -0.054500 -0.994200 0.093000
vn 0.185000 0.972300 0.142700
vn 0.150200 0.988500 0.018600
vn 0.404400 -0.494500 0.769300
vn 0.468700 0.530600 0.706200
vn 0.189600 0.971700 0.140500
vn 0.126300 0.991800 0.017500
vn 0.330500 0.849800 0.410600
vn 0.125800 0.991900 0.014300
vn 0.089800 0.710500 -0.698000
vn -0.054000 -0.998500 0.000000
vn 0.007600 -0.995500 0.094100
vn 0.457700 -0.538300 0.707700
vn 0.510400 0.552000 0.659300
vn 0.175200 0.973900 0.144400
vn 0.061800 0.997900 0.016800
vn 0.056400 0.998300 0.015100
vn 0.399200 0.916300 0.032000
vn 0.407100 0.912800 0.032600
vn 0.039800 0.723300 -0.689400
vn 0.900300 -0.433500 0.039000
vn 0.883000 -0.466400 0.052300
vn 0.349900 0.849900 0.393900
vn 0.791900 -0.309800 0.526300
vn 0.682600 0.625300 0.378200
vn 0.453600 0.890100 0.044900
vn 0.303900 0.719100 -0.624900
vn 0.585800 0.785300 0.200300
vn -0.070200 -0.714100 -0.696500
vn -0.061800 -0.717400 -0.693800
vn -0.048000 -0.714500 -0.698000
vn -0.038900 -0.717800 -0.695100
vn 0.921800 -0.383500 0.056000
vn 0.769200 -0.329300 -0.547600
vn -0.001200 0.984600 0.174500
vn -0.000800 0.969100 0.246600
vn 0.666000 0.742500 0.070700
vn 0.401200 0.903000 0.153300
vn 0.048200 0.971500 0.232200
vn 0.859600 -0.418200 0.293700
vn 0.887700 -0.330400 -0.320700
vn 0.993800 0.110500 -0.004900
vn 0.894100 0.447900 0.001200
vn 0.819900 0.375100 0.432400
vn 0.443400 0.151900 0.883300
vn -0.447600 0.062600 0.892000
vn 0.906900 -0.267600 -0.325600
vn 0.962900 0.269200 0.016400
vn 0.764600 0.459700 0.451600
vn 0.684900 0.448300 0.574400
vn 0.248700 0.725300 0.641900
vn 0.006200 0.241200 0.970400
vn 0.602900 -0.547700 0.580100
vn 0.694400 0.083800 0.714700
vn 0.186200 0.658100 0.729500
vn -0.174200 0.644800 0.744200
vn -0.589200 0.315800 0.743700
vn 0.603200 -0.008900 0.797500
vn 0.000000 0.861800 0.507200
vn 0.731900 -0.032400 0.680600
vn 0.674300 0.224600 0.703400
vn 0.011600 0.248500 0.968500
vn 0.000000 -0.507200 0.861800
vn 0.027600 -0.724900 -0.688300
vn -0.014700 -0.838700 -0.544400
vn 0.692200 0.613000 0.380800
vn 0.211900 0.649400 0.730300
vn 0.211900 -0.649400 0.730300
vn 0.692200 -0.613000 0.380800
vn 0.705300 -0.005700 -0.708900
vn 0.693600 -0.055600 -0.718200
vn 0.681400 -0.571600 -0.457100
vn 0.704200 0.071900 -0.706300
vn 0.311000 -0.763400 -0.566100
vn 0.352200 -0.935900 0.000000
vn 0.311000 -0.763400 0.566100
vn -0.005900 0.983200 0.182000
vn -0.009200 0.442900 0.896500
vn 0.010400 0.542600 0.839900
vn 0.035100 0.989300 0.141500
vn 0.151000 -0.284100 0.946800
vn -0.006000 0.639100 -0.769100
vn 0.147500 -0.258300 -0.954700
vn 0.310500 0.581200 0.752200
vn 0.460200 0.881800 0.102600
vn 0.094000 -0.225100 -0.969800
vn 0.387000 -0.762700 -0.518000
vn 0.469600 -0.882800 0.000000
vn 0.105100 -0.281100 0.953900
vn 0.387000 -0.762800 0.518000
vn -0.305300 -0.822500 0.479900
vn -0.105900 -0.255800 0.960900
vn 0.020700 0.687500 -0.725900
vn 0.360800 0.681900 -0.636200
vn -0.323000 -0.114500 0.939400
vn 0.617200 0.240900 0.749000
vn -0.305300 -0.822500 -0.479900
vn -0.328000 -0.944600 0.000000
vn 0.935500 0.341300 0.091600
vn 0.724500 0.271500 -0.633600
vn -0.062600 -0.177300 -0.982100
vn -0.844200 -0.339100 0.415100
vn -0.238100 -0.075200 -0.968300
vn -0.844200 -0.339100 -0.415100
vn -0.931000 -0.364800 0.000000
vn 0.604700 -0.017300 0.796200
vn 0.995100 -0.028000 0.095200
vn 0.732300 -0.020700 -0.680600
vn -0.916700 0.027000 0.398500
vn -0.409600 0.011700 0.912200
vn -0.334300 0.009400 -0.942400
vn -0.916700 0.027000 -0.398500
vn -0.999500 0.029400 0.000000
vn -0.895100 0.203100 0.396900
vn -0.387600 0.081500 0.918200
vn 0.609300 -0.138900 0.780600
vn 0.972800 -0.212200 0.092600
vn 0.729400 -0.161700 -0.664600
vn -0.308300 0.061600 -0.949300
vn -0.895100 0.203100 -0.396900
vn -0.336700 0.196400 0.920900
vn 0.551100 -0.329100 0.766700
vn -0.975800 0.218700 0.000000
vn 0.869400 -0.486400 0.086400
vn 0.344700 -0.572300 0.744000
vn 0.506600 -0.857600 0.088400
vn 0.658100 -0.376600 -0.651900
vn -0.259700 0.140900 -0.955300
vn -0.761800 0.526300 -0.377700
vn -0.826300 0.563200 0.000000
vn -0.761800 0.526300 0.377700
vn -0.427400 0.814900 0.391400
vn -0.172100 0.325500 0.929700
vn 0.398600 -0.669300 -0.627000
vn -0.122300 0.246000 -0.961500
vn -0.427400 0.814900 -0.391400
vn -0.456800 0.889600 0.000000
vn 0.060200 -0.614800 0.786400
vn 0.094100 -0.991300 0.092100
vn -0.094100 0.914900 0.392600
vn -0.039200 0.404500 0.913700
vn 0.071000 -0.738600 -0.670300
vn -0.030800 0.324800 -0.945300
vn -0.094100 0.914900 -0.392600
vn -0.101800 0.994800 0.000000
vn 0.051300 0.991100 0.122500
vn 0.051300 0.991100 -0.122500
vn 0.031600 0.612900 0.789500
vn -0.030800 -0.616300 0.786900
vn -0.133800 -0.547900 0.825800
vn 0.163800 0.640000 0.750700
vn 0.050000 0.968700 -0.243000
vn -0.048400 -0.968800 -0.243000
vn -0.049400 -0.991200 -0.122300
vn -0.049400 -0.991200 0.122300
vn -0.005500 -0.969100 -0.246700
vn -0.005600 -0.992200 -0.124200
vn 0.005600 0.992200 0.124400
vn 0.005600 0.992200 -0.124400
vn -0.005600 -0.992200 0.124200
vn -0.003500 -0.615100 0.788400
vn 0.003500 0.612300 0.790600
vn 0.005500 0.969100 -0.246700
vn 0.005900 0.992200 -0.124400
vn 0.005700 0.969100 -0.246700
vn 0.003600 0.612300 0.790600
vn 0.005900 0.992200 0.124400
vn -0.005900 -0.992200 -0.124200
vn -0.005900 -0.992200 0.124200
vn -0.003600 -0.615100 0.788400
vn -0.005700 -0.969100 -0.246700
vn 0.006000 0.992200 -0.124400
vn 0.005900 0.969100 -0.246700
vn 0.003700 0.612200 0.790600
vn 0.006000 0.992200 0.124400
vn -0.006000 -0.992200 -0.124200
vn -0.006000 -0.992200 0.124200
vn -0.003700 -0.615200 0.788400
vn -0.005900 -0.969100 -0.246700
vn -0.006000 -0.969100 -0.246700
vn -0.006200 -0.992200 -0.124200
vn 0.006200 0.992200 0.124400
vn 0.006200 0.992200 -0.124400
vn -0.006200 -0.992200 0.124200
vn -0.003800 -0.615200 0.788300
vn 0.003800 0.612200 0.790700
vn 0.006000 0.969100 -0.246700
vn 0.664500 0.104300 0.739900
vn 0.489700 0.475100 0.731000
vn -0.361300 -0.362000 0.859200
vn -0.530000 -0.082000 0.844000
vn 0.252600 0.960000 0.121000
vn 0.252600 0.960000 -0.121000
vn -0.228100 -0.965700 -0.124000
vn -0.228100 -0.965700 0.124000
vn -0.230100 -0.942400 -0.242400
vn -0.519900 0.188400 0.833200
vn 0.622900 -0.223300 0.749700
vn -0.696600 -0.705500 -0.129900
vn -0.696600 -0.705500 0.129900
vn 0.714400 0.688900 0.122800
vn 0.714300 0.688900 -0.122800
vn 0.694900 0.674200 -0.250100
vn 0.240500 0.939500 -0.244100
vn -0.683900 -0.685200 -0.250600
vn -0.979600 -0.155500 -0.127200
vn -0.979600 -0.155500 0.127200
vn 0.981100 0.150400 0.121800
vn 0.981100 0.150400 -0.121800
vn 0.957300 0.150300 -0.246800
vn -0.957600 -0.148300 -0.247000
vn -0.250300 0.403000 0.880300
vn 0.380200 -0.580200 0.720300
vn -0.932600 0.337900 -0.127000
vn -0.932600 0.337900 0.127000
vn 0.007900 0.598500 0.801000
vn 0.030400 -0.649900 0.759400
vn -0.910900 0.330100 -0.247600
vn 0.934100 -0.335100 0.122600
vn 0.934100 -0.335200 -0.122600
vn 0.912000 -0.327000 -0.247400
vn 0.564300 -0.816300 -0.123000
vn 0.530600 -0.809800 -0.250300
vn -0.493000 0.860000 -0.131700
vn -0.493000 0.860000 0.131700
vn 0.015400 0.993100 0.116300
vn 0.015400 0.993100 -0.116300
vn 0.095400 0.987800 -0.122700
vn 0.095400 0.987800 0.122700
vn -0.510500 0.821600 -0.253500
vn 0.564300 -0.816300 0.122900
vn 0.045700 -0.992100 0.117000
vn 0.045700 -0.992100 -0.117000
vn 0.045500 -0.971000 -0.234800
vn 0.061500 0.636200 0.769000
vn -0.056700 -0.587100 0.807500
vn 0.012800 0.973200 -0.229500
vn -0.095400 -0.987600 -0.124700
vn -0.093200 -0.964900 -0.245500
vn -0.095400 -0.987600 0.124700
vn 0.093200 0.964900 -0.245500
vn 0.915700 0.401700 -0.000200
vn 0.525700 -0.528700 -0.666400
vn 0.511000 -0.617100 0.598400
vn 0.712900 -0.315300 -0.626400
vn 0.713100 -0.689800 -0.124800
vn -0.310600 -0.724000 -0.615900
vn -0.713000 -0.019700 -0.700900
vn -0.299700 0.283500 -0.910900
vn 0.538800 0.267900 -0.798700
vn 0.712900 0.315300 -0.626400
vn 0.724000 0.069200 -0.686300
vn 0.631300 0.462800 -0.622300
vn 0.608200 -0.682300 -0.405600
vn 0.895500 0.445000 0.000300
vn 0.594200 -0.564700 -0.572700
vn 0.020800 0.590700 0.806600
vn 0.218400 0.618400 0.754900
vn -0.000300 0.579200 0.815100
vn -0.016200 -0.998700 -0.046800
vn -0.007400 -0.456600 0.889600
vn -0.010100 -0.997900 -0.064000
vn 0.525900 0.797200 0.296300
vn -0.647200 -0.535600 -0.542300
vn -0.960300 -0.279000 0.001300
vn 0.647200 -0.535600 -0.542300
vn -0.527900 0.615500 -0.585200
vn -0.525700 -0.528700 -0.666400
vn 0.496000 0.496500 0.712300
vn 0.527900 0.615500 -0.585200
vn 0.589200 0.315800 0.743700
vn -0.780100 -0.378900 -0.497700
vn -0.603200 -0.008900 0.797500
vn -0.696800 0.084000 0.712300
vn -0.941600 -0.095000 -0.322800
vn -0.248700 0.725300 0.641900
vn -0.481800 0.484700 0.730000
vn -0.543600 0.544500 -0.638700
vn 0.780100 -0.378900 -0.497700
vn 0.696800 0.084000 0.712300
vn 0.941600 -0.095000 -0.322800
vn 0.481800 0.484700 0.730000
vn 0.615300 0.787400 0.037600
vn 0.543600 0.544500 -0.638700
vn 0.703900 0.069800 -0.706800
vn 0.470500 0.725000 0.502900
vn 0.684300 0.130400 0.717400
usemtl RRWindows.002
s off
f 162/1/1 160/1/1 161/1/1 1907/1/1 1910/1/1 163/1/1 1906/1/1 1908/1/1 1928/1/1
f 164/1/2 1918/1/2 166/1/2 165/1/2 1919/1/2 1917/1/2
f 176/1/3 180/1/3 2541/1/3 177/1/3 178/1/3 2543/1/3 2540/1/3 175/1/3 174/1/3
f 179/1/2 2559/1/2 2563/1/2 2564/1/2 2569/1/2 2560/1/2
s 1
f 153/1/4 1738/1/5 155/1/6 156/1/7
f 167/1/8 181/1/9 2923/1/10 2173/1/11 2174/1/12
f 1735/1/13 1737/1/14 154/1/15 150/1/16 151/1/17 152/1/18
f 1760/1/19 1762/1/19 1763/1/19 158/1/19 159/1/19 157/1/19 1749/1/19
f 168/1/20 2340/1/21 2335/1/22 2334/1/23 2346/1/24 2342/1/25
f 2343/1/26 169/1/27 2353/1/28 2344/1/29
f 2922/1/30 2924/1/31 182/1/32 2923/1/10 181/1/9
f 171/1/19 170/1/19 2356/1/19 173/1/19 2370/1/19 2369/1/19 172/1/19
usemtl RangeRover.002
f 3/2/33 7/2/34 29/2/35 33/2/36
f 3/2/33 2/2/37 6/2/38 7/2/34
f 2/2/37 1/2/39 5/2/40 6/2/38
f 7/2/34 11/2/41 25/2/42 29/2/35
f 7/2/34 6/2/38 10/2/43 11/2/41
f 6/2/38 5/2/40 9/2/44 10/2/43
f 11/2/41 16/2/45 21/2/46 25/2/42
f 11/2/41 10/2/43 15/2/47 16/2/45
f 10/2/43 9/2/44 14/2/48 15/2/47
f 16/2/45 20/2/49 17/2/50 21/2/46
f 16/2/45 15/2/47 19/2/51 20/2/49
f 15/2/47 14/2/48 18/2/52 19/2/51
f 20/2/49 24/2/53 12/2/54 17/2/50
f 20/2/49 19/2/51 23/2/55 24/2/53
f 19/2/51 18/2/52 22/2/56 23/2/55
f 24/2/53 28/2/57 8/2/58 12/2/54
f 24/2/53 23/2/55 27/2/59 28/2/57
f 23/2/55 22/2/56 26/2/60 27/2/59
f 28/2/57 32/2/61 4/2/62 8/2/58
f 28/2/57 27/2/59 31/2/63 32/2/61
f 27/2/59 26/2/60 30/2/64 31/2/63
f 1/2/39 13/2/65 5/2/40
f 5/2/40 13/2/65 9/2/44
f 9/2/44 13/2/65 14/2/48
f 14/2/48 13/2/65 18/2/52
f 18/2/52 13/2/65 22/2/56
f 22/2/56 13/2/65 26/2/60
f 26/2/60 13/2/65 30/2/64
f 32/2/61 3/2/33 33/2/36 4/2/62
f 32/2/61 31/2/63 2/2/37 3/2/33
f 31/2/63 30/2/64 1/2/39 2/2/37
f 30/2/64 13/2/65 1/2/39
f 33/2/36 29/2/35 40/2/66 41/2/67
f 29/2/35 25/2/42 39/2/68 40/2/66
f 25/2/42 21/2/46 38/2/69 39/2/68
f 21/2/46 17/2/50 37/2/70 38/2/69
f 17/2/50 12/2/54 36/2/71 37/2/70
f 12/2/54 8/2/58 35/2/72 36/2/71
f 8/2/58 4/2/62 34/2/73 35/2/72
f 4/2/62 33/2/36 41/2/67 34/2/73
f 41/2/67 40/2/66 48/2/74 49/2/75
f 40/2/66 39/2/68 47/2/76 48/2/74
f 39/2/68 38/2/69 46/2/77 47/2/76
f 38/2/69 37/2/70 45/2/78 46/2/77
f 37/2/70 36/2/71 44/2/79 45/2/78
f 36/2/71 35/2/72 43/2/80 44/2/79
f 35/2/72 34/2/73 42/2/81 43/2/80
f 34/2/73 41/2/67 49/2/75 42/2/81
f 85/2/82 58/2/83 148/2/84 147/2/85
f 111/2/86 91/2/65 109/2/87
f 140/2/88 142/2/89 133/2/90 132/2/91
f 121/2/92 120/2/93 127/2/83 128/2/82
f 122/2/94 121/2/92 128/2/82 129/2/95
f 123/2/96 122/2/94 129/2/95 130/2/97
f 52/2/98 51/2/87 60/2/99 61/2/100
f 142/2/89 141/2/101 134/2/102 133/2/90
f 146/2/103 131/2/19 139/2/104
f 110/2/105 111/2/86 109/2/87 102/2/98
f 108/2/106 110/2/105 102/2/98 105/2/107
f 106/2/108 108/2/106 105/2/107 101/2/109
f 63/2/110 62/2/111 71/2/112 72/2/113
f 62/2/111 61/2/100 70/2/114 71/2/112
f 61/2/100 60/2/99 69/2/115 70/2/114
f 139/2/104 131/2/19 126/2/116
f 114/2/117 113/2/116 120/2/93 121/2/92
f 64/2/118 91/2/65 111/2/86
f 74/2/119 91/2/65 64/2/118
f 84/2/115 91/2/65 74/2/119
f 72/2/113 71/2/112 80/2/120 81/2/121
f 71/2/112 70/2/114 79/2/122 80/2/120
f 70/2/114 69/2/115 78/2/119 79/2/122
f 115/2/123 114/2/117 121/2/92 122/2/94
f 116/2/124 115/2/123 122/2/94 123/2/96
f 100/2/99 91/2/65 84/2/115
f 109/2/87 91/2/65 100/2/99
f 105/2/107 102/2/98 94/2/100 93/2/111
f 81/2/121 80/2/120 89/2/125 90/2/126
f 80/2/120 79/2/122 88/2/127 89/2/125
f 79/2/122 78/2/119 87/2/118 88/2/127
f 126/2/116 131/2/19 118/2/93
f 118/2/93 131/2/19 58/2/83
f 101/2/109 105/2/107 93/2/111 92/2/110
f 57/2/127 64/2/118 111/2/86 110/2/105
f 56/2/125 57/2/127 110/2/105 108/2/106
f 90/2/126 89/2/125 98/2/106 99/2/108
f 89/2/125 88/2/127 97/2/105 98/2/106
f 88/2/127 87/2/118 96/2/86 97/2/105
f 58/2/83 131/2/19 148/2/84
f 76/2/102 77/2/104 113/2/116 114/2/117
f 67/2/90 76/2/102 114/2/117 115/2/123
f 59/2/91 67/2/90 115/2/123 116/2/124
f 143/2/128 145/2/129 142/2/89 140/2/88
f 145/2/129 147/2/85 141/2/101 142/2/89
f 147/2/85 148/2/84 146/2/103 141/2/101
f 103/2/101 104/2/103 77/2/104 76/2/102
f 148/2/84 131/2/19 146/2/103
f 112/2/126 56/2/125 108/2/106 106/2/108
f 73/2/122 74/2/119 64/2/118 57/2/127
f 66/2/120 73/2/122 57/2/127 56/2/125
f 54/2/109 107/2/107 62/2/111 63/2/110
f 107/2/107 52/2/98 61/2/100 62/2/111
f 51/2/87 68/2/65 60/2/99
f 65/2/121 66/2/120 56/2/125 112/2/126
f 60/2/99 68/2/65 69/2/115
f 83/2/114 84/2/115 74/2/119 73/2/122
f 69/2/115 68/2/65 78/2/119
f 82/2/112 83/2/114 73/2/122 66/2/120
f 78/2/119 68/2/65 87/2/118
f 75/2/113 82/2/112 66/2/120 65/2/121
f 87/2/118 68/2/65 96/2/86
f 94/2/100 100/2/99 84/2/115 83/2/114
f 93/2/111 94/2/100 83/2/114 82/2/112
f 92/2/110 93/2/111 82/2/112 75/2/113
f 102/2/98 109/2/87 100/2/99 94/2/100
f 99/2/108 98/2/106 107/2/107 54/2/109
f 98/2/106 97/2/105 52/2/98 107/2/107
f 97/2/105 96/2/86 51/2/87 52/2/98
f 96/2/86 68/2/65 51/2/87
f 86/2/95 85/2/82 147/2/85 145/2/129
f 130/2/97 129/2/95 137/2/129 138/2/128
f 129/2/95 128/2/82 136/2/85 137/2/129
f 128/2/82 127/2/83 135/2/84 136/2/85
f 149/2/97 86/2/95 145/2/129 143/2/128
f 117/2/92 118/2/93 58/2/83 85/2/82
f 53/2/94 117/2/92 85/2/82 86/2/95
f 95/2/88 144/2/89 67/2/90 59/2/91
f 144/2/89 103/2/101 76/2/102 67/2/90
f 104/2/103 50/2/19 77/2/104
f 55/2/96 53/2/94 86/2/95 149/2/97
f 77/2/104 50/2/19 113/2/116
f 125/2/117 126/2/116 118/2/93 117/2/92
f 113/2/116 50/2/19 120/2/93
f 124/2/123 125/2/117 117/2/92 53/2/94
f 120/2/93 50/2/19 127/2/83
f 119/2/124 124/2/123 53/2/94 55/2/96
f 127/2/83 50/2/19 135/2/84
f 134/2/102 139/2/104 126/2/116 125/2/117
f 133/2/90 134/2/102 125/2/117 124/2/123
f 132/2/91 133/2/90 124/2/123 119/2/124
f 141/2/101 146/2/103 139/2/104 134/2/102
f 138/2/128 137/2/129 144/2/89 95/2/88
f 137/2/129 136/2/85 103/2/101 144/2/89
f 136/2/85 135/2/84 104/2/103 103/2/101
f 135/2/84 50/2/19 104/2/103
f 2939/2/83 2970/2/93 3024/2/19
f 2938/2/82 2971/2/92 2970/2/93 2939/2/83
f 2937/2/95 2930/2/94 2971/2/92 2938/2/82
f 2936/2/97 2979/2/96 2930/2/94 2937/2/95
f 2933/2/92 2940/2/117 2935/2/116 2928/2/93
f 2942/2/124 2955/2/91 2950/2/90 2941/2/123
f 2941/2/123 2950/2/90 2949/2/102 2940/2/117
f 2940/2/117 2949/2/102 2948/2/104 2935/2/116
f 2947/2/84 2939/2/83 3024/2/19
f 2955/2/91 3019/2/88 3021/2/89 2950/2/90
f 2954/2/103 2947/2/84 3024/2/19
f 2950/2/90 3021/2/89 2957/2/101 2949/2/102
f 2961/2/104 2954/2/103 3024/2/19
f 2949/2/102 2957/2/101 2956/2/103 2948/2/104
f 2997/2/116 2961/2/104 3024/2/19
f 3019/2/88 2925/2/128 2988/2/129 3021/2/89
f 2970/2/93 2997/2/116 3024/2/19
f 2930/2/94 3007/2/123 2998/2/117 2971/2/92
f 2979/2/96 3015/2/124 3007/2/123 2930/2/94
f 3021/2/89 2988/2/129 2989/2/85 2957/2/101
f 2957/2/101 2989/2/85 3016/2/84 2956/2/103
f 2925/2/128 2931/2/97 2929/2/95 2988/2/129
f 2946/2/85 2938/2/82 2939/2/83 2947/2/84
f 2945/2/129 2937/2/95 2938/2/82 2946/2/85
f 2944/2/128 2936/2/97 2937/2/95 2945/2/129
f 2988/2/129 2929/2/95 2927/2/82 2989/2/85
f 2978/2/118 3023/2/119 3006/2/65
f 2977/2/127 3022/2/122 3023/2/119 2978/2/118
f 2976/2/125 2967/2/120 3022/2/122 2977/2/127
f 2975/2/126 3020/2/121 2967/2/120 2976/2/125
f 2972/2/122 2980/2/114 2974/2/115 2965/2/119
f 2982/2/113 2999/2/110 2992/2/111 2981/2/112
f 2981/2/112 2992/2/111 2991/2/100 2980/2/114
f 2980/2/114 2991/2/100 2990/2/99 2974/2/115
f 2987/2/86 2978/2/118 3006/2/65
f 2999/2/110 3009/2/109 3008/2/107 2992/2/111
f 2996/2/87 2987/2/86 3006/2/65
f 2992/2/111 3008/2/107 3001/2/98 2991/2/100
f 3005/2/99 2996/2/87 3006/2/65
f 2991/2/100 3001/2/98 3000/2/87 2990/2/99
f 3014/2/115 3005/2/99 3006/2/65
f 3009/2/109 2962/2/108 3018/2/106 3008/2/107
f 3023/2/119 3014/2/115 3006/2/65
f 2967/2/120 3012/2/112 3013/2/114 3022/2/122
f 3020/2/121 3011/2/113 3012/2/112 2967/2/120
f 3008/2/107 3018/2/106 3017/2/105 3001/2/98
f 3001/2/98 3017/2/105 3010/2/86 3000/2/87
f 2962/2/108 2968/2/126 2966/2/125 3018/2/106
f 2926/2/83 2928/2/93 2943/2/19
f 2971/2/92 2998/2/117 2997/2/116 2970/2/93
f 2927/2/82 2933/2/92 2928/2/93 2926/2/83
f 2929/2/95 2932/2/94 2933/2/92 2927/2/82
f 2931/2/97 2934/2/96 2932/2/94 2929/2/95
f 3015/2/124 2958/2/91 2959/2/90 3007/2/123
f 3007/2/123 2959/2/90 2960/2/102 2998/2/117
f 2998/2/117 2960/2/102 2961/2/104 2997/2/116
f 3016/2/84 2926/2/83 2943/2/19
f 2986/2/105 2977/2/127 2978/2/118 2987/2/86
f 2985/2/106 2976/2/125 2977/2/127 2986/2/105
f 2984/2/108 2975/2/126 2976/2/125 2985/2/106
f 3018/2/106 2966/2/125 2964/2/127 3017/2/105
f 3017/2/105 2964/2/127 2963/2/118 3010/2/86
f 2973/2/121 2982/2/113 2981/2/112 2969/2/120
f 2956/2/103 3016/2/84 2943/2/19
f 2948/2/104 2956/2/103 2943/2/19
f 2995/2/98 2986/2/105 2987/2/86 2996/2/87
f 2994/2/107 2985/2/106 2986/2/105 2995/2/98
f 2993/2/109 2984/2/108 2985/2/106 2994/2/107
f 2969/2/120 2981/2/112 2980/2/114 2972/2/122
f 2965/2/119 2974/2/115 2983/2/65
f 2974/2/115 2990/2/99 2983/2/65
f 2958/2/91 2951/2/88 2952/2/89 2959/2/90
f 2959/2/90 2952/2/89 2953/2/101 2960/2/102
f 3004/2/100 2995/2/98 2996/2/87 3005/2/99
f 3003/2/111 2994/2/107 2995/2/98 3004/2/100
f 3002/2/110 2993/2/109 2994/2/107 3003/2/111
f 2990/2/99 3000/2/87 2983/2/65
f 3000/2/87 3010/2/86 2983/2/65
f 3010/2/86 2963/2/118 2983/2/65
f 2960/2/102 2953/2/101 2954/2/103 2961/2/104
f 2935/2/116 2948/2/104 2943/2/19
f 3013/2/114 3004/2/100 3005/2/99 3014/2/115
f 3012/2/112 3003/2/111 3004/2/100 3013/2/114
f 3011/2/113 3002/2/110 3003/2/111 3012/2/112
f 2968/2/126 2973/2/121 2969/2/120 2966/2/125
f 2966/2/125 2969/2/120 2972/2/122 2964/2/127
f 2964/2/127 2972/2/122 2965/2/119 2963/2/118
f 2928/2/93 2935/2/116 2943/2/19
f 2932/2/94 2941/2/123 2940/2/117 2933/2/92
f 3022/2/122 3013/2/114 3014/2/115 3023/2/119
f 2951/2/88 2944/2/128 2945/2/129 2952/2/89
f 2952/2/89 2945/2/129 2946/2/85 2953/2/101
f 2953/2/101 2946/2/85 2947/2/84 2954/2/103
f 2934/2/96 2942/2/124 2941/2/123 2932/2/94
f 2963/2/118 2965/2/119 2983/2/65
f 2989/2/85 2927/2/82 2926/2/83 3016/2/84
f 3040/2/71 3032/2/79 3025/2/78 3033/2/70
f 3039/2/72 3031/2/80 3032/2/79 3040/2/71
f 3038/2/73 3030/2/81 3031/2/80 3039/2/72
f 3037/2/67 3029/2/75 3030/2/81 3038/2/73
f 3036/2/66 3028/2/74 3029/2/75 3037/2/67
f 3035/2/68 3027/2/76 3028/2/74 3036/2/66
f 3034/2/69 3026/2/77 3027/2/76 3035/2/68
f 3033/2/70 3025/2/78 3026/2/77 3034/2/69
f 3070/2/54 3040/2/71 3033/2/70 3041/2/50
f 3066/2/58 3039/2/72 3040/2/71 3070/2/54
f 3062/2/62 3038/2/73 3039/2/72 3066/2/58
f 3057/2/36 3037/2/67 3038/2/73 3062/2/62
f 3053/2/35 3036/2/66 3037/2/67 3057/2/36
f 3049/2/42 3035/2/68 3036/2/66 3053/2/35
f 3045/2/46 3034/2/69 3035/2/68 3049/2/42
f 3041/2/50 3033/2/70 3034/2/69 3045/2/46
f 3044/2/56 3073/2/52 3061/2/65
f 3043/2/55 3072/2/51 3073/2/52 3044/2/56
f 3042/2/53 3071/2/49 3072/2/51 3043/2/55
f 3042/2/53 3070/2/54 3041/2/50 3071/2/49
f 3048/2/60 3044/2/56 3061/2/65
f 3052/2/64 3048/2/60 3061/2/65
f 3056/2/39 3052/2/64 3061/2/65
f 3060/2/40 3056/2/39 3061/2/65
f 3065/2/44 3060/2/40 3061/2/65
f 3069/2/48 3065/2/44 3061/2/65
f 3073/2/52 3069/2/48 3061/2/65
f 3047/2/59 3043/2/55 3044/2/56 3048/2/60
f 3046/2/57 3042/2/53 3043/2/55 3047/2/59
f 3046/2/57 3066/2/58 3070/2/54 3042/2/53
f 3051/2/63 3047/2/59 3048/2/60 3052/2/64
f 3050/2/61 3046/2/57 3047/2/59 3051/2/63
f 3050/2/61 3062/2/62 3066/2/58 3046/2/57
f 3055/2/37 3051/2/63 3052/2/64 3056/2/39
f 3054/2/33 3050/2/61 3051/2/63 3055/2/37
f 3054/2/33 3057/2/36 3062/2/62 3050/2/61
f 3059/2/38 3055/2/37 3056/2/39 3060/2/40
f 3058/2/34 3054/2/33 3055/2/37 3059/2/38
f 3058/2/34 3053/2/35 3057/2/36 3054/2/33
f 3064/2/43 3059/2/38 3060/2/40 3065/2/44
f 3063/2/41 3058/2/34 3059/2/38 3064/2/43
f 3063/2/41 3049/2/42 3053/2/35 3058/2/34
f 3068/2/47 3064/2/43 3065/2/44 3069/2/48
f 3067/2/45 3063/2/41 3064/2/43 3068/2/47
f 3067/2/45 3045/2/46 3049/2/42 3063/2/41
f 3072/2/51 3068/2/47 3069/2/48 3073/2/52
f 3071/2/49 3067/2/45 3068/2/47 3072/2/51
f 3071/2/49 3041/2/50 3045/2/46 3067/2/45
usemtl RangeRover.002_RangeRoverBodyAO.002
s off
f 462/3/65 455/3/65 456/3/65 457/3/65 458/3/65 459/3/65 460/3/65 461/3/65
s 1
f 204/3/130 205/3/131 189/3/132 188/3/133
f 214/3/134 199/3/135 183/3/136 198/3/137
f 192/3/138 208/3/139 209/3/140 193/3/141
f 203/3/142 204/3/130 188/3/133 187/3/143
f 213/3/144 214/3/134 198/3/137 197/3/145
f 191/3/146 207/3/147 208/3/139 192/3/138
f 202/3/148 203/3/142 187/3/143 186/3/149
f 212/3/150 213/3/144 197/3/145 196/3/151
f 201/3/152 202/3/148 186/3/149 185/3/153
f 190/3/154 206/3/155 207/3/147 191/3/146
f 211/3/156 212/3/150 196/3/151 195/3/157
f 200/3/158 201/3/152 185/3/153 184/3/159
f 189/3/132 205/3/131 206/3/155 190/3/154
f 210/3/160 211/3/156 195/3/157 194/3/161
f 199/3/135 200/3/158 184/3/159 183/3/136
f 200/3/158 199/3/135 215/3/162 216/3/163
f 213/3/144 229/3/164 230/3/165 214/3/134
f 202/3/148 218/3/166 219/3/167 203/3/142
f 208/3/139 207/3/147 223/3/168 224/3/169
f 212/3/150 228/3/170 229/3/164 213/3/144
f 201/3/152 217/3/171 218/3/166 202/3/148
f 207/3/147 206/3/155 222/3/172 223/3/168
f 212/3/150 211/3/156 227/3/173 228/3/170
f 201/3/152 200/3/158 216/3/163 217/3/171
f 205/3/131 221/3/174 222/3/172 206/3/155
f 211/3/156 210/3/160 226/3/175 227/3/173
f 204/3/130 220/3/176 221/3/174 205/3/131
f 214/3/134 230/3/165 215/3/162 199/3/135
f 210/3/160 209/3/140 225/3/177 226/3/175
f 203/3/142 219/3/167 220/3/176 204/3/130
f 209/3/140 208/3/139 224/3/169 225/3/177
f 196/3/151 244/3/178 243/3/179 195/3/157
f 185/3/153 233/3/180 232/3/181 184/3/159
f 237/3/182 189/3/132 190/3/154 238/3/183
f 195/3/157 243/3/179 242/3/184 194/3/161
f 184/3/159 232/3/181 231/3/185 183/3/136
f 236/3/186 188/3/133 189/3/132 237/3/182
f 246/3/187 198/3/137 183/3/136 231/3/185
f 194/3/161 242/3/184 241/3/188 193/3/141
f 235/3/189 187/3/143 188/3/133 236/3/186
f 245/3/190 197/3/145 198/3/137 246/3/187
f 193/3/141 241/3/188 240/3/191 192/3/138
f 234/3/192 186/3/149 187/3/143 235/3/189
f 244/3/178 196/3/151 197/3/145 245/3/190
f 192/3/138 240/3/191 239/3/193 191/3/146
f 233/3/180 185/3/153 186/3/149 234/3/192
f 191/3/146 239/3/193 238/3/183 190/3/154
f 235/3/189 236/3/186 252/3/194 251/3/195
f 248/3/196 264/3/197 263/3/198 247/3/199
f 404/3/200 405/3/201 452/3/202 451/3/203
f 236/3/186 237/3/182 253/3/204 252/3/194
f 260/3/205 276/3/206 275/3/207 259/3/208
f 245/3/190 246/3/187 262/3/209 261/3/210
f 240/3/191 241/3/188 257/3/211 256/3/212
f 233/3/180 234/3/192 250/3/213 249/3/214
f 244/3/178 245/3/190 261/3/210 260/3/205
f 239/3/193 240/3/191 256/3/212 255/3/215
f 243/3/179 244/3/178 260/3/205 259/3/208
f 242/3/184 243/3/179 259/3/208 258/3/216
f 232/3/181 233/3/180 249/3/214 248/3/196
f 238/3/183 239/3/193 255/3/215 254/3/217
f 246/3/187 231/3/185 247/3/199 262/3/209
f 231/3/185 232/3/181 248/3/196 247/3/199
f 237/3/182 238/3/183 254/3/217 253/3/204
f 234/3/192 235/3/189 251/3/195 250/3/213
f 249/3/214 265/3/218 264/3/197 248/3/196
f 254/3/217 270/3/219 269/3/220 253/3/204
f 271/3/221 307/3/222 310/3/223 270/3/219
f 259/3/208 275/3/207 274/3/224 258/3/216
f 253/3/204 269/3/220 268/3/225 252/3/194
f 247/3/199 263/3/198 278/3/226 262/3/209
f 258/3/216 274/3/224 273/3/227 257/3/211
f 252/3/194 268/3/225 267/3/228 251/3/195
f 262/3/209 278/3/226 277/3/229 261/3/210
f 257/3/211 273/3/227 272/3/230 256/3/212
f 251/3/195 267/3/228 266/3/231 250/3/213
f 261/3/210 277/3/229 276/3/206 260/3/205
f 250/3/213 266/3/231 265/3/218 249/3/214
f 256/3/212 272/3/230 271/3/221 255/3/215
f 255/3/215 271/3/221 270/3/219 254/3/217
f 390/3/232 375/3/233 419/3/234 422/3/235
f 400/3/236 401/3/237 447/3/238 424/3/239
f 412/3/240 397/3/241 450/3/242 446/3/243
f 385/3/244 386/3/245 418/3/246 420/3/247
f 410/3/248 411/3/249 448/3/250 449/3/251
f 406/3/252 407/3/253 427/3/254 453/3/255
f 386/3/245 387/3/256 396/3/257 418/3/246
f 379/3/258 380/3/259 421/3/260 394/3/261
f 401/3/237 402/3/262 425/3/263 447/3/238
f 375/3/233 376/3/264 391/3/265 419/3/234
f 389/3/266 390/3/232 422/3/235 413/3/267
f 411/3/249 412/3/240 446/3/243 448/3/250
f 380/3/259 381/3/268 395/3/269 421/3/260
f 384/3/270 385/3/244 420/3/247 414/3/271
f 405/3/201 406/3/252 453/3/255 452/3/202
f 383/3/272 384/3/270 414/3/271 416/3/273
f 272/3/230 304/3/274 307/3/222 271/3/221
f 263/3/198 279/3/275 301/3/276 278/3/226
f 277/3/229 303/3/277 306/3/278 276/3/206
f 273/3/227 302/3/279 304/3/274 272/3/230
f 266/3/231 305/3/280 280/3/281 265/3/218
f 268/3/225 300/3/282 281/3/283 267/3/228
f 264/3/197 309/3/284 279/3/275 263/3/198
f 278/3/226 301/3/276 303/3/277 277/3/229
f 274/3/224 299/3/285 302/3/279 273/3/227
f 267/3/228 281/3/283 305/3/280 266/3/231
f 269/3/220 282/3/286 300/3/282 268/3/225
f 265/3/218 280/3/281 309/3/284 264/3/197
f 279/3/275 309/3/284 284/3/287 283/3/288
f 388/3/289 389/3/266 413/3/267 415/3/290
f 270/3/219 310/3/223 282/3/286 269/3/220
f 382/3/291 383/3/272 416/3/273 417/3/292
f 300/3/282 282/3/286 289/3/293 288/3/294
f 275/3/207 308/3/295 299/3/285 274/3/224
f 387/3/256 388/3/289 415/3/290 396/3/257
f 281/3/283 300/3/282 288/3/294 287/3/296
f 301/3/276 279/3/275 283/3/288 298/3/297
f 381/3/268 382/3/291 417/3/292 395/3/269
f 305/3/280 281/3/283 287/3/296 286/3/298
f 276/3/206 306/3/278 308/3/295 275/3/207
f 280/3/281 305/3/280 286/3/298 285/3/299
f 282/3/286 310/3/223 290/3/300 289/3/293
f 309/3/284 280/3/281 285/3/299 284/3/287
f 303/3/277 301/3/276 298/3/297 297/3/301
f 306/3/278 303/3/277 297/3/301 296/3/302
f 302/3/279 299/3/285 294/3/303 293/3/304
f 304/3/274 302/3/279 293/3/304 292/3/305
f 307/3/222 304/3/274 292/3/305 291/3/306
f 310/3/223 307/3/222 291/3/306 290/3/300
f 308/3/295 306/3/278 296/3/302 295/3/307
f 299/3/285 308/3/295 295/3/307 294/3/303
f 296/3/302 324/3/308 323/3/309 295/3/307
f 285/3/299 313/3/310 312/3/311 284/3/287
f 291/3/306 319/3/312 318/3/313 290/3/300
f 295/3/307 323/3/309 322/3/314 294/3/303
f 290/3/300 318/3/313 317/3/315 289/3/293
f 312/3/311 328/3/316 327/3/317 311/3/318
f 294/3/303 322/3/314 321/3/319 293/3/304
f 289/3/293 317/3/315 316/3/320 288/3/294
f 283/3/288 311/3/318 326/3/321 298/3/297
f 293/3/304 321/3/319 320/3/322 292/3/305
f 288/3/294 316/3/320 315/3/323 287/3/296
f 298/3/297 326/3/321 325/3/324 297/3/301
f 287/3/296 315/3/323 314/3/325 286/3/298
f 292/3/305 320/3/322 319/3/312 291/3/306
f 297/3/301 325/3/324 324/3/308 296/3/302
f 286/3/298 314/3/325 313/3/310 285/3/299
f 311/3/318 327/3/317 342/3/326 326/3/321
f 322/3/314 338/3/327 337/3/328 321/3/319
f 316/3/320 332/3/329 331/3/330 315/3/323
f 326/3/321 342/3/326 341/3/331 325/3/324
f 321/3/319 337/3/328 336/3/332 320/3/322
f 315/3/323 331/3/330 330/3/333 314/3/325
f 325/3/324 341/3/331 340/3/334 324/3/308
f 314/3/325 330/3/333 329/3/335 313/3/310
f 320/3/322 336/3/332 335/3/336 319/3/312
f 324/3/308 340/3/334 339/3/337 323/3/309
f 313/3/310 329/3/335 328/3/316 312/3/311
f 319/3/312 335/3/336 334/3/338 318/3/313
f 323/3/309 339/3/337 338/3/327 322/3/314
f 318/3/313 334/3/338 333/3/339 317/3/315
f 344/3/340 360/3/341 359/3/342 343/3/343
f 317/3/315 333/3/339 332/3/329 316/3/320
f 338/3/327 339/3/337 355/3/344 354/3/345
f 327/3/317 328/3/316 344/3/340 343/3/343
f 332/3/329 333/3/339 349/3/346 348/3/347
f 337/3/328 338/3/327 354/3/345 353/3/348
f 331/3/330 332/3/329 348/3/347 347/3/349
f 341/3/331 342/3/326 358/3/350 357/3/351
f 336/3/332 337/3/328 353/3/348 352/3/352
f 330/3/333 331/3/330 347/3/349 346/3/353
f 340/3/334 341/3/331 357/3/351 356/3/354
f 335/3/336 336/3/332 352/3/352 351/3/355
f 329/3/335 330/3/333 346/3/353 345/3/356
f 339/3/337 340/3/334 356/3/354 355/3/344
f 328/3/316 329/3/335 345/3/356 344/3/340
f 334/3/338 335/3/336 351/3/355 350/3/357
f 333/3/339 334/3/338 350/3/357 349/3/346
f 342/3/326 327/3/317 343/3/343 358/3/350
f 355/3/344 371/3/358 370/3/359 354/3/345
f 349/3/346 365/3/360 364/3/361 348/3/347
f 343/3/343 359/3/342 374/3/362 358/3/350
f 354/3/345 370/3/359 369/3/363 353/3/348
f 348/3/347 364/3/361 363/3/364 347/3/349
f 358/3/350 374/3/362 373/3/365 357/3/351
f 353/3/348 369/3/363 368/3/366 352/3/352
f 347/3/349 363/3/364 362/3/367 346/3/353
f 357/3/351 373/3/365 372/3/368 356/3/354
f 346/3/353 362/3/367 361/3/369 345/3/356
f 352/3/352 368/3/366 367/3/370 351/3/355
f 356/3/354 372/3/368 371/3/358 355/3/344
f 345/3/356 361/3/369 360/3/341 344/3/340
f 351/3/355 367/3/370 366/3/371 350/3/357
f 350/3/357 366/3/371 365/3/360 349/3/346
f 371/3/358 372/3/368 388/3/289 387/3/256
f 360/3/341 361/3/369 377/3/372 376/3/264
f 365/3/360 366/3/371 382/3/291 381/3/268
f 370/3/359 371/3/358 387/3/256 386/3/245
f 359/3/342 360/3/341 376/3/264 375/3/233
f 364/3/361 365/3/360 381/3/268 380/3/259
f 374/3/362 359/3/342 375/3/233 390/3/232
f 369/3/363 370/3/359 386/3/245 385/3/244
f 363/3/364 364/3/361 380/3/259 379/3/258
f 373/3/365 374/3/362 390/3/232 389/3/266
f 368/3/366 369/3/363 385/3/244 384/3/270
f 362/3/367 363/3/364 379/3/258 378/3/373
f 372/3/368 373/3/365 389/3/266 388/3/289
f 367/3/370 368/3/366 384/3/270 383/3/272
f 361/3/369 362/3/367 378/3/373 377/3/372
f 366/3/371 367/3/370 383/3/272 382/3/291
f 377/3/372 378/3/373 393/3/374 392/3/375
f 376/3/264 377/3/372 392/3/375 391/3/265
f 378/3/373 379/3/258 394/3/261 393/3/374
f 393/3/374 394/3/261 401/3/237 400/3/236
f 416/3/273 414/3/271 406/3/252 405/3/201
f 396/3/257 415/3/290 410/3/248 409/3/376
f 417/3/292 416/3/273 405/3/201 404/3/200
f 395/3/269 417/3/292 404/3/200 403/3/377
f 414/3/271 420/3/247 407/3/253 406/3/252
f 392/3/375 393/3/374 400/3/236 399/3/378
f 415/3/290 413/3/267 411/3/249 410/3/248
f 418/3/246 396/3/257 409/3/376 408/3/379
f 391/3/265 392/3/375 399/3/378 398/3/380
f 420/3/247 418/3/246 408/3/379 407/3/253
f 419/3/234 391/3/265 398/3/380 397/3/241
f 422/3/235 419/3/234 397/3/241 412/3/240
f 421/3/260 395/3/269 403/3/377 402/3/262
f 284/3/287 312/3/311 311/3/318 283/3/288
f 394/3/261 421/3/260 402/3/262 401/3/237
f 399/3/378 400/3/236 424/3/239 423/3/381
f 408/3/379 409/3/376 429/3/382 428/3/383
f 402/3/262 403/3/377 426/3/384 425/3/263
f 407/3/253 408/3/379 428/3/383 427/3/254
f 438/3/233 437/3/232 451/3/203 452/3/202
f 426/3/384 436/3/266 435/3/289 425/3/263
f 425/3/263 435/3/289 434/3/256 447/3/238
f 434/3/256 433/3/245 424/3/239 447/3/238
f 449/3/251 448/3/250 444/3/268 443/3/259
f 443/3/259 442/3/258 429/3/382 449/3/251
f 413/3/267 422/3/235 412/3/240 411/3/249
f 448/3/250 446/3/243 445/3/385 444/3/268
f 428/3/383 429/3/382 442/3/258 441/3/373
f 241/3/188 242/3/184 258/3/216 257/3/211
f 446/3/243 450/3/242 430/3/272 445/3/385
f 427/3/254 440/3/372 439/3/386 453/3/255
f 428/3/383 441/3/373 440/3/372 427/3/254
f 439/3/386 438/3/233 452/3/202 453/3/255
f 423/3/381 424/3/239 433/3/245 432/3/244
f 431/3/270 430/3/272 450/3/242 454/3/387
f 397/3/241 398/3/380 454/3/387 450/3/242
f 437/3/232 436/3/266 426/3/384 451/3/203
f 403/3/377 404/3/200 451/3/203 426/3/384
f 398/3/380 399/3/378 423/3/381 454/3/387
f 409/3/376 410/3/248 449/3/251 429/3/382
f 454/3/387 423/3/381 432/3/244 431/3/270
f 193/3/141 209/3/140 210/3/160 194/3/161
f 445/3/385 430/3/272 431/3/270 432/3/244 433/3/245 434/3/256 435/3/289 436/3/266 437/3/232 438/3/233 439/3/386 440/3/372 441/3/373 442/3/258 443/3/259 444/3/268
f 471/4/388 473/5/78 465/6/389 464/7/390
f 484/8/391 479/9/392 482/10/393 504/11/394
f 463/12/392 477/13/395 486/14/396 487/15/397
f 480/16/398 469/17/399 468/18/400 481/19/401
f 472/20/388 471/4/388 484/8/391 483/21/402
f 479/9/392 464/7/390 465/22/389 482/23/393
f 469/24/399 474/25/78 472/20/388 468/18/400
f 481/19/401 483/21/402 503/26/403 480/27/398
f 489/28/10 485/29/404 478/30/395 467/31/401
f 474/25/78 473/5/78 471/4/388 472/20/388
f 501/32/401 502/33/392 506/34/405 505/35/406
f 486/14/396 485/29/404 497/36/407 498/37/408
f 483/21/402 484/8/391 502/33/392 501/32/401
f 463/12/392 487/15/397 490/38/80 466/39/405
f 470/40/406 488/41/76 489/28/10 467/31/401
f 494/42/409 499/43/410 491/44/390 495/45/400
f 487/15/397 493/46/390 496/47/411 490/38/80
f 475/48/75 477/13/395 463/12/392 466/49/405
f 467/31/401 478/30/395 476/50/75 470/51/406
f 492/52/400 486/14/396 498/37/408 500/53/412
f 485/29/404 491/44/390 499/54/410 497/36/407
f 478/30/395 477/13/395 475/48/75 476/50/75
f 500/55/412 496/56/411 493/46/390 492/52/400
f 488/41/76 494/57/409 495/45/400 489/28/10
f 485/29/404 486/14/396 477/13/395 478/30/395
f 483/21/402 501/32/401 505/58/406 503/26/403
f 472/20/388 483/21/402 481/19/401 468/18/400
f 502/33/392 484/8/391 504/11/394 506/59/405
f 495/45/400 491/44/390 485/29/404 489/28/10
f 486/14/396 492/52/400 493/46/390 487/15/397
f 523/60/392 508/61/390 509/62/389 526/63/393
f 528/64/391 523/60/392 526/65/393 548/66/394
f 522/67/395 529/68/404 530/69/396 521/70/395
f 524/71/398 513/72/399 512/73/400 525/74/401
f 513/75/399 518/76/78 516/77/388 512/73/400
f 507/78/392 531/79/397 534/80/80 510/81/405
f 514/82/406 532/83/76 533/84/10 511/85/401
f 533/84/10 529/68/404 522/67/395 511/85/401
f 525/74/401 527/86/402 547/87/403 524/88/398
f 532/83/76 538/89/409 539/90/400 533/84/10
f 530/69/396 529/68/404 541/91/407 542/92/408
f 538/93/409 543/94/410 535/95/390 539/90/400
f 531/79/397 537/96/390 540/97/411 534/80/80
f 536/98/400 530/69/396 542/92/408 544/99/412
f 529/68/404 535/95/390 543/100/410 541/91/407
f 544/101/412 540/102/411 537/96/390 536/98/400
f 519/103/75 521/70/395 507/78/392 510/104/405
f 530/69/396 536/98/400 537/96/390 531/79/397
f 539/90/400 535/95/390 529/68/404 533/84/10
f 521/70/395 530/69/396 531/79/397 507/78/392
f 522/67/395 521/70/395 519/103/75 520/105/75
f 511/85/401 522/67/395 520/105/75 514/106/406
f 545/107/401 546/108/392 550/109/405 549/110/406
f 527/86/402 545/107/401 549/111/406 547/87/403
f 527/86/402 528/64/391 546/108/392 545/107/401
f 516/77/388 515/112/388 528/64/391 527/86/402
f 512/73/400 516/77/388 527/86/402 525/74/401
f 528/64/391 515/112/388 508/61/390 523/60/392
f 518/76/78 517/113/78 515/112/388 516/77/388
f 515/112/388 517/113/78 509/114/389 508/61/390
f 546/108/392 528/64/391 548/66/394 550/115/405
f 484/8/391 471/4/388 464/7/390 479/9/392
f 579/3/413 563/3/414 552/3/415 569/3/416
f 565/3/417 566/3/418 551/3/419 554/3/420
f 581/3/421 565/3/417 554/3/420 573/3/422
f 569/3/416 552/3/415 553/3/423 574/3/424
f 571/3/425 557/3/426 556/3/427 568/3/428
f 556/3/427 557/3/426 561/3/429 560/3/430
f 568/3/428 556/3/427 560/3/430 575/3/431
f 558/3/432 555/3/433 559/3/434 562/3/435
f 572/3/425 558/3/432 562/3/435 577/3/421
f 561/3/429 564/3/436 563/3/414 560/3/430
f 577/3/421 581/3/421 610/3/421 608/3/421
f 576/3/437 584/3/438 586/3/439 580/3/440
f 566/3/418 580/3/440 570/3/441 551/3/419
f 609/3/442 579/3/413 569/3/416 604/3/443
f 564/3/436 582/3/421 574/3/424 553/3/423
f 610/3/421 581/3/421 573/3/422 606/3/444
f 604/3/443 569/3/416 574/3/424 606/3/444
f 558/3/432 572/3/425 567/3/445 555/3/433
f 605/3/425 571/3/425 568/3/428 603/3/446
f 570/3/441 604/3/443 606/3/444 573/3/422
f 555/3/433 567/3/445 576/3/437 559/3/434
f 603/3/446 568/3/428 575/3/431 607/3/447
f 557/3/426 571/3/425 578/3/421 561/3/429
f 605/3/425 572/3/425 577/3/421 608/3/421
f 587/3/448 589/3/449 614/3/450 613/3/451
f 559/3/434 566/3/418 565/3/417 562/3/435
f 551/3/419 570/3/441 573/3/422 554/3/420
f 588/3/452 590/3/453 586/3/439 584/3/438
f 585/3/454 612/3/455 614/3/450 589/3/449
f 575/3/431 583/3/456 611/3/457 607/3/447
f 609/3/442 612/3/455 585/3/454 579/3/413
f 640/3/458 637/3/459 633/3/460
f 594/3/461 592/3/462 596/3/463 598/3/464
f 583/3/456 587/3/448 593/3/465 591/3/466
f 598/3/464 596/3/463 600/3/467 602/3/468
f 613/3/451 588/3/452 594/3/461 616/3/469
f 611/3/457 583/3/456 591/3/466 615/3/470
f 591/3/466 593/3/465 597/3/471 595/3/472
f 595/3/472 597/3/471 601/3/473 599/3/474
f 616/3/469 594/3/461 598/3/464 618/3/475
f 615/3/470 591/3/466 595/3/472 617/3/476
f 612/3/455 586/3/439 590/3/453 614/3/450
f 618/3/475 598/3/464 602/3/468 620/3/477
f 617/3/476 595/3/472 599/3/474 619/3/478
f 608/3/421 610/3/421 582/3/421 578/3/421
f 580/3/440 586/3/439 612/3/455 609/3/442
f 580/3/440 609/3/442 604/3/443 570/3/441
f 582/3/421 610/3/421 606/3/444 574/3/424
f 572/3/425 605/3/425 603/3/446 567/3/445
f 567/3/445 603/3/446 607/3/447 576/3/437
f 571/3/425 605/3/425 608/3/421 578/3/421
f 613/3/451 614/3/450 590/3/453 588/3/452
f 607/3/447 611/3/457 584/3/438 576/3/437
f 588/3/452 584/3/438 592/3/462 594/3/461
f 587/3/448 613/3/451 616/3/469 593/3/465
f 584/3/438 611/3/457 615/3/470 592/3/462
f 593/3/465 616/3/469 618/3/475 597/3/471
f 592/3/462 615/3/470 617/3/476 596/3/463
f 597/3/471 618/3/475 620/3/477 601/3/473
f 596/3/463 617/3/476 619/3/478 600/3/467
f 578/3/421 582/3/421 564/3/436 561/3/429
f 560/3/430 563/3/414 579/3/413 575/3/431
f 562/3/435 565/3/417 581/3/421 577/3/421
f 579/3/413 585/3/454 583/3/456 575/3/431
f 576/3/437 580/3/440 566/3/418 559/3/434
f 563/3/414 564/3/436 553/3/423 552/3/415
f 633/3/460 631/3/479 642/3/480 644/3/481
f 643/3/482 641/3/483 668/3/484 672/3/485
f 630/3/486 634/3/487 645/3/488 641/3/483
f 635/3/489 632/3/490 643/3/482 646/3/491
f 629/3/492 633/3/460 644/3/481 636/3/493
f 631/3/479 635/3/489 646/3/491 642/3/480
f 634/3/487 629/3/492 636/3/493 645/3/488
f 651/3/494 664/3/495 663/3/496 650/3/497
f 683/3/498 676/3/499 655/3/500 671/3/501
f 662/3/502 664/3/495 651/3/494 647/3/503
f 666/3/504 667/3/505 657/3/506 659/3/507
f 667/3/505 665/3/508 660/3/509 657/3/506
f 679/3/76 677/3/510 659/3/507 657/3/506
f 678/3/511 679/3/76 657/3/506 660/3/509
f 676/3/499 681/3/80 653/3/512 655/3/500
f 681/3/80 680/3/80 656/3/513 653/3/512
f 602/3/468 600/3/467 621/3/514 623/3/515
f 677/3/510 682/3/516 666/3/504 659/3/507
f 663/3/496 669/3/517 687/3/518 686/3/519
f 641/3/483 645/3/488 673/3/520 668/3/484
f 645/3/488 636/3/493 674/3/521 673/3/520
f 636/3/493 644/3/481 669/3/517 674/3/521
f 655/3/500 653/3/512 675/3/522 671/3/501
f 653/3/512 656/3/513 670/3/523 675/3/522
f 648/3/524 650/3/497 677/3/510 679/3/76
f 652/3/525 648/3/524 679/3/76 678/3/511
f 644/3/481 642/3/480 681/3/80 676/3/499
f 642/3/480 646/3/491 680/3/80 681/3/80
f 650/3/497 663/3/496 682/3/516 677/3/510
f 649/3/526 652/3/525 678/3/511 658/3/527
f 625/3/528 638/3/529 630/3/486 632/3/490
f 599/3/474 601/3/473 622/3/530 628/3/531
f 600/3/467 619/3/478 624/3/532 621/3/514
f 620/3/477 602/3/468 623/3/515 627/3/533
f 601/3/473 620/3/477 627/3/533 622/3/530
f 619/3/478 599/3/474 628/3/531 624/3/532
f 637/3/459 631/3/479 633/3/460
f 628/3/531 622/3/530 637/3/459 640/3/458
f 638/3/529 626/3/534 634/3/487 630/3/486
f 639/3/535 625/3/528 632/3/490 635/3/489
f 629/3/492 640/3/458 633/3/460
f 637/3/459 639/3/535 635/3/489 631/3/479
f 626/3/534 640/3/458 629/3/492 634/3/487
f 652/3/525 649/3/526 661/3/536 685/3/537
f 632/3/490 630/3/486 641/3/483 643/3/482
f 621/3/514 624/3/532 626/3/534 638/3/529
f 627/3/533 623/3/515 625/3/528 639/3/535
f 622/3/530 627/3/533 639/3/535 637/3/459
f 624/3/532 628/3/531 640/3/458 626/3/534
f 658/3/527 678/3/511 660/3/509
f 665/3/508 658/3/527 660/3/509
f 680/3/80 654/3/538 656/3/513
f 656/3/513 654/3/538 684/3/539 670/3/523
f 646/3/491 643/3/482 654/3/538 680/3/80
f 682/3/516 683/3/498 671/3/501 666/3/504
f 669/3/517 683/3/498 689/3/540 687/3/518
f 651/3/494 650/3/497 648/3/524 647/3/503
f 684/3/539 658/3/527 665/3/508 670/3/523
f 647/3/503 685/3/537 661/3/536 662/3/502
f 648/3/524 652/3/525 685/3/537 647/3/503
f 682/3/516 663/3/496 686/3/519 688/3/541
f 686/3/519 687/3/518 689/3/540 688/3/541
f 643/3/482 672/3/485 684/3/539 654/3/538
f 669/3/517 644/3/481 676/3/499 683/3/498
f 673/3/520 662/3/502 661/3/536 668/3/484
f 674/3/521 664/3/495 662/3/502 673/3/520
f 669/3/517 663/3/496 664/3/495 674/3/521
f 675/3/522 667/3/505 666/3/504 671/3/501
f 670/3/523 665/3/508 667/3/505 675/3/522
f 683/3/498 682/3/516 688/3/541 689/3/540
f 668/3/484 661/3/536 649/3/526 672/3/485
f 649/3/526 658/3/527 684/3/539 672/3/485
f 711/116/542 706/117/543 709/118/544 731/119/545
f 701/120/19 700/121/19 698/122/395 699/123/395
f 697/124/546 715/125/76 716/126/406 694/127/547
f 716/126/406 712/128/548 705/129/549 694/127/547
f 728/130/547 729/131/543 733/132/550 732/133/546
f 696/134/551 701/120/19 699/123/395 695/135/401
f 695/135/401 699/123/395 710/136/552 708/137/547
f 704/138/549 713/139/553 714/140/405 690/141/543
f 708/137/547 710/136/552 730/142/554 707/143/555
f 727/144/556 723/145/557 720/146/392 719/147/401
f 719/147/401 713/139/553 725/148/10 727/149/556
f 712/128/548 718/150/392 726/151/558 724/152/397
f 694/127/547 705/129/549 703/153/65 697/154/546
f 702/155/65 704/138/549 690/141/543 693/156/550
f 713/139/553 719/147/401 720/146/392 714/140/405
f 722/157/401 718/150/392 712/128/548 716/126/406
f 705/129/549 712/128/548 713/139/553 704/138/549
f 714/140/405 720/146/392 723/158/557 717/159/80
f 705/129/549 704/138/549 702/155/65 703/153/65
f 690/141/543 714/140/405 717/159/80 693/160/550
f 713/139/553 712/128/548 724/152/397 725/148/10
f 710/136/552 728/130/547 732/161/546 730/142/554
f 698/122/395 691/162/392 706/117/543 711/116/542
f 691/162/392 692/163/559 709/164/544 706/117/543
f 696/165/551 695/135/401 708/137/547 707/166/555
f 698/122/395 700/121/19 692/167/559 691/162/392
f 698/122/395 711/116/542 710/136/552 699/123/395
f 721/168/560 726/169/558 718/150/392 722/157/401
f 710/136/552 711/116/542 729/131/543 728/130/547
f 729/131/543 711/116/542 731/119/545 733/170/550
f 741/171/561 740/172/562 748/173/563 749/174/564
f 738/175/565 737/176/566 745/177/567 746/178/568
f 740/172/562 739/179/569 747/180/570 748/173/563
f 737/176/566 736/181/571 744/182/572 745/177/567
f 734/183/573 741/171/561 749/174/564 742/184/574
f 739/179/569 738/175/565 746/178/568 747/180/570
f 735/185/575 734/183/573 742/184/574 743/186/576
f 742/187/574 749/188/564 748/189/563 747/190/570 746/191/568 745/177/567 744/182/572 743/192/576
f 760/193/577 764/194/578 765/195/579 761/196/580
f 755/197/581 756/198/582 752/199/583 751/200/584
f 757/201/585 754/202/586 750/203/587 753/204/588
f 759/205/589 763/206/590 764/207/578 760/208/577
f 754/202/586 757/201/585 761/196/580 758/209/591
f 763/206/590 767/210/592 768/211/593 764/207/578
f 764/194/578 768/212/593 769/213/594 765/195/579
f 761/196/580 765/195/579 762/214/595 758/209/591
f 767/210/592 771/215/596 772/216/597 768/211/593
f 768/212/593 772/217/597 773/218/598 769/213/594
f 765/195/579 769/213/594 766/219/599 762/214/595
f 771/215/596 775/220/600 776/221/601 772/216/597
f 772/217/597 776/222/601 777/223/602 773/218/598
f 769/213/594 773/218/598 770/224/603 766/219/599
f 754/202/586 758/209/591 759/205/589 755/197/581
f 777/223/602 776/221/601 775/220/600 774/225/604
f 773/218/598 777/223/602 774/225/604 770/224/603
f 756/226/582 757/201/585 753/204/588 752/227/583
f 754/202/586 755/197/581 751/200/584 750/203/587
f 758/209/591 762/214/595 763/206/590 759/205/589
f 762/214/595 766/219/599 767/210/592 763/206/590
f 766/219/599 770/224/603 771/215/596 767/210/592
f 770/224/603 774/225/604 775/220/600 771/215/596
f 756/226/582 760/193/577 761/196/580 757/201/585
f 755/197/581 759/205/589 760/208/577 756/198/582
f 736/228/571 735/185/575 743/186/576 744/229/572
f 715/125/76 721/230/560 722/157/401 716/126/406
f 623/3/515 621/3/514 638/3/529 625/3/528
f 589/3/449 587/3/448 583/3/456 585/3/454
f 782/1/605 783/1/606 779/1/607 778/1/608
f 786/1/609 787/1/610 791/1/611 790/1/612
f 778/1/608 781/1/613 787/1/610 786/1/609
f 778/1/608 779/1/607 780/1/614 781/1/613
f 785/1/615 784/1/616 783/1/606 782/1/605
f 785/1/615 782/1/605 788/1/617 789/1/618
f 782/1/605 778/1/608 786/1/609 788/1/617
f 790/1/612 791/1/611 795/1/619 794/1/620
f 789/1/618 788/1/617 792/1/621 793/1/622
f 788/1/617 786/1/609 790/1/612 792/1/621
f 794/1/620 795/1/619 799/1/623 798/1/624
f 793/1/622 792/1/621 796/1/625 797/1/626
f 792/1/621 790/1/612 794/1/620 796/1/625
f 798/1/624 799/1/623 803/1/627 802/1/628
f 797/1/626 796/1/625 800/1/629 801/1/630
f 796/1/625 794/1/620 798/1/624 800/1/629
f 802/1/628 803/1/627 807/1/631 806/1/632
f 801/1/630 800/1/629 804/1/633 805/1/634
f 800/1/629 798/1/624 802/1/628 804/1/633
f 806/1/632 807/1/631 811/1/635 810/1/636
f 805/1/634 804/1/633 808/1/637 809/1/638
f 804/1/633 802/1/628 806/1/632 808/1/637
f 810/1/636 811/1/635 815/1/639 814/1/640
f 809/1/638 808/1/637 812/1/641 813/1/642
f 808/1/637 806/1/632 810/1/636 812/1/641
f 814/1/640 815/1/639 819/1/643 818/1/644
f 813/1/642 812/1/641 816/1/645 817/1/646
f 812/1/641 810/1/636 814/1/640 816/1/645
f 818/1/644 819/1/643 823/1/647 822/1/648
f 817/1/646 816/1/645 820/1/649 821/1/650
f 816/1/645 814/1/640 818/1/644 820/1/649
f 822/1/648 823/1/647 827/1/651 826/1/652
f 821/1/650 820/1/649 824/1/653 825/1/654
f 820/1/649 818/1/644 822/1/648 824/1/653
f 826/1/652 827/1/651 831/1/655 830/1/656
f 825/1/654 824/1/653 828/1/657 829/1/658
f 824/1/653 822/1/648 826/1/652 828/1/657
f 830/1/656 831/1/655 835/1/659 834/1/660
f 829/1/658 828/1/657 832/1/661 833/1/662
f 828/1/657 826/1/652 830/1/656 832/1/661
f 834/1/660 835/1/659 839/1/663 838/1/664
f 833/1/662 832/1/661 836/1/665 837/1/666
f 832/1/661 830/1/656 834/1/660 836/1/665
f 838/1/664 839/1/663 843/1/667 842/1/668
f 837/1/666 836/1/665 840/1/669 841/1/670
f 836/1/665 834/1/660 838/1/664 840/1/669
f 842/1/668 843/1/667 847/1/671 846/1/672
f 841/1/670 840/1/669 844/1/673 845/1/674
f 840/1/669 838/1/664 842/1/668 844/1/673
f 846/1/672 847/1/671 851/1/675 850/1/676
f 845/1/674 844/1/673 848/1/677 849/1/678
f 844/1/673 842/1/668 846/1/672 848/1/677
f 850/1/676 851/1/675 855/1/679 854/1/680
f 849/1/678 848/1/677 852/1/681 853/1/682
f 848/1/677 846/1/672 850/1/676 852/1/681
f 854/1/680 855/1/679 859/1/683 858/1/684
f 853/1/682 852/1/681 856/1/685 857/1/686
f 852/1/681 850/1/676 854/1/680 856/1/685
f 858/1/684 859/1/683 863/1/687 862/1/688
f 857/1/686 856/1/685 860/1/689 861/1/690
f 856/1/685 854/1/680 858/1/684 860/1/689
f 862/1/688 863/1/687 867/1/691 866/1/692
f 861/1/690 860/1/689 864/1/693 865/1/694
f 860/1/689 858/1/684 862/1/688 864/1/693
f 866/1/692 867/1/691 871/1/695 870/1/696
f 865/1/694 864/1/693 868/1/697 869/1/698
f 864/1/693 862/1/688 866/1/692 868/1/697
f 870/1/696 871/1/695 780/1/614 779/1/607
f 869/1/698 868/1/697 872/1/699 873/1/700
f 868/1/697 866/1/692 870/1/696 872/1/699
f 873/1/700 872/1/699 783/1/606 784/1/616
f 872/1/699 870/1/696 779/1/607 783/1/606
f 878/1/605 879/1/606 875/1/607 874/1/608
f 882/1/609 883/1/610 887/1/611 886/1/612
f 874/1/608 877/1/613 883/1/610 882/1/609
f 874/1/608 875/1/607 876/1/614 877/1/613
f 881/1/615 880/1/616 879/1/606 878/1/605
f 881/1/615 878/1/605 884/1/617 885/1/618
f 878/1/605 874/1/608 882/1/609 884/1/617
f 886/1/612 887/1/611 891/1/619 890/1/620
f 885/1/618 884/1/617 888/1/621 889/1/622
f 884/1/617 882/1/609 886/1/612 888/1/621
f 890/1/620 891/1/619 895/1/623 894/1/624
f 889/1/622 888/1/621 892/1/625 893/1/626
f 888/1/621 886/1/612 890/1/620 892/1/625
f 894/1/624 895/1/623 899/1/627 898/1/628
f 893/1/626 892/1/625 896/1/701 897/1/630
f 892/1/625 890/1/620 894/1/624 896/1/701
f 898/1/628 899/1/627 903/1/631 902/1/632
f 897/1/630 896/1/701 900/1/633 901/1/634
f 896/1/701 894/1/624 898/1/628 900/1/633
f 902/1/632 903/1/631 907/1/635 906/1/636
f 901/1/634 900/1/633 904/1/637 905/1/638
f 900/1/633 898/1/628 902/1/632 904/1/637
f 906/1/636 907/1/635 911/1/639 910/1/640
f 905/1/638 904/1/637 908/1/641 909/1/642
f 904/1/637 902/1/632 906/1/636 908/1/641
f 910/1/640 911/1/639 915/1/643 914/1/644
f 909/1/642 908/1/641 912/1/645 913/1/646
f 908/1/641 906/1/636 910/1/640 912/1/645
f 914/1/644 915/1/643 919/1/647 918/1/648
f 913/1/646 912/1/645 916/1/649 917/1/650
f 912/1/645 910/1/640 914/1/644 916/1/649
f 918/1/648 919/1/647 923/1/651 922/1/652
f 917/1/650 916/1/649 920/1/653 921/1/654
f 916/1/649 914/1/644 918/1/648 920/1/653
f 922/1/652 923/1/651 927/1/655 926/1/656
f 921/1/654 920/1/653 924/1/657 925/1/658
f 920/1/653 918/1/648 922/1/652 924/1/657
f 926/1/656 927/1/655 931/1/659 930/1/660
f 925/1/658 924/1/657 928/1/661 929/1/662
f 924/1/657 922/1/652 926/1/656 928/1/661
f 930/1/660 931/1/659 935/1/663 934/1/664
f 929/1/662 928/1/661 932/1/665 933/1/666
f 928/1/661 926/1/656 930/1/660 932/1/665
f 934/1/664 935/1/663 939/1/667 938/1/668
f 933/1/666 932/1/665 936/1/669 937/1/670
f 932/1/665 930/1/660 934/1/664 936/1/669
f 938/1/668 939/1/667 943/1/671 942/1/672
f 937/1/670 936/1/669 940/1/673 941/1/674
f 936/1/669 934/1/664 938/1/668 940/1/673
f 942/1/672 943/1/671 947/1/675 946/1/676
f 941/1/674 940/1/673 944/1/677 945/1/678
f 940/1/673 938/1/668 942/1/672 944/1/677
f 946/1/676 947/1/675 951/1/679 950/1/680
f 945/1/678 944/1/677 948/1/681 949/1/682
f 944/1/677 942/1/672 946/1/676 948/1/681
f 950/1/680 951/1/679 955/1/683 954/1/684
f 949/1/682 948/1/681 952/1/685 953/1/686
f 948/1/681 946/1/676 950/1/680 952/1/685
f 954/1/684 955/1/683 959/1/687 958/1/688
f 953/1/686 952/1/685 956/1/689 957/1/690
f 952/1/685 950/1/680 954/1/684 956/1/689
f 958/1/688 959/1/687 963/1/691 962/1/692
f 957/1/690 956/1/689 960/1/693 961/1/694
f 956/1/689 954/1/684 958/1/688 960/1/693
f 962/1/692 963/1/691 967/1/695 966/1/696
f 961/1/694 960/1/693 964/1/697 965/1/698
f 960/1/693 958/1/688 962/1/692 964/1/697
f 966/1/696 967/1/695 876/1/614 875/1/607
f 965/1/698 964/1/697 968/1/699 969/1/700
f 964/1/697 962/1/692 966/1/696 968/1/699
f 969/1/700 968/1/699 879/1/606 880/1/616
f 968/1/699 966/1/696 875/1/607 879/1/606
f 974/1/702 975/1/703 971/1/704 970/1/705
f 978/1/706 979/1/707 983/1/708 982/1/709
f 970/1/705 973/1/710 979/1/707 978/1/706
f 970/1/705 971/1/704 972/1/711 973/1/710
f 977/1/712 976/1/713 975/1/703 974/1/702
f 977/1/712 974/1/702 980/1/714 981/1/715
f 974/1/702 970/1/705 978/1/706 980/1/714
f 982/1/709 983/1/708 987/1/716 986/1/717
f 981/1/715 980/1/714 984/1/718 985/1/719
f 980/1/714 978/1/706 982/1/709 984/1/718
f 986/1/717 987/1/716 991/1/720 990/1/721
f 985/1/719 984/1/718 988/1/722 989/1/723
f 984/1/718 982/1/709 986/1/717 988/1/722
f 990/1/721 991/1/720 995/1/724 994/1/725
f 989/1/723 988/1/722 992/1/726 993/1/727
f 988/1/722 986/1/717 990/1/721 992/1/726
f 994/1/725 995/1/724 999/1/728 998/1/729
f 993/1/727 992/1/726 996/1/730 997/1/731
f 992/1/726 990/1/721 994/1/725 996/1/730
f 998/1/729 999/1/728 1003/1/732 1002/1/733
f 997/1/731 996/1/730 1000/1/734 1001/1/735
f 996/1/730 994/1/725 998/1/729 1000/1/734
f 1002/1/733 1003/1/732 1007/1/736 1006/1/737
f 1001/1/735 1000/1/734 1004/1/738 1005/1/739
f 1000/1/734 998/1/729 1002/1/733 1004/1/738
f 1006/1/737 1007/1/736 1011/1/740 1010/1/741
f 1005/1/739 1004/1/738 1008/1/742 1009/1/743
f 1004/1/738 1002/1/733 1006/1/737 1008/1/742
f 1010/1/741 1011/1/740 1015/1/744 1014/1/745
f 1009/1/743 1008/1/742 1012/1/746 1013/1/747
f 1008/1/742 1006/1/737 1010/1/741 1012/1/746
f 1014/1/745 1015/1/744 1019/1/748 1018/1/749
f 1013/1/747 1012/1/746 1016/1/750 1017/1/751
f 1012/1/746 1010/1/741 1014/1/745 1016/1/750
f 1018/1/749 1019/1/748 1023/1/752 1022/1/753
f 1017/1/751 1016/1/750 1020/1/754 1021/1/755
f 1016/1/750 1014/1/745 1018/1/749 1020/1/754
f 1022/1/753 1023/1/752 1027/1/756 1026/1/757
f 1021/1/755 1020/1/754 1024/1/758 1025/1/759
f 1020/1/754 1018/1/749 1022/1/753 1024/1/758
f 1026/1/757 1027/1/756 1031/1/760 1030/1/761
f 1025/1/759 1024/1/758 1028/1/762 1029/1/763
f 1024/1/758 1022/1/753 1026/1/757 1028/1/762
f 1030/1/761 1031/1/760 1035/1/764 1034/1/765
f 1029/1/763 1028/1/762 1032/1/766 1033/1/767
f 1028/1/762 1026/1/757 1030/1/761 1032/1/766
f 1034/1/765 1035/1/764 1039/1/768 1038/1/769
f 1033/1/767 1032/1/766 1036/1/770 1037/1/771
f 1032/1/766 1030/1/761 1034/1/765 1036/1/770
f 1038/1/769 1039/1/768 1043/1/772 1042/1/773
f 1037/1/771 1036/1/770 1040/1/774 1041/1/775
f 1036/1/770 1034/1/765 1038/1/769 1040/1/774
f 1042/1/773 1043/1/772 1047/1/776 1046/1/777
f 1041/1/775 1040/1/774 1044/1/778 1045/1/779
f 1040/1/774 1038/1/769 1042/1/773 1044/1/778
f 1046/1/777 1047/1/776 1051/1/780 1050/1/781
f 1045/1/779 1044/1/778 1048/1/782 1049/1/783
f 1044/1/778 1042/1/773 1046/1/777 1048/1/782
f 1050/1/781 1051/1/780 1055/1/784 1054/1/785
f 1049/1/783 1048/1/782 1052/1/786 1053/1/787
f 1048/1/782 1046/1/777 1050/1/781 1052/1/786
f 1054/1/785 1055/1/784 1059/1/788 1058/1/789
f 1053/1/787 1052/1/786 1056/1/790 1057/1/791
f 1052/1/786 1050/1/781 1054/1/785 1056/1/790
f 1058/1/789 1059/1/788 1063/1/792 1062/1/793
f 1057/1/791 1056/1/790 1060/1/794 1061/1/795
f 1056/1/790 1054/1/785 1058/1/789 1060/1/794
f 1062/1/793 1063/1/792 972/1/711 971/1/704
f 1061/1/795 1060/1/794 1064/1/796 1065/1/797
f 1060/1/794 1058/1/789 1062/1/793 1064/1/796
f 1065/1/797 1064/1/796 975/1/703 976/1/713
f 1064/1/796 1062/1/793 971/1/704 975/1/703
f 1094/3/798 1084/3/799 1067/3/800 1078/3/801
f 1080/3/802 1069/3/803 1066/3/804 1081/3/805
f 1096/3/806 1088/3/807 1069/3/803 1080/3/802
f 1084/3/799 1089/3/808 1068/3/809 1067/3/800
f 1086/3/810 1083/3/811 1071/3/812 1072/3/813
f 1071/3/812 1075/3/814 1076/3/815 1072/3/813
f 1083/3/811 1090/3/816 1075/3/814 1071/3/812
f 1073/3/817 1077/3/818 1074/3/819 1070/3/820
f 1087/3/810 1092/3/806 1077/3/818 1073/3/817
f 1076/3/815 1075/3/814 1078/3/801 1079/3/821
f 1092/3/806 1123/3/806 1125/3/806 1096/3/806
f 1091/3/822 1095/3/823 1101/3/824 1099/3/825
f 1081/3/805 1066/3/804 1085/3/826 1095/3/823
f 1124/3/827 1119/3/828 1084/3/799 1094/3/798
f 1079/3/821 1068/3/809 1089/3/808 1097/3/806
f 1125/3/806 1121/3/829 1088/3/807 1096/3/806
f 1119/3/828 1121/3/829 1089/3/808 1084/3/799
f 1073/3/817 1070/3/820 1082/3/830 1087/3/810
f 1120/3/810 1118/3/831 1083/3/811 1086/3/810
f 1085/3/826 1088/3/807 1121/3/829 1119/3/828
f 1070/3/820 1074/3/819 1091/3/822 1082/3/830
f 1118/3/831 1122/3/832 1090/3/816 1083/3/811
f 1072/3/813 1076/3/815 1093/3/806 1086/3/810
f 1120/3/810 1123/3/806 1092/3/806 1087/3/810
f 1102/3/833 1128/3/834 1129/3/835 1104/3/836
f 1074/3/819 1077/3/818 1080/3/802 1081/3/805
f 1066/3/804 1069/3/803 1088/3/807 1085/3/826
f 1103/3/837 1099/3/825 1101/3/824 1105/3/838
f 1100/3/839 1104/3/836 1129/3/835 1127/3/840
f 1090/3/816 1122/3/832 1126/3/841 1098/3/842
f 1124/3/827 1094/3/798 1100/3/839 1127/3/840
f 1155/3/843 1148/3/844 1152/3/845
f 1109/3/846 1113/3/847 1111/3/848 1107/3/849
f 1098/3/842 1106/3/850 1108/3/851 1102/3/833
f 1113/3/847 1117/3/852 1115/3/853 1111/3/848
f 1128/3/834 1131/3/854 1109/3/846 1103/3/837
f 1126/3/841 1130/3/855 1106/3/850 1098/3/842
f 1106/3/850 1110/3/856 1112/3/857 1108/3/851
f 1110/3/856 1114/3/858 1116/3/859 1112/3/857
f 1131/3/854 1133/3/860 1113/3/847 1109/3/846
f 1130/3/855 1132/3/861 1110/3/856 1106/3/850
f 1127/3/840 1129/3/835 1105/3/838 1101/3/824
f 1133/3/860 1135/3/862 1117/3/852 1113/3/847
f 1132/3/861 1134/3/863 1114/3/858 1110/3/856
f 1123/3/806 1093/3/806 1097/3/806 1125/3/806
f 1095/3/823 1124/3/827 1127/3/840 1101/3/824
f 1095/3/823 1085/3/826 1119/3/828 1124/3/827
f 1097/3/806 1089/3/808 1121/3/829 1125/3/806
f 1087/3/810 1082/3/830 1118/3/831 1120/3/810
f 1082/3/830 1091/3/822 1122/3/832 1118/3/831
f 1086/3/810 1093/3/806 1123/3/806 1120/3/810
f 1128/3/834 1103/3/837 1105/3/838 1129/3/835
f 1122/3/832 1091/3/822 1099/3/825 1126/3/841
f 1103/3/837 1109/3/846 1107/3/849 1099/3/825
f 1102/3/833 1108/3/851 1131/3/854 1128/3/834
f 1099/3/825 1107/3/849 1130/3/855 1126/3/841
f 1108/3/851 1112/3/857 1133/3/860 1131/3/854
f 1107/3/849 1111/3/848 1132/3/861 1130/3/855
f 1112/3/857 1116/3/859 1135/3/862 1133/3/860
f 1111/3/848 1115/3/853 1134/3/863 1132/3/861
f 1093/3/806 1076/3/815 1079/3/821 1097/3/806
f 1075/3/814 1090/3/816 1094/3/798 1078/3/801
f 1077/3/818 1092/3/806 1096/3/806 1080/3/802
f 1094/3/798 1090/3/816 1098/3/842 1100/3/839
f 1091/3/822 1074/3/819 1081/3/805 1095/3/823
f 1078/3/801 1067/3/800 1068/3/809 1079/3/821
f 1148/3/844 1159/3/864 1157/3/865 1146/3/866
f 1158/3/867 1187/3/868 1183/3/869 1156/3/870
f 1145/3/871 1156/3/870 1160/3/872 1149/3/873
f 1150/3/874 1161/3/875 1158/3/867 1147/3/876
f 1144/3/877 1151/3/878 1159/3/864 1148/3/844
f 1146/3/866 1157/3/865 1161/3/875 1150/3/874
f 1149/3/873 1160/3/872 1151/3/878 1144/3/877
f 1166/3/879 1165/3/880 1178/3/881 1179/3/882
f 1198/3/883 1186/3/884 1170/3/885 1191/3/886
f 1177/3/887 1162/3/888 1166/3/879 1179/3/882
f 1181/3/889 1174/3/507 1172/3/890 1182/3/891
f 1182/3/891 1172/3/890 1175/3/892 1180/3/893
f 1194/3/76 1172/3/890 1174/3/507 1192/3/894
f 1193/3/895 1175/3/892 1172/3/890 1194/3/76
f 1191/3/886 1170/3/885 1168/3/896 1196/3/80
f 1196/3/80 1168/3/896 1171/3/897 1195/3/80
f 1117/3/852 1138/3/898 1136/3/899 1115/3/853
f 1192/3/894 1174/3/507 1181/3/889 1197/3/900
f 1178/3/881 1201/3/901 1202/3/902 1184/3/903
f 1156/3/870 1183/3/869 1188/3/904 1160/3/872
f 1160/3/872 1188/3/904 1189/3/905 1151/3/878
f 1151/3/878 1189/3/905 1184/3/903 1159/3/864
f 1170/3/885 1186/3/884 1190/3/906 1168/3/896
f 1168/3/896 1190/3/906 1185/3/907 1171/3/897
f 1163/3/908 1194/3/76 1192/3/894 1165/3/880
f 1167/3/909 1193/3/895 1194/3/76 1163/3/908
f 1159/3/864 1191/3/886 1196/3/80 1157/3/865
f 1157/3/865 1196/3/80 1195/3/80 1161/3/875
f 1165/3/880 1192/3/894 1197/3/900 1178/3/881
f 1164/3/910 1173/3/911 1193/3/895 1167/3/909
f 1140/3/912 1147/3/876 1145/3/871 1153/3/913
f 1114/3/858 1143/3/914 1137/3/915 1116/3/859
f 1115/3/853 1136/3/899 1139/3/916 1134/3/863
f 1135/3/862 1142/3/917 1138/3/898 1117/3/852
f 1116/3/859 1137/3/915 1142/3/917 1135/3/862
f 1134/3/863 1139/3/916 1143/3/914 1114/3/858
f 1152/3/845 1148/3/844 1146/3/866
f 1143/3/914 1155/3/843 1152/3/845 1137/3/915
f 1153/3/913 1145/3/871 1149/3/873 1141/3/918
f 1154/3/919 1150/3/874 1147/3/876 1140/3/912
f 1144/3/877 1148/3/844 1155/3/843
f 1152/3/845 1146/3/866 1150/3/874 1154/3/919
f 1141/3/918 1149/3/873 1144/3/877 1155/3/843
f 1167/3/909 1200/3/920 1176/3/921 1164/3/910
f 1147/3/876 1158/3/867 1156/3/870 1145/3/871
f 1136/3/899 1153/3/913 1141/3/918 1139/3/916
f 1142/3/917 1154/3/919 1140/3/912 1138/3/898
f 1137/3/915 1152/3/845 1154/3/919 1142/3/917
f 1139/3/916 1141/3/918 1155/3/843 1143/3/914
f 1173/3/911 1175/3/892 1193/3/895
f 1180/3/893 1175/3/892 1173/3/911
f 1195/3/80 1171/3/897 1169/3/922
f 1171/3/897 1185/3/907 1199/3/923 1169/3/922
f 1161/3/875 1195/3/80 1169/3/922 1158/3/867
f 1197/3/900 1181/3/889 1186/3/884 1198/3/883
f 1184/3/903 1202/3/902 1204/3/924 1198/3/883
f 1166/3/879 1162/3/888 1163/3/908 1165/3/880
f 1199/3/923 1185/3/907 1180/3/893 1173/3/911
f 1162/3/888 1177/3/887 1176/3/921 1200/3/920
f 1163/3/908 1162/3/888 1200/3/920 1167/3/909
f 1197/3/900 1203/3/925 1201/3/901 1178/3/881
f 1201/3/901 1203/3/925 1204/3/924 1202/3/902
f 1158/3/867 1169/3/922 1199/3/923 1187/3/868
f 1184/3/903 1198/3/883 1191/3/886 1159/3/864
f 1188/3/904 1183/3/869 1176/3/921 1177/3/887
f 1189/3/905 1188/3/904 1177/3/887 1179/3/882
f 1184/3/903 1189/3/905 1179/3/882 1178/3/881
f 1190/3/906 1186/3/884 1181/3/889 1182/3/891
f 1185/3/907 1190/3/906 1182/3/891 1180/3/893
f 1198/3/883 1204/3/924 1203/3/925 1197/3/900
f 1183/3/869 1187/3/868 1164/3/910 1176/3/921
f 1164/3/910 1187/3/868 1199/3/923 1173/3/911
f 1226/231/926 1246/232/545 1224/233/544 1221/234/927
f 1216/235/19 1214/236/388 1213/237/388 1215/238/19
f 1212/239/546 1209/240/928 1231/241/408 1230/242/76
f 1231/241/408 1209/240/928 1220/243/929 1227/244/930
f 1243/245/928 1247/246/546 1248/247/550 1244/248/927
f 1211/249/551 1210/250/400 1214/236/388 1216/235/19
f 1210/250/400 1223/251/928 1225/252/931 1214/236/388
f 1219/253/929 1205/254/927 1229/255/407 1228/256/932
f 1223/251/928 1222/257/555 1245/258/554 1225/252/931
f 1242/259/556 1234/260/400 1235/261/390 1238/262/557
f 1234/260/400 1242/263/556 1240/264/10 1228/256/932
f 1227/244/930 1239/265/397 1241/266/558 1233/267/390
f 1209/240/928 1212/268/546 1218/269/65 1220/243/929
f 1217/270/65 1208/271/550 1205/254/927 1219/253/929
f 1228/256/932 1229/255/407 1235/261/390 1234/260/400
f 1237/272/400 1231/241/408 1227/244/930 1233/267/390
f 1220/243/929 1219/253/929 1228/256/932 1227/244/930
f 1229/255/407 1232/273/80 1238/274/557 1235/261/390
f 1220/243/929 1218/269/65 1217/270/65 1219/253/929
f 1205/254/927 1208/275/550 1232/273/80 1229/255/407
f 1228/256/932 1240/264/10 1239/265/397 1227/244/930
f 1225/252/931 1245/258/554 1247/276/546 1243/245/928
f 1213/237/388 1226/231/926 1221/234/927 1206/277/390
f 1206/277/390 1221/234/927 1224/278/544 1207/279/559
f 1211/280/551 1222/281/555 1223/251/928 1210/250/400
f 1213/237/388 1206/277/390 1207/282/559 1215/238/19
f 1213/237/388 1214/236/388 1225/252/931 1226/231/926
f 1236/283/560 1237/272/400 1233/267/390 1241/284/558
f 1225/252/931 1243/245/928 1244/248/927 1226/231/926
f 1244/248/927 1248/285/550 1246/232/545 1226/231/926
f 1256/286/933 1264/287/934 1263/288/935 1255/289/936
f 1253/290/937 1261/291/938 1260/292/939 1252/293/940
f 1255/289/936 1263/288/935 1262/294/941 1254/295/942
f 1252/293/940 1260/292/939 1259/296/943 1251/297/944
f 1249/298/945 1257/299/946 1264/287/934 1256/286/933
f 1254/295/942 1262/294/941 1261/291/938 1253/290/937
f 1250/300/947 1258/301/948 1257/299/946 1249/298/945
f 1257/299/946 1258/301/948 1259/302/943 1260/303/939 1261/304/938 1262/305/941 1263/306/935 1264/307/934
f 1275/308/949 1276/309/950 1280/310/951 1279/311/952
f 1270/312/953 1266/313/954 1267/314/955 1271/315/956
f 1272/316/957 1268/317/958 1265/318/959 1269/319/960
f 1274/320/961 1275/308/949 1279/311/952 1278/321/962
f 1269/319/960 1273/322/963 1276/309/950 1272/316/957
f 1278/321/962 1279/311/952 1283/323/964 1282/324/965
f 1279/311/952 1280/310/951 1284/325/966 1283/323/964
f 1276/309/950 1273/322/963 1277/326/967 1280/310/951
f 1282/324/965 1283/323/964 1287/327/968 1286/328/969
f 1283/323/964 1284/325/966 1288/329/970 1287/327/968
f 1280/310/951 1277/326/967 1281/330/971 1284/325/966
f 1286/328/969 1287/327/968 1291/331/972 1290/332/973
f 1287/327/968 1288/329/970 1292/333/974 1291/331/972
f 1284/325/966 1281/330/971 1285/334/975 1288/329/970
f 1269/319/960 1270/335/953 1274/336/961 1273/322/963
f 1292/333/974 1289/337/976 1290/338/973 1291/339/972
f 1288/329/970 1285/334/975 1289/337/976 1292/333/974
f 1271/315/956 1267/314/955 1268/317/958 1272/316/957
f 1269/319/960 1265/318/959 1266/340/954 1270/335/953
f 1273/322/963 1274/336/961 1278/341/962 1277/326/967
f 1277/326/967 1278/341/962 1282/342/965 1281/330/971
f 1281/330/971 1282/342/965 1286/343/969 1285/334/975
f 1285/334/975 1286/343/969 1290/344/973 1289/337/976
f 1271/315/956 1272/316/957 1276/309/950 1275/308/949
f 1270/312/953 1271/315/956 1275/308/949 1274/320/961
f 1251/297/944 1259/296/943 1258/345/948 1250/346/947
f 1230/242/76 1231/241/408 1237/272/400 1236/347/560
f 1138/3/898 1140/3/912 1153/3/913 1136/3/899
f 1104/3/836 1100/3/839 1098/3/842 1102/3/833
f 1297/1/977 1293/1/978 1294/1/979 1298/1/980
f 1301/1/981 1305/1/982 1306/1/983 1302/1/984
f 1293/1/978 1301/1/981 1302/1/984 1296/1/985
f 1293/1/978 1296/1/985 1295/1/986 1294/1/979
f 1300/1/987 1297/1/977 1298/1/980 1299/1/988
f 1300/1/987 1304/1/989 1303/1/990 1297/1/977
f 1297/1/977 1303/1/990 1301/1/981 1293/1/978
f 1305/1/982 1309/1/991 1310/1/992 1306/1/983
f 1304/1/989 1308/1/993 1307/1/994 1303/1/990
f 1303/1/990 1307/1/994 1305/1/982 1301/1/981
f 1309/1/991 1313/1/995 1314/1/996 1310/1/992
f 1308/1/993 1312/1/997 1311/1/998 1307/1/994
f 1307/1/994 1311/1/998 1309/1/991 1305/1/982
f 1313/1/995 1317/1/999 1318/1/1000 1314/1/996
f 1312/1/997 1316/1/1001 1315/1/1002 1311/1/998
f 1311/1/998 1315/1/1002 1313/1/995 1309/1/991
f 1317/1/999 1321/1/1003 1322/1/1004 1318/1/1000
f 1316/1/1001 1320/1/1005 1319/1/1006 1315/1/1002
f 1315/1/1002 1319/1/1006 1317/1/999 1313/1/995
f 1321/1/1003 1325/1/1007 1326/1/1008 1322/1/1004
f 1320/1/1005 1324/1/1009 1323/1/1010 1319/1/1006
f 1319/1/1006 1323/1/1010 1321/1/1003 1317/1/999
f 1325/1/1007 1329/1/1011 1330/1/1012 1326/1/1008
f 1324/1/1009 1328/1/1013 1327/1/1014 1323/1/1010
f 1323/1/1010 1327/1/1014 1325/1/1007 1321/1/1003
f 1329/1/1011 1333/1/1015 1334/1/1016 1330/1/1012
f 1328/1/1013 1332/1/1017 1331/1/1018 1327/1/1014
f 1327/1/1014 1331/1/1018 1329/1/1011 1325/1/1007
f 1333/1/1015 1337/1/1019 1338/1/1020 1334/1/1016
f 1332/1/1017 1336/1/1021 1335/1/1022 1331/1/1018
f 1331/1/1018 1335/1/1022 1333/1/1015 1329/1/1011
f 1337/1/1019 1341/1/1023 1342/1/1024 1338/1/1020
f 1336/1/1021 1340/1/1025 1339/1/1026 1335/1/1022
f 1335/1/1022 1339/1/1026 1337/1/1019 1333/1/1015
f 1341/1/1023 1345/1/1027 1346/1/1028 1342/1/1024
f 1340/1/1025 1344/1/1029 1343/1/1030 1339/1/1026
f 1339/1/1026 1343/1/1030 1341/1/1023 1337/1/1019
f 1345/1/1027 1349/1/1031 1350/1/1032 1346/1/1028
f 1344/1/1029 1348/1/1033 1347/1/1034 1343/1/1030
f 1343/1/1030 1347/1/1034 1345/1/1027 1341/1/1023
f 1349/1/1031 1353/1/1035 1354/1/1036 1350/1/1032
f 1348/1/1033 1352/1/1037 1351/1/1038 1347/1/1034
f 1347/1/1034 1351/1/1038 1349/1/1031 1345/1/1027
f 1353/1/1035 1357/1/1039 1358/1/1040 1354/1/1036
f 1352/1/1037 1356/1/1041 1355/1/1042 1351/1/1038
f 1351/1/1038 1355/1/1042 1353/1/1035 1349/1/1031
f 1357/1/1039 1361/1/1043 1362/1/1044 1358/1/1040
f 1356/1/1041 1360/1/1045 1359/1/1046 1355/1/1042
f 1355/1/1042 1359/1/1046 1357/1/1039 1353/1/1035
f 1361/1/1043 1365/1/1047 1366/1/1048 1362/1/1044
f 1360/1/1045 1364/1/1049 1363/1/1050 1359/1/1046
f 1359/1/1046 1363/1/1050 1361/1/1043 1357/1/1039
f 1365/1/1047 1369/1/1051 1370/1/1052 1366/1/1048
f 1364/1/1049 1368/1/1053 1367/1/1054 1363/1/1050
f 1363/1/1050 1367/1/1054 1365/1/1047 1361/1/1043
f 1369/1/1051 1373/1/1055 1374/1/1056 1370/1/1052
f 1368/1/1053 1372/1/1057 1371/1/1058 1367/1/1054
f 1367/1/1054 1371/1/1058 1369/1/1051 1365/1/1047
f 1373/1/1055 1377/1/1059 1378/1/1060 1374/1/1056
f 1372/1/1057 1376/1/1061 1375/1/1062 1371/1/1058
f 1371/1/1058 1375/1/1062 1373/1/1055 1369/1/1051
f 1377/1/1059 1381/1/1063 1382/1/1064 1378/1/1060
f 1376/1/1061 1380/1/1065 1379/1/1066 1375/1/1062
f 1375/1/1062 1379/1/1066 1377/1/1059 1373/1/1055
f 1381/1/1063 1385/1/1067 1386/1/1068 1382/1/1064
f 1380/1/1065 1384/1/1069 1383/1/1070 1379/1/1066
f 1379/1/1066 1383/1/1070 1381/1/1063 1377/1/1059
f 1385/1/1067 1294/1/979 1295/1/986 1386/1/1068
f 1384/1/1069 1388/1/1071 1387/1/1072 1383/1/1070
f 1383/1/1070 1387/1/1072 1385/1/1067 1381/1/1063
f 1388/1/1071 1299/1/988 1298/1/980 1387/1/1072
f 1387/1/1072 1298/1/980 1294/1/979 1385/1/1067
f 1393/1/977 1389/1/978 1390/1/979 1394/1/980
f 1397/1/981 1401/1/982 1402/1/983 1398/1/984
f 1389/1/978 1397/1/981 1398/1/984 1392/1/985
f 1389/1/978 1392/1/985 1391/1/986 1390/1/979
f 1396/1/987 1393/1/977 1394/1/980 1395/1/988
f 1396/1/987 1400/1/989 1399/1/990 1393/1/977
f 1393/1/977 1399/1/990 1397/1/981 1389/1/978
f 1401/1/982 1405/1/991 1406/1/992 1402/1/983
f 1400/1/989 1404/1/993 1403/1/994 1399/1/990
f 1399/1/990 1403/1/994 1401/1/982 1397/1/981
f 1405/1/991 1409/1/995 1410/1/996 1406/1/992
f 1404/1/993 1408/1/997 1407/1/998 1403/1/994
f 1403/1/994 1407/1/998 1405/1/991 1401/1/982
f 1409/1/995 1413/1/999 1414/1/1000 1410/1/996
f 1408/1/997 1412/1/1001 1411/1/1002 1407/1/998
f 1407/1/998 1411/1/1002 1409/1/995 1405/1/991
f 1413/1/999 1417/1/1003 1418/1/1004 1414/1/1000
f 1412/1/1001 1416/1/1005 1415/1/1006 1411/1/1002
f 1411/1/1002 1415/1/1006 1413/1/999 1409/1/995
f 1417/1/1003 1421/1/1007 1422/1/1008 1418/1/1004
f 1416/1/1005 1420/1/1009 1419/1/1010 1415/1/1006
f 1415/1/1006 1419/1/1010 1417/1/1003 1413/1/999
f 1421/1/1007 1425/1/1011 1426/1/1012 1422/1/1008
f 1420/1/1009 1424/1/1013 1423/1/1014 1419/1/1010
f 1419/1/1010 1423/1/1014 1421/1/1007 1417/1/1003
f 1425/1/1011 1429/1/1015 1430/1/1016 1426/1/1012
f 1424/1/1013 1428/1/1017 1427/1/1018 1423/1/1014
f 1423/1/1014 1427/1/1018 1425/1/1011 1421/1/1007
f 1429/1/1015 1433/1/1019 1434/1/1020 1430/1/1016
f 1428/1/1017 1432/1/1021 1431/1/1022 1427/1/1018
f 1427/1/1018 1431/1/1022 1429/1/1015 1425/1/1011
f 1433/1/1019 1437/1/1023 1438/1/1024 1434/1/1020
f 1432/1/1021 1436/1/1025 1435/1/1026 1431/1/1022
f 1431/1/1022 1435/1/1026 1433/1/1019 1429/1/1015
f 1437/1/1023 1441/1/1027 1442/1/1028 1438/1/1024
f 1436/1/1025 1440/1/1029 1439/1/1030 1435/1/1026
f 1435/1/1026 1439/1/1030 1437/1/1023 1433/1/1019
f 1441/1/1027 1445/1/1031 1446/1/1032 1442/1/1028
f 1440/1/1029 1444/1/1033 1443/1/1034 1439/1/1030
f 1439/1/1030 1443/1/1034 1441/1/1027 1437/1/1023
f 1445/1/1031 1449/1/1035 1450/1/1036 1446/1/1032
f 1444/1/1033 1448/1/1037 1447/1/1038 1443/1/1034
f 1443/1/1034 1447/1/1038 1445/1/1031 1441/1/1027
f 1449/1/1035 1453/1/1039 1454/1/1040 1450/1/1036
f 1448/1/1037 1452/1/1041 1451/1/1042 1447/1/1038
f 1447/1/1038 1451/1/1042 1449/1/1035 1445/1/1031
f 1453/1/1039 1457/1/1043 1458/1/1044 1454/1/1040
f 1452/1/1041 1456/1/1045 1455/1/1046 1451/1/1042
f 1451/1/1042 1455/1/1046 1453/1/1039 1449/1/1035
f 1457/1/1043 1461/1/1047 1462/1/1048 1458/1/1044
f 1456/1/1045 1460/1/1049 1459/1/1050 1455/1/1046
f 1455/1/1046 1459/1/1050 1457/1/1043 1453/1/1039
f 1461/1/1047 1465/1/1051 1466/1/1052 1462/1/1048
f 1460/1/1049 1464/1/1053 1463/1/1054 1459/1/1050
f 1459/1/1050 1463/1/1054 1461/1/1047 1457/1/1043
f 1465/1/1051 1469/1/1055 1470/1/1056 1466/1/1052
f 1464/1/1053 1468/1/1057 1467/1/1058 1463/1/1054
f 1463/1/1054 1467/1/1058 1465/1/1051 1461/1/1047
f 1469/1/1055 1473/1/1059 1474/1/1060 1470/1/1056
f 1468/1/1057 1472/1/1061 1471/1/1062 1467/1/1058
f 1467/1/1058 1471/1/1062 1469/1/1055 1465/1/1051
f 1473/1/1059 1477/1/1063 1478/1/1064 1474/1/1060
f 1472/1/1061 1476/1/1065 1475/1/1066 1471/1/1062
f 1471/1/1062 1475/1/1066 1473/1/1059 1469/1/1055
f 1477/1/1063 1481/1/1067 1482/1/1068 1478/1/1064
f 1476/1/1065 1480/1/1069 1479/1/1070 1475/1/1066
f 1475/1/1066 1479/1/1070 1477/1/1063 1473/1/1059
f 1481/1/1067 1390/1/979 1391/1/986 1482/1/1068
f 1480/1/1069 1484/1/1071 1483/1/1072 1479/1/1070
f 1479/1/1070 1483/1/1072 1481/1/1067 1477/1/1063
f 1484/1/1071 1395/1/988 1394/1/980 1483/1/1072
f 1483/1/1072 1394/1/980 1390/1/979 1481/1/1067
f 1489/1/1073 1485/1/1074 1486/1/1075 1490/1/1076
f 1493/1/1077 1497/1/1078 1498/1/1079 1494/1/1080
f 1485/1/1074 1493/1/1077 1494/1/1080 1488/1/1081
f 1485/1/1074 1488/1/1081 1487/1/1082 1486/1/1075
f 1492/1/1083 1489/1/1073 1490/1/1076 1491/1/1084
f 1492/1/1083 1496/1/1085 1495/1/1086 1489/1/1073
f 1489/1/1073 1495/1/1086 1493/1/1077 1485/1/1074
f 1497/1/1078 1501/1/1087 1502/1/1088 1498/1/1079
f 1496/1/1085 1500/1/1089 1499/1/1090 1495/1/1086
f 1495/1/1086 1499/1/1090 1497/1/1078 1493/1/1077
f 1501/1/1087 1505/1/1091 1506/1/1092 1502/1/1088
f 1500/1/1089 1504/1/1093 1503/1/1094 1499/1/1090
f 1499/1/1090 1503/1/1094 1501/1/1087 1497/1/1078
f 1505/1/1091 1509/1/1095 1510/1/1096 1506/1/1092
f 1504/1/1093 1508/1/1097 1507/1/1098 1503/1/1094
f 1503/1/1094 1507/1/1098 1505/1/1091 1501/1/1087
f 1509/1/1095 1513/1/1099 1514/1/1100 1510/1/1096
f 1508/1/1097 1512/1/1101 1511/1/1102 1507/1/1098
f 1507/1/1098 1511/1/1102 1509/1/1095 1505/1/1091
f 1513/1/1099 1517/1/1103 1518/1/1104 1514/1/1100
f 1512/1/1101 1516/1/1105 1515/1/1106 1511/1/1102
f 1511/1/1102 1515/1/1106 1513/1/1099 1509/1/1095
f 1517/1/1103 1521/1/1107 1522/1/1108 1518/1/1104
f 1516/1/1105 1520/1/1109 1519/1/1110 1515/1/1106
f 1515/1/1106 1519/1/1110 1517/1/1103 1513/1/1099
f 1521/1/1107 1525/1/1111 1526/1/1112 1522/1/1108
f 1520/1/1109 1524/1/1113 1523/1/1114 1519/1/1110
f 1519/1/1110 1523/1/1114 1521/1/1107 1517/1/1103
f 1525/1/1111 1529/1/1115 1530/1/1116 1526/1/1112
f 1524/1/1113 1528/1/1117 1527/1/1118 1523/1/1114
f 1523/1/1114 1527/1/1118 1525/1/1111 1521/1/1107
f 1529/1/1115 1533/1/1119 1534/1/1120 1530/1/1116
f 1528/1/1117 1532/1/1121 1531/1/1122 1527/1/1118
f 1527/1/1118 1531/1/1122 1529/1/1115 1525/1/1111
f 1533/1/1119 1537/1/1123 1538/1/1124 1534/1/1120
f 1532/1/1121 1536/1/1125 1535/1/1126 1531/1/1122
f 1531/1/1122 1535/1/1126 1533/1/1119 1529/1/1115
f 1537/1/1123 1541/1/1127 1542/1/1128 1538/1/1124
f 1536/1/1125 1540/1/1129 1539/1/1130 1535/1/1126
f 1535/1/1126 1539/1/1130 1537/1/1123 1533/1/1119
f 1541/1/1127 1545/1/1131 1546/1/1132 1542/1/1128
f 1540/1/1129 1544/1/1133 1543/1/1134 1539/1/1130
f 1539/1/1130 1543/1/1134 1541/1/1127 1537/1/1123
f 1545/1/1131 1549/1/1135 1550/1/1136 1546/1/1132
f 1544/1/1133 1548/1/1137 1547/1/1138 1543/1/1134
f 1543/1/1134 1547/1/1138 1545/1/1131 1541/1/1127
f 1549/1/1135 1553/1/1139 1554/1/1140 1550/1/1136
f 1548/1/1137 1552/1/1141 1551/1/1142 1547/1/1138
f 1547/1/1138 1551/1/1142 1549/1/1135 1545/1/1131
f 1553/1/1139 1557/1/1143 1558/1/1144 1554/1/1140
f 1552/1/1141 1556/1/1145 1555/1/1146 1551/1/1142
f 1551/1/1142 1555/1/1146 1553/1/1139 1549/1/1135
f 1557/1/1143 1561/1/1147 1562/1/1148 1558/1/1144
f 1556/1/1145 1560/1/1149 1559/1/1150 1555/1/1146
f 1555/1/1146 1559/1/1150 1557/1/1143 1553/1/1139
f 1561/1/1147 1565/1/1151 1566/1/1152 1562/1/1148
f 1560/1/1149 1564/1/1153 1563/1/1154 1559/1/1150
f 1559/1/1150 1563/1/1154 1561/1/1147 1557/1/1143
f 1565/1/1151 1569/1/1155 1570/1/1156 1566/1/1152
f 1564/1/1153 1568/1/1157 1567/1/1158 1563/1/1154
f 1563/1/1154 1567/1/1158 1565/1/1151 1561/1/1147
f 1569/1/1155 1573/1/1159 1574/1/1160 1570/1/1156
f 1568/1/1157 1572/1/1161 1571/1/1162 1567/1/1158
f 1567/1/1158 1571/1/1162 1569/1/1155 1565/1/1151
f 1573/1/1159 1577/1/1163 1578/1/1164 1574/1/1160
f 1572/1/1161 1576/1/1165 1575/1/1166 1571/1/1162
f 1571/1/1162 1575/1/1166 1573/1/1159 1569/1/1155
f 1577/1/1163 1486/1/1075 1487/1/1082 1578/1/1164
f 1576/1/1165 1580/1/1167 1579/1/1168 1575/1/1166
f 1575/1/1166 1579/1/1168 1577/1/1163 1573/1/1159
f 1580/1/1167 1491/1/1084 1490/1/1076 1579/1/1168
f 1579/1/1168 1490/1/1076 1486/1/1075 1577/1/1163
f 2175/348/76 1582/349/1169 1581/350/1170 2176/351/1171
f 1582/349/1169 1584/352/1172 1583/353/1173 1581/350/1170
f 1583/353/1173 1584/354/1172 1595/355/1174 1596/356/1175
f 1596/356/1175 1595/355/1174 1587/357/1176 1586/358/1177
f 2185/359/1178 2186/360/1179 1588/361/1180 1589/362/1181
f 1588/361/1180 1590/363/1182 1591/364/1183 1589/362/1181
f 2191/365/1184 1594/366/1185 1588/361/1180 2186/360/1179
f 1593/367/1186 1592/368/75 1591/369/1183 1590/363/1182
f 1585/370/1187 1594/366/1185 2191/365/1184 2181/371/1188
f 1594/366/1185 1593/367/1186 1590/363/1182 1588/361/1180
f 1586/358/1177 1593/367/1186 1594/366/1185 1585/370/1187
f 2195/372/1189 1597/373/1190 1585/370/1187 2181/371/1188
f 1581/350/1170 1597/373/1190 2195/372/1189 2176/351/1171
f 1581/350/1170 1583/353/1173 1596/356/1175 1597/373/1190
f 1604/374/1191 1603/375/1192 1611/376/1193 1612/377/1194
f 1616/378/78 1614/379/929 1610/380/1195 1602/381/78
f 1616/378/78 1617/382/78 1615/383/929 1614/379/929
f 1698/384/75 1633/385/75 1629/386/1196 1701/387/1196
f 1612/377/1194 1611/376/1193 1726/388/1197 1727/389/1198
f 1598/390/78 1599/391/408 1609/392/1199 1608/393/1200
f 1620/394/1201 1618/395/1202 1607/396/1203 1603/375/1192
f 1617/382/78 1598/390/78 1608/393/1200 1615/383/929
f 1723/397/1204 1604/374/1191 1612/377/1194 1727/389/1198
f 1607/396/1203 1606/398/1205 1600/399/1206 1601/400/1207
f 1723/401/1204 1750/402/76 1756/403/76 1729/404/1208
f 1599/391/408 1598/390/78 1622/405/78 1621/406/1209
f 1623/407/78 1622/405/78 1598/390/78 1617/382/78
f 1603/375/1192 1604/374/1191 1619/408/1210 1620/394/1201
f 1618/395/1202 1620/394/1201 1626/409/1196 1624/410/1211
f 1620/394/1201 1619/408/1210 1625/411/1212 1626/409/1196
f 1633/385/75 1635/412/75 1634/413/1213 1624/410/1211
f 1757/414/76 1758/415/546 1631/416/1214 1730/417/1215
f 1629/386/1196 1633/385/75 1624/410/1211 1626/409/1196
f 1703/418/1216 1704/419/1217 1722/420/1218 1721/421/1219
f 1680/422/1220 1932/423/1221 1905/424/1221 1705/425/1222
f 1726/426/1197 1725/427/65 1752/428/65 1753/429/1223
f 1940/430/75 1900/431/75 1929/432/75 1924/433/75
f 1698/384/75 1935/434/1224 1940/430/75 1702/435/75
f 1704/436/1217 1925/437/1225 1926/438/1226 1722/439/1218
f 1631/440/1214 1879/441/1227 1697/442/1228 1630/443/1229
f 1900/431/75 1903/444/1230 1645/445/75 1643/446/75
f 2598/447/1231 1677/448/1232 1679/449/1233 2600/450/1234
f 1879/441/1227 1927/451/1235 1934/452/1236 1697/442/1228
f 1641/453/75 1643/446/75 1654/454/75 1655/455/75
f 1697/442/1228 1934/452/1236 1939/456/1196 1701/387/1196
f 1642/457/1196 1644/458/1236 1657/459/1236 1656/460/1196
f 2591/461/1237 1649/462/1238 1648/463/1239 2594/464/1240
f 1683/465/1221 1708/466/1221 1709/467/1221 1684/468/1221
f 1658/469/75 1662/470/75 1665/471/1241 1661/472/1242
f 1663/473/1236 1674/474/1236 1672/475/1196 1664/476/1196
f 1668/477/75 1960/478/75 1959/479/1243 1665/471/1241
f 1674/474/1236 1675/480/1236 1673/481/1196 1672/475/1196
f 1695/482/1244 1719/483/1245 1720/484/1245 1696/485/1246
f 1959/479/1243 1960/478/75 1679/486/1233 1677/487/1232
f 1686/488/1221 1687/489/1221 1712/490/1221 1711/491/1221
f 1694/492/1247 1696/485/1246 1720/484/1245 1718/493/1245
f 1876/494/1235 1686/488/1221 1685/495/1248 1873/496/1249
f 1690/497/1250 1716/498/1245 1714/499/1251 1689/500/1252
f 1687/489/1221 1684/468/1221 1709/467/1221 1712/490/1221
f 1693/501/1253 1694/492/1247 1718/493/1245 1717/502/1245
f 1711/491/1221 1712/490/1221 1720/484/1245 1719/483/1245
f 1883/503/1254 1938/504/1255 1925/505/1225 1704/506/1217
f 1681/507/1221 1680/422/1220 1705/425/1222 1706/508/1221
f 1663/473/1236 1870/509/1235 1878/510/1235 1674/474/1236
f 1689/511/1252 1680/512/1220 1705/513/1222 1714/514/1251
f 1630/443/1229 1697/442/1228 1701/387/1196 1629/386/1196
f 1633/385/75 1698/384/75 1702/435/75 1635/412/75
f 1876/494/1235 1878/510/1235 1687/489/1221 1686/488/1221
f 1927/451/1235 1879/441/1227 1703/515/1216 1936/516/1221
f 1876/494/1235 1675/480/1236 1674/474/1236 1878/510/1235
f 1705/425/1222 1714/499/1251 1716/498/1245 1706/508/1221
f 1657/459/1236 1644/458/1236 1874/517/1235 1872/518/1235
f 1936/516/1221 1703/515/1216 1721/519/1219 1937/520/1221
f 1722/439/1218 1926/438/1226 1937/520/1221 1721/519/1219
f 1604/374/1191 1723/397/1204 1729/521/1208 1619/408/1210
f 1724/522/65 1600/399/1206 1613/523/1256 1728/524/1257
f 1611/376/1193 1601/400/1207 1725/525/65 1726/388/1197
f 1752/428/65 1725/427/65 1724/526/65 1751/527/65
f 1619/408/1210 1729/521/1208 1730/528/1215 1625/411/1212
f 1708/466/1221 1717/502/1245 1718/493/1245 1709/467/1221
f 1672/475/1196 1673/481/1196 1670/529/75 1669/530/75
f 1767/531/1258 1731/532/1259 1692/533/1259 1769/534/1258
f 1640/535/1196 1902/536/1236 1644/458/1236 1642/457/1196
f 1766/537/1260 1765/538/1258 1770/539/1261 1761/540/1262
f 1782/541/1263 1768/542/1264 1769/534/1258 1692/533/1259
f 1878/510/1235 1870/509/1235 1684/468/1221 1687/489/1221
f 1870/509/1235 1871/543/1235 1683/465/1221 1684/468/1221
f 1736/544/1265 2491/545/1266 2492/546/1267 1733/547/1268
f 1885/548/1269 1909/549/1270 1745/550/1271 1744/551/1272
f 1743/552/1273 1748/553/1274 1763/554/19 1762/555/19
f 1976/556/1275 1971/557/1276 2371/558/1276 2514/559/1277
f 1774/560/1278 1771/561/1261 1772/562/1279 1776/563/1280
f 1981/564/1281 1973/565/1281 1975/566/1282 1978/567/1283
f 1615/568/929 1752/428/65 1751/527/65 1614/569/929
f 1976/556/1275 1982/570/1284 1977/571/1285
f 1969/572/1286 1970/573/1287 1980/574/1287 1979/575/1286
f 1782/541/1263 2496/576/10 2391/577/19 1741/578/19
f 1723/401/1204 1727/579/1198 1754/580/1288 1750/402/76
f 1726/426/1197 1753/429/1223 1754/580/1288 1727/579/1198
f 1636/581/75 1639/582/1289 1638/583/1290 1637/584/1291
f 1753/429/1223 1608/585/1200 1609/392/1199 1754/580/1288
f 1753/429/1223 1752/428/65 1615/568/929 1608/585/1200
f 1776/586/1280 1772/587/1279 1739/588/19 1775/589/1292
f 1778/590/1293 1773/591/1294 1761/540/1262 1777/592/1295
f 2382/593/1296 2378/594/1297 2368/595/1298 2385/596/1299
f 1767/531/1258 1740/597/1261 1770/539/1261 1765/538/1258
f 1775/589/1292 1739/588/19 1741/578/19 1784/598/1300
f 1884/599/1301 1886/600/1302 1779/601/1303
f 1734/602/1259 2495/603/76 2493/604/76 1731/532/1259
f 1768/542/1264 1739/588/19 1772/587/1279
f 1769/534/1258 1768/542/1264 1772/562/1279 1771/561/1261
f 1733/547/1268 2492/546/1267 2495/603/76 1734/602/1259
f 1764/605/1304 1736/544/1265 1733/547/1268 1766/537/1260
f 1764/605/1304 1766/537/1260 1761/540/1262 1773/591/1294
f 1969/572/1286 1972/606/1305 2326/607/1305 2355/608/1286
f 1734/602/1259 1765/538/1258 1766/537/1260 1733/547/1268
f 1857/609/1306 1855/610/1307 1764/605/1304 1773/591/1294
f 1778/590/1293 1858/611/1308 1857/609/1306 1773/591/1294
f 1980/574/1287 1984/612/1309 1979/575/1286
f 2432/613/1310 2433/614/1311 1813/615/1312 1814/616/1313
f 2399/617/1314 2398/618/1315 1786/619/1316 1787/620/1317
f 2460/621/80 1840/622/1318 1791/623/1319 2403/624/1320
f 2401/625/1321 2400/626/1322 1788/627/1323 1789/628/1324
f 2401/625/1321 1789/628/1324 1790/629/1325 2402/630/1326
f 2397/631/1327 1785/632/1328 1813/615/1312 2433/614/1311
f 1839/633/1318 1790/629/1325 1797/634/1329 1841/635/1330
f 2399/617/1314 1787/620/1317 1788/627/1323 2400/626/1322
f 1788/627/1323 1795/636/1331 1796/637/1332 1789/628/1324
f 1789/628/1324 1796/637/1332 1797/634/1329 1790/629/1325
f 1814/616/1313 1816/638/1333 1793/639/1334 1786/619/1316
f 1841/635/1330 1843/640/1335 1844/641/1335 1842/642/1330
f 1786/619/1316 1793/639/1334 1794/643/1336 1787/620/1317
f 1795/636/1331 1794/643/1336 1801/644/1337 1802/645/1338
f 1788/627/1323 1787/620/1317 1794/643/1336 1795/636/1331
f 1795/636/1331 1802/645/1338 1803/646/1339 1796/637/1332
f 1815/647/1340 1792/648/1341 1799/649/1342 1817/650/1343
f 1813/615/1312 1785/632/1328 1792/648/1341 1815/647/1340
f 1843/640/1335 1804/651/1344 1811/652/1345 1845/653/1346
f 1816/638/1333 1818/654/1347 1800/655/1348 1793/639/1334
f 1802/645/1338 1809/656/1349 1810/657/1350 1803/646/1339
f 1793/639/1334 1800/655/1348 1801/644/1337 1794/643/1336
f 1803/646/1339 1810/657/1350 1811/652/1345 1804/651/1344
f 1818/654/1347 1820/658/1351 1807/659/1352 1800/655/1348
f 1815/647/1340 1817/650/1343 1818/654/1347 1816/638/1333
f 1800/655/1348 1807/659/1352 1808/660/1353 1801/644/1337
f 1802/645/1338 1801/644/1337 1808/660/1353 1809/656/1349
f 1817/650/1343 1799/649/1342 1806/661/1354 1819/662/1355
f 1845/653/1346 1811/652/1345 1826/663/1356 1847/664/1357
f 1809/656/1349 1824/665/1358 1825/666/1359 1810/657/1350
f 1810/657/1350 1825/666/1359 1826/663/1356 1811/652/1345
f 1820/658/1351 1829/667/1360 1822/668/1361 1807/659/1352
f 2402/630/1326 1790/629/1325 1839/633/1318 2461/669/80
f 1813/615/1312 1815/647/1340 1816/638/1333 1814/616/1313
f 1841/635/1330 1797/634/1329 1804/651/1344 1843/640/1335
f 1817/650/1343 1819/662/1355 1820/658/1351 1818/654/1347
f 1819/662/1355 1828/670/1362 1829/667/1360 1820/658/1351
f 1828/670/1362 1837/671/1363 1838/672/1364 1829/667/1360
f 1819/662/1355 1806/661/1354 1821/673/1365 1828/670/1362
f 1847/664/1357 1826/663/1356 1835/674/1366 1849/675/1367
f 1807/659/1352 1822/668/1361 1823/676/1368 1808/660/1353
f 1824/665/1358 1833/677/1369 1834/678/1370 1825/666/1359
f 1809/656/1349 1808/660/1353 1823/676/1368 1824/665/1358
f 1825/666/1359 1834/678/1370 1835/674/1366 1826/663/1356
f 1829/667/1360 1838/672/1364 1831/679/1371 1822/668/1361
f 1828/670/1362 1821/673/1365 1830/680/1372 1837/671/1363
f 1831/679/1371 1838/672/1364 1849/681/1367 1835/682/1366
f 1822/668/1361 1831/679/1371 1832/683/1373 1823/676/1368
f 1824/665/1358 1823/676/1368 1832/683/1373 1833/677/1369
f 1834/684/1370 1832/683/1373 1831/679/1371 1835/682/1366
f 2461/669/80 1839/633/1318 1840/622/1318 2460/621/80
f 1839/633/1318 1841/635/1330 1842/642/1330 1840/622/1318
f 1791/623/1319 1840/622/1318 1842/642/1330 1798/685/1374
f 1796/637/1332 1803/646/1339 1804/651/1344 1797/634/1329
f 1843/640/1335 1845/653/1346 1846/686/1346 1844/641/1335
f 1805/687/1375 1844/641/1335 1846/686/1346 1812/688/1376
f 1845/653/1346 1847/664/1357 1848/689/1357 1846/686/1346
f 1812/688/1376 1846/686/1346 1848/689/1357 1827/690/1377
f 1847/664/1357 1849/675/1367 1850/691/1378 1848/689/1357
f 1827/690/1377 1848/689/1357 1850/691/1378 1836/692/1379
f 1838/672/1364 1837/671/1363 1850/693/1378 1849/681/1367
f 1836/694/1379 1850/693/1378 1837/671/1363 1830/680/1372
f 1832/683/1373 1834/684/1370 1833/677/1369
f 1855/610/1307 1853/695/1380 1736/544/1265 1764/605/1304
f 1853/695/1380 2497/696/1381 2491/545/1266 1736/544/1265
f 1767/531/1258 1769/534/1258 1771/561/1261 1740/597/1261
f 1861/697/1382 2498/698/1383 2497/696/1381 1853/695/1380
f 1734/602/1259 1731/532/1259 1767/531/1258 1765/538/1258
f 1859/699/1384 1856/700/1385 1857/609/1306 1858/611/1308
f 1854/701/1386 1855/610/1307 1857/609/1306 1856/700/1385
f 1854/701/1386 1861/697/1382 1853/695/1380 1855/610/1307
f 1682/702/1221 1707/703/1221 1708/466/1221 1683/465/1221
f 2594/464/1240 1648/463/1239 1661/704/1242 2595/705/1387
f 1664/476/1196 1672/475/1196 1669/530/75 1662/470/75
f 1660/706/1196 1664/476/1196 1662/470/75 1658/469/75
f 1725/525/65 1601/400/1207 1600/399/1206 1724/522/65
f 1645/445/75 1903/444/1230 1901/707/1388 1640/535/1196 1642/457/1196
f 1869/708/65 1758/709/546 1632/710/1389
f 1971/557/1276 1970/573/1287 2362/711/1287 2371/558/1276
f 1701/387/1196 1939/456/1196 1933/712/1390 1935/434/1224 1698/384/75
f 1909/549/1270 1884/599/1301 1746/713/1391 1745/550/1271
f 1892/714/1392 1889/715/1393 1888/716/1392
f 1746/713/1391 1884/599/1301 1779/601/1303
f 1925/505/1225 1938/504/1255 1899/717/1394 1688/718/1395
f 1890/719/1396 1889/715/1393 1892/714/1392
f 1890/719/1396 1892/714/1392 1895/720/1397 1896/721/1398 1913/722/1392 1914/723/1396
f 1894/724/1399 1893/725/1400 1887/716/1401 1891/726/1402
f 1923/727/65 1921/728/1403 1881/729/1404 1869/708/65
f 1896/721/1398 1917/730/2 1919/731/2
f 1923/727/65 1869/708/65 1632/710/1389
f 1872/518/1235 1874/517/1235 1680/422/1220 1681/507/1221
f 1709/467/1221 1718/493/1245 1720/484/1245 1712/490/1221
f 1659/732/1236 1871/543/1235 1870/509/1235 1663/473/1236
f 1635/412/75 1702/435/75 1700/733/75 1636/581/75
f 1700/733/75 1699/734/405 1639/582/1289 1636/581/75
f 1893/725/1400 1895/720/1397 1892/714/1392 1888/716/1392 1887/716/1401
f 1884/599/1301 1909/549/1270 1910/735/1405 1907/736/1406
f 1867/737/1407 1868/738/65 1869/708/65 1881/729/1404 1882/739/1408 1880/740/1409
f 1913/722/1392 1896/721/1398 2549/741/1410 2548/742/1392
f 1917/730/2 1919/731/2 1915/743/76 1897/744/76
f 1867/737/1407 1704/506/1217 1703/745/1216 1879/746/1227 1631/747/1214
f 1730/528/1215 1631/440/1214 1630/443/1229 1625/411/1212
f 1920/748/1393 1913/722/1392 2548/742/1392 2547/749/1393
f 1911/750/1411 1921/728/1403 2546/751/1403 2552/752/1412
f 1920/748/1393 1914/723/1396 1913/722/1392
f 1921/728/1403 1923/727/65 2545/753/65 2546/751/1403
f 1704/506/1217 1867/737/1407 1880/740/1409 1883/503/1254
f 1983/754/1413 1985/755/1281 1981/564/1281 1978/567/1283
f 1982/570/1284 1986/756/1414 1977/571/1285
f 1986/756/1414 1984/612/1309 1977/571/1285
f 1970/573/1287 1969/572/1286 2355/608/1286 2362/711/1287
f 2595/705/1387 1661/704/1242 1665/757/1241 2596/758/1415
f 2596/758/1415 1665/757/1241 1959/759/1243 2597/760/1416
f 1901/3/1388 1903/3/1230 1931/3/1417 1930/3/1418
f 1640/535/1196 1901/707/1388 1933/712/1390 1939/456/1196
f 2326/607/1305 1972/606/1305 2632/761/1419
f 2589/762/1420 1639/763/1289 1699/764/405 2601/765/80
f 1756/403/76 1757/414/76 1730/417/1215 1729/404/1208
f 1635/412/75 1636/581/75 1637/584/1291 1634/413/1213
f 1921/728/1403 1911/750/1411 1898/766/1421 1881/729/1404
f 1955/767/19 2618/768/19 2620/769/19 1943/770/19
f 1731/532/1259 2493/604/76 2494/771/76 1692/533/1259
f 1603/375/1192 1607/396/1203 1601/400/1207 1611/376/1193
f 1957/772/1422 1952/773/1423 2617/774/1423 2616/775/1424
f 2382/776/1296 2347/777/1297 2378/594/1297
f 2640/778/10 2636/779/397 1966/780/397 1965/781/10
f 1963/782/1425 1961/783/1426 1968/784/1427 1967/785/1428
f 1965/781/10 1966/780/397 1962/786/392 1964/787/401
f 1968/784/1427 1966/780/397 2636/779/397 2637/788/550
f 1967/785/1428 1965/789/10 1964/790/401 1963/791/1425
f 1967/785/1428 1968/784/1427 2637/788/550 2641/792/546
f 1961/793/1426 1962/786/392 1966/780/397 1968/784/1427
f 2641/792/546 2640/794/10 1965/789/10 1967/785/1428
f 1964/795/401 1962/796/392 1961/783/1426 1963/782/1425
f 1597/373/1190 1596/356/1175 1586/358/1177 1585/370/1187
f 1587/357/1176 1592/368/75 1593/367/1186 1586/358/1177
f 1977/571/1285 1971/557/1276 1976/556/1275
f 1972/606/1305 1969/572/1286 1979/575/1286
f 1980/574/1287 1970/573/1287 1971/557/1276 1977/571/1285
f 1630/443/1229 1629/386/1196 1626/409/1196 1625/411/1212
f 1662/470/75 1669/530/75 1668/477/75 1665/471/1241
f 1702/435/75 1940/430/75 1924/433/75 1700/733/75
f 1972/606/1305 1634/797/1213 1637/798/1291
f 1976/556/1275 1974/799/1429 1982/570/1284
f 1610/800/1195 1755/801/1430 1978/567/1283 1975/566/1282
f 1614/569/929 1751/527/65 1755/802/1430 1610/803/1195
f 1984/612/1309 1986/756/1414 1607/804/1203 1618/805/1202
f 1621/406/1209 1627/806/76 1757/414/76 1756/403/76
f 1750/402/76 1599/391/408 1621/406/1209 1756/403/76
f 1659/732/1236 1663/473/1236 1664/476/1196 1660/706/1196
f 1666/807/1431 1676/808/1432 1958/809/75 1667/810/75
f 1984/612/1309 1624/811/1211 1979/575/1286
f 1605/812/1433 1983/754/1413 1728/813/1257 1613/814/1256
f 1985/755/1281 1986/756/1414 1982/570/1284 1981/564/1281
f 1984/612/1309 1618/805/1202 1624/811/1211
f 1984/612/1309 1980/574/1287 1977/571/1285
f 1972/606/1305 1637/798/1291 2632/761/1419
f 1628/815/76 1632/816/1389 1758/415/546 1757/414/76 1627/806/76
f 1607/804/1203 1986/756/1414 1985/755/1281 1606/817/1205
f 1754/580/1288 1609/392/1199 1599/391/408 1750/402/76
f 1755/801/1430 1728/813/1257 1983/754/1413 1978/567/1283
f 1724/526/65 1728/818/1257 1755/802/1430 1751/527/65
f 1606/398/1205 1605/819/1433 1613/523/1256 1600/399/1206
f 1982/570/1284 1974/799/1429 1973/565/1281 1981/564/1281
f 1606/817/1205 1985/755/1281 1983/754/1413 1605/812/1433
f 2669/820/1434 2668/821/80 1991/822/1435 1992/823/1436
f 2668/821/80 2667/820/1437 1990/823/1438 1991/822/1435
f 1987/824/1439 2001/825/1440 1998/826/1441 1988/827/1442
f 2667/820/1437 2666/828/1443 1989/829/1444 1990/823/1438
f 2664/830/1445 1987/824/1439 1988/827/1442 2665/831/1446
f 2670/828/1447 1993/829/1448 1994/832/1449 2671/833/1450
f 2001/825/1440 2003/834/1451 2004/835/1452 1998/826/1441
f 1992/823/1436 1997/836/1453 1996/837/1454 1993/829/1448
f 1991/822/1435 1999/838/1455 1997/836/1453 1992/823/1436
f 2002/837/1456 2005/839/1457 2006/840/1458 2000/836/1459
f 1990/823/1438 2000/836/1459 1999/838/1455 1991/822/1435
f 2002/837/1456 1998/826/1441 2004/835/1452 2005/839/1457
f 1989/829/1444 2002/837/1456 2000/836/1459 1990/823/1438
f 1988/827/1442 1998/826/1441 2002/837/1456 1989/829/1444
f 1993/829/1448 1996/837/1454 1995/841/1460 1994/832/1449
f 1994/832/1449 1995/841/1460 2001/825/1440 1987/824/1439
f 2010/842/1461 2003/834/1451 2001/825/1440 1995/841/1460
f 2005/839/1457 2004/835/1452 2012/843/1462 2013/844/1463
f 1999/838/1455 2007/845/1464 2008/840/1465 1997/836/1453
f 2000/836/1459 2006/840/1458 2007/845/1464 1999/838/1455
f 2003/834/1451 2010/842/1461 2018/846/1466 2011/847/1467
f 2004/835/1452 2003/834/1451 2011/847/1467 2012/843/1462
f 1995/841/1460 1996/837/1454 2009/839/1468 2010/842/1461
f 1997/836/1453 2008/840/1465 2009/839/1468 1996/837/1454
f 2006/840/1458 2005/839/1457 2013/844/1463 2014/848/1469
f 2010/842/1461 2009/839/1468 2017/844/1470 2018/846/1466
f 2009/839/1468 2008/840/1465 2016/848/1471 2017/844/1470
f 2008/840/1465 2007/845/1464 2015/849/1472 2016/848/1471
f 2007/845/1464 2006/840/1458 2014/848/1469 2015/849/1472
f 2012/843/1462 2011/847/1467 2019/850/1473 2020/851/1474
f 2011/847/1467 2018/846/1466 2026/852/1475 2019/850/1473
f 2014/848/1469 2013/844/1463 2021/853/1476 2022/854/1477
f 2013/844/1463 2012/843/1462 2020/851/1474 2021/853/1476
f 2018/846/1466 2017/844/1470 2025/853/1478 2026/852/1475
f 2017/844/1470 2016/848/1471 2024/854/1479 2025/853/1478
f 2016/848/1471 2015/849/1472 2023/855/1480 2024/854/1479
f 2015/849/1472 2014/848/1469 2022/854/1477 2023/855/1480
f 2022/854/1477 2021/853/1476 2029/856/1481 2030/857/1482
f 2021/853/1476 2020/851/1474 2028/858/1483 2029/856/1481
f 2020/851/1474 2019/850/1473 2027/859/1484 2028/858/1483
f 2019/850/1473 2026/852/1475 2034/860/1485 2027/859/1484
f 2025/853/1478 2024/854/1479 2032/857/1486 2033/856/1487
f 2028/858/1483 2036/861/1488 2037/862/1489 2029/856/1481
f 2024/854/1479 2023/855/1480 2031/863/1490 2032/857/1486
f 2027/859/1484 2035/864/1491 2036/861/1488 2028/858/1483
f 2023/855/1480 2022/854/1477 2030/857/1482 2031/863/1490
f 2036/861/1488 2035/864/1491 2043/865/1492 2044/866/1493
f 2033/856/1487 2041/862/1494 2042/867/1495 2034/860/1485
f 2026/852/1475 2025/853/1478 2033/856/1487 2034/860/1485
f 2034/860/1485 2042/867/1495 2035/864/1491 2027/859/1484
f 2032/857/1486 2040/868/1496 2041/862/1494 2033/856/1487
f 2031/863/1490 2039/869/1497 2040/868/1496 2032/857/1486
f 2038/868/1498 2037/862/1489 2045/870/1499 2046/871/1500
f 2030/857/1482 2038/868/1498 2039/869/1497 2031/863/1490
f 2037/862/1489 2036/861/1488 2044/866/1493 2045/870/1499
f 2029/856/1481 2037/862/1489 2038/868/1498 2030/857/1482
f 2035/864/1491 2042/867/1495 2050/872/1501 2043/865/1492
f 2041/862/1494 2040/868/1496 2048/871/1502 2049/870/1503
f 2040/868/1496 2039/869/1497 2047/873/1504 2048/871/1502
f 2039/869/1497 2038/868/1498 2046/871/1500 2047/873/1504
f 2044/866/1493 2043/865/1492 2051/874/1505 2052/875/1506
f 2042/867/1495 2041/862/1494 2049/870/1503 2050/872/1501
f 2046/871/1500 2045/870/1499 2053/876/1507 2054/877/1508
f 2045/870/1499 2044/866/1493 2052/875/1506 2053/876/1507
f 2043/865/1492 2050/872/1501 2058/878/1509 2051/874/1505
f 2050/872/1501 2049/870/1503 2057/876/1510 2058/878/1509
f 2049/870/1503 2048/871/1502 2056/877/1511 2057/876/1510
f 2048/871/1502 2047/873/1504 2055/879/1512 2056/877/1511
f 2047/873/1504 2046/871/1500 2054/877/1508 2055/879/1512
f 2051/874/1505 2058/878/1509 2751/880/1513 2744/881/1514
f 2056/877/1511 2055/879/1512 2748/882/76 2749/883/1515
f 2055/879/1512 2054/877/1508 2747/883/1516 2748/882/76
f 2665/831/1446 1988/827/1442 1989/829/1444 2666/828/1443
f 2057/876/1510 2056/877/1511 2749/883/1515 2750/884/1517
f 2054/877/1508 2053/876/1507 2746/884/1518 2747/883/1516
f 2052/875/1506 2051/874/1505 2744/881/1514 2745/885/1519
f 2058/878/1509 2057/876/1510 2750/884/1517 2751/880/1513
f 2053/876/1507 2052/875/1506 2745/885/1519 2746/884/1518
f 1993/829/1448 2670/828/1447 2669/820/1434 1992/823/1436
f 2759/886/1520 2066/887/1521 2059/887/1522 2752/886/1523
f 2060/888/1524 2116/889/1525 2117/890/1526 2061/891/1527
f 2758/892/1528 2065/888/1529 2066/887/1521 2759/886/1520
f 2756/893/1530 2063/894/1531 2064/891/1532 2757/895/1533
f 2754/895/1534 2061/891/1527 2062/894/1535 2755/893/1536
f 2752/886/1523 2059/887/1522 2060/888/1524 2753/892/1537
f 2755/893/1536 2062/894/1535 2063/894/1531 2756/893/1530
f 2779/896/1538 2070/897/1539 2069/898/1540 2778/899/1533
f 2776/900/1541 2067/901/1542 2074/901/1543 2783/900/1544
f 2781/899/1545 2072/898/1546 2071/897/1547 2780/896/1548
f 2782/902/1549 2073/903/1550 2072/898/1546 2781/899/1545
f 2780/896/1548 2071/897/1547 2070/897/1539 2779/896/1538
f 2783/900/1544 2074/901/1543 2073/903/1550 2782/902/1549
f 2777/902/1528 2068/903/1551 2067/901/1542 2776/900/1541
f 2790/904/1528 2081/905/1552 2082/906/1553 2791/907/1541
f 2784/907/1544 2075/906/1554 2076/905/1555 2785/904/1549
f 2787/908/1548 2078/909/1556 2079/909/1557 2788/908/1538
f 2785/904/1549 2076/905/1555 2077/910/1558 2786/911/1545
f 2786/911/1545 2077/910/1558 2078/909/1556 2787/908/1548
f 2791/907/1541 2082/906/1553 2075/906/1554 2784/907/1544
f 2788/908/1538 2079/909/1557 2080/910/1559 2789/911/1533
f 2811/912/1538 2086/913/1557 2085/914/1559 2810/915/1533
f 2808/916/1541 2083/917/1553 2090/917/1554 2815/916/1544
f 2813/915/1545 2088/914/1558 2087/913/1556 2812/912/1548
f 2814/918/1549 2089/919/1555 2088/914/1558 2813/915/1545
f 2812/912/1548 2087/913/1556 2086/913/1557 2811/912/1538
f 2815/916/1544 2090/917/1554 2089/919/1555 2814/918/1549
f 2809/918/1528 2084/919/1552 2083/917/1553 2808/916/1541
f 2822/920/1528 2097/921/1560 2098/922/1561 2823/923/1541
f 2816/923/1544 2091/922/1562 2092/921/1563 2817/920/1564
f 2819/924/1548 2094/925/1565 2095/925/1566 2820/924/1538
f 2817/920/1564 2092/921/1563 2093/926/1567 2818/927/1568
f 2818/927/1568 2093/926/1567 2094/925/1565 2819/924/1548
f 2823/923/1541 2098/922/1561 2091/922/1562 2816/923/1544
f 2820/924/1538 2095/925/1566 2096/926/1569 2821/927/1533
f 2845/928/1528 2113/929/1560 2114/930/1561 2846/931/1541
f 2832/931/1544 2106/930/1562 2107/929/1563 2833/928/1564
f 2835/932/1548 2109/933/1565 2110/933/1566 2836/932/1538
f 2833/928/1564 2107/929/1563 2108/934/1567 2834/935/1570
f 2834/935/1570 2108/934/1567 2109/933/1565 2835/932/1548
f 2857/936/1538 2102/937/1571 2101/938/1572 2856/939/1533
f 2846/931/1541 2114/930/1561 2106/930/1562 2832/931/1544
f 2854/940/1541 2099/941/1573 2112/941/1574 2861/940/1544
f 2836/932/1538 2110/933/1566 2111/934/1569 2837/935/1533
f 2859/939/1570 2104/938/1575 2103/937/1576 2858/936/1548
f 2860/942/1577 2105/943/1578 2104/938/1575 2859/939/1570
f 2858/936/1548 2103/937/1576 2102/937/1571 2857/936/1538
f 2861/940/1544 2112/941/1574 2105/943/1578 2860/942/1577
f 2855/942/1528 2100/943/1579 2099/941/1573 2854/940/1541
f 2132/944/1580 2133/945/1581 2125/946/1582 2124/947/1583
f 2115/948/1584 2059/887/1522 2066/887/1521 2122/948/1585
f 2063/894/1531 2062/894/1535 2118/949/1586 2119/949/1587
f 2060/888/1524 2059/887/1522 2115/948/1584 2116/889/1525
f 2064/891/1532 2063/894/1531 2119/949/1587 2120/890/1588
f 2062/894/1535 2061/891/1527 2117/890/1526 2118/949/1586
f 2116/889/1525 2124/947/1583 2125/946/1582 2117/890/1526
f 2132/944/1580 2140/950/1589 2141/951/1590 2133/945/1581
f 2119/949/1587 2118/949/1586 2126/952/1591 2127/952/1592
f 2116/889/1525 2115/948/1584 2123/953/1593 2124/947/1583
f 2122/948/1585 2121/889/1594 2129/947/1595 2130/953/1596
f 2120/890/1588 2119/949/1587 2127/952/1592 2128/946/1597
f 2066/887/1521 2065/888/1529 2121/889/1594 2122/948/1585
f 2118/949/1586 2117/890/1526 2125/946/1582 2126/952/1591
f 2127/952/1592 2126/952/1591 2134/954/1598 2135/954/1599
f 2126/952/1591 2125/946/1582 2133/945/1581 2134/954/1598
f 2124/947/1583 2123/953/1593 2131/955/1600 2132/944/1580
f 2131/955/1600 2123/953/1593 2130/953/1596 2138/955/1601
f 2130/953/1596 2129/947/1595 2137/944/1602 2138/955/1601
f 2128/946/1597 2127/952/1592 2135/954/1599 2136/945/1603
f 2123/953/1593 2115/948/1584 2122/948/1585 2130/953/1596
f 2140/950/1589 2148/956/1604 2149/957/1605 2141/951/1590
f 2135/954/1599 2134/954/1598 2142/958/1606 2143/958/1607
f 2134/954/1598 2133/945/1581 2141/951/1590 2142/958/1606
f 2148/956/1604 2156/959/1608 2157/960/1609 2149/957/1605
f 2136/945/1603 2135/954/1599 2143/958/1607 2144/951/1610
f 2132/944/1580 2131/955/1600 2139/961/1611 2140/950/1589
f 2139/961/1611 2131/955/1600 2138/955/1601 2146/961/1612
f 2138/955/1601 2137/944/1602 2145/950/1613 2146/961/1612
f 2146/961/1612 2145/950/1613 2153/956/1614 2154/962/1615
f 2143/958/1607 2142/958/1606 2150/963/1616 2151/963/1617
f 2142/958/1606 2141/951/1590 2149/957/1605 2150/963/1616
f 2158/964/1618 2166/965/1619 2167/965/1620 2159/964/1621
f 2144/951/1610 2143/958/1607 2151/963/1617 2152/957/1622
f 2140/950/1589 2139/961/1611 2147/962/1623 2148/956/1604
f 2147/962/1623 2139/961/1611 2146/961/1612 2154/962/1615
f 2148/956/1604 2147/962/1623 2155/966/1624 2156/959/1608
f 2154/962/1615 2153/956/1614 2161/959/1625 2162/966/1626
f 2151/963/1617 2150/963/1616 2158/964/1618 2159/964/1621
f 2150/963/1616 2149/957/1605 2157/960/1609 2158/964/1618
f 2156/959/1608 2164/967/1627 2165/968/1628 2157/960/1609
f 2152/957/1622 2151/963/1617 2159/964/1621 2160/960/1629
f 2155/966/1624 2147/962/1623 2154/962/1615 2162/966/1626
f 2157/960/1609 2165/968/1628 2166/965/1619 2158/964/1618
f 2161/959/1625 2169/967/1630 2170/969/1631 2162/966/1626
f 2155/966/1624 2163/969/1632 2164/967/1627 2156/959/1608
f 2159/964/1621 2167/965/1620 2168/968/1633 2160/960/1629
f 2753/892/1537 2060/888/1524 2061/891/1527 2754/895/1534
f 2155/966/1624 2162/966/1626 2170/969/1631 2163/969/1632
f 2398/618/1315 2432/613/1310 1814/616/1313 1786/619/1316
f 1798/685/1374 1842/642/1330 1844/641/1335 1805/687/1375
f 2671/833/1450 1994/832/1449 1987/824/1439 2664/830/1445
f 1868/738/65 1867/737/1407 1631/747/1214 1758/709/546 1869/708/65
f 1923/727/65 1922/970/65 2544/971/65 2545/753/65
f 1922/970/65 1923/727/65 1632/710/1389
f 1934/452/1236 1902/536/1236 1640/535/1196 1939/456/1196
f 1935/434/1224 1903/444/1230 1900/431/75 1940/430/75
f 1925/437/1225 1688/972/1395 1713/973/1634 1926/438/1226
f 1929/432/75 1900/431/75 1643/446/75 1641/453/75
f 1875/974/1235 1902/536/1236 1934/452/1236 1927/451/1235
f 1749/975/19 1944/976/1635 1783/977/19
f 1688/972/1395 1689/500/1252 1714/499/1251 1713/973/1634
f 1874/517/1235 1875/974/1235 1932/423/1221 1680/422/1220
f 1902/536/1236 1875/974/1235 1874/517/1235 1644/458/1236
f 1905/424/1221 1713/973/1634 1714/499/1251 1705/425/1222
f 1932/423/1221 1936/516/1221 1937/520/1221 1905/424/1221
f 1875/974/1235 1927/451/1235 1936/516/1221 1932/423/1221
f 1937/520/1221 1926/438/1226 1713/973/1634 1905/424/1221
f 1899/717/1394 1938/504/1255 1928/978/1636 1908/979/1637
f 1880/740/1409 1893/725/1400 1894/724/1399 1883/503/1254
f 1898/766/1421 1895/720/1397 1893/725/1400 1880/740/1409 1882/739/1408 1881/729/1404
f 2552/752/1412 2549/741/1410 1896/721/1398 1911/750/1411
f 1891/726/1402 1886/600/1302 1884/599/1301 1894/724/1399
f 1642/457/1196 1656/460/1196 1651/980/75 1645/445/75
f 1651/980/75 1654/454/75 1643/446/75 1645/445/75
f 1639/763/1289 2589/762/1420 2633/981/1638 1638/982/1290
f 1646/983/1236 1659/732/1236 1660/706/1196 1647/984/1196
f 1669/530/75 1670/529/75 1667/810/75 1668/477/75
f 1744/551/1272 1899/717/1394 1885/548/1269
f 1979/575/1286 1624/811/1211 1634/797/1213
f 1685/495/1248 1686/488/1221 1711/491/1221 1710/985/1639
f 1778/986/1293 1777/987/1295 1742/988/1640 1779/989/1303
f 2496/576/10 1782/541/1263 1692/533/1259 2494/771/76
f 1759/990/1641 1695/991/1244 1735/992/13 1743/993/1273
f 1759/994/1641 1743/552/1273 1760/995/19
f 1670/529/75 1671/996/395 1666/807/1431 1667/810/75
f 1899/717/1394 1744/551/1272 1689/997/1252 1688/718/1395
f 2600/450/1234 1679/449/1233 1678/998/1642 2599/999/1643
f 1979/575/1286 1634/797/1213 1972/606/1305
f 1741/578/19 1739/588/19 1768/542/1264 1782/541/1263
f 1899/717/1394 1908/1000/1637 1906/1001/1644
f 1781/1002/1645 1775/1003/1292 1784/1004/1300 1780/1005/1646
f 1784/1004/1300 2392/1006/1647 2393/1007/1648 1780/1005/1646
f 2392/1008/1647 1784/598/1300 1741/578/19 2391/577/19
f 1695/991/1244 1696/1009/1246 1737/1010/14 1735/992/13
f 1783/977/19 1759/994/1641 1760/995/19 1749/975/19
f 1783/977/19 1944/976/1635 2608/1011/10 2625/1012/19
f 1783/1013/19 1954/1014/19 1950/1015/1649 1759/1016/1641
f 1947/1017/1650 1949/1018/1651 1946/1019/19 1955/767/19
f 2597/760/1416 1959/759/1243 1677/448/1232 2598/447/1231
f 1667/810/75 1958/809/75 1960/478/75 1668/477/75
f 2632/761/1419 1637/798/1291 1638/982/1290 2633/981/1638
f 1679/486/1233 1960/478/75 1958/809/75 1678/1020/1642
f 2593/1021/80 1653/1022/405 1652/1023/1652 2592/1024/1653
f 1649/1025/1238 1652/1026/1652 1653/1027/405 1655/455/75
f 1654/454/75 1651/980/75 1650/1028/75 1648/1029/1239
f 2592/1024/1653 1652/1023/1652 1649/462/1238 2591/461/1237
f 1651/980/75 1656/460/1196 1647/984/1196 1650/1028/75
f 1655/455/75 1654/454/75 1648/1029/1239 1649/1025/1238
f 1656/460/1196 1657/459/1236 1646/983/1236 1647/984/1196
f 1707/703/1221 1715/1030/1245 1717/502/1245 1708/466/1221
f 1706/508/1221 1716/498/1245 1715/1030/1245 1707/703/1221
f 1877/1031/1235 1872/518/1235 1681/507/1221 1682/702/1221
f 1877/1031/1235 1682/702/1221 1683/465/1221 1871/543/1235
f 1657/459/1236 1872/518/1235 1877/1031/1235 1646/983/1236
f 1760/995/19 1743/552/1273 1762/555/19
f 1873/1032/1249 1951/1033/19 1946/1019/19 1949/1018/1651
f 1682/702/1221 1681/507/1221 1706/508/1221 1707/703/1221
f 1650/1028/75 1658/469/75 1661/472/1242 1648/1029/1239
f 1691/1034/1654 1693/501/1253 1717/502/1245 1715/1030/1245
f 1647/984/1196 1660/706/1196 1658/469/75 1650/1028/75
f 1659/732/1236 1646/983/1236 1877/1031/1235 1871/543/1235
f 1690/497/1250 1691/1034/1654 1715/1030/1245 1716/498/1245
f 1710/1035/1639 1950/1015/1649 1954/1014/19 1953/1036/19
f 1675/480/1236 1876/494/1235 1873/496/1249 1949/1037/1651
f 1958/809/75 1676/808/1432 1948/1038/1655 1678/1020/1642
f 2599/999/1643 1678/998/1642 1948/1039/1655 2616/1040/1424
f 1673/481/1196 1947/1041/1650 1671/996/395 1670/529/75
f 1675/480/1236 1949/1037/1651 1947/1041/1650 1673/481/1196
f 1695/482/1244 1759/1042/1641 1950/1043/1649 1719/483/1245
f 1711/491/1221 1719/483/1245 1950/1043/1649 1710/985/1639
f 1666/1044/1431 1945/1045/1656 1952/773/1423 1676/1046/1432
f 1929/432/75 1904/1047/405 1924/433/75
f 1951/1033/19 1956/1048/19 2619/1049/19 2606/1050/19
f 1953/1036/19 1954/1014/19 2605/1051/19 2604/1052/19
f 1956/1048/19 1953/1036/19 2604/1052/19 2619/1049/19
f 1873/1032/1249 1685/1053/1248 1956/1048/19 1951/1033/19
f 1955/767/19 1946/1019/19 2602/1054/19 2618/768/19
f 1945/1045/1656 1943/770/19 2620/769/19 2603/1055/1656
f 2625/1056/19 2605/1051/19 1954/1014/19 1783/1013/19
f 1945/1045/1656 2603/1055/1656 2617/774/1423 1952/773/1423
f 1948/1057/1655 1676/1046/1432 1952/773/1423 1957/772/1422
f 1685/1053/1248 1710/1035/1639 1953/1036/19 1956/1048/19
f 1671/1058/395 1947/1017/1650 1955/767/19 1943/770/19
f 1666/1044/1431 1671/1058/395 1943/770/19 1945/1045/1656
f 1946/1019/19 1951/1033/19 2606/1050/19 2602/1054/19
f 1854/701/1386 1856/700/1385 1863/1059/1657 1852/1060/1658
f 1851/1061/1659 1861/697/1382 1854/701/1386 1852/1060/1658
f 1860/1062/1660 1865/1063/1661 2487/1064/1662 2171/1065/1663
f 1859/699/1384 1864/1066/1664 1863/1059/1657 1856/700/1385
f 2498/698/1383 1861/697/1382 1851/1061/1659 2476/1067/1665
f 1865/1063/1661 2485/1068/1666 2487/1064/1662
f 1862/1069/65 2171/1070/1663 1851/1061/1659 1852/1060/1658
f 2487/1071/1662 2476/1067/1665 1851/1061/1659 2171/1070/1663
f 1864/1072/1664 1862/1069/65 1852/1060/1658 1863/1059/1657
f 2608/1011/10 1944/976/1635 2173/1073/11 2923/1074/10
f 1944/976/1635 2172/1075/1667 2174/1076/12 2173/1077/11
f 2175/348/76 2176/351/1171 2177/1078/1668 2178/1079/1669
f 2178/1079/1669 2177/1078/1668 2179/1080/1670 2180/1081/1671
f 2179/1080/1670 2197/1082/1672 2196/1083/1673 2180/1084/1671
f 2197/1082/1672 2183/1085/1674 2184/1086/1675 2196/1083/1673
f 2185/359/1178 2188/1087/1676 2187/1088/1677 2186/360/1179
f 2187/1088/1677 2188/1087/1676 2190/1089/1678 2189/1090/1679
f 2191/365/1184 2186/360/1179 2187/1088/1677 2194/1091/1680
f 2193/1092/1681 2189/1090/1679 2190/1093/1678 2192/1094/78
f 2182/1095/1682 2181/371/1188 2191/365/1184 2194/1091/1680
f 2194/1091/1680 2187/1088/1677 2189/1090/1679 2193/1092/1681
f 2183/1085/1674 2182/1095/1682 2194/1091/1680 2193/1092/1681
f 2195/372/1189 2181/371/1188 2182/1095/1682 2198/1096/1683
f 2177/1078/1668 2176/351/1171 2195/372/1189 2198/1096/1683
f 2177/1078/1668 2198/1096/1683 2197/1082/1672 2179/1080/1670
f 2205/1097/1684 2213/1098/1685 2212/1099/1686 2204/1100/1687
f 2217/1101/75 2203/1102/75 2211/1103/1688 2215/1104/549
f 2217/1101/75 2215/1104/549 2216/1105/549 2218/1106/75
f 2299/1107/78 2302/1108/1689 2230/1109/1689 2234/1110/78
f 2213/1098/1685 2329/1111/1690 2328/1112/1691 2212/1099/1686
f 2199/1113/75 2209/1114/1692 2210/1115/1693 2200/1116/406
f 2221/1117/1694 2204/1100/1687 2208/1118/1695 2219/1119/1696
f 2218/1106/75 2216/1105/549 2209/1114/1692 2199/1113/75
f 2324/1120/1697 2329/1111/1690 2213/1098/1685 2205/1097/1684
f 2208/1118/1695 2202/1121/1698 2201/1122/1699 2207/1123/1700
f 2324/1124/1697 2331/1125/1701 2364/1126/76 2357/1127/76
f 2200/1116/406 2222/1128/1702 2223/1129/75 2199/1113/75
f 2224/1130/75 2218/1106/75 2199/1113/75 2223/1129/75
f 2204/1100/1687 2221/1117/1694 2220/1131/1703 2205/1097/1684
f 2219/1119/1696 2225/1132/1704 2227/1133/1689 2221/1117/1694
f 2221/1117/1694 2227/1133/1689 2226/1134/1705 2220/1131/1703
f 2234/1110/78 2225/1132/1704 2235/1135/1706 2236/1136/78
f 2365/1137/76 2332/1138/1707 2232/1139/1708 2366/1140/546
f 2230/1109/1689 2227/1133/1689 2225/1132/1704 2234/1110/78
f 2304/1141/1709 2322/1142/1710 2323/1143/1711 2305/1144/1712
f 2281/1145/1713 2306/1146/1714 2539/1147/1715 2577/1148/1715
f 2328/1149/1691 2360/1150/1223 2359/1151/65 2327/1152/65
f 2586/1153/78 2570/1154/78 2575/1155/78 2535/1156/78
f 2299/1107/78 2303/1157/78 2586/1153/78 2581/1158/1716
f 2305/1159/1712 2323/1160/1711 2573/1161/1717 2572/1162/1718
f 2232/1163/1708 2231/1164/1719 2298/1165/1720 2513/1166/1721
f 2535/1156/78 2244/1167/78 2246/1168/78 2538/1169/1722
f 2598/447/1231 2600/450/1234 2280/1170/1723 2278/1171/1724
f 2513/1166/1721 2298/1165/1720 2580/1172/1725 2574/1173/1726
f 2242/1174/78 2256/1175/78 2255/1176/78 2244/1167/78
f 2298/1165/1720 2302/1108/1689 2585/1177/1689 2580/1172/1725
f 2243/1178/1689 2257/1179/1689 2258/1180/1725 2245/1181/1725
f 2591/461/1237 2594/464/1240 2249/1182/1727 2250/1183/1728
f 2284/1184/1715 2285/1185/1715 2310/1186/1715 2309/1187/1715
f 2259/1188/78 2262/1189/1729 2266/1190/1730 2263/1191/78
f 2264/1192/1725 2265/1193/1689 2273/1194/1689 2275/1195/1725
f 2269/1196/78 2266/1190/1730 2630/1197/1731 2631/1198/78
f 2275/1195/1725 2273/1194/1689 2274/1199/1689 2276/1200/1725
f 2296/1201/1732 2297/1202/1733 2321/1203/1734 2320/1204/1734
f 2630/1197/1731 2278/1205/1724 2280/1206/1723 2631/1198/78
f 2287/1207/1715 2312/1208/1715 2313/1209/1715 2288/1210/1715
f 2295/1211/1735 2319/1212/1734 2321/1203/1734 2297/1202/1733
f 2510/1213/1726 2507/1214/1736 2286/1215/1737 2287/1207/1715
f 2291/1216/1738 2290/1217/1739 2315/1218/1740 2317/1219/1734
f 2288/1210/1715 2313/1209/1715 2310/1186/1715 2285/1185/1715
f 2294/1220/1741 2318/1221/1734 2319/1212/1734 2295/1211/1735
f 2312/1208/1715 2320/1204/1734 2321/1203/1734 2313/1209/1715
f 2518/1222/1742 2305/1144/1712 2572/1223/1718 2584/1224/1743
f 2282/1225/1715 2307/1226/1715 2306/1146/1714 2281/1145/1713
f 2264/1192/1725 2275/1195/1725 2512/1227/1726 2504/1228/1726
f 2290/1229/1739 2315/1230/1740 2306/1231/1714 2281/1232/1713
f 2231/1164/1719 2230/1109/1689 2302/1108/1689 2298/1165/1720
f 2234/1110/78 2236/1136/78 2303/1157/78 2299/1107/78
f 2510/1213/1726 2287/1207/1715 2288/1210/1715 2512/1227/1726
f 2574/1173/1726 2582/1233/1715 2304/1234/1709 2513/1166/1721
f 2510/1213/1726 2512/1227/1726 2275/1195/1725 2276/1200/1725
f 2306/1146/1714 2307/1226/1715 2317/1219/1734 2315/1218/1740
f 2258/1180/1725 2506/1235/1726 2508/1236/1726 2245/1181/1725
f 2582/1233/1715 2583/1237/1715 2322/1238/1710 2304/1234/1709
f 2323/1160/1711 2322/1238/1710 2583/1237/1715 2573/1161/1717
f 2205/1097/1684 2220/1131/1703 2331/1239/1701 2324/1120/1697
f 2325/1240/65 2330/1241/1744 2214/1242/1745 2201/1122/1699
f 2212/1099/1686 2328/1112/1691 2327/1243/65 2202/1121/1698
f 2359/1151/65 2358/1244/65 2325/1245/65 2327/1152/65
f 2220/1131/1703 2226/1134/1705 2332/1246/1707 2331/1239/1701
f 2309/1187/1715 2310/1186/1715 2319/1212/1734 2318/1221/1734
f 2273/1194/1689 2270/1247/78 2271/1248/78 2274/1199/1689
f 2375/1249/1746 2377/1250/1746 2293/1251/1747 2333/1252/1747
f 2241/1253/1689 2243/1178/1689 2245/1181/1725 2537/1254/1725
f 2374/1255/1748 2368/595/1298 2378/594/1297 2373/1256/1746
f 2387/1257/1749 2338/1258/1750 2344/1259/29 2353/1260/28
f 1886/600/1302 1778/1261/1293 1779/601/1303
f 2394/1262/1751 2293/1251/1747 2377/1250/1746 2376/1263/1752
f 2512/1227/1726 2288/1210/1715 2285/1185/1715 2504/1228/1726
f 2504/1228/1726 2285/1185/1715 2284/1184/1715 2505/1264/1726
f 2341/1265/1753 2336/1266/1754 2492/546/1267 2491/545/1266
f 1742/988/1640 1777/987/1295 1774/1267/1278 1732/1268/1755
f 2520/1269/1756 2350/1270/1757 2351/1271/1758 2542/1272/1759
f 2335/1273/22 2387/1257/1749 2353/1260/28
f 2653/1274/1760 2514/559/1277 2371/558/1276 2648/1275/1276
f 2382/1276/1296 2384/1277/1761 2380/1278/1762 2379/1279/1297
f 2658/1280/1281 2655/1281/1283 2652/1282/1282 2650/1283/1281
f 2216/1284/549 2215/1285/549 2358/1244/65 2359/1151/65
f 2653/1274/1760 2654/1286/1763 2659/1287/1764
f 2646/1288/1286 2656/1289/1286 2657/1290/1287 2647/1291/1287
f 2394/1262/1751 2348/1292/19 2391/577/19 2496/576/10
f 2324/1124/1697 2357/1127/76 2361/1293/1288 2329/1294/1690
f 2328/1149/1691 2329/1294/1690 2361/1293/1288 2360/1150/1223
f 2237/1295/78 2238/1296/1765 2239/1297/1766 2240/1298/1767
f 2360/1150/1223 2361/1293/1288 2210/1115/1693 2209/1299/1692
f 2360/1150/1223 2209/1299/1692 2216/1284/549 2359/1151/65
f 2384/1300/1761 2383/1301/1768 2345/1302/19 2380/1303/1762
f 2386/1304/1769 2385/596/1299 2368/595/1298 2381/1305/1770
f 2375/1249/1746 2373/1256/1746 2378/594/1297 2347/777/1297
f 2383/1301/1768 2396/1306/1771 2348/1292/19 2345/1302/19
f 2382/1276/1296 2379/1279/1297 2347/777/1297
f 2387/1257/1749 2335/1273/22 2340/1307/21 2500/1308/1772
f 2519/1309/1773 2388/1310/1774 2521/1311/1775
f 2337/1312/1747 2333/1252/1747 2493/604/76 2495/603/76
f 2376/1263/1752 2380/1303/1762 2345/1302/19
f 2377/1250/1746 2379/1279/1297 2380/1278/1762 2376/1263/1752
f 2336/1266/1754 2337/1312/1747 2495/603/76 2492/546/1267
f 1904/1047/405 1929/432/75 1641/453/75
f 2372/1313/1776 2374/1255/1748 2336/1266/1754 2341/1265/1753
f 2372/1313/1776 2381/1305/1770 2368/595/1298 2374/1255/1748
f 1774/1314/1278 1770/539/1261 1740/597/1261
f 2646/1288/1286 2355/608/1286 2326/607/1305 2649/1315/1305
f 2337/1312/1747 2336/1266/1754 2374/1255/1748 2373/1256/1746
f 2481/1316/1777 2381/1305/1770 2372/1313/1776 2479/1317/1778
f 2386/1304/1769 2381/1305/1770 2481/1316/1777 2482/1318/1779
f 2657/1290/1287 2656/1289/1286 2661/1319/1780
f 2432/613/1310 2435/1320/1781 2434/1321/1782 2433/614/1311
f 2399/617/1314 2406/1322/1783 2405/1323/1784 2398/618/1315
f 2460/621/80 2403/624/1320 2410/1324/1785 2463/1325/1786
f 2401/625/1321 2408/1326/1787 2407/1327/1788 2400/626/1322
f 2401/625/1321 2402/630/1326 2409/1328/1789 2408/1326/1787
f 2397/631/1327 2433/614/1311 2434/1321/1782 2404/1329/1790
f 2462/1330/1786 2464/1331/1791 2416/1332/1792 2409/1328/1789
f 2399/617/1314 2400/626/1322 2407/1327/1788 2406/1322/1783
f 2407/1327/1788 2408/1326/1787 2415/1333/1793 2414/1334/1794
f 2408/1326/1787 2409/1328/1789 2416/1332/1792 2415/1333/1793
f 2435/1320/1781 2405/1323/1784 2412/1335/1795 2437/1336/1796
f 2464/1331/1791 2465/1337/1791 2467/1338/1797 2466/1339/1797
f 2405/1323/1784 2406/1322/1783 2413/1340/1798 2412/1335/1795
f 2414/1334/1794 2421/1341/1799 2420/1342/1800 2413/1340/1798
f 2407/1327/1788 2414/1334/1794 2413/1340/1798 2406/1322/1783
f 2414/1334/1794 2415/1333/1793 2422/1343/1801 2421/1341/1799
f 2436/1344/1802 2438/1345/1803 2418/1346/1804 2411/1347/1805
f 2434/1321/1782 2436/1344/1802 2411/1347/1805 2404/1329/1790
f 2466/1339/1797 2468/1348/1806 2430/1349/1807 2423/1350/1808
f 2437/1336/1796 2412/1335/1795 2419/1351/1809 2439/1352/1810
f 2421/1341/1799 2422/1343/1801 2429/1353/1811 2428/1354/1812
f 2412/1335/1795 2413/1340/1798 2420/1342/1800 2419/1351/1809
f 2422/1343/1801 2423/1350/1808 2430/1349/1807 2429/1353/1811
f 2439/1352/1810 2419/1351/1809 2426/1355/1813 2441/1356/1814
f 2436/1344/1802 2437/1336/1796 2439/1352/1810 2438/1345/1803
f 2419/1351/1809 2420/1342/1800 2427/1357/1815 2426/1355/1813
f 2421/1341/1799 2428/1354/1812 2427/1357/1815 2420/1342/1800
f 2438/1345/1803 2440/1358/1816 2425/1359/1817 2418/1346/1804
f 2468/1348/1806 2470/1360/1818 2447/1361/1819 2430/1349/1807
f 2428/1354/1812 2429/1353/1811 2446/1362/1820 2445/1363/1821
f 2429/1353/1811 2430/1349/1807 2447/1361/1819 2446/1362/1820
f 2441/1356/1814 2426/1355/1813 2443/1364/1822 2450/1365/1823
f 2402/630/1326 2461/669/80 2462/1330/1786 2409/1328/1789
f 2434/1321/1782 2435/1320/1781 2437/1336/1796 2436/1344/1802
f 2464/1331/1791 2466/1339/1797 2423/1350/1808 2416/1332/1792
f 2438/1345/1803 2439/1352/1810 2441/1356/1814 2440/1358/1816
f 2440/1358/1816 2441/1356/1814 2450/1365/1823 2449/1366/1824
f 2449/1366/1824 2450/1365/1823 2459/1367/1825 2458/1368/1826
f 2440/1358/1816 2449/1366/1824 2442/1369/1827 2425/1359/1817
f 2470/1360/1818 2472/1370/1828 2456/1371/1829 2447/1361/1819
f 2426/1355/1813 2427/1357/1815 2444/1372/1830 2443/1364/1822
f 2445/1363/1821 2446/1362/1820 2455/1373/1831 2454/1374/1832
f 2428/1354/1812 2445/1363/1821 2444/1372/1830 2427/1357/1815
f 2446/1362/1820 2447/1361/1819 2456/1371/1829 2455/1373/1831
f 2450/1365/1823 2443/1364/1822 2452/1375/1833 2459/1367/1825
f 2449/1366/1824 2458/1368/1826 2451/1376/1834 2442/1369/1827
f 2452/1375/1833 2456/1377/1829 2472/1378/1828 2459/1367/1825
f 2443/1364/1822 2444/1372/1830 2453/1379/1835 2452/1375/1833
f 2445/1363/1821 2454/1374/1832 2453/1379/1835 2444/1372/1830
f 2455/1380/1831 2456/1377/1829 2452/1375/1833 2453/1379/1835
f 2461/669/80 2460/621/80 2463/1325/1786 2462/1330/1786
f 2462/1330/1786 2463/1325/1786 2465/1337/1791 2464/1331/1791
f 2410/1324/1785 2417/1381/1836 2465/1337/1791 2463/1325/1786
f 2415/1333/1793 2416/1332/1792 2423/1350/1808 2422/1343/1801
f 2466/1339/1797 2467/1338/1797 2469/1382/1806 2468/1348/1806
f 2424/1383/1837 2431/1384/1838 2469/1382/1806 2467/1338/1797
f 2468/1348/1806 2469/1382/1806 2471/1385/1818 2470/1360/1818
f 2431/1384/1838 2448/1386/1839 2471/1385/1818 2469/1382/1806
f 2470/1360/1818 2471/1385/1818 2473/1387/1840 2472/1370/1828
f 2448/1386/1839 2457/1388/1841 2473/1387/1840 2471/1385/1818
f 2459/1367/1825 2472/1378/1828 2473/1389/1840 2458/1368/1826
f 2457/1390/1841 2451/1376/1834 2458/1368/1826 2473/1389/1840
f 2453/1379/1835 2454/1374/1832 2455/1380/1831
f 2479/1317/1778 2372/1313/1776 2341/1265/1753 2477/1391/1842
f 2477/1391/1842 2341/1265/1753 2491/545/1266 2497/696/1381
f 2375/1249/1746 2347/777/1297 2379/1279/1297 2377/1250/1746
f 2486/1392/1843 2477/1391/1842 2497/696/1381 2498/698/1383
f 2337/1312/1747 2373/1256/1746 2375/1249/1746 2333/1252/1747
f 2483/1393/1844 2482/1318/1779 2481/1316/1777 2480/1394/1845
f 2478/1395/1846 2480/1394/1845 2481/1316/1777 2479/1317/1778
f 2478/1395/1846 2479/1317/1778 2477/1391/1842 2486/1392/1843
f 2283/1396/1715 2284/1184/1715 2309/1187/1715 2308/1397/1715
f 2594/464/1240 2595/705/1387 2262/1398/1729 2249/1182/1727
f 2265/1193/1689 2263/1191/78 2270/1247/78 2273/1194/1689
f 2261/1399/1689 2259/1188/78 2263/1191/78 2265/1193/1689
f 2327/1243/65 2325/1240/65 2201/1122/1699 2202/1121/1698
f 2246/1168/78 2243/1178/1689 2241/1253/1689 2536/1400/1847 2538/1169/1722
f 2503/1401/65 2233/1402/1389 2366/1403/546
f 2648/1275/1276 2371/558/1276 2362/711/1287 2647/1291/1287
f 2302/1108/1689 2299/1107/78 2581/1158/1716 2579/1404/1848 2585/1177/1689
f 2542/1272/1759 2351/1271/1758 2352/1405/1849 2519/1309/1773
f 2527/1406/1392 2523/1407/1392 2524/1408/1393
f 2352/1405/1849 2388/1310/1774 2519/1309/1773
f 2572/1223/1718 2289/1409/1850 2534/1410/1851 2584/1224/1743
f 2525/1411/1396 2527/1406/1392 2524/1408/1393
f 2525/1411/1396 2556/1412/1396 2555/1413/1392 2531/1414/1852 2530/1415/1853 2527/1406/1392
f 2529/1416/1854 2526/1417/1855 2522/1418/1856 2528/1419/1857
f 2531/1414/1852 2564/1420/1858 2563/1421/2
f 2568/1422/65 2503/1401/65 2516/1423/1859 2566/1424/1403
f 2531/1414/1852 2563/1421/2 2559/1425/2
f 2568/1422/65 2233/1402/1389 2503/1401/65
f 2506/1235/1726 2282/1225/1715 2281/1145/1713 2508/1236/1726
f 2310/1186/1715 2313/1209/1715 2321/1203/1734 2319/1212/1734
f 2260/1426/1725 2264/1192/1725 2504/1228/1726 2505/1264/1726
f 2236/1136/78 2237/1295/78 2301/1427/78 2303/1157/78
f 2301/1427/78 2237/1295/78 2240/1298/1767 2300/1428/407
f 2528/1419/1857 2522/1418/1856 2523/1407/1392 2527/1406/1392 2530/1415/1853
f 2519/1309/1773 2540/1429/1860 2543/1430/1861 2542/1272/1759
f 2301/1427/78 2300/1428/407 2571/1431/407 2570/1154/78
f 2553/1432/1862 2533/1433/1863 2560/1434/1864 2569/1435/1865
f 2564/1420/1858 2558/1436/76 2551/1437/76 2562/1438/1866
f 2501/1439/1867 2515/1440/1868 2517/1441/1869 2516/1423/1859 2503/1401/65 2502/1442/65
f 2555/1413/1392 2548/742/1392 2549/741/1410 2531/1414/1852
f 2559/1425/2 2532/1443/76 2557/1444/76 2563/1421/2
f 2501/1439/1867 2232/1445/1708 2513/1446/1721 2304/1141/1709 2305/1144/1712
f 2332/1246/1707 2226/1134/1705 2231/1164/1719 2232/1163/1708
f 2565/1447/1393 2547/749/1393 2548/742/1392 2555/1413/1392
f 2553/1432/1862 2552/752/1412 2546/751/1403 2566/1424/1403
f 2554/1448/80 2569/1435/1865 2561/1449/1870 2550/1450/80
f 2565/1447/1393 2555/1413/1392 2556/1412/1396
f 2563/1421/2 2557/1444/76 2558/1451/76 2564/1420/1858
f 2562/1438/1866 2561/1449/1870 2569/1435/1865 2564/1420/1858
f 2566/1424/1403 2546/751/1403 2545/753/65 2568/1422/65
f 2305/1144/1712 2518/1222/1742 2515/1440/1868 2501/1439/1867
f 2660/1452/1871 2655/1281/1283 2658/1280/1281 2662/1453/1281
f 2659/1287/1764 2654/1286/1763 2663/1454/1872
f 2663/1454/1872 2654/1286/1763 2661/1319/1780
f 2647/1291/1287 2362/711/1287 2355/608/1286 2646/1288/1286
f 2595/705/1387 2596/758/1415 2266/1455/1730 2262/1398/1729
f 2596/758/1415 2597/760/1416 2630/1456/1731 2266/1455/1730
f 2241/1253/1689 2585/1177/1689 2579/1404/1848 2536/1400/1847
f 2326/607/1305 2632/761/1419 2649/1315/1305
f 2589/762/1420 2601/765/80 2300/1457/407 2240/1458/1767
f 2364/1126/76 2331/1125/1701 2332/1138/1707 2365/1137/76
f 2236/1136/78 2235/1135/1706 2238/1296/1765 2237/1295/78
f 2566/1424/1403 2516/1423/1859 2533/1433/1863 2553/1432/1862
f 2626/1459/19 2607/1460/19 2620/769/19 2618/768/19
f 2333/1252/1747 2293/1251/1747 2494/771/76 2493/604/76
f 2204/1100/1687 2212/1099/1686 2202/1121/1698 2208/1118/1695
f 1904/1461/405 1653/1022/405 2593/1021/80 2590/1462/80
f 2601/765/80 1699/764/405 1904/1461/405 2590/1462/80
f 2628/1463/1422 2616/775/1424 2617/774/1423 2622/1464/1423
f 2640/778/10 2642/1465/10 2643/1466/397 2636/779/397
f 2638/1467/1873 2644/1468/1874 2645/1469/1875 2634/1470/1876
f 2642/1465/10 2639/1471/400 2635/1472/390 2643/1466/397
f 2645/1469/1875 2637/788/550 2636/779/397 2643/1466/397
f 2644/1468/1874 2638/1473/1873 2639/1474/400 2642/1475/10
f 2644/1468/1874 2641/792/546 2637/788/550 2645/1469/1875
f 2634/1476/1876 2645/1469/1875 2643/1466/397 2635/1472/390
f 2641/792/546 2644/1468/1874 2642/1475/10 2640/794/10
f 2639/1477/400 2638/1467/1873 2634/1470/1876 2635/1478/390
f 2198/1096/1683 2182/1095/1682 2183/1085/1674 2197/1082/1672
f 2184/1086/1675 2183/1085/1674 2193/1092/1681 2192/1094/78
f 2654/1286/1763 2653/1274/1760 2648/1275/1276
f 2649/1315/1305 2656/1289/1286 2646/1288/1286
f 2657/1290/1287 2654/1286/1763 2648/1275/1276 2647/1291/1287
f 2231/1164/1719 2226/1134/1705 2227/1133/1689 2230/1109/1689
f 2263/1191/78 2266/1190/1730 2269/1196/78 2270/1247/78
f 2303/1157/78 2301/1427/78 2570/1154/78 2586/1153/78
f 2649/1315/1305 2238/1479/1765 2235/1480/1706
f 2653/1274/1760 2659/1287/1764 2651/1481/1429
f 2211/1482/1688 2652/1282/1282 2655/1281/1283 2363/1483/1430
f 2215/1285/549 2211/1484/1688 2363/1485/1430 2358/1244/65
f 2661/1319/1780 2219/1486/1696 2208/1487/1695 2663/1454/1872
f 2222/1128/1702 2364/1126/76 2365/1137/76 2228/1488/76
f 2357/1127/76 2364/1126/76 2222/1128/1702 2200/1116/406
f 2260/1426/1725 2261/1399/1689 2265/1193/1689 2264/1192/1725
f 2267/1489/1877 2268/1490/78 2629/1491/78 2277/1492/1878
f 2661/1319/1780 2656/1289/1286 2225/1493/1704
f 2206/1494/1879 2214/1495/1745 2330/1496/1744 2660/1452/1871
f 2662/1453/1281 2658/1280/1281 2659/1287/1764 2663/1454/1872
f 2661/1319/1780 2225/1493/1704 2219/1486/1696
f 2661/1319/1780 2654/1286/1763 2657/1290/1287
f 2649/1315/1305 2632/761/1419 2238/1479/1765
f 2229/1497/76 2228/1488/76 2365/1137/76 2366/1140/546 2233/1498/1389
f 2369/1499/19 2370/1500/19 2354/1501/1880
f 2208/1487/1695 2207/1502/1700 2662/1453/1281 2663/1454/1872
f 2361/1293/1288 2357/1127/76 2200/1116/406 2210/1115/1693
f 2363/1483/1430 2655/1281/1283 2660/1452/1871 2330/1496/1744
f 2325/1245/65 2358/1244/65 2363/1485/1430 2330/1503/1744
f 2207/1123/1700 2201/1122/1699 2214/1242/1745 2206/1504/1879
f 2659/1287/1764 2658/1280/1281 2650/1283/1281 2651/1481/1429
f 2207/1502/1700 2206/1494/1879 2660/1452/1871 2662/1453/1281
f 2669/820/1434 2677/1505/1881 2676/1506/1882 2668/821/80
f 2668/821/80 2676/1506/1882 2675/1505/1883 2667/820/1437
f 2672/1507/1884 2673/1508/1885 2683/1509/1886 2686/1510/1887
f 2667/820/1437 2675/1505/1883 2674/1511/1888 2666/828/1443
f 2664/830/1445 2665/831/1446 2673/1508/1885 2672/1507/1884
f 2670/828/1447 2671/833/1450 2679/1512/1889 2678/1511/1890
f 2686/1510/1887 2683/1509/1886 2689/1513/1891 2688/1514/1892
f 2677/1505/1881 2678/1511/1890 2681/1515/1893 2682/1516/1894
f 2676/1506/1882 2677/1505/1881 2682/1516/1894 2684/1517/1895
f 2687/1515/1896 2685/1516/1897 2691/1518/1898 2690/1519/1899
f 2675/1505/1883 2676/1506/1882 2684/1517/1895 2685/1516/1897
f 2687/1515/1896 2690/1519/1899 2689/1513/1891 2683/1509/1886
f 2674/1511/1888 2675/1505/1883 2685/1516/1897 2687/1515/1896
f 2673/1508/1885 2674/1511/1888 2687/1515/1896 2683/1509/1886
f 2678/1511/1890 2679/1512/1889 2680/1520/1900 2681/1515/1893
f 2679/1512/1889 2672/1507/1884 2686/1510/1887 2680/1520/1900
f 2695/1521/1901 2680/1520/1900 2686/1510/1887 2688/1514/1892
f 2690/1519/1899 2698/1522/1902 2697/1523/1903 2689/1513/1891
f 2684/1517/1895 2682/1516/1894 2693/1518/1904 2692/1524/1905
f 2685/1516/1897 2684/1517/1895 2692/1524/1905 2691/1518/1898
f 2688/1514/1892 2696/1525/1906 2703/1526/1907 2695/1521/1901
f 2689/1513/1891 2697/1523/1903 2696/1525/1906 2688/1514/1892
f 2680/1520/1900 2695/1521/1901 2694/1519/1908 2681/1515/1893
f 2682/1516/1894 2681/1515/1893 2694/1519/1908 2693/1518/1904
f 2691/1518/1898 2699/1527/1909 2698/1522/1902 2690/1519/1899
f 2695/1521/1901 2703/1526/1907 2702/1522/1910 2694/1519/1908
f 2694/1519/1908 2702/1522/1910 2701/1527/1911 2693/1518/1904
f 2693/1518/1904 2701/1527/1911 2700/1528/1912 2692/1524/1905
f 2692/1524/1905 2700/1528/1912 2699/1527/1909 2691/1518/1898
f 2697/1523/1903 2705/1529/1913 2704/1530/1914 2696/1525/1906
f 2696/1525/1906 2704/1530/1914 2711/1531/1915 2703/1526/1907
f 2699/1527/1909 2707/1532/1916 2706/1533/1917 2698/1522/1902
f 2698/1522/1902 2706/1533/1917 2705/1529/1913 2697/1523/1903
f 2703/1526/1907 2711/1531/1915 2710/1533/1918 2702/1522/1910
f 2702/1522/1910 2710/1533/1918 2709/1532/1919 2701/1527/1911
f 2701/1527/1911 2709/1532/1919 2708/1534/1920 2700/1528/1912
f 2700/1528/1912 2708/1534/1920 2707/1532/1916 2699/1527/1909
f 2707/1532/1916 2715/1535/1921 2714/1536/1922 2706/1533/1917
f 2706/1533/1917 2714/1536/1922 2713/1537/1923 2705/1529/1913
f 2705/1529/1913 2713/1537/1923 2712/1538/1924 2704/1530/1914
f 2704/1530/1914 2712/1538/1924 2719/1539/1925 2711/1531/1915
f 2710/1533/1918 2718/1536/1926 2717/1535/1927 2709/1532/1919
f 2713/1537/1923 2714/1536/1922 2722/1540/1928 2721/1541/1929
f 2709/1532/1919 2717/1535/1927 2716/1542/1930 2708/1534/1920
f 2712/1538/1924 2713/1537/1923 2721/1541/1929 2720/1543/1931
f 2708/1534/1920 2716/1542/1930 2715/1535/1921 2707/1532/1916
f 2721/1541/1929 2729/1544/1932 2728/1545/1933 2720/1543/1931
f 2718/1536/1926 2719/1539/1925 2727/1546/1934 2726/1540/1935
f 2711/1531/1915 2719/1539/1925 2718/1536/1926 2710/1533/1918
f 2719/1539/1925 2712/1538/1924 2720/1543/1931 2727/1546/1934
f 2717/1535/1927 2718/1536/1926 2726/1540/1935 2725/1547/1936
f 2716/1542/1930 2717/1535/1927 2725/1547/1936 2724/1548/1937
f 2723/1547/1938 2731/1549/1939 2730/1550/1940 2722/1540/1928
f 2715/1535/1921 2716/1542/1930 2724/1548/1937 2723/1547/1938
f 2722/1540/1928 2730/1550/1940 2729/1544/1932 2721/1541/1929
f 2714/1536/1922 2715/1535/1921 2723/1547/1938 2722/1540/1928
f 2720/1543/1931 2728/1545/1933 2735/1551/1941 2727/1546/1934
f 2726/1540/1935 2734/1550/1942 2733/1549/1943 2725/1547/1936
f 2725/1547/1936 2733/1549/1943 2732/1552/1944 2724/1548/1937
f 2724/1548/1937 2732/1552/1944 2731/1549/1939 2723/1547/1938
f 2729/1544/1932 2737/1553/1945 2736/1554/1946 2728/1545/1933
f 2727/1546/1934 2735/1551/1941 2734/1550/1942 2726/1540/1935
f 2731/1549/1939 2739/1555/1947 2738/1556/1948 2730/1550/1940
f 2730/1550/1940 2738/1556/1948 2737/1553/1945 2729/1544/1932
f 2728/1545/1933 2736/1554/1946 2743/1557/1949 2735/1551/1941
f 2735/1551/1941 2743/1557/1949 2742/1556/1950 2734/1550/1942
f 2734/1550/1942 2742/1556/1950 2741/1555/1951 2733/1549/1943
f 2733/1549/1943 2741/1555/1951 2740/1558/1952 2732/1552/1944
f 2732/1552/1944 2740/1558/1952 2739/1555/1947 2731/1549/1939
f 2736/1554/1946 2744/881/1514 2751/880/1513 2743/1557/1949
f 2741/1555/1951 2749/883/1515 2748/882/76 2740/1558/1952
f 2740/1558/1952 2748/882/76 2747/883/1516 2739/1555/1947
f 2665/831/1446 2666/828/1443 2674/1511/1888 2673/1508/1885
f 2742/1556/1950 2750/884/1517 2749/883/1515 2741/1555/1951
f 2739/1555/1947 2747/883/1516 2746/884/1518 2738/1556/1948
f 2737/1553/1945 2745/885/1519 2744/881/1514 2736/1554/1946
f 2743/1557/1949 2751/880/1513 2750/884/1517 2742/1556/1950
f 2738/1556/1948 2746/884/1518 2745/885/1519 2737/1553/1945
f 2678/1511/1890 2677/1505/1881 2669/820/1434 2670/828/1447
f 2759/886/1520 2752/886/1523 2760/1559/1953 2767/1559/1954
f 2761/1560/1955 2762/1561/1956 2866/1562/1957 2865/1563/1958
f 2758/892/1528 2759/886/1520 2767/1559/1954 2766/1560/1959
f 2756/893/1530 2757/895/1533 2765/1561/1960 2764/1564/1961
f 2754/895/1534 2755/893/1536 2763/1564/1962 2762/1561/1956
f 2752/886/1523 2753/892/1537 2761/1560/1955 2760/1559/1953
f 2755/893/1536 2756/893/1530 2764/1564/1961 2763/1564/1962
f 2779/896/1538 2778/899/1533 2770/1565/1963 2771/1566/1964
f 2776/900/1541 2783/900/1544 2775/1567/1965 2768/1567/1966
f 2781/899/1545 2780/896/1548 2772/1566/1967 2773/1565/1968
f 2782/902/1549 2781/899/1545 2773/1565/1968 2774/1568/1969
f 2780/896/1548 2779/896/1538 2771/1566/1964 2772/1566/1967
f 2783/900/1544 2782/902/1549 2774/1568/1969 2775/1567/1965
f 2777/902/1528 2776/900/1541 2768/1567/1966 2769/1568/1970
f 2790/904/1528 2791/907/1541 2799/1569/1971 2798/1570/1972
f 2784/907/1544 2785/904/1549 2793/1570/1973 2792/1569/1974
f 2787/908/1548 2788/908/1538 2796/1571/1975 2795/1571/1976
f 2785/904/1549 2786/911/1545 2794/1572/1977 2793/1570/1973
f 2786/911/1545 2787/908/1548 2795/1571/1976 2794/1572/1977
f 2791/907/1541 2784/907/1544 2792/1569/1974 2799/1569/1971
f 2788/908/1538 2789/911/1533 2797/1572/1978 2796/1571/1975
f 2811/912/1538 2810/915/1533 2802/1573/1978 2803/1574/1975
f 2808/916/1541 2815/916/1544 2807/1575/1974 2800/1575/1971
f 2813/915/1545 2812/912/1548 2804/1574/1976 2805/1573/1977
f 2814/918/1549 2813/915/1545 2805/1573/1977 2806/1576/1973
f 2812/912/1548 2811/912/1538 2803/1574/1975 2804/1574/1976
f 2815/916/1544 2814/918/1549 2806/1576/1973 2807/1575/1974
f 2809/918/1528 2808/916/1541 2800/1575/1971 2801/1576/1972
f 2822/920/1528 2823/923/1541 2831/1577/1979 2830/1578/1980
f 2816/923/1544 2817/920/1564 2825/1578/1981 2824/1577/1982
f 2819/924/1548 2820/924/1538 2828/1579/1983 2827/1579/1984
f 2817/920/1564 2818/927/1568 2826/1580/1985 2825/1578/1981
f 2818/927/1568 2819/924/1548 2827/1579/1984 2826/1580/1985
f 2823/923/1541 2816/923/1544 2824/1577/1982 2831/1577/1979
f 2820/924/1538 2821/927/1533 2829/1580/1986 2828/1579/1983
f 2845/928/1528 2846/931/1541 2863/1581/1979 2862/1582/1980
f 2832/931/1544 2833/928/1564 2848/1582/1981 2847/1581/1982
f 2835/932/1548 2836/932/1538 2851/1583/1983 2850/1583/1984
f 2833/928/1564 2834/935/1570 2849/1584/1985 2848/1582/1981
f 2834/935/1570 2835/932/1548 2850/1583/1984 2849/1584/1985
f 2857/936/1538 2856/939/1533 2840/1585/1987 2841/1586/1988
f 2846/931/1541 2832/931/1544 2847/1581/1982 2863/1581/1979
f 2854/940/1541 2861/940/1544 2853/1587/1989 2838/1587/1990
f 2836/932/1538 2837/935/1533 2852/1584/1986 2851/1583/1983
f 2859/939/1570 2858/936/1548 2842/1586/1991 2843/1585/1992
f 2860/942/1577 2859/939/1570 2843/1585/1992 2844/1588/1993
f 2858/936/1548 2857/936/1538 2841/1586/1988 2842/1586/1991
f 2861/940/1544 2860/942/1577 2844/1588/1993 2853/1587/1989
f 2855/942/1528 2854/940/1541 2838/1587/1990 2839/1588/1994
f 2881/1589/1995 2873/1590/1996 2874/1591/1997 2882/1592/1998
f 2864/1593/1999 2871/1593/2000 2767/1559/1954 2760/1559/1953
f 2764/1564/1961 2868/1594/2001 2867/1594/2002 2763/1564/1962
f 2761/1560/1955 2865/1563/1958 2864/1593/1999 2760/1559/1953
f 2765/1561/1960 2869/1562/2003 2868/1594/2001 2764/1564/1961
f 2763/1564/1962 2867/1594/2002 2866/1562/1957 2762/1561/1956
f 2865/1563/1958 2866/1562/1957 2874/1591/1997 2873/1590/1996
f 2881/1589/1995 2882/1592/1998 2890/1595/2004 2889/1596/2005
f 2868/1594/2001 2876/1597/2006 2875/1597/2007 2867/1594/2002
f 2865/1563/1958 2873/1590/1996 2872/1598/2008 2864/1593/1999
f 2871/1593/2000 2879/1598/2009 2878/1590/2010 2870/1563/2011
f 2869/1562/2003 2877/1591/2012 2876/1597/2006 2868/1594/2001
f 2767/1559/1954 2871/1593/2000 2870/1563/2011 2766/1560/1959
f 2867/1594/2002 2875/1597/2007 2874/1591/1997 2866/1562/1957
f 2876/1597/2006 2884/1599/2013 2883/1599/2014 2875/1597/2007
f 2875/1597/2007 2883/1599/2014 2882/1592/1998 2874/1591/1997
f 2873/1590/1996 2881/1589/1995 2880/1600/2015 2872/1598/2008
f 2880/1600/2015 2887/1600/2016 2879/1598/2009 2872/1598/2008
f 2879/1598/2009 2887/1600/2016 2886/1589/2017 2878/1590/2010
f 2877/1591/2012 2885/1592/2018 2884/1599/2013 2876/1597/2006
f 2872/1598/2008 2879/1598/2009 2871/1593/2000 2864/1593/1999
f 2889/1596/2005 2890/1595/2004 2898/1601/2019 2897/1602/2020
f 2884/1599/2013 2892/1603/2021 2891/1603/2022 2883/1599/2014
f 2883/1599/2014 2891/1603/2022 2890/1595/2004 2882/1592/1998
f 2897/1602/2020 2898/1601/2019 2906/1604/2023 2905/1605/2024
f 2885/1592/2018 2893/1595/2025 2892/1603/2021 2884/1599/2013
f 2881/1589/1995 2889/1596/2005 2888/1606/2026 2880/1600/2015
f 2888/1606/2026 2895/1606/2027 2887/1600/2016 2880/1600/2015
f 2887/1600/2016 2895/1606/2027 2894/1596/2028 2886/1589/2017
f 2895/1606/2027 2903/1607/2029 2902/1602/2030 2894/1596/2028
f 2892/1603/2021 2900/1608/2031 2899/1608/2032 2891/1603/2022
f 2891/1603/2022 2899/1608/2032 2898/1601/2019 2890/1595/2004
f 2907/1609/2033 2908/1609/2034 2916/1610/2035 2915/1610/2036
f 2893/1595/2025 2901/1601/2037 2900/1608/2031 2892/1603/2021
f 2889/1596/2005 2897/1602/2020 2896/1607/2038 2888/1606/2026
f 2896/1607/2038 2903/1607/2029 2895/1606/2027 2888/1606/2026
f 2897/1602/2020 2905/1605/2024 2904/1611/2039 2896/1607/2038
f 2903/1607/2029 2911/1611/2040 2910/1605/2041 2902/1602/2030
f 2900/1608/2031 2908/1609/2034 2907/1609/2033 2899/1608/2032
f 2899/1608/2032 2907/1609/2033 2906/1604/2023 2898/1601/2019
f 2905/1605/2024 2906/1604/2023 2914/1612/2042 2913/1613/2043
f 2901/1601/2037 2909/1604/2044 2908/1609/2034 2900/1608/2031
f 2904/1611/2039 2911/1611/2040 2903/1607/2029 2896/1607/2038
f 2906/1604/2023 2907/1609/2033 2915/1610/2036 2914/1612/2042
f 2910/1605/2041 2911/1611/2040 2919/1614/2045 2918/1613/2046
f 2904/1611/2039 2905/1605/2024 2913/1613/2043 2912/1614/2047
f 2908/1609/2034 2909/1604/2044 2917/1612/2048 2916/1610/2035
f 2753/892/1537 2754/895/1534 2762/1561/1956 2761/1560/1955
f 2904/1611/2039 2912/1614/2047 2919/1614/2045 2911/1611/2040
f 2398/618/1315 2405/1323/1784 2435/1320/1781 2432/613/1310
f 2417/1381/1836 2424/1383/1837 2467/1338/1797 2465/1337/1791
f 2671/833/1450 2664/830/1445 2672/1507/1884 2679/1512/1889
f 2502/1442/65 2503/1401/65 2366/1403/546 2232/1445/1708 2501/1439/1867
f 2568/1422/65 2545/753/65 2544/971/65 2567/1615/65
f 2567/1615/65 2233/1402/1389 2568/1422/65
f 2580/1172/1725 2585/1177/1689 2241/1253/1689 2537/1254/1725
f 2581/1158/1716 2586/1153/78 2535/1156/78 2538/1169/1722
f 2571/1616/407 2590/1462/80 2593/1021/80 2254/1617/407
f 2572/1162/1718 2573/1161/1717 2314/1618/2049 2289/1619/1850
f 2575/1155/78 2242/1174/78 2244/1167/78 2535/1156/78
f 2579/1404/1848 2587/1620/2050 2578/1621/2051 2536/1400/1847
f 2509/1622/1726 2574/1173/1726 2580/1172/1725 2537/1254/1725
f 2289/1619/1850 2314/1618/2049 2315/1218/1740 2290/1217/1739
f 2508/1236/1726 2281/1145/1713 2577/1148/1715 2509/1622/1726
f 2537/1254/1725 2245/1181/1725 2508/1236/1726 2509/1622/1726
f 2539/1147/1715 2306/1146/1714 2315/1218/1740 2314/1618/2049
f 2577/1148/1715 2539/1147/1715 2583/1237/1715 2582/1233/1715
f 2509/1622/1726 2577/1148/1715 2582/1233/1715 2574/1173/1726
f 2583/1237/1715 2539/1147/1715 2314/1618/2049 2573/1161/1717
f 2515/1440/1868 2518/1222/1742 2529/1416/1854 2528/1419/1857
f 2533/1433/1863 2516/1423/1859 2517/1441/1869 2515/1440/1868 2528/1419/1857 2530/1415/1853
f 2553/1432/1862 2569/1435/1865 2564/1420/1858 2531/1414/1852
f 2552/752/1412 2553/1432/1862 2531/1414/1852 2549/741/1410
f 2526/1417/1855 2529/1416/1854 2519/1309/1773 2521/1311/1775
f 2243/1178/1689 2246/1168/78 2252/1623/78 2257/1179/1689
f 2252/1623/78 2246/1168/78 2244/1167/78 2255/1176/78
f 2240/1458/1767 2239/1624/1766 2633/981/1638 2589/762/1420
f 2247/1625/1725 2248/1626/1689 2261/1399/1689 2260/1426/1725
f 2270/1247/78 2269/1196/78 2268/1490/78 2271/1248/78
f 2350/1270/1757 2520/1269/1756 2534/1410/1851
f 2656/1289/1286 2235/1480/1706 2225/1493/1704
f 2286/1215/1737 2311/1627/2052 2312/1208/1715 2287/1207/1715
f 1700/733/75 1924/433/75 1904/1047/405 1699/734/405
f 2496/576/10 2494/771/76 2293/1251/1747 2394/1262/1751
f 2271/1248/78 2268/1490/78 2267/1489/1877 2272/1628/388
f 2534/1410/1851 2289/1409/1850 2290/1629/1739 2350/1270/1757
f 2600/450/1234 2599/999/1643 2279/1630/2053 2280/1170/1723
f 2656/1289/1286 2649/1315/1305 2235/1480/1706
f 2348/1292/19 2394/1262/1751 2376/1263/1752 2345/1302/19
f 2295/1631/1735 2346/1632/24 2334/1633/23 2294/1634/1741
f 2295/1631/1735 2297/1635/1733 2342/1636/25 2346/1632/24
f 2390/1637/1645 2389/1638/2054 2396/1639/1771 2383/1640/1768
f 2396/1639/1771 2389/1638/2054 2393/1007/1648 2392/1006/1647
f 2392/1008/1647 2391/577/19 2348/1292/19 2396/1306/1771
f 2356/1641/19 2921/1642/2055 2389/1638/2054 2390/1637/1645
f 2395/1643/19 2625/1012/19 2608/1011/10 2609/1644/2056
f 2395/1645/19 2367/1646/2057 2615/1647/2058 2624/1648/19
f 2612/1649/2059 2626/1459/19 2611/1650/19 2614/1651/2060
f 2597/760/1416 2598/447/1231 2278/1171/1724 2630/1456/1731
f 2268/1490/78 2269/1196/78 2631/1198/78 2629/1491/78
f 2632/761/1419 2633/981/1638 2239/1624/1766 2238/1479/1765
f 2280/1206/1723 2279/1652/2053 2629/1491/78 2631/1198/78
f 2593/1021/80 2592/1024/1653 2253/1653/2061 2254/1617/407
f 2250/1654/1728 2256/1175/78 2254/1655/407 2253/1656/2061
f 2255/1176/78 2249/1657/1727 2251/1658/78 2252/1623/78
f 2592/1024/1653 2591/461/1237 2250/1183/1728 2253/1653/2061
f 2252/1623/78 2251/1658/78 2248/1626/1689 2257/1179/1689
f 2256/1175/78 2250/1654/1728 2249/1657/1727 2255/1176/78
f 2257/1179/1689 2248/1626/1689 2247/1625/1725 2258/1180/1725
f 2308/1397/1715 2309/1187/1715 2318/1221/1734 2316/1659/1734
f 2307/1226/1715 2308/1397/1715 2316/1659/1734 2317/1219/1734
f 2511/1660/1726 2283/1396/1715 2282/1225/1715 2506/1235/1726
f 2511/1660/1726 2505/1264/1726 2284/1184/1715 2283/1396/1715
f 2258/1180/1725 2247/1625/1725 2511/1660/1726 2506/1235/1726
f 2507/1661/1736 2614/1651/2060 2611/1650/19 2621/1662/19
f 2283/1396/1715 2308/1397/1715 2307/1226/1715 2282/1225/1715
f 2251/1658/78 2249/1657/1727 2262/1189/1729 2259/1188/78
f 2292/1663/2062 2316/1659/1734 2318/1221/1734 2294/1220/1741
f 2248/1626/1689 2251/1658/78 2259/1188/78 2261/1399/1689
f 2260/1426/1725 2505/1264/1726 2511/1660/1726 2247/1625/1725
f 2291/1216/1738 2317/1219/1734 2316/1659/1734 2292/1663/2062
f 2311/1664/2052 2623/1665/19 2624/1648/19 2615/1647/2058
f 2276/1200/1725 2614/1666/2060 2507/1214/1736 2510/1213/1726
f 2629/1491/78 2279/1652/2053 2613/1667/2063 2277/1492/1878
f 2599/999/1643 2616/1040/1424 2613/1668/2063 2279/1630/2053
f 2274/1199/1689 2271/1248/78 2272/1628/388 2612/1669/2059
f 2276/1200/1725 2274/1199/1689 2612/1669/2059 2614/1666/2060
f 2296/1201/1732 2320/1204/1734 2615/1670/2058 2367/1671/2057
f 2312/1208/1715 2311/1627/2052 2615/1670/2058 2320/1204/1734
f 2267/1672/1877 2277/1673/1878 2622/1464/1423 2610/1674/1656
f 2291/1675/1738 2343/1676/26 2350/1677/1757 2290/1678/1739
f 2621/1662/19 2606/1050/19 2619/1049/19 2627/1679/19
f 2623/1665/19 2604/1052/19 2605/1051/19 2624/1648/19
f 2627/1679/19 2619/1049/19 2604/1052/19 2623/1665/19
f 2507/1661/1736 2621/1662/19 2627/1679/19 2286/1680/1737
f 2626/1459/19 2618/768/19 2602/1054/19 2611/1650/19
f 2610/1674/1656 2603/1055/1656 2620/769/19 2607/1460/19
f 2625/1056/19 2395/1645/19 2624/1648/19 2605/1051/19
f 2610/1674/1656 2622/1464/1423 2617/774/1423 2603/1055/1656
f 2613/1681/2063 2628/1463/1422 2622/1464/1423 2277/1673/1878
f 2286/1680/1737 2627/1679/19 2623/1665/19 2311/1664/2052
f 2272/1682/388 2607/1460/19 2626/1459/19 2612/1649/2059
f 2267/1672/1877 2610/1674/1656 2607/1460/19 2272/1682/388
f 2611/1650/19 2602/1054/19 2606/1050/19 2621/1662/19
f 2478/1395/1846 2475/1683/2064 2489/1684/2065 2480/1394/1845
f 2474/1685/2066 2475/1683/2064 2478/1395/1846 2486/1392/1843
f 2484/1686/2067 2920/1687/2068 2487/1064/1662 2499/1688/2069
f 2483/1393/1844 2480/1394/1845 2489/1684/2065 2490/1689/2070
f 2498/698/1383 2476/1067/1665 2474/1685/2066 2486/1392/1843
f 2499/1688/2069 2487/1064/1662 2485/1068/1666
f 2488/1690/65 2475/1683/2064 2474/1685/2066 2920/1691/2068
f 2487/1071/1662 2920/1691/2068 2474/1685/2066 2476/1067/1665
f 2490/1692/2070 2489/1684/2065 2475/1683/2064 2488/1690/65
f 2921/1642/2055 2924/1693/31 2922/1694/30 2389/1638/2054
f 2350/1677/1757 2343/1676/26 2344/1259/29 2351/1695/1758
f 1774/1696/1278 1740/597/1261 1771/561/1261
f 2403/1697/1320 1791/1698/1319 1798/1699/1374 1805/1700/1375 1812/1701/1376 1827/1702/1377 1836/1703/1379 1830/1704/1372 1821/1705/1365 1806/1706/1354 1799/1707/1342 1792/1708/1341 1785/1709/1328 2397/1710/1327 2404/1711/1790 2411/1712/1805 2418/1713/1804 2425/1714/1817 2442/1715/1827 2451/1716/1834 2457/1717/1841 2448/1718/1839 2431/1719/1838 2424/1720/1837 2417/1721/1836 2410/1722/1785
f 2521/1311/1775 2388/1310/1774 2386/1723/1769
f 1746/1724/1391 1779/989/1303 1742/988/1640 1738/1725/5 1745/1726/1271
f 2387/1257/1749 2382/1727/1296 2385/1728/1299 2338/1258/1750
f 1747/1729/2071 1776/1730/1280 1775/1003/1292 1781/1002/1645
f 1904/1047/405 1641/453/75 1655/455/75 1653/1027/405
f 1732/1268/1755 1774/1267/1278 1776/1731/1280 1747/1732/2071 1866/1733/2072
f 2352/1734/1849 2351/1695/1758 2344/1259/29 2338/1258/1750 2388/1735/1774
f 2388/1735/1774 2338/1258/1750 2385/1728/1299 2386/1736/1769
f 1774/1314/1278 1777/592/1295 1761/540/1262 1770/539/1261
f 2339/1737/2073 2384/1738/1761 2382/1739/1296 2387/1740/1749 2500/1308/1772
f 2339/1741/2073 2390/1637/1645 2383/1640/1768 2384/1742/1761
f 2354/1501/1880 2370/1500/19 2339/1741/2073
f 2354/1743/1880 2339/1737/2073 2500/1308/1772 2340/1307/21
f 2575/1155/78 2570/1154/78 2571/1431/407
f 2571/1431/407 2254/1655/407 2256/1175/78 2242/1174/78
f 2601/765/80 2590/1462/80 2571/1616/407 2300/1457/407
f 2571/1431/407 2242/1174/78 2575/1155/78
f 1903/444/1230 1935/434/1224 1942/1744/2074 1931/1745/1417
f 1941/1746/2075 1930/1747/1418 1931/1745/1417 1942/1744/2074
f 1935/434/1224 1933/712/1390 1941/1746/2075 1942/1744/2074
f 1933/712/1390 1901/707/1388 1930/1747/1418 1941/1746/2075
f 2538/1169/1722 2576/1748/2076 2588/1749/2077 2581/1158/1716
f 2536/1400/1847 2578/1621/2051 2576/1748/2076 2538/1169/1722
f 2587/1620/2050 2588/1749/2077 2576/1748/2076 2578/1621/2051
f 2581/1158/1716 2588/1749/2077 2587/1620/2050 2579/1404/1848
f 1763/554/19 1748/553/1274 1747/1729/2071 158/1750/19
f 1735/992/13 152/1751/18 1748/1752/1274 1743/993/1273
f 157/1753/19 159/1754/19 1781/1002/1645
f 1732/1268/1755 151/1755/17 155/1756/6
f 1742/988/1640 1732/1268/1755 155/1756/6 1738/1725/5
f 1918/1757/2078 160/1758/2079 1912/1759/80 166/1760/2080
f 1909/549/1270 1885/548/1269 163/1761/2081 1910/735/1405
f 1894/724/1399 1884/599/1301 1907/1762/1406 161/1763/2082
f 1896/721/1398 1919/731/2 165/1764/2083
f 1917/730/2 1897/744/76 161/1765/2082 164/1766/2084
f 164/1766/2084 161/1765/2082 160/1758/2079 1918/1757/2078
f 1896/721/1398 1895/720/1397 164/1766/2084 1917/730/2
f 1894/724/1399 161/1767/2082 160/1768/2079
f 1883/503/1254 1894/724/1399 160/1768/2079
f 1938/504/1255 1883/503/1254 162/1769/2085 1928/978/1636
f 1895/720/1397 1898/766/1421 1918/1757/2078 164/1766/2084
f 162/1770/2085 1883/503/1254 160/1768/2079
f 1911/750/1411 166/1760/2080 1918/1757/2078 1898/766/1421
f 165/1764/2083 2562/1438/1866 2551/1437/76 1916/1771/76
f 1912/1772/80 2550/1450/80 2561/1449/1870 166/1760/2080
f 1919/731/2 165/1764/2083 1916/1773/76 1915/743/76
f 2562/1438/1866 165/1764/2083 166/1760/2080 2561/1449/1870
f 156/1774/7 155/1756/6 151/1755/17 150/1775/16
f 1911/750/1411 1896/721/1398 165/1764/2083 166/1760/2080
f 1694/1776/1247 1693/1777/1253 150/1775/16 154/1778/15
f 1885/548/1269 1899/717/1394 1906/1001/1644 163/1761/2081
f 1694/1776/1247 154/1778/15 1737/1010/14 1696/1009/1246
f 157/1753/19 1781/1002/1645 1780/1005/1646 2172/1075/1667
f 1944/976/1635 1749/975/19 157/1753/19 2172/1075/1667
f 1691/1779/1654 156/1774/7 150/1775/16 1693/1777/1253
f 1691/1779/1654 1690/1780/1250 153/1781/4 156/1774/7
f 1690/1780/1250 1689/1782/1252 1744/1783/1272 153/1781/4
f 2172/1075/1667 1780/1005/1646 167/1784/8 2174/1076/12
f 1780/1005/1646 2393/1007/1648 181/1785/9 167/1786/8
f 2356/1641/19 2390/1637/1645 173/1787/19
f 169/1788/27 2334/1633/23 2335/1273/22 2353/1260/28
f 2560/1434/1864 2569/1435/1865 2554/1789/80 174/1790/2086
f 2542/1272/1759 2543/1430/1861 178/1791/2087 2520/1269/1756
f 2529/1416/1854 175/1792/2088 2540/1793/1860 2519/1309/1773
f 2559/1425/2 179/1794/2089 175/1795/2088 2532/1443/76
f 179/1794/2089 2560/1434/1864 174/1796/2086 175/1797/2088
f 2531/1414/1852 2559/1425/2 179/1794/2089 2530/1415/1853
f 2529/1416/1854 174/1798/2086 175/1799/2088
f 2518/1222/1742 174/1798/2086 2529/1416/1854
f 2584/1224/1743 180/1800/2090 176/1801/2091 2518/1222/1742
f 2530/1415/1853 179/1794/2089 2560/1434/1864 2533/1433/1863
f 176/1802/2091 174/1798/2086 2518/1222/1742
f 168/1803/20 2349/1804/2092 2354/1743/1880 2340/1307/21
f 170/1805/19 2395/1643/19 2609/1644/2056
f 2534/1410/1851 2541/1806/2093 180/1800/2090 2584/1224/1743
f 2349/1807/2092 172/1808/19 2369/1499/19 2354/1501/1880
f 2367/1809/2057 2349/1804/2092 168/1803/20 2296/1810/1732
f 2367/1811/2057 171/1812/19 2349/1807/2092
f 2534/1410/1851 177/1813/2094 2541/1814/2093
f 2520/1269/1756 178/1791/2087 177/1813/2094 2534/1410/1851
f 2609/1644/2056 2921/1642/2055 2356/1641/19 170/1805/19
f 2296/1810/1732 168/1803/20 2342/1636/25 2297/1635/1733
f 2395/1643/19 170/1805/19 171/1812/19 2367/1811/2057
f 171/1812/19 172/1808/19 2349/1807/2092
f 2292/1815/2062 2294/1634/1741 2334/1633/23 169/1788/27
f 2292/1815/2062 169/1788/27 2343/1676/26 2291/1675/1738
f 2608/1011/10 2923/1074/10 182/1816/32 2609/1644/2056
f 2609/1644/2056 182/1817/32 2924/1693/31 2921/1642/2055
f 2389/1638/2054 2922/1818/30 181/1785/9 2393/1007/1648
f 159/1754/19 158/1750/19 1747/1729/2071 1781/1002/1645
f 1747/1732/2071 1748/1752/1274 152/1751/18 1866/1733/2072
f 1744/1783/1272 1745/1726/1271 1738/1725/5 153/1781/4
f 1866/1733/2072 152/1751/18 151/1755/17 1732/1268/1755
f 173/1787/19 2390/1637/1645 2339/1741/2073 2370/1500/19
