# Blender v2.75 (sub 0) OBJ File: 'cuerpo cristo.blend'
# www.blender.org
mtllib cuerpo cristo.mtl
o Cube_Cube.001
v 0.000000 7.710268 -0.544100
v 0.000000 8.321336 -0.544100
v 0.106149 7.710268 -0.533645
v 0.106149 8.321336 -0.533645
v 0.208218 7.710268 -0.502683
v 0.208218 8.321336 -0.502683
v 0.302286 7.710268 -0.452402
v 0.302286 8.321336 -0.452402
v 0.384737 7.710268 -0.384737
v 0.384737 8.321336 -0.384737
v 0.452403 7.710268 -0.302286
v 0.452403 8.321336 -0.302286
v 0.502683 7.710268 -0.208218
v 0.502683 8.321336 -0.208218
v 0.533645 7.710268 -0.106149
v 0.533645 8.321336 -0.106149
v 0.544100 7.710268 -0.000000
v 0.544100 8.321336 -0.000000
v 0.533645 7.710268 0.106149
v 0.533645 8.321336 0.106149
v 0.502683 7.710268 0.208218
v 0.502683 8.321336 0.208218
v 0.452403 7.710268 0.302286
v 0.452403 8.321336 0.302286
v 0.384737 7.710268 0.384737
v 0.384737 8.321336 0.384737
v 0.302286 7.710268 0.452403
v 0.302286 8.321336 0.452403
v 0.208218 7.710268 0.502683
v 0.208218 8.321336 0.502683
v 0.106148 7.710268 0.533645
v 0.106148 8.321336 0.533645
v -0.000000 7.710268 0.544100
v -0.000000 8.321336 0.544100
v -0.106149 7.710268 0.533645
v -0.106149 8.321336 0.533645
v -0.208218 7.710268 0.502683
v -0.208218 8.321336 0.502683
v -0.302286 7.710268 0.452402
v -0.302286 8.321336 0.452402
v -0.384737 7.710268 0.384736
v -0.384737 8.321336 0.384736
v -0.452403 7.710268 0.302285
v -0.452403 8.321336 0.302285
v -0.502683 7.710268 0.208218
v -0.502683 8.321336 0.208218
v -0.533645 7.710268 0.106148
v -0.533645 8.321336 0.106148
v -0.544100 7.710268 -0.000001
v -0.544100 8.321336 -0.000001
v -0.533645 7.710268 -0.106149
v -0.533645 8.321336 -0.106149
v -0.502683 7.710268 -0.208219
v -0.502683 8.321336 -0.208219
v -0.452402 7.710268 -0.302286
v -0.452402 8.321336 -0.302286
v -0.384736 7.710268 -0.384737
v -0.384736 8.321336 -0.384737
v -0.302285 7.710268 -0.452403
v -0.302285 8.321336 -0.452403
v -0.208217 7.710268 -0.502683
v -0.208217 8.321336 -0.502683
v -0.106148 7.710268 -0.533645
v -0.106148 8.321336 -0.533645
v 0.000000 3.519762 0.026091
v 0.000000 5.812570 0.026091
v 0.139245 3.519762 0.038338
v 0.139245 5.812570 0.038338
v 0.273139 3.519762 0.074607
v 0.273139 5.812570 0.074607
v 0.396536 3.519762 0.133506
v 0.396536 5.812570 0.133506
v 0.504694 3.519762 0.212770
v 0.504694 5.812570 0.212770
v 0.593458 3.519762 0.309353
v 0.593458 5.812570 0.309353
v 0.659415 3.519762 0.419545
v 0.659415 5.812570 0.419545
v 0.700031 3.519762 0.539109
v 0.700031 5.812570 0.539109
v 0.713746 3.519762 0.663452
v 0.713746 5.812570 0.663452
v 0.700031 3.519762 0.787795
v 0.700031 5.812570 0.787795
v 0.659415 3.519762 0.907360
v 0.659415 5.812570 0.907360
v 0.593458 3.519762 1.017551
v 0.593458 5.812570 1.017551
v 0.504694 3.519762 1.114135
v 0.504694 5.812570 1.114135
v 0.396536 3.519762 1.193399
v 0.396536 5.812570 1.193399
v 0.273138 3.519762 1.252297
v 0.273138 5.812570 1.252297
v 0.139245 3.519762 1.288567
v 0.139245 5.812570 1.288567
v -0.000000 3.519762 1.300813
v -0.000000 5.812570 1.300813
v -0.139245 3.519762 1.288567
v -0.139245 5.812570 1.288567
v -0.273139 3.519762 1.252297
v -0.273139 5.812570 1.252297
v -0.396536 3.519762 1.193398
v -0.396536 5.812570 1.193398
v -0.504695 3.519762 1.114134
v -0.504695 5.812570 1.114134
v -0.593458 3.519762 1.017551
v -0.593458 5.812570 1.017551
v -0.659415 3.519762 0.907359
v -0.659415 5.812570 0.907359
v -0.700031 3.519762 0.787795
v -0.700031 5.812570 0.787795
v -0.713746 3.519762 0.663452
v -0.713746 5.812570 0.663452
v -0.700031 3.519762 0.539109
v -0.700031 5.812570 0.539109
v -0.659415 3.519762 0.419544
v -0.659415 5.812570 0.419544
v -0.593457 3.519762 0.309353
v -0.593457 5.812570 0.309353
v -0.504694 3.519762 0.212769
v -0.504694 5.812570 0.212769
v -0.396535 3.519762 0.133505
v -0.396535 5.812570 0.133505
v -0.273138 3.519762 0.074607
v -0.273138 5.812570 0.074607
v -0.139244 3.519762 0.038338
v -0.139244 5.812570 0.038338
v -0.039033 9.682833 -0.274748
v -0.198994 7.529886 -1.079043
v -0.039033 9.693710 0.264569
v -0.198994 7.529886 1.167871
v 0.198994 9.682833 -0.274748
v 0.198994 7.529886 -1.079043
v 0.198994 9.693710 0.264569
v 0.198994 7.529886 1.167871
v 0.000000 7.529886 -1.079043
v -0.198994 8.990278 -0.775660
v -0.198994 8.996282 0.801883
v 0.063015 8.996282 0.801883
v 0.063015 8.990278 -0.775660
v 0.000000 2.278677 -0.104030
v 0.000000 5.660517 -0.104030
v 0.139245 2.278677 -0.091784
v 0.139245 5.660517 -0.091784
v 0.273139 2.278677 -0.055514
v 0.273139 5.660517 -0.055514
v 0.396536 2.278677 0.003384
v 0.396536 5.660517 0.003384
v 0.504694 2.278677 0.082648
v 0.504694 5.660517 0.082648
v 0.593458 2.278677 0.179232
v 0.593458 5.660517 0.179232
v 0.659415 2.278677 0.289423
v 0.659415 5.660517 0.289423
v 0.700031 2.278677 0.408988
v 0.700031 5.660517 0.408988
v 0.713746 2.278677 0.533331
v 0.713746 5.660517 0.533331
v 0.700031 2.278677 0.657674
v 0.700031 5.660517 0.657674
v 0.659415 2.278677 0.777238
v 0.659415 5.660517 0.777238
v 0.593458 2.278677 0.887430
v 0.593458 5.660517 0.887430
v 0.504694 2.278677 0.984013
v 0.504694 5.660517 0.984013
v 0.396536 2.278677 1.063277
v 0.396536 5.660517 1.063277
v 0.273138 2.278677 1.122176
v 0.273138 5.660517 1.122176
v 0.139245 2.278677 1.158445
v 0.139245 5.660517 1.158445
v -0.000000 2.278677 1.170692
v -0.000000 5.660517 1.170692
v -0.139245 2.278677 1.158445
v -0.139245 5.660517 1.158445
v -0.273139 2.278677 1.122176
v -0.273139 5.660517 1.122176
v -0.396536 2.278677 1.063277
v -0.396536 5.660517 1.063277
v -0.504695 2.278677 0.984013
v -0.504695 5.660517 0.984013
v -0.593458 2.278677 0.887429
v -0.593458 5.660517 0.887429
v -0.659415 2.278677 0.777238
v -0.659415 5.660517 0.777238
v -0.700031 2.278677 0.657673
v -0.700031 5.660517 0.657673
v -0.713746 2.278677 0.533330
v -0.713746 5.660517 0.533330
v -0.700031 2.278677 0.408987
v -0.700031 5.660517 0.408987
v -0.659415 2.278677 0.289423
v -0.659415 5.660517 0.289423
v -0.593457 2.278677 0.179231
v -0.593457 5.660517 0.179231
v -0.504694 2.278677 0.082648
v -0.504694 5.660517 0.082648
v -0.396535 2.278677 0.003384
v -0.396535 5.660517 0.003384
v -0.273138 2.278677 -0.055514
v -0.273138 5.660517 -0.055514
v -0.139244 2.278677 -0.091784
v -0.139244 5.660517 -0.091784
v -0.343143 2.759871 -0.836116
v -0.343143 6.104542 -0.836116
v -0.343143 3.045156 -1.189666
v -0.343143 6.104542 -1.361305
v 0.304846 2.759871 -0.836116
v 0.304846 6.104542 -0.836116
v 0.304846 3.045156 -1.189666
v 0.304846 6.104542 -1.361305
v 0.606707 2.699434 0.793157
v 0.606707 5.331472 0.793157
v 0.606707 2.699434 0.267968
v 0.606707 5.331472 0.267968
v 0.843480 2.699434 0.793157
v 0.843480 5.331472 0.793157
v 0.843480 2.699434 0.267968
v 0.843480 5.331472 0.267968
v -0.918540 5.293197 0.881133
v -0.918540 7.969144 1.084402
v -0.918540 5.293197 -0.618989
v -0.918540 7.969144 -1.113166
v 0.918540 5.293197 0.881133
v 0.918540 7.969144 1.084402
v 0.918540 5.293197 -0.618989
v 0.918540 7.969144 -1.113166
v 0.918540 5.293197 0.506103
v 0.918540 5.293197 0.131072
v 0.918540 5.293197 -0.243959
v 0.918540 5.293197 -0.306464
v 0.918540 5.293197 -0.368969
v 0.918540 5.293197 -0.431474
v 0.918540 5.293197 -0.493979
v 0.918540 5.293197 -0.556484
v 0.918540 5.293197 0.818628
v 0.918540 5.293197 0.756123
v 0.918540 5.293197 0.693618
v 0.918540 5.293197 0.631113
v 0.918540 5.293197 0.568608
v 0.918540 5.293197 0.443597
v 0.918540 5.293197 0.381092
v 0.918540 5.293197 0.318587
v 0.918540 5.293197 0.256082
v 0.918540 5.293197 0.193577
v 0.918540 5.293197 0.068567
v 0.918540 5.293197 0.006062
v 0.918540 5.293197 -0.056443
v 0.918540 5.293197 -0.118948
v 0.918540 5.293197 -0.181454
v -0.710051 5.293197 0.884702
v -0.710051 7.892420 1.542824
v -0.710051 5.293197 -0.880662
v -0.710051 7.892420 -1.583747
v 0.710051 5.293197 0.884702
v 0.710051 7.892420 1.542824
v 0.710051 5.293197 -0.880662
v 0.710051 7.892420 -1.583747
v 0.000000 7.742065 -4.402472
v 0.000000 7.742065 4.402472
v 0.055960 7.736554 -4.402472
v 0.055960 7.736553 4.402472
v 0.199209 7.720231 -4.402472
v 0.199209 7.720231 4.402472
v 0.182435 7.693724 -4.402472
v 0.182435 7.693724 4.402472
v 0.167733 7.658051 -4.402472
v 0.167733 7.658051 4.402472
v 0.155667 7.614584 -4.402472
v 0.155667 7.614584 4.402472
v 0.146701 7.564993 -4.402472
v 0.146701 7.564993 4.402472
v 0.141180 7.511184 -4.402472
v 0.141180 7.511184 4.402472
v 0.139315 7.455224 -4.402472
v 0.139315 7.455224 4.402472
v 0.141180 7.399264 -4.402472
v 0.141180 7.399264 4.402472
v 0.146701 7.345455 -4.402472
v 0.146701 7.345455 4.402472
v 0.155667 7.295864 -4.402472
v 0.155667 7.295864 4.402472
v 0.167733 7.252397 -4.402472
v 0.167733 7.252397 4.402472
v 0.182435 7.216724 -4.402472
v 0.182435 7.216724 4.402472
v 0.199209 7.190217 -4.402472
v 0.199209 7.190217 4.402472
v 0.055960 7.173895 -4.402472
v 0.055960 7.173894 4.402472
v 0.029634 7.168383 -4.402472
v 0.029634 7.168383 4.402472
v -0.003533 7.173895 -4.402472
v -0.003533 7.173894 4.402472
v -0.035426 7.190217 -4.402472
v -0.035426 7.190217 4.402472
v -0.064819 7.216725 -4.402472
v -0.064819 7.216724 4.402472
v -0.090581 7.252397 -4.402472
v -0.090581 7.252397 4.402472
v -0.111724 7.295864 -4.402472
v -0.111724 7.295864 4.402472
v -0.127435 7.345455 -4.402472
v -0.127435 7.345455 4.402472
v -0.137110 7.399264 -4.402472
v -0.137110 7.399264 4.402472
v -0.140376 7.455225 -4.402472
v -0.140376 7.455224 4.402472
v -0.137110 7.511185 -4.402472
v -0.137110 7.511184 4.402472
v -0.127435 7.564994 -4.402472
v -0.127435 7.564993 4.402472
v -0.111724 7.614585 -4.402472
v -0.111724 7.614584 4.402472
v -0.090581 7.658051 -4.402472
v -0.090581 7.658051 4.402472
v -0.064818 7.693724 -4.402472
v -0.064818 7.693724 4.402472
v -0.035426 7.720231 -4.402472
v -0.035426 7.720231 4.402472
v -0.003533 7.736554 -4.402472
v -0.003533 7.736553 4.402472
v 0.000000 7.742065 0.000000
v 0.055960 7.736554 0.000000
v 0.199209 7.720231 0.000000
v 0.182435 7.693724 0.000000
v 0.167733 7.658051 0.000000
v 0.155667 7.614584 0.000000
v 0.146701 7.564993 0.000000
v 0.141180 7.511184 0.000000
v 0.139315 7.455224 0.000000
v 0.141180 7.399264 -0.000000
v 0.146701 7.345455 -0.000000
v 0.155667 7.295864 -0.000000
v 0.167733 7.252397 -0.000000
v 0.182435 7.216724 -0.000000
v 0.199209 7.190217 -0.000000
v 0.055960 7.173894 -0.000000
v 0.029634 7.168383 -0.000000
v -0.003533 7.173894 -0.000000
v -0.035426 7.190217 -0.000000
v -0.064819 7.216724 -0.000000
v -0.090581 7.252397 -0.000000
v -0.111724 7.295864 -0.000000
v -0.127435 7.345455 -0.000000
v -0.137110 7.399264 -0.000000
v -0.140376 7.455225 0.000000
v -0.137110 7.511184 0.000000
v -0.127435 7.564994 0.000000
v -0.111724 7.614585 0.000000
v -0.090581 7.658051 0.000000
v -0.064818 7.693724 0.000000
v -0.035426 7.720231 0.000000
v -0.003533 7.736554 0.000000
v 0.055960 7.736554 -3.744333
v 0.199209 7.720231 -3.744333
v 0.182435 7.693724 -3.744333
v 0.167733 7.658051 -3.744333
v 0.155667 7.614584 -3.744333
v 0.146701 7.564993 -3.744333
v 0.141180 7.511184 -3.744333
v 0.139315 7.455224 -3.744333
v 0.141180 7.399264 -3.744333
v 0.146701 7.345455 -3.744333
v 0.155667 7.295864 -3.744333
v 0.167733 7.252397 -3.744333
v 0.182435 7.216724 -3.744333
v 0.199209 7.190217 -3.744333
v 0.055960 7.173895 -3.744333
v 0.029634 7.168383 -3.744333
v -0.003533 7.173895 -3.744333
v -0.035426 7.190217 -3.744333
v -0.064819 7.216725 -3.744333
v -0.090581 7.252397 -3.744333
v -0.111724 7.295864 -3.744333
v -0.127435 7.345455 -3.744333
v -0.137110 7.399264 -3.744333
v -0.140376 7.455225 -3.744333
v -0.137110 7.511184 -3.744333
v -0.127435 7.564994 -3.744333
v -0.111724 7.614585 -3.744333
v -0.090581 7.658051 -3.744333
v -0.064818 7.693724 -3.744333
v -0.035426 7.720231 -3.744333
v -0.003533 7.736554 -3.744333
v 0.000000 7.742065 -3.744333
v 0.055960 7.736554 -4.013441
v 0.199209 7.720231 -4.013441
v 0.182435 7.693724 -4.013441
v 0.167733 7.658051 -4.013441
v 0.155667 7.614584 -4.013441
v 0.146701 7.564993 -4.013441
v 0.141180 7.511184 -4.013441
v 0.139315 7.455224 -4.013441
v 0.141180 7.399264 -4.013441
v 0.146701 7.345455 -4.013441
v 0.155667 7.295864 -4.013441
v 0.167733 7.252397 -4.013441
v 0.182435 7.216724 -4.013441
v 0.199209 7.190217 -4.013441
v 0.055960 7.173895 -4.013441
v 0.029634 7.168383 -4.013441
v -0.003533 7.173895 -4.013441
v -0.035426 7.190217 -4.013441
v -0.064819 7.216725 -4.013441
v -0.090581 7.252397 -4.013441
v -0.111724 7.295864 -4.013441
v -0.127435 7.345455 -4.013441
v -0.137110 7.399264 -4.013441
v -0.140376 7.455225 -4.013441
v -0.137110 7.511184 -4.013441
v -0.127435 7.564994 -4.013441
v -0.111724 7.614585 -4.013441
v -0.090581 7.658051 -4.013441
v -0.064818 7.693724 -4.013441
v -0.035426 7.720231 -4.013441
v -0.003533 7.736554 -4.013441
v 0.000000 7.742065 -4.013441
v 0.012129 7.856257 -4.227373
v 0.012129 7.856257 -3.958265
v 0.068089 7.850746 -3.958265
v 0.211338 7.834423 -3.958265
v 0.068089 7.850746 -4.227373
v 0.211338 7.834423 -4.227373
v 0.000000 7.742065 3.724154
v 0.055960 7.736553 3.724154
v 0.199209 7.720231 3.724154
v 0.182435 7.693724 3.724154
v 0.167733 7.658051 3.724154
v 0.155667 7.614584 3.724154
v 0.146701 7.564993 3.724154
v 0.141180 7.511184 3.724154
v 0.139315 7.455224 3.724154
v 0.141180 7.399264 3.724154
v 0.146701 7.345455 3.724154
v 0.155667 7.295864 3.724154
v 0.167733 7.252397 3.724154
v 0.182435 7.216724 3.724154
v 0.199209 7.190217 3.724154
v 0.055960 7.173894 3.724154
v 0.029634 7.168383 3.724154
v -0.003533 7.173894 3.724154
v -0.035426 7.190217 3.724154
v -0.064819 7.216724 3.724154
v -0.090581 7.252397 3.724154
v -0.111724 7.295864 3.724154
v -0.127435 7.345455 3.724154
v -0.137110 7.399264 3.724154
v -0.140376 7.455224 3.724154
v -0.137110 7.511184 3.724154
v -0.127435 7.564993 3.724154
v -0.111724 7.614584 3.724154
v -0.090581 7.658051 3.724154
v -0.064818 7.693724 3.724154
v -0.035426 7.720231 3.724154
v -0.003533 7.736553 3.724154
v 0.000000 7.742065 4.037830
v 0.055960 7.736553 4.037830
v 0.199209 7.720231 4.037830
v 0.182435 7.693724 4.037830
v 0.167733 7.658051 4.037830
v 0.155667 7.614584 4.037830
v 0.146701 7.564993 4.037830
v 0.141180 7.511184 4.037830
v 0.139315 7.455224 4.037830
v 0.141180 7.399264 4.037830
v 0.146701 7.345455 4.037830
v 0.155667 7.295864 4.037830
v 0.167733 7.252397 4.037830
v 0.182435 7.216724 4.037830
v 0.199209 7.190217 4.037830
v 0.055960 7.173894 4.037830
v 0.029634 7.168383 4.037830
v -0.003533 7.173894 4.037830
v -0.035426 7.190217 4.037830
v -0.064819 7.216724 4.037830
v -0.090581 7.252397 4.037830
v -0.111724 7.295864 4.037830
v -0.127435 7.345455 4.037830
v -0.137110 7.399264 4.037830
v -0.140376 7.455224 4.037830
v -0.137110 7.511184 4.037830
v -0.127435 7.564993 4.037830
v -0.111724 7.614584 4.037830
v -0.090581 7.658051 4.037830
v -0.064818 7.693724 4.037830
v -0.035426 7.720231 4.037830
v -0.003533 7.736553 4.037830
v 0.071127 7.879349 4.272826
v 0.071127 7.879349 3.959150
v 0.214376 7.863027 4.272826
v 0.214376 7.863027 3.959150
v 0.015167 7.884861 3.959150
v 0.015167 7.884861 4.272826
v -0.132272 7.372360 -4.402472
v -0.132272 7.372359 4.402472
v -0.132272 7.372360 -0.000000
v -0.132272 7.372360 -3.744333
v -0.132272 7.372360 -4.013441
v -0.132272 7.372359 3.724154
v -0.132272 7.372359 4.037830
v 0.000000 7.832825 -3.600966
v 0.000000 7.832825 3.600966
v 0.217923 7.823248 -3.600966
v 0.217923 7.823248 3.600966
v 0.259903 7.794886 -3.600966
v 0.259903 7.794886 3.600966
v 0.298593 7.748829 -3.600966
v 0.298593 7.748829 3.600966
v 0.332504 7.686846 -3.600966
v 0.332504 7.686846 3.600966
v 0.360335 7.611320 -3.600966
v 0.360335 7.611320 3.600966
v 0.381015 7.525153 -3.600966
v 0.381015 7.525153 3.600966
v 0.393749 7.431656 -3.600966
v 0.393749 7.431656 3.600966
v 0.398049 7.334423 -3.600966
v 0.398049 7.334423 3.600966
v 0.393749 7.237190 -3.600966
v 0.393749 7.237190 3.600966
v 0.381015 7.143693 -3.600966
v 0.381015 7.143693 3.600966
v 0.360335 7.057526 -3.600966
v 0.360335 7.057526 3.600966
v 0.332504 6.982000 -3.600966
v 0.332504 6.982000 3.600966
v 0.298593 6.920017 -3.600966
v 0.298593 6.920017 3.600966
v 0.259903 6.873960 -3.600966
v 0.259903 6.873960 3.600966
v 0.217923 6.845598 -3.600966
v 0.217923 6.845598 3.600966
v 0.174264 6.836022 -3.600966
v 0.174264 6.836021 3.600966
v -0.097234 6.845598 -3.600966
v -0.097234 6.845598 3.600966
v -0.281483 6.873960 -3.600966
v -0.281483 6.873960 3.600966
v -0.319903 6.920018 -3.600966
v -0.319903 6.920017 3.600966
v -0.353579 6.982000 -3.600966
v -0.353579 6.982000 3.600966
v -0.381216 7.057527 -3.600966
v -0.381216 7.057526 3.600966
v -0.401752 7.143693 -3.600966
v -0.401752 7.143693 3.600966
v -0.414398 7.237190 -3.600966
v -0.414398 7.237190 3.600966
v -0.418668 7.334424 -3.600966
v -0.418668 7.334424 3.600966
v -0.414398 7.431657 -3.600966
v -0.414398 7.431657 3.600966
v -0.401752 7.525154 -3.600966
v -0.401752 7.525153 3.600966
v -0.381215 7.611320 -3.600966
v -0.381215 7.611320 3.600966
v -0.353579 7.686847 -3.600966
v -0.353579 7.686847 3.600966
v -0.319903 7.748829 -3.600966
v -0.319903 7.748829 3.600966
v -0.281483 7.794887 -3.600966
v -0.281483 7.794886 3.600966
v -0.239794 7.823248 -3.600966
v -0.239794 7.823248 3.600966
v -0.132683 9.636112 0.000000
v -0.260267 9.597410 0.000000
v -0.377850 9.534561 0.000000
v -0.480911 9.449981 0.000000
v -0.565492 9.346919 0.000000
v -0.628341 9.229337 0.000000
v -0.667043 9.101753 0.000000
v -0.680111 8.969069 0.000000
v -0.667043 8.836387 0.000000
v -0.628341 8.708802 0.000000
v -0.565492 8.591220 0.000000
v -0.480911 8.488158 0.000000
v -0.377850 8.403578 0.000000
v -0.260267 8.340729 0.000000
v -0.132683 8.302027 0.000000
v -0.130134 9.636112 -0.025885
v -0.255266 9.597410 -0.050776
v -0.370589 9.534561 -0.073715
v -0.471671 9.449981 -0.093821
v -0.554626 9.346919 -0.110322
v -0.616268 9.229337 -0.122583
v -0.654226 9.101753 -0.130134
v -0.667043 8.969069 -0.132683
v -0.654226 8.836387 -0.130134
v -0.616268 8.708802 -0.122583
v -0.554626 8.591220 -0.110322
v -0.471671 8.488158 -0.093821
v -0.370589 8.403578 -0.073715
v -0.255266 8.340729 -0.050776
v -0.130134 8.302027 -0.025885
v -0.122583 9.636112 -0.050776
v -0.240456 9.597410 -0.099600
v -0.349088 9.534561 -0.144597
v -0.444304 9.449981 -0.184037
v -0.522446 9.346919 -0.216404
v -0.580511 9.229337 -0.240456
v -0.616268 9.101753 -0.255266
v -0.628341 8.969069 -0.260267
v -0.616268 8.836387 -0.255266
v -0.580511 8.708802 -0.240456
v -0.522446 8.591220 -0.216404
v -0.444304 8.488158 -0.184037
v -0.349087 8.403578 -0.144597
v -0.240456 8.340729 -0.099600
v -0.122583 8.302027 -0.050776
v -0.110322 9.636112 -0.073715
v -0.216404 9.597410 -0.144597
v -0.314170 9.534561 -0.209922
v -0.399863 9.449981 -0.267180
v -0.470189 9.346919 -0.314171
v -0.522446 9.229337 -0.349088
v -0.554626 9.101753 -0.370589
v -0.565492 8.969069 -0.377850
v -0.554626 8.836387 -0.370589
v -0.522446 8.708802 -0.349088
v -0.470189 8.591220 -0.314171
v -0.399863 8.488158 -0.267180
v -0.314170 8.403578 -0.209922
v -0.216404 8.340729 -0.144597
v -0.110322 8.302027 -0.073715
v -0.093821 9.636112 -0.093821
v -0.184037 9.597410 -0.184037
v -0.267180 9.534561 -0.267180
v -0.340056 9.449981 -0.340056
v -0.399863 9.346919 -0.399863
v -0.444304 9.229337 -0.444304
v -0.471671 9.101753 -0.471671
v -0.480911 8.969069 -0.480912
v -0.471671 8.836387 -0.471671
v -0.444304 8.708802 -0.444304
v -0.399863 8.591220 -0.399863
v -0.340056 8.488158 -0.340056
v -0.267180 8.403578 -0.267180
v -0.184037 8.340729 -0.184037
v -0.093821 8.302027 -0.093821
v -0.073715 9.636112 -0.110322
v -0.144597 9.597410 -0.216405
v -0.209922 9.534561 -0.314171
v -0.267180 9.449981 -0.399863
v -0.314170 9.346919 -0.470190
v -0.349087 9.229337 -0.522447
v -0.370589 9.101753 -0.554626
v -0.377849 8.969069 -0.565492
v -0.370589 8.836387 -0.554626
v -0.349087 8.708802 -0.522447
v -0.314170 8.591220 -0.470190
v -0.267180 8.488158 -0.399863
v -0.209922 8.403578 -0.314171
v -0.144597 8.340729 -0.216405
v -0.073715 8.302027 -0.110322
v -0.050776 9.636112 -0.122583
v -0.099600 9.597410 -0.240456
v -0.144597 9.534561 -0.349088
v -0.184037 9.449981 -0.444304
v -0.216404 9.346919 -0.522447
v -0.240456 9.229337 -0.580512
v -0.255266 9.101753 -0.616268
v -0.260267 8.969069 -0.628341
v -0.255266 8.836387 -0.616268
v -0.240456 8.708802 -0.580512
v -0.216404 8.591220 -0.522447
v -0.184037 8.488158 -0.444304
v -0.144597 8.403578 -0.349088
v -0.099600 8.340729 -0.240456
v -0.050775 8.302027 -0.122583
v -0.025885 9.636112 -0.130134
v -0.050775 9.597410 -0.255267
v -0.073715 9.534561 -0.370590
v -0.093821 9.449981 -0.471671
v -0.110322 9.346919 -0.554626
v -0.122583 9.229337 -0.616268
v -0.130133 9.101753 -0.654226
v -0.132683 8.969069 -0.667043
v -0.130133 8.836387 -0.654226
v -0.122583 8.708802 -0.616268
v -0.110322 8.591220 -0.554626
v -0.093821 8.488158 -0.471671
v -0.073715 8.403578 -0.370589
v -0.050775 8.340729 -0.255266
v -0.025885 8.302027 -0.130134
v 0.000000 9.636112 -0.132683
v 0.000000 9.597410 -0.260268
v 0.000000 9.534561 -0.377850
v 0.000000 9.449981 -0.480912
v 0.000000 9.346919 -0.565492
v 0.000000 9.229337 -0.628341
v 0.000000 9.101753 -0.667043
v 0.000000 8.969069 -0.680112
v 0.000000 8.836387 -0.667043
v 0.000000 8.708802 -0.628341
v 0.000000 8.591220 -0.565492
v 0.000000 8.488158 -0.480912
v 0.000000 8.403578 -0.377850
v 0.000000 8.340729 -0.260267
v 0.000000 8.302027 -0.132683
v 0.025885 9.636112 -0.130134
v 0.050776 9.597410 -0.255267
v 0.073715 9.534561 -0.370590
v 0.093821 9.449981 -0.471671
v 0.110322 9.346919 -0.554626
v 0.122583 9.229337 -0.616268
v 0.130134 9.101753 -0.654226
v 0.132683 8.969069 -0.667043
v 0.130134 8.836387 -0.654226
v 0.122583 8.708802 -0.616268
v 0.110322 8.591220 -0.554626
v 0.093821 8.488158 -0.471671
v 0.073715 8.403578 -0.370589
v 0.050776 8.340729 -0.255266
v 0.025885 8.302027 -0.130134
v 0.050776 9.636112 -0.122583
v 0.099600 9.597410 -0.240456
v 0.144597 9.534561 -0.349088
v 0.184037 9.449981 -0.444304
v 0.216405 9.346919 -0.522447
v 0.240456 9.229337 -0.580512
v 0.255267 9.101753 -0.616268
v 0.260268 8.969069 -0.628341
v 0.255267 8.836387 -0.616268
v 0.240456 8.708802 -0.580512
v 0.216405 8.591220 -0.522447
v 0.184037 8.488158 -0.444304
v 0.144597 8.403578 -0.349088
v 0.099600 8.340729 -0.240456
v 0.050776 8.302027 -0.122583
v 0.073715 9.636112 -0.110322
v 0.144597 9.597410 -0.216405
v 0.209922 9.534561 -0.314171
v 0.267180 9.449981 -0.399863
v 0.314171 9.346919 -0.470189
v 0.349088 9.229337 -0.522447
v 0.370590 9.101753 -0.554626
v 0.377850 8.969069 -0.565492
v 0.370590 8.836387 -0.554626
v 0.349088 8.708802 -0.522447
v 0.314171 8.591220 -0.470189
v 0.267180 8.488158 -0.399863
v 0.209922 8.403578 -0.314171
v 0.144597 8.340729 -0.216404
v 0.073715 8.302027 -0.110322
v 0.093821 9.636112 -0.093821
v 0.184037 9.597410 -0.184037
v 0.267180 9.534561 -0.267180
v 0.340056 9.449981 -0.340056
v 0.399863 9.346919 -0.399863
v 0.444304 9.229337 -0.444304
v 0.471671 9.101753 -0.471671
v 0.480912 8.969069 -0.480911
v 0.471671 8.836387 -0.471671
v 0.444304 8.708802 -0.444304
v 0.399863 8.591220 -0.399863
v 0.340056 8.488158 -0.340056
v 0.267180 8.403578 -0.267180
v 0.184037 8.340729 -0.184037
v 0.093821 8.302027 -0.093821
v 0.110322 9.636112 -0.073715
v 0.216405 9.597410 -0.144597
v 0.314171 9.534561 -0.209922
v 0.399863 9.449981 -0.267180
v 0.470190 9.346919 -0.314170
v 0.522447 9.229337 -0.349088
v 0.554626 9.101753 -0.370589
v 0.565492 8.969069 -0.377850
v 0.554626 8.836387 -0.370589
v 0.522447 8.708802 -0.349088
v 0.470190 8.591220 -0.314170
v 0.399863 8.488158 -0.267180
v 0.314171 8.403578 -0.209922
v 0.216405 8.340729 -0.144597
v 0.110322 8.302027 -0.073715
v 0.122584 9.636112 -0.050776
v 0.240456 9.597410 -0.099600
v 0.349088 9.534561 -0.144597
v 0.444304 9.449981 -0.184037
v 0.522447 9.346919 -0.216404
v 0.580512 9.229337 -0.240456
v 0.616268 9.101753 -0.255266
v 0.628341 8.969069 -0.260267
v 0.616268 8.836387 -0.255266
v 0.580512 8.708802 -0.240456
v 0.522447 8.591220 -0.216404
v 0.444304 8.488158 -0.184037
v 0.349088 8.403578 -0.144597
v 0.240456 8.340729 -0.099600
v 0.122583 8.302027 -0.050776
v 0.130134 9.636112 -0.025885
v 0.255267 9.597410 -0.050776
v 0.370590 9.534561 -0.073715
v 0.471671 9.449981 -0.093821
v 0.554626 9.346919 -0.110322
v 0.616268 9.229337 -0.122583
v 0.654226 9.101753 -0.130134
v 0.667044 8.969069 -0.132683
v 0.654226 8.836387 -0.130134
v 0.616268 8.708802 -0.122583
v 0.554626 8.591220 -0.110322
v 0.471671 8.488158 -0.093821
v 0.370590 8.403578 -0.073715
v 0.255267 8.340729 -0.050776
v 0.130134 8.302027 -0.025885
v 0.132684 9.636112 0.000000
v 0.260268 9.597410 -0.000000
v 0.377850 9.534561 -0.000000
v 0.480912 9.449981 0.000000
v 0.565492 9.346919 0.000000
v 0.628341 9.229337 -0.000000
v 0.667043 9.101753 0.000000
v 0.680112 8.969069 0.000000
v 0.667043 8.836387 0.000000
v 0.628341 8.708802 -0.000000
v 0.565492 8.591220 0.000000
v 0.480912 8.488158 0.000000
v 0.377850 8.403578 0.000000
v 0.260268 8.340729 -0.000000
v 0.132683 8.302027 -0.000000
v 0.130134 9.636112 0.025885
v 0.255267 9.597410 0.050776
v 0.370590 9.534561 0.073715
v 0.471671 9.449981 0.093821
v 0.554626 9.346919 0.110322
v 0.616268 9.229337 0.122583
v 0.654226 9.101753 0.130134
v 0.667043 8.969069 0.132683
v 0.654226 8.836387 0.130134
v 0.616268 8.708802 0.122583
v 0.554626 8.591220 0.110322
v 0.471671 8.488158 0.093821
v 0.370590 8.403578 0.073715
v 0.255267 8.340729 0.050776
v 0.130134 8.302027 0.025885
v 0.122584 9.636112 0.050776
v 0.240456 9.597410 0.099600
v 0.349088 9.534561 0.144597
v 0.444304 9.449981 0.184037
v 0.522446 9.346919 0.216404
v 0.580512 9.229337 0.240456
v 0.616268 9.101753 0.255266
v 0.628341 8.969069 0.260267
v 0.616268 8.836387 0.255266
v 0.580512 8.708802 0.240456
v 0.522446 8.591220 0.216404
v 0.444304 8.488158 0.184037
v 0.349088 8.403578 0.144597
v 0.240456 8.340729 0.099600
v 0.122583 8.302027 0.050776
v 0.110322 9.636112 0.073715
v 0.216405 9.597410 0.144597
v 0.314171 9.534561 0.209922
v 0.399863 9.449981 0.267180
v 0.470189 9.346919 0.314170
v 0.522447 9.229337 0.349088
v 0.554626 9.101753 0.370589
v 0.565492 8.969069 0.377850
v 0.554626 8.836387 0.370589
v 0.522447 8.708802 0.349088
v 0.470189 8.591220 0.314170
v 0.399863 8.488158 0.267180
v 0.314171 8.403578 0.209922
v 0.216405 8.340729 0.144597
v 0.110322 8.302027 0.073715
v 0.093821 9.636112 0.093821
v 0.184037 9.597410 0.184037
v 0.267180 9.534561 0.267180
v 0.340056 9.449981 0.340056
v 0.399863 9.346919 0.399863
v 0.444304 9.229337 0.444304
v 0.471671 9.101753 0.471671
v 0.480911 8.969069 0.480911
v 0.471671 8.836387 0.471671
v 0.444304 8.708802 0.444304
v 0.399863 8.591220 0.399863
v 0.340056 8.488158 0.340056
v 0.267180 8.403578 0.267180
v 0.184037 8.340729 0.184037
v 0.093821 8.302027 0.093821
v 0.073715 9.636112 0.110322
v 0.144597 9.597410 0.216404
v 0.209922 9.534561 0.314171
v 0.267180 9.449981 0.399863
v 0.314171 9.346919 0.470189
v 0.349088 9.229337 0.522446
v 0.370589 9.101753 0.554626
v 0.377850 8.969069 0.565492
v 0.370589 8.836387 0.554626
v 0.349088 8.708802 0.522446
v 0.314171 8.591220 0.470189
v 0.267180 8.488158 0.399863
v 0.209922 8.403578 0.314170
v 0.144597 8.340729 0.216404
v 0.073715 8.302027 0.110322
v 0.000000 8.288958 0.000000
v 0.050776 9.636112 0.122583
v 0.099600 9.597410 0.240456
v 0.144597 9.534561 0.349088
v 0.184037 9.449981 0.444304
v 0.216404 9.346919 0.522446
v 0.240456 9.229337 0.580511
v 0.255266 9.101753 0.616267
v 0.260267 8.969069 0.628341
v 0.255266 8.836387 0.616267
v 0.240456 8.708802 0.580511
v 0.216404 8.591220 0.522446
v 0.184037 8.488158 0.444304
v 0.144597 8.403578 0.349088
v 0.099600 8.340729 0.240456
v 0.050776 8.302027 0.122583
v 0.025885 9.636112 0.130134
v 0.050776 9.597410 0.255266
v 0.073715 9.534561 0.370589
v 0.093821 9.449981 0.471671
v 0.110322 9.346919 0.554626
v 0.122583 9.229337 0.616268
v 0.130134 9.101753 0.654226
v 0.132683 8.969069 0.667043
v 0.130134 8.836387 0.654226
v 0.122583 8.708802 0.616268
v 0.110322 8.591220 0.554626
v 0.093821 8.488158 0.471671
v 0.073715 8.403578 0.370589
v 0.050776 8.340729 0.255266
v 0.025885 8.302027 0.130134
v 0.000000 9.636112 0.132683
v 0.000000 9.597410 0.260267
v 0.000000 9.534561 0.377850
v 0.000000 9.449981 0.480911
v 0.000000 9.346919 0.565492
v 0.000000 9.229337 0.628341
v 0.000000 9.101753 0.667043
v 0.000000 8.969069 0.680111
v 0.000000 8.836387 0.667043
v 0.000000 8.708802 0.628341
v 0.000000 8.591220 0.565492
v 0.000000 8.488158 0.480911
v 0.000000 8.403578 0.377850
v 0.000000 8.340729 0.260267
v 0.000000 8.302027 0.132683
v -0.025885 9.636112 0.130134
v -0.050775 9.597410 0.255266
v -0.073715 9.534561 0.370589
v -0.093821 9.449981 0.471671
v -0.110322 9.346919 0.554626
v -0.122583 9.229337 0.616268
v -0.130134 9.101753 0.654226
v -0.132683 8.969069 0.667043
v -0.130134 8.836387 0.654226
v -0.122583 8.708802 0.616268
v -0.110322 8.591220 0.554626
v -0.093821 8.488158 0.471671
v -0.073715 8.403578 0.370589
v -0.050775 8.340729 0.255266
v -0.025885 8.302027 0.130134
v -0.050775 9.636112 0.122583
v -0.099600 9.597410 0.240456
v -0.144597 9.534561 0.349088
v -0.184037 9.449981 0.444304
v -0.216404 9.346919 0.522446
v -0.240455 9.229337 0.580511
v -0.255266 9.101753 0.616267
v -0.260267 8.969069 0.628341
v -0.255266 8.836387 0.616267
v -0.240455 8.708802 0.580511
v -0.216404 8.591220 0.522446
v -0.184037 8.488158 0.444304
v -0.144597 8.403578 0.349087
v -0.099600 8.340729 0.240456
v -0.050775 8.302027 0.122583
v -0.073715 9.636112 0.110322
v -0.144597 9.597410 0.216404
v -0.209922 9.534561 0.314170
v -0.267180 9.449981 0.399863
v -0.314170 9.346919 0.470189
v -0.349087 9.229337 0.522446
v -0.370589 9.101753 0.554626
v -0.377849 8.969069 0.565492
v -0.370589 8.836387 0.554626
v -0.349087 8.708802 0.522446
v -0.314170 8.591220 0.470189
v -0.267180 8.488158 0.399863
v -0.209922 8.403578 0.314170
v -0.144597 8.340729 0.216404
v -0.073715 8.302027 0.110322
v -0.093821 9.636112 0.093821
v -0.184037 9.597410 0.184037
v -0.267180 9.534561 0.267180
v -0.340055 9.449981 0.340056
v -0.399863 9.346919 0.399863
v -0.444304 9.229337 0.444304
v -0.471670 9.101753 0.471670
v -0.480911 8.969069 0.480911
v -0.471670 8.836387 0.471670
v -0.444304 8.708802 0.444304
v -0.399863 8.591220 0.399863
v -0.340055 8.488158 0.340056
v -0.267180 8.403578 0.267180
v -0.184037 8.340729 0.184037
v -0.093821 8.302027 0.093821
v -0.110322 9.636112 0.073715
v -0.216404 9.597410 0.144597
v -0.314170 9.534561 0.209922
v -0.399863 9.449981 0.267180
v -0.470189 9.346919 0.314170
v -0.522446 9.229337 0.349088
v -0.554626 9.101753 0.370589
v -0.565492 8.969069 0.377849
v -0.554626 8.836387 0.370589
v -0.522446 8.708802 0.349088
v -0.470189 8.591220 0.314170
v -0.399863 8.488158 0.267180
v -0.314170 8.403578 0.209922
v -0.216404 8.340729 0.144597
v -0.110322 8.302027 0.073715
v 0.000000 9.649181 0.000000
v -0.122583 9.636112 0.050776
v -0.240455 9.597410 0.099600
v -0.349087 9.534561 0.144597
v -0.444304 9.449981 0.184037
v -0.522446 9.346919 0.216404
v -0.580511 9.229337 0.240456
v -0.616267 9.101753 0.255266
v -0.628341 8.969069 0.260267
v -0.616267 8.836387 0.255266
v -0.580511 8.708802 0.240456
v -0.522446 8.591220 0.216404
v -0.444304 8.488158 0.184037
v -0.349087 8.403578 0.144597
v -0.240455 8.340729 0.099600
v -0.122583 8.302027 0.050776
v -0.130134 9.636112 0.025885
v -0.255266 9.597410 0.050776
v -0.370589 9.534561 0.073715
v -0.471671 9.449981 0.093821
v -0.554626 9.346919 0.110322
v -0.616267 9.229337 0.122583
v -0.654226 9.101753 0.130133
v -0.667043 8.969069 0.132683
v -0.654226 8.836387 0.130133
v -0.616267 8.708802 0.122583
v -0.554626 8.591220 0.110322
v -0.471671 8.488158 0.093821
v -0.370589 8.403578 0.073715
v -0.255266 8.340729 0.050776
v -0.130133 8.302027 0.025885
v 0.000000 8.239677 -0.684737
v 0.000000 8.950665 -0.684737
v 0.133586 8.239677 -0.671580
v 0.133586 8.950665 -0.671580
v 0.262038 8.239677 -0.632615
v 0.262038 8.950665 -0.632615
v 0.380420 8.239677 -0.569338
v 0.380420 8.950665 -0.569338
v 0.484182 8.239677 -0.484182
v 0.484182 8.950665 -0.484182
v 0.569338 8.239677 -0.380420
v 0.569338 8.950665 -0.380420
v 0.632615 8.239677 -0.262038
v 0.632615 8.950665 -0.262038
v 0.671580 8.239677 -0.133586
v 0.671580 8.950665 -0.133586
v 0.684737 8.239677 -0.000000
v 0.684737 8.950665 -0.000000
v 0.671580 8.239677 0.133586
v 0.671580 8.950665 0.133586
v 0.632615 8.239677 0.262037
v 0.632615 8.950665 0.262037
v 0.569338 8.239677 0.380420
v 0.569338 8.950665 0.380420
v 0.484182 8.239677 0.484182
v 0.484182 8.950665 0.484182
v 0.380420 8.239677 0.569338
v 0.380420 8.950665 0.569338
v 0.262037 8.239677 0.632615
v 0.262037 8.950665 0.632615
v 0.133585 8.239677 0.671580
v 0.133585 8.950665 0.671580
v -0.000000 8.239677 0.684737
v -0.000000 8.950665 0.684737
v -0.133586 8.239677 0.671580
v -0.133586 8.950665 0.671580
v -0.262038 8.239677 0.632615
v -0.262038 8.950665 0.632615
v -0.380420 8.239677 0.569338
v -0.380420 8.950665 0.569338
v -0.484183 8.239677 0.484182
v -0.484183 8.950665 0.484182
v -0.569338 8.239677 0.380419
v -0.569338 8.950665 0.380419
v -0.632615 8.239677 0.262037
v -0.632615 8.950665 0.262037
v -0.671580 8.239677 0.133585
v -0.671580 8.950665 0.133585
v -0.684737 8.239677 -0.000001
v -0.684737 8.950665 -0.000001
v -0.671580 8.239677 -0.133586
v -0.671580 8.950665 -0.133586
v -0.632614 8.239677 -0.262038
v -0.632614 8.950665 -0.262038
v -0.569338 8.239677 -0.380420
v -0.569338 8.950665 -0.380420
v -0.484182 8.239677 -0.484183
v -0.484182 8.950665 -0.484183
v -0.380419 8.239677 -0.569339
v -0.380419 8.950665 -0.569339
v -0.262037 8.239677 -0.632615
v -0.262037 8.950665 -0.632615
v -0.133585 8.239677 -0.671580
v -0.133585 8.950665 -0.671580
v -0.519636 5.293197 1.100998
v -0.519636 7.853710 1.920020
v -0.519636 5.293197 -1.095970
v -0.519636 7.853710 -1.970949
v 0.519636 5.293197 1.100998
v 0.519636 7.853710 1.920020
v 0.519636 5.293197 -1.095970
v 0.519636 7.853710 -1.970949
v 0.000000 0.710313 -0.949833
v 0.000000 7.861263 -0.949833
v 0.185303 0.710313 -0.931582
v 0.185303 7.861263 -0.931582
v 0.363485 0.710313 -0.877531
v 0.363485 7.861263 -0.877531
v 0.527699 0.710313 -0.789757
v 0.527699 7.861263 -0.789757
v 0.671633 0.710313 -0.671633
v 0.671633 7.861263 -0.671633
v 0.789757 0.710313 -0.527699
v 0.789757 7.861263 -0.527699
v 0.877531 0.710313 -0.363485
v 0.877531 7.861263 -0.363485
v 0.931582 0.710313 -0.185303
v 0.931582 7.861263 -0.185303
v 0.949833 0.710313 -0.000000
v 0.949833 7.861263 -0.000000
v 0.931582 0.710313 0.185303
v 0.931582 7.861263 0.185303
v 0.877531 0.710313 0.363485
v 0.877531 7.861263 0.363485
v 0.789757 0.710313 0.527699
v 0.789757 7.861263 0.527699
v 0.671633 0.710313 0.671633
v 0.671633 7.861263 0.671633
v 0.527699 0.710313 0.789757
v 0.527699 7.861263 0.789757
v 0.363485 0.710313 0.877531
v 0.363485 7.861263 0.877531
v 0.185303 0.710313 0.931582
v 0.185303 7.861263 0.931582
v -0.000000 0.710313 0.949833
v -0.000000 7.861263 0.949833
v -0.185304 0.710313 0.931582
v -0.185304 7.861263 0.931582
v -0.363486 0.710313 0.877531
v -0.363486 7.861263 0.877531
v -0.527699 0.710313 0.789757
v -0.527699 7.861263 0.789757
v -0.671634 0.710313 0.671633
v -0.671634 7.861263 0.671633
v -0.789758 0.710313 0.527698
v -0.789758 7.861263 0.527698
v -0.877531 0.710313 0.363485
v -0.877531 7.861263 0.363485
v -0.931582 0.710313 0.185302
v -0.931582 7.861263 0.185302
v -0.949833 0.710313 -0.000001
v -0.949833 7.861263 -0.000001
v -0.931582 0.710313 -0.185304
v -0.931582 7.861263 -0.185304
v -0.877531 0.710313 -0.363486
v -0.877531 7.861263 -0.363486
v -0.789757 0.710313 -0.527700
v -0.789757 7.861263 -0.527700
v -0.671632 0.710313 -0.671634
v -0.671632 7.861263 -0.671634
v -0.527698 0.710313 -0.789758
v -0.527698 7.861263 -0.789758
v -0.363484 0.710313 -0.877532
v -0.363484 7.861263 -0.877532
v -0.185302 0.710313 -0.931582
v -0.185302 7.861263 -0.931582
v 0.000000 0.348306 -1.549515
v 0.000000 0.854086 -1.549515
v 0.302295 0.348306 -1.519741
v 0.302295 0.854086 -1.519741
v 0.592974 0.348306 -1.431565
v 0.592974 0.854086 -1.431565
v 0.860864 0.348306 -1.288375
v 0.860864 0.854086 -1.288375
v 1.095672 0.348306 -1.095672
v 1.095672 0.854086 -1.095672
v 1.288375 0.348306 -0.860864
v 1.288375 0.854086 -0.860864
v 1.431565 0.348306 -0.592974
v 1.431565 0.854086 -0.592974
v 1.519742 0.348306 -0.302295
v 1.519742 0.854086 -0.302295
v 1.549515 0.348306 -0.000000
v 1.549515 0.854086 -0.000000
v 1.519742 0.348306 0.302295
v 1.519742 0.854086 0.302295
v 1.431565 0.348306 0.592973
v 1.431565 0.854086 0.592973
v 1.288375 0.348306 0.860864
v 1.288375 0.854086 0.860864
v 1.095672 0.348306 1.095672
v 1.095672 0.854086 1.095672
v 0.860864 0.348306 1.288375
v 0.860864 0.854086 1.288375
v 0.592974 0.348306 1.431565
v 0.592974 0.854086 1.431565
v 0.302295 0.348306 1.519742
v 0.302295 0.854086 1.519742
v -0.000001 0.348306 1.549515
v -0.000001 0.854086 1.549515
v -0.302296 0.348306 1.519741
v -0.302296 0.854086 1.519741
v -0.592974 0.348306 1.431565
v -0.592974 0.854086 1.431565
v -0.860865 0.348306 1.288374
v -0.860865 0.854086 1.288374
v -1.095673 0.348306 1.095672
v -1.095673 0.854086 1.095672
v -1.288375 0.348306 0.860863
v -1.288375 0.854086 0.860863
v -1.431566 0.348306 0.592973
v -1.431566 0.854086 0.592973
v -1.519742 0.348306 0.302294
v -1.519742 0.854086 0.302294
v -1.549515 0.348306 -0.000001
v -1.549515 0.854086 -0.000001
v -1.519741 0.348306 -0.302297
v -1.519741 0.854086 -0.302297
v -1.431565 0.348306 -0.592975
v -1.431565 0.854086 -0.592975
v -1.288374 0.348306 -0.860866
v -1.288374 0.854086 -0.860866
v -1.095671 0.348306 -1.095674
v -1.095671 0.854086 -1.095674
v -0.860863 0.348306 -1.288376
v -0.860863 0.854086 -1.288376
v -0.592972 0.348306 -1.431566
v -0.592972 0.854086 -1.431566
v -0.302293 0.348306 -1.519742
v -0.302293 0.854086 -1.519742
v 0.000000 -0.361833 -2.101518
v 0.000000 0.361833 -2.101518
v 0.409986 -0.361833 -2.061138
v 0.409986 0.361833 -2.061138
v 0.804216 -0.361833 -1.941550
v 0.804216 0.361833 -1.941550
v 1.167541 -0.361833 -1.747349
v 1.167541 0.361833 -1.747349
v 1.485998 -0.361833 -1.485998
v 1.485998 0.361833 -1.485998
v 1.747349 -0.361833 -1.167541
v 1.747349 0.361833 -1.167541
v 1.941550 -0.361833 -0.804216
v 1.941550 0.361833 -0.804216
v 2.061138 -0.361833 -0.409986
v 2.061138 0.361833 -0.409986
v 2.101518 -0.361833 -0.000000
v 2.101518 0.361833 -0.000000
v 2.061139 -0.361833 0.409986
v 2.061139 0.361833 0.409986
v 1.941550 -0.361833 0.804216
v 1.941550 0.361833 0.804216
v 1.747349 -0.361833 1.167541
v 1.747349 0.361833 1.167541
v 1.485998 -0.361833 1.485998
v 1.485998 0.361833 1.485998
v 1.167541 -0.361833 1.747349
v 1.167541 0.361833 1.747349
v 0.804216 -0.361833 1.941550
v 0.804216 0.361833 1.941550
v 0.409985 -0.361833 2.061138
v 0.409985 0.361833 2.061138
v -0.000001 -0.361833 2.101518
v -0.000001 0.361833 2.101518
v -0.409987 -0.361833 2.061138
v -0.409987 0.361833 2.061138
v -0.804217 -0.361833 1.941549
v -0.804217 0.361833 1.941549
v -1.167542 -0.361833 1.747348
v -1.167542 0.361833 1.747348
v -1.485999 -0.361833 1.485997
v -1.485999 0.361833 1.485997
v -1.747350 -0.361833 1.167540
v -1.747350 0.361833 1.167540
v -1.941551 -0.361833 0.804215
v -1.941551 0.361833 0.804215
v -2.061139 -0.361833 0.409984
v -2.061139 0.361833 0.409984
v -2.101518 -0.361833 -0.000002
v -2.101518 0.361833 -0.000002
v -2.061138 -0.361833 -0.409988
v -2.061138 0.361833 -0.409988
v -1.941549 -0.361833 -0.804218
v -1.941549 0.361833 -0.804218
v -1.747347 -0.361833 -1.167543
v -1.747347 0.361833 -1.167543
v -1.485996 -0.361833 -1.486000
v -1.485996 0.361833 -1.486000
v -1.167539 -0.361833 -1.747350
v -1.167539 0.361833 -1.747350
v -0.804214 -0.361833 -1.941551
v -0.804214 0.361833 -1.941551
v -0.409983 -0.361833 -2.061139
v -0.409983 0.361833 -2.061139
vt 0.856132 0.928356
vt 0.826243 0.928356
vt 0.826243 0.918363
vt 0.856131 0.918363
vt 0.826243 0.908754
vt 0.856131 0.908754
vt 0.826243 0.899898
vt 0.856131 0.899898
vt 0.826243 0.892136
vt 0.856131 0.892136
vt 0.826243 0.885765
vt 0.856131 0.885765
vt 0.826243 0.881032
vt 0.856131 0.881032
vt 0.826242 0.878117
vt 0.856131 0.878117
vt 0.732500 0.129662
vt 0.732500 0.159555
vt 0.729538 0.159562
vt 0.729538 0.129669
vt 0.726576 0.159555
vt 0.726576 0.129662
vt 0.350414 0.973922
vt 0.320525 0.973922
vt 0.320528 0.971007
vt 0.350417 0.971007
vt 0.320531 0.966274
vt 0.350419 0.966274
vt 0.320534 0.959903
vt 0.350422 0.959903
vt 0.320536 0.952141
vt 0.350424 0.952141
vt 0.320537 0.943285
vt 0.350425 0.943285
vt 0.320538 0.933676
vt 0.350426 0.933676
vt 0.320538 0.923683
vt 0.350427 0.923683
vt 0.320538 0.913690
vt 0.350426 0.913690
vt 0.320537 0.904081
vt 0.350425 0.904081
vt 0.320536 0.895225
vt 0.350424 0.895225
vt 0.320534 0.887463
vt 0.350422 0.887463
vt 0.320531 0.881092
vt 0.350419 0.881092
vt 0.320528 0.876359
vt 0.350417 0.876359
vt 0.320525 0.873444
vt 0.350414 0.873444
vt 0.726212 0.534622
vt 0.726212 0.564511
vt 0.723251 0.564527
vt 0.723251 0.534638
vt 0.720289 0.564511
vt 0.720289 0.534622
vt 0.856131 0.978595
vt 0.826242 0.978595
vt 0.826243 0.975680
vt 0.856131 0.975680
vt 0.826243 0.970947
vt 0.856131 0.970947
vt 0.826243 0.964576
vt 0.856131 0.964576
vt 0.826243 0.956814
vt 0.856131 0.956814
vt 0.826243 0.947958
vt 0.856131 0.947958
vt 0.559014 0.878027
vt 0.558431 0.868047
vt 0.558431 0.858051
vt 0.559014 0.848422
vt 0.560158 0.839530
vt 0.561819 0.831716
vt 0.563932 0.825282
vt 0.566418 0.820475
vt 0.569180 0.817478
vt 0.572111 0.816408
vt 0.575101 0.817305
vt 0.578033 0.820135
vt 0.580794 0.824790
vt 0.583280 0.831089
vt 0.585393 0.838792
vt 0.587054 0.847602
vt 0.588198 0.857181
vt 0.588781 0.867161
vt 0.588781 0.877157
vt 0.588198 0.886786
vt 0.587054 0.895678
vt 0.585393 0.903492
vt 0.583280 0.909926
vt 0.580794 0.914733
vt 0.578033 0.917730
vt 0.575101 0.918800
vt 0.572111 0.917903
vt 0.569180 0.915073
vt 0.566418 0.910418
vt 0.563932 0.904118
vt 0.561819 0.896416
vt 0.560158 0.887605
vt 0.856131 0.938349
vt 0.826243 0.938349
vt 0.974864 0.850485
vt 0.974864 0.860479
vt 0.974281 0.870107
vt 0.973137 0.878997
vt 0.971476 0.886808
vt 0.969362 0.893241
vt 0.966877 0.898048
vt 0.964115 0.901044
vt 0.961183 0.902114
vt 0.958194 0.901217
vt 0.955262 0.898387
vt 0.952501 0.893734
vt 0.950015 0.887435
vt 0.947901 0.879734
vt 0.946241 0.870926
vt 0.945097 0.861349
vt 0.944513 0.851371
vt 0.944513 0.841377
vt 0.945097 0.831750
vt 0.946241 0.822860
vt 0.947901 0.815048
vt 0.950015 0.808615
vt 0.952501 0.803809
vt 0.955262 0.800813
vt 0.958194 0.799743
vt 0.961183 0.800640
vt 0.964115 0.803469
vt 0.966877 0.808123
vt 0.969362 0.814421
vt 0.971476 0.822123
vt 0.973137 0.830931
vt 0.974281 0.840508
vt 0.739665 0.465783
vt 0.627520 0.465783
vt 0.627520 0.452674
vt 0.739665 0.452674
vt 0.627520 0.440069
vt 0.739665 0.440069
vt 0.627520 0.428452
vt 0.739665 0.428452
vt 0.627520 0.418269
vt 0.739665 0.418269
vt 0.627520 0.409913
vt 0.739665 0.409913
vt 0.627520 0.403704
vt 0.739664 0.403704
vt 0.627519 0.399880
vt 0.739664 0.399880
vt 0.165281 0.520805
vt 0.165281 0.632966
vt 0.161812 0.632976
vt 0.161812 0.520814
vt 0.158342 0.632966
vt 0.158342 0.520805
vt 0.733118 0.700063
vt 0.620973 0.700063
vt 0.620977 0.696239
vt 0.733122 0.696239
vt 0.620980 0.690030
vt 0.733125 0.690030
vt 0.620983 0.681674
vt 0.733128 0.681674
vt 0.620986 0.671491
vt 0.733130 0.671491
vt 0.620987 0.659874
vt 0.733132 0.659874
vt 0.620989 0.647269
vt 0.733133 0.647269
vt 0.620989 0.634160
vt 0.733134 0.634160
vt 0.620989 0.621051
vt 0.733133 0.621051
vt 0.620987 0.608446
vt 0.733132 0.608446
vt 0.620986 0.596829
vt 0.733130 0.596829
vt 0.620983 0.586646
vt 0.733128 0.586646
vt 0.620980 0.578290
vt 0.733125 0.578290
vt 0.620977 0.572080
vt 0.733122 0.572080
vt 0.620973 0.568257
vt 0.733118 0.568257
vt 0.175155 0.520805
vt 0.175155 0.632955
vt 0.171686 0.632976
vt 0.171686 0.520826
vt 0.168216 0.632955
vt 0.168216 0.520805
vt 0.739664 0.531686
vt 0.627519 0.531686
vt 0.627520 0.527863
vt 0.739664 0.527863
vt 0.627520 0.521653
vt 0.739665 0.521653
vt 0.627520 0.513297
vt 0.739665 0.513297
vt 0.627520 0.503114
vt 0.739665 0.503114
vt 0.627520 0.491497
vt 0.739665 0.491497
vt 0.809432 0.886657
vt 0.810115 0.899751
vt 0.810115 0.912863
vt 0.809432 0.925489
vt 0.808092 0.937144
vt 0.806146 0.947379
vt 0.803670 0.955802
vt 0.800758 0.962089
vt 0.797523 0.965998
vt 0.794088 0.967379
vt 0.790586 0.966179
vt 0.787151 0.962444
vt 0.783916 0.956318
vt 0.781004 0.948035
vt 0.778528 0.937915
vt 0.776582 0.926346
vt 0.775242 0.913773
vt 0.774559 0.900679
vt 0.774559 0.887567
vt 0.775242 0.874941
vt 0.776582 0.863286
vt 0.778528 0.853050
vt 0.781004 0.844627
vt 0.783916 0.838341
vt 0.787151 0.834431
vt 0.790586 0.833050
vt 0.794088 0.834251
vt 0.797523 0.837986
vt 0.800758 0.844112
vt 0.803670 0.852395
vt 0.806146 0.862515
vt 0.808092 0.874084
vt 0.739665 0.478892
vt 0.627520 0.478892
vt 0.977466 0.244039
vt 0.977466 0.257148
vt 0.976783 0.269771
vt 0.975442 0.281423
vt 0.973497 0.291657
vt 0.971021 0.300078
vt 0.968109 0.306364
vt 0.964873 0.310272
vt 0.961439 0.311653
vt 0.957937 0.310453
vt 0.954502 0.306719
vt 0.951267 0.300593
vt 0.948355 0.292313
vt 0.945879 0.282195
vt 0.943933 0.270628
vt 0.942593 0.258057
vt 0.941910 0.244966
vt 0.941910 0.231857
vt 0.942593 0.219233
vt 0.943933 0.207581
vt 0.945879 0.197348
vt 0.948355 0.188926
vt 0.951267 0.182641
vt 0.954502 0.178732
vt 0.957937 0.177352
vt 0.961439 0.178552
vt 0.964874 0.182286
vt 0.968109 0.188411
vt 0.971021 0.196692
vt 0.973497 0.206810
vt 0.975443 0.218377
vt 0.976783 0.230947
vt 0.926356 0.035629
vt 0.882338 0.035335
vt 0.897332 0.001468
vt 0.912380 0.002000
vt 0.395545 0.905591
vt 0.370883 0.905591
vt 0.358084 0.871457
vt 0.380488 0.871457
vt 0.545285 0.850621
vt 0.501267 0.850915
vt 0.515243 0.816940
vt 0.530292 0.816408
vt 0.434811 0.942899
vt 0.459473 0.942899
vt 0.444416 0.976780
vt 0.422011 0.976780
vt 0.682176 0.557036
vt 0.667128 0.557028
vt 0.667128 0.534622
vt 0.682176 0.534629
vt 0.872126 0.172703
vt 0.872126 0.109998
vt 0.909576 0.109998
vt 0.909576 0.172703
vt 0.890851 0.172703
vt 0.422011 0.871456
vt 0.440742 0.871456
vt 0.459473 0.871456
vt 0.555496 0.922260
vt 0.492801 0.922260
vt 0.395545 0.977339
vt 0.358084 0.977339
vt 0.934821 0.107062
vt 0.872126 0.107062
vt 0.558693 0.565321
vt 0.558693 0.399881
vt 0.571800 0.399881
vt 0.571800 0.565321
vt 0.584403 0.399881
vt 0.584403 0.565321
vt 0.596018 0.399881
vt 0.596018 0.565321
vt 0.606198 0.399880
vt 0.606198 0.565321
vt 0.614553 0.399880
vt 0.614553 0.565321
vt 0.620762 0.399880
vt 0.620762 0.565321
vt 0.624585 0.399880
vt 0.624585 0.565320
vt 0.352798 0.354231
vt 0.352798 0.519667
vt 0.349329 0.519676
vt 0.349329 0.354240
vt 0.345859 0.519667
vt 0.345859 0.354231
vt 0.489867 0.399895
vt 0.489867 0.565336
vt 0.486044 0.565332
vt 0.486044 0.399892
vt 0.479835 0.565329
vt 0.479835 0.399888
vt 0.471480 0.565326
vt 0.471480 0.399885
vt 0.461300 0.565323
vt 0.461300 0.399883
vt 0.449685 0.565322
vt 0.449685 0.399881
vt 0.437082 0.565321
vt 0.437082 0.399880
vt 0.423975 0.565320
vt 0.423975 0.399880
vt 0.410869 0.565321
vt 0.410869 0.399880
vt 0.398266 0.565322
vt 0.398266 0.399881
vt 0.386651 0.565323
vt 0.386651 0.399883
vt 0.376470 0.565326
vt 0.376470 0.399885
vt 0.368115 0.565329
vt 0.368115 0.399888
vt 0.361907 0.565332
vt 0.361907 0.399892
vt 0.358084 0.565336
vt 0.358084 0.399895
vt 0.345859 0.688051
vt 0.345859 0.522633
vt 0.349328 0.522612
vt 0.349328 0.688030
vt 0.352798 0.522633
vt 0.352798 0.688051
vt 0.492801 0.565320
vt 0.492801 0.399880
vt 0.496625 0.399880
vt 0.496625 0.565321
vt 0.502833 0.399880
vt 0.502833 0.565321
vt 0.511188 0.399880
vt 0.511188 0.565321
vt 0.521369 0.399881
vt 0.521369 0.565321
vt 0.532983 0.399881
vt 0.532984 0.565321
vt 0.770941 0.886657
vt 0.771624 0.899751
vt 0.771624 0.912863
vt 0.770941 0.925489
vt 0.769601 0.937144
vt 0.767655 0.947379
vt 0.765179 0.955802
vt 0.762267 0.962089
vt 0.759032 0.965998
vt 0.755597 0.967379
vt 0.752095 0.966179
vt 0.748661 0.962444
vt 0.745425 0.956318
vt 0.742514 0.948035
vt 0.740037 0.937915
vt 0.738092 0.926346
vt 0.736752 0.913773
vt 0.736068 0.900679
vt 0.736068 0.887567
vt 0.736752 0.874941
vt 0.738092 0.863286
vt 0.740037 0.853050
vt 0.742514 0.844627
vt 0.745425 0.838341
vt 0.748661 0.834431
vt 0.752095 0.833050
vt 0.755597 0.834251
vt 0.759032 0.837986
vt 0.762267 0.844112
vt 0.765179 0.852395
vt 0.767655 0.862515
vt 0.769601 0.874084
vt 0.545587 0.565321
vt 0.545586 0.399881
vt 0.973311 0.068154
vt 0.973311 0.081264
vt 0.972628 0.093887
vt 0.971288 0.105539
vt 0.969342 0.115773
vt 0.966866 0.124194
vt 0.963954 0.130480
vt 0.960719 0.134388
vt 0.957284 0.135769
vt 0.953782 0.134569
vt 0.950348 0.130835
vt 0.947112 0.124709
vt 0.944201 0.116429
vt 0.941724 0.106311
vt 0.939779 0.094744
vt 0.938439 0.082173
vt 0.937755 0.069082
vt 0.937755 0.055972
vt 0.938439 0.043349
vt 0.939779 0.031697
vt 0.941724 0.021463
vt 0.944201 0.013042
vt 0.947112 0.006757
vt 0.950348 0.002848
vt 0.953782 0.001468
vt 0.957284 0.002667
vt 0.960719 0.006402
vt 0.963954 0.012527
vt 0.966866 0.020808
vt 0.969342 0.030926
vt 0.971288 0.042492
vt 0.972628 0.055063
vt 0.992453 0.963343
vt 0.977799 0.963343
vt 0.982588 0.813697
vt 0.992453 0.799743
vt 0.422011 0.704899
vt 0.483004 0.704899
vt 0.483004 0.854565
vt 0.422011 0.854565
vt 0.172997 0.517870
vt 0.158342 0.517870
vt 0.158343 0.354252
vt 0.168207 0.368208
vt 0.358084 0.704899
vt 0.419077 0.704899
vt 0.419077 0.868521
vt 0.358084 0.868521
vt 0.422011 0.868520
vt 0.483004 0.868520
vt 0.912510 0.109998
vt 0.927164 0.109998
vt 0.927164 0.170995
vt 0.912510 0.170995
vt 0.995055 0.306095
vt 0.980401 0.306095
vt 0.980401 0.177352
vt 0.995055 0.177352
vt 0.951639 0.466434
vt 0.973926 0.466434
vt 0.973926 0.595194
vt 0.951639 0.595194
vt 0.906115 0.985072
vt 0.891461 0.985072
vt 0.891461 0.856315
vt 0.906115 0.856316
vt 0.976246 0.001468
vt 0.998533 0.001468
vt 0.998533 0.130228
vt 0.976246 0.130228
vt 0.702700 0.534622
vt 0.717354 0.534622
vt 0.717354 0.556905
vt 0.702700 0.556905
vt 0.685111 0.534622
vt 0.699765 0.534622
vt 0.699765 0.556910
vt 0.685111 0.556910
vt 0.887560 0.875182
vt 0.826242 0.875182
vt 0.840031 0.749937
vt 0.881889 0.749937
vt 0.598404 0.174417
vt 0.598404 0.001468
vt 0.723642 0.001468
vt 0.723642 0.174416
vt 0.330462 0.870509
vt 0.269144 0.870509
vt 0.274816 0.745251
vt 0.276560 0.745251
vt 0.278304 0.745251
vt 0.280048 0.745251
vt 0.281792 0.745251
vt 0.283536 0.745251
vt 0.285280 0.745251
vt 0.287024 0.745251
vt 0.288768 0.745251
vt 0.290512 0.745251
vt 0.292256 0.745251
vt 0.294000 0.745251
vt 0.295745 0.745251
vt 0.297489 0.745251
vt 0.299233 0.745251
vt 0.300977 0.745251
vt 0.302721 0.745251
vt 0.304465 0.745251
vt 0.306209 0.745251
vt 0.307953 0.745251
vt 0.309697 0.745251
vt 0.311441 0.745251
vt 0.313185 0.745251
vt 0.314929 0.745251
vt 0.316673 0.745251
vt 0.598404 0.350301
vt 0.598404 0.177352
vt 0.723636 0.177352
vt 0.723636 0.350301
vt 0.869191 0.174362
vt 0.827334 0.174362
vt 0.827334 0.001468
vt 0.829078 0.001468
vt 0.830822 0.001468
vt 0.832566 0.001468
vt 0.834310 0.001468
vt 0.836054 0.001468
vt 0.837798 0.001468
vt 0.839543 0.001468
vt 0.841287 0.001468
vt 0.843031 0.001468
vt 0.844775 0.001468
vt 0.846519 0.001468
vt 0.848263 0.001468
vt 0.850007 0.001468
vt 0.851751 0.001468
vt 0.853495 0.001468
vt 0.855239 0.001468
vt 0.856983 0.001468
vt 0.858727 0.001468
vt 0.860471 0.001468
vt 0.862215 0.001468
vt 0.863959 0.001468
vt 0.865703 0.001468
vt 0.867447 0.001468
vt 0.869191 0.001468
vt 0.794064 0.177352
vt 0.855382 0.177352
vt 0.855382 0.350282
vt 0.794064 0.350282
vt 0.823308 0.830115
vt 0.736068 0.830115
vt 0.755686 0.704871
vt 0.804945 0.704871
vt 0.492801 0.701950
vt 0.492801 0.568257
vt 0.618039 0.568257
vt 0.618039 0.701950
vt 0.829839 0.525137
vt 0.742600 0.525137
vt 0.760963 0.399880
vt 0.810221 0.399880
vt 0.483303 0.568271
vt 0.483303 0.701964
vt 0.358084 0.701964
vt 0.358084 0.568271
vt 0.059724 0.776917
vt 0.108982 0.776917
vt 0.108982 0.910569
vt 0.059724 0.910569
vt 0.823308 0.701935
vt 0.736068 0.701936
vt 0.736068 0.568257
vt 0.823308 0.568257
vt 0.902714 0.594544
vt 0.902714 0.604721
vt 0.897451 0.604721
vt 0.897451 0.594544
vt 0.883981 0.604720
vt 0.883981 0.594544
vt 0.733134 0.938546
vt 0.733134 0.948722
vt 0.731588 0.948722
vt 0.731588 0.938546
vt 0.593549 0.715061
vt 0.593549 0.704885
vt 0.595304 0.704885
vt 0.595304 0.715061
vt 0.597438 0.704885
vt 0.597438 0.715061
vt 0.599870 0.704885
vt 0.599870 0.715061
vt 0.602506 0.704885
vt 0.602506 0.715061
vt 0.605244 0.704885
vt 0.605244 0.715061
vt 0.607980 0.704885
vt 0.607980 0.715061
vt 0.610608 0.704885
vt 0.610608 0.715061
vt 0.613027 0.704885
vt 0.613027 0.715061
vt 0.615144 0.704885
vt 0.615144 0.715061
vt 0.616879 0.704885
vt 0.616879 0.715061
vt 0.487797 0.803819
vt 0.487797 0.813995
vt 0.486237 0.813995
vt 0.486237 0.803819
vt 0.914234 0.680534
vt 0.914234 0.670358
vt 0.927694 0.670358
vt 0.927694 0.680534
vt 0.930164 0.670358
vt 0.930164 0.680534
vt 0.933292 0.670358
vt 0.933292 0.680534
vt 0.936313 0.670358
vt 0.936313 0.680534
vt 0.939111 0.670358
vt 0.939111 0.680534
vt 0.941579 0.670358
vt 0.941579 0.680534
vt 0.891461 0.617832
vt 0.891461 0.607656
vt 0.893619 0.607656
vt 0.893619 0.617832
vt 0.896069 0.607656
vt 0.896069 0.617832
vt 0.897392 0.617832
vt 0.897392 0.607656
vt 0.898715 0.607656
vt 0.898715 0.617832
vt 0.901457 0.607656
vt 0.901457 0.617832
vt 0.904188 0.607656
vt 0.904188 0.617832
vt 0.906805 0.607656
vt 0.906805 0.617832
vt 0.909206 0.607656
vt 0.909206 0.617832
vt 0.911299 0.607656
vt 0.911299 0.617833
vt 0.911299 0.594543
vt 0.911299 0.604720
vt 0.908849 0.604720
vt 0.908849 0.594544
vt 0.906064 0.604720
vt 0.906064 0.594544
vt 0.629668 0.371720
vt 0.629398 0.366451
vt 0.629668 0.366119
vt 0.630466 0.363116
vt 0.631763 0.360349
vt 0.633507 0.357924
vt 0.635633 0.355933
vt 0.638059 0.354454
vt 0.640691 0.353543
vt 0.643428 0.353236
vt 0.646165 0.353543
vt 0.647481 0.353999
vt 0.648797 0.354454
vt 0.651223 0.355933
vt 0.653349 0.357924
vt 0.655093 0.360349
vt 0.656390 0.363116
vt 0.657188 0.366119
vt 0.657458 0.369241
vt 0.657188 0.371720
vt 0.656390 0.385206
vt 0.655093 0.383626
vt 0.653349 0.382242
vt 0.651223 0.381106
vt 0.648797 0.380262
vt 0.646165 0.379742
vt 0.643428 0.379567
vt 0.640691 0.379742
vt 0.638059 0.380262
vt 0.635633 0.381106
vt 0.633507 0.382242
vt 0.631763 0.383626
vt 0.630466 0.385206
vt 0.903050 0.594544
vt 0.903050 0.604721
vt 0.626463 0.366451
vt 0.626194 0.371720
vt 0.625396 0.385206
vt 0.624099 0.383626
vt 0.622354 0.382242
vt 0.620228 0.381106
vt 0.617803 0.380262
vt 0.615171 0.379742
vt 0.612434 0.379567
vt 0.609697 0.379742
vt 0.607065 0.380262
vt 0.604639 0.381106
vt 0.602513 0.382242
vt 0.600768 0.383626
vt 0.599472 0.385206
vt 0.598673 0.371720
vt 0.598404 0.369241
vt 0.598673 0.366119
vt 0.599472 0.363116
vt 0.600768 0.360349
vt 0.602513 0.357924
vt 0.604639 0.355933
vt 0.607065 0.354454
vt 0.608381 0.353999
vt 0.609697 0.353543
vt 0.612434 0.353236
vt 0.615171 0.353543
vt 0.617803 0.354454
vt 0.620228 0.355933
vt 0.622354 0.357924
vt 0.624099 0.360349
vt 0.625396 0.363116
vt 0.626194 0.366119
vt 0.906064 0.377363
vt 0.906064 0.481858
vt 0.903050 0.481859
vt 0.903050 0.377364
vt 0.902714 0.481859
vt 0.902714 0.377364
vt 0.908849 0.377363
vt 0.908849 0.481858
vt 0.911300 0.377363
vt 0.911299 0.481858
vt 0.909206 0.835013
vt 0.909206 0.730518
vt 0.911299 0.730518
vt 0.911299 0.835013
vt 0.906805 0.835013
vt 0.906805 0.730518
vt 0.904188 0.835013
vt 0.904188 0.730518
vt 0.901457 0.835013
vt 0.901457 0.730518
vt 0.898715 0.835013
vt 0.898715 0.730518
vt 0.897392 0.835013
vt 0.897392 0.730518
vt 0.893619 0.835013
vt 0.893619 0.730518
vt 0.896069 0.730518
vt 0.896069 0.835013
vt 0.891461 0.835013
vt 0.891461 0.730518
vt 0.939111 0.897715
vt 0.939111 0.793220
vt 0.941579 0.793220
vt 0.941579 0.897715
vt 0.936313 0.897715
vt 0.936313 0.793220
vt 0.933292 0.897715
vt 0.933292 0.793220
vt 0.930164 0.897715
vt 0.930164 0.793220
vt 0.927694 0.897715
vt 0.927694 0.793220
vt 0.914234 0.897715
vt 0.914234 0.793220
vt 0.487797 0.586638
vt 0.487797 0.691133
vt 0.486237 0.691133
vt 0.486237 0.586638
vt 0.615144 0.932242
vt 0.615144 0.827747
vt 0.616879 0.827747
vt 0.616879 0.932242
vt 0.613027 0.932242
vt 0.613027 0.827747
vt 0.610608 0.932242
vt 0.610608 0.827747
vt 0.607980 0.932242
vt 0.607980 0.827747
vt 0.605244 0.932242
vt 0.605244 0.827747
vt 0.602506 0.932242
vt 0.602506 0.827747
vt 0.599870 0.932242
vt 0.599870 0.827747
vt 0.597438 0.932242
vt 0.597438 0.827747
vt 0.595304 0.932242
vt 0.595304 0.827747
vt 0.593549 0.932242
vt 0.593549 0.827747
vt 0.733134 0.721365
vt 0.733134 0.825860
vt 0.731588 0.825860
vt 0.731588 0.721365
vt 0.897451 0.377364
vt 0.897451 0.481859
vt 0.883981 0.481858
vt 0.883981 0.377363
vt 0.721731 0.721774
vt 0.721731 0.708272
vt 0.727701 0.709273
vt 0.727701 0.722775
vt 0.721731 0.702998
vt 0.727701 0.704000
vt 0.733134 0.713855
vt 0.731588 0.713855
vt 0.593549 0.939752
vt 0.595304 0.939752
vt 0.597438 0.939752
vt 0.599870 0.939752
vt 0.602506 0.939752
vt 0.605244 0.939752
vt 0.607980 0.939752
vt 0.610608 0.939752
vt 0.613027 0.939752
vt 0.615144 0.939752
vt 0.616879 0.939752
vt 0.487797 0.579128
vt 0.486237 0.579128
vt 0.914234 0.905225
vt 0.927694 0.905225
vt 0.930164 0.905225
vt 0.933292 0.905225
vt 0.936313 0.905225
vt 0.939111 0.905225
vt 0.941579 0.905225
vt 0.891461 0.842523
vt 0.893619 0.842523
vt 0.896069 0.842523
vt 0.897392 0.842523
vt 0.898715 0.842523
vt 0.901457 0.842523
vt 0.904188 0.842523
vt 0.906805 0.842523
vt 0.909206 0.842523
vt 0.911299 0.842523
vt 0.911300 0.369852
vt 0.908849 0.369853
vt 0.906064 0.369853
vt 0.903050 0.369853
vt 0.902714 0.369854
vt 0.906064 0.358996
vt 0.903050 0.358997
vt 0.902714 0.358997
vt 0.908849 0.358996
vt 0.911300 0.358996
vt 0.909206 0.853380
vt 0.911299 0.853380
vt 0.906805 0.853380
vt 0.904188 0.853380
vt 0.901457 0.853380
vt 0.898715 0.853380
vt 0.897392 0.853380
vt 0.893619 0.853380
vt 0.896069 0.853380
vt 0.891461 0.853380
vt 0.939111 0.916082
vt 0.941579 0.916082
vt 0.936313 0.916082
vt 0.933292 0.916082
vt 0.930164 0.916082
vt 0.927694 0.916082
vt 0.914234 0.916082
vt 0.487797 0.568271
vt 0.486237 0.568271
vt 0.615144 0.950609
vt 0.616879 0.950609
vt 0.613027 0.950609
vt 0.610608 0.950609
vt 0.607980 0.950609
vt 0.605244 0.950609
vt 0.602506 0.950609
vt 0.599870 0.950609
vt 0.597438 0.950609
vt 0.595304 0.950609
vt 0.593549 0.950609
vt 0.733134 0.702998
vt 0.731588 0.702998
vt 0.897451 0.358997
vt 0.897451 0.369853
vt 0.883981 0.369853
vt 0.883981 0.358996
vt 0.901491 0.363885
vt 0.901491 0.371395
vt 0.896228 0.371395
vt 0.896228 0.363885
vt 0.882757 0.371395
vt 0.882757 0.363884
vt 0.735435 0.152411
vt 0.740569 0.157891
vt 0.740569 0.166073
vt 0.735435 0.160593
vt 0.741012 0.389438
vt 0.735891 0.394931
vt 0.735891 0.386768
vt 0.741012 0.381275
vt 0.906064 0.585790
vt 0.903050 0.585790
vt 0.902714 0.585791
vt 0.908849 0.585790
vt 0.911299 0.585789
vt 0.909206 0.626586
vt 0.911299 0.626586
vt 0.906805 0.626586
vt 0.904188 0.626586
vt 0.901457 0.626586
vt 0.898715 0.626586
vt 0.897392 0.626586
vt 0.893619 0.626586
vt 0.896069 0.626586
vt 0.891461 0.626586
vt 0.939111 0.689288
vt 0.941579 0.689288
vt 0.936313 0.689288
vt 0.933292 0.689288
vt 0.930164 0.689288
vt 0.927694 0.689288
vt 0.914234 0.689288
vt 0.487797 0.795065
vt 0.486237 0.795065
vt 0.615144 0.723815
vt 0.616879 0.723815
vt 0.613027 0.723815
vt 0.610608 0.723815
vt 0.607980 0.723815
vt 0.605244 0.723815
vt 0.602506 0.723815
vt 0.599870 0.723815
vt 0.597438 0.723815
vt 0.595304 0.723815
vt 0.593549 0.723815
vt 0.733134 0.929792
vt 0.731588 0.929792
vt 0.897451 0.585790
vt 0.883981 0.585790
vt 0.742482 0.134937
vt 0.742512 0.148447
vt 0.735465 0.149475
vt 0.735435 0.135966
vt 0.742512 0.129662
vt 0.735465 0.130691
vt 0.729147 0.539886
vt 0.737899 0.539885
vt 0.737899 0.553358
vt 0.729147 0.553358
vt 0.729147 0.534622
vt 0.737899 0.534622
vt 0.728102 0.741277
vt 0.721731 0.735274
vt 0.721731 0.725710
vt 0.728102 0.731713
vt 0.352914 0.733939
vt 0.352944 0.739214
vt 0.345889 0.738186
vt 0.345859 0.732911
vt 0.352944 0.720430
vt 0.345889 0.719401
vt 0.726571 0.387262
vt 0.732957 0.381275
vt 0.732957 0.390864
vt 0.726571 0.396851
vt 0.122025 0.354254
vt 0.122025 0.555242
vt 0.101522 0.555242
vt 0.101522 0.354254
vt 0.097591 0.555241
vt 0.097591 0.354253
vt 0.093983 0.555241
vt 0.093983 0.354253
vt 0.090836 0.555240
vt 0.090836 0.354252
vt 0.879225 0.364333
vt 0.879225 0.565321
vt 0.875551 0.565321
vt 0.875551 0.364333
vt 0.871351 0.565321
vt 0.871351 0.364333
vt 0.866787 0.565321
vt 0.866787 0.364333
vt 0.862034 0.565321
vt 0.862034 0.364333
vt 0.857276 0.565321
vt 0.857276 0.364333
vt 0.852694 0.565321
vt 0.852694 0.364333
vt 0.848465 0.565321
vt 0.848465 0.364333
vt 0.844751 0.565321
vt 0.844751 0.364333
vt 0.726571 0.378340
vt 0.726571 0.177352
vt 0.729686 0.177352
vt 0.729686 0.378340
vt 0.733270 0.177352
vt 0.733270 0.378340
vt 0.737186 0.177352
vt 0.737186 0.378340
vt 0.741282 0.177352
vt 0.741282 0.378340
vt 0.766841 0.177352
vt 0.766841 0.378340
vt 0.784213 0.177352
vt 0.784213 0.378340
vt 0.787885 0.177352
vt 0.787885 0.378340
vt 0.791130 0.177352
vt 0.791129 0.378340
vt 0.914234 0.667423
vt 0.914234 0.466435
vt 0.917970 0.466434
vt 0.917970 0.667422
vt 0.922216 0.466434
vt 0.922216 0.667422
vt 0.926808 0.466434
vt 0.926808 0.667422
vt 0.931570 0.466434
vt 0.931570 0.667422
vt 0.936318 0.466434
vt 0.936318 0.667422
vt 0.940871 0.466434
vt 0.940871 0.667422
vt 0.945054 0.466434
vt 0.945054 0.667422
vt 0.948705 0.466435
vt 0.948705 0.667423
vt 0.155408 0.354252
vt 0.155408 0.555240
vt 0.152194 0.555241
vt 0.152194 0.354253
vt 0.148545 0.555242
vt 0.148545 0.354254
vt 0.269237 0.932926
vt 0.269144 0.912405
vt 0.270026 0.889843
vt 0.271485 0.885944
vt 0.273804 0.882369
vt 0.276893 0.879255
vt 0.280634 0.876721
vt 0.284883 0.874865
vt 0.289477 0.873759
vt 0.294240 0.873444
vt 0.298988 0.873933
vt 0.303538 0.875207
vt 0.307716 0.877217
vt 0.311362 0.879887
vt 0.314335 0.883112
vt 0.316521 0.886770
vt 0.317591 0.904138
vt 0.317591 0.929702
vt 0.317047 0.933803
vt 0.315588 0.937729
vt 0.313268 0.941329
vt 0.310179 0.944466
vt 0.306437 0.947018
vt 0.302188 0.948887
vt 0.297593 0.950002
vt 0.292831 0.950319
vt 0.288083 0.949828
vt 0.283533 0.948545
vt 0.279355 0.946521
vt 0.275709 0.943834
vt 0.272737 0.940586
vt 0.270551 0.936903
vt 0.144601 0.354254
vt 0.144601 0.555242
vt 0.090836 0.596092
vt 0.090928 0.575570
vt 0.092243 0.571593
vt 0.094429 0.567910
vt 0.097401 0.564663
vt 0.101047 0.561975
vt 0.105225 0.559952
vt 0.109775 0.558669
vt 0.114523 0.558177
vt 0.119285 0.558495
vt 0.123880 0.559610
vt 0.128129 0.561479
vt 0.131871 0.564031
vt 0.134960 0.567167
vt 0.137279 0.570768
vt 0.138739 0.574694
vt 0.139282 0.578795
vt 0.139282 0.604359
vt 0.138213 0.621727
vt 0.136027 0.625385
vt 0.133054 0.628610
vt 0.129408 0.631279
vt 0.125230 0.633290
vt 0.120679 0.634564
vt 0.115932 0.635053
vt 0.111169 0.634738
vt 0.106575 0.633632
vt 0.102326 0.631776
vt 0.098585 0.629242
vt 0.095495 0.626128
vt 0.093177 0.622553
vt 0.091718 0.618654
vt 0.474270 0.974501
vt 0.474506 0.982584
vt 0.471399 0.981652
vt 0.471628 0.973708
vt 0.349562 0.716448
vt 0.349561 0.710147
vt 0.353192 0.710167
vt 0.352982 0.716466
vt 0.349561 0.703637
vt 0.349561 0.697167
vt 0.353192 0.697187
vt 0.353263 0.703657
vt 0.345672 0.863496
vt 0.345495 0.857498
vt 0.348542 0.856386
vt 0.349057 0.862260
vt 0.345259 0.849466
vt 0.344973 0.839708
vt 0.347009 0.838965
vt 0.347850 0.848520
vt 0.473307 0.941514
vt 0.473658 0.953564
vt 0.472229 0.953135
vt 0.472578 0.941295
vt 0.344648 0.828599
vt 0.344296 0.816566
vt 0.345011 0.816306
vt 0.346050 0.828087
vt 0.473984 0.964702
vt 0.471908 0.964079
vt 0.474683 0.988641
vt 0.471231 0.987605
vt 0.349562 0.690986
vt 0.352982 0.691005
vt 0.191791 0.778150
vt 0.198031 0.781723
vt 0.198031 0.785089
vt 0.191791 0.781723
vt 0.350291 0.845872
vt 0.351412 0.853272
vt 0.347371 0.826654
vt 0.348927 0.836884
vt 0.469872 0.962114
vt 0.470826 0.951781
vt 0.468352 0.978711
vt 0.469036 0.971207
vt 0.172571 0.781723
vt 0.178811 0.778150
vt 0.178811 0.781723
vt 0.172571 0.785089
vt 0.185301 0.776943
vt 0.185301 0.780587
vt 0.352247 0.858800
vt 0.471863 0.940605
vt 0.345684 0.815575
vt 0.467845 0.984337
vt 0.198031 0.790556
vt 0.191790 0.787526
vt 0.203782 0.790556
vt 0.208823 0.797912
vt 0.208823 0.802096
vt 0.203782 0.795476
vt 0.348560 0.824354
vt 0.350653 0.833545
vt 0.467954 0.958883
vt 0.469505 0.949555
vt 0.465482 0.973875
vt 0.466595 0.967094
vt 0.178811 0.787526
vt 0.172571 0.790556
vt 0.185301 0.786503
vt 0.352488 0.841622
vt 0.471189 0.939470
vt 0.346291 0.814402
vt 0.166820 0.790556
vt 0.166820 0.795476
vt 0.198031 0.797912
vt 0.191790 0.795336
vt 0.208823 0.807727
vt 0.203782 0.802096
vt 0.349571 0.821276
vt 0.352121 0.829077
vt 0.466228 0.954509
vt 0.468316 0.946542
vt 0.161779 0.802096
vt 0.166819 0.802096
vt 0.161779 0.807727
vt 0.178811 0.795336
vt 0.172570 0.797912
vt 0.185300 0.794466
vt 0.354356 0.835935
vt 0.470583 0.937935
vt 0.346806 0.812833
vt 0.464399 0.961527
vt 0.198030 0.806876
vt 0.191790 0.804852
vt 0.208823 0.814588
vt 0.203782 0.810164
vt 0.350366 0.817539
vt 0.353274 0.823651
vt 0.464760 0.949160
vt 0.467305 0.942858
vt 0.166819 0.810164
vt 0.161778 0.814588
vt 0.178811 0.804852
vt 0.172570 0.806876
vt 0.185300 0.804169
vt 0.212960 0.814588
vt 0.212960 0.819978
vt 0.470068 0.936056
vt 0.347211 0.810928
vt 0.157642 0.814588
vt 0.157642 0.819978
vt 0.198030 0.817103
vt 0.191790 0.815709
vt 0.208823 0.822415
vt 0.203782 0.819368
vt 0.350913 0.813285
vt 0.354069 0.817476
vt 0.463607 0.943043
vt 0.466511 0.938645
vt 0.166819 0.819368
vt 0.161778 0.822415
vt 0.178810 0.815709
vt 0.172570 0.817103
vt 0.185300 0.815238
vt 0.212960 0.826128
vt 0.469663 0.933908
vt 0.347490 0.808760
vt 0.157642 0.826128
vt 0.198030 0.828200
vt 0.191790 0.827490
vt 0.208823 0.830908
vt 0.203781 0.829355
vt 0.351192 0.808679
vt 0.354474 0.810789
vt 0.462812 0.936393
vt 0.465963 0.934064
vt 0.166819 0.829355
vt 0.161778 0.830908
vt 0.178810 0.827490
vt 0.172570 0.828200
vt 0.185300 0.827250
vt 0.212960 0.832801
vt 0.469384 0.931573
vt 0.347632 0.806412
vt 0.157642 0.832801
vt 0.198030 0.839741
vt 0.191790 0.839741
vt 0.208823 0.839741
vt 0.203781 0.839741
vt 0.351192 0.803898
vt 0.354474 0.803847
vt 0.462407 0.929464
vt 0.465685 0.929291
vt 0.166819 0.839741
vt 0.161778 0.839741
vt 0.178810 0.839741
vt 0.172570 0.839741
vt 0.185300 0.839741
vt 0.212960 0.839741
vt 0.469242 0.929140
vt 0.347632 0.803974
vt 0.157642 0.839741
vt 0.198030 0.851281
vt 0.191790 0.851992
vt 0.208823 0.848573
vt 0.203781 0.850127
vt 0.350913 0.799124
vt 0.354069 0.796917
vt 0.462407 0.922524
vt 0.465685 0.924511
vt 0.166819 0.850127
vt 0.161778 0.848573
vt 0.178810 0.851992
vt 0.172570 0.851281
vt 0.185300 0.852232
vt 0.212960 0.846681
vt 0.469242 0.926703
vt 0.347490 0.801540
vt 0.157642 0.846681
vt 0.198030 0.862378
vt 0.191790 0.863772
vt 0.208823 0.857067
vt 0.203782 0.860114
vt 0.350366 0.794542
vt 0.353274 0.790265
vt 0.462812 0.915838
vt 0.465963 0.919905
vt 0.166819 0.860114
vt 0.161778 0.857067
vt 0.178810 0.863772
vt 0.172570 0.862378
vt 0.185300 0.864243
vt 0.212960 0.853354
vt 0.469384 0.924355
vt 0.347211 0.799204
vt 0.157642 0.853354
vt 0.198030 0.872605
vt 0.191790 0.874629
vt 0.208823 0.864894
vt 0.203782 0.869318
vt 0.349571 0.790328
vt 0.352121 0.784147
vt 0.463607 0.909664
vt 0.466511 0.915653
vt 0.166819 0.869318
vt 0.161778 0.864894
vt 0.178811 0.874629
vt 0.172570 0.872605
vt 0.185300 0.875313
vt 0.212960 0.859504
vt 0.469663 0.922187
vt 0.346806 0.797056
vt 0.157642 0.859504
vt 0.198031 0.881569
vt 0.191790 0.884145
vt 0.208823 0.871755
vt 0.203782 0.877385
vt 0.348560 0.786643
vt 0.350653 0.778797
vt 0.464760 0.904239
vt 0.467305 0.911916
vt 0.166819 0.877385
vt 0.161779 0.871755
vt 0.178811 0.884145
vt 0.172570 0.881569
vt 0.185300 0.885015
vt 0.212960 0.864894
vt 0.470068 0.920282
vt 0.346291 0.795178
vt 0.157642 0.864894
vt 0.198031 0.888926
vt 0.191790 0.891955
vt 0.208823 0.877385
vt 0.203782 0.884006
vt 0.347371 0.783630
vt 0.348927 0.774422
vt 0.466228 0.899772
vt 0.468316 0.908839
vt 0.166820 0.884006
vt 0.161779 0.877385
vt 0.178811 0.891955
vt 0.172571 0.888926
vt 0.185301 0.892978
vt 0.352488 0.771941
vt 0.350291 0.766373
vt 0.470583 0.918714
vt 0.345684 0.793641
vt 0.462530 0.897547
vt 0.464399 0.891861
vt 0.198031 0.894392
vt 0.191791 0.897758
vt 0.208823 0.881569
vt 0.203782 0.888926
vt 0.346050 0.781403
vt 0.347009 0.771190
vt 0.467954 0.896434
vt 0.469505 0.906540
vt 0.166820 0.888926
vt 0.161779 0.881569
vt 0.178811 0.897758
vt 0.172571 0.894392
vt 0.185301 0.898895
vt 0.347850 0.762260
vt 0.471189 0.917541
vt 0.345011 0.792506
vt 0.466595 0.887612
vt 0.198031 0.897758
vt 0.191791 0.901332
vt 0.348542 0.754954
vt 0.345259 0.759758
vt 0.345495 0.752013
vt 0.344648 0.780049
vt 0.344973 0.769225
vt 0.469872 0.894354
vt 0.470826 0.905107
vt 0.465482 0.880414
vt 0.468352 0.877300
vt 0.469036 0.884965
vt 0.178811 0.901332
vt 0.172571 0.897758
vt 0.185301 0.902539
vt 0.349057 0.749556
vt 0.345672 0.746287
vt 0.471863 0.916811
vt 0.344296 0.791816
vt 0.464656 0.875115
vt 0.467845 0.871655
vt 0.712092 0.359459
vt 0.712303 0.353244
vt 0.715723 0.353236
vt 0.715723 0.359450
vt 0.342617 0.758965
vt 0.342388 0.751080
vt 0.343218 0.779620
vt 0.342897 0.768602
vt 0.471908 0.893611
vt 0.472229 0.904595
vt 0.471399 0.876188
vt 0.471628 0.884019
vt 0.712303 0.378708
vt 0.712092 0.372440
vt 0.715723 0.372431
vt 0.715723 0.378700
vt 0.712021 0.365941
vt 0.715723 0.365931
vt 0.342220 0.745251
vt 0.472578 0.916550
vt 0.343567 0.791597
vt 0.712645 0.384504
vt 0.715723 0.384496
vt 0.719143 0.353244
vt 0.719354 0.359459
vt 0.340026 0.759911
vt 0.339341 0.752193
vt 0.341816 0.780132
vt 0.340861 0.769345
vt 0.473984 0.894234
vt 0.473659 0.905024
vt 0.474506 0.877120
vt 0.474270 0.884812
vt 0.719354 0.372440
vt 0.719143 0.378708
vt 0.719425 0.365941
vt 0.338834 0.746487
vt 0.473307 0.916769
vt 0.342852 0.791858
vt 0.718802 0.384504
vt 0.035624 0.778124
vt 0.041864 0.781698
vt 0.041861 0.785064
vt 0.035620 0.781698
vt 0.337585 0.762559
vt 0.336471 0.755307
vt 0.340494 0.781566
vt 0.338943 0.771426
vt 0.476020 0.896199
vt 0.475061 0.906378
vt 0.477553 0.880061
vt 0.476861 0.887313
vt 0.016404 0.781698
vt 0.022644 0.778124
vt 0.022640 0.781698
vt 0.016400 0.785064
vt 0.029134 0.776917
vt 0.029130 0.780561
vt 0.335644 0.749947
vt 0.474022 0.917459
vt 0.342179 0.792589
vt 0.474683 0.871456
vt 0.478068 0.874723
vt 0.041857 0.790530
vt 0.035616 0.787501
vt 0.047612 0.790530
vt 0.052654 0.797887
vt 0.052652 0.802071
vt 0.047610 0.795450
vt 0.339306 0.783865
vt 0.337217 0.774764
vt 0.477938 0.899430
vt 0.476382 0.908604
vt 0.005610 0.797887
vt 0.010650 0.790530
vt 0.010647 0.795450
vt 0.005608 0.802071
vt 0.022637 0.787501
vt 0.016397 0.790530
vt 0.029126 0.786478
vt 0.335388 0.766809
vt 0.474695 0.918593
vt 0.341573 0.793761
vt 0.479302 0.891426
vt 0.041855 0.797887
vt 0.035613 0.795310
vt 0.052650 0.807701
vt 0.047607 0.802071
vt 0.338294 0.786943
vt 0.335749 0.779233
vt 0.479664 0.903804
vt 0.477571 0.911616
vt 0.010645 0.802071
vt 0.005605 0.807701
vt 0.022634 0.795310
vt 0.016394 0.797887
vt 0.029123 0.794440
vt 0.333519 0.772496
vt 0.475301 0.920129
vt 0.341057 0.795330
vt 0.481499 0.896993
vt 0.041852 0.806851
vt 0.035611 0.804827
vt 0.052648 0.814562
vt 0.047605 0.810138
vt 0.337500 0.790680
vt 0.334596 0.784658
vt 0.481132 0.909152
vt 0.478582 0.915300
vt 0.010642 0.810138
vt 0.005604 0.814562
vt 0.022631 0.804827
vt 0.016392 0.806851
vt 0.029121 0.804143
vt 0.056789 0.814562
vt 0.056787 0.819952
vt 0.475817 0.922007
vt 0.340652 0.797236
vt 0.001471 0.814562
vt 0.001469 0.819952
vt 0.041850 0.817078
vt 0.035609 0.815683
vt 0.052647 0.822389
vt 0.047603 0.819342
vt 0.336953 0.794934
vt 0.333802 0.790834
vt 0.482285 0.915269
vt 0.479376 0.919514
vt 0.010641 0.819342
vt 0.005602 0.822389
vt 0.022630 0.815683
vt 0.016390 0.817078
vt 0.029119 0.815213
vt 0.056786 0.826102
vt 0.476222 0.924155
vt 0.340373 0.799404
vt 0.001468 0.826102
vt 0.041849 0.828175
vt 0.035608 0.827464
vt 0.052646 0.830882
vt 0.047602 0.829329
vt 0.336674 0.799540
vt 0.333397 0.797521
vt 0.483079 0.921920
vt 0.479924 0.924095
vt 0.010640 0.829329
vt 0.005601 0.830882
vt 0.022628 0.827464
vt 0.016389 0.828175
vt 0.029118 0.827224
vt 0.056786 0.832775
vt 0.476501 0.926491
vt 0.340231 0.801752
vt 0.001468 0.832775
vt 0.041849 0.839715
vt 0.035607 0.839715
vt 0.052645 0.839715
vt 0.047602 0.839715
vt 0.336674 0.804322
vt 0.333397 0.804463
vt 0.483484 0.928849
vt 0.480203 0.928867
vt 0.010640 0.839715
vt 0.005601 0.839715
vt 0.022628 0.839715
vt 0.016389 0.839715
vt 0.029117 0.839715
vt 0.056786 0.839715
vt 0.476643 0.928924
vt 0.340231 0.804190
vt 0.001467 0.839715
vt 0.041849 0.851255
vt 0.035608 0.851966
vt 0.052646 0.848548
vt 0.047602 0.850101
vt 0.336953 0.809095
vt 0.333802 0.811393
vt 0.483484 0.935789
vt 0.480203 0.933648
vt 0.010640 0.850101
vt 0.005601 0.848548
vt 0.022628 0.851966
vt 0.016389 0.851255
vt 0.029118 0.852206
vt 0.056786 0.846655
vt 0.476643 0.931361
vt 0.340373 0.806624
vt 0.001468 0.846655
vt 0.041850 0.862352
vt 0.035609 0.863747
vt 0.052647 0.857041
vt 0.047603 0.860088
vt 0.337500 0.813677
vt 0.334596 0.818045
vt 0.483079 0.942475
vt 0.479924 0.938253
vt 0.010641 0.860088
vt 0.005602 0.857041
vt 0.022630 0.863747
vt 0.016390 0.862352
vt 0.029119 0.864218
vt 0.056786 0.853328
vt 0.476501 0.933709
vt 0.340652 0.808959
vt 0.001468 0.853328
vt 0.041852 0.872579
vt 0.035611 0.874604
vt 0.052648 0.864868
vt 0.047605 0.869292
vt 0.338294 0.817892
vt 0.335749 0.824163
vt 0.482285 0.948649
vt 0.479376 0.942506
vt 0.010642 0.869292
vt 0.005604 0.864868
vt 0.022631 0.874604
vt 0.016392 0.872579
vt 0.029121 0.875287
vt 0.056787 0.859478
vt 0.476222 0.935877
vt 0.341057 0.811108
vt 0.001469 0.859478
vt 0.041855 0.881543
vt 0.035613 0.884120
vt 0.052650 0.871729
vt 0.047607 0.877360
vt 0.339306 0.821576
vt 0.337217 0.829512
vt 0.481132 0.954073
vt 0.478582 0.946242
vt 0.010645 0.877360
vt 0.005605 0.871729
vt 0.022634 0.884120
vt 0.016394 0.881543
vt 0.029123 0.884990
vt 0.056789 0.864868
vt 0.475817 0.937782
vt 0.341573 0.812986
vt 0.001471 0.864868
vt 0.041857 0.888900
vt 0.035616 0.891929
vt 0.052652 0.877360
vt 0.047610 0.883980
vt 0.340494 0.824590
vt 0.338943 0.833887
vt 0.479664 0.958540
vt 0.477571 0.949319
vt 0.010647 0.883980
vt 0.005608 0.877360
vt 0.022637 0.891929
vt 0.016397 0.888900
vt 0.029126 0.892952
vt 0.335388 0.836489
vt 0.337585 0.842057
vt 0.475301 0.939350
vt 0.342179 0.814523
vt 0.483367 0.960973
vt 0.481499 0.966659
vt 0.041861 0.894366
vt 0.035620 0.897733
vt 0.052654 0.881543
vt 0.047612 0.888900
vt 0.341816 0.826816
vt 0.340861 0.837119
vt 0.477938 0.961878
vt 0.476382 0.951619
vt 0.483006 0.973363
vt 0.480423 0.978358
vt 0.479302 0.970907
vt 0.022640 0.897733
vt 0.016400 0.894366
vt 0.029130 0.898869
vt 0.340026 0.846171
vt 0.474695 0.940522
vt 0.342852 0.815657
vt 0.010650 0.888900
vt 0.041864 0.897733
vt 0.035624 0.901306
vt 0.339341 0.853624
vt 0.342617 0.848673
vt 0.342388 0.856566
vt 0.343218 0.828170
vt 0.342897 0.839085
vt 0.476020 0.963959
vt 0.475061 0.953052
vt 0.477553 0.981472
vt 0.476861 0.973555
vt 0.022644 0.901306
vt 0.016404 0.897733
vt 0.029134 0.902513
vt 0.338834 0.859192
vt 0.342220 0.862460
vt 0.474022 0.941253
vt 0.343567 0.816348
vt 0.481258 0.983945
vt 0.478068 0.987405
vt 0.343931 0.804072
vt 0.472942 0.929016
vt 0.345930 0.697187
vt 0.346141 0.691005
vt 0.346141 0.716466
vt 0.345930 0.710167
vt 0.345859 0.703657
vt 0.979290 0.733583
vt 0.944515 0.733583
vt 0.944515 0.721006
vt 0.979290 0.721006
vt 0.944515 0.708914
vt 0.979290 0.708914
vt 0.944514 0.697769
vt 0.979290 0.697769
vt 0.944514 0.688000
vt 0.979290 0.688000
vt 0.944514 0.679983
vt 0.979289 0.679983
vt 0.944514 0.674026
vt 0.979289 0.674026
vt 0.944513 0.670358
vt 0.979289 0.670358
vt 0.149672 0.595910
vt 0.149672 0.630690
vt 0.145945 0.630700
vt 0.145945 0.595919
vt 0.142217 0.630690
vt 0.142217 0.595910
vt 0.976685 0.441038
vt 0.941910 0.441038
vt 0.941914 0.437369
vt 0.976689 0.437369
vt 0.941917 0.431412
vt 0.976693 0.431412
vt 0.941920 0.423395
vt 0.976696 0.423395
vt 0.941923 0.413627
vt 0.976698 0.413627
vt 0.941925 0.402482
vt 0.976700 0.402482
vt 0.941926 0.390389
vt 0.976702 0.390389
vt 0.941926 0.377813
vt 0.976702 0.377813
vt 0.941926 0.365237
vt 0.976702 0.365237
vt 0.941925 0.353144
vt 0.976700 0.353144
vt 0.941923 0.341999
vt 0.976698 0.341999
vt 0.941920 0.332230
vt 0.976696 0.332230
vt 0.941917 0.324213
vt 0.976693 0.324213
vt 0.941914 0.318256
vt 0.976689 0.318256
vt 0.941910 0.314588
vt 0.976685 0.314588
vt 0.149672 0.558177
vt 0.149672 0.592954
vt 0.145945 0.592975
vt 0.145945 0.558197
vt 0.142217 0.592954
vt 0.142217 0.558177
vt 0.979289 0.796807
vt 0.944513 0.796807
vt 0.944514 0.793139
vt 0.979289 0.793139
vt 0.944514 0.787182
vt 0.979289 0.787182
vt 0.944514 0.779165
vt 0.979290 0.779165
vt 0.944514 0.769397
vt 0.979290 0.769397
vt 0.944515 0.758252
vt 0.979290 0.758252
vt 0.253356 0.828256
vt 0.254090 0.840814
vt 0.254090 0.853394
vt 0.253356 0.865513
vt 0.251917 0.876703
vt 0.249827 0.886536
vt 0.247167 0.894633
vt 0.244039 0.900683
vt 0.240563 0.904454
vt 0.236873 0.905801
vt 0.233111 0.904672
vt 0.229422 0.901110
vt 0.225946 0.895253
vt 0.222818 0.887325
vt 0.220158 0.877631
vt 0.218068 0.866543
vt 0.216629 0.854489
vt 0.215895 0.841930
vt 0.215895 0.829350
vt 0.216629 0.817232
vt 0.218068 0.806041
vt 0.220158 0.796208
vt 0.222818 0.788111
vt 0.225946 0.782061
vt 0.229422 0.778290
vt 0.233111 0.776943
vt 0.236873 0.778072
vt 0.240563 0.781634
vt 0.244039 0.787491
vt 0.247167 0.795419
vt 0.249827 0.805113
vt 0.251917 0.816201
vt 0.979290 0.746159
vt 0.944515 0.746159
vt 0.685209 0.895028
vt 0.685943 0.882472
vt 0.687383 0.870420
vt 0.689473 0.859334
vt 0.692133 0.849642
vt 0.695261 0.841716
vt 0.698736 0.835860
vt 0.702426 0.832299
vt 0.706188 0.831170
vt 0.709877 0.832516
vt 0.713353 0.836287
vt 0.716481 0.842336
vt 0.719141 0.850431
vt 0.721231 0.860262
vt 0.722671 0.871450
vt 0.723405 0.883566
vt 0.723405 0.896144
vt 0.722671 0.908700
vt 0.721231 0.920752
vt 0.719141 0.931837
vt 0.716481 0.941529
vt 0.713353 0.949455
vt 0.709877 0.955312
vt 0.706188 0.958873
vt 0.702426 0.960002
vt 0.698736 0.958655
vt 0.695261 0.954885
vt 0.692133 0.948836
vt 0.689473 0.940740
vt 0.687383 0.930909
vt 0.685943 0.919721
vt 0.685209 0.907605
vt 0.266209 0.774008
vt 0.157642 0.774008
vt 0.182056 0.648764
vt 0.243357 0.648763
vt 0.726576 0.001468
vt 0.824399 0.001468
vt 0.824399 0.126727
vt 0.726576 0.126727
vt 0.110035 0.773982
vt 0.001467 0.773982
vt 0.024320 0.648725
vt 0.085621 0.648725
vt 0.620973 0.702998
vt 0.718797 0.702998
vt 0.718797 0.828235
vt 0.620974 0.828235
vt 0.620973 0.831170
vt 0.682274 0.831170
vt 0.682274 0.928980
vt 0.620973 0.928980
vt 0.492801 0.813472
vt 0.492801 0.704885
vt 0.590614 0.704885
vt 0.590614 0.813473
vt 0.267462 0.001468
vt 0.267462 0.351294
vt 0.250020 0.351294
vt 0.250020 0.001468
vt 0.233249 0.351294
vt 0.233249 0.001468
vt 0.217792 0.351294
vt 0.217792 0.001468
vt 0.204244 0.351295
vt 0.204244 0.001468
vt 0.193125 0.351295
vt 0.193125 0.001468
vt 0.184863 0.351295
vt 0.184863 0.001469
vt 0.179775 0.351296
vt 0.179775 0.001469
vt 0.989977 0.314588
vt 0.989977 0.664405
vt 0.984807 0.664417
vt 0.984807 0.314601
vt 0.979637 0.664405
vt 0.979637 0.314588
vt 0.176841 0.001491
vt 0.176841 0.351317
vt 0.171753 0.351311
vt 0.171753 0.001485
vt 0.163491 0.351306
vt 0.163491 0.001480
vt 0.152373 0.351302
vt 0.152373 0.001476
vt 0.138825 0.351299
vt 0.138825 0.001472
vt 0.123368 0.351296
vt 0.123368 0.001470
vt 0.106596 0.351294
vt 0.106596 0.001468
vt 0.089154 0.351294
vt 0.089154 0.001468
vt 0.071712 0.351294
vt 0.071712 0.001468
vt 0.054940 0.351296
vt 0.054940 0.001470
vt 0.039484 0.351299
vt 0.039484 0.001472
vt 0.025935 0.351302
vt 0.025935 0.001476
vt 0.014817 0.351306
vt 0.014817 0.001480
vt 0.006555 0.351311
vt 0.006555 0.001485
vt 0.001467 0.351317
vt 0.001467 0.001491
vt 0.151021 0.648725
vt 0.151021 0.998504
vt 0.145851 0.998532
vt 0.145851 0.648753
vt 0.140681 0.998504
vt 0.140681 0.648725
vt 0.355149 0.001469
vt 0.355149 0.351296
vt 0.350061 0.351295
vt 0.350061 0.001469
vt 0.341799 0.351295
vt 0.341799 0.001468
vt 0.330681 0.351295
vt 0.330681 0.001468
vt 0.317133 0.351294
vt 0.317133 0.001468
vt 0.301676 0.351294
vt 0.301676 0.001468
vt 0.827260 0.675824
vt 0.826242 0.658403
vt 0.826242 0.640953
vt 0.827260 0.624143
vt 0.829257 0.608620
vt 0.832157 0.594980
vt 0.835846 0.583749
vt 0.840185 0.575356
vt 0.845007 0.570125
vt 0.850125 0.568257
vt 0.855343 0.569823
vt 0.860461 0.574764
vt 0.865282 0.582889
vt 0.869621 0.593886
vt 0.873311 0.607333
vt 0.876210 0.622713
vt 0.878207 0.639435
vt 0.879225 0.656856
vt 0.879225 0.674306
vt 0.878207 0.691116
vt 0.876210 0.706639
vt 0.873311 0.720278
vt 0.869621 0.731510
vt 0.865282 0.739903
vt 0.860461 0.745134
vt 0.855343 0.747002
vt 0.850125 0.745436
vt 0.845007 0.740495
vt 0.840185 0.732370
vt 0.835846 0.721373
vt 0.832157 0.707926
vt 0.829257 0.692546
vt 0.284904 0.001468
vt 0.284904 0.351294
vt 0.911300 0.267480
vt 0.910281 0.284897
vt 0.908284 0.301615
vt 0.905385 0.316992
vt 0.901695 0.330436
vt 0.897357 0.341431
vt 0.892535 0.349555
vt 0.887417 0.354494
vt 0.882199 0.356060
vt 0.877081 0.354193
vt 0.872260 0.348963
vt 0.867921 0.340572
vt 0.864231 0.329342
vt 0.861332 0.315705
vt 0.859335 0.300186
vt 0.858317 0.283379
vt 0.858317 0.265932
vt 0.859335 0.248515
vt 0.861332 0.231797
vt 0.864231 0.216420
vt 0.867921 0.202976
vt 0.872260 0.191981
vt 0.877081 0.183857
vt 0.882199 0.178918
vt 0.887417 0.177352
vt 0.892535 0.179220
vt 0.897357 0.184450
vt 0.901695 0.192841
vt 0.905385 0.204070
vt 0.908284 0.217707
vt 0.910281 0.233227
vt 0.911300 0.250033
vt 0.914234 0.320425
vt 0.938973 0.320425
vt 0.938973 0.348884
vt 0.914234 0.348884
vt 0.938973 0.376250
vt 0.914234 0.376250
vt 0.938973 0.401470
vt 0.914235 0.401470
vt 0.938974 0.423576
vt 0.914235 0.423576
vt 0.938974 0.441717
vt 0.914236 0.441717
vt 0.938975 0.455198
vt 0.914236 0.455198
vt 0.938975 0.463499
vt 0.914237 0.463499
vt 0.664193 0.534622
vt 0.664193 0.559364
vt 0.655759 0.559385
vt 0.655759 0.534643
vt 0.647324 0.559364
vt 0.647324 0.534622
vt 0.113007 0.648725
vt 0.137746 0.648725
vt 0.137737 0.657026
vt 0.112999 0.657026
vt 0.137729 0.670506
vt 0.112991 0.670506
vt 0.137722 0.688648
vt 0.112984 0.688648
vt 0.137716 0.710754
vt 0.112978 0.710754
vt 0.137712 0.735974
vt 0.112974 0.735974
vt 0.137709 0.763339
vt 0.112971 0.763339
vt 0.137708 0.791798
vt 0.112970 0.791798
vt 0.137709 0.820257
vt 0.112971 0.820257
vt 0.137712 0.847623
vt 0.112974 0.847623
vt 0.137716 0.872843
vt 0.112978 0.872843
vt 0.137722 0.894949
vt 0.112984 0.894949
vt 0.137729 0.913090
vt 0.112991 0.913090
vt 0.137737 0.926571
vt 0.112999 0.926571
vt 0.137746 0.934872
vt 0.113007 0.934872
vt 0.644389 0.534622
vt 0.644389 0.559361
vt 0.635954 0.559407
vt 0.635954 0.534667
vt 0.627519 0.559361
vt 0.627519 0.534622
vt 0.914237 0.177352
vt 0.938975 0.177352
vt 0.938975 0.185653
vt 0.914236 0.185653
vt 0.938974 0.199133
vt 0.914236 0.199133
vt 0.938974 0.217275
vt 0.914235 0.217275
vt 0.938973 0.239381
vt 0.914235 0.239381
vt 0.938973 0.264601
vt 0.914234 0.264601
vt 0.264549 0.470348
vt 0.266209 0.498767
vt 0.266209 0.527235
vt 0.264549 0.554658
vt 0.261291 0.579981
vt 0.256561 0.602232
vt 0.250542 0.620555
vt 0.243463 0.634247
vt 0.235598 0.642780
vt 0.227249 0.645828
vt 0.218736 0.643273
vt 0.210387 0.635213
vt 0.202522 0.621958
vt 0.195443 0.604017
vt 0.189424 0.582081
vt 0.184694 0.556991
vt 0.181436 0.529712
vt 0.179775 0.501292
vt 0.179775 0.472824
vt 0.181436 0.445401
vt 0.184694 0.420078
vt 0.189424 0.397827
vt 0.195443 0.379504
vt 0.202522 0.365812
vt 0.210387 0.357278
vt 0.218736 0.354231
vt 0.227249 0.356786
vt 0.235598 0.364846
vt 0.243463 0.378101
vt 0.250542 0.396042
vt 0.256561 0.417978
vt 0.261291 0.443069
vt 0.914234 0.291966
vt 0.938973 0.291966
vt 0.087901 0.501283
vt 0.086241 0.529697
vt 0.082983 0.556970
vt 0.078253 0.582055
vt 0.072234 0.603987
vt 0.065155 0.621924
vt 0.057290 0.635176
vt 0.048941 0.643235
vt 0.040428 0.645789
vt 0.032078 0.642742
vt 0.024213 0.634210
vt 0.017135 0.620522
vt 0.011116 0.602202
vt 0.006386 0.579956
vt 0.003128 0.554638
vt 0.001467 0.527221
vt 0.001467 0.498758
vt 0.003128 0.470344
vt 0.006386 0.443071
vt 0.011115 0.417986
vt 0.017135 0.396054
vt 0.024213 0.378117
vt 0.032078 0.364865
vt 0.040428 0.356807
vt 0.048941 0.354252
vt 0.057290 0.357299
vt 0.065155 0.365831
vt 0.072234 0.379520
vt 0.078253 0.397839
vt 0.082983 0.420086
vt 0.086241 0.445404
vt 0.087901 0.472821
vt 0.307525 0.548273
vt 0.342921 0.548273
vt 0.342921 0.586871
vt 0.307525 0.586871
vt 0.342921 0.623985
vt 0.307526 0.623985
vt 0.342922 0.658190
vt 0.307526 0.658190
vt 0.342922 0.688170
vt 0.307526 0.688170
vt 0.342923 0.712775
vt 0.307527 0.712775
vt 0.342924 0.731057
vt 0.307528 0.731057
vt 0.342924 0.742316
vt 0.307529 0.742316
vt 0.709086 0.353236
vt 0.709086 0.388637
vt 0.697646 0.388665
vt 0.697646 0.353264
vt 0.686207 0.388637
vt 0.686207 0.353236
vt 0.269195 0.354231
vt 0.304591 0.354231
vt 0.304579 0.365489
vt 0.269183 0.365489
vt 0.304568 0.383772
vt 0.269172 0.383772
vt 0.304558 0.408376
vt 0.269163 0.408376
vt 0.304550 0.438357
vt 0.269155 0.438357
vt 0.304545 0.472562
vt 0.269149 0.472562
vt 0.304541 0.509676
vt 0.269145 0.509676
vt 0.304540 0.548273
vt 0.269144 0.548273
vt 0.304541 0.586871
vt 0.269145 0.586871
vt 0.304545 0.623985
vt 0.269149 0.623985
vt 0.304550 0.658190
vt 0.269155 0.658190
vt 0.304558 0.688170
vt 0.269163 0.688170
vt 0.304568 0.712775
vt 0.269172 0.712775
vt 0.304579 0.731058
vt 0.269183 0.731058
vt 0.304591 0.742316
vt 0.269195 0.742316
vt 0.660393 0.388695
vt 0.660393 0.353298
vt 0.671832 0.353236
vt 0.671832 0.388633
vt 0.683272 0.353298
vt 0.683272 0.388695
vt 0.307529 0.354231
vt 0.342924 0.354231
vt 0.342924 0.365489
vt 0.307528 0.365489
vt 0.342923 0.383772
vt 0.307527 0.383772
vt 0.342922 0.408377
vt 0.307526 0.408377
vt 0.342922 0.438357
vt 0.307526 0.438357
vt 0.342921 0.472562
vt 0.307526 0.472562
vt 0.360336 0.239462
vt 0.358084 0.200918
vt 0.358084 0.162309
vt 0.360336 0.125117
vt 0.364754 0.090772
vt 0.371169 0.060595
vt 0.379333 0.035744
vt 0.388933 0.017175
vt 0.399600 0.005601
vt 0.410923 0.001468
vt 0.422469 0.004933
vt 0.433793 0.015864
vt 0.444460 0.033841
vt 0.454060 0.058173
vt 0.462224 0.087925
vt 0.468638 0.121953
vt 0.473057 0.158950
vt 0.475309 0.197494
vt 0.475309 0.236104
vt 0.473057 0.273296
vt 0.468638 0.307640
vt 0.462224 0.337818
vt 0.454060 0.362669
vt 0.444460 0.381237
vt 0.433793 0.392811
vt 0.422469 0.396945
vt 0.410923 0.393479
vt 0.399600 0.382548
vt 0.388933 0.364571
vt 0.379333 0.340239
vt 0.371169 0.310487
vt 0.364754 0.276459
vt 0.307525 0.509676
vt 0.342921 0.509676
vt 0.595469 0.200877
vt 0.593217 0.239413
vt 0.588798 0.276403
vt 0.582384 0.310424
vt 0.574220 0.340169
vt 0.564620 0.364496
vt 0.553953 0.382469
vt 0.542629 0.393398
vt 0.531084 0.396863
vt 0.519760 0.392730
vt 0.509093 0.381159
vt 0.499493 0.362594
vt 0.491329 0.337748
vt 0.484915 0.307577
vt 0.480496 0.273239
vt 0.478244 0.236055
vt 0.478244 0.197453
vt 0.480496 0.158917
vt 0.484915 0.121928
vt 0.491329 0.087907
vt 0.499493 0.058161
vt 0.509093 0.033834
vt 0.519760 0.015861
vt 0.531084 0.004932
vt 0.542629 0.001468
vt 0.553953 0.005600
vt 0.564620 0.017172
vt 0.574220 0.035737
vt 0.582384 0.060583
vt 0.588798 0.090754
vt 0.593217 0.125092
vt 0.595469 0.162276
vn 0.098000 0.000000 -0.995200
vn 0.290300 0.000000 -0.956900
vn 0.471400 0.000000 -0.881900
vn 0.634400 0.000000 -0.773000
vn 0.773000 0.000000 -0.634400
vn 0.881900 0.000000 -0.471400
vn 0.956900 0.000000 -0.290300
vn 0.995200 0.000000 -0.098000
vn 0.995200 0.000000 0.098000
vn 0.956900 0.000000 0.290300
vn 0.881900 0.000000 0.471400
vn 0.773000 0.000000 0.634400
vn 0.634400 0.000000 0.773000
vn 0.471400 0.000000 0.881900
vn 0.290300 0.000000 0.956900
vn 0.098000 0.000000 0.995200
vn -0.098000 0.000000 0.995200
vn -0.290300 0.000000 0.956900
vn -0.471400 0.000000 0.881900
vn -0.634400 0.000000 0.773000
vn -0.773000 0.000000 0.634400
vn -0.881900 0.000000 0.471400
vn -0.956900 0.000000 0.290300
vn -0.995200 0.000000 0.098000
vn -0.995200 0.000000 -0.098000
vn -0.956900 0.000000 -0.290300
vn -0.881900 0.000000 -0.471400
vn -0.773000 0.000000 -0.634400
vn -0.634400 0.000000 -0.773000
vn -0.471400 0.000000 -0.881900
vn 0.000000 1.000000 -0.000000
vn -0.098000 0.000000 -0.995200
vn -0.290300 0.000000 -0.956900
vn 0.000000 -1.000000 0.000000
vn 0.087600 0.000000 -0.996200
vn 0.261500 0.000000 -0.965200
vn 0.430800 0.000000 -0.902500
vn 0.591100 0.000000 -0.806600
vn 0.736300 0.000000 -0.676700
vn 0.858000 0.000000 -0.513600
vn 0.946900 0.000000 -0.321600
vn 0.994000 0.000000 -0.109600
vn 0.994000 0.000000 0.109600
vn 0.946900 0.000000 0.321600
vn 0.858000 0.000000 0.513600
vn 0.736300 0.000000 0.676700
vn 0.591100 0.000000 0.806600
vn 0.430800 0.000000 0.902500
vn 0.261500 0.000000 0.965200
vn 0.087600 0.000000 0.996200
vn -0.087600 0.000000 0.996200
vn -0.261500 0.000000 0.965200
vn -0.430800 0.000000 0.902500
vn -0.591100 0.000000 0.806600
vn -0.736300 0.000000 0.676700
vn -0.858000 0.000000 0.513600
vn -0.946900 0.000000 0.321600
vn -0.994000 0.000000 0.109600
vn -0.994000 0.000000 -0.109600
vn -0.946900 0.000000 -0.321700
vn -0.858000 0.000000 -0.513600
vn -0.736300 0.000000 -0.676700
vn -0.591100 0.000000 -0.806600
vn -0.430800 0.000000 -0.902500
vn -0.087600 0.000000 -0.996200
vn -0.261500 0.000000 -0.965200
vn -0.974500 0.224300 -0.001800
vn 0.000000 0.610300 0.792200
vn 0.981400 -0.192000 0.001500
vn 0.000000 0.586100 -0.810300
vn 0.000000 0.999800 -0.020200
vn 0.000000 0.203400 -0.979100
vn 0.995700 0.092500 -0.000100
vn 0.000000 0.242200 0.970200
vn -1.000000 0.000000 0.000000
vn 0.000000 -0.056000 -0.998400
vn 1.000000 0.000000 0.000000
vn 0.000000 0.000000 1.000000
vn 0.000000 -0.778200 -0.628000
vn 0.000000 0.000000 -1.000000
vn 0.000000 -0.181600 -0.983400
vn 0.000000 -0.075700 0.997100
vn 0.000000 -0.261100 -0.965300
vn 0.000000 -0.245500 0.969400
vn 0.098000 0.995200 0.000000
vn 0.113200 0.993600 0.000000
vn 0.845000 -0.534700 0.000000
vn 0.924600 -0.381100 0.000000
vn 0.963600 -0.267500 0.000000
vn 0.984000 -0.177900 0.000000
vn 0.994800 -0.102100 0.000000
vn 0.999400 -0.033300 0.000000
vn 0.999400 0.033300 0.000000
vn 0.994800 0.102100 0.000000
vn 0.984000 0.177900 0.000000
vn 0.963600 0.267500 0.000000
vn 0.924600 0.381100 0.000000
vn 0.845000 0.534700 0.000000
vn 0.113200 -0.993600 0.000000
vn 0.204900 -0.978800 0.000000
vn -0.163900 -0.986500 0.000000
vn -0.455600 -0.890200 0.000000
vn -0.669700 -0.742600 0.000000
vn -0.810700 -0.585500 0.000000
vn -0.899300 -0.437400 0.000000
vn -0.953300 -0.302000 0.000000
vn -0.984200 -0.177000 0.000000
vn -0.998300 -0.058300 0.000000
vn -0.998300 0.058300 0.000000
vn -0.984200 0.177000 0.000000
vn -0.953300 0.302000 0.000000
vn -0.899300 0.437400 0.000000
vn -0.810700 0.585500 0.000000
vn -0.669700 0.742600 0.000000
vn -0.841900 0.539600 0.000000
vn -0.455600 0.890200 0.000000
vn -0.841900 0.539700 0.000000
vn -0.099800 -0.875400 -0.472900
vn -0.086400 -0.876900 -0.472900
vn 0.994400 -0.105600 0.000000
vn 0.099800 0.875400 0.472900
vn 0.086400 0.876900 0.472900
vn -0.994400 0.105600 0.000000
vn -0.096600 -0.847800 0.521400
vn -0.083600 -0.849200 0.521400
vn 0.083600 0.849200 -0.521400
vn 0.096600 0.847800 -0.521400
vn 0.043900 0.999000 0.000000
vn 0.559800 0.828600 0.000000
vn 0.765700 0.643200 0.000000
vn 0.877300 0.480000 0.000000
vn 0.938300 0.345800 0.000000
vn 0.972400 0.233400 0.000000
vn 0.990900 0.135000 0.000000
vn 0.999000 0.044200 0.000000
vn 0.999000 -0.044200 0.000000
vn 0.990900 -0.135000 -0.000000
vn 0.972400 -0.233400 0.000000
vn 0.938300 -0.345800 0.000000
vn 0.877300 -0.480000 0.000000
vn 0.765700 -0.643200 0.000000
vn 0.559800 -0.828600 0.000000
vn 0.214300 -0.976800 0.000000
vn -0.035300 -0.999400 0.000000
vn -0.152100 -0.988400 0.000000
vn -0.767900 -0.640600 0.000000
vn -0.878700 -0.477400 0.000000
vn -0.939100 -0.343600 -0.000000
vn -0.972800 -0.231800 0.000000
vn -0.991000 -0.134000 0.000000
vn -0.999000 -0.043900 0.000000
vn -0.999000 0.043900 0.000000
vn -0.991000 0.134000 0.000000
vn -0.972800 0.231800 0.000000
vn -0.939100 0.343600 0.000000
vn -0.878700 0.477400 0.000000
vn -0.767900 0.640600 0.000000
vn -0.039900 0.999200 0.000000
vn -0.562500 0.826800 0.000000
vn -0.770800 -0.632600 -0.075900
vn -0.952700 -0.289000 -0.093800
vn -0.990400 0.097500 -0.097600
vn -0.878600 0.469600 -0.086500
vn -0.633200 0.771500 -0.062400
vn -0.290200 -0.956500 -0.028600
vn -0.290200 0.956500 -0.028600
vn -0.633200 -0.771500 -0.062400
vn -0.878600 -0.469600 -0.086500
vn -0.990400 -0.097500 -0.097600
vn -0.952700 0.289000 -0.093800
vn -0.770800 0.632600 -0.075900
vn -0.470900 0.881000 -0.046400
vn -0.470900 -0.881000 -0.046400
vn -0.916100 0.289000 -0.277900
vn -0.741200 0.632600 -0.224800
vn -0.452800 0.881000 -0.137400
vn -0.452800 -0.881000 -0.137400
vn -0.741200 -0.632600 -0.224800
vn -0.916100 -0.289000 -0.277900
vn -0.952400 0.097500 -0.288900
vn -0.844800 0.469600 -0.256300
vn -0.608800 0.771500 -0.184700
vn -0.279000 -0.956600 -0.084600
vn -0.279000 0.956600 -0.084600
vn -0.608800 -0.771500 -0.184700
vn -0.844800 -0.469600 -0.256300
vn -0.952400 -0.097500 -0.288900
vn -0.844300 0.289000 -0.451300
vn -0.683100 0.632600 -0.365100
vn -0.417300 0.881000 -0.223000
vn -0.417300 -0.881000 -0.223000
vn -0.683100 -0.632600 -0.365100
vn -0.844300 -0.289000 -0.451300
vn -0.877700 0.097500 -0.469100
vn -0.778600 0.469600 -0.416200
vn -0.561100 0.771500 -0.299900
vn -0.257100 -0.956500 -0.137500
vn -0.257100 0.956500 -0.137500
vn -0.561100 -0.771500 -0.299900
vn -0.778600 -0.469600 -0.416200
vn -0.877700 -0.097600 -0.469100
vn -0.740000 0.289000 -0.607300
vn -0.598700 0.632600 -0.491300
vn -0.365800 0.881000 -0.300200
vn -0.365800 -0.881000 -0.300200
vn -0.598700 -0.632600 -0.491300
vn -0.740000 -0.289000 -0.607300
vn -0.769300 0.097500 -0.631400
vn -0.682500 0.469600 -0.560100
vn -0.491800 0.771500 -0.403600
vn -0.225400 -0.956600 -0.185000
vn -0.225400 0.956600 -0.185000
vn -0.491800 -0.771500 -0.403600
vn -0.682500 -0.469600 -0.560100
vn -0.769300 -0.097600 -0.631400
vn -0.607300 0.289000 -0.740000
vn -0.491300 0.632600 -0.598700
vn -0.300200 0.881000 -0.365800
vn -0.300200 -0.881000 -0.365800
vn -0.491300 -0.632600 -0.598700
vn -0.607300 -0.289000 -0.740000
vn -0.631400 0.097500 -0.769300
vn -0.560100 0.469600 -0.682500
vn -0.403600 0.771500 -0.491800
vn -0.185000 -0.956600 -0.225400
vn -0.185000 0.956600 -0.225400
vn -0.403600 -0.771500 -0.491800
vn -0.560100 -0.469600 -0.682500
vn -0.631400 -0.097600 -0.769300
vn -0.451300 0.289000 -0.844300
vn -0.365100 0.632600 -0.683100
vn -0.223000 0.881000 -0.417300
vn -0.223100 -0.881000 -0.417300
vn -0.365100 -0.632600 -0.683100
vn -0.451300 -0.289000 -0.844300
vn -0.469100 0.097500 -0.877700
vn -0.416200 0.469600 -0.778600
vn -0.299900 0.771500 -0.561100
vn -0.137400 -0.956500 -0.257100
vn -0.137400 0.956500 -0.257100
vn -0.299900 -0.771500 -0.561100
vn -0.416200 -0.469600 -0.778600
vn -0.469100 -0.097600 -0.877700
vn -0.277900 0.289000 -0.916100
vn -0.224800 0.632600 -0.741200
vn -0.137400 0.881000 -0.452800
vn -0.137400 -0.881000 -0.452800
vn -0.224800 -0.632600 -0.741200
vn -0.277900 -0.289000 -0.916100
vn -0.288900 0.097600 -0.952400
vn -0.256300 0.469600 -0.844800
vn -0.184700 0.771500 -0.608800
vn -0.084600 -0.956500 -0.279000
vn -0.084600 0.956600 -0.279000
vn -0.184700 -0.771500 -0.608800
vn -0.256300 -0.469600 -0.844800
vn -0.288900 -0.097600 -0.952400
vn -0.093800 0.289000 -0.952700
vn -0.075900 0.632600 -0.770800
vn -0.046400 0.881000 -0.470900
vn -0.046400 -0.881000 -0.470900
vn -0.075900 -0.632600 -0.770800
vn -0.093800 -0.289000 -0.952700
vn -0.097600 0.097600 -0.990400
vn -0.086500 0.469600 -0.878600
vn -0.062400 0.771500 -0.633200
vn -0.028600 -0.956500 -0.290200
vn -0.028600 0.956500 -0.290200
vn -0.062400 -0.771500 -0.633200
vn -0.086500 -0.469600 -0.878600
vn -0.097600 -0.097600 -0.990400
vn 0.093800 0.289000 -0.952700
vn 0.075900 0.632600 -0.770800
vn 0.046400 0.881000 -0.470900
vn 0.046400 -0.881000 -0.470900
vn 0.075900 -0.632600 -0.770800
vn 0.093800 -0.289000 -0.952700
vn 0.097600 0.097600 -0.990400
vn 0.086500 0.469600 -0.878600
vn 0.062400 0.771500 -0.633200
vn 0.028600 -0.956600 -0.290200
vn 0.028600 0.956500 -0.290200
vn 0.062400 -0.771500 -0.633200
vn 0.086500 -0.469600 -0.878600
vn 0.097500 -0.097600 -0.990400
vn 0.277900 0.289000 -0.916100
vn 0.224800 0.632600 -0.741200
vn 0.137400 0.881000 -0.452800
vn 0.137400 -0.881000 -0.452800
vn 0.224800 -0.632600 -0.741200
vn 0.277900 -0.289000 -0.916100
vn 0.288900 0.097600 -0.952400
vn 0.256300 0.469600 -0.844800
vn 0.184700 0.771500 -0.608800
vn 0.084600 -0.956500 -0.279000
vn 0.084600 0.956500 -0.279000
vn 0.184700 -0.771500 -0.608800
vn 0.256300 -0.469600 -0.844800
vn 0.288900 -0.097600 -0.952400
vn 0.451300 0.289000 -0.844300
vn 0.365100 0.632600 -0.683100
vn 0.223100 0.881000 -0.417300
vn 0.223100 -0.881000 -0.417300
vn 0.365100 -0.632600 -0.683100
vn 0.451300 -0.289000 -0.844300
vn 0.469100 0.097600 -0.877700
vn 0.416200 0.469600 -0.778600
vn 0.299900 0.771500 -0.561100
vn 0.137400 -0.956500 -0.257100
vn 0.137400 0.956600 -0.257100
vn 0.299900 -0.771500 -0.561100
vn 0.416200 -0.469600 -0.778600
vn 0.469100 -0.097600 -0.877700
vn 0.607300 0.289000 -0.740000
vn 0.491300 0.632600 -0.598700
vn 0.300200 0.881000 -0.365800
vn 0.300200 -0.881000 -0.365800
vn 0.491300 -0.632600 -0.598700
vn 0.607300 -0.289000 -0.740000
vn 0.631400 0.097600 -0.769300
vn 0.560100 0.469600 -0.682500
vn 0.403600 0.771500 -0.491800
vn 0.185000 -0.956600 -0.225400
vn 0.185000 0.956600 -0.225400
vn 0.403600 -0.771500 -0.491800
vn 0.560100 -0.469600 -0.682500
vn 0.631400 -0.097600 -0.769300
vn 0.740000 0.289000 -0.607300
vn 0.598700 0.632600 -0.491300
vn 0.365800 0.881000 -0.300200
vn 0.365800 -0.881000 -0.300200
vn 0.598700 -0.632600 -0.491300
vn 0.740000 -0.289000 -0.607300
vn 0.769300 0.097600 -0.631400
vn 0.682500 0.469600 -0.560100
vn 0.491800 0.771500 -0.403600
vn 0.225400 -0.956600 -0.185000
vn 0.225400 0.956500 -0.185000
vn 0.491800 -0.771500 -0.403600
vn 0.682500 -0.469600 -0.560100
vn 0.769300 -0.097600 -0.631400
vn 0.844300 0.289000 -0.451300
vn 0.683100 0.632600 -0.365100
vn 0.417300 0.881000 -0.223100
vn 0.417300 -0.881000 -0.223100
vn 0.683100 -0.632600 -0.365100
vn 0.844300 -0.289000 -0.451300
vn 0.877700 0.097600 -0.469100
vn 0.778600 0.469600 -0.416200
vn 0.561100 0.771500 -0.299900
vn 0.257100 -0.956500 -0.137500
vn 0.257100 0.956500 -0.137500
vn 0.561100 -0.771500 -0.299900
vn 0.778600 -0.469600 -0.416200
vn 0.877700 -0.097600 -0.469100
vn 0.916100 0.289000 -0.277900
vn 0.741200 0.632600 -0.224800
vn 0.452800 0.881000 -0.137300
vn 0.452800 -0.881000 -0.137300
vn 0.741200 -0.632600 -0.224800
vn 0.916100 -0.289000 -0.277900
vn 0.952400 0.097600 -0.288900
vn 0.844800 0.469600 -0.256300
vn 0.608800 0.771500 -0.184700
vn 0.279000 -0.956500 -0.084600
vn 0.279000 0.956500 -0.084600
vn 0.608800 -0.771500 -0.184700
vn 0.844800 -0.469600 -0.256300
vn 0.952400 -0.097600 -0.288900
vn 0.952700 0.289000 -0.093800
vn 0.770800 0.632600 -0.075900
vn 0.470900 0.881000 -0.046400
vn 0.470900 -0.881000 -0.046400
vn 0.770800 -0.632600 -0.075900
vn 0.952700 -0.289000 -0.093800
vn 0.990400 0.097600 -0.097500
vn 0.878600 0.469600 -0.086500
vn 0.633200 0.771500 -0.062400
vn 0.290200 -0.956500 -0.028600
vn 0.290200 0.956500 -0.028600
vn 0.633200 -0.771500 -0.062400
vn 0.878600 -0.469600 -0.086500
vn 0.990400 -0.097600 -0.097500
vn 0.952700 0.289000 0.093800
vn 0.770800 0.632600 0.075900
vn 0.470900 0.881000 0.046400
vn 0.470900 -0.881000 0.046400
vn 0.770800 -0.632600 0.075900
vn 0.952700 -0.289000 0.093800
vn 0.990400 0.097600 0.097600
vn 0.878600 0.469600 0.086500
vn 0.633200 0.771500 0.062400
vn 0.290200 -0.956500 0.028600
vn 0.290200 0.956500 0.028600
vn 0.633200 -0.771500 0.062400
vn 0.878600 -0.469600 0.086500
vn 0.990400 -0.097600 0.097500
vn 0.916100 0.289000 0.277900
vn 0.741200 0.632600 0.224800
vn 0.452800 0.881000 0.137300
vn 0.452800 -0.881000 0.137300
vn 0.741200 -0.632600 0.224800
vn 0.916100 -0.289000 0.277900
vn 0.952400 0.097600 0.288900
vn 0.844800 0.469600 0.256300
vn 0.608800 0.771500 0.184700
vn 0.279000 -0.956600 0.084600
vn 0.279000 0.956600 0.084600
vn 0.608800 -0.771500 0.184700
vn 0.844800 -0.469600 0.256300
vn 0.952400 -0.097600 0.288900
vn 0.844300 0.289000 0.451300
vn 0.683100 0.632600 0.365100
vn 0.417300 0.881000 0.223000
vn 0.417300 -0.881000 0.223100
vn 0.683100 -0.632600 0.365100
vn 0.844300 -0.289000 0.451300
vn 0.877700 0.097600 0.469100
vn 0.778600 0.469600 0.416200
vn 0.561100 0.771500 0.299900
vn 0.257100 -0.956600 0.137400
vn 0.257100 0.956600 0.137400
vn 0.561100 -0.771500 0.299900
vn 0.778600 -0.469600 0.416200
vn 0.877700 -0.097600 0.469100
vn 0.740000 0.289000 0.607300
vn 0.598700 0.632600 0.491300
vn 0.365800 0.881000 0.300200
vn 0.365800 -0.881000 0.300200
vn 0.598700 -0.632600 0.491300
vn 0.740000 -0.289000 0.607300
vn 0.769300 0.097600 0.631400
vn 0.682500 0.469600 0.560100
vn 0.491800 0.771500 0.403600
vn 0.225400 -0.956600 0.185000
vn 0.225400 0.956500 0.185000
vn 0.491800 -0.771500 0.403600
vn 0.682500 -0.469600 0.560100
vn 0.769300 -0.097600 0.631400
vn 0.607300 0.289000 0.740000
vn 0.491300 0.632600 0.598700
vn 0.300200 0.881000 0.365800
vn 0.300200 -0.881000 0.365800
vn 0.491300 -0.632600 0.598700
vn 0.607300 -0.289000 0.740000
vn 0.631400 0.097600 0.769300
vn 0.560100 0.469600 0.682500
vn 0.403600 0.771500 0.491800
vn 0.185000 -0.956600 0.225400
vn 0.185000 0.956600 0.225400
vn 0.403600 -0.771500 0.491800
vn 0.560100 -0.469600 0.682500
vn 0.631400 -0.097600 0.769300
vn 0.451300 0.289000 0.844300
vn 0.365100 0.632600 0.683100
vn 0.223000 0.881000 0.417300
vn 0.223000 -0.881000 0.417300
vn 0.365100 -0.632600 0.683100
vn 0.451300 -0.289000 0.844300
vn 0.469100 0.097600 0.877700
vn 0.416200 0.469600 0.778600
vn 0.299900 0.771500 0.561100
vn 0.137400 -0.956600 0.257100
vn 0.137400 0.956600 0.257100
vn 0.299900 -0.771500 0.561100
vn 0.416200 -0.469600 0.778600
vn 0.469100 -0.097600 0.877700
vn 0.277900 0.289000 0.916100
vn 0.224800 0.632600 0.741200
vn 0.137400 0.881000 0.452800
vn 0.137400 -0.881000 0.452800
vn 0.224800 -0.632600 0.741200
vn 0.277900 -0.289000 0.916100
vn 0.288900 0.097600 0.952400
vn 0.256300 0.469600 0.844800
vn 0.184700 0.771500 0.608800
vn 0.084600 -0.956500 0.279000
vn 0.084600 0.956500 0.279000
vn 0.184700 -0.771500 0.608800
vn 0.256300 -0.469600 0.844800
vn 0.288900 -0.097600 0.952400
vn 0.093800 0.289000 0.952700
vn 0.075900 0.632600 0.770800
vn 0.046400 0.881000 0.470900
vn 0.046400 -0.881000 0.470900
vn 0.075900 -0.632600 0.770800
vn 0.093800 -0.289000 0.952700
vn 0.097500 0.097600 0.990400
vn 0.086500 0.469600 0.878600
vn 0.062400 0.771500 0.633200
vn 0.028600 -0.956500 0.290200
vn 0.028600 0.956600 0.290200
vn 0.062400 -0.771500 0.633200
vn 0.086500 -0.469600 0.878600
vn 0.097600 -0.097600 0.990400
vn -0.093800 0.289000 0.952700
vn -0.075900 0.632600 0.770800
vn -0.046400 0.881000 0.470900
vn -0.046400 -0.881000 0.470900
vn -0.075900 -0.632600 0.770800
vn -0.093800 -0.289000 0.952700
vn -0.097500 0.097600 0.990400
vn -0.086500 0.469600 0.878600
vn -0.062400 0.771500 0.633200
vn -0.028600 -0.956500 0.290200
vn -0.028600 0.956600 0.290200
vn -0.062400 -0.771500 0.633200
vn -0.086500 -0.469600 0.878600
vn -0.097600 -0.097600 0.990400
vn -0.277900 0.289000 0.916100
vn -0.224800 0.632600 0.741200
vn -0.137400 0.881000 0.452800
vn -0.137400 -0.881000 0.452800
vn -0.224800 -0.632600 0.741200
vn -0.277900 -0.289000 0.916100
vn -0.288900 0.097600 0.952400
vn -0.256300 0.469600 0.844800
vn -0.184700 0.771500 0.608800
vn -0.084600 -0.956500 0.279000
vn -0.084600 0.956500 0.279000
vn -0.184700 -0.771500 0.608800
vn -0.256300 -0.469600 0.844800
vn -0.288900 -0.097600 0.952400
vn -0.451300 0.289000 0.844300
vn -0.365100 0.632600 0.683100
vn -0.223100 0.881000 0.417300
vn -0.223100 -0.881000 0.417300
vn -0.365100 -0.632600 0.683100
vn -0.451300 -0.289000 0.844300
vn -0.469100 0.097600 0.877700
vn -0.416200 0.469600 0.778600
vn -0.299900 0.771500 0.561100
vn -0.137400 -0.956500 0.257100
vn -0.137400 0.956500 0.257100
vn -0.299900 -0.771500 0.561100
vn -0.416200 -0.469600 0.778600
vn -0.469100 -0.097600 0.877700
vn -0.607300 0.289000 0.740000
vn -0.491300 0.632600 0.598700
vn -0.300200 0.881000 0.365800
vn -0.300200 -0.881000 0.365800
vn -0.491300 -0.632600 0.598700
vn -0.607300 -0.289000 0.740000
vn -0.631400 0.097600 0.769300
vn -0.560100 0.469600 0.682500
vn -0.403600 0.771500 0.491800
vn -0.185000 -0.956600 0.225400
vn -0.185000 0.956600 0.225400
vn -0.403600 -0.771500 0.491800
vn -0.560100 -0.469600 0.682500
vn -0.631400 -0.097600 0.769300
vn -0.740000 0.289000 0.607300
vn -0.598700 0.632600 0.491300
vn -0.365800 0.881000 0.300200
vn -0.365800 -0.881000 0.300200
vn -0.598700 -0.632600 0.491300
vn -0.740000 -0.289000 0.607300
vn -0.769300 0.097600 0.631400
vn -0.682500 0.469600 0.560100
vn -0.491800 0.771500 0.403600
vn -0.225400 -0.956500 0.185000
vn -0.225400 0.956600 0.185000
vn -0.491800 -0.771500 0.403600
vn -0.682500 -0.469600 0.560100
vn -0.769300 -0.097600 0.631400
vn -0.844300 0.289000 0.451300
vn -0.683100 0.632600 0.365100
vn -0.417300 0.881000 0.223000
vn -0.417300 -0.881000 0.223000
vn -0.683100 -0.632600 0.365100
vn -0.844300 -0.289000 0.451300
vn -0.877700 0.097600 0.469100
vn -0.778600 0.469600 0.416200
vn -0.561100 0.771500 0.299900
vn -0.257100 -0.956600 0.137400
vn -0.257100 0.956500 0.137500
vn -0.561100 -0.771500 0.299900
vn -0.778600 -0.469600 0.416200
vn -0.877700 -0.097600 0.469100
vn -0.916100 0.289000 0.277900
vn -0.741200 0.632600 0.224800
vn -0.452800 0.881000 0.137300
vn -0.452800 -0.881000 0.137400
vn -0.741200 -0.632600 0.224800
vn -0.916100 -0.289000 0.277900
vn -0.952400 0.097500 0.288900
vn -0.844800 0.469600 0.256300
vn -0.608800 0.771500 0.184700
vn -0.279000 -0.956500 0.084600
vn -0.279000 0.956500 0.084600
vn -0.608800 -0.771500 0.184700
vn -0.844800 -0.469600 0.256300
vn -0.952400 -0.097600 0.288900
vn -0.098000 0.995100 -0.009600
vn -0.098000 -0.995100 -0.009600
vn -0.094300 -0.995100 -0.028600
vn -0.094300 0.995100 -0.028700
vn -0.086900 -0.995100 -0.046400
vn -0.086900 0.995100 -0.046400
vn -0.076100 -0.995100 -0.062500
vn -0.076100 0.995100 -0.062500
vn -0.062500 -0.995100 -0.076100
vn -0.062500 0.995100 -0.076200
vn -0.046400 -0.995100 -0.086800
vn -0.046400 0.995100 -0.086900
vn -0.028600 -0.995100 -0.094300
vn -0.028600 0.995100 -0.094300
vn -0.009700 -0.995100 -0.098000
vn -0.009700 0.995100 -0.098000
vn 0.009700 -0.995100 -0.098000
vn 0.009700 0.995100 -0.098000
vn 0.028600 -0.995100 -0.094200
vn 0.028600 0.995100 -0.094200
vn 0.046400 -0.995100 -0.086900
vn 0.046400 0.995100 -0.086900
vn 0.062500 -0.995100 -0.076100
vn 0.062500 0.995100 -0.076100
vn 0.076100 -0.995100 -0.062500
vn 0.076100 0.995100 -0.062500
vn 0.086900 -0.995100 -0.046400
vn 0.086900 0.995100 -0.046400
vn 0.094300 -0.995100 -0.028600
vn 0.094300 0.995100 -0.028500
vn 0.098000 -0.995100 -0.009600
vn 0.098000 0.995100 -0.009700
vn 0.098000 -0.995100 0.009600
vn 0.098000 0.995100 0.009700
vn 0.094300 -0.995100 0.028600
vn 0.094300 0.995100 0.028600
vn 0.086900 -0.995100 0.046400
vn 0.086900 0.995100 0.046400
vn 0.076100 -0.995100 0.062500
vn 0.076100 0.995100 0.062500
vn 0.062500 -0.995100 0.076100
vn 0.062500 0.995100 0.076100
vn 0.046400 -0.995100 0.086900
vn 0.046400 0.995100 0.086900
vn 0.028600 -0.995100 0.094200
vn 0.028600 0.995100 0.094200
vn 0.009700 -0.995100 0.098000
vn 0.009700 0.995100 0.098000
vn -0.009700 -0.995100 0.098000
vn -0.009700 0.995100 0.098000
vn -0.028600 -0.995100 0.094300
vn -0.028600 0.995100 0.094300
vn -0.046400 -0.995100 0.086800
vn -0.046400 0.995100 0.086800
vn -0.062500 -0.995100 0.076100
vn -0.062500 0.995100 0.076100
vn -0.076100 -0.995100 0.062500
vn -0.076100 0.995100 0.062500
vn -0.086900 -0.995100 0.046400
vn -0.086900 0.995100 0.046400
vn -0.094300 -0.995100 0.028600
vn -0.094300 0.995100 0.028600
vn -0.952700 0.289000 0.093800
vn -0.770800 0.632600 0.075900
vn -0.098000 -0.995100 0.009600
vn -0.470900 0.881000 0.046400
vn -0.470900 -0.881000 0.046400
vn -0.098000 0.995100 0.009700
vn -0.770800 -0.632600 0.075900
vn -0.952700 -0.289000 0.093800
vn -0.990400 0.097500 0.097600
vn -0.878600 0.469600 0.086500
vn -0.633200 0.771500 0.062400
vn -0.290200 -0.956500 0.028600
vn -0.290200 0.956600 0.028600
vn -0.633200 -0.771500 0.062400
vn -0.878600 -0.469600 0.086500
vn -0.990400 -0.097600 0.097600
vn 0.000000 -0.323400 -0.946300
vn 0.000000 -0.304700 0.952500
usemtl Material
s off
f 1/1/1 2/2/1 4/3/1 3/4/1
f 3/4/2 4/3/2 6/5/2 5/6/2
f 5/6/3 6/5/3 8/7/3 7/8/3
f 7/8/4 8/7/4 10/9/4 9/10/4
f 9/10/5 10/9/5 12/11/5 11/12/5
f 11/12/6 12/11/6 14/13/6 13/14/6
f 13/14/7 14/13/7 16/15/7 15/16/7
f 15/17/8 16/18/8 18/19/8 17/20/8
f 17/20/9 18/19/9 20/21/9 19/22/9
f 19/23/10 20/24/10 22/25/10 21/26/10
f 21/26/11 22/25/11 24/27/11 23/28/11
f 23/28/12 24/27/12 26/29/12 25/30/12
f 25/30/13 26/29/13 28/31/13 27/32/13
f 27/32/14 28/31/14 30/33/14 29/34/14
f 29/34/15 30/33/15 32/35/15 31/36/15
f 31/36/16 32/35/16 34/37/16 33/38/16
f 33/38/17 34/37/17 36/39/17 35/40/17
f 35/40/18 36/39/18 38/41/18 37/42/18
f 37/42/19 38/41/19 40/43/19 39/44/19
f 39/44/20 40/43/20 42/45/20 41/46/20
f 41/46/21 42/45/21 44/47/21 43/48/21
f 43/48/22 44/47/22 46/49/22 45/50/22
f 45/50/23 46/49/23 48/51/23 47/52/23
f 47/53/24 48/54/24 50/55/24 49/56/24
f 49/56/25 50/55/25 52/57/25 51/58/25
f 51/59/26 52/60/26 54/61/26 53/62/26
f 53/62/27 54/61/27 56/63/27 55/64/27
f 55/64/28 56/63/28 58/65/28 57/66/28
f 57/66/29 58/65/29 60/67/29 59/68/29
f 59/68/30 60/67/30 62/69/30 61/70/30
f 4/71/31 2/72/31 64/73/31 62/74/31 60/75/31 58/76/31 56/77/31 54/78/31 52/79/31 50/80/31 48/81/31 46/82/31 44/83/31 42/84/31 40/85/31 38/86/31 36/87/31 34/88/31 32/89/31 30/90/31 28/91/31 26/92/31 24/93/31 22/94/31 20/95/31 18/96/31 16/97/31 14/98/31 12/99/31 10/100/31 8/101/31 6/102/31
f 63/103/32 64/104/32 2/2/32 1/1/32
f 61/70/33 62/69/33 64/104/33 63/103/33
f 1/105/34 3/106/34 5/107/34 7/108/34 9/109/34 11/110/34 13/111/34 15/112/34 17/113/34 19/114/34 21/115/34 23/116/34 25/117/34 27/118/34 29/119/34 31/120/34 33/121/34 35/122/34 37/123/34 39/124/34 41/125/34 43/126/34 45/127/34 47/128/34 49/129/34 51/130/34 53/131/34 55/132/34 57/133/34 59/134/34 61/135/34 63/136/34
f 65/137/35 66/138/35 68/139/35 67/140/35
f 67/140/36 68/139/36 70/141/36 69/142/36
f 69/142/37 70/141/37 72/143/37 71/144/37
f 71/144/38 72/143/38 74/145/38 73/146/38
f 73/146/39 74/145/39 76/147/39 75/148/39
f 75/148/40 76/147/40 78/149/40 77/150/40
f 77/150/41 78/149/41 80/151/41 79/152/41
f 79/153/42 80/154/42 82/155/42 81/156/42
f 81/156/43 82/155/43 84/157/43 83/158/43
f 83/159/44 84/160/44 86/161/44 85/162/44
f 85/162/45 86/161/45 88/163/45 87/164/45
f 87/164/46 88/163/46 90/165/46 89/166/46
f 89/166/47 90/165/47 92/167/47 91/168/47
f 91/168/48 92/167/48 94/169/48 93/170/48
f 93/170/49 94/169/49 96/171/49 95/172/49
f 95/172/50 96/171/50 98/173/50 97/174/50
f 97/174/51 98/173/51 100/175/51 99/176/51
f 99/176/52 100/175/52 102/177/52 101/178/52
f 101/178/53 102/177/53 104/179/53 103/180/53
f 103/180/54 104/179/54 106/181/54 105/182/54
f 105/182/55 106/181/55 108/183/55 107/184/55
f 107/184/56 108/183/56 110/185/56 109/186/56
f 109/186/57 110/185/57 112/187/57 111/188/57
f 111/189/58 112/190/58 114/191/58 113/192/58
f 113/192/59 114/191/59 116/193/59 115/194/59
f 115/195/60 116/196/60 118/197/60 117/198/60
f 117/198/61 118/197/61 120/199/61 119/200/61
f 119/200/62 120/199/62 122/201/62 121/202/62
f 121/202/63 122/201/63 124/203/63 123/204/63
f 123/204/64 124/203/64 126/205/64 125/206/64
f 68/207/31 66/208/31 128/209/31 126/210/31 124/211/31 122/212/31 120/213/31 118/214/31 116/215/31 114/216/31 112/217/31 110/218/31 108/219/31 106/220/31 104/221/31 102/222/31 100/223/31 98/224/31 96/225/31 94/226/31 92/227/31 90/228/31 88/229/31 86/230/31 84/231/31 82/232/31 80/233/31 78/234/31 76/235/31 74/236/31 72/237/31 70/238/31
f 127/239/65 128/240/65 66/138/65 65/137/65
f 125/206/66 126/205/66 128/240/66 127/239/66
f 65/241/34 67/242/34 69/243/34 71/244/34 73/245/34 75/246/34 77/247/34 79/248/34 81/249/34 83/250/34 85/251/34 87/252/34 89/253/34 91/254/34 93/255/34 95/256/34 97/257/34 99/258/34 101/259/34 103/260/34 105/261/34 107/262/34 109/263/34 111/264/34 113/265/34 115/266/34 117/267/34 119/268/34 121/269/34 123/270/34 125/271/34 127/272/34
f 138/273/67 139/274/67 131/275/67 129/276/67
f 139/277/68 140/278/68 135/279/68 131/280/68
f 140/281/69 141/282/69 133/283/69 135/284/69
f 141/285/70 138/286/70 129/287/70 133/288/70
f 129/289/71 131/290/71 135/291/71 133/292/71
f 134/293/34 136/294/34 132/295/34 130/296/34 137/297/34
f 134/298/72 137/299/72 130/300/72 138/286/72 141/285/72
f 136/301/73 134/302/73 141/282/73 140/281/73
f 132/303/74 136/304/74 140/278/74 139/277/74
f 130/305/75 132/306/75 139/274/75 138/273/75
f 142/307/35 143/308/35 145/309/35 144/310/35
f 144/310/36 145/309/36 147/311/36 146/312/36
f 146/312/37 147/311/37 149/313/37 148/314/37
f 148/314/38 149/313/38 151/315/38 150/316/38
f 150/316/39 151/315/39 153/317/39 152/318/39
f 152/318/40 153/317/40 155/319/40 154/320/40
f 154/320/41 155/319/41 157/321/41 156/322/41
f 156/323/42 157/324/42 159/325/42 158/326/42
f 158/326/43 159/325/43 161/327/43 160/328/43
f 160/329/44 161/330/44 163/331/44 162/332/44
f 162/332/45 163/331/45 165/333/45 164/334/45
f 164/334/46 165/333/46 167/335/46 166/336/46
f 166/336/47 167/335/47 169/337/47 168/338/47
f 168/338/48 169/337/48 171/339/48 170/340/48
f 170/340/49 171/339/49 173/341/49 172/342/49
f 172/342/50 173/341/50 175/343/50 174/344/50
f 174/344/51 175/343/51 177/345/51 176/346/51
f 176/346/52 177/345/52 179/347/52 178/348/52
f 178/348/53 179/347/53 181/349/53 180/350/53
f 180/350/54 181/349/54 183/351/54 182/352/54
f 182/352/55 183/351/55 185/353/55 184/354/55
f 184/354/56 185/353/56 187/355/56 186/356/56
f 186/356/57 187/355/57 189/357/57 188/358/57
f 188/359/58 189/360/58 191/361/58 190/362/58
f 190/362/59 191/361/59 193/363/59 192/364/59
f 192/365/60 193/366/60 195/367/60 194/368/60
f 194/368/61 195/367/61 197/369/61 196/370/61
f 196/370/62 197/369/62 199/371/62 198/372/62
f 198/372/63 199/371/63 201/373/63 200/374/63
f 200/374/64 201/373/64 203/375/64 202/376/64
f 145/377/31 143/378/31 205/379/31 203/380/31 201/381/31 199/382/31 197/383/31 195/384/31 193/385/31 191/386/31 189/387/31 187/388/31 185/389/31 183/390/31 181/391/31 179/392/31 177/393/31 175/394/31 173/395/31 171/396/31 169/397/31 167/398/31 165/399/31 163/400/31 161/401/31 159/402/31 157/403/31 155/404/31 153/405/31 151/406/31 149/407/31 147/408/31
f 204/409/65 205/410/65 143/308/65 142/307/65
f 202/376/66 203/375/66 205/410/66 204/409/66
f 142/411/34 144/412/34 146/413/34 148/414/34 150/415/34 152/416/34 154/417/34 156/418/34 158/419/34 160/420/34 162/421/34 164/422/34 166/423/34 168/424/34 170/425/34 172/426/34 174/427/34 176/428/34 178/429/34 180/430/34 182/431/34 184/432/34 186/433/34 188/434/34 190/435/34 192/436/34 194/437/34 196/438/34 198/439/34 200/440/34 202/441/34 204/442/34
f 207/443/75 209/444/75 208/445/75 206/446/75
f 209/447/76 213/448/76 212/449/76 208/450/76
f 213/451/77 211/452/77 210/453/77 212/454/77
f 211/455/78 207/456/78 206/457/78 210/458/78
f 206/459/79 208/450/79 212/449/79 210/460/79
f 211/461/31 213/462/31 209/463/31 207/464/31
f 215/465/75 217/466/75 216/467/75 214/468/75
f 217/469/80 221/470/80 220/471/80 216/472/80
f 221/473/77 219/474/77 218/475/77 220/476/77
f 219/477/78 215/478/78 214/479/78 218/480/78
f 214/481/34 216/482/34 220/483/34 218/484/34
f 219/485/31 221/486/31 217/487/31 215/488/31
f 223/489/75 225/490/75 224/491/75 222/492/75
f 225/493/81 229/494/81 228/495/81 224/496/81
f 229/497/77 227/498/77 226/499/77 238/500/77 239/501/77 240/502/77 241/503/77 242/504/77 230/505/77 243/506/77 244/507/77 245/508/77 246/509/77 247/510/77 231/511/77 248/512/77 249/513/77 250/514/77 251/515/77 252/516/77 232/517/77 233/518/77 234/519/77 235/520/77 236/521/77 237/522/77 228/523/77
f 227/524/82 223/525/82 222/526/82 226/527/82
f 222/528/34 224/529/34 228/530/34 237/531/34 236/532/34 235/533/34 234/534/34 233/535/34 232/536/34 252/537/34 251/538/34 250/539/34 249/540/34 248/541/34 231/542/34 247/543/34 246/544/34 245/545/34 244/546/34 243/547/34 230/548/34 242/549/34 241/550/34 240/551/34 239/552/34 238/553/34 226/554/34
f 227/555/31 229/556/31 225/557/31 223/558/31
f 254/559/75 256/560/75 255/561/75 253/562/75
f 256/563/83 260/564/83 259/565/83 255/566/83
f 260/567/77 258/568/77 257/569/77 259/570/77
f 258/571/84 254/572/84 253/573/84 257/574/84
f 253/575/34 255/576/34 259/577/34 257/578/34
f 258/579/31 260/580/31 256/581/31 254/582/31
f 459/583/85 262/584/85 264/585/85 460/586/85
f 460/586/86 264/585/86 266/587/86 461/588/86
f 461/589/87 266/590/87 268/591/87 462/592/87
f 462/593/88 268/594/88 270/595/88 463/596/88
f 463/596/89 270/595/89 272/597/89 464/598/89
f 464/598/90 272/597/90 274/599/90 465/600/90
f 465/600/91 274/599/91 276/601/91 466/602/91
f 466/602/92 276/601/92 278/603/92 467/604/92
f 467/604/93 278/603/93 280/605/93 468/606/93
f 468/606/94 280/605/94 282/607/94 469/608/94
f 469/608/95 282/607/95 284/609/95 470/610/95
f 470/610/96 284/609/96 286/611/96 471/612/96
f 471/612/97 286/611/97 288/613/97 472/614/97
f 472/615/98 288/616/98 290/617/98 473/618/98
f 473/619/99 290/620/99 292/621/99 474/622/99
f 474/622/100 292/621/100 294/623/100 475/624/100
f 475/624/101 294/623/101 296/625/101 476/626/101
f 476/626/102 296/625/102 298/627/102 477/628/102
f 477/628/103 298/627/103 300/629/103 478/630/103
f 478/630/104 300/629/104 302/631/104 479/632/104
f 479/633/105 302/634/105 304/635/105 480/636/105
f 480/636/106 304/635/106 306/637/106 481/638/106
f 503/639/107 498/640/107 308/641/107 482/642/107
f 482/642/108 308/641/108 310/643/108 483/644/108
f 483/644/109 310/643/109 312/645/109 484/646/109
f 484/646/110 312/645/110 314/647/110 485/648/110
f 485/648/111 314/647/111 316/649/111 486/650/111
f 486/650/112 316/649/112 318/651/112 487/652/112
f 487/653/113 318/654/113 320/655/113 488/656/113
f 488/656/114 320/655/114 322/657/114 489/658/114
f 264/659/78 262/660/78 324/661/78 322/662/78 320/663/78 318/664/78 316/665/78 314/666/78 312/667/78 310/668/78 308/669/78 498/670/78 306/671/78 304/672/78 302/673/78 300/674/78 298/675/78 296/676/78 294/677/78 292/678/78 290/679/78 288/680/78 286/681/78 284/682/78 282/683/78 280/684/78 278/685/78 276/686/78 274/687/78 272/688/78 270/689/78 268/690/78 266/691/78
f 490/692/115 324/693/115 262/584/115 459/583/115
f 489/658/116 322/657/116 324/693/116 490/692/116
f 261/694/80 263/695/80 265/696/80 267/697/80 269/698/80 271/699/80 273/700/80 275/701/80 277/702/80 279/703/80 281/704/80 283/705/80 285/706/80 287/707/80 289/708/80 291/709/80 293/710/80 295/711/80 297/712/80 299/713/80 301/714/80 303/715/80 305/716/80 497/717/80 307/718/80 309/719/80 311/720/80 313/721/80 315/722/80 317/723/80 319/724/80 321/725/80 323/726/80
f 386/727/116 355/728/116 356/729/116 387/730/116
f 387/730/117 356/729/117 325/731/117 388/732/117
f 385/733/114 354/734/114 355/728/114 386/727/114
f 384/735/113 353/736/113 354/734/113 385/733/113
f 383/737/112 352/738/112 353/739/112 384/740/112
f 382/741/111 351/742/111 352/738/111 383/737/111
f 381/743/110 350/744/110 351/742/110 382/741/110
f 380/745/109 349/746/109 350/744/109 381/743/109
f 379/747/108 348/748/108 349/746/108 380/745/108
f 500/749/107 499/750/107 348/748/107 379/747/107
f 377/751/106 346/752/106 347/753/106 378/754/106
f 376/755/105 345/756/105 346/752/105 377/751/105
f 375/757/104 344/758/104 345/759/104 376/760/104
f 374/761/103 343/762/103 344/758/103 375/757/103
f 373/763/102 342/764/102 343/762/102 374/761/102
f 372/765/101 341/766/101 342/764/101 373/763/101
f 371/767/100 340/768/100 341/766/100 372/765/100
f 370/769/99 339/770/99 340/768/99 371/767/99
f 369/771/98 338/772/98 339/773/98 370/774/98
f 368/775/97 337/776/97 338/777/97 369/778/97
f 367/779/96 336/780/96 337/776/96 368/775/96
f 366/781/95 335/782/95 336/780/95 367/779/95
f 365/783/94 334/784/94 335/782/94 366/781/94
f 364/785/93 333/786/93 334/784/93 365/783/93
f 363/787/92 332/788/92 333/786/92 364/785/92
f 362/789/91 331/790/91 332/788/91 363/787/91
f 361/791/90 330/792/90 331/790/90 362/789/90
f 360/793/89 329/794/89 330/792/89 361/791/89
f 359/795/88 328/796/88 329/794/88 360/793/88
f 358/797/87 327/798/87 328/799/87 359/800/87
f 357/801/86 326/802/86 327/803/86 358/804/86
f 388/732/85 325/731/85 326/802/85 357/801/85
f 390/805/118 389/806/118 425/807/118 426/808/118
f 389/806/119 420/809/119 421/810/119 425/807/119
f 390/811/87 358/797/87 359/800/87 391/812/87
f 391/813/88 359/795/88 360/793/88 392/814/88
f 392/814/89 360/793/89 361/791/89 393/815/89
f 393/815/90 361/791/90 362/789/90 394/816/90
f 394/816/91 362/789/91 363/787/91 395/817/91
f 395/817/92 363/787/92 364/785/92 396/818/92
f 396/818/93 364/785/93 365/783/93 397/819/93
f 397/819/94 365/783/94 366/781/94 398/820/94
f 398/820/95 366/781/95 367/779/95 399/821/95
f 399/821/96 367/779/96 368/775/96 400/822/96
f 400/822/97 368/775/97 369/778/97 401/823/97
f 401/824/98 369/771/98 370/774/98 402/825/98
f 402/826/99 370/769/99 371/767/99 403/827/99
f 403/827/100 371/767/100 372/765/100 404/828/100
f 404/828/101 372/765/101 373/763/101 405/829/101
f 405/829/102 373/763/102 374/761/102 406/830/102
f 406/830/103 374/761/103 375/757/103 407/831/103
f 407/831/104 375/757/104 376/760/104 408/832/104
f 408/833/105 376/755/105 377/751/105 409/834/105
f 409/834/106 377/751/106 378/754/106 410/835/106
f 501/836/107 500/749/107 379/747/107 411/837/107
f 411/837/108 379/747/108 380/745/108 412/838/108
f 412/838/109 380/745/109 381/743/109 413/839/109
f 413/839/110 381/743/110 382/741/110 414/840/110
f 414/840/111 382/741/111 383/737/111 415/841/111
f 415/841/112 383/737/112 384/740/112 416/842/112
f 416/843/113 384/735/113 385/733/113 417/844/113
f 417/844/114 385/733/114 386/727/114 418/845/114
f 419/846/115 387/730/115 388/732/115 420/847/115
f 418/845/116 386/727/116 387/730/116 419/846/116
f 321/848/116 418/845/116 419/846/116 323/849/116
f 323/849/115 419/846/115 420/847/115 261/850/115
f 319/851/114 417/844/114 418/845/114 321/848/114
f 317/852/113 416/843/113 417/844/113 319/851/113
f 315/853/112 415/841/112 416/842/112 317/854/112
f 313/855/111 414/840/111 415/841/111 315/853/111
f 311/856/110 413/839/110 414/840/110 313/855/110
f 309/857/109 412/838/109 413/839/109 311/856/109
f 307/858/108 411/837/108 412/838/108 309/857/108
f 497/859/107 501/836/107 411/837/107 307/858/107
f 303/860/106 409/834/106 410/835/106 305/861/106
f 301/862/105 408/833/105 409/834/105 303/860/105
f 299/863/104 407/831/104 408/832/104 301/864/104
f 297/865/103 406/830/103 407/831/103 299/863/103
f 295/866/102 405/829/102 406/830/102 297/865/102
f 293/867/101 404/828/101 405/829/101 295/866/101
f 291/868/100 403/827/100 404/828/100 293/867/100
f 289/869/99 402/826/99 403/827/99 291/868/99
f 287/870/98 401/824/98 402/825/98 289/871/98
f 285/872/97 400/822/97 401/823/97 287/873/97
f 283/874/96 399/821/96 400/822/96 285/872/96
f 281/875/95 398/820/95 399/821/95 283/874/95
f 279/876/94 397/819/94 398/820/94 281/875/94
f 277/877/93 396/818/93 397/819/93 279/876/93
f 275/878/92 395/817/92 396/818/92 277/877/92
f 273/879/91 394/816/91 395/817/91 275/878/91
f 271/880/90 393/815/90 394/816/90 273/879/90
f 269/881/89 392/814/89 393/815/89 271/880/89
f 267/882/88 391/813/88 392/814/88 269/881/88
f 265/883/87 390/811/87 391/812/87 267/884/87
f 263/885/86 389/886/86 390/887/86 265/888/86
f 261/850/85 420/847/85 389/886/85 263/885/85
f 421/889/85 422/890/85 423/891/85 425/892/85
f 425/892/86 423/891/86 424/893/86 426/894/86
f 358/895/120 390/896/120 426/897/120 424/898/120
f 357/801/121 358/804/121 424/893/121 423/891/121
f 388/732/122 357/801/122 423/891/122 422/890/122
f 420/899/123 388/900/123 422/901/123 421/902/123
f 355/728/116 457/903/116 458/904/116 356/729/116
f 356/729/117 458/904/117 427/905/117 325/731/117
f 354/734/114 456/906/114 457/903/114 355/728/114
f 353/736/113 455/907/113 456/906/113 354/734/113
f 352/738/112 454/908/112 455/909/112 353/739/112
f 351/742/111 453/910/111 454/908/111 352/738/111
f 350/744/110 452/911/110 453/910/110 351/742/110
f 349/746/109 451/912/109 452/911/109 350/744/109
f 348/748/108 450/913/108 451/912/108 349/746/108
f 499/750/107 502/914/107 450/913/107 348/748/107
f 346/752/106 448/915/106 449/916/106 347/753/106
f 345/756/105 447/917/105 448/915/105 346/752/105
f 344/758/104 446/918/104 447/919/104 345/759/104
f 343/762/103 445/920/103 446/918/103 344/758/103
f 342/764/102 444/921/102 445/920/102 343/762/102
f 341/766/101 443/922/101 444/921/101 342/764/101
f 340/768/100 442/923/100 443/922/100 341/766/100
f 339/770/99 441/924/99 442/923/99 340/768/99
f 338/772/98 440/925/98 441/926/98 339/773/98
f 337/776/97 439/927/97 440/928/97 338/777/97
f 336/780/96 438/929/96 439/927/96 337/776/96
f 335/782/95 437/930/95 438/929/95 336/780/95
f 334/784/94 436/931/94 437/930/94 335/782/94
f 333/786/93 435/932/93 436/931/93 334/784/93
f 332/788/92 434/933/92 435/932/92 333/786/92
f 331/790/91 433/934/91 434/933/91 332/788/91
f 330/792/90 432/935/90 433/934/90 331/790/90
f 329/794/89 431/936/89 432/935/89 330/792/89
f 328/796/88 430/937/88 431/936/88 329/794/88
f 327/798/87 429/938/87 430/939/87 328/799/87
f 326/802/86 428/940/86 429/941/86 327/803/86
f 325/731/85 427/905/85 428/940/85 326/802/85
f 457/903/116 489/658/116 490/692/116 458/904/116
f 458/904/115 490/692/115 459/583/115 427/905/115
f 456/906/114 488/656/114 489/658/114 457/903/114
f 455/907/113 487/653/113 488/656/113 456/906/113
f 454/908/112 486/650/112 487/652/112 455/909/112
f 453/910/111 485/648/111 486/650/111 454/908/111
f 452/911/110 484/646/110 485/648/110 453/910/110
f 451/912/109 483/644/109 484/646/109 452/911/109
f 450/913/108 482/642/108 483/644/108 451/912/108
f 502/914/107 503/639/107 482/642/107 450/913/107
f 448/915/106 480/636/106 481/638/106 449/916/106
f 447/917/105 479/633/105 480/636/105 448/915/105
f 446/918/104 478/630/104 479/632/104 447/919/104
f 445/920/103 477/628/103 478/630/103 446/918/103
f 444/921/102 476/626/102 477/628/102 445/920/102
f 443/922/101 475/624/101 476/626/101 444/921/101
f 442/923/100 474/622/100 475/624/100 443/922/100
f 441/924/99 473/619/99 474/622/99 442/923/99
f 440/925/98 472/615/98 473/618/98 441/926/98
f 439/927/97 471/612/97 472/614/97 440/928/97
f 438/929/96 470/610/96 471/612/96 439/927/96
f 437/930/95 469/608/95 470/610/95 438/929/95
f 436/931/94 468/606/94 469/608/94 437/930/94
f 435/932/93 467/604/93 468/606/93 436/931/93
f 434/933/92 466/602/92 467/604/92 435/932/92
f 433/934/91 465/600/91 466/602/91 434/933/91
f 432/935/90 464/598/90 465/600/90 433/934/90
f 431/936/89 463/596/89 464/598/89 432/935/89
f 430/937/88 462/593/88 463/596/88 431/936/88
f 429/938/87 461/589/87 462/592/87 430/939/87
f 460/942/124 461/943/124 493/944/124 491/945/124
f 459/946/125 460/942/125 491/945/125 496/947/125
f 492/948/86 491/949/86 493/950/86 494/951/86
f 495/952/85 496/953/85 491/949/85 492/948/85
f 427/954/123 459/955/123 496/956/123 495/957/123
f 428/958/126 427/959/126 495/960/126 492/961/126
f 429/962/127 428/958/127 492/961/127 494/963/127
f 461/964/120 429/965/120 494/966/120 493/967/120
f 449/916/107 481/638/107 503/639/107 502/914/107
f 347/753/107 449/916/107 502/914/107 499/750/107
f 305/861/107 410/835/107 501/836/107 497/859/107
f 410/835/107 378/754/107 500/749/107 501/836/107
f 378/754/107 347/753/107 499/750/107 500/749/107
f 481/638/107 306/637/107 498/640/107 503/639/107
f 504/968/128 505/969/128 507/970/128 506/971/128
f 506/971/129 507/970/129 509/972/129 508/973/129
f 508/973/130 509/972/130 511/974/130 510/975/130
f 510/975/131 511/974/131 513/976/131 512/977/131
f 512/978/132 513/979/132 515/980/132 514/981/132
f 514/981/133 515/980/133 517/982/133 516/983/133
f 516/983/134 517/982/134 519/984/134 518/985/134
f 518/985/135 519/984/135 521/986/135 520/987/135
f 520/987/136 521/986/136 523/988/136 522/989/136
f 522/989/137 523/988/137 525/990/137 524/991/137
f 524/991/138 525/990/138 527/992/138 526/993/138
f 526/993/139 527/992/139 529/994/139 528/995/139
f 528/996/140 529/997/140 531/998/140 530/999/140
f 530/999/141 531/998/141 533/1000/141 532/1001/141
f 532/1001/142 533/1000/142 535/1002/142 534/1003/142
f 534/1003/143 535/1002/143 537/1004/143 536/1005/143
f 536/1005/144 537/1004/144 539/1006/144 538/1007/144
f 538/1007/145 539/1006/145 541/1008/145 540/1009/145
f 540/1009/146 541/1008/146 543/1010/146 542/1011/146
f 542/1011/147 543/1010/147 545/1012/147 544/1013/147
f 544/1014/148 545/1015/148 547/1016/148 546/1017/148
f 546/1017/149 547/1016/149 549/1018/149 548/1019/149
f 548/1019/150 549/1018/150 551/1020/150 550/1021/150
f 550/1021/151 551/1020/151 553/1022/151 552/1023/151
f 552/1023/152 553/1022/152 555/1024/152 554/1025/152
f 554/1025/153 555/1024/153 557/1026/153 556/1027/153
f 556/1027/154 557/1026/154 559/1028/154 558/1029/154
f 558/1029/155 559/1028/155 561/1030/155 560/1031/155
f 560/1032/156 561/1033/156 563/1034/156 562/1035/156
f 562/1035/157 563/1034/157 565/1036/157 564/1037/157
f 507/1038/78 505/1039/78 567/1040/78 565/1041/78 563/1042/78 561/1043/78 559/1044/78 557/1045/78 555/1046/78 553/1047/78 551/1048/78 549/1049/78 547/1050/78 545/1051/78 543/1052/78 541/1053/78 539/1054/78 537/1055/78 535/1056/78 533/1057/78 531/1058/78 529/1059/78 527/1060/78 525/1061/78 523/1062/78 521/1063/78 519/1064/78 517/1065/78 515/1066/78 513/1067/78 511/1068/78 509/1069/78
f 566/1070/158 567/1071/158 505/969/158 504/968/158
f 564/1037/159 565/1036/159 567/1071/159 566/1070/159
f 504/1072/80 506/1073/80 508/1074/80 510/1075/80 512/1076/80 514/1077/80 516/1078/80 518/1079/80 520/1080/80 522/1081/80 524/1082/80 526/1083/80 528/1084/80 530/1085/80 532/1086/80 534/1087/80 536/1088/80 538/1089/80 540/1090/80 542/1091/80 544/1092/80 546/1093/80 548/1094/80 550/1095/80 552/1096/80 554/1097/80 556/1098/80 558/1099/80 560/1100/80 562/1101/80 564/1102/80 566/1103/80
f 579/1104/160 578/1105/160 593/1106/160 594/1107/160
f 577/1108/161 576/1109/161 591/1110/161 592/1111/161
f 575/1112/162 574/1113/162 589/1114/162 590/1115/162
f 573/1116/163 572/1117/163 587/1118/163 588/1119/163
f 571/1120/164 570/1121/164 585/1122/164 586/1123/164
f 582/1124/165 581/1125/165 596/1126/165 597/1127/165
f 569/1128/166 568/1129/166 583/1130/166 584/1131/166
f 580/1132/167 579/1104/167 594/1107/167 595/1133/167
f 578/1105/168 577/1134/168 592/1135/168 593/1106/168
f 576/1109/169 575/1112/169 590/1115/169 591/1110/169
f 574/1113/170 573/1136/170 588/1137/170 589/1114/170
f 572/1117/171 571/1120/171 586/1123/171 587/1118/171
f 570/1121/172 569/1128/172 584/1131/172 585/1122/172
f 581/1125/173 580/1132/173 595/1133/173 596/1126/173
f 589/1138/174 588/1139/174 603/1140/174 604/1141/174
f 587/1118/175 586/1123/175 601/1142/175 602/1143/175
f 585/1122/176 584/1131/176 599/1144/176 600/1145/176
f 596/1126/177 595/1133/177 610/1146/177 611/1147/177
f 594/1107/178 593/1106/178 608/1148/178 609/1149/178
f 592/1150/179 591/1151/179 606/1152/179 607/1153/179
f 590/1154/180 589/1138/180 604/1141/180 605/1155/180
f 588/1119/181 587/1118/181 602/1143/181 603/1156/181
f 586/1123/182 585/1122/182 600/1145/182 601/1142/182
f 597/1127/183 596/1126/183 611/1147/183 612/1157/183
f 584/1131/184 583/1130/184 598/1158/184 599/1144/184
f 595/1133/185 594/1107/185 609/1149/185 610/1146/185
f 593/1106/186 592/1135/186 607/1159/186 608/1148/186
f 591/1151/187 590/1154/187 605/1155/187 606/1152/187
f 604/1141/188 603/1140/188 618/1160/188 619/1161/188
f 602/1162/189 601/1163/189 616/1164/189 617/1165/189
f 600/1145/190 599/1144/190 614/1166/190 615/1167/190
f 611/1147/191 610/1146/191 625/1168/191 626/1169/191
f 609/1149/192 608/1148/192 623/1170/192 624/1171/192
f 607/1153/193 606/1152/193 621/1172/193 622/1173/193
f 605/1155/194 604/1141/194 619/1161/194 620/1174/194
f 603/1140/195 602/1162/195 617/1165/195 618/1160/195
f 601/1142/196 600/1145/196 615/1167/196 616/1175/196
f 612/1157/197 611/1147/197 626/1169/197 627/1176/197
f 599/1144/198 598/1158/198 613/1177/198 614/1166/198
f 610/1146/199 609/1149/199 624/1171/199 625/1168/199
f 608/1178/200 607/1153/200 622/1173/200 623/1179/200
f 606/1152/201 605/1155/201 620/1174/201 621/1172/201
f 619/1161/202 618/1160/202 633/1180/202 634/1181/202
f 617/1165/203 616/1164/203 631/1182/203 632/1183/203
f 615/1167/204 614/1166/204 629/1184/204 630/1185/204
f 626/1169/205 625/1168/205 640/1186/205 641/1187/205
f 624/1188/206 623/1179/206 638/1189/206 639/1190/206
f 622/1173/207 621/1172/207 636/1191/207 637/1192/207
f 620/1174/208 619/1161/208 634/1181/208 635/1193/208
f 618/1160/209 617/1165/209 632/1183/209 633/1180/209
f 616/1175/210 615/1167/210 630/1185/210 631/1194/210
f 627/1176/211 626/1169/211 641/1187/211 642/1195/211
f 614/1166/212 613/1177/212 628/1196/212 629/1184/212
f 625/1168/213 624/1171/213 639/1197/213 640/1186/213
f 623/1179/214 622/1173/214 637/1192/214 638/1189/214
f 621/1172/215 620/1174/215 635/1193/215 636/1191/215
f 634/1181/216 633/1180/216 648/1198/216 649/1199/216
f 632/1183/217 631/1182/217 646/1200/217 647/1201/217
f 630/1185/218 629/1184/218 644/1202/218 645/1203/218
f 641/1187/219 640/1186/219 655/1204/219 656/1205/219
f 639/1190/220 638/1189/220 653/1206/220 654/1207/220
f 637/1192/221 636/1191/221 651/1208/221 652/1209/221
f 635/1193/222 634/1181/222 649/1199/222 650/1210/222
f 633/1180/223 632/1183/223 647/1201/223 648/1198/223
f 631/1182/224 630/1211/224 645/1212/224 646/1200/224
f 642/1195/225 641/1187/225 656/1205/225 657/1213/225
f 629/1184/226 628/1196/226 643/1214/226 644/1202/226
f 640/1215/227 639/1190/227 654/1207/227 655/1216/227
f 638/1189/228 637/1192/228 652/1209/228 653/1206/228
f 636/1191/229 635/1193/229 650/1210/229 651/1208/229
f 649/1199/230 648/1198/230 663/1217/230 664/1218/230
f 647/1201/231 646/1200/231 661/1219/231 662/1220/231
f 645/1203/232 644/1202/232 659/1221/232 660/1222/232
f 656/1205/233 655/1204/233 670/1223/233 671/1224/233
f 654/1207/234 653/1206/234 668/1225/234 669/1226/234
f 652/1209/235 651/1208/235 666/1227/235 667/1228/235
f 650/1210/236 649/1199/236 664/1218/236 665/1229/236
f 648/1198/237 647/1201/237 662/1220/237 663/1217/237
f 646/1200/238 645/1212/238 660/1230/238 661/1219/238
f 657/1213/239 656/1205/239 671/1224/239 672/1231/239
f 644/1202/240 643/1214/240 658/1232/240 659/1221/240
f 655/1216/241 654/1207/241 669/1226/241 670/1233/241
f 653/1206/242 652/1209/242 667/1228/242 668/1225/242
f 651/1208/243 650/1210/243 665/1229/243 666/1227/243
f 664/1218/244 663/1217/244 678/1234/244 679/1235/244
f 662/1220/245 661/1219/245 676/1236/245 677/1237/245
f 660/1222/246 659/1221/246 674/1238/246 675/1239/246
f 671/1224/247 670/1223/247 685/1240/247 686/1241/247
f 669/1226/248 668/1225/248 683/1242/248 684/1243/248
f 667/1228/249 666/1227/249 681/1244/249 682/1245/249
f 665/1229/250 664/1218/250 679/1235/250 680/1246/250
f 663/1217/251 662/1220/251 677/1237/251 678/1234/251
f 661/1219/252 660/1230/252 675/1247/252 676/1236/252
f 672/1231/253 671/1224/253 686/1241/253 687/1248/253
f 659/1221/254 658/1232/254 673/1249/254 674/1238/254
f 670/1233/255 669/1226/255 684/1243/255 685/1250/255
f 668/1225/256 667/1228/256 682/1245/256 683/1242/256
f 666/1227/257 665/1229/257 680/1246/257 681/1244/257
f 679/1235/258 678/1234/258 693/1251/258 694/1252/258
f 677/1237/259 676/1236/259 691/1253/259 692/1254/259
f 675/1239/260 674/1238/260 689/1255/260 690/1256/260
f 686/1241/261 685/1240/261 700/1257/261 701/1258/261
f 684/1243/262 683/1242/262 698/1259/262 699/1260/262
f 682/1245/263 681/1244/263 696/1261/263 697/1262/263
f 680/1246/264 679/1235/264 694/1252/264 695/1263/264
f 678/1234/265 677/1237/265 692/1254/265 693/1251/265
f 676/1236/266 675/1247/266 690/1264/266 691/1253/266
f 687/1248/267 686/1241/267 701/1258/267 702/1265/267
f 674/1238/268 673/1249/268 688/1266/268 689/1255/268
f 685/1250/269 684/1243/269 699/1260/269 700/1267/269
f 683/1242/270 682/1245/270 697/1262/270 698/1259/270
f 681/1244/271 680/1246/271 695/1263/271 696/1261/271
f 694/1252/272 693/1251/272 708/1268/272 709/1269/272
f 692/1254/273 691/1253/273 706/1270/273 707/1271/273
f 690/1256/274 689/1255/274 704/1272/274 705/1273/274
f 701/1258/275 700/1257/275 715/1274/275 716/1275/275
f 699/1260/276 698/1259/276 713/1276/276 714/1277/276
f 697/1262/277 696/1261/277 711/1278/277 712/1279/277
f 695/1263/278 694/1252/278 709/1269/278 710/1280/278
f 693/1251/279 692/1254/279 707/1271/279 708/1268/279
f 691/1253/280 690/1264/280 705/1281/280 706/1270/280
f 702/1265/281 701/1258/281 716/1275/281 717/1282/281
f 689/1255/282 688/1266/282 703/1283/282 704/1272/282
f 700/1267/283 699/1260/283 714/1277/283 715/1284/283
f 698/1259/284 697/1262/284 712/1279/284 713/1276/284
f 696/1261/285 695/1263/285 710/1280/285 711/1278/285
f 709/1269/286 708/1268/286 723/1285/286 724/1286/286
f 707/1271/287 706/1270/287 721/1287/287 722/1288/287
f 705/1273/288 704/1272/288 719/1289/288 720/1290/288
f 716/1275/289 715/1274/289 730/1291/289 731/1292/289
f 714/1277/290 713/1276/290 728/1293/290 729/1294/290
f 712/1279/291 711/1278/291 726/1295/291 727/1296/291
f 710/1280/292 709/1269/292 724/1286/292 725/1297/292
f 708/1268/293 707/1271/293 722/1288/293 723/1285/293
f 706/1270/294 705/1281/294 720/1298/294 721/1287/294
f 717/1282/295 716/1275/295 731/1292/295 732/1299/295
f 704/1272/296 703/1283/296 718/1300/296 719/1289/296
f 715/1284/297 714/1277/297 729/1294/297 730/1301/297
f 713/1276/298 712/1279/298 727/1296/298 728/1293/298
f 711/1278/299 710/1280/299 725/1297/299 726/1295/299
f 724/1286/300 723/1285/300 738/1302/300 739/1303/300
f 722/1288/301 721/1287/301 736/1304/301 737/1305/301
f 720/1290/302 719/1289/302 734/1306/302 735/1307/302
f 731/1292/303 730/1291/303 745/1308/303 746/1309/303
f 729/1294/304 728/1293/304 743/1310/304 744/1311/304
f 727/1296/305 726/1295/305 741/1312/305 742/1313/305
f 725/1297/306 724/1286/306 739/1303/306 740/1314/306
f 723/1285/307 722/1288/307 737/1305/307 738/1302/307
f 721/1287/308 720/1298/308 735/1315/308 736/1304/308
f 732/1299/309 731/1292/309 746/1309/309 747/1316/309
f 719/1289/310 718/1300/310 733/1317/310 734/1306/310
f 730/1301/311 729/1294/311 744/1311/311 745/1318/311
f 728/1293/312 727/1296/312 742/1313/312 743/1310/312
f 726/1295/313 725/1297/313 740/1314/313 741/1312/313
f 739/1303/314 738/1302/314 753/1319/314 754/1320/314
f 737/1305/315 736/1304/315 751/1321/315 752/1322/315
f 735/1307/316 734/1306/316 749/1323/316 750/1324/316
f 746/1309/317 745/1308/317 760/1325/317 761/1326/317
f 744/1311/318 743/1310/318 758/1327/318 759/1328/318
f 742/1313/319 741/1312/319 756/1329/319 757/1330/319
f 740/1314/320 739/1303/320 754/1320/320 755/1331/320
f 738/1302/321 737/1305/321 752/1322/321 753/1319/321
f 736/1304/322 735/1315/322 750/1332/322 751/1321/322
f 747/1316/323 746/1309/323 761/1326/323 762/1333/323
f 734/1306/324 733/1317/324 748/1334/324 749/1323/324
f 745/1318/325 744/1311/325 759/1328/325 760/1335/325
f 743/1310/326 742/1313/326 757/1330/326 758/1327/326
f 741/1312/327 740/1314/327 755/1331/327 756/1329/327
f 754/1320/328 753/1319/328 768/1336/328 769/1337/328
f 752/1322/329 751/1321/329 766/1338/329 767/1339/329
f 750/1324/330 749/1323/330 764/1340/330 765/1341/330
f 761/1326/331 760/1325/331 775/1342/331 776/1343/331
f 759/1328/332 758/1327/332 773/1344/332 774/1345/332
f 757/1330/333 756/1329/333 771/1346/333 772/1347/333
f 755/1331/334 754/1320/334 769/1337/334 770/1348/334
f 753/1319/335 752/1322/335 767/1339/335 768/1336/335
f 751/1349/336 750/1324/336 765/1341/336 766/1350/336
f 762/1333/337 761/1326/337 776/1343/337 777/1351/337
f 749/1323/338 748/1334/338 763/1352/338 764/1340/338
f 760/1325/339 759/1353/339 774/1354/339 775/1342/339
f 758/1327/340 757/1330/340 772/1347/340 773/1344/340
f 756/1329/341 755/1331/341 770/1348/341 771/1346/341
f 769/1337/342 768/1336/342 783/1355/342 784/1356/342
f 767/1339/343 766/1338/343 781/1357/343 782/1358/343
f 765/1341/344 764/1340/344 779/1359/344 780/1360/344
f 776/1343/345 775/1342/345 790/1361/345 791/1362/345
f 774/1345/346 773/1344/346 788/1363/346 789/1364/346
f 772/1347/347 771/1346/347 786/1365/347 787/1366/347
f 770/1348/348 769/1337/348 784/1356/348 785/1367/348
f 768/1336/349 767/1339/349 782/1358/349 783/1355/349
f 766/1350/350 765/1341/350 780/1360/350 781/1368/350
f 777/1351/351 776/1343/351 791/1362/351 792/1369/351
f 764/1340/352 763/1352/352 778/1370/352 779/1359/352
f 775/1342/353 774/1354/353 789/1371/353 790/1361/353
f 773/1344/354 772/1347/354 787/1366/354 788/1363/354
f 771/1346/355 770/1348/355 785/1367/355 786/1365/355
f 784/1356/356 783/1355/356 798/1372/356 799/1373/356
f 782/1374/357 781/1368/357 796/1375/357 797/1376/357
f 780/1360/358 779/1359/358 794/1377/358 795/1378/358
f 791/1362/359 790/1361/359 805/1379/359 806/1380/359
f 789/1371/360 788/1381/360 803/1382/360 804/1383/360
f 787/1366/361 786/1365/361 801/1384/361 802/1385/361
f 785/1367/362 784/1356/362 799/1373/362 800/1386/362
f 783/1387/363 782/1374/363 797/1376/363 798/1388/363
f 781/1368/364 780/1360/364 795/1378/364 796/1375/364
f 792/1369/365 791/1362/365 806/1380/365 807/1389/365
f 779/1359/366 778/1370/366 793/1390/366 794/1377/366
f 790/1361/367 789/1371/367 804/1383/367 805/1379/367
f 788/1381/368 787/1391/368 802/1392/368 803/1382/368
f 786/1365/369 785/1367/369 800/1386/369 801/1384/369
f 799/1393/370 798/1394/370 813/1395/370 814/1396/370
f 797/1376/371 796/1375/371 811/1397/371 812/1398/371
f 795/1378/372 794/1377/372 809/1399/372 810/1400/372
f 806/1380/373 805/1379/373 820/1401/373 821/1402/373
f 804/1383/374 803/1382/374 818/1403/374 819/1404/374
f 802/1405/375 801/1406/375 816/1407/375 817/1408/375
f 800/1409/376 799/1393/376 814/1396/376 815/1410/376
f 798/1388/377 797/1376/377 812/1398/377 813/1411/377
f 796/1375/378 795/1378/378 810/1400/378 811/1397/378
f 807/1389/379 806/1380/379 821/1402/379 822/1412/379
f 794/1377/380 793/1390/380 808/1413/380 809/1399/380
f 805/1379/381 804/1383/381 819/1404/381 820/1401/381
f 803/1414/382 802/1405/382 817/1408/382 818/1415/382
f 801/1406/383 800/1409/383 815/1410/383 816/1407/383
f 814/1396/384 813/1395/384 828/1416/384 829/1417/384
f 812/1398/385 811/1397/385 826/1418/385 827/1419/385
f 810/1400/386 809/1399/386 824/1420/386 825/1421/386
f 821/1402/387 820/1401/387 835/1422/387 836/1423/387
f 819/1404/388 818/1403/388 833/1424/388 834/1425/388
f 817/1408/389 816/1407/389 831/1426/389 832/1427/389
f 815/1410/390 814/1396/390 829/1417/390 830/1428/390
f 813/1411/391 812/1398/391 827/1419/391 828/1429/391
f 811/1397/392 810/1400/392 825/1421/392 826/1418/392
f 822/1412/393 821/1402/393 836/1423/393 837/1430/393
f 809/1399/394 808/1413/394 823/1431/394 824/1420/394
f 820/1401/395 819/1404/395 834/1425/395 835/1422/395
f 818/1415/396 817/1408/396 832/1427/396 833/1432/396
f 816/1407/397 815/1410/397 830/1428/397 831/1426/397
f 829/1433/398 828/1434/398 843/1435/398 844/1436/398
f 827/1419/399 826/1418/399 841/1437/399 842/1438/399
f 825/1421/400 824/1420/400 839/1439/400 840/1440/400
f 836/1423/401 835/1422/401 850/1441/401 851/1442/401
f 834/1425/402 833/1424/402 848/1443/402 849/1444/402
f 832/1445/403 831/1446/403 846/1447/403 847/1448/403
f 830/1449/404 829/1433/404 844/1436/404 845/1450/404
f 828/1429/405 827/1419/405 842/1438/405 843/1451/405
f 826/1418/406 825/1421/406 840/1440/406 841/1437/406
f 837/1430/407 836/1423/407 851/1442/407 852/1452/407
f 824/1420/408 823/1431/408 838/1453/408 839/1439/408
f 835/1422/409 834/1425/409 849/1444/409 850/1441/409
f 833/1424/410 832/1454/410 847/1455/410 848/1443/410
f 831/1446/411 830/1449/411 845/1450/411 846/1447/411
f 844/1436/412 843/1435/412 858/1456/412 859/1457/412
f 842/1458/413 841/1459/413 856/1460/413 857/1461/413
f 840/1440/414 839/1439/414 854/1462/414 855/1463/414
f 851/1442/415 850/1441/415 865/1464/415 866/1465/415
f 849/1466/416 848/1467/416 863/1468/416 864/1469/416
f 847/1448/417 846/1447/417 861/1470/417 862/1471/417
f 845/1450/418 844/1436/418 859/1457/418 860/1472/418
f 843/1435/419 842/1458/419 857/1461/419 858/1456/419
f 841/1437/420 840/1440/420 855/1463/420 856/1473/420
f 852/1452/421 851/1442/421 866/1465/421 867/1474/421
f 839/1439/422 838/1453/422 853/1475/422 854/1462/422
f 850/1441/423 849/1444/423 864/1476/423 865/1464/423
f 848/1467/424 847/1448/424 862/1471/424 863/1468/424
f 846/1447/425 845/1450/425 860/1472/425 861/1470/425
f 859/1457/426 858/1456/426 873/1477/426 874/1478/426
f 857/1461/427 856/1460/427 871/1479/427 872/1480/427
f 855/1463/428 854/1462/428 869/1481/428 870/1482/428
f 866/1465/429 865/1464/429 880/1483/429 881/1484/429
f 864/1469/430 863/1468/430 878/1485/430 879/1486/430
f 862/1471/431 861/1470/431 876/1487/431 877/1488/431
f 860/1472/432 859/1457/432 874/1478/432 875/1489/432
f 858/1456/433 857/1461/433 872/1480/433 873/1477/433
f 856/1473/434 855/1463/434 870/1482/434 871/1490/434
f 867/1474/435 866/1465/435 881/1484/435 882/1491/435
f 854/1462/436 853/1475/436 868/1492/436 869/1481/436
f 865/1464/437 864/1476/437 879/1493/437 880/1483/437
f 863/1468/438 862/1471/438 877/1488/438 878/1485/438
f 861/1470/439 860/1472/439 875/1489/439 876/1487/439
f 874/1478/440 873/1477/440 888/1494/440 889/1495/440
f 872/1480/441 871/1479/441 886/1496/441 887/1497/441
f 870/1482/442 869/1481/442 884/1498/442 885/1499/442
f 881/1484/443 880/1483/443 895/1500/443 896/1501/443
f 879/1486/444 878/1485/444 893/1502/444 894/1503/444
f 877/1488/445 876/1487/445 891/1504/445 892/1505/445
f 875/1489/446 874/1478/446 889/1495/446 890/1506/446
f 873/1477/447 872/1480/447 887/1497/447 888/1494/447
f 871/1479/448 870/1507/448 885/1508/448 886/1496/448
f 882/1491/449 881/1484/449 896/1501/449 897/1509/449
f 869/1481/450 868/1492/450 883/1510/450 884/1498/450
f 880/1511/451 879/1486/451 894/1503/451 895/1512/451
f 878/1485/452 877/1488/452 892/1505/452 893/1502/452
f 876/1487/453 875/1489/453 890/1506/453 891/1504/453
f 889/1495/454 888/1494/454 904/1513/454 905/1514/454
f 887/1497/455 886/1496/455 902/1515/455 903/1516/455
f 885/1499/456 884/1498/456 900/1517/456 901/1518/456
f 896/1501/457 895/1500/457 911/1519/457 912/1520/457
f 894/1503/458 893/1502/458 909/1521/458 910/1522/458
f 892/1505/459 891/1504/459 907/1523/459 908/1524/459
f 890/1506/460 889/1495/460 905/1514/460 906/1525/460
f 888/1494/461 887/1497/461 903/1516/461 904/1513/461
f 886/1496/462 885/1508/462 901/1526/462 902/1515/462
f 897/1509/463 896/1501/463 912/1520/463 913/1527/463
f 884/1498/464 883/1510/464 899/1528/464 900/1517/464
f 895/1512/465 894/1503/465 910/1522/465 911/1529/465
f 893/1502/466 892/1505/466 908/1524/466 909/1521/466
f 891/1504/467 890/1506/467 906/1525/467 907/1523/467
f 905/1514/468 904/1513/468 919/1530/468 920/1531/468
f 903/1516/469 902/1515/469 917/1532/469 918/1533/469
f 901/1518/470 900/1517/470 915/1534/470 916/1535/470
f 912/1520/471 911/1519/471 926/1536/471 927/1537/471
f 910/1522/472 909/1521/472 924/1538/472 925/1539/472
f 908/1524/473 907/1523/473 922/1540/473 923/1541/473
f 906/1525/474 905/1514/474 920/1531/474 921/1542/474
f 904/1513/475 903/1516/475 918/1533/475 919/1530/475
f 902/1515/476 901/1526/476 916/1543/476 917/1532/476
f 913/1527/477 912/1520/477 927/1537/477 928/1544/477
f 900/1517/478 899/1528/478 914/1545/478 915/1534/478
f 911/1529/479 910/1522/479 925/1539/479 926/1546/479
f 909/1521/480 908/1524/480 923/1541/480 924/1538/480
f 907/1523/481 906/1525/481 921/1542/481 922/1540/481
f 920/1531/482 919/1530/482 934/1547/482 935/1548/482
f 918/1533/483 917/1532/483 932/1549/483 933/1550/483
f 916/1535/484 915/1534/484 930/1551/484 931/1552/484
f 927/1537/485 926/1536/485 941/1553/485 942/1554/485
f 925/1539/486 924/1538/486 939/1555/486 940/1556/486
f 923/1541/487 922/1540/487 937/1557/487 938/1558/487
f 921/1542/488 920/1531/488 935/1548/488 936/1559/488
f 919/1530/489 918/1533/489 933/1550/489 934/1547/489
f 917/1532/490 916/1543/490 931/1560/490 932/1549/490
f 928/1544/491 927/1537/491 942/1554/491 943/1561/491
f 915/1534/492 914/1545/492 929/1562/492 930/1551/492
f 926/1546/493 925/1539/493 940/1556/493 941/1563/493
f 924/1538/494 923/1541/494 938/1558/494 939/1555/494
f 922/1540/495 921/1542/495 936/1559/495 937/1557/495
f 935/1548/496 934/1547/496 949/1564/496 950/1565/496
f 933/1550/497 932/1549/497 947/1566/497 948/1567/497
f 931/1552/498 930/1551/498 945/1568/498 946/1569/498
f 942/1554/499 941/1553/499 956/1570/499 957/1571/499
f 940/1556/500 939/1555/500 954/1572/500 955/1573/500
f 938/1558/501 937/1557/501 952/1574/501 953/1575/501
f 936/1559/502 935/1548/502 950/1565/502 951/1576/502
f 934/1547/503 933/1550/503 948/1567/503 949/1564/503
f 932/1549/504 931/1560/504 946/1577/504 947/1566/504
f 943/1561/505 942/1554/505 957/1571/505 958/1578/505
f 930/1551/506 929/1562/506 944/1579/506 945/1568/506
f 941/1563/507 940/1556/507 955/1573/507 956/1580/507
f 939/1555/508 938/1558/508 953/1575/508 954/1572/508
f 937/1557/509 936/1559/509 951/1576/509 952/1574/509
f 950/1565/510 949/1564/510 964/1581/510 965/1582/510
f 948/1567/511 947/1566/511 962/1583/511 963/1584/511
f 946/1569/512 945/1568/512 960/1585/512 961/1586/512
f 957/1571/513 956/1570/513 971/1587/513 972/1588/513
f 955/1573/514 954/1572/514 969/1589/514 970/1590/514
f 953/1575/515 952/1574/515 967/1591/515 968/1592/515
f 951/1576/516 950/1565/516 965/1582/516 966/1593/516
f 949/1564/517 948/1567/517 963/1584/517 964/1581/517
f 947/1566/518 946/1577/518 961/1594/518 962/1583/518
f 958/1578/519 957/1571/519 972/1588/519 973/1595/519
f 945/1568/520 944/1579/520 959/1596/520 960/1585/520
f 956/1580/521 955/1573/521 970/1590/521 971/1597/521
f 954/1572/522 953/1575/522 968/1592/522 969/1589/522
f 952/1574/523 951/1576/523 966/1593/523 967/1591/523
f 965/1582/524 964/1581/524 979/1598/524 980/1599/524
f 963/1584/525 962/1583/525 977/1600/525 978/1601/525
f 961/1586/526 960/1585/526 975/1602/526 976/1603/526
f 972/1588/527 971/1587/527 986/1604/527 987/1605/527
f 970/1590/528 969/1589/528 984/1606/528 985/1607/528
f 968/1592/529 967/1591/529 982/1608/529 983/1609/529
f 966/1593/530 965/1582/530 980/1599/530 981/1610/530
f 964/1581/531 963/1584/531 978/1601/531 979/1598/531
f 962/1583/532 961/1594/532 976/1611/532 977/1600/532
f 973/1595/533 972/1588/533 987/1605/533 988/1612/533
f 960/1585/534 959/1596/534 974/1613/534 975/1602/534
f 971/1597/535 970/1590/535 985/1607/535 986/1614/535
f 969/1589/536 968/1592/536 983/1609/536 984/1606/536
f 967/1591/537 966/1593/537 981/1610/537 982/1608/537
f 980/1599/538 979/1598/538 994/1615/538 995/1616/538
f 978/1601/539 977/1600/539 992/1617/539 993/1618/539
f 976/1603/540 975/1602/540 990/1619/540 991/1620/540
f 987/1605/541 986/1604/541 1001/1621/541 1002/1622/541
f 985/1607/542 984/1606/542 999/1623/542 1000/1624/542
f 983/1609/543 982/1608/543 997/1625/543 998/1626/543
f 981/1610/544 980/1599/544 995/1616/544 996/1627/544
f 979/1598/545 978/1601/545 993/1618/545 994/1615/545
f 977/1600/546 976/1611/546 991/1628/546 992/1617/546
f 988/1612/547 987/1605/547 1002/1622/547 1003/1629/547
f 975/1602/548 974/1613/548 989/1630/548 990/1619/548
f 986/1614/549 985/1607/549 1000/1624/549 1001/1631/549
f 984/1606/550 983/1609/550 998/1626/550 999/1623/550
f 982/1608/551 981/1610/551 996/1627/551 997/1625/551
f 995/1616/552 994/1615/552 1009/1632/552 1010/1633/552
f 993/1618/553 992/1617/553 1007/1634/553 1008/1635/553
f 991/1620/554 990/1619/554 1005/1636/554 1006/1637/554
f 1002/1622/555 1001/1621/555 1016/1638/555 1017/1639/555
f 1000/1624/556 999/1623/556 1014/1640/556 1015/1641/556
f 998/1626/557 997/1625/557 1012/1642/557 1013/1643/557
f 996/1627/558 995/1616/558 1010/1633/558 1011/1644/558
f 994/1615/559 993/1618/559 1008/1635/559 1009/1632/559
f 992/1645/560 991/1620/560 1006/1637/560 1007/1646/560
f 1003/1629/561 1002/1622/561 1017/1639/561 1018/1647/561
f 990/1619/562 989/1630/562 1004/1648/562 1005/1636/562
f 1001/1621/563 1000/1649/563 1015/1650/563 1016/1638/563
f 999/1623/564 998/1626/564 1013/1643/564 1014/1640/564
f 997/1625/565 996/1627/565 1011/1644/565 1012/1642/565
f 1010/1633/566 1009/1632/566 1025/1651/566 1026/1652/566
f 1008/1635/567 1007/1634/567 1023/1653/567 1024/1654/567
f 1006/1637/568 1005/1636/568 1021/1655/568 1022/1656/568
f 1017/1639/569 1016/1638/569 1032/1657/569 1033/1658/569
f 1015/1650/570 1014/1659/570 1030/1660/570 1031/1661/570
f 1013/1643/571 1012/1642/571 1028/1662/571 1029/1663/571
f 1011/1644/572 1010/1633/572 1026/1652/572 1027/1664/572
f 1009/1632/573 1008/1635/573 1024/1654/573 1025/1651/573
f 1007/1646/574 1006/1637/574 1022/1656/574 1023/1665/574
f 1018/1647/575 1017/1639/575 1033/1658/575 1034/1666/575
f 1005/1636/576 1004/1648/576 1020/1667/576 1021/1655/576
f 1016/1638/577 1015/1650/577 1031/1661/577 1032/1657/577
f 1014/1640/578 1013/1643/578 1029/1663/578 1030/1668/578
f 1012/1642/579 1011/1644/579 1027/1664/579 1028/1662/579
f 1026/1652/580 1025/1651/580 1040/1669/580 1041/1670/580
f 1024/1671/581 1023/1665/581 1038/1672/581 1039/1673/581
f 1022/1656/582 1021/1655/582 1036/1674/582 1037/1675/582
f 1033/1658/583 1032/1657/583 1047/1676/583 1048/1677/583
f 1031/1661/584 1030/1660/584 1045/1678/584 1046/1679/584
f 1029/1663/585 1028/1662/585 1043/1680/585 1044/1681/585
f 1027/1664/586 1026/1652/586 1041/1670/586 1042/1682/586
f 1025/1683/587 1024/1671/587 1039/1673/587 1040/1684/587
f 1023/1665/588 1022/1656/588 1037/1675/588 1038/1672/588
f 1034/1666/589 1033/1658/589 1048/1677/589 1049/1685/589
f 1021/1655/590 1020/1667/590 1035/1686/590 1036/1674/590
f 1032/1657/591 1031/1661/591 1046/1679/591 1047/1676/591
f 1030/1660/592 1029/1687/592 1044/1688/592 1045/1678/592
f 1028/1662/593 1027/1664/593 1042/1682/593 1043/1680/593
f 568/1129/594 1019/1689/594 583/1130/594
f 898/1690/595 582/1124/595 597/1127/595
f 898/1690/596 597/1127/596 612/1157/596
f 583/1130/597 1019/1689/597 598/1158/597
f 898/1690/598 612/1157/598 627/1176/598
f 598/1158/599 1019/1689/599 613/1177/599
f 898/1690/600 627/1176/600 642/1195/600
f 613/1177/601 1019/1689/601 628/1196/601
f 898/1690/602 642/1195/602 657/1213/602
f 628/1196/603 1019/1689/603 643/1214/603
f 898/1690/604 657/1213/604 672/1231/604
f 643/1214/605 1019/1689/605 658/1232/605
f 898/1690/606 672/1231/606 687/1248/606
f 658/1232/607 1019/1689/607 673/1249/607
f 898/1690/608 687/1248/608 702/1265/608
f 673/1249/609 1019/1689/609 688/1266/609
f 898/1690/610 702/1265/610 717/1282/610
f 688/1266/611 1019/1689/611 703/1283/611
f 898/1690/612 717/1282/612 732/1299/612
f 703/1283/613 1019/1689/613 718/1300/613
f 898/1690/614 732/1299/614 747/1316/614
f 718/1300/615 1019/1689/615 733/1317/615
f 898/1690/616 747/1316/616 762/1333/616
f 733/1317/617 1019/1689/617 748/1334/617
f 898/1690/618 762/1333/618 777/1351/618
f 748/1334/619 1019/1689/619 763/1352/619
f 898/1690/620 777/1351/620 792/1369/620
f 763/1352/621 1019/1689/621 778/1370/621
f 898/1690/622 792/1369/622 807/1389/622
f 778/1370/623 1019/1689/623 793/1390/623
f 898/1690/624 807/1389/624 822/1412/624
f 793/1390/625 1019/1689/625 808/1413/625
f 898/1690/626 822/1412/626 837/1430/626
f 808/1413/627 1019/1689/627 823/1431/627
f 898/1690/628 837/1430/628 852/1452/628
f 823/1431/629 1019/1689/629 838/1453/629
f 898/1690/630 852/1452/630 867/1474/630
f 838/1453/631 1019/1689/631 853/1475/631
f 898/1690/632 867/1474/632 882/1491/632
f 853/1475/633 1019/1689/633 868/1492/633
f 898/1690/634 882/1491/634 897/1509/634
f 868/1492/635 1019/1689/635 883/1510/635
f 898/1690/636 897/1509/636 913/1527/636
f 883/1510/637 1019/1689/637 899/1528/637
f 898/1690/638 913/1527/638 928/1544/638
f 899/1528/639 1019/1689/639 914/1545/639
f 898/1690/640 928/1544/640 943/1561/640
f 914/1545/641 1019/1689/641 929/1562/641
f 898/1690/642 943/1561/642 958/1578/642
f 929/1562/643 1019/1689/643 944/1579/643
f 898/1690/644 958/1578/644 973/1595/644
f 944/1579/645 1019/1689/645 959/1596/645
f 898/1690/646 973/1595/646 988/1612/646
f 959/1596/647 1019/1689/647 974/1613/647
f 898/1690/648 988/1612/648 1003/1629/648
f 974/1613/649 1019/1689/649 989/1630/649
f 898/1690/650 1003/1629/650 1018/1647/650
f 989/1630/651 1019/1689/651 1004/1648/651
f 898/1690/652 1018/1647/652 1034/1666/652
f 1004/1648/653 1019/1689/653 1020/1667/653
f 898/1690/654 1034/1666/654 1049/1685/654
f 1020/1667/655 1019/1689/655 1035/1686/655
f 1041/1691/656 1040/1692/656 573/1136/656 574/1113/656
f 1039/1673/657 1038/1672/657 571/1120/657 572/1117/657
f 898/1690/658 1049/1685/658 582/1124/658
f 1037/1675/659 1036/1674/659 569/1128/659 570/1121/659
f 1048/1677/660 1047/1676/660 580/1132/660 581/1125/660
f 1035/1686/661 1019/1689/661 568/1129/661
f 1046/1679/662 1045/1678/662 578/1105/662 579/1104/662
f 1044/1693/663 1043/1694/663 576/1109/663 577/1108/663
f 1042/1695/664 1041/1691/664 574/1113/664 575/1112/664
f 1040/1684/665 1039/1673/665 572/1117/665 573/1116/665
f 1038/1672/666 1037/1675/666 570/1121/666 571/1120/666
f 1049/1685/667 1048/1677/667 581/1125/667 582/1124/667
f 1036/1674/668 1035/1686/668 568/1129/668 569/1128/668
f 1047/1676/669 1046/1679/669 579/1104/669 580/1132/669
f 1045/1678/670 1044/1688/670 577/1134/670 578/1105/670
f 1043/1694/671 1042/1695/671 575/1112/671 576/1109/671
f 1050/1696/1 1051/1697/1 1053/1698/1 1052/1699/1
f 1052/1699/2 1053/1698/2 1055/1700/2 1054/1701/2
f 1054/1701/3 1055/1700/3 1057/1702/3 1056/1703/3
f 1056/1703/4 1057/1702/4 1059/1704/4 1058/1705/4
f 1058/1705/5 1059/1704/5 1061/1706/5 1060/1707/5
f 1060/1707/6 1061/1706/6 1063/1708/6 1062/1709/6
f 1062/1709/7 1063/1708/7 1065/1710/7 1064/1711/7
f 1064/1712/8 1065/1713/8 1067/1714/8 1066/1715/8
f 1066/1715/9 1067/1714/9 1069/1716/9 1068/1717/9
f 1068/1718/10 1069/1719/10 1071/1720/10 1070/1721/10
f 1070/1721/11 1071/1720/11 1073/1722/11 1072/1723/11
f 1072/1723/12 1073/1722/12 1075/1724/12 1074/1725/12
f 1074/1725/13 1075/1724/13 1077/1726/13 1076/1727/13
f 1076/1727/14 1077/1726/14 1079/1728/14 1078/1729/14
f 1078/1729/15 1079/1728/15 1081/1730/15 1080/1731/15
f 1080/1731/16 1081/1730/16 1083/1732/16 1082/1733/16
f 1082/1733/17 1083/1732/17 1085/1734/17 1084/1735/17
f 1084/1735/18 1085/1734/18 1087/1736/18 1086/1737/18
f 1086/1737/19 1087/1736/19 1089/1738/19 1088/1739/19
f 1088/1739/20 1089/1738/20 1091/1740/20 1090/1741/20
f 1090/1741/21 1091/1740/21 1093/1742/21 1092/1743/21
f 1092/1743/22 1093/1742/22 1095/1744/22 1094/1745/22
f 1094/1745/23 1095/1744/23 1097/1746/23 1096/1747/23
f 1096/1748/24 1097/1749/24 1099/1750/24 1098/1751/24
f 1098/1751/25 1099/1750/25 1101/1752/25 1100/1753/25
f 1100/1754/26 1101/1755/26 1103/1756/26 1102/1757/26
f 1102/1757/27 1103/1756/27 1105/1758/27 1104/1759/27
f 1104/1759/28 1105/1758/28 1107/1760/28 1106/1761/28
f 1106/1761/29 1107/1760/29 1109/1762/29 1108/1763/29
f 1108/1763/30 1109/1762/30 1111/1764/30 1110/1765/30
f 1053/1766/31 1051/1767/31 1113/1768/31 1111/1769/31 1109/1770/31 1107/1771/31 1105/1772/31 1103/1773/31 1101/1774/31 1099/1775/31 1097/1776/31 1095/1777/31 1093/1778/31 1091/1779/31 1089/1780/31 1087/1781/31 1085/1782/31 1083/1783/31 1081/1784/31 1079/1785/31 1077/1786/31 1075/1787/31 1073/1788/31 1071/1789/31 1069/1790/31 1067/1791/31 1065/1792/31 1063/1793/31 1061/1794/31 1059/1795/31 1057/1796/31 1055/1797/31
f 1112/1798/32 1113/1799/32 1051/1697/32 1050/1696/32
f 1110/1765/33 1111/1764/33 1113/1799/33 1112/1798/33
f 1050/1800/34 1052/1801/34 1054/1802/34 1056/1803/34 1058/1804/34 1060/1805/34 1062/1806/34 1064/1807/34 1066/1808/34 1068/1809/34 1070/1810/34 1072/1811/34 1074/1812/34 1076/1813/34 1078/1814/34 1080/1815/34 1082/1816/34 1084/1817/34 1086/1818/34 1088/1819/34 1090/1820/34 1092/1821/34 1094/1822/34 1096/1823/34 1098/1824/34 1100/1825/34 1102/1826/34 1104/1827/34 1106/1828/34 1108/1829/34 1110/1830/34 1112/1831/34
f 1115/1832/75 1117/1833/75 1116/1834/75 1114/1835/75
f 1117/1836/672 1121/1837/672 1120/1838/672 1116/1839/672
f 1121/1840/77 1119/1841/77 1118/1842/77 1120/1843/77
f 1119/1844/673 1115/1845/673 1114/1846/673 1118/1847/673
f 1114/1848/34 1116/1849/34 1120/1850/34 1118/1851/34
f 1119/1852/31 1121/1853/31 1117/1854/31 1115/1855/31
f 1122/1856/1 1123/1857/1 1125/1858/1 1124/1859/1
f 1124/1859/2 1125/1858/2 1127/1860/2 1126/1861/2
f 1126/1861/3 1127/1860/3 1129/1862/3 1128/1863/3
f 1128/1863/4 1129/1862/4 1131/1864/4 1130/1865/4
f 1130/1865/5 1131/1864/5 1133/1866/5 1132/1867/5
f 1132/1867/6 1133/1866/6 1135/1868/6 1134/1869/6
f 1134/1869/7 1135/1868/7 1137/1870/7 1136/1871/7
f 1136/1872/8 1137/1873/8 1139/1874/8 1138/1875/8
f 1138/1875/9 1139/1874/9 1141/1876/9 1140/1877/9
f 1140/1878/10 1141/1879/10 1143/1880/10 1142/1881/10
f 1142/1881/11 1143/1880/11 1145/1882/11 1144/1883/11
f 1144/1883/12 1145/1882/12 1147/1884/12 1146/1885/12
f 1146/1885/13 1147/1884/13 1149/1886/13 1148/1887/13
f 1148/1887/14 1149/1886/14 1151/1888/14 1150/1889/14
f 1150/1889/15 1151/1888/15 1153/1890/15 1152/1891/15
f 1152/1891/16 1153/1890/16 1155/1892/16 1154/1893/16
f 1154/1893/17 1155/1892/17 1157/1894/17 1156/1895/17
f 1156/1895/18 1157/1894/18 1159/1896/18 1158/1897/18
f 1158/1897/19 1159/1896/19 1161/1898/19 1160/1899/19
f 1160/1899/20 1161/1898/20 1163/1900/20 1162/1901/20
f 1162/1901/21 1163/1900/21 1165/1902/21 1164/1903/21
f 1164/1903/22 1165/1902/22 1167/1904/22 1166/1905/22
f 1166/1905/23 1167/1904/23 1169/1906/23 1168/1907/23
f 1168/1908/24 1169/1909/24 1171/1910/24 1170/1911/24
f 1170/1911/25 1171/1910/25 1173/1912/25 1172/1913/25
f 1172/1914/26 1173/1915/26 1175/1916/26 1174/1917/26
f 1174/1917/27 1175/1916/27 1177/1918/27 1176/1919/27
f 1176/1919/28 1177/1918/28 1179/1920/28 1178/1921/28
f 1178/1921/29 1179/1920/29 1181/1922/29 1180/1923/29
f 1180/1923/30 1181/1922/30 1183/1924/30 1182/1925/30
f 1125/1926/31 1123/1927/31 1185/1928/31 1183/1929/31 1181/1930/31 1179/1931/31 1177/1932/31 1175/1933/31 1173/1934/31 1171/1935/31 1169/1936/31 1167/1937/31 1165/1938/31 1163/1939/31 1161/1940/31 1159/1941/31 1157/1942/31 1155/1943/31 1153/1944/31 1151/1945/31 1149/1946/31 1147/1947/31 1145/1948/31 1143/1949/31 1141/1950/31 1139/1951/31 1137/1952/31 1135/1953/31 1133/1954/31 1131/1955/31 1129/1956/31 1127/1957/31
f 1184/1958/32 1185/1959/32 1123/1857/32 1122/1856/32
f 1182/1925/33 1183/1924/33 1185/1959/33 1184/1958/33
f 1122/1960/34 1124/1961/34 1126/1962/34 1128/1963/34 1130/1964/34 1132/1965/34 1134/1966/34 1136/1967/34 1138/1968/34 1140/1969/34 1142/1970/34 1144/1971/34 1146/1972/34 1148/1973/34 1150/1974/34 1152/1975/34 1154/1976/34 1156/1977/34 1158/1978/34 1160/1979/34 1162/1980/34 1164/1981/34 1166/1982/34 1168/1983/34 1170/1984/34 1172/1985/34 1174/1986/34 1176/1987/34 1178/1988/34 1180/1989/34 1182/1990/34 1184/1991/34
f 1186/1992/1 1187/1993/1 1189/1994/1 1188/1995/1
f 1188/1995/2 1189/1994/2 1191/1996/2 1190/1997/2
f 1190/1997/3 1191/1996/3 1193/1998/3 1192/1999/3
f 1192/1999/4 1193/1998/4 1195/2000/4 1194/2001/4
f 1194/2001/5 1195/2000/5 1197/2002/5 1196/2003/5
f 1196/2003/6 1197/2002/6 1199/2004/6 1198/2005/6
f 1198/2005/7 1199/2004/7 1201/2006/7 1200/2007/7
f 1200/2008/8 1201/2009/8 1203/2010/8 1202/2011/8
f 1202/2011/9 1203/2010/9 1205/2012/9 1204/2013/9
f 1204/2014/10 1205/2015/10 1207/2016/10 1206/2017/10
f 1206/2017/11 1207/2016/11 1209/2018/11 1208/2019/11
f 1208/2019/12 1209/2018/12 1211/2020/12 1210/2021/12
f 1210/2021/13 1211/2020/13 1213/2022/13 1212/2023/13
f 1212/2023/14 1213/2022/14 1215/2024/14 1214/2025/14
f 1214/2025/15 1215/2024/15 1217/2026/15 1216/2027/15
f 1216/2027/16 1217/2026/16 1219/2028/16 1218/2029/16
f 1218/2029/17 1219/2028/17 1221/2030/17 1220/2031/17
f 1220/2031/18 1221/2030/18 1223/2032/18 1222/2033/18
f 1222/2033/19 1223/2032/19 1225/2034/19 1224/2035/19
f 1224/2035/20 1225/2034/20 1227/2036/20 1226/2037/20
f 1226/2037/21 1227/2036/21 1229/2038/21 1228/2039/21
f 1228/2039/22 1229/2038/22 1231/2040/22 1230/2041/22
f 1230/2041/23 1231/2040/23 1233/2042/23 1232/2043/23
f 1232/2044/24 1233/2045/24 1235/2046/24 1234/2047/24
f 1234/2047/25 1235/2046/25 1237/2048/25 1236/2049/25
f 1236/2050/26 1237/2051/26 1239/2052/26 1238/2053/26
f 1238/2053/27 1239/2052/27 1241/2054/27 1240/2055/27
f 1240/2055/28 1241/2054/28 1243/2056/28 1242/2057/28
f 1242/2057/29 1243/2056/29 1245/2058/29 1244/2059/29
f 1244/2059/30 1245/2058/30 1247/2060/30 1246/2061/30
f 1189/2062/31 1187/2063/31 1249/2064/31 1247/2065/31 1245/2066/31 1243/2067/31 1241/2068/31 1239/2069/31 1237/2070/31 1235/2071/31 1233/2072/31 1231/2073/31 1229/2074/31 1227/2075/31 1225/2076/31 1223/2077/31 1221/2078/31 1219/2079/31 1217/2080/31 1215/2081/31 1213/2082/31 1211/2083/31 1209/2084/31 1207/2085/31 1205/2086/31 1203/2087/31 1201/2088/31 1199/2089/31 1197/2090/31 1195/2091/31 1193/2092/31 1191/2093/31
f 1248/2094/32 1249/2095/32 1187/1993/32 1186/1992/32
f 1246/2061/33 1247/2060/33 1249/2095/33 1248/2094/33
f 1186/2096/34 1188/2097/34 1190/2098/34 1192/2099/34 1194/2100/34 1196/2101/34 1198/2102/34 1200/2103/34 1202/2104/34 1204/2105/34 1206/2106/34 1208/2107/34 1210/2108/34 1212/2109/34 1214/2110/34 1216/2111/34 1218/2112/34 1220/2113/34 1222/2114/34 1224/2115/34 1226/2116/34 1228/2117/34 1230/2118/34 1232/2119/34 1234/2120/34 1236/2121/34 1238/2122/34 1240/2123/34 1242/2124/34 1244/2125/34 1246/2126/34 1248/2127/34
f 1250/2128/1 1251/2129/1 1253/2130/1 1252/2131/1
f 1252/2131/2 1253/2130/2 1255/2132/2 1254/2133/2
f 1254/2133/3 1255/2132/3 1257/2134/3 1256/2135/3
f 1256/2135/4 1257/2134/4 1259/2136/4 1258/2137/4
f 1258/2137/5 1259/2136/5 1261/2138/5 1260/2139/5
f 1260/2139/6 1261/2138/6 1263/2140/6 1262/2141/6
f 1262/2141/7 1263/2140/7 1265/2142/7 1264/2143/7
f 1264/2144/8 1265/2145/8 1267/2146/8 1266/2147/8
f 1266/2147/9 1267/2146/9 1269/2148/9 1268/2149/9
f 1268/2150/10 1269/2151/10 1271/2152/10 1270/2153/10
f 1270/2153/11 1271/2152/11 1273/2154/11 1272/2155/11
f 1272/2155/12 1273/2154/12 1275/2156/12 1274/2157/12
f 1274/2157/13 1275/2156/13 1277/2158/13 1276/2159/13
f 1276/2159/14 1277/2158/14 1279/2160/14 1278/2161/14
f 1278/2161/15 1279/2160/15 1281/2162/15 1280/2163/15
f 1280/2163/16 1281/2162/16 1283/2164/16 1282/2165/16
f 1282/2165/17 1283/2164/17 1285/2166/17 1284/2167/17
f 1284/2167/18 1285/2166/18 1287/2168/18 1286/2169/18
f 1286/2169/19 1287/2168/19 1289/2170/19 1288/2171/19
f 1288/2171/20 1289/2170/20 1291/2172/20 1290/2173/20
f 1290/2173/21 1291/2172/21 1293/2174/21 1292/2175/21
f 1292/2175/22 1293/2174/22 1295/2176/22 1294/2177/22
f 1294/2177/23 1295/2176/23 1297/2178/23 1296/2179/23
f 1296/2180/24 1297/2181/24 1299/2182/24 1298/2183/24
f 1298/2183/25 1299/2182/25 1301/2184/25 1300/2185/25
f 1300/2186/26 1301/2187/26 1303/2188/26 1302/2189/26
f 1302/2189/27 1303/2188/27 1305/2190/27 1304/2191/27
f 1304/2191/28 1305/2190/28 1307/2192/28 1306/2193/28
f 1306/2193/29 1307/2192/29 1309/2194/29 1308/2195/29
f 1308/2195/30 1309/2194/30 1311/2196/30 1310/2197/30
f 1253/2198/31 1251/2199/31 1313/2200/31 1311/2201/31 1309/2202/31 1307/2203/31 1305/2204/31 1303/2205/31 1301/2206/31 1299/2207/31 1297/2208/31 1295/2209/31 1293/2210/31 1291/2211/31 1289/2212/31 1287/2213/31 1285/2214/31 1283/2215/31 1281/2216/31 1279/2217/31 1277/2218/31 1275/2219/31 1273/2220/31 1271/2221/31 1269/2222/31 1267/2223/31 1265/2224/31 1263/2225/31 1261/2226/31 1259/2227/31 1257/2228/31 1255/2229/31
f 1312/2230/32 1313/2231/32 1251/2129/32 1250/2128/32
f 1310/2197/33 1311/2196/33 1313/2231/33 1312/2230/33
f 1250/2232/34 1252/2233/34 1254/2234/34 1256/2235/34 1258/2236/34 1260/2237/34 1262/2238/34 1264/2239/34 1266/2240/34 1268/2241/34 1270/2242/34 1272/2243/34 1274/2244/34 1276/2245/34 1278/2246/34 1280/2247/34 1282/2248/34 1284/2249/34 1286/2250/34 1288/2251/34 1290/2252/34 1292/2253/34 1294/2254/34 1296/2255/34 1298/2256/34 1300/2257/34 1302/2258/34 1304/2259/34 1306/2260/34 1308/2261/34 1310/2262/34 1312/2263/34
