# Blender v2.75 (sub 0) OBJ File: 'plaza.blend'
# www.blender.org
mtllib farol_adorno.mtl
o NurbsPath.011
v 0.229766 0.988523 -4.558479
v 0.228017 0.989573 -4.555671
v 0.228017 0.989573 -4.552201
v 0.229766 0.988523 -4.549393
v 0.232596 0.986824 -4.548321
v 0.235426 0.985126 -4.549393
v 0.237175 0.984076 -4.552201
v 0.237175 0.984076 -4.555671
v 0.235426 0.985126 -4.558479
v 0.232596 0.986824 -4.559551
v 0.234084 0.996705 -4.558479
v 0.232236 0.997568 -4.555671
v 0.232236 0.997568 -4.552201
v 0.234084 0.996705 -4.549393
v 0.237074 0.995308 -4.548321
v 0.240065 0.993911 -4.549393
v 0.241913 0.993048 -4.552201
v 0.241913 0.993048 -4.555671
v 0.240065 0.993911 -4.558479
v 0.237074 0.995308 -4.559551
v 0.237544 1.005166 -4.558479
v 0.235628 1.005864 -4.555671
v 0.235628 1.005864 -4.552201
v 0.237544 1.005166 -4.549393
v 0.240645 1.004036 -4.548321
v 0.243747 1.002906 -4.549393
v 0.245663 1.002208 -4.552201
v 0.245663 1.002208 -4.555671
v 0.243747 1.002906 -4.558479
v 0.240645 1.004036 -4.559551
v 0.240317 1.013815 -4.558479
v 0.238357 1.014380 -4.555671
v 0.238357 1.014380 -4.552201
v 0.240317 1.013815 -4.549393
v 0.243489 1.012901 -4.548321
v 0.246660 1.011987 -4.549393
v 0.248620 1.011422 -4.552201
v 0.248620 1.011422 -4.555671
v 0.246660 1.011987 -4.558479
v 0.243489 1.012901 -4.559551
v 0.242555 1.022552 -4.558479
v 0.240569 1.023016 -4.555671
v 0.240569 1.023016 -4.552201
v 0.242555 1.022552 -4.549393
v 0.245769 1.021801 -4.548321
v 0.248983 1.021050 -4.549393
v 0.250970 1.020586 -4.552201
v 0.250970 1.020586 -4.555671
v 0.248983 1.021050 -4.558479
v 0.245769 1.021801 -4.559551
v 0.244398 1.031283 -4.558479
v 0.242397 1.031677 -4.555671
v 0.242397 1.031677 -4.552201
v 0.244398 1.031283 -4.549393
v 0.247637 1.030646 -4.548321
v 0.250875 1.030008 -4.549393
v 0.252877 1.029614 -4.552201
v 0.252877 1.029614 -4.555671
v 0.250875 1.030008 -4.558479
v 0.247637 1.030646 -4.559551
v 0.245977 1.039923 -4.558479
v 0.243968 1.040276 -4.555671
v 0.243968 1.040276 -4.552201
v 0.245977 1.039923 -4.549393
v 0.249228 1.039351 -4.548321
v 0.252478 1.038779 -4.549393
v 0.254487 1.038426 -4.552201
v 0.254487 1.038426 -4.555671
v 0.252478 1.038779 -4.558479
v 0.249228 1.039351 -4.559551
v 0.247408 1.048392 -4.558479
v 0.245397 1.048732 -4.555671
v 0.245397 1.048732 -4.552201
v 0.247408 1.048392 -4.549393
v 0.250663 1.047842 -4.548321
v 0.253917 1.047293 -4.549393
v 0.255929 1.046953 -4.552201
v 0.255929 1.046953 -4.555671
v 0.253917 1.047293 -4.558479
v 0.250663 1.047842 -4.559551
v 0.248797 1.056623 -4.558479
v 0.246788 1.056975 -4.555671
v 0.246788 1.056975 -4.552201
v 0.248797 1.056623 -4.549393
v 0.252048 1.056053 -4.548321
v 0.255300 1.055484 -4.549393
v 0.257309 1.055132 -4.552201
v 0.257309 1.055132 -4.555671
v 0.255300 1.055484 -4.558479
v 0.252048 1.056053 -4.559551
v 0.250237 1.064555 -4.558479
v 0.248235 1.064944 -4.555671
v 0.248235 1.064944 -4.552201
v 0.250237 1.064555 -4.549393
v 0.253477 1.063926 -4.548321
v 0.256717 1.063296 -4.549393
v 0.258720 1.062908 -4.552201
v 0.258720 1.062908 -4.555671
v 0.256717 1.063296 -4.558479
v 0.253477 1.063926 -4.559551
v 0.251807 1.072138 -4.558479
v 0.249817 1.072588 -4.555671
v 0.249817 1.072588 -4.552201
v 0.251807 1.072138 -4.549393
v 0.255026 1.071410 -4.548321
v 0.258245 1.070682 -4.549393
v 0.260235 1.070232 -4.552201
v 0.260235 1.070232 -4.555671
v 0.258245 1.070682 -4.558479
v 0.255026 1.071410 -4.559551
v 0.253573 1.079329 -4.558479
v 0.251604 1.079864 -4.555671
v 0.251604 1.079864 -4.552201
v 0.253573 1.079329 -4.549393
v 0.256758 1.078465 -4.548321
v 0.259943 1.077600 -4.549393
v 0.261912 1.077065 -4.552201
v 0.261912 1.077065 -4.555671
v 0.259943 1.077600 -4.558479
v 0.256758 1.078465 -4.559551
v 0.255588 1.086095 -4.558479
v 0.253652 1.086736 -4.555671
v 0.253652 1.086736 -4.552201
v 0.255588 1.086095 -4.549393
v 0.258722 1.085057 -4.548321
v 0.261855 1.084020 -4.549393
v 0.263792 1.083379 -4.552201
v 0.263792 1.083379 -4.555671
v 0.261855 1.084020 -4.558479
v 0.258722 1.085057 -4.559551
v 0.257892 1.092406 -4.558479
v 0.256003 1.093173 -4.555671
v 0.256003 1.093173 -4.552201
v 0.257892 1.092406 -4.549393
v 0.260951 1.091164 -4.548321
v 0.264009 1.089922 -4.549393
v 0.265899 1.089154 -4.552201
v 0.265899 1.089154 -4.555671
v 0.264009 1.089922 -4.558479
v 0.260951 1.091164 -4.559551
v 0.260509 1.098239 -4.558479
v 0.258684 1.099149 -4.555671
v 0.258684 1.099149 -4.552201
v 0.260509 1.098239 -4.549393
v 0.263464 1.096768 -4.548321
v 0.266418 1.095296 -4.549393
v 0.268244 1.094386 -4.552201
v 0.268244 1.094386 -4.555671
v 0.266418 1.095296 -4.558479
v 0.263464 1.096768 -4.559551
v 0.263447 1.103579 -4.558479
v 0.261705 1.104641 -4.555671
v 0.261705 1.104641 -4.552201
v 0.263447 1.103579 -4.549393
v 0.266266 1.101862 -4.548321
v 0.269084 1.100144 -4.549393
v 0.270826 1.099083 -4.552201
v 0.270826 1.099083 -4.555671
v 0.269084 1.100144 -4.558479
v 0.266266 1.101862 -4.559551
v 0.266696 1.108413 -4.558479
v 0.265057 1.109628 -4.555671
v 0.265057 1.109628 -4.552201
v 0.266696 1.108413 -4.549393
v 0.269347 1.106447 -4.548321
v 0.271998 1.104481 -4.549393
v 0.273636 1.103265 -4.552201
v 0.273636 1.103265 -4.555671
v 0.271998 1.104481 -4.558479
v 0.269347 1.106447 -4.559551
v 0.270226 1.112737 -4.558479
v 0.268708 1.114099 -4.555671
v 0.268708 1.114099 -4.552201
v 0.270226 1.112737 -4.549393
v 0.272682 1.110532 -4.548321
v 0.275139 1.108328 -4.549393
v 0.276657 1.106965 -4.552201
v 0.276657 1.106965 -4.555671
v 0.275139 1.108328 -4.558479
v 0.272682 1.110532 -4.559551
v 0.273992 1.116558 -4.558479
v 0.272606 1.118055 -4.555671
v 0.272606 1.118055 -4.552201
v 0.273992 1.116558 -4.549393
v 0.276234 1.114136 -4.548321
v 0.278476 1.111714 -4.549393
v 0.279862 1.110217 -4.552201
v 0.279862 1.110217 -4.555671
v 0.278476 1.111714 -4.558479
v 0.276234 1.114136 -4.559551
v 0.277943 1.119893 -4.558479
v 0.276698 1.121509 -4.555671
v 0.276698 1.121509 -4.552201
v 0.277943 1.119893 -4.549393
v 0.279957 1.117279 -4.548321
v 0.281972 1.114664 -4.549393
v 0.283217 1.113048 -4.552201
v 0.283217 1.113048 -4.555671
v 0.281972 1.114664 -4.558479
v 0.279957 1.117279 -4.559551
v 0.282033 1.122764 -4.558479
v 0.280935 1.124483 -4.555671
v 0.280935 1.124483 -4.552201
v 0.282033 1.122764 -4.549393
v 0.283810 1.119982 -4.548321
v 0.285588 1.117201 -4.549393
v 0.286686 1.115482 -4.552201
v 0.286686 1.115482 -4.555671
v 0.285588 1.117201 -4.558479
v 0.283810 1.119982 -4.559551
v 0.286220 1.125191 -4.558479
v 0.285272 1.126997 -4.555671
v 0.285272 1.126997 -4.552201
v 0.286220 1.125191 -4.549393
v 0.287754 1.122268 -4.548321
v 0.289288 1.119345 -4.549393
v 0.290235 1.117539 -4.552201
v 0.290235 1.117539 -4.555671
v 0.289288 1.119345 -4.558479
v 0.287754 1.122268 -4.559551
v 0.290465 1.127195 -4.558479
v 0.289669 1.129074 -4.555671
v 0.289669 1.129074 -4.552201
v 0.290465 1.127195 -4.549393
v 0.291751 1.124156 -4.548321
v 0.293038 1.121116 -4.549393
v 0.293833 1.119238 -4.552201
v 0.293833 1.119238 -4.555671
v 0.293038 1.121116 -4.558479
v 0.291751 1.124156 -4.559551
v 0.294731 1.128800 -4.558479
v 0.294089 1.130736 -4.555671
v 0.294089 1.130736 -4.552201
v 0.294731 1.128800 -4.549393
v 0.295769 1.125667 -4.548321
v 0.296807 1.122533 -4.549393
v 0.297449 1.120597 -4.552201
v 0.297449 1.120597 -4.555671
v 0.296807 1.122533 -4.558479
v 0.295769 1.125667 -4.559551
v 0.298987 1.130025 -4.558479
v 0.298500 1.132005 -4.555671
v 0.298500 1.132005 -4.552201
v 0.298987 1.130025 -4.549393
v 0.299776 1.126820 -4.548321
v 0.300565 1.123615 -4.549393
v 0.301053 1.121634 -4.552201
v 0.301053 1.121634 -4.555671
v 0.300565 1.123615 -4.558479
v 0.299776 1.126820 -4.559551
v 0.303205 1.130891 -4.558479
v 0.302871 1.132904 -4.555671
v 0.302871 1.132904 -4.552201
v 0.303205 1.130891 -4.549393
v 0.303745 1.127635 -4.548321
v 0.304286 1.124379 -4.549393
v 0.304620 1.122367 -4.552201
v 0.304620 1.122367 -4.555671
v 0.304286 1.124379 -4.558479
v 0.303745 1.127635 -4.559551
v 0.307358 1.131419 -4.558479
v 0.307177 1.133451 -4.555671
v 0.307177 1.133451 -4.552201
v 0.307358 1.131419 -4.549393
v 0.307651 1.128132 -4.548321
v 0.307944 1.124844 -4.549393
v 0.308125 1.122812 -4.552201
v 0.308125 1.122812 -4.555671
v 0.307944 1.124844 -4.558479
v 0.307651 1.128132 -4.559551
v 0.311424 1.131628 -4.558479
v 0.311395 1.133668 -4.555671
v 0.311395 1.133668 -4.552201
v 0.311424 1.131628 -4.549393
v 0.311471 1.128328 -4.548321
v 0.311518 1.125028 -4.549393
v 0.311547 1.122988 -4.552201
v 0.311547 1.122988 -4.555671
v 0.311518 1.125028 -4.558479
v 0.311471 1.128328 -4.559551
v 0.315384 1.131537 -4.558479
v 0.315506 1.133573 -4.555671
v 0.315506 1.133573 -4.552201
v 0.315384 1.131537 -4.549393
v 0.315186 1.128242 -4.548321
v 0.314988 1.124948 -4.549393
v 0.314866 1.122912 -4.552201
v 0.314866 1.122912 -4.555671
v 0.314988 1.124948 -4.558479
v 0.315186 1.128242 -4.559551
v 0.319220 1.131164 -4.558479
v 0.319492 1.133186 -4.555671
v 0.319492 1.133186 -4.552201
v 0.319220 1.131164 -4.549393
v 0.318780 1.127893 -4.548321
v 0.318339 1.124622 -4.549393
v 0.318067 1.122600 -4.552201
v 0.318067 1.122600 -4.555671
v 0.318339 1.124622 -4.558479
v 0.318780 1.127893 -4.559551
v 0.322917 1.130527 -4.558479
v 0.323337 1.132523 -4.555671
v 0.323337 1.132523 -4.552201
v 0.322917 1.130527 -4.549393
v 0.322238 1.127297 -4.548321
v 0.321558 1.124067 -4.549393
v 0.321139 1.122071 -4.552201
v 0.321139 1.122071 -4.555671
v 0.321558 1.124067 -4.558479
v 0.322238 1.127297 -4.559551
v 0.326465 1.129644 -4.558479
v 0.327030 1.131604 -4.555671
v 0.327030 1.131604 -4.552201
v 0.326465 1.129644 -4.549393
v 0.325550 1.126472 -4.548321
v 0.324636 1.123301 -4.549393
v 0.324071 1.121341 -4.552201
v 0.324071 1.121341 -4.555671
v 0.324636 1.123301 -4.558479
v 0.325550 1.126472 -4.559551
v 0.329852 1.128531 -4.558479
v 0.330559 1.130444 -4.555671
v 0.330559 1.130444 -4.552201
v 0.329852 1.128531 -4.549393
v 0.328709 1.125435 -4.548321
v 0.327565 1.122339 -4.549393
v 0.326858 1.120425 -4.552201
v 0.326858 1.120425 -4.555671
v 0.327565 1.122339 -4.558479
v 0.328709 1.125435 -4.559551
v 0.333072 1.127206 -4.558479
v 0.333916 1.129064 -4.555671
v 0.333916 1.129064 -4.552201
v 0.333072 1.127206 -4.549393
v 0.331708 1.124201 -4.548321
v 0.330343 1.121196 -4.549393
v 0.329500 1.119338 -4.552201
v 0.329500 1.119338 -4.555671
v 0.330343 1.121196 -4.558479
v 0.331708 1.124201 -4.559551
v 0.336120 1.125688 -4.558479
v 0.337094 1.127480 -4.555671
v 0.337094 1.127480 -4.552201
v 0.336120 1.125688 -4.549393
v 0.334545 1.122787 -4.548321
v 0.332970 1.119887 -4.549393
v 0.331996 1.118094 -4.552201
v 0.331996 1.118094 -4.555671
v 0.332970 1.119887 -4.558479
v 0.334545 1.122787 -4.559551
v 0.338995 1.123993 -4.558479
v 0.340091 1.125713 -4.555671
v 0.340091 1.125713 -4.552201
v 0.338995 1.123993 -4.549393
v 0.337222 1.121209 -4.548321
v 0.335448 1.118425 -4.549393
v 0.334352 1.116705 -4.552201
v 0.334352 1.116705 -4.555671
v 0.335448 1.118425 -4.558479
v 0.337222 1.121209 -4.559551
v 0.341696 1.122138 -4.558479
v 0.342906 1.123781 -4.555671
v 0.342906 1.123781 -4.552201
v 0.341696 1.122138 -4.549393
v 0.339739 1.119481 -4.548321
v 0.337781 1.116824 -4.549393
v 0.336571 1.115181 -4.552201
v 0.336571 1.115181 -4.555671
v 0.337781 1.116824 -4.558479
v 0.339739 1.119481 -4.559551
v 0.344226 1.120141 -4.558479
v 0.345541 1.121701 -4.555671
v 0.345541 1.121701 -4.552201
v 0.344226 1.120141 -4.549393
v 0.342097 1.117619 -4.548321
v 0.339969 1.115096 -4.549393
v 0.338654 1.113537 -4.552201
v 0.338654 1.113537 -4.555671
v 0.339969 1.115096 -4.558479
v 0.342097 1.117619 -4.559551
v 0.346584 1.118018 -4.558479
v 0.347996 1.119489 -4.555671
v 0.347996 1.119489 -4.552201
v 0.346584 1.118018 -4.549393
v 0.344298 1.115636 -4.548321
v 0.342013 1.113254 -4.549393
v 0.340601 1.111783 -4.552201
v 0.340601 1.111783 -4.555671
v 0.342013 1.113254 -4.558479
v 0.344298 1.115636 -4.559551
v 0.348771 1.115782 -4.558479
v 0.350273 1.117163 -4.555671
v 0.350273 1.117163 -4.552201
v 0.348771 1.115782 -4.549393
v 0.346342 1.113547 -4.548321
v 0.343913 1.111313 -4.549393
v 0.342412 1.109931 -4.552201
v 0.342412 1.109931 -4.555671
v 0.343913 1.111313 -4.558479
v 0.346342 1.113547 -4.559551
v 0.350789 1.113448 -4.558479
v 0.352372 1.114735 -4.555671
v 0.352372 1.114735 -4.552201
v 0.350789 1.113448 -4.549393
v 0.348228 1.111366 -4.548321
v 0.345668 1.109283 -4.549393
v 0.344085 1.107996 -4.552201
v 0.344085 1.107996 -4.555671
v 0.345668 1.109283 -4.558479
v 0.348228 1.111366 -4.559551
v 0.352637 1.111030 -4.558479
v 0.354294 1.112219 -4.555671
v 0.354294 1.112219 -4.552201
v 0.352637 1.111030 -4.549393
v 0.349956 1.109104 -4.548321
v 0.347275 1.107179 -4.549393
v 0.345618 1.105990 -4.552201
v 0.345618 1.105990 -4.555671
v 0.347275 1.107179 -4.558479
v 0.349956 1.109104 -4.559551
v 0.354316 1.108539 -4.558479
v 0.356040 1.109628 -4.555671
v 0.356040 1.109628 -4.552201
v 0.354316 1.108539 -4.549393
v 0.351525 1.106777 -4.548321
v 0.348734 1.105014 -4.549393
v 0.347009 1.103925 -4.552201
v 0.347009 1.103925 -4.555671
v 0.348734 1.105014 -4.558479
v 0.351525 1.106777 -4.559551
v 0.355823 1.105988 -4.558479
v 0.357609 1.106972 -4.555671
v 0.357609 1.106972 -4.552201
v 0.355823 1.105988 -4.549393
v 0.352932 1.104394 -4.548321
v 0.350042 1.102801 -4.549393
v 0.348255 1.101816 -4.552201
v 0.348255 1.101816 -4.555671
v 0.350042 1.102801 -4.558479
v 0.352932 1.104394 -4.559551
v 0.357157 1.103387 -4.558479
v 0.358999 1.104263 -4.555671
v 0.358999 1.104263 -4.552201
v 0.357157 1.103387 -4.549393
v 0.354176 1.101969 -4.548321
v 0.351195 1.100552 -4.549393
v 0.349353 1.099676 -4.552201
v 0.349353 1.099676 -4.555671
v 0.351195 1.100552 -4.558479
v 0.354176 1.101969 -4.559551
v 0.358316 1.100747 -4.558479
v 0.360208 1.101508 -4.555671
v 0.360208 1.101508 -4.552201
v 0.358316 1.100747 -4.549393
v 0.355254 1.099514 -4.548321
v 0.352192 1.098281 -4.549393
v 0.350300 1.097519 -4.552201
v 0.350300 1.097519 -4.555671
v 0.352192 1.098281 -4.558479
v 0.355254 1.099514 -4.559551
v 0.359296 1.098076 -4.558479
v 0.361232 1.098718 -4.555671
v 0.361232 1.098718 -4.552201
v 0.359296 1.098076 -4.549393
v 0.356163 1.097038 -4.548321
v 0.353030 1.096000 -4.549393
v 0.351093 1.095359 -4.552201
v 0.351093 1.095359 -4.555671
v 0.353030 1.096000 -4.558479
v 0.356163 1.097038 -4.559551
v 0.360093 1.095385 -4.558479
v 0.362067 1.095899 -4.555671
v 0.362067 1.095899 -4.552201
v 0.360093 1.095385 -4.549393
v 0.356899 1.094554 -4.548321
v 0.353705 1.093722 -4.549393
v 0.351731 1.093208 -4.552201
v 0.351731 1.093208 -4.555671
v 0.353705 1.093722 -4.558479
v 0.356899 1.094554 -4.559551
v 0.360701 1.092682 -4.558479
v 0.362706 1.093061 -4.555671
v 0.362706 1.093061 -4.552201
v 0.360701 1.092682 -4.549393
v 0.357458 1.092070 -4.548321
v 0.354214 1.091459 -4.549393
v 0.352210 1.091080 -4.552201
v 0.352210 1.091080 -4.555671
v 0.354214 1.091459 -4.558479
v 0.357458 1.092070 -4.559551
v 0.361114 1.089976 -4.558479
v 0.363141 1.090209 -4.555671
v 0.363141 1.090209 -4.552201
v 0.361114 1.089976 -4.549393
v 0.357835 1.089598 -4.548321
v 0.354556 1.089221 -4.549393
v 0.352530 1.088988 -4.552201
v 0.352530 1.088988 -4.555671
v 0.354556 1.089221 -4.558479
v 0.357835 1.089598 -4.559551
v 0.361324 1.087274 -4.558479
v 0.363363 1.087353 -4.555671
v 0.363363 1.087353 -4.552201
v 0.361324 1.087274 -4.549393
v 0.358026 1.087147 -4.548321
v 0.354728 1.087020 -4.549393
v 0.352690 1.086941 -4.552201
v 0.352690 1.086941 -4.555671
v 0.354728 1.087020 -4.558479
v 0.358026 1.087147 -4.559551
v 0.361322 1.084587 -4.558479
v 0.363361 1.084501 -4.555671
v 0.363361 1.084501 -4.552201
v 0.361322 1.084587 -4.549393
v 0.358025 1.084725 -4.548321
v 0.354727 1.084864 -4.549393
v 0.352689 1.084950 -4.552201
v 0.352689 1.084950 -4.555671
v 0.354727 1.084864 -4.558479
v 0.358025 1.084725 -4.559551
v 0.361099 1.081923 -4.558479
v 0.363122 1.081665 -4.555671
v 0.363122 1.081665 -4.552201
v 0.361099 1.081923 -4.549393
v 0.357825 1.082342 -4.548321
v 0.354551 1.082761 -4.549393
v 0.352528 1.083020 -4.552201
v 0.352528 1.083020 -4.555671
v 0.354551 1.082761 -4.558479
v 0.357825 1.082342 -4.559551
v 0.360646 1.079298 -4.558479
v 0.362638 1.078861 -4.555671
v 0.362638 1.078861 -4.552201
v 0.360646 1.079298 -4.549393
v 0.357422 1.080006 -4.548321
v 0.354198 1.080714 -4.549393
v 0.352206 1.081151 -4.552201
v 0.352206 1.081151 -4.555671
v 0.354198 1.080714 -4.558479
v 0.357422 1.080006 -4.559551
v 0.359958 1.076726 -4.558479
v 0.361902 1.076109 -4.555671
v 0.361902 1.076109 -4.552201
v 0.359958 1.076726 -4.549393
v 0.356812 1.077725 -4.548321
v 0.353666 1.078724 -4.549393
v 0.351722 1.079341 -4.552201
v 0.351722 1.079341 -4.555671
v 0.353666 1.078724 -4.558479
v 0.356812 1.077725 -4.559551
v 0.359033 1.074222 -4.558479
v 0.360912 1.073428 -4.555671
v 0.360912 1.073428 -4.552201
v 0.359033 1.074222 -4.549393
v 0.355993 1.075507 -4.548321
v 0.352953 1.076792 -4.549393
v 0.351074 1.077586 -4.552201
v 0.351074 1.077586 -4.555671
v 0.352953 1.076792 -4.558479
v 0.355993 1.075507 -4.559551
v 0.357875 1.071801 -4.558479
v 0.359674 1.070838 -4.555671
v 0.359674 1.070838 -4.552201
v 0.357875 1.071801 -4.549393
v 0.354966 1.073359 -4.548321
v 0.352056 1.074918 -4.549393
v 0.350258 1.075881 -4.552201
v 0.350258 1.075881 -4.555671
v 0.352056 1.074918 -4.558479
v 0.354966 1.073359 -4.559551
v 0.356490 1.069476 -4.558479
v 0.358195 1.068355 -4.555671
v 0.358195 1.068355 -4.552201
v 0.356490 1.069476 -4.549393
v 0.353733 1.071290 -4.548321
v 0.350975 1.073103 -4.549393
v 0.349271 1.074224 -4.552201
v 0.349271 1.074224 -4.555671
v 0.350975 1.073103 -4.558479
v 0.353733 1.071290 -4.559551
v 0.354887 1.067259 -4.558479
v 0.356487 1.065994 -4.555671
v 0.356487 1.065994 -4.552201
v 0.354887 1.067259 -4.549393
v 0.352297 1.069305 -4.548321
v 0.349708 1.071352 -4.549393
v 0.348107 1.072617 -4.552201
v 0.348107 1.072617 -4.555671
v 0.349708 1.071352 -4.558479
v 0.352297 1.069305 -4.559551
v 0.353076 1.065158 -4.558479
v 0.354566 1.063764 -4.555671
v 0.354566 1.063764 -4.552201
v 0.353076 1.065158 -4.549393
v 0.350666 1.067413 -4.548321
v 0.348255 1.069667 -4.549393
v 0.346766 1.071061 -4.552201
v 0.346766 1.071061 -4.555671
v 0.348255 1.069667 -4.558479
v 0.350666 1.067413 -4.559551
v 0.351071 1.063181 -4.558479
v 0.352446 1.061675 -4.555671
v 0.352446 1.061675 -4.552201
v 0.351071 1.063181 -4.549393
v 0.348846 1.065619 -4.548321
v 0.346621 1.068056 -4.549393
v 0.345245 1.069563 -4.552201
v 0.345245 1.069563 -4.555671
v 0.346621 1.068056 -4.558479
v 0.348846 1.065619 -4.559551
v 0.348885 1.061334 -4.558479
v 0.350145 1.059729 -4.555671
v 0.350145 1.059729 -4.552201
v 0.348885 1.061334 -4.549393
v 0.346847 1.063930 -4.548321
v 0.344809 1.066526 -4.549393
v 0.343549 1.068131 -4.552201
v 0.343549 1.068131 -4.555671
v 0.344809 1.066526 -4.558479
v 0.346847 1.063930 -4.559551
v 0.346534 1.059620 -4.558479
v 0.347678 1.057932 -4.555671
v 0.347678 1.057932 -4.552201
v 0.346534 1.059620 -4.549393
v 0.344682 1.062352 -4.548321
v 0.342829 1.065084 -4.549393
v 0.341685 1.066773 -4.552201
v 0.341685 1.066773 -4.555671
v 0.342829 1.065084 -4.558479
v 0.344682 1.062352 -4.559551
v 0.344032 1.058044 -4.558479
v 0.345063 1.056285 -4.555671
v 0.345063 1.056285 -4.552201
v 0.344032 1.058044 -4.549393
v 0.342362 1.060892 -4.548321
v 0.340693 1.063739 -4.549393
v 0.339661 1.065499 -4.552201
v 0.339661 1.065499 -4.555671
v 0.340693 1.063739 -4.558479
v 0.342362 1.060892 -4.559551
v 0.341395 1.056609 -4.558479
v 0.342316 1.054789 -4.555671
v 0.342316 1.054789 -4.552201
v 0.341395 1.056609 -4.549393
v 0.339905 1.059554 -4.548321
v 0.338414 1.062499 -4.549393
v 0.337493 1.064319 -4.552201
v 0.337493 1.064319 -4.555671
v 0.338414 1.062499 -4.558479
v 0.339905 1.059554 -4.559551
v 0.338643 1.055318 -4.558479
v 0.339456 1.053447 -4.555671
v 0.339456 1.053447 -4.552201
v 0.338643 1.055318 -4.549393
v 0.337326 1.058344 -4.548321
v 0.336010 1.061371 -4.549393
v 0.335196 1.063242 -4.552201
v 0.335196 1.063242 -4.555671
v 0.336010 1.061371 -4.558479
v 0.337326 1.058344 -4.559551
v 0.335792 1.054173 -4.558479
v 0.336500 1.052260 -4.555671
v 0.336500 1.052260 -4.552201
v 0.335792 1.054173 -4.549393
v 0.334646 1.057268 -4.548321
v 0.333499 1.060363 -4.549393
v 0.332791 1.062276 -4.552201
v 0.332791 1.062276 -4.555671
v 0.333499 1.060363 -4.558479
v 0.334646 1.057268 -4.559551
v 0.332864 1.053178 -4.558479
v 0.333469 1.051230 -4.555671
v 0.333469 1.051230 -4.552201
v 0.332864 1.053178 -4.549393
v 0.331884 1.056330 -4.548321
v 0.330905 1.059482 -4.549393
v 0.330300 1.061430 -4.552201
v 0.330300 1.061430 -4.555671
v 0.330905 1.059482 -4.558479
v 0.331884 1.056330 -4.559551
v 0.329879 1.052336 -4.558479
v 0.330382 1.050359 -4.555671
v 0.330382 1.050359 -4.552201
v 0.329879 1.052336 -4.549393
v 0.329065 1.055535 -4.548321
v 0.328251 1.058734 -4.549393
v 0.327748 1.060710 -4.552201
v 0.327748 1.060710 -4.555671
v 0.328251 1.058734 -4.558479
v 0.329065 1.055535 -4.559551
v 0.326861 1.051651 -4.558479
v 0.327261 1.049650 -4.555671
v 0.327261 1.049650 -4.552201
v 0.326861 1.051651 -4.549393
v 0.326212 1.054887 -4.548321
v 0.325564 1.058123 -4.549393
v 0.325164 1.060123 -4.552201
v 0.325164 1.060123 -4.555671
v 0.325564 1.058123 -4.558479
v 0.326212 1.054887 -4.559551
v 0.323831 1.051124 -4.558479
v 0.324128 1.049106 -4.555671
v 0.324128 1.049106 -4.552201
v 0.323831 1.051124 -4.549393
v 0.323351 1.054390 -4.548321
v 0.322871 1.057655 -4.549393
v 0.322574 1.059674 -4.552201
v 0.322574 1.059674 -4.555671
v 0.322871 1.057655 -4.558479
v 0.323351 1.054390 -4.559551
v 0.320813 1.050761 -4.558479
v 0.321003 1.048730 -4.555671
v 0.321003 1.048730 -4.552201
v 0.320813 1.050761 -4.549393
v 0.320505 1.054047 -4.548321
v 0.320197 1.057333 -4.549393
v 0.320007 1.059364 -4.552201
v 0.320007 1.059364 -4.555671
v 0.320197 1.057333 -4.558479
v 0.320505 1.054047 -4.559551
v 0.317825 1.050561 -4.558479
v 0.317905 1.048522 -4.555671
v 0.317905 1.048522 -4.552201
v 0.317825 1.050561 -4.549393
v 0.317695 1.053859 -4.548321
v 0.317565 1.057157 -4.549393
v 0.317485 1.059195 -4.552201
v 0.317485 1.059195 -4.555671
v 0.317565 1.057157 -4.558479
v 0.317695 1.053859 -4.559551
v 0.314885 1.050526 -4.558479
v 0.314851 1.048486 -4.555671
v 0.314851 1.048486 -4.552201
v 0.314885 1.050526 -4.549393
v 0.314942 1.053826 -4.548321
v 0.314998 1.057126 -4.549393
v 0.315032 1.059166 -4.552201
v 0.315032 1.059166 -4.555671
v 0.314998 1.057126 -4.558479
v 0.314942 1.053826 -4.559551
v 0.312012 1.050658 -4.558479
v 0.311858 1.048624 -4.555671
v 0.311858 1.048624 -4.552201
v 0.312012 1.050658 -4.549393
v 0.312263 1.053949 -4.548321
v 0.312514 1.057240 -4.549393
v 0.312669 1.059274 -4.552201
v 0.312669 1.059274 -4.555671
v 0.312514 1.057240 -4.558479
v 0.312263 1.053949 -4.559551
v 0.309222 1.050956 -4.558479
v 0.308940 1.048935 -4.555671
v 0.308940 1.048935 -4.552201
v 0.309222 1.050956 -4.549393
v 0.309677 1.054225 -4.548321
v 0.310132 1.057494 -4.549393
v 0.310413 1.059514 -4.552201
v 0.310413 1.059514 -4.555671
v 0.310132 1.057494 -4.558479
v 0.309677 1.054225 -4.559551
v 0.306528 1.051419 -4.558479
v 0.306114 1.049422 -4.555671
v 0.306114 1.049422 -4.552201
v 0.306528 1.051419 -4.549393
v 0.307198 1.054651 -4.548321
v 0.307868 1.057883 -4.549393
v 0.308282 1.059881 -4.552201
v 0.308282 1.059881 -4.555671
v 0.307868 1.057883 -4.558479
v 0.307198 1.054651 -4.559551
v 0.303944 1.052048 -4.558479
v 0.303391 1.050084 -4.555671
v 0.303391 1.050084 -4.552201
v 0.303944 1.052048 -4.549393
v 0.304840 1.055225 -4.548321
v 0.305735 1.058402 -4.549393
v 0.306288 1.060365 -4.552201
v 0.306288 1.060365 -4.555671
v 0.305735 1.058402 -4.558479
v 0.304840 1.055225 -4.559551
v 0.301485 1.052838 -4.558479
v 0.300786 1.050922 -4.555671
v 0.300786 1.050922 -4.552201
v 0.301485 1.052838 -4.549393
v 0.302614 1.055940 -4.548321
v 0.303744 1.059041 -4.549393
v 0.304442 1.060957 -4.552201
v 0.304442 1.060957 -4.555671
v 0.303744 1.059041 -4.558479
v 0.302614 1.055940 -4.559551
v 0.299161 1.053788 -4.558479
v 0.298313 1.051933 -4.555671
v 0.298313 1.051933 -4.552201
v 0.299161 1.053788 -4.549393
v 0.300533 1.056790 -4.548321
v 0.301905 1.059792 -4.549393
v 0.302753 1.061647 -4.552201
v 0.302753 1.061647 -4.555671
v 0.301905 1.059792 -4.558479
v 0.300533 1.056790 -4.559551
v 0.296984 1.054893 -4.558479
v 0.295984 1.053115 -4.555671
v 0.295984 1.053115 -4.552201
v 0.296984 1.054893 -4.549393
v 0.298603 1.057769 -4.548321
v 0.300222 1.060645 -4.549393
v 0.301223 1.062423 -4.552201
v 0.301223 1.062423 -4.555671
v 0.300222 1.060645 -4.558479
v 0.298603 1.057769 -4.559551
v 0.294967 1.056146 -4.558479
v 0.293814 1.054463 -4.555671
v 0.293814 1.054463 -4.552201
v 0.294967 1.056146 -4.549393
v 0.296833 1.058868 -4.548321
v 0.298699 1.061591 -4.549393
v 0.299853 1.063273 -4.552201
v 0.299853 1.063273 -4.555671
v 0.298699 1.061591 -4.558479
v 0.296833 1.058868 -4.559551
v 0.293120 1.057539 -4.558479
v 0.291817 1.055970 -4.555671
v 0.291817 1.055970 -4.552201
v 0.293120 1.057539 -4.549393
v 0.295229 1.060078 -4.548321
v 0.297337 1.062618 -4.549393
v 0.298641 1.064187 -4.552201
v 0.298641 1.064187 -4.555671
v 0.297337 1.062618 -4.558479
v 0.295229 1.060078 -4.559551
v 0.291453 1.059061 -4.558479
v 0.290007 1.057623 -4.555671
v 0.290007 1.057623 -4.552201
v 0.291453 1.059061 -4.549393
v 0.293793 1.061389 -4.548321
v 0.296133 1.063716 -4.549393
v 0.297580 1.065155 -4.552201
v 0.297580 1.065155 -4.555671
v 0.296133 1.063716 -4.558479
v 0.293793 1.061389 -4.559551
v 0.289975 1.060698 -4.558479
v 0.288396 1.059407 -4.555671
v 0.288396 1.059407 -4.552201
v 0.289975 1.060698 -4.549393
v 0.292530 1.062788 -4.548321
v 0.295084 1.064878 -4.549393
v 0.296663 1.066169 -4.552201
v 0.296663 1.066169 -4.555671
v 0.295084 1.064878 -4.558479
v 0.292530 1.062788 -4.559551
v 0.288692 1.062434 -4.558479
v 0.286994 1.061303 -4.555671
v 0.286994 1.061303 -4.552201
v 0.288692 1.062434 -4.549393
v 0.291438 1.064264 -4.548321
v 0.294185 1.066094 -4.549393
v 0.295883 1.067225 -4.552201
v 0.295883 1.067225 -4.555671
v 0.294185 1.066094 -4.558479
v 0.291438 1.064264 -4.559551
v 0.287607 1.064249 -4.558479
v 0.285807 1.063289 -4.555671
v 0.285807 1.063289 -4.552201
v 0.287607 1.064249 -4.549393
v 0.290519 1.065802 -4.548321
v 0.293432 1.067355 -4.549393
v 0.295232 1.068315 -4.552201
v 0.295232 1.068315 -4.555671
v 0.293432 1.067355 -4.558479
v 0.290519 1.065802 -4.559551
v 0.286720 1.066127 -4.558479
v 0.284835 1.065347 -4.555671
v 0.284835 1.065347 -4.552201
v 0.286720 1.066127 -4.549393
v 0.289770 1.067389 -4.548321
v 0.292820 1.068651 -4.549393
v 0.294705 1.069431 -4.552201
v 0.294705 1.069431 -4.555671
v 0.292820 1.068651 -4.558479
v 0.289770 1.067389 -4.559551
v 0.286032 1.068050 -4.558479
v 0.284080 1.067456 -4.555671
v 0.284080 1.067456 -4.552201
v 0.286032 1.068050 -4.549393
v 0.289189 1.069011 -4.548321
v 0.292347 1.069971 -4.549393
v 0.294299 1.070565 -4.552201
v 0.294299 1.070565 -4.555671
v 0.292347 1.069971 -4.558479
v 0.289189 1.069011 -4.559551
v 0.285539 1.070003 -4.558479
v 0.283540 1.069601 -4.555671
v 0.283540 1.069601 -4.552201
v 0.285539 1.070003 -4.549393
v 0.288775 1.070654 -4.548321
v 0.292011 1.071304 -4.549393
v 0.294011 1.071707 -4.552201
v 0.294011 1.071707 -4.555671
v 0.292011 1.071304 -4.558479
v 0.288775 1.070654 -4.559551
v 0.285242 1.071971 -4.558479
v 0.283213 1.071764 -4.555671
v 0.283213 1.071764 -4.552201
v 0.285242 1.071971 -4.549393
v 0.288526 1.072305 -4.548321
v 0.291809 1.072639 -4.549393
v 0.293839 1.072846 -4.552201
v 0.293839 1.072846 -4.555671
v 0.291809 1.072639 -4.558479
v 0.288526 1.072305 -4.559551
v 0.285138 1.073939 -4.558479
v 0.283098 1.073930 -4.555671
v 0.283098 1.073930 -4.552201
v 0.285138 1.073939 -4.549393
v 0.288439 1.073952 -4.548321
v 0.291739 1.073966 -4.549393
v 0.293779 1.073974 -4.552201
v 0.293779 1.073974 -4.555671
v 0.291739 1.073966 -4.558479
v 0.288439 1.073952 -4.559551
v 0.285225 1.075891 -4.558479
v 0.283195 1.076083 -4.555671
v 0.283195 1.076083 -4.552201
v 0.285225 1.075891 -4.549393
v 0.288512 1.075582 -4.548321
v 0.291798 1.075272 -4.549393
v 0.293829 1.075081 -4.552201
v 0.293829 1.075081 -4.555671
v 0.291798 1.075272 -4.558479
v 0.288512 1.075582 -4.559551
v 0.285503 1.077815 -4.558479
v 0.283501 1.078206 -4.555671
v 0.283501 1.078206 -4.552201
v 0.285503 1.077815 -4.549393
v 0.288742 1.077182 -4.548321
v 0.291982 1.076550 -4.549393
v 0.293984 1.076159 -4.552201
v 0.293984 1.076159 -4.555671
v 0.291982 1.076550 -4.558479
v 0.288742 1.077182 -4.559551
v 0.285968 1.079694 -4.558479
v 0.284015 1.080283 -4.555671
v 0.284015 1.080283 -4.552201
v 0.285968 1.079694 -4.549393
v 0.289128 1.078742 -4.548321
v 0.292288 1.077789 -4.549393
v 0.294241 1.077200 -4.552201
v 0.294241 1.077200 -4.555671
v 0.292288 1.077789 -4.558479
v 0.289128 1.078742 -4.559551
v 0.286618 1.081515 -4.558479
v 0.284735 1.082298 -4.555671
v 0.284735 1.082298 -4.552201
v 0.286618 1.081515 -4.549393
v 0.289666 1.080248 -4.548321
v 0.292714 1.078981 -4.549393
v 0.294597 1.078198 -4.552201
v 0.294597 1.078198 -4.555671
v 0.292714 1.078981 -4.558479
v 0.289666 1.080248 -4.559551
v 0.287452 1.083263 -4.558479
v 0.285658 1.084234 -4.555671
v 0.285658 1.084234 -4.552201
v 0.287452 1.083263 -4.549393
v 0.290354 1.081691 -4.548321
v 0.293256 1.080119 -4.549393
v 0.295050 1.079148 -4.552201
v 0.295050 1.079148 -4.555671
v 0.293256 1.080119 -4.558479
v 0.290354 1.081691 -4.559551
v 0.288464 1.084922 -4.558479
v 0.286780 1.086073 -4.555671
v 0.286780 1.086073 -4.552201
v 0.288464 1.084922 -4.549393
v 0.291189 1.083059 -4.548321
v 0.293913 1.081196 -4.549393
v 0.295597 1.080045 -4.552201
v 0.295597 1.080045 -4.555671
v 0.293913 1.081196 -4.558479
v 0.291189 1.083059 -4.559551
v 0.289650 1.086478 -4.558479
v 0.288095 1.087798 -4.555671
v 0.288095 1.087798 -4.552201
v 0.289650 1.086478 -4.549393
v 0.292167 1.084342 -4.548321
v 0.294683 1.082206 -4.549393
v 0.296239 1.080886 -4.552201
v 0.296239 1.080886 -4.555671
v 0.294683 1.082206 -4.558479
v 0.292167 1.084342 -4.559551
v 0.291005 1.087915 -4.558479
v 0.289595 1.089389 -4.555671
v 0.289595 1.089389 -4.552201
v 0.291005 1.087915 -4.549393
v 0.293286 1.085529 -4.548321
v 0.295567 1.083143 -4.549393
v 0.296976 1.081669 -4.552201
v 0.296976 1.081669 -4.555671
v 0.295567 1.083143 -4.558479
v 0.293286 1.085529 -4.559551
v 0.292520 1.089220 -4.558479
v 0.291271 1.090832 -4.555671
v 0.291271 1.090832 -4.552201
v 0.292520 1.089220 -4.549393
v 0.294542 1.086610 -4.548321
v 0.296563 1.084001 -4.549393
v 0.297813 1.082389 -4.552201
v 0.297813 1.082389 -4.555671
v 0.296563 1.084001 -4.558479
v 0.294542 1.086611 -4.559551
v 0.294188 1.090379 -4.558479
v 0.293110 1.092111 -4.555671
v 0.293110 1.092111 -4.552201
v 0.294188 1.090379 -4.549393
v 0.295931 1.087577 -4.548321
v 0.297675 1.084774 -4.549393
v 0.298753 1.083043 -4.552201
v 0.298753 1.083043 -4.555671
v 0.297675 1.084774 -4.558479
v 0.295931 1.087577 -4.559551
v 0.295998 1.091382 -4.558479
v 0.295100 1.093213 -4.555671
v 0.295100 1.093213 -4.552201
v 0.295998 1.091382 -4.549393
v 0.297451 1.088418 -4.548321
v 0.298905 1.085455 -4.549393
v 0.299803 1.083624 -4.552201
v 0.299803 1.083624 -4.555671
v 0.298905 1.085455 -4.558479
v 0.297451 1.088418 -4.559551
v 0.297941 1.092218 -4.558479
v 0.297226 1.094128 -4.555671
v 0.297226 1.094128 -4.552201
v 0.297941 1.092218 -4.549393
v 0.299097 1.089127 -4.548321
v 0.300254 1.086035 -4.549393
v 0.300968 1.084125 -4.552201
v 0.300968 1.084125 -4.555671
v 0.300254 1.086035 -4.558479
v 0.299097 1.089127 -4.559551
v 0.300004 1.092878 -4.558479
v 0.299475 1.094848 -4.555671
v 0.299475 1.094848 -4.552201
v 0.300004 1.092878 -4.549393
v 0.300861 1.089691 -4.548321
v 0.301718 1.086503 -4.549393
v 0.302247 1.084533 -4.552201
v 0.302247 1.084533 -4.555671
v 0.301718 1.086503 -4.558479
v 0.300861 1.089691 -4.559551
v 0.302173 1.093353 -4.558479
v 0.301830 1.095364 -4.555671
v 0.301830 1.095364 -4.552201
v 0.302173 1.093353 -4.549393
v 0.302727 1.090099 -4.548321
v 0.303281 1.086845 -4.549393
v 0.303623 1.084834 -4.552201
v 0.303623 1.084834 -4.555671
v 0.303281 1.086845 -4.558479
v 0.302727 1.090099 -4.559551
v 0.304427 1.093629 -4.558479
v 0.304277 1.095663 -4.555671
v 0.304277 1.095663 -4.552201
v 0.304427 1.093629 -4.549393
v 0.304669 1.090337 -4.548321
v 0.304912 1.087045 -4.549393
v 0.305061 1.085011 -4.552201
v 0.305061 1.085011 -4.555671
v 0.304912 1.087045 -4.558479
v 0.304669 1.090337 -4.559551
v 0.306744 1.093687 -4.558479
v 0.306798 1.095726 -4.555671
v 0.306798 1.095726 -4.552201
v 0.306744 1.093687 -4.549393
v 0.306656 1.090387 -4.548321
v 0.306568 1.087088 -4.549393
v 0.306513 1.085048 -4.552201
v 0.306513 1.085048 -4.555671
v 0.306568 1.087088 -4.558479
v 0.306656 1.090387 -4.559551
v 0.309096 1.093500 -4.558479
v 0.309375 1.095521 -4.555671
v 0.309375 1.095521 -4.552201
v 0.309096 1.093500 -4.549393
v 0.308645 1.090230 -4.548321
v 0.308194 1.086961 -4.549393
v 0.307915 1.084940 -4.552201
v 0.307915 1.084940 -4.555671
v 0.308194 1.086961 -4.558479
v 0.308645 1.090230 -4.559551
v 0.311450 1.093031 -4.558479
v 0.311984 1.095000 -4.555671
v 0.311984 1.095000 -4.552201
v 0.311450 1.093031 -4.549393
v 0.310587 1.089846 -4.548321
v 0.309724 1.086660 -4.549393
v 0.309190 1.084691 -4.552201
v 0.309190 1.084691 -4.555671
v 0.309724 1.086660 -4.558479
v 0.310587 1.089846 -4.559551
v 0.313764 1.092225 -4.558479
v 0.314592 1.094090 -4.555671
v 0.314592 1.094090 -4.552201
v 0.313764 1.092225 -4.549393
v 0.312425 1.089209 -4.548321
v 0.311085 1.086192 -4.549393
v 0.310257 1.084328 -4.552201
v 0.310257 1.084328 -4.555671
v 0.311085 1.086192 -4.558479
v 0.312425 1.089209 -4.559551
v 0.315972 1.091006 -4.558479
v 0.317134 1.092682 -4.555671
v 0.317134 1.092682 -4.552201
v 0.315972 1.091006 -4.549393
v 0.314091 1.088294 -4.548321
v 0.312210 1.085581 -4.549393
v 0.311048 1.083905 -4.552201
v 0.311048 1.083905 -4.555671
v 0.312210 1.085581 -4.558479
v 0.314091 1.088294 -4.559551
v 0.317959 1.089287 -4.558479
v 0.319471 1.090656 -4.555671
v 0.319471 1.090656 -4.552201
v 0.317959 1.089287 -4.549393
v 0.315512 1.087072 -4.548321
v 0.313065 1.084857 -4.549393
v 0.311552 1.083488 -4.552201
v 0.311552 1.083488 -4.555671
v 0.313065 1.084857 -4.558479
v 0.315512 1.087072 -4.559551
v 0.319542 1.087016 -4.558479
v 0.321358 1.087946 -4.555671
v 0.321358 1.087946 -4.552201
v 0.319542 1.087016 -4.549393
v 0.316604 1.085513 -4.548321
v 0.313665 1.084009 -4.549393
v 0.311849 1.083080 -4.552201
v 0.311849 1.083080 -4.555671
v 0.313665 1.084009 -4.558479
v 0.316604 1.085513 -4.559551
v 0.320510 1.084239 -4.558479
v 0.322509 1.084644 -4.555671
v 0.322509 1.084644 -4.552201
v 0.320510 1.084239 -4.549393
v 0.317275 1.083583 -4.548321
v 0.314040 1.082927 -4.549393
v 0.312041 1.082522 -4.552201
v 0.312041 1.082522 -4.555671
v 0.314040 1.082927 -4.558479
v 0.317275 1.083583 -4.559551
v 0.320723 1.081075 -4.558479
v 0.322761 1.080969 -4.555671
v 0.322761 1.080969 -4.552201
v 0.320723 1.081075 -4.549393
v 0.317427 1.081248 -4.548321
v 0.314131 1.081420 -4.549393
v 0.312094 1.081527 -4.552201
v 0.312094 1.081527 -4.555671
v 0.314131 1.081420 -4.558479
v 0.317427 1.081248 -4.559551
v 0.320138 1.077609 -4.558479
v 0.322108 1.077077 -4.555671
v 0.322108 1.077077 -4.552201
v 0.320138 1.077609 -4.549393
v 0.316952 1.078469 -4.548321
v 0.313765 1.079329 -4.549393
v 0.311796 1.079861 -4.552201
v 0.311796 1.079861 -4.555671
v 0.313765 1.079329 -4.558479
v 0.316952 1.078469 -4.559551
v 0.318731 1.073828 -4.558479
v 0.320585 1.072976 -4.555671
v 0.320585 1.072976 -4.552201
v 0.318731 1.073828 -4.549393
v 0.315732 1.075207 -4.548321
v 0.312733 1.076585 -4.549393
v 0.310880 1.077437 -4.552201
v 0.310880 1.077437 -4.555671
v 0.312733 1.076585 -4.558479
v 0.315732 1.075207 -4.559551
v 0.316440 1.069665 -4.558479
v 0.318168 1.068581 -4.555671
v 0.318168 1.068581 -4.552201
v 0.316440 1.069665 -4.549393
v 0.313644 1.071419 -4.548321
v 0.310848 1.073173 -4.549393
v 0.309120 1.074257 -4.552201
v 0.309120 1.074257 -4.555671
v 0.310848 1.073173 -4.558479
v 0.313644 1.071419 -4.559551
v 0.313155 1.065030 -4.558479
v 0.314763 1.063775 -4.555671
v 0.314763 1.063775 -4.552201
v 0.313155 1.065030 -4.549393
v 0.310554 1.067061 -4.548321
v 0.307952 1.069093 -4.549393
v 0.306344 1.070348 -4.552201
v 0.306344 1.070348 -4.555671
v 0.307952 1.069093 -4.558479
v 0.310554 1.067061 -4.559551
v 0.210339 0.988523 -4.558479
v 0.212089 0.989573 -4.555671
v 0.212089 0.989573 -4.552201
v 0.210339 0.988523 -4.549393
v 0.207509 0.986824 -4.548321
v 0.204679 0.985126 -4.549393
v 0.202930 0.984076 -4.552201
v 0.202930 0.984076 -4.555671
v 0.204679 0.985126 -4.558479
v 0.207509 0.986824 -4.559551
v 0.206022 0.996705 -4.558479
v 0.207870 0.997568 -4.555671
v 0.207870 0.997568 -4.552201
v 0.206022 0.996705 -4.549393
v 0.203031 0.995308 -4.548321
v 0.200041 0.993911 -4.549393
v 0.198193 0.993048 -4.552201
v 0.198193 0.993048 -4.555671
v 0.200041 0.993911 -4.558479
v 0.203031 0.995308 -4.559551
v 0.202561 1.005166 -4.558479
v 0.204478 1.005864 -4.555671
v 0.204478 1.005864 -4.552201
v 0.202561 1.005166 -4.549393
v 0.199460 1.004036 -4.548321
v 0.196359 1.002906 -4.549393
v 0.194442 1.002208 -4.552201
v 0.194442 1.002208 -4.555671
v 0.196359 1.002906 -4.558479
v 0.199460 1.004036 -4.559551
v 0.199788 1.013815 -4.558479
v 0.201748 1.014380 -4.555671
v 0.201748 1.014380 -4.552201
v 0.199788 1.013815 -4.549393
v 0.196617 1.012901 -4.548321
v 0.193445 1.011987 -4.549393
v 0.191485 1.011422 -4.552201
v 0.191485 1.011422 -4.555671
v 0.193445 1.011987 -4.558479
v 0.196617 1.012901 -4.559551
v 0.197551 1.022552 -4.558479
v 0.199537 1.023016 -4.555671
v 0.199537 1.023016 -4.552201
v 0.197551 1.022552 -4.549393
v 0.194336 1.021801 -4.548321
v 0.191122 1.021050 -4.549393
v 0.189136 1.020586 -4.552201
v 0.189136 1.020586 -4.555671
v 0.191122 1.021050 -4.558479
v 0.194336 1.021801 -4.559551
v 0.195707 1.031283 -4.558479
v 0.197709 1.031677 -4.555671
v 0.197709 1.031677 -4.552201
v 0.195707 1.031283 -4.549393
v 0.192469 1.030646 -4.548321
v 0.189230 1.030008 -4.549393
v 0.187229 1.029614 -4.552201
v 0.187229 1.029614 -4.555671
v 0.189230 1.030008 -4.558479
v 0.192469 1.030646 -4.559551
v 0.194129 1.039923 -4.558479
v 0.196138 1.040276 -4.555671
v 0.196138 1.040276 -4.552201
v 0.194129 1.039923 -4.549393
v 0.190878 1.039351 -4.548321
v 0.187627 1.038779 -4.549393
v 0.185618 1.038426 -4.552201
v 0.185618 1.038426 -4.555671
v 0.187627 1.038779 -4.558479
v 0.190878 1.039351 -4.559551
v 0.192697 1.048392 -4.558479
v 0.194709 1.048732 -4.555671
v 0.194709 1.048732 -4.552201
v 0.192697 1.048392 -4.549393
v 0.189443 1.047842 -4.548321
v 0.186188 1.047293 -4.549393
v 0.184177 1.046953 -4.552201
v 0.184177 1.046953 -4.555671
v 0.186188 1.047293 -4.558479
v 0.189443 1.047842 -4.559551
v 0.191308 1.056623 -4.558479
v 0.193317 1.056975 -4.555671
v 0.193317 1.056975 -4.552201
v 0.191308 1.056623 -4.549393
v 0.188057 1.056053 -4.548321
v 0.184806 1.055484 -4.549393
v 0.182797 1.055132 -4.552201
v 0.182797 1.055132 -4.555671
v 0.184806 1.055484 -4.558479
v 0.188057 1.056053 -4.559551
v 0.189868 1.064555 -4.558479
v 0.191871 1.064944 -4.555671
v 0.191871 1.064944 -4.552201
v 0.189868 1.064555 -4.549393
v 0.186628 1.063926 -4.548321
v 0.183388 1.063296 -4.549393
v 0.181386 1.062908 -4.552201
v 0.181386 1.062908 -4.555671
v 0.183388 1.063296 -4.558479
v 0.186628 1.063926 -4.559551
v 0.188299 1.072138 -4.558479
v 0.190288 1.072588 -4.555671
v 0.190288 1.072588 -4.552201
v 0.188299 1.072138 -4.549393
v 0.185079 1.071410 -4.548321
v 0.181860 1.070682 -4.549393
v 0.179870 1.070232 -4.552201
v 0.179870 1.070232 -4.555671
v 0.181860 1.070682 -4.558479
v 0.185079 1.071410 -4.559551
v 0.186533 1.079329 -4.558479
v 0.188501 1.079864 -4.555671
v 0.188501 1.079864 -4.552201
v 0.186533 1.079329 -4.549393
v 0.183347 1.078465 -4.548321
v 0.180162 1.077600 -4.549393
v 0.178193 1.077065 -4.552201
v 0.178193 1.077065 -4.555671
v 0.180162 1.077600 -4.558479
v 0.183347 1.078465 -4.559551
v 0.184517 1.086095 -4.558479
v 0.186454 1.086736 -4.555671
v 0.186454 1.086736 -4.552201
v 0.184517 1.086095 -4.549393
v 0.181384 1.085057 -4.548321
v 0.178250 1.084020 -4.549393
v 0.176314 1.083379 -4.552201
v 0.176314 1.083379 -4.555671
v 0.178250 1.084020 -4.558479
v 0.181384 1.085057 -4.559551
v 0.182213 1.092406 -4.558479
v 0.184103 1.093173 -4.555671
v 0.184103 1.093173 -4.552201
v 0.182213 1.092406 -4.549393
v 0.179155 1.091164 -4.548321
v 0.176097 1.089922 -4.549393
v 0.174207 1.089154 -4.552201
v 0.174207 1.089154 -4.555671
v 0.176097 1.089922 -4.558479
v 0.179155 1.091164 -4.559551
v 0.179596 1.098239 -4.558479
v 0.181422 1.099149 -4.555671
v 0.181422 1.099149 -4.552201
v 0.179596 1.098239 -4.549393
v 0.176642 1.096768 -4.548321
v 0.173688 1.095296 -4.549393
v 0.171862 1.094386 -4.552201
v 0.171862 1.094386 -4.555671
v 0.173688 1.095296 -4.558479
v 0.176642 1.096768 -4.559551
v 0.176658 1.103579 -4.558479
v 0.178400 1.104641 -4.555671
v 0.178400 1.104641 -4.552201
v 0.176658 1.103579 -4.549393
v 0.173840 1.101862 -4.548321
v 0.171021 1.100144 -4.549393
v 0.169279 1.099083 -4.552201
v 0.169279 1.099083 -4.555671
v 0.171021 1.100144 -4.558479
v 0.173840 1.101862 -4.559551
v 0.173410 1.108413 -4.558479
v 0.175048 1.109628 -4.555671
v 0.175048 1.109628 -4.552201
v 0.173410 1.108413 -4.549393
v 0.170759 1.106447 -4.548321
v 0.168108 1.104481 -4.549393
v 0.166469 1.103265 -4.552201
v 0.166469 1.103265 -4.555671
v 0.168108 1.104481 -4.558479
v 0.170759 1.106447 -4.559551
v 0.169879 1.112737 -4.558479
v 0.171398 1.114099 -4.555671
v 0.171398 1.114099 -4.552201
v 0.169879 1.112737 -4.549393
v 0.167423 1.110532 -4.548321
v 0.164967 1.108328 -4.549393
v 0.163448 1.106965 -4.552201
v 0.163448 1.106965 -4.555671
v 0.164967 1.108328 -4.558479
v 0.167423 1.110532 -4.559551
v 0.166114 1.116558 -4.558479
v 0.167499 1.118055 -4.555671
v 0.167499 1.118055 -4.552201
v 0.166114 1.116558 -4.549393
v 0.163871 1.114136 -4.548321
v 0.161629 1.111714 -4.549393
v 0.160243 1.110217 -4.552201
v 0.160243 1.110217 -4.555671
v 0.161629 1.111714 -4.558479
v 0.163871 1.114136 -4.559551
v 0.162162 1.119893 -4.558479
v 0.163407 1.121509 -4.555671
v 0.163407 1.121509 -4.552201
v 0.162162 1.119893 -4.549393
v 0.160148 1.117279 -4.548321
v 0.158134 1.114664 -4.549393
v 0.156889 1.113048 -4.552201
v 0.156889 1.113048 -4.555671
v 0.158134 1.114664 -4.558479
v 0.160148 1.117279 -4.559551
v 0.158072 1.122764 -4.558479
v 0.159170 1.124483 -4.555671
v 0.159170 1.124483 -4.552201
v 0.158072 1.122764 -4.549393
v 0.156295 1.119982 -4.548321
v 0.154518 1.117201 -4.549393
v 0.153420 1.115482 -4.552201
v 0.153420 1.115482 -4.555671
v 0.154518 1.117201 -4.558479
v 0.156295 1.119982 -4.559551
v 0.153885 1.125191 -4.558479
v 0.154833 1.126997 -4.555671
v 0.154833 1.126997 -4.552201
v 0.153885 1.125191 -4.549393
v 0.152352 1.122268 -4.548321
v 0.150818 1.119345 -4.549393
v 0.149870 1.117539 -4.552201
v 0.149870 1.117539 -4.555671
v 0.150818 1.119345 -4.558479
v 0.152352 1.122268 -4.559551
v 0.149641 1.127195 -4.558479
v 0.150436 1.129074 -4.555671
v 0.150436 1.129074 -4.552201
v 0.149641 1.127195 -4.549393
v 0.148354 1.124156 -4.548321
v 0.147067 1.121116 -4.549393
v 0.146272 1.119238 -4.552201
v 0.146272 1.119238 -4.555671
v 0.147067 1.121116 -4.558479
v 0.148354 1.124156 -4.559551
v 0.145374 1.128800 -4.558479
v 0.146016 1.130736 -4.555671
v 0.146016 1.130736 -4.552201
v 0.145374 1.128800 -4.549393
v 0.144336 1.125667 -4.548321
v 0.143298 1.122533 -4.549393
v 0.142657 1.120597 -4.552201
v 0.142657 1.120597 -4.555671
v 0.143298 1.122533 -4.558479
v 0.144336 1.125667 -4.559551
v 0.141118 1.130025 -4.558479
v 0.141606 1.132005 -4.555671
v 0.141606 1.132005 -4.552201
v 0.141118 1.130025 -4.549393
v 0.140329 1.126820 -4.548321
v 0.139540 1.123615 -4.549393
v 0.139052 1.121634 -4.552201
v 0.139052 1.121634 -4.555671
v 0.139540 1.123615 -4.558479
v 0.140329 1.126820 -4.559551
v 0.136901 1.130891 -4.558479
v 0.137235 1.132904 -4.555671
v 0.137235 1.132904 -4.552201
v 0.136901 1.130891 -4.549393
v 0.136360 1.127635 -4.548321
v 0.135819 1.124379 -4.549393
v 0.135485 1.122367 -4.552201
v 0.135485 1.122367 -4.555671
v 0.135819 1.124379 -4.558479
v 0.136360 1.127635 -4.559551
v 0.132747 1.131419 -4.558479
v 0.132929 1.133451 -4.555671
v 0.132929 1.133451 -4.552201
v 0.132747 1.131419 -4.549393
v 0.132454 1.128132 -4.548321
v 0.132161 1.124844 -4.549393
v 0.131980 1.122812 -4.552201
v 0.131980 1.122812 -4.555671
v 0.132161 1.124844 -4.558479
v 0.132454 1.128132 -4.559551
v 0.128681 1.131628 -4.558479
v 0.128710 1.133668 -4.555671
v 0.128710 1.133668 -4.552201
v 0.128681 1.131628 -4.549393
v 0.128634 1.128328 -4.548321
v 0.128588 1.125028 -4.549393
v 0.128559 1.122988 -4.552201
v 0.128559 1.122988 -4.555671
v 0.128588 1.125028 -4.558479
v 0.128634 1.128328 -4.559551
v 0.124722 1.131537 -4.558479
v 0.124599 1.133573 -4.555671
v 0.124599 1.133573 -4.552201
v 0.124722 1.131537 -4.549393
v 0.124919 1.128242 -4.548321
v 0.125117 1.124948 -4.549393
v 0.125239 1.122912 -4.552201
v 0.125239 1.122912 -4.555671
v 0.125117 1.124948 -4.558479
v 0.124919 1.128242 -4.559551
v 0.120886 1.131164 -4.558479
v 0.120614 1.133186 -4.555671
v 0.120614 1.133186 -4.552201
v 0.120886 1.131164 -4.549393
v 0.121326 1.127893 -4.548321
v 0.121766 1.124622 -4.549393
v 0.122038 1.122600 -4.552201
v 0.122038 1.122600 -4.555671
v 0.121766 1.124622 -4.558479
v 0.121326 1.127893 -4.559551
v 0.117188 1.130527 -4.558479
v 0.116768 1.132523 -4.555671
v 0.116768 1.132523 -4.552201
v 0.117188 1.130527 -4.549393
v 0.117867 1.127297 -4.548321
v 0.118547 1.124067 -4.549393
v 0.118967 1.122071 -4.552201
v 0.118967 1.122071 -4.555671
v 0.118547 1.124067 -4.558479
v 0.117867 1.127297 -4.559551
v 0.113641 1.129644 -4.558479
v 0.113075 1.131604 -4.555671
v 0.113075 1.131604 -4.552201
v 0.113641 1.129644 -4.549393
v 0.114555 1.126472 -4.548321
v 0.115470 1.123301 -4.549393
v 0.116035 1.121341 -4.552201
v 0.116035 1.121341 -4.555671
v 0.115470 1.123301 -4.558479
v 0.114555 1.126472 -4.559551
v 0.110253 1.128531 -4.558479
v 0.109546 1.130444 -4.555671
v 0.109546 1.130444 -4.552201
v 0.110253 1.128531 -4.549393
v 0.111397 1.125435 -4.548321
v 0.112541 1.122339 -4.549393
v 0.113247 1.120425 -4.552201
v 0.113247 1.120425 -4.555671
v 0.112541 1.122339 -4.558479
v 0.111397 1.125435 -4.559551
v 0.107033 1.127206 -4.558479
v 0.106190 1.129064 -4.555671
v 0.106190 1.129064 -4.552201
v 0.107033 1.127206 -4.549393
v 0.108398 1.124201 -4.548321
v 0.109762 1.121196 -4.549393
v 0.110606 1.119338 -4.552201
v 0.110606 1.119338 -4.555671
v 0.109762 1.121196 -4.558479
v 0.108398 1.124201 -4.559551
v 0.103985 1.125688 -4.558479
v 0.103011 1.127480 -4.555671
v 0.103011 1.127480 -4.552201
v 0.103985 1.125688 -4.549393
v 0.105560 1.122787 -4.548321
v 0.107135 1.119887 -4.549393
v 0.108109 1.118094 -4.552201
v 0.108109 1.118094 -4.555671
v 0.107135 1.119887 -4.558479
v 0.105560 1.122787 -4.559551
v 0.101110 1.123993 -4.558479
v 0.100014 1.125713 -4.555671
v 0.100014 1.125713 -4.552201
v 0.101110 1.123993 -4.549393
v 0.102884 1.121209 -4.548321
v 0.104657 1.118425 -4.549393
v 0.105753 1.116705 -4.552201
v 0.105753 1.116705 -4.555671
v 0.104657 1.118425 -4.558479
v 0.102884 1.121209 -4.559551
v 0.098409 1.122138 -4.558479
v 0.097199 1.123781 -4.555671
v 0.097199 1.123781 -4.552201
v 0.098409 1.122138 -4.549393
v 0.100367 1.119481 -4.548321
v 0.102325 1.116824 -4.549393
v 0.103535 1.115181 -4.552201
v 0.103535 1.115181 -4.555671
v 0.102325 1.116824 -4.558479
v 0.100367 1.119481 -4.559551
v 0.095880 1.120141 -4.558479
v 0.094564 1.121701 -4.555671
v 0.094564 1.121701 -4.552201
v 0.095880 1.120141 -4.549393
v 0.098008 1.117619 -4.548321
v 0.100136 1.115096 -4.549393
v 0.101452 1.113537 -4.552201
v 0.101452 1.113537 -4.555671
v 0.100136 1.115096 -4.558479
v 0.098008 1.117619 -4.559551
v 0.093522 1.118018 -4.558479
v 0.092109 1.119489 -4.555671
v 0.092109 1.119489 -4.552201
v 0.093522 1.118018 -4.549393
v 0.095807 1.115636 -4.548321
v 0.098092 1.113254 -4.549393
v 0.099505 1.111783 -4.552201
v 0.099505 1.111783 -4.555671
v 0.098092 1.113254 -4.558479
v 0.095807 1.115636 -4.559551
v 0.091334 1.115782 -4.558479
v 0.089833 1.117163 -4.555671
v 0.089833 1.117163 -4.552201
v 0.091334 1.115782 -4.549393
v 0.093763 1.113547 -4.548321
v 0.096192 1.111313 -4.549393
v 0.097694 1.109931 -4.552201
v 0.097694 1.109931 -4.555671
v 0.096192 1.111313 -4.558479
v 0.093763 1.113547 -4.559551
v 0.089316 1.113448 -4.558479
v 0.087734 1.114735 -4.555671
v 0.087734 1.114735 -4.552201
v 0.089316 1.113448 -4.549393
v 0.091877 1.111366 -4.548321
v 0.094438 1.109283 -4.549393
v 0.096021 1.107996 -4.552201
v 0.096021 1.107996 -4.555671
v 0.094438 1.109283 -4.558479
v 0.091877 1.111366 -4.559551
v 0.087468 1.111030 -4.558479
v 0.085811 1.112219 -4.555671
v 0.085811 1.112219 -4.552201
v 0.087468 1.111030 -4.549393
v 0.090149 1.109105 -4.548321
v 0.092830 1.107179 -4.549393
v 0.094487 1.105990 -4.552201
v 0.094487 1.105990 -4.555671
v 0.092830 1.107179 -4.558479
v 0.090149 1.109105 -4.559551
v 0.085790 1.108539 -4.558479
v 0.084065 1.109628 -4.555671
v 0.084065 1.109628 -4.552201
v 0.085790 1.108539 -4.549393
v 0.088581 1.106777 -4.548321
v 0.091371 1.105014 -4.549393
v 0.093096 1.103925 -4.552201
v 0.093096 1.103925 -4.555671
v 0.091371 1.105014 -4.558479
v 0.088581 1.106777 -4.559551
v 0.084283 1.105988 -4.558479
v 0.082496 1.106972 -4.555671
v 0.082496 1.106972 -4.552201
v 0.084283 1.105988 -4.549393
v 0.087173 1.104394 -4.548321
v 0.090064 1.102801 -4.549393
v 0.091850 1.101816 -4.552201
v 0.091850 1.101816 -4.555671
v 0.090064 1.102801 -4.558479
v 0.087173 1.104394 -4.559551
v 0.082949 1.103387 -4.558479
v 0.081106 1.104263 -4.555671
v 0.081106 1.104263 -4.552201
v 0.082949 1.103387 -4.549393
v 0.085929 1.101970 -4.548321
v 0.088910 1.100552 -4.549393
v 0.090752 1.099676 -4.552201
v 0.090752 1.099676 -4.555671
v 0.088910 1.100552 -4.558479
v 0.085929 1.101970 -4.559551
v 0.081790 1.100747 -4.558479
v 0.079897 1.101508 -4.555671
v 0.079897 1.101508 -4.552201
v 0.081790 1.100747 -4.549393
v 0.084851 1.099514 -4.548321
v 0.087913 1.098281 -4.549393
v 0.089805 1.097519 -4.552201
v 0.089805 1.097519 -4.555671
v 0.087913 1.098281 -4.558479
v 0.084851 1.099514 -4.559551
v 0.080809 1.098076 -4.558479
v 0.078873 1.098718 -4.555671
v 0.078873 1.098718 -4.552201
v 0.080809 1.098076 -4.549393
v 0.083943 1.097038 -4.548321
v 0.087076 1.096000 -4.549393
v 0.089012 1.095359 -4.552201
v 0.089012 1.095359 -4.555671
v 0.087076 1.096000 -4.558479
v 0.083943 1.097038 -4.559551
v 0.080012 1.095385 -4.558479
v 0.078038 1.095899 -4.555671
v 0.078038 1.095899 -4.552201
v 0.080012 1.095385 -4.549393
v 0.083207 1.094554 -4.548321
v 0.086401 1.093722 -4.549393
v 0.088375 1.093208 -4.552201
v 0.088375 1.093208 -4.555671
v 0.086401 1.093722 -4.558479
v 0.083207 1.094554 -4.559551
v 0.079404 1.092682 -4.558479
v 0.077400 1.093061 -4.555671
v 0.077400 1.093061 -4.552201
v 0.079404 1.092682 -4.549393
v 0.082648 1.092070 -4.548321
v 0.085891 1.091459 -4.549393
v 0.087895 1.091080 -4.552201
v 0.087895 1.091080 -4.555671
v 0.085891 1.091459 -4.558479
v 0.082648 1.092070 -4.559551
v 0.078991 1.089976 -4.558479
v 0.076965 1.090209 -4.555671
v 0.076965 1.090209 -4.552201
v 0.078991 1.089976 -4.549393
v 0.082270 1.089598 -4.548321
v 0.085549 1.089221 -4.549393
v 0.087576 1.088988 -4.552201
v 0.087576 1.088988 -4.555671
v 0.085549 1.089221 -4.558479
v 0.082270 1.089598 -4.559551
v 0.078781 1.087274 -4.558479
v 0.076743 1.087353 -4.555671
v 0.076743 1.087353 -4.552201
v 0.078781 1.087274 -4.549393
v 0.082079 1.087147 -4.548321
v 0.085377 1.087020 -4.549393
v 0.087416 1.086941 -4.552201
v 0.087416 1.086941 -4.555671
v 0.085377 1.087020 -4.558479
v 0.082079 1.087147 -4.559551
v 0.078783 1.084587 -4.558479
v 0.076745 1.084501 -4.555671
v 0.076745 1.084501 -4.552201
v 0.078783 1.084587 -4.549393
v 0.082081 1.084725 -4.548321
v 0.085378 1.084864 -4.549393
v 0.087416 1.084950 -4.552201
v 0.087416 1.084950 -4.555671
v 0.085378 1.084864 -4.558479
v 0.082081 1.084725 -4.559551
v 0.079006 1.081923 -4.558479
v 0.076983 1.081665 -4.555671
v 0.076983 1.081665 -4.552201
v 0.079006 1.081923 -4.549393
v 0.082280 1.082342 -4.548321
v 0.085554 1.082761 -4.549393
v 0.087578 1.083020 -4.552201
v 0.087578 1.083020 -4.555671
v 0.085554 1.082761 -4.558479
v 0.082280 1.082342 -4.559551
v 0.079460 1.079298 -4.558479
v 0.077467 1.078861 -4.555671
v 0.077467 1.078861 -4.552201
v 0.079460 1.079298 -4.549393
v 0.082683 1.080006 -4.548321
v 0.085907 1.080714 -4.549393
v 0.087900 1.081151 -4.552201
v 0.087900 1.081151 -4.555671
v 0.085907 1.080714 -4.558479
v 0.082683 1.080006 -4.559551
v 0.080148 1.076726 -4.558479
v 0.078204 1.076109 -4.555671
v 0.078204 1.076109 -4.552201
v 0.080148 1.076726 -4.549393
v 0.083294 1.077725 -4.548321
v 0.086439 1.078724 -4.549393
v 0.088384 1.079341 -4.552201
v 0.088384 1.079341 -4.555671
v 0.086439 1.078724 -4.558479
v 0.083294 1.077725 -4.559551
v 0.081072 1.074222 -4.558479
v 0.079193 1.073428 -4.555671
v 0.079193 1.073428 -4.552201
v 0.081072 1.074222 -4.549393
v 0.084112 1.075507 -4.548321
v 0.087153 1.076792 -4.549393
v 0.089032 1.077586 -4.552201
v 0.089032 1.077586 -4.555671
v 0.087153 1.076792 -4.558479
v 0.084112 1.075507 -4.559551
v 0.082230 1.071801 -4.558479
v 0.080432 1.070838 -4.555671
v 0.080432 1.070838 -4.552201
v 0.082230 1.071801 -4.549393
v 0.085139 1.073359 -4.548321
v 0.088049 1.074918 -4.549393
v 0.089847 1.075881 -4.552201
v 0.089847 1.075881 -4.555671
v 0.088049 1.074918 -4.558479
v 0.085139 1.073359 -4.559551
v 0.083615 1.069476 -4.558479
v 0.081911 1.068355 -4.555671
v 0.081911 1.068355 -4.552201
v 0.083615 1.069476 -4.549393
v 0.086373 1.071290 -4.548321
v 0.089130 1.073103 -4.549393
v 0.090835 1.074224 -4.552201
v 0.090835 1.074224 -4.555671
v 0.089130 1.073103 -4.558479
v 0.086373 1.071290 -4.559551
v 0.085219 1.067259 -4.558479
v 0.083618 1.065994 -4.555671
v 0.083618 1.065994 -4.552201
v 0.085219 1.067259 -4.549393
v 0.087808 1.069305 -4.548321
v 0.090398 1.071352 -4.549393
v 0.091998 1.072617 -4.552201
v 0.091998 1.072617 -4.555671
v 0.090398 1.071352 -4.558479
v 0.087808 1.069305 -4.559551
v 0.087029 1.065158 -4.558479
v 0.085540 1.063764 -4.555671
v 0.085540 1.063764 -4.552201
v 0.087029 1.065158 -4.549393
v 0.089440 1.067413 -4.548321
v 0.091850 1.069667 -4.549393
v 0.093340 1.071061 -4.552201
v 0.093340 1.071061 -4.555671
v 0.091850 1.069667 -4.558479
v 0.089440 1.067413 -4.559551
v 0.089034 1.063181 -4.558479
v 0.087659 1.061675 -4.555671
v 0.087659 1.061675 -4.552201
v 0.089034 1.063181 -4.549393
v 0.091260 1.065619 -4.548321
v 0.093485 1.068056 -4.549393
v 0.094860 1.069563 -4.552201
v 0.094860 1.069563 -4.555671
v 0.093485 1.068056 -4.558479
v 0.091260 1.065619 -4.559551
v 0.091220 1.061334 -4.558479
v 0.089960 1.059729 -4.555671
v 0.089960 1.059729 -4.552201
v 0.091220 1.061334 -4.549393
v 0.093258 1.063930 -4.548321
v 0.095296 1.066526 -4.549393
v 0.096556 1.068131 -4.552201
v 0.096556 1.068131 -4.555671
v 0.095296 1.066526 -4.558479
v 0.093258 1.063930 -4.559551
v 0.093572 1.059620 -4.558479
v 0.092427 1.057932 -4.555671
v 0.092427 1.057932 -4.552201
v 0.093572 1.059620 -4.549393
v 0.095424 1.062352 -4.548321
v 0.097276 1.065084 -4.549393
v 0.098421 1.066773 -4.552201
v 0.098421 1.066773 -4.555671
v 0.097276 1.065084 -4.558479
v 0.095424 1.062352 -4.559551
v 0.096074 1.058044 -4.558479
v 0.095042 1.056285 -4.555671
v 0.095042 1.056285 -4.552201
v 0.096074 1.058044 -4.549393
v 0.097743 1.060892 -4.548321
v 0.099412 1.063739 -4.549393
v 0.100444 1.065499 -4.552201
v 0.100444 1.065499 -4.555671
v 0.099412 1.063739 -4.558479
v 0.097743 1.060892 -4.559551
v 0.098710 1.056609 -4.558479
v 0.097789 1.054789 -4.555671
v 0.097789 1.054789 -4.552201
v 0.098710 1.056609 -4.549393
v 0.100201 1.059554 -4.548321
v 0.101691 1.062499 -4.549393
v 0.102613 1.064319 -4.552201
v 0.102613 1.064319 -4.555671
v 0.101691 1.062499 -4.558479
v 0.100201 1.059554 -4.559551
v 0.101463 1.055318 -4.558479
v 0.100649 1.053447 -4.555671
v 0.100649 1.053447 -4.552201
v 0.101463 1.055318 -4.549393
v 0.102779 1.058344 -4.548321
v 0.104096 1.061371 -4.549393
v 0.104909 1.063242 -4.552201
v 0.104909 1.063242 -4.555671
v 0.104096 1.061371 -4.558479
v 0.102779 1.058344 -4.559551
v 0.104314 1.054173 -4.558479
v 0.103605 1.052260 -4.555671
v 0.103605 1.052260 -4.552201
v 0.104314 1.054173 -4.549393
v 0.105460 1.057268 -4.548321
v 0.106606 1.060363 -4.549393
v 0.107314 1.062276 -4.552201
v 0.107314 1.062276 -4.555671
v 0.106606 1.060363 -4.558479
v 0.105460 1.057268 -4.559551
v 0.107242 1.053178 -4.558479
v 0.106637 1.051230 -4.555671
v 0.106637 1.051230 -4.552201
v 0.107242 1.053178 -4.549393
v 0.108221 1.056330 -4.548321
v 0.109200 1.059482 -4.549393
v 0.109805 1.061430 -4.552201
v 0.109805 1.061430 -4.555671
v 0.109200 1.059482 -4.558479
v 0.108221 1.056330 -4.559551
v 0.110227 1.052336 -4.558479
v 0.109724 1.050359 -4.555671
v 0.109724 1.050359 -4.552201
v 0.110227 1.052336 -4.549393
v 0.111040 1.055535 -4.548321
v 0.111854 1.058734 -4.549393
v 0.112357 1.060711 -4.552201
v 0.112357 1.060711 -4.555671
v 0.111854 1.058734 -4.558479
v 0.111040 1.055535 -4.559551
v 0.113245 1.051651 -4.558479
v 0.112844 1.049650 -4.555671
v 0.112844 1.049650 -4.552201
v 0.113245 1.051651 -4.549393
v 0.113893 1.054887 -4.548321
v 0.114541 1.058123 -4.549393
v 0.114942 1.060123 -4.552201
v 0.114942 1.060123 -4.555671
v 0.114541 1.058123 -4.558479
v 0.113893 1.054887 -4.559551
v 0.116274 1.051124 -4.558479
v 0.115977 1.049106 -4.555671
v 0.115977 1.049106 -4.552201
v 0.116274 1.051124 -4.549393
v 0.116754 1.054390 -4.548321
v 0.117234 1.057655 -4.549393
v 0.117531 1.059674 -4.552201
v 0.117531 1.059674 -4.555671
v 0.117234 1.057655 -4.558479
v 0.116754 1.054390 -4.559551
v 0.119293 1.050761 -4.558479
v 0.119102 1.048730 -4.555671
v 0.119102 1.048730 -4.552201
v 0.119293 1.050761 -4.549393
v 0.119601 1.054047 -4.548321
v 0.119908 1.057333 -4.549393
v 0.120099 1.059364 -4.552201
v 0.120099 1.059364 -4.555671
v 0.119908 1.057333 -4.558479
v 0.119601 1.054047 -4.559551
v 0.122281 1.050561 -4.558479
v 0.122201 1.048522 -4.555671
v 0.122201 1.048522 -4.552201
v 0.122281 1.050561 -4.549393
v 0.122410 1.053859 -4.548321
v 0.122540 1.057157 -4.549393
v 0.122620 1.059195 -4.552201
v 0.122620 1.059195 -4.555671
v 0.122540 1.057157 -4.558479
v 0.122410 1.053859 -4.559551
v 0.125220 1.050526 -4.558479
v 0.125255 1.048486 -4.555671
v 0.125255 1.048486 -4.552201
v 0.125220 1.050526 -4.549393
v 0.125164 1.053826 -4.548321
v 0.125108 1.057126 -4.549393
v 0.125073 1.059166 -4.552201
v 0.125073 1.059166 -4.555671
v 0.125108 1.057126 -4.558479
v 0.125164 1.053826 -4.559551
v 0.128093 1.050658 -4.558479
v 0.128248 1.048624 -4.555671
v 0.128248 1.048624 -4.552201
v 0.128093 1.050658 -4.549393
v 0.127842 1.053949 -4.548321
v 0.127591 1.057240 -4.549393
v 0.127437 1.059274 -4.552201
v 0.127437 1.059274 -4.555671
v 0.127591 1.057240 -4.558479
v 0.127842 1.053949 -4.559551
v 0.130884 1.050956 -4.558479
v 0.131165 1.048935 -4.555671
v 0.131165 1.048935 -4.552201
v 0.130884 1.050956 -4.549393
v 0.130429 1.054225 -4.548321
v 0.129973 1.057494 -4.549393
v 0.129692 1.059514 -4.552201
v 0.129692 1.059514 -4.555671
v 0.129973 1.057494 -4.558479
v 0.130429 1.054225 -4.559551
v 0.133578 1.051419 -4.558479
v 0.133992 1.049422 -4.555671
v 0.133992 1.049422 -4.552201
v 0.133578 1.051419 -4.549393
v 0.132908 1.054651 -4.548321
v 0.132238 1.057883 -4.549393
v 0.131824 1.059881 -4.552201
v 0.131824 1.059881 -4.555671
v 0.132238 1.057883 -4.558479
v 0.132908 1.054651 -4.559551
v 0.136161 1.052048 -4.558479
v 0.136714 1.050084 -4.555671
v 0.136714 1.050084 -4.552201
v 0.136161 1.052048 -4.549393
v 0.135266 1.055225 -4.548321
v 0.134371 1.058402 -4.549393
v 0.133817 1.060365 -4.552201
v 0.133817 1.060365 -4.555671
v 0.134371 1.058402 -4.558479
v 0.135266 1.055225 -4.559551
v 0.138621 1.052838 -4.558479
v 0.139319 1.050922 -4.555671
v 0.139319 1.050922 -4.552201
v 0.138621 1.052838 -4.549393
v 0.137491 1.055940 -4.548321
v 0.136361 1.059041 -4.549393
v 0.135663 1.060957 -4.552201
v 0.135663 1.060957 -4.555671
v 0.136361 1.059041 -4.558479
v 0.137491 1.055940 -4.559551
v 0.140945 1.053788 -4.558479
v 0.141793 1.051933 -4.555671
v 0.141793 1.051933 -4.552201
v 0.140945 1.053788 -4.549393
v 0.139573 1.056790 -4.548321
v 0.138201 1.059792 -4.549393
v 0.137353 1.061647 -4.552201
v 0.137353 1.061647 -4.555671
v 0.138201 1.059792 -4.558479
v 0.139573 1.056790 -4.559551
v 0.143121 1.054893 -4.558479
v 0.144122 1.053115 -4.555671
v 0.144122 1.053115 -4.552201
v 0.143121 1.054893 -4.549393
v 0.141502 1.057769 -4.548321
v 0.139883 1.060645 -4.549393
v 0.138883 1.062423 -4.552201
v 0.138883 1.062423 -4.555671
v 0.139883 1.060645 -4.558479
v 0.141502 1.057769 -4.559551
v 0.145138 1.056146 -4.558479
v 0.146292 1.054463 -4.555671
v 0.146292 1.054463 -4.552201
v 0.145138 1.056146 -4.549393
v 0.143272 1.058868 -4.548321
v 0.141406 1.061591 -4.549393
v 0.140253 1.063273 -4.552201
v 0.140253 1.063273 -4.555671
v 0.141406 1.061591 -4.558479
v 0.143272 1.058868 -4.559551
v 0.146985 1.057539 -4.558479
v 0.148289 1.055970 -4.555671
v 0.148289 1.055970 -4.552201
v 0.146985 1.057539 -4.549393
v 0.144877 1.060078 -4.548321
v 0.142768 1.062618 -4.549393
v 0.141465 1.064187 -4.552201
v 0.141465 1.064187 -4.555671
v 0.142768 1.062618 -4.558479
v 0.144877 1.060078 -4.559551
v 0.148652 1.059061 -4.558479
v 0.150099 1.057623 -4.555671
v 0.150099 1.057623 -4.552201
v 0.148652 1.059061 -4.549393
v 0.146312 1.061389 -4.548321
v 0.143972 1.063716 -4.549393
v 0.142526 1.065155 -4.552201
v 0.142526 1.065155 -4.555671
v 0.143972 1.063716 -4.558479
v 0.146312 1.061389 -4.559551
v 0.150131 1.060698 -4.558479
v 0.151710 1.059407 -4.555671
v 0.151710 1.059407 -4.552201
v 0.150131 1.060698 -4.549393
v 0.147576 1.062788 -4.548321
v 0.145021 1.064878 -4.549393
v 0.143442 1.066169 -4.552201
v 0.143442 1.066169 -4.555671
v 0.145021 1.064878 -4.558479
v 0.147576 1.062788 -4.559551
v 0.151414 1.062434 -4.558479
v 0.153112 1.061303 -4.555671
v 0.153112 1.061303 -4.552201
v 0.151414 1.062434 -4.549393
v 0.148667 1.064264 -4.548321
v 0.145920 1.066094 -4.549393
v 0.144222 1.067225 -4.552201
v 0.144222 1.067225 -4.555671
v 0.145920 1.066094 -4.558479
v 0.148667 1.064264 -4.559551
v 0.152499 1.064249 -4.558479
v 0.154299 1.063289 -4.555671
v 0.154299 1.063289 -4.552201
v 0.152499 1.064249 -4.549393
v 0.149586 1.065802 -4.548321
v 0.146674 1.067355 -4.549393
v 0.144874 1.068315 -4.552201
v 0.144874 1.068315 -4.555671
v 0.146674 1.067355 -4.558479
v 0.149586 1.065802 -4.559551
v 0.153385 1.066127 -4.558479
v 0.155270 1.065347 -4.555671
v 0.155270 1.065347 -4.552201
v 0.153385 1.066127 -4.549393
v 0.150335 1.067389 -4.548321
v 0.147286 1.068651 -4.549393
v 0.145401 1.069431 -4.552201
v 0.145401 1.069431 -4.555671
v 0.147286 1.068651 -4.558479
v 0.150335 1.067389 -4.559551
v 0.154074 1.068050 -4.558479
v 0.156025 1.067456 -4.555671
v 0.156025 1.067456 -4.552201
v 0.154074 1.068050 -4.549393
v 0.150916 1.069011 -4.548321
v 0.147758 1.069971 -4.549393
v 0.145807 1.070565 -4.552201
v 0.145807 1.070565 -4.555671
v 0.147758 1.069971 -4.558479
v 0.150916 1.069011 -4.559551
v 0.154566 1.070003 -4.558479
v 0.156566 1.069601 -4.555671
v 0.156566 1.069601 -4.552201
v 0.154566 1.070003 -4.549393
v 0.151330 1.070654 -4.548321
v 0.148094 1.071304 -4.549393
v 0.146094 1.071707 -4.552201
v 0.146094 1.071707 -4.555671
v 0.148094 1.071304 -4.558479
v 0.151330 1.070654 -4.559551
v 0.154863 1.071971 -4.558479
v 0.156893 1.071764 -4.555671
v 0.156893 1.071764 -4.552201
v 0.154863 1.071971 -4.549393
v 0.151580 1.072305 -4.548321
v 0.148296 1.072639 -4.549393
v 0.146267 1.072846 -4.552201
v 0.146267 1.072846 -4.555671
v 0.148296 1.072639 -4.558479
v 0.151580 1.072305 -4.559551
v 0.154967 1.073939 -4.558479
v 0.157007 1.073930 -4.555671
v 0.157007 1.073930 -4.552201
v 0.154967 1.073939 -4.549393
v 0.151667 1.073952 -4.548321
v 0.148366 1.073966 -4.549393
v 0.146326 1.073974 -4.552201
v 0.146326 1.073974 -4.555671
v 0.148366 1.073966 -4.558479
v 0.151667 1.073952 -4.559551
v 0.154880 1.075891 -4.558479
v 0.156911 1.076083 -4.555671
v 0.156911 1.076083 -4.552201
v 0.154880 1.075891 -4.549393
v 0.151594 1.075582 -4.548321
v 0.148308 1.075272 -4.549393
v 0.146277 1.075081 -4.552201
v 0.146277 1.075081 -4.555671
v 0.148308 1.075272 -4.558479
v 0.151594 1.075582 -4.559551
v 0.154603 1.077815 -4.558479
v 0.156605 1.078206 -4.555671
v 0.156605 1.078206 -4.552201
v 0.154603 1.077815 -4.549393
v 0.151363 1.077182 -4.548321
v 0.148124 1.076550 -4.549393
v 0.146122 1.076159 -4.552201
v 0.146122 1.076159 -4.555671
v 0.148124 1.076550 -4.558479
v 0.151363 1.077182 -4.559551
v 0.154138 1.079694 -4.558479
v 0.156091 1.080283 -4.555671
v 0.156091 1.080283 -4.552201
v 0.154138 1.079694 -4.549393
v 0.150978 1.078742 -4.548321
v 0.147817 1.077789 -4.549393
v 0.145864 1.077200 -4.552201
v 0.145864 1.077200 -4.555671
v 0.147817 1.077789 -4.558479
v 0.150978 1.078742 -4.559551
v 0.153487 1.081515 -4.558479
v 0.155371 1.082298 -4.555671
v 0.155371 1.082298 -4.552201
v 0.153487 1.081515 -4.549393
v 0.150439 1.080248 -4.548321
v 0.147392 1.078981 -4.549393
v 0.145508 1.078198 -4.552201
v 0.145508 1.078198 -4.555671
v 0.147392 1.078981 -4.558479
v 0.150439 1.080248 -4.559551
v 0.152654 1.083263 -4.558479
v 0.154448 1.084234 -4.555671
v 0.154448 1.084234 -4.552201
v 0.152654 1.083263 -4.549393
v 0.149751 1.081691 -4.548321
v 0.146849 1.080119 -4.549393
v 0.145055 1.079148 -4.552201
v 0.145055 1.079148 -4.555671
v 0.146849 1.080119 -4.558479
v 0.149751 1.081691 -4.559551
v 0.151642 1.084922 -4.558479
v 0.153325 1.086073 -4.555671
v 0.153325 1.086073 -4.552201
v 0.151642 1.084922 -4.549393
v 0.148917 1.083059 -4.548321
v 0.146192 1.081196 -4.549393
v 0.144508 1.080045 -4.552201
v 0.144508 1.080045 -4.555671
v 0.146192 1.081196 -4.558479
v 0.148917 1.083059 -4.559551
v 0.150455 1.086478 -4.558479
v 0.152010 1.087798 -4.555671
v 0.152010 1.087798 -4.552201
v 0.150455 1.086478 -4.549393
v 0.147939 1.084342 -4.548321
v 0.145422 1.082206 -4.549393
v 0.143867 1.080886 -4.552201
v 0.143867 1.080886 -4.555671
v 0.145422 1.082206 -4.558479
v 0.147939 1.084342 -4.559551
v 0.149101 1.087915 -4.558479
v 0.150510 1.089389 -4.555671
v 0.150510 1.089389 -4.552201
v 0.149101 1.087915 -4.549393
v 0.146820 1.085529 -4.548321
v 0.144539 1.083143 -4.549393
v 0.143129 1.081669 -4.552201
v 0.143129 1.081669 -4.555671
v 0.144539 1.083143 -4.558479
v 0.146820 1.085529 -4.559551
v 0.147585 1.089220 -4.558479
v 0.148835 1.090832 -4.555671
v 0.148835 1.090832 -4.552201
v 0.147585 1.089220 -4.549393
v 0.145564 1.086611 -4.548321
v 0.143542 1.084001 -4.549393
v 0.142293 1.082389 -4.552201
v 0.142293 1.082389 -4.555671
v 0.143542 1.084001 -4.558479
v 0.145564 1.086611 -4.559551
v 0.145918 1.090379 -4.558479
v 0.146996 1.092111 -4.555671
v 0.146996 1.092111 -4.552201
v 0.145918 1.090379 -4.549393
v 0.144174 1.087577 -4.548321
v 0.142430 1.084774 -4.549393
v 0.141352 1.083043 -4.552201
v 0.141352 1.083043 -4.555671
v 0.142430 1.084774 -4.558479
v 0.144174 1.087577 -4.559551
v 0.144108 1.091382 -4.558479
v 0.145006 1.093213 -4.555671
v 0.145006 1.093213 -4.552201
v 0.144108 1.091382 -4.549393
v 0.142654 1.088418 -4.548321
v 0.141201 1.085455 -4.549393
v 0.140302 1.083624 -4.552201
v 0.140302 1.083624 -4.555671
v 0.141201 1.085455 -4.558479
v 0.142654 1.088418 -4.559551
v 0.142165 1.092218 -4.558479
v 0.142879 1.094129 -4.555671
v 0.142879 1.094129 -4.552201
v 0.142165 1.092218 -4.549393
v 0.141008 1.089127 -4.548321
v 0.139852 1.086035 -4.549393
v 0.139137 1.084125 -4.552201
v 0.139137 1.084125 -4.555671
v 0.139852 1.086035 -4.558479
v 0.141008 1.089127 -4.559551
v 0.140101 1.092878 -4.558479
v 0.140630 1.094848 -4.555671
v 0.140630 1.094848 -4.552201
v 0.140101 1.092878 -4.549393
v 0.139244 1.089691 -4.548321
v 0.138388 1.086503 -4.549393
v 0.137858 1.084533 -4.552201
v 0.137858 1.084533 -4.555671
v 0.138388 1.086503 -4.558479
v 0.139244 1.089691 -4.559551
v 0.137933 1.093353 -4.558479
v 0.138275 1.095364 -4.555671
v 0.138275 1.095364 -4.552201
v 0.137933 1.093353 -4.549393
v 0.137379 1.090099 -4.548321
v 0.136825 1.086845 -4.549393
v 0.136482 1.084834 -4.552201
v 0.136482 1.084834 -4.555671
v 0.136825 1.086845 -4.558479
v 0.137379 1.090099 -4.559551
v 0.135679 1.093629 -4.558479
v 0.135829 1.095663 -4.555671
v 0.135829 1.095663 -4.552201
v 0.135679 1.093629 -4.549393
v 0.135436 1.090337 -4.548321
v 0.135194 1.087045 -4.549393
v 0.135044 1.085011 -4.552201
v 0.135044 1.085011 -4.555671
v 0.135194 1.087045 -4.558479
v 0.135436 1.090337 -4.559551
v 0.133362 1.093687 -4.558479
v 0.133308 1.095726 -4.555671
v 0.133308 1.095726 -4.552201
v 0.133362 1.093687 -4.549393
v 0.133450 1.090387 -4.548321
v 0.133538 1.087088 -4.549393
v 0.133592 1.085048 -4.552201
v 0.133592 1.085048 -4.555671
v 0.133538 1.087088 -4.558479
v 0.133450 1.090387 -4.559551
v 0.131010 1.093500 -4.558479
v 0.130731 1.095521 -4.555671
v 0.130731 1.095521 -4.552201
v 0.131010 1.093500 -4.549393
v 0.131461 1.090231 -4.548321
v 0.131912 1.086961 -4.549393
v 0.132190 1.084940 -4.552201
v 0.132190 1.084940 -4.555671
v 0.131912 1.086961 -4.558479
v 0.131461 1.090231 -4.559551
v 0.128655 1.093031 -4.558479
v 0.128121 1.095000 -4.555671
v 0.128121 1.095000 -4.552201
v 0.128655 1.093031 -4.549393
v 0.129518 1.089846 -4.548321
v 0.130382 1.086660 -4.549393
v 0.130915 1.084691 -4.552201
v 0.130915 1.084691 -4.555671
v 0.130382 1.086660 -4.558479
v 0.129518 1.089846 -4.559551
v 0.126341 1.092225 -4.558479
v 0.125513 1.094090 -4.555671
v 0.125513 1.094090 -4.552201
v 0.126341 1.092225 -4.549393
v 0.127681 1.089209 -4.548321
v 0.129020 1.086192 -4.549393
v 0.129848 1.084328 -4.552201
v 0.129848 1.084328 -4.555671
v 0.129020 1.086192 -4.558479
v 0.127681 1.089209 -4.559551
v 0.124134 1.091006 -4.558479
v 0.122971 1.092682 -4.555671
v 0.122971 1.092682 -4.552201
v 0.124134 1.091006 -4.549393
v 0.126014 1.088294 -4.548321
v 0.127895 1.085581 -4.549393
v 0.129057 1.083905 -4.552201
v 0.129057 1.083905 -4.555671
v 0.127895 1.085581 -4.558479
v 0.126014 1.088294 -4.559551
v 0.122147 1.089287 -4.558479
v 0.120635 1.090656 -4.555671
v 0.120635 1.090656 -4.552201
v 0.122147 1.089287 -4.549393
v 0.124594 1.087072 -4.548321
v 0.127041 1.084857 -4.549393
v 0.128553 1.083488 -4.552201
v 0.128553 1.083488 -4.555671
v 0.127041 1.084857 -4.558479
v 0.124594 1.087072 -4.559551
v 0.120564 1.087016 -4.558479
v 0.118748 1.087946 -4.555671
v 0.118748 1.087946 -4.552201
v 0.120564 1.087016 -4.549393
v 0.123502 1.085513 -4.548321
v 0.126440 1.084009 -4.549393
v 0.128256 1.083080 -4.552201
v 0.128256 1.083080 -4.555671
v 0.126440 1.084009 -4.558479
v 0.123502 1.085513 -4.559551
v 0.119595 1.084239 -4.558479
v 0.117596 1.084644 -4.555671
v 0.117596 1.084644 -4.552201
v 0.119595 1.084239 -4.549393
v 0.122830 1.083583 -4.548321
v 0.126065 1.082927 -4.549393
v 0.128064 1.082522 -4.552201
v 0.128064 1.082522 -4.555671
v 0.126065 1.082927 -4.558479
v 0.122830 1.083583 -4.559551
v 0.119382 1.081075 -4.558479
v 0.117345 1.080969 -4.555671
v 0.117345 1.080969 -4.552201
v 0.119382 1.081075 -4.549393
v 0.122678 1.081248 -4.548321
v 0.125974 1.081420 -4.549393
v 0.128011 1.081527 -4.552201
v 0.128011 1.081527 -4.555671
v 0.125974 1.081420 -4.558479
v 0.122678 1.081248 -4.559551
v 0.119967 1.077609 -4.558479
v 0.117998 1.077077 -4.555671
v 0.117998 1.077077 -4.552201
v 0.119967 1.077609 -4.549393
v 0.123154 1.078469 -4.548321
v 0.126340 1.079329 -4.549393
v 0.128310 1.079861 -4.552201
v 0.128310 1.079861 -4.555671
v 0.126340 1.079329 -4.558479
v 0.123154 1.078469 -4.559551
v 0.121374 1.073828 -4.558479
v 0.119521 1.072976 -4.555671
v 0.119521 1.072976 -4.552201
v 0.121374 1.073828 -4.549393
v 0.124373 1.075207 -4.548321
v 0.127372 1.076585 -4.549393
v 0.129226 1.077437 -4.552201
v 0.129226 1.077437 -4.555671
v 0.127372 1.076585 -4.558479
v 0.124373 1.075207 -4.559551
v 0.123666 1.069665 -4.558479
v 0.121938 1.068581 -4.555671
v 0.121938 1.068581 -4.552201
v 0.123666 1.069665 -4.549393
v 0.126462 1.071419 -4.548321
v 0.129258 1.073173 -4.549393
v 0.130986 1.074257 -4.552201
v 0.130986 1.074257 -4.555671
v 0.129258 1.073173 -4.558479
v 0.126462 1.071419 -4.559551
v 0.126950 1.065030 -4.558479
v 0.125342 1.063775 -4.555671
v 0.125342 1.063775 -4.552201
v 0.126950 1.065030 -4.549393
v 0.129552 1.067061 -4.548321
v 0.132153 1.069093 -4.549393
v 0.133761 1.070348 -4.552201
v 0.133761 1.070348 -4.555671
v 0.132153 1.069093 -4.558479
v 0.129552 1.067061 -4.559551
vn -0.514000 0.271200 -0.813800
vn -0.526800 0.246000 -0.813600
vn 0.008700 -0.004100 -0.999900
vn 0.009600 -0.005000 -0.999900
vn -0.840300 0.443400 -0.311800
vn -0.860900 0.402000 -0.311900
vn -0.840300 0.443400 0.311800
vn -0.860900 0.402000 0.311900
vn -0.514000 0.271200 0.813800
vn -0.526800 0.246000 0.813600
vn 0.009500 -0.005000 0.999900
vn 0.008600 -0.004100 0.999900
vn 0.526400 -0.277900 0.803500
vn 0.538100 -0.251400 0.804500
vn 0.842000 -0.444600 0.305500
vn 0.862400 -0.403100 0.306200
vn 0.841900 -0.444700 -0.305600
vn 0.862400 -0.403100 -0.306300
vn 0.526400 -0.278000 -0.803500
vn 0.538100 -0.251500 -0.804500
vn -0.547500 0.199400 -0.812700
vn 0.007200 -0.002600 -1.000000
vn -0.892900 0.325100 -0.311300
vn -0.892900 0.325100 0.311300
vn -0.547600 0.199400 0.812600
vn 0.007100 -0.002600 1.000000
vn 0.556900 -0.203000 0.805400
vn 0.894200 -0.326000 0.306800
vn 0.894200 -0.325900 -0.306800
vn 0.556900 -0.203000 -0.805400
vn -0.561100 0.161600 -0.811800
vn 0.005600 -0.001600 -1.000000
vn -0.913400 0.263100 -0.310700
vn -0.913400 0.263100 0.310700
vn -0.561100 0.161600 0.811800
vn 0.005600 -0.001600 1.000000
vn 0.568400 -0.163900 0.806200
vn 0.914300 -0.263600 0.307300
vn 0.914300 -0.263600 -0.307300
vn 0.568400 -0.163900 -0.806200
vn -0.569700 0.133000 -0.811000
vn 0.004100 -0.000900 -1.000000
vn -0.925700 0.216100 -0.310200
vn -0.925700 0.216100 0.310300
vn -0.569700 0.133000 0.811000
vn 0.004100 -0.000900 1.000000
vn 0.575000 -0.134300 0.807000
vn 0.926500 -0.216500 0.307700
vn 0.926500 -0.216500 -0.307800
vn 0.575000 -0.134300 -0.807000
vn -0.574900 0.113200 -0.810300
vn 0.002700 -0.000500 -1.000000
vn -0.932900 0.183600 -0.309800
vn -0.932900 0.183600 0.309800
vn -0.574900 0.113200 0.810300
vn 0.002700 -0.000500 1.000000
vn 0.578400 -0.113900 0.807700
vn 0.933400 -0.183800 0.308200
vn 0.933400 -0.183800 -0.308200
vn 0.578400 -0.113900 -0.807700
vn -0.578000 0.101600 -0.809600
vn 0.001300 -0.000200 -1.000000
vn -0.936600 0.164700 -0.309400
vn -0.936600 0.164600 0.309400
vn -0.578000 0.101600 0.809600
vn 0.001300 -0.000200 1.000000
vn 0.579700 -0.102000 0.808400
vn 0.936800 -0.164800 0.308600
vn 0.936800 -0.164700 -0.308600
vn 0.579700 -0.101900 -0.808400
vn -0.579500 0.097900 -0.809000
vn 0.000000 0.000000 -1.000000
vn -0.937800 0.158400 -0.309000
vn -0.937700 0.158400 0.309000
vn -0.579500 0.097900 0.809000
vn 0.000000 0.000000 1.000000
vn 0.579600 -0.097900 0.809000
vn 0.937800 -0.158400 0.309000
vn 0.937800 -0.158400 -0.309000
vn 0.579600 -0.097900 -0.809000
vn -0.579700 0.101500 -0.808400
vn -0.001100 0.000200 -1.000000
vn -0.936900 0.164100 -0.308600
vn -0.936900 0.164100 0.308600
vn -0.579700 0.101500 0.808400
vn -0.001200 0.000200 1.000000
vn 0.578200 -0.101200 0.809600
vn 0.936700 -0.164000 0.309400
vn 0.936700 -0.164000 -0.309400
vn 0.578200 -0.101200 -0.809600
vn -0.578500 0.112400 -0.807900
vn -0.002400 0.000500 -1.000000
vn -0.933800 0.181400 -0.308300
vn -0.933800 0.181400 0.308300
vn -0.578500 0.112400 0.807900
vn -0.002300 0.000500 1.000000
vn 0.575400 -0.111700 0.810200
vn 0.933400 -0.181200 0.309700
vn 0.933400 -0.181200 -0.309700
vn 0.575400 -0.111700 -0.810100
vn -0.575600 0.130200 -0.807300
vn -0.003500 0.000800 -1.000000
vn -0.927900 0.209900 -0.308000
vn -0.927900 0.209900 0.308000
vn -0.575500 0.130200 0.807300
vn -0.003500 0.000800 1.000000
vn 0.571000 -0.129100 0.810700
vn 0.927300 -0.209600 0.310100
vn 0.927300 -0.209600 -0.310100
vn 0.571000 -0.129100 -0.810700
vn -0.570300 0.154900 -0.806700
vn -0.004600 0.001300 -1.000000
vn -0.918200 0.249400 -0.307600
vn -0.918200 0.249400 0.307600
vn -0.570200 0.154900 0.806700
vn -0.004600 0.001300 1.000000
vn 0.564200 -0.153100 0.811300
vn 0.917400 -0.249000 0.310400
vn 0.917400 -0.249000 -0.310400
vn 0.564200 -0.153100 -0.811300
vn -0.561600 0.186000 -0.806200
vn -0.005600 0.001900 -1.000000
vn -0.903300 0.299200 -0.307300
vn -0.903300 0.299200 0.307300
vn -0.561600 0.186000 0.806200
vn -0.005600 0.001900 1.000000
vn 0.554300 -0.183400 0.811900
vn 0.902300 -0.298600 0.310800
vn 0.902300 -0.298600 -0.310700
vn 0.554300 -0.183400 -0.811800
vn -0.548800 0.222900 -0.805700
vn -0.006500 0.002700 -1.000000
vn -0.881700 0.358200 -0.307000
vn -0.881700 0.358200 0.307000
vn -0.548800 0.222900 0.805700
vn -0.006500 0.002700 1.000000
vn 0.540300 -0.219300 0.812400
vn 0.880600 -0.357400 0.311100
vn 0.880600 -0.357500 -0.311100
vn 0.540300 -0.219300 -0.812400
vn -0.530700 0.264500 -0.805200
vn -0.007100 0.003600 -0.999900
vn -0.851800 0.424600 -0.306700
vn -0.851900 0.424600 0.306700
vn -0.530700 0.264500 0.805200
vn -0.007100 0.003600 0.999900
vn 0.521400 -0.259700 0.812800
vn 0.850600 -0.423600 0.311400
vn 0.850600 -0.423700 -0.311400
vn 0.521300 -0.259700 -0.812800
vn -0.506700 0.308800 -0.804900
vn -0.007400 0.004500 -0.999900
vn -0.812800 0.495400 -0.306500
vn -0.812800 0.495400 0.306500
vn -0.506700 0.308800 0.804900
vn -0.007500 0.004500 0.999900
vn 0.497000 -0.302800 0.813200
vn 0.811500 -0.494300 0.311600
vn 0.811500 -0.494400 -0.311600
vn 0.497000 -0.302800 -0.813200
vn -0.476800 0.353700 -0.804700
vn -0.007400 0.005400 -0.999900
vn -0.764500 0.567100 -0.306300
vn -0.764500 0.567100 0.306400
vn -0.476900 0.353700 0.804700
vn -0.007400 0.005400 0.999900
vn 0.467200 -0.346500 0.813400
vn 0.763200 -0.566000 0.311700
vn 0.763200 -0.566000 -0.311700
vn 0.467200 -0.346500 -0.813400
vn -0.441900 0.396500 -0.804600
vn -0.006900 0.006100 -0.999900
vn -0.708500 0.635800 -0.306300
vn -0.708500 0.635800 0.306300
vn -0.441900 0.396500 0.804700
vn -0.006800 0.006100 0.999900
vn 0.432900 -0.388500 0.813400
vn 0.707100 -0.634600 0.311700
vn 0.707100 -0.634600 -0.311700
vn 0.432900 -0.388500 -0.813400
vn -0.403300 0.435600 -0.804700
vn -0.006200 0.006600 -0.999900
vn -0.646700 0.698500 -0.306400
vn -0.646700 0.698500 0.306400
vn -0.403300 0.435600 0.804700
vn -0.006100 0.006600 0.999900
vn 0.395200 -0.427000 0.813300
vn 0.645400 -0.697300 0.311700
vn 0.645400 -0.697300 -0.311700
vn 0.395200 -0.427000 -0.813300
vn -0.362200 0.470100 -0.804900
vn -0.005300 0.006900 -0.999900
vn -0.581000 0.754000 -0.306500
vn -0.581000 0.754000 0.306500
vn -0.362200 0.470100 0.804800
vn -0.005400 0.006900 0.999900
vn 0.355100 -0.461000 0.813200
vn 0.579900 -0.752700 0.311600
vn 0.579900 -0.752700 -0.311600
vn 0.355100 -0.461000 -0.813200
vn -0.319400 0.499900 -0.805000
vn -0.004600 0.007200 -0.999900
vn -0.512600 0.802100 -0.306600
vn -0.512500 0.802100 0.306600
vn -0.319400 0.499900 0.805000
vn -0.004600 0.007200 0.999900
vn 0.313400 -0.490600 0.813100
vn 0.511600 -0.800700 0.311500
vn 0.511600 -0.800700 -0.311500
vn 0.313400 -0.490600 -0.813100
vn -0.275600 0.525200 -0.805100
vn -0.003800 0.007300 -0.999900
vn -0.442300 0.842800 -0.306600
vn -0.442300 0.842800 0.306600
vn -0.275600 0.525200 0.805100
vn -0.003800 0.007300 0.999900
vn 0.270500 -0.515600 0.813000
vn 0.441500 -0.841500 0.311500
vn 0.441500 -0.841500 -0.311500
vn 0.270500 -0.515600 -0.813000
vn -0.231200 0.546000 -0.805200
vn -0.003100 0.007400 -0.999900
vn -0.371100 0.876500 -0.306700
vn -0.371000 0.876500 0.306700
vn -0.231100 0.546000 0.805200
vn -0.003100 0.007400 0.999900
vn 0.227000 -0.536400 0.812800
vn 0.370400 -0.875100 0.311400
vn 0.370400 -0.875100 -0.311400
vn 0.227000 -0.536400 -0.812800
vn -0.186500 0.562700 -0.805300
vn -0.002400 0.007400 -1.000000
vn -0.299400 0.903500 -0.306700
vn -0.299400 0.903500 0.306700
vn -0.186400 0.562700 0.805300
vn -0.002400 0.007400 0.999900
vn 0.183200 -0.553000 0.812700
vn 0.298800 -0.902100 0.311300
vn 0.298800 -0.902100 -0.311300
vn 0.183200 -0.553000 -0.812700
vn -0.141700 0.575500 -0.805400
vn -0.001800 0.007400 -1.000000
vn -0.227500 0.924200 -0.306800
vn -0.227500 0.924200 0.306800
vn -0.141700 0.575500 0.805400
vn -0.001800 0.007400 1.000000
vn 0.139300 -0.565800 0.812600
vn 0.227100 -0.922800 0.311300
vn 0.227100 -0.922800 -0.311300
vn 0.139300 -0.565800 -0.812600
vn -0.097000 0.584600 -0.805400
vn -0.001200 0.007400 -1.000000
vn -0.155900 0.938900 -0.306800
vn -0.155900 0.938900 0.306800
vn -0.097000 0.584600 0.805400
vn -0.001200 0.007400 1.000000
vn 0.095400 -0.574900 0.812600
vn 0.155600 -0.937500 0.311200
vn 0.155600 -0.937500 -0.311200
vn 0.095400 -0.575000 -0.812600
vn -0.052600 0.590200 -0.805500
vn -0.000600 0.007400 -1.000000
vn -0.084500 0.948000 -0.306900
vn -0.084500 0.948000 0.306900
vn -0.052600 0.590200 0.805500
vn -0.000600 0.007400 1.000000
vn 0.051700 -0.580600 0.812500
vn 0.084300 -0.946600 0.311200
vn 0.084300 -0.946600 -0.311200
vn 0.051700 -0.580600 -0.812500
vn -0.008400 0.592500 -0.805500
vn -0.000100 0.007300 -1.000000
vn -0.013500 0.951600 -0.306900
vn -0.013500 0.951600 0.306900
vn -0.008400 0.592500 0.805500
vn -0.000100 0.007300 1.000000
vn 0.008200 -0.582900 0.812500
vn 0.013400 -0.950200 0.311200
vn 0.013400 -0.950200 -0.311200
vn 0.008300 -0.582900 -0.812500
vn 0.035500 0.591400 -0.805600
vn 0.000400 0.007200 -1.000000
vn 0.057000 0.950000 -0.306900
vn 0.057000 0.950000 0.306900
vn 0.035500 0.591400 0.805600
vn 0.000400 0.007200 1.000000
vn -0.034900 -0.581900 0.812500
vn -0.056900 -0.948600 0.311200
vn -0.056900 -0.948600 -0.311200
vn -0.034900 -0.581900 -0.812500
vn 0.079000 0.587200 -0.805600
vn 0.000900 0.007200 -1.000000
vn 0.126900 0.943200 -0.306900
vn 0.126900 0.943200 0.306900
vn 0.079000 0.587200 0.805600
vn 0.001000 0.007200 1.000000
vn -0.077800 -0.577800 0.812500
vn -0.126800 -0.941800 0.311200
vn -0.126700 -0.941900 -0.311200
vn -0.077700 -0.577800 -0.812500
vn 0.122000 0.579800 -0.805600
vn 0.001500 0.007000 -1.000000
vn 0.195900 0.931300 -0.306900
vn 0.195900 0.931300 0.306900
vn 0.122000 0.579800 0.805600
vn 0.001400 0.007000 1.000000
vn -0.120100 -0.570500 0.812400
vn -0.195700 -0.930000 0.311100
vn -0.195700 -0.930000 -0.311100
vn -0.120000 -0.570500 -0.812500
vn 0.164100 0.569300 -0.805600
vn 0.002000 0.006900 -1.000000
vn 0.263700 0.914500 -0.306900
vn 0.263700 0.914500 0.306900
vn 0.164200 0.569300 0.805600
vn 0.002000 0.006900 1.000000
vn -0.161600 -0.560200 0.812400
vn -0.263300 -0.913100 0.311100
vn -0.263300 -0.913100 -0.311100
vn -0.161500 -0.560200 -0.812400
vn 0.205200 0.555700 -0.805600
vn 0.002500 0.006700 -1.000000
vn 0.329800 0.892800 -0.306900
vn 0.329800 0.892800 0.306900
vn 0.205300 0.555700 0.805600
vn 0.002500 0.006700 1.000000
vn -0.202000 -0.546900 0.812400
vn -0.329300 -0.891500 0.311100
vn -0.329300 -0.891500 -0.311100
vn -0.202000 -0.546900 -0.812400
vn 0.244900 0.539400 -0.805700
vn 0.002900 0.006400 -1.000000
vn 0.393500 0.866500 -0.307000
vn 0.393500 0.866600 0.307000
vn 0.244900 0.539400 0.805600
vn 0.003000 0.006400 1.000000
vn -0.241100 -0.530900 0.812400
vn -0.393000 -0.865300 0.311100
vn -0.393000 -0.865300 -0.311100
vn -0.241100 -0.530900 -0.812400
vn 0.282600 0.520500 -0.805700
vn 0.003300 0.006100 -1.000000
vn 0.454200 0.836300 -0.307000
vn 0.454200 0.836300 0.307000
vn 0.282700 0.520500 0.805700
vn 0.003300 0.006100 1.000000
vn -0.278300 -0.512500 0.812300
vn -0.453600 -0.835100 0.311100
vn -0.453600 -0.835100 -0.311100
vn -0.278300 -0.512500 -0.812300
vn 0.318100 0.499400 -0.805800
vn 0.003600 0.005700 -1.000000
vn 0.511300 0.802700 -0.307000
vn 0.511300 0.802700 0.307000
vn 0.318100 0.499400 0.805800
vn 0.003600 0.005700 1.000000
vn -0.313400 -0.491900 0.812200
vn -0.510600 -0.801500 0.311000
vn -0.510600 -0.801500 -0.311000
vn -0.313400 -0.492000 -0.812300
vn 0.351100 0.476600 -0.805900
vn 0.003900 0.005300 -1.000000
vn 0.564400 0.766200 -0.307100
vn 0.564400 0.766200 0.307100
vn 0.351100 0.476600 0.805900
vn 0.003900 0.005300 1.000000
vn -0.346100 -0.469700 0.812100
vn -0.563800 -0.765100 0.311000
vn -0.563800 -0.765100 -0.311000
vn -0.346100 -0.469700 -0.812100
vn 0.381700 0.452400 -0.806000
vn 0.004100 0.004900 -1.000000
vn 0.613600 0.727400 -0.307100
vn 0.613600 0.727400 0.307200
vn 0.381700 0.452400 0.806000
vn 0.004200 0.004900 1.000000
vn -0.376300 -0.446000 0.812100
vn -0.612900 -0.726400 0.310900
vn -0.612900 -0.726400 -0.310900
vn -0.376300 -0.446000 -0.812000
vn 0.409700 0.427000 -0.806100
vn 0.004300 0.004500 -1.000000
vn 0.658900 0.686700 -0.307200
vn 0.658800 0.686700 0.307200
vn 0.409700 0.427000 0.806100
vn 0.004300 0.004500 1.000000
vn -0.404100 -0.421100 0.812000
vn -0.658100 -0.685800 0.310900
vn -0.658100 -0.685700 -0.310800
vn -0.404200 -0.421100 -0.811900
vn 0.435500 0.400600 -0.806100
vn 0.004500 0.004100 -1.000000
vn 0.700300 0.644300 -0.307200
vn 0.700300 0.644300 0.307200
vn 0.435500 0.400600 0.806100
vn 0.004400 0.004100 1.000000
vn -0.429700 -0.395200 0.811900
vn -0.699500 -0.643400 0.310800
vn -0.699500 -0.643400 -0.310800
vn -0.429600 -0.395200 -0.811900
vn 0.459000 0.373300 -0.806200
vn 0.004600 0.003700 -1.000000
vn 0.738300 0.600400 -0.307300
vn 0.738300 0.600400 0.307300
vn 0.459000 0.373300 0.806200
vn 0.004600 0.003700 1.000000
vn -0.453000 -0.368300 0.811800
vn -0.737400 -0.599600 0.310700
vn -0.737400 -0.599600 -0.310800
vn -0.453000 -0.368400 -0.811800
vn 0.480500 0.345000 -0.806200
vn 0.004800 0.003400 -1.000000
vn 0.773000 0.555000 -0.307300
vn 0.773000 0.555000 0.307300
vn 0.480500 0.345000 0.806200
vn 0.004800 0.003400 1.000000
vn -0.474300 -0.340600 0.811800
vn -0.772100 -0.554300 0.310700
vn -0.772100 -0.554400 -0.310800
vn -0.474300 -0.340600 -0.811800
vn 0.500200 0.315800 -0.806200
vn 0.004900 0.003100 -1.000000
vn 0.804600 0.508100 -0.307300
vn 0.804600 0.508100 0.307300
vn 0.500200 0.315800 0.806200
vn 0.004900 0.003100 1.000000
vn -0.493700 -0.311800 0.811800
vn -0.803600 -0.507500 0.310700
vn -0.803600 -0.507500 -0.310700
vn -0.493700 -0.311800 -0.811800
vn 0.518100 0.285600 -0.806200
vn 0.005100 0.002800 -1.000000
vn 0.833400 0.459400 -0.307300
vn 0.833400 0.459400 0.307300
vn 0.518100 0.285600 0.806200
vn 0.005100 0.002800 1.000000
vn -0.511300 -0.281900 0.811800
vn -0.832400 -0.458900 0.310700
vn -0.832400 -0.458900 -0.310700
vn -0.511300 -0.281900 -0.811800
vn 0.534300 0.254000 -0.806200
vn 0.005300 0.002500 -1.000000
vn 0.859400 0.408600 -0.307300
vn 0.859400 0.408600 0.307300
vn 0.534300 0.254000 0.806200
vn 0.005400 0.002500 1.000000
vn -0.527200 -0.250700 0.811900
vn -0.858400 -0.408200 0.310800
vn -0.858400 -0.408200 -0.310800
vn -0.527300 -0.250700 -0.811800
vn 0.548900 0.221000 -0.806100
vn 0.005600 0.002300 -1.000000
vn 0.882800 0.355400 -0.307200
vn 0.882800 0.355400 0.307200
vn 0.548900 0.221000 0.806100
vn 0.005600 0.002300 1.000000
vn -0.541500 -0.218000 0.811900
vn -0.881600 -0.355000 0.310800
vn -0.881600 -0.355000 -0.310800
vn -0.541500 -0.218000 -0.811900
vn 0.561800 0.186100 -0.806000
vn 0.006000 0.002000 -1.000000
vn 0.903400 0.299200 -0.307200
vn 0.903400 0.299200 0.307200
vn 0.561800 0.186100 0.806000
vn 0.006000 0.002000 1.000000
vn -0.554000 -0.183600 0.812000
vn -0.902200 -0.299000 0.310900
vn -0.902200 -0.299000 -0.310900
vn -0.554000 -0.183600 -0.812000
vn 0.573000 0.149100 -0.805900
vn 0.006300 0.001600 -1.000000
vn 0.921000 0.239700 -0.307100
vn 0.921000 0.239700 0.307100
vn 0.572900 0.149100 0.805900
vn 0.006300 0.001600 1.000000
vn -0.564600 -0.147000 0.812100
vn -0.919700 -0.239600 0.310900
vn -0.919700 -0.239600 -0.311000
vn -0.564600 -0.147000 -0.812100
vn 0.582000 0.109700 -0.805700
vn 0.006800 0.001300 -1.000000
vn 0.935200 0.176300 -0.307000
vn 0.935200 0.176300 0.307000
vn 0.582000 0.109700 0.805700
vn 0.006700 0.001300 1.000000
vn -0.573100 -0.108200 0.812300
vn -0.933900 -0.176300 0.311000
vn -0.933900 -0.176300 -0.311000
vn -0.573100 -0.108200 -0.812300
vn 0.588600 0.067700 -0.805600
vn 0.007200 0.000800 -1.000000
vn 0.945500 0.108700 -0.306900
vn 0.945500 0.108700 0.306900
vn 0.588600 0.067700 0.805600
vn 0.007300 0.000800 1.000000
vn -0.579100 -0.066700 0.812500
vn -0.944100 -0.108800 0.311200
vn -0.944100 -0.108800 -0.311200
vn -0.579100 -0.066700 -0.812500
vn 0.592300 0.022800 -0.805400
vn 0.007700 0.000300 -1.000000
vn 0.951000 0.036500 -0.306800
vn 0.951100 0.036500 0.306800
vn 0.592300 0.022800 0.805400
vn 0.007700 0.000300 1.000000
vn -0.582200 -0.022500 0.812700
vn -0.949600 -0.036800 0.311300
vn -0.949600 -0.036800 -0.311300
vn -0.582300 -0.022500 -0.812700
vn 0.592500 -0.025000 -0.805100
vn 0.008100 -0.000300 -0.999900
vn 0.951000 -0.040200 -0.306600
vn 0.951000 -0.040200 0.306600
vn 0.592500 -0.025000 0.805100
vn 0.008100 -0.000300 0.999900
vn -0.581800 0.024400 0.812900
vn -0.949400 0.039700 0.311400
vn -0.949400 0.039700 -0.311500
vn -0.581900 0.024400 -0.812900
vn 0.588500 -0.075400 -0.805000
vn 0.008500 -0.001100 -0.999900
vn 0.944100 -0.120900 -0.306500
vn 0.944200 -0.120900 0.306500
vn 0.588500 -0.075400 0.805000
vn 0.008500 -0.001100 0.999900
vn -0.577400 0.073800 0.813100
vn -0.942600 0.120400 0.311500
vn -0.942500 0.120400 -0.311600
vn -0.577300 0.073800 -0.813100
vn 0.579700 -0.127300 -0.804800
vn 0.008600 -0.001900 -0.999900
vn 0.929700 -0.204200 -0.306400
vn 0.929700 -0.204200 0.306400
vn 0.579700 -0.127300 0.804800
vn 0.008700 -0.001900 0.999900
vn -0.568300 0.124700 0.813300
vn -0.928100 0.203600 0.311700
vn -0.928100 0.203600 -0.311700
vn -0.568300 0.124700 -0.813300
vn 0.565700 -0.179700 -0.804700
vn 0.008600 -0.002700 -0.999900
vn 0.907300 -0.288100 -0.306400
vn 0.907300 -0.288100 0.306400
vn 0.565800 -0.179700 0.804700
vn 0.008600 -0.002700 0.999900
vn -0.554500 0.176000 0.813300
vn -0.905600 0.287500 0.311700
vn -0.905600 0.287500 -0.311700
vn -0.554500 0.176000 -0.813300
vn 0.546800 -0.231100 -0.804700
vn 0.008400 -0.003500 -0.999900
vn 0.876800 -0.370500 -0.306400
vn 0.876800 -0.370500 0.306300
vn 0.546800 -0.231100 0.804700
vn 0.008400 -0.003500 0.999900
vn -0.535800 0.226500 0.813300
vn -0.875200 0.369900 0.311700
vn -0.875200 0.369900 -0.311700
vn -0.535800 0.226500 -0.813300
vn 0.523200 -0.280300 -0.804800
vn 0.007900 -0.004200 -0.999900
vn 0.839100 -0.449400 -0.306400
vn 0.839100 -0.449400 0.306400
vn 0.523300 -0.280200 0.804700
vn 0.007900 -0.004200 0.999900
vn -0.512800 0.274700 0.813300
vn -0.837500 0.448700 0.311700
vn -0.837500 0.448700 -0.311700
vn -0.512800 0.274800 -0.813300
vn 0.495700 -0.326100 -0.804900
vn 0.007200 -0.004800 -0.999900
vn 0.795300 -0.523000 -0.306500
vn 0.795300 -0.523000 0.306500
vn 0.495800 -0.326000 0.804900
vn 0.007300 -0.004800 0.999900
vn -0.486200 0.319900 0.813200
vn -0.793800 0.522300 0.311600
vn -0.793800 0.522300 -0.311600
vn -0.486200 0.319900 -0.813200
vn 0.465400 -0.367800 -0.805000
vn 0.006600 -0.005200 -0.999900
vn 0.746800 -0.590100 -0.306600
vn 0.746800 -0.590100 0.306600
vn 0.465400 -0.367800 0.805000
vn 0.006600 -0.005200 0.999900
vn -0.456700 0.361100 0.813000
vn -0.745400 0.589300 0.311500
vn -0.745400 0.589300 -0.311500
vn -0.456700 0.361100 -0.813000
vn 0.433000 -0.405000 -0.805200
vn 0.005800 -0.005400 -0.999900
vn 0.695200 -0.650100 -0.306700
vn 0.695200 -0.650100 0.306700
vn 0.433100 -0.405000 0.805200
vn 0.005800 -0.005400 0.999900
vn -0.425300 0.398000 0.812800
vn -0.693800 0.649300 0.311400
vn -0.693800 0.649300 -0.311400
vn -0.425300 0.398000 -0.812800
vn 0.399600 -0.437600 -0.805400
vn 0.005000 -0.005500 -1.000000
vn 0.641800 -0.702800 -0.306800
vn 0.641700 -0.702800 0.306800
vn 0.399600 -0.437600 0.805400
vn 0.005100 -0.005500 1.000000
vn -0.392900 0.430500 0.812600
vn -0.640600 0.702000 0.311200
vn -0.640500 0.702000 -0.311300
vn -0.392800 0.430500 -0.812600
vn 0.365900 -0.465900 -0.805700
vn 0.004300 -0.005600 -1.000000
vn 0.587800 -0.748500 -0.306900
vn 0.587800 -0.748500 0.307000
vn 0.365900 -0.465900 0.805600
vn 0.004400 -0.005500 1.000000
vn -0.360000 0.458700 0.812400
vn -0.586700 0.747600 0.311100
vn -0.586700 0.747600 -0.311100
vn -0.360000 0.458700 -0.812400
vn 0.332300 -0.490000 -0.805800
vn 0.003700 -0.005500 -1.000000
vn 0.534100 -0.787600 -0.307000
vn 0.534100 -0.787700 0.307000
vn 0.332300 -0.490000 0.805800
vn 0.003700 -0.005500 1.000000
vn -0.327300 0.482900 0.812200
vn -0.533200 0.786700 0.311000
vn -0.533200 0.786700 -0.311000
vn -0.327300 0.482900 -0.812200
vn 0.299400 -0.510500 -0.806000
vn 0.003100 -0.005400 -1.000000
vn 0.481400 -0.820900 -0.307200
vn 0.481400 -0.820900 0.307200
vn 0.299400 -0.510500 0.806000
vn 0.003200 -0.005400 1.000000
vn -0.295100 0.503500 0.812000
vn -0.480600 0.820000 0.310900
vn -0.480600 0.820000 -0.310900
vn -0.295100 0.503500 -0.812000
vn 0.267200 -0.527800 -0.806200
vn 0.002700 -0.005200 -1.000000
vn 0.429800 -0.849000 -0.307300
vn 0.429800 -0.849000 0.307300
vn 0.267200 -0.527800 0.806200
vn 0.002700 -0.005200 1.000000
vn -0.263600 0.521000 0.811800
vn -0.429200 0.848100 0.310700
vn -0.429100 0.848100 -0.310700
vn -0.263600 0.521000 -0.811800
vn 0.235900 -0.542300 -0.806400
vn 0.002300 -0.005100 -1.000000
vn 0.379500 -0.872600 -0.307400
vn 0.379600 -0.872600 0.307400
vn 0.235900 -0.542300 0.806400
vn 0.002300 -0.005100 1.000000
vn -0.232900 0.535600 0.811700
vn -0.379000 0.871700 0.310600
vn -0.379000 0.871700 -0.310600
vn -0.232900 0.535600 -0.811700
vn 0.205300 -0.554400 -0.806500
vn 0.001900 -0.005000 -1.000000
vn 0.330500 -0.892300 -0.307400
vn 0.330500 -0.892300 0.307400
vn 0.205400 -0.554400 0.806500
vn 0.001900 -0.005000 1.000000
vn -0.202800 0.547900 0.811500
vn -0.330000 0.891400 0.310600
vn -0.330000 0.891400 -0.310600
vn -0.202800 0.547900 -0.811500
vn 0.175400 -0.564500 -0.806500
vn 0.001500 -0.004900 -1.000000
vn 0.282300 -0.908700 -0.307500
vn 0.282300 -0.908700 0.307500
vn 0.175400 -0.564500 0.806500
vn 0.001500 -0.004900 1.000000
vn -0.173300 0.558100 0.811500
vn -0.282000 0.907700 0.310500
vn -0.281900 0.907800 -0.310500
vn -0.173300 0.558100 -0.811500
vn 0.145700 -0.572800 -0.806600
vn 0.001200 -0.004900 -1.000000
vn 0.234600 -0.922100 -0.307500
vn 0.234600 -0.922100 0.307500
vn 0.145700 -0.572800 0.806600
vn 0.001200 -0.004900 1.000000
vn -0.144100 0.566400 0.811400
vn -0.234400 0.921200 0.310500
vn -0.234400 0.921200 -0.310500
vn -0.144100 0.566400 -0.811400
vn 0.116000 -0.579500 -0.806600
vn 0.000900 -0.004900 -1.000000
vn 0.186800 -0.933000 -0.307500
vn 0.186800 -0.933000 0.307500
vn 0.116100 -0.579500 0.806600
vn 0.001000 -0.004900 1.000000
vn -0.114700 0.573000 0.811400
vn -0.186700 0.932000 0.310500
vn -0.186700 0.932000 -0.310500
vn -0.114800 0.573000 -0.811400
vn 0.086000 -0.584800 -0.806600
vn 0.000700 -0.005000 -1.000000
vn 0.138400 -0.941400 -0.307500
vn 0.138400 -0.941400 0.307500
vn 0.086000 -0.584800 0.806600
vn 0.000700 -0.005000 1.000000
vn -0.085000 0.578200 0.811500
vn -0.138300 0.940400 0.310500
vn -0.138300 0.940400 -0.310500
vn -0.085000 0.578200 -0.811500
vn 0.055100 -0.588600 -0.806500
vn 0.000500 -0.005200 -1.000000
vn 0.088700 -0.947400 -0.307500
vn 0.088700 -0.947400 0.307500
vn 0.055100 -0.588600 0.806500
vn 0.000500 -0.005200 1.000000
vn -0.054500 0.581800 0.811500
vn -0.088700 0.946400 0.310600
vn -0.088700 0.946400 -0.310600
vn -0.054400 0.581800 -0.811500
vn 0.023200 -0.590800 -0.806400
vn 0.000200 -0.005400 -1.000000
vn 0.037300 -0.950800 -0.307400
vn 0.037400 -0.950800 0.307400
vn 0.023200 -0.590800 0.806400
vn 0.000200 -0.005400 1.000000
vn -0.022900 0.583800 0.811600
vn -0.037400 0.949800 0.310600
vn -0.037400 0.949800 -0.310600
vn -0.022900 0.583800 -0.811600
vn -0.010100 -0.591400 -0.806300
vn -0.000100 -0.005600 -1.000000
vn -0.016200 -0.951400 -0.307400
vn -0.016200 -0.951400 0.307400
vn -0.010000 -0.591400 0.806300
vn -0.000100 -0.005600 1.000000
vn 0.009900 0.583900 0.811700
vn 0.016100 0.950300 0.310700
vn 0.016000 0.950300 -0.310700
vn 0.009900 0.583900 -0.811700
vn -0.045000 -0.589900 -0.806200
vn -0.000500 -0.005900 -1.000000
vn -0.072400 -0.948900 -0.307300
vn -0.072400 -0.948900 0.307300
vn -0.045000 -0.589900 0.806200
vn -0.000500 -0.005900 1.000000
vn 0.044300 0.582200 0.811900
vn 0.072100 0.947700 0.310800
vn 0.072100 0.947700 -0.310800
vn 0.044300 0.582100 -0.811900
vn -0.081700 -0.586200 -0.806000
vn -0.000900 -0.006200 -1.000000
vn -0.131300 -0.942500 -0.307200
vn -0.131300 -0.942500 0.307200
vn -0.081600 -0.586200 0.806000
vn -0.000900 -0.006200 1.000000
vn 0.080400 0.578100 0.812000
vn 0.131000 0.941400 0.310900
vn 0.130900 0.941400 -0.310900
vn 0.080400 0.578100 -0.812000
vn -0.120200 -0.579800 -0.805800
vn -0.001300 -0.006500 -1.000000
vn -0.193300 -0.931900 -0.307000
vn -0.193300 -0.931900 0.307000
vn -0.120200 -0.579800 0.805800
vn -0.001400 -0.006500 1.000000
vn 0.118300 0.571200 0.812200
vn 0.192800 0.930600 0.311000
vn 0.192800 0.930600 -0.311000
vn 0.118400 0.571200 -0.812200
vn -0.160700 -0.570200 -0.805600
vn -0.001900 -0.006800 -1.000000
vn -0.258200 -0.916000 -0.306900
vn -0.258200 -0.916000 0.306900
vn -0.160700 -0.570200 0.805600
vn -0.001900 -0.006800 1.000000
vn 0.158100 0.561200 0.812400
vn 0.257600 0.914800 0.311100
vn 0.257500 0.914800 -0.311100
vn 0.158100 0.561200 -0.812400
vn -0.202900 -0.556800 -0.805400
vn -0.002600 -0.007100 -1.000000
vn -0.326000 -0.894200 -0.306800
vn -0.325900 -0.894200 0.306800
vn -0.202900 -0.556900 0.805400
vn -0.002600 -0.007100 1.000000
vn 0.199300 0.547600 0.812600
vn 0.325100 0.893000 0.311300
vn 0.325100 0.893000 -0.311300
vn 0.199400 0.547600 -0.812600
vn -0.246600 -0.539300 -0.805200
vn -0.003400 -0.007300 -0.999900
vn -0.395800 -0.865600 -0.306700
vn -0.395800 -0.865600 0.306700
vn -0.246500 -0.539300 0.805200
vn -0.003300 -0.007300 0.999900
vn 0.242000 0.529800 0.812800
vn 0.394800 0.864400 0.311400
vn 0.394800 0.864400 -0.311400
vn 0.242000 0.529800 -0.812800
vn -0.291100 -0.517000 -0.805000
vn -0.004200 -0.007400 -0.999900
vn -0.467000 -0.829400 -0.306600
vn -0.467000 -0.829400 0.306500
vn -0.291100 -0.517000 0.805000
vn -0.004100 -0.007400 0.999900
vn 0.285500 0.507400 0.813000
vn 0.465800 0.828200 0.311500
vn 0.465900 0.828200 -0.311500
vn 0.285400 0.507400 -0.813000
vn -0.335600 -0.489500 -0.804800
vn -0.005100 -0.007300 -0.999900
vn -0.538300 -0.785000 -0.306400
vn -0.538300 -0.785000 0.306400
vn -0.335700 -0.489500 0.804800
vn -0.005000 -0.007300 0.999900
vn 0.328900 0.480000 0.813300
vn 0.537000 0.783900 0.311700
vn 0.537100 0.783800 -0.311700
vn 0.328900 0.480000 -0.813300
vn -0.379400 -0.456700 -0.804600
vn -0.006000 -0.007100 -0.999900
vn -0.608200 -0.732200 -0.306300
vn -0.608200 -0.732200 0.306300
vn -0.379300 -0.456700 0.804700
vn -0.005800 -0.007100 0.999900
vn 0.371500 0.447600 0.813400
vn 0.606800 0.731100 0.311800
vn 0.606900 0.731100 -0.311700
vn 0.371500 0.447500 -0.813400
vn -0.421100 -0.418700 -0.804500
vn -0.006700 -0.006700 -0.999900
vn -0.675000 -0.671200 -0.306300
vn -0.675000 -0.671200 0.306300
vn -0.421100 -0.418800 0.804500
vn -0.006700 -0.006700 0.999900
vn 0.412200 0.410100 0.813500
vn 0.673500 0.670100 0.311800
vn 0.673500 0.670100 -0.311800
vn 0.412200 0.410100 -0.813500
vn -0.459700 -0.376000 -0.804500
vn -0.007400 -0.006100 -0.999900
vn -0.736900 -0.602700 -0.306200
vn -0.736900 -0.602600 0.306200
vn -0.459800 -0.376000 0.804400
vn -0.007500 -0.006100 0.999900
vn 0.450000 0.368100 0.813600
vn 0.735400 0.601600 0.311900
vn 0.735400 0.601600 -0.311900
vn 0.450000 0.368100 -0.813600
vn -0.494300 -0.329300 -0.804400
vn -0.008000 -0.005300 -0.999900
vn -0.792200 -0.527800 -0.306200
vn -0.792200 -0.527800 0.306200
vn -0.494300 -0.329300 0.804500
vn -0.008000 -0.005300 0.999900
vn 0.483800 0.322300 0.813600
vn 0.790700 0.526700 0.311900
vn 0.790700 0.526700 -0.311900
vn 0.483800 0.322300 -0.813600
vn -0.524100 -0.279500 -0.804400
vn -0.008500 -0.004500 -0.999900
vn -0.840000 -0.447900 -0.306200
vn -0.840000 -0.447900 0.306200
vn -0.524100 -0.279500 0.804500
vn -0.008500 -0.004500 0.999900
vn 0.513000 0.273500 0.813600
vn 0.838400 0.447000 0.311900
vn 0.838400 0.447000 -0.311900
vn 0.513000 0.273500 -0.813600
vn -0.548800 -0.227100 -0.804500
vn -0.008800 -0.003600 -0.999900
vn -0.879600 -0.364100 -0.306200
vn -0.879600 -0.364100 0.306200
vn -0.548800 -0.227100 0.804500
vn -0.008800 -0.003600 0.999900
vn 0.537200 0.222400 0.813600
vn 0.877900 0.363300 0.311800
vn 0.877900 0.363300 -0.311800
vn 0.537200 0.222300 -0.813600
vn -0.568300 -0.172900 -0.804500
vn -0.009100 -0.002700 -0.999900
vn -0.910700 -0.277100 -0.306300
vn -0.910700 -0.277100 0.306200
vn -0.568200 -0.172900 0.804500
vn -0.009000 -0.002800 0.999900
vn 0.556300 0.169200 0.813500
vn 0.909000 0.276500 0.311800
vn 0.909000 0.276500 -0.311800
vn 0.556300 0.169200 -0.813500
vn -0.582300 -0.117100 -0.804500
vn -0.009400 -0.001900 -0.999900
vn -0.933300 -0.187600 -0.306300
vn -0.933300 -0.187600 0.306300
vn -0.582200 -0.117100 0.804500
vn -0.009200 -0.001900 0.999900
vn 0.570100 0.114600 0.813500
vn 0.931500 0.187300 0.311800
vn 0.931500 0.187300 -0.311800
vn 0.570100 0.114600 -0.813600
vn -0.590900 -0.060100 -0.804500
vn -0.009500 -0.000900 -0.999900
vn -0.947100 -0.096300 -0.306200
vn -0.947100 -0.096300 0.306200
vn -0.590900 -0.060100 0.804500
vn -0.009500 -0.000900 0.999900
vn 0.578500 0.058900 0.813500
vn 0.945200 0.096200 0.311800
vn 0.945200 0.096200 -0.311800
vn 0.578400 0.058900 -0.813600
vn -0.594000 -0.002400 -0.804400
vn -0.009600 -0.000000 -0.999900
vn -0.951900 -0.003800 -0.306200
vn -0.951900 -0.003800 0.306200
vn -0.594000 -0.002400 0.804500
vn -0.009600 -0.000000 0.999900
vn 0.581400 0.002400 0.813600
vn 0.950100 0.003900 0.311900
vn 0.950100 0.003900 -0.311900
vn 0.581400 0.002400 -0.813600
vn -0.591400 0.055700 -0.804400
vn -0.009700 0.000900 -0.999900
vn -0.947800 0.089300 -0.306200
vn -0.947800 0.089300 0.306200
vn -0.591400 0.055700 0.804400
vn -0.009600 0.000900 0.999900
vn 0.578800 -0.054500 0.813600
vn 0.945900 -0.089000 0.311900
vn 0.945900 -0.089000 -0.311900
vn 0.578800 -0.054500 -0.813600
vn -0.583100 0.113800 -0.804400
vn -0.009600 0.001900 -0.999900
vn -0.934300 0.182400 -0.306200
vn -0.934300 0.182500 0.306200
vn -0.583100 0.113900 0.804400
vn -0.009600 0.001900 0.999900
vn 0.570500 -0.111300 0.813700
vn 0.932500 -0.181900 0.311900
vn 0.932500 -0.181900 -0.311900
vn 0.570500 -0.111300 -0.813700
vn -0.568900 0.171500 -0.804300
vn -0.009500 0.002800 -0.999900
vn -0.911400 0.274800 -0.306100
vn -0.911400 0.274800 0.306100
vn -0.568900 0.171500 0.804300
vn -0.009500 0.002800 0.999900
vn 0.556500 -0.167700 0.813700
vn 0.909700 -0.274100 0.312000
vn 0.909700 -0.274100 -0.312000
vn 0.556400 -0.167700 -0.813700
vn -0.548700 0.228100 -0.804300
vn -0.009300 0.003800 -0.999900
vn -0.879000 0.365500 -0.306100
vn -0.879000 0.365500 0.306100
vn -0.548800 0.228100 0.804200
vn -0.009300 0.003800 0.999900
vn 0.536600 -0.223000 0.813800
vn 0.877300 -0.364600 0.312000
vn 0.877300 -0.364600 -0.312000
vn 0.536600 -0.223000 -0.813800
vn -0.522600 0.283000 -0.804200
vn -0.008900 0.004800 -0.999900
vn -0.837100 0.453400 -0.306100
vn -0.837100 0.453400 0.306100
vn -0.522600 0.283000 0.804200
vn -0.008900 0.004800 0.999900
vn 0.511000 -0.276700 0.813800
vn 0.835400 -0.452300 0.312000
vn 0.835500 -0.452300 -0.312000
vn 0.511000 -0.276700 -0.813800
vn -0.490600 0.335500 -0.804200
vn -0.008400 0.005700 -0.999900
vn -0.785900 0.537300 -0.306000
vn -0.785900 0.537300 0.306100
vn -0.490600 0.335500 0.804200
vn -0.008400 0.005700 0.999900
vn 0.479600 -0.327900 0.813900
vn 0.784300 -0.536100 0.312100
vn 0.784400 -0.536100 -0.312000
vn 0.479700 -0.327900 -0.813900
vn -0.453200 0.384600 -0.804200
vn -0.007800 0.006600 -0.999900
vn -0.725900 0.616000 -0.306000
vn -0.725900 0.616000 0.306000
vn -0.453200 0.384600 0.804200
vn -0.007800 0.006600 0.999900
vn 0.442900 -0.375900 0.813900
vn 0.724400 -0.614700 0.312100
vn 0.724400 -0.614700 -0.312100
vn 0.442900 -0.375900 -0.813900
vn -0.410800 0.429600 -0.804100
vn -0.007100 0.007400 -0.999900
vn -0.657900 0.688100 -0.306000
vn -0.657900 0.688100 0.306000
vn -0.410700 0.429600 0.804200
vn -0.007000 0.007400 0.999900
vn 0.401500 -0.419900 0.813900
vn 0.656500 -0.686700 0.312100
vn 0.656500 -0.686700 -0.312100
vn 0.401400 -0.419900 -0.813900
vn -0.364100 0.469800 -0.804200
vn -0.006300 0.008000 -0.999900
vn -0.583100 0.752500 -0.306100
vn -0.583100 0.752500 0.306100
vn -0.364100 0.469800 0.804200
vn -0.006200 0.008000 0.999900
vn 0.355800 -0.459300 0.813900
vn 0.581800 -0.751100 0.312100
vn 0.581800 -0.751100 -0.312100
vn 0.355800 -0.459300 -0.813900
vn -0.314000 0.504500 -0.804300
vn -0.005300 0.008500 -0.999900
vn -0.503100 0.808200 -0.306100
vn -0.503000 0.808200 0.306100
vn -0.314000 0.504500 0.804300
vn -0.005200 0.008500 0.999900
vn 0.307000 -0.493400 0.813800
vn 0.501800 -0.806800 0.312000
vn 0.501800 -0.806700 -0.312000
vn 0.306900 -0.493500 -0.813800
vn -0.261700 0.533300 -0.804400
vn -0.004300 0.008800 -0.999900
vn -0.419400 0.854600 -0.306200
vn -0.419300 0.854600 0.306200
vn -0.261700 0.533400 0.804400
vn -0.004300 0.008800 0.999900
vn 0.255900 -0.521900 0.813700
vn 0.418200 -0.853100 0.311900
vn 0.418200 -0.853100 -0.311900
vn 0.255800 -0.521900 -0.813700
vn -0.208200 0.556300 -0.804500
vn -0.003300 0.008900 -0.999900
vn -0.333700 0.891500 -0.306300
vn -0.333600 0.891500 0.306300
vn -0.208200 0.556300 0.804500
vn -0.003400 0.008900 0.999900
vn 0.203700 -0.544700 0.813500
vn 0.332700 -0.890000 0.311800
vn 0.332700 -0.890000 -0.311800
vn 0.203700 -0.544600 -0.813500
vn -0.154100 0.573400 -0.804600
vn -0.002400 0.008900 -0.999900
vn -0.247100 0.919300 -0.306300
vn -0.247200 0.919200 0.306300
vn -0.154100 0.573400 0.804600
vn -0.002400 0.008900 0.999900
vn 0.150900 -0.561700 0.813400
vn 0.246400 -0.917600 0.311800
vn 0.246500 -0.917600 -0.311700
vn 0.150900 -0.561700 -0.813400
vn -0.099600 0.585300 -0.804600
vn -0.001500 0.009100 -0.999900
vn -0.159700 0.938400 -0.306300
vn -0.159700 0.938400 0.306300
vn -0.099600 0.585300 0.804600
vn -0.001600 0.009100 0.999900
vn 0.097600 -0.573400 0.813400
vn 0.159500 -0.936600 0.311700
vn 0.159500 -0.936700 -0.311700
vn 0.097600 -0.573400 -0.813400
vn -0.043500 0.592300 -0.804500
vn -0.000600 0.009500 -0.999900
vn -0.069600 0.949400 -0.306200
vn -0.069600 0.949400 0.306200
vn -0.043500 0.592300 0.804500
vn -0.000700 0.009500 0.999900
vn 0.042800 -0.579900 0.813500
vn 0.070200 -0.947500 0.311800
vn 0.070100 -0.947500 -0.311800
vn 0.042800 -0.579900 -0.813500
vn 0.016100 0.594200 -0.804100
vn 0.000300 0.010200 -0.999900
vn 0.025800 0.951700 -0.306000
vn 0.025800 0.951700 0.306000
vn 0.016100 0.594200 0.804100
vn 0.000300 0.010200 0.999900
vn -0.015100 -0.580900 0.813800
vn -0.024400 -0.949700 0.312000
vn -0.024400 -0.949700 -0.312000
vn -0.015100 -0.580900 -0.813800
vn 0.081800 0.589600 -0.803500
vn 0.001700 0.011400 -0.999900
vn 0.131000 0.943100 -0.305600
vn 0.131000 0.943100 0.305600
vn 0.081800 0.589600 0.803500
vn 0.001700 0.011400 0.999900
vn -0.078500 -0.574800 0.814400
vn -0.128000 -0.941300 0.312400
vn -0.128100 -0.941300 -0.312400
vn -0.078600 -0.574800 -0.814400
vn 0.156800 0.575600 -0.802500
vn 0.003800 0.013000 -0.999900
vn 0.250600 0.918800 -0.305000
vn 0.250600 0.918800 0.305000
vn 0.156800 0.575600 0.802500
vn 0.003800 0.013000 0.999900
vn -0.150000 -0.559100 0.815400
vn -0.245000 -0.917600 0.312900
vn -0.245000 -0.917600 -0.312900
vn -0.150100 -0.559100 -0.815400
vn 0.244100 0.546500 -0.801100
vn 0.007100 0.015000 -0.999800
vn 0.388900 0.869600 -0.304200
vn 0.388900 0.869600 0.304200
vn 0.244100 0.546500 0.801100
vn 0.007000 0.015000 0.999800
vn -0.231800 -0.528300 0.816700
vn -0.379000 -0.870500 0.313700
vn -0.379000 -0.870500 -0.313700
vn -0.231800 -0.528300 -0.816700
vn 0.343800 0.492800 -0.799300
vn 0.012100 0.016400 -0.999800
vn 0.545700 0.781200 -0.303100
vn 0.545700 0.781200 0.303100
vn 0.343800 0.492800 0.799300
vn 0.012100 0.016400 0.999800
vn -0.323900 -0.474300 0.818600
vn -0.530700 -0.786900 0.314800
vn -0.530700 -0.786900 -0.314800
vn -0.323800 -0.474300 -0.818600
vn 0.448300 0.403600 -0.797500
vn 0.018600 0.016000 -0.999700
vn 0.708700 0.637500 -0.302100
vn 0.708700 0.637500 0.302100
vn 0.448400 0.403600 0.797500
vn 0.018700 0.016000 0.999700
vn -0.420400 -0.386600 0.820900
vn -0.693400 -0.647300 0.316500
vn -0.693400 -0.647300 -0.316500
vn -0.420300 -0.386600 -0.820900
vn 0.538600 0.275000 -0.796400
vn 0.024300 0.012200 -0.999600
vn 0.849200 0.433500 -0.301500
vn 0.849200 0.433500 0.301500
vn 0.538600 0.275000 0.796400
vn 0.024400 0.012200 0.999600
vn -0.505400 -0.260400 0.822600
vn -0.841400 -0.436700 0.318300
vn -0.841400 -0.436700 -0.318300
vn -0.505500 -0.260400 -0.822600
vn 0.592200 0.121000 -0.796700
vn 0.026000 0.005600 -0.999600
vn 0.934000 0.191100 -0.301600
vn 0.934000 0.191100 0.301600
vn 0.592200 0.121000 0.796600
vn 0.026000 0.005600 0.999600
vn -0.558400 -0.111100 0.822100
vn -0.930500 -0.182300 0.317500
vn -0.930500 -0.182300 -0.317500
vn -0.558500 -0.111100 -0.822000
vn 0.601700 -0.029900 -0.798200
vn 0.023000 -0.000700 -0.999700
vn 0.952000 -0.046900 -0.302500
vn 0.952000 -0.046900 0.302500
vn 0.601700 -0.029900 0.798100
vn 0.023000 -0.000700 0.999700
vn -0.571500 0.032700 0.819900
vn -0.947100 0.057600 0.315800
vn -0.947100 0.057600 -0.315800
vn -0.571400 0.032700 -0.820000
vn 0.579300 -0.155100 -0.800200
vn 0.017900 -0.004500 -0.999800
vn 0.920500 -0.246000 -0.303700
vn 0.920400 -0.246000 0.303700
vn 0.579300 -0.155100 0.800200
vn 0.017900 -0.004500 0.999800
vn -0.555200 0.151800 0.817700
vn -0.915200 0.252000 0.314400
vn -0.915200 0.252000 -0.314400
vn -0.555200 0.151800 -0.817700
vn 0.542800 -0.248700 -0.802200
vn 0.013100 -0.005800 -0.999900
vn 0.866000 -0.396400 -0.304800
vn 0.866000 -0.396400 0.304800
vn 0.542800 -0.248700 0.802100
vn 0.013100 -0.005800 0.999900
vn -0.525100 0.242300 0.815800
vn -0.862000 0.398600 0.313200
vn -0.861900 0.398600 -0.313200
vn -0.525100 0.242300 -0.815800
vn 0.504200 -0.315900 -0.803700
vn 0.009500 -0.005800 -0.999900
vn 0.806800 -0.505400 -0.305800
vn 0.806900 -0.505400 0.305700
vn 0.504200 -0.315900 0.803700
vn 0.009400 -0.005800 0.999900
vn -0.491500 0.308800 0.814200
vn -0.804200 0.505700 0.312300
vn -0.804200 0.505700 -0.312300
vn -0.491500 0.308800 -0.814300
vn 0.484800 -0.343500 -0.804300
vn 0.007400 -0.005200 -0.999900
vn 0.776800 -0.550300 -0.306000
vn 0.776800 -0.550300 0.306000
vn 0.484800 -0.343500 0.804300
vn 0.007400 -0.005200 0.999900
vn -0.474900 0.337000 0.813000
vn -0.774900 0.550100 0.311300
vn -0.774900 0.550100 -0.311300
vn -0.474800 0.337000 -0.813000
vn 0.514000 0.271200 -0.813800
vn -0.009500 -0.005000 -0.999900
vn -0.008600 -0.004100 -0.999900
vn 0.526800 0.246000 -0.813600
vn 0.840300 0.443400 -0.311800
vn 0.860900 0.402000 -0.311900
vn 0.840300 0.443400 0.311800
vn 0.860900 0.402000 0.311900
vn 0.514000 0.271200 0.813800
vn 0.526800 0.246000 0.813600
vn -0.009600 -0.005000 0.999900
vn -0.008600 -0.004100 0.999900
vn -0.526400 -0.277900 0.803500
vn -0.538100 -0.251500 0.804500
vn -0.842000 -0.444600 0.305500
vn -0.862400 -0.403100 0.306200
vn -0.842000 -0.444600 -0.305500
vn -0.862400 -0.403100 -0.306300
vn -0.526400 -0.277900 -0.803500
vn -0.538100 -0.251500 -0.804500
vn -0.007200 -0.002600 -1.000000
vn 0.547500 0.199400 -0.812700
vn 0.893000 0.325100 -0.311300
vn 0.892900 0.325100 0.311300
vn 0.547600 0.199400 0.812600
vn -0.007100 -0.002600 1.000000
vn -0.556900 -0.203000 0.805400
vn -0.894200 -0.326000 0.306800
vn -0.894200 -0.326000 -0.306800
vn -0.556900 -0.203000 -0.805400
vn -0.005600 -0.001600 -1.000000
vn 0.561100 0.161600 -0.811800
vn 0.913400 0.263100 -0.310700
vn 0.913300 0.263100 0.310700
vn 0.561100 0.161600 0.811800
vn -0.005600 -0.001600 1.000000
vn -0.568400 -0.163900 0.806200
vn -0.914300 -0.263600 0.307300
vn -0.914300 -0.263600 -0.307300
vn -0.568400 -0.163900 -0.806200
vn -0.004100 -0.000900 -1.000000
vn 0.569700 0.133000 -0.811000
vn 0.925700 0.216100 -0.310200
vn 0.925700 0.216100 0.310300
vn 0.569700 0.133000 0.811000
vn -0.004100 -0.000900 1.000000
vn -0.575000 -0.134300 0.807000
vn -0.926500 -0.216500 0.307700
vn -0.926500 -0.216500 -0.307800
vn -0.575000 -0.134300 -0.807000
vn -0.002600 -0.000500 -1.000000
vn 0.575000 0.113200 -0.810300
vn 0.932900 0.183600 -0.309800
vn 0.932900 0.183600 0.309800
vn 0.574900 0.113200 0.810300
vn -0.002600 -0.000500 1.000000
vn -0.578400 -0.113900 0.807800
vn -0.933300 -0.183800 0.308200
vn -0.933400 -0.183800 -0.308200
vn -0.578400 -0.113900 -0.807700
vn -0.001200 -0.000200 -1.000000
vn 0.578000 0.101600 -0.809600
vn 0.936600 0.164700 -0.309400
vn 0.936600 0.164600 0.309400
vn 0.578000 0.101600 0.809600
vn -0.001300 -0.000200 1.000000
vn -0.579700 -0.102000 0.808400
vn -0.936800 -0.164800 0.308600
vn -0.936800 -0.164800 -0.308600
vn -0.579700 -0.102000 -0.808400
vn 0.579600 0.097900 -0.809000
vn 0.937800 0.158400 -0.309000
vn 0.937800 0.158400 0.309000
vn 0.579500 0.097900 0.809000
vn -0.579600 -0.097900 0.809000
vn -0.937800 -0.158400 0.309000
vn -0.937800 -0.158400 -0.309000
vn -0.579600 -0.097900 -0.809000
vn 0.001200 0.000200 -1.000000
vn 0.579800 0.101500 -0.808400
vn 0.936900 0.164100 -0.308600
vn 0.936900 0.164100 0.308600
vn 0.579700 0.101500 0.808400
vn 0.001200 0.000200 1.000000
vn -0.578200 -0.101200 0.809600
vn -0.936700 -0.164000 0.309400
vn -0.936700 -0.164000 -0.309400
vn -0.578200 -0.101200 -0.809600
vn 0.002400 0.000500 -1.000000
vn 0.578500 0.112400 -0.807900
vn 0.933800 0.181400 -0.308300
vn 0.933800 0.181400 0.308300
vn 0.578500 0.112400 0.807900
vn 0.002300 0.000500 1.000000
vn -0.575400 -0.111700 0.810200
vn -0.933400 -0.181200 0.309700
vn -0.933400 -0.181200 -0.309700
vn -0.575400 -0.111700 -0.810100
vn 0.003500 0.000800 -1.000000
vn 0.575600 0.130200 -0.807300
vn 0.927900 0.209900 -0.308000
vn 0.927900 0.209900 0.308000
vn 0.575500 0.130200 0.807300
vn 0.003500 0.000800 1.000000
vn -0.571000 -0.129100 0.810700
vn -0.927300 -0.209600 0.310100
vn -0.927300 -0.209600 -0.310100
vn -0.571000 -0.129100 -0.810700
vn 0.004600 0.001300 -1.000000
vn 0.570200 0.154900 -0.806700
vn 0.918200 0.249400 -0.307600
vn 0.918200 0.249400 0.307600
vn 0.570200 0.154900 0.806700
vn 0.004600 0.001300 1.000000
vn -0.564200 -0.153100 0.811300
vn -0.917400 -0.249000 0.310400
vn -0.917400 -0.249000 -0.310400
vn -0.564200 -0.153100 -0.811300
vn 0.005600 0.001900 -1.000000
vn 0.561600 0.186000 -0.806200
vn 0.903300 0.299200 -0.307300
vn 0.903300 0.299200 0.307300
vn 0.561600 0.186000 0.806200
vn 0.005600 0.001900 1.000000
vn -0.554300 -0.183400 0.811800
vn -0.902300 -0.298600 0.310800
vn -0.902300 -0.298600 -0.310800
vn -0.554200 -0.183400 -0.811900
vn 0.006500 0.002700 -1.000000
vn 0.548800 0.222900 -0.805700
vn 0.881700 0.358200 -0.307000
vn 0.881700 0.358200 0.307000
vn 0.548800 0.222900 0.805700
vn 0.006500 0.002700 1.000000
vn -0.540300 -0.219300 0.812400
vn -0.880600 -0.357400 0.311100
vn -0.880600 -0.357500 -0.311100
vn -0.540200 -0.219400 -0.812400
vn 0.007100 0.003600 -0.999900
vn 0.530700 0.264500 -0.805200
vn 0.851900 0.424600 -0.306700
vn 0.851800 0.424600 0.306700
vn 0.530700 0.264500 0.805200
vn 0.007100 0.003600 0.999900
vn -0.521400 -0.259700 0.812800
vn -0.850600 -0.423600 0.311400
vn -0.850600 -0.423600 -0.311400
vn -0.521300 -0.259700 -0.812800
vn 0.007400 0.004500 -0.999900
vn 0.506700 0.308800 -0.804900
vn 0.812800 0.495400 -0.306500
vn 0.812800 0.495400 0.306500
vn 0.506700 0.308800 0.804900
vn 0.007400 0.004500 0.999900
vn -0.497000 -0.302800 0.813200
vn -0.811500 -0.494400 0.311600
vn -0.811500 -0.494300 -0.311600
vn -0.497000 -0.302800 -0.813200
vn 0.007300 0.005400 -0.999900
vn 0.476800 0.353700 -0.804700
vn 0.764500 0.567100 -0.306400
vn 0.764500 0.567100 0.306300
vn 0.476800 0.353700 0.804700
vn 0.007300 0.005400 0.999900
vn -0.467200 -0.346500 0.813400
vn -0.763200 -0.566000 0.311700
vn -0.763200 -0.566000 -0.311700
vn -0.467200 -0.346500 -0.813400
vn 0.006900 0.006100 -0.999900
vn 0.441900 0.396500 -0.804700
vn 0.708500 0.635800 -0.306300
vn 0.708500 0.635800 0.306300
vn 0.441900 0.396500 0.804700
vn 0.006900 0.006100 0.999900
vn -0.432900 -0.388500 0.813400
vn -0.707100 -0.634600 0.311700
vn -0.707100 -0.634600 -0.311700
vn -0.432900 -0.388500 -0.813400
vn 0.006200 0.006600 -0.999900
vn 0.403300 0.435600 -0.804700
vn 0.646700 0.698500 -0.306400
vn 0.646700 0.698500 0.306400
vn 0.403300 0.435600 0.804700
vn 0.006100 0.006600 0.999900
vn -0.395200 -0.427000 0.813300
vn -0.645400 -0.697300 0.311700
vn -0.645400 -0.697300 -0.311700
vn -0.395200 -0.427000 -0.813300
vn 0.005300 0.006900 -0.999900
vn 0.362200 0.470100 -0.804900
vn 0.581000 0.754000 -0.306500
vn 0.581000 0.754000 0.306500
vn 0.362200 0.470100 0.804800
vn 0.005400 0.006900 0.999900
vn -0.355100 -0.461000 0.813200
vn -0.579900 -0.752700 0.311600
vn -0.579900 -0.752700 -0.311600
vn -0.355100 -0.461000 -0.813200
vn 0.004600 0.007200 -0.999900
vn 0.319400 0.499900 -0.805000
vn 0.512600 0.802100 -0.306500
vn 0.512500 0.802100 0.306600
vn 0.319400 0.499900 0.805000
vn 0.004600 0.007200 0.999900
vn -0.313400 -0.490600 0.813100
vn -0.511600 -0.800700 0.311500
vn -0.511600 -0.800700 -0.311600
vn -0.313400 -0.490600 -0.813100
vn 0.003800 0.007300 -0.999900
vn 0.275600 0.525200 -0.805100
vn 0.442300 0.842800 -0.306600
vn 0.442300 0.842800 0.306600
vn 0.275600 0.525200 0.805100
vn 0.003800 0.007300 0.999900
vn -0.270500 -0.515600 0.813000
vn -0.441500 -0.841500 0.311500
vn -0.441500 -0.841500 -0.311500
vn -0.270500 -0.515600 -0.813000
vn 0.003100 0.007400 -0.999900
vn 0.231200 0.546000 -0.805200
vn 0.371100 0.876500 -0.306700
vn 0.371000 0.876500 0.306700
vn 0.231100 0.546000 0.805200
vn 0.003100 0.007400 0.999900
vn -0.227000 -0.536400 0.812800
vn -0.370300 -0.875100 0.311400
vn -0.370400 -0.875100 -0.311400
vn -0.227000 -0.536400 -0.812800
vn 0.002400 0.007400 -1.000000
vn 0.186400 0.562700 -0.805300
vn 0.299400 0.903500 -0.306700
vn 0.299400 0.903500 0.306700
vn 0.186400 0.562800 0.805300
vn 0.002400 0.007400 1.000000
vn -0.183200 -0.553100 0.812700
vn -0.298800 -0.902100 0.311300
vn -0.298800 -0.902100 -0.311300
vn -0.183200 -0.553100 -0.812700
vn 0.001800 0.007400 -1.000000
vn 0.141700 0.575500 -0.805400
vn 0.227500 0.924200 -0.306800
vn 0.227500 0.924200 0.306800
vn 0.141700 0.575500 0.805400
vn 0.001800 0.007400 1.000000
vn -0.139300 -0.565800 0.812600
vn -0.227100 -0.922800 0.311300
vn -0.227100 -0.922800 -0.311300
vn -0.139300 -0.565800 -0.812600
vn 0.001200 0.007400 -1.000000
vn 0.097000 0.584600 -0.805400
vn 0.155900 0.938900 -0.306800
vn 0.155900 0.938900 0.306800
vn 0.097000 0.584600 0.805400
vn 0.001300 0.007400 1.000000
vn -0.095400 -0.574900 0.812600
vn -0.155600 -0.937500 0.311200
vn -0.155600 -0.937500 -0.311200
vn -0.095400 -0.575000 -0.812600
vn 0.000600 0.007400 -1.000000
vn 0.052600 0.590200 -0.805500
vn 0.084500 0.948000 -0.306800
vn 0.084500 0.948000 0.306900
vn 0.052600 0.590200 0.805500
vn 0.000600 0.007400 1.000000
vn -0.051700 -0.580600 0.812500
vn -0.084300 -0.946600 0.311200
vn -0.084300 -0.946600 -0.311200
vn -0.051700 -0.580600 -0.812500
vn 0.000100 0.007300 -1.000000
vn 0.008400 0.592500 -0.805500
vn 0.013500 0.951600 -0.306900
vn 0.013500 0.951600 0.306900
vn 0.008400 0.592500 0.805500
vn 0.000100 0.007300 1.000000
vn -0.008200 -0.582900 0.812500
vn -0.013400 -0.950200 0.311200
vn -0.013400 -0.950200 -0.311200
vn -0.008300 -0.582900 -0.812500
vn -0.000400 0.007200 -1.000000
vn -0.035500 0.591400 -0.805600
vn -0.057000 0.950000 -0.306900
vn -0.057000 0.950000 0.306900
vn -0.035500 0.591400 0.805600
vn -0.000400 0.007200 1.000000
vn 0.034900 -0.581900 0.812500
vn 0.056900 -0.948600 0.311200
vn 0.056900 -0.948600 -0.311200
vn 0.034900 -0.581900 -0.812500
vn -0.001000 0.007200 -1.000000
vn -0.079000 0.587200 -0.805600
vn -0.126900 0.943200 -0.306900
vn -0.126900 0.943200 0.306900
vn -0.079000 0.587200 0.805600
vn -0.000900 0.007200 1.000000
vn 0.077800 -0.577800 0.812500
vn 0.126700 -0.941800 0.311200
vn 0.126700 -0.941900 -0.311100
vn 0.077700 -0.577800 -0.812500
vn -0.001500 0.007000 -1.000000
vn -0.122000 0.579800 -0.805600
vn -0.195900 0.931300 -0.306900
vn -0.195900 0.931300 0.306900
vn -0.121900 0.579800 0.805600
vn -0.001400 0.007000 1.000000
vn 0.120100 -0.570500 0.812400
vn 0.195700 -0.930000 0.311100
vn 0.195700 -0.930000 -0.311100
vn 0.120000 -0.570500 -0.812500
vn -0.002000 0.006900 -1.000000
vn -0.164100 0.569300 -0.805600
vn -0.263600 0.914500 -0.306900
vn -0.263700 0.914500 0.306900
vn -0.164100 0.569300 0.805600
vn -0.002000 0.006900 1.000000
vn 0.161600 -0.560200 0.812400
vn 0.263300 -0.913100 0.311100
vn 0.263300 -0.913100 -0.311100
vn 0.161500 -0.560200 -0.812400
vn -0.002500 0.006700 -1.000000
vn -0.205200 0.555700 -0.805600
vn -0.329700 0.892800 -0.306900
vn -0.329700 0.892800 0.306900
vn -0.205300 0.555700 0.805600
vn -0.002500 0.006700 1.000000
vn 0.202000 -0.546900 0.812400
vn 0.329300 -0.891500 0.311100
vn 0.329300 -0.891400 -0.311100
vn 0.202000 -0.546900 -0.812400
vn -0.002900 0.006400 -1.000000
vn -0.244900 0.539400 -0.805700
vn -0.393400 0.866600 -0.307000
vn -0.393400 0.866600 0.307000
vn -0.244900 0.539400 0.805600
vn -0.003000 0.006400 1.000000
vn 0.241100 -0.530900 0.812400
vn 0.393000 -0.865300 0.311100
vn 0.393000 -0.865300 -0.311100
vn 0.241100 -0.530900 -0.812400
vn -0.003300 0.006100 -1.000000
vn -0.282600 0.520500 -0.805700
vn -0.454100 0.836300 -0.307000
vn -0.454200 0.836300 0.307000
vn -0.282700 0.520500 0.805700
vn -0.003300 0.006100 1.000000
vn 0.278300 -0.512500 0.812300
vn 0.453600 -0.835100 0.311100
vn 0.453600 -0.835100 -0.311100
vn 0.278300 -0.512500 -0.812300
vn -0.003600 0.005700 -1.000000
vn -0.318100 0.499400 -0.805800
vn -0.511200 0.802700 -0.307000
vn -0.511300 0.802700 0.307000
vn -0.318100 0.499400 0.805800
vn -0.003600 0.005700 1.000000
vn 0.313400 -0.492000 0.812200
vn 0.510600 -0.801500 0.311000
vn 0.510600 -0.801500 -0.311000
vn 0.313400 -0.492000 -0.812300
vn -0.003900 0.005300 -1.000000
vn -0.351100 0.476600 -0.805900
vn -0.564400 0.766200 -0.307100
vn -0.564400 0.766200 0.307100
vn -0.351100 0.476600 0.805900
vn -0.003900 0.005300 1.000000
vn 0.346100 -0.469700 0.812100
vn 0.563800 -0.765100 0.311000
vn 0.563800 -0.765100 -0.311000
vn 0.346100 -0.469700 -0.812100
vn -0.004100 0.004900 -1.000000
vn -0.381700 0.452400 -0.806000
vn -0.613600 0.727400 -0.307100
vn -0.613600 0.727400 0.307200
vn -0.381700 0.452400 0.806000
vn -0.004200 0.004900 1.000000
vn 0.376300 -0.446000 0.812100
vn 0.612900 -0.726400 0.310900
vn 0.612900 -0.726400 -0.310900
vn 0.376300 -0.446000 -0.812000
vn -0.004300 0.004500 -1.000000
vn -0.409700 0.427000 -0.806100
vn -0.658900 0.686600 -0.307200
vn -0.658800 0.686700 0.307200
vn -0.409700 0.427000 0.806100
vn -0.004300 0.004500 1.000000
vn 0.404100 -0.421100 0.812000
vn 0.658100 -0.685800 0.310800
vn 0.658100 -0.685800 -0.310800
vn 0.404100 -0.421100 -0.811900
vn -0.004500 0.004100 -1.000000
vn -0.435500 0.400600 -0.806100
vn -0.700300 0.644300 -0.307300
vn -0.700300 0.644300 0.307300
vn -0.435500 0.400600 0.806100
vn -0.004400 0.004100 1.000000
vn 0.429600 -0.395200 0.811900
vn 0.699500 -0.643500 0.310800
vn 0.699500 -0.643500 -0.310800
vn 0.429600 -0.395200 -0.811900
vn -0.004600 0.003700 -1.000000
vn -0.459000 0.373200 -0.806200
vn -0.738300 0.600400 -0.307300
vn -0.738300 0.600400 0.307300
vn -0.458900 0.373300 0.806200
vn -0.004500 0.003800 1.000000
vn 0.453000 -0.368300 0.811800
vn 0.737400 -0.599600 0.310800
vn 0.737400 -0.599600 -0.310800
vn 0.453000 -0.368300 -0.811800
vn -0.004700 0.003400 -1.000000
vn -0.480500 0.345000 -0.806200
vn -0.772900 0.555000 -0.307300
vn -0.773000 0.555000 0.307300
vn -0.480500 0.345000 0.806200
vn -0.004700 0.003400 1.000000
vn 0.474300 -0.340600 0.811800
vn 0.772100 -0.554400 0.310800
vn 0.772100 -0.554300 -0.310700
vn 0.474300 -0.340600 -0.811800
vn -0.004900 0.003100 -1.000000
vn -0.500200 0.315800 -0.806200
vn -0.804600 0.508100 -0.307300
vn -0.804600 0.508100 0.307300
vn -0.500200 0.315800 0.806200
vn -0.004900 0.003100 1.000000
vn 0.493700 -0.311800 0.811800
vn 0.803600 -0.507500 0.310700
vn 0.803600 -0.507500 -0.310700
vn 0.493700 -0.311800 -0.811800
vn -0.005100 0.002800 -1.000000
vn -0.518100 0.285600 -0.806200
vn -0.833400 0.459400 -0.307300
vn -0.833400 0.459400 0.307300
vn -0.518100 0.285600 0.806200
vn -0.005200 0.002800 1.000000
vn 0.511300 -0.281900 0.811800
vn 0.832400 -0.458800 0.310700
vn 0.832400 -0.458900 -0.310700
vn 0.511300 -0.281900 -0.811800
vn -0.005300 0.002500 -1.000000
vn -0.534300 0.254000 -0.806200
vn -0.859400 0.408600 -0.307300
vn -0.859400 0.408600 0.307300
vn -0.534300 0.254000 0.806200
vn -0.005300 0.002500 1.000000
vn 0.527300 -0.250700 0.811800
vn 0.858400 -0.408200 0.310700
vn 0.858400 -0.408200 -0.310700
vn 0.527300 -0.250700 -0.811800
vn -0.005600 0.002300 -1.000000
vn -0.548900 0.221000 -0.806100
vn -0.882800 0.355400 -0.307200
vn -0.882800 0.355400 0.307200
vn -0.548900 0.221000 0.806100
vn -0.005600 0.002300 1.000000
vn 0.541600 -0.218000 0.811900
vn 0.881700 -0.355000 0.310800
vn 0.881600 -0.355000 -0.310800
vn 0.541500 -0.218000 -0.811900
vn -0.006000 0.002000 -1.000000
vn -0.561800 0.186100 -0.806000
vn -0.903400 0.299200 -0.307200
vn -0.903300 0.299200 0.307200
vn -0.561800 0.186100 0.806000
vn -0.006000 0.002000 1.000000
vn 0.554000 -0.183600 0.812000
vn 0.902200 -0.299000 0.310900
vn 0.902200 -0.299000 -0.310900
vn 0.554000 -0.183600 -0.812000
vn -0.006400 0.001600 -1.000000
vn -0.573000 0.149100 -0.805900
vn -0.921000 0.239700 -0.307100
vn -0.921000 0.239700 0.307100
vn -0.572900 0.149100 0.805900
vn -0.006300 0.001600 1.000000
vn 0.564600 -0.147000 0.812100
vn 0.919700 -0.239600 0.311000
vn 0.919700 -0.239600 -0.311000
vn 0.564600 -0.147000 -0.812100
vn -0.006800 0.001300 -1.000000
vn -0.582000 0.109700 -0.805700
vn -0.935200 0.176300 -0.307000
vn -0.935200 0.176300 0.307000
vn -0.582000 0.109700 0.805700
vn -0.006700 0.001300 1.000000
vn 0.573100 -0.108200 0.812300
vn 0.933900 -0.176300 0.311000
vn 0.933900 -0.176300 -0.311000
vn 0.573100 -0.108200 -0.812300
vn -0.007200 0.000800 -1.000000
vn -0.588600 0.067700 -0.805600
vn -0.945500 0.108700 -0.306900
vn -0.945500 0.108700 0.306900
vn -0.588600 0.067700 0.805600
vn -0.007200 0.000800 1.000000
vn 0.579100 -0.066700 0.812500
vn 0.944100 -0.108800 0.311200
vn 0.944100 -0.108800 -0.311100
vn 0.579100 -0.066700 -0.812500
vn -0.007700 0.000300 -1.000000
vn -0.592300 0.022800 -0.805400
vn -0.951000 0.036500 -0.306800
vn -0.951100 0.036500 0.306800
vn -0.592300 0.022800 0.805400
vn -0.007700 0.000300 1.000000
vn 0.582200 -0.022500 0.812700
vn 0.949600 -0.036800 0.311300
vn 0.949600 -0.036800 -0.311300
vn 0.582200 -0.022500 -0.812700
vn -0.008100 -0.000300 -0.999900
vn -0.592500 -0.025000 -0.805100
vn -0.951000 -0.040200 -0.306600
vn -0.951000 -0.040200 0.306600
vn -0.592500 -0.025000 0.805100
vn -0.008100 -0.000300 0.999900
vn 0.581900 0.024400 0.812900
vn 0.949400 0.039700 0.311400
vn 0.949400 0.039800 -0.311400
vn 0.581900 0.024400 -0.812900
vn -0.008500 -0.001100 -0.999900
vn -0.588500 -0.075400 -0.804900
vn -0.944200 -0.120900 -0.306500
vn -0.944100 -0.120900 0.306500
vn -0.588500 -0.075400 0.805000
vn -0.008500 -0.001100 0.999900
vn 0.577400 0.073800 0.813100
vn 0.942600 0.120400 0.311500
vn 0.942500 0.120400 -0.311600
vn 0.577400 0.073800 -0.813100
vn -0.008600 -0.001900 -0.999900
vn -0.579700 -0.127300 -0.804800
vn -0.929700 -0.204200 -0.306400
vn -0.929700 -0.204200 0.306400
vn -0.579700 -0.127300 0.804800
vn -0.008700 -0.001900 0.999900
vn 0.568300 0.124700 0.813300
vn 0.928100 0.203600 0.311700
vn 0.928100 0.203600 -0.311700
vn 0.568300 0.124700 -0.813300
vn -0.008600 -0.002700 -0.999900
vn -0.565800 -0.179700 -0.804700
vn -0.907200 -0.288100 -0.306400
vn -0.907200 -0.288100 0.306400
vn -0.565800 -0.179700 0.804700
vn -0.008600 -0.002700 0.999900
vn 0.554500 0.176000 0.813300
vn 0.905600 0.287500 0.311700
vn 0.905600 0.287500 -0.311700
vn 0.554500 0.176000 -0.813300
vn -0.008400 -0.003500 -0.999900
vn -0.546800 -0.231100 -0.804700
vn -0.876800 -0.370500 -0.306400
vn -0.876800 -0.370500 0.306400
vn -0.546800 -0.231100 0.804700
vn -0.008400 -0.003500 0.999900
vn 0.535800 0.226500 0.813300
vn 0.875200 0.369900 0.311700
vn 0.875200 0.369900 -0.311700
vn 0.535800 0.226500 -0.813300
vn -0.007900 -0.004200 -0.999900
vn -0.523200 -0.280300 -0.804800
vn -0.839100 -0.449400 -0.306400
vn -0.839100 -0.449400 0.306400
vn -0.523300 -0.280200 0.804700
vn -0.007900 -0.004200 0.999900
vn 0.512800 0.274800 0.813300
vn 0.837500 0.448700 0.311700
vn 0.837500 0.448700 -0.311700
vn 0.512800 0.274800 -0.813300
vn -0.007200 -0.004800 -0.999900
vn -0.495700 -0.326100 -0.804900
vn -0.795300 -0.523000 -0.306500
vn -0.795300 -0.523000 0.306500
vn -0.495800 -0.326100 0.804900
vn -0.007300 -0.004800 0.999900
vn 0.486200 0.319900 0.813200
vn 0.793800 0.522300 0.311600
vn 0.793800 0.522300 -0.311600
vn 0.486200 0.319900 -0.813200
vn -0.006600 -0.005200 -0.999900
vn -0.465400 -0.367800 -0.805000
vn -0.746800 -0.590100 -0.306600
vn -0.746800 -0.590100 0.306600
vn -0.465400 -0.367800 0.805000
vn -0.006600 -0.005200 0.999900
vn 0.456700 0.361100 0.813000
vn 0.745400 0.589400 0.311500
vn 0.745400 0.589300 -0.311500
vn 0.456700 0.361100 -0.813000
vn -0.005800 -0.005400 -0.999900
vn -0.433000 -0.405000 -0.805200
vn -0.695200 -0.650100 -0.306700
vn -0.695200 -0.650100 0.306700
vn -0.433100 -0.405000 0.805200
vn -0.005800 -0.005400 0.999900
vn 0.425300 0.398000 0.812800
vn 0.693800 0.649300 0.311400
vn 0.693800 0.649300 -0.311400
vn 0.425300 0.398000 -0.812800
vn -0.005000 -0.005500 -1.000000
vn -0.399600 -0.437700 -0.805400
vn -0.641800 -0.702800 -0.306800
vn -0.641800 -0.702800 0.306800
vn -0.399600 -0.437600 0.805400
vn -0.005100 -0.005500 1.000000
vn 0.392800 0.430500 0.812600
vn 0.640600 0.702000 0.311200
vn 0.640500 0.702000 -0.311300
vn 0.392900 0.430500 -0.812600
vn -0.004300 -0.005600 -1.000000
vn -0.365900 -0.465900 -0.805700
vn -0.587800 -0.748500 -0.306900
vn -0.587800 -0.748500 0.307000
vn -0.365800 -0.465900 0.805700
vn -0.004400 -0.005600 1.000000
vn 0.360000 0.458700 0.812400
vn 0.586700 0.747600 0.311100
vn 0.586700 0.747600 -0.311100
vn 0.360000 0.458700 -0.812400
vn -0.003700 -0.005500 -1.000000
vn -0.332300 -0.490000 -0.805800
vn -0.534100 -0.787700 -0.307100
vn -0.534100 -0.787700 0.307100
vn -0.332300 -0.490000 0.805800
vn -0.003700 -0.005500 1.000000
vn 0.327300 0.482900 0.812200
vn 0.533200 0.786700 0.311000
vn 0.533200 0.786700 -0.311000
vn 0.327400 0.482900 -0.812200
vn -0.003200 -0.005400 -1.000000
vn -0.299400 -0.510500 -0.806000
vn -0.481300 -0.820900 -0.307200
vn -0.481400 -0.820900 0.307200
vn -0.299400 -0.510500 0.806000
vn -0.003200 -0.005400 1.000000
vn 0.295100 0.503500 0.812000
vn 0.480600 0.820000 0.310900
vn 0.480600 0.820000 -0.310900
vn 0.295100 0.503500 -0.812000
vn -0.002700 -0.005200 -1.000000
vn -0.267200 -0.527800 -0.806200
vn -0.429800 -0.849000 -0.307300
vn -0.429800 -0.849000 0.307300
vn -0.267200 -0.527800 0.806200
vn -0.002700 -0.005200 1.000000
vn 0.263600 0.521000 0.811800
vn 0.429200 0.848100 0.310700
vn 0.429100 0.848100 -0.310700
vn 0.263600 0.521000 -0.811800
vn -0.002200 -0.005100 -1.000000
vn -0.235900 -0.542300 -0.806400
vn -0.379600 -0.872600 -0.307400
vn -0.379600 -0.872600 0.307400
vn -0.235900 -0.542300 0.806300
vn -0.002200 -0.005100 1.000000
vn 0.232900 0.535600 0.811700
vn 0.379000 0.871700 0.310600
vn 0.379000 0.871700 -0.310600
vn 0.233000 0.535600 -0.811600
vn -0.001900 -0.005000 -1.000000
vn -0.205300 -0.554400 -0.806500
vn -0.330500 -0.892300 -0.307400
vn -0.330500 -0.892300 0.307400
vn -0.205400 -0.554400 0.806500
vn -0.001900 -0.005000 1.000000
vn 0.202900 0.547900 0.811500
vn 0.330000 0.891400 0.310600
vn 0.330000 0.891400 -0.310600
vn 0.202900 0.547900 -0.811500
vn -0.001600 -0.004900 -1.000000
vn -0.175400 -0.564500 -0.806500
vn -0.282300 -0.908700 -0.307500
vn -0.282300 -0.908700 0.307500
vn -0.175300 -0.564500 0.806600
vn -0.001500 -0.004900 1.000000
vn 0.173300 0.558100 0.811500
vn 0.281900 0.907800 0.310600
vn 0.281900 0.907800 -0.310600
vn 0.173300 0.558100 -0.811500
vn -0.001200 -0.004900 -1.000000
vn -0.145700 -0.572800 -0.806600
vn -0.234600 -0.922100 -0.307500
vn -0.234600 -0.922100 0.307500
vn -0.145700 -0.572800 0.806600
vn -0.001200 -0.004900 1.000000
vn 0.144100 0.566400 0.811400
vn 0.234400 0.921200 0.310500
vn 0.234400 0.921200 -0.310500
vn 0.144100 0.566400 -0.811400
vn -0.000900 -0.004900 -1.000000
vn -0.116000 -0.579500 -0.806600
vn -0.186800 -0.933000 -0.307500
vn -0.186800 -0.933000 0.307500
vn -0.116000 -0.579500 0.806600
vn -0.001000 -0.004900 1.000000
vn 0.114700 0.573100 0.811400
vn 0.186700 0.932000 0.310500
vn 0.186700 0.932000 -0.310500
vn 0.114800 0.573000 -0.811400
vn -0.000600 -0.005000 -1.000000
vn -0.085900 -0.584800 -0.806600
vn -0.138400 -0.941400 -0.307500
vn -0.138400 -0.941400 0.307500
vn -0.085900 -0.584800 0.806600
vn -0.000700 -0.005000 1.000000
vn 0.085000 0.578200 0.811500
vn 0.138300 0.940400 0.310500
vn 0.138300 0.940400 -0.310500
vn 0.085000 0.578200 -0.811500
vn -0.000500 -0.005200 -1.000000
vn -0.055100 -0.588600 -0.806500
vn -0.088700 -0.947400 -0.307500
vn -0.088700 -0.947400 0.307500
vn -0.055100 -0.588600 0.806500
vn -0.000500 -0.005200 1.000000
vn 0.054500 0.581800 0.811500
vn 0.088700 0.946400 0.310600
vn 0.088700 0.946400 -0.310600
vn 0.054500 0.581800 -0.811500
vn -0.000200 -0.005400 -1.000000
vn -0.023200 -0.590800 -0.806500
vn -0.037400 -0.950800 -0.307400
vn -0.037400 -0.950800 0.307400
vn -0.023300 -0.590800 0.806500
vn -0.000200 -0.005400 1.000000
vn 0.023000 0.583800 0.811600
vn 0.037400 0.949800 0.310600
vn 0.037400 0.949800 -0.310600
vn 0.022900 0.583800 -0.811600
vn 0.000100 -0.005600 -1.000000
vn 0.010100 -0.591400 -0.806300
vn 0.016200 -0.951400 -0.307400
vn 0.016200 -0.951400 0.307400
vn 0.010000 -0.591400 0.806300
vn 0.000100 -0.005600 1.000000
vn -0.009900 0.584000 0.811700
vn -0.016100 0.950300 0.310700
vn -0.016100 0.950300 -0.310700
vn -0.009900 0.584000 -0.811700
vn 0.000500 -0.005900 -1.000000
vn 0.045000 -0.589900 -0.806200
vn 0.072400 -0.948900 -0.307300
vn 0.072400 -0.948900 0.307300
vn 0.045000 -0.589900 0.806200
vn 0.000400 -0.005900 1.000000
vn -0.044300 0.582200 0.811900
vn -0.072100 0.947700 0.310800
vn -0.072100 0.947700 -0.310800
vn -0.044300 0.582200 -0.811900
vn 0.000900 -0.006200 -1.000000
vn 0.081700 -0.586200 -0.806000
vn 0.131300 -0.942500 -0.307200
vn 0.131300 -0.942500 0.307200
vn 0.081700 -0.586200 0.806000
vn 0.000900 -0.006200 1.000000
vn -0.080400 0.578100 0.812000
vn -0.130900 0.941400 0.310900
vn -0.130900 0.941400 -0.310900
vn -0.080400 0.578100 -0.812000
vn 0.001300 -0.006500 -1.000000
vn 0.120300 -0.579800 -0.805800
vn 0.193300 -0.931800 -0.307000
vn 0.193300 -0.931800 0.307000
vn 0.120200 -0.579800 0.805800
vn 0.001400 -0.006500 1.000000
vn -0.118300 0.571200 0.812200
vn -0.192800 0.930600 0.311000
vn -0.192800 0.930600 -0.311000
vn -0.118400 0.571200 -0.812200
vn 0.001900 -0.006800 -1.000000
vn 0.160700 -0.570200 -0.805600
vn 0.258200 -0.916000 -0.306900
vn 0.258200 -0.916000 0.306900
vn 0.160700 -0.570200 0.805600
vn 0.002000 -0.006800 1.000000
vn -0.158100 0.561200 0.812400
vn -0.257600 0.914800 0.311100
vn -0.257500 0.914800 -0.311100
vn -0.158100 0.561200 -0.812400
vn 0.002500 -0.007100 -1.000000
vn 0.202900 -0.556900 -0.805400
vn 0.325900 -0.894200 -0.306800
vn 0.325900 -0.894200 0.306800
vn 0.202900 -0.556900 0.805400
vn 0.002600 -0.007100 1.000000
vn -0.199300 0.547600 0.812600
vn -0.325100 0.893000 0.311300
vn -0.325100 0.893000 -0.311300
vn -0.199400 0.547600 -0.812600
vn 0.003400 -0.007300 -0.999900
vn 0.246600 -0.539300 -0.805200
vn 0.395800 -0.865600 -0.306700
vn 0.395800 -0.865600 0.306700
vn 0.246500 -0.539300 0.805200
vn 0.003300 -0.007300 0.999900
vn -0.242100 0.529800 0.812800
vn -0.394800 0.864400 0.311400
vn -0.394800 0.864400 -0.311400
vn -0.242000 0.529800 -0.812800
vn 0.004200 -0.007400 -0.999900
vn 0.291100 -0.517000 -0.805000
vn 0.467000 -0.829400 -0.306600
vn 0.467000 -0.829400 0.306600
vn 0.291000 -0.517000 0.805000
vn 0.004100 -0.007400 0.999900
vn -0.285500 0.507400 0.813000
vn -0.465800 0.828200 0.311500
vn -0.465900 0.828200 -0.311500
vn -0.285400 0.507400 -0.813000
vn 0.005000 -0.007300 -0.999900
vn 0.335600 -0.489500 -0.804800
vn 0.538300 -0.785000 -0.306400
vn 0.538300 -0.785000 0.306400
vn 0.335600 -0.489500 0.804800
vn 0.005000 -0.007300 0.999900
vn -0.328900 0.480000 0.813300
vn -0.537000 0.783900 0.311700
vn -0.537100 0.783800 -0.311700
vn -0.328900 0.480000 -0.813300
vn 0.005900 -0.007100 -0.999900
vn 0.379400 -0.456700 -0.804600
vn 0.608200 -0.732200 -0.306300
vn 0.608200 -0.732200 0.306300
vn 0.379300 -0.456700 0.804700
vn 0.005800 -0.007100 0.999900
vn -0.371500 0.447500 0.813400
vn -0.606800 0.731100 0.311800
vn -0.606900 0.731100 -0.311800
vn -0.371500 0.447500 -0.813400
vn 0.006700 -0.006700 -0.999900
vn 0.421100 -0.418800 -0.804500
vn 0.675000 -0.671200 -0.306300
vn 0.675000 -0.671200 0.306300
vn 0.421100 -0.418800 0.804500
vn 0.006700 -0.006700 0.999900
vn -0.412200 0.410100 0.813500
vn -0.673500 0.670100 0.311800
vn -0.673500 0.670100 -0.311800
vn -0.412200 0.410100 -0.813500
vn 0.007400 -0.006100 -0.999900
vn 0.459800 -0.376000 -0.804500
vn 0.736900 -0.602700 -0.306200
vn 0.736900 -0.602700 0.306200
vn 0.459800 -0.376000 0.804400
vn 0.007400 -0.006100 0.999900
vn -0.450000 0.368100 0.813600
vn -0.735400 0.601600 0.311900
vn -0.735400 0.601600 -0.311900
vn -0.450000 0.368100 -0.813600
vn 0.008100 -0.005300 -0.999900
vn 0.494300 -0.329300 -0.804400
vn 0.792200 -0.527800 -0.306200
vn 0.792200 -0.527800 0.306200
vn 0.494300 -0.329300 0.804400
vn 0.008000 -0.005300 0.999900
vn -0.483800 0.322300 0.813600
vn -0.790700 0.526700 0.311900
vn -0.790700 0.526700 -0.311900
vn -0.483800 0.322300 -0.813600
vn 0.008500 -0.004500 -0.999900
vn 0.524100 -0.279500 -0.804500
vn 0.840000 -0.447900 -0.306200
vn 0.840000 -0.447900 0.306200
vn 0.524100 -0.279500 0.804400
vn 0.008500 -0.004500 0.999900
vn -0.513000 0.273500 0.813600
vn -0.838400 0.447000 0.311900
vn -0.838400 0.447000 -0.311900
vn -0.513000 0.273500 -0.813600
vn 0.008800 -0.003600 -0.999900
vn 0.548800 -0.227100 -0.804500
vn 0.879600 -0.364100 -0.306200
vn 0.879600 -0.364100 0.306200
vn 0.548800 -0.227100 0.804500
vn 0.008800 -0.003600 0.999900
vn -0.537200 0.222300 0.813600
vn -0.877900 0.363300 0.311900
vn -0.877900 0.363300 -0.311900
vn -0.537200 0.222300 -0.813600
vn 0.009100 -0.002700 -0.999900
vn 0.568300 -0.172900 -0.804500
vn 0.910700 -0.277100 -0.306200
vn 0.910700 -0.277000 0.306200
vn 0.568200 -0.172900 0.804500
vn 0.009000 -0.002700 0.999900
vn -0.556300 0.169200 0.813500
vn -0.909000 0.276500 0.311800
vn -0.909000 0.276500 -0.311800
vn -0.556300 0.169200 -0.813500
vn 0.009400 -0.001900 -0.999900
vn 0.582300 -0.117100 -0.804500
vn 0.933300 -0.187600 -0.306200
vn 0.933300 -0.187600 0.306300
vn 0.582300 -0.117100 0.804500
vn 0.009300 -0.001900 0.999900
vn -0.570100 0.114600 0.813500
vn -0.931500 0.187300 0.311800
vn -0.931500 0.187300 -0.311800
vn -0.570000 0.114600 -0.813600
vn 0.009500 -0.000900 -0.999900
vn 0.590900 -0.060100 -0.804500
vn 0.947100 -0.096300 -0.306200
vn 0.947100 -0.096300 0.306200
vn 0.590900 -0.060100 0.804500
vn 0.009500 -0.000900 0.999900
vn -0.578400 0.058900 0.813600
vn -0.945200 0.096200 0.311800
vn -0.945200 0.096200 -0.311800
vn -0.578400 0.058900 -0.813600
vn 0.009600 -0.000000 -0.999900
vn 0.594000 -0.002400 -0.804400
vn 0.951900 -0.003800 -0.306200
vn 0.951900 -0.003800 0.306200
vn 0.594000 -0.002400 0.804500
vn 0.009600 -0.000000 0.999900
vn -0.581400 0.002400 0.813600
vn -0.950100 0.003900 0.311900
vn -0.950100 0.003900 -0.311900
vn -0.581400 0.002400 -0.813600
vn 0.009600 0.000900 -0.999900
vn 0.591400 0.055700 -0.804400
vn 0.947800 0.089300 -0.306200
vn 0.947800 0.089300 0.306200
vn 0.591400 0.055700 0.804400
vn 0.009600 0.000900 0.999900
vn -0.578800 -0.054500 0.813600
vn -0.945900 -0.089000 0.311900
vn -0.945900 -0.089000 -0.311900
vn -0.578800 -0.054500 -0.813600
vn 0.009600 0.001900 -0.999900
vn 0.583100 0.113800 -0.804400
vn 0.934300 0.182400 -0.306200
vn 0.934300 0.182500 0.306200
vn 0.583100 0.113900 0.804400
vn 0.009600 0.001900 0.999900
vn -0.570500 -0.111300 0.813700
vn -0.932500 -0.181900 0.311900
vn -0.932500 -0.181900 -0.311900
vn -0.570500 -0.111300 -0.813700
vn 0.009500 0.002800 -0.999900
vn 0.568900 0.171500 -0.804300
vn 0.911400 0.274800 -0.306100
vn 0.911400 0.274800 0.306100
vn 0.568900 0.171500 0.804300
vn 0.009500 0.002800 0.999900
vn -0.556500 -0.167700 0.813700
vn -0.909700 -0.274100 0.312000
vn -0.909700 -0.274100 -0.311900
vn -0.556500 -0.167700 -0.813700
vn 0.009300 0.003800 -0.999900
vn 0.548700 0.228100 -0.804300
vn 0.879000 0.365500 -0.306100
vn 0.879000 0.365500 0.306100
vn 0.548700 0.228100 0.804300
vn 0.009200 0.003800 0.999900
vn -0.536600 -0.223000 0.813800
vn -0.877300 -0.364600 0.312000
vn -0.877300 -0.364600 -0.312000
vn -0.536600 -0.223000 -0.813800
vn 0.008800 0.004800 -0.999900
vn 0.522500 0.283000 -0.804200
vn 0.837100 0.453400 -0.306100
vn 0.837100 0.453400 0.306100
vn 0.522600 0.283000 0.804200
vn 0.008900 0.004800 0.999900
vn -0.511000 -0.276700 0.813800
vn -0.835500 -0.452300 0.312000
vn -0.835500 -0.452300 -0.312000
vn -0.511000 -0.276700 -0.813800
vn 0.008400 0.005700 -0.999900
vn 0.490600 0.335500 -0.804200
vn 0.785900 0.537300 -0.306000
vn 0.785900 0.537300 0.306100
vn 0.490700 0.335500 0.804200
vn 0.008400 0.005700 0.999900
vn -0.479700 -0.327900 0.813900
vn -0.784300 -0.536100 0.312100
vn -0.784400 -0.536100 -0.312000
vn -0.479700 -0.327900 -0.813900
vn 0.007800 0.006600 -0.999900
vn 0.453200 0.384600 -0.804200
vn 0.725900 0.616000 -0.306000
vn 0.725900 0.616000 0.306000
vn 0.453200 0.384600 0.804200
vn 0.007800 0.006600 0.999900
vn -0.443000 -0.375900 0.813900
vn -0.724400 -0.614700 0.312100
vn -0.724400 -0.614700 -0.312100
vn -0.442900 -0.375900 -0.813900
vn 0.007100 0.007400 -0.999900
vn 0.410800 0.429600 -0.804100
vn 0.657900 0.688100 -0.306000
vn 0.657900 0.688100 0.306000
vn 0.410700 0.429600 0.804200
vn 0.007000 0.007400 0.999900
vn -0.401400 -0.419900 0.813900
vn -0.656500 -0.686700 0.312100
vn -0.656500 -0.686700 -0.312100
vn -0.401400 -0.420000 -0.813900
vn 0.006200 0.008000 -0.999900
vn 0.364000 0.469800 -0.804200
vn 0.583100 0.752500 -0.306000
vn 0.583100 0.752500 0.306100
vn 0.364100 0.469800 0.804200
vn 0.006300 0.008000 0.999900
vn -0.355800 -0.459300 0.813900
vn -0.581800 -0.751100 0.312100
vn -0.581800 -0.751000 -0.312100
vn -0.355800 -0.459300 -0.813900
vn 0.005300 0.008500 -0.999900
vn 0.314000 0.504500 -0.804300
vn 0.503100 0.808200 -0.306100
vn 0.503100 0.808200 0.306100
vn 0.314000 0.504500 0.804300
vn 0.005300 0.008500 0.999900
vn -0.307000 -0.493400 0.813800
vn -0.501800 -0.806700 0.312000
vn -0.501800 -0.806700 -0.312000
vn -0.306900 -0.493400 -0.813800
vn 0.004400 0.008800 -0.999900
vn 0.261700 0.533400 -0.804400
vn 0.419300 0.854600 -0.306200
vn 0.419300 0.854600 0.306200
vn 0.261700 0.533300 0.804400
vn 0.004300 0.008800 0.999900
vn -0.255900 -0.521900 0.813700
vn -0.418200 -0.853100 0.311900
vn -0.418100 -0.853100 -0.311900
vn -0.255800 -0.521900 -0.813700
vn 0.003300 0.008900 -0.999900
vn 0.208100 0.556300 -0.804500
vn 0.333600 0.891500 -0.306300
vn 0.333600 0.891500 0.306300
vn 0.208200 0.556200 0.804500
vn 0.003400 0.008900 0.999900
vn -0.203700 -0.544700 0.813500
vn -0.332700 -0.890000 0.311800
vn -0.332700 -0.890000 -0.311800
vn -0.203700 -0.544700 -0.813500
vn 0.002300 0.008900 -0.999900
vn 0.154100 0.573400 -0.804600
vn 0.247100 0.919300 -0.306300
vn 0.247100 0.919300 0.306300
vn 0.154100 0.573400 0.804600
vn 0.002400 0.008900 0.999900
vn -0.150900 -0.561700 0.813400
vn -0.246400 -0.917600 0.311800
vn -0.246500 -0.917600 -0.311800
vn -0.150900 -0.561700 -0.813400
vn 0.001500 0.009100 -0.999900
vn 0.099500 0.585300 -0.804600
vn 0.159700 0.938400 -0.306300
vn 0.159700 0.938400 0.306300
vn 0.099600 0.585300 0.804600
vn 0.001600 0.009100 0.999900
vn -0.097600 -0.573400 0.813400
vn -0.159500 -0.936600 0.311700
vn -0.159500 -0.936600 -0.311700
vn -0.097600 -0.573400 -0.813400
vn 0.000600 0.009500 -0.999900
vn 0.043400 0.592300 -0.804500
vn 0.069700 0.949400 -0.306200
vn 0.069600 0.949400 0.306200
vn 0.043500 0.592300 0.804500
vn 0.000700 0.009500 0.999900
vn -0.042800 -0.579900 0.813500
vn -0.070200 -0.947500 0.311800
vn -0.070100 -0.947500 -0.311800
vn -0.042800 -0.579900 -0.813500
vn -0.000300 0.010200 -0.999900
vn -0.016100 0.594200 -0.804100
vn -0.025800 0.951700 -0.306000
vn -0.025900 0.951700 0.306000
vn -0.016100 0.594200 0.804100
vn -0.000300 0.010200 0.999900
vn 0.015100 -0.580900 0.813800
vn 0.024400 -0.949700 0.312000
vn 0.024500 -0.949700 -0.312000
vn 0.015200 -0.580900 -0.813800
vn -0.001700 0.011400 -0.999900
vn -0.081800 0.589600 -0.803500
vn -0.131000 0.943100 -0.305600
vn -0.131000 0.943100 0.305600
vn -0.081800 0.589600 0.803500
vn -0.001800 0.011400 0.999900
vn 0.078500 -0.574800 0.814400
vn 0.128000 -0.941300 0.312400
vn 0.128100 -0.941300 -0.312400
vn 0.078600 -0.574800 -0.814400
vn -0.003800 0.013000 -0.999900
vn -0.156800 0.575600 -0.802500
vn -0.250600 0.918800 -0.305000
vn -0.250600 0.918700 0.305000
vn -0.156900 0.575600 0.802500
vn -0.003900 0.013000 0.999900
vn 0.150000 -0.559100 0.815400
vn 0.245000 -0.917600 0.312900
vn 0.245000 -0.917600 -0.312900
vn 0.150100 -0.559100 -0.815400
vn -0.007000 0.015000 -0.999800
vn -0.244100 0.546500 -0.801100
vn -0.388900 0.869600 -0.304200
vn -0.388900 0.869600 0.304200
vn -0.244100 0.546500 0.801100
vn -0.007000 0.015000 0.999800
vn 0.231900 -0.528300 0.816700
vn 0.379000 -0.870500 0.313700
vn 0.379100 -0.870500 -0.313700
vn 0.231900 -0.528300 -0.816700
vn -0.012200 0.016400 -0.999800
vn -0.343800 0.492800 -0.799300
vn -0.545700 0.781200 -0.303100
vn -0.545700 0.781200 0.303100
vn -0.343800 0.492800 0.799300
vn -0.012100 0.016400 0.999800
vn 0.323900 -0.474300 0.818600
vn 0.530700 -0.786900 0.314800
vn 0.530700 -0.786900 -0.314800
vn 0.323800 -0.474300 -0.818600
vn -0.018600 0.016000 -0.999700
vn -0.448400 0.403600 -0.797500
vn -0.708700 0.637500 -0.302100
vn -0.708700 0.637500 0.302100
vn -0.448300 0.403600 0.797500
vn -0.018600 0.016000 0.999700
vn 0.420400 -0.386600 0.820900
vn 0.693300 -0.647400 0.316500
vn 0.693300 -0.647400 -0.316500
vn 0.420300 -0.386600 -0.820900
vn -0.024300 0.012200 -0.999600
vn -0.538600 0.275000 -0.796400
vn -0.849200 0.433500 -0.301500
vn -0.849200 0.433500 0.301500
vn -0.538600 0.275000 0.796400
vn -0.024300 0.012200 0.999600
vn 0.505400 -0.260500 0.822600
vn 0.841300 -0.436800 0.318300
vn 0.841300 -0.436800 -0.318300
vn 0.505400 -0.260500 -0.822600
vn -0.026000 0.005600 -0.999600
vn -0.592200 0.121000 -0.796700
vn -0.934000 0.191100 -0.301600
vn -0.934000 0.191100 0.301600
vn -0.592200 0.121000 0.796600
vn -0.026000 0.005600 0.999600
vn 0.558400 -0.111100 0.822100
vn 0.930500 -0.182300 0.317500
vn 0.930500 -0.182200 -0.317500
vn 0.558400 -0.111100 -0.822000
vn -0.023000 -0.000700 -0.999700
vn -0.601700 -0.029900 -0.798200
vn -0.952000 -0.046900 -0.302500
vn -0.952000 -0.046900 0.302500
vn -0.601700 -0.029900 0.798100
vn -0.023100 -0.000700 0.999700
vn 0.571400 0.032700 0.820000
vn 0.947100 0.057600 0.315800
vn 0.947100 0.057600 -0.315800
vn 0.571400 0.032700 -0.820000
vn -0.017900 -0.004500 -0.999800
vn -0.579300 -0.155100 -0.800200
vn -0.920500 -0.246000 -0.303700
vn -0.920400 -0.246000 0.303700
vn -0.579300 -0.155100 0.800200
vn -0.018000 -0.004500 0.999800
vn 0.555200 0.151800 0.817700
vn 0.915200 0.252000 0.314400
vn 0.915200 0.252000 -0.314400
vn 0.555200 0.151800 -0.817700
vn -0.013100 -0.005800 -0.999900
vn -0.542800 -0.248700 -0.802200
vn -0.866000 -0.396400 -0.304800
vn -0.866000 -0.396400 0.304800
vn -0.542800 -0.248700 0.802100
vn -0.013200 -0.005800 0.999900
vn 0.525100 0.242300 0.815800
vn 0.862000 0.398600 0.313200
vn 0.862000 0.398600 -0.313200
vn 0.525100 0.242300 -0.815800
vn -0.009500 -0.005800 -0.999900
vn -0.504200 -0.315900 -0.803700
vn -0.806900 -0.505400 -0.305800
vn -0.806900 -0.505400 0.305700
vn -0.504200 -0.315900 0.803700
vn -0.009400 -0.005800 0.999900
vn 0.491500 0.308800 0.814200
vn 0.804200 0.505700 0.312300
vn 0.804200 0.505700 -0.312300
vn 0.491500 0.308800 -0.814300
vn -0.007400 -0.005200 -0.999900
vn -0.484800 -0.343500 -0.804300
vn -0.776800 -0.550300 -0.306000
vn -0.776800 -0.550300 0.306000
vn -0.484900 -0.343500 0.804300
vn -0.007400 -0.005200 0.999900
vn 0.474900 0.337000 0.813000
vn 0.774900 0.550100 0.311300
vn 0.774900 0.550100 -0.311300
vn 0.474900 0.337000 -0.813000
usemtl None
s 1
f 1//1 11//2 20//3 10//4
f 2//5 12//6 11//2 1//1
f 3//7 13//8 12//6 2//5
f 4//9 14//10 13//8 3//7
f 5//11 15//12 14//10 4//9
f 6//13 16//14 15//12 5//11
f 7//15 17//16 16//14 6//13
f 8//17 18//18 17//16 7//15
f 9//19 19//20 18//18 8//17
f 10//4 20//3 19//20 9//19
f 11//2 21//21 30//22 20//3
f 12//6 22//23 21//21 11//2
f 13//8 23//24 22//23 12//6
f 14//10 24//25 23//24 13//8
f 15//12 25//26 24//25 14//10
f 16//14 26//27 25//26 15//12
f 17//16 27//28 26//27 16//14
f 18//18 28//29 27//28 17//16
f 19//20 29//30 28//29 18//18
f 20//3 30//22 29//30 19//20
f 21//21 31//31 40//32 30//22
f 22//23 32//33 31//31 21//21
f 23//24 33//34 32//33 22//23
f 24//25 34//35 33//34 23//24
f 25//26 35//36 34//35 24//25
f 26//27 36//37 35//36 25//26
f 27//28 37//38 36//37 26//27
f 28//29 38//39 37//38 27//28
f 29//30 39//40 38//39 28//29
f 30//22 40//32 39//40 29//30
f 31//31 41//41 50//42 40//32
f 32//33 42//43 41//41 31//31
f 33//34 43//44 42//43 32//33
f 34//35 44//45 43//44 33//34
f 35//36 45//46 44//45 34//35
f 36//37 46//47 45//46 35//36
f 37//38 47//48 46//47 36//37
f 38//39 48//49 47//48 37//38
f 39//40 49//50 48//49 38//39
f 40//32 50//42 49//50 39//40
f 41//41 51//51 60//52 50//42
f 42//43 52//53 51//51 41//41
f 43//44 53//54 52//53 42//43
f 44//45 54//55 53//54 43//44
f 45//46 55//56 54//55 44//45
f 46//47 56//57 55//56 45//46
f 47//48 57//58 56//57 46//47
f 48//49 58//59 57//58 47//48
f 49//50 59//60 58//59 48//49
f 50//42 60//52 59//60 49//50
f 51//51 61//61 70//62 60//52
f 52//53 62//63 61//61 51//51
f 53//54 63//64 62//63 52//53
f 54//55 64//65 63//64 53//54
f 55//56 65//66 64//65 54//55
f 56//57 66//67 65//66 55//56
f 57//58 67//68 66//67 56//57
f 58//59 68//69 67//68 57//58
f 59//60 69//70 68//69 58//59
f 60//52 70//62 69//70 59//60
f 61//61 71//71 80//72 70//62
f 62//63 72//73 71//71 61//61
f 63//64 73//74 72//73 62//63
f 64//65 74//75 73//74 63//64
f 65//66 75//76 74//75 64//65
f 66//67 76//77 75//76 65//66
f 67//68 77//78 76//77 66//67
f 68//69 78//79 77//78 67//68
f 69//70 79//80 78//79 68//69
f 70//62 80//72 79//80 69//70
f 71//71 81//81 90//82 80//72
f 72//73 82//83 81//81 71//71
f 73//74 83//84 82//83 72//73
f 74//75 84//85 83//84 73//74
f 75//76 85//86 84//85 74//75
f 76//77 86//87 85//86 75//76
f 77//78 87//88 86//87 76//77
f 78//79 88//89 87//88 77//78
f 79//80 89//90 88//89 78//79
f 80//72 90//82 89//90 79//80
f 81//81 91//91 100//92 90//82
f 82//83 92//93 91//91 81//81
f 83//84 93//94 92//93 82//83
f 84//85 94//95 93//94 83//84
f 85//86 95//96 94//95 84//85
f 86//87 96//97 95//96 85//86
f 87//88 97//98 96//97 86//87
f 88//89 98//99 97//98 87//88
f 89//90 99//100 98//99 88//89
f 90//82 100//92 99//100 89//90
f 91//91 101//101 110//102 100//92
f 92//93 102//103 101//101 91//91
f 93//94 103//104 102//103 92//93
f 94//95 104//105 103//104 93//94
f 95//96 105//106 104//105 94//95
f 96//97 106//107 105//106 95//96
f 97//98 107//108 106//107 96//97
f 98//99 108//109 107//108 97//98
f 99//100 109//110 108//109 98//99
f 100//92 110//102 109//110 99//100
f 101//101 111//111 120//112 110//102
f 102//103 112//113 111//111 101//101
f 103//104 113//114 112//113 102//103
f 104//105 114//115 113//114 103//104
f 105//106 115//116 114//115 104//105
f 106//107 116//117 115//116 105//106
f 107//108 117//118 116//117 106//107
f 108//109 118//119 117//118 107//108
f 109//110 119//120 118//119 108//109
f 110//102 120//112 119//120 109//110
f 111//111 121//121 130//122 120//112
f 112//113 122//123 121//121 111//111
f 113//114 123//124 122//123 112//113
f 114//115 124//125 123//124 113//114
f 115//116 125//126 124//125 114//115
f 116//117 126//127 125//126 115//116
f 117//118 127//128 126//127 116//117
f 118//119 128//129 127//128 117//118
f 119//120 129//130 128//129 118//119
f 120//112 130//122 129//130 119//120
f 121//121 131//131 140//132 130//122
f 122//123 132//133 131//131 121//121
f 123//124 133//134 132//133 122//123
f 124//125 134//135 133//134 123//124
f 125//126 135//136 134//135 124//125
f 126//127 136//137 135//136 125//126
f 127//128 137//138 136//137 126//127
f 128//129 138//139 137//138 127//128
f 129//130 139//140 138//139 128//129
f 130//122 140//132 139//140 129//130
f 131//131 141//141 150//142 140//132
f 132//133 142//143 141//141 131//131
f 133//134 143//144 142//143 132//133
f 134//135 144//145 143//144 133//134
f 135//136 145//146 144//145 134//135
f 136//137 146//147 145//146 135//136
f 137//138 147//148 146//147 136//137
f 138//139 148//149 147//148 137//138
f 139//140 149//150 148//149 138//139
f 140//132 150//142 149//150 139//140
f 141//141 151//151 160//152 150//142
f 142//143 152//153 151//151 141//141
f 143//144 153//154 152//153 142//143
f 144//145 154//155 153//154 143//144
f 145//146 155//156 154//155 144//145
f 146//147 156//157 155//156 145//146
f 147//148 157//158 156//157 146//147
f 148//149 158//159 157//158 147//148
f 149//150 159//160 158//159 148//149
f 150//142 160//152 159//160 149//150
f 151//151 161//161 170//162 160//152
f 152//153 162//163 161//161 151//151
f 153//154 163//164 162//163 152//153
f 154//155 164//165 163//164 153//154
f 155//156 165//166 164//165 154//155
f 156//157 166//167 165//166 155//156
f 157//158 167//168 166//167 156//157
f 158//159 168//169 167//168 157//158
f 159//160 169//170 168//169 158//159
f 160//152 170//162 169//170 159//160
f 161//161 171//171 180//172 170//162
f 162//163 172//173 171//171 161//161
f 163//164 173//174 172//173 162//163
f 164//165 174//175 173//174 163//164
f 165//166 175//176 174//175 164//165
f 166//167 176//177 175//176 165//166
f 167//168 177//178 176//177 166//167
f 168//169 178//179 177//178 167//168
f 169//170 179//180 178//179 168//169
f 170//162 180//172 179//180 169//170
f 171//171 181//181 190//182 180//172
f 172//173 182//183 181//181 171//171
f 173//174 183//184 182//183 172//173
f 174//175 184//185 183//184 173//174
f 175//176 185//186 184//185 174//175
f 176//177 186//187 185//186 175//176
f 177//178 187//188 186//187 176//177
f 178//179 188//189 187//188 177//178
f 179//180 189//190 188//189 178//179
f 180//172 190//182 189//190 179//180
f 181//181 191//191 200//192 190//182
f 182//183 192//193 191//191 181//181
f 183//184 193//194 192//193 182//183
f 184//185 194//195 193//194 183//184
f 185//186 195//196 194//195 184//185
f 186//187 196//197 195//196 185//186
f 187//188 197//198 196//197 186//187
f 188//189 198//199 197//198 187//188
f 189//190 199//200 198//199 188//189
f 190//182 200//192 199//200 189//190
f 191//191 201//201 210//202 200//192
f 192//193 202//203 201//201 191//191
f 193//194 203//204 202//203 192//193
f 194//195 204//205 203//204 193//194
f 195//196 205//206 204//205 194//195
f 196//197 206//207 205//206 195//196
f 197//198 207//208 206//207 196//197
f 198//199 208//209 207//208 197//198
f 199//200 209//210 208//209 198//199
f 200//192 210//202 209//210 199//200
f 201//201 211//211 220//212 210//202
f 202//203 212//213 211//211 201//201
f 203//204 213//214 212//213 202//203
f 204//205 214//215 213//214 203//204
f 205//206 215//216 214//215 204//205
f 206//207 216//217 215//216 205//206
f 207//208 217//218 216//217 206//207
f 208//209 218//219 217//218 207//208
f 209//210 219//220 218//219 208//209
f 210//202 220//212 219//220 209//210
f 211//211 221//221 230//222 220//212
f 212//213 222//223 221//221 211//211
f 213//214 223//224 222//223 212//213
f 214//215 224//225 223//224 213//214
f 215//216 225//226 224//225 214//215
f 216//217 226//227 225//226 215//216
f 217//218 227//228 226//227 216//217
f 218//219 228//229 227//228 217//218
f 219//220 229//230 228//229 218//219
f 220//212 230//222 229//230 219//220
f 221//221 231//231 240//232 230//222
f 222//223 232//233 231//231 221//221
f 223//224 233//234 232//233 222//223
f 224//225 234//235 233//234 223//224
f 225//226 235//236 234//235 224//225
f 226//227 236//237 235//236 225//226
f 227//228 237//238 236//237 226//227
f 228//229 238//239 237//238 227//228
f 229//230 239//240 238//239 228//229
f 230//222 240//232 239//240 229//230
f 231//231 241//241 250//242 240//232
f 232//233 242//243 241//241 231//231
f 233//234 243//244 242//243 232//233
f 234//235 244//245 243//244 233//234
f 235//236 245//246 244//245 234//235
f 236//237 246//247 245//246 235//236
f 237//238 247//248 246//247 236//237
f 238//239 248//249 247//248 237//238
f 239//240 249//250 248//249 238//239
f 240//232 250//242 249//250 239//240
f 241//241 251//251 260//252 250//242
f 242//243 252//253 251//251 241//241
f 243//244 253//254 252//253 242//243
f 244//245 254//255 253//254 243//244
f 245//246 255//256 254//255 244//245
f 246//247 256//257 255//256 245//246
f 247//248 257//258 256//257 246//247
f 248//249 258//259 257//258 247//248
f 249//250 259//260 258//259 248//249
f 250//242 260//252 259//260 249//250
f 251//251 261//261 270//262 260//252
f 252//253 262//263 261//261 251//251
f 253//254 263//264 262//263 252//253
f 254//255 264//265 263//264 253//254
f 255//256 265//266 264//265 254//255
f 256//257 266//267 265//266 255//256
f 257//258 267//268 266//267 256//257
f 258//259 268//269 267//268 257//258
f 259//260 269//270 268//269 258//259
f 260//252 270//262 269//270 259//260
f 261//261 271//271 280//272 270//262
f 262//263 272//273 271//271 261//261
f 263//264 273//274 272//273 262//263
f 264//265 274//275 273//274 263//264
f 265//266 275//276 274//275 264//265
f 266//267 276//277 275//276 265//266
f 267//268 277//278 276//277 266//267
f 268//269 278//279 277//278 267//268
f 269//270 279//280 278//279 268//269
f 270//262 280//272 279//280 269//270
f 271//271 281//281 290//282 280//272
f 272//273 282//283 281//281 271//271
f 273//274 283//284 282//283 272//273
f 274//275 284//285 283//284 273//274
f 275//276 285//286 284//285 274//275
f 276//277 286//287 285//286 275//276
f 277//278 287//288 286//287 276//277
f 278//279 288//289 287//288 277//278
f 279//280 289//290 288//289 278//279
f 280//272 290//282 289//290 279//280
f 281//281 291//291 300//292 290//282
f 282//283 292//293 291//291 281//281
f 283//284 293//294 292//293 282//283
f 284//285 294//295 293//294 283//284
f 285//286 295//296 294//295 284//285
f 286//287 296//297 295//296 285//286
f 287//288 297//298 296//297 286//287
f 288//289 298//299 297//298 287//288
f 289//290 299//300 298//299 288//289
f 290//282 300//292 299//300 289//290
f 291//291 301//301 310//302 300//292
f 292//293 302//303 301//301 291//291
f 293//294 303//304 302//303 292//293
f 294//295 304//305 303//304 293//294
f 295//296 305//306 304//305 294//295
f 296//297 306//307 305//306 295//296
f 297//298 307//308 306//307 296//297
f 298//299 308//309 307//308 297//298
f 299//300 309//310 308//309 298//299
f 300//292 310//302 309//310 299//300
f 301//301 311//311 320//312 310//302
f 302//303 312//313 311//311 301//301
f 303//304 313//314 312//313 302//303
f 304//305 314//315 313//314 303//304
f 305//306 315//316 314//315 304//305
f 306//307 316//317 315//316 305//306
f 307//308 317//318 316//317 306//307
f 308//309 318//319 317//318 307//308
f 309//310 319//320 318//319 308//309
f 310//302 320//312 319//320 309//310
f 311//311 321//321 330//322 320//312
f 312//313 322//323 321//321 311//311
f 313//314 323//324 322//323 312//313
f 314//315 324//325 323//324 313//314
f 315//316 325//326 324//325 314//315
f 316//317 326//327 325//326 315//316
f 317//318 327//328 326//327 316//317
f 318//319 328//329 327//328 317//318
f 319//320 329//330 328//329 318//319
f 320//312 330//322 329//330 319//320
f 321//321 331//331 340//332 330//322
f 322//323 332//333 331//331 321//321
f 323//324 333//334 332//333 322//323
f 324//325 334//335 333//334 323//324
f 325//326 335//336 334//335 324//325
f 326//327 336//337 335//336 325//326
f 327//328 337//338 336//337 326//327
f 328//329 338//339 337//338 327//328
f 329//330 339//340 338//339 328//329
f 330//322 340//332 339//340 329//330
f 331//331 341//341 350//342 340//332
f 332//333 342//343 341//341 331//331
f 333//334 343//344 342//343 332//333
f 334//335 344//345 343//344 333//334
f 335//336 345//346 344//345 334//335
f 336//337 346//347 345//346 335//336
f 337//338 347//348 346//347 336//337
f 338//339 348//349 347//348 337//338
f 339//340 349//350 348//349 338//339
f 340//332 350//342 349//350 339//340
f 341//341 351//351 360//352 350//342
f 342//343 352//353 351//351 341//341
f 343//344 353//354 352//353 342//343
f 344//345 354//355 353//354 343//344
f 345//346 355//356 354//355 344//345
f 346//347 356//357 355//356 345//346
f 347//348 357//358 356//357 346//347
f 348//349 358//359 357//358 347//348
f 349//350 359//360 358//359 348//349
f 350//342 360//352 359//360 349//350
f 351//351 361//361 370//362 360//352
f 352//353 362//363 361//361 351//351
f 353//354 363//364 362//363 352//353
f 354//355 364//365 363//364 353//354
f 355//356 365//366 364//365 354//355
f 356//357 366//367 365//366 355//356
f 357//358 367//368 366//367 356//357
f 358//359 368//369 367//368 357//358
f 359//360 369//370 368//369 358//359
f 360//352 370//362 369//370 359//360
f 361//361 371//371 380//372 370//362
f 362//363 372//373 371//371 361//361
f 363//364 373//374 372//373 362//363
f 364//365 374//375 373//374 363//364
f 365//366 375//376 374//375 364//365
f 366//367 376//377 375//376 365//366
f 367//368 377//378 376//377 366//367
f 368//369 378//379 377//378 367//368
f 369//370 379//380 378//379 368//369
f 370//362 380//372 379//380 369//370
f 371//371 381//381 390//382 380//372
f 372//373 382//383 381//381 371//371
f 373//374 383//384 382//383 372//373
f 374//375 384//385 383//384 373//374
f 375//376 385//386 384//385 374//375
f 376//377 386//387 385//386 375//376
f 377//378 387//388 386//387 376//377
f 378//379 388//389 387//388 377//378
f 379//380 389//390 388//389 378//379
f 380//372 390//382 389//390 379//380
f 381//381 391//391 400//392 390//382
f 382//383 392//393 391//391 381//381
f 383//384 393//394 392//393 382//383
f 384//385 394//395 393//394 383//384
f 385//386 395//396 394//395 384//385
f 386//387 396//397 395//396 385//386
f 387//388 397//398 396//397 386//387
f 388//389 398//399 397//398 387//388
f 389//390 399//400 398//399 388//389
f 390//382 400//392 399//400 389//390
f 391//391 401//401 410//402 400//392
f 392//393 402//403 401//401 391//391
f 393//394 403//404 402//403 392//393
f 394//395 404//405 403//404 393//394
f 395//396 405//406 404//405 394//395
f 396//397 406//407 405//406 395//396
f 397//398 407//408 406//407 396//397
f 398//399 408//409 407//408 397//398
f 399//400 409//410 408//409 398//399
f 400//392 410//402 409//410 399//400
f 401//401 411//411 420//412 410//402
f 402//403 412//413 411//411 401//401
f 403//404 413//414 412//413 402//403
f 404//405 414//415 413//414 403//404
f 405//406 415//416 414//415 404//405
f 406//407 416//417 415//416 405//406
f 407//408 417//418 416//417 406//407
f 408//409 418//419 417//418 407//408
f 409//410 419//420 418//419 408//409
f 410//402 420//412 419//420 409//410
f 411//411 421//421 430//422 420//412
f 412//413 422//423 421//421 411//411
f 413//414 423//424 422//423 412//413
f 414//415 424//425 423//424 413//414
f 415//416 425//426 424//425 414//415
f 416//417 426//427 425//426 415//416
f 417//418 427//428 426//427 416//417
f 418//419 428//429 427//428 417//418
f 419//420 429//430 428//429 418//419
f 420//412 430//422 429//430 419//420
f 421//421 431//431 440//432 430//422
f 422//423 432//433 431//431 421//421
f 423//424 433//434 432//433 422//423
f 424//425 434//435 433//434 423//424
f 425//426 435//436 434//435 424//425
f 426//427 436//437 435//436 425//426
f 427//428 437//438 436//437 426//427
f 428//429 438//439 437//438 427//428
f 429//430 439//440 438//439 428//429
f 430//422 440//432 439//440 429//430
f 431//431 441//441 450//442 440//432
f 432//433 442//443 441//441 431//431
f 433//434 443//444 442//443 432//433
f 434//435 444//445 443//444 433//434
f 435//436 445//446 444//445 434//435
f 436//437 446//447 445//446 435//436
f 437//438 447//448 446//447 436//437
f 438//439 448//449 447//448 437//438
f 439//440 449//450 448//449 438//439
f 440//432 450//442 449//450 439//440
f 441//441 451//451 460//452 450//442
f 442//443 452//453 451//451 441//441
f 443//444 453//454 452//453 442//443
f 444//445 454//455 453//454 443//444
f 445//446 455//456 454//455 444//445
f 446//447 456//457 455//456 445//446
f 447//448 457//458 456//457 446//447
f 448//449 458//459 457//458 447//448
f 449//450 459//460 458//459 448//449
f 450//442 460//452 459//460 449//450
f 451//451 461//461 470//462 460//452
f 452//453 462//463 461//461 451//451
f 453//454 463//464 462//463 452//453
f 454//455 464//465 463//464 453//454
f 455//456 465//466 464//465 454//455
f 456//457 466//467 465//466 455//456
f 457//458 467//468 466//467 456//457
f 458//459 468//469 467//468 457//458
f 459//460 469//470 468//469 458//459
f 460//452 470//462 469//470 459//460
f 461//461 471//471 480//472 470//462
f 462//463 472//473 471//471 461//461
f 463//464 473//474 472//473 462//463
f 464//465 474//475 473//474 463//464
f 465//466 475//476 474//475 464//465
f 466//467 476//477 475//476 465//466
f 467//468 477//478 476//477 466//467
f 468//469 478//479 477//478 467//468
f 469//470 479//480 478//479 468//469
f 470//462 480//472 479//480 469//470
f 471//471 481//481 490//482 480//472
f 472//473 482//483 481//481 471//471
f 473//474 483//484 482//483 472//473
f 474//475 484//485 483//484 473//474
f 475//476 485//486 484//485 474//475
f 476//477 486//487 485//486 475//476
f 477//478 487//488 486//487 476//477
f 478//479 488//489 487//488 477//478
f 479//480 489//490 488//489 478//479
f 480//472 490//482 489//490 479//480
f 481//481 491//491 500//492 490//482
f 482//483 492//493 491//491 481//481
f 483//484 493//494 492//493 482//483
f 484//485 494//495 493//494 483//484
f 485//486 495//496 494//495 484//485
f 486//487 496//497 495//496 485//486
f 487//488 497//498 496//497 486//487
f 488//489 498//499 497//498 487//488
f 489//490 499//500 498//499 488//489
f 490//482 500//492 499//500 489//490
f 491//491 501//501 510//502 500//492
f 492//493 502//503 501//501 491//491
f 493//494 503//504 502//503 492//493
f 494//495 504//505 503//504 493//494
f 495//496 505//506 504//505 494//495
f 496//497 506//507 505//506 495//496
f 497//498 507//508 506//507 496//497
f 498//499 508//509 507//508 497//498
f 499//500 509//510 508//509 498//499
f 500//492 510//502 509//510 499//500
f 501//501 511//511 520//512 510//502
f 502//503 512//513 511//511 501//501
f 503//504 513//514 512//513 502//503
f 504//505 514//515 513//514 503//504
f 505//506 515//516 514//515 504//505
f 506//507 516//517 515//516 505//506
f 507//508 517//518 516//517 506//507
f 508//509 518//519 517//518 507//508
f 509//510 519//520 518//519 508//509
f 510//502 520//512 519//520 509//510
f 511//511 521//521 530//522 520//512
f 512//513 522//523 521//521 511//511
f 513//514 523//524 522//523 512//513
f 514//515 524//525 523//524 513//514
f 515//516 525//526 524//525 514//515
f 516//517 526//527 525//526 515//516
f 517//518 527//528 526//527 516//517
f 518//519 528//529 527//528 517//518
f 519//520 529//530 528//529 518//519
f 520//512 530//522 529//530 519//520
f 521//521 531//531 540//532 530//522
f 522//523 532//533 531//531 521//521
f 523//524 533//534 532//533 522//523
f 524//525 534//535 533//534 523//524
f 525//526 535//536 534//535 524//525
f 526//527 536//537 535//536 525//526
f 527//528 537//538 536//537 526//527
f 528//529 538//539 537//538 527//528
f 529//530 539//540 538//539 528//529
f 530//522 540//532 539//540 529//530
f 531//531 541//541 550//542 540//532
f 532//533 542//543 541//541 531//531
f 533//534 543//544 542//543 532//533
f 534//535 544//545 543//544 533//534
f 535//536 545//546 544//545 534//535
f 536//537 546//547 545//546 535//536
f 537//538 547//548 546//547 536//537
f 538//539 548//549 547//548 537//538
f 539//540 549//550 548//549 538//539
f 540//532 550//542 549//550 539//540
f 541//541 551//551 560//552 550//542
f 542//543 552//553 551//551 541//541
f 543//544 553//554 552//553 542//543
f 544//545 554//555 553//554 543//544
f 545//546 555//556 554//555 544//545
f 546//547 556//557 555//556 545//546
f 547//548 557//558 556//557 546//547
f 548//549 558//559 557//558 547//548
f 549//550 559//560 558//559 548//549
f 550//542 560//552 559//560 549//550
f 551//551 561//561 570//562 560//552
f 552//553 562//563 561//561 551//551
f 553//554 563//564 562//563 552//553
f 554//555 564//565 563//564 553//554
f 555//556 565//566 564//565 554//555
f 556//557 566//567 565//566 555//556
f 557//558 567//568 566//567 556//557
f 558//559 568//569 567//568 557//558
f 559//560 569//570 568//569 558//559
f 560//552 570//562 569//570 559//560
f 561//561 571//571 580//572 570//562
f 562//563 572//573 571//571 561//561
f 563//564 573//574 572//573 562//563
f 564//565 574//575 573//574 563//564
f 565//566 575//576 574//575 564//565
f 566//567 576//577 575//576 565//566
f 567//568 577//578 576//577 566//567
f 568//569 578//579 577//578 567//568
f 569//570 579//580 578//579 568//569
f 570//562 580//572 579//580 569//570
f 571//571 581//581 590//582 580//572
f 572//573 582//583 581//581 571//571
f 573//574 583//584 582//583 572//573
f 574//575 584//585 583//584 573//574
f 575//576 585//586 584//585 574//575
f 576//577 586//587 585//586 575//576
f 577//578 587//588 586//587 576//577
f 578//579 588//589 587//588 577//578
f 579//580 589//590 588//589 578//579
f 580//572 590//582 589//590 579//580
f 581//581 591//591 600//592 590//582
f 582//583 592//593 591//591 581//581
f 583//584 593//594 592//593 582//583
f 584//585 594//595 593//594 583//584
f 585//586 595//596 594//595 584//585
f 586//587 596//597 595//596 585//586
f 587//588 597//598 596//597 586//587
f 588//589 598//599 597//598 587//588
f 589//590 599//600 598//599 588//589
f 590//582 600//592 599//600 589//590
f 591//591 601//601 610//602 600//592
f 592//593 602//603 601//601 591//591
f 593//594 603//604 602//603 592//593
f 594//595 604//605 603//604 593//594
f 595//596 605//606 604//605 594//595
f 596//597 606//607 605//606 595//596
f 597//598 607//608 606//607 596//597
f 598//599 608//609 607//608 597//598
f 599//600 609//610 608//609 598//599
f 600//592 610//602 609//610 599//600
f 601//601 611//611 620//612 610//602
f 602//603 612//613 611//611 601//601
f 603//604 613//614 612//613 602//603
f 604//605 614//615 613//614 603//604
f 605//606 615//616 614//615 604//605
f 606//607 616//617 615//616 605//606
f 607//608 617//618 616//617 606//607
f 608//609 618//619 617//618 607//608
f 609//610 619//620 618//619 608//609
f 610//602 620//612 619//620 609//610
f 611//611 621//621 630//622 620//612
f 612//613 622//623 621//621 611//611
f 613//614 623//624 622//623 612//613
f 614//615 624//625 623//624 613//614
f 615//616 625//626 624//625 614//615
f 616//617 626//627 625//626 615//616
f 617//618 627//628 626//627 616//617
f 618//619 628//629 627//628 617//618
f 619//620 629//630 628//629 618//619
f 620//612 630//622 629//630 619//620
f 621//621 631//631 640//632 630//622
f 622//623 632//633 631//631 621//621
f 623//624 633//634 632//633 622//623
f 624//625 634//635 633//634 623//624
f 625//626 635//636 634//635 624//625
f 626//627 636//637 635//636 625//626
f 627//628 637//638 636//637 626//627
f 628//629 638//639 637//638 627//628
f 629//630 639//640 638//639 628//629
f 630//622 640//632 639//640 629//630
f 631//631 641//641 650//642 640//632
f 632//633 642//643 641//641 631//631
f 633//634 643//644 642//643 632//633
f 634//635 644//645 643//644 633//634
f 635//636 645//646 644//645 634//635
f 636//637 646//647 645//646 635//636
f 637//638 647//648 646//647 636//637
f 638//639 648//649 647//648 637//638
f 639//640 649//650 648//649 638//639
f 640//632 650//642 649//650 639//640
f 641//641 651//651 660//652 650//642
f 642//643 652//653 651//651 641//641
f 643//644 653//654 652//653 642//643
f 644//645 654//655 653//654 643//644
f 645//646 655//656 654//655 644//645
f 646//647 656//657 655//656 645//646
f 647//648 657//658 656//657 646//647
f 648//649 658//659 657//658 647//648
f 649//650 659//660 658//659 648//649
f 650//642 660//652 659//660 649//650
f 651//651 661//661 670//662 660//652
f 652//653 662//663 661//661 651//651
f 653//654 663//664 662//663 652//653
f 654//655 664//665 663//664 653//654
f 655//656 665//666 664//665 654//655
f 656//657 666//667 665//666 655//656
f 657//658 667//668 666//667 656//657
f 658//659 668//669 667//668 657//658
f 659//660 669//670 668//669 658//659
f 660//652 670//662 669//670 659//660
f 661//661 671//671 680//672 670//662
f 662//663 672//673 671//671 661//661
f 663//664 673//674 672//673 662//663
f 664//665 674//675 673//674 663//664
f 665//666 675//676 674//675 664//665
f 666//667 676//677 675//676 665//666
f 667//668 677//678 676//677 666//667
f 668//669 678//679 677//678 667//668
f 669//670 679//680 678//679 668//669
f 670//662 680//672 679//680 669//670
f 671//671 681//681 690//682 680//672
f 672//673 682//683 681//681 671//671
f 673//674 683//684 682//683 672//673
f 674//675 684//685 683//684 673//674
f 675//676 685//686 684//685 674//675
f 676//677 686//687 685//686 675//676
f 677//678 687//688 686//687 676//677
f 678//679 688//689 687//688 677//678
f 679//680 689//690 688//689 678//679
f 680//672 690//682 689//690 679//680
f 681//681 691//691 700//692 690//682
f 682//683 692//693 691//691 681//681
f 683//684 693//694 692//693 682//683
f 684//685 694//695 693//694 683//684
f 685//686 695//696 694//695 684//685
f 686//687 696//697 695//696 685//686
f 687//688 697//698 696//697 686//687
f 688//689 698//699 697//698 687//688
f 689//690 699//700 698//699 688//689
f 690//682 700//692 699//700 689//690
f 691//691 701//701 710//702 700//692
f 692//693 702//703 701//701 691//691
f 693//694 703//704 702//703 692//693
f 694//695 704//705 703//704 693//694
f 695//696 705//706 704//705 694//695
f 696//697 706//707 705//706 695//696
f 697//698 707//708 706//707 696//697
f 698//699 708//709 707//708 697//698
f 699//700 709//710 708//709 698//699
f 700//692 710//702 709//710 699//700
f 701//701 711//711 720//712 710//702
f 702//703 712//713 711//711 701//701
f 703//704 713//714 712//713 702//703
f 704//705 714//715 713//714 703//704
f 705//706 715//716 714//715 704//705
f 706//707 716//717 715//716 705//706
f 707//708 717//718 716//717 706//707
f 708//709 718//719 717//718 707//708
f 709//710 719//720 718//719 708//709
f 710//702 720//712 719//720 709//710
f 711//711 721//721 730//722 720//712
f 712//713 722//723 721//721 711//711
f 713//714 723//724 722//723 712//713
f 714//715 724//725 723//724 713//714
f 715//716 725//726 724//725 714//715
f 716//717 726//727 725//726 715//716
f 717//718 727//728 726//727 716//717
f 718//719 728//729 727//728 717//718
f 719//720 729//730 728//729 718//719
f 720//712 730//722 729//730 719//720
f 721//721 731//731 740//732 730//722
f 722//723 732//733 731//731 721//721
f 723//724 733//734 732//733 722//723
f 724//725 734//735 733//734 723//724
f 725//726 735//736 734//735 724//725
f 726//727 736//737 735//736 725//726
f 727//728 737//738 736//737 726//727
f 728//729 738//739 737//738 727//728
f 729//730 739//740 738//739 728//729
f 730//722 740//732 739//740 729//730
f 731//731 741//741 750//742 740//732
f 732//733 742//743 741//741 731//731
f 733//734 743//744 742//743 732//733
f 734//735 744//745 743//744 733//734
f 735//736 745//746 744//745 734//735
f 736//737 746//747 745//746 735//736
f 737//738 747//748 746//747 736//737
f 738//739 748//749 747//748 737//738
f 739//740 749//750 748//749 738//739
f 740//732 750//742 749//750 739//740
f 741//741 751//751 760//752 750//742
f 742//743 752//753 751//751 741//741
f 743//744 753//754 752//753 742//743
f 744//745 754//755 753//754 743//744
f 745//746 755//756 754//755 744//745
f 746//747 756//757 755//756 745//746
f 747//748 757//758 756//757 746//747
f 748//749 758//759 757//758 747//748
f 749//750 759//760 758//759 748//749
f 750//742 760//752 759//760 749//750
f 751//751 761//761 770//762 760//752
f 752//753 762//763 761//761 751//751
f 753//754 763//764 762//763 752//753
f 754//755 764//765 763//764 753//754
f 755//756 765//766 764//765 754//755
f 756//757 766//767 765//766 755//756
f 757//758 767//768 766//767 756//757
f 758//759 768//769 767//768 757//758
f 759//760 769//770 768//769 758//759
f 760//752 770//762 769//770 759//760
f 761//761 771//771 780//772 770//762
f 762//763 772//773 771//771 761//761
f 763//764 773//774 772//773 762//763
f 764//765 774//775 773//774 763//764
f 765//766 775//776 774//775 764//765
f 766//767 776//777 775//776 765//766
f 767//768 777//778 776//777 766//767
f 768//769 778//779 777//778 767//768
f 769//770 779//780 778//779 768//769
f 770//762 780//772 779//780 769//770
f 771//771 781//781 790//782 780//772
f 772//773 782//783 781//781 771//771
f 773//774 783//784 782//783 772//773
f 774//775 784//785 783//784 773//774
f 775//776 785//786 784//785 774//775
f 776//777 786//787 785//786 775//776
f 777//778 787//788 786//787 776//777
f 778//779 788//789 787//788 777//778
f 779//780 789//790 788//789 778//779
f 780//772 790//782 789//790 779//780
f 781//781 791//791 800//792 790//782
f 782//783 792//793 791//791 781//781
f 783//784 793//794 792//793 782//783
f 784//785 794//795 793//794 783//784
f 785//786 795//796 794//795 784//785
f 786//787 796//797 795//796 785//786
f 787//788 797//798 796//797 786//787
f 788//789 798//799 797//798 787//788
f 789//790 799//800 798//799 788//789
f 790//782 800//792 799//800 789//790
f 791//791 801//801 810//802 800//792
f 792//793 802//803 801//801 791//791
f 793//794 803//804 802//803 792//793
f 794//795 804//805 803//804 793//794
f 795//796 805//806 804//805 794//795
f 796//797 806//807 805//806 795//796
f 797//798 807//808 806//807 796//797
f 798//799 808//809 807//808 797//798
f 799//800 809//810 808//809 798//799
f 800//792 810//802 809//810 799//800
f 801//801 811//811 820//812 810//802
f 802//803 812//813 811//811 801//801
f 803//804 813//814 812//813 802//803
f 804//805 814//815 813//814 803//804
f 805//806 815//816 814//815 804//805
f 806//807 816//817 815//816 805//806
f 807//808 817//818 816//817 806//807
f 808//809 818//819 817//818 807//808
f 809//810 819//820 818//819 808//809
f 810//802 820//812 819//820 809//810
f 811//811 821//821 830//822 820//812
f 812//813 822//823 821//821 811//811
f 813//814 823//824 822//823 812//813
f 814//815 824//825 823//824 813//814
f 815//816 825//826 824//825 814//815
f 816//817 826//827 825//826 815//816
f 817//818 827//828 826//827 816//817
f 818//819 828//829 827//828 817//818
f 819//820 829//830 828//829 818//819
f 820//812 830//822 829//830 819//820
f 821//821 831//831 840//832 830//822
f 822//823 832//833 831//831 821//821
f 823//824 833//834 832//833 822//823
f 824//825 834//835 833//834 823//824
f 825//826 835//836 834//835 824//825
f 826//827 836//837 835//836 825//826
f 827//828 837//838 836//837 826//827
f 828//829 838//839 837//838 827//828
f 829//830 839//840 838//839 828//829
f 830//822 840//832 839//840 829//830
f 831//831 841//841 850//842 840//832
f 832//833 842//843 841//841 831//831
f 833//834 843//844 842//843 832//833
f 834//835 844//845 843//844 833//834
f 835//836 845//846 844//845 834//835
f 836//837 846//847 845//846 835//836
f 837//838 847//848 846//847 836//837
f 838//839 848//849 847//848 837//838
f 839//840 849//850 848//849 838//839
f 840//832 850//842 849//850 839//840
f 841//841 851//851 860//852 850//842
f 842//843 852//853 851//851 841//841
f 843//844 853//854 852//853 842//843
f 844//845 854//855 853//854 843//844
f 845//846 855//856 854//855 844//845
f 846//847 856//857 855//856 845//846
f 847//848 857//858 856//857 846//847
f 848//849 858//859 857//858 847//848
f 849//850 859//860 858//859 848//849
f 850//842 860//852 859//860 849//850
f 851//851 861//861 870//862 860//852
f 852//853 862//863 861//861 851//851
f 853//854 863//864 862//863 852//853
f 854//855 864//865 863//864 853//854
f 855//856 865//866 864//865 854//855
f 856//857 866//867 865//866 855//856
f 857//858 867//868 866//867 856//857
f 858//859 868//869 867//868 857//858
f 859//860 869//870 868//869 858//859
f 860//852 870//862 869//870 859//860
f 861//861 871//871 880//872 870//862
f 862//863 872//873 871//871 861//861
f 863//864 873//874 872//873 862//863
f 864//865 874//875 873//874 863//864
f 865//866 875//876 874//875 864//865
f 866//867 876//877 875//876 865//866
f 867//868 877//878 876//877 866//867
f 868//869 878//879 877//878 867//868
f 869//870 879//880 878//879 868//869
f 870//862 880//872 879//880 869//870
f 871//871 881//881 890//882 880//872
f 872//873 882//883 881//881 871//871
f 873//874 883//884 882//883 872//873
f 874//875 884//885 883//884 873//874
f 875//876 885//886 884//885 874//875
f 876//877 886//887 885//886 875//876
f 877//878 887//888 886//887 876//877
f 878//879 888//889 887//888 877//878
f 879//880 889//890 888//889 878//879
f 880//872 890//882 889//890 879//880
f 881//881 891//891 900//892 890//882
f 882//883 892//893 891//891 881//881
f 883//884 893//894 892//893 882//883
f 884//885 894//895 893//894 883//884
f 885//886 895//896 894//895 884//885
f 886//887 896//897 895//896 885//886
f 887//888 897//898 896//897 886//887
f 888//889 898//899 897//898 887//888
f 889//890 899//900 898//899 888//889
f 890//882 900//892 899//900 889//890
f 891//891 901//901 910//902 900//892
f 892//893 902//903 901//901 891//891
f 893//894 903//904 902//903 892//893
f 894//895 904//905 903//904 893//894
f 895//896 905//906 904//905 894//895
f 896//897 906//907 905//906 895//896
f 897//898 907//908 906//907 896//897
f 898//899 908//909 907//908 897//898
f 899//900 909//910 908//909 898//899
f 900//892 910//902 909//910 899//900
f 901//901 911//911 920//912 910//902
f 902//903 912//913 911//911 901//901
f 903//904 913//914 912//913 902//903
f 904//905 914//915 913//914 903//904
f 905//906 915//916 914//915 904//905
f 906//907 916//917 915//916 905//906
f 907//908 917//918 916//917 906//907
f 908//909 918//919 917//918 907//908
f 909//910 919//920 918//919 908//909
f 910//902 920//912 919//920 909//910
f 911//911 921//921 930//922 920//912
f 912//913 922//923 921//921 911//911
f 913//914 923//924 922//923 912//913
f 914//915 924//925 923//924 913//914
f 915//916 925//926 924//925 914//915
f 916//917 926//927 925//926 915//916
f 917//918 927//928 926//927 916//917
f 918//919 928//929 927//928 917//918
f 919//920 929//930 928//929 918//919
f 920//912 930//922 929//930 919//920
f 921//921 931//931 940//932 930//922
f 922//923 932//933 931//931 921//921
f 923//924 933//934 932//933 922//923
f 924//925 934//935 933//934 923//924
f 925//926 935//936 934//935 924//925
f 926//927 936//937 935//936 925//926
f 927//928 937//938 936//937 926//927
f 928//929 938//939 937//938 927//928
f 929//930 939//940 938//939 928//929
f 930//922 940//932 939//940 929//930
f 931//931 941//941 950//942 940//932
f 932//933 942//943 941//941 931//931
f 933//934 943//944 942//943 932//933
f 934//935 944//945 943//944 933//934
f 935//936 945//946 944//945 934//935
f 936//937 946//947 945//946 935//936
f 937//938 947//948 946//947 936//937
f 938//939 948//949 947//948 937//938
f 939//940 949//950 948//949 938//939
f 940//932 950//942 949//950 939//940
f 941//941 951//951 960//952 950//942
f 942//943 952//953 951//951 941//941
f 943//944 953//954 952//953 942//943
f 944//945 954//955 953//954 943//944
f 945//946 955//956 954//955 944//945
f 946//947 956//957 955//956 945//946
f 947//948 957//958 956//957 946//947
f 948//949 958//959 957//958 947//948
f 949//950 959//960 958//959 948//949
f 950//942 960//952 959//960 949//950
f 951//951 961//961 970//962 960//952
f 952//953 962//963 961//961 951//951
f 953//954 963//964 962//963 952//953
f 954//955 964//965 963//964 953//954
f 955//956 965//966 964//965 954//955
f 956//957 966//967 965//966 955//956
f 957//958 967//968 966//967 956//957
f 958//959 968//969 967//968 957//958
f 959//960 969//970 968//969 958//959
f 960//952 970//962 969//970 959//960
f 961//961 971//971 980//972 970//962
f 962//963 972//973 971//971 961//961
f 963//964 973//974 972//973 962//963
f 964//965 974//975 973//974 963//964
f 965//966 975//976 974//975 964//965
f 966//967 976//977 975//976 965//966
f 967//968 977//978 976//977 966//967
f 968//969 978//979 977//978 967//968
f 969//970 979//980 978//979 968//969
f 970//962 980//972 979//980 969//970
f 971//971 981//981 990//982 980//972
f 972//973 982//983 981//981 971//971
f 973//974 983//984 982//983 972//973
f 974//975 984//985 983//984 973//974
f 975//976 985//986 984//985 974//975
f 976//977 986//987 985//986 975//976
f 977//978 987//988 986//987 976//977
f 978//979 988//989 987//988 977//978
f 979//980 989//990 988//989 978//979
f 980//972 990//982 989//990 979//980
f 981//981 991//991 1000//992 990//982
f 982//983 992//993 991//991 981//981
f 983//984 993//994 992//993 982//983
f 984//985 994//995 993//994 983//984
f 985//986 995//996 994//995 984//985
f 986//987 996//997 995//996 985//986
f 987//988 997//998 996//997 986//987
f 988//989 998//999 997//998 987//988
f 989//990 999//1000 998//999 988//989
f 990//982 1000//992 999//1000 989//990
f 991//991 1001//1001 1010//1002 1000//992
f 992//993 1002//1003 1001//1001 991//991
f 993//994 1003//1004 1002//1003 992//993
f 994//995 1004//1005 1003//1004 993//994
f 995//996 1005//1006 1004//1005 994//995
f 996//997 1006//1007 1005//1006 995//996
f 997//998 1007//1008 1006//1007 996//997
f 998//999 1008//1009 1007//1008 997//998
f 999//1000 1009//1010 1008//1009 998//999
f 1000//992 1010//1002 1009//1010 999//1000
f 1001//1001 1011//1011 1020//1012 1010//1002
f 1002//1003 1012//1013 1011//1011 1001//1001
f 1003//1004 1013//1014 1012//1013 1002//1003
f 1004//1005 1014//1015 1013//1014 1003//1004
f 1005//1006 1015//1016 1014//1015 1004//1005
f 1006//1007 1016//1017 1015//1016 1005//1006
f 1007//1008 1017//1018 1016//1017 1006//1007
f 1008//1009 1018//1019 1017//1018 1007//1008
f 1009//1010 1019//1020 1018//1019 1008//1009
f 1010//1002 1020//1012 1019//1020 1009//1010
f 1011//1011 1021//1021 1030//1022 1020//1012
f 1012//1013 1022//1023 1021//1021 1011//1011
f 1013//1014 1023//1024 1022//1023 1012//1013
f 1014//1015 1024//1025 1023//1024 1013//1014
f 1015//1016 1025//1026 1024//1025 1014//1015
f 1016//1017 1026//1027 1025//1026 1015//1016
f 1017//1018 1027//1028 1026//1027 1016//1017
f 1018//1019 1028//1029 1027//1028 1017//1018
f 1019//1020 1029//1030 1028//1029 1018//1019
f 1020//1012 1030//1022 1029//1030 1019//1020
f 1021//1021 1031//1031 1040//1032 1030//1022
f 1022//1023 1032//1033 1031//1031 1021//1021
f 1023//1024 1033//1034 1032//1033 1022//1023
f 1024//1025 1034//1035 1033//1034 1023//1024
f 1025//1026 1035//1036 1034//1035 1024//1025
f 1026//1027 1036//1037 1035//1036 1025//1026
f 1027//1028 1037//1038 1036//1037 1026//1027
f 1028//1029 1038//1039 1037//1038 1027//1028
f 1029//1030 1039//1040 1038//1039 1028//1029
f 1030//1022 1040//1032 1039//1040 1029//1030
f 1031//1031 1041//1041 1050//1042 1040//1032
f 1032//1033 1042//1043 1041//1041 1031//1031
f 1033//1034 1043//1044 1042//1043 1032//1033
f 1034//1035 1044//1045 1043//1044 1033//1034
f 1035//1036 1045//1046 1044//1045 1034//1035
f 1036//1037 1046//1047 1045//1046 1035//1036
f 1037//1038 1047//1048 1046//1047 1036//1037
f 1038//1039 1048//1049 1047//1048 1037//1038
f 1039//1040 1049//1050 1048//1049 1038//1039
f 1040//1032 1050//1042 1049//1050 1039//1040
f 1041//1041 1051//1051 1060//1052 1050//1042
f 1042//1043 1052//1053 1051//1051 1041//1041
f 1043//1044 1053//1054 1052//1053 1042//1043
f 1044//1045 1054//1055 1053//1054 1043//1044
f 1045//1046 1055//1056 1054//1055 1044//1045
f 1046//1047 1056//1057 1055//1056 1045//1046
f 1047//1048 1057//1058 1056//1057 1046//1047
f 1048//1049 1058//1059 1057//1058 1047//1048
f 1049//1050 1059//1060 1058//1059 1048//1049
f 1050//1042 1060//1052 1059//1060 1049//1050
f 1051//1051 1061//1061 1070//1062 1060//1052
f 1052//1053 1062//1063 1061//1061 1051//1051
f 1053//1054 1063//1064 1062//1063 1052//1053
f 1054//1055 1064//1065 1063//1064 1053//1054
f 1055//1056 1065//1066 1064//1065 1054//1055
f 1056//1057 1066//1067 1065//1066 1055//1056
f 1057//1058 1067//1068 1066//1067 1056//1057
f 1058//1059 1068//1069 1067//1068 1057//1058
f 1059//1060 1069//1070 1068//1069 1058//1059
f 1060//1052 1070//1062 1069//1070 1059//1060
f 1061//1061 1071//1071 1080//1072 1070//1062
f 1062//1063 1072//1073 1071//1071 1061//1061
f 1063//1064 1073//1074 1072//1073 1062//1063
f 1064//1065 1074//1075 1073//1074 1063//1064
f 1065//1066 1075//1076 1074//1075 1064//1065
f 1066//1067 1076//1077 1075//1076 1065//1066
f 1067//1068 1077//1078 1076//1077 1066//1067
f 1068//1069 1078//1079 1077//1078 1067//1068
f 1069//1070 1079//1080 1078//1079 1068//1069
f 1070//1062 1080//1072 1079//1080 1069//1070
f 1071//1071 1081//1081 1090//1082 1080//1072
f 1072//1073 1082//1083 1081//1081 1071//1071
f 1073//1074 1083//1084 1082//1083 1072//1073
f 1074//1075 1084//1085 1083//1084 1073//1074
f 1075//1076 1085//1086 1084//1085 1074//1075
f 1076//1077 1086//1087 1085//1086 1075//1076
f 1077//1078 1087//1088 1086//1087 1076//1077
f 1078//1079 1088//1089 1087//1088 1077//1078
f 1079//1080 1089//1090 1088//1089 1078//1079
f 1080//1072 1090//1082 1089//1090 1079//1080
f 1081//1081 1091//1091 1100//1092 1090//1082
f 1082//1083 1092//1093 1091//1091 1081//1081
f 1083//1084 1093//1094 1092//1093 1082//1083
f 1084//1085 1094//1095 1093//1094 1083//1084
f 1085//1086 1095//1096 1094//1095 1084//1085
f 1086//1087 1096//1097 1095//1096 1085//1086
f 1087//1088 1097//1098 1096//1097 1086//1087
f 1088//1089 1098//1099 1097//1098 1087//1088
f 1089//1090 1099//1100 1098//1099 1088//1089
f 1090//1082 1100//1092 1099//1100 1089//1090
f 1091//1091 1101//1101 1110//1102 1100//1092
f 1092//1093 1102//1103 1101//1101 1091//1091
f 1093//1094 1103//1104 1102//1103 1092//1093
f 1094//1095 1104//1105 1103//1104 1093//1094
f 1095//1096 1105//1106 1104//1105 1094//1095
f 1096//1097 1106//1107 1105//1106 1095//1096
f 1097//1098 1107//1108 1106//1107 1096//1097
f 1098//1099 1108//1109 1107//1108 1097//1098
f 1099//1100 1109//1110 1108//1109 1098//1099
f 1100//1092 1110//1102 1109//1110 1099//1100
f 1101//1101 1111//1111 1120//1112 1110//1102
f 1102//1103 1112//1113 1111//1111 1101//1101
f 1103//1104 1113//1114 1112//1113 1102//1103
f 1104//1105 1114//1115 1113//1114 1103//1104
f 1105//1106 1115//1116 1114//1115 1104//1105
f 1106//1107 1116//1117 1115//1116 1105//1106
f 1107//1108 1117//1118 1116//1117 1106//1107
f 1108//1109 1118//1119 1117//1118 1107//1108
f 1109//1110 1119//1120 1118//1119 1108//1109
f 1110//1102 1120//1112 1119//1120 1109//1110
f 1111//1111 1121//1121 1130//1122 1120//1112
f 1112//1113 1122//1123 1121//1121 1111//1111
f 1113//1114 1123//1124 1122//1123 1112//1113
f 1114//1115 1124//1125 1123//1124 1113//1114
f 1115//1116 1125//1126 1124//1125 1114//1115
f 1116//1117 1126//1127 1125//1126 1115//1116
f 1117//1118 1127//1128 1126//1127 1116//1117
f 1118//1119 1128//1129 1127//1128 1117//1118
f 1119//1120 1129//1130 1128//1129 1118//1119
f 1120//1112 1130//1122 1129//1130 1119//1120
f 1121//1121 1131//1131 1140//1132 1130//1122
f 1122//1123 1132//1133 1131//1131 1121//1121
f 1123//1124 1133//1134 1132//1133 1122//1123
f 1124//1125 1134//1135 1133//1134 1123//1124
f 1125//1126 1135//1136 1134//1135 1124//1125
f 1126//1127 1136//1137 1135//1136 1125//1126
f 1127//1128 1137//1138 1136//1137 1126//1127
f 1128//1129 1138//1139 1137//1138 1127//1128
f 1129//1130 1139//1140 1138//1139 1128//1129
f 1130//1122 1140//1132 1139//1140 1129//1130
f 1131//1131 1141//1141 1150//1142 1140//1132
f 1132//1133 1142//1143 1141//1141 1131//1131
f 1133//1134 1143//1144 1142//1143 1132//1133
f 1134//1135 1144//1145 1143//1144 1133//1134
f 1135//1136 1145//1146 1144//1145 1134//1135
f 1136//1137 1146//1147 1145//1146 1135//1136
f 1137//1138 1147//1148 1146//1147 1136//1137
f 1138//1139 1148//1149 1147//1148 1137//1138
f 1139//1140 1149//1150 1148//1149 1138//1139
f 1140//1132 1150//1142 1149//1150 1139//1140
f 1141//1141 1151//1151 1160//1152 1150//1142
f 1142//1143 1152//1153 1151//1151 1141//1141
f 1143//1144 1153//1154 1152//1153 1142//1143
f 1144//1145 1154//1155 1153//1154 1143//1144
f 1145//1146 1155//1156 1154//1155 1144//1145
f 1146//1147 1156//1157 1155//1156 1145//1146
f 1147//1148 1157//1158 1156//1157 1146//1147
f 1148//1149 1158//1159 1157//1158 1147//1148
f 1149//1150 1159//1160 1158//1159 1148//1149
f 1150//1142 1160//1152 1159//1160 1149//1150
f 1151//1151 1161//1161 1170//1162 1160//1152
f 1152//1153 1162//1163 1161//1161 1151//1151
f 1153//1154 1163//1164 1162//1163 1152//1153
f 1154//1155 1164//1165 1163//1164 1153//1154
f 1155//1156 1165//1166 1164//1165 1154//1155
f 1156//1157 1166//1167 1165//1166 1155//1156
f 1157//1158 1167//1168 1166//1167 1156//1157
f 1158//1159 1168//1169 1167//1168 1157//1158
f 1159//1160 1169//1170 1168//1169 1158//1159
f 1160//1152 1170//1162 1169//1170 1159//1160
f 1161//1161 1171//1171 1180//1172 1170//1162
f 1162//1163 1172//1173 1171//1171 1161//1161
f 1163//1164 1173//1174 1172//1173 1162//1163
f 1164//1165 1174//1175 1173//1174 1163//1164
f 1165//1166 1175//1176 1174//1175 1164//1165
f 1166//1167 1176//1177 1175//1176 1165//1166
f 1167//1168 1177//1178 1176//1177 1166//1167
f 1168//1169 1178//1179 1177//1178 1167//1168
f 1169//1170 1179//1180 1178//1179 1168//1169
f 1170//1162 1180//1172 1179//1180 1169//1170
f 1171//1171 1181//1181 1190//1182 1180//1172
f 1172//1173 1182//1183 1181//1181 1171//1171
f 1173//1174 1183//1184 1182//1183 1172//1173
f 1174//1175 1184//1185 1183//1184 1173//1174
f 1175//1176 1185//1186 1184//1185 1174//1175
f 1176//1177 1186//1187 1185//1186 1175//1176
f 1177//1178 1187//1188 1186//1187 1176//1177
f 1178//1179 1188//1189 1187//1188 1177//1178
f 1179//1180 1189//1190 1188//1189 1178//1179
f 1180//1172 1190//1182 1189//1190 1179//1180
f 1181//1181 1191//1191 1200//1192 1190//1182
f 1182//1183 1192//1193 1191//1191 1181//1181
f 1183//1184 1193//1194 1192//1193 1182//1183
f 1184//1185 1194//1195 1193//1194 1183//1184
f 1185//1186 1195//1196 1194//1195 1184//1185
f 1186//1187 1196//1197 1195//1196 1185//1186
f 1187//1188 1197//1198 1196//1197 1186//1187
f 1188//1189 1198//1199 1197//1198 1187//1188
f 1189//1190 1199//1200 1198//1199 1188//1189
f 1190//1182 1200//1192 1199//1200 1189//1190
f 1201//1201 1210//1202 1220//1203 1211//1204
f 1202//1205 1201//1201 1211//1204 1212//1206
f 1203//1207 1202//1205 1212//1206 1213//1208
f 1204//1209 1203//1207 1213//1208 1214//1210
f 1205//1211 1204//1209 1214//1210 1215//1212
f 1206//1213 1205//1211 1215//1212 1216//1214
f 1207//1215 1206//1213 1216//1214 1217//1216
f 1208//1217 1207//1215 1217//1216 1218//1218
f 1209//1219 1208//1217 1218//1218 1219//1220
f 1210//1202 1209//1219 1219//1220 1220//1203
f 1211//1204 1220//1203 1230//1221 1221//1222
f 1212//1206 1211//1204 1221//1222 1222//1223
f 1213//1208 1212//1206 1222//1223 1223//1224
f 1214//1210 1213//1208 1223//1224 1224//1225
f 1215//1212 1214//1210 1224//1225 1225//1226
f 1216//1214 1215//1212 1225//1226 1226//1227
f 1217//1216 1216//1214 1226//1227 1227//1228
f 1218//1218 1217//1216 1227//1228 1228//1229
f 1219//1220 1218//1218 1228//1229 1229//1230
f 1220//1203 1219//1220 1229//1230 1230//1221
f 1221//1222 1230//1221 1240//1231 1231//1232
f 1222//1223 1221//1222 1231//1232 1232//1233
f 1223//1224 1222//1223 1232//1233 1233//1234
f 1224//1225 1223//1224 1233//1234 1234//1235
f 1225//1226 1224//1225 1234//1235 1235//1236
f 1226//1227 1225//1226 1235//1236 1236//1237
f 1227//1228 1226//1227 1236//1237 1237//1238
f 1228//1229 1227//1228 1237//1238 1238//1239
f 1229//1230 1228//1229 1238//1239 1239//1240
f 1230//1221 1229//1230 1239//1240 1240//1231
f 1231//1232 1240//1231 1250//1241 1241//1242
f 1232//1233 1231//1232 1241//1242 1242//1243
f 1233//1234 1232//1233 1242//1243 1243//1244
f 1234//1235 1233//1234 1243//1244 1244//1245
f 1235//1236 1234//1235 1244//1245 1245//1246
f 1236//1237 1235//1236 1245//1246 1246//1247
f 1237//1238 1236//1237 1246//1247 1247//1248
f 1238//1239 1237//1238 1247//1248 1248//1249
f 1239//1240 1238//1239 1248//1249 1249//1250
f 1240//1231 1239//1240 1249//1250 1250//1241
f 1241//1242 1250//1241 1260//1251 1251//1252
f 1242//1243 1241//1242 1251//1252 1252//1253
f 1243//1244 1242//1243 1252//1253 1253//1254
f 1244//1245 1243//1244 1253//1254 1254//1255
f 1245//1246 1244//1245 1254//1255 1255//1256
f 1246//1247 1245//1246 1255//1256 1256//1257
f 1247//1248 1246//1247 1256//1257 1257//1258
f 1248//1249 1247//1248 1257//1258 1258//1259
f 1249//1250 1248//1249 1258//1259 1259//1260
f 1250//1241 1249//1250 1259//1260 1260//1251
f 1251//1252 1260//1251 1270//1261 1261//1262
f 1252//1253 1251//1252 1261//1262 1262//1263
f 1253//1254 1252//1253 1262//1263 1263//1264
f 1254//1255 1253//1254 1263//1264 1264//1265
f 1255//1256 1254//1255 1264//1265 1265//1266
f 1256//1257 1255//1256 1265//1266 1266//1267
f 1257//1258 1256//1257 1266//1267 1267//1268
f 1258//1259 1257//1258 1267//1268 1268//1269
f 1259//1260 1258//1259 1268//1269 1269//1270
f 1260//1251 1259//1260 1269//1270 1270//1261
f 1261//1262 1270//1261 1280//72 1271//1271
f 1262//1263 1261//1262 1271//1271 1272//1272
f 1263//1264 1262//1263 1272//1272 1273//1273
f 1264//1265 1263//1264 1273//1273 1274//1274
f 1265//1266 1264//1265 1274//1274 1275//76
f 1266//1267 1265//1266 1275//76 1276//1275
f 1267//1268 1266//1267 1276//1275 1277//1276
f 1268//1269 1267//1268 1277//1276 1278//1277
f 1269//1270 1268//1269 1278//1277 1279//1278
f 1270//1261 1269//1270 1279//1278 1280//72
f 1271//1271 1280//72 1290//1279 1281//1280
f 1272//1272 1271//1271 1281//1280 1282//1281
f 1273//1273 1272//1272 1282//1281 1283//1282
f 1274//1274 1273//1273 1283//1282 1284//1283
f 1275//76 1274//1274 1284//1283 1285//1284
f 1276//1275 1275//76 1285//1284 1286//1285
f 1277//1276 1276//1275 1286//1285 1287//1286
f 1278//1277 1277//1276 1287//1286 1288//1287
f 1279//1278 1278//1277 1288//1287 1289//1288
f 1280//72 1279//1278 1289//1288 1290//1279
f 1281//1280 1290//1279 1300//1289 1291//1290
f 1282//1281 1281//1280 1291//1290 1292//1291
f 1283//1282 1282//1281 1292//1291 1293//1292
f 1284//1283 1283//1282 1293//1292 1294//1293
f 1285//1284 1284//1283 1294//1293 1295//1294
f 1286//1285 1285//1284 1295//1294 1296//1295
f 1287//1286 1286//1285 1296//1295 1297//1296
f 1288//1287 1287//1286 1297//1296 1298//1297
f 1289//1288 1288//1287 1298//1297 1299//1298
f 1290//1279 1289//1288 1299//1298 1300//1289
f 1291//1290 1300//1289 1310//1299 1301//1300
f 1292//1291 1291//1290 1301//1300 1302//1301
f 1293//1292 1292//1291 1302//1301 1303//1302
f 1294//1293 1293//1292 1303//1302 1304//1303
f 1295//1294 1294//1293 1304//1303 1305//1304
f 1296//1295 1295//1294 1305//1304 1306//1305
f 1297//1296 1296//1295 1306//1305 1307//1306
f 1298//1297 1297//1296 1307//1306 1308//1307
f 1299//1298 1298//1297 1308//1307 1309//1308
f 1300//1289 1299//1298 1309//1308 1310//1299
f 1301//1300 1310//1299 1320//1309 1311//1310
f 1302//1301 1301//1300 1311//1310 1312//1311
f 1303//1302 1302//1301 1312//1311 1313//1312
f 1304//1303 1303//1302 1313//1312 1314//1313
f 1305//1304 1304//1303 1314//1313 1315//1314
f 1306//1305 1305//1304 1315//1314 1316//1315
f 1307//1306 1306//1305 1316//1315 1317//1316
f 1308//1307 1307//1306 1317//1316 1318//1317
f 1309//1308 1308//1307 1318//1317 1319//1318
f 1310//1299 1309//1308 1319//1318 1320//1309
f 1311//1310 1320//1309 1330//1319 1321//1320
f 1312//1311 1311//1310 1321//1320 1322//1321
f 1313//1312 1312//1311 1322//1321 1323//1322
f 1314//1313 1313//1312 1323//1322 1324//1323
f 1315//1314 1314//1313 1324//1323 1325//1324
f 1316//1315 1315//1314 1325//1324 1326//1325
f 1317//1316 1316//1315 1326//1325 1327//1326
f 1318//1317 1317//1316 1327//1326 1328//1327
f 1319//1318 1318//1317 1328//1327 1329//1328
f 1320//1309 1319//1318 1329//1328 1330//1319
f 1321//1320 1330//1319 1340//1329 1331//1330
f 1322//1321 1321//1320 1331//1330 1332//1331
f 1323//1322 1322//1321 1332//1331 1333//1332
f 1324//1323 1323//1322 1333//1332 1334//1333
f 1325//1324 1324//1323 1334//1333 1335//1334
f 1326//1325 1325//1324 1335//1334 1336//1335
f 1327//1326 1326//1325 1336//1335 1337//1336
f 1328//1327 1327//1326 1337//1336 1338//1337
f 1329//1328 1328//1327 1338//1337 1339//1338
f 1330//1319 1329//1328 1339//1338 1340//1329
f 1331//1330 1340//1329 1350//1339 1341//1340
f 1332//1331 1331//1330 1341//1340 1342//1341
f 1333//1332 1332//1331 1342//1341 1343//1342
f 1334//1333 1333//1332 1343//1342 1344//1343
f 1335//1334 1334//1333 1344//1343 1345//1344
f 1336//1335 1335//1334 1345//1344 1346//1345
f 1337//1336 1336//1335 1346//1345 1347//1346
f 1338//1337 1337//1336 1347//1346 1348//1347
f 1339//1338 1338//1337 1348//1347 1349//1348
f 1340//1329 1339//1338 1349//1348 1350//1339
f 1341//1340 1350//1339 1360//1349 1351//1350
f 1342//1341 1341//1340 1351//1350 1352//1351
f 1343//1342 1342//1341 1352//1351 1353//1352
f 1344//1343 1343//1342 1353//1352 1354//1353
f 1345//1344 1344//1343 1354//1353 1355//1354
f 1346//1345 1345//1344 1355//1354 1356//1355
f 1347//1346 1346//1345 1356//1355 1357//1356
f 1348//1347 1347//1346 1357//1356 1358//1357
f 1349//1348 1348//1347 1358//1357 1359//1358
f 1350//1339 1349//1348 1359//1358 1360//1349
f 1351//1350 1360//1349 1370//1359 1361//1360
f 1352//1351 1351//1350 1361//1360 1362//1361
f 1353//1352 1352//1351 1362//1361 1363//1362
f 1354//1353 1353//1352 1363//1362 1364//1363
f 1355//1354 1354//1353 1364//1363 1365//1364
f 1356//1355 1355//1354 1365//1364 1366//1365
f 1357//1356 1356//1355 1366//1365 1367//1366
f 1358//1357 1357//1356 1367//1366 1368//1367
f 1359//1358 1358//1357 1368//1367 1369//1368
f 1360//1349 1359//1358 1369//1368 1370//1359
f 1361//1360 1370//1359 1380//1369 1371//1370
f 1362//1361 1361//1360 1371//1370 1372//1371
f 1363//1362 1362//1361 1372//1371 1373//1372
f 1364//1363 1363//1362 1373//1372 1374//1373
f 1365//1364 1364//1363 1374//1373 1375//1374
f 1366//1365 1365//1364 1375//1374 1376//1375
f 1367//1366 1366//1365 1376//1375 1377//1376
f 1368//1367 1367//1366 1377//1376 1378//1377
f 1369//1368 1368//1367 1378//1377 1379//1378
f 1370//1359 1369//1368 1379//1378 1380//1369
f 1371//1370 1380//1369 1390//1379 1381//1380
f 1372//1371 1371//1370 1381//1380 1382//1381
f 1373//1372 1372//1371 1382//1381 1383//1382
f 1374//1373 1373//1372 1383//1382 1384//1383
f 1375//1374 1374//1373 1384//1383 1385//1384
f 1376//1375 1375//1374 1385//1384 1386//1385
f 1377//1376 1376//1375 1386//1385 1387//1386
f 1378//1377 1377//1376 1387//1386 1388//1387
f 1379//1378 1378//1377 1388//1387 1389//1388
f 1380//1369 1379//1378 1389//1388 1390//1379
f 1381//1380 1390//1379 1400//1389 1391//1390
f 1382//1381 1381//1380 1391//1390 1392//1391
f 1383//1382 1382//1381 1392//1391 1393//1392
f 1384//1383 1383//1382 1393//1392 1394//1393
f 1385//1384 1384//1383 1394//1393 1395//1394
f 1386//1385 1385//1384 1395//1394 1396//1395
f 1387//1386 1386//1385 1396//1395 1397//1396
f 1388//1387 1387//1386 1397//1396 1398//1397
f 1389//1388 1388//1387 1398//1397 1399//1398
f 1390//1379 1389//1388 1399//1398 1400//1389
f 1391//1390 1400//1389 1410//1399 1401//1400
f 1392//1391 1391//1390 1401//1400 1402//1401
f 1393//1392 1392//1391 1402//1401 1403//1402
f 1394//1393 1393//1392 1403//1402 1404//1403
f 1395//1394 1394//1393 1404//1403 1405//1404
f 1396//1395 1395//1394 1405//1404 1406//1405
f 1397//1396 1396//1395 1406//1405 1407//1406
f 1398//1397 1397//1396 1407//1406 1408//1407
f 1399//1398 1398//1397 1408//1407 1409//1408
f 1400//1389 1399//1398 1409//1408 1410//1399
f 1401//1400 1410//1399 1420//1409 1411//1410
f 1402//1401 1401//1400 1411//1410 1412//1411
f 1403//1402 1402//1401 1412//1411 1413//1412
f 1404//1403 1403//1402 1413//1412 1414//1413
f 1405//1404 1404//1403 1414//1413 1415//1414
f 1406//1405 1405//1404 1415//1414 1416//1415
f 1407//1406 1406//1405 1416//1415 1417//1416
f 1408//1407 1407//1406 1417//1416 1418//1417
f 1409//1408 1408//1407 1418//1417 1419//1418
f 1410//1399 1409//1408 1419//1418 1420//1409
f 1411//1410 1420//1409 1430//1419 1421//1420
f 1412//1411 1411//1410 1421//1420 1422//1421
f 1413//1412 1412//1411 1422//1421 1423//1422
f 1414//1413 1413//1412 1423//1422 1424//1423
f 1415//1414 1414//1413 1424//1423 1425//1424
f 1416//1415 1415//1414 1425//1424 1426//1425
f 1417//1416 1416//1415 1426//1425 1427//1426
f 1418//1417 1417//1416 1427//1426 1428//1427
f 1419//1418 1418//1417 1428//1427 1429//1428
f 1420//1409 1419//1418 1429//1428 1430//1419
f 1421//1420 1430//1419 1440//1429 1431//1430
f 1422//1421 1421//1420 1431//1430 1432//1431
f 1423//1422 1422//1421 1432//1431 1433//1432
f 1424//1423 1423//1422 1433//1432 1434//1433
f 1425//1424 1424//1423 1434//1433 1435//1434
f 1426//1425 1425//1424 1435//1434 1436//1435
f 1427//1426 1426//1425 1436//1435 1437//1436
f 1428//1427 1427//1426 1437//1436 1438//1437
f 1429//1428 1428//1427 1438//1437 1439//1438
f 1430//1419 1429//1428 1439//1438 1440//1429
f 1431//1430 1440//1429 1450//1439 1441//1440
f 1432//1431 1431//1430 1441//1440 1442//1441
f 1433//1432 1432//1431 1442//1441 1443//1442
f 1434//1433 1433//1432 1443//1442 1444//1443
f 1435//1434 1434//1433 1444//1443 1445//1444
f 1436//1435 1435//1434 1445//1444 1446//1445
f 1437//1436 1436//1435 1446//1445 1447//1446
f 1438//1437 1437//1436 1447//1446 1448//1447
f 1439//1438 1438//1437 1448//1447 1449//1448
f 1440//1429 1439//1438 1449//1448 1450//1439
f 1441//1440 1450//1439 1460//1449 1451//1450
f 1442//1441 1441//1440 1451//1450 1452//1451
f 1443//1442 1442//1441 1452//1451 1453//1452
f 1444//1443 1443//1442 1453//1452 1454//1453
f 1445//1444 1444//1443 1454//1453 1455//1454
f 1446//1445 1445//1444 1455//1454 1456//1455
f 1447//1446 1446//1445 1456//1455 1457//1456
f 1448//1447 1447//1446 1457//1456 1458//1457
f 1449//1448 1448//1447 1458//1457 1459//1458
f 1450//1439 1449//1448 1459//1458 1460//1449
f 1451//1450 1460//1449 1470//1459 1461//1460
f 1452//1451 1451//1450 1461//1460 1462//1461
f 1453//1452 1452//1451 1462//1461 1463//1462
f 1454//1453 1453//1452 1463//1462 1464//1463
f 1455//1454 1454//1453 1464//1463 1465//1464
f 1456//1455 1455//1454 1465//1464 1466//1465
f 1457//1456 1456//1455 1466//1465 1467//1466
f 1458//1457 1457//1456 1467//1466 1468//1467
f 1459//1458 1458//1457 1468//1467 1469//1468
f 1460//1449 1459//1458 1469//1468 1470//1459
f 1461//1460 1470//1459 1480//1469 1471//1470
f 1462//1461 1461//1460 1471//1470 1472//1471
f 1463//1462 1462//1461 1472//1471 1473//1472
f 1464//1463 1463//1462 1473//1472 1474//1473
f 1465//1464 1464//1463 1474//1473 1475//1474
f 1466//1465 1465//1464 1475//1474 1476//1475
f 1467//1466 1466//1465 1476//1475 1477//1476
f 1468//1467 1467//1466 1477//1476 1478//1477
f 1469//1468 1468//1467 1478//1477 1479//1478
f 1470//1459 1469//1468 1479//1478 1480//1469
f 1471//1470 1480//1469 1490//1479 1481//1480
f 1472//1471 1471//1470 1481//1480 1482//1481
f 1473//1472 1472//1471 1482//1481 1483//1482
f 1474//1473 1473//1472 1483//1482 1484//1483
f 1475//1474 1474//1473 1484//1483 1485//1484
f 1476//1475 1475//1474 1485//1484 1486//1485
f 1477//1476 1476//1475 1486//1485 1487//1486
f 1478//1477 1477//1476 1487//1486 1488//1487
f 1479//1478 1478//1477 1488//1487 1489//1488
f 1480//1469 1479//1478 1489//1488 1490//1479
f 1481//1480 1490//1479 1500//1489 1491//1490
f 1482//1481 1481//1480 1491//1490 1492//1491
f 1483//1482 1482//1481 1492//1491 1493//1492
f 1484//1483 1483//1482 1493//1492 1494//1493
f 1485//1484 1484//1483 1494//1493 1495//1494
f 1486//1485 1485//1484 1495//1494 1496//1495
f 1487//1486 1486//1485 1496//1495 1497//1496
f 1488//1487 1487//1486 1497//1496 1498//1497
f 1489//1488 1488//1487 1498//1497 1499//1498
f 1490//1479 1489//1488 1499//1498 1500//1489
f 1491//1490 1500//1489 1510//1499 1501//1500
f 1492//1491 1491//1490 1501//1500 1502//1501
f 1493//1492 1492//1491 1502//1501 1503//1502
f 1494//1493 1493//1492 1503//1502 1504//1503
f 1495//1494 1494//1493 1504//1503 1505//1504
f 1496//1495 1495//1494 1505//1504 1506//1505
f 1497//1496 1496//1495 1506//1505 1507//1506
f 1498//1497 1497//1496 1507//1506 1508//1507
f 1499//1498 1498//1497 1508//1507 1509//1508
f 1500//1489 1499//1498 1509//1508 1510//1499
f 1501//1500 1510//1499 1520//1509 1511//1510
f 1502//1501 1501//1500 1511//1510 1512//1511
f 1503//1502 1502//1501 1512//1511 1513//1512
f 1504//1503 1503//1502 1513//1512 1514//1513
f 1505//1504 1504//1503 1514//1513 1515//1514
f 1506//1505 1505//1504 1515//1514 1516//1515
f 1507//1506 1506//1505 1516//1515 1517//1516
f 1508//1507 1507//1506 1517//1516 1518//1517
f 1509//1508 1508//1507 1518//1517 1519//1518
f 1510//1499 1509//1508 1519//1518 1520//1509
f 1511//1510 1520//1509 1530//1519 1521//1520
f 1512//1511 1511//1510 1521//1520 1522//1521
f 1513//1512 1512//1511 1522//1521 1523//1522
f 1514//1513 1513//1512 1523//1522 1524//1523
f 1515//1514 1514//1513 1524//1523 1525//1524
f 1516//1515 1515//1514 1525//1524 1526//1525
f 1517//1516 1516//1515 1526//1525 1527//1526
f 1518//1517 1517//1516 1527//1526 1528//1527
f 1519//1518 1518//1517 1528//1527 1529//1528
f 1520//1509 1519//1518 1529//1528 1530//1519
f 1521//1520 1530//1519 1540//1529 1531//1530
f 1522//1521 1521//1520 1531//1530 1532//1531
f 1523//1522 1522//1521 1532//1531 1533//1532
f 1524//1523 1523//1522 1533//1532 1534//1533
f 1525//1524 1524//1523 1534//1533 1535//1534
f 1526//1525 1525//1524 1535//1534 1536//1535
f 1527//1526 1526//1525 1536//1535 1537//1536
f 1528//1527 1527//1526 1537//1536 1538//1537
f 1529//1528 1528//1527 1538//1537 1539//1538
f 1530//1519 1529//1528 1539//1538 1540//1529
f 1531//1530 1540//1529 1550//1539 1541//1540
f 1532//1531 1531//1530 1541//1540 1542//1541
f 1533//1532 1532//1531 1542//1541 1543//1542
f 1534//1533 1533//1532 1543//1542 1544//1543
f 1535//1534 1534//1533 1544//1543 1545//1544
f 1536//1535 1535//1534 1545//1544 1546//1545
f 1537//1536 1536//1535 1546//1545 1547//1546
f 1538//1537 1537//1536 1547//1546 1548//1547
f 1539//1538 1538//1537 1548//1547 1549//1548
f 1540//1529 1539//1538 1549//1548 1550//1539
f 1541//1540 1550//1539 1560//1549 1551//1550
f 1542//1541 1541//1540 1551//1550 1552//1551
f 1543//1542 1542//1541 1552//1551 1553//1552
f 1544//1543 1543//1542 1553//1552 1554//1553
f 1545//1544 1544//1543 1554//1553 1555//1554
f 1546//1545 1545//1544 1555//1554 1556//1555
f 1547//1546 1546//1545 1556//1555 1557//1556
f 1548//1547 1547//1546 1557//1556 1558//1557
f 1549//1548 1548//1547 1558//1557 1559//1558
f 1550//1539 1549//1548 1559//1558 1560//1549
f 1551//1550 1560//1549 1570//1559 1561//1560
f 1552//1551 1551//1550 1561//1560 1562//1561
f 1553//1552 1552//1551 1562//1561 1563//1562
f 1554//1553 1553//1552 1563//1562 1564//1563
f 1555//1554 1554//1553 1564//1563 1565//1564
f 1556//1555 1555//1554 1565//1564 1566//1565
f 1557//1556 1556//1555 1566//1565 1567//1566
f 1558//1557 1557//1556 1567//1566 1568//1567
f 1559//1558 1558//1557 1568//1567 1569//1568
f 1560//1549 1559//1558 1569//1568 1570//1559
f 1561//1560 1570//1559 1580//1569 1571//1570
f 1562//1561 1561//1560 1571//1570 1572//1571
f 1563//1562 1562//1561 1572//1571 1573//1572
f 1564//1563 1563//1562 1573//1572 1574//1573
f 1565//1564 1564//1563 1574//1573 1575//1574
f 1566//1565 1565//1564 1575//1574 1576//1575
f 1567//1566 1566//1565 1576//1575 1577//1576
f 1568//1567 1567//1566 1577//1576 1578//1577
f 1569//1568 1568//1567 1578//1577 1579//1578
f 1570//1559 1569//1568 1579//1578 1580//1569
f 1571//1570 1580//1569 1590//1579 1581//1580
f 1572//1571 1571//1570 1581//1580 1582//1581
f 1573//1572 1572//1571 1582//1581 1583//1582
f 1574//1573 1573//1572 1583//1582 1584//1583
f 1575//1574 1574//1573 1584//1583 1585//1584
f 1576//1575 1575//1574 1585//1584 1586//1585
f 1577//1576 1576//1575 1586//1585 1587//1586
f 1578//1577 1577//1576 1587//1586 1588//1587
f 1579//1578 1578//1577 1588//1587 1589//1588
f 1580//1569 1579//1578 1589//1588 1590//1579
f 1581//1580 1590//1579 1600//1589 1591//1590
f 1582//1581 1581//1580 1591//1590 1592//1591
f 1583//1582 1582//1581 1592//1591 1593//1592
f 1584//1583 1583//1582 1593//1592 1594//1593
f 1585//1584 1584//1583 1594//1593 1595//1594
f 1586//1585 1585//1584 1595//1594 1596//1595
f 1587//1586 1586//1585 1596//1595 1597//1596
f 1588//1587 1587//1586 1597//1596 1598//1597
f 1589//1588 1588//1587 1598//1597 1599//1598
f 1590//1579 1589//1588 1599//1598 1600//1589
f 1591//1590 1600//1589 1610//1599 1601//1600
f 1592//1591 1591//1590 1601//1600 1602//1601
f 1593//1592 1592//1591 1602//1601 1603//1602
f 1594//1593 1593//1592 1603//1602 1604//1603
f 1595//1594 1594//1593 1604//1603 1605//1604
f 1596//1595 1595//1594 1605//1604 1606//1605
f 1597//1596 1596//1595 1606//1605 1607//1606
f 1598//1597 1597//1596 1607//1606 1608//1607
f 1599//1598 1598//1597 1608//1607 1609//1608
f 1600//1589 1599//1598 1609//1608 1610//1599
f 1601//1600 1610//1599 1620//1609 1611//1610
f 1602//1601 1601//1600 1611//1610 1612//1611
f 1603//1602 1602//1601 1612//1611 1613//1612
f 1604//1603 1603//1602 1613//1612 1614//1613
f 1605//1604 1604//1603 1614//1613 1615//1614
f 1606//1605 1605//1604 1615//1614 1616//1615
f 1607//1606 1606//1605 1616//1615 1617//1616
f 1608//1607 1607//1606 1617//1616 1618//1617
f 1609//1608 1608//1607 1618//1617 1619//1618
f 1610//1599 1609//1608 1619//1618 1620//1609
f 1611//1610 1620//1609 1630//1619 1621//1620
f 1612//1611 1611//1610 1621//1620 1622//1621
f 1613//1612 1612//1611 1622//1621 1623//1622
f 1614//1613 1613//1612 1623//1622 1624//1623
f 1615//1614 1614//1613 1624//1623 1625//1624
f 1616//1615 1615//1614 1625//1624 1626//1625
f 1617//1616 1616//1615 1626//1625 1627//1626
f 1618//1617 1617//1616 1627//1626 1628//1627
f 1619//1618 1618//1617 1628//1627 1629//1628
f 1620//1609 1619//1618 1629//1628 1630//1619
f 1621//1620 1630//1619 1640//1629 1631//1630
f 1622//1621 1621//1620 1631//1630 1632//1631
f 1623//1622 1622//1621 1632//1631 1633//1632
f 1624//1623 1623//1622 1633//1632 1634//1633
f 1625//1624 1624//1623 1634//1633 1635//1634
f 1626//1625 1625//1624 1635//1634 1636//1635
f 1627//1626 1626//1625 1636//1635 1637//1636
f 1628//1627 1627//1626 1637//1636 1638//1637
f 1629//1628 1628//1627 1638//1637 1639//1638
f 1630//1619 1629//1628 1639//1638 1640//1629
f 1631//1630 1640//1629 1650//1639 1641//1640
f 1632//1631 1631//1630 1641//1640 1642//1641
f 1633//1632 1632//1631 1642//1641 1643//1642
f 1634//1633 1633//1632 1643//1642 1644//1643
f 1635//1634 1634//1633 1644//1643 1645//1644
f 1636//1635 1635//1634 1645//1644 1646//1645
f 1637//1636 1636//1635 1646//1645 1647//1646
f 1638//1637 1637//1636 1647//1646 1648//1647
f 1639//1638 1638//1637 1648//1647 1649//1648
f 1640//1629 1639//1638 1649//1648 1650//1639
f 1641//1640 1650//1639 1660//1649 1651//1650
f 1642//1641 1641//1640 1651//1650 1652//1651
f 1643//1642 1642//1641 1652//1651 1653//1652
f 1644//1643 1643//1642 1653//1652 1654//1653
f 1645//1644 1644//1643 1654//1653 1655//1654
f 1646//1645 1645//1644 1655//1654 1656//1655
f 1647//1646 1646//1645 1656//1655 1657//1656
f 1648//1647 1647//1646 1657//1656 1658//1657
f 1649//1648 1648//1647 1658//1657 1659//1658
f 1650//1639 1649//1648 1659//1658 1660//1649
f 1651//1650 1660//1649 1670//1659 1661//1660
f 1652//1651 1651//1650 1661//1660 1662//1661
f 1653//1652 1652//1651 1662//1661 1663//1662
f 1654//1653 1653//1652 1663//1662 1664//1663
f 1655//1654 1654//1653 1664//1663 1665//1664
f 1656//1655 1655//1654 1665//1664 1666//1665
f 1657//1656 1656//1655 1666//1665 1667//1666
f 1658//1657 1657//1656 1667//1666 1668//1667
f 1659//1658 1658//1657 1668//1667 1669//1668
f 1660//1649 1659//1658 1669//1668 1670//1659
f 1661//1660 1670//1659 1680//1669 1671//1670
f 1662//1661 1661//1660 1671//1670 1672//1671
f 1663//1662 1662//1661 1672//1671 1673//1672
f 1664//1663 1663//1662 1673//1672 1674//1673
f 1665//1664 1664//1663 1674//1673 1675//1674
f 1666//1665 1665//1664 1675//1674 1676//1675
f 1667//1666 1666//1665 1676//1675 1677//1676
f 1668//1667 1667//1666 1677//1676 1678//1677
f 1669//1668 1668//1667 1678//1677 1679//1678
f 1670//1659 1669//1668 1679//1678 1680//1669
f 1671//1670 1680//1669 1690//1679 1681//1680
f 1672//1671 1671//1670 1681//1680 1682//1681
f 1673//1672 1672//1671 1682//1681 1683//1682
f 1674//1673 1673//1672 1683//1682 1684//1683
f 1675//1674 1674//1673 1684//1683 1685//1684
f 1676//1675 1675//1674 1685//1684 1686//1685
f 1677//1676 1676//1675 1686//1685 1687//1686
f 1678//1677 1677//1676 1687//1686 1688//1687
f 1679//1678 1678//1677 1688//1687 1689//1688
f 1680//1669 1679//1678 1689//1688 1690//1679
f 1681//1680 1690//1679 1700//1689 1691//1690
f 1682//1681 1681//1680 1691//1690 1692//1691
f 1683//1682 1682//1681 1692//1691 1693//1692
f 1684//1683 1683//1682 1693//1692 1694//1693
f 1685//1684 1684//1683 1694//1693 1695//1694
f 1686//1685 1685//1684 1695//1694 1696//1695
f 1687//1686 1686//1685 1696//1695 1697//1696
f 1688//1687 1687//1686 1697//1696 1698//1697
f 1689//1688 1688//1687 1698//1697 1699//1698
f 1690//1679 1689//1688 1699//1698 1700//1689
f 1691//1690 1700//1689 1710//1699 1701//1700
f 1692//1691 1691//1690 1701//1700 1702//1701
f 1693//1692 1692//1691 1702//1701 1703//1702
f 1694//1693 1693//1692 1703//1702 1704//1703
f 1695//1694 1694//1693 1704//1703 1705//1704
f 1696//1695 1695//1694 1705//1704 1706//1705
f 1697//1696 1696//1695 1706//1705 1707//1706
f 1698//1697 1697//1696 1707//1706 1708//1707
f 1699//1698 1698//1697 1708//1707 1709//1708
f 1700//1689 1699//1698 1709//1708 1710//1699
f 1701//1700 1710//1699 1720//1709 1711//1710
f 1702//1701 1701//1700 1711//1710 1712//1711
f 1703//1702 1702//1701 1712//1711 1713//1712
f 1704//1703 1703//1702 1713//1712 1714//1713
f 1705//1704 1704//1703 1714//1713 1715//1714
f 1706//1705 1705//1704 1715//1714 1716//1715
f 1707//1706 1706//1705 1716//1715 1717//1716
f 1708//1707 1707//1706 1717//1716 1718//1717
f 1709//1708 1708//1707 1718//1717 1719//1718
f 1710//1699 1709//1708 1719//1718 1720//1709
f 1711//1710 1720//1709 1730//1719 1721//1720
f 1712//1711 1711//1710 1721//1720 1722//1721
f 1713//1712 1712//1711 1722//1721 1723//1722
f 1714//1713 1713//1712 1723//1722 1724//1723
f 1715//1714 1714//1713 1724//1723 1725//1724
f 1716//1715 1715//1714 1725//1724 1726//1725
f 1717//1716 1716//1715 1726//1725 1727//1726
f 1718//1717 1717//1716 1727//1726 1728//1727
f 1719//1718 1718//1717 1728//1727 1729//1728
f 1720//1709 1719//1718 1729//1728 1730//1719
f 1721//1720 1730//1719 1740//1729 1731//1730
f 1722//1721 1721//1720 1731//1730 1732//1731
f 1723//1722 1722//1721 1732//1731 1733//1732
f 1724//1723 1723//1722 1733//1732 1734//1733
f 1725//1724 1724//1723 1734//1733 1735//1734
f 1726//1725 1725//1724 1735//1734 1736//1735
f 1727//1726 1726//1725 1736//1735 1737//1736
f 1728//1727 1727//1726 1737//1736 1738//1737
f 1729//1728 1728//1727 1738//1737 1739//1738
f 1730//1719 1729//1728 1739//1738 1740//1729
f 1731//1730 1740//1729 1750//1739 1741//1740
f 1732//1731 1731//1730 1741//1740 1742//1741
f 1733//1732 1732//1731 1742//1741 1743//1742
f 1734//1733 1733//1732 1743//1742 1744//1743
f 1735//1734 1734//1733 1744//1743 1745//1744
f 1736//1735 1735//1734 1745//1744 1746//1745
f 1737//1736 1736//1735 1746//1745 1747//1746
f 1738//1737 1737//1736 1747//1746 1748//1747
f 1739//1738 1738//1737 1748//1747 1749//1748
f 1740//1729 1739//1738 1749//1748 1750//1739
f 1741//1740 1750//1739 1760//1749 1751//1750
f 1742//1741 1741//1740 1751//1750 1752//1751
f 1743//1742 1742//1741 1752//1751 1753//1752
f 1744//1743 1743//1742 1753//1752 1754//1753
f 1745//1744 1744//1743 1754//1753 1755//1754
f 1746//1745 1745//1744 1755//1754 1756//1755
f 1747//1746 1746//1745 1756//1755 1757//1756
f 1748//1747 1747//1746 1757//1756 1758//1757
f 1749//1748 1748//1747 1758//1757 1759//1758
f 1750//1739 1749//1748 1759//1758 1760//1749
f 1751//1750 1760//1749 1770//1759 1761//1760
f 1752//1751 1751//1750 1761//1760 1762//1761
f 1753//1752 1752//1751 1762//1761 1763//1762
f 1754//1753 1753//1752 1763//1762 1764//1763
f 1755//1754 1754//1753 1764//1763 1765//1764
f 1756//1755 1755//1754 1765//1764 1766//1765
f 1757//1756 1756//1755 1766//1765 1767//1766
f 1758//1757 1757//1756 1767//1766 1768//1767
f 1759//1758 1758//1757 1768//1767 1769//1768
f 1760//1749 1759//1758 1769//1768 1770//1759
f 1761//1760 1770//1759 1780//1769 1771//1770
f 1762//1761 1761//1760 1771//1770 1772//1771
f 1763//1762 1762//1761 1772//1771 1773//1772
f 1764//1763 1763//1762 1773//1772 1774//1773
f 1765//1764 1764//1763 1774//1773 1775//1774
f 1766//1765 1765//1764 1775//1774 1776//1775
f 1767//1766 1766//1765 1776//1775 1777//1776
f 1768//1767 1767//1766 1777//1776 1778//1777
f 1769//1768 1768//1767 1778//1777 1779//1778
f 1770//1759 1769//1768 1779//1778 1780//1769
f 1771//1770 1780//1769 1790//1779 1781//1780
f 1772//1771 1771//1770 1781//1780 1782//1781
f 1773//1772 1772//1771 1782//1781 1783//1782
f 1774//1773 1773//1772 1783//1782 1784//1783
f 1775//1774 1774//1773 1784//1783 1785//1784
f 1776//1775 1775//1774 1785//1784 1786//1785
f 1777//1776 1776//1775 1786//1785 1787//1786
f 1778//1777 1777//1776 1787//1786 1788//1787
f 1779//1778 1778//1777 1788//1787 1789//1788
f 1780//1769 1779//1778 1789//1788 1790//1779
f 1781//1780 1790//1779 1800//1789 1791//1790
f 1782//1781 1781//1780 1791//1790 1792//1791
f 1783//1782 1782//1781 1792//1791 1793//1792
f 1784//1783 1783//1782 1793//1792 1794//1793
f 1785//1784 1784//1783 1794//1793 1795//1794
f 1786//1785 1785//1784 1795//1794 1796//1795
f 1787//1786 1786//1785 1796//1795 1797//1796
f 1788//1787 1787//1786 1797//1796 1798//1797
f 1789//1788 1788//1787 1798//1797 1799//1798
f 1790//1779 1789//1788 1799//1798 1800//1789
f 1791//1790 1800//1789 1810//1799 1801//1800
f 1792//1791 1791//1790 1801//1800 1802//1801
f 1793//1792 1792//1791 1802//1801 1803//1802
f 1794//1793 1793//1792 1803//1802 1804//1803
f 1795//1794 1794//1793 1804//1803 1805//1804
f 1796//1795 1795//1794 1805//1804 1806//1805
f 1797//1796 1796//1795 1806//1805 1807//1806
f 1798//1797 1797//1796 1807//1806 1808//1807
f 1799//1798 1798//1797 1808//1807 1809//1808
f 1800//1789 1799//1798 1809//1808 1810//1799
f 1801//1800 1810//1799 1820//1809 1811//1810
f 1802//1801 1801//1800 1811//1810 1812//1811
f 1803//1802 1802//1801 1812//1811 1813//1812
f 1804//1803 1803//1802 1813//1812 1814//1813
f 1805//1804 1804//1803 1814//1813 1815//1814
f 1806//1805 1805//1804 1815//1814 1816//1815
f 1807//1806 1806//1805 1816//1815 1817//1816
f 1808//1807 1807//1806 1817//1816 1818//1817
f 1809//1808 1808//1807 1818//1817 1819//1818
f 1810//1799 1809//1808 1819//1818 1820//1809
f 1811//1810 1820//1809 1830//1819 1821//1820
f 1812//1811 1811//1810 1821//1820 1822//1821
f 1813//1812 1812//1811 1822//1821 1823//1822
f 1814//1813 1813//1812 1823//1822 1824//1823
f 1815//1814 1814//1813 1824//1823 1825//1824
f 1816//1815 1815//1814 1825//1824 1826//1825
f 1817//1816 1816//1815 1826//1825 1827//1826
f 1818//1817 1817//1816 1827//1826 1828//1827
f 1819//1818 1818//1817 1828//1827 1829//1828
f 1820//1809 1819//1818 1829//1828 1830//1819
f 1821//1820 1830//1819 1840//1829 1831//1830
f 1822//1821 1821//1820 1831//1830 1832//1831
f 1823//1822 1822//1821 1832//1831 1833//1832
f 1824//1823 1823//1822 1833//1832 1834//1833
f 1825//1824 1824//1823 1834//1833 1835//1834
f 1826//1825 1825//1824 1835//1834 1836//1835
f 1827//1826 1826//1825 1836//1835 1837//1836
f 1828//1827 1827//1826 1837//1836 1838//1837
f 1829//1828 1828//1827 1838//1837 1839//1838
f 1830//1819 1829//1828 1839//1838 1840//1829
f 1831//1830 1840//1829 1850//1839 1841//1840
f 1832//1831 1831//1830 1841//1840 1842//1841
f 1833//1832 1832//1831 1842//1841 1843//1842
f 1834//1833 1833//1832 1843//1842 1844//1843
f 1835//1834 1834//1833 1844//1843 1845//1844
f 1836//1835 1835//1834 1845//1844 1846//1845
f 1837//1836 1836//1835 1846//1845 1847//1846
f 1838//1837 1837//1836 1847//1846 1848//1847
f 1839//1838 1838//1837 1848//1847 1849//1848
f 1840//1829 1839//1838 1849//1848 1850//1839
f 1841//1840 1850//1839 1860//1849 1851//1850
f 1842//1841 1841//1840 1851//1850 1852//1851
f 1843//1842 1842//1841 1852//1851 1853//1852
f 1844//1843 1843//1842 1853//1852 1854//1853
f 1845//1844 1844//1843 1854//1853 1855//1854
f 1846//1845 1845//1844 1855//1854 1856//1855
f 1847//1846 1846//1845 1856//1855 1857//1856
f 1848//1847 1847//1846 1857//1856 1858//1857
f 1849//1848 1848//1847 1858//1857 1859//1858
f 1850//1839 1849//1848 1859//1858 1860//1849
f 1851//1850 1860//1849 1870//1859 1861//1860
f 1852//1851 1851//1850 1861//1860 1862//1861
f 1853//1852 1852//1851 1862//1861 1863//1862
f 1854//1853 1853//1852 1863//1862 1864//1863
f 1855//1854 1854//1853 1864//1863 1865//1864
f 1856//1855 1855//1854 1865//1864 1866//1865
f 1857//1856 1856//1855 1866//1865 1867//1866
f 1858//1857 1857//1856 1867//1866 1868//1867
f 1859//1858 1858//1857 1868//1867 1869//1868
f 1860//1849 1859//1858 1869//1868 1870//1859
f 1861//1860 1870//1859 1880//1869 1871//1870
f 1862//1861 1861//1860 1871//1870 1872//1871
f 1863//1862 1862//1861 1872//1871 1873//1872
f 1864//1863 1863//1862 1873//1872 1874//1873
f 1865//1864 1864//1863 1874//1873 1875//1874
f 1866//1865 1865//1864 1875//1874 1876//1875
f 1867//1866 1866//1865 1876//1875 1877//1876
f 1868//1867 1867//1866 1877//1876 1878//1877
f 1869//1868 1868//1867 1878//1877 1879//1878
f 1870//1859 1869//1868 1879//1878 1880//1869
f 1871//1870 1880//1869 1890//1879 1881//1880
f 1872//1871 1871//1870 1881//1880 1882//1881
f 1873//1872 1872//1871 1882//1881 1883//1882
f 1874//1873 1873//1872 1883//1882 1884//1883
f 1875//1874 1874//1873 1884//1883 1885//1884
f 1876//1875 1875//1874 1885//1884 1886//1885
f 1877//1876 1876//1875 1886//1885 1887//1886
f 1878//1877 1877//1876 1887//1886 1888//1887
f 1879//1878 1878//1877 1888//1887 1889//1888
f 1880//1869 1879//1878 1889//1888 1890//1879
f 1881//1880 1890//1879 1900//1889 1891//1890
f 1882//1881 1881//1880 1891//1890 1892//1891
f 1883//1882 1882//1881 1892//1891 1893//1892
f 1884//1883 1883//1882 1893//1892 1894//1893
f 1885//1884 1884//1883 1894//1893 1895//1894
f 1886//1885 1885//1884 1895//1894 1896//1895
f 1887//1886 1886//1885 1896//1895 1897//1896
f 1888//1887 1887//1886 1897//1896 1898//1897
f 1889//1888 1888//1887 1898//1897 1899//1898
f 1890//1879 1889//1888 1899//1898 1900//1889
f 1891//1890 1900//1889 1910//1899 1901//1900
f 1892//1891 1891//1890 1901//1900 1902//1901
f 1893//1892 1892//1891 1902//1901 1903//1902
f 1894//1893 1893//1892 1903//1902 1904//1903
f 1895//1894 1894//1893 1904//1903 1905//1904
f 1896//1895 1895//1894 1905//1904 1906//1905
f 1897//1896 1896//1895 1906//1905 1907//1906
f 1898//1897 1897//1896 1907//1906 1908//1907
f 1899//1898 1898//1897 1908//1907 1909//1908
f 1900//1889 1899//1898 1909//1908 1910//1899
f 1901//1900 1910//1899 1920//1909 1911//1910
f 1902//1901 1901//1900 1911//1910 1912//1911
f 1903//1902 1902//1901 1912//1911 1913//1912
f 1904//1903 1903//1902 1913//1912 1914//1913
f 1905//1904 1904//1903 1914//1913 1915//1914
f 1906//1905 1905//1904 1915//1914 1916//1915
f 1907//1906 1906//1905 1916//1915 1917//1916
f 1908//1907 1907//1906 1917//1916 1918//1917
f 1909//1908 1908//1907 1918//1917 1919//1918
f 1910//1899 1909//1908 1919//1918 1920//1909
f 1911//1910 1920//1909 1930//1919 1921//1920
f 1912//1911 1911//1910 1921//1920 1922//1921
f 1913//1912 1912//1911 1922//1921 1923//1922
f 1914//1913 1913//1912 1923//1922 1924//1923
f 1915//1914 1914//1913 1924//1923 1925//1924
f 1916//1915 1915//1914 1925//1924 1926//1925
f 1917//1916 1916//1915 1926//1925 1927//1926
f 1918//1917 1917//1916 1927//1926 1928//1927
f 1919//1918 1918//1917 1928//1927 1929//1928
f 1920//1909 1919//1918 1929//1928 1930//1919
f 1921//1920 1930//1919 1940//1929 1931//1930
f 1922//1921 1921//1920 1931//1930 1932//1931
f 1923//1922 1922//1921 1932//1931 1933//1932
f 1924//1923 1923//1922 1933//1932 1934//1933
f 1925//1924 1924//1923 1934//1933 1935//1934
f 1926//1925 1925//1924 1935//1934 1936//1935
f 1927//1926 1926//1925 1936//1935 1937//1936
f 1928//1927 1927//1926 1937//1936 1938//1937
f 1929//1928 1928//1927 1938//1937 1939//1938
f 1930//1919 1929//1928 1939//1938 1940//1929
f 1931//1930 1940//1929 1950//1939 1941//1940
f 1932//1931 1931//1930 1941//1940 1942//1941
f 1933//1932 1932//1931 1942//1941 1943//1942
f 1934//1933 1933//1932 1943//1942 1944//1943
f 1935//1934 1934//1933 1944//1943 1945//1944
f 1936//1935 1935//1934 1945//1944 1946//1945
f 1937//1936 1936//1935 1946//1945 1947//1946
f 1938//1937 1937//1936 1947//1946 1948//1947
f 1939//1938 1938//1937 1948//1947 1949//1948
f 1940//1929 1939//1938 1949//1948 1950//1939
f 1941//1940 1950//1939 1960//1949 1951//1950
f 1942//1941 1941//1940 1951//1950 1952//1951
f 1943//1942 1942//1941 1952//1951 1953//1952
f 1944//1943 1943//1942 1953//1952 1954//1953
f 1945//1944 1944//1943 1954//1953 1955//1954
f 1946//1945 1945//1944 1955//1954 1956//1955
f 1947//1946 1946//1945 1956//1955 1957//1956
f 1948//1947 1947//1946 1957//1956 1958//1957
f 1949//1948 1948//1947 1958//1957 1959//1958
f 1950//1939 1949//1948 1959//1958 1960//1949
f 1951//1950 1960//1949 1970//1959 1961//1960
f 1952//1951 1951//1950 1961//1960 1962//1961
f 1953//1952 1952//1951 1962//1961 1963//1962
f 1954//1953 1953//1952 1963//1962 1964//1963
f 1955//1954 1954//1953 1964//1963 1965//1964
f 1956//1955 1955//1954 1965//1964 1966//1965
f 1957//1956 1956//1955 1966//1965 1967//1966
f 1958//1957 1957//1956 1967//1966 1968//1967
f 1959//1958 1958//1957 1968//1967 1969//1968
f 1960//1949 1959//1958 1969//1968 1970//1959
f 1961//1960 1970//1959 1980//1969 1971//1970
f 1962//1961 1961//1960 1971//1970 1972//1971
f 1963//1962 1962//1961 1972//1971 1973//1972
f 1964//1963 1963//1962 1973//1972 1974//1973
f 1965//1964 1964//1963 1974//1973 1975//1974
f 1966//1965 1965//1964 1975//1974 1976//1975
f 1967//1966 1966//1965 1976//1975 1977//1976
f 1968//1967 1967//1966 1977//1976 1978//1977
f 1969//1968 1968//1967 1978//1977 1979//1978
f 1970//1959 1969//1968 1979//1978 1980//1969
f 1971//1970 1980//1969 1990//1979 1981//1980
f 1972//1971 1971//1970 1981//1980 1982//1981
f 1973//1972 1972//1971 1982//1981 1983//1982
f 1974//1973 1973//1972 1983//1982 1984//1983
f 1975//1974 1974//1973 1984//1983 1985//1984
f 1976//1975 1975//1974 1985//1984 1986//1985
f 1977//1976 1976//1975 1986//1985 1987//1986
f 1978//1977 1977//1976 1987//1986 1988//1987
f 1979//1978 1978//1977 1988//1987 1989//1988
f 1980//1969 1979//1978 1989//1988 1990//1979
f 1981//1980 1990//1979 2000//1989 1991//1990
f 1982//1981 1981//1980 1991//1990 1992//1991
f 1983//1982 1982//1981 1992//1991 1993//1992
f 1984//1983 1983//1982 1993//1992 1994//1993
f 1985//1984 1984//1983 1994//1993 1995//1994
f 1986//1985 1985//1984 1995//1994 1996//1995
f 1987//1986 1986//1985 1996//1995 1997//1996
f 1988//1987 1987//1986 1997//1996 1998//1997
f 1989//1988 1988//1987 1998//1997 1999//1998
f 1990//1979 1989//1988 1999//1998 2000//1989
f 1991//1990 2000//1989 2010//1999 2001//2000
f 1992//1991 1991//1990 2001//2000 2002//2001
f 1993//1992 1992//1991 2002//2001 2003//2002
f 1994//1993 1993//1992 2003//2002 2004//2003
f 1995//1994 1994//1993 2004//2003 2005//2004
f 1996//1995 1995//1994 2005//2004 2006//2005
f 1997//1996 1996//1995 2006//2005 2007//2006
f 1998//1997 1997//1996 2007//2006 2008//2007
f 1999//1998 1998//1997 2008//2007 2009//2008
f 2000//1989 1999//1998 2009//2008 2010//1999
f 2001//2000 2010//1999 2020//2009 2011//2010
f 2002//2001 2001//2000 2011//2010 2012//2011
f 2003//2002 2002//2001 2012//2011 2013//2012
f 2004//2003 2003//2002 2013//2012 2014//2013
f 2005//2004 2004//2003 2014//2013 2015//2014
f 2006//2005 2005//2004 2015//2014 2016//2015
f 2007//2006 2006//2005 2016//2015 2017//2016
f 2008//2007 2007//2006 2017//2016 2018//2017
f 2009//2008 2008//2007 2018//2017 2019//2018
f 2010//1999 2009//2008 2019//2018 2020//2009
f 2011//2010 2020//2009 2030//2019 2021//2020
f 2012//2011 2011//2010 2021//2020 2022//2021
f 2013//2012 2012//2011 2022//2021 2023//2022
f 2014//2013 2013//2012 2023//2022 2024//2023
f 2015//2014 2014//2013 2024//2023 2025//2024
f 2016//2015 2015//2014 2025//2024 2026//2025
f 2017//2016 2016//2015 2026//2025 2027//2026
f 2018//2017 2017//2016 2027//2026 2028//2027
f 2019//2018 2018//2017 2028//2027 2029//2028
f 2020//2009 2019//2018 2029//2028 2030//2019
f 2021//2020 2030//2019 2040//2029 2031//2030
f 2022//2021 2021//2020 2031//2030 2032//2031
f 2023//2022 2022//2021 2032//2031 2033//2032
f 2024//2023 2023//2022 2033//2032 2034//2033
f 2025//2024 2024//2023 2034//2033 2035//2034
f 2026//2025 2025//2024 2035//2034 2036//2035
f 2027//2026 2026//2025 2036//2035 2037//2036
f 2028//2027 2027//2026 2037//2036 2038//2037
f 2029//2028 2028//2027 2038//2037 2039//2038
f 2030//2019 2029//2028 2039//2038 2040//2029
f 2031//2030 2040//2029 2050//2039 2041//2040
f 2032//2031 2031//2030 2041//2040 2042//2041
f 2033//2032 2032//2031 2042//2041 2043//2042
f 2034//2033 2033//2032 2043//2042 2044//2043
f 2035//2034 2034//2033 2044//2043 2045//2044
f 2036//2035 2035//2034 2045//2044 2046//2045
f 2037//2036 2036//2035 2046//2045 2047//2046
f 2038//2037 2037//2036 2047//2046 2048//2047
f 2039//2038 2038//2037 2048//2047 2049//2048
f 2040//2029 2039//2038 2049//2048 2050//2039
f 2041//2040 2050//2039 2060//2049 2051//2050
f 2042//2041 2041//2040 2051//2050 2052//2051
f 2043//2042 2042//2041 2052//2051 2053//2052
f 2044//2043 2043//2042 2053//2052 2054//2053
f 2045//2044 2044//2043 2054//2053 2055//2054
f 2046//2045 2045//2044 2055//2054 2056//2055
f 2047//2046 2046//2045 2056//2055 2057//2056
f 2048//2047 2047//2046 2057//2056 2058//2057
f 2049//2048 2048//2047 2058//2057 2059//2058
f 2050//2039 2049//2048 2059//2058 2060//2049
f 2051//2050 2060//2049 2070//2059 2061//2060
f 2052//2051 2051//2050 2061//2060 2062//2061
f 2053//2052 2052//2051 2062//2061 2063//2062
f 2054//2053 2053//2052 2063//2062 2064//2063
f 2055//2054 2054//2053 2064//2063 2065//2064
f 2056//2055 2055//2054 2065//2064 2066//2065
f 2057//2056 2056//2055 2066//2065 2067//2066
f 2058//2057 2057//2056 2067//2066 2068//2067
f 2059//2058 2058//2057 2068//2067 2069//2068
f 2060//2049 2059//2058 2069//2068 2070//2059
f 2061//2060 2070//2059 2080//2069 2071//2070
f 2062//2061 2061//2060 2071//2070 2072//2071
f 2063//2062 2062//2061 2072//2071 2073//2072
f 2064//2063 2063//2062 2073//2072 2074//2073
f 2065//2064 2064//2063 2074//2073 2075//2074
f 2066//2065 2065//2064 2075//2074 2076//2075
f 2067//2066 2066//2065 2076//2075 2077//2076
f 2068//2067 2067//2066 2077//2076 2078//2077
f 2069//2068 2068//2067 2078//2077 2079//2078
f 2070//2059 2069//2068 2079//2078 2080//2069
f 2071//2070 2080//2069 2090//2079 2081//2080
f 2072//2071 2071//2070 2081//2080 2082//2081
f 2073//2072 2072//2071 2082//2081 2083//2082
f 2074//2073 2073//2072 2083//2082 2084//2083
f 2075//2074 2074//2073 2084//2083 2085//2084
f 2076//2075 2075//2074 2085//2084 2086//2085
f 2077//2076 2076//2075 2086//2085 2087//2086
f 2078//2077 2077//2076 2087//2086 2088//2087
f 2079//2078 2078//2077 2088//2087 2089//2088
f 2080//2069 2079//2078 2089//2088 2090//2079
f 2081//2080 2090//2079 2100//2089 2091//2090
f 2082//2081 2081//2080 2091//2090 2092//2091
f 2083//2082 2082//2081 2092//2091 2093//2092
f 2084//2083 2083//2082 2093//2092 2094//2093
f 2085//2084 2084//2083 2094//2093 2095//2094
f 2086//2085 2085//2084 2095//2094 2096//2095
f 2087//2086 2086//2085 2096//2095 2097//2096
f 2088//2087 2087//2086 2097//2096 2098//2097
f 2089//2088 2088//2087 2098//2097 2099//2098
f 2090//2079 2089//2088 2099//2098 2100//2089
f 2091//2090 2100//2089 2110//2099 2101//2100
f 2092//2091 2091//2090 2101//2100 2102//2101
f 2093//2092 2092//2091 2102//2101 2103//2102
f 2094//2093 2093//2092 2103//2102 2104//2103
f 2095//2094 2094//2093 2104//2103 2105//2104
f 2096//2095 2095//2094 2105//2104 2106//2105
f 2097//2096 2096//2095 2106//2105 2107//2106
f 2098//2097 2097//2096 2107//2106 2108//2107
f 2099//2098 2098//2097 2108//2107 2109//2108
f 2100//2089 2099//2098 2109//2108 2110//2099
f 2101//2100 2110//2099 2120//2109 2111//2110
f 2102//2101 2101//2100 2111//2110 2112//2111
f 2103//2102 2102//2101 2112//2111 2113//2112
f 2104//2103 2103//2102 2113//2112 2114//2113
f 2105//2104 2104//2103 2114//2113 2115//2114
f 2106//2105 2105//2104 2115//2114 2116//2115
f 2107//2106 2106//2105 2116//2115 2117//2116
f 2108//2107 2107//2106 2117//2116 2118//2117
f 2109//2108 2108//2107 2118//2117 2119//2118
f 2110//2099 2109//2108 2119//2118 2120//2109
f 2111//2110 2120//2109 2130//2119 2121//2120
f 2112//2111 2111//2110 2121//2120 2122//2121
f 2113//2112 2112//2111 2122//2121 2123//2122
f 2114//2113 2113//2112 2123//2122 2124//2123
f 2115//2114 2114//2113 2124//2123 2125//2124
f 2116//2115 2115//2114 2125//2124 2126//2125
f 2117//2116 2116//2115 2126//2125 2127//2126
f 2118//2117 2117//2116 2127//2126 2128//2127
f 2119//2118 2118//2117 2128//2127 2129//2128
f 2120//2109 2119//2118 2129//2128 2130//2119
f 2121//2120 2130//2119 2140//2129 2131//2130
f 2122//2121 2121//2120 2131//2130 2132//2131
f 2123//2122 2122//2121 2132//2131 2133//2132
f 2124//2123 2123//2122 2133//2132 2134//2133
f 2125//2124 2124//2123 2134//2133 2135//2134
f 2126//2125 2125//2124 2135//2134 2136//2135
f 2127//2126 2126//2125 2136//2135 2137//2136
f 2128//2127 2127//2126 2137//2136 2138//2137
f 2129//2128 2128//2127 2138//2137 2139//2138
f 2130//2119 2129//2128 2139//2138 2140//2129
f 2131//2130 2140//2129 2150//2139 2141//2140
f 2132//2131 2131//2130 2141//2140 2142//2141
f 2133//2132 2132//2131 2142//2141 2143//2142
f 2134//2133 2133//2132 2143//2142 2144//2143
f 2135//2134 2134//2133 2144//2143 2145//2144
f 2136//2135 2135//2134 2145//2144 2146//2145
f 2137//2136 2136//2135 2146//2145 2147//2146
f 2138//2137 2137//2136 2147//2146 2148//2147
f 2139//2138 2138//2137 2148//2147 2149//2148
f 2140//2129 2139//2138 2149//2148 2150//2139
f 2141//2140 2150//2139 2160//2149 2151//2150
f 2142//2141 2141//2140 2151//2150 2152//2151
f 2143//2142 2142//2141 2152//2151 2153//2152
f 2144//2143 2143//2142 2153//2152 2154//2153
f 2145//2144 2144//2143 2154//2153 2155//2154
f 2146//2145 2145//2144 2155//2154 2156//2155
f 2147//2146 2146//2145 2156//2155 2157//2156
f 2148//2147 2147//2146 2157//2156 2158//2157
f 2149//2148 2148//2147 2158//2157 2159//2158
f 2150//2139 2149//2148 2159//2158 2160//2149
f 2151//2150 2160//2149 2170//2159 2161//2160
f 2152//2151 2151//2150 2161//2160 2162//2161
f 2153//2152 2152//2151 2162//2161 2163//2162
f 2154//2153 2153//2152 2163//2162 2164//2163
f 2155//2154 2154//2153 2164//2163 2165//2164
f 2156//2155 2155//2154 2165//2164 2166//2165
f 2157//2156 2156//2155 2166//2165 2167//2166
f 2158//2157 2157//2156 2167//2166 2168//2167
f 2159//2158 2158//2157 2168//2167 2169//2168
f 2160//2149 2159//2158 2169//2168 2170//2159
f 2161//2160 2170//2159 2180//2169 2171//2170
f 2162//2161 2161//2160 2171//2170 2172//2171
f 2163//2162 2162//2161 2172//2171 2173//2172
f 2164//2163 2163//2162 2173//2172 2174//2173
f 2165//2164 2164//2163 2174//2173 2175//2174
f 2166//2165 2165//2164 2175//2174 2176//2175
f 2167//2166 2166//2165 2176//2175 2177//2176
f 2168//2167 2167//2166 2177//2176 2178//2177
f 2169//2168 2168//2167 2178//2177 2179//2178
f 2170//2159 2169//2168 2179//2178 2180//2169
f 2171//2170 2180//2169 2190//2179 2181//2180
f 2172//2171 2171//2170 2181//2180 2182//2181
f 2173//2172 2172//2171 2182//2181 2183//2182
f 2174//2173 2173//2172 2183//2182 2184//2183
f 2175//2174 2174//2173 2184//2183 2185//2184
f 2176//2175 2175//2174 2185//2184 2186//2185
f 2177//2176 2176//2175 2186//2185 2187//2186
f 2178//2177 2177//2176 2187//2186 2188//2187
f 2179//2178 2178//2177 2188//2187 2189//2188
f 2180//2169 2179//2178 2189//2188 2190//2179
f 2181//2180 2190//2179 2200//2189 2191//2190
f 2182//2181 2181//2180 2191//2190 2192//2191
f 2183//2182 2182//2181 2192//2191 2193//2192
f 2184//2183 2183//2182 2193//2192 2194//2193
f 2185//2184 2184//2183 2194//2193 2195//2194
f 2186//2185 2185//2184 2195//2194 2196//2195
f 2187//2186 2186//2185 2196//2195 2197//2196
f 2188//2187 2187//2186 2197//2196 2198//2197
f 2189//2188 2188//2187 2198//2197 2199//2198
f 2190//2179 2189//2188 2199//2198 2200//2189
f 2191//2190 2200//2189 2210//2199 2201//2200
f 2192//2191 2191//2190 2201//2200 2202//2201
f 2193//2192 2192//2191 2202//2201 2203//2202
f 2194//2193 2193//2192 2203//2202 2204//2203
f 2195//2194 2194//2193 2204//2203 2205//2204
f 2196//2195 2195//2194 2205//2204 2206//2205
f 2197//2196 2196//2195 2206//2205 2207//2206
f 2198//2197 2197//2196 2207//2206 2208//2207
f 2199//2198 2198//2197 2208//2207 2209//2208
f 2200//2189 2199//2198 2209//2208 2210//2199
f 2201//2200 2210//2199 2220//2209 2211//2210
f 2202//2201 2201//2200 2211//2210 2212//2211
f 2203//2202 2202//2201 2212//2211 2213//2212
f 2204//2203 2203//2202 2213//2212 2214//2213
f 2205//2204 2204//2203 2214//2213 2215//2214
f 2206//2205 2205//2204 2215//2214 2216//2215
f 2207//2206 2206//2205 2216//2215 2217//2216
f 2208//2207 2207//2206 2217//2216 2218//2217
f 2209//2208 2208//2207 2218//2217 2219//2218
f 2210//2199 2209//2208 2219//2218 2220//2209
f 2211//2210 2220//2209 2230//2219 2221//2220
f 2212//2211 2211//2210 2221//2220 2222//2221
f 2213//2212 2212//2211 2222//2221 2223//2222
f 2214//2213 2213//2212 2223//2222 2224//2223
f 2215//2214 2214//2213 2224//2223 2225//2224
f 2216//2215 2215//2214 2225//2224 2226//2225
f 2217//2216 2216//2215 2226//2225 2227//2226
f 2218//2217 2217//2216 2227//2226 2228//2227
f 2219//2218 2218//2217 2228//2227 2229//2228
f 2220//2209 2219//2218 2229//2228 2230//2219
f 2221//2220 2230//2219 2240//2229 2231//2230
f 2222//2221 2221//2220 2231//2230 2232//2231
f 2223//2222 2222//2221 2232//2231 2233//2232
f 2224//2223 2223//2222 2233//2232 2234//2233
f 2225//2224 2224//2223 2234//2233 2235//2234
f 2226//2225 2225//2224 2235//2234 2236//2235
f 2227//2226 2226//2225 2236//2235 2237//2236
f 2228//2227 2227//2226 2237//2236 2238//2237
f 2229//2228 2228//2227 2238//2237 2239//2238
f 2230//2219 2229//2228 2239//2238 2240//2229
f 2231//2230 2240//2229 2250//2239 2241//2240
f 2232//2231 2231//2230 2241//2240 2242//2241
f 2233//2232 2232//2231 2242//2241 2243//2242
f 2234//2233 2233//2232 2243//2242 2244//2243
f 2235//2234 2234//2233 2244//2243 2245//2244
f 2236//2235 2235//2234 2245//2244 2246//2245
f 2237//2236 2236//2235 2246//2245 2247//2246
f 2238//2237 2237//2236 2247//2246 2248//2247
f 2239//2238 2238//2237 2248//2247 2249//2248
f 2240//2229 2239//2238 2249//2248 2250//2239
f 2241//2240 2250//2239 2260//2249 2251//2250
f 2242//2241 2241//2240 2251//2250 2252//2251
f 2243//2242 2242//2241 2252//2251 2253//2252
f 2244//2243 2243//2242 2253//2252 2254//2253
f 2245//2244 2244//2243 2254//2253 2255//2254
f 2246//2245 2245//2244 2255//2254 2256//2255
f 2247//2246 2246//2245 2256//2255 2257//2256
f 2248//2247 2247//2246 2257//2256 2258//2257
f 2249//2248 2248//2247 2258//2257 2259//2258
f 2250//2239 2249//2248 2259//2258 2260//2249
f 2251//2250 2260//2249 2270//2259 2261//2260
f 2252//2251 2251//2250 2261//2260 2262//2261
f 2253//2252 2252//2251 2262//2261 2263//2262
f 2254//2253 2253//2252 2263//2262 2264//2263
f 2255//2254 2254//2253 2264//2263 2265//2264
f 2256//2255 2255//2254 2265//2264 2266//2265
f 2257//2256 2256//2255 2266//2265 2267//2266
f 2258//2257 2257//2256 2267//2266 2268//2267
f 2259//2258 2258//2257 2268//2267 2269//2268
f 2260//2249 2259//2258 2269//2268 2270//2259
f 2261//2260 2270//2259 2280//2269 2271//2270
f 2262//2261 2261//2260 2271//2270 2272//2271
f 2263//2262 2262//2261 2272//2271 2273//2272
f 2264//2263 2263//2262 2273//2272 2274//2273
f 2265//2264 2264//2263 2274//2273 2275//2274
f 2266//2265 2265//2264 2275//2274 2276//2275
f 2267//2266 2266//2265 2276//2275 2277//2276
f 2268//2267 2267//2266 2277//2276 2278//2277
f 2269//2268 2268//2267 2278//2277 2279//2278
f 2270//2259 2269//2268 2279//2278 2280//2269
f 2271//2270 2280//2269 2290//2279 2281//2280
f 2272//2271 2271//2270 2281//2280 2282//2281
f 2273//2272 2272//2271 2282//2281 2283//2282
f 2274//2273 2273//2272 2283//2282 2284//2283
f 2275//2274 2274//2273 2284//2283 2285//2284
f 2276//2275 2275//2274 2285//2284 2286//2285
f 2277//2276 2276//2275 2286//2285 2287//2286
f 2278//2277 2277//2276 2287//2286 2288//2287
f 2279//2278 2278//2277 2288//2287 2289//2288
f 2280//2269 2279//2278 2289//2288 2290//2279
f 2281//2280 2290//2279 2300//2289 2291//2290
f 2282//2281 2281//2280 2291//2290 2292//2291
f 2283//2282 2282//2281 2292//2291 2293//2292
f 2284//2283 2283//2282 2293//2292 2294//2293
f 2285//2284 2284//2283 2294//2293 2295//2294
f 2286//2285 2285//2284 2295//2294 2296//2295
f 2287//2286 2286//2285 2296//2295 2297//2296
f 2288//2287 2287//2286 2297//2296 2298//2297
f 2289//2288 2288//2287 2298//2297 2299//2298
f 2290//2279 2289//2288 2299//2298 2300//2289
f 2291//2290 2300//2289 2310//2299 2301//2300
f 2292//2291 2291//2290 2301//2300 2302//2301
f 2293//2292 2292//2291 2302//2301 2303//2302
f 2294//2293 2293//2292 2303//2302 2304//2303
f 2295//2294 2294//2293 2304//2303 2305//2304
f 2296//2295 2295//2294 2305//2304 2306//2305
f 2297//2296 2296//2295 2306//2305 2307//2306
f 2298//2297 2297//2296 2307//2306 2308//2307
f 2299//2298 2298//2297 2308//2307 2309//2308
f 2300//2289 2299//2298 2309//2308 2310//2299
f 2301//2300 2310//2299 2320//2309 2311//2310
f 2302//2301 2301//2300 2311//2310 2312//2311
f 2303//2302 2302//2301 2312//2311 2313//2312
f 2304//2303 2303//2302 2313//2312 2314//2313
f 2305//2304 2304//2303 2314//2313 2315//2314
f 2306//2305 2305//2304 2315//2314 2316//2315
f 2307//2306 2306//2305 2316//2315 2317//2316
f 2308//2307 2307//2306 2317//2316 2318//2317
f 2309//2308 2308//2307 2318//2317 2319//2318
f 2310//2299 2309//2308 2319//2318 2320//2309
f 2311//2310 2320//2309 2330//2319 2321//2320
f 2312//2311 2311//2310 2321//2320 2322//2321
f 2313//2312 2312//2311 2322//2321 2323//2322
f 2314//2313 2313//2312 2323//2322 2324//2323
f 2315//2314 2314//2313 2324//2323 2325//2324
f 2316//2315 2315//2314 2325//2324 2326//2325
f 2317//2316 2316//2315 2326//2325 2327//2326
f 2318//2317 2317//2316 2327//2326 2328//2327
f 2319//2318 2318//2317 2328//2327 2329//2328
f 2320//2309 2319//2318 2329//2328 2330//2319
f 2321//2320 2330//2319 2340//2329 2331//2330
f 2322//2321 2321//2320 2331//2330 2332//2331
f 2323//2322 2322//2321 2332//2331 2333//2332
f 2324//2323 2323//2322 2333//2332 2334//2333
f 2325//2324 2324//2323 2334//2333 2335//2334
f 2326//2325 2325//2324 2335//2334 2336//2335
f 2327//2326 2326//2325 2336//2335 2337//2336
f 2328//2327 2327//2326 2337//2336 2338//2337
f 2329//2328 2328//2327 2338//2337 2339//2338
f 2330//2319 2329//2328 2339//2338 2340//2329
f 2331//2330 2340//2329 2350//2339 2341//2340
f 2332//2331 2331//2330 2341//2340 2342//2341
f 2333//2332 2332//2331 2342//2341 2343//2342
f 2334//2333 2333//2332 2343//2342 2344//2343
f 2335//2334 2334//2333 2344//2343 2345//2344
f 2336//2335 2335//2334 2345//2344 2346//2345
f 2337//2336 2336//2335 2346//2345 2347//2346
f 2338//2337 2337//2336 2347//2346 2348//2347
f 2339//2338 2338//2337 2348//2347 2349//2348
f 2340//2329 2339//2338 2349//2348 2350//2339
f 2341//2340 2350//2339 2360//2349 2351//2350
f 2342//2341 2341//2340 2351//2350 2352//2351
f 2343//2342 2342//2341 2352//2351 2353//2352
f 2344//2343 2343//2342 2353//2352 2354//2353
f 2345//2344 2344//2343 2354//2353 2355//2354
f 2346//2345 2345//2344 2355//2354 2356//2355
f 2347//2346 2346//2345 2356//2355 2357//2356
f 2348//2347 2347//2346 2357//2356 2358//2357
f 2349//2348 2348//2347 2358//2357 2359//2358
f 2350//2339 2349//2348 2359//2358 2360//2349
f 2351//2350 2360//2349 2370//2359 2361//2360
f 2352//2351 2351//2350 2361//2360 2362//2361
f 2353//2352 2352//2351 2362//2361 2363//2362
f 2354//2353 2353//2352 2363//2362 2364//2363
f 2355//2354 2354//2353 2364//2363 2365//2364
f 2356//2355 2355//2354 2365//2364 2366//2365
f 2357//2356 2356//2355 2366//2365 2367//2366
f 2358//2357 2357//2356 2367//2366 2368//2367
f 2359//2358 2358//2357 2368//2367 2369//2368
f 2360//2349 2359//2358 2369//2368 2370//2359
f 2361//2360 2370//2359 2380//2369 2371//2370
f 2362//2361 2361//2360 2371//2370 2372//2371
f 2363//2362 2362//2361 2372//2371 2373//2372
f 2364//2363 2363//2362 2373//2372 2374//2373
f 2365//2364 2364//2363 2374//2373 2375//2374
f 2366//2365 2365//2364 2375//2374 2376//2375
f 2367//2366 2366//2365 2376//2375 2377//2376
f 2368//2367 2367//2366 2377//2376 2378//2377
f 2369//2368 2368//2367 2378//2377 2379//2378
f 2370//2359 2369//2368 2379//2378 2380//2369
f 2371//2370 2380//2369 2390//2379 2381//2380
f 2372//2371 2371//2370 2381//2380 2382//2381
f 2373//2372 2372//2371 2382//2381 2383//2382
f 2374//2373 2373//2372 2383//2382 2384//2383
f 2375//2374 2374//2373 2384//2383 2385//2384
f 2376//2375 2375//2374 2385//2384 2386//2385
f 2377//2376 2376//2375 2386//2385 2387//2386
f 2378//2377 2377//2376 2387//2386 2388//2387
f 2379//2378 2378//2377 2388//2387 2389//2388
f 2380//2369 2379//2378 2389//2388 2390//2379
f 2381//2380 2390//2379 2400//2389 2391//2390
f 2382//2381 2381//2380 2391//2390 2392//2391
f 2383//2382 2382//2381 2392//2391 2393//2392
f 2384//2383 2383//2382 2393//2392 2394//2393
f 2385//2384 2384//2383 2394//2393 2395//2394
f 2386//2385 2385//2384 2395//2394 2396//2395
f 2387//2386 2386//2385 2396//2395 2397//2396
f 2388//2387 2387//2386 2397//2396 2398//2397
f 2389//2388 2388//2387 2398//2397 2399//2398
f 2390//2379 2389//2388 2399//2398 2400//2389
