# Blender v2.75 (sub 0) OBJ File: 'iglesia.blend'
# www.blender.org
mtllib iglesia1.mtl
o kosciol1_Cylinder.011
v 0.348326 0.807053 -0.533181
v 0.348326 0.807053 -1.277040
v 0.901583 0.807053 -0.533181
v 0.901583 0.807053 -1.277040
v 1.454841 0.807053 -0.533181
v 1.454841 0.807053 -1.277040
v 0.123878 0.805502 -0.533181
v 0.123878 0.805502 -1.277040
v 0.677136 0.805502 -0.533181
v 0.677136 0.805502 -1.277040
v 1.230394 0.805502 -0.533181
v 1.230394 0.805502 -1.277040
v 0.026869 0.805502 -0.533181
v 0.026869 0.805502 -1.277040
v 0.580127 0.805502 -0.533181
v 0.580127 0.805502 -1.277040
v 1.133385 0.805502 -0.533181
v 1.133385 0.805502 -1.277040
v 0.348326 0.678032 -0.533181
v 0.348326 0.678032 -1.277040
v 0.901583 0.678032 -0.533181
v 0.901583 0.678032 -1.277040
v 1.454841 0.678032 -0.533181
v 1.454841 0.678032 -1.277040
v 0.123878 0.705599 -0.533181
v 0.123878 0.705599 -1.277040
v 0.677136 0.705599 -0.533181
v 0.677136 0.705599 -1.277040
v 1.230394 0.705599 -0.533181
v 1.230394 0.705599 -1.277040
v 0.026869 0.705599 -0.533181
v 0.026869 0.705599 -1.277040
v 0.580127 0.705599 -0.533181
v 0.580127 0.705599 -1.277040
v 1.133385 0.705599 -0.533181
v 1.133385 0.705599 -1.277040
v 0.114663 0.710594 -0.533181
v 0.114663 0.710594 -1.277040
v 0.667921 0.710594 -0.533181
v 0.667921 0.710594 -1.277040
v 1.221178 0.710594 -0.533181
v 1.221178 0.710594 -1.277040
v 0.036085 0.710594 -0.533181
v 0.036085 0.710594 -1.277040
v 0.589343 0.710594 -0.533181
v 0.589343 0.710594 -1.277040
v 1.142601 0.710594 -0.533181
v 1.142601 0.710594 -1.277040
v 0.036085 0.800507 -0.533181
v 0.036085 0.800507 -1.277040
v 0.589343 0.800507 -0.533181
v 0.589343 0.800507 -1.277040
v 1.142601 0.800507 -0.533181
v 1.142601 0.800507 -1.277040
v 0.114663 0.800507 -0.533181
v 0.114663 0.800507 -1.277040
v 0.667921 0.800507 -0.533181
v 0.667921 0.800507 -1.277040
v 1.221178 0.800507 -0.533181
v 1.221178 0.800507 -1.277040
v 0.036085 0.800507 -0.525382
v 0.036085 0.800507 -1.284840
v 0.589343 0.800507 -0.525382
v 0.589343 0.800507 -1.284840
v 1.142601 0.800507 -0.525382
v 1.142601 0.800507 -1.284840
v 0.114663 0.800507 -0.525382
v 0.114663 0.800507 -1.284840
v 0.667921 0.800507 -0.525382
v 0.667921 0.800507 -1.284840
v 1.221178 0.800507 -0.525382
v 1.221178 0.800507 -1.284840
v 0.114663 0.710594 -0.525382
v 0.114663 0.710594 -1.284840
v 0.667921 0.710594 -0.525382
v 0.667921 0.710594 -1.284840
v 1.221178 0.710594 -0.525382
v 1.221178 0.710594 -1.284840
v 0.036085 0.710594 -0.525382
v 0.036085 0.710594 -1.284840
v 0.589343 0.710594 -0.525382
v 0.589343 0.710594 -1.284840
v 1.142601 0.710594 -0.525382
v 1.142601 0.710594 -1.284840
v 0.123878 0.705599 -0.525382
v 0.123878 0.705599 -1.284840
v 0.677136 0.705599 -0.525382
v 0.677136 0.705599 -1.284840
v 1.230394 0.705599 -0.525382
v 1.230394 0.705599 -1.284840
v 0.026869 0.705599 -0.525382
v 0.026869 0.705599 -1.284840
v 0.580127 0.705599 -0.525382
v 0.580127 0.705599 -1.284840
v 1.133385 0.705599 -0.525382
v 1.133385 0.705599 -1.284840
v 0.026869 0.805502 -0.525382
v 0.026869 0.805502 -1.284840
v 0.580127 0.805502 -0.525382
v 0.580127 0.805502 -1.284840
v 1.133385 0.805502 -0.525382
v 1.133385 0.805502 -1.284840
v 0.123878 0.805502 -0.525382
v 0.123878 0.805502 -1.284840
v 0.677136 0.805502 -0.525382
v 0.677136 0.805502 -1.284840
v 1.230394 0.805502 -0.525382
v 1.230394 0.805502 -1.284840
v -0.204932 0.807053 -0.533181
v -0.204932 0.807053 -1.277040
v -0.204932 0.678032 -0.533181
v -0.204932 0.678032 -1.277040
v 0.002617 0.805502 -0.533181
v 0.002617 0.805502 -1.277040
v 0.555875 0.805502 -0.533181
v 0.555875 0.805502 -1.277040
v 1.109133 0.805502 -0.533181
v 1.109133 0.805502 -1.277040
v 0.002617 0.705599 -0.533181
v 0.002617 0.705599 -1.277040
v 0.555875 0.705599 -0.533181
v 0.555875 0.705599 -1.277040
v 1.109133 0.705599 -0.533181
v 1.109133 0.705599 -1.277040
v 0.142453 0.805502 -0.533181
v 0.142453 0.805502 -1.277040
v 0.695711 0.805502 -0.533181
v 0.695711 0.805502 -1.277040
v 1.248968 0.805502 -0.533181
v 1.248968 0.805502 -1.277040
v 0.142453 0.705599 -0.533181
v 0.142453 0.705599 -1.277040
v 0.695711 0.705599 -0.533181
v 0.695711 0.705599 -1.277040
v 1.248968 0.705599 -0.533181
v 1.248968 0.705599 -1.277040
v -0.204932 0.472860 -0.533181
v -0.204932 0.472860 -1.277040
v 0.348326 0.678032 -0.905111
v 0.901583 0.678032 -0.905111
v 1.454841 0.678032 -0.905111
v 0.348326 0.807053 -0.905111
v 0.901583 0.807053 -0.905111
v 1.454841 0.807053 -0.905111
v 0.348326 0.927095 -0.905111
v 0.901583 0.927095 -0.905111
v 1.454841 0.927095 -0.905111
v 0.126043 0.927095 -0.533181
v 0.126043 0.927095 -1.277040
v 0.679301 0.927095 -0.533181
v 0.679301 0.927095 -1.277040
v 1.232559 0.927095 -0.533181
v 1.232559 0.927095 -1.277040
v 0.019026 0.927095 -0.533181
v 0.019026 0.927095 -1.277040
v 0.572284 0.927095 -0.533181
v 0.572284 0.927095 -1.277040
v 1.125542 0.927095 -0.533181
v 1.125542 0.927095 -1.277040
v -0.204932 0.927095 -0.533181
v -0.204932 0.927095 -1.277040
v 0.037587 0.927095 -0.533181
v 0.037587 0.927095 -1.277040
v 0.590845 0.927095 -0.533181
v 0.590845 0.927095 -1.277040
v 1.144103 0.927095 -0.533181
v 1.144103 0.927095 -1.277040
v 0.111828 0.927095 -0.533181
v 0.111828 0.927095 -1.277040
v 0.665086 0.927095 -0.533181
v 0.665086 0.927095 -1.277040
v 1.218344 0.927095 -0.533181
v 1.218344 0.927095 -1.277040
v 0.348326 0.927095 -0.533181
v 0.348326 0.927095 -1.277040
v 0.901583 0.927095 -0.533181
v 0.901583 0.927095 -1.277040
v 1.454841 0.927095 -0.533181
v 1.454841 0.927095 -1.277040
v 0.348326 0.929989 -0.504118
v 0.348326 0.929989 -1.306103
v 0.901583 0.929989 -0.504118
v 0.901583 0.929989 -1.306103
v 1.454841 0.929989 -0.504118
v 1.454841 0.929989 -1.306103
v 0.111828 0.929989 -0.504118
v 0.111828 0.929989 -1.306103
v 0.665086 0.929989 -0.504118
v 0.665086 0.929989 -1.306103
v 1.218344 0.929989 -0.504118
v 1.218344 0.929989 -1.306103
v 0.037587 0.929989 -0.504118
v 0.037587 0.929989 -1.306103
v 0.590845 0.929989 -0.504118
v 0.590845 0.929989 -1.306103
v 1.144103 0.929989 -0.504118
v 1.144103 0.929989 -1.306103
v -0.204932 0.929989 -0.504118
v -0.204932 0.929989 -1.306103
v 0.019026 0.929989 -0.504118
v 0.019026 0.929989 -1.306103
v 0.572284 0.929989 -0.504118
v 0.572284 0.929989 -1.306103
v 1.125542 0.929989 -0.504118
v 1.125542 0.929989 -1.306103
v 0.126043 0.929989 -0.504118
v 0.126043 0.929989 -1.306103
v 0.679301 0.929989 -0.504118
v 0.679301 0.929989 -1.306103
v 1.232559 0.929989 -0.504118
v 1.232559 0.929989 -1.306103
v 0.348326 0.929989 -0.905111
v 0.901583 0.929989 -0.905111
v 0.348326 0.937723 -0.905111
v 0.901583 0.937723 -0.905111
v 0.126043 0.937723 -0.504118
v 0.126043 0.937723 -1.306103
v 0.679301 0.937723 -0.504118
v 0.679301 0.937723 -1.306103
v 1.232559 0.937723 -0.504118
v 1.232559 0.937723 -1.306103
v 0.019026 0.937723 -0.504118
v 0.019026 0.937723 -1.306103
v 0.572284 0.937723 -0.504118
v 0.572284 0.937723 -1.306103
v 1.125542 0.937723 -0.504118
v 1.125542 0.937723 -1.306103
v -0.204932 0.937723 -0.504118
v -0.204932 0.937723 -1.306103
v 0.037587 0.937723 -0.504118
v 0.037587 0.937723 -1.306103
v 0.590845 0.937723 -0.504118
v 0.590845 0.937723 -1.306103
v 1.144103 0.937723 -0.504118
v 1.144103 0.937723 -1.306103
v 0.111828 0.937723 -0.504118
v 0.111828 0.937723 -1.306103
v 0.665086 0.937723 -0.504118
v 0.665086 0.937723 -1.306103
v 1.218344 0.937723 -0.504118
v 1.218344 0.937723 -1.306103
v 0.348326 0.937723 -0.504118
v 0.348326 0.937723 -1.306103
v 0.901583 0.937723 -0.504118
v 0.901583 0.937723 -1.306103
v 1.454841 0.937723 -0.504118
v 1.454841 0.937723 -1.306103
v 0.348326 0.947855 -0.529628
v 0.348326 0.947855 -1.280594
v 0.901583 0.947855 -0.529628
v 0.901583 0.947855 -1.280594
v 1.454841 0.947855 -0.529628
v 1.454841 0.947855 -1.280594
v 0.111828 0.947855 -0.529628
v 0.111828 0.947855 -1.280594
v 0.665086 0.947855 -0.529628
v 0.665086 0.947855 -1.280594
v 1.218344 0.947855 -0.529628
v 1.218344 0.947855 -1.280594
v 0.037587 0.947855 -0.529628
v 0.037587 0.947855 -1.280594
v 0.590845 0.947855 -0.529628
v 0.590845 0.947855 -1.280594
v 1.144103 0.947855 -0.529628
v 1.144103 0.947855 -1.280594
v -0.204932 0.947855 -0.529628
v -0.204932 0.947855 -1.280594
v 0.019026 0.947855 -0.529628
v 0.019026 0.947855 -1.280594
v 0.572284 0.947855 -0.529628
v 0.572284 0.947855 -1.280594
v 1.125542 0.947855 -0.529628
v 1.125542 0.947855 -1.280594
v 0.126043 0.947855 -0.529628
v 0.126043 0.947855 -1.280594
v 0.679301 0.947855 -0.529628
v 0.679301 0.947855 -1.280594
v 1.232559 0.947855 -0.529628
v 1.232559 0.947855 -1.280594
v 0.348326 0.947855 -0.905111
v 0.901583 0.947855 -0.905111
v 1.454841 0.947855 -0.905111
v 0.126043 1.499011 -0.878731
v 0.126043 1.499011 -0.931490
v 0.679301 1.499011 -0.878731
v 0.679301 1.499011 -0.931490
v 1.232559 1.499011 -0.878731
v 1.232559 1.499011 -0.931490
v 0.019026 1.499011 -0.878731
v 0.019026 1.499011 -0.931490
v 0.572284 1.499011 -0.878731
v 0.572284 1.499011 -0.931490
v 1.125542 1.499011 -0.878731
v 1.125542 1.499011 -0.931490
v -0.204932 1.499011 -0.878731
v -0.204932 1.499011 -0.931490
v 0.037587 1.499011 -0.878731
v 0.037587 1.499011 -0.931490
v 0.590845 1.499011 -0.878731
v 0.590845 1.499011 -0.931490
v 1.144103 1.499011 -0.878731
v 1.144103 1.499011 -0.931490
v 0.111828 1.499011 -0.878731
v 0.111828 1.499011 -0.931490
v 0.665086 1.499011 -0.878731
v 0.665086 1.499011 -0.931490
v 1.218344 1.499011 -0.878731
v 1.218344 1.499011 -0.931490
v 0.348326 1.499011 -0.878731
v 0.348326 1.499011 -0.931490
v 0.901583 1.499011 -0.878731
v 0.901583 1.499011 -0.931490
v 1.454841 1.499011 -0.878731
v 1.454841 1.499011 -0.931490
v 0.348325 0.472860 -0.905111
v 0.901583 0.472860 -0.905111
v 1.454841 0.472860 -0.905111
v 0.348325 0.398920 -0.905111
v 0.901583 0.398920 -0.905111
v 1.454841 0.398920 -0.905111
v 0.348325 0.008673 -0.905111
v 0.901583 0.008673 -0.905111
v 1.454841 0.008673 -0.905111
v 0.348325 0.008673 -0.533181
v 0.348325 0.008673 -1.277040
v 0.901583 0.008673 -0.533181
v 0.901583 0.008673 -1.277040
v 1.454841 0.008673 -0.533181
v 1.454841 0.008673 -1.277040
v 0.111828 0.008673 -0.533181
v 0.111828 0.008673 -1.277040
v 0.665086 0.008673 -0.533181
v 0.665086 0.008673 -1.277040
v 1.218344 0.008673 -0.533181
v 1.218344 0.008673 -1.277040
v 0.037587 0.008673 -0.533181
v 0.037587 0.008673 -1.277040
v 0.590845 0.008673 -0.533181
v 0.590845 0.008673 -1.277040
v 1.144102 0.008673 -0.533181
v 1.144102 0.008673 -1.277040
v -0.204932 0.008673 -0.533181
v -0.204932 0.008673 -1.277040
v 0.019026 0.008673 -0.533181
v 0.019026 0.008673 -1.277040
v 0.572284 0.008673 -0.533181
v 0.572284 0.008673 -1.277040
v 1.125542 0.008673 -0.533181
v 1.125542 0.008673 -1.277040
v 0.126043 0.008673 -0.533181
v 0.126043 0.008673 -1.277040
v 0.679301 0.008673 -0.533181
v 0.679301 0.008673 -1.277040
v 1.232559 0.008673 -0.533181
v 1.232559 0.008673 -1.277040
v 0.126043 0.398920 -0.533181
v 0.126043 0.398920 -1.277040
v 0.679301 0.398920 -0.533181
v 0.679301 0.398920 -1.277040
v 1.232559 0.398920 -0.533181
v 1.232559 0.398920 -1.277040
v 0.126043 0.472860 -0.533181
v 0.126043 0.472860 -1.277040
v 0.679301 0.472860 -0.533181
v 0.679301 0.472860 -1.277040
v 1.232559 0.472860 -0.533181
v 1.232559 0.472860 -1.277040
v 0.019026 0.398920 -0.533181
v 0.019026 0.398920 -1.277040
v 0.572284 0.398920 -0.533181
v 0.572284 0.398920 -1.277040
v 1.125542 0.398920 -0.533181
v 1.125542 0.398920 -1.277040
v 0.019026 0.472860 -0.533181
v 0.019026 0.472860 -1.277040
v 0.572284 0.472860 -0.533181
v 0.572284 0.472860 -1.277040
v 1.125542 0.472860 -0.533181
v 1.125542 0.472860 -1.277040
v -0.204932 0.398920 -0.533181
v -0.204932 0.398920 -1.277040
v 0.111828 0.472860 -0.525382
v 0.111828 0.472860 -1.284840
v 0.665086 0.472860 -0.525382
v 0.665086 0.472860 -1.284840
v 1.218344 0.472860 -0.525382
v 1.218344 0.472860 -1.284840
v 0.037587 0.472860 -0.525382
v 0.037587 0.472860 -1.284840
v 0.590845 0.472860 -0.525382
v 0.590845 0.472860 -1.284840
v 1.144102 0.472860 -0.525382
v 1.144102 0.472860 -1.284840
v 0.037587 0.398920 -0.525382
v 0.037587 0.398920 -1.284840
v 0.590845 0.398920 -0.525382
v 0.590845 0.398920 -1.284840
v 1.144102 0.398920 -0.525382
v 1.144102 0.398920 -1.284840
v 0.111828 0.398920 -0.525382
v 0.111828 0.398920 -1.284840
v 0.665086 0.398920 -0.525382
v 0.665086 0.398920 -1.284840
v 1.218344 0.398920 -0.525382
v 1.218344 0.398920 -1.284840
v 0.044640 0.406406 -0.525382
v 0.044640 0.406406 -1.284840
v 0.597898 0.406406 -0.525382
v 0.597898 0.406406 -1.284840
v 1.151155 0.406406 -0.525382
v 1.151155 0.406406 -1.284840
v 0.104775 0.406406 -0.525382
v 0.104775 0.406406 -1.284840
v 0.658033 0.406406 -0.525382
v 0.658033 0.406406 -1.284840
v 1.211291 0.406406 -0.525382
v 1.211291 0.406406 -1.284840
v 0.104775 0.465375 -0.525382
v 0.104775 0.465375 -1.284840
v 0.658033 0.465375 -0.525382
v 0.658033 0.465375 -1.284840
v 1.211291 0.465375 -0.525382
v 1.211291 0.465375 -1.284840
v 0.044640 0.465375 -0.525382
v 0.044640 0.465375 -1.284840
v 0.597898 0.465375 -0.525382
v 0.597898 0.465375 -1.284840
v 1.151155 0.465375 -0.525382
v 1.151155 0.465375 -1.284840
v 0.104775 0.465375 -0.533181
v 0.104775 0.465375 -1.277040
v 0.658033 0.465375 -0.533181
v 0.658033 0.465375 -1.277040
v 1.211291 0.465375 -0.533181
v 1.211291 0.465375 -1.277040
v 0.044640 0.465375 -0.533181
v 0.044640 0.465375 -1.277040
v 0.597898 0.465375 -0.533181
v 0.597898 0.465375 -1.277040
v 1.151155 0.465375 -0.533181
v 1.151155 0.465375 -1.277040
v 0.044640 0.406406 -0.533181
v 0.044640 0.406406 -1.277040
v 0.597898 0.406406 -0.533181
v 0.597898 0.406406 -1.277040
v 1.151155 0.406406 -0.533181
v 1.151155 0.406406 -1.277040
v 0.104775 0.406406 -0.533181
v 0.104775 0.406406 -1.277040
v 0.658033 0.406406 -0.533181
v 0.658033 0.406406 -1.277040
v 1.211291 0.406406 -0.533181
v 1.211291 0.406406 -1.277040
v 0.037587 0.398920 -0.533181
v 0.037587 0.398920 -1.277040
v 0.590845 0.398920 -0.533181
v 0.590845 0.398920 -1.277040
v 1.144102 0.398920 -0.533181
v 1.144102 0.398920 -1.277040
v 0.111828 0.398920 -0.533181
v 0.111828 0.398920 -1.277040
v 0.665086 0.398920 -0.533181
v 0.665086 0.398920 -1.277040
v 1.218344 0.398920 -0.533181
v 1.218344 0.398920 -1.277040
v 0.348325 0.398920 -0.533181
v 0.348325 0.398920 -1.277040
v 0.901583 0.398920 -0.533181
v 0.901583 0.398920 -1.277040
v 1.454841 0.398920 -0.533181
v 1.454841 0.398920 -1.277040
v 0.037587 0.472860 -0.533181
v 0.037587 0.472860 -1.277040
v 0.590845 0.472860 -0.533181
v 0.590845 0.472860 -1.277040
v 1.144102 0.472860 -0.533181
v 1.144102 0.472860 -1.277040
v 0.111828 0.472860 -0.533181
v 0.111828 0.472860 -1.277040
v 0.665086 0.472860 -0.533181
v 0.665086 0.472860 -1.277040
v 1.218344 0.472860 -0.533181
v 1.218344 0.472860 -1.277040
v 0.348325 0.472860 -0.533181
v 0.348325 0.472860 -1.277040
v 0.901583 0.472860 -0.533181
v 0.901583 0.472860 -1.277040
v 1.454841 0.472860 -0.533181
v 1.454841 0.472860 -1.277040
v 0.111828 1.499011 -0.905111
v 0.665086 1.499011 -0.905111
v 1.218344 1.499011 -0.905111
v 0.019026 1.499011 -0.905111
v 0.572284 1.499011 -0.905111
v 1.125542 1.499011 -0.905111
v 0.348326 0.927095 -0.719146
v 0.348326 0.927095 -1.091076
v 0.901583 0.927095 -0.719146
v 0.901583 0.927095 -1.091076
v 1.454841 0.927095 -0.719146
v 1.454841 0.927095 -1.091076
v 0.348326 0.929989 -0.704615
v 0.348326 0.929989 -1.105607
v 0.901583 0.929989 -0.704615
v 0.901583 0.929989 -1.105607
v 0.348326 0.937723 -0.704615
v 0.348326 0.937723 -1.105607
v 0.901583 0.937723 -0.704615
v 0.901583 0.937723 -1.105607
v 0.348326 0.947855 -0.717369
v 0.348326 0.947855 -1.092852
v 0.901583 0.947855 -0.717369
v 0.901583 0.947855 -1.092852
v 1.454841 0.947855 -0.717369
v 1.454841 0.947855 -1.092852
v 0.348325 0.472860 -0.719146
v 0.348325 0.472860 -1.091076
v 0.901583 0.472860 -0.719146
v 0.901583 0.472860 -1.091076
v 1.454841 0.472860 -0.719146
v 1.454841 0.472860 -1.091076
v 0.348325 0.008673 -0.719146
v 0.348325 0.008673 -1.091076
v 0.901583 0.008673 -0.719146
v 0.901583 0.008673 -1.091076
v 1.454841 0.008673 -0.719146
v 1.454841 0.008673 -1.091076
v 0.037587 1.499011 -0.891921
v 0.037587 1.499011 -0.918300
v 0.590845 1.499011 -0.891921
v 0.590845 1.499011 -0.918300
v 1.144103 1.499011 -0.891921
v 1.144103 1.499011 -0.918300
v 0.111828 1.499011 -0.891921
v 0.111828 1.499011 -0.918300
v 0.665086 1.499011 -0.891921
v 0.665086 1.499011 -0.918300
v 1.218344 1.499011 -0.891921
v 1.218344 1.499011 -0.918300
v -0.204932 1.499011 -0.891921
v -0.204932 1.499011 -0.918300
v 0.901584 1.499011 -0.891921
v 0.901584 1.499011 -0.918300
v 0.019026 1.499011 -0.891921
v 0.019026 1.499011 -0.918300
v 0.572284 1.499011 -0.891921
v 0.572284 1.499011 -0.918300
v 1.125542 1.499011 -0.891921
v 1.125542 1.499011 -0.918300
v 0.126043 1.499011 -0.891921
v 0.126043 1.499011 -0.918300
v 0.679301 1.499011 -0.891921
v 0.679301 1.499011 -0.918300
v 1.232559 1.499011 -0.891921
v 1.232559 1.499011 -0.918300
v 0.348326 1.499011 -0.891921
v 0.348326 1.499011 -0.918300
v 1.454841 1.499011 -0.891921
v 1.454841 1.499011 -0.918300
v 0.348326 0.927095 -0.864900
v 0.348326 0.927095 -0.945322
v 0.901583 0.927095 -0.864900
v 0.901583 0.927095 -0.945322
v 1.454841 0.927095 -0.864900
v 1.454841 0.927095 -0.945322
v 0.348326 0.929989 -0.857634
v 0.348326 0.929989 -0.952587
v 0.901583 0.929989 -0.857634
v 0.901583 0.929989 -0.952587
v 0.348326 0.937723 -0.857634
v 0.348326 0.937723 -0.952587
v 0.901583 0.937723 -0.857634
v 0.901583 0.937723 -0.952587
v 0.348326 0.947855 -0.864011
v 0.348326 0.947855 -0.946210
v 0.901583 0.947855 -0.864011
v 0.901583 0.947855 -0.946210
v 1.454841 0.947855 -0.864011
v 1.454841 0.947855 -0.946210
v 0.348325 0.472860 -0.864900
v 0.348325 0.472860 -0.945322
v 0.901583 0.472860 -0.864900
v 0.901583 0.472860 -0.945322
v 1.454841 0.472860 -0.864900
v 1.454841 0.472860 -0.945322
v 0.037587 1.499011 -0.905111
v 0.590845 1.499011 -0.905111
v 1.144103 1.499011 -0.905111
v -0.204932 1.499011 -0.905111
v 0.126043 1.499011 -0.905111
v 0.679301 1.499011 -0.905111
v 1.232559 1.499011 -0.905111
v 0.348326 1.499011 -0.905111
v 0.901583 1.499011 -0.905111
v 1.454841 1.499011 -0.905111
v 0.348326 0.398920 -0.864900
v 0.348326 0.398920 -0.945322
v 0.901583 0.398920 -0.864900
v 0.901583 0.398920 -0.945322
v 1.454841 0.398920 -0.864900
v 1.454841 0.398920 -0.945322
v 0.348326 0.008673 -0.864900
v 0.348326 0.008673 -0.945322
v 0.901583 0.008673 -0.864900
v 0.901583 0.008673 -0.945322
v 1.454841 0.008673 -0.864900
v 1.454841 0.008673 -0.945322
v 0.348326 0.678032 -0.864900
v 0.348326 0.678032 -0.945322
v 0.901583 0.678032 -0.864900
v 0.901583 0.678032 -0.945322
v 1.454841 0.678032 -0.864900
v 1.454841 0.678032 -0.945322
v 0.348326 0.807053 -0.864900
v 0.348326 0.807053 -0.945322
v 0.901583 0.807053 -0.864900
v 0.901583 0.807053 -0.945322
v 1.454841 0.807053 -0.864900
v 1.454841 0.807053 -0.945322
v 0.348326 0.807053 -0.719146
v 0.348326 0.807053 -1.091076
v 0.901583 0.807053 -0.719146
v 0.901583 0.807053 -1.091076
v 1.454841 0.807053 -0.719146
v 1.454841 0.807053 -1.091076
v 0.348326 0.398920 -0.719146
v 0.348326 0.398920 -1.091076
v 0.901583 0.398920 -0.719146
v 0.901583 0.398920 -1.091076
v 1.454841 0.398920 -0.719146
v 1.454841 0.398920 -1.091076
v 0.348326 0.678032 -0.719146
v 0.348326 0.678032 -1.091076
v 0.901583 0.678032 -0.719146
v 0.901583 0.678032 -1.091076
v 1.454841 0.678032 -0.719146
v 1.454841 0.678032 -1.091076
v -0.204932 0.008673 -0.864900
v -0.204932 0.008673 -0.945322
v -0.204932 0.008673 -0.719146
v -0.204932 0.008673 -1.091076
v -0.204932 0.008673 -0.905111
v 0.099626 0.705599 -0.533181
v 0.099626 0.705599 -1.277040
v 0.652884 0.705599 -0.533181
v 0.652884 0.705599 -1.277040
v 1.206142 0.705599 -0.533181
v 1.206142 0.705599 -1.277040
v 0.075374 0.705599 -0.533181
v 0.075374 0.705599 -1.277040
v 0.628632 0.705599 -0.533181
v 0.628632 0.705599 -1.277040
v 1.181890 0.705599 -0.533181
v 1.181890 0.705599 -1.277040
v 0.051122 0.705599 -0.533181
v 0.051122 0.705599 -1.277040
v 0.604380 0.705599 -0.533181
v 0.604380 0.705599 -1.277040
v 1.157637 0.705599 -0.533181
v 1.157637 0.705599 -1.277040
v 0.095018 0.710594 -0.533181
v 0.095018 0.710594 -1.277040
v 0.648276 0.710594 -0.533181
v 0.648276 0.710594 -1.277040
v 1.201534 0.710594 -0.533181
v 1.201534 0.710594 -1.277040
v 0.075374 0.710594 -0.533181
v 0.075374 0.710594 -1.277040
v 0.628632 0.710594 -0.533181
v 0.628632 0.710594 -1.277040
v 1.181890 0.710594 -0.533181
v 1.181890 0.710594 -1.277040
v 0.055730 0.710594 -0.533181
v 0.055730 0.710594 -1.277040
v 0.608987 0.710594 -0.533181
v 0.608987 0.710594 -1.277040
v 1.162245 0.710594 -0.533181
v 1.162245 0.710594 -1.277040
v 0.095018 0.710594 -0.525382
v 0.095018 0.710594 -1.284840
v 0.648276 0.710594 -0.525382
v 0.648276 0.710594 -1.284840
v 1.201534 0.710594 -0.525382
v 1.201534 0.710594 -1.284840
v 0.075374 0.710594 -0.525382
v 0.075374 0.710594 -1.284840
v 0.628632 0.710594 -0.525382
v 0.628632 0.710594 -1.284840
v 1.181890 0.710594 -0.525382
v 1.181890 0.710594 -1.284840
v 0.055730 0.710594 -0.525382
v 0.055730 0.710594 -1.284840
v 0.608987 0.710594 -0.525382
v 0.608987 0.710594 -1.284840
v 1.162245 0.710594 -0.525382
v 1.162245 0.710594 -1.284840
v 0.099626 0.705599 -0.525382
v 0.099626 0.705599 -1.284840
v 0.652884 0.705599 -0.525382
v 0.652884 0.705599 -1.284840
v 1.206142 0.705599 -0.525382
v 1.206142 0.705599 -1.284840
v 0.075374 0.705599 -0.525382
v 0.075374 0.705599 -1.284840
v 0.628632 0.705599 -0.525382
v 0.628632 0.705599 -1.284840
v 1.181890 0.705599 -0.525382
v 1.181890 0.705599 -1.284840
v 0.051122 0.705599 -0.525382
v 0.051122 0.705599 -1.284840
v 0.604380 0.705599 -0.525382
v 0.604380 0.705599 -1.284840
v 1.157637 0.705599 -0.525382
v 1.157637 0.705599 -1.284840
v 0.093268 0.482440 -0.525382
v 0.093268 0.482440 -1.284840
v 0.646526 0.482440 -0.525382
v 0.646526 0.482440 -1.284840
v 1.199784 0.482440 -0.525382
v 1.199784 0.482440 -1.284840
v 0.074708 0.486750 -0.525382
v 0.074708 0.486750 -1.284840
v 0.627965 0.486750 -0.525382
v 0.627965 0.486750 -1.284840
v 1.181223 0.486750 -0.525382
v 1.181223 0.486750 -1.284840
v 0.056147 0.482440 -0.525382
v 0.056147 0.482440 -1.284840
v 0.609405 0.482440 -0.525382
v 0.609405 0.482440 -1.284840
v 1.162663 0.482440 -0.525382
v 1.162663 0.482440 -1.284840
v 0.089741 0.473015 -0.525382
v 0.089741 0.473015 -1.284840
v 0.642999 0.473015 -0.525382
v 0.642999 0.473015 -1.284840
v 1.196257 0.473015 -0.525382
v 1.196257 0.473015 -1.284840
v 0.074708 0.476453 -0.525382
v 0.074708 0.476453 -1.284840
v 0.627965 0.476453 -0.525382
v 0.627965 0.476453 -1.284840
v 1.181223 0.476453 -0.525382
v 1.181223 0.476453 -1.284840
v 0.059674 0.473015 -0.525382
v 0.059674 0.473015 -1.284840
v 0.612932 0.473015 -0.525382
v 0.612932 0.473015 -1.284840
v 1.166189 0.473015 -0.525382
v 1.166189 0.473015 -1.284840
v 0.089741 0.473015 -0.533181
v 0.089741 0.473015 -1.277040
v 0.642999 0.473015 -0.533181
v 0.642999 0.473015 -1.277040
v 1.196257 0.473015 -0.533181
v 1.196257 0.473015 -1.277040
v 0.074708 0.476453 -0.533181
v 0.074708 0.476453 -1.277040
v 0.627965 0.476453 -0.533181
v 0.627965 0.476453 -1.277040
v 1.181223 0.476453 -0.533181
v 1.181223 0.476453 -1.277040
v 0.059674 0.473015 -0.533181
v 0.059674 0.473015 -1.277040
v 0.612932 0.473015 -0.533181
v 0.612932 0.473015 -1.277040
v 1.166189 0.473015 -0.533181
v 1.166189 0.473015 -1.277040
v 0.056147 0.482440 -0.533181
v 0.056147 0.482440 -1.277040
v 0.609405 0.482440 -0.533181
v 0.609405 0.482440 -1.277040
v 1.162663 0.482440 -0.533181
v 1.162663 0.482440 -1.277040
v 0.074708 0.486750 -0.533181
v 0.074708 0.486750 -1.277040
v 0.627965 0.486750 -0.533181
v 0.627965 0.486750 -1.277040
v 1.181223 0.486750 -0.533181
v 1.181223 0.486750 -1.277040
v 0.093268 0.482440 -0.533181
v 0.093268 0.482440 -1.277040
v 0.646526 0.482440 -0.533181
v 0.646526 0.482440 -1.277040
v 1.199784 0.482440 -0.533181
v 1.199784 0.482440 -1.277040
v 0.019026 0.417405 -0.533181
v 0.019026 0.417405 -1.277040
v 0.572284 0.417405 -0.533181
v 0.572284 0.417405 -1.277040
v 1.125542 0.417405 -0.533181
v 1.125542 0.417405 -1.277040
v 0.012558 0.435890 -0.533181
v 0.012558 0.435890 -1.277040
v 0.565816 0.435890 -0.533181
v 0.565816 0.435890 -1.277040
v 1.119074 0.435890 -0.533181
v 1.119074 0.435890 -1.277040
v 0.019026 0.454375 -0.533181
v 0.019026 0.454375 -1.277040
v 0.572284 0.454375 -0.533181
v 0.572284 0.454375 -1.277040
v 1.125542 0.454375 -0.533181
v 1.125542 0.454375 -1.277040
v 0.028344 0.455567 -0.525382
v 0.028344 0.455567 -1.284840
v 0.581602 0.455567 -0.525382
v 0.581602 0.455567 -1.284840
v 1.134860 0.455567 -0.525382
v 1.134860 0.455567 -1.284840
v 0.021556 0.435890 -0.525382
v 0.021556 0.435890 -1.284840
v 0.574814 0.435890 -0.525382
v 0.574814 0.435890 -1.284840
v 1.128072 0.435890 -0.525382
v 1.128072 0.435890 -1.284840
v 0.028339 0.413037 -0.525382
v 0.028339 0.413037 -1.284840
v 0.581597 0.413037 -0.525382
v 0.581597 0.413037 -1.284840
v 1.134855 0.413037 -0.525382
v 1.134855 0.413037 -1.284840
v 0.037092 0.416780 -0.525382
v 0.037092 0.416780 -1.284840
v 0.590349 0.416780 -0.525382
v 0.590349 0.416780 -1.284840
v 1.143607 0.416780 -0.525382
v 1.143607 0.416780 -1.284840
v 0.031705 0.435890 -0.525382
v 0.031705 0.435890 -1.284840
v 0.584963 0.435890 -0.525382
v 0.584963 0.435890 -1.284840
v 1.138221 0.435890 -0.525382
v 1.138221 0.435890 -1.284840
v 0.037095 0.451824 -0.525382
v 0.037095 0.451824 -1.284840
v 0.590353 0.451824 -0.525382
v 0.590353 0.451824 -1.284840
v 1.143611 0.451824 -0.525382
v 1.143611 0.451824 -1.284840
v 0.037095 0.451824 -0.533181
v 0.037095 0.451824 -1.277040
v 0.590353 0.451824 -0.533181
v 0.590353 0.451824 -1.277040
v 1.143611 0.451824 -0.533181
v 1.143611 0.451824 -1.277040
v 0.031705 0.435890 -0.533181
v 0.031705 0.435890 -1.277040
v 0.584963 0.435890 -0.533181
v 0.584963 0.435890 -1.277040
v 1.138221 0.435890 -0.533181
v 1.138221 0.435890 -1.277040
v 0.037092 0.416780 -0.533181
v 0.037092 0.416780 -1.277040
v 0.590349 0.416780 -0.533181
v 0.590349 0.416780 -1.277040
v 1.143607 0.416780 -0.533181
v 1.143607 0.416780 -1.277040
v 0.028339 0.413037 -0.533181
v 0.028339 0.413037 -1.277040
v 0.581597 0.413037 -0.533181
v 0.581597 0.413037 -1.277040
v 1.134855 0.413037 -0.533181
v 1.134855 0.413037 -1.277040
v 0.021556 0.435890 -0.533181
v 0.021556 0.435890 -1.277040
v 0.574814 0.435890 -0.533181
v 0.574814 0.435890 -1.277040
v 1.128072 0.435890 -0.533181
v 1.128072 0.435890 -1.277040
v 0.028344 0.455567 -0.533181
v 0.028344 0.455567 -1.277040
v 0.581602 0.455567 -0.533181
v 0.581602 0.455567 -1.277040
v 1.134860 0.455567 -0.533181
v 1.134860 0.455567 -1.277040
v -0.204932 0.454375 -0.533181
v -0.204932 0.454375 -1.277040
v -0.204932 0.435890 -0.533181
v -0.204932 0.435890 -1.277040
v -0.204932 0.417405 -0.533181
v -0.204932 0.417405 -1.277040
v 0.348325 0.454375 -0.905111
v 0.901583 0.454375 -0.905111
v 1.454841 0.454375 -0.905111
v 0.348325 0.435890 -0.905111
v 0.901583 0.435890 -0.905111
v 1.454841 0.435890 -0.905111
v 0.348325 0.417405 -0.905111
v 0.901583 0.417405 -0.905111
v 1.454841 0.417405 -0.905111
v 0.129454 0.413037 -0.533181
v 0.129454 0.413037 -1.277040
v 0.682712 0.413037 -0.533181
v 0.682712 0.413037 -1.277040
v 1.235970 0.413037 -0.533181
v 1.235970 0.413037 -1.277040
v 0.132512 0.435890 -0.533181
v 0.132512 0.435890 -1.277040
v 0.685769 0.435890 -0.533181
v 0.685769 0.435890 -1.277040
v 1.239027 0.435890 -0.533181
v 1.239027 0.435890 -1.277040
v 0.129450 0.455567 -0.533181
v 0.129450 0.455567 -1.277040
v 0.682708 0.455567 -0.533181
v 0.682708 0.455567 -1.277040
v 1.235966 0.455567 -0.533181
v 1.235966 0.455567 -1.277040
v 0.120466 0.455567 -0.525382
v 0.120466 0.455567 -1.284840
v 0.673724 0.455567 -0.525382
v 0.673724 0.455567 -1.284840
v 1.226982 0.455567 -0.525382
v 1.226982 0.455567 -1.284840
v 0.128384 0.435890 -0.525382
v 0.128384 0.435890 -1.284840
v 0.681642 0.435890 -0.525382
v 0.681642 0.435890 -1.284840
v 1.234900 0.435890 -0.525382
v 1.234900 0.435890 -1.284840
v 0.120470 0.413037 -0.525382
v 0.120470 0.413037 -1.284840
v 0.673728 0.413037 -0.525382
v 0.673728 0.413037 -1.284840
v 1.226986 0.413037 -0.525382
v 1.226986 0.413037 -1.284840
v 0.111717 0.416780 -0.525382
v 0.111717 0.416780 -1.284840
v 0.664975 0.416780 -0.525382
v 0.664975 0.416780 -1.284840
v 1.218233 0.416780 -0.525382
v 1.218233 0.416780 -1.284840
v 0.118235 0.435890 -0.525382
v 0.118235 0.435890 -1.284840
v 0.671493 0.435890 -0.525382
v 0.671493 0.435890 -1.284840
v 1.224751 0.435890 -0.525382
v 1.224751 0.435890 -1.284840
v 0.111714 0.451824 -0.525382
v 0.111714 0.451824 -1.284840
v 0.664972 0.451824 -0.525382
v 0.664972 0.451824 -1.284840
v 1.218230 0.451824 -0.525382
v 1.218230 0.451824 -1.284840
v 0.111714 0.451824 -0.533181
v 0.111714 0.451824 -1.277040
v 0.664972 0.451824 -0.533181
v 0.664972 0.451824 -1.277040
v 1.218230 0.451824 -0.533181
v 1.218230 0.451824 -1.277040
v 0.118235 0.435890 -0.533181
v 0.118235 0.435890 -1.277040
v 0.671493 0.435890 -0.533181
v 0.671493 0.435890 -1.277040
v 1.224751 0.435890 -0.533181
v 1.224751 0.435890 -1.277040
v 0.111717 0.416780 -0.533181
v 0.111717 0.416780 -1.277040
v 0.664975 0.416780 -0.533181
v 0.664975 0.416780 -1.277040
v 1.218233 0.416780 -0.533181
v 1.218233 0.416780 -1.277040
v 0.120470 0.413037 -0.533181
v 0.120470 0.413037 -1.277040
v 0.673728 0.413037 -0.533181
v 0.673728 0.413037 -1.277040
v 1.226986 0.413037 -0.533181
v 1.226986 0.413037 -1.277040
v 0.128384 0.435890 -0.533181
v 0.128384 0.435890 -1.277040
v 0.681642 0.435890 -0.533181
v 0.681642 0.435890 -1.277040
v 1.234900 0.435890 -0.533181
v 1.234900 0.435890 -1.277040
v 0.120466 0.455567 -0.533181
v 0.120466 0.455567 -1.277040
v 0.673724 0.455567 -0.533181
v 0.673724 0.455567 -1.277040
v 1.226982 0.455567 -0.533181
v 1.226982 0.455567 -1.277040
v 0.348325 0.417405 -0.533181
v 0.348325 0.417405 -1.277040
v 0.901583 0.417405 -0.533181
v 0.901583 0.417405 -1.277040
v 1.454841 0.417405 -0.533181
v 1.454841 0.417405 -1.277040
v 0.348325 0.435890 -0.533181
v 0.348325 0.435890 -1.277040
v 0.901583 0.435890 -0.533181
v 0.901583 0.435890 -1.277040
v 1.454841 0.435890 -0.533181
v 1.454841 0.435890 -1.277040
v 0.348325 0.454375 -0.533181
v 0.348325 0.454375 -1.277040
v 0.901583 0.454375 -0.533181
v 0.901583 0.454375 -1.277040
v 1.454841 0.454375 -0.533181
v 1.454841 0.454375 -1.277040
v 0.348325 0.454375 -0.719146
v 0.348325 0.454375 -1.091076
v 0.901583 0.454375 -0.719146
v 0.901583 0.454375 -1.091076
v 1.454841 0.454375 -0.719146
v 1.454841 0.454375 -1.091076
v 0.348326 0.435890 -0.719146
v 0.348326 0.435890 -1.091076
v 0.901583 0.435890 -0.719146
v 0.901583 0.435890 -1.091076
v 1.454841 0.435890 -0.719146
v 1.454841 0.435890 -1.091076
v 0.348326 0.417405 -0.719146
v 0.348326 0.417405 -1.091076
v 0.901583 0.417405 -0.719146
v 0.901583 0.417405 -1.091076
v 1.454841 0.417405 -0.719146
v 1.454841 0.417405 -1.091076
v 0.348325 0.454375 -0.864900
v 0.348325 0.454375 -0.945322
v 0.901583 0.454375 -0.864900
v 0.901583 0.454375 -0.945322
v 1.454841 0.454375 -0.864900
v 1.454841 0.454375 -0.945322
v 0.348326 0.435890 -0.864900
v 0.348326 0.435890 -0.945322
v 0.901583 0.435890 -0.864900
v 0.901583 0.435890 -0.945322
v 1.454841 0.435890 -0.864900
v 1.454841 0.435890 -0.945322
v 0.348326 0.417405 -0.864900
v 0.348326 0.417405 -0.945322
v 0.901583 0.417405 -0.864900
v 0.901583 0.417405 -0.945322
v 1.454841 0.417405 -0.864900
v 1.454841 0.417405 -0.945322
v 0.093268 0.008673 -0.533181
v 0.093268 0.008673 -1.277040
v 0.646526 0.008673 -0.533181
v 0.646526 0.008673 -1.277040
v 1.199784 0.008673 -0.533181
v 1.199784 0.008673 -1.277040
v 0.074708 0.008673 -0.533181
v 0.074708 0.008673 -1.277040
v 0.627965 0.008673 -0.533181
v 0.627965 0.008673 -1.277040
v 1.181223 0.008673 -0.533181
v 1.181223 0.008673 -1.277040
v 0.056147 0.008673 -0.533181
v 0.056147 0.008673 -1.277040
v 0.609405 0.008673 -0.533181
v 0.609405 0.008673 -1.277040
v 1.162663 0.008673 -0.533181
v 1.162663 0.008673 -1.277040
v 0.056147 0.389341 -0.525382
v 0.056147 0.389341 -1.284840
v 0.609405 0.389341 -0.525382
v 0.609405 0.389341 -1.284840
v 1.162663 0.389341 -0.525382
v 1.162663 0.389341 -1.284840
v 0.074708 0.385031 -0.525382
v 0.074708 0.385031 -1.284840
v 0.627965 0.385031 -0.525382
v 0.627965 0.385031 -1.284840
v 1.181223 0.385031 -0.525382
v 1.181223 0.385031 -1.284840
v 0.093268 0.389341 -0.525382
v 0.093268 0.389341 -1.284840
v 0.646526 0.389341 -0.525382
v 0.646526 0.389341 -1.284840
v 1.199784 0.389341 -0.525382
v 1.199784 0.389341 -1.284840
v 0.059674 0.398766 -0.525382
v 0.059674 0.398766 -1.284840
v 0.612932 0.398766 -0.525382
v 0.612932 0.398766 -1.284840
v 1.166189 0.398766 -0.525382
v 1.166189 0.398766 -1.284840
v 0.074708 0.395328 -0.525382
v 0.074708 0.395328 -1.284840
v 0.627965 0.395328 -0.525382
v 0.627965 0.395328 -1.284840
v 1.181223 0.395328 -0.525382
v 1.181223 0.395328 -1.284840
v 0.089741 0.398766 -0.525382
v 0.089741 0.398766 -1.284840
v 0.642999 0.398766 -0.525382
v 0.642999 0.398766 -1.284840
v 1.196257 0.398766 -0.525382
v 1.196257 0.398766 -1.284840
v 0.059674 0.398766 -0.533181
v 0.059674 0.398766 -1.277040
v 0.612932 0.398766 -0.533181
v 0.612932 0.398766 -1.277040
v 1.166189 0.398766 -0.533181
v 1.166189 0.398766 -1.277040
v 0.074708 0.395328 -0.533181
v 0.074708 0.395328 -1.277040
v 0.627965 0.395328 -0.533181
v 0.627965 0.395328 -1.277040
v 1.181223 0.395328 -0.533181
v 1.181223 0.395328 -1.277040
v 0.089741 0.398766 -0.533181
v 0.089741 0.398766 -1.277040
v 0.642999 0.398766 -0.533181
v 0.642999 0.398766 -1.277040
v 1.196257 0.398766 -0.533181
v 1.196257 0.398766 -1.277040
v 0.056147 0.389341 -0.533181
v 0.056147 0.389341 -1.277040
v 0.609405 0.389341 -0.533181
v 0.609405 0.389341 -1.277040
v 1.162663 0.389341 -0.533181
v 1.162663 0.389341 -1.277040
v 0.074708 0.385031 -0.533181
v 0.074708 0.385031 -1.277040
v 0.627965 0.385031 -0.533181
v 0.627965 0.385031 -1.277040
v 1.181223 0.385031 -0.533181
v 1.181223 0.385031 -1.277040
v 0.093268 0.389341 -0.533181
v 0.093268 0.389341 -1.277040
v 0.646526 0.389341 -0.533181
v 0.646526 0.389341 -1.277040
v 1.199784 0.389341 -0.533181
v 1.199784 0.389341 -1.277040
v 0.099626 0.811701 -0.533181
v 0.099626 0.811701 -1.277040
v 0.652884 0.811701 -0.533181
v 0.652884 0.811701 -1.277040
v 1.206142 0.811701 -0.533181
v 1.206142 0.811701 -1.277040
v 0.075374 0.814357 -0.533181
v 0.075374 0.814357 -1.277040
v 0.628632 0.814357 -0.533181
v 0.628632 0.814357 -1.277040
v 1.181890 0.814357 -0.533181
v 1.181890 0.814357 -1.277040
v 0.051122 0.811701 -0.533181
v 0.051122 0.811701 -1.277040
v 0.604380 0.811701 -0.533181
v 0.604380 0.811701 -1.277040
v 1.157637 0.811701 -0.533181
v 1.157637 0.811701 -1.277040
v 0.055730 0.806706 -0.533181
v 0.055730 0.806706 -1.277040
v 0.608987 0.806706 -0.533181
v 0.608987 0.806706 -1.277040
v 1.162245 0.806706 -0.533181
v 1.162245 0.806706 -1.277040
v 0.075374 0.809362 -0.533181
v 0.075374 0.809362 -1.277040
v 0.628632 0.809362 -0.533181
v 0.628632 0.809362 -1.277040
v 1.181890 0.809362 -0.533181
v 1.181890 0.809362 -1.277040
v 0.095018 0.806706 -0.533181
v 0.095018 0.806706 -1.277040
v 0.648276 0.806706 -0.533181
v 0.648276 0.806706 -1.277040
v 1.201534 0.806706 -0.533181
v 1.201534 0.806706 -1.277040
v 0.055730 0.806706 -0.525382
v 0.055730 0.806706 -1.284840
v 0.608987 0.806706 -0.525382
v 0.608987 0.806706 -1.284840
v 1.162245 0.806706 -0.525382
v 1.162245 0.806706 -1.284840
v 0.075374 0.809362 -0.525382
v 0.075374 0.809362 -1.284840
v 0.628632 0.809362 -0.525382
v 0.628632 0.809362 -1.284840
v 1.181890 0.809362 -0.525382
v 1.181890 0.809362 -1.284840
v 0.095018 0.806706 -0.525382
v 0.095018 0.806706 -1.284840
v 0.648276 0.806706 -0.525382
v 0.648276 0.806706 -1.284840
v 1.201534 0.806706 -0.525382
v 1.201534 0.806706 -1.284840
v 0.051122 0.811701 -0.525382
v 0.051122 0.811701 -1.284840
v 0.604380 0.811701 -0.525382
v 0.604380 0.811701 -1.284840
v 1.157637 0.811701 -0.525382
v 1.157637 0.811701 -1.284840
v 0.075374 0.814357 -0.525382
v 0.075374 0.814357 -1.284840
v 0.628632 0.814357 -0.525382
v 0.628632 0.814357 -1.284840
v 1.181890 0.814357 -0.525382
v 1.181890 0.814357 -1.284840
v 0.099626 0.811701 -0.525382
v 0.099626 0.811701 -1.284840
v 0.652884 0.811701 -0.525382
v 0.652884 0.811701 -1.284840
v 1.206142 0.811701 -0.525382
v 1.206142 0.811701 -1.284840
v 0.056147 0.927096 -0.533181
v 0.056147 0.927096 -1.277040
v 0.609405 0.927096 -0.533181
v 0.609405 0.927096 -1.277040
v 1.162663 0.927096 -0.533181
v 1.162663 0.927096 -1.277040
v 0.074708 0.927096 -0.533181
v 0.074708 0.927096 -1.277040
v 0.627966 0.927096 -0.533181
v 0.627966 0.927096 -1.277040
v 1.181223 0.927096 -0.533181
v 1.181223 0.927096 -1.277040
v 0.093268 0.927096 -0.533181
v 0.093268 0.927096 -1.277040
v 0.646526 0.927096 -0.533181
v 0.646526 0.927096 -1.277040
v 1.199784 0.927096 -0.533181
v 1.199784 0.927096 -1.277040
v 0.093268 0.929991 -0.504118
v 0.093268 0.929991 -1.306103
v 0.646526 0.929991 -0.504118
v 0.646526 0.929991 -1.306103
v 1.199784 0.929991 -0.504118
v 1.199784 0.929991 -1.306103
v 0.074708 0.929991 -0.504118
v 0.074708 0.929991 -1.306103
v 0.627966 0.929991 -0.504118
v 0.627966 0.929991 -1.306103
v 1.181223 0.929991 -0.504118
v 1.181223 0.929991 -1.306103
v 0.056147 0.929991 -0.504118
v 0.056147 0.929991 -1.306103
v 0.609405 0.929991 -0.504118
v 0.609405 0.929991 -1.306103
v 1.162663 0.929991 -0.504118
v 1.162663 0.929991 -1.306103
v 0.056147 0.937724 -0.504118
v 0.056147 0.937724 -1.306103
v 0.609405 0.937724 -0.504118
v 0.609405 0.937724 -1.306103
v 1.162663 0.937724 -0.504118
v 1.162663 0.937724 -1.306103
v 0.074708 0.937724 -0.504118
v 0.074708 0.937724 -1.306103
v 0.627966 0.937724 -0.504118
v 0.627966 0.937724 -1.306103
v 1.181223 0.937724 -0.504118
v 1.181223 0.937724 -1.306103
v 0.093268 0.937724 -0.504118
v 0.093268 0.937724 -1.306103
v 0.646526 0.937724 -0.504118
v 0.646526 0.937724 -1.306103
v 1.199784 0.937724 -0.504118
v 1.199784 0.937724 -1.306103
v 0.093268 0.947856 -0.529628
v 0.093268 0.947856 -1.280594
v 0.646526 0.947856 -0.529628
v 0.646526 0.947856 -1.280594
v 1.199784 0.947856 -0.529628
v 1.199784 0.947856 -1.280594
v 0.074708 0.947856 -0.529628
v 0.074708 0.947856 -1.280594
v 0.627966 0.947856 -0.529628
v 0.627966 0.947856 -1.280594
v 1.181223 0.947856 -0.529628
v 1.181223 0.947856 -1.280594
v 0.056147 0.947856 -0.529628
v 0.056147 0.947856 -1.280594
v 0.609405 0.947856 -0.529628
v 0.609405 0.947856 -1.280594
v 1.162663 0.947856 -0.529628
v 1.162663 0.947856 -1.280594
v 0.056147 1.499012 -0.878731
v 0.056147 1.499012 -0.931490
v 0.609405 1.499012 -0.878731
v 0.609405 1.499012 -0.931490
v 1.162663 1.499012 -0.878731
v 1.162663 1.499012 -0.931490
v 0.074708 1.499012 -0.878731
v 0.074708 1.499012 -0.931490
v 0.627966 1.499012 -0.878731
v 0.627966 1.499012 -0.931490
v 1.181223 1.499012 -0.878731
v 1.181223 1.499012 -0.931490
v 0.093268 1.499012 -0.878731
v 0.093268 1.499012 -0.931490
v 0.646526 1.499012 -0.878731
v 0.646526 1.499012 -0.931490
v 1.199784 1.499012 -0.878731
v 1.199784 1.499012 -0.931490
v 0.056147 1.499012 -0.891921
v 0.056147 1.499012 -0.918300
v 0.609405 1.499012 -0.891921
v 0.609405 1.499012 -0.918300
v 1.162663 1.499012 -0.891921
v 1.162663 1.499012 -0.918300
v 0.074708 1.499012 -0.891921
v 0.074708 1.499012 -0.918300
v 0.627966 1.499012 -0.891921
v 0.627966 1.499012 -0.918300
v 1.181223 1.499012 -0.891921
v 1.181223 1.499012 -0.918300
v 0.093268 1.499012 -0.891921
v 0.093268 1.499012 -0.918300
v 0.646526 1.499012 -0.891921
v 0.646526 1.499012 -0.918300
v 1.199784 1.499012 -0.891921
v 1.199784 1.499012 -0.918300
v 0.093268 1.499012 -0.905111
v 0.646526 1.499012 -0.905111
v 1.199784 1.499012 -0.905111
v 0.074708 1.499012 -0.905111
v 0.627966 1.499012 -0.905111
v 1.181223 1.499012 -0.905111
v 0.056147 1.499012 -0.905111
v 0.609405 1.499012 -0.905111
v 1.162663 1.499012 -0.905111
v 0.082282 0.707958 -0.532018
v 0.082282 0.707958 -1.278203
v 0.635540 0.707958 -0.532018
v 0.635540 0.707958 -1.278203
v 1.188798 0.707958 -0.532018
v 1.188798 0.707958 -1.278203
v 0.082282 0.707958 -0.527955
v 0.082282 0.707958 -1.282266
v 0.635540 0.707958 -0.527955
v 0.635540 0.707958 -1.282266
v 1.188798 0.707958 -0.527955
v 1.188798 0.707958 -1.282266
v 0.068476 0.707958 -0.527955
v 0.068476 0.707958 -1.282266
v 0.621734 0.707958 -0.527955
v 0.621734 0.707958 -1.282266
v 1.174991 0.707958 -0.527955
v 1.174991 0.707958 -1.282266
v 0.068476 0.707958 -0.532018
v 0.068476 0.707958 -1.278203
v 0.621734 0.707958 -0.532018
v 0.621734 0.707958 -1.278203
v 1.174991 0.707958 -0.532018
v 1.174991 0.707958 -1.278203
v 0.082282 0.812067 -0.532018
v 0.082282 0.812067 -1.278203
v 0.635540 0.812067 -0.532018
v 0.635540 0.812067 -1.278203
v 1.188798 0.812067 -0.532018
v 1.188798 0.812067 -1.278203
v 0.082282 0.812067 -0.527955
v 0.082282 0.812067 -1.282266
v 0.635540 0.812067 -0.527955
v 0.635540 0.812067 -1.282266
v 1.188798 0.812067 -0.527955
v 1.188798 0.812067 -1.282266
v 0.068476 0.812067 -0.527955
v 0.068476 0.812067 -1.282266
v 0.621734 0.812067 -0.527955
v 0.621734 0.812067 -1.282266
v 1.174991 0.812067 -0.527955
v 1.174991 0.812067 -1.282266
v 0.068476 0.812067 -0.532018
v 0.068476 0.812067 -1.278203
v 0.621734 0.812067 -0.532018
v 0.621734 0.812067 -1.278203
v 1.174991 0.812067 -0.532018
v 1.174991 0.812067 -1.278203
v 0.117536 0.740714 -0.532018
v 0.117536 0.740714 -1.278203
v 0.670794 0.740714 -0.532018
v 0.670794 0.740714 -1.278203
v 1.224052 0.740714 -0.532018
v 1.224052 0.740714 -1.278203
v 0.117536 0.740714 -0.527955
v 0.117536 0.740714 -1.282266
v 0.670794 0.740714 -0.527955
v 0.670794 0.740714 -1.282266
v 1.224052 0.740714 -0.527955
v 1.224052 0.740714 -1.282266
v 0.117536 0.737298 -0.527955
v 0.117536 0.737298 -1.282266
v 0.670794 0.737298 -0.527955
v 0.670794 0.737298 -1.282266
v 1.224052 0.737298 -0.527955
v 1.224052 0.737298 -1.282266
v 0.117536 0.737298 -0.532018
v 0.117536 0.737298 -1.278203
v 0.670794 0.737298 -0.532018
v 0.670794 0.737298 -1.278203
v 1.224052 0.737298 -0.532018
v 1.224052 0.737298 -1.278203
v 0.033222 0.740714 -0.532018
v 0.033222 0.740714 -1.278203
v 0.586480 0.740714 -0.532018
v 0.586480 0.740714 -1.278203
v 1.139738 0.740714 -0.532018
v 1.139738 0.740714 -1.278203
v 0.033222 0.740714 -0.527955
v 0.033222 0.740714 -1.282266
v 0.586480 0.740714 -0.527955
v 0.586480 0.740714 -1.282266
v 1.139738 0.740714 -0.527955
v 1.139738 0.740714 -1.282266
v 0.033222 0.737298 -0.527955
v 0.033222 0.737298 -1.282266
v 0.586480 0.737298 -0.527955
v 0.586480 0.737298 -1.282266
v 1.139738 0.737298 -0.527955
v 1.139738 0.737298 -1.282266
v 0.033222 0.737298 -0.532018
v 0.033222 0.737298 -1.278203
v 0.586480 0.737298 -0.532018
v 0.586480 0.737298 -1.278203
v 1.139738 0.737298 -0.532018
v 1.139738 0.737298 -1.278203
v 0.033222 0.772269 -0.532018
v 0.033222 0.772269 -1.278203
v 0.586480 0.772269 -0.532018
v 0.586480 0.772269 -1.278203
v 1.139738 0.772269 -0.532018
v 1.139738 0.772269 -1.278203
v 0.033222 0.772269 -0.527955
v 0.033222 0.772269 -1.282266
v 0.586480 0.772269 -0.527955
v 0.586480 0.772269 -1.282266
v 1.139738 0.772269 -0.527955
v 1.139738 0.772269 -1.282266
v 0.033222 0.775685 -0.527955
v 0.033222 0.775685 -1.282266
v 0.586480 0.775685 -0.527955
v 0.586480 0.775685 -1.282266
v 1.139738 0.775685 -0.527955
v 1.139738 0.775685 -1.282266
v 0.033222 0.775685 -0.532018
v 0.033222 0.775685 -1.278203
v 0.586480 0.775685 -0.532018
v 0.586480 0.775685 -1.278203
v 1.139738 0.775685 -0.532018
v 1.139738 0.775685 -1.278203
v 0.117536 0.772269 -0.532018
v 0.117536 0.772269 -1.278203
v 0.670794 0.772269 -0.532018
v 0.670794 0.772269 -1.278203
v 1.224052 0.772269 -0.532018
v 1.224052 0.772269 -1.278203
v 0.117536 0.772269 -0.527955
v 0.117536 0.772269 -1.282266
v 0.670794 0.772269 -0.527955
v 0.670794 0.772269 -1.282266
v 1.224052 0.772269 -0.527955
v 1.224052 0.772269 -1.282266
v 0.117536 0.775685 -0.527955
v 0.117536 0.775685 -1.282266
v 0.670794 0.775685 -0.527955
v 0.670794 0.775685 -1.282266
v 1.224052 0.775685 -0.527955
v 1.224052 0.775685 -1.282266
v 0.117536 0.775685 -0.532018
v 0.117536 0.775685 -1.278203
v 0.670794 0.775685 -0.532018
v 0.670794 0.775685 -1.278203
v 1.224052 0.775685 -0.532018
v 1.224052 0.775685 -1.278203
v 0.051377 0.708780 -0.532018
v 0.051377 0.708780 -1.278203
v 0.604635 0.708780 -0.532018
v 0.604635 0.708780 -1.278203
v 1.157893 0.708780 -0.532018
v 1.157893 0.708780 -1.278203
v 0.051377 0.708780 -0.527955
v 0.051377 0.708780 -1.282266
v 0.604635 0.708780 -0.527955
v 0.604635 0.708780 -1.282266
v 1.157893 0.708780 -0.527955
v 1.157893 0.708780 -1.282266
v 0.046966 0.708780 -0.527955
v 0.046966 0.708780 -1.282266
v 0.600224 0.708780 -0.527955
v 0.600224 0.708780 -1.282266
v 1.153482 0.708780 -0.527955
v 1.153482 0.708780 -1.282266
v 0.046966 0.708780 -0.532018
v 0.046966 0.708780 -1.278203
v 0.600224 0.708780 -0.532018
v 0.600224 0.708780 -1.278203
v 1.153482 0.708780 -0.532018
v 1.153482 0.708780 -1.278203
v 0.051377 0.808428 -0.532018
v 0.051377 0.808428 -1.278203
v 0.604635 0.808428 -0.532018
v 0.604635 0.808428 -1.278203
v 1.157893 0.808428 -0.532018
v 1.157893 0.808428 -1.278203
v 0.051377 0.808428 -0.527955
v 0.051377 0.808428 -1.282266
v 0.604635 0.808428 -0.527955
v 0.604635 0.808428 -1.282266
v 1.157893 0.808428 -0.527955
v 1.157893 0.808428 -1.282266
v 0.046966 0.808428 -0.527955
v 0.046966 0.808428 -1.282266
v 0.600224 0.808428 -0.527955
v 0.600224 0.808428 -1.282266
v 1.153482 0.808428 -0.527955
v 1.153482 0.808428 -1.282266
v 0.046966 0.808428 -0.532018
v 0.046966 0.808428 -1.278203
v 0.600224 0.808428 -0.532018
v 0.600224 0.808428 -1.278203
v 1.153482 0.808428 -0.532018
v 1.153482 0.808428 -1.278203
v 0.101763 0.808428 -0.532018
v 0.101763 0.808428 -1.278203
v 0.655021 0.808428 -0.532018
v 0.655021 0.808428 -1.278203
v 1.208279 0.808428 -0.532018
v 1.208279 0.808428 -1.278203
v 0.101763 0.808428 -0.527955
v 0.101763 0.808428 -1.282266
v 0.655021 0.808428 -0.527955
v 0.655021 0.808428 -1.282266
v 1.208279 0.808428 -0.527955
v 1.208279 0.808428 -1.282266
v 0.106175 0.808428 -0.527955
v 0.106175 0.808428 -1.282266
v 0.659433 0.808428 -0.527955
v 0.659433 0.808428 -1.282266
v 1.212691 0.808428 -0.527955
v 1.212691 0.808428 -1.282266
v 0.106175 0.808428 -0.532018
v 0.106175 0.808428 -1.278203
v 0.659433 0.808428 -0.532018
v 0.659433 0.808428 -1.278203
v 1.212691 0.808428 -0.532018
v 1.212691 0.808428 -1.278203
v 0.101763 0.708780 -0.532018
v 0.101763 0.708780 -1.278203
v 0.655021 0.708780 -0.532018
v 0.655021 0.708780 -1.278203
v 1.208279 0.708780 -0.532018
v 1.208279 0.708780 -1.278203
v 0.101763 0.708780 -0.527955
v 0.101763 0.708780 -1.282266
v 0.655021 0.708780 -0.527955
v 0.655021 0.708780 -1.282266
v 1.208279 0.708780 -0.527955
v 1.208279 0.708780 -1.282266
v 0.106175 0.708780 -0.527955
v 0.106175 0.708780 -1.282266
v 0.659433 0.708780 -0.527955
v 0.659433 0.708780 -1.282266
v 1.212691 0.708780 -0.527955
v 1.212691 0.708780 -1.282266
v 0.106175 0.708780 -0.532018
v 0.106175 0.708780 -1.278203
v 0.659433 0.708780 -0.532018
v 0.659433 0.708780 -1.278203
v 1.212691 0.708780 -0.532018
v 1.212691 0.708780 -1.278203
v 0.117536 0.453752 -0.532018
v 0.117536 0.453752 -1.278203
v 0.670794 0.453752 -0.532018
v 0.670794 0.453752 -1.278203
v 1.224052 0.453752 -0.532018
v 1.224052 0.453752 -1.278203
v 0.117536 0.453752 -0.527955
v 0.117536 0.453752 -1.282266
v 0.670794 0.453752 -0.527955
v 0.670794 0.453752 -1.282266
v 1.224052 0.453752 -0.527955
v 1.224052 0.453752 -1.282266
v 0.117536 0.450336 -0.527955
v 0.117536 0.450336 -1.282266
v 0.670794 0.450336 -0.527955
v 0.670794 0.450336 -1.282266
v 1.224052 0.450336 -0.527955
v 1.224052 0.450336 -1.282266
v 0.117536 0.450336 -0.532018
v 0.117536 0.450336 -1.278203
v 0.670794 0.450336 -0.532018
v 0.670794 0.450336 -1.278203
v 1.224052 0.450336 -0.532018
v 1.224052 0.450336 -1.278203
v 0.033222 0.453752 -0.532018
v 0.033222 0.453752 -1.278203
v 0.586480 0.453752 -0.532018
v 0.586480 0.453752 -1.278203
v 1.139738 0.453752 -0.532018
v 1.139738 0.453752 -1.278203
v 0.033222 0.453752 -0.527955
v 0.033222 0.453752 -1.282266
v 0.586480 0.453752 -0.527955
v 0.586480 0.453752 -1.282266
v 1.139738 0.453752 -0.527955
v 1.139738 0.453752 -1.282266
v 0.033222 0.450336 -0.527955
v 0.033222 0.450336 -1.282266
v 0.586480 0.450336 -0.527955
v 0.586480 0.450336 -1.282266
v 1.139738 0.450336 -0.527955
v 1.139738 0.450336 -1.282266
v 0.033222 0.450336 -0.532018
v 0.033222 0.450336 -1.278203
v 0.586480 0.450336 -0.532018
v 0.586480 0.450336 -1.278203
v 1.139738 0.450336 -0.532018
v 1.139738 0.450336 -1.278203
v 0.033222 0.415365 -0.532018
v 0.033222 0.415365 -1.278203
v 0.586480 0.415365 -0.532018
v 0.586480 0.415365 -1.278203
v 1.139738 0.415365 -0.532018
v 1.139738 0.415365 -1.278203
v 0.033222 0.415365 -0.527955
v 0.033222 0.415365 -1.282266
v 0.586480 0.415365 -0.527955
v 0.586480 0.415365 -1.282266
v 1.139738 0.415365 -0.527955
v 1.139738 0.415365 -1.282266
v 0.033222 0.418781 -0.527955
v 0.033222 0.418781 -1.282266
v 0.586480 0.418781 -0.527955
v 0.586480 0.418781 -1.282266
v 1.139738 0.418781 -0.527955
v 1.139738 0.418781 -1.282266
v 0.033222 0.418781 -0.532018
v 0.033222 0.418781 -1.278203
v 0.586480 0.418781 -0.532018
v 0.586480 0.418781 -1.278203
v 1.139738 0.418781 -0.532018
v 1.139738 0.418781 -1.278203
v 0.117536 0.415365 -0.532018
v 0.117536 0.415365 -1.278203
v 0.670794 0.415365 -0.532018
v 0.670794 0.415365 -1.278203
v 1.224052 0.415365 -0.532018
v 1.224052 0.415365 -1.278203
v 0.117536 0.415365 -0.527955
v 0.117536 0.415365 -1.282266
v 0.670794 0.415365 -0.527955
v 0.670794 0.415365 -1.282266
v 1.224052 0.415365 -0.527955
v 1.224052 0.415365 -1.282266
v 0.117536 0.418781 -0.527955
v 0.117536 0.418781 -1.282266
v 0.670794 0.418781 -0.527955
v 0.670794 0.418781 -1.282266
v 1.224052 0.418781 -0.527955
v 1.224052 0.418781 -1.282266
v 0.117536 0.418781 -0.532018
v 0.117536 0.418781 -1.278203
v 0.670794 0.418781 -0.532018
v 0.670794 0.418781 -1.278203
v 1.224052 0.418781 -0.532018
v 1.224052 0.418781 -1.278203
v 0.057067 0.395853 -0.532018
v 0.057067 0.395853 -1.278203
v 0.610325 0.395853 -0.532018
v 0.610325 0.395853 -1.278203
v 1.163583 0.395853 -0.532018
v 1.163583 0.395853 -1.278203
v 0.057067 0.395853 -0.527955
v 0.057067 0.395853 -1.282266
v 0.610325 0.395853 -0.527955
v 0.610325 0.395853 -1.282266
v 1.163583 0.395853 -0.527955
v 1.163583 0.395853 -1.282266
v 0.053103 0.395853 -0.527955
v 0.053103 0.395853 -1.282266
v 0.606361 0.395853 -0.527955
v 0.606361 0.395853 -1.282266
v 1.159618 0.395853 -0.527955
v 1.159618 0.395853 -1.282266
v 0.053103 0.395853 -0.532018
v 0.053103 0.395853 -1.278203
v 0.606361 0.395853 -0.532018
v 0.606361 0.395853 -1.278203
v 1.159618 0.395853 -0.532018
v 1.159618 0.395853 -1.278203
v 0.057067 0.473265 -0.532018
v 0.057067 0.473265 -1.278203
v 0.610325 0.473265 -0.532018
v 0.610325 0.473265 -1.278203
v 1.163583 0.473265 -0.532018
v 1.163583 0.473265 -1.278203
v 0.057067 0.473265 -0.527955
v 0.057067 0.473265 -1.282266
v 0.610325 0.473265 -0.527955
v 0.610325 0.473265 -1.282266
v 1.163583 0.473265 -0.527955
v 1.163583 0.473265 -1.282266
v 0.053103 0.473265 -0.527955
v 0.053103 0.473265 -1.282266
v 0.606361 0.473265 -0.527955
v 0.606361 0.473265 -1.282266
v 1.159618 0.473265 -0.527955
v 1.159618 0.473265 -1.282266
v 0.053103 0.473265 -0.532018
v 0.053103 0.473265 -1.278203
v 0.606361 0.473265 -0.532018
v 0.606361 0.473265 -1.278203
v 1.159618 0.473265 -0.532018
v 1.159618 0.473265 -1.278203
v 0.093691 0.473265 -0.532018
v 0.093691 0.473265 -1.278203
v 0.646949 0.473265 -0.532018
v 0.646949 0.473265 -1.278203
v 1.200207 0.473265 -0.532018
v 1.200207 0.473265 -1.278203
v 0.093691 0.473265 -0.527955
v 0.093691 0.473265 -1.282266
v 0.646949 0.473265 -0.527955
v 0.646949 0.473265 -1.282266
v 1.200207 0.473265 -0.527955
v 1.200207 0.473265 -1.282266
v 0.097655 0.473265 -0.527955
v 0.097655 0.473265 -1.282266
v 0.650913 0.473265 -0.527955
v 0.650913 0.473265 -1.282266
v 1.204171 0.473265 -0.527955
v 1.204171 0.473265 -1.282266
v 0.097655 0.473265 -0.532018
v 0.097655 0.473265 -1.278203
v 0.650913 0.473265 -0.532018
v 0.650913 0.473265 -1.278203
v 1.204171 0.473265 -0.532018
v 1.204171 0.473265 -1.278203
v 0.093691 0.395853 -0.532018
v 0.093691 0.395853 -1.278203
v 0.646949 0.395853 -0.532018
v 0.646949 0.395853 -1.278203
v 1.200207 0.395853 -0.532018
v 1.200207 0.395853 -1.278203
v 0.093691 0.395853 -0.527955
v 0.093691 0.395853 -1.282266
v 0.646949 0.395853 -0.527955
v 0.646949 0.395853 -1.282266
v 1.200207 0.395853 -0.527955
v 1.200207 0.395853 -1.282266
v 0.097655 0.395853 -0.527955
v 0.097655 0.395853 -1.282266
v 0.650913 0.395853 -0.527955
v 0.650913 0.395853 -1.282266
v 1.204171 0.395853 -0.527955
v 1.204171 0.395853 -1.282266
v 0.097655 0.395853 -0.532018
v 0.097655 0.395853 -1.278203
v 0.650913 0.395853 -0.532018
v 0.650913 0.395853 -1.278203
v 1.204171 0.395853 -0.532018
v 1.204171 0.395853 -1.278203
v 0.072633 0.482226 -0.532018
v 0.072633 0.482226 -1.278203
v 0.625891 0.482226 -0.532018
v 0.625891 0.482226 -1.278203
v 1.179149 0.482226 -0.532018
v 1.179149 0.482226 -1.278203
v 0.072633 0.482226 -0.527955
v 0.072633 0.482226 -1.282266
v 0.625891 0.482226 -0.527955
v 0.625891 0.482226 -1.282266
v 1.179149 0.482226 -0.527955
v 1.179149 0.482226 -1.282266
v 0.076598 0.482226 -0.527955
v 0.076598 0.482226 -1.282266
v 0.629856 0.482226 -0.527955
v 0.629856 0.482226 -1.282266
v 1.183114 0.482226 -0.527955
v 1.183114 0.482226 -1.282266
v 0.076598 0.482226 -0.532018
v 0.076598 0.482226 -1.278203
v 0.629856 0.482226 -0.532018
v 0.629856 0.482226 -1.278203
v 1.183114 0.482226 -0.532018
v 1.183114 0.482226 -1.278203
v 0.072633 0.450538 -0.532018
v 0.072633 0.450538 -1.278203
v 0.625891 0.450538 -0.532018
v 0.625891 0.450538 -1.278203
v 1.179149 0.450538 -0.532018
v 1.179149 0.450538 -1.278203
v 0.072633 0.450538 -0.527955
v 0.072633 0.450538 -1.282266
v 0.625891 0.450538 -0.527955
v 0.625891 0.450538 -1.282266
v 1.179149 0.450538 -0.527955
v 1.179149 0.450538 -1.282266
v 0.076598 0.450538 -0.527955
v 0.076598 0.450538 -1.282266
v 0.629856 0.450538 -0.527955
v 0.629856 0.450538 -1.282266
v 1.183114 0.450538 -0.527955
v 1.183114 0.450538 -1.282266
v 0.076598 0.450538 -0.532018
v 0.076598 0.450538 -1.278203
v 0.629856 0.450538 -0.532018
v 0.629856 0.450538 -1.278203
v 1.183114 0.450538 -0.532018
v 1.183114 0.450538 -1.278203
v 0.076598 0.393431 -0.532018
v 0.076598 0.393431 -1.278203
v 0.629856 0.393431 -0.532018
v 0.629856 0.393431 -1.278203
v 1.183114 0.393431 -0.532018
v 1.183114 0.393431 -1.278203
v 0.076598 0.393431 -0.527955
v 0.076598 0.393431 -1.282266
v 0.629856 0.393431 -0.527955
v 0.629856 0.393431 -1.282266
v 1.183114 0.393431 -0.527955
v 1.183114 0.393431 -1.282266
v 0.072633 0.393431 -0.527955
v 0.072633 0.393431 -1.282266
v 0.625891 0.393431 -0.527955
v 0.625891 0.393431 -1.282266
v 1.179149 0.393431 -0.527955
v 1.179149 0.393431 -1.282266
v 0.072633 0.393431 -0.532018
v 0.072633 0.393431 -1.278203
v 0.625891 0.393431 -0.532018
v 0.625891 0.393431 -1.278203
v 1.179149 0.393431 -0.532018
v 1.179149 0.393431 -1.278203
v 0.076598 0.417174 -0.532018
v 0.076598 0.417174 -1.278203
v 0.629856 0.417174 -0.532018
v 0.629856 0.417174 -1.278203
v 1.183114 0.417174 -0.532018
v 1.183114 0.417174 -1.278203
v 0.076598 0.417174 -0.527955
v 0.076598 0.417174 -1.282266
v 0.629856 0.417174 -0.527955
v 0.629856 0.417174 -1.282266
v 1.183114 0.417174 -0.527955
v 1.183114 0.417174 -1.282266
v 0.072633 0.417174 -0.527955
v 0.072633 0.417174 -1.282266
v 0.625891 0.417174 -0.527955
v 0.625891 0.417174 -1.282266
v 1.179149 0.417174 -0.527955
v 1.179149 0.417174 -1.282266
v 0.072633 0.417174 -0.532018
v 0.072633 0.417174 -1.278203
v 0.625891 0.417174 -0.532018
v 0.625891 0.417174 -1.278203
v 1.179149 0.417174 -0.532018
v 1.179149 0.417174 -1.278203
v -0.404608 0.417405 -0.664897
v -0.404608 0.417405 -1.145325
v -0.404608 0.435890 -0.664897
v -0.404608 0.435890 -1.145325
v -0.404608 0.454375 -0.664897
v -0.404608 0.454375 -1.145325
v -0.404608 0.008673 -0.905111
v -0.404608 0.008673 -0.850862
v -0.404608 0.008673 -0.959360
v -0.358077 1.132774 -0.905111
v -0.404608 0.398920 -0.664897
v -0.404608 0.398920 -1.145325
v -0.404608 0.008673 -0.664897
v -0.404608 0.008673 -1.145325
v -0.392734 0.945084 -0.661344
v -0.392734 0.945084 -1.148878
v -0.404608 0.937723 -0.635834
v -0.404608 0.937723 -1.174387
v -0.404608 0.929989 -0.635834
v -0.404608 0.929989 -1.174387
v -0.404608 0.927095 -0.664897
v -0.404608 0.927095 -1.145325
v -0.404608 0.472860 -0.664897
v -0.404608 0.472860 -1.145325
v -0.404608 0.678032 -0.664897
v -0.404608 0.678032 -1.145325
v -0.404608 0.807053 -0.664897
v -0.404608 0.807053 -1.145325
v -0.460351 0.807053 -0.827744
v -0.460351 0.807053 -0.982477
v -0.460351 0.678032 -0.827744
v -0.460351 0.678032 -0.982477
v -0.460351 0.472860 -0.827744
v -0.460351 0.472860 -0.982477
v -0.460351 0.927095 -0.827744
v -0.460351 0.927095 -0.982477
v -0.485619 0.929989 -0.798681
v -0.485619 0.929989 -1.011540
v -0.485619 0.937723 -0.798681
v -0.485619 0.937723 -1.011540
v -0.439777 0.954608 -0.824191
v -0.439777 0.954608 -0.986031
v -0.460351 0.008673 -0.827744
v -0.460351 0.008673 -0.982477
v -0.460351 0.398920 -0.827744
v -0.460351 0.398920 -0.982477
v -0.413938 1.014399 -0.905111
v -0.460351 0.807053 -0.905111
v -0.460351 0.678032 -0.905111
v -0.452599 0.948678 -0.905111
v -0.485619 0.937723 -0.905111
v -0.485619 0.929989 -0.905111
v -0.460351 0.927095 -0.905111
v -0.460351 0.008673 -0.905111
v -0.460351 0.398920 -0.905111
v -0.460351 0.472860 -0.905111
v -0.460351 0.454375 -0.827744
v -0.460351 0.454375 -0.982477
v -0.460351 0.435890 -0.827744
v -0.460351 0.435890 -0.982477
v -0.460351 0.417405 -0.827744
v -0.460351 0.417405 -0.982477
v -0.460351 0.454375 -0.905111
v -0.460351 0.417405 -0.905111
v -0.460351 0.435890 -0.905111
v 1.478441 0.947855 -0.717369
v 1.478441 0.947855 -1.092852
v 1.478441 0.947855 -0.864011
v 1.478441 0.947855 -0.946210
v 1.478441 0.947855 -0.905111
v 1.478441 0.927095 -0.905111
v 1.478441 0.927095 -0.864900
v 1.478441 0.927095 -0.945322
v 1.478441 0.927095 -0.719146
v 1.478441 0.927095 -1.091076
v 1.478441 0.947855 -0.529628
v 1.478441 0.947855 -1.280594
v 1.478441 0.927095 -0.533181
v 1.478441 0.927095 -1.277040
v 1.478441 0.937723 -0.504118
v 1.478441 0.937723 -1.306103
v 1.478441 0.929989 -0.504118
v 1.478441 0.929989 -1.306103
v 1.478441 0.937723 -0.857634
v 1.478441 0.937723 -0.952587
v 1.478441 0.937723 -0.704615
v 1.478441 0.937723 -1.105607
v 1.478441 0.937723 -0.905111
v 1.478441 0.929989 -0.857634
v 1.478441 0.929989 -0.952587
v 1.478441 0.929989 -0.704615
v 1.478441 0.929989 -1.105607
v 1.478441 0.929989 -0.905111
v 1.454841 0.485129 -0.856184
v 1.454841 0.485129 -0.954038
v 1.454841 0.665763 -0.856184
v 1.454841 0.665763 -0.954038
v 1.454841 0.485129 -0.727862
v 1.454841 0.485129 -1.082360
v 1.454841 0.665763 -0.727862
v 1.454841 0.665763 -1.082360
v 1.427662 0.665763 -0.727862
v 1.427662 0.665763 -1.082360
v 1.427662 0.665763 -0.856184
v 1.427662 0.665763 -0.954038
v 1.427662 0.485129 -0.856184
v 1.427662 0.485129 -0.954038
v 1.427662 0.485129 -0.727862
v 1.427662 0.485129 -1.082360
v 2.390112 0.007150 -1.765099
v 2.390112 0.007150 0.003122
v -1.374774 0.007150 0.003122
v -1.374773 0.007150 -1.765100
v 2.390113 0.042667 -1.765099
v 2.390110 0.042667 0.003122
v -1.374774 0.042667 0.003122
v -1.374774 0.042667 -1.765099
v -0.188705 0.807053 -0.629223
v -0.188705 0.807053 -1.180999
v -0.492292 0.805502 -0.629223
v -0.492292 0.805502 -1.180999
v -0.589301 0.805502 -0.629223
v -0.589301 0.805502 -1.180999
v -0.188705 0.678032 -0.629223
v -0.188705 0.678032 -1.180999
v -0.492292 0.705599 -0.629223
v -0.492292 0.705599 -1.180999
v -0.589301 0.705599 -0.629223
v -0.589301 0.705599 -1.180999
v -0.501508 0.710594 -0.629223
v -0.501508 0.710594 -1.180999
v -0.580085 0.710594 -0.629223
v -0.580085 0.710594 -1.180999
v -0.580085 0.800507 -0.629223
v -0.580085 0.800507 -1.180999
v -0.501508 0.800507 -0.629223
v -0.501508 0.800507 -1.180999
v -0.580085 0.800507 -0.623596
v -0.580085 0.800507 -1.186625
v -0.501508 0.800507 -0.623596
v -0.501508 0.800507 -1.186625
v -0.501508 0.710594 -0.623596
v -0.501508 0.710594 -1.186625
v -0.580085 0.710594 -0.623596
v -0.580085 0.710594 -1.186625
v -0.492292 0.705599 -0.623596
v -0.492292 0.705599 -1.186625
v -0.589301 0.705599 -0.623596
v -0.589301 0.705599 -1.186625
v -0.589301 0.805502 -0.623596
v -0.589301 0.805502 -1.186625
v -0.492292 0.805502 -0.623596
v -0.492292 0.805502 -1.186625
v -0.741963 0.807053 -0.629223
v -0.741963 0.807053 -1.180999
v -0.741963 0.678032 -0.629223
v -0.741963 0.678032 -1.180999
v -0.613554 0.805502 -0.629223
v -0.613554 0.805502 -1.180999
v -0.613554 0.705599 -0.629223
v -0.613554 0.705599 -1.180999
v -0.473718 0.805502 -0.629223
v -0.473718 0.805502 -1.180999
v -0.473718 0.705599 -0.629223
v -0.473718 0.705599 -1.180999
v -0.741963 0.472860 -0.629223
v -0.741963 0.472860 -1.180999
v -0.188705 0.678032 -0.905111
v -0.188705 0.807053 -0.905111
v -0.188705 0.927095 -0.905111
v -0.490127 0.927095 -0.629223
v -0.490127 0.927095 -1.180999
v -0.597144 0.927095 -0.629223
v -0.597144 0.927095 -1.180999
v -0.741963 0.927095 -0.629223
v -0.741963 0.927095 -1.180999
v -0.578584 0.927095 -0.629223
v -0.578584 0.927095 -1.180999
v -0.504342 0.927095 -0.629223
v -0.504342 0.927095 -1.180999
v -0.188705 0.927095 -0.629223
v -0.188705 0.927095 -1.180999
v -0.188705 0.929989 -0.608255
v -0.188705 0.929989 -1.201966
v -0.504342 0.929989 -0.608255
v -0.504342 0.929989 -1.201966
v -0.578584 0.929989 -0.608255
v -0.578584 0.929989 -1.201966
v -0.741963 0.929989 -0.608255
v -0.741963 0.929989 -1.201966
v -0.597144 0.929989 -0.608255
v -0.597144 0.929989 -1.201966
v -0.490127 0.929989 -0.608255
v -0.490127 0.929989 -1.201966
v -0.188705 0.929989 -0.905111
v -0.188705 0.937723 -0.905111
v -0.490127 0.937723 -0.608255
v -0.490127 0.937723 -1.201966
v -0.597144 0.937723 -0.608255
v -0.597144 0.937723 -1.201966
v -0.741963 0.937723 -0.608255
v -0.741963 0.937723 -1.201966
v -0.578584 0.937723 -0.608255
v -0.578584 0.937723 -1.201966
v -0.504342 0.937723 -0.608255
v -0.504342 0.937723 -1.201966
v -0.188705 0.937723 -0.608255
v -0.188705 0.937723 -1.201966
v -0.188705 0.947855 -0.626659
v -0.188705 0.947855 -1.183562
v -0.504342 0.947855 -0.626659
v -0.504342 0.947855 -1.183562
v -0.578584 0.947855 -0.626659
v -0.578584 0.947855 -1.183562
v -0.741963 0.947855 -0.626659
v -0.741963 0.947855 -1.183562
v -0.597144 0.947855 -0.626659
v -0.597144 0.947855 -1.183562
v -0.490127 0.947855 -0.626659
v -0.490127 0.947855 -1.183562
v -0.188705 0.947855 -0.905111
v -0.490127 1.499011 -0.888718
v -0.490127 1.499011 -0.921503
v -0.597144 1.499011 -0.888718
v -0.597144 1.499011 -0.921503
v -0.741963 1.499011 -0.888718
v -0.741963 1.499011 -0.921503
v -0.578584 1.499011 -0.888718
v -0.578584 1.499011 -0.921503
v -0.504342 1.499011 -0.888718
v -0.504342 1.499011 -0.921503
v -0.188705 1.499011 -0.888718
v -0.188705 1.499011 -0.921503
v -0.188705 0.472860 -0.905111
v -0.188705 0.398920 -0.905111
v -0.188705 0.008673 -0.905111
v -0.188705 0.008673 -0.629223
v -0.188705 0.008673 -1.180999
v -0.504342 0.008673 -0.629223
v -0.504342 0.008673 -1.180999
v -0.578584 0.008673 -0.629223
v -0.578584 0.008673 -1.180999
v -0.741963 0.008673 -0.629223
v -0.741963 0.008673 -1.180999
v -0.597144 0.008673 -0.629223
v -0.597144 0.008673 -1.180999
v -0.490127 0.008673 -0.629223
v -0.490127 0.008673 -1.180999
v -0.490127 0.398920 -0.629223
v -0.490127 0.398920 -1.180999
v -0.490127 0.472860 -0.629223
v -0.490127 0.472860 -1.180999
v -0.597144 0.398920 -0.629223
v -0.597144 0.398920 -1.180999
v -0.597144 0.472860 -0.629223
v -0.597144 0.472860 -1.180999
v -0.741963 0.398920 -0.629223
v -0.741963 0.398920 -1.180999
v -0.504342 0.472860 -0.623596
v -0.504342 0.472860 -1.186625
v -0.578584 0.472860 -0.623596
v -0.578584 0.472860 -1.186625
v -0.578584 0.398920 -0.623596
v -0.578584 0.398920 -1.186625
v -0.504342 0.398920 -0.623596
v -0.504342 0.398920 -1.186625
v -0.571531 0.406406 -0.623596
v -0.571531 0.406406 -1.186625
v -0.511395 0.406406 -0.623596
v -0.511395 0.406406 -1.186625
v -0.511395 0.465375 -0.623596
v -0.511395 0.465375 -1.186625
v -0.571531 0.465375 -0.623596
v -0.571531 0.465375 -1.186625
v -0.511395 0.465375 -0.629223
v -0.511395 0.465375 -1.180999
v -0.571531 0.465375 -0.629223
v -0.571531 0.465375 -1.180999
v -0.571531 0.406406 -0.629223
v -0.571531 0.406406 -1.180999
v -0.511395 0.406406 -0.629223
v -0.511395 0.406406 -1.180999
v -0.578584 0.398920 -0.629223
v -0.578584 0.398920 -1.180999
v -0.504342 0.398920 -0.629223
v -0.504342 0.398920 -1.180999
v -0.188705 0.398920 -0.629223
v -0.188705 0.398920 -1.180999
v -0.578584 0.472860 -0.629223
v -0.578584 0.472860 -1.180999
v -0.504342 0.472860 -0.629223
v -0.504342 0.472860 -1.180999
v -0.188705 0.472860 -0.629223
v -0.188705 0.472860 -1.180999
v -0.504342 1.499011 -0.905111
v -0.597144 1.499011 -0.905111
v -0.188705 0.927095 -0.763389
v -0.188705 0.927095 -1.046832
v -0.188705 0.929989 -0.752905
v -0.188705 0.929989 -1.057316
v -0.188705 0.937723 -0.752905
v -0.188705 0.937723 -1.057316
v -0.188705 0.947855 -0.762107
v -0.188705 0.947855 -1.048114
v -0.188705 0.472860 -0.763389
v -0.188705 0.472860 -1.046832
v -0.188705 0.008673 -0.763389
v -0.188705 0.008673 -1.046832
v -0.578584 1.499011 -0.892844
v -0.578584 1.499011 -0.917377
v -0.504342 1.499011 -0.892844
v -0.504342 1.499011 -0.917377
v -0.741963 1.499011 -0.892844
v -0.741963 1.499011 -0.917377
v -0.597144 1.499011 -0.892844
v -0.597144 1.499011 -0.917377
v -0.490127 1.499011 -0.892844
v -0.490127 1.499011 -0.917377
v -0.188705 1.499011 -0.898234
v -0.188705 1.499011 -0.911988
v -0.188705 0.927095 -0.868545
v -0.188705 0.927095 -0.941677
v -0.188705 0.929989 -0.863303
v -0.188705 0.929989 -0.946919
v -0.188705 0.937723 -0.863303
v -0.188705 0.937723 -0.946919
v -0.188705 0.947855 -0.867904
v -0.188705 0.947855 -0.942318
v -0.188705 0.472860 -0.868545
v -0.188705 0.472860 -0.941677
v -0.578584 1.499011 -0.905111
v -0.741963 1.499011 -0.905111
v -0.490127 1.499011 -0.905111
v -0.188705 1.499011 -0.905111
v -0.188705 0.398920 -0.868545
v -0.188705 0.398920 -0.941677
v -0.188705 0.008673 -0.868545
v -0.188705 0.008673 -0.941677
v -0.188705 0.678032 -0.868545
v -0.188705 0.678032 -0.941677
v -0.188705 0.807053 -0.868545
v -0.188705 0.807053 -0.941677
v -0.188705 0.807053 -0.763389
v -0.188705 0.807053 -1.046832
v -0.188705 0.398920 -0.763389
v -0.188705 0.398920 -1.046832
v -0.188705 0.678032 -0.763389
v -0.188705 0.678032 -1.046832
v -0.741963 0.008673 -0.867715
v -0.741963 0.008673 -0.942506
v -0.741963 0.008673 -0.763389
v -0.741963 0.008673 -1.046832
v -0.741963 0.008673 -0.905111
v -0.516544 0.705599 -0.629223
v -0.516544 0.705599 -1.180999
v -0.540797 0.705599 -0.629223
v -0.540797 0.705599 -1.180999
v -0.565049 0.705599 -0.629223
v -0.565049 0.705599 -1.180999
v -0.521152 0.710594 -0.629223
v -0.521152 0.710594 -1.180999
v -0.540797 0.710594 -0.629223
v -0.540797 0.710594 -1.180999
v -0.560441 0.710594 -0.629223
v -0.560441 0.710594 -1.180999
v -0.521152 0.710594 -0.623596
v -0.521152 0.710594 -1.186625
v -0.540797 0.710594 -0.623596
v -0.540797 0.710594 -1.186625
v -0.560441 0.710594 -0.623596
v -0.560441 0.710594 -1.186625
v -0.516544 0.705599 -0.623596
v -0.516544 0.705599 -1.186625
v -0.540797 0.705599 -0.623596
v -0.540797 0.705599 -1.186625
v -0.565049 0.705599 -0.623596
v -0.565049 0.705599 -1.186625
v -0.522903 0.482440 -0.623596
v -0.522903 0.482440 -1.186625
v -0.541463 0.486750 -0.623596
v -0.541463 0.486750 -1.186625
v -0.560023 0.482440 -0.623596
v -0.560023 0.482440 -1.186625
v -0.526429 0.473015 -0.623596
v -0.526429 0.473015 -1.186625
v -0.541463 0.476453 -0.623596
v -0.541463 0.476453 -1.186625
v -0.556497 0.473015 -0.623596
v -0.556497 0.473015 -1.186625
v -0.526429 0.473015 -0.629223
v -0.526429 0.473015 -1.180999
v -0.541463 0.476453 -0.629223
v -0.541463 0.476453 -1.180999
v -0.556497 0.473015 -0.629223
v -0.556497 0.473015 -1.180999
v -0.560023 0.482440 -0.629223
v -0.560023 0.482440 -1.180999
v -0.541463 0.486750 -0.629223
v -0.541463 0.486750 -1.180999
v -0.522903 0.482440 -0.629223
v -0.522903 0.482440 -1.180999
v -0.597144 0.417405 -0.629223
v -0.597144 0.417405 -1.180999
v -0.603613 0.435890 -0.629223
v -0.603613 0.435890 -1.180999
v -0.597144 0.454375 -0.629223
v -0.597144 0.454375 -1.180999
v -0.587827 0.455567 -0.623596
v -0.587827 0.455567 -1.186625
v -0.594614 0.435890 -0.623596
v -0.594614 0.435890 -1.186625
v -0.587831 0.413037 -0.623596
v -0.587831 0.413037 -1.186625
v -0.579079 0.416780 -0.623596
v -0.579079 0.416780 -1.186625
v -0.584466 0.435890 -0.623596
v -0.584466 0.435890 -1.186625
v -0.579075 0.451824 -0.623596
v -0.579075 0.451824 -1.186625
v -0.579075 0.451824 -0.629223
v -0.579075 0.451824 -1.180999
v -0.584466 0.435890 -0.629223
v -0.584466 0.435890 -1.180999
v -0.579079 0.416780 -0.629223
v -0.579079 0.416780 -1.180999
v -0.587831 0.413037 -0.629223
v -0.587831 0.413037 -1.180999
v -0.594614 0.435890 -0.629223
v -0.594614 0.435890 -1.180999
v -0.587827 0.455567 -0.629223
v -0.587827 0.455567 -1.180999
v -0.741963 0.454375 -0.629223
v -0.741963 0.454375 -1.180999
v -0.741963 0.435890 -0.629223
v -0.741963 0.435890 -1.180999
v -0.741963 0.417405 -0.629223
v -0.741963 0.417405 -1.180999
v -0.188705 0.454375 -0.905111
v -0.188705 0.435890 -0.905111
v -0.188705 0.417405 -0.905111
v -0.486716 0.413037 -0.629223
v -0.486716 0.413037 -1.180999
v -0.483659 0.435890 -0.629223
v -0.483659 0.435890 -1.180999
v -0.486721 0.455567 -0.629223
v -0.486721 0.455567 -1.180999
v -0.495705 0.455567 -0.623596
v -0.495705 0.455567 -1.186625
v -0.487787 0.435890 -0.623596
v -0.487787 0.435890 -1.186625
v -0.495701 0.413037 -0.623596
v -0.495701 0.413037 -1.186625
v -0.504453 0.416780 -0.623596
v -0.504453 0.416780 -1.186625
v -0.497935 0.435890 -0.623596
v -0.497935 0.435890 -1.186625
v -0.504456 0.451824 -0.623596
v -0.504456 0.451824 -1.186625
v -0.504456 0.451824 -0.629223
v -0.504456 0.451824 -1.180999
v -0.497935 0.435890 -0.629223
v -0.497935 0.435890 -1.180999
v -0.504453 0.416780 -0.629223
v -0.504453 0.416780 -1.180999
v -0.495701 0.413037 -0.629223
v -0.495701 0.413037 -1.180999
v -0.487787 0.435890 -0.629223
v -0.487787 0.435890 -1.180999
v -0.495705 0.455567 -0.629223
v -0.495705 0.455567 -1.180999
v -0.188705 0.417405 -0.629223
v -0.188705 0.417405 -1.180999
v -0.188705 0.435890 -0.629223
v -0.188705 0.435890 -1.180999
v -0.188705 0.454375 -0.629223
v -0.188705 0.454375 -1.180999
v -0.188705 0.454375 -0.763389
v -0.188705 0.454375 -1.046832
v -0.188705 0.435890 -0.763389
v -0.188705 0.435890 -1.046832
v -0.188705 0.417405 -0.763389
v -0.188705 0.417405 -1.046832
v -0.188705 0.454375 -0.868545
v -0.188705 0.454375 -0.941677
v -0.188705 0.435890 -0.868545
v -0.188705 0.435890 -0.941677
v -0.188705 0.417405 -0.868545
v -0.188705 0.417405 -0.941677
v -0.522903 0.008673 -0.629223
v -0.522903 0.008673 -1.180999
v -0.541463 0.008673 -0.629223
v -0.541463 0.008673 -1.180999
v -0.560023 0.008673 -0.629223
v -0.560023 0.008673 -1.180999
v -0.560023 0.389341 -0.623596
v -0.560023 0.389341 -1.186625
v -0.541463 0.385031 -0.623596
v -0.541463 0.385031 -1.186625
v -0.522903 0.389341 -0.623596
v -0.522903 0.389341 -1.186625
v -0.556497 0.398766 -0.623596
v -0.556497 0.398766 -1.186625
v -0.541463 0.395328 -0.623596
v -0.541463 0.395328 -1.186625
v -0.526429 0.398766 -0.623596
v -0.526429 0.398766 -1.186625
v -0.556497 0.398766 -0.629223
v -0.556497 0.398766 -1.180999
v -0.541463 0.395328 -0.629223
v -0.541463 0.395328 -1.180999
v -0.526429 0.398766 -0.629223
v -0.526429 0.398766 -1.180999
v -0.560023 0.389341 -0.629223
v -0.560023 0.389341 -1.180999
v -0.541463 0.385031 -0.629223
v -0.541463 0.385031 -1.180999
v -0.522903 0.389341 -0.629223
v -0.522903 0.389341 -1.180999
v -0.516544 0.811701 -0.629223
v -0.516544 0.811701 -1.180999
v -0.540797 0.814357 -0.629223
v -0.540797 0.814357 -1.180999
v -0.565049 0.811701 -0.629223
v -0.565049 0.811701 -1.180999
v -0.560441 0.806706 -0.629223
v -0.560441 0.806706 -1.180999
v -0.540797 0.809362 -0.629223
v -0.540797 0.809362 -1.180999
v -0.521152 0.806706 -0.629223
v -0.521152 0.806706 -1.180999
v -0.560441 0.806706 -0.623596
v -0.560441 0.806706 -1.186625
v -0.540797 0.809362 -0.623596
v -0.540797 0.809362 -1.186625
v -0.521152 0.806706 -0.623596
v -0.521152 0.806706 -1.186625
v -0.565049 0.811701 -0.623596
v -0.565049 0.811701 -1.186625
v -0.540797 0.814357 -0.623596
v -0.540797 0.814357 -1.186625
v -0.516544 0.811701 -0.623596
v -0.516544 0.811701 -1.186625
v -0.560023 0.927096 -0.629223
v -0.560023 0.927096 -1.180999
v -0.541463 0.927096 -0.629223
v -0.541463 0.927096 -1.180999
v -0.522903 0.927096 -0.629223
v -0.522903 0.927096 -1.180999
v -0.522903 0.929991 -0.608255
v -0.522903 0.929991 -1.201966
v -0.541463 0.929991 -0.608255
v -0.541463 0.929991 -1.201966
v -0.560023 0.929991 -0.608255
v -0.560023 0.929991 -1.201966
v -0.560023 0.937724 -0.608255
v -0.560023 0.937724 -1.201966
v -0.541463 0.937724 -0.608255
v -0.541463 0.937724 -1.201966
v -0.522903 0.937724 -0.608255
v -0.522903 0.937724 -1.201966
v -0.522903 0.947856 -0.626659
v -0.522903 0.947856 -1.183562
v -0.541463 0.947856 -0.626659
v -0.541463 0.947856 -1.183562
v -0.560023 0.947856 -0.626659
v -0.560023 0.947856 -1.183562
v -0.560023 1.499012 -0.888718
v -0.560023 1.499012 -0.921503
v -0.541463 1.499012 -0.888718
v -0.541463 1.499012 -0.921503
v -0.522903 1.499012 -0.888718
v -0.522903 1.499012 -0.921503
v -0.560023 1.499012 -0.892844
v -0.560023 1.499012 -0.917377
v -0.541463 1.499012 -0.892844
v -0.541463 1.499012 -0.917377
v -0.522903 1.499012 -0.892844
v -0.522903 1.499012 -0.917377
v -0.522903 1.499012 -0.905111
v -0.541463 1.499012 -0.905111
v -0.560023 1.499012 -0.905111
v -0.533888 0.707958 -0.628384
v -0.533888 0.707958 -1.181837
v -0.533888 0.707958 -0.625452
v -0.533888 0.707958 -1.184769
v -0.547695 0.707958 -0.625452
v -0.547695 0.707958 -1.184769
v -0.547695 0.707958 -0.628384
v -0.547695 0.707958 -1.181837
v -0.533888 0.812067 -0.628384
v -0.533888 0.812067 -1.181837
v -0.533888 0.812067 -0.625452
v -0.533888 0.812067 -1.184769
v -0.547695 0.812067 -0.625452
v -0.547695 0.812067 -1.184769
v -0.547695 0.812067 -0.628384
v -0.547695 0.812067 -1.181837
v -0.498634 0.740714 -0.628384
v -0.498634 0.740714 -1.181837
v -0.498634 0.740714 -0.625452
v -0.498634 0.740714 -1.184769
v -0.498634 0.737298 -0.625452
v -0.498634 0.737298 -1.184769
v -0.498634 0.737298 -0.628384
v -0.498634 0.737298 -1.181837
v -0.582949 0.740714 -0.628384
v -0.582949 0.740714 -1.181837
v -0.582949 0.740714 -0.625452
v -0.582949 0.740714 -1.184769
v -0.582949 0.737298 -0.625452
v -0.582949 0.737298 -1.184769
v -0.582949 0.737298 -0.628384
v -0.582949 0.737298 -1.181837
v -0.582949 0.772269 -0.628384
v -0.582949 0.772269 -1.181837
v -0.582949 0.772269 -0.625452
v -0.582949 0.772269 -1.184769
v -0.582949 0.775685 -0.625452
v -0.582949 0.775685 -1.184769
v -0.582949 0.775685 -0.628384
v -0.582949 0.775685 -1.181837
v -0.498634 0.772269 -0.628384
v -0.498634 0.772269 -1.181837
v -0.498634 0.772269 -0.625452
v -0.498634 0.772269 -1.184769
v -0.498634 0.775685 -0.625452
v -0.498634 0.775685 -1.184769
v -0.498634 0.775685 -0.628384
v -0.498634 0.775685 -1.181837
v -0.564793 0.708780 -0.628384
v -0.564793 0.708780 -1.181837
v -0.564793 0.708780 -0.625452
v -0.564793 0.708780 -1.184769
v -0.569205 0.708780 -0.625452
v -0.569205 0.708780 -1.184769
v -0.569205 0.708780 -0.628384
v -0.569205 0.708780 -1.181837
v -0.564793 0.808428 -0.628384
v -0.564793 0.808428 -1.181837
v -0.564793 0.808428 -0.625452
v -0.564793 0.808428 -1.184769
v -0.569205 0.808428 -0.625452
v -0.569205 0.808428 -1.184769
v -0.569205 0.808428 -0.628384
v -0.569205 0.808428 -1.181837
v -0.514407 0.808428 -0.628384
v -0.514407 0.808428 -1.181837
v -0.514407 0.808428 -0.625452
v -0.514407 0.808428 -1.184769
v -0.509996 0.808428 -0.625452
v -0.509996 0.808428 -1.184769
v -0.509996 0.808428 -0.628384
v -0.509996 0.808428 -1.181837
v -0.514407 0.708780 -0.628384
v -0.514407 0.708780 -1.181837
v -0.514407 0.708780 -0.625452
v -0.514407 0.708780 -1.184769
v -0.509996 0.708780 -0.625452
v -0.509996 0.708780 -1.184769
v -0.509996 0.708780 -0.628384
v -0.509996 0.708780 -1.181837
v -0.498634 0.453752 -0.628384
v -0.498634 0.453752 -1.181837
v -0.498634 0.453752 -0.625452
v -0.498634 0.453752 -1.184769
v -0.498634 0.450336 -0.625452
v -0.498634 0.450336 -1.184769
v -0.498634 0.450336 -0.628384
v -0.498634 0.450336 -1.181837
v -0.582949 0.453752 -0.628384
v -0.582949 0.453752 -1.181837
v -0.582949 0.453752 -0.625452
v -0.582949 0.453752 -1.184769
v -0.582949 0.450336 -0.625452
v -0.582949 0.450336 -1.184769
v -0.582949 0.450336 -0.628384
v -0.582949 0.450336 -1.181837
v -0.582949 0.415365 -0.628384
v -0.582949 0.415365 -1.181837
v -0.582949 0.415365 -0.625452
v -0.582949 0.415365 -1.184769
v -0.582949 0.418781 -0.625452
v -0.582949 0.418781 -1.184769
v -0.582949 0.418781 -0.628384
v -0.582949 0.418781 -1.181837
v -0.498634 0.415365 -0.628384
v -0.498634 0.415365 -1.181837
v -0.498634 0.415365 -0.625452
v -0.498634 0.415365 -1.184769
v -0.498634 0.418781 -0.625452
v -0.498634 0.418781 -1.184769
v -0.498634 0.418781 -0.628384
v -0.498634 0.418781 -1.181837
v -0.559103 0.395853 -0.628384
v -0.559103 0.395853 -1.181837
v -0.559103 0.395853 -0.625452
v -0.559103 0.395853 -1.184769
v -0.563068 0.395853 -0.625452
v -0.563068 0.395853 -1.184769
v -0.563068 0.395853 -0.628384
v -0.563068 0.395853 -1.181837
v -0.559103 0.473265 -0.628384
v -0.559103 0.473265 -1.181837
v -0.559103 0.473265 -0.625452
v -0.559103 0.473265 -1.184769
v -0.563068 0.473265 -0.625452
v -0.563068 0.473265 -1.184769
v -0.563068 0.473265 -0.628384
v -0.563068 0.473265 -1.181837
v -0.522480 0.473265 -0.628384
v -0.522480 0.473265 -1.181837
v -0.522480 0.473265 -0.625452
v -0.522480 0.473265 -1.184769
v -0.518515 0.473265 -0.625452
v -0.518515 0.473265 -1.184769
v -0.518515 0.473265 -0.628384
v -0.518515 0.473265 -1.181837
v -0.522480 0.395853 -0.628384
v -0.522480 0.395853 -1.181837
v -0.522480 0.395853 -0.625452
v -0.522480 0.395853 -1.184769
v -0.518515 0.395853 -0.625452
v -0.518515 0.395853 -1.184769
v -0.518515 0.395853 -0.628384
v -0.518515 0.395853 -1.181837
v -0.543537 0.482226 -0.628384
v -0.543537 0.482226 -1.181837
v -0.543537 0.482226 -0.625452
v -0.543537 0.482226 -1.184769
v -0.539573 0.482226 -0.625452
v -0.539573 0.482226 -1.184769
v -0.539573 0.482226 -0.628384
v -0.539573 0.482226 -1.181837
v -0.543537 0.450538 -0.628384
v -0.543537 0.450538 -1.181837
v -0.543537 0.450538 -0.625452
v -0.543537 0.450538 -1.184769
v -0.539573 0.450538 -0.625452
v -0.539573 0.450538 -1.184769
v -0.539573 0.450538 -0.628384
v -0.539573 0.450538 -1.181837
v -0.539573 0.393431 -0.628384
v -0.539573 0.393431 -1.181837
v -0.539573 0.393431 -0.625452
v -0.539573 0.393431 -1.184769
v -0.543537 0.393431 -0.625452
v -0.543537 0.393431 -1.184769
v -0.543537 0.393431 -0.628384
v -0.543537 0.393431 -1.181837
v -0.539573 0.417174 -0.628384
v -0.539573 0.417174 -1.181837
v -0.539573 0.417174 -0.625452
v -0.539573 0.417174 -1.184769
v -0.543537 0.417174 -0.625452
v -0.543537 0.417174 -1.184769
v -0.543537 0.417174 -0.628384
v -0.543537 0.417174 -1.181837
v -0.941639 0.417405 -0.724250
v -0.941639 0.417405 -1.085971
v -0.941639 0.435890 -0.724250
v -0.941639 0.435890 -1.085971
v -0.941639 0.454375 -0.724250
v -0.941639 0.454375 -1.085971
v -0.941639 0.008673 -0.905111
v -0.941639 0.008673 -0.858417
v -0.941639 0.008673 -0.951805
v -0.895108 1.132774 -0.905111
v -0.941639 0.398920 -0.724250
v -0.941639 0.398920 -1.085971
v -0.941639 0.008673 -0.724250
v -0.941639 0.008673 -1.085971
v -0.929765 0.945084 -0.721687
v -0.929765 0.945084 -1.088534
v -0.941639 0.937723 -0.703283
v -0.941639 0.937723 -1.106939
v -0.941639 0.929989 -0.703283
v -0.941639 0.929989 -1.106939
v -0.941639 0.927095 -0.724250
v -0.941639 0.927095 -1.085971
v -0.941639 0.472860 -0.724250
v -0.941639 0.472860 -1.085971
v -0.941639 0.678032 -0.724250
v -0.941639 0.678032 -1.085971
v -0.941639 0.807053 -0.724250
v -0.941639 0.807053 -1.085971
v -0.997382 0.807053 -0.841738
v -0.997382 0.807053 -0.968483
v -0.997382 0.678032 -0.841738
v -0.997382 0.678032 -0.968483
v -0.997382 0.472860 -0.841738
v -0.997382 0.472860 -0.968483
v -0.997382 0.927095 -0.841738
v -0.997382 0.927095 -0.968483
v -1.022650 0.929989 -0.820771
v -1.022650 0.929989 -0.989451
v -1.022650 0.937723 -0.820771
v -1.022650 0.937723 -0.989451
v -0.976808 0.954608 -0.839175
v -0.976808 0.954608 -0.971047
v -0.997382 0.008673 -0.841738
v -0.997382 0.008673 -0.968483
v -0.997382 0.398920 -0.841738
v -0.997382 0.398920 -0.968483
v -0.950968 1.014399 -0.905111
v -0.997382 0.807053 -0.905111
v -0.997382 0.678032 -0.905111
v -0.989629 0.948678 -0.905111
v -1.022650 0.937723 -0.905111
v -1.022650 0.929989 -0.905111
v -0.997382 0.927095 -0.905111
v -0.997382 0.008673 -0.905111
v -0.997382 0.398920 -0.905111
v -0.997382 0.472860 -0.905111
v -0.997382 0.454375 -0.841738
v -0.997382 0.454375 -0.968483
v -0.997382 0.435890 -0.841738
v -0.997382 0.435890 -0.968483
v -0.997382 0.417405 -0.841738
v -0.997382 0.417405 -0.968483
v -0.997382 0.454375 -0.905111
v -0.997382 0.417405 -0.905111
v -0.997382 0.435890 -0.905111
v -0.386559 0.044494 -0.654786
v -0.386559 0.044494 -0.349694
v -0.704137 0.044494 -0.349694
v -0.704137 0.044494 -0.654786
v -0.386559 0.225972 -0.654786
v -0.386559 0.225972 -0.349694
v -0.704138 0.225972 -0.349694
v -0.704137 0.225972 -0.654786
v -0.386559 0.352981 -0.654786
v -0.704137 0.352981 -0.654786
v -0.704138 0.240118 -0.349694
v -0.386559 0.240118 -0.349694
v -0.363907 0.362041 -0.680736
v -0.363907 0.233077 -0.323745
v -0.726790 0.233077 -0.323745
v -0.726789 0.362041 -0.680736
v -0.363907 0.216913 -0.680736
v -0.726789 0.216913 -0.680736
v -0.726790 0.216913 -0.323745
v -0.363907 0.216913 -0.323745
v -0.386559 0.181924 -0.349694
v -0.386559 0.195778 -0.349694
v -0.386559 0.181924 -0.654786
v -0.386559 0.195778 -0.654786
v -0.704138 0.181924 -0.349694
v -0.704138 0.195778 -0.349694
v -0.704137 0.181924 -0.654786
v -0.704137 0.195778 -0.654786
v -0.714186 0.196216 -0.664440
v -0.714186 0.181486 -0.664440
v -0.714186 0.196216 -0.340041
v -0.714186 0.181486 -0.340041
v -0.376510 0.196216 -0.664440
v -0.376510 0.181486 -0.664440
v -0.376510 0.196216 -0.340041
v -0.376510 0.181486 -0.340041
v -0.625565 0.044494 -0.349694
v -0.637944 0.044494 -0.349694
v -0.625565 0.044494 -0.654786
v -0.637944 0.044494 -0.654786
v -0.625565 0.225972 -0.349694
v -0.637944 0.225972 -0.349694
v -0.625565 0.225972 -0.654786
v -0.637944 0.225972 -0.654786
v -0.625565 0.352981 -0.654786
v -0.637944 0.352981 -0.654786
v -0.637944 0.240118 -0.349694
v -0.625565 0.240118 -0.349694
v -0.624682 0.233077 -0.323745
v -0.638827 0.233077 -0.323745
v -0.624682 0.362041 -0.680736
v -0.638827 0.362041 -0.680736
v -0.624682 0.216913 -0.680736
v -0.638827 0.216913 -0.680736
v -0.638827 0.216913 -0.323745
v -0.624682 0.216913 -0.323745
v -0.625565 0.181924 -0.349694
v -0.637944 0.181924 -0.349694
v -0.625565 0.195778 -0.349694
v -0.637944 0.195778 -0.349694
v -0.625565 0.195778 -0.654786
v -0.637944 0.195778 -0.654786
v -0.625565 0.181924 -0.654786
v -0.637944 0.181924 -0.654786
v -0.638336 0.181486 -0.664440
v -0.625173 0.181486 -0.664440
v -0.625173 0.196216 -0.664440
v -0.638336 0.196216 -0.664440
v -0.638336 0.196216 -0.340041
v -0.625173 0.196216 -0.340041
v -0.625173 0.181486 -0.340041
v -0.638336 0.181486 -0.340041
v -0.465791 0.044494 -0.349694
v -0.480812 0.044494 -0.349694
v -0.465791 0.044494 -0.654786
v -0.480812 0.044494 -0.654786
v -0.465791 0.225972 -0.349694
v -0.480812 0.225972 -0.349694
v -0.480812 0.225972 -0.654786
v -0.465791 0.225972 -0.654786
v -0.465791 0.352981 -0.654786
v -0.480812 0.352981 -0.654786
v -0.480812 0.240118 -0.349694
v -0.465791 0.240118 -0.349694
v -0.462889 0.233077 -0.323745
v -0.479277 0.233077 -0.323745
v -0.479277 0.362041 -0.680736
v -0.462889 0.362041 -0.680736
v -0.479277 0.216913 -0.680736
v -0.462889 0.216913 -0.680736
v -0.462889 0.216913 -0.323745
v -0.479277 0.216913 -0.323745
v -0.465791 0.181924 -0.349694
v -0.480812 0.181924 -0.349694
v -0.465791 0.195778 -0.349694
v -0.480812 0.195778 -0.349694
v -0.465791 0.195778 -0.654786
v -0.480812 0.195778 -0.654786
v -0.465791 0.181924 -0.654786
v -0.480812 0.181924 -0.654786
v -0.480131 0.181486 -0.664440
v -0.464504 0.181486 -0.664440
v -0.464504 0.196216 -0.664440
v -0.480131 0.196216 -0.664440
v -0.480131 0.196216 -0.340041
v -0.464504 0.196216 -0.340041
v -0.480131 0.181486 -0.340041
v -0.464504 0.181486 -0.340041
v -0.464193 0.180835 -0.333176
v -0.480481 0.180835 -0.333176
v -0.464193 0.196190 -0.333176
v -0.480481 0.196190 -0.333176
v -0.480481 0.196190 -0.671305
v -0.464193 0.196190 -0.671305
v -0.464193 0.180835 -0.671305
v -0.480481 0.180835 -0.671305
v -0.481191 0.181292 -0.661243
v -0.465535 0.181292 -0.661243
v -0.481191 0.195733 -0.661243
v -0.465535 0.195733 -0.661243
v -0.481191 0.195733 -0.343238
v -0.465535 0.195733 -0.343238
v -0.481191 0.181292 -0.343238
v -0.465535 0.181292 -0.343238
v -0.479592 0.217762 -0.316190
v -0.462509 0.217762 -0.316190
v -0.462509 0.217762 -0.688290
v -0.479592 0.217762 -0.688290
v -0.462509 0.369032 -0.688290
v -0.479592 0.369032 -0.688290
v -0.479592 0.234610 -0.316190
v -0.462509 0.234610 -0.316190
v -0.465535 0.241950 -0.343238
v -0.481191 0.241950 -0.343238
v -0.481191 0.359589 -0.661243
v -0.465535 0.359589 -0.661243
v -0.465535 0.227204 -0.661243
v -0.481191 0.227204 -0.661243
v -0.481191 0.227204 -0.343238
v -0.465535 0.227204 -0.343238
v -0.481191 0.044494 -0.661243
v -0.465535 0.044494 -0.661243
v -0.481191 0.044494 -0.343238
v -0.465535 0.044494 -0.343238
v -0.638645 0.180765 -0.332434
v -0.624864 0.180765 -0.332434
v -0.624864 0.196187 -0.332434
v -0.638645 0.196187 -0.332434
v -0.638645 0.196187 -0.672047
v -0.624864 0.196187 -0.672046
v -0.624864 0.180765 -0.672047
v -0.638645 0.180765 -0.672047
v -0.638234 0.181224 -0.661940
v -0.625274 0.181224 -0.661940
v -0.638234 0.195728 -0.661940
v -0.625274 0.195728 -0.661940
v -0.638234 0.195728 -0.342541
v -0.625274 0.195728 -0.342541
v -0.638234 0.181224 -0.342541
v -0.625274 0.181224 -0.342541
v -0.624350 0.217853 -0.315374
v -0.639159 0.217853 -0.315374
v -0.639159 0.217853 -0.689106
v -0.624350 0.217853 -0.689106
v -0.639159 0.369787 -0.689106
v -0.624350 0.369787 -0.689106
v -0.639159 0.234776 -0.315374
v -0.624350 0.234776 -0.315374
v -0.625274 0.242147 -0.342541
v -0.638234 0.242147 -0.342541
v -0.638234 0.360303 -0.661940
v -0.625274 0.360303 -0.661940
v -0.638234 0.227338 -0.661940
v -0.625274 0.227338 -0.661940
v -0.638234 0.227338 -0.342541
v -0.625274 0.227338 -0.342541
v -0.638234 0.044494 -0.661940
v -0.625274 0.044494 -0.661940
v -0.638234 0.044494 -0.342541
v -0.625274 0.044494 -0.342541
v -0.571239 0.044494 -0.349694
v -0.534814 0.044494 -0.349694
v -0.571239 0.044494 -0.654786
v -0.534814 0.044494 -0.654786
v -0.571239 0.225972 -0.349694
v -0.534814 0.225972 -0.349694
v -0.571239 0.225972 -0.654786
v -0.534814 0.225972 -0.654786
v -0.571239 0.352981 -0.654786
v -0.534814 0.352981 -0.654786
v -0.571239 0.240118 -0.349694
v -0.534814 0.240118 -0.349694
v -0.570409 0.233077 -0.323745
v -0.533820 0.233077 -0.323745
v -0.570409 0.362041 -0.680736
v -0.533820 0.362041 -0.680736
v -0.570409 0.216913 -0.680736
v -0.533820 0.216913 -0.680736
v -0.570409 0.216913 -0.323745
v -0.533820 0.216913 -0.323745
v -0.571239 0.181924 -0.349694
v -0.534814 0.181924 -0.349694
v -0.571239 0.195778 -0.349694
v -0.534814 0.195778 -0.349694
v -0.571239 0.195778 -0.654786
v -0.534814 0.195778 -0.654786
v -0.571239 0.181924 -0.654786
v -0.534814 0.181924 -0.654786
v -0.570871 0.181486 -0.664440
v -0.534373 0.181486 -0.664440
v -0.570871 0.196216 -0.664440
v -0.534373 0.196216 -0.664440
v -0.570871 0.196216 -0.340041
v -0.534373 0.196216 -0.340041
v -0.570871 0.181486 -0.340041
v -0.534373 0.181486 -0.340041
v -0.386559 0.116453 -0.349694
v -0.386559 0.116453 -0.654786
v -0.704138 0.116453 -0.349694
v -0.704137 0.116453 -0.654786
v -0.625565 0.116453 -0.349694
v -0.637944 0.116453 -0.349694
v -0.625565 0.116453 -0.654786
v -0.637944 0.116453 -0.654786
v -0.465791 0.116453 -0.349694
v -0.480812 0.116453 -0.349694
v -0.465791 0.116453 -0.654786
v -0.480812 0.116453 -0.654786
v -0.481191 0.113050 -0.661243
v -0.465535 0.113050 -0.661243
v -0.481191 0.113050 -0.343238
v -0.465535 0.113050 -0.343238
v -0.638234 0.112683 -0.661940
v -0.625274 0.112683 -0.661940
v -0.638234 0.112683 -0.342541
v -0.625274 0.112683 -0.342541
v -0.534814 0.116453 -0.349694
v -0.571239 0.116453 -0.349694
v -0.534814 0.116453 -0.654786
v -0.571239 0.116453 -0.654786
v -0.567669 0.109578 -0.349694
v -0.538385 0.109578 -0.349694
v -0.567669 0.050459 -0.349694
v -0.538385 0.050459 -0.349694
v -0.534814 0.034146 -0.654786
v -0.571239 0.034146 -0.654786
v -0.534814 0.034146 -0.349694
v -0.571239 0.034146 -0.349694
v -0.625274 0.034146 -0.342541
v -0.638234 0.034146 -0.342541
v -0.625274 0.034146 -0.661940
v -0.638234 0.034146 -0.661940
v -0.465535 0.034146 -0.343238
v -0.481191 0.034146 -0.343238
v -0.465535 0.034146 -0.661243
v -0.481191 0.034146 -0.661243
v -0.480812 0.034146 -0.654786
v -0.465791 0.034146 -0.654786
v -0.480812 0.034146 -0.349694
v -0.465791 0.034146 -0.349694
v -0.637944 0.034146 -0.654786
v -0.625565 0.034146 -0.654786
v -0.637944 0.034146 -0.349694
v -0.625565 0.034146 -0.349694
v -0.704137 0.034146 -0.654786
v -0.704137 0.034146 -0.349694
v -0.386559 0.034146 -0.349694
v -0.386559 0.034146 -0.654786
v -0.567669 0.050459 -0.363317
v -0.538385 0.050459 -0.363317
v -0.538385 0.109578 -0.363317
v -0.567669 0.109578 -0.363317
v -0.567669 0.050459 -0.340132
v -0.538385 0.050459 -0.340132
v -0.538385 0.109578 -0.340132
v -0.567669 0.109578 -0.340132
v -0.534814 0.116453 -0.340132
v -0.571239 0.116453 -0.340132
v -0.571239 0.044494 -0.340132
v -0.534814 0.044494 -0.340132
v 0.432303 1.162158 -1.073000
v 0.490173 1.162158 -0.933290
v 0.432303 1.162158 -0.793580
v 0.292593 1.162158 -0.735711
v 0.152884 1.162158 -0.793580
v 0.095014 1.162158 -0.933290
v 0.152884 1.162158 -1.073000
v 0.292593 1.162158 -1.130870
v 0.432303 1.786595 -1.073000
v 0.490173 1.786595 -0.933290
v 0.432303 1.786595 -0.793580
v 0.292593 1.786595 -0.735711
v 0.152884 1.786595 -0.793580
v 0.095014 1.786595 -0.933290
v 0.152884 1.786595 -1.073000
v 0.292594 1.786595 -1.130870
v 0.292593 1.162158 -0.933290
v 0.292594 1.798930 -1.130870
v 0.152884 1.798930 -1.073000
v 0.095014 1.798930 -0.933290
v 0.152884 1.798930 -0.793580
v 0.292593 1.798930 -0.735711
v 0.432303 1.798930 -0.793580
v 0.490173 1.798930 -0.933290
v 0.432303 1.798930 -1.073000
v 0.455639 1.798930 -1.096336
v 0.523174 1.798930 -0.933290
v 0.455639 1.798930 -0.770245
v 0.292593 1.798930 -0.702709
v 0.129548 1.798930 -0.770245
v 0.062012 1.798930 -0.933290
v 0.129548 1.798930 -1.096336
v 0.292594 1.798930 -1.163871
v 0.292594 1.805098 -1.163871
v 0.129548 1.805098 -1.096336
v 0.062012 1.805098 -0.933290
v 0.129548 1.805098 -0.770245
v 0.292593 1.805098 -0.702709
v 0.455639 1.805098 -0.770245
v 0.523174 1.805098 -0.933290
v 0.455639 1.805098 -1.096336
v 0.451261 1.807154 -1.091958
v 0.516984 1.807154 -0.933290
v 0.451261 1.807154 -0.774622
v 0.292593 1.807154 -0.708900
v 0.133925 1.807154 -0.774622
v 0.068203 1.807154 -0.933290
v 0.133925 1.807154 -1.091958
v 0.292594 1.807154 -1.157681
v 0.292594 1.813157 -1.138945
v 0.147173 1.813157 -1.078710
v 0.086938 1.813157 -0.933290
v 0.147173 1.813157 -0.787870
v 0.292593 1.813157 -0.727635
v 0.438014 1.813157 -0.787870
v 0.498249 1.813157 -0.933290
v 0.438013 1.813157 -1.078710
v 0.442925 1.825450 -1.083622
v 0.505194 1.825450 -0.933290
v 0.442925 1.825450 -0.782959
v 0.292593 1.825450 -0.720689
v 0.142262 1.825450 -0.782959
v 0.079992 1.825450 -0.933290
v 0.142262 1.825450 -1.083622
v 0.292594 1.825450 -1.145891
v 0.292594 1.846116 -1.151912
v 0.138005 1.846116 -1.087879
v 0.073972 1.846116 -0.933290
v 0.138004 1.846116 -0.778701
v 0.292593 1.846116 -0.714669
v 0.447182 1.846116 -0.778701
v 0.511215 1.846116 -0.933290
v 0.447182 1.846116 -1.087879
v 0.447182 1.879608 -1.087879
v 0.511215 1.879608 -0.933290
v 0.447182 1.879608 -0.778701
v 0.292593 1.879608 -0.714669
v 0.138004 1.879608 -0.778701
v 0.073972 1.879608 -0.933290
v 0.138005 1.879608 -1.087879
v 0.292594 1.879608 -1.151912
v 0.292594 1.904194 -1.145050
v 0.142857 1.904194 -1.083027
v 0.080834 1.904194 -0.933290
v 0.142857 1.904194 -0.783554
v 0.292593 1.904194 -0.721530
v 0.442330 1.904194 -0.783553
v 0.504353 1.904194 -0.933290
v 0.442330 1.904194 -1.083027
v 0.418912 1.949032 -1.059609
v 0.471235 1.949032 -0.933290
v 0.418912 1.949032 -0.806971
v 0.292593 1.949032 -0.754648
v 0.166274 1.949032 -0.806971
v 0.113951 1.949032 -0.933290
v 0.166275 1.949032 -1.059609
v 0.292594 1.949032 -1.111932
v 0.292593 1.985718 -1.050012
v 0.210058 1.985718 -1.015825
v 0.175871 1.985718 -0.933290
v 0.210058 1.985718 -0.850755
v 0.292593 1.985718 -0.816568
v 0.375129 1.985718 -0.850755
v 0.409316 1.985718 -0.933290
v 0.375128 1.985718 -1.015825
v 0.353556 2.000002 -0.994253
v 0.378808 2.000002 -0.933290
v 0.353556 2.000002 -0.872327
v 0.292593 2.000002 -0.847075
v 0.231630 2.000002 -0.872327
v 0.206379 2.000002 -0.933290
v 0.231630 2.000002 -0.994253
v 0.292593 2.000002 -1.019505
v 0.292593 2.085654 -1.019505
v 0.231630 2.085654 -0.994253
v 0.206379 2.085654 -0.933290
v 0.231630 2.085654 -0.872327
v 0.292593 2.085654 -0.847075
v 0.353556 2.085654 -0.872327
v 0.378808 2.085654 -0.933290
v 0.353556 2.085654 -0.994253
v 0.359573 2.085654 -1.000270
v 0.387316 2.085654 -0.933290
v 0.359573 2.085654 -0.866311
v 0.292593 2.085654 -0.838567
v 0.225614 2.085654 -0.866311
v 0.197870 2.085654 -0.933290
v 0.225614 2.085654 -1.000270
v 0.292593 2.085654 -1.028013
v 0.292593 2.093910 -1.028013
v 0.225614 2.093910 -1.000270
v 0.197870 2.093910 -0.933290
v 0.225614 2.093910 -0.866311
v 0.292593 2.093910 -0.838567
v 0.359573 2.093910 -0.866311
v 0.387316 2.093910 -0.933290
v 0.359573 2.093910 -1.000270
v 0.355174 2.099221 -0.995871
v 0.381096 2.099221 -0.933290
v 0.355174 2.099221 -0.870710
v 0.292593 2.099221 -0.844788
v 0.230013 2.099221 -0.870710
v 0.204091 2.099221 -0.933290
v 0.230013 2.099221 -0.995871
v 0.292593 2.099221 -1.021792
v 0.292593 2.102804 -1.010162
v 0.238237 2.102804 -0.987647
v 0.215721 2.102804 -0.933290
v 0.238236 2.102804 -0.878933
v 0.292593 2.102804 -0.856418
v 0.346950 2.102804 -0.878933
v 0.369466 2.102804 -0.933290
v 0.346950 2.102804 -0.987647
v 0.346950 2.279349 -0.987647
v 0.369466 2.279349 -0.933290
v 0.346950 2.279349 -0.878933
v 0.292593 2.279349 -0.856418
v 0.238236 2.279349 -0.878933
v 0.215721 2.279349 -0.933290
v 0.238237 2.279349 -0.987647
v 0.292593 2.279349 -1.010162
v 0.292593 2.279349 -1.016078
v 0.234054 2.279349 -0.991830
v 0.209806 2.279349 -0.933290
v 0.234054 2.279349 -0.874750
v 0.292593 2.279349 -0.850503
v 0.351133 2.279349 -0.874750
v 0.375381 2.279349 -0.933290
v 0.351133 2.279349 -0.991830
v 0.351133 2.286686 -0.991830
v 0.375381 2.286686 -0.933290
v 0.351133 2.286686 -0.874750
v 0.292593 2.286686 -0.850503
v 0.234054 2.286686 -0.874750
v 0.209806 2.286686 -0.933290
v 0.234054 2.286686 -0.991830
v 0.292593 2.286686 -1.016078
v 0.292593 2.303040 -0.982958
v 0.257473 2.303040 -0.968411
v 0.242925 2.303040 -0.933290
v 0.257473 2.303040 -0.898169
v 0.292593 2.303040 -0.883622
v 0.327714 2.303040 -0.898169
v 0.342262 2.303040 -0.933290
v 0.327714 2.303040 -0.968411
v 0.327714 2.306722 -0.968411
v 0.342262 2.306722 -0.933290
v 0.327714 2.306722 -0.898169
v 0.292593 2.306722 -0.883622
v 0.257473 2.306722 -0.898169
v 0.242925 2.306722 -0.933290
v 0.257473 2.306722 -0.968411
v 0.292593 2.306722 -0.982958
v 0.292593 2.312040 -1.002276
v 0.243813 2.312040 -0.982071
v 0.223607 2.312040 -0.933290
v 0.243813 2.312040 -0.884510
v 0.292593 2.312040 -0.864304
v 0.341374 2.312040 -0.884510
v 0.361579 2.312040 -0.933290
v 0.341374 2.312040 -0.982071
v 0.343770 2.314913 -0.984467
v 0.364968 2.314913 -0.933290
v 0.343770 2.314913 -0.882113
v 0.292593 2.314913 -0.860915
v 0.241416 2.314913 -0.882113
v 0.220218 2.314913 -0.933290
v 0.241416 2.314913 -0.984467
v 0.292593 2.314913 -1.005665
v 0.292593 2.321468 -1.010068
v 0.238303 2.321468 -0.987580
v 0.215816 2.321468 -0.933290
v 0.238303 2.321468 -0.879000
v 0.292593 2.321468 -0.856513
v 0.346883 2.321468 -0.879000
v 0.369371 2.321468 -0.933290
v 0.346883 2.321468 -0.987580
v 0.348327 2.328430 -0.989023
v 0.371412 2.328430 -0.933290
v 0.348327 2.328430 -0.877557
v 0.292593 2.328430 -0.854472
v 0.236860 2.328430 -0.877557
v 0.213775 2.328430 -0.933290
v 0.236860 2.328430 -0.989023
v 0.292593 2.328430 -1.012109
v 0.292593 2.341134 -1.015211
v 0.234667 2.341134 -0.991217
v 0.210673 2.341134 -0.933290
v 0.234667 2.341134 -0.875363
v 0.292593 2.341134 -0.851369
v 0.350520 2.341134 -0.875363
v 0.374514 2.341134 -0.933290
v 0.350520 2.341134 -0.991217
v 0.349272 2.368154 -0.989969
v 0.372750 2.368154 -0.933290
v 0.349272 2.368154 -0.876611
v 0.292593 2.368154 -0.853134
v 0.235914 2.368154 -0.876611
v 0.212437 2.368154 -0.933290
v 0.235914 2.368154 -0.989969
v 0.292593 2.368154 -1.013446
v 0.292593 2.421940 -0.998743
v 0.246311 2.421940 -0.979572
v 0.227140 2.421940 -0.933290
v 0.246311 2.421940 -0.887008
v 0.292593 2.421940 -0.867837
v 0.338876 2.421940 -0.887008
v 0.358046 2.421940 -0.933290
v 0.338876 2.421940 -0.979572
v 0.323054 2.464767 -0.963751
v 0.335671 2.464767 -0.933290
v 0.323054 2.464767 -0.902829
v 0.292593 2.464767 -0.890212
v 0.262133 2.464767 -0.902829
v 0.249515 2.464767 -0.933290
v 0.262133 2.464767 -0.963751
v 0.292593 2.464767 -0.976368
v 0.292593 2.483109 -0.957659
v 0.275362 2.483109 -0.950521
v 0.268225 2.483109 -0.933290
v 0.275362 2.483109 -0.916059
v 0.292593 2.483109 -0.908922
v 0.309824 2.483109 -0.916059
v 0.316962 2.483109 -0.933290
v 0.309824 2.483109 -0.950521
v 0.299199 2.489205 -0.939896
v 0.301935 2.489205 -0.933290
v 0.299199 2.489205 -0.926685
v 0.292593 2.489205 -0.923948
v 0.285988 2.489205 -0.926685
v 0.283252 2.489205 -0.933290
v 0.285988 2.489205 -0.939896
v 0.292593 2.489205 -0.942632
v 0.292593 2.496567 -0.942632
v 0.285988 2.496567 -0.939896
v 0.283252 2.496567 -0.933290
v 0.285988 2.496567 -0.926685
v 0.292593 2.496567 -0.923948
v 0.299199 2.496567 -0.926685
v 0.301935 2.496567 -0.933290
v 0.299199 2.496567 -0.939896
v 0.302482 2.499241 -0.943179
v 0.306578 2.499241 -0.933290
v 0.302482 2.499241 -0.923401
v 0.292593 2.499241 -0.919305
v 0.282705 2.499241 -0.923401
v 0.278609 2.499241 -0.933290
v 0.282705 2.499241 -0.943179
v 0.292593 2.499241 -0.947275
v 0.292593 2.503940 -0.949987
v 0.280787 2.503940 -0.945097
v 0.275896 2.503940 -0.933290
v 0.280787 2.503940 -0.921484
v 0.292593 2.503940 -0.916593
v 0.304400 2.503940 -0.921484
v 0.309290 2.503940 -0.933290
v 0.304400 2.503940 -0.945097
v 0.306124 2.516196 -0.946821
v 0.311729 2.516196 -0.933290
v 0.306124 2.516196 -0.919759
v 0.292593 2.516196 -0.914154
v 0.279062 2.516196 -0.919759
v 0.273458 2.516196 -0.933290
v 0.279062 2.516196 -0.946821
v 0.292593 2.516196 -0.952426
v 0.292593 2.532553 -0.950885
v 0.280152 2.532553 -0.945732
v 0.274998 2.532553 -0.933290
v 0.280152 2.532553 -0.920848
v 0.292593 2.532553 -0.915695
v 0.305035 2.532553 -0.920848
v 0.310188 2.532553 -0.933290
v 0.305035 2.532553 -0.945732
v 0.301842 2.540532 -0.942539
v 0.305673 2.540532 -0.933290
v 0.301842 2.540532 -0.924041
v 0.292593 2.540532 -0.920210
v 0.283344 2.540532 -0.924041
v 0.279513 2.540532 -0.933290
v 0.283344 2.540532 -0.942539
v 0.292593 2.540532 -0.946370
v 0.292593 2.550559 -0.939910
v 0.287912 2.550559 -0.937971
v 0.285973 2.550559 -0.933290
v 0.287912 2.550559 -0.928609
v 0.292593 2.550559 -0.926670
v 0.297275 2.550559 -0.928609
v 0.299214 2.550559 -0.933290
v 0.297275 2.550559 -0.937971
v 0.297275 2.568335 -0.937971
v 0.299214 2.568335 -0.933290
v 0.297275 2.568335 -0.928609
v 0.292593 2.568335 -0.926670
v 0.287912 2.568335 -0.928609
v 0.285973 2.568335 -0.933290
v 0.287912 2.568335 -0.937971
v 0.292593 2.568335 -0.939910
v 0.292593 2.595906 -0.939910
v 0.287912 2.595906 -0.937971
v 0.285973 2.595906 -0.933290
v 0.287912 2.595906 -0.928609
v 0.292593 2.595906 -0.926670
v 0.297275 2.595906 -0.928609
v 0.299214 2.595906 -0.933290
v 0.297275 2.595906 -0.937971
v 0.298499 2.597334 -0.939196
v 0.300945 2.597334 -0.933290
v 0.298499 2.597334 -0.927384
v 0.292593 2.597334 -0.924938
v 0.286688 2.597334 -0.927384
v 0.284241 2.597334 -0.933290
v 0.286688 2.597334 -0.939196
v 0.292593 2.597334 -0.941642
v 0.292593 2.599465 -0.942298
v 0.286223 2.599465 -0.939660
v 0.283585 2.599465 -0.933290
v 0.286223 2.599465 -0.926920
v 0.292593 2.599465 -0.924282
v 0.298963 2.599465 -0.926920
v 0.301602 2.599465 -0.933290
v 0.298963 2.599465 -0.939660
v 0.298963 2.601835 -0.939660
v 0.301602 2.601835 -0.933290
v 0.298963 2.601835 -0.926920
v 0.292593 2.601835 -0.924282
v 0.286223 2.601835 -0.926920
v 0.283585 2.601835 -0.933290
v 0.286223 2.601835 -0.939660
v 0.292593 2.601835 -0.942298
v 0.292593 2.603967 -0.941932
v 0.286483 2.603967 -0.939401
v 0.283951 2.603967 -0.933290
v 0.286483 2.603967 -0.927179
v 0.292593 2.603967 -0.924648
v 0.298704 2.603967 -0.927179
v 0.301235 2.603967 -0.933290
v 0.298704 2.603967 -0.939401
v 0.297433 2.605863 -0.938130
v 0.299437 2.605863 -0.933290
v 0.297433 2.605863 -0.928451
v 0.292593 2.605863 -0.926446
v 0.287754 2.605863 -0.928451
v 0.285749 2.605863 -0.933290
v 0.287754 2.605863 -0.938130
v 0.292593 2.605863 -0.940134
v 0.292593 2.607285 -0.937713
v 0.289466 2.607285 -0.936417
v 0.288171 2.607285 -0.933290
v 0.289466 2.607285 -0.930163
v 0.292593 2.607285 -0.928868
v 0.295720 2.607285 -0.930163
v 0.297016 2.607285 -0.933290
v 0.295720 2.607285 -0.936417
v 0.295720 2.635599 -0.936417
v 0.297016 2.635599 -0.933290
v 0.295720 2.635599 -0.930163
v 0.292593 2.635599 -0.928868
v 0.289466 2.635599 -0.930163
v 0.288171 2.635599 -0.933290
v 0.289466 2.635599 -0.936417
v 0.292593 2.635599 -0.937713
v 0.295720 2.627625 -0.936417
v 0.297016 2.627625 -0.933290
v 0.295720 2.627625 -0.930163
v 0.292593 2.627625 -0.928868
v 0.289466 2.627625 -0.930163
v 0.288171 2.627625 -0.933290
v 0.289466 2.627625 -0.936417
v 0.292593 2.627625 -0.937713
v 0.273962 2.627625 -0.939120
v 0.275297 2.627625 -0.942230
v 0.311225 2.627625 -0.927461
v 0.309890 2.627625 -0.924350
v 0.275297 2.635599 -0.942230
v 0.273962 2.635599 -0.939120
v 0.309890 2.635599 -0.924350
v 0.311225 2.635599 -0.927461
v 0.292593 2.649787 -0.933290
v 0.292593 2.649787 -0.937713
v 0.289466 2.649787 -0.936417
v 0.288171 2.649787 -0.933290
v 0.289466 2.649787 -0.930163
v 0.292593 2.649787 -0.928868
v 0.295720 2.649787 -0.930163
v 0.297016 2.649787 -0.933290
v 0.295720 2.649787 -0.936417
v 0.346950 2.120028 -0.987647
v 0.346950 2.262125 -0.987647
v 0.369466 2.120028 -0.933290
v 0.369466 2.262125 -0.933290
v 0.346950 2.120028 -0.878933
v 0.346950 2.262125 -0.878933
v 0.292593 2.120028 -0.856418
v 0.292593 2.262125 -0.856418
v 0.238236 2.120028 -0.878933
v 0.238236 2.262125 -0.878933
v 0.215721 2.120028 -0.933290
v 0.215721 2.262125 -0.933290
v 0.238237 2.120028 -0.987647
v 0.238237 2.262125 -0.987647
v 0.292593 2.120028 -1.010162
v 0.292593 2.262125 -1.010162
v 0.287429 2.255020 -0.857544
v 0.243400 2.255020 -0.877807
v 0.287429 2.127133 -0.857544
v 0.243400 2.127133 -0.877807
v 0.341786 2.255020 -0.877807
v 0.297757 2.255020 -0.857544
v 0.341786 2.127133 -0.877807
v 0.297757 2.127133 -0.857544
v 0.236097 2.255020 -0.884097
v 0.217860 2.255020 -0.928126
v 0.236097 2.127133 -0.884097
v 0.217860 2.127133 -0.928126
v 0.217860 2.255020 -0.938454
v 0.236098 2.255020 -0.982483
v 0.217860 2.127133 -0.938454
v 0.236098 2.127133 -0.982483
v 0.243400 2.255020 -0.989786
v 0.287430 2.255020 -1.008023
v 0.243400 2.127133 -0.989786
v 0.287430 2.127133 -1.008023
v 0.341786 2.255020 -0.989786
v 0.297757 2.255020 -1.008023
v 0.341786 2.127133 -0.989786
v 0.297757 2.127133 -1.008023
v 0.349089 2.255020 -0.982483
v 0.367327 2.255020 -0.938454
v 0.349089 2.127133 -0.982483
v 0.367327 2.127133 -0.938454
v 0.367327 2.255020 -0.928126
v 0.349089 2.255020 -0.884097
v 0.367327 2.127133 -0.928126
v 0.349089 2.127133 -0.884097
v 0.292593 2.120028 -0.974215
v 0.263655 2.120028 -0.962229
v 0.251668 2.120028 -0.933290
v 0.263655 2.120028 -0.904352
v 0.292593 2.120028 -0.892365
v 0.321532 2.120028 -0.904352
v 0.333518 2.120028 -0.933290
v 0.321532 2.120028 -0.962228
v 0.311341 2.120028 -0.952038
v 0.319107 2.120028 -0.933290
v 0.311341 2.120028 -0.914542
v 0.292593 2.120028 -0.906777
v 0.273846 2.120028 -0.914542
v 0.266080 2.120028 -0.933290
v 0.273846 2.120028 -0.952038
v 0.292593 2.120028 -0.959803
v 0.292593 2.120028 -0.933290
v 0.347655 2.255020 -0.931349
v 0.347655 2.127133 -0.931349
v 0.332825 2.255020 -0.895548
v 0.332825 2.127133 -0.895548
v 0.332825 2.255020 -0.970821
v 0.332825 2.127133 -0.970821
v 0.347655 2.255020 -0.935020
v 0.347655 2.127133 -0.935020
v 0.330230 2.255020 -0.973417
v 0.330230 2.127133 -0.973417
v 0.294429 2.255020 -0.988246
v 0.294429 2.127133 -0.988246
v 0.254957 2.255020 -0.973417
v 0.254957 2.127133 -0.973417
v 0.290758 2.255020 -0.988246
v 0.290758 2.127133 -0.988246
v 0.237532 2.255020 -0.935020
v 0.237532 2.127133 -0.935020
v 0.252361 2.255020 -0.970821
v 0.252361 2.127133 -0.970821
v 0.252361 2.255020 -0.895548
v 0.252361 2.127133 -0.895548
v 0.237532 2.255020 -0.931349
v 0.237532 2.127133 -0.931349
v 0.330011 2.255020 -0.893681
v 0.330011 2.127133 -0.893681
v 0.294210 2.255020 -0.877204
v 0.294210 2.127133 -0.877204
v 0.290977 2.255020 -0.877204
v 0.290977 2.127133 -0.877204
v 0.255175 2.255020 -0.893681
v 0.255175 2.127133 -0.893681
v 1.852097 -0.010576 -1.164918
v 1.852097 -0.010576 -0.597597
v 1.439236 -0.010576 -0.597597
v 1.439236 -0.010576 -1.164918
v 1.852097 0.284681 -1.164918
v 1.852097 0.284681 -0.597597
v 1.439236 0.448415 -0.597597
v 1.439236 0.448415 -1.164918
v 1.852097 0.257250 -0.597597
v 1.852097 0.257250 -1.164918
v 1.439236 0.257250 -0.597597
v 1.439236 0.257250 -1.164918
v 1.878149 0.257250 -1.164918
v 1.878149 0.257250 -0.597597
v 1.878150 0.284681 -1.164918
v 1.878149 0.284681 -0.597597
v 1.714476 -0.010576 -0.597597
v 1.576856 -0.010576 -0.597597
v 1.714476 -0.010576 -1.164918
v 1.576856 -0.010576 -1.164918
v 1.714476 0.339259 -0.597597
v 1.576856 0.393837 -0.597597
v 1.714477 0.339259 -1.164918
v 1.576856 0.393837 -1.164918
v 1.714476 0.257250 -0.597597
v 1.576856 0.257250 -0.597597
v 1.714476 0.257250 -1.164918
v 1.576856 0.257250 -1.164918
v 1.582659 0.000716 -1.164918
v 1.582659 0.245958 -1.164918
v 1.708674 0.245958 -1.164918
v 1.708674 0.000716 -1.164918
v 1.582659 0.000716 -1.103208
v 1.708674 0.000716 -1.103208
v 1.708674 0.245958 -1.103208
v 1.582659 0.245958 -1.103208
vt 0.947374 0.035930
vt 0.947374 0.026647
vt 0.948423 0.026639
vt 0.948423 0.035922
vt 0.249822 0.958981
vt 0.250870 0.958973
vt 0.250870 0.968257
vt 0.249822 0.968264
vt 0.186513 0.968094
vt 0.186513 0.958810
vt 0.187562 0.958803
vt 0.187562 0.968086
vt 0.222112 0.958739
vt 0.223161 0.958731
vt 0.223161 0.968015
vt 0.222112 0.968023
vt 0.099483 0.968544
vt 0.099483 0.959260
vt 0.100532 0.959253
vt 0.100532 0.968536
vt 0.177726 0.958809
vt 0.178775 0.958801
vt 0.178775 0.968085
vt 0.177726 0.968092
vt 0.290048 0.968294
vt 0.290048 0.977578
vt 0.289215 0.977585
vt 0.289215 0.968301
vt 0.843277 0.977603
vt 0.842444 0.977609
vt 0.842444 0.968326
vt 0.843277 0.968319
vt 0.832391 0.968320
vt 0.832391 0.977604
vt 0.831558 0.977611
vt 0.831558 0.968327
vt 0.935835 0.497455
vt 0.935002 0.497462
vt 0.935002 0.488178
vt 0.935835 0.488171
vt 0.978943 0.482198
vt 0.978943 0.491482
vt 0.978110 0.491489
vt 0.978110 0.482205
vt 0.978950 0.467916
vt 0.978117 0.467923
vt 0.978117 0.458639
vt 0.978950 0.458632
vt 0.961018 0.813524
vt 0.961018 0.803209
vt 0.962066 0.803202
vt 0.962066 0.813517
vt 0.962083 0.492513
vt 0.961035 0.492521
vt 0.961035 0.482206
vt 0.962083 0.482198
vt 0.961125 0.324415
vt 0.961125 0.314100
vt 0.962174 0.314092
vt 0.962174 0.324407
vt 0.961539 0.144894
vt 0.962587 0.144886
vt 0.962587 0.155201
vt 0.961539 0.155209
vt 0.961042 0.468955
vt 0.961042 0.458640
vt 0.962091 0.458632
vt 0.962091 0.468947
vt 0.961151 0.068056
vt 0.962200 0.068048
vt 0.962200 0.078363
vt 0.961151 0.078371
vt 0.962883 0.872606
vt 0.962883 0.882921
vt 0.962050 0.882928
vt 0.962050 0.872612
vt 0.962910 0.774227
vt 0.962077 0.774233
vt 0.962077 0.763918
vt 0.962910 0.763911
vt 0.962910 0.781970
vt 0.962910 0.792286
vt 0.962077 0.792292
vt 0.962077 0.781977
vt 0.962876 0.516163
vt 0.962044 0.516170
vt 0.962044 0.505854
vt 0.962876 0.505848
vt 0.963163 0.122452
vt 0.963163 0.132767
vt 0.962330 0.132774
vt 0.962330 0.122458
vt 0.962910 0.756167
vt 0.962077 0.756174
vt 0.962077 0.745858
vt 0.962910 0.745852
vt 0.138752 0.934509
vt 0.128436 0.934509
vt 0.128947 0.933368
vt 0.138232 0.933368
vt 0.109876 0.923649
vt 0.109351 0.922498
vt 0.119667 0.922498
vt 0.119160 0.923649
vt 0.547115 0.925117
vt 0.557431 0.925117
vt 0.556920 0.926258
vt 0.547635 0.926258
vt 0.043291 0.921218
vt 0.042766 0.920067
vt 0.053082 0.920067
vt 0.052575 0.921218
vt 0.822227 0.936684
vt 0.811911 0.936684
vt 0.812422 0.935543
vt 0.821707 0.935543
vt 0.024276 0.921218
vt 0.023751 0.920067
vt 0.034067 0.920067
vt 0.033560 0.921218
vt 0.128390 0.922498
vt 0.138706 0.922498
vt 0.138195 0.923639
vt 0.128910 0.923639
vt 0.119236 0.933462
vt 0.119761 0.934613
vt 0.109445 0.934613
vt 0.109952 0.933462
vt 0.557477 0.937128
vt 0.547161 0.937128
vt 0.547672 0.935987
vt 0.556957 0.935987
vt 0.052651 0.931031
vt 0.053176 0.932182
vt 0.042860 0.932182
vt 0.043367 0.931031
vt 0.811865 0.924672
vt 0.822181 0.924672
vt 0.821670 0.925813
vt 0.812385 0.925813
vt 0.033636 0.931031
vt 0.034161 0.932182
vt 0.023845 0.932182
vt 0.024352 0.931031
vt 0.760725 0.066867
vt 0.757905 0.092558
vt 0.747589 0.092530
vt 0.747402 0.066831
vt 0.817279 0.358638
vt 0.806963 0.358558
vt 0.804117 0.332616
vt 0.817439 0.332719
vt 0.747660 0.161034
vt 0.747473 0.135335
vt 0.760796 0.135372
vt 0.757976 0.161063
vt 0.804117 0.401710
vt 0.817439 0.401814
vt 0.817279 0.427733
vt 0.806963 0.427653
vt 0.760867 0.203876
vt 0.758047 0.229567
vt 0.747731 0.229539
vt 0.747544 0.203840
vt 0.817279 0.496828
vt 0.806963 0.496747
vt 0.804117 0.470805
vt 0.817439 0.470909
vt 0.757908 0.095561
vt 0.747592 0.095533
vt 0.817279 0.361667
vt 0.806963 0.361587
vt 0.757979 0.164066
vt 0.747663 0.164037
vt 0.817279 0.430762
vt 0.806963 0.430682
vt 0.758051 0.232570
vt 0.747734 0.232542
vt 0.817279 0.499856
vt 0.806963 0.499776
vt 0.757921 0.107573
vt 0.757923 0.109873
vt 0.747607 0.109844
vt 0.747605 0.107544
vt 0.817279 0.376102
vt 0.806963 0.376022
vt 0.806963 0.373702
vt 0.817279 0.373782
vt 0.757992 0.176077
vt 0.757994 0.178377
vt 0.747678 0.178349
vt 0.747676 0.176049
vt 0.817279 0.445197
vt 0.806963 0.445116
vt 0.806963 0.442797
vt 0.817279 0.442877
vt 0.758063 0.244582
vt 0.758065 0.246882
vt 0.747749 0.246854
vt 0.747747 0.244554
vt 0.817279 0.514291
vt 0.806963 0.514211
vt 0.806963 0.511891
vt 0.817279 0.511971
vt 0.747616 0.272344
vt 0.760939 0.272381
vt 0.817439 0.540003
vt 0.804117 0.539900
vt 0.781952 0.106147
vt 0.781954 0.107907
vt 0.782932 0.373786
vt 0.782932 0.372011
vt 0.782023 0.174651
vt 0.782025 0.176411
vt 0.782932 0.442880
vt 0.782932 0.441105
vt 0.782094 0.243156
vt 0.782096 0.244916
vt 0.782932 0.511975
vt 0.782932 0.510200
vt 0.781982 0.135430
vt 0.782932 0.401546
vt 0.782054 0.203934
vt 0.782932 0.470641
vt 0.782125 0.272439
vt 0.782932 0.539735
vt 0.781911 0.066925
vt 0.781940 0.094656
vt 0.782932 0.360421
vt 0.782932 0.332451
vt 0.782011 0.163160
vt 0.782932 0.429515
vt 0.782082 0.231665
vt 0.782932 0.498610
vt 0.781942 0.096954
vt 0.782932 0.362739
vt 0.782014 0.165459
vt 0.782932 0.431833
vt 0.782085 0.233963
vt 0.782932 0.500928
vt 0.735049 0.107778
vt 0.735047 0.106018
vt 0.829834 0.372375
vt 0.829834 0.374150
vt 0.735120 0.176283
vt 0.735118 0.174523
vt 0.829834 0.441469
vt 0.829834 0.443245
vt 0.735191 0.244787
vt 0.735190 0.243027
vt 0.829834 0.510564
vt 0.829834 0.512339
vt 0.735078 0.135301
vt 0.829834 0.401910
vt 0.735149 0.203806
vt 0.829834 0.471005
vt 0.735220 0.272310
vt 0.829834 0.540099
vt 0.735035 0.094527
vt 0.735006 0.066797
vt 0.829834 0.332816
vt 0.829834 0.360785
vt 0.735106 0.163032
vt 0.829834 0.429880
vt 0.735178 0.231536
vt 0.829834 0.498974
vt 0.735038 0.096825
vt 0.829834 0.363103
vt 0.735109 0.165330
vt 0.829834 0.432198
vt 0.735180 0.233835
vt 0.829834 0.501292
vt 0.601145 0.089239
vt 0.596403 0.089240
vt 0.596403 0.086211
vt 0.601145 0.086211
vt 0.727269 0.086211
vt 0.727269 0.089239
vt 0.722526 0.089239
vt 0.722526 0.086211
vt 0.601145 0.179514
vt 0.596403 0.179514
vt 0.596403 0.176485
vt 0.601145 0.176485
vt 0.727269 0.176485
vt 0.727269 0.179514
vt 0.722526 0.179514
vt 0.722526 0.176485
vt 0.601145 0.269788
vt 0.596403 0.269788
vt 0.596403 0.266760
vt 0.601145 0.266760
vt 0.727269 0.266760
vt 0.727269 0.269788
vt 0.722526 0.269788
vt 0.722526 0.266759
vt 0.596403 0.049668
vt 0.601145 0.049668
vt 0.727269 0.049668
vt 0.722526 0.049668
vt 0.596403 0.139942
vt 0.601145 0.139942
vt 0.727269 0.139942
vt 0.722526 0.139942
vt 0.596403 0.230217
vt 0.601145 0.230216
vt 0.727269 0.230217
vt 0.722526 0.230216
vt 0.596403 0.103673
vt 0.601145 0.103673
vt 0.727269 0.103673
vt 0.722526 0.103673
vt 0.596403 0.193947
vt 0.601145 0.193947
vt 0.727269 0.193947
vt 0.722526 0.193947
vt 0.601145 0.320491
vt 0.596403 0.320491
vt 0.596403 0.284222
vt 0.601145 0.284221
vt 0.727269 0.284222
vt 0.727269 0.320491
vt 0.722526 0.320491
vt 0.722526 0.284221
vt 0.596403 0.101353
vt 0.601145 0.101353
vt 0.727269 0.101353
vt 0.722526 0.101353
vt 0.596403 0.191628
vt 0.601145 0.191628
vt 0.727269 0.191628
vt 0.722526 0.191628
vt 0.596403 0.281902
vt 0.601145 0.281902
vt 0.727269 0.281902
vt 0.722526 0.281902
vt 0.917317 0.175089
vt 0.916518 0.175086
vt 0.916516 0.173326
vt 0.917315 0.173329
vt 0.923930 0.830966
vt 0.923930 0.829191
vt 0.924729 0.829197
vt 0.924729 0.830972
vt 0.917386 0.243593
vt 0.916588 0.243591
vt 0.916586 0.241831
vt 0.917385 0.241833
vt 0.923930 0.761871
vt 0.923930 0.760096
vt 0.924729 0.760102
vt 0.924729 0.761878
vt 0.917456 0.312098
vt 0.916657 0.312096
vt 0.916656 0.310336
vt 0.917454 0.310338
vt 0.923930 0.692777
vt 0.923930 0.691001
vt 0.924729 0.691008
vt 0.924729 0.692783
vt 0.917345 0.202612
vt 0.916546 0.202610
vt 0.923930 0.801431
vt 0.924729 0.801437
vt 0.917414 0.271116
vt 0.916616 0.271114
vt 0.923930 0.732336
vt 0.924729 0.732342
vt 0.917484 0.339621
vt 0.916685 0.339619
vt 0.923930 0.663241
vt 0.924729 0.663248
vt 0.917303 0.161838
vt 0.916505 0.161836
vt 0.916477 0.134105
vt 0.917275 0.134107
vt 0.923930 0.870525
vt 0.923930 0.842556
vt 0.924729 0.842562
vt 0.924729 0.870531
vt 0.917373 0.230342
vt 0.916574 0.230340
vt 0.923930 0.773461
vt 0.924729 0.773467
vt 0.917443 0.298847
vt 0.916644 0.298845
vt 0.923930 0.704367
vt 0.924729 0.704373
vt 0.917306 0.164136
vt 0.916507 0.164134
vt 0.923930 0.840238
vt 0.924729 0.840244
vt 0.917375 0.232641
vt 0.916577 0.232638
vt 0.923930 0.771143
vt 0.924729 0.771149
vt 0.917445 0.301145
vt 0.916646 0.301143
vt 0.923930 0.702049
vt 0.924729 0.702055
vt 0.596403 0.567184
vt 0.600574 0.567179
vt 0.600574 0.570208
vt 0.596403 0.570212
vt 0.723110 0.570212
vt 0.723110 0.567184
vt 0.727264 0.567189
vt 0.727264 0.570217
vt 0.596403 0.476910
vt 0.600574 0.476906
vt 0.600574 0.479934
vt 0.596403 0.479939
vt 0.723110 0.479939
vt 0.723110 0.476910
vt 0.727264 0.476915
vt 0.727264 0.479943
vt 0.596403 0.386637
vt 0.600574 0.386632
vt 0.600574 0.389661
vt 0.596403 0.389665
vt 0.723110 0.389665
vt 0.723110 0.386637
vt 0.727264 0.386642
vt 0.727264 0.389670
vt 0.600574 0.606750
vt 0.596403 0.606755
vt 0.723110 0.606755
vt 0.727264 0.606760
vt 0.600574 0.516477
vt 0.596403 0.516481
vt 0.723110 0.516481
vt 0.727264 0.516486
vt 0.600574 0.426203
vt 0.596403 0.426208
vt 0.723110 0.426208
vt 0.727264 0.426213
vt 0.600574 0.552746
vt 0.596403 0.552750
vt 0.723110 0.552751
vt 0.727264 0.552755
vt 0.600574 0.462472
vt 0.596403 0.462477
vt 0.723110 0.462477
vt 0.727264 0.462482
vt 0.596403 0.335934
vt 0.600574 0.335930
vt 0.600574 0.372199
vt 0.596403 0.372203
vt 0.723110 0.372203
vt 0.723110 0.335934
vt 0.727264 0.335939
vt 0.727264 0.372208
vt 0.600574 0.555065
vt 0.596403 0.555070
vt 0.723110 0.555070
vt 0.727264 0.555075
vt 0.600574 0.464792
vt 0.596403 0.464796
vt 0.723110 0.464796
vt 0.727264 0.464801
vt 0.600574 0.374518
vt 0.596403 0.374523
vt 0.723110 0.374523
vt 0.727264 0.374528
vt 0.658014 0.552493
vt 0.658014 0.554812
vt 0.666623 0.554812
vt 0.666623 0.552493
vt 0.658014 0.462219
vt 0.658014 0.464539
vt 0.666623 0.464539
vt 0.666623 0.462219
vt 0.658014 0.371946
vt 0.658014 0.374265
vt 0.666623 0.374265
vt 0.666623 0.371946
vt 0.658014 0.516224
vt 0.666623 0.516224
vt 0.658014 0.425950
vt 0.666623 0.425950
vt 0.658014 0.335676
vt 0.666623 0.335677
vt 0.658014 0.569954
vt 0.658014 0.606497
vt 0.666623 0.606497
vt 0.666623 0.569955
vt 0.658014 0.479681
vt 0.666623 0.479681
vt 0.658014 0.389407
vt 0.666623 0.389408
vt 0.658014 0.566926
vt 0.666623 0.566926
vt 0.658014 0.476652
vt 0.666623 0.476653
vt 0.658014 0.386379
vt 0.666623 0.386379
vt 0.789575 0.094677
vt 0.829873 0.094787
vt 0.829875 0.097085
vt 0.789578 0.096975
vt 0.735002 0.362366
vt 0.735002 0.360049
vt 0.775297 0.360362
vt 0.775297 0.362679
vt 0.789646 0.163181
vt 0.829944 0.163292
vt 0.829946 0.165590
vt 0.789649 0.165479
vt 0.735002 0.431461
vt 0.735002 0.429143
vt 0.775297 0.429456
vt 0.775297 0.431774
vt 0.789718 0.231686
vt 0.830015 0.231796
vt 0.830017 0.234094
vt 0.789720 0.233984
vt 0.735002 0.500556
vt 0.735002 0.498238
vt 0.775297 0.498551
vt 0.775297 0.500869
vt 0.789546 0.066946
vt 0.829844 0.067056
vt 0.735002 0.332079
vt 0.775297 0.332392
vt 0.789618 0.135451
vt 0.829915 0.135561
vt 0.735002 0.401174
vt 0.775297 0.401487
vt 0.789689 0.203955
vt 0.829986 0.204066
vt 0.735002 0.470268
vt 0.775297 0.470581
vt 0.789589 0.107928
vt 0.829886 0.108038
vt 0.735002 0.373414
vt 0.775297 0.373727
vt 0.789660 0.176432
vt 0.829958 0.176543
vt 0.735002 0.442508
vt 0.775297 0.442821
vt 0.789731 0.244937
vt 0.830029 0.245047
vt 0.830057 0.272570
vt 0.789760 0.272460
vt 0.735002 0.539363
vt 0.735002 0.511603
vt 0.775297 0.511916
vt 0.775297 0.539676
vt 0.789587 0.106168
vt 0.829885 0.106278
vt 0.735002 0.371638
vt 0.775297 0.371951
vt 0.789658 0.174672
vt 0.829956 0.174783
vt 0.735002 0.440733
vt 0.775297 0.441046
vt 0.789730 0.243177
vt 0.830027 0.243287
vt 0.735002 0.509828
vt 0.775297 0.510140
vt 0.406208 0.647107
vt 0.406375 0.625922
vt 0.426232 0.625922
vt 0.426065 0.647107
vt 0.465947 0.625922
vt 0.485804 0.625922
vt 0.485637 0.647107
vt 0.465780 0.647107
vt 0.675829 0.686011
vt 0.675829 0.707196
vt 0.655972 0.707353
vt 0.655972 0.686168
vt 0.616259 0.707666
vt 0.596403 0.707823
vt 0.596403 0.686638
vt 0.616259 0.686481
vt 0.406103 0.660428
vt 0.425960 0.660428
vt 0.485532 0.660428
vt 0.465674 0.660428
vt 0.376966 0.756487
vt 0.390289 0.756592
vt 0.390289 0.776448
vt 0.376966 0.776343
vt 0.390289 0.816160
vt 0.390289 0.836016
vt 0.376966 0.835911
vt 0.376966 0.816055
vt 0.675829 0.672689
vt 0.655972 0.672846
vt 0.596403 0.673316
vt 0.616259 0.673159
vt 0.406005 0.672823
vt 0.425862 0.672823
vt 0.485434 0.672823
vt 0.465577 0.672823
vt 0.675829 0.660294
vt 0.655972 0.660451
vt 0.596403 0.660921
vt 0.616259 0.660764
vt 0.424308 0.673122
vt 0.402900 0.673122
vt 0.488535 0.673122
vt 0.467126 0.673122
vt 0.424302 0.673920
vt 0.402893 0.673920
vt 0.488528 0.673920
vt 0.467120 0.673920
vt 0.425656 0.674966
vt 0.405609 0.674966
vt 0.485796 0.674966
vt 0.465749 0.674966
vt 0.443845 0.731874
vt 0.442437 0.731874
vt 0.448070 0.731874
vt 0.446662 0.731874
vt 0.060780 0.790034
vt 0.003869 0.808222
vt 0.003869 0.806814
vt 0.060780 0.769988
vt 0.003869 0.812447
vt 0.003869 0.811039
vt 0.060780 0.830125
vt 0.060780 0.850171
vt 0.866331 0.101669
vt 0.906627 0.101987
vt 0.906627 0.121843
vt 0.866331 0.121525
vt 0.906627 0.161555
vt 0.906627 0.181411
vt 0.866331 0.181093
vt 0.866331 0.161237
vt 0.675829 0.714831
vt 0.675829 0.755125
vt 0.655972 0.755282
vt 0.655972 0.714987
vt 0.616259 0.755595
vt 0.596403 0.755752
vt 0.596403 0.715457
vt 0.616259 0.715301
vt 0.660166 0.566926
vt 0.660166 0.569954
vt 0.664471 0.566926
vt 0.664471 0.569955
vt 0.660166 0.476652
vt 0.660166 0.479681
vt 0.664471 0.476653
vt 0.664471 0.479681
vt 0.660166 0.386379
vt 0.660166 0.389407
vt 0.664471 0.386379
vt 0.664471 0.389408
vt 0.660166 0.606497
vt 0.664471 0.606497
vt 0.660166 0.516224
vt 0.664471 0.516224
vt 0.660166 0.425950
vt 0.664471 0.425950
vt 0.660166 0.552493
vt 0.664471 0.552493
vt 0.660166 0.462219
vt 0.664471 0.462219
vt 0.660166 0.335677
vt 0.660166 0.371946
vt 0.664471 0.335677
vt 0.664471 0.371946
vt 0.660166 0.554812
vt 0.664471 0.554812
vt 0.660166 0.464539
vt 0.664471 0.464539
vt 0.660166 0.374265
vt 0.664471 0.374265
vt 0.640409 0.686290
vt 0.640409 0.707475
vt 0.636116 0.707509
vt 0.636116 0.686324
vt 0.631822 0.707543
vt 0.631822 0.686358
vt 0.376966 0.791905
vt 0.390289 0.792011
vt 0.390289 0.796304
vt 0.376966 0.796199
vt 0.390289 0.800597
vt 0.376966 0.800492
vt 0.640409 0.672968
vt 0.636116 0.673002
vt 0.631822 0.673036
vt 0.636116 0.660607
vt 0.640409 0.660574
vt 0.631822 0.660641
vt 0.441524 0.660428
vt 0.441426 0.672823
vt 0.450013 0.672823
vt 0.450111 0.660428
vt 0.364571 0.791808
vt 0.364571 0.776245
vt 0.364571 0.815957
vt 0.364571 0.800395
vt 0.364272 0.791030
vt 0.364272 0.774691
vt 0.364272 0.817506
vt 0.364272 0.801168
vt 0.445711 0.673920
vt 0.445703 0.674966
vt 0.441314 0.674966
vt 0.440641 0.673920
vt 0.450091 0.674966
vt 0.450780 0.673920
vt 0.781827 0.917673
vt 0.781835 0.916627
vt 0.786224 0.916627
vt 0.786897 0.917673
vt 0.777447 0.916627
vt 0.776758 0.917673
vt 0.801882 0.916627
vt 0.803236 0.917673
vt 0.761788 0.916627
vt 0.760418 0.917673
vt 0.060780 0.810080
vt 0.003869 0.809631
vt 0.060780 0.805691
vt 0.060780 0.814468
vt 0.445254 0.731874
vt 0.782284 0.859719
vt 0.783693 0.859719
vt 0.780876 0.859719
vt 0.640409 0.715110
vt 0.640409 0.755405
vt 0.636116 0.755439
vt 0.636116 0.715144
vt 0.631822 0.755473
vt 0.631822 0.715178
vt 0.662318 0.566926
vt 0.662318 0.569955
vt 0.662318 0.476653
vt 0.662318 0.479681
vt 0.662318 0.386379
vt 0.662318 0.389407
vt 0.662318 0.606497
vt 0.662318 0.516224
vt 0.662318 0.425950
vt 0.662318 0.552493
vt 0.662318 0.462219
vt 0.662318 0.335677
vt 0.662318 0.371946
vt 0.662318 0.554812
vt 0.662318 0.464539
vt 0.662318 0.374265
vt 0.906627 0.137405
vt 0.866331 0.137087
vt 0.906627 0.145992
vt 0.866331 0.145674
vt 0.441796 0.625922
vt 0.441629 0.647107
vt 0.450383 0.625922
vt 0.450216 0.647107
vt 0.752681 0.685808
vt 0.752681 0.705409
vt 0.731496 0.705254
vt 0.731496 0.685653
vt 0.731496 0.716069
vt 0.752681 0.716224
vt 0.752681 0.735825
vt 0.731496 0.735670
vt 0.634727 0.788778
vt 0.634727 0.808379
vt 0.621405 0.808282
vt 0.621405 0.788681
vt 0.621405 0.819097
vt 0.634727 0.819194
vt 0.634727 0.838795
vt 0.621405 0.838697
vt 0.723861 0.685597
vt 0.723861 0.705198
vt 0.683567 0.704903
vt 0.683567 0.685303
vt 0.683567 0.715718
vt 0.723861 0.716013
vt 0.723861 0.735614
vt 0.683567 0.735319
vt 0.862474 0.871453
vt 0.867882 0.871413
vt 0.867882 0.911707
vt 0.862474 0.911746
vt 0.873289 0.871374
vt 0.873289 0.911667
vt 0.723861 0.710606
vt 0.683567 0.710311
vt 0.305668 0.918184
vt 0.300141 0.918184
vt 0.306085 0.861278
vt 0.311195 0.918184
vt 0.816471 0.860293
vt 0.821968 0.859719
vt 0.821968 0.916935
vt 0.810974 0.860868
vt 0.647420 0.807495
vt 0.647420 0.786917
vt 0.648219 0.786923
vt 0.648219 0.807501
vt 0.648219 0.840848
vt 0.647420 0.840842
vt 0.647420 0.820264
vt 0.648219 0.820270
vt 0.271856 0.686233
vt 0.271856 0.706811
vt 0.271057 0.706805
vt 0.271057 0.686227
vt 0.271057 0.652880
vt 0.271856 0.652886
vt 0.271856 0.673464
vt 0.271057 0.673458
vt 0.647420 0.813879
vt 0.648219 0.813885
vt 0.271856 0.679849
vt 0.271057 0.679843
vt 0.647122 0.808470
vt 0.647122 0.788869
vt 0.647122 0.838886
vt 0.647122 0.819285
vt 0.647122 0.813877
vt 0.272154 0.679851
vt 0.272154 0.685258
vt 0.272154 0.674443
vt 0.634727 0.813787
vt 0.284549 0.679941
vt 0.284549 0.685349
vt 0.284549 0.674534
vt 0.621405 0.813689
vt 0.600220 0.813534
vt 0.600220 0.808126
vt 0.600220 0.818942
vt 0.752681 0.710817
vt 0.731496 0.710662
vt 0.723861 0.660589
vt 0.683567 0.660294
vt 0.723861 0.760623
vt 0.683567 0.760328
vt 0.270011 0.705082
vt 0.270011 0.730330
vt 0.213102 0.682966
vt 0.213102 0.681192
vt 0.213102 0.675871
vt 0.270011 0.629340
vt 0.270011 0.654588
vt 0.213102 0.677645
vt 0.271057 0.733768
vt 0.271057 0.625918
vt 0.271856 0.733774
vt 0.271856 0.625923
vt 0.272154 0.704859
vt 0.272154 0.729867
vt 0.272154 0.629834
vt 0.272154 0.654842
vt 0.284549 0.704950
vt 0.284549 0.729958
vt 0.284549 0.629925
vt 0.284549 0.654933
vt 0.752681 0.660800
vt 0.731496 0.660645
vt 0.752681 0.760834
vt 0.731496 0.760678
vt 0.684430 0.952146
vt 0.683157 0.952146
vt 0.683157 0.948940
vt 0.684430 0.948940
vt 0.022884 0.943124
vt 0.022884 0.939919
vt 0.024156 0.939919
vt 0.024156 0.943124
vt 0.900123 0.939042
vt 0.901395 0.939042
vt 0.901395 0.942248
vt 0.900123 0.942248
vt 0.014152 0.949535
vt 0.014152 0.952740
vt 0.012879 0.952740
vt 0.012879 0.949535
vt 0.005141 0.952740
vt 0.003869 0.952740
vt 0.003869 0.949535
vt 0.005141 0.949535
vt 0.693440 0.948940
vt 0.693440 0.952146
vt 0.692168 0.952146
vt 0.692168 0.948940
vt 0.683157 0.945735
vt 0.684430 0.945735
vt 0.022884 0.946329
vt 0.024156 0.946330
vt 0.901395 0.945453
vt 0.900123 0.945453
vt 0.014152 0.946330
vt 0.012879 0.946330
vt 0.003869 0.946329
vt 0.005141 0.946330
vt 0.693440 0.945735
vt 0.692168 0.945735
vt 0.683157 0.942530
vt 0.684430 0.942530
vt 0.022884 0.949535
vt 0.024156 0.949535
vt 0.901395 0.948658
vt 0.900123 0.948658
vt 0.014152 0.943124
vt 0.012879 0.943124
vt 0.003869 0.943124
vt 0.005141 0.943124
vt 0.693440 0.942530
vt 0.692168 0.942530
vt 0.683157 0.939324
vt 0.684430 0.939324
vt 0.022884 0.952740
vt 0.024156 0.952740
vt 0.901395 0.951864
vt 0.900123 0.951864
vt 0.014152 0.939919
vt 0.012879 0.939919
vt 0.003869 0.939919
vt 0.005141 0.939919
vt 0.693440 0.939324
vt 0.692168 0.939324
vt 0.945400 0.160715
vt 0.944127 0.160715
vt 0.944127 0.156758
vt 0.945400 0.156758
vt 0.945847 0.357431
vt 0.945847 0.361388
vt 0.944574 0.361388
vt 0.944574 0.357431
vt 0.945403 0.413492
vt 0.944130 0.413492
vt 0.944130 0.409534
vt 0.945403 0.409534
vt 0.944156 0.178376
vt 0.944156 0.174419
vt 0.945429 0.174419
vt 0.945429 0.178376
vt 0.943623 0.482198
vt 0.944896 0.482198
vt 0.944896 0.486156
vt 0.943623 0.486156
vt 0.944503 0.288725
vt 0.944503 0.284768
vt 0.945776 0.284768
vt 0.945776 0.288725
vt 0.944127 0.152801
vt 0.945400 0.152801
vt 0.945847 0.353474
vt 0.944574 0.353474
vt 0.944130 0.405577
vt 0.945403 0.405577
vt 0.944156 0.182333
vt 0.945429 0.182333
vt 0.944896 0.490113
vt 0.943623 0.490113
vt 0.944503 0.292683
vt 0.945776 0.292683
vt 0.944127 0.148844
vt 0.945400 0.148844
vt 0.945847 0.349517
vt 0.944574 0.349517
vt 0.944130 0.401620
vt 0.945403 0.401620
vt 0.944156 0.186290
vt 0.945429 0.186290
vt 0.944896 0.494070
vt 0.943623 0.494070
vt 0.944503 0.296640
vt 0.945776 0.296640
vt 0.944127 0.144886
vt 0.945400 0.144886
vt 0.945847 0.345560
vt 0.944574 0.345560
vt 0.944130 0.397663
vt 0.945403 0.397663
vt 0.944156 0.190247
vt 0.945429 0.190247
vt 0.944896 0.498027
vt 0.943623 0.498027
vt 0.944503 0.300597
vt 0.945776 0.300597
vt 0.138718 0.925501
vt 0.138204 0.926071
vt 0.119737 0.931584
vt 0.119217 0.931008
vt 0.547149 0.934125
vt 0.547663 0.933555
vt 0.053153 0.929153
vt 0.052632 0.928577
vt 0.822193 0.927675
vt 0.821679 0.928246
vt 0.034138 0.929153
vt 0.033617 0.928577
vt 0.138729 0.928504
vt 0.138213 0.928504
vt 0.119714 0.928555
vt 0.119198 0.928555
vt 0.547138 0.931122
vt 0.547654 0.931122
vt 0.053129 0.926124
vt 0.052613 0.926124
vt 0.822204 0.930678
vt 0.821688 0.930678
vt 0.034114 0.926124
vt 0.033598 0.926124
vt 0.138741 0.931507
vt 0.138223 0.930936
vt 0.119690 0.925526
vt 0.119179 0.926102
vt 0.547127 0.928119
vt 0.547645 0.928690
vt 0.053106 0.923095
vt 0.052594 0.923671
vt 0.822215 0.933681
vt 0.821698 0.933110
vt 0.034091 0.923095
vt 0.033579 0.923671
vt 0.780956 0.099249
vt 0.757911 0.098564
vt 0.783921 0.365064
vt 0.806963 0.364616
vt 0.781027 0.167754
vt 0.757983 0.167069
vt 0.783921 0.434159
vt 0.806963 0.433710
vt 0.781098 0.236259
vt 0.758054 0.235573
vt 0.783921 0.503254
vt 0.806963 0.502805
vt 0.780513 0.101546
vt 0.757914 0.101567
vt 0.784366 0.367386
vt 0.806963 0.367645
vt 0.780584 0.170051
vt 0.757986 0.170071
vt 0.784366 0.436480
vt 0.806963 0.436739
vt 0.780655 0.238556
vt 0.758057 0.238576
vt 0.784366 0.505575
vt 0.806963 0.505834
vt 0.780961 0.103846
vt 0.757918 0.104570
vt 0.783921 0.369700
vt 0.806963 0.370673
vt 0.781032 0.172350
vt 0.757989 0.173074
vt 0.783921 0.438795
vt 0.806963 0.439768
vt 0.781103 0.240855
vt 0.758060 0.241579
vt 0.783921 0.507890
vt 0.806963 0.508863
vt 0.779931 0.933773
vt 0.778885 0.934284
vt 0.778846 0.931779
vt 0.779911 0.931749
vt 0.506963 0.931515
vt 0.506960 0.934028
vt 0.505901 0.933516
vt 0.505892 0.931485
vt 0.301226 0.934284
vt 0.300179 0.934795
vt 0.300141 0.932290
vt 0.301206 0.932259
vt 0.771109 0.931799
vt 0.771106 0.934312
vt 0.770047 0.933800
vt 0.770038 0.931769
vt 0.567233 0.933649
vt 0.566187 0.934159
vt 0.566148 0.931654
vt 0.567213 0.931624
vt 0.276993 0.931746
vt 0.276990 0.934260
vt 0.275931 0.933747
vt 0.275922 0.931716
vt 0.779310 0.929483
vt 0.780292 0.929891
vt 0.506464 0.929212
vt 0.505483 0.929622
vt 0.300604 0.929993
vt 0.301586 0.930402
vt 0.770610 0.929496
vt 0.769629 0.929905
vt 0.566612 0.929358
vt 0.567594 0.929766
vt 0.276494 0.929443
vt 0.275513 0.929853
vt 0.780596 0.927528
vt 0.781328 0.928306
vt 0.505144 0.927251
vt 0.504418 0.928031
vt 0.301890 0.928039
vt 0.302622 0.928816
vt 0.769289 0.927535
vt 0.768564 0.928315
vt 0.567897 0.927404
vt 0.568630 0.928181
vt 0.275174 0.927482
vt 0.274448 0.928262
vt 0.782384 0.925783
vt 0.782765 0.926887
vt 0.503321 0.925500
vt 0.502954 0.926608
vt 0.303678 0.926294
vt 0.304059 0.927398
vt 0.767467 0.925784
vt 0.767099 0.926892
vt 0.569685 0.925658
vt 0.570067 0.926763
vt 0.273351 0.925731
vt 0.272984 0.926839
vt 0.882312 0.944857
vt 0.881039 0.944857
vt 0.881031 0.941833
vt 0.882303 0.941833
vt 0.945916 0.756458
vt 0.945924 0.759482
vt 0.944651 0.759482
vt 0.944643 0.756458
vt 0.947293 0.904950
vt 0.946021 0.904950
vt 0.946012 0.901926
vt 0.947285 0.901926
vt 0.947228 0.239587
vt 0.947236 0.242611
vt 0.945963 0.242611
vt 0.945955 0.239587
vt 0.945924 0.782250
vt 0.944651 0.782250
vt 0.944643 0.779226
vt 0.945916 0.779226
vt 0.945882 0.516454
vt 0.945890 0.519478
vt 0.944618 0.519478
vt 0.944609 0.516454
vt 0.881027 0.938807
vt 0.882300 0.938807
vt 0.945912 0.753431
vt 0.944639 0.753431
vt 0.946009 0.898899
vt 0.947281 0.898899
vt 0.947224 0.236561
vt 0.945951 0.236561
vt 0.944639 0.776200
vt 0.945912 0.776200
vt 0.945878 0.513427
vt 0.944606 0.513427
vt 0.881031 0.935776
vt 0.882303 0.935776
vt 0.945916 0.750401
vt 0.944643 0.750401
vt 0.946012 0.895869
vt 0.947285 0.895869
vt 0.947228 0.233530
vt 0.945955 0.233530
vt 0.944643 0.773169
vt 0.945916 0.773170
vt 0.945882 0.510397
vt 0.944609 0.510397
vt 0.881039 0.932743
vt 0.882312 0.932743
vt 0.945924 0.747368
vt 0.944651 0.747368
vt 0.946021 0.892836
vt 0.947293 0.892836
vt 0.947236 0.230497
vt 0.945963 0.230497
vt 0.944651 0.770137
vt 0.945924 0.770137
vt 0.945890 0.507364
vt 0.944618 0.507364
vt 0.962103 0.109328
vt 0.960831 0.109328
vt 0.960831 0.106874
vt 0.962103 0.106874
vt 0.962165 0.924396
vt 0.962165 0.926850
vt 0.960892 0.926850
vt 0.960892 0.924396
vt 0.961944 0.054019
vt 0.960671 0.054019
vt 0.960671 0.051565
vt 0.961944 0.051565
vt 0.960927 0.734390
vt 0.960927 0.736844
vt 0.959655 0.736844
vt 0.959655 0.734390
vt 0.960953 0.693102
vt 0.959680 0.693102
vt 0.959680 0.690648
vt 0.960953 0.690648
vt 0.962165 0.943178
vt 0.962165 0.945632
vt 0.960892 0.945632
vt 0.960892 0.943178
vt 0.960831 0.104421
vt 0.962103 0.104421
vt 0.962165 0.921943
vt 0.960892 0.921943
vt 0.960671 0.049111
vt 0.961944 0.049111
vt 0.960927 0.731936
vt 0.959655 0.731936
vt 0.959680 0.688195
vt 0.960953 0.688195
vt 0.962165 0.940725
vt 0.960892 0.940725
vt 0.960831 0.101968
vt 0.962103 0.101968
vt 0.962165 0.919490
vt 0.960892 0.919490
vt 0.960671 0.046659
vt 0.961944 0.046659
vt 0.960927 0.729484
vt 0.959655 0.729484
vt 0.959680 0.685742
vt 0.960953 0.685742
vt 0.962165 0.938272
vt 0.960892 0.938272
vt 0.960831 0.099516
vt 0.962103 0.099516
vt 0.962165 0.917038
vt 0.960892 0.917038
vt 0.960671 0.044206
vt 0.961944 0.044206
vt 0.960927 0.727031
vt 0.959655 0.727031
vt 0.959680 0.683290
vt 0.960953 0.683290
vt 0.962165 0.935820
vt 0.960892 0.935820
vt 0.788119 0.095826
vt 0.787666 0.094671
vt 0.776754 0.361536
vt 0.777206 0.360376
vt 0.788190 0.164330
vt 0.787738 0.163176
vt 0.776754 0.430630
vt 0.777206 0.429471
vt 0.788261 0.232835
vt 0.787809 0.231681
vt 0.776754 0.499725
vt 0.777206 0.498566
vt 0.785758 0.094980
vt 0.785757 0.093865
vt 0.779114 0.360707
vt 0.779114 0.359583
vt 0.785829 0.163484
vt 0.785828 0.162370
vt 0.779114 0.429802
vt 0.779114 0.428678
vt 0.785900 0.231989
vt 0.785899 0.230875
vt 0.779114 0.498896
vt 0.779114 0.497773
vt 0.783727 0.095814
vt 0.783849 0.094661
vt 0.781146 0.361571
vt 0.781023 0.360406
vt 0.783798 0.164319
vt 0.783920 0.163166
vt 0.781146 0.430665
vt 0.781023 0.429501
vt 0.783869 0.232824
vt 0.783991 0.231670
vt 0.781146 0.499760
vt 0.781023 0.498595
vt 0.787638 0.066941
vt 0.777206 0.332407
vt 0.787709 0.135445
vt 0.777206 0.401501
vt 0.787780 0.203950
vt 0.777206 0.470596
vt 0.785729 0.066936
vt 0.779114 0.332422
vt 0.785800 0.135440
vt 0.779114 0.401516
vt 0.785871 0.203945
vt 0.779114 0.470611
vt 0.783820 0.066930
vt 0.781023 0.332437
vt 0.783891 0.135435
vt 0.781023 0.401531
vt 0.783962 0.203940
vt 0.781023 0.470626
vt 0.784468 0.925410
vt 0.784412 0.926561
vt 0.501220 0.925127
vt 0.501293 0.926281
vt 0.305762 0.925921
vt 0.305707 0.927072
vt 0.765366 0.925410
vt 0.765438 0.926565
vt 0.571770 0.925286
vt 0.571714 0.926436
vt 0.271250 0.925358
vt 0.271323 0.926512
vt 0.786664 0.925413
vt 0.786186 0.926575
vt 0.499013 0.925130
vt 0.499510 0.926295
vt 0.307958 0.925924
vt 0.307480 0.927086
vt 0.763159 0.925413
vt 0.763656 0.926579
vt 0.573965 0.925289
vt 0.573487 0.926451
vt 0.269043 0.925361
vt 0.269540 0.926527
vt 0.788523 0.927096
vt 0.787754 0.927950
vt 0.497167 0.926818
vt 0.497953 0.927674
vt 0.309817 0.927607
vt 0.309048 0.928461
vt 0.761313 0.927102
vt 0.762099 0.927958
vt 0.575825 0.926972
vt 0.575056 0.927826
vt 0.267197 0.927049
vt 0.267983 0.927905
vt 0.789433 0.928715
vt 0.788387 0.929226
vt 0.496276 0.928442
vt 0.497334 0.928954
vt 0.310728 0.929226
vt 0.309682 0.929736
vt 0.760421 0.928725
vt 0.761480 0.929238
vt 0.576735 0.928590
vt 0.575689 0.929101
vt 0.266306 0.928673
vt 0.267365 0.929185
vt 0.881054 0.931227
vt 0.882327 0.931227
vt 0.945939 0.745852
vt 0.944666 0.745852
vt 0.946036 0.891320
vt 0.947308 0.891320
vt 0.947251 0.228981
vt 0.945978 0.228981
vt 0.944666 0.768620
vt 0.945939 0.768620
vt 0.945905 0.505848
vt 0.944633 0.505848
vt 0.664723 0.982432
vt 0.665771 0.982425
vt 0.665144 0.984446
vt 0.664095 0.984454
vt 0.117897 0.984144
vt 0.118524 0.982122
vt 0.119573 0.982114
vt 0.118946 0.984136
vt 0.863101 0.982289
vt 0.864150 0.982281
vt 0.863523 0.984303
vt 0.862474 0.984311
vt 0.127499 0.984041
vt 0.128126 0.982019
vt 0.129175 0.982011
vt 0.128547 0.984033
vt 0.761045 0.982200
vt 0.762094 0.982192
vt 0.761467 0.984214
vt 0.760418 0.984222
vt 0.108484 0.984144
vt 0.109111 0.982122
vt 0.110160 0.982114
vt 0.109532 0.984136
vt 0.665771 0.986816
vt 0.664723 0.986824
vt 0.118524 0.986513
vt 0.119573 0.986506
vt 0.864150 0.986673
vt 0.863101 0.986680
vt 0.128126 0.986410
vt 0.129175 0.986402
vt 0.762094 0.986583
vt 0.761045 0.986591
vt 0.109111 0.986513
vt 0.110160 0.986506
vt 0.946204 0.204512
vt 0.947476 0.204512
vt 0.947476 0.206020
vt 0.946204 0.206020
vt 0.947374 0.005376
vt 0.947374 0.003869
vt 0.948647 0.003869
vt 0.948647 0.005376
vt 0.947195 0.626688
vt 0.948467 0.626688
vt 0.948467 0.628196
vt 0.947195 0.628196
vt 0.947782 0.603709
vt 0.947782 0.602202
vt 0.949055 0.602202
vt 0.949055 0.603709
vt 0.946036 0.374147
vt 0.947308 0.374147
vt 0.947308 0.375655
vt 0.946036 0.375655
vt 0.948811 0.427028
vt 0.948811 0.425521
vt 0.950083 0.425521
vt 0.950083 0.427028
vt 0.402903 0.954524
vt 0.404175 0.954524
vt 0.404184 0.955751
vt 0.402912 0.955751
vt 0.547134 0.957042
vt 0.547125 0.955815
vt 0.548397 0.955815
vt 0.548406 0.957042
vt 0.810983 0.955371
vt 0.812256 0.955371
vt 0.812265 0.956598
vt 0.810992 0.956598
vt 0.950670 0.695466
vt 0.950661 0.694239
vt 0.951933 0.694239
vt 0.951942 0.695466
vt 0.932026 0.954402
vt 0.933299 0.954402
vt 0.933308 0.955629
vt 0.932035 0.955629
vt 0.820021 0.956598
vt 0.820012 0.955371
vt 0.821285 0.955371
vt 0.821294 0.956598
vt 0.962204 0.162953
vt 0.963036 0.162946
vt 0.962371 0.164916
vt 0.961539 0.164922
vt 0.797451 0.650260
vt 0.798116 0.648291
vt 0.798949 0.648284
vt 0.798284 0.650253
vt 0.970367 0.192456
vt 0.971200 0.192449
vt 0.970535 0.194418
vt 0.969702 0.194425
vt 0.944639 0.793365
vt 0.945304 0.791396
vt 0.946137 0.791389
vt 0.945472 0.793358
vt 0.979078 0.362592
vt 0.979911 0.362585
vt 0.979246 0.364555
vt 0.978413 0.364561
vt 0.978937 0.194425
vt 0.979602 0.192456
vt 0.980435 0.192449
vt 0.979770 0.194418
vt 0.963036 0.166565
vt 0.962204 0.166571
vt 0.798116 0.651909
vt 0.798949 0.651903
vt 0.971200 0.196068
vt 0.970367 0.196074
vt 0.945304 0.795014
vt 0.946137 0.795008
vt 0.979911 0.366204
vt 0.979078 0.366210
vt 0.979602 0.196074
vt 0.980435 0.196068
vt 0.962103 0.110560
vt 0.960831 0.110560
vt 0.962165 0.928082
vt 0.960892 0.928082
vt 0.961944 0.055251
vt 0.960671 0.055251
vt 0.960927 0.738076
vt 0.959655 0.738076
vt 0.960953 0.694334
vt 0.959680 0.694334
vt 0.962165 0.946864
vt 0.960892 0.946864
vt 0.598311 0.808113
vt 0.598311 0.788512
vt 0.600220 0.788526
vt 0.598311 0.838528
vt 0.598311 0.818928
vt 0.600220 0.838542
vt 0.729587 0.705240
vt 0.727678 0.705226
vt 0.727678 0.685625
vt 0.729587 0.685639
vt 0.727678 0.735642
vt 0.727678 0.716041
vt 0.729587 0.716055
vt 0.729587 0.735656
vt 0.725770 0.705212
vt 0.725770 0.685611
vt 0.725770 0.735628
vt 0.725770 0.716027
vt 0.598311 0.813520
vt 0.729587 0.710648
vt 0.596403 0.813506
vt 0.596403 0.808099
vt 0.596403 0.818914
vt 0.727678 0.710634
vt 0.725770 0.710620
vt 0.598311 0.763503
vt 0.600220 0.763517
vt 0.598311 0.863537
vt 0.600220 0.863551
vt 0.596403 0.788498
vt 0.596403 0.763489
vt 0.596403 0.863523
vt 0.596403 0.838514
vt 0.727678 0.660617
vt 0.729587 0.660631
vt 0.727678 0.760651
vt 0.729587 0.760664
vt 0.725770 0.660603
vt 0.725770 0.760637
vt 0.783740 0.108333
vt 0.781146 0.374197
vt 0.783811 0.176838
vt 0.781146 0.443292
vt 0.783882 0.245343
vt 0.784034 0.272444
vt 0.781146 0.512387
vt 0.781023 0.539720
vt 0.785772 0.108718
vt 0.779114 0.374564
vt 0.785843 0.177223
vt 0.779114 0.443659
vt 0.785915 0.245727
vt 0.785942 0.272449
vt 0.779114 0.512753
vt 0.779114 0.539706
vt 0.788132 0.108346
vt 0.776754 0.374164
vt 0.788203 0.176851
vt 0.776754 0.443258
vt 0.788274 0.245355
vt 0.787851 0.272455
vt 0.776755 0.512353
vt 0.777206 0.539691
vt 0.788131 0.107233
vt 0.776754 0.373042
vt 0.788202 0.175738
vt 0.776754 0.442136
vt 0.788273 0.244243
vt 0.776754 0.511231
vt 0.785772 0.108207
vt 0.779114 0.374049
vt 0.785843 0.176712
vt 0.779114 0.443143
vt 0.785914 0.245216
vt 0.779114 0.512238
vt 0.783739 0.107221
vt 0.781146 0.373075
vt 0.783810 0.175726
vt 0.781146 0.442170
vt 0.783881 0.244230
vt 0.781146 0.511265
vt 0.785554 0.936112
vt 0.785935 0.937216
vt 0.784182 0.937646
vt 0.784237 0.936495
vt 0.501683 0.937401
vt 0.499914 0.936970
vt 0.500282 0.935862
vt 0.501611 0.936247
vt 0.306848 0.936622
vt 0.307229 0.937727
vt 0.305476 0.938156
vt 0.305532 0.937006
vt 0.765829 0.937685
vt 0.764060 0.937254
vt 0.764428 0.936146
vt 0.765756 0.936530
vt 0.572855 0.935987
vt 0.573237 0.937091
vt 0.571483 0.937521
vt 0.571539 0.936371
vt 0.271713 0.937632
vt 0.269944 0.937201
vt 0.270312 0.936093
vt 0.271641 0.936478
vt 0.781630 0.937646
vt 0.782108 0.936484
vt 0.504248 0.937401
vt 0.503751 0.936235
vt 0.302924 0.938156
vt 0.303402 0.936994
vt 0.768394 0.937685
vt 0.767897 0.936519
vt 0.568932 0.937521
vt 0.569410 0.936359
vt 0.274278 0.937632
vt 0.273781 0.936466
vt 0.780127 0.935959
vt 0.780896 0.935105
vt 0.505735 0.935709
vt 0.504950 0.934852
vt 0.301421 0.936469
vt 0.302191 0.935616
vt 0.769881 0.935992
vt 0.769096 0.935136
vt 0.567429 0.935834
vt 0.568198 0.934981
vt 0.275765 0.935940
vt 0.274980 0.935083
vt 0.946204 0.218134
vt 0.947476 0.218134
vt 0.947476 0.219545
vt 0.946204 0.219545
vt 0.947374 0.018902
vt 0.947374 0.017490
vt 0.948647 0.017490
vt 0.948647 0.018902
vt 0.947195 0.640310
vt 0.948467 0.640310
vt 0.948467 0.641721
vt 0.947195 0.641721
vt 0.947782 0.617235
vt 0.947782 0.615823
vt 0.949055 0.615823
vt 0.949055 0.617235
vt 0.946036 0.387769
vt 0.947308 0.387769
vt 0.947308 0.389180
vt 0.946036 0.389180
vt 0.948811 0.440553
vt 0.948811 0.439142
vt 0.950083 0.439142
vt 0.950083 0.440553
vt 0.724214 0.985659
vt 0.723381 0.985666
vt 0.722404 0.983300
vt 0.723237 0.983294
vt 0.319766 0.983660
vt 0.320743 0.986025
vt 0.319910 0.986032
vt 0.318933 0.983666
vt 0.201079 0.985298
vt 0.200246 0.985304
vt 0.199270 0.982939
vt 0.200102 0.982932
vt 0.329313 0.983660
vt 0.330290 0.986025
vt 0.329457 0.986032
vt 0.328480 0.983666
vt 0.389605 0.984919
vt 0.388773 0.984926
vt 0.387796 0.982561
vt 0.388628 0.982554
vt 0.705430 0.982918
vt 0.706406 0.985283
vt 0.705574 0.985290
vt 0.704597 0.982924
vt 0.723381 0.981274
vt 0.724214 0.981268
vt 0.320743 0.981634
vt 0.319910 0.981640
vt 0.200246 0.980913
vt 0.201079 0.980906
vt 0.330290 0.981634
vt 0.329457 0.981640
vt 0.388773 0.980534
vt 0.389605 0.980528
vt 0.706406 0.980892
vt 0.705574 0.980898
vt 0.882327 0.946258
vt 0.881054 0.946258
vt 0.945939 0.760883
vt 0.944666 0.760883
vt 0.947308 0.906351
vt 0.946036 0.906351
vt 0.947251 0.244012
vt 0.945978 0.244012
vt 0.945939 0.783652
vt 0.944666 0.783652
vt 0.945905 0.520879
vt 0.944633 0.520879
vt 0.980497 0.165814
vt 0.979456 0.165689
vt 0.978998 0.164210
vt 0.980039 0.164335
vt 0.091124 0.982505
vt 0.091581 0.983984
vt 0.090540 0.983859
vt 0.090082 0.982380
vt 0.974173 0.091302
vt 0.973132 0.091177
vt 0.972674 0.089698
vt 0.973715 0.089823
vt 0.042949 0.983157
vt 0.043407 0.984636
vt 0.042366 0.984511
vt 0.041908 0.983032
vt 0.033782 0.984636
vt 0.032740 0.984511
vt 0.032283 0.983032
vt 0.033324 0.983157
vt 0.983341 0.089823
vt 0.983798 0.091302
vt 0.982757 0.091177
vt 0.982299 0.089698
vt 0.978609 0.162492
vt 0.979651 0.162618
vt 0.090735 0.980788
vt 0.089694 0.980663
vt 0.972286 0.087980
vt 0.973327 0.088105
vt 0.042561 0.981439
vt 0.041519 0.981314
vt 0.031894 0.981314
vt 0.032936 0.981439
vt 0.982952 0.088105
vt 0.981911 0.087980
vt 0.979456 0.160621
vt 0.980497 0.160746
vt 0.091581 0.978916
vt 0.090540 0.978791
vt 0.973132 0.086108
vt 0.974173 0.086233
vt 0.043407 0.979567
vt 0.042366 0.979442
vt 0.032740 0.979442
vt 0.033782 0.979567
vt 0.983798 0.086233
vt 0.982757 0.086108
vt 0.402912 0.943574
vt 0.404184 0.943574
vt 0.404175 0.944712
vt 0.402903 0.944712
vt 0.547125 0.946003
vt 0.547134 0.944865
vt 0.548406 0.944866
vt 0.548397 0.946003
vt 0.810992 0.944421
vt 0.812265 0.944421
vt 0.812256 0.945559
vt 0.810983 0.945559
vt 0.950661 0.684427
vt 0.950670 0.683290
vt 0.951942 0.683290
vt 0.951933 0.684427
vt 0.932035 0.943452
vt 0.933308 0.943453
vt 0.933299 0.944590
vt 0.932026 0.944590
vt 0.820012 0.945559
vt 0.820021 0.944421
vt 0.821294 0.944421
vt 0.821285 0.945559
vt 0.928141 0.622058
vt 0.928141 0.602202
vt 0.930050 0.602217
vt 0.930050 0.622073
vt 0.934375 0.695728
vt 0.932467 0.695713
vt 0.932467 0.675857
vt 0.934375 0.675872
vt 0.675829 0.709105
vt 0.655972 0.709261
vt 0.596403 0.709731
vt 0.616259 0.709575
vt 0.675829 0.711013
vt 0.655972 0.711170
vt 0.596403 0.711640
vt 0.616259 0.711483
vt 0.862514 0.121495
vt 0.862514 0.101639
vt 0.864423 0.101654
vt 0.864423 0.121510
vt 0.864423 0.181078
vt 0.862514 0.181063
vt 0.862514 0.161207
vt 0.864423 0.161222
vt 0.936868 0.505863
vt 0.936868 0.525719
vt 0.934959 0.525704
vt 0.934959 0.505848
vt 0.936392 0.417534
vt 0.934483 0.417519
vt 0.934483 0.397663
vt 0.936392 0.397678
vt 0.675829 0.712922
vt 0.655972 0.713079
vt 0.596403 0.713549
vt 0.616259 0.713392
vt 0.640409 0.709384
vt 0.636116 0.709418
vt 0.631822 0.709452
vt 0.640409 0.711293
vt 0.636116 0.711327
vt 0.631822 0.711360
vt 0.862514 0.141351
vt 0.862514 0.137057
vt 0.864423 0.137072
vt 0.864423 0.141366
vt 0.864423 0.145659
vt 0.862514 0.145644
vt 0.881027 0.958289
vt 0.881027 0.953996
vt 0.882936 0.954011
vt 0.882936 0.958304
vt 0.882936 0.962598
vt 0.881027 0.962583
vt 0.640409 0.713201
vt 0.636116 0.713235
vt 0.631822 0.713269
vt 0.866331 0.141381
vt 0.928141 0.637620
vt 0.930050 0.637635
vt 0.932467 0.660294
vt 0.934375 0.660309
vt 0.860605 0.137042
vt 0.860605 0.121480
vt 0.860605 0.161192
vt 0.860605 0.145629
vt 0.829877 0.099383
vt 0.790569 0.099276
vt 0.735002 0.364684
vt 0.774308 0.364990
vt 0.829949 0.167888
vt 0.790640 0.167780
vt 0.735002 0.433779
vt 0.774308 0.434084
vt 0.830020 0.236393
vt 0.790712 0.236285
vt 0.735002 0.502874
vt 0.774308 0.503179
vt 0.829880 0.101682
vt 0.791017 0.101575
vt 0.735002 0.367002
vt 0.773863 0.367304
vt 0.829951 0.170186
vt 0.791088 0.170080
vt 0.735002 0.436097
vt 0.773863 0.436399
vt 0.830022 0.238691
vt 0.791159 0.238584
vt 0.735002 0.505192
vt 0.773863 0.505493
vt 0.829882 0.103980
vt 0.790574 0.103872
vt 0.735002 0.369320
vt 0.774308 0.369626
vt 0.829953 0.172484
vt 0.790645 0.172377
vt 0.735002 0.438415
vt 0.774308 0.438720
vt 0.830025 0.240989
vt 0.790716 0.240881
vt 0.735002 0.507510
vt 0.774308 0.507815
vt 0.789472 0.931220
vt 0.788407 0.931250
vt 0.496272 0.930955
vt 0.497343 0.930985
vt 0.310766 0.931731
vt 0.309702 0.931761
vt 0.760418 0.931239
vt 0.761489 0.931269
vt 0.576774 0.931096
vt 0.575709 0.931126
vt 0.266302 0.931186
vt 0.267373 0.931216
vt 0.789008 0.933516
vt 0.788027 0.933108
vt 0.496771 0.933258
vt 0.497753 0.932849
vt 0.310303 0.934027
vt 0.309321 0.933619
vt 0.760917 0.933542
vt 0.761898 0.933132
vt 0.576310 0.933392
vt 0.575328 0.932983
vt 0.266801 0.933489
vt 0.267783 0.933080
vt 0.787723 0.935471
vt 0.786990 0.934693
vt 0.498092 0.935219
vt 0.498817 0.934439
vt 0.309017 0.935981
vt 0.308285 0.935204
vt 0.762238 0.935503
vt 0.762963 0.934723
vt 0.575025 0.935346
vt 0.574292 0.934569
vt 0.268122 0.935450
vt 0.268847 0.934670
vt 0.947476 0.209047
vt 0.946204 0.209047
vt 0.947374 0.008404
vt 0.948647 0.008404
vt 0.948467 0.631223
vt 0.947195 0.631223
vt 0.947782 0.606737
vt 0.949055 0.606737
vt 0.947308 0.378682
vt 0.946036 0.378682
vt 0.948811 0.430056
vt 0.950083 0.430056
vt 0.947476 0.212075
vt 0.946204 0.212075
vt 0.947374 0.011432
vt 0.948647 0.011432
vt 0.948467 0.634251
vt 0.947195 0.634251
vt 0.947782 0.609765
vt 0.949054 0.609765
vt 0.947308 0.381710
vt 0.946036 0.381710
vt 0.948810 0.433084
vt 0.950083 0.433084
vt 0.947476 0.215104
vt 0.946204 0.215104
vt 0.947374 0.014461
vt 0.948647 0.014461
vt 0.948467 0.637280
vt 0.947195 0.637280
vt 0.947782 0.612794
vt 0.949055 0.612794
vt 0.947308 0.384739
vt 0.946036 0.384739
vt 0.948810 0.436113
vt 0.950083 0.436113
vt 0.404169 0.947168
vt 0.402896 0.947168
vt 0.547118 0.948460
vt 0.548391 0.948460
vt 0.812249 0.948015
vt 0.810977 0.948015
vt 0.950654 0.686884
vt 0.951927 0.686884
vt 0.933292 0.947047
vt 0.932020 0.947047
vt 0.820005 0.948015
vt 0.821278 0.948015
vt 0.404166 0.949623
vt 0.402893 0.949623
vt 0.547115 0.950914
vt 0.548388 0.950914
vt 0.812246 0.950470
vt 0.810974 0.950470
vt 0.950651 0.689339
vt 0.951924 0.689339
vt 0.933289 0.949501
vt 0.932017 0.949501
vt 0.820002 0.950470
vt 0.821275 0.950470
vt 0.404169 0.952075
vt 0.402896 0.952074
vt 0.547118 0.953366
vt 0.548391 0.953366
vt 0.812249 0.952921
vt 0.810977 0.952921
vt 0.950654 0.691790
vt 0.951927 0.691790
vt 0.933292 0.951953
vt 0.932020 0.951953
vt 0.820005 0.952921
vt 0.821278 0.952921
vt 0.445131 0.938805
vt 0.446403 0.938805
vt 0.446403 0.942011
vt 0.445131 0.942011
vt 0.892385 0.948658
vt 0.892385 0.951864
vt 0.891112 0.951864
vt 0.891112 0.948658
vt 0.223385 0.950994
vt 0.222112 0.950994
vt 0.222112 0.947788
vt 0.223385 0.947788
vt 0.251094 0.948030
vt 0.251094 0.951236
vt 0.249822 0.951236
vt 0.249822 0.948030
vt 0.437393 0.951626
vt 0.436120 0.951626
vt 0.436120 0.948420
vt 0.437393 0.948420
vt 0.214374 0.947788
vt 0.214374 0.950994
vt 0.213102 0.950994
vt 0.213102 0.947788
vt 0.446403 0.945216
vt 0.445131 0.945216
vt 0.892385 0.945452
vt 0.891112 0.945452
vt 0.222112 0.944583
vt 0.223385 0.944583
vt 0.251094 0.944824
vt 0.249822 0.944824
vt 0.436120 0.945215
vt 0.437393 0.945215
vt 0.214374 0.944583
vt 0.213102 0.944583
vt 0.446403 0.948421
vt 0.445131 0.948421
vt 0.892385 0.942247
vt 0.891112 0.942247
vt 0.222112 0.941377
vt 0.223385 0.941377
vt 0.251094 0.941619
vt 0.249822 0.941619
vt 0.436120 0.942009
vt 0.437393 0.942009
vt 0.214374 0.941377
vt 0.213102 0.941377
vt 0.446403 0.951626
vt 0.445131 0.951626
vt 0.892385 0.939042
vt 0.891112 0.939042
vt 0.222112 0.938173
vt 0.223385 0.938173
vt 0.251094 0.938414
vt 0.249822 0.938414
vt 0.436120 0.938805
vt 0.437393 0.938805
vt 0.214374 0.938173
vt 0.213102 0.938173
vt 0.944850 0.845445
vt 0.943577 0.845445
vt 0.943572 0.841491
vt 0.944845 0.841491
vt 0.944874 0.815076
vt 0.944879 0.819030
vt 0.943606 0.819030
vt 0.943601 0.815076
vt 0.944850 0.869011
vt 0.943578 0.869011
vt 0.943572 0.865057
vt 0.944845 0.865057
vt 0.944469 0.056081
vt 0.944475 0.060035
vt 0.943202 0.060035
vt 0.943197 0.056081
vt 0.944904 0.474461
vt 0.943631 0.474461
vt 0.943626 0.470507
vt 0.944898 0.470507
vt 0.854601 0.940754
vt 0.854607 0.944708
vt 0.853334 0.944708
vt 0.853329 0.940754
vt 0.943570 0.837535
vt 0.944842 0.837535
vt 0.944871 0.811120
vt 0.943599 0.811120
vt 0.943570 0.861101
vt 0.944842 0.861101
vt 0.944467 0.052125
vt 0.943194 0.052125
vt 0.943623 0.466551
vt 0.944896 0.466551
vt 0.854599 0.936798
vt 0.853326 0.936798
vt 0.943572 0.833576
vt 0.944845 0.833576
vt 0.944874 0.807162
vt 0.943601 0.807162
vt 0.943572 0.857142
vt 0.944845 0.857142
vt 0.944469 0.048166
vt 0.943197 0.048166
vt 0.943626 0.462592
vt 0.944898 0.462592
vt 0.854601 0.932840
vt 0.853329 0.932840
vt 0.943577 0.829616
vt 0.944850 0.829616
vt 0.944879 0.803202
vt 0.943606 0.803202
vt 0.943577 0.853182
vt 0.944850 0.853182
vt 0.944475 0.044206
vt 0.943202 0.044206
vt 0.943631 0.458632
vt 0.944904 0.458632
vt 0.854607 0.928880
vt 0.853334 0.928880
vt 0.127784 0.931507
vt 0.128298 0.930936
vt 0.108734 0.925526
vt 0.109255 0.926102
vt 0.558083 0.928119
vt 0.557569 0.928690
vt 0.042150 0.923095
vt 0.042670 0.923671
vt 0.811259 0.933681
vt 0.811773 0.933110
vt 0.023135 0.923095
vt 0.023655 0.923671
vt 0.127499 0.928504
vt 0.128014 0.928504
vt 0.108484 0.928555
vt 0.108999 0.928555
vt 0.558369 0.931122
vt 0.557853 0.931122
vt 0.041899 0.926124
vt 0.042415 0.926124
vt 0.810974 0.930678
vt 0.811489 0.930678
vt 0.022884 0.926124
vt 0.023400 0.926124
vt 0.127762 0.925501
vt 0.128280 0.926071
vt 0.108781 0.931584
vt 0.109293 0.931008
vt 0.558106 0.934125
vt 0.557588 0.933555
vt 0.042197 0.929153
vt 0.042708 0.928577
vt 0.811237 0.927675
vt 0.811755 0.928246
vt 0.023182 0.929153
vt 0.023693 0.928577
vt 0.735045 0.103720
vt 0.746961 0.104540
vt 0.829834 0.370057
vt 0.817919 0.370758
vt 0.735116 0.172224
vt 0.747033 0.173044
vt 0.829834 0.439151
vt 0.817919 0.439853
vt 0.735187 0.240729
vt 0.747104 0.241549
vt 0.829834 0.508246
vt 0.817919 0.508948
vt 0.735042 0.101422
vt 0.746684 0.101536
vt 0.829834 0.367739
vt 0.818193 0.367732
vt 0.735113 0.169926
vt 0.746755 0.170041
vt 0.829834 0.436834
vt 0.818193 0.436826
vt 0.735185 0.238431
vt 0.746826 0.238545
vt 0.829834 0.505928
vt 0.818193 0.505921
vt 0.735040 0.099124
vt 0.746955 0.098534
vt 0.829834 0.365421
vt 0.817919 0.364701
vt 0.735111 0.167628
vt 0.747026 0.167039
vt 0.829834 0.434516
vt 0.817919 0.433795
vt 0.735182 0.236133
vt 0.747097 0.235543
vt 0.829834 0.503610
vt 0.817919 0.502890
vt 0.596403 0.098325
vt 0.601145 0.098325
vt 0.727269 0.098325
vt 0.722526 0.098325
vt 0.596403 0.188599
vt 0.601145 0.188599
vt 0.727269 0.188599
vt 0.722526 0.188599
vt 0.596403 0.278874
vt 0.601145 0.278873
vt 0.727269 0.278874
vt 0.722526 0.278873
vt 0.596403 0.095296
vt 0.601145 0.095296
vt 0.727269 0.095296
vt 0.722526 0.095296
vt 0.596403 0.185571
vt 0.601145 0.185571
vt 0.727269 0.185571
vt 0.722526 0.185571
vt 0.596403 0.275845
vt 0.601145 0.275845
vt 0.727269 0.275845
vt 0.722526 0.275845
vt 0.596403 0.092268
vt 0.601145 0.092268
vt 0.727269 0.092268
vt 0.722526 0.092268
vt 0.596403 0.182542
vt 0.601145 0.182542
vt 0.727269 0.182542
vt 0.722526 0.182542
vt 0.596403 0.272817
vt 0.601145 0.272816
vt 0.727269 0.272817
vt 0.722526 0.272816
vt 0.916514 0.171028
vt 0.917313 0.171030
vt 0.923930 0.833284
vt 0.924729 0.833290
vt 0.916584 0.239533
vt 0.917382 0.239535
vt 0.923930 0.764189
vt 0.924729 0.764196
vt 0.916653 0.308037
vt 0.917452 0.308040
vt 0.923930 0.695095
vt 0.924729 0.695101
vt 0.916512 0.168730
vt 0.917310 0.168732
vt 0.923930 0.835602
vt 0.924729 0.835608
vt 0.916581 0.237235
vt 0.917380 0.237237
vt 0.923930 0.766507
vt 0.924729 0.766513
vt 0.916651 0.305739
vt 0.917449 0.305741
vt 0.923930 0.697413
vt 0.924729 0.697419
vt 0.916509 0.166432
vt 0.917308 0.166434
vt 0.923930 0.837920
vt 0.924729 0.837926
vt 0.916579 0.234936
vt 0.917377 0.234939
vt 0.923930 0.768825
vt 0.924729 0.768831
vt 0.916648 0.303441
vt 0.917447 0.303443
vt 0.923930 0.699731
vt 0.924729 0.699737
vt 0.600574 0.558094
vt 0.596403 0.558098
vt 0.723110 0.558098
vt 0.727264 0.558103
vt 0.600574 0.467820
vt 0.596403 0.467825
vt 0.723110 0.467825
vt 0.727264 0.467830
vt 0.600574 0.377547
vt 0.596403 0.377551
vt 0.723110 0.377551
vt 0.727264 0.377556
vt 0.600574 0.561122
vt 0.596403 0.561127
vt 0.723110 0.561127
vt 0.727264 0.561132
vt 0.600574 0.470849
vt 0.596403 0.470853
vt 0.723110 0.470853
vt 0.727264 0.470858
vt 0.600574 0.380575
vt 0.596403 0.380580
vt 0.723110 0.380580
vt 0.727264 0.380585
vt 0.600574 0.564151
vt 0.596403 0.564155
vt 0.723110 0.564155
vt 0.727264 0.564160
vt 0.600574 0.473877
vt 0.596403 0.473882
vt 0.723110 0.473882
vt 0.727264 0.473887
vt 0.600574 0.383604
vt 0.596403 0.383608
vt 0.723110 0.383608
vt 0.727264 0.383613
vt 0.658014 0.557841
vt 0.666623 0.557841
vt 0.658014 0.467567
vt 0.666623 0.467567
vt 0.658014 0.377293
vt 0.666623 0.377294
vt 0.658014 0.560869
vt 0.666623 0.560869
vt 0.658014 0.470595
vt 0.666623 0.470596
vt 0.658014 0.380322
vt 0.666623 0.380322
vt 0.658014 0.563897
vt 0.666623 0.563898
vt 0.658014 0.473624
vt 0.666623 0.473624
vt 0.658014 0.383350
vt 0.666623 0.383351
vt 0.660166 0.563898
vt 0.664471 0.563898
vt 0.660166 0.473624
vt 0.664471 0.473624
vt 0.660166 0.383350
vt 0.664471 0.383351
vt 0.660166 0.560869
vt 0.664471 0.560869
vt 0.660166 0.470596
vt 0.664471 0.470596
vt 0.660166 0.380322
vt 0.664471 0.380322
vt 0.660166 0.557841
vt 0.664471 0.557841
vt 0.660166 0.467567
vt 0.664471 0.467567
vt 0.660166 0.377294
vt 0.664471 0.377294
vt 0.662318 0.563898
vt 0.662318 0.473624
vt 0.662318 0.383351
vt 0.662318 0.560869
vt 0.662318 0.470596
vt 0.662318 0.380322
vt 0.662318 0.557841
vt 0.662318 0.467567
vt 0.662318 0.377294
vt 0.853749 0.987655
vt 0.853086 0.987655
vt 0.853086 0.985402
vt 0.853749 0.985402
vt 0.645572 0.985558
vt 0.645572 0.987811
vt 0.644909 0.987811
vt 0.644909 0.985558
vt 0.832221 0.987601
vt 0.831558 0.987601
vt 0.831558 0.985348
vt 0.832221 0.985348
vt 0.843107 0.985347
vt 0.843107 0.987600
vt 0.842444 0.987600
vt 0.842444 0.985347
vt 0.988080 0.124705
vt 0.987417 0.124705
vt 0.987417 0.122452
vt 0.988080 0.122452
vt 0.456125 0.985601
vt 0.456125 0.987854
vt 0.455462 0.987854
vt 0.455462 0.985601
vt 0.987417 0.134695
vt 0.987417 0.132442
vt 0.988080 0.132442
vt 0.988080 0.134695
vt 0.375263 0.985805
vt 0.375926 0.985805
vt 0.375926 0.988058
vt 0.375263 0.988058
vt 0.584511 0.988039
vt 0.584511 0.985786
vt 0.585175 0.985786
vt 0.585175 0.988039
vt 0.364935 0.988064
vt 0.364272 0.988064
vt 0.364272 0.985811
vt 0.364935 0.985811
vt 0.078769 0.988115
vt 0.078769 0.985862
vt 0.079432 0.985862
vt 0.079432 0.988115
vt 0.067842 0.985853
vt 0.068505 0.985853
vt 0.068505 0.988105
vt 0.067842 0.988105
vt 0.968793 0.703465
vt 0.968793 0.714215
vt 0.968359 0.714218
vt 0.968359 0.703469
vt 0.969099 0.737781
vt 0.968665 0.737784
vt 0.968665 0.727035
vt 0.969099 0.727031
vt 0.966471 0.425521
vt 0.966471 0.436270
vt 0.966037 0.436274
vt 0.966037 0.425524
vt 0.922580 0.968512
vt 0.922147 0.968516
vt 0.922147 0.957766
vt 0.922580 0.957763
vt 0.968112 0.529567
vt 0.968112 0.540317
vt 0.967678 0.540320
vt 0.967678 0.529571
vt 0.968697 0.560231
vt 0.968263 0.560234
vt 0.968263 0.549485
vt 0.968697 0.549481
vt 0.675246 0.949259
vt 0.675246 0.960009
vt 0.673536 0.960015
vt 0.673536 0.949265
vt 0.657681 0.956415
vt 0.655957 0.956428
vt 0.655957 0.945679
vt 0.657681 0.945665
vt 0.290924 0.949801
vt 0.290924 0.960551
vt 0.289215 0.960557
vt 0.289215 0.949807
vt 0.455462 0.948936
vt 0.457186 0.948923
vt 0.457186 0.959672
vt 0.455462 0.959686
vt 0.844153 0.949825
vt 0.844153 0.960575
vt 0.842444 0.960582
vt 0.842444 0.949832
vt 0.365997 0.959882
vt 0.364272 0.959895
vt 0.364272 0.949146
vt 0.365997 0.949132
vt 0.965995 0.602202
vt 0.965995 0.612951
vt 0.965448 0.612955
vt 0.965448 0.602206
vt 0.966393 0.036113
vt 0.965847 0.036117
vt 0.965847 0.025367
vt 0.966393 0.025363
vt 0.964162 0.204512
vt 0.964162 0.215262
vt 0.963615 0.215266
vt 0.963615 0.204516
vt 0.965332 0.014618
vt 0.964786 0.014622
vt 0.964786 0.003873
vt 0.965332 0.003869
vt 0.965152 0.626688
vt 0.965152 0.637437
vt 0.964606 0.637441
vt 0.964606 0.626692
vt 0.963993 0.902069
vt 0.963447 0.902073
vt 0.963447 0.891324
vt 0.963993 0.891320
vt 0.301865 0.945894
vt 0.301865 0.956643
vt 0.300141 0.956657
vt 0.300141 0.945907
vt 0.632511 0.960330
vt 0.630801 0.960336
vt 0.630801 0.949586
vt 0.632511 0.949580
vt 0.762143 0.945422
vt 0.762143 0.956172
vt 0.760418 0.956185
vt 0.760418 0.945435
vt 0.145574 0.949275
vt 0.147284 0.949268
vt 0.147284 0.960018
vt 0.145574 0.960025
vt 0.958109 0.025363
vt 0.958109 0.036113
vt 0.956385 0.036126
vt 0.956385 0.025377
vt 0.833268 0.960577
vt 0.831558 0.960583
vt 0.831558 0.949833
vt 0.833268 0.949827
vt 0.972890 0.637218
vt 0.972890 0.626688
vt 0.973243 0.626691
vt 0.973243 0.637221
vt 0.976530 0.703465
vt 0.976883 0.703467
vt 0.976883 0.713906
vt 0.976530 0.713905
vt 0.820355 0.964338
vt 0.820355 0.974867
vt 0.820002 0.974865
vt 0.820002 0.964335
vt 0.266655 0.977305
vt 0.266302 0.977304
vt 0.266302 0.966864
vt 0.266655 0.966865
vt 0.932017 0.973896
vt 0.932017 0.963366
vt 0.932369 0.963369
vt 0.932369 0.973899
vt 0.613968 0.976669
vt 0.613615 0.976667
vt 0.613615 0.966228
vt 0.613968 0.966229
vt 0.319596 0.941869
vt 0.319596 0.955626
vt 0.318933 0.955626
vt 0.318933 0.941869
vt 0.128162 0.956004
vt 0.127499 0.956004
vt 0.127499 0.942247
vt 0.128162 0.942247
vt 0.863137 0.942517
vt 0.863137 0.956274
vt 0.862474 0.956274
vt 0.862474 0.942517
vt 0.233201 0.942919
vt 0.233864 0.942919
vt 0.233864 0.956677
vt 0.233201 0.956677
vt 0.199933 0.941142
vt 0.199933 0.954899
vt 0.199270 0.954899
vt 0.199270 0.941142
vt 0.420157 0.957071
vt 0.419494 0.957070
vt 0.419494 0.943313
vt 0.420157 0.943313
vt 0.067842 0.978114
vt 0.067842 0.967674
vt 0.068195 0.967675
vt 0.068195 0.978115
vt 0.870875 0.964012
vt 0.871227 0.964014
vt 0.871227 0.974544
vt 0.870875 0.974541
vt 0.673536 0.978192
vt 0.673536 0.967752
vt 0.673889 0.967754
vt 0.673889 0.978194
vt 0.108836 0.974377
vt 0.108484 0.974374
vt 0.108484 0.963845
vt 0.108836 0.963847
vt 0.584511 0.978047
vt 0.584511 0.967608
vt 0.584864 0.967609
vt 0.584864 0.978049
vt 0.810974 0.964335
vt 0.811326 0.964338
vt 0.811326 0.974867
vt 0.810974 0.974865
vt 0.040295 0.953676
vt 0.040295 0.939919
vt 0.040958 0.939919
vt 0.040958 0.953676
vt 0.952750 0.068048
vt 0.953414 0.068048
vt 0.953414 0.081806
vt 0.952750 0.081806
vt 0.952634 0.495956
vt 0.952634 0.482198
vt 0.953297 0.482198
vt 0.953297 0.495956
vt 0.953138 0.144886
vt 0.953801 0.144886
vt 0.953801 0.158644
vt 0.953138 0.158644
vt 0.952430 0.113273
vt 0.952430 0.099516
vt 0.953093 0.099516
vt 0.953093 0.113273
vt 0.099483 0.937758
vt 0.100146 0.937758
vt 0.100146 0.951515
vt 0.099483 0.951515
vt 0.338696 0.995663
vt 0.338344 0.995661
vt 0.338344 0.995227
vt 0.338696 0.995229
vt 0.574432 0.995558
vt 0.574432 0.995124
vt 0.574785 0.995127
vt 0.574785 0.995561
vt 0.538637 0.995504
vt 0.538284 0.995502
vt 0.538284 0.995068
vt 0.538637 0.995071
vt 0.274587 0.995669
vt 0.274587 0.995235
vt 0.274939 0.995238
vt 0.274939 0.995672
vt 0.822374 0.652117
vt 0.822727 0.652119
vt 0.822727 0.652553
vt 0.822374 0.652550
vt 0.995701 0.756867
vt 0.995701 0.757301
vt 0.995348 0.757298
vt 0.995348 0.756864
vt 0.747825 0.994970
vt 0.747825 0.995516
vt 0.747472 0.995513
vt 0.747472 0.994967
vt 0.504858 0.995289
vt 0.504505 0.995286
vt 0.504505 0.994740
vt 0.504858 0.994742
vt 0.994980 0.354392
vt 0.994980 0.353846
vt 0.995333 0.353848
vt 0.995333 0.354395
vt 0.995298 0.076884
vt 0.994945 0.076881
vt 0.994945 0.076335
vt 0.995298 0.076337
vt 0.994980 0.346106
vt 0.994980 0.345560
vt 0.995333 0.345562
vt 0.995333 0.346109
vt 0.995266 0.491034
vt 0.994913 0.491031
vt 0.994913 0.490485
vt 0.995266 0.490487
vt 0.994937 0.660841
vt 0.994937 0.660294
vt 0.995290 0.660297
vt 0.995290 0.660843
vt 0.961370 0.821811
vt 0.961018 0.821808
vt 0.961018 0.821262
vt 0.961370 0.821264
vt 0.995266 0.482201
vt 0.995266 0.482747
vt 0.994913 0.482745
vt 0.994913 0.482198
vt 0.977198 0.821262
vt 0.977551 0.821264
vt 0.977551 0.821811
vt 0.977198 0.821808
vt 0.994921 0.459179
vt 0.994921 0.458632
vt 0.995274 0.458635
vt 0.995274 0.459181
vt 0.962267 0.304483
vt 0.961914 0.304480
vt 0.961914 0.303934
vt 0.962267 0.303936
vt 0.566501 0.995561
vt 0.566148 0.995558
vt 0.566148 0.995124
vt 0.566501 0.995127
vt 0.854736 0.652550
vt 0.854736 0.652117
vt 0.855089 0.652119
vt 0.855089 0.652553
vt 0.814284 0.652117
vt 0.814637 0.652119
vt 0.814637 0.652553
vt 0.814284 0.652550
vt 0.604984 0.995139
vt 0.604984 0.995572
vt 0.604631 0.995570
vt 0.604631 0.995136
vt 0.995354 0.514022
vt 0.995707 0.514025
vt 0.995707 0.514458
vt 0.995354 0.514456
vt 0.838908 0.652119
vt 0.838908 0.652553
vt 0.838555 0.652550
vt 0.838555 0.652117
vt 0.953167 0.188176
vt 0.953167 0.174419
vt 0.953830 0.174419
vt 0.953830 0.188176
vt 0.953514 0.284768
vt 0.954177 0.284768
vt 0.954177 0.298526
vt 0.953514 0.298526
vt 0.031894 0.953676
vt 0.031894 0.939919
vt 0.032557 0.939919
vt 0.032557 0.953676
vt 0.048696 0.939919
vt 0.049359 0.939919
vt 0.049359 0.953676
vt 0.048696 0.953676
vt 0.952491 0.952290
vt 0.952491 0.938533
vt 0.953154 0.938533
vt 0.953154 0.952290
vt 0.953251 0.864868
vt 0.952588 0.864868
vt 0.952588 0.851111
vt 0.953251 0.851111
vt 0.787063 0.977318
vt 0.787063 0.966878
vt 0.787415 0.966879
vt 0.787415 0.977319
vt 0.974561 0.436053
vt 0.974209 0.436050
vt 0.974209 0.425521
vt 0.974561 0.425523
vt 0.977190 0.727033
vt 0.977190 0.737472
vt 0.976837 0.737471
vt 0.976837 0.727031
vt 0.319286 0.973896
vt 0.318933 0.973894
vt 0.318933 0.963364
vt 0.319286 0.963367
vt 0.574717 0.966754
vt 0.574717 0.977194
vt 0.574364 0.977193
vt 0.574364 0.966753
vt 0.199270 0.962636
vt 0.199622 0.962639
vt 0.199622 0.973169
vt 0.199270 0.973166
vt 0.723067 0.941503
vt 0.723067 0.955261
vt 0.722404 0.955261
vt 0.722404 0.941503
vt 0.957048 0.017626
vt 0.956385 0.017626
vt 0.956385 0.003869
vt 0.957048 0.003869
vt 0.955709 0.374147
vt 0.955709 0.387905
vt 0.955046 0.387905
vt 0.955046 0.374147
vt 0.327997 0.955626
vt 0.327334 0.955626
vt 0.327334 0.941869
vt 0.327997 0.941869
vt 0.955709 0.891320
vt 0.955709 0.905077
vt 0.955046 0.905077
vt 0.955046 0.891320
vt 0.954592 0.136209
vt 0.953929 0.136209
vt 0.953929 0.122452
vt 0.954592 0.122452
vt 0.712998 0.973151
vt 0.712998 0.962622
vt 0.713350 0.962624
vt 0.713350 0.973154
vt 0.079122 0.978125
vt 0.078769 0.978123
vt 0.078769 0.967683
vt 0.079122 0.967685
vt 0.760771 0.963925
vt 0.760771 0.974455
vt 0.760418 0.974452
vt 0.760418 0.963922
vt 0.736931 0.977349
vt 0.736578 0.977348
vt 0.736578 0.966908
vt 0.736931 0.966909
vt 0.410984 0.974018
vt 0.410984 0.963488
vt 0.411336 0.963491
vt 0.411336 0.974021
vt 0.604846 0.976387
vt 0.604493 0.976386
vt 0.604493 0.965946
vt 0.604846 0.965948
vt 0.969645 0.858691
vt 0.969645 0.848402
vt 0.970196 0.848398
vt 0.970196 0.858687
vt 0.032440 0.971703
vt 0.031894 0.971705
vt 0.031894 0.961416
vt 0.032440 0.961414
vt 0.436120 0.969657
vt 0.436120 0.959368
vt 0.436671 0.959363
vt 0.436671 0.969652
vt 0.971854 0.250787
vt 0.972400 0.250785
vt 0.972400 0.261075
vt 0.971854 0.261077
vt 0.969829 0.468925
vt 0.969829 0.458637
vt 0.970380 0.458632
vt 0.970380 0.468921
vt 0.970648 0.763913
vt 0.971194 0.763911
vt 0.971194 0.774200
vt 0.970648 0.774202
vt 0.419494 0.975100
vt 0.419494 0.964811
vt 0.419928 0.964808
vt 0.419928 0.975097
vt 0.975850 0.529571
vt 0.976284 0.529567
vt 0.976284 0.539856
vt 0.975850 0.539860
vt 0.309603 0.974925
vt 0.309603 0.964635
vt 0.310037 0.964632
vt 0.310037 0.974921
vt 0.496272 0.965700
vt 0.496706 0.965697
vt 0.496706 0.975986
vt 0.496272 0.975989
vt 0.241647 0.974707
vt 0.241647 0.964418
vt 0.242081 0.964414
vt 0.242081 0.974703
vt 0.504928 0.965700
vt 0.505362 0.965697
vt 0.505362 0.975986
vt 0.504928 0.975989
vt 0.040295 0.971705
vt 0.040295 0.961416
vt 0.040841 0.961414
vt 0.040841 0.971703
vt 0.952491 0.960032
vt 0.953042 0.960028
vt 0.953042 0.970316
vt 0.952491 0.970321
vt 0.481063 0.971879
vt 0.481063 0.961590
vt 0.481609 0.961588
vt 0.481609 0.971877
vt 0.969821 0.482203
vt 0.970372 0.482198
vt 0.970372 0.492487
vt 0.969821 0.492492
vt 0.970800 0.407954
vt 0.970800 0.397665
vt 0.971346 0.397663
vt 0.971346 0.407952
vt 0.900123 0.959605
vt 0.900674 0.959601
vt 0.900674 0.969890
vt 0.900123 0.969894
vt 0.970043 0.295061
vt 0.970043 0.284772
vt 0.970589 0.284768
vt 0.970589 0.295057
vt 0.970325 0.144890
vt 0.970872 0.144886
vt 0.970872 0.155175
vt 0.970325 0.155179
vt 0.970129 0.355852
vt 0.970129 0.345564
vt 0.970676 0.345560
vt 0.970676 0.355848
vt 0.970140 0.660298
vt 0.970686 0.660294
vt 0.970686 0.670583
vt 0.970140 0.670587
vt 0.003869 0.970770
vt 0.003869 0.960481
vt 0.004415 0.960477
vt 0.004415 0.970766
vt 0.091035 0.960765
vt 0.091581 0.960761
vt 0.091581 0.971050
vt 0.091035 0.971054
vt 0.051145 0.992332
vt 0.051145 0.991612
vt 0.051808 0.991612
vt 0.051808 0.992332
vt 0.249822 0.991734
vt 0.250485 0.991734
vt 0.250485 0.992454
vt 0.249822 0.992454
vt 0.186513 0.992283
vt 0.186513 0.991564
vt 0.187176 0.991564
vt 0.187176 0.992283
vt 0.222112 0.991492
vt 0.222775 0.991492
vt 0.222775 0.992212
vt 0.222112 0.992212
vt 0.089694 0.992441
vt 0.089694 0.991722
vt 0.090357 0.991722
vt 0.090357 0.992441
vt 0.990450 0.035555
vt 0.991113 0.035555
vt 0.991113 0.036274
vt 0.990450 0.036274
vt 0.953830 0.196633
vt 0.953167 0.196633
vt 0.953167 0.195913
vt 0.953830 0.195913
vt 0.040295 0.993093
vt 0.040295 0.992373
vt 0.040958 0.992373
vt 0.040958 0.993093
vt 0.943812 0.993107
vt 0.943149 0.993107
vt 0.943149 0.992387
vt 0.943812 0.992387
vt 0.163748 0.992827
vt 0.163748 0.992107
vt 0.164411 0.992107
vt 0.164411 0.992827
vt 0.932205 0.883582
vt 0.931542 0.883582
vt 0.931542 0.882862
vt 0.932205 0.882863
vt 0.952095 0.337038
vt 0.952095 0.337758
vt 0.951432 0.337758
vt 0.951432 0.337038
vt 0.155770 0.993060
vt 0.155107 0.993060
vt 0.155107 0.992340
vt 0.155770 0.992340
vt 0.993416 0.549481
vt 0.993416 0.550201
vt 0.992753 0.550201
vt 0.992753 0.549481
vt 0.943737 0.091707
vt 0.943074 0.091707
vt 0.943074 0.090987
vt 0.943737 0.090987
vt 0.481726 0.992512
vt 0.481726 0.993232
vt 0.481063 0.993232
vt 0.481063 0.992512
vt 0.992753 0.557938
vt 0.993416 0.557938
vt 0.993416 0.558658
vt 0.992753 0.558658
vt 0.032557 0.992373
vt 0.032557 0.993093
vt 0.031894 0.993093
vt 0.031894 0.992373
vt 0.177726 0.992282
vt 0.177726 0.991562
vt 0.178389 0.991562
vt 0.178389 0.992282
vt 0.099483 0.992014
vt 0.100146 0.992014
vt 0.100146 0.992733
vt 0.099483 0.992733
vt 0.952548 0.275515
vt 0.952548 0.274796
vt 0.953212 0.274796
vt 0.953212 0.275515
vt 0.922147 0.991986
vt 0.922810 0.991986
vt 0.922810 0.992705
vt 0.922147 0.992705
vt 0.952138 0.090987
vt 0.952138 0.091707
vt 0.951475 0.091707
vt 0.951475 0.090987
vt 0.943695 0.337758
vt 0.943032 0.337758
vt 0.943032 0.337038
vt 0.943695 0.337038
vt 0.969922 0.594249
vt 0.969922 0.583960
vt 0.970468 0.583956
vt 0.970468 0.594245
vt 0.012879 0.960481
vt 0.013426 0.960477
vt 0.013426 0.970766
vt 0.012879 0.970770
vt 0.969903 0.946113
vt 0.969903 0.935824
vt 0.970449 0.935820
vt 0.970449 0.946109
vt 0.969903 0.917042
vt 0.970449 0.917038
vt 0.970449 0.927327
vt 0.969903 0.927331
vt 0.969938 0.078341
vt 0.969938 0.068052
vt 0.970484 0.068048
vt 0.970484 0.078337
vt 0.021710 0.970766
vt 0.021163 0.970770
vt 0.021163 0.960481
vt 0.021710 0.960477
vt 0.971731 0.901611
vt 0.971731 0.891322
vt 0.972277 0.891320
vt 0.972277 0.901609
vt 0.683157 0.959887
vt 0.683708 0.959883
vt 0.683708 0.970172
vt 0.683157 0.970176
vt 0.970648 0.756143
vt 0.970648 0.745854
vt 0.971194 0.745852
vt 0.971194 0.756141
vt 0.692168 0.959887
vt 0.692719 0.959883
vt 0.692719 0.970172
vt 0.692168 0.970176
vt 0.971167 0.872606
vt 0.971167 0.882895
vt 0.970620 0.882897
vt 0.970620 0.872608
vt 0.969702 0.174423
vt 0.970253 0.174419
vt 0.970253 0.184707
vt 0.969702 0.184712
vt 0.797210 0.976201
vt 0.797210 0.965912
vt 0.797644 0.965908
vt 0.797644 0.976198
vt 0.427939 0.964811
vt 0.428373 0.964808
vt 0.428373 0.975097
vt 0.427939 0.975101
vt 0.547115 0.975072
vt 0.547115 0.964783
vt 0.547549 0.964779
vt 0.547549 0.975069
vt 0.769880 0.965339
vt 0.770314 0.965336
vt 0.770314 0.975625
vt 0.769880 0.975628
vt 0.556144 0.975717
vt 0.556144 0.965428
vt 0.556578 0.965424
vt 0.556578 0.975713
vt 0.349238 0.965367
vt 0.349672 0.965364
vt 0.349672 0.975653
vt 0.349238 0.975656
vt 0.969804 0.813495
vt 0.969804 0.803206
vt 0.970355 0.803202
vt 0.970355 0.813491
vt 0.970900 0.122454
vt 0.971447 0.122452
vt 0.971447 0.132741
vt 0.970900 0.132743
vt 0.970232 0.044206
vt 0.970232 0.054495
vt 0.969682 0.054499
vt 0.969682 0.044211
vt 0.971797 0.954604
vt 0.972343 0.954602
vt 0.972343 0.964891
vt 0.971797 0.964893
vt 0.969912 0.324385
vt 0.969912 0.314096
vt 0.970463 0.314092
vt 0.970463 0.324381
vt 0.057097 0.961416
vt 0.057643 0.961414
vt 0.057643 0.971703
vt 0.057097 0.971705
vt 0.402893 0.974018
vt 0.402893 0.963488
vt 0.403246 0.963491
vt 0.403246 0.974021
vt 0.529920 0.966644
vt 0.530273 0.966645
vt 0.530273 0.977085
vt 0.529920 0.977084
vt 0.974131 0.035893
vt 0.974131 0.025363
vt 0.974484 0.025366
vt 0.974484 0.035896
vt 0.977933 0.829616
vt 0.978286 0.829618
vt 0.978286 0.840057
vt 0.977933 0.840056
vt 0.973423 0.003871
vt 0.973423 0.014401
vt 0.973070 0.014398
vt 0.973070 0.003869
vt 0.566501 0.977194
vt 0.566148 0.977193
vt 0.566148 0.966753
vt 0.566501 0.966754
vt 0.953677 0.759609
vt 0.953677 0.745852
vt 0.954340 0.745852
vt 0.954340 0.759609
vt 0.109147 0.956107
vt 0.108484 0.956107
vt 0.108484 0.942350
vt 0.109147 0.942350
vt 0.953677 0.782378
vt 0.953677 0.768620
vt 0.954340 0.768620
vt 0.954340 0.782378
vt 0.955652 0.242738
vt 0.954988 0.242738
vt 0.954988 0.228981
vt 0.955652 0.228981
vt 0.387796 0.954521
vt 0.387796 0.940763
vt 0.388459 0.940763
vt 0.388459 0.954521
vt 0.704597 0.941127
vt 0.705260 0.941127
vt 0.705260 0.954884
vt 0.704597 0.954884
vt 0.747472 0.977341
vt 0.747472 0.966901
vt 0.747825 0.966902
vt 0.747825 0.977342
vt 0.971884 0.228981
vt 0.972237 0.228984
vt 0.972237 0.239514
vt 0.971884 0.239511
vt 0.977175 0.683291
vt 0.977175 0.693731
vt 0.976823 0.693730
vt 0.976823 0.683290
vt 0.300141 0.964394
vt 0.300493 0.964397
vt 0.300493 0.974926
vt 0.300141 0.974924
vt 0.976787 0.549482
vt 0.976787 0.559922
vt 0.976434 0.559921
vt 0.976434 0.549481
vt 0.655957 0.964166
vt 0.656309 0.964168
vt 0.656309 0.974698
vt 0.655957 0.974695
vt 0.953643 0.519605
vt 0.953643 0.505848
vt 0.954306 0.505848
vt 0.954306 0.519605
vt 0.481063 0.940093
vt 0.481726 0.940093
vt 0.481726 0.953850
vt 0.481063 0.953850
vt 0.943149 0.953725
vt 0.943149 0.939968
vt 0.943812 0.939968
vt 0.943812 0.953725
vt 0.952641 0.458632
vt 0.953304 0.458632
vt 0.953304 0.472390
vt 0.952641 0.472390
vt 0.953154 0.917038
vt 0.953154 0.930795
vt 0.952491 0.930795
vt 0.952491 0.917038
vt 0.952548 0.253301
vt 0.953212 0.253301
vt 0.953212 0.267058
vt 0.952548 0.267058
vt 0.870917 0.652117
vt 0.871270 0.652119
vt 0.871270 0.652553
vt 0.870917 0.652550
vt 0.995720 0.397666
vt 0.995720 0.398099
vt 0.995368 0.398097
vt 0.995368 0.397663
vt 0.289568 0.995646
vt 0.289215 0.995643
vt 0.289215 0.995209
vt 0.289568 0.995212
vt 0.596403 0.995570
vt 0.596403 0.995136
vt 0.596755 0.995139
vt 0.596755 0.995572
vt 0.530347 0.995504
vt 0.529994 0.995502
vt 0.529994 0.995068
vt 0.530347 0.995071
vt 0.995707 0.505851
vt 0.995707 0.506284
vt 0.995354 0.506282
vt 0.995354 0.505848
vt 0.995122 0.145433
vt 0.995122 0.144886
vt 0.995475 0.144889
vt 0.995475 0.145435
vt 0.995620 0.779437
vt 0.995267 0.779435
vt 0.995267 0.778888
vt 0.995620 0.778891
vt 0.820642 0.994736
vt 0.820642 0.995283
vt 0.820289 0.995280
vt 0.820289 0.994734
vt 0.969108 0.821262
vt 0.969461 0.821264
vt 0.969461 0.821811
vt 0.969108 0.821808
vt 0.736931 0.994974
vt 0.736931 0.995521
vt 0.736578 0.995518
vt 0.736578 0.994972
vt 0.995274 0.467468
vt 0.994921 0.467465
vt 0.994921 0.466919
vt 0.995274 0.466921
vt 0.994945 0.068595
vt 0.994945 0.068048
vt 0.995298 0.068051
vt 0.995298 0.068597
vt 0.521704 0.995068
vt 0.522056 0.995070
vt 0.522056 0.995617
vt 0.521704 0.995614
vt 0.811326 0.994741
vt 0.811326 0.995287
vt 0.810974 0.995285
vt 0.810974 0.994738
vt 0.995290 0.669130
vt 0.994937 0.669127
vt 0.994937 0.668581
vt 0.995290 0.668583
vt 0.496272 0.995286
vt 0.496272 0.994740
vt 0.496625 0.994742
vt 0.496625 0.995289
vt 0.797562 0.995498
vt 0.797210 0.995496
vt 0.797210 0.994949
vt 0.797562 0.994952
vt 0.846998 0.652553
vt 0.846646 0.652550
vt 0.846646 0.652117
vt 0.846998 0.652119
vt 0.830818 0.652119
vt 0.830818 0.652553
vt 0.830465 0.652550
vt 0.830465 0.652117
vt 0.995703 0.568659
vt 0.995350 0.568656
vt 0.995350 0.568222
vt 0.995703 0.568225
vt 0.266655 0.995238
vt 0.266655 0.995672
vt 0.266302 0.995669
vt 0.266302 0.995235
vt 0.863179 0.652553
vt 0.862827 0.652550
vt 0.862827 0.652117
vt 0.863179 0.652119
vt 0.995701 0.765041
vt 0.995701 0.765475
vt 0.995348 0.765472
vt 0.995348 0.765038
vt 0.057097 0.953676
vt 0.057097 0.939919
vt 0.057760 0.939919
vt 0.057760 0.953676
vt 0.953140 0.397663
vt 0.953803 0.397663
vt 0.953803 0.411420
vt 0.953140 0.411420
vt 0.953584 0.359317
vt 0.953584 0.345560
vt 0.954248 0.345560
vt 0.954248 0.359317
vt 0.952725 0.314092
vt 0.953388 0.314092
vt 0.953388 0.327849
vt 0.952725 0.327849
vt 0.952617 0.816959
vt 0.952617 0.803202
vt 0.953280 0.803202
vt 0.953280 0.816959
vt 0.952588 0.829616
vt 0.953251 0.829616
vt 0.953251 0.843374
vt 0.952588 0.843374
vt 0.145574 0.978202
vt 0.145574 0.967762
vt 0.145927 0.967763
vt 0.145927 0.978203
vt 0.974085 0.612734
vt 0.973733 0.612731
vt 0.973733 0.602202
vt 0.974085 0.602204
vt 0.467542 0.978130
vt 0.467542 0.967690
vt 0.467895 0.967692
vt 0.467895 0.978131
vt 0.116884 0.963845
vt 0.117237 0.963847
vt 0.117237 0.974377
vt 0.116884 0.974374
vt 0.622058 0.966229
vt 0.622058 0.976669
vt 0.621705 0.976667
vt 0.621705 0.966228
vt 0.704597 0.962622
vt 0.704950 0.962624
vt 0.704950 0.973154
vt 0.704597 0.973151
vt 0.712998 0.954884
vt 0.712998 0.941127
vt 0.713661 0.941127
vt 0.713661 0.954884
vt 0.136562 0.956004
vt 0.135899 0.956004
vt 0.135899 0.942247
vt 0.136562 0.942247
vt 0.955877 0.204512
vt 0.955877 0.218269
vt 0.955214 0.218269
vt 0.955214 0.204512
vt 0.871538 0.956274
vt 0.870875 0.956274
vt 0.870875 0.942517
vt 0.871538 0.942517
vt 0.956868 0.626688
vt 0.956868 0.640445
vt 0.956205 0.640445
vt 0.956205 0.626688
vt 0.117547 0.956107
vt 0.116884 0.956107
vt 0.116884 0.942350
vt 0.117547 0.942350
vt 0.862474 0.974541
vt 0.862474 0.964012
vt 0.862827 0.964014
vt 0.862827 0.974544
vt 0.521704 0.966644
vt 0.522057 0.966645
vt 0.522057 0.977085
vt 0.521704 0.977084
vt 0.233201 0.974944
vt 0.233201 0.964414
vt 0.233554 0.964417
vt 0.233554 0.974947
vt 0.375263 0.967627
vt 0.375616 0.967628
vt 0.375616 0.978068
vt 0.375263 0.978067
vt 0.972252 0.204515
vt 0.972252 0.215045
vt 0.971899 0.215042
vt 0.971899 0.204512
vt 0.364625 0.978074
vt 0.364272 0.978073
vt 0.364272 0.967633
vt 0.364625 0.967634
vt 0.979974 0.236978
vt 0.979974 0.228985
vt 0.980469 0.228981
vt 0.980469 0.236974
vt 0.258050 0.976004
vt 0.258541 0.976002
vt 0.258541 0.983995
vt 0.258050 0.983997
vt 0.980015 0.899316
vt 0.980015 0.891324
vt 0.980510 0.891320
vt 0.980510 0.899313
vt 0.155107 0.976609
vt 0.155598 0.976607
vt 0.155598 0.984601
vt 0.155107 0.984603
vt 0.979084 0.405660
vt 0.979084 0.397667
vt 0.979579 0.397663
vt 0.979579 0.405656
vt 0.177726 0.975832
vt 0.178217 0.975830
vt 0.178217 0.983823
vt 0.177726 0.983825
vt 0.683157 0.985910
vt 0.683157 0.977917
vt 0.683591 0.977913
vt 0.683591 0.985907
vt 0.444409 0.977397
vt 0.444843 0.977394
vt 0.444843 0.985387
vt 0.444409 0.985390
vt 0.984927 0.735028
vt 0.984927 0.727035
vt 0.985361 0.727031
vt 0.985361 0.735024
vt 0.436120 0.977397
vt 0.436554 0.977394
vt 0.436554 0.985387
vt 0.436120 0.985390
vt 0.984913 0.691286
vt 0.984913 0.683293
vt 0.985347 0.683290
vt 0.985347 0.691283
vt 0.986102 0.044210
vt 0.986536 0.044206
vt 0.986536 0.052199
vt 0.986102 0.052203
vt 0.186513 0.983826
vt 0.186513 0.975833
vt 0.187004 0.975831
vt 0.187004 0.983824
vt 0.980981 0.642426
vt 0.981476 0.642422
vt 0.981476 0.650415
vt 0.980981 0.650419
vt 0.922147 0.984248
vt 0.922147 0.976255
vt 0.922638 0.976253
vt 0.922638 0.984246
vt 0.980633 0.258778
vt 0.980138 0.258782
vt 0.980138 0.250789
vt 0.980633 0.250785
vt 0.249822 0.983997
vt 0.249822 0.976004
vt 0.250312 0.976002
vt 0.250312 0.983995
vt 0.971797 0.972634
vt 0.972292 0.972630
vt 0.972292 0.980623
vt 0.971797 0.980627
vt 0.942113 0.694814
vt 0.942113 0.686821
vt 0.942659 0.686817
vt 0.942659 0.694810
vt 0.881027 0.970339
vt 0.881573 0.970335
vt 0.881573 0.978328
vt 0.881027 0.978332
vt 0.978904 0.880603
vt 0.978904 0.872610
vt 0.979451 0.872606
vt 0.979451 0.880599
vt 0.978932 0.745856
vt 0.979478 0.745852
vt 0.979478 0.753845
vt 0.978932 0.753849
vt 0.978424 0.668291
vt 0.978424 0.660298
vt 0.978971 0.660294
vt 0.978971 0.668287
vt 0.978932 0.761590
vt 0.979478 0.761586
vt 0.979478 0.769579
vt 0.978932 0.769583
vt 0.683157 0.993647
vt 0.683804 0.993647
vt 0.683804 0.994310
vt 0.683157 0.994310
vt 0.891759 0.993365
vt 0.891759 0.994028
vt 0.891112 0.994028
vt 0.891112 0.993365
vt 0.233848 0.994350
vt 0.233201 0.994350
vt 0.233201 0.993687
vt 0.233848 0.993687
vt 0.952491 0.994455
vt 0.952491 0.993792
vt 0.953138 0.993792
vt 0.953138 0.994455
vt 0.993496 0.712691
vt 0.992849 0.712691
vt 0.992849 0.712027
vt 0.993496 0.712027
vt 0.213749 0.992953
vt 0.213749 0.993616
vt 0.213102 0.993616
vt 0.213102 0.992953
vt 0.994195 0.847080
vt 0.994195 0.846417
vt 0.994842 0.846417
vt 0.994842 0.847080
vt 0.994921 0.053270
vt 0.994274 0.053270
vt 0.994274 0.052607
vt 0.994921 0.052607
vt 0.994232 0.108579
vt 0.994232 0.107916
vt 0.994878 0.107916
vt 0.994878 0.108579
vt 0.622000 0.993856
vt 0.622647 0.993856
vt 0.622647 0.994519
vt 0.622000 0.994519
vt 0.003869 0.994904
vt 0.003869 0.994241
vt 0.004516 0.994241
vt 0.004516 0.994904
vt 0.012900 0.994904
vt 0.012254 0.994904
vt 0.012254 0.994241
vt 0.012900 0.994241
vt 0.713880 0.993863
vt 0.713880 0.993200
vt 0.714527 0.993200
vt 0.714527 0.993863
vt 0.994878 0.100179
vt 0.994232 0.100179
vt 0.994232 0.099516
vt 0.994878 0.099516
vt 0.427726 0.994514
vt 0.427726 0.993851
vt 0.428373 0.993851
vt 0.428373 0.994514
vt 0.128146 0.994811
vt 0.127499 0.994811
vt 0.127499 0.994148
vt 0.128146 0.994148
vt 0.994195 0.830279
vt 0.994195 0.829616
vt 0.994842 0.829616
vt 0.994842 0.830279
vt 0.932017 0.994058
vt 0.932664 0.994058
vt 0.932664 0.994721
vt 0.932017 0.994721
vt 0.993746 0.727694
vt 0.993099 0.727694
vt 0.993099 0.727031
vt 0.993746 0.727031
vt 0.614262 0.993856
vt 0.614262 0.994519
vt 0.613615 0.994519
vt 0.613615 0.993856
vt 0.137559 0.993663
vt 0.136912 0.993663
vt 0.136912 0.993000
vt 0.137559 0.993000
vt 0.704597 0.993690
vt 0.704597 0.993027
vt 0.705244 0.993027
vt 0.705244 0.993690
vt 0.318933 0.993769
vt 0.319580 0.993769
vt 0.319580 0.994432
vt 0.318933 0.994432
vt 0.993085 0.692353
vt 0.993085 0.691690
vt 0.993732 0.691690
vt 0.993732 0.692353
vt 0.978609 0.152883
vt 0.978609 0.144890
vt 0.979156 0.144886
vt 0.979156 0.152879
vt 0.978932 0.777324
vt 0.979478 0.777320
vt 0.979478 0.785313
vt 0.978932 0.785317
vt 0.960892 0.978112
vt 0.960892 0.970119
vt 0.961439 0.970115
vt 0.961439 0.978108
vt 0.853086 0.969672
vt 0.853632 0.969668
vt 0.853632 0.977661
vt 0.853086 0.977665
vt 0.911242 0.978833
vt 0.911242 0.970840
vt 0.911788 0.970836
vt 0.911788 0.978829
vt 0.978898 0.505852
vt 0.979445 0.505848
vt 0.979445 0.513841
vt 0.978898 0.513845
vt 0.099483 0.984276
vt 0.099483 0.976283
vt 0.099974 0.976281
vt 0.099974 0.984274
vt 0.981160 0.003873
vt 0.981655 0.003869
vt 0.981655 0.011862
vt 0.981160 0.011865
vt 0.982299 0.449248
vt 0.982299 0.441255
vt 0.982790 0.441253
vt 0.982790 0.449246
vt 0.979184 0.122456
vt 0.979680 0.122452
vt 0.979680 0.130445
vt 0.979184 0.130449
vt 0.982222 0.033358
vt 0.982221 0.025365
vt 0.982712 0.025363
vt 0.982712 0.033357
vt 0.980081 0.954605
vt 0.980576 0.954602
vt 0.980576 0.962595
vt 0.980081 0.962598
vt 0.952491 0.986055
vt 0.952491 0.978061
vt 0.952925 0.978058
vt 0.952925 0.986051
vt 0.692168 0.977917
vt 0.692602 0.977913
vt 0.692602 0.985907
vt 0.692168 0.985910
vt 0.891112 0.985628
vt 0.891112 0.977635
vt 0.891546 0.977631
vt 0.891546 0.985625
vt 0.986024 0.829620
vt 0.986458 0.829616
vt 0.986458 0.837609
vt 0.986024 0.837613
vt 0.986024 0.853347
vt 0.986024 0.845353
vt 0.986458 0.845350
vt 0.986458 0.853343
vt 0.899401 0.977635
vt 0.899835 0.977631
vt 0.899835 0.985625
vt 0.899401 0.985628
vt 0.980981 0.634685
vt 0.980981 0.626692
vt 0.981476 0.626688
vt 0.981476 0.634681
vt 0.984621 0.703467
vt 0.985112 0.703465
vt 0.985112 0.711458
vt 0.984621 0.711460
vt 0.980032 0.382144
vt 0.980032 0.374151
vt 0.980527 0.374147
vt 0.980527 0.382140
vt 0.982299 0.425522
vt 0.982790 0.425521
vt 0.982790 0.433514
vt 0.982299 0.433516
vt 0.978945 0.576219
vt 0.978945 0.568226
vt 0.979441 0.568222
vt 0.979441 0.576215
vt 0.163748 0.976377
vt 0.164239 0.976375
vt 0.164239 0.984368
vt 0.163748 0.984370
vt 0.899497 0.994028
vt 0.899497 0.993365
vt 0.900144 0.993365
vt 0.900144 0.994028
vt 0.401723 0.994179
vt 0.402370 0.994179
vt 0.402370 0.994842
vt 0.401723 0.994842
vt 0.994902 0.174419
vt 0.994902 0.175082
vt 0.994255 0.175082
vt 0.994255 0.174419
vt 0.021285 0.994904
vt 0.020638 0.994904
vt 0.020638 0.994241
vt 0.021285 0.994241
vt 0.994949 0.314092
vt 0.994949 0.314755
vt 0.994302 0.314755
vt 0.994302 0.314092
vt 0.410754 0.994842
vt 0.410107 0.994842
vt 0.410107 0.994179
vt 0.410754 0.994179
vt 0.199917 0.993705
vt 0.199270 0.993705
vt 0.199270 0.993042
vt 0.199917 0.993042
vt 0.513319 0.994178
vt 0.513319 0.993515
vt 0.513966 0.993515
vt 0.513966 0.994178
vt 0.993099 0.735432
vt 0.993746 0.735432
vt 0.993746 0.736095
vt 0.993099 0.736095
vt 0.994195 0.838680
vt 0.994195 0.838017
vt 0.994842 0.838017
vt 0.994842 0.838680
vt 0.993085 0.683290
vt 0.993732 0.683290
vt 0.993732 0.683953
vt 0.993085 0.683953
vt 0.387796 0.993326
vt 0.387796 0.992663
vt 0.388443 0.992663
vt 0.388443 0.993326
vt 0.556144 0.986730
vt 0.556144 0.983458
vt 0.556691 0.983454
vt 0.556691 0.986726
vt 0.986238 0.928055
vt 0.986784 0.928051
vt 0.986784 0.931323
vt 0.986238 0.931327
vt 0.427826 0.986114
vt 0.427826 0.982842
vt 0.428373 0.982838
vt 0.428373 0.986110
vt 0.986238 0.917042
vt 0.986784 0.917038
vt 0.986784 0.920310
vt 0.986238 0.920314
vt 0.986024 0.864360
vt 0.986024 0.861088
vt 0.986570 0.861084
vt 0.986570 0.864356
vt 0.970589 0.306070
vt 0.970043 0.306074
vt 0.970043 0.302802
vt 0.970589 0.302798
vt 0.986716 0.071322
vt 0.986716 0.068050
vt 0.987207 0.068048
vt 0.987207 0.071320
vt 0.496272 0.983730
vt 0.496768 0.983727
vt 0.496768 0.986998
vt 0.496272 0.987002
vt 0.604631 0.987398
vt 0.604631 0.984127
vt 0.605122 0.984125
vt 0.605122 0.987397
vt 0.986680 0.493215
vt 0.987176 0.493211
vt 0.987176 0.496483
vt 0.986680 0.496487
vt 0.986708 0.663568
vt 0.986708 0.660296
vt 0.987199 0.660294
vt 0.987199 0.663566
vt 0.986238 0.939068
vt 0.986733 0.939064
vt 0.986733 0.942336
vt 0.986238 0.942340
vt 0.987178 0.571497
vt 0.987178 0.568226
vt 0.987612 0.568222
vt 0.987612 0.571494
vt 0.987182 0.516864
vt 0.987616 0.516860
vt 0.987616 0.520132
vt 0.987182 0.520136
vt 0.338344 0.987489
vt 0.338344 0.984217
vt 0.338778 0.984214
vt 0.338778 0.987486
vt 0.987189 0.872609
vt 0.987622 0.872606
vt 0.987622 0.875878
vt 0.987189 0.875881
vt 0.987216 0.749127
vt 0.987216 0.745855
vt 0.987650 0.745852
vt 0.987650 0.749124
vt 0.987182 0.505851
vt 0.987616 0.505848
vt 0.987616 0.509120
vt 0.987182 0.509123
vt 0.986688 0.461908
vt 0.986688 0.458636
vt 0.987183 0.458632
vt 0.987183 0.461904
vt 0.986752 0.345561
vt 0.987243 0.345560
vt 0.987243 0.348831
vt 0.986752 0.348833
vt 0.986688 0.472921
vt 0.986688 0.469649
vt 0.987183 0.469645
vt 0.987183 0.472917
vt 0.797210 0.983940
vt 0.797701 0.983938
vt 0.797701 0.987210
vt 0.797210 0.987212
vt 0.504505 0.987002
vt 0.504505 0.983730
vt 0.505000 0.983727
vt 0.505000 0.986998
vt 0.596403 0.984127
vt 0.596894 0.984125
vt 0.596894 0.987397
vt 0.596403 0.987398
vt 0.960892 0.988304
vt 0.960892 0.985853
vt 0.961387 0.985849
vt 0.961387 0.988301
vt 0.988207 0.239174
vt 0.988698 0.239172
vt 0.988698 0.241623
vt 0.988207 0.241625
vt 0.988087 0.415852
vt 0.988087 0.413401
vt 0.988583 0.413397
vt 0.988583 0.415848
vt 0.988173 0.192451
vt 0.988664 0.192449
vt 0.988664 0.194901
vt 0.988173 0.194902
vt 0.881027 0.988524
vt 0.881027 0.986073
vt 0.881522 0.986069
vt 0.881522 0.988521
vt 0.630801 0.986104
vt 0.631292 0.986102
vt 0.631292 0.988554
vt 0.630801 0.988556
vt 0.988314 0.957056
vt 0.988314 0.954605
vt 0.988748 0.954602
vt 0.988748 0.957053
vt 0.988314 0.964797
vt 0.988748 0.964794
vt 0.988748 0.967245
vt 0.988314 0.967249
vt 0.988265 0.376602
vt 0.988265 0.374151
vt 0.988698 0.374147
vt 0.988698 0.376599
vt 0.988255 0.792626
vt 0.988689 0.792622
vt 0.988689 0.795074
vt 0.988255 0.795077
vt 0.988265 0.386794
vt 0.988265 0.384343
vt 0.988698 0.384339
vt 0.988698 0.386791
vt 0.988314 0.974989
vt 0.988748 0.974986
vt 0.988748 0.977437
vt 0.988314 0.977441
vt 0.988207 0.231434
vt 0.988207 0.228983
vt 0.988698 0.228981
vt 0.988698 0.231433
vt 0.467542 0.985873
vt 0.468037 0.985869
vt 0.468037 0.988320
vt 0.467542 0.988324
vt 0.988726 0.160621
vt 0.988726 0.163072
vt 0.988235 0.163074
vt 0.988235 0.160622
vt 0.145574 0.985944
vt 0.146069 0.985941
vt 0.146069 0.988392
vt 0.145574 0.988396
vt 0.988223 0.206965
vt 0.988223 0.204514
vt 0.988714 0.204512
vt 0.988714 0.206964
vt 0.673536 0.985935
vt 0.674031 0.985931
vt 0.674031 0.988382
vt 0.673536 0.988386
vt 0.566148 0.987387
vt 0.566148 0.984936
vt 0.566695 0.984932
vt 0.566695 0.987383
vt 0.787131 0.985060
vt 0.787677 0.985056
vt 0.787677 0.987508
vt 0.787131 0.987512
vt 0.266302 0.987498
vt 0.266302 0.985046
vt 0.266849 0.985042
vt 0.266849 0.987494
vt 0.274587 0.985046
vt 0.275133 0.985042
vt 0.275133 0.987494
vt 0.274587 0.987498
vt 0.574432 0.987387
vt 0.574432 0.984936
vt 0.574979 0.984932
vt 0.574979 0.987383
vt 0.778846 0.985060
vt 0.779393 0.985056
vt 0.779393 0.987508
vt 0.778846 0.987512
vt 0.445152 0.993791
vt 0.444505 0.993791
vt 0.444505 0.993128
vt 0.445152 0.993128
vt 0.300788 0.993665
vt 0.300788 0.994328
vt 0.300141 0.994328
vt 0.300141 0.993665
vt 0.436767 0.993791
vt 0.436120 0.993791
vt 0.436120 0.993128
vt 0.436767 0.993128
vt 0.722404 0.994066
vt 0.722404 0.993403
vt 0.723051 0.993403
vt 0.723051 0.994066
vt 0.994276 0.803202
vt 0.994923 0.803202
vt 0.994923 0.803865
vt 0.994276 0.803865
vt 0.547115 0.994473
vt 0.547115 0.993810
vt 0.547762 0.993810
vt 0.547762 0.994473
vt 0.419787 0.993839
vt 0.419787 0.994502
vt 0.419140 0.994502
vt 0.419140 0.993839
vt 0.329127 0.994432
vt 0.328480 0.994432
vt 0.328480 0.993769
vt 0.329127 0.993769
vt 0.309603 0.994685
vt 0.309603 0.994022
vt 0.310250 0.994022
vt 0.310250 0.994685
vt 0.994921 0.044869
vt 0.994274 0.044869
vt 0.994274 0.044206
vt 0.994921 0.044206
vt 0.692189 0.993647
vt 0.692189 0.994310
vt 0.691542 0.994310
vt 0.691542 0.993647
vt 0.994255 0.182819
vt 0.994902 0.182819
vt 0.994902 0.183482
vt 0.994255 0.183482
vt 0.787722 0.028220
vt 0.789631 0.028225
vt 0.532440 0.668357
vt 0.496272 0.668201
vt 0.496272 0.666292
vt 0.532440 0.666449
vt 0.785813 0.028215
vt 0.532440 0.670266
vt 0.496272 0.670109
vt 0.783905 0.028210
vt 0.532440 0.672174
vt 0.496272 0.672018
vt 0.781996 0.028204
vt 0.532440 0.674083
vt 0.496272 0.673927
vt 0.831558 0.690638
vt 0.831558 0.660294
vt 0.864141 0.681786
vt 0.864141 0.712130
vt 0.864141 0.760177
vt 0.831558 0.781669
vt 0.831558 0.751325
vt 0.864141 0.729833
vt 0.831558 0.714420
vt 0.864141 0.720981
vt 0.831558 0.727543
vt 0.831558 0.720981
vt 0.805675 0.775106
vt 0.807048 0.776229
vt 0.772146 0.796119
vt 0.808422 0.777351
vt 0.804302 0.773983
vt 0.809795 0.778474
vt 0.829928 0.028336
vt 0.496272 0.625999
vt 0.532440 0.626155
vt 0.147369 0.846986
vt 0.147369 0.914760
vt 0.108484 0.895074
vt 0.116045 0.867150
vt 0.809795 0.851982
vt 0.782715 0.829699
vt 0.622064 0.637395
vt 0.617895 0.639336
vt 0.701616 0.637398
vt 0.705772 0.639339
vt 0.916562 0.095384
vt 0.917360 0.095386
vt 0.911291 0.825571
vt 0.911485 0.789406
vt 0.912283 0.789407
vt 0.912090 0.825572
vt 0.617896 0.017087
vt 0.622638 0.017087
vt 0.705776 0.017087
vt 0.701033 0.017087
vt 0.735091 0.028076
vt 0.747487 0.028110
vt 0.532440 0.720983
vt 0.496272 0.720827
vt 0.496272 0.708432
vt 0.532440 0.708589
vt 0.760809 0.028146
vt 0.532440 0.695267
vt 0.496272 0.695111
vt 0.747616 0.003903
vt 0.760939 0.003939
vt 0.559492 0.708508
vt 0.559492 0.695187
vt 0.782125 0.003997
vt 0.559492 0.674003
vt 0.735220 0.003869
vt 0.559492 0.720903
vt 0.644469 0.003869
vt 0.649211 0.007991
vt 0.679203 0.003869
vt 0.674460 0.007991
vt 0.916688 0.068048
vt 0.917487 0.068050
vt 0.911305 0.854957
vt 0.912103 0.854958
vt 0.648644 0.645068
vt 0.644467 0.652556
vt 0.675052 0.645069
vt 0.679200 0.652557
vt 0.662002 0.631655
vt 0.661900 0.640825
vt 0.760418 0.802166
vt 0.763086 0.812251
vt 0.789760 0.004018
vt 0.830057 0.004129
vt 0.559492 0.666368
vt 0.559492 0.626075
vt 0.873237 0.720981
vt 0.873237 0.708358
vt 0.873237 0.733605
vt 0.784034 0.004002
vt 0.559492 0.672094
vt 0.785942 0.004008
vt 0.559492 0.670185
vt 0.787851 0.004013
vt 0.559492 0.668277
vt 0.580301 0.666216
vt 0.569896 0.666292
vt 0.569896 0.625999
vt 0.580301 0.625922
vt 0.661843 0.647163
vt 0.661833 0.652556
vt 0.912193 0.869270
vt 0.912283 0.883582
vt 0.911485 0.883581
vt 0.911395 0.869269
vt 0.661836 0.007991
vt 0.661836 0.003869
vt 0.569896 0.708432
vt 0.580301 0.708356
vt 0.580301 0.720751
vt 0.569896 0.720827
vt 0.569896 0.695111
vt 0.580301 0.695035
vt 0.569896 0.673926
vt 0.580301 0.673850
vt 0.569896 0.672018
vt 0.580301 0.671942
vt 0.569896 0.670109
vt 0.580301 0.670033
vt 0.569896 0.668201
vt 0.580301 0.668124
vt 0.655136 0.335932
vt 0.631208 0.335931
vt 0.631208 0.332080
vt 0.655136 0.332081
vt 0.692476 0.332083
vt 0.692476 0.335933
vt 0.668548 0.335932
vt 0.668548 0.332082
vt 0.661842 0.335932
vt 0.661842 0.332081
vt 0.655274 0.320491
vt 0.661836 0.320491
vt 0.661836 0.324341
vt 0.655274 0.324341
vt 0.668397 0.320491
vt 0.668397 0.324341
vt 0.631490 0.320491
vt 0.631490 0.324341
vt 0.692181 0.320491
vt 0.692181 0.324341
vt 0.600574 0.332079
vt 0.723110 0.332084
vt 0.601145 0.324341
vt 0.722526 0.324341
vt 0.596403 0.332084
vt 0.727264 0.332089
vt 0.917487 0.342543
vt 0.916688 0.342541
vt 0.924729 0.660300
vt 0.923930 0.660294
vt 0.596403 0.324342
vt 0.727269 0.324342
vt 0.289255 0.779257
vt 0.288209 0.779930
vt 0.288209 0.764272
vt 0.289255 0.762919
vt 0.288209 0.804364
vt 0.288209 0.788706
vt 0.289255 0.789395
vt 0.289255 0.805734
vt 0.289255 0.784326
vt 0.288209 0.784318
vt 0.290054 0.779263
vt 0.290054 0.762925
vt 0.290054 0.789402
vt 0.290054 0.805740
vt 0.290054 0.784333
vt 0.290353 0.780041
vt 0.290353 0.764479
vt 0.290353 0.788628
vt 0.290353 0.804191
vt 0.290353 0.784335
vt 0.288209 0.744226
vt 0.289255 0.741511
vt 0.288209 0.824409
vt 0.289255 0.827141
vt 0.290054 0.741517
vt 0.290054 0.827148
vt 0.290353 0.744623
vt 0.290353 0.824047
vt 0.641340 0.687550
vt 0.641340 0.706201
vt 0.630892 0.687632
vt 0.630892 0.706284
vt 0.655042 0.706093
vt 0.655042 0.687442
vt 0.617190 0.706392
vt 0.617190 0.687740
vt 0.726839 0.912828
vt 0.726839 0.933766
vt 0.722404 0.933766
vt 0.722404 0.912828
vt 0.392231 0.933026
vt 0.387796 0.933026
vt 0.387796 0.912088
vt 0.392231 0.912088
vt 0.932467 0.795464
vt 0.932467 0.774527
vt 0.936902 0.774527
vt 0.936902 0.795464
vt 0.936902 0.766789
vt 0.932467 0.766789
vt 0.932467 0.745852
vt 0.936902 0.745852
vt 0.932467 0.821879
vt 0.932467 0.803228
vt 0.935861 0.803202
vt 0.935861 0.821852
vt 0.932467 0.829629
vt 0.935832 0.829616
vt 0.935832 0.848268
vt 0.932467 0.848280
vt 0.935832 0.856018
vt 0.935832 0.874669
vt 0.932467 0.874682
vt 0.932467 0.856030
vt 0.935411 0.935689
vt 0.932017 0.935715
vt 0.932017 0.917064
vt 0.935411 0.917038
vt 0.177830 0.928295
vt 0.177830 0.909644
vt 0.191532 0.909536
vt 0.191532 0.928187
vt 0.696859 0.931479
vt 0.683157 0.931587
vt 0.683157 0.912936
vt 0.696859 0.912828
vt 0.292403 0.618180
vt 0.003869 0.618180
vt 0.003869 0.003869
vt 0.292403 0.003869
vt 0.588665 0.003879
vt 0.588665 0.618185
vt 0.300141 0.618174
vt 0.300141 0.003869
vt 0.573106 0.728721
vt 0.576774 0.728749
vt 0.576774 0.917548
vt 0.573106 0.917519
vt 0.852868 0.470052
vt 0.849200 0.470038
vt 0.849200 0.003869
vt 0.852868 0.003883
vt 0.917487 0.588096
vt 0.913820 0.588069
vt 0.913820 0.350280
vt 0.917487 0.350307
vt 0.841462 0.474082
vt 0.837795 0.474053
vt 0.837795 0.003869
vt 0.841462 0.003897
vt 0.978222 0.077337
vt 0.978222 0.068054
vt 0.978979 0.068048
vt 0.978979 0.077332
vt 0.978206 0.583962
vt 0.978963 0.583956
vt 0.978963 0.593240
vt 0.978206 0.593246
vt 0.978928 0.284768
vt 0.978928 0.294052
vt 0.978327 0.294057
vt 0.978327 0.284773
vt 0.979014 0.354843
vt 0.978413 0.354848
vt 0.978413 0.345564
vt 0.979014 0.345560
vt 0.963389 0.239302
vt 0.963389 0.228987
vt 0.964146 0.228981
vt 0.964146 0.239296
vt 0.963447 0.374153
vt 0.964204 0.374147
vt 0.964204 0.384462
vt 0.963447 0.384468
vt 0.155708 0.958550
vt 0.155708 0.968865
vt 0.155107 0.968870
vt 0.155107 0.958555
vt 0.164349 0.968633
vt 0.163748 0.968637
vt 0.163748 0.958322
vt 0.164349 0.958317
vt 0.936478 0.592730
vt 0.926162 0.592730
vt 0.926673 0.591589
vt 0.935958 0.591589
vt 0.013754 0.931031
vt 0.014279 0.932182
vt 0.003963 0.932182
vt 0.004470 0.931031
vt 0.926116 0.580718
vt 0.936433 0.580718
vt 0.935921 0.581859
vt 0.926637 0.581859
vt 0.004394 0.921218
vt 0.003869 0.920067
vt 0.014185 0.920067
vt 0.013678 0.921218
vt 0.369437 0.694509
vt 0.372242 0.678613
vt 0.382558 0.678625
vt 0.382760 0.694525
vt 0.549332 0.811120
vt 0.549332 0.800805
vt 0.565369 0.797834
vt 0.565369 0.811155
vt 0.372235 0.675610
vt 0.382551 0.675623
vt 0.546303 0.811143
vt 0.546303 0.800828
vt 0.372204 0.663599
vt 0.372198 0.661299
vt 0.382514 0.661311
vt 0.382520 0.663611
vt 0.531868 0.811255
vt 0.531868 0.800940
vt 0.534187 0.800922
vt 0.534187 0.811237
vt 0.382583 0.626021
vt 0.369260 0.626005
vt 0.496272 0.811692
vt 0.496272 0.798370
vt 0.348174 0.665062
vt 0.348170 0.663302
vt 0.533917 0.776893
vt 0.535692 0.776880
vt 0.348073 0.625980
vt 0.496272 0.777186
vt 0.348251 0.694484
vt 0.348204 0.676553
vt 0.547282 0.776790
vt 0.565369 0.776649
vt 0.348198 0.674254
vt 0.544964 0.776808
vt 0.395075 0.663358
vt 0.395079 0.665118
vt 0.535692 0.823781
vt 0.533917 0.823794
vt 0.394978 0.626036
vt 0.496272 0.824087
vt 0.395109 0.676609
vt 0.395155 0.694540
vt 0.565369 0.823550
vt 0.547282 0.823690
vt 0.395103 0.674311
vt 0.544964 0.823708
vt 0.111905 0.698375
vt 0.108484 0.698375
vt 0.108484 0.695347
vt 0.111905 0.695347
vt 0.205364 0.695347
vt 0.205364 0.698375
vt 0.201943 0.698375
vt 0.201943 0.695347
vt 0.108484 0.671717
vt 0.111905 0.671717
vt 0.205364 0.671717
vt 0.201943 0.671717
vt 0.111905 0.761991
vt 0.108484 0.761991
vt 0.108484 0.712809
vt 0.111905 0.712808
vt 0.205364 0.712809
vt 0.205364 0.761991
vt 0.201943 0.761991
vt 0.201943 0.712808
vt 0.108484 0.710489
vt 0.111905 0.710489
vt 0.205364 0.710489
vt 0.201943 0.710489
vt 0.585360 0.817243
vt 0.584561 0.817241
vt 0.584558 0.815481
vt 0.585357 0.815483
vt 0.925225 0.107467
vt 0.925225 0.105692
vt 0.926023 0.105698
vt 0.926023 0.107473
vt 0.585420 0.854565
vt 0.584621 0.854563
vt 0.925225 0.068048
vt 0.926023 0.068054
vt 0.585339 0.803992
vt 0.584540 0.803990
vt 0.584511 0.786059
vt 0.585310 0.786060
vt 0.925225 0.137143
vt 0.925225 0.119057
vt 0.926023 0.119063
vt 0.926023 0.137149
vt 0.585342 0.806290
vt 0.584544 0.806288
vt 0.925225 0.116739
vt 0.926023 0.116745
vt 0.100746 0.698377
vt 0.097734 0.698382
vt 0.097734 0.695353
vt 0.100746 0.695349
vt 0.006863 0.695350
vt 0.006863 0.698378
vt 0.003869 0.698373
vt 0.003869 0.695345
vt 0.097734 0.671723
vt 0.100746 0.671719
vt 0.006863 0.671720
vt 0.003869 0.671715
vt 0.100746 0.761992
vt 0.097734 0.761997
vt 0.097734 0.712815
vt 0.100746 0.712810
vt 0.006863 0.712811
vt 0.006863 0.761994
vt 0.003869 0.761989
vt 0.003869 0.712807
vt 0.097734 0.710495
vt 0.100746 0.710491
vt 0.006863 0.710492
vt 0.003869 0.710487
vt 0.054497 0.713069
vt 0.054497 0.710749
vt 0.300141 0.795906
vt 0.300141 0.794130
vt 0.356535 0.822089
vt 0.356535 0.823865
vt 0.054497 0.762251
vt 0.300141 0.756487
vt 0.356535 0.784446
vt 0.054497 0.695607
vt 0.054497 0.671977
vt 0.300141 0.825581
vt 0.300141 0.807495
vt 0.356535 0.835454
vt 0.356535 0.853540
vt 0.054497 0.698635
vt 0.300141 0.805177
vt 0.356535 0.833136
vt 0.340569 0.676543
vt 0.300271 0.676495
vt 0.300266 0.674197
vt 0.340563 0.674245
vt 0.544964 0.728879
vt 0.547282 0.728861
vt 0.547282 0.769155
vt 0.544964 0.769173
vt 0.340615 0.694475
vt 0.300318 0.694427
vt 0.565369 0.728721
vt 0.565369 0.769015
vt 0.340535 0.663293
vt 0.300237 0.663244
vt 0.300141 0.625922
vt 0.340438 0.625971
vt 0.496272 0.729257
vt 0.533917 0.728965
vt 0.533917 0.769259
vt 0.496272 0.769551
vt 0.340539 0.665053
vt 0.300242 0.665005
vt 0.535692 0.728951
vt 0.535692 0.769245
vt 0.821370 0.745061
vt 0.821203 0.766246
vt 0.806877 0.766246
vt 0.807044 0.745061
vt 0.776611 0.766246
vt 0.762285 0.766246
vt 0.762452 0.745061
vt 0.776778 0.745061
vt 0.821475 0.731740
vt 0.807149 0.731740
vt 0.762557 0.731740
vt 0.776883 0.731740
vt 0.821573 0.719345
vt 0.807247 0.719345
vt 0.762655 0.719345
vt 0.776981 0.719345
vt 0.808369 0.719046
vt 0.823814 0.719046
vt 0.760418 0.719046
vt 0.775864 0.719046
vt 0.808375 0.718248
vt 0.823821 0.718248
vt 0.760425 0.718248
vt 0.775870 0.718248
vt 0.807401 0.717202
vt 0.821864 0.717202
vt 0.762398 0.717202
vt 0.776861 0.717202
vt 0.793314 0.660294
vt 0.794330 0.660294
vt 0.790829 0.660294
vt 0.791846 0.660294
vt 0.688883 0.845858
vt 0.729179 0.846176
vt 0.729179 0.860501
vt 0.688883 0.860183
vt 0.729179 0.890765
vt 0.729179 0.905090
vt 0.688884 0.904773
vt 0.688883 0.890447
vt 0.053824 0.698635
vt 0.053824 0.695607
vt 0.049821 0.698635
vt 0.049148 0.698635
vt 0.049148 0.695607
vt 0.049821 0.695607
vt 0.053824 0.671977
vt 0.049148 0.671977
vt 0.049821 0.671977
vt 0.052945 0.762251
vt 0.053824 0.713069
vt 0.050700 0.762251
vt 0.049148 0.762251
vt 0.049148 0.713068
vt 0.049821 0.713068
vt 0.053824 0.710749
vt 0.049148 0.710749
vt 0.049821 0.710749
vt 0.795921 0.731740
vt 0.796018 0.719345
vt 0.788209 0.719345
vt 0.788112 0.731740
vt 0.792123 0.718248
vt 0.792131 0.717202
vt 0.796104 0.717202
vt 0.796587 0.718248
vt 0.788158 0.717202
vt 0.787658 0.718248
vt 0.792580 0.660294
vt 0.051822 0.698635
vt 0.051822 0.695607
vt 0.051822 0.671977
vt 0.051822 0.762251
vt 0.051822 0.713068
vt 0.051822 0.710749
vt 0.729179 0.871729
vt 0.688883 0.871411
vt 0.729179 0.879537
vt 0.688883 0.879219
vt 0.795648 0.766246
vt 0.795815 0.745061
vt 0.787839 0.766246
vt 0.788006 0.745061
vt 0.845050 0.845313
vt 0.845050 0.831172
vt 0.858372 0.831270
vt 0.858372 0.845411
vt 0.858372 0.821435
vt 0.845050 0.821337
vt 0.845050 0.807196
vt 0.858372 0.807294
vt 0.910568 0.602274
vt 0.915486 0.602238
vt 0.915486 0.642531
vt 0.910568 0.642567
vt 0.920403 0.602202
vt 0.920403 0.642495
vt 0.344604 0.918184
vt 0.339600 0.918184
vt 0.345020 0.861278
vt 0.349607 0.918184
vt 0.832357 0.831784
vt 0.832357 0.846630
vt 0.831558 0.846624
vt 0.831558 0.831778
vt 0.831558 0.805688
vt 0.832357 0.805693
vt 0.832357 0.820540
vt 0.831558 0.820534
vt 0.832357 0.826162
vt 0.831558 0.826156
vt 0.832656 0.831081
vt 0.832656 0.845223
vt 0.832656 0.807105
vt 0.832656 0.821247
vt 0.832656 0.826164
vt 0.845050 0.826255
vt 0.858372 0.826352
vt 0.879557 0.826507
vt 0.879557 0.831425
vt 0.879557 0.821590
vt 0.497191 0.957959
vt 0.496272 0.957959
vt 0.496272 0.954754
vt 0.497191 0.954754
vt 0.505846 0.954754
vt 0.505846 0.957959
vt 0.504928 0.957959
vt 0.504928 0.954754
vt 0.496272 0.951549
vt 0.497191 0.951549
vt 0.505846 0.951549
vt 0.504928 0.951549
vt 0.496272 0.948343
vt 0.497191 0.948344
vt 0.505846 0.948344
vt 0.504928 0.948343
vt 0.496272 0.945138
vt 0.497191 0.945138
vt 0.505846 0.945138
vt 0.504928 0.945138
vt 0.951266 0.545396
vt 0.950348 0.545396
vt 0.950348 0.541439
vt 0.951266 0.541439
vt 0.951266 0.565005
vt 0.951266 0.568962
vt 0.950348 0.568962
vt 0.950348 0.565005
vt 0.950348 0.537482
vt 0.951266 0.537482
vt 0.951266 0.561048
vt 0.950348 0.561048
vt 0.950348 0.533524
vt 0.951266 0.533524
vt 0.951266 0.557091
vt 0.950348 0.557091
vt 0.950348 0.529567
vt 0.951266 0.529567
vt 0.951266 0.553133
vt 0.950348 0.553133
vt 0.936444 0.583721
vt 0.935930 0.584291
vt 0.003892 0.923095
vt 0.004413 0.923671
vt 0.936455 0.586724
vt 0.935939 0.586724
vt 0.003916 0.926124
vt 0.004432 0.926124
vt 0.936467 0.589727
vt 0.935949 0.589156
vt 0.003939 0.929153
vt 0.004451 0.928577
vt 0.349181 0.671957
vt 0.372227 0.672607
vt 0.542646 0.777815
vt 0.543274 0.800852
vt 0.349621 0.669660
vt 0.372219 0.669604
vt 0.540328 0.778278
vt 0.540245 0.800875
vt 0.349170 0.667361
vt 0.372211 0.666601
vt 0.538010 0.777851
vt 0.537216 0.800899
vt 0.657041 0.934055
vt 0.655995 0.934566
vt 0.655957 0.932061
vt 0.657021 0.932031
vt 0.532394 0.931526
vt 0.532391 0.934040
vt 0.531332 0.933527
vt 0.531323 0.931496
vt 0.656420 0.929765
vt 0.657402 0.930173
vt 0.531895 0.929223
vt 0.530914 0.929633
vt 0.657706 0.927811
vt 0.658438 0.928588
vt 0.530575 0.927262
vt 0.529850 0.928042
vt 0.659494 0.926065
vt 0.659875 0.927170
vt 0.528752 0.925512
vt 0.528385 0.926619
vt 0.164678 0.949179
vt 0.163760 0.949179
vt 0.163752 0.946154
vt 0.164670 0.946155
vt 0.178752 0.946638
vt 0.178760 0.949662
vt 0.177842 0.949662
vt 0.177834 0.946638
vt 0.163748 0.943128
vt 0.164666 0.943128
vt 0.178748 0.943612
vt 0.177830 0.943612
vt 0.163752 0.940098
vt 0.164670 0.940098
vt 0.178752 0.940582
vt 0.177834 0.940581
vt 0.163760 0.937065
vt 0.164678 0.937065
vt 0.178760 0.937549
vt 0.177842 0.937549
vt 0.961907 0.858210
vt 0.960989 0.858210
vt 0.960989 0.855756
vt 0.961907 0.855756
vt 0.961907 0.836975
vt 0.961907 0.839428
vt 0.960989 0.839428
vt 0.960989 0.836975
vt 0.960989 0.853303
vt 0.961907 0.853303
vt 0.961907 0.834521
vt 0.960989 0.834521
vt 0.960989 0.850850
vt 0.961907 0.850850
vt 0.961907 0.832069
vt 0.960989 0.832069
vt 0.960989 0.848398
vt 0.961907 0.848398
vt 0.961907 0.829616
vt 0.960989 0.829616
vt 0.342024 0.675392
vt 0.342478 0.676546
vt 0.546119 0.770622
vt 0.547282 0.771064
vt 0.344386 0.676235
vt 0.344389 0.677349
vt 0.546966 0.772975
vt 0.548090 0.772966
vt 0.346415 0.675397
vt 0.346295 0.676550
vt 0.546119 0.775013
vt 0.547282 0.774881
vt 0.342524 0.694477
vt 0.565369 0.770923
vt 0.344433 0.694480
vt 0.565369 0.772832
vt 0.346342 0.694482
vt 0.565369 0.774740
vt 0.661578 0.925693
vt 0.661523 0.926843
vt 0.526652 0.925138
vt 0.526724 0.926292
vt 0.663774 0.925696
vt 0.663296 0.926858
vt 0.524444 0.925141
vt 0.524941 0.926307
vt 0.665633 0.927378
vt 0.664864 0.928232
vt 0.522599 0.926829
vt 0.523384 0.927685
vt 0.666543 0.928997
vt 0.665497 0.929508
vt 0.521707 0.928453
vt 0.522766 0.928965
vt 0.163775 0.935549
vt 0.164693 0.935549
vt 0.178775 0.936032
vt 0.177857 0.936032
vt 0.938743 0.029737
vt 0.939499 0.029732
vt 0.938872 0.031754
vt 0.938116 0.031759
vt 0.871888 0.984309
vt 0.872515 0.982287
vt 0.873271 0.982281
vt 0.872644 0.984303
vt 0.939499 0.034123
vt 0.938743 0.034128
vt 0.872515 0.986678
vt 0.873271 0.986673
vt 0.186513 0.936032
vt 0.187431 0.936032
vt 0.187431 0.937540
vt 0.186513 0.937540
vt 0.950348 0.578207
vt 0.950348 0.576700
vt 0.951266 0.576700
vt 0.951266 0.578207
vt 0.769890 0.956372
vt 0.770808 0.956372
vt 0.770817 0.957598
vt 0.769899 0.957598
vt 0.959022 0.541744
vt 0.959013 0.540517
vt 0.959931 0.540517
vt 0.959940 0.541744
vt 0.310268 0.982667
vt 0.310869 0.982662
vt 0.310204 0.984631
vt 0.309603 0.984636
vt 0.979084 0.415371
vt 0.979749 0.413402
vt 0.980350 0.413397
vt 0.979685 0.415366
vt 0.310869 0.986280
vt 0.310268 0.986285
vt 0.979749 0.417020
vt 0.980350 0.417015
vt 0.961907 0.859442
vt 0.960989 0.859442
vt 0.961907 0.840661
vt 0.960989 0.840661
vt 0.881466 0.831439
vt 0.881466 0.845580
vt 0.879557 0.845566
vt 0.881466 0.807463
vt 0.881466 0.821604
vt 0.879557 0.807449
vt 0.881466 0.826521
vt 0.883374 0.826535
vt 0.883374 0.831453
vt 0.883374 0.821618
vt 0.881466 0.863622
vt 0.879557 0.863608
vt 0.881466 0.789420
vt 0.879557 0.789406
vt 0.883374 0.845594
vt 0.883374 0.863636
vt 0.883374 0.789434
vt 0.883374 0.807477
vt 0.346383 0.662878
vt 0.346165 0.625977
vt 0.533492 0.775111
vt 0.496272 0.775277
vt 0.344350 0.662496
vt 0.344256 0.625975
vt 0.533109 0.773082
vt 0.496272 0.773369
vt 0.341991 0.662872
vt 0.342347 0.625973
vt 0.533491 0.770720
vt 0.496272 0.771460
vt 0.341994 0.663984
vt 0.534613 0.770711
vt 0.344352 0.663007
vt 0.533625 0.773078
vt 0.346386 0.663990
vt 0.534613 0.775102
vt 0.662664 0.936394
vt 0.663045 0.937498
vt 0.661292 0.937928
vt 0.661348 0.936777
vt 0.527114 0.937412
vt 0.525346 0.936981
vt 0.525713 0.935873
vt 0.527042 0.936258
vt 0.658740 0.937928
vt 0.659218 0.936766
vt 0.529680 0.937412
vt 0.529182 0.936246
vt 0.657237 0.936241
vt 0.658006 0.935387
vt 0.531167 0.935720
vt 0.530381 0.934863
vt 0.186513 0.949654
vt 0.187431 0.949654
vt 0.187431 0.951065
vt 0.186513 0.951065
vt 0.950348 0.591732
vt 0.950348 0.590321
vt 0.951266 0.590321
vt 0.951266 0.591732
vt 0.656309 0.986827
vt 0.655709 0.986831
vt 0.654732 0.984466
vt 0.655333 0.984461
vt 0.811574 0.984631
vt 0.812551 0.986996
vt 0.811950 0.987001
vt 0.810974 0.984636
vt 0.655709 0.982440
vt 0.656309 0.982435
vt 0.812551 0.982605
vt 0.811950 0.982610
vt 0.164693 0.950580
vt 0.163775 0.950580
vt 0.178775 0.951064
vt 0.177857 0.951064
vt 0.482660 0.984775
vt 0.481909 0.984685
vt 0.481451 0.983206
vt 0.482203 0.983296
vt 0.944289 0.983171
vt 0.944746 0.984650
vt 0.943995 0.984560
vt 0.943537 0.983081
vt 0.481063 0.981488
vt 0.481814 0.981579
vt 0.943900 0.981454
vt 0.943149 0.981363
vt 0.481909 0.979616
vt 0.482660 0.979707
vt 0.944746 0.979582
vt 0.943995 0.979491
vt 0.769899 0.945422
vt 0.770817 0.945422
vt 0.770808 0.946559
vt 0.769890 0.946559
vt 0.959013 0.530705
vt 0.959022 0.529567
vt 0.959940 0.529567
vt 0.959931 0.530705
vt 0.685066 0.860153
vt 0.685066 0.845828
vt 0.686975 0.845843
vt 0.686975 0.860168
vt 0.686975 0.904758
vt 0.685066 0.904742
vt 0.685066 0.890417
vt 0.686975 0.890432
vt 0.685066 0.875285
vt 0.685066 0.871381
vt 0.686975 0.871396
vt 0.686975 0.875300
vt 0.686975 0.879204
vt 0.685066 0.879189
vt 0.688883 0.875315
vt 0.683157 0.871366
vt 0.683157 0.860138
vt 0.683157 0.890402
vt 0.683157 0.879174
vt 0.300260 0.671899
vt 0.339568 0.671946
vt 0.542646 0.728897
vt 0.542646 0.768202
vt 0.300254 0.669601
vt 0.339117 0.669647
vt 0.540328 0.728915
vt 0.540328 0.767775
vt 0.300248 0.667303
vt 0.339556 0.667350
vt 0.538010 0.728933
vt 0.538010 0.768238
vt 0.666582 0.931502
vt 0.665517 0.931532
vt 0.521704 0.930966
vt 0.522775 0.930996
vt 0.666119 0.933798
vt 0.665137 0.933390
vt 0.522203 0.933269
vt 0.523184 0.932860
vt 0.664833 0.935753
vt 0.664101 0.934975
vt 0.523523 0.935230
vt 0.524248 0.934450
vt 0.187431 0.940568
vt 0.186513 0.940568
vt 0.950348 0.581235
vt 0.951266 0.581235
vt 0.187431 0.943596
vt 0.186513 0.943596
vt 0.950348 0.584263
vt 0.951266 0.584263
vt 0.187431 0.946625
vt 0.186513 0.946625
vt 0.950348 0.587292
vt 0.951266 0.587292
vt 0.770801 0.949016
vt 0.769883 0.949016
vt 0.959007 0.533161
vt 0.959925 0.533161
vt 0.770799 0.951471
vt 0.769880 0.951471
vt 0.959004 0.535616
vt 0.959922 0.535616
vt 0.770801 0.953922
vt 0.769883 0.953922
vt 0.959007 0.538067
vt 0.959925 0.538067
vt 0.957711 0.615023
vt 0.956792 0.615023
vt 0.956792 0.611817
vt 0.957711 0.611817
vt 0.557062 0.954481
vt 0.557062 0.957687
vt 0.556144 0.957687
vt 0.556144 0.954481
vt 0.956792 0.608612
vt 0.957711 0.608612
vt 0.557062 0.951275
vt 0.556144 0.951275
vt 0.956792 0.605406
vt 0.957711 0.605407
vt 0.557062 0.948070
vt 0.556144 0.948070
vt 0.956792 0.602202
vt 0.957711 0.602202
vt 0.557062 0.944865
vt 0.556144 0.944865
vt 0.951174 0.719294
vt 0.950255 0.719294
vt 0.950250 0.715340
vt 0.951168 0.715340
vt 0.675240 0.937567
vt 0.675246 0.941521
vt 0.674328 0.941521
vt 0.674322 0.937567
vt 0.950248 0.711384
vt 0.951166 0.711384
vt 0.675238 0.933611
vt 0.674320 0.933611
vt 0.950250 0.707425
vt 0.951168 0.707425
vt 0.675240 0.929653
vt 0.674322 0.929653
vt 0.950255 0.703465
vt 0.951174 0.703465
vt 0.675246 0.925693
vt 0.674328 0.925693
vt 0.925510 0.589727
vt 0.926024 0.589156
vt 0.014895 0.929153
vt 0.014375 0.928577
vt 0.925225 0.586724
vt 0.925740 0.586724
vt 0.015146 0.926124
vt 0.014630 0.926124
vt 0.925488 0.583721
vt 0.926006 0.584291
vt 0.014848 0.923095
vt 0.014337 0.923671
vt 0.395086 0.667416
vt 0.383168 0.666615
vt 0.538010 0.823763
vt 0.537216 0.811854
vt 0.395091 0.669714
vt 0.383450 0.669618
vt 0.540328 0.823745
vt 0.540245 0.812105
vt 0.395097 0.672012
vt 0.383183 0.672620
vt 0.542646 0.823727
vt 0.543274 0.811807
vt 0.108484 0.707461
vt 0.111905 0.707461
vt 0.205364 0.707461
vt 0.201943 0.707461
vt 0.108484 0.704432
vt 0.111905 0.704432
vt 0.205364 0.704432
vt 0.201943 0.704432
vt 0.108484 0.701404
vt 0.111905 0.701404
vt 0.205364 0.701404
vt 0.201943 0.701404
vt 0.584555 0.813183
vt 0.585353 0.813184
vt 0.925225 0.109785
vt 0.926023 0.109791
vt 0.584551 0.810885
vt 0.585350 0.810886
vt 0.925225 0.112103
vt 0.926023 0.112109
vt 0.584547 0.808586
vt 0.585346 0.808588
vt 0.925225 0.114421
vt 0.926023 0.114427
vt 0.097734 0.707467
vt 0.100746 0.707462
vt 0.006863 0.707464
vt 0.003869 0.707459
vt 0.097734 0.704439
vt 0.100746 0.704434
vt 0.006863 0.704435
vt 0.003869 0.704430
vt 0.097734 0.701410
vt 0.100746 0.701405
vt 0.006863 0.701407
vt 0.003869 0.701402
vt 0.054497 0.707721
vt 0.300141 0.798224
vt 0.356534 0.826183
vt 0.054497 0.704692
vt 0.300141 0.800542
vt 0.356534 0.828501
vt 0.054497 0.701664
vt 0.300141 0.802859
vt 0.356534 0.830819
vt 0.053824 0.701664
vt 0.049148 0.701664
vt 0.049821 0.701664
vt 0.053824 0.704692
vt 0.049148 0.704692
vt 0.049821 0.704692
vt 0.053824 0.707721
vt 0.049148 0.707721
vt 0.049821 0.707721
vt 0.051822 0.701664
vt 0.051822 0.704692
vt 0.051822 0.707721
vt 0.989872 0.006121
vt 0.989393 0.006121
vt 0.989393 0.003869
vt 0.989872 0.003869
vt 0.989872 0.013859
vt 0.989872 0.016112
vt 0.989393 0.016112
vt 0.989393 0.013859
vt 0.990056 0.604455
vt 0.990056 0.602202
vt 0.990534 0.602202
vt 0.990534 0.604455
vt 0.990056 0.612192
vt 0.990534 0.612192
vt 0.990534 0.614445
vt 0.990056 0.614445
vt 0.665732 0.945665
vt 0.665732 0.956415
vt 0.665419 0.956417
vt 0.665419 0.945668
vt 0.513897 0.955888
vt 0.513584 0.955890
vt 0.513584 0.945141
vt 0.513897 0.945138
vt 0.375263 0.959889
vt 0.375263 0.949140
vt 0.376973 0.949133
vt 0.376973 0.959883
vt 0.954312 0.883355
vt 0.952588 0.883369
vt 0.952588 0.872619
vt 0.954312 0.872606
vt 0.969085 0.683290
vt 0.969085 0.694039
vt 0.968691 0.694042
vt 0.968691 0.683293
vt 0.213496 0.969481
vt 0.213102 0.969484
vt 0.213102 0.958734
vt 0.213496 0.958731
vt 0.350962 0.946863
vt 0.350962 0.957613
vt 0.349238 0.957626
vt 0.349238 0.946877
vt 0.960621 0.714215
vt 0.958911 0.714222
vt 0.958911 0.703472
vt 0.960621 0.703465
vt 0.513584 0.974157
vt 0.513584 0.963628
vt 0.513937 0.963630
vt 0.513937 0.974160
vt 0.977933 0.848398
vt 0.978286 0.848399
vt 0.978286 0.858839
vt 0.977933 0.858838
vt 0.529920 0.958907
vt 0.529920 0.945149
vt 0.530398 0.945149
vt 0.530398 0.958907
vt 0.566627 0.959016
vt 0.566148 0.959016
vt 0.566148 0.945258
vt 0.566627 0.945258
vt 0.338344 0.976475
vt 0.338344 0.966036
vt 0.338696 0.966037
vt 0.338696 0.976477
vt 0.722404 0.962998
vt 0.722757 0.963001
vt 0.722757 0.973530
vt 0.722404 0.973528
vt 0.957821 0.439278
vt 0.957821 0.425521
vt 0.958299 0.425521
vt 0.958299 0.439278
vt 0.241602 0.942919
vt 0.242081 0.942919
vt 0.242081 0.956677
vt 0.241602 0.956677
vt 0.853086 0.995747
vt 0.853086 0.995394
vt 0.853399 0.995392
vt 0.853399 0.995745
vt 0.584511 0.995779
vt 0.584825 0.995776
vt 0.584825 0.996129
vt 0.584511 0.996131
vt 0.995741 0.745854
vt 0.995741 0.746249
vt 0.995388 0.746246
vt 0.995388 0.745852
vt 0.787131 0.995249
vt 0.787483 0.995251
vt 0.787483 0.995646
vt 0.787131 0.995643
vt 0.995713 0.880742
vt 0.995713 0.881137
vt 0.995360 0.881134
vt 0.995360 0.880740
vt 0.995360 0.872606
vt 0.995713 0.872608
vt 0.995713 0.873003
vt 0.995360 0.873000
vt 0.996131 0.130544
vt 0.996131 0.130897
vt 0.995818 0.130900
vt 0.995818 0.130547
vt 0.258535 0.992087
vt 0.258222 0.992089
vt 0.258222 0.991737
vt 0.258535 0.991734
vt 0.588038 0.699531
vt 0.588038 0.685774
vt 0.588517 0.685774
vt 0.588517 0.699531
vt 0.854080 0.902288
vt 0.854559 0.902288
vt 0.854559 0.916045
vt 0.854080 0.916045
vt 0.645261 0.967381
vt 0.645261 0.977820
vt 0.644909 0.977819
vt 0.644909 0.967379
vt 0.971941 0.374147
vt 0.972294 0.374150
vt 0.972294 0.384680
vt 0.971941 0.384677
vt 0.274519 0.959127
vt 0.274519 0.945369
vt 0.274997 0.945369
vt 0.274997 0.959127
vt 0.787063 0.945383
vt 0.787541 0.945383
vt 0.787541 0.959140
vt 0.787063 0.959140
vt 0.135899 0.974271
vt 0.135899 0.963741
vt 0.136252 0.963744
vt 0.136252 0.974274
vt 0.779199 0.977319
vt 0.778846 0.977318
vt 0.778846 0.966878
vt 0.779199 0.966879
vt 0.891112 0.969894
vt 0.891112 0.959605
vt 0.891663 0.959601
vt 0.891663 0.969890
vt 0.943149 0.961465
vt 0.943695 0.961463
vt 0.943695 0.971752
vt 0.943149 0.971754
vt 0.978187 0.927329
vt 0.978187 0.917040
vt 0.978500 0.917038
vt 0.978500 0.927327
vt 0.978187 0.935071
vt 0.978500 0.935068
vt 0.978500 0.945357
vt 0.978187 0.945360
vt 0.970648 0.792262
vt 0.970648 0.781973
vt 0.971194 0.781970
vt 0.971194 0.792260
vt 0.444409 0.959368
vt 0.444960 0.959363
vt 0.444960 0.969652
vt 0.444409 0.969657
vt 0.978487 0.803202
vt 0.978487 0.813490
vt 0.978093 0.813493
vt 0.978093 0.803204
vt 0.977970 0.044209
vt 0.978364 0.044206
vt 0.978364 0.054495
vt 0.977970 0.054498
vt 0.981823 0.618656
vt 0.981823 0.617936
vt 0.982301 0.617936
vt 0.982301 0.618656
vt 0.241586 0.993687
vt 0.242064 0.993687
vt 0.242064 0.994407
vt 0.241586 0.994407
vt 0.994308 0.861084
vt 0.994786 0.861084
vt 0.994786 0.861804
vt 0.994308 0.861804
vt 0.994515 0.819654
vt 0.994515 0.818935
vt 0.994993 0.818935
vt 0.994993 0.819654
vt 0.979990 0.220246
vt 0.980468 0.220246
vt 0.980468 0.220966
vt 0.979990 0.220966
vt 0.994471 0.939784
vt 0.994471 0.939064
vt 0.994949 0.939064
vt 0.994949 0.939784
vt 0.994302 0.331669
vt 0.994302 0.330950
vt 0.994781 0.330950
vt 0.994781 0.331669
vt 0.994781 0.323212
vt 0.994302 0.323212
vt 0.994302 0.322492
vt 0.994781 0.322492
vt 0.977991 0.184710
vt 0.977991 0.174421
vt 0.978385 0.174419
vt 0.978385 0.184707
vt 0.630801 0.968076
vt 0.631195 0.968073
vt 0.631195 0.978362
vt 0.630801 0.978365
vt 0.048696 0.971705
vt 0.048696 0.961416
vt 0.049242 0.961414
vt 0.049242 0.971703
vt 0.969841 0.099520
vt 0.970392 0.099516
vt 0.970392 0.109805
vt 0.969841 0.109809
vt 0.978130 0.109807
vt 0.978130 0.099518
vt 0.978443 0.099516
vt 0.978443 0.109805
vt 0.978201 0.314094
vt 0.978514 0.314092
vt 0.978514 0.324381
vt 0.978201 0.324384
vt 0.969645 0.839909
vt 0.969645 0.829620
vt 0.970196 0.829616
vt 0.970196 0.839905
vt 0.970614 0.505850
vt 0.971161 0.505848
vt 0.971161 0.516137
vt 0.970614 0.516139
vt 0.387796 0.972788
vt 0.387796 0.962258
vt 0.388148 0.962261
vt 0.388148 0.972791
vt 0.274519 0.966864
vt 0.274871 0.966865
vt 0.274871 0.977305
vt 0.274519 0.977304
vt 0.538136 0.958907
vt 0.538136 0.945149
vt 0.538614 0.945149
vt 0.538614 0.958907
vt 0.266302 0.945369
vt 0.266781 0.945369
vt 0.266781 0.959127
vt 0.266302 0.959127
vt 0.596403 0.976386
vt 0.596403 0.965946
vt 0.596756 0.965948
vt 0.596756 0.976387
vt 0.665419 0.964155
vt 0.665771 0.964157
vt 0.665771 0.974687
vt 0.665419 0.974684
vt 0.905528 0.515741
vt 0.905528 0.501983
vt 0.906007 0.501983
vt 0.906007 0.515741
vt 0.905528 0.523478
vt 0.906007 0.523478
vt 0.906007 0.537236
vt 0.905528 0.537236
vt 0.986415 0.059940
vt 0.986415 0.060293
vt 0.986102 0.060295
vt 0.986102 0.059943
vt 0.645222 0.995901
vt 0.644909 0.995903
vt 0.644909 0.995550
vt 0.645222 0.995548
vt 0.842444 0.995731
vt 0.842444 0.995337
vt 0.842797 0.995340
vt 0.842797 0.995734
vt 0.778846 0.995249
vt 0.779199 0.995251
vt 0.779199 0.995646
vt 0.778846 0.995643
vt 0.988666 0.995372
vt 0.988666 0.995767
vt 0.988314 0.995764
vt 0.988314 0.995370
vt 0.831558 0.995338
vt 0.831911 0.995341
vt 0.831911 0.995735
vt 0.831558 0.995733
vt 0.996131 0.122452
vt 0.996131 0.122805
vt 0.995818 0.122807
vt 0.995818 0.122454
vt 0.455775 0.995944
vt 0.455462 0.995947
vt 0.455462 0.995594
vt 0.455775 0.995591
vt 0.427894 0.957071
vt 0.427894 0.943313
vt 0.428373 0.943313
vt 0.428373 0.957071
vt 0.522182 0.958907
vt 0.521704 0.958907
vt 0.521704 0.945149
vt 0.522182 0.945149
vt 0.455462 0.977863
vt 0.455462 0.967423
vt 0.455815 0.967424
vt 0.455815 0.977864
vt 0.127499 0.963741
vt 0.127851 0.963744
vt 0.127851 0.974274
vt 0.127499 0.974271
vt 0.778846 0.959140
vt 0.778846 0.945383
vt 0.779325 0.945383
vt 0.779325 0.959140
vt 0.574843 0.959016
vt 0.574364 0.959016
vt 0.574364 0.945258
vt 0.574843 0.945258
vt 0.327376 0.963367
vt 0.327376 0.973896
vt 0.327024 0.973894
vt 0.327024 0.963364
vt 0.538489 0.977085
vt 0.538136 0.977084
vt 0.538136 0.966644
vt 0.538489 0.966645
vt 0.980081 0.978333
vt 0.980081 0.970340
vt 0.980576 0.970336
vt 0.980576 0.978329
vt 0.222112 0.975762
vt 0.222603 0.975760
vt 0.222603 0.983753
vt 0.222112 0.983755
vt 0.986252 0.337821
vt 0.986252 0.329827
vt 0.986565 0.329825
vt 0.986565 0.337818
vt 0.986181 0.099518
vt 0.986494 0.099516
vt 0.986494 0.107509
vt 0.986181 0.107511
vt 0.984021 0.537562
vt 0.984021 0.529569
vt 0.984512 0.529567
vt 0.984512 0.537561
vt 0.979990 0.204516
vt 0.980485 0.204512
vt 0.980485 0.212505
vt 0.979990 0.212509
vt 0.021011 0.986503
vt 0.021011 0.978510
vt 0.021405 0.978508
vt 0.021405 0.986500
vt 0.003869 0.978510
vt 0.004263 0.978508
vt 0.004263 0.986500
vt 0.003869 0.986503
vt 0.116700 0.994898
vt 0.116700 0.994251
vt 0.117178 0.994251
vt 0.117178 0.994898
vt 0.995000 0.917685
vt 0.994522 0.917685
vt 0.994522 0.917038
vt 0.995000 0.917038
vt 0.760897 0.994975
vt 0.760418 0.994975
vt 0.760418 0.994328
vt 0.760897 0.994328
vt 0.994899 0.285415
vt 0.994899 0.284768
vt 0.995377 0.284768
vt 0.995377 0.285415
vt 0.994522 0.925422
vt 0.995000 0.925422
vt 0.995000 0.926069
vt 0.994522 0.926069
vt 0.108484 0.994898
vt 0.108484 0.994251
vt 0.108962 0.994251
vt 0.108962 0.994898
vt 0.871888 0.995062
vt 0.871888 0.994416
vt 0.872366 0.994416
vt 0.872366 0.995062
vt 0.862474 0.994418
vt 0.862952 0.994418
vt 0.862952 0.995065
vt 0.862474 0.995065
vt 0.986123 0.182414
vt 0.986123 0.174421
vt 0.986517 0.174419
vt 0.986517 0.182411
vt 0.012879 0.978510
vt 0.013273 0.978508
vt 0.013273 0.986500
vt 0.012879 0.986503
vt 0.985016 0.549481
vt 0.985016 0.557474
vt 0.984525 0.557476
vt 0.984525 0.549483
vt 0.981823 0.602206
vt 0.982318 0.602202
vt 0.982318 0.610195
vt 0.981823 0.610199
vt 0.986225 0.811197
vt 0.986225 0.803204
vt 0.986538 0.803202
vt 0.986538 0.811195
vt 0.986252 0.314094
vt 0.986565 0.314092
vt 0.986565 0.322085
vt 0.986252 0.322088
vt 0.980613 0.276590
vt 0.980613 0.268597
vt 0.981108 0.268593
vt 0.981108 0.276586
vt 0.213102 0.977223
vt 0.213593 0.977221
vt 0.213593 0.985214
vt 0.213102 0.985216
vt 0.556144 0.994467
vt 0.556623 0.994467
vt 0.556623 0.995114
vt 0.556144 0.995114
vt 0.995287 0.592341
vt 0.995287 0.592987
vt 0.994808 0.592987
vt 0.994808 0.592341
vt 0.349238 0.995027
vt 0.349238 0.994380
vt 0.349716 0.994380
vt 0.349716 0.995027
vt 0.994808 0.583956
vt 0.995287 0.583956
vt 0.995287 0.584603
vt 0.994808 0.584603
vt 0.987216 0.771151
vt 0.987216 0.767879
vt 0.987610 0.767876
vt 0.987610 0.771148
vt 0.987216 0.756867
vt 0.987610 0.756864
vt 0.987610 0.760136
vt 0.987216 0.760139
vt 0.986894 0.148160
vt 0.986894 0.144888
vt 0.987385 0.144886
vt 0.987385 0.148158
vt 0.986666 0.284772
vt 0.987161 0.284768
vt 0.987161 0.288040
vt 0.986666 0.288044
vt 0.987317 0.400937
vt 0.987317 0.397665
vt 0.987630 0.397663
vt 0.987630 0.400935
vt 0.987216 0.778891
vt 0.987529 0.778888
vt 0.987529 0.782160
vt 0.987216 0.782163
vt 0.986680 0.485474
vt 0.986680 0.482202
vt 0.987176 0.482198
vt 0.987176 0.485470
vt 0.986708 0.671307
vt 0.987199 0.671305
vt 0.987199 0.674577
vt 0.986708 0.674579
vt 0.987649 0.365041
vt 0.987649 0.362589
vt 0.988144 0.362585
vt 0.988144 0.365037
vt 0.988223 0.214705
vt 0.988714 0.214703
vt 0.988714 0.217154
vt 0.988223 0.217156
vt 0.990763 0.025363
vt 0.990763 0.027815
vt 0.990450 0.027817
vt 0.990450 0.025366
vt 0.990528 0.425523
vt 0.990841 0.425521
vt 0.990841 0.427972
vt 0.990528 0.427975
vt 0.988248 0.893773
vt 0.988248 0.891321
vt 0.988739 0.891320
vt 0.988739 0.893771
vt 0.980576 0.988521
vt 0.980081 0.988525
vt 0.980081 0.986074
vt 0.980576 0.986070
vt 0.961568 0.196042
vt 0.961568 0.193590
vt 0.961962 0.193588
vt 0.961962 0.196039
vt 0.988314 0.985181
vt 0.988708 0.985178
vt 0.988708 0.987630
vt 0.988314 0.987632
vt 0.769880 0.995000
vt 0.769880 0.994353
vt 0.770359 0.994353
vt 0.770359 0.995000
vt 0.654732 0.994569
vt 0.655210 0.994569
vt 0.655210 0.995216
vt 0.654732 0.995216
vt 0.664574 0.995208
vt 0.664095 0.995208
vt 0.664095 0.994561
vt 0.664574 0.994561
vt 0.995377 0.293152
vt 0.995377 0.293799
vt 0.994899 0.293799
vt 0.994899 0.293152
vt 0.342524 0.729299
vt 0.340615 0.729297
vt 0.440890 0.792237
vt 0.472124 0.792430
vt 0.472124 0.794338
vt 0.440890 0.794146
vt 0.344433 0.729302
vt 0.440890 0.790329
vt 0.472124 0.790521
vt 0.346342 0.729304
vt 0.440890 0.788420
vt 0.472124 0.788613
vt 0.348251 0.729306
vt 0.440890 0.786512
vt 0.472124 0.786704
vt 0.860605 0.025760
vt 0.860605 0.003869
vt 0.893188 0.019374
vt 0.893188 0.041266
vt 0.893188 0.078396
vt 0.860605 0.093901
vt 0.860605 0.072010
vt 0.893188 0.056504
vt 0.860605 0.042783
vt 0.893188 0.048885
vt 0.860605 0.054987
vt 0.860605 0.048885
vt 0.901873 0.273815
vt 0.903280 0.274676
vt 0.871403 0.299123
vt 0.904687 0.275537
vt 0.901400 0.273525
vt 0.905161 0.275827
vt 0.300318 0.729249
vt 0.472124 0.834632
vt 0.440890 0.834439
vt 0.916192 0.660294
vt 0.916192 0.723524
vt 0.880975 0.698749
vt 0.886138 0.674759
vt 0.905161 0.342543
vt 0.879513 0.326719
vt 0.082231 0.641079
vt 0.085240 0.639138
vt 0.022371 0.641076
vt 0.019375 0.639135
vt 0.584546 0.751236
vt 0.585344 0.751238
vt 0.817533 0.805215
vt 0.817714 0.773983
vt 0.818513 0.773983
vt 0.818331 0.805215
vt 0.123990 0.639136
vt 0.127411 0.639136
vt 0.189858 0.639136
vt 0.186436 0.639136
vt 0.395155 0.729362
vt 0.382760 0.729347
vt 0.440890 0.739611
vt 0.472124 0.739804
vt 0.472124 0.752198
vt 0.440890 0.752006
vt 0.369437 0.729331
vt 0.440890 0.765327
vt 0.472124 0.765520
vt 0.382699 0.748735
vt 0.369376 0.748719
vt 0.419938 0.752042
vt 0.419938 0.765363
vt 0.348189 0.748693
vt 0.419938 0.786547
vt 0.395094 0.748749
vt 0.419938 0.739647
vt 0.143161 0.625918
vt 0.146583 0.630040
vt 0.170686 0.625918
vt 0.167265 0.630040
vt 0.584621 0.728721
vt 0.585420 0.728722
vt 0.817540 0.828501
vt 0.818339 0.828501
vt 0.063052 0.633406
vt 0.066069 0.625919
vt 0.041534 0.633405
vt 0.038545 0.625918
vt 0.052139 0.646819
vt 0.052241 0.637650
vt 0.860605 0.306706
vt 0.862899 0.315284
vt 0.340554 0.748684
vt 0.300257 0.748636
vt 0.419938 0.794182
vt 0.419938 0.834475
vt 0.902284 0.048885
vt 0.902284 0.038545
vt 0.902284 0.059225
vt 0.346281 0.748691
vt 0.419938 0.788456
vt 0.344372 0.748689
vt 0.419938 0.790365
vt 0.342463 0.748687
vt 0.419938 0.792273
vt 0.402893 0.794306
vt 0.411416 0.794244
vt 0.411416 0.834538
vt 0.402893 0.834600
vt 0.052298 0.631311
vt 0.052307 0.625918
vt 0.818426 0.839842
vt 0.818513 0.851184
vt 0.817714 0.851184
vt 0.817627 0.839843
vt 0.156924 0.630040
vt 0.156924 0.625918
vt 0.411416 0.752104
vt 0.402893 0.752166
vt 0.402893 0.739772
vt 0.411416 0.739709
vt 0.411416 0.765426
vt 0.402893 0.765488
vt 0.411416 0.786610
vt 0.402893 0.786672
vt 0.411416 0.788518
vt 0.402893 0.788581
vt 0.411416 0.790427
vt 0.402893 0.790489
vt 0.411416 0.792336
vt 0.402893 0.792398
vt 0.668887 0.817619
vt 0.668885 0.767742
vt 0.672583 0.763505
vt 0.672583 0.821864
vt 0.896669 0.601966
vt 0.896668 0.552089
vt 0.900365 0.547851
vt 0.900365 0.606210
vt 0.848373 0.535865
vt 0.848373 0.486084
vt 0.852070 0.481850
vt 0.852070 0.540099
vt 0.189437 0.773963
vt 0.189437 0.823744
vt 0.185742 0.827978
vt 0.185742 0.769729
vt 0.874493 0.501983
vt 0.874794 0.540099
vt 0.859808 0.540099
vt 0.872824 0.501983
vt 0.895960 0.731371
vt 0.895960 0.779379
vt 0.894291 0.779367
vt 0.880975 0.731262
vt 0.927260 0.003869
vt 0.930378 0.003893
vt 0.930378 0.036469
vt 0.927260 0.036444
vt 0.928342 0.245563
vt 0.925225 0.245541
vt 0.925225 0.204512
vt 0.928342 0.204535
vt 0.901913 0.901431
vt 0.901913 0.851651
vt 0.903553 0.850075
vt 0.903553 0.903005
vt 0.892752 0.790981
vt 0.892752 0.840763
vt 0.891112 0.842338
vt 0.891112 0.789406
vt 0.470904 0.894843
vt 0.470904 0.845064
vt 0.472544 0.843489
vt 0.472544 0.896419
vt 0.671399 0.882079
vt 0.671399 0.832297
vt 0.673038 0.830722
vt 0.673038 0.883654
vt 0.933988 0.738114
vt 0.932467 0.738102
vt 0.932467 0.703465
vt 0.933988 0.703477
vt 0.926746 0.417783
vt 0.925225 0.417772
vt 0.925225 0.374147
vt 0.926746 0.374158
vt 0.885867 0.552078
vt 0.885868 0.601956
vt 0.886011 0.606196
vt 0.886011 0.547837
vt 0.837572 0.535865
vt 0.837717 0.540099
vt 0.837572 0.486084
vt 0.837716 0.481850
vt 0.951917 0.727038
vt 0.951917 0.737929
vt 0.950248 0.737923
vt 0.950248 0.727031
vt 0.447106 0.930982
vt 0.436120 0.931067
vt 0.436120 0.916082
vt 0.447106 0.915997
vt 0.616733 0.950294
vt 0.616733 0.958490
vt 0.613615 0.958479
vt 0.613615 0.950282
vt 0.800327 0.949904
vt 0.800327 0.958171
vt 0.797210 0.958147
vt 0.797210 0.949880
vt 0.903553 0.790981
vt 0.903489 0.789406
vt 0.891112 0.851651
vt 0.891176 0.850076
vt 0.891112 0.901431
vt 0.891176 0.903006
vt 0.903553 0.840763
vt 0.903489 0.842338
vt 0.961541 0.407055
vt 0.961541 0.397663
vt 0.963062 0.397668
vt 0.963062 0.407060
vt 0.854607 0.952458
vt 0.854607 0.961930
vt 0.853086 0.961919
vt 0.853086 0.952446
vt 0.655958 0.817606
vt 0.655957 0.767729
vt 0.656431 0.763489
vt 0.656431 0.821849
vt 0.202366 0.823744
vt 0.201893 0.827978
vt 0.202366 0.773963
vt 0.201893 0.769729
vt 0.923816 0.937769
vt 0.923816 0.950025
vt 0.922147 0.950019
vt 0.922147 0.937763
vt 0.213102 0.915451
vt 0.225464 0.915354
vt 0.225464 0.930339
vt 0.213102 0.930435
vt 0.914409 0.937775
vt 0.914409 0.947585
vt 0.911291 0.947574
vt 0.911291 0.937763
vt 0.946191 0.122476
vt 0.946191 0.132371
vt 0.943074 0.132347
vt 0.943074 0.122452
vt 0.658470 0.832297
vt 0.658680 0.830722
vt 0.457975 0.894844
vt 0.458185 0.896419
vt 0.457975 0.845064
vt 0.458185 0.843489
vt 0.658470 0.882079
vt 0.658680 0.883654
vt 0.960525 0.549487
vt 0.960525 0.560382
vt 0.959004 0.560377
vt 0.959004 0.549481
vt 0.311124 0.945906
vt 0.311124 0.956895
vt 0.309603 0.956883
vt 0.309603 0.945894
vt 0.992427 0.086168
vt 0.992427 0.087689
vt 0.991536 0.087694
vt 0.991536 0.086108
vt 0.992250 0.531161
vt 0.992250 0.529640
vt 0.993021 0.529567
vt 0.993021 0.531153
vt 0.990528 0.446677
vt 0.990528 0.445156
vt 0.991483 0.445083
vt 0.991483 0.446668
vt 0.992250 0.540419
vt 0.992250 0.538898
vt 0.993010 0.538909
vt 0.993010 0.540494
vt 0.658730 0.884774
vt 0.658511 0.883132
vt 0.242081 0.983558
vt 0.242081 0.985137
vt 0.241944 0.984090
vt 0.241944 0.982444
vt 0.989214 0.649592
vt 0.989214 0.648013
vt 0.989349 0.646899
vt 0.989349 0.648545
vt 0.458017 0.844011
vt 0.458236 0.842369
vt 0.458236 0.897539
vt 0.458017 0.895897
vt 0.989214 0.638049
vt 0.989214 0.636470
vt 0.989349 0.637516
vt 0.989349 0.639162
vt 0.989345 0.908787
vt 0.989345 0.907209
vt 0.989481 0.906096
vt 0.989481 0.907741
vt 0.658511 0.831244
vt 0.658730 0.829602
vt 0.137745 0.982011
vt 0.137745 0.985129
vt 0.136912 0.985263
vt 0.136912 0.982013
vt 0.769880 0.986493
vt 0.769880 0.983376
vt 0.770601 0.983366
vt 0.770601 0.986615
vt 0.205344 0.835837
vt 0.205344 0.838955
vt 0.204440 0.838965
vt 0.204440 0.835716
vt 0.349948 0.983405
vt 0.349948 0.986523
vt 0.349238 0.986643
vt 0.349238 0.983393
vt 0.752625 0.846929
vt 0.737640 0.846820
vt 0.736917 0.845828
vt 0.752536 0.845942
vt 0.937417 0.906305
vt 0.937417 0.891320
vt 0.938271 0.891401
vt 0.938271 0.907021
vt 0.925225 0.544633
vt 0.926793 0.544063
vt 0.927221 0.544802
vt 0.925586 0.545396
vt 0.750956 0.894925
vt 0.752625 0.894937
vt 0.752536 0.895981
vt 0.750797 0.895969
vt 0.956205 0.652462
vt 0.956205 0.649099
vt 0.956563 0.648183
vt 0.956563 0.651688
vt 0.411032 0.985575
vt 0.411032 0.982838
vt 0.411402 0.983488
vt 0.411402 0.986341
vt 0.987071 0.583956
vt 0.987071 0.586646
vt 0.986700 0.587398
vt 0.986700 0.584594
vt 0.941725 0.734124
vt 0.941725 0.730257
vt 0.942066 0.731092
vt 0.942066 0.735123
vt 0.934288 0.905389
vt 0.935009 0.906066
vt 0.738572 0.850458
vt 0.737889 0.849620
vt 0.750225 0.891572
vt 0.750035 0.892474
vt 0.926448 0.540904
vt 0.926862 0.541509
vt 0.926793 0.506691
vt 0.927221 0.505848
vt 0.483619 0.896328
vt 0.481064 0.896325
vt 0.481063 0.844337
vt 0.483618 0.844340
vt 0.481325 0.839918
vt 0.484113 0.839920
vt 0.484113 0.900750
vt 0.481325 0.900747
vt 0.972499 0.332302
vt 0.975049 0.332152
vt 0.975049 0.336573
vt 0.972267 0.336737
vt 0.968820 0.448596
vt 0.966269 0.448446
vt 0.966037 0.444011
vt 0.968820 0.444175
vt 0.917229 0.652420
vt 0.917229 0.650304
vt 0.918969 0.650311
vt 0.918969 0.652426
vt 0.936080 0.228998
vt 0.938213 0.228981
vt 0.938213 0.244600
vt 0.936080 0.244617
vt 0.779458 0.651534
vt 0.777519 0.651541
vt 0.777519 0.648291
vt 0.779458 0.648284
vt 0.767826 0.648299
vt 0.769781 0.648284
vt 0.769781 0.651534
vt 0.767826 0.651549
vt 0.655957 0.831244
vt 0.656072 0.829602
vt 0.455462 0.895897
vt 0.455578 0.897539
vt 0.455462 0.844011
vt 0.455578 0.842369
vt 0.655957 0.883132
vt 0.656072 0.884774
vt 0.978932 0.795071
vt 0.978932 0.793054
vt 0.980518 0.793060
vt 0.980518 0.795077
vt 0.967623 0.415749
vt 0.967623 0.417783
vt 0.966037 0.417771
vt 0.966037 0.415737
vt 0.938782 0.617425
vt 0.938782 0.618946
vt 0.937788 0.618951
vt 0.937788 0.617358
vt 0.798060 0.925410
vt 0.798060 0.926931
vt 0.797210 0.927012
vt 0.797210 0.925420
vt 0.937132 0.204512
vt 0.937132 0.206033
vt 0.936080 0.206115
vt 0.936080 0.204522
vt 0.340437 0.941131
vt 0.340437 0.942652
vt 0.339600 0.942641
vt 0.339600 0.941049
vt 0.341500 0.941187
vt 0.340712 0.941107
vt 0.938466 0.205979
vt 0.937477 0.206058
vt 0.292287 0.707816
vt 0.292287 0.706735
vt 0.292326 0.705886
vt 0.292326 0.707017
vt 0.292326 0.696886
vt 0.292326 0.698149
vt 0.292287 0.697214
vt 0.292287 0.695893
vt 0.292326 0.685769
vt 0.292326 0.687105
vt 0.292287 0.688155
vt 0.292287 0.686757
vt 0.292326 0.716390
vt 0.292326 0.717454
vt 0.292287 0.716667
vt 0.292287 0.715553
vt 0.940044 0.617460
vt 0.939109 0.617395
vt 0.799139 0.926878
vt 0.798339 0.926956
vt 0.234137 0.982684
vt 0.234137 0.985802
vt 0.233201 0.985950
vt 0.233201 0.982686
vt 0.547115 0.985938
vt 0.547115 0.982820
vt 0.547915 0.982809
vt 0.547915 0.986073
vt 0.301130 0.982798
vt 0.301130 0.985916
vt 0.300141 0.985928
vt 0.300141 0.982664
vt 0.419928 0.982851
vt 0.419928 0.985968
vt 0.419140 0.986102
vt 0.419140 0.982838
vt 0.380058 0.844964
vt 0.365073 0.844854
vt 0.364272 0.843753
vt 0.379960 0.843868
vt 0.937363 0.389132
vt 0.937363 0.374147
vt 0.938298 0.374238
vt 0.938298 0.389925
vt 0.925225 0.497276
vt 0.926792 0.496703
vt 0.927264 0.497510
vt 0.925623 0.498111
vt 0.378389 0.892960
vt 0.380058 0.892972
vt 0.379960 0.894127
vt 0.378213 0.894115
vt 0.714527 0.980892
vt 0.714527 0.984433
vt 0.714144 0.985462
vt 0.714144 0.981755
vt 0.513966 0.982757
vt 0.513966 0.985778
vt 0.513584 0.985060
vt 0.513584 0.981897
vt 0.958203 0.447015
vt 0.958203 0.449992
vt 0.957821 0.450836
vt 0.957821 0.447720
vt 0.954262 0.791328
vt 0.954262 0.795014
vt 0.953875 0.794092
vt 0.953875 0.790234
vt 0.934483 0.388218
vt 0.935283 0.388968
vt 0.366010 0.848269
vt 0.365254 0.847328
vt 0.377664 0.889383
vt 0.377454 0.890370
vt 0.926528 0.493780
vt 0.926988 0.494450
vt 0.926792 0.459566
vt 0.927264 0.458632
vt 0.584662 0.866743
vt 0.586777 0.866745
vt 0.586778 0.918961
vt 0.584663 0.918959
vt 0.586928 0.923400
vt 0.584511 0.923398
vt 0.584511 0.862302
vt 0.586928 0.862305
vt 0.051295 0.979442
vt 0.053409 0.979442
vt 0.053561 0.983875
vt 0.051145 0.983875
vt 0.978479 0.301794
vt 0.980594 0.301794
vt 0.980744 0.306227
vt 0.978327 0.306227
vt 0.961985 0.366400
vt 0.961985 0.364567
vt 0.963733 0.364573
vt 0.963733 0.366407
vt 0.942961 0.253315
vt 0.944811 0.253301
vt 0.944811 0.268988
vt 0.942961 0.269003
vt 0.196703 0.838980
vt 0.195098 0.838986
vt 0.195098 0.835722
vt 0.196703 0.835716
vt 0.185742 0.835728
vt 0.187360 0.835716
vt 0.187360 0.838980
vt 0.185742 0.838992
vt 0.889069 0.652486
vt 0.889069 0.650371
vt 0.890718 0.650304
vt 0.890718 0.652553
vt 0.879681 0.652486
vt 0.879681 0.650372
vt 0.881331 0.650304
vt 0.881331 0.652553
vt 0.909491 0.650372
vt 0.909491 0.652486
vt 0.907842 0.652553
vt 0.907842 0.650304
vt 0.898455 0.652486
vt 0.898455 0.650371
vt 0.900105 0.650304
vt 0.900105 0.652553
vt 0.613615 0.986112
vt 0.613615 0.984406
vt 0.615207 0.984412
vt 0.615207 0.986118
vt 0.980015 0.908775
vt 0.980015 0.907054
vt 0.981607 0.907066
vt 0.981607 0.908787
vt 0.092139 0.892659
vt 0.083327 0.892650
vt 0.083326 0.842773
vt 0.092138 0.842782
vt 0.077383 0.892644
vt 0.077382 0.842767
vt 0.068519 0.892636
vt 0.068517 0.842758
vt 0.083489 0.838533
vt 0.092389 0.838542
vt 0.077519 0.838527
vt 0.068663 0.838518
vt 0.077519 0.896886
vt 0.068663 0.896878
vt 0.083489 0.896892
vt 0.092389 0.896901
vt 0.203504 0.909785
vt 0.203504 0.918597
vt 0.199270 0.918435
vt 0.199270 0.909536
vt 0.203504 0.924540
vt 0.199270 0.924406
vt 0.203504 0.933404
vt 0.199270 0.933261
vt 0.485297 0.908487
vt 0.485297 0.917351
vt 0.481063 0.917486
vt 0.481063 0.908630
vt 0.485297 0.923295
vt 0.481063 0.923456
vt 0.485297 0.932106
vt 0.481063 0.932356
vt 0.939457 0.626694
vt 0.939457 0.633414
vt 0.937788 0.633408
vt 0.937788 0.626688
vt 0.939457 0.637945
vt 0.937788 0.637939
vt 0.939457 0.644698
vt 0.937788 0.644692
vt 0.170092 0.909652
vt 0.170092 0.916464
vt 0.155107 0.916347
vt 0.155107 0.909536
vt 0.170092 0.921033
vt 0.155107 0.920917
vt 0.170092 0.927811
vt 0.155107 0.927695
vt 0.933719 0.363483
vt 0.933719 0.356796
vt 0.936836 0.356808
vt 0.936836 0.363495
vt 0.933719 0.352286
vt 0.936836 0.352298
vt 0.933719 0.345560
vt 0.936836 0.345571
vt 0.933648 0.302846
vt 0.933648 0.296102
vt 0.936766 0.296126
vt 0.936766 0.302870
vt 0.933648 0.291553
vt 0.936766 0.291577
vt 0.933648 0.284768
vt 0.936766 0.284792
vt 0.933719 0.337711
vt 0.933719 0.328900
vt 0.935294 0.328972
vt 0.935294 0.337822
vt 0.933719 0.322956
vt 0.935294 0.323016
vt 0.933719 0.314092
vt 0.935294 0.314156
vt 0.935224 0.253301
vt 0.935224 0.262165
vt 0.933648 0.262225
vt 0.933648 0.253365
vt 0.935224 0.268108
vt 0.933648 0.268180
vt 0.935224 0.276920
vt 0.933648 0.277031
vt 0.933761 0.123135
vt 0.933761 0.114323
vt 0.935336 0.114395
vt 0.935336 0.123246
vt 0.933761 0.108380
vt 0.935336 0.108440
vt 0.933761 0.099516
vt 0.935336 0.099580
vt 0.933761 0.091778
vt 0.933761 0.082914
vt 0.935336 0.082854
vt 0.935336 0.091715
vt 0.933761 0.076971
vt 0.935336 0.076899
vt 0.933761 0.068159
vt 0.935336 0.068048
vt 0.939552 0.443480
vt 0.939552 0.436763
vt 0.941073 0.436769
vt 0.941073 0.443485
vt 0.939552 0.432244
vt 0.941073 0.432250
vt 0.939552 0.425521
vt 0.941073 0.425526
vt 0.939637 0.003880
vt 0.939637 0.010655
vt 0.938116 0.010643
vt 0.938116 0.003869
vt 0.939637 0.015213
vt 0.938116 0.015201
vt 0.939637 0.021994
vt 0.938116 0.021983
vt 0.896722 0.534671
vt 0.889292 0.534612
vt 0.889292 0.502037
vt 0.896722 0.502095
vt 0.882531 0.534559
vt 0.882531 0.501983
vt 0.821791 0.321440
vt 0.814361 0.321386
vt 0.814361 0.280357
vt 0.821791 0.280411
vt 0.807601 0.321336
vt 0.807601 0.280308
vt 0.927260 0.059496
vt 0.927260 0.052736
vt 0.935457 0.052705
vt 0.935457 0.059465
vt 0.927260 0.045306
vt 0.935457 0.045275
vt 0.249822 0.929609
vt 0.249822 0.922179
vt 0.258088 0.922114
vt 0.258088 0.929544
vt 0.249822 0.915419
vt 0.258088 0.915354
vt 0.872285 0.919484
vt 0.872285 0.926244
vt 0.862474 0.926281
vt 0.862474 0.919521
vt 0.872285 0.933674
vt 0.862474 0.933711
vt 0.318933 0.927372
vt 0.318933 0.919942
vt 0.328828 0.919865
vt 0.328828 0.927295
vt 0.328828 0.934055
vt 0.318933 0.934132
vt 0.951484 0.661363
vt 0.951484 0.668792
vt 0.950651 0.668448
vt 0.950651 0.661370
vt 0.951484 0.675552
vt 0.950651 0.675494
vt 0.952212 0.059470
vt 0.952212 0.052710
vt 0.952933 0.052354
vt 0.952933 0.059400
vt 0.952212 0.045280
vt 0.952933 0.045275
vt 0.155107 0.950813
vt 0.155107 0.944053
vt 0.156010 0.943696
vt 0.156010 0.950742
vt 0.155107 0.936623
vt 0.156010 0.936617
vt 0.091745 0.938834
vt 0.091745 0.946263
vt 0.091035 0.945905
vt 0.091035 0.938826
vt 0.091745 0.953023
vt 0.091035 0.952951
vt 0.943074 0.083249
vt 0.943074 0.076203
vt 0.945013 0.076196
vt 0.945013 0.083242
vt 0.943074 0.069124
vt 0.945013 0.069117
vt 0.944987 0.315161
vt 0.944987 0.322239
vt 0.943032 0.322254
vt 0.943032 0.315176
vt 0.944987 0.329285
vt 0.943032 0.329300
vt 0.940044 0.603270
vt 0.940044 0.610700
vt 0.939109 0.610318
vt 0.939109 0.603278
vt 0.799139 0.933638
vt 0.798339 0.934034
vt 0.799139 0.941069
vt 0.798339 0.941074
vt 0.938466 0.212739
vt 0.937477 0.213135
vt 0.938466 0.220169
vt 0.937477 0.220175
vt 0.341500 0.926997
vt 0.341500 0.934427
vt 0.340712 0.934030
vt 0.340712 0.926990
vt 0.944754 0.917038
vt 0.944754 0.924115
vt 0.943149 0.924121
vt 0.943149 0.917044
vt 0.944754 0.931156
vt 0.943149 0.931162
vt 0.944692 0.100584
vt 0.944692 0.107625
vt 0.943074 0.107637
vt 0.943074 0.100597
vt 0.944692 0.114702
vt 0.943074 0.114715
vt 0.911291 0.902556
vt 0.918052 0.902582
vt 0.918052 0.909268
vt 0.911291 0.909243
vt 0.925482 0.902610
vt 0.925482 0.909297
vt 0.911291 0.898046
vt 0.918052 0.898072
vt 0.911291 0.891320
vt 0.918052 0.891345
vt 0.925482 0.891373
vt 0.925482 0.898100
vt 0.456531 0.916619
vt 0.463961 0.916676
vt 0.463961 0.923420
vt 0.456531 0.923363
vt 0.470721 0.916729
vt 0.470721 0.923473
vt 0.456531 0.912070
vt 0.463961 0.912127
vt 0.470721 0.912180
vt 0.456531 0.905285
vt 0.463961 0.905343
vt 0.470721 0.905395
vt 0.455462 0.923355
vt 0.455462 0.916610
vt 0.455462 0.912061
vt 0.455462 0.905277
vt 0.926551 0.902614
vt 0.926551 0.909301
vt 0.926551 0.898104
vt 0.926551 0.891377
vt 0.943074 0.099528
vt 0.944692 0.099516
vt 0.944754 0.932225
vt 0.943149 0.932231
vt 0.340712 0.925921
vt 0.341500 0.925929
vt 0.938466 0.221237
vt 0.937477 0.221244
vt 0.799139 0.942137
vt 0.798339 0.942143
vt 0.939109 0.602209
vt 0.940044 0.602202
vt 0.943032 0.314107
vt 0.944987 0.314092
vt 0.943074 0.068056
vt 0.945013 0.068048
vt 0.091035 0.937758
vt 0.091745 0.937765
vt 0.155107 0.935554
vt 0.156010 0.935549
vt 0.952212 0.044212
vt 0.952933 0.044206
vt 0.950651 0.660301
vt 0.951484 0.660294
vt 0.318933 0.918873
vt 0.328828 0.918796
vt 0.872285 0.934743
vt 0.862474 0.934780
vt 0.258088 0.930613
vt 0.249822 0.930677
vt 0.927260 0.044237
vt 0.935457 0.044206
vt 0.822860 0.280419
vt 0.822860 0.321448
vt 0.897790 0.502104
vt 0.897790 0.534679
vt 0.903697 0.731262
vt 0.914499 0.731262
vt 0.914499 0.781043
vt 0.903697 0.781043
vt 0.318933 0.861278
vt 0.331862 0.861278
vt 0.331862 0.911059
vt 0.318933 0.911059
vt 0.100189 0.839572
vt 0.100189 0.889351
vt 0.100127 0.890405
vt 0.100127 0.838518
vt 0.648056 0.922121
vt 0.648056 0.872341
vt 0.648098 0.871288
vt 0.648098 0.923175
vt 0.925225 0.144886
vt 0.927779 0.144886
vt 0.927779 0.196775
vt 0.925225 0.196775
vt 0.588086 0.627090
vt 0.588086 0.676869
vt 0.588038 0.678037
vt 0.588038 0.625922
vt 0.292287 0.676865
vt 0.292287 0.627085
vt 0.292334 0.625918
vt 0.292334 0.678032
vt 0.881027 0.871374
vt 0.883142 0.871374
vt 0.883142 0.923490
vt 0.881027 0.923490
vt 0.266302 0.841817
vt 0.275115 0.841817
vt 0.275115 0.891599
vt 0.266302 0.891599
vt 0.281058 0.841817
vt 0.281058 0.891599
vt 0.289923 0.841817
vt 0.289923 0.891599
vt 0.922244 0.878804
vt 0.922244 0.883582
vt 0.920021 0.883582
vt 0.920021 0.878804
vt 0.760450 0.316613
vt 0.760450 0.322717
vt 0.758618 0.322730
vt 0.758618 0.316626
vt 0.965627 0.651295
vt 0.965627 0.645190
vt 0.967081 0.645179
vt 0.967081 0.651283
vt 0.795706 0.318326
vt 0.795706 0.323104
vt 0.793483 0.323104
vt 0.793483 0.318326
vt 0.747254 0.322722
vt 0.747254 0.316617
vt 0.750881 0.316604
vt 0.750881 0.322708
vt 0.923804 0.878804
vt 0.923804 0.883582
vt 0.761736 0.316604
vt 0.761736 0.322708
vt 0.964606 0.651303
vt 0.964606 0.645198
vt 0.797266 0.318326
vt 0.797266 0.323104
vt 0.933761 0.136927
vt 0.933761 0.130983
vt 0.935321 0.130983
vt 0.935321 0.136927
vt 0.969922 0.576219
vt 0.969922 0.568789
vt 0.971208 0.568780
vt 0.971208 0.576210
vt 0.972875 0.269152
vt 0.972875 0.276582
vt 0.971854 0.276590
vt 0.971854 0.269160
vt 0.929702 0.645373
vt 0.929702 0.651316
vt 0.928141 0.651316
vt 0.928141 0.645373
vt 0.735006 0.316621
vt 0.739517 0.316604
vt 0.739075 0.317221
vt 0.735449 0.317235
vt 0.739517 0.324034
vt 0.739075 0.323325
vt 0.735006 0.324051
vt 0.735449 0.323339
vt 0.526059 0.861609
vt 0.513721 0.891393
vt 0.496272 0.873946
vt 0.496272 0.849271
vt 0.513721 0.831824
vt 0.538397 0.831824
vt 0.555845 0.849271
vt 0.555845 0.873946
vt 0.538397 0.891393
vt 0.882505 0.423948
vt 0.882505 0.488423
vt 0.860605 0.488318
vt 0.860605 0.423843
vt 0.906082 0.350280
vt 0.906082 0.414756
vt 0.884024 0.414832
vt 0.884024 0.350356
vt 0.860605 0.414779
vt 0.860605 0.350303
vt 0.258565 0.841833
vt 0.258565 0.906310
vt 0.235115 0.906344
vt 0.235115 0.841867
vt 0.213102 0.906294
vt 0.213102 0.841817
vt 0.402893 0.908171
vt 0.402893 0.843697
vt 0.427030 0.843643
vt 0.427030 0.908117
vt 0.447724 0.843786
vt 0.447724 0.908260
vt 0.906031 0.423879
vt 0.906031 0.488354
vt 0.906031 0.489628
vt 0.882505 0.489696
vt 0.427030 0.842369
vt 0.447724 0.842512
vt 0.402893 0.842424
vt 0.235115 0.907617
vt 0.213102 0.907568
vt 0.258565 0.907583
vt 0.884024 0.416106
vt 0.860605 0.416052
vt 0.906082 0.416030
vt 0.860605 0.489591
vt 0.705581 0.773546
vt 0.688133 0.790993
vt 0.683157 0.788933
vt 0.703520 0.768571
vt 0.730257 0.773546
vt 0.732318 0.768571
vt 0.747705 0.790993
vt 0.752681 0.788933
vt 0.747705 0.815668
vt 0.752681 0.817728
vt 0.730257 0.833115
vt 0.732318 0.838090
vt 0.705581 0.833115
vt 0.703520 0.838090
vt 0.688133 0.815668
vt 0.683157 0.817728
vt 0.564220 0.857380
vt 0.564322 0.884834
vt 0.563685 0.884835
vt 0.563583 0.857381
vt 0.925981 0.314092
vt 0.925861 0.338242
vt 0.925225 0.338243
vt 0.925344 0.314093
vt 0.925981 0.366409
vt 0.925344 0.366410
vt 0.925910 0.253301
vt 0.925862 0.278989
vt 0.925225 0.278990
vt 0.925273 0.253301
vt 0.925910 0.306354
vt 0.925273 0.306355
vt 0.059715 0.857909
vt 0.059639 0.885237
vt 0.059002 0.885237
vt 0.059078 0.857908
vt 0.059715 0.910978
vt 0.059078 0.910978
vt 0.564322 0.831824
vt 0.563685 0.831824
vt 0.128846 0.839248
vt 0.108484 0.818886
vt 0.109415 0.818500
vt 0.129230 0.838315
vt 0.157642 0.839248
vt 0.157253 0.838315
vt 0.178004 0.818887
vt 0.177069 0.818500
vt 0.178004 0.790091
vt 0.177069 0.790478
vt 0.157642 0.769729
vt 0.157253 0.770662
vt 0.128846 0.769729
vt 0.129230 0.770662
vt 0.108484 0.790090
vt 0.109415 0.790477
vt 0.112233 0.791647
vt 0.112233 0.817330
vt 0.130394 0.773487
vt 0.156077 0.773487
vt 0.174238 0.791648
vt 0.174238 0.817331
vt 0.156077 0.835492
vt 0.130394 0.835491
vt 0.919522 0.005485
vt 0.919431 0.028279
vt 0.918151 0.028182
vt 0.918246 0.004619
vt 0.605810 0.897050
vt 0.605877 0.920009
vt 0.604602 0.920865
vt 0.604533 0.897131
vt 0.605877 0.872676
vt 0.604602 0.871934
vt 0.623020 0.895804
vt 0.623063 0.920211
vt 0.621790 0.920950
vt 0.621746 0.895718
vt 0.623063 0.872892
vt 0.621790 0.872033
vt 0.640212 0.894564
vt 0.640319 0.919686
vt 0.639041 0.920331
vt 0.638930 0.894360
vt 0.640319 0.873025
vt 0.639041 0.872093
vt 0.919522 0.052765
vt 0.918246 0.053495
vt 0.916105 0.054129
vt 0.916008 0.028100
vt 0.636786 0.894185
vt 0.636899 0.871288
vt 0.636899 0.920891
vt 0.619607 0.895644
vt 0.619653 0.871288
vt 0.619653 0.921590
vt 0.602392 0.897201
vt 0.602464 0.871290
vt 0.602464 0.921607
vt 0.916105 0.003869
vt 0.912550 0.028102
vt 0.912647 0.003871
vt 0.599005 0.921605
vt 0.598934 0.897199
vt 0.599005 0.871288
vt 0.616195 0.921591
vt 0.616149 0.895646
vt 0.616195 0.871289
vt 0.633441 0.920898
vt 0.633328 0.894192
vt 0.633441 0.871295
vt 0.912647 0.054132
vt 0.910116 0.053414
vt 0.910022 0.028201
vt 0.630801 0.894401
vt 0.630911 0.872223
vt 0.630911 0.920269
vt 0.613615 0.895732
vt 0.613660 0.872140
vt 0.613660 0.920863
vt 0.596403 0.897117
vt 0.596472 0.872019
vt 0.596472 0.920757
vt 0.910116 0.004730
vt 0.832984 0.611682
vt 0.814284 0.592982
vt 0.819233 0.590918
vt 0.835008 0.606693
vt 0.859429 0.611682
vt 0.857318 0.606694
vt 0.878129 0.592982
vt 0.873093 0.590919
vt 0.878129 0.566537
vt 0.873093 0.568609
vt 0.859429 0.547837
vt 0.857318 0.552834
vt 0.832984 0.547837
vt 0.835008 0.552834
vt 0.814284 0.566536
vt 0.819233 0.568609
vt 0.828531 0.572479
vt 0.828531 0.587055
vt 0.838839 0.562171
vt 0.853415 0.562172
vt 0.863723 0.572479
vt 0.863723 0.587056
vt 0.853415 0.597363
vt 0.838839 0.597363
vt 0.833116 0.585152
vt 0.840730 0.592765
vt 0.851497 0.592765
vt 0.859110 0.585152
vt 0.859110 0.574385
vt 0.851497 0.566772
vt 0.840730 0.566772
vt 0.833116 0.574385
vt 0.242046 0.924910
vt 0.242084 0.935175
vt 0.233240 0.935182
vt 0.233201 0.924917
vt 0.428382 0.915997
vt 0.428338 0.925027
vt 0.419494 0.925044
vt 0.419538 0.916015
vt 0.428382 0.935558
vt 0.419538 0.935576
vt 0.411756 0.915997
vt 0.411738 0.925602
vt 0.402893 0.925605
vt 0.402911 0.916000
vt 0.411756 0.935834
vt 0.402911 0.935837
vt 0.934097 0.553138
vt 0.934069 0.563356
vt 0.925225 0.563352
vt 0.925253 0.553133
vt 0.934097 0.572981
vt 0.925253 0.572976
vt 0.242084 0.915354
vt 0.233240 0.915362
vt 0.743903 0.307584
vt 0.754670 0.307584
vt 0.755202 0.308866
vt 0.743372 0.308866
vt 0.736289 0.299970
vt 0.735006 0.300502
vt 0.736289 0.289203
vt 0.735006 0.288672
vt 0.743903 0.281590
vt 0.743372 0.280308
vt 0.754670 0.281590
vt 0.755202 0.280308
vt 0.762284 0.289203
vt 0.763567 0.288672
vt 0.762284 0.299970
vt 0.763567 0.300502
vt 0.292335 0.909835
vt 0.292377 0.921113
vt 0.291525 0.921114
vt 0.291483 0.909836
vt 0.936419 0.174419
vt 0.936370 0.184339
vt 0.935517 0.184341
vt 0.935566 0.174420
vt 0.936419 0.195910
vt 0.935566 0.195912
vt 0.936390 0.144886
vt 0.936370 0.155439
vt 0.935517 0.155440
vt 0.935537 0.144887
vt 0.936390 0.166681
vt 0.935537 0.166681
vt 0.935886 0.458633
vt 0.935855 0.469859
vt 0.935002 0.469859
vt 0.935033 0.458632
vt 0.935886 0.480434
vt 0.935033 0.480433
vt 0.292377 0.899336
vt 0.291525 0.899337
vt 0.791499 0.280308
vt 0.799863 0.288672
vt 0.798931 0.289060
vt 0.791115 0.281245
vt 0.779669 0.280308
vt 0.780063 0.281245
vt 0.771304 0.288672
vt 0.772247 0.289060
vt 0.771304 0.300502
vt 0.772247 0.300113
vt 0.779669 0.308866
vt 0.780063 0.307928
vt 0.791499 0.308866
vt 0.791115 0.307928
vt 0.799863 0.300502
vt 0.798931 0.300113
vt 0.797181 0.299386
vt 0.797181 0.289786
vt 0.790393 0.306174
vt 0.780793 0.306174
vt 0.774004 0.299386
vt 0.774004 0.289786
vt 0.780793 0.282998
vt 0.790393 0.282998
vt 0.821964 0.643488
vt 0.831565 0.643488
vt 0.831934 0.644379
vt 0.821595 0.644379
vt 0.838354 0.636699
vt 0.839245 0.637069
vt 0.838354 0.627099
vt 0.839245 0.626730
vt 0.831565 0.620311
vt 0.831934 0.619419
vt 0.821964 0.620311
vt 0.821595 0.619419
vt 0.815176 0.627099
vt 0.814284 0.626730
vt 0.815176 0.636699
vt 0.814284 0.637069
vt 0.147284 0.922498
vt 0.147247 0.931674
vt 0.146490 0.931674
vt 0.146526 0.922498
vt 0.942483 0.713278
vt 0.942510 0.722520
vt 0.941752 0.722519
vt 0.941725 0.713277
vt 0.942510 0.703466
vt 0.941752 0.703465
vt 0.942593 0.562357
vt 0.942610 0.572182
vt 0.941853 0.572182
vt 0.941835 0.562357
vt 0.942610 0.553133
vt 0.941853 0.553134
vt 0.942871 0.668965
vt 0.942913 0.679078
vt 0.942156 0.679079
vt 0.942113 0.668966
vt 0.942913 0.660294
vt 0.942156 0.660296
vt 0.147284 0.941531
vt 0.146526 0.941531
vt 0.871944 0.626730
vt 0.871944 0.637069
vt 0.866967 0.634999
vt 0.866967 0.628796
vt 0.864633 0.644379
vt 0.862581 0.639385
vt 0.854294 0.644379
vt 0.856378 0.639385
vt 0.846983 0.637069
vt 0.851992 0.634999
vt 0.846983 0.626730
vt 0.851992 0.628796
vt 0.854294 0.619419
vt 0.856378 0.624410
vt 0.864633 0.619419
vt 0.862581 0.624410
vt 0.588441 0.707269
vt 0.588419 0.712774
vt 0.588038 0.712774
vt 0.588060 0.707269
vt 0.961948 0.180305
vt 0.961964 0.185850
vt 0.961584 0.185850
vt 0.961568 0.180305
vt 0.961964 0.174419
vt 0.961584 0.174419
vt 0.962295 0.290302
vt 0.962305 0.296196
vt 0.961925 0.296196
vt 0.961914 0.290302
vt 0.962305 0.284768
vt 0.961925 0.284768
vt 0.962366 0.350762
vt 0.962391 0.356829
vt 0.962011 0.356829
vt 0.961985 0.350762
vt 0.962391 0.345560
vt 0.962011 0.345560
vt 0.588441 0.718687
vt 0.588060 0.718688
vt 0.898743 0.634093
vt 0.898743 0.627891
vt 0.901656 0.626685
vt 0.901656 0.635300
vt 0.894357 0.623505
vt 0.895564 0.620593
vt 0.888154 0.623505
vt 0.886948 0.620593
vt 0.883768 0.627891
vt 0.880856 0.626685
vt 0.883768 0.634093
vt 0.880856 0.635300
vt 0.888154 0.638479
vt 0.886948 0.641392
vt 0.894357 0.638479
vt 0.895564 0.641392
vt 0.902167 0.635512
vt 0.895775 0.641903
vt 0.886736 0.641903
vt 0.880345 0.635512
vt 0.880345 0.626473
vt 0.886736 0.620082
vt 0.895775 0.620082
vt 0.902167 0.626473
vt 0.902831 0.626199
vt 0.902831 0.635787
vt 0.896050 0.619419
vt 0.379698 0.910734
vt 0.379698 0.919576
vt 0.379014 0.919981
vt 0.379014 0.910602
vt 0.879681 0.626199
vt 0.886462 0.619419
vt 0.879681 0.635787
vt 0.886462 0.642567
vt 0.896050 0.642567
vt 0.083297 0.905279
vt 0.083263 0.913789
vt 0.082541 0.913760
vt 0.082576 0.905025
vt 0.846318 0.911938
vt 0.846343 0.920509
vt 0.845622 0.920760
vt 0.845596 0.911961
vt 0.846343 0.902838
vt 0.845622 0.902620
vt 0.751690 0.912909
vt 0.751706 0.922020
vt 0.750986 0.922238
vt 0.750970 0.912884
vt 0.751706 0.904355
vt 0.750986 0.904103
vt 0.378291 0.920168
vt 0.378291 0.910540
vt 0.379087 0.902561
vt 0.378367 0.902285
vt 0.083297 0.922930
vt 0.082576 0.923145
vt 0.081261 0.923472
vt 0.081225 0.913718
vt 0.376974 0.910444
vt 0.377053 0.901865
vt 0.376974 0.920452
vt 0.749655 0.912845
vt 0.749673 0.903719
vt 0.749673 0.922568
vt 0.844281 0.911997
vt 0.844308 0.902288
vt 0.844308 0.921142
vt 0.081261 0.904638
vt 0.078437 0.913745
vt 0.078473 0.904861
vt 0.841519 0.920923
vt 0.841493 0.911975
vt 0.841519 0.902475
vt 0.746884 0.922381
vt 0.746867 0.912868
vt 0.746884 0.903938
vt 0.374187 0.920282
vt 0.374187 0.910491
vt 0.374264 0.902096
vt 0.078473 0.923289
vt 0.072935 0.921749
vt 0.072906 0.913956
vt 0.368658 0.910915
vt 0.368721 0.904060
vt 0.368658 0.918911
vt 0.741323 0.913053
vt 0.741337 0.905761
vt 0.741337 0.920821
vt 0.835956 0.911799
vt 0.835977 0.904042
vt 0.835977 0.919106
vt 0.072935 0.906701
vt 0.068517 0.914274
vt 0.068536 0.909499
vt 0.831572 0.916343
vt 0.831558 0.911534
vt 0.831572 0.906429
vt 0.736926 0.918444
vt 0.736917 0.913332
vt 0.736926 0.908533
vt 0.364272 0.916833
vt 0.364272 0.911571
vt 0.364314 0.907059
vt 0.068536 0.919403
vt 0.911291 0.926222
vt 0.911291 0.920842
vt 0.914093 0.922012
vt 0.914093 0.925055
vt 0.915095 0.917038
vt 0.916245 0.919860
vt 0.920475 0.917038
vt 0.919289 0.919860
vt 0.924279 0.920842
vt 0.921441 0.922012
vt 0.924279 0.926222
vt 0.921441 0.925055
vt 0.920475 0.930026
vt 0.919289 0.927207
vt 0.915095 0.930026
vt 0.916245 0.927207
vt 0.916353 0.924118
vt 0.917178 0.924942
vt 0.918344 0.924942
vt 0.919169 0.924118
vt 0.919169 0.922951
vt 0.918344 0.922126
vt 0.917178 0.922126
vt 0.916353 0.922951
vt 0.737339 0.986122
vt 0.737343 0.987234
vt 0.736582 0.987235
vt 0.736578 0.986122
vt 0.912007 0.986570
vt 0.912002 0.987549
vt 0.911242 0.987550
vt 0.911247 0.986572
vt 0.912007 0.988690
vt 0.911247 0.988691
vt 0.289977 0.985322
vt 0.289975 0.986363
vt 0.289215 0.986363
vt 0.289217 0.985322
vt 0.289977 0.987472
vt 0.289217 0.987472
vt 0.748236 0.985080
vt 0.748232 0.986187
vt 0.747472 0.986186
vt 0.747475 0.985079
vt 0.748236 0.987230
vt 0.747475 0.987229
vt 0.737343 0.985086
vt 0.736582 0.985087
vt 0.735702 0.649809
vt 0.735702 0.650976
vt 0.735002 0.651266
vt 0.735002 0.649519
vt 0.736527 0.648984
vt 0.736237 0.648284
vt 0.737694 0.648984
vt 0.737983 0.648284
vt 0.738519 0.649809
vt 0.739218 0.649519
vt 0.738519 0.650976
vt 0.739218 0.651266
vt 0.737694 0.651801
vt 0.737983 0.652500
vt 0.736527 0.651801
vt 0.736237 0.652500
vt 0.937167 0.543426
vt 0.935502 0.543432
vt 0.935216 0.542944
vt 0.937204 0.542937
vt 0.459115 0.941185
vt 0.457650 0.941178
vt 0.457730 0.940688
vt 0.459479 0.940697
vt 0.455942 0.941185
vt 0.455690 0.940697
vt 0.785745 0.318963
vt 0.785742 0.320521
vt 0.785255 0.320488
vt 0.785259 0.318628
vt 0.785745 0.322181
vt 0.785259 0.322470
vt 0.773741 0.318877
vt 0.773737 0.320535
vt 0.773248 0.320566
vt 0.773254 0.318587
vt 0.773741 0.322096
vt 0.773254 0.322430
vt 0.938717 0.543432
vt 0.939055 0.542944
vt 0.937238 0.541668
vt 0.939359 0.541676
vt 0.771986 0.322730
vt 0.771980 0.320594
vt 0.771986 0.318326
vt 0.783992 0.322729
vt 0.783988 0.320458
vt 0.783992 0.318326
vt 0.455462 0.939428
vt 0.457800 0.939418
vt 0.459804 0.939428
vt 0.934959 0.541676
vt 0.935120 0.539989
vt 0.937215 0.539981
vt 0.457751 0.937732
vt 0.459594 0.937741
vt 0.455601 0.937741
vt 0.782300 0.320478
vt 0.782303 0.318518
vt 0.782303 0.322566
vt 0.770293 0.320575
vt 0.770299 0.318490
vt 0.770299 0.322540
vt 0.939165 0.539989
vt 0.937151 0.539164
vt 0.938600 0.539170
vt 0.769478 0.321982
vt 0.769474 0.320522
vt 0.769478 0.318972
vt 0.781482 0.322086
vt 0.781479 0.320534
vt 0.781482 0.319077
vt 0.456017 0.936923
vt 0.457615 0.936916
vt 0.458985 0.936923
vt 0.935593 0.539170
vt 0.936271 0.538141
vt 0.937059 0.538138
vt 0.991495 0.435712
vt 0.991495 0.437345
vt 0.990528 0.436934
vt 0.990528 0.436108
vt 0.456612 0.935896
vt 0.457421 0.935892
vt 0.749745 0.652228
vt 0.748111 0.652228
vt 0.748521 0.651246
vt 0.749348 0.651246
vt 0.746956 0.651073
vt 0.747936 0.650662
vt 0.746956 0.649439
vt 0.747936 0.649835
vt 0.748111 0.648284
vt 0.748521 0.649250
vt 0.749745 0.648284
vt 0.749348 0.649250
vt 0.937793 0.538141
vt 0.937058 0.536303
vt 0.937791 0.536306
vt 0.932801 0.981639
vt 0.933540 0.981636
vt 0.933540 0.983472
vt 0.932801 0.983474
vt 0.932017 0.981637
vt 0.932017 0.983472
vt 0.402460 0.981760
vt 0.403246 0.981758
vt 0.403246 0.983594
vt 0.402460 0.983595
vt 0.401723 0.981758
vt 0.401723 0.983593
vt 0.456608 0.934060
vt 0.457417 0.934057
vt 0.458114 0.935896
vt 0.458110 0.934060
vt 0.936269 0.536306
vt 0.936267 0.533459
vt 0.937055 0.533456
vt 0.457411 0.931210
vt 0.458105 0.931214
vt 0.456603 0.931214
vt 0.402460 0.986442
vt 0.401723 0.986440
vt 0.403246 0.986441
vt 0.932801 0.986321
vt 0.932017 0.986319
vt 0.933540 0.986318
vt 0.937789 0.533459
vt 0.787456 0.649130
vt 0.787456 0.649957
vt 0.787195 0.650065
vt 0.787195 0.649022
vt 0.788041 0.648545
vt 0.787933 0.648284
vt 0.788868 0.648545
vt 0.788976 0.648284
vt 0.789453 0.649130
vt 0.789714 0.649022
vt 0.789453 0.649957
vt 0.789714 0.650065
vt 0.788868 0.650541
vt 0.788976 0.650802
vt 0.788041 0.650541
vt 0.787933 0.650802
vt 0.989167 0.302802
vt 0.989170 0.303796
vt 0.988950 0.303865
vt 0.988946 0.302793
vt 0.989903 0.626776
vt 0.989899 0.627651
vt 0.989678 0.627631
vt 0.989682 0.626688
vt 0.989903 0.628671
vt 0.989682 0.628732
vt 0.989532 0.268674
vt 0.989531 0.269605
vt 0.989310 0.269597
vt 0.989312 0.268593
vt 0.989532 0.270596
vt 0.989312 0.270666
vt 0.989059 0.250856
vt 0.989056 0.251846
vt 0.988835 0.251853
vt 0.988838 0.250785
vt 0.989059 0.252778
vt 0.988838 0.252859
vt 0.989170 0.301876
vt 0.988950 0.301794
vt 0.988701 0.302793
vt 0.988705 0.301794
vt 0.988593 0.252859
vt 0.988590 0.251853
vt 0.988593 0.250785
vt 0.989067 0.270666
vt 0.989066 0.269597
vt 0.989067 0.268593
vt 0.989438 0.628732
vt 0.989433 0.627632
vt 0.989438 0.626688
vt 0.988705 0.303865
vt 0.988485 0.303827
vt 0.988481 0.302798
vt 0.989214 0.627643
vt 0.989218 0.626738
vt 0.989218 0.628699
vt 0.988846 0.269601
vt 0.988847 0.268638
vt 0.988847 0.270627
vt 0.988371 0.251849
vt 0.988374 0.250824
vt 0.988374 0.252813
vt 0.988485 0.301840
vt 0.759325 0.648284
vt 0.760088 0.649047
vt 0.759819 0.649159
vt 0.759215 0.648555
vt 0.758246 0.648284
vt 0.758360 0.648555
vt 0.757483 0.649047
vt 0.757755 0.649159
vt 0.757483 0.650126
vt 0.757755 0.650014
vt 0.758246 0.650890
vt 0.758360 0.650618
vt 0.759325 0.650890
vt 0.759215 0.650618
vt 0.760088 0.650127
vt 0.759819 0.650014
vt 0.759455 0.649863
vt 0.759455 0.649310
vt 0.759065 0.650253
vt 0.758512 0.650253
vt 0.758122 0.649863
vt 0.758122 0.649310
vt 0.758512 0.648920
vt 0.759065 0.648920
vt 0.964002 0.332154
vt 0.964002 0.334255
vt 0.963512 0.334252
vt 0.963512 0.332152
vt 0.964002 0.335078
vt 0.963512 0.335076
vt 0.944588 0.876748
vt 0.944588 0.878848
vt 0.944094 0.878850
vt 0.944094 0.876750
vt 0.943570 0.878849
vt 0.943570 0.876749
vt 0.944094 0.879673
vt 0.943570 0.879672
vt 0.964548 0.086109
vt 0.964548 0.088209
vt 0.964023 0.088210
vt 0.964023 0.086109
vt 0.964548 0.089032
vt 0.964023 0.089033
vt 0.963530 0.088209
vt 0.963530 0.086108
vt 0.963530 0.089032
vt 0.820289 0.986994
vt 0.820289 0.984894
vt 0.820829 0.984893
vt 0.820829 0.986993
vt 0.821292 0.984896
vt 0.821292 0.986996
vt 0.820829 0.984070
vt 0.821292 0.984073
vt 0.964529 0.332153
vt 0.964529 0.334253
vt 0.964529 0.335076
vt 0.521704 0.984823
vt 0.522256 0.984824
vt 0.522256 0.987330
vt 0.521704 0.987322
vt 0.986777 0.821442
vt 0.986225 0.821441
vt 0.986225 0.818935
vt 0.986777 0.818943
vt 0.947195 0.649458
vt 0.948018 0.649461
vt 0.948018 0.651841
vt 0.947195 0.651838
vt 0.961151 0.089035
vt 0.961151 0.088212
vt 0.948810 0.448291
vt 0.949634 0.448292
vt 0.949634 0.450664
vt 0.948811 0.450663
vt 0.961125 0.335083
vt 0.961125 0.334259
vt 0.538284 0.984824
vt 0.538836 0.984823
vt 0.538836 0.987322
vt 0.538284 0.987330
vt 0.529994 0.984824
vt 0.530546 0.984823
vt 0.530546 0.987322
vt 0.529994 0.987330
vt 0.060087 0.991612
vt 0.060087 0.992436
vt 0.059546 0.992437
vt 0.059546 0.991614
vt 0.993346 0.703465
vt 0.993346 0.704288
vt 0.992849 0.704290
vt 0.992849 0.703467
vt 0.964529 0.336541
vt 0.964002 0.336543
vt 0.820829 0.982605
vt 0.821292 0.982608
vt 0.820289 0.984071
vt 0.820289 0.982606
vt 0.964023 0.090498
vt 0.963530 0.090497
vt 0.964548 0.090497
vt 0.944094 0.881138
vt 0.943570 0.881137
vt 0.944588 0.879672
vt 0.944588 0.881137
vt 0.963512 0.336541
vt 0.971625 0.989031
vt 0.971901 0.988364
vt 0.972292 0.988755
vt 0.971349 0.988364
vt 0.970959 0.988755
vt 0.970959 0.989307
vt 0.971349 0.989698
vt 0.971901 0.989698
vt 0.972292 0.989307
vt 0.530224 0.899172
vt 0.530224 0.900950
vt 0.521704 0.900909
vt 0.521704 0.899131
vt 0.530224 0.915622
vt 0.530224 0.917400
vt 0.521704 0.917360
vt 0.521704 0.915581
vt 0.513966 0.899131
vt 0.513966 0.900909
vt 0.505384 0.900939
vt 0.505384 0.899160
vt 0.513966 0.915581
vt 0.513966 0.917360
vt 0.505384 0.917389
vt 0.505384 0.915611
vt 0.496272 0.900918
vt 0.496272 0.899140
vt 0.496272 0.917369
vt 0.496272 0.915590
vt 0.564804 0.899137
vt 0.564804 0.900915
vt 0.555680 0.900928
vt 0.555680 0.899150
vt 0.564804 0.915588
vt 0.564804 0.917366
vt 0.555680 0.917379
vt 0.555680 0.915601
vt 0.547115 0.900909
vt 0.547115 0.899131
vt 0.547115 0.917360
vt 0.547115 0.915582
vt 0.283745 0.899371
vt 0.283745 0.901149
vt 0.274354 0.901170
vt 0.274354 0.899392
vt 0.283745 0.915821
vt 0.283745 0.917599
vt 0.274354 0.917620
vt 0.274354 0.915842
vt 0.266302 0.901115
vt 0.266302 0.899336
vt 0.266302 0.917565
vt 0.266302 0.915786
vt 0.539378 0.899145
vt 0.539378 0.900923
vt 0.539378 0.915595
vt 0.539378 0.917374
vt 0.556439 0.914865
vt 0.564045 0.914856
vt 0.564045 0.901651
vt 0.556439 0.901660
vt 0.497030 0.914859
vt 0.504626 0.914874
vt 0.504626 0.901670
vt 0.497030 0.901654
vt 0.547929 0.914850
vt 0.554866 0.914865
vt 0.554866 0.901660
vt 0.547929 0.901645
vt 0.275246 0.915106
vt 0.282853 0.915089
vt 0.282853 0.901885
vt 0.275246 0.901902
vt 0.267067 0.915058
vt 0.273589 0.915103
vt 0.273589 0.901899
vt 0.267067 0.901854
vt 0.531094 0.914886
vt 0.538508 0.914864
vt 0.538508 0.901660
vt 0.531094 0.901681
vt 0.522513 0.914851
vt 0.529415 0.914885
vt 0.529415 0.901680
vt 0.522513 0.901647
vt 0.506199 0.914874
vt 0.513151 0.914851
vt 0.513151 0.901646
vt 0.506199 0.901670
vt 0.847948 0.871374
vt 0.854736 0.878162
vt 0.849317 0.880407
vt 0.845703 0.876793
vt 0.838347 0.871374
vt 0.840592 0.876793
vt 0.831558 0.878162
vt 0.836978 0.880407
vt 0.831558 0.887762
vt 0.836978 0.885518
vt 0.838347 0.894550
vt 0.840592 0.889131
vt 0.847948 0.894550
vt 0.845703 0.889131
vt 0.854736 0.887762
vt 0.849317 0.885518
vt 0.847144 0.884618
vt 0.847144 0.881307
vt 0.844803 0.886959
vt 0.841492 0.886959
vt 0.839150 0.884618
vt 0.839150 0.881307
vt 0.841492 0.878965
vt 0.844803 0.878965
vt 0.843147 0.882962
vt 0.750251 0.930305
vt 0.750251 0.943510
vt 0.747472 0.943518
vt 0.747472 0.930313
vt 0.630801 0.941842
vt 0.630801 0.928638
vt 0.634035 0.928635
vt 0.634035 0.941840
vt 0.960949 0.276590
vt 0.960949 0.268814
vt 0.964116 0.269556
vt 0.964116 0.275879
vt 0.911242 0.963099
vt 0.911242 0.955323
vt 0.914409 0.956033
vt 0.914409 0.962356
vt 0.375263 0.941394
vt 0.375263 0.928189
vt 0.378515 0.928191
vt 0.378515 0.941396
vt 0.467542 0.944415
vt 0.467542 0.931210
vt 0.469822 0.931235
vt 0.469822 0.944440
vt 0.959004 0.576219
vt 0.959004 0.568443
vt 0.962184 0.569185
vt 0.962184 0.575508
vt 0.962184 0.583956
vt 0.962184 0.591732
vt 0.959004 0.591022
vt 0.959004 0.584699
vt 0.349238 0.939125
vt 0.349238 0.925921
vt 0.352507 0.925921
vt 0.352507 0.939126
vt 0.584511 0.944357
vt 0.584511 0.931152
vt 0.587034 0.931138
vt 0.587034 0.944343
vt 0.071031 0.952161
vt 0.071031 0.959937
vt 0.067842 0.959204
vt 0.067842 0.952881
vt 0.587701 0.952094
vt 0.587701 0.959870
vt 0.584511 0.959150
vt 0.584511 0.952827
vt 0.292377 0.928859
vt 0.292377 0.942063
vt 0.289215 0.942056
vt 0.289215 0.928851
vt 0.068517 0.944414
vt 0.068517 0.931209
vt 0.071031 0.931218
vt 0.071031 0.944423
vt 0.081958 0.952170
vt 0.081958 0.959946
vt 0.078769 0.959226
vt 0.078769 0.952903
vt 0.644909 0.959642
vt 0.644909 0.951866
vt 0.648098 0.952599
vt 0.648098 0.958922
vt 0.739734 0.930305
vt 0.739734 0.943510
vt 0.736917 0.943525
vt 0.736917 0.930320
vt 0.364272 0.941395
vt 0.364272 0.928190
vt 0.367526 0.928189
vt 0.367526 0.941394
vt 0.962402 0.660294
vt 0.962402 0.668070
vt 0.959222 0.667359
vt 0.959222 0.661037
vt 0.470722 0.952177
vt 0.470722 0.959953
vt 0.467542 0.959210
vt 0.467542 0.952887
vt 0.616658 0.929341
vt 0.616658 0.942545
vt 0.613615 0.942533
vt 0.613615 0.929329
vt 0.645327 0.944117
vt 0.645327 0.930912
vt 0.648098 0.930924
vt 0.648098 0.944129
vt 0.964116 0.253301
vt 0.964116 0.261077
vt 0.960949 0.260366
vt 0.960949 0.254043
vt 0.964059 0.954602
vt 0.964059 0.962378
vt 0.960892 0.961635
vt 0.960892 0.955312
vt 0.845589 0.928883
vt 0.845589 0.942088
vt 0.842444 0.942085
vt 0.842444 0.928880
vt 0.078769 0.944414
vt 0.078769 0.931209
vt 0.081277 0.931228
vt 0.081277 0.944433
vt 0.739734 0.951262
vt 0.739734 0.959170
vt 0.736578 0.958508
vt 0.736578 0.952077
vt 0.341500 0.950390
vt 0.341500 0.958298
vt 0.338344 0.957483
vt 0.338344 0.951052
vt 0.599374 0.929344
vt 0.599374 0.942549
vt 0.596403 0.942563
vt 0.596403 0.929359
vt 0.831558 0.942089
vt 0.831558 0.928885
vt 0.834706 0.928880
vt 0.834706 0.942085
vt 0.750628 0.951255
vt 0.750628 0.959163
vt 0.747472 0.958348
vt 0.747472 0.951917
vt 0.599559 0.950300
vt 0.599559 0.958209
vt 0.596403 0.957546
vt 0.596403 0.951116
vt 0.068517 0.769988
vt 0.096172 0.770206
vt 0.096172 0.830781
vt 0.068517 0.830563
vt 0.907998 0.265788
vt 0.880344 0.265586
vt 0.880344 0.189293
vt 0.907998 0.189495
vt 0.860605 0.265441
vt 0.860605 0.189148
vt 0.484113 0.739611
vt 0.484113 0.832180
vt 0.479861 0.832180
vt 0.479861 0.739611
vt 0.174446 0.850239
vt 0.171614 0.850239
vt 0.171588 0.846986
vt 0.174421 0.846986
vt 0.020776 0.909093
vt 0.023609 0.909104
vt 0.023609 0.912329
vt 0.020776 0.912319
vt 0.802295 0.640403
vt 0.802295 0.547837
vt 0.806546 0.547837
vt 0.806546 0.640403
vt 0.387796 0.843753
vt 0.390628 0.843776
vt 0.390628 0.904351
vt 0.387796 0.904328
vt 0.235558 0.834080
vt 0.213102 0.834080
vt 0.213102 0.741511
vt 0.235558 0.741511
vt 0.258015 0.741511
vt 0.258015 0.834080
vt 0.280471 0.741511
vt 0.280471 0.834080
vt 0.779864 0.640451
vt 0.779864 0.547885
vt 0.757433 0.640499
vt 0.757433 0.547933
vt 0.735002 0.640547
vt 0.735002 0.547981
vt 0.023609 0.892063
vt 0.051265 0.892168
vt 0.051265 0.909208
vt 0.023609 0.875023
vt 0.051265 0.875128
vt 0.023609 0.857983
vt 0.051265 0.858088
vt 0.015140 0.892031
vt 0.009505 0.874970
vt 0.003869 0.857908
vt 0.174579 0.867426
vt 0.166111 0.867426
vt 0.174713 0.884612
vt 0.160609 0.884612
vt 0.174846 0.901798
vt 0.155107 0.901798
vt 0.202101 0.850239
vt 0.202235 0.867426
vt 0.202368 0.884612
vt 0.202502 0.901798
vt 0.175873 0.883887
vt 0.201197 0.883887
vt 0.201074 0.868150
vt 0.175751 0.868150
vt 0.714666 0.912828
vt 0.714666 0.933390
vt 0.704597 0.933389
vt 0.704597 0.912828
vt 0.891112 0.931305
vt 0.891112 0.910743
vt 0.901182 0.910743
vt 0.901182 0.931305
vt 0.091035 0.930020
vt 0.091035 0.904699
vt 0.099334 0.904638
vt 0.099334 0.929960
vt 0.925225 0.450895
vt 0.925225 0.425573
vt 0.931814 0.425521
vt 0.931814 0.450843
vt 0.655957 0.892633
vt 0.671695 0.892511
vt 0.671695 0.917833
vt 0.655957 0.917955
vn -1.000000 0.000000 0.000000
vn 1.000000 0.000000 0.000000
vn 0.000000 0.000000 1.000000
vn -0.000000 0.000000 -1.000000
vn 0.000000 -0.995100 0.099100
vn 0.000000 -0.995100 -0.099100
vn 0.000000 0.929400 0.369100
vn 0.000000 0.929400 -0.369100
vn 0.000000 0.535100 0.844800
vn 0.000000 0.535100 -0.844800
vn 0.000000 1.000000 0.000000
vn 0.000000 -1.000000 0.000000
vn 0.458600 0.888600 0.000000
vn 0.226200 0.974100 0.000000
vn -0.226200 0.974100 0.000000
vn -0.458600 0.888600 0.000000
vn 0.453000 -0.891500 0.000000
vn 0.222900 -0.974800 0.000000
vn -0.222900 -0.974800 0.000000
vn -0.453000 -0.891500 0.000000
vn -0.881900 0.471400 0.000000
vn -0.945300 0.326100 0.000000
vn -0.958700 -0.284500 0.000000
vn -0.836500 -0.548000 0.000000
vn 0.808600 0.588300 0.000000
vn 0.808600 0.588400 0.000000
vn 0.962500 0.271300 0.000000
vn 0.947300 -0.320500 0.000000
vn 0.873700 -0.486400 0.000000
vn 0.852900 -0.522100 0.000000
vn 0.944900 -0.327200 0.000000
vn 0.927700 0.373300 0.000000
vn 0.894600 0.446800 0.000000
vn -0.890100 -0.455800 0.000000
vn -0.925500 -0.378800 0.000000
vn -0.946500 0.322800 0.000000
vn -0.831100 0.556100 0.000000
vn -0.458600 -0.888600 0.000000
vn -0.226200 -0.974100 0.000000
vn 0.226200 -0.974100 0.000000
vn 0.458600 -0.888600 0.000000
vn -0.453000 0.891500 0.000000
vn -0.222900 0.974800 0.000000
vn 0.222900 0.974800 0.000000
vn 0.453000 0.891500 0.000000
vn 0.300900 -0.953600 0.000000
vn 0.134000 -0.991000 0.000000
vn -0.134000 -0.991000 0.000000
vn -0.300900 -0.953600 0.000000
vn 0.247600 0.968900 0.000000
vn 0.108900 0.994100 0.000000
vn -0.108900 0.994100 0.000000
vn -0.247600 0.968900 0.000000
vn -0.000100 -0.995100 0.099100
vn -0.000100 -0.995100 -0.099100
vn 0.000100 -0.995100 0.099100
vn 0.000100 -0.995100 -0.099100
vn 0.000100 0.929400 0.369100
vn 0.000100 0.929400 -0.369100
vn -0.000100 0.929400 0.369100
vn -0.000100 0.929400 -0.369100
vn -0.000100 1.000000 0.000000
vn 0.000100 1.000000 0.000000
vn -0.550600 0.000000 0.834700
vn -0.550600 0.000000 -0.834700
vn -0.922600 0.385800 0.000000
vn -0.727300 0.450000 0.518200
vn -0.727300 0.450000 -0.518200
vn -0.195200 0.940800 0.277200
vn -0.195200 0.940800 -0.277200
vn -0.065200 -0.993000 0.098900
vn -0.065200 -0.993000 -0.098900
vn -0.946100 0.000000 0.323900
vn -0.946100 0.000000 -0.323900
vn -0.115600 -0.992100 0.048500
vn -0.115600 -0.992100 -0.048500
vn -0.895300 0.000000 0.445400
vn -0.895300 0.000000 -0.445400
vn -0.278100 0.950700 0.137200
vn -0.278100 0.950700 -0.137200
vn -0.848400 0.485200 0.211800
vn -0.848400 0.485200 -0.211800
vn -0.857700 0.504500 0.098900
vn -0.857700 0.504500 -0.098900
vn -0.334900 0.942200 -0.006900
vn -0.334900 0.942200 0.006900
vn -0.113800 -0.993500 0.000000
vn 0.000000 -0.990600 0.136700
vn 0.000000 -0.990600 -0.136700
vn 0.000000 0.876000 0.482300
vn 0.000000 0.876000 -0.482300
vn 0.000000 0.429400 0.903100
vn 0.000000 0.429400 -0.903100
vn -0.000100 -0.990600 0.136700
vn -0.000100 -0.990600 -0.136700
vn 0.000100 -0.990600 0.136700
vn 0.000100 -0.990600 -0.136700
vn 0.000100 0.876000 0.482300
vn 0.000100 0.876000 -0.482300
vn -0.000100 0.876000 0.482300
vn -0.000100 0.876000 -0.482300
vn -0.429700 0.000000 0.903000
vn -0.429700 0.000000 -0.903000
vn -0.654000 0.412900 0.633900
vn -0.654000 0.412900 -0.633900
vn -0.188600 0.909200 0.371200
vn -0.188600 0.909200 -0.371200
vn -0.064900 -0.988500 0.136400
vn -0.064900 -0.988500 -0.136400
vn -0.903500 0.000000 0.428700
vn -0.903500 0.000000 -0.428700
vn -0.115500 -0.991000 0.067200
vn -0.115500 -0.991000 -0.067200
vn -0.823300 0.000000 0.567700
vn -0.823300 0.000000 -0.567700
vn -0.275800 0.942600 0.188500
vn -0.275800 0.942600 -0.188500
vn -0.829700 0.483600 0.278700
vn -0.829700 0.483600 -0.278700
vn -0.855600 0.503300 0.121100
vn -0.855600 0.503300 -0.121100
vn -0.334700 0.942300 -0.008600
vn -0.334700 0.942300 0.008600
vn -0.041800 0.938500 0.342800
vn 0.041800 0.938500 0.342800
vn 0.371300 -0.928500 0.000000
vn -0.371300 -0.928500 -0.000000
vn 0.043600 0.999000 0.000000
vn 0.043600 -0.999100 0.000000
vn -0.043600 0.999000 -0.000000
vn -0.043600 -0.999100 0.000000
vn -0.000000 0.937900 0.347000
vn -0.000000 0.965100 0.261900
vn -0.000000 0.944100 0.329600
vn -0.000000 -0.944100 0.329600
vn 0.000000 -0.944100 -0.329600
vn 0.000000 -0.999000 0.045300
vn -0.000000 0.999000 0.045400
vn 0.000000 0.999000 -0.045400
vn 0.000000 -0.999000 -0.045300
vn -0.998700 0.000000 0.051000
vn 0.999000 -0.000000 0.045300
vn -0.998700 0.000000 -0.051000
vn 0.999000 0.000000 -0.045300
vn 0.485900 -0.867800 -0.104200
vn -0.375000 0.924500 0.068400
vn 0.375800 -0.926600 0.015600
vn -0.488300 0.872300 0.025500
vn -0.488300 0.872300 -0.025500
vn 0.375900 -0.926500 -0.015600
vn -0.375100 0.924500 -0.068400
vn 0.485900 -0.867800 0.104200
vn -0.998300 0.000000 0.058600
vn 0.999200 0.000000 0.039700
vn -0.998300 0.000000 -0.058700
vn 0.999200 -0.000000 -0.039700
vn -0.999100 0.000000 0.041600
vn 0.998700 0.000000 0.050100
vn 0.998700 0.000000 -0.050100
vn -0.999100 0.000000 -0.041600
vn -0.989100 -0.132100 0.064500
vn 0.976900 0.213200 0.016700
vn 0.976900 0.213200 -0.016700
vn -0.989100 -0.132100 -0.064500
vn 0.983600 0.105200 0.146800
vn -0.978200 -0.171000 -0.117500
vn -0.978200 -0.207800 0.001500
vn 0.988800 0.128500 -0.075700
vn -0.995400 -0.089500 -0.033100
vn 0.997900 -0.060700 -0.022400
vn 0.000000 -0.999000 0.045400
vn 0.000000 -0.999000 -0.045400
vn -0.999200 0.000000 0.040500
vn 0.999200 -0.000000 0.040500
vn -0.999200 0.000000 -0.040500
vn 0.999200 0.000000 -0.040500
vn -0.999200 -0.000100 -0.040600
vn 0.999200 0.000300 0.040500
vn -0.999200 -0.000100 0.040500
vn 0.999200 0.000400 -0.040500
vn -0.999200 -0.000300 0.040600
vn 0.999200 0.000100 0.040500
vn -0.999200 0.000000 0.039600
vn 0.999200 0.000000 0.039600
vn 0.999200 0.000000 -0.039600
vn -0.999200 0.000000 -0.039600
vn -0.999200 0.012100 0.038200
vn 0.999200 0.012100 0.038200
vn 0.999200 0.012100 -0.038200
vn -0.999200 0.012100 -0.038200
vn 0.999500 -0.009700 0.030600
vn -0.999500 -0.009700 0.030600
vn -0.999200 -0.011800 -0.037200
vn 0.999200 -0.011800 -0.037200
vn -0.997800 -0.062000 -0.022900
vn 0.997800 -0.061900 -0.022900
vn -0.998300 -0.000000 -0.058600
vn 0.923900 -0.000000 -0.382700
vn 0.923900 0.000000 0.382700
vn 0.382700 0.000000 0.923900
vn -0.382700 0.000000 0.923900
vn -0.923900 0.000000 0.382700
vn -0.923900 0.000000 -0.382700
vn -0.382700 -0.000000 -0.923900
vn 0.382700 -0.000000 -0.923900
vn 0.312500 0.941000 -0.129500
vn 0.312500 0.941100 0.129400
vn 0.129400 0.941100 0.312500
vn -0.129400 0.941100 0.312500
vn -0.312500 0.941000 0.129500
vn -0.312500 0.941000 -0.129500
vn -0.129400 0.941000 -0.312500
vn 0.129500 0.941100 -0.312500
vn 0.125400 0.944800 -0.302800
vn -0.125400 0.944800 -0.302800
vn -0.302800 0.944800 -0.125400
vn -0.302800 0.944800 0.125400
vn -0.125400 0.944800 0.302800
vn 0.125400 0.944800 0.302800
vn 0.302800 0.944800 0.125400
vn 0.302800 0.944800 -0.125400
vn 0.819000 -0.462800 -0.339200
vn 0.819000 -0.462800 0.339200
vn 0.339200 -0.462800 0.819000
vn -0.339200 -0.462800 0.819000
vn -0.819000 -0.462800 0.339200
vn -0.819000 -0.462800 -0.339200
vn -0.339200 -0.462700 -0.819000
vn 0.339200 -0.462800 -0.819000
vn 0.369500 -0.259900 -0.892100
vn -0.369500 -0.259900 -0.892100
vn -0.892100 -0.259900 -0.369500
vn -0.892100 -0.259900 0.369500
vn -0.369500 -0.259900 0.892100
vn 0.369500 -0.259900 0.892100
vn 0.892100 -0.259900 0.369500
vn 0.892100 -0.259900 -0.369500
vn 0.370600 0.249700 -0.894600
vn -0.370600 0.249700 -0.894600
vn -0.894600 0.249700 -0.370600
vn -0.894600 0.249700 0.370600
vn -0.370600 0.249700 0.894600
vn 0.370600 0.249700 0.894600
vn 0.894600 0.249700 0.370600
vn 0.894600 0.249700 -0.370600
vn 0.763100 0.563700 -0.316100
vn 0.763100 0.563700 0.316100
vn 0.316100 0.563700 0.763100
vn -0.316100 0.563700 0.763100
vn -0.763100 0.563700 0.316100
vn -0.763100 0.563700 -0.316100
vn -0.316100 0.563700 -0.763100
vn 0.316100 0.563700 -0.763100
vn 0.206600 0.841800 -0.498700
vn -0.206600 0.841800 -0.498700
vn -0.498700 0.841800 -0.206600
vn -0.498700 0.841800 0.206600
vn -0.206600 0.841800 0.498700
vn 0.206600 0.841800 0.498700
vn 0.498700 0.841800 0.206600
vn 0.498700 0.841800 -0.206600
vn 0.417600 0.892000 -0.173000
vn 0.417600 0.892000 0.173000
vn 0.173000 0.892000 0.417600
vn -0.173000 0.892000 0.417600
vn -0.417600 0.892000 0.173000
vn -0.417600 0.892000 -0.173000
vn -0.173000 0.892000 -0.417600
vn 0.173000 0.892000 -0.417600
vn 0.627000 0.734400 -0.259700
vn 0.627000 0.734400 0.259700
vn 0.259700 0.734400 0.627000
vn -0.259700 0.734400 0.627000
vn -0.627000 0.734400 0.259700
vn -0.627000 0.734400 -0.259700
vn -0.259700 0.734400 -0.627000
vn 0.259700 0.734400 -0.627000
vn 0.121100 0.948600 -0.292300
vn -0.121100 0.948600 -0.292300
vn -0.292300 0.948600 -0.121100
vn -0.292300 0.948600 0.121100
vn -0.121100 0.948600 0.292300
vn 0.121100 0.948600 0.292300
vn 0.292300 0.948600 0.121100
vn 0.292300 0.948600 -0.121100
vn 0.180400 0.881900 -0.435500
vn -0.180400 0.881900 -0.435500
vn -0.435500 0.881900 -0.180400
vn -0.435500 0.881900 0.180400
vn -0.180400 0.881900 0.435500
vn 0.180400 0.881900 0.435500
vn 0.435500 0.881900 0.180400
vn 0.435500 0.881900 -0.180400
vn 0.109300 -0.958400 -0.263800
vn -0.109300 -0.958400 -0.263800
vn -0.263800 -0.958400 -0.109300
vn -0.263800 -0.958400 0.109300
vn -0.109300 -0.958400 0.263800
vn 0.109300 -0.958400 0.263800
vn 0.263800 -0.958400 0.109300
vn 0.263800 -0.958400 -0.109300
vn 0.624600 -0.736800 -0.258700
vn 0.624600 -0.736800 0.258700
vn 0.258700 -0.736900 0.624600
vn -0.258700 -0.736900 0.624600
vn -0.624600 -0.736800 0.258700
vn -0.624600 -0.736800 -0.258700
vn -0.258700 -0.736800 -0.624600
vn 0.258700 -0.736800 -0.624600
vn 0.325200 -0.527200 -0.785100
vn -0.325200 -0.527200 -0.785000
vn -0.785000 -0.527200 -0.325200
vn -0.785000 -0.527200 0.325200
vn -0.325200 -0.527200 0.785000
vn 0.325200 -0.527200 0.785000
vn 0.785000 -0.527200 0.325200
vn 0.785000 -0.527200 -0.325200
vn 0.891700 -0.261400 -0.369400
vn 0.891700 -0.261400 0.369400
vn 0.369400 -0.261400 0.891800
vn -0.369400 -0.261400 0.891800
vn -0.891700 -0.261400 0.369400
vn -0.891700 -0.261400 -0.369400
vn -0.369400 -0.261400 -0.891700
vn 0.369400 -0.261400 -0.891700
vn 0.373300 -0.220100 -0.901200
vn -0.373300 -0.220100 -0.901200
vn -0.901200 -0.220100 -0.373300
vn -0.901200 -0.220100 0.373300
vn -0.373300 -0.220100 0.901200
vn 0.373300 -0.220100 0.901200
vn 0.901200 -0.220100 0.373300
vn 0.901200 -0.220100 -0.373300
vn 0.922200 0.060200 -0.382000
vn 0.922200 0.060200 0.382000
vn 0.382000 0.060200 0.922200
vn -0.382000 0.060200 0.922200
vn -0.922200 0.060200 0.382000
vn -0.922200 0.060200 -0.382000
vn -0.382000 0.060200 -0.922200
vn 0.382000 0.060200 -0.922200
vn 0.371000 0.244900 -0.895800
vn -0.371000 0.244900 -0.895800
vn -0.895800 0.244900 -0.371000
vn -0.895800 0.244900 0.371000
vn -0.371000 0.244900 0.895800
vn 0.371000 0.244900 0.895800
vn 0.895800 0.244900 0.371000
vn 0.895800 0.244900 -0.371000
vn 0.832000 0.434700 -0.344600
vn 0.832000 0.434700 0.344600
vn 0.344600 0.434700 0.832000
vn -0.344600 0.434700 0.832000
vn -0.832000 0.434700 0.344600
vn -0.832000 0.434700 -0.344600
vn -0.344600 0.434700 -0.832000
vn 0.344600 0.434700 -0.832000
vn 0.278500 0.685800 -0.672400
vn -0.278500 0.685800 -0.672400
vn -0.672400 0.685800 -0.278500
vn -0.672400 0.685800 0.278500
vn -0.278500 0.685800 0.672400
vn 0.278500 0.685800 0.672400
vn 0.672400 0.685800 0.278500
vn 0.672400 0.685800 -0.278500
vn 0.371400 0.915600 -0.153900
vn 0.371400 0.915600 0.153900
vn 0.153800 0.915600 0.371400
vn -0.153800 0.915600 0.371400
vn -0.371400 0.915600 0.153900
vn -0.371400 0.915600 -0.153900
vn -0.153800 0.915600 -0.371400
vn 0.153900 0.915600 -0.371400
vn 0.488700 -0.848600 -0.202400
vn 0.488700 -0.848600 0.202400
vn 0.202400 -0.848600 0.488700
vn -0.202400 -0.848600 0.488700
vn -0.488700 -0.848600 0.202400
vn -0.488700 -0.848600 -0.202400
vn -0.202400 -0.848600 -0.488700
vn 0.202400 -0.848600 -0.488700
vn 0.337700 -0.470600 -0.815200
vn -0.337700 -0.470600 -0.815200
vn -0.815200 -0.470600 -0.337700
vn -0.815200 -0.470600 0.337700
vn -0.337600 -0.470600 0.815200
vn 0.337600 -0.470600 0.815200
vn 0.815200 -0.470600 0.337700
vn 0.815200 -0.470600 -0.337700
vn 0.908700 -0.180800 -0.376400
vn 0.908700 -0.180800 0.376400
vn 0.376400 -0.180800 0.908700
vn -0.376400 -0.180800 0.908700
vn -0.908700 -0.180800 0.376400
vn -0.908700 -0.180800 -0.376400
vn -0.376400 -0.180800 -0.908700
vn 0.376400 -0.180800 -0.908700
vn 0.381200 0.086700 -0.920400
vn -0.381200 0.086700 -0.920400
vn -0.920400 0.086700 -0.381200
vn -0.920400 0.086700 0.381200
vn -0.381200 0.086700 0.920400
vn 0.381200 0.086700 0.920400
vn 0.920400 0.086700 0.381200
vn 0.920400 0.086700 -0.381200
vn 0.818800 0.463300 -0.339100
vn 0.818700 0.463300 0.339100
vn 0.339100 0.463300 0.818700
vn -0.339100 0.463300 0.818700
vn -0.818700 0.463300 0.339100
vn -0.818700 0.463300 -0.339100
vn -0.339100 0.463300 -0.818700
vn 0.339100 0.463300 -0.818800
vn 0.328800 0.511500 -0.793900
vn -0.328800 0.511500 -0.793900
vn -0.793900 0.511500 -0.328800
vn -0.793900 0.511500 0.328800
vn -0.328800 0.511500 0.793900
vn 0.328800 0.511500 0.793900
vn 0.793900 0.511500 0.328800
vn 0.793900 0.511500 -0.328800
vn 0.615400 -0.745900 -0.254900
vn 0.615400 -0.745900 0.254900
vn 0.254900 -0.745900 0.615400
vn -0.254900 -0.745900 0.615400
vn -0.615400 -0.745900 0.254900
vn -0.615400 -0.745900 -0.254900
vn -0.254900 -0.745900 -0.615400
vn 0.254900 -0.745900 -0.615400
vn 0.368100 -0.273700 -0.888600
vn -0.368100 -0.273700 -0.888600
vn -0.888600 -0.273700 -0.368100
vn -0.888600 -0.273700 0.368100
vn -0.368100 -0.273700 0.888600
vn 0.368100 -0.273700 0.888600
vn 0.888600 -0.273700 0.368100
vn 0.888600 -0.273700 -0.368100
vn 0.377900 0.156800 -0.912400
vn -0.377900 0.156800 -0.912400
vn -0.912400 0.156800 -0.378000
vn -0.912400 0.156800 0.378000
vn -0.377900 0.156800 0.912400
vn 0.377900 0.156800 0.912400
vn 0.912400 0.156800 0.378000
vn 0.912400 0.156800 -0.378000
vn 0.694900 0.659000 -0.287900
vn 0.694900 0.659000 0.287900
vn 0.287800 0.659000 0.694900
vn -0.287800 0.659000 0.694900
vn -0.694900 0.659000 0.287900
vn -0.694900 0.659000 -0.287800
vn -0.287800 0.659000 -0.694900
vn 0.287800 0.659000 -0.694900
vn 0.205200 0.844000 -0.495500
vn -0.205200 0.844000 -0.495500
vn -0.495500 0.844000 -0.205200
vn -0.495500 0.844000 0.205200
vn -0.205300 0.844000 0.495500
vn 0.205300 0.844000 0.495500
vn 0.495500 0.844000 0.205200
vn 0.495500 0.844000 -0.205200
vn 0.379600 0.000000 -0.925200
vn -0.379500 0.000000 0.925200
vn -0.379600 0.000000 0.925200
vn 0.379500 0.000000 -0.925200
vn -0.918900 0.000000 -0.394400
vn 0.918900 0.000000 0.394400
vn -0.398700 0.000000 0.917100
vn -0.213000 0.000000 0.977100
vn 0.398800 -0.000000 0.917100
vn 0.213000 0.000000 0.977100
vn -0.161700 0.000000 0.986800
vn 0.575700 0.000000 -0.817700
vn 0.582700 0.000000 0.812700
vn -0.172000 0.000000 -0.985100
vn -0.816900 0.000000 -0.576700
vn 0.986100 0.000000 0.166000
vn 0.816900 0.000000 -0.576700
vn -0.986100 0.000000 0.166000
vn 0.172000 0.000000 -0.985100
vn -0.582700 0.000000 0.812700
vn -0.575700 0.000000 -0.817700
vn 0.161700 0.000000 0.986800
vn -0.803100 0.000000 0.595800
vn 0.984100 0.000000 -0.177600
vn -0.984100 0.000000 -0.177600
vn 0.803100 0.000000 0.595800
vn 0.368700 0.929600 0.000000
usemtl Material.001
s off
f 55/1/1 37/2/1 73/3/1 67/4/1
f 74/5/1 38/6/1 56/7/1 68/8/1
f 57/9/1 39/10/1 75/11/1 69/12/1
f 76/13/1 40/14/1 58/15/1 70/16/1
f 59/17/1 41/18/1 77/19/1 71/20/1
f 78/21/1 42/22/1 60/23/1 72/24/1
f 43/25/2 49/26/2 61/27/2 79/28/2
f 62/29/2 50/30/2 44/31/2 80/32/2
f 45/33/2 51/34/2 63/35/2 81/36/2
f 64/37/2 52/38/2 46/39/2 82/40/2
f 47/41/2 53/42/2 65/43/2 83/44/2
f 66/45/2 54/46/2 48/47/2 84/48/2
f 13/49/1 31/50/1 91/51/1 97/52/1
f 92/53/1 32/54/1 14/55/1 98/56/1
f 15/57/1 33/58/1 93/59/1 99/60/1
f 94/61/1 34/62/1 16/63/1 100/64/1
f 17/65/1 35/66/1 95/67/1 101/68/1
f 96/69/1 36/70/1 18/71/1 102/72/1
f 25/73/2 7/74/2 103/75/2 85/76/2
f 104/77/2 8/78/2 26/79/2 86/80/2
f 27/81/2 9/82/2 105/83/2 87/84/2
f 106/85/2 10/86/2 28/87/2 88/88/2
f 29/89/2 11/90/2 107/91/2 89/92/2
f 108/93/2 12/94/2 30/95/2 90/96/2
f 85/97/3 103/98/3 67/99/3 73/100/3
f 68/101/4 104/102/4 86/103/4 74/104/4
f 87/105/3 105/106/3 69/107/3 75/108/3
f 70/109/4 106/110/4 88/111/4 76/112/4
f 89/113/3 107/114/3 71/115/3 77/116/3
f 72/117/4 108/118/4 90/119/4 78/120/4
f 97/121/3 91/122/3 79/123/3 61/124/3
f 80/125/4 92/126/4 98/127/4 62/128/4
f 99/129/3 93/130/3 81/131/3 63/132/3
f 82/133/4 94/134/4 100/135/4 64/136/4
f 101/137/3 95/138/3 83/139/3 65/140/3
f 84/141/4 96/142/4 102/143/4 66/144/4
f 111/145/3 119/146/3 113/147/3 109/148/3
f 114/149/4 120/150/4 112/151/4 110/152/4
f 115/153/3 1/154/3 19/155/3 121/156/3
f 20/157/4 2/158/4 116/159/4 122/160/4
f 21/161/3 123/162/3 117/163/3 3/164/3
f 118/165/4 124/166/4 22/167/4 4/168/4
f 119/146/3 31/169/3 13/170/3 113/147/3
f 14/171/4 32/172/4 120/150/4 114/149/4
f 121/156/3 33/173/3 15/174/3 115/153/3
f 16/175/4 34/176/4 122/160/4 116/159/4
f 123/162/3 35/177/3 17/178/3 117/163/3
f 18/179/4 36/180/4 124/166/4 118/165/4
f 25/181/3 131/182/3 125/183/3 7/184/3
f 126/185/4 132/186/4 26/187/4 8/188/4
f 27/189/3 133/190/3 127/191/3 9/192/3
f 128/193/4 134/194/4 28/195/4 10/196/4
f 29/197/3 135/198/3 129/199/3 11/200/3
f 130/201/4 136/202/4 30/203/4 12/204/4
f 1/154/3 125/183/3 131/182/3 19/155/3
f 132/186/4 126/185/4 2/158/4 20/157/4
f 3/164/3 127/191/3 133/190/3 21/161/3
f 134/194/4 128/193/4 4/168/4 22/167/4
f 5/205/3 129/199/3 135/198/3 23/206/3
f 136/202/4 130/201/4 6/207/4 24/208/4
f 25/181/3 478/209/3 362/210/3 131/182/3
f 363/211/4 479/212/4 26/187/4 132/186/4
f 27/189/3 480/213/3 364/214/3 133/190/3
f 365/215/4 481/216/4 28/195/4 134/194/4
f 29/197/3 482/217/3 366/218/3 135/198/3
f 367/219/4 483/220/4 30/203/4 136/202/4
f 131/182/3 362/210/3 484/221/3 19/155/3
f 485/222/4 363/211/4 132/186/4 20/157/4
f 133/190/3 364/214/3 486/223/3 21/161/3
f 487/224/4 365/215/4 134/194/4 22/167/4
f 135/198/3 366/218/3 488/225/3 23/206/3
f 489/226/4 367/219/4 136/202/4 24/208/4
f 111/145/3 137/227/3 374/228/3 119/146/3
f 375/229/4 138/230/4 112/151/4 120/150/4
f 19/155/3 484/221/3 376/231/3 121/156/3
f 377/232/4 485/222/4 20/157/4 122/160/4
f 21/161/3 486/223/3 378/233/3 123/162/3
f 379/234/4 487/224/4 22/167/4 124/166/4
f 119/146/3 374/228/3 472/235/3 31/169/3
f 473/236/4 375/229/4 120/150/4 32/172/4
f 121/156/3 376/231/3 474/237/3 33/173/3
f 475/238/4 377/232/4 122/160/4 34/176/4
f 123/162/3 378/233/3 476/239/3 35/177/3
f 477/240/4 379/234/4 124/166/4 36/180/4
f 125/183/3 148/241/3 168/242/3 7/184/3
f 169/243/4 149/244/4 126/185/4 8/188/4
f 127/191/3 150/245/3 170/246/3 9/192/3
f 171/247/4 151/248/4 128/193/4 10/196/4
f 129/199/3 152/249/3 172/250/3 11/200/3
f 173/251/4 153/252/4 130/201/4 12/204/4
f 1/154/3 174/253/3 148/241/3 125/183/3
f 149/244/4 175/254/4 2/158/4 126/185/4
f 3/164/3 176/255/3 150/245/3 127/191/3
f 151/248/4 177/256/4 4/168/4 128/193/4
f 5/205/3 178/257/3 152/249/3 129/199/3
f 153/252/4 179/258/4 6/207/4 130/201/4
f 113/147/3 154/259/3 160/260/3 109/148/3
f 161/261/4 155/262/4 114/149/4 110/152/4
f 174/253/3 1/154/3 115/153/3 156/263/3
f 116/159/4 2/158/4 175/254/4 157/264/4
f 117/163/3 158/265/3 176/255/3 3/164/3
f 177/256/4 159/266/4 118/165/4 4/168/4
f 13/170/3 162/267/3 154/259/3 113/147/3
f 155/262/4 163/268/4 14/171/4 114/149/4
f 15/174/3 164/269/3 156/263/3 115/153/3
f 157/264/4 165/270/4 16/175/4 116/159/4
f 17/178/3 166/271/3 158/265/3 117/163/3
f 159/266/4 167/272/4 18/179/4 118/165/4
f 162/273/5 192/274/5 200/275/5 154/276/5
f 201/277/6 193/278/6 163/279/6 155/280/6
f 164/281/5 194/282/5 202/283/5 156/284/5
f 203/285/6 195/286/6 165/287/6 157/288/6
f 166/289/5 196/290/5 204/291/5 158/292/5
f 205/293/6 197/294/6 167/295/6 159/296/6
f 154/276/5 200/275/5 198/297/5 160/298/5
f 199/299/6 201/277/6 155/280/6 161/300/6
f 156/284/5 202/283/5 180/301/5 174/302/5
f 181/303/6 203/285/6 157/288/6 175/304/6
f 158/292/5 204/291/5 182/305/5 176/306/5
f 183/307/6 205/293/6 159/296/6 177/308/6
f 174/302/5 180/301/5 206/309/5 148/310/5
f 207/311/6 181/303/6 175/304/6 149/312/6
f 176/306/5 182/305/5 208/313/5 150/314/5
f 209/315/6 183/307/6 177/308/6 151/316/6
f 178/317/5 184/318/5 210/319/5 152/320/5
f 211/321/6 185/322/6 179/323/6 153/324/6
f 148/310/5 206/309/5 186/325/5 168/326/5
f 187/327/6 207/311/6 149/312/6 169/328/6
f 150/314/5 208/313/5 188/329/5 170/330/5
f 189/331/6 209/315/6 151/316/6 171/332/6
f 152/320/5 210/319/5 190/333/5 172/334/5
f 191/335/6 211/321/6 153/324/6 173/336/6
f 206/337/3 216/338/3 236/339/3 186/340/3
f 237/341/4 217/342/4 207/343/4 187/344/4
f 208/345/3 218/346/3 238/347/3 188/348/3
f 239/349/4 219/350/4 209/351/4 189/352/4
f 210/353/3 220/354/3 240/355/3 190/356/3
f 241/357/4 221/358/4 211/359/4 191/360/4
f 180/361/3 242/362/3 216/338/3 206/337/3
f 217/342/4 243/363/4 181/364/4 207/343/4
f 182/365/3 244/366/3 218/346/3 208/345/3
f 219/350/4 245/367/4 183/368/4 209/351/4
f 184/369/3 246/370/3 220/354/3 210/353/3
f 221/358/4 247/371/4 185/372/4 211/359/4
f 200/373/3 222/374/3 228/375/3 198/376/3
f 229/377/4 223/378/4 201/379/4 199/380/4
f 202/381/3 224/382/3 242/362/3 180/361/3
f 243/363/4 225/383/4 203/384/4 181/364/4
f 204/385/3 226/386/3 244/366/3 182/365/3
f 245/367/4 227/387/4 205/388/4 183/368/4
f 192/389/3 230/390/3 222/374/3 200/373/3
f 223/378/4 231/391/4 193/392/4 201/379/4
f 194/393/3 232/394/3 224/382/3 202/381/3
f 225/383/4 233/395/4 195/396/4 203/384/4
f 196/397/3 234/398/3 226/386/3 204/385/3
f 227/387/4 235/399/4 197/400/4 205/388/4
f 230/401/7 260/402/7 268/403/7 222/404/7
f 269/405/8 261/406/8 231/407/8 223/408/8
f 232/409/7 262/410/7 270/411/7 224/412/7
f 271/413/8 263/414/8 233/415/8 225/416/8
f 234/417/7 264/418/7 272/419/7 226/420/7
f 273/421/8 265/422/8 235/423/8 227/424/8
f 222/404/7 268/403/7 266/425/7 228/426/7
f 267/427/8 269/405/8 223/408/8 229/428/8
f 224/412/7 270/411/7 248/429/7 242/430/7
f 249/431/8 271/413/8 225/416/8 243/432/8
f 226/420/7 272/419/7 250/433/7 244/434/7
f 251/435/8 273/421/8 227/424/8 245/436/8
f 242/430/7 248/429/7 274/437/7 216/438/7
f 275/439/8 249/431/8 243/432/8 217/440/8
f 244/434/7 250/433/7 276/441/7 218/442/7
f 277/443/8 251/435/8 245/436/8 219/444/8
f 246/445/7 252/446/7 278/447/7 220/448/7
f 279/449/8 253/450/8 247/451/8 221/452/8
f 216/438/7 274/437/7 254/453/7 236/454/7
f 255/455/8 275/439/8 217/440/8 237/456/8
f 218/442/7 276/441/7 256/457/7 238/458/7
f 257/459/8 277/443/8 219/444/8 239/460/8
f 220/448/7 278/447/7 258/461/7 240/462/7
f 259/463/8 279/449/8 221/452/8 241/464/8
f 274/437/9 283/465/9 303/466/9 254/453/9
f 304/467/10 284/468/10 275/439/10 255/455/10
f 276/441/9 285/469/9 305/470/9 256/457/9
f 306/471/10 286/472/10 277/443/10 257/459/10
f 278/447/9 287/473/9 307/474/9 258/461/9
f 308/475/10 288/476/10 279/449/10 259/463/10
f 248/429/9 309/477/9 283/465/9 274/437/9
f 284/468/10 310/478/10 249/431/10 275/439/10
f 250/433/9 311/479/9 285/469/9 276/441/9
f 286/472/10 312/480/10 251/435/10 277/443/10
f 252/446/9 313/481/9 287/473/9 278/447/9
f 288/476/10 314/482/10 253/450/10 279/449/10
f 268/403/9 289/483/9 295/484/9 266/425/9
f 296/485/10 290/486/10 269/405/10 267/427/10
f 270/411/9 291/487/9 309/477/9 248/429/9
f 310/478/10 292/488/10 271/413/10 249/431/10
f 272/419/9 293/489/9 311/479/9 250/433/9
f 312/480/10 294/490/10 273/421/10 251/435/10
f 260/402/9 297/491/9 289/483/9 268/403/9
f 290/486/10 298/492/10 261/406/10 269/405/10
f 262/410/9 299/493/9 291/487/9 270/411/9
f 292/488/10 300/494/10 263/414/10 271/413/10
f 264/418/9 301/495/9 293/489/9 272/419/9
f 294/490/10 302/496/10 265/422/10 273/421/10
f 368/497/3 344/498/3 336/499/3 454/500/3
f 337/501/4 345/502/4 369/503/4 455/504/4
f 370/505/3 346/506/3 338/507/3 456/508/3
f 339/509/4 347/510/4 371/511/4 457/512/4
f 372/513/3 348/514/3 340/515/3 458/516/3
f 341/517/4 349/518/4 373/519/4 459/520/4
f 380/521/3 342/522/3 344/498/3 368/497/3
f 345/502/4 343/523/4 381/524/4 369/503/4
f 466/525/3 324/526/3 346/506/3 370/505/3
f 347/510/4 325/527/4 467/528/4 371/511/4
f 468/529/3 326/530/3 348/514/3 372/513/3
f 349/518/4 327/531/4 469/532/4 373/519/4
f 356/533/3 350/534/3 324/526/3 466/525/3
f 325/527/4 351/535/4 357/536/4 467/528/4
f 358/537/3 352/538/3 326/530/3 468/529/3
f 327/531/4 353/539/4 359/540/4 469/532/4
f 360/541/3 354/542/3 328/543/3 470/544/3
f 329/545/4 355/546/4 361/547/4 471/548/4
f 460/549/3 330/550/3 350/534/3 356/533/3
f 351/535/4 331/551/4 461/552/4 357/536/4
f 462/553/3 332/554/3 352/538/3 358/537/3
f 353/539/4 333/555/4 463/556/4 359/540/4
f 464/557/3 334/558/3 354/542/3 360/541/3
f 355/546/4 335/559/4 465/560/4 361/547/4
f 19/561/2 484/562/2 516/563/2 632/564/2
f 517/565/2 485/566/2 20/567/2 633/568/2
f 23/569/2 488/570/2 520/571/2 636/572/2
f 521/573/2 489/574/2 24/575/2 637/576/2
f 1/577/2 19/561/2 632/564/2 620/578/2
f 633/568/2 20/567/2 2/579/2 621/580/2
f 3/581/2 21/582/2 634/583/2 622/584/2
f 635/585/2 22/586/2 4/587/2 623/588/2
f 5/589/2 23/569/2 636/572/2 624/590/2
f 637/576/2 24/575/2 6/591/2 625/592/2
f 174/593/2 1/577/2 620/578/2 496/594/2
f 621/580/2 2/579/2 175/595/2 497/596/2
f 178/597/2 5/589/2 624/590/2 500/598/2
f 625/592/2 6/591/2 179/599/2 501/600/2
f 496/594/2 502/601/2 180/602/2 174/593/2
f 181/603/2 503/604/2 497/596/2 175/595/2
f 502/601/2 506/605/2 242/606/2 180/602/2
f 243/607/2 507/608/2 503/604/2 181/603/2
f 506/605/2 510/609/2 248/610/2 242/606/2
f 249/611/2 511/612/2 507/608/2 243/607/2
f 510/609/2 556/613/2 309/614/2 248/610/2
f 310/615/2 557/616/2 511/612/2 249/611/2
f 514/617/2 558/618/2 313/619/2 252/620/2
f 314/621/2 559/622/2 515/623/2 253/624/2
f 466/625/2 324/626/2 522/627/2 626/628/2
f 523/629/2 325/630/2 467/631/2 627/632/2
f 470/633/2 328/634/2 526/635/2 630/636/2
f 527/637/2 329/638/2 471/639/2 631/640/2
f 289/483/11 297/491/11 528/641/11 544/642/11
f 529/643/11 298/492/11 290/486/11 545/644/11
f 291/487/11 299/493/11 530/645/11 546/646/11
f 531/647/11 300/494/11 292/488/11 547/648/11
f 293/489/11 301/495/11 532/649/11 548/650/11
f 533/651/11 302/496/11 294/490/11 549/652/11
f 295/484/11 289/483/11 544/642/11 540/653/11
f 545/644/11 290/486/11 296/485/11 541/654/11
f 309/477/11 291/487/11 546/646/11 556/655/11
f 547/648/11 292/488/11 310/478/11 557/656/11
f 311/479/11 293/489/11 548/650/11 542/657/11
f 549/652/11 294/490/11 312/480/11 543/658/11
f 283/465/11 309/477/11 556/655/11 550/659/11
f 557/656/11 310/478/11 284/468/11 551/660/11
f 285/469/11 311/479/11 542/657/11 552/661/11
f 543/658/11 312/480/11 286/472/11 553/662/11
f 287/473/11 313/481/11 558/663/11 554/664/11
f 559/665/11 314/482/11 288/476/11 555/666/11
f 303/466/11 283/465/11 550/659/11 534/667/11
f 551/660/11 284/468/11 304/467/11 535/668/11
f 305/470/11 285/469/11 552/661/11 536/669/11
f 553/662/11 286/472/11 306/471/11 537/670/11
f 307/474/11 287/473/11 554/664/11 538/671/11
f 555/666/11 288/476/11 308/475/11 539/672/11
f 612/673/2 584/674/2 317/675/2 141/676/2
f 317/675/2 585/677/2 613/678/2 141/676/2
f 616/679/2 610/680/2 140/681/2 143/682/2
f 140/681/2 611/683/2 617/684/2 143/682/2
f 618/685/2 612/673/2 141/676/2 144/686/2
f 141/676/2 613/678/2 619/687/2 144/686/2
f 144/686/2 147/688/2 564/689/2 618/685/2
f 565/690/2 147/688/2 144/686/2 619/687/2
f 614/691/2 560/692/2 496/594/2 620/578/2
f 497/596/2 561/693/2 615/694/2 621/580/2
f 616/679/2 562/695/2 498/696/2 622/584/2
f 499/697/2 563/698/2 617/684/2 623/588/2
f 618/685/2 564/689/2 500/598/2 624/590/2
f 501/600/2 565/690/2 619/687/2 625/592/2
f 562/695/2 568/699/2 504/700/2 498/696/2
f 505/701/2 569/702/2 563/698/2 499/697/2
f 214/703/2 280/704/2 574/705/2 570/706/2
f 575/707/2 280/704/2 214/703/2 571/708/2
f 215/709/2 281/710/2 576/711/2 572/712/2
f 577/713/2 281/710/2 215/709/2 573/714/2
f 570/706/2 574/705/2 510/609/2 506/605/2
f 511/612/2 575/707/2 571/708/2 507/608/2
f 572/712/2 576/711/2 512/715/2 508/716/2
f 513/717/2 577/713/2 573/714/2 509/718/2
f 282/719/2 595/720/2 578/721/2
f 579/722/2 595/720/2 282/719/2
f 574/705/2 593/723/2 556/613/2 510/609/2
f 557/616/2 593/723/2 575/707/2 511/612/2
f 576/711/2 594/724/2 542/725/2 512/715/2
f 543/726/2 594/724/2 577/713/2 513/717/2
f 578/721/2 595/720/2 558/618/2 514/617/2
f 559/622/2 595/720/2 579/722/2 515/623/2
f 600/727/2 606/728/2 323/729/2 320/730/2
f 323/729/2 607/731/2 601/732/2 320/730/2
f 544/642/11 528/641/11 586/733/11 493/734/11
f 586/733/11 529/643/11 545/644/11 493/734/11
f 546/646/11 530/645/11 587/735/11 494/736/11
f 587/735/11 531/647/11 547/648/11 494/736/11
f 548/650/11 532/649/11 588/737/11 495/738/11
f 588/737/11 533/651/11 549/652/11 495/738/11
f 540/653/11 544/642/11 493/734/11 589/739/11
f 493/734/11 545/644/11 541/654/11 589/739/11
f 556/655/11 546/646/11 494/736/11 593/740/11
f 494/736/11 547/648/11 557/656/11 593/740/11
f 542/657/11 548/650/11 495/738/11 594/741/11
f 495/738/11 549/652/11 543/658/11 594/741/11
f 550/659/11 556/655/11 593/740/11 590/742/11
f 593/740/11 557/656/11 551/660/11 590/742/11
f 552/661/11 542/657/11 594/741/11 591/743/11
f 594/741/11 543/658/11 553/662/11 591/743/11
f 554/664/11 558/663/11 595/744/11 592/745/11
f 595/744/11 559/665/11 555/666/11 592/745/11
f 534/667/11 550/659/11 590/742/11 490/746/11
f 590/742/11 551/660/11 535/668/11 490/746/11
f 536/669/11 552/661/11 591/743/11 491/747/11
f 591/743/11 553/662/11 537/670/11 491/747/11
f 538/671/11 554/664/11 592/745/11 492/748/11
f 592/745/11 555/666/11 539/672/11 492/748/11
f 626/628/2 522/627/2 602/749/2 596/750/2
f 603/751/2 523/629/2 627/632/2 597/752/2
f 630/636/2 526/635/2 606/728/2 600/727/2
f 607/731/2 527/637/2 631/640/2 601/732/2
f 622/584/2 634/583/2 610/680/2 616/679/2
f 611/683/2 635/585/2 623/588/2 617/684/2
f 624/590/2 636/572/2 612/673/2 618/685/2
f 613/678/2 637/576/2 625/592/2 619/687/2
f 632/564/2 516/563/2 580/753/2 608/754/2
f 581/755/2 517/565/2 633/568/2 609/756/2
f 634/757/1 610/758/1 582/759/1 518/760/1
f 583/761/1 611/762/1 635/763/1 519/764/1
f 620/765/1 614/766/1 608/767/1 632/768/1
f 609/769/1 615/770/1 621/771/1 633/772/1
f 628/773/1 598/774/1 604/775/1 524/776/1
f 605/777/1 599/778/1 629/779/1 525/780/1
f 596/781/1 318/782/1 321/783/1 602/784/1
f 321/783/1 318/782/1 597/785/1 603/786/1
f 598/774/1 319/787/1 322/788/1 604/775/1
f 322/788/1 319/787/1 599/778/1 605/777/1
f 280/789/1 574/790/1 593/791/1
f 593/791/1 575/792/1 280/789/1
f 281/793/1 576/794/1 594/795/1
f 594/795/1 577/796/1 281/793/1
f 566/797/1 502/798/1 506/799/1 570/800/1
f 507/801/1 503/802/1 567/803/1 571/804/1
f 568/805/1 504/806/1 508/807/1 572/808/1
f 509/809/1 505/810/1 569/811/1 573/812/1
f 212/813/1 566/797/1 570/800/1 214/814/1
f 571/804/1 567/803/1 212/813/1 214/814/1
f 213/815/1 568/805/1 572/808/1 215/816/1
f 573/812/1 569/811/1 213/815/1 215/816/1
f 560/817/1 496/818/1 502/798/1 566/797/1
f 503/802/1 497/819/1 561/820/1 567/803/1
f 145/821/1 560/817/1 566/797/1 212/813/1
f 567/803/1 561/820/1 145/821/1 212/813/1
f 146/822/1 562/823/1 568/805/1 213/815/1
f 569/811/1 563/824/1 146/822/1 213/815/1
f 142/825/1 614/766/1 560/817/1 145/821/1
f 561/820/1 615/770/1 142/825/1 145/821/1
f 143/826/1 616/827/1 562/823/1 146/822/1
f 563/824/1 617/828/1 143/826/1 146/822/1
f 614/766/1 142/825/1 139/829/1 608/767/1
f 139/829/1 142/825/1 615/770/1 609/769/1
f 608/767/1 139/829/1 315/830/1 580/831/1
f 315/830/1 139/829/1 609/769/1 581/832/1
f 610/758/1 140/833/1 316/834/1 582/759/1
f 316/834/1 140/833/1 611/762/1 583/761/1
f 468/835/1 628/773/1 524/776/1 326/836/1
f 525/780/1 629/779/1 469/837/1 327/838/1
f 512/839/1 250/840/1 311/841/1 542/842/1
f 312/843/1 251/844/1 513/845/1 543/846/1
f 508/807/1 244/847/1 250/840/1 512/839/1
f 251/844/1 245/848/1 509/809/1 513/845/1
f 504/806/1 182/849/1 244/847/1 508/807/1
f 245/848/1 183/850/1 505/810/1 509/809/1
f 498/851/1 176/852/1 182/849/1 504/806/1
f 183/850/1 177/853/1 499/854/1 505/810/1
f 622/855/1 3/856/1 176/852/1 498/851/1
f 177/853/1 4/857/1 623/858/1 499/854/1
f 21/859/1 634/757/1 518/760/1 486/860/1
f 519/764/1 635/763/1 22/861/1 487/862/1
f 73/863/11 37/864/11 661/865/11 679/866/11
f 662/867/11 38/868/11 74/869/11 680/870/11
f 75/871/11 39/872/11 663/873/11 681/874/11
f 664/875/11 40/876/11 76/877/11 682/878/11
f 77/879/11 41/880/11 665/881/11 683/882/11
f 666/883/11 42/884/11 78/885/11 684/886/11
f 679/866/11 661/865/11 667/887/11 685/888/11
f 668/889/11 662/867/11 680/870/11 686/890/11
f 681/874/11 663/873/11 669/891/11 687/892/11
f 670/893/11 664/875/11 682/878/11 688/894/11
f 683/882/11 665/881/11 671/895/11 689/896/11
f 672/897/11 666/883/11 684/886/11 690/898/11
f 685/888/11 667/887/11 673/899/11 691/900/11
f 674/901/11 668/889/11 686/890/11 692/902/11
f 687/892/11 669/891/11 675/903/11 693/904/11
f 676/905/11 670/893/11 688/894/11 694/906/11
f 689/896/11 671/895/11 677/907/11 695/908/11
f 678/909/11 672/897/11 690/898/11 696/910/11
f 691/900/11 673/899/11 43/911/11 79/912/11
f 44/913/11 674/901/11 692/902/11 80/914/11
f 693/904/11 675/903/11 45/915/11 81/916/11
f 46/917/11 676/905/11 694/906/11 82/918/11
f 695/908/11 677/907/11 47/919/11 83/920/11
f 48/921/11 678/909/11 696/910/11 84/922/11
f 91/923/12 31/924/12 655/925/12 709/926/12
f 656/927/12 32/928/12 92/929/12 710/930/12
f 93/931/12 33/932/12 657/933/12 711/934/12
f 658/935/12 34/936/12 94/937/12 712/938/12
f 95/939/12 35/940/12 659/941/12 713/942/12
f 660/943/12 36/944/12 96/945/12 714/946/12
f 709/926/12 655/925/12 649/947/12 703/948/12
f 650/949/12 656/927/12 710/930/12 704/950/12
f 711/934/12 657/933/12 651/951/12 705/952/12
f 652/953/12 658/935/12 712/938/12 706/954/12
f 713/942/12 659/941/12 653/955/12 707/956/12
f 654/957/12 660/943/12 714/946/12 708/958/12
f 703/948/12 649/947/12 643/959/12 697/960/12
f 644/961/12 650/949/12 704/950/12 698/962/12
f 705/952/12 651/951/12 645/963/12 699/964/12
f 646/965/12 652/953/12 706/954/12 700/966/12
f 707/956/12 653/955/12 647/967/12 701/968/12
f 648/969/12 654/957/12 708/958/12 702/970/12
f 697/960/12 643/959/12 25/971/12 85/972/12
f 26/973/12 644/961/12 698/962/12 86/974/12
f 699/964/12 645/963/12 27/975/12 87/976/12
f 28/977/12 646/965/12 700/966/12 88/978/12
f 701/968/12 647/967/12 29/979/12 89/980/12
f 30/981/12 648/969/12 702/970/12 90/982/12
f 79/123/3 91/122/3 709/983/3 691/984/3
f 710/985/4 92/126/4 80/125/4 692/986/4
f 81/131/3 93/130/3 711/987/3 693/988/3
f 712/989/4 94/134/4 82/133/4 694/990/4
f 83/139/3 95/138/3 713/991/3 695/992/3
f 714/993/4 96/142/4 84/141/4 696/994/4
f 691/984/3 709/983/3 703/995/3 685/996/3
f 704/997/4 710/985/4 692/986/4 686/998/4
f 693/988/3 711/987/3 705/999/3 687/1000/3
f 706/1001/4 712/989/4 694/990/4 688/1002/4
f 695/992/3 713/991/3 707/1003/3 689/1004/3
f 708/1005/4 714/993/4 696/994/4 690/1006/4
f 685/996/3 703/995/3 697/1007/3 679/1008/3
f 698/1009/4 704/997/4 686/998/4 680/1010/4
f 687/1000/3 705/999/3 699/1011/3 681/1012/3
f 700/1013/4 706/1001/4 688/1002/4 682/1014/4
f 689/1004/3 707/1003/3 701/1015/3 683/1016/3
f 702/1017/4 708/1005/4 690/1006/4 684/1018/4
f 679/1008/3 697/1007/3 85/97/3 73/100/3
f 86/103/4 698/1009/4 680/1010/4 74/104/4
f 681/1012/3 699/1011/3 87/105/3 75/108/3
f 88/111/4 700/1013/4 682/1014/4 76/112/4
f 683/1016/3 701/1015/3 89/113/3 77/116/3
f 90/119/4 702/1017/4 684/1018/4 78/120/4
f 31/169/3 472/235/3 769/1019/3 655/1020/3
f 770/1021/4 473/236/4 32/172/4 656/1022/4
f 33/173/3 474/237/3 771/1023/3 657/1024/3
f 772/1025/4 475/238/4 34/176/4 658/1026/4
f 35/177/3 476/239/3 773/1027/3 659/1028/3
f 774/1029/4 477/240/4 36/180/4 660/1030/4
f 655/1020/3 769/1019/3 775/1031/3 649/1032/3
f 776/1033/4 770/1021/4 656/1022/4 650/1034/4
f 657/1024/3 771/1023/3 777/1035/3 651/1036/3
f 778/1037/4 772/1025/4 658/1026/4 652/1038/4
f 659/1028/3 773/1027/3 779/1039/3 653/1040/3
f 780/1041/4 774/1029/4 660/1030/4 654/1042/4
f 649/1032/3 775/1031/3 781/1043/3 643/1044/3
f 782/1045/4 776/1033/4 650/1034/4 644/1046/4
f 651/1036/3 777/1035/3 783/1047/3 645/1048/3
f 784/1049/4 778/1037/4 652/1038/4 646/1050/4
f 653/1040/3 779/1039/3 785/1051/3 647/1052/3
f 786/1053/4 780/1041/4 654/1042/4 648/1054/4
f 643/1044/3 781/1043/3 478/209/3 25/181/3
f 479/212/4 782/1045/4 644/1046/4 26/187/4
f 645/1048/3 783/1047/3 480/213/3 27/189/3
f 481/216/4 784/1049/4 646/1050/4 28/195/4
f 647/1052/3 785/1051/3 482/217/3 29/197/3
f 483/220/4 786/1053/4 648/1054/4 30/203/4
f 418/1055/3 382/1056/3 715/1057/3 733/1058/3
f 716/1059/4 383/1060/4 419/1061/4 734/1062/4
f 420/1063/3 384/1064/3 717/1065/3 735/1066/3
f 718/1067/4 385/1068/4 421/1069/4 736/1070/4
f 422/1071/3 386/1072/3 719/1073/3 737/1074/3
f 720/1075/4 387/1076/4 423/1077/4 738/1078/4
f 733/1058/3 715/1057/3 721/1079/3 739/1080/3
f 722/1081/4 716/1059/4 734/1062/4 740/1082/4
f 735/1066/3 717/1065/3 723/1083/3 741/1084/3
f 724/1085/4 718/1067/4 736/1070/4 742/1086/4
f 737/1074/3 719/1073/3 725/1087/3 743/1088/3
f 726/1089/4 720/1075/4 738/1078/4 744/1090/4
f 739/1080/3 721/1079/3 727/1091/3 745/1092/3
f 728/1093/4 722/1081/4 740/1082/4 746/1094/4
f 741/1084/3 723/1083/3 729/1095/3 747/1096/3
f 730/1097/4 724/1085/4 742/1086/4 748/1098/4
f 743/1088/3 725/1087/3 731/1099/3 749/1100/3
f 732/1101/4 726/1089/4 744/1090/4 750/1102/4
f 745/1092/3 727/1091/3 388/1103/3 424/1104/3
f 389/1105/4 728/1093/4 746/1094/4 425/1106/4
f 747/1096/3 729/1095/3 390/1107/3 426/1108/3
f 391/1109/4 730/1097/4 748/1098/4 427/1110/4
f 749/1100/3 731/1099/3 392/1111/3 428/1112/3
f 393/1113/4 732/1101/4 750/1102/4 429/1114/4
f 382/1115/13 478/1116/13 781/1117/13 715/1118/13
f 782/1119/13 479/1120/13 383/1121/13 716/1122/13
f 384/1123/13 480/1124/13 783/1125/13 717/1126/13
f 784/1127/13 481/1128/13 385/1129/13 718/1130/13
f 386/1131/13 482/1132/13 785/1133/13 719/1134/13
f 786/1135/13 483/1136/13 387/1137/13 720/1138/13
f 715/1118/14 781/1117/14 775/1139/14 721/1140/14
f 776/1141/14 782/1119/14 716/1122/14 722/1142/14
f 717/1126/14 783/1125/14 777/1143/14 723/1144/14
f 778/1145/14 784/1127/14 718/1130/14 724/1146/14
f 719/1134/14 785/1133/14 779/1147/14 725/1148/14
f 780/1149/14 786/1135/14 720/1138/14 726/1150/14
f 721/1140/15 775/1139/15 769/1151/15 727/1152/15
f 770/1153/15 776/1141/15 722/1142/15 728/1154/15
f 723/1144/15 777/1143/15 771/1155/15 729/1156/15
f 772/1157/15 778/1145/15 724/1146/15 730/1158/15
f 725/1148/15 779/1147/15 773/1159/15 731/1160/15
f 774/1161/15 780/1149/15 726/1150/15 732/1162/15
f 727/1152/16 769/1151/16 472/1163/16 388/1164/16
f 473/1165/16 770/1153/16 728/1154/16 389/1166/16
f 729/1156/16 771/1155/16 474/1167/16 390/1168/16
f 475/1169/16 772/1157/16 730/1158/16 391/1170/16
f 731/1160/16 773/1159/16 476/1171/16 392/1172/16
f 477/1173/16 774/1161/16 732/1162/16 393/1174/16
f 424/1175/17 436/1176/17 763/1177/17 745/1178/17
f 764/1179/17 437/1180/17 425/1181/17 746/1182/17
f 426/1183/17 438/1184/17 765/1185/17 747/1186/17
f 766/1187/17 439/1188/17 427/1189/17 748/1190/17
f 428/1191/17 440/1192/17 767/1193/17 749/1194/17
f 768/1195/17 441/1196/17 429/1197/17 750/1198/17
f 745/1178/18 763/1177/18 757/1199/18 739/1200/18
f 758/1201/18 764/1179/18 746/1182/18 740/1202/18
f 747/1186/18 765/1185/18 759/1203/18 741/1204/18
f 760/1205/18 766/1187/18 748/1190/18 742/1206/18
f 749/1194/18 767/1193/18 761/1207/18 743/1208/18
f 762/1209/18 768/1195/18 750/1198/18 744/1210/18
f 739/1200/19 757/1199/19 751/1211/19 733/1212/19
f 752/1213/19 758/1201/19 740/1202/19 734/1214/19
f 741/1204/19 759/1203/19 753/1215/19 735/1216/19
f 754/1217/19 760/1205/19 742/1206/19 736/1218/19
f 743/1208/19 761/1207/19 755/1219/19 737/1220/19
f 756/1221/19 762/1209/19 744/1210/19 738/1222/19
f 733/1212/20 751/1211/20 430/1223/20 418/1224/20
f 431/1225/20 752/1213/20 734/1214/20 419/1226/20
f 735/1216/20 753/1215/20 432/1227/20 420/1228/20
f 433/1229/20 754/1217/20 736/1218/20 421/1230/20
f 737/1220/20 755/1219/20 434/1231/20 422/1232/20
f 435/1233/20 756/1221/20 738/1222/20 423/1234/20
f 368/497/3 454/500/3 859/1235/3 787/1236/3
f 860/1237/4 455/504/4 369/503/4 788/1238/4
f 370/505/3 456/508/3 861/1239/3 789/1240/3
f 862/1241/4 457/512/4 371/511/4 790/1242/4
f 372/513/3 458/516/3 863/1243/3 791/1244/3
f 864/1245/4 459/520/4 373/519/4 792/1246/4
f 787/1236/3 859/1235/3 865/1247/3 793/1248/3
f 866/1249/4 860/1237/4 788/1238/4 794/1250/4
f 789/1240/3 861/1239/3 867/1251/3 795/1252/3
f 868/1253/4 862/1241/4 790/1242/4 796/1254/4
f 791/1244/3 863/1243/3 869/1255/3 797/1256/3
f 870/1257/4 864/1245/4 792/1246/4 798/1258/4
f 793/1248/3 865/1247/3 871/1259/3 799/1260/3
f 872/1261/4 866/1249/4 794/1250/4 800/1262/4
f 795/1252/3 867/1251/3 873/1263/3 801/1264/3
f 874/1265/4 868/1253/4 796/1254/4 802/1266/4
f 797/1256/3 869/1255/3 875/1267/3 803/1268/3
f 876/1269/4 870/1257/4 798/1258/4 804/1270/4
f 799/1260/3 871/1259/3 472/235/3 374/228/3
f 473/236/4 872/1261/4 800/1262/4 375/229/4
f 801/1264/3 873/1263/3 474/237/3 376/231/3
f 475/238/4 874/1265/4 802/1266/4 377/232/4
f 803/1268/3 875/1267/3 476/239/3 378/233/3
f 477/240/4 876/1269/4 804/1270/4 379/234/4
f 380/521/3 368/497/3 787/1236/3 881/1271/3
f 788/1238/4 369/503/4 381/524/4 882/1272/4
f 466/525/3 370/505/3 789/1240/3 982/1273/3
f 790/1242/4 371/511/4 467/528/4 983/1274/4
f 468/529/3 372/513/3 791/1244/3 984/1275/3
f 792/1246/4 373/519/4 469/532/4 985/1276/4
f 881/1271/3 787/1236/3 793/1248/3 879/1277/3
f 794/1250/4 788/1238/4 882/1272/4 880/1278/4
f 982/1273/3 789/1240/3 795/1252/3 988/1279/3
f 796/1254/4 790/1242/4 983/1274/4 989/1280/4
f 984/1275/3 791/1244/3 797/1256/3 990/1281/3
f 798/1258/4 792/1246/4 985/1276/4 991/1282/4
f 879/1277/3 793/1248/3 799/1260/3 877/1283/3
f 800/1262/4 794/1250/4 880/1278/4 878/1284/4
f 988/1279/3 795/1252/3 801/1264/3 994/1285/3
f 802/1266/4 796/1254/4 989/1280/4 995/1286/4
f 990/1281/3 797/1256/3 803/1268/3 996/1287/3
f 804/1270/4 798/1258/4 991/1282/4 997/1288/4
f 877/1283/3 799/1260/3 374/228/3 137/227/3
f 375/229/4 800/1262/4 878/1284/4 138/230/4
f 994/1285/3 801/1264/3 376/231/3 484/221/3
f 377/232/4 802/1266/4 995/1286/4 485/222/4
f 996/1287/3 803/1268/3 378/233/3 486/223/3
f 379/234/4 804/1270/4 997/1288/4 487/224/4
f 424/1104/3 388/1103/3 805/1289/3 835/1290/3
f 806/1291/4 389/1105/4 425/1106/4 836/1292/4
f 426/1108/3 390/1107/3 807/1293/3 837/1294/3
f 808/1295/4 391/1109/4 427/1110/4 838/1296/4
f 428/1112/3 392/1111/3 809/1297/3 839/1298/3
f 810/1299/4 393/1113/4 429/1114/4 840/1300/4
f 835/1290/3 805/1289/3 811/1301/3 829/1302/3
f 812/1303/4 806/1291/4 836/1292/4 830/1304/4
f 837/1294/3 807/1293/3 813/1305/3 831/1306/3
f 814/1307/4 808/1295/4 838/1296/4 832/1308/4
f 839/1298/3 809/1297/3 815/1309/3 833/1310/3
f 816/1311/4 810/1299/4 840/1300/4 834/1312/4
f 829/1302/3 811/1301/3 817/1313/3 823/1314/3
f 818/1315/4 812/1303/4 830/1304/4 824/1316/4
f 831/1306/3 813/1305/3 819/1317/3 825/1318/3
f 820/1319/4 814/1307/4 832/1308/4 826/1320/4
f 833/1310/3 815/1309/3 821/1321/3 827/1322/3
f 822/1323/4 816/1311/4 834/1312/4 828/1324/4
f 823/1314/3 817/1313/3 394/1325/3 406/1326/3
f 395/1327/4 818/1315/4 824/1316/4 407/1328/4
f 825/1318/3 819/1317/3 396/1329/3 408/1330/3
f 397/1331/4 820/1319/4 826/1320/4 409/1332/4
f 827/1322/3 821/1321/3 398/1333/3 410/1334/3
f 399/1335/4 822/1323/4 828/1324/4 411/1336/4
f 388/1164/21 472/1163/21 871/1337/21 805/1338/21
f 872/1339/21 473/1165/21 389/1166/21 806/1340/21
f 390/1168/21 474/1167/21 873/1341/21 807/1342/21
f 874/1343/21 475/1169/21 391/1170/21 808/1344/21
f 392/1172/21 476/1171/21 875/1345/21 809/1346/21
f 876/1347/21 477/1173/21 393/1174/21 810/1348/21
f 805/1349/22 871/1350/22 865/1351/22 811/1352/22
f 866/1353/22 872/1354/22 806/1355/22 812/1356/22
f 807/1357/22 873/1358/22 867/1359/22 813/1360/22
f 868/1361/22 874/1362/22 808/1363/22 814/1364/22
f 809/1365/22 875/1366/22 869/1367/22 815/1368/22
f 870/1369/22 876/1370/22 810/1371/22 816/1372/22
f 811/1352/23 865/1351/23 859/1373/23 817/1374/23
f 860/1375/23 866/1353/23 812/1356/23 818/1376/23
f 813/1360/23 867/1359/23 861/1377/23 819/1378/23
f 862/1379/23 868/1361/23 814/1364/23 820/1380/23
f 815/1368/23 869/1367/23 863/1381/23 821/1382/23
f 864/1383/23 870/1369/23 816/1372/23 822/1384/23
f 817/1385/24 859/1386/24 454/1387/24 394/1388/24
f 455/1389/24 860/1390/24 818/1391/24 395/1392/24
f 819/1393/24 861/1394/24 456/1395/24 396/1396/24
f 457/1397/24 862/1398/24 820/1399/24 397/1400/24
f 821/1401/24 863/1402/24 458/1403/24 398/1404/24
f 459/1405/24 864/1406/24 822/1407/24 399/1408/24
f 406/1409/25 442/1410/25 853/1411/25 823/1412/25
f 854/1413/25 443/1414/25 407/1415/25 824/1416/25
f 408/1417/25 444/1418/25 855/1419/25 825/1420/25
f 856/1421/25 445/1422/25 409/1423/25 826/1424/25
f 410/1425/26 446/1426/26 857/1427/26 827/1428/26
f 858/1429/26 447/1430/26 411/1431/26 828/1432/26
f 823/1433/27 853/1434/27 847/1435/27 829/1436/27
f 848/1437/27 854/1438/27 824/1439/27 830/1440/27
f 825/1441/27 855/1442/27 849/1443/27 831/1444/27
f 850/1445/27 856/1446/27 826/1447/27 832/1448/27
f 827/1449/27 857/1450/27 851/1451/27 833/1452/27
f 852/1453/27 858/1454/27 828/1455/27 834/1456/27
f 829/1436/28 847/1435/28 841/1457/28 835/1458/28
f 842/1459/28 848/1437/28 830/1440/28 836/1460/28
f 831/1444/28 849/1443/28 843/1461/28 837/1462/28
f 844/1463/28 850/1445/28 832/1448/28 838/1464/28
f 833/1452/28 851/1451/28 845/1465/28 839/1466/28
f 846/1467/28 852/1453/28 834/1456/28 840/1468/28
f 835/1469/29 841/1470/29 436/1176/29 424/1175/29
f 437/1180/29 842/1471/29 836/1472/29 425/1181/29
f 837/1473/29 843/1474/29 438/1184/29 426/1183/29
f 439/1188/29 844/1475/29 838/1476/29 427/1189/29
f 839/1477/29 845/1478/29 440/1192/29 428/1191/29
f 441/1196/29 846/1479/29 840/1480/29 429/1197/29
f 580/831/1 1018/1481/1 1000/1482/1 516/1483/1
f 1001/1484/1 1019/1485/1 581/832/1 517/1486/1
f 1020/1487/1 1026/1488/1 1008/1489/1 1002/1490/1
f 1009/1491/1 1027/1492/1 1021/1493/1 1003/1494/1
f 1026/1488/1 1032/1495/1 1014/1496/1 1008/1489/1
f 1015/1497/1 1033/1498/1 1027/1492/1 1009/1491/1
f 1032/1495/1 598/774/1 628/773/1 1014/1496/1
f 629/779/1 599/778/1 1033/1498/1 1015/1497/1
f 315/830/1 883/1499/1 1018/1481/1 580/831/1
f 1019/1485/1 883/1499/1 315/830/1 581/832/1
f 316/834/1 884/1500/1 1020/1487/1 582/759/1
f 1021/1493/1 884/1500/1 316/834/1 583/761/1
f 883/1499/1 886/1501/1 1024/1502/1 1018/1481/1
f 1025/1503/1 886/1501/1 883/1499/1 1019/1485/1
f 884/1500/1 887/1504/1 1026/1488/1 1020/1487/1
f 1027/1492/1 887/1504/1 884/1500/1 1021/1493/1
f 890/1505/1 319/787/1 598/774/1 1032/1495/1
f 599/778/1 319/787/1 890/1505/1 1033/1498/1
f 516/1483/1 1000/1482/1 994/1506/1 484/1507/1
f 995/1508/1 1001/1484/1 517/1486/1 485/1509/1
f 1000/1482/1 1006/1510/1 988/1511/1 994/1506/1
f 989/1512/1 1007/1513/1 1001/1484/1 995/1508/1
f 1002/1490/1 1008/1489/1 990/1514/1 996/1515/1
f 991/1516/1 1009/1491/1 1003/1494/1 997/1517/1
f 1014/1496/1 628/773/1 468/835/1 984/1518/1
f 469/837/1 629/779/1 1015/1497/1 985/1519/1
f 484/221/3 362/210/3 904/1520/3 994/1285/3
f 905/1521/4 363/211/4 485/222/4 995/1286/4
f 486/223/3 364/214/3 906/1522/3 996/1287/3
f 907/1523/4 365/215/4 487/224/4 997/1288/4
f 488/225/3 366/218/3 908/1524/3 998/1525/3
f 909/1526/4 367/219/4 489/226/4 999/1527/4
f 994/1285/3 904/1520/3 898/1528/3 988/1279/3
f 899/1529/4 905/1521/4 995/1286/4 989/1280/4
f 996/1287/3 906/1522/3 900/1530/3 990/1281/3
f 901/1531/4 907/1523/4 997/1288/4 991/1282/4
f 998/1525/3 908/1524/3 902/1532/3 992/1533/3
f 903/1534/4 909/1526/4 999/1527/4 993/1535/4
f 988/1279/3 898/1528/3 892/1536/3 982/1273/3
f 893/1537/4 899/1529/4 989/1280/4 983/1274/4
f 990/1281/3 900/1530/3 894/1538/3 984/1275/3
f 895/1539/4 901/1531/4 991/1282/4 985/1276/4
f 992/1533/3 902/1532/3 896/1540/3 986/1541/3
f 897/1542/4 903/1534/4 993/1535/4 987/1543/4
f 982/1273/3 892/1536/3 356/533/3 466/525/3
f 357/536/4 893/1537/4 983/1274/4 467/528/4
f 984/1275/3 894/1538/3 358/537/3 468/529/3
f 359/540/4 895/1539/4 985/1276/4 469/532/4
f 986/1541/3 896/1540/3 360/541/3 470/544/3
f 361/547/4 897/1542/4 987/1543/4 471/548/4
f 460/549/3 356/533/3 892/1536/3 964/1544/3
f 893/1537/4 357/536/4 461/552/4 965/1545/4
f 462/553/3 358/537/3 894/1538/3 966/1546/3
f 895/1539/4 359/540/4 463/556/4 967/1547/4
f 464/557/3 360/541/3 896/1540/3 968/1548/3
f 897/1542/4 361/547/4 465/560/4 969/1549/4
f 964/1544/3 892/1536/3 898/1528/3 970/1550/3
f 899/1529/4 893/1537/4 965/1545/4 971/1551/4
f 966/1546/3 894/1538/3 900/1530/3 972/1552/3
f 901/1531/4 895/1539/4 967/1547/4 973/1553/4
f 968/1548/3 896/1540/3 902/1532/3 974/1554/3
f 903/1534/4 897/1542/4 969/1549/4 975/1555/4
f 970/1550/3 898/1528/3 904/1520/3 976/1556/3
f 905/1521/4 899/1529/4 971/1551/4 977/1557/4
f 972/1552/3 900/1530/3 906/1522/3 978/1558/3
f 907/1523/4 901/1531/4 973/1553/4 979/1559/4
f 974/1554/3 902/1532/3 908/1524/3 980/1560/3
f 909/1526/4 903/1534/4 975/1555/4 981/1561/4
f 976/1556/3 904/1520/3 362/210/3 478/209/3
f 363/211/4 905/1521/4 977/1557/4 479/212/4
f 978/1558/3 906/1522/3 364/214/3 480/213/3
f 365/215/4 907/1523/4 979/1559/4 481/216/4
f 980/1560/3 908/1524/3 366/218/3 482/217/3
f 367/219/4 909/1526/4 981/1561/4 483/220/4
f 412/1562/3 400/1563/3 922/1564/3 928/1565/3
f 923/1566/4 401/1567/4 413/1568/4 929/1569/4
f 414/1570/3 402/1571/3 924/1572/3 930/1573/3
f 925/1574/4 403/1575/4 415/1576/4 931/1577/4
f 416/1578/3 404/1579/3 926/1580/3 932/1581/3
f 927/1582/4 405/1583/4 417/1584/4 933/1585/4
f 928/1565/3 922/1564/3 916/1586/3 934/1587/3
f 917/1588/4 923/1566/4 929/1569/4 935/1589/4
f 930/1573/3 924/1572/3 918/1590/3 936/1591/3
f 919/1592/4 925/1574/4 931/1577/4 937/1593/4
f 932/1581/3 926/1580/3 920/1594/3 938/1595/3
f 921/1596/4 927/1582/4 933/1585/4 939/1597/4
f 934/1587/3 916/1586/3 910/1598/3 940/1599/3
f 911/1600/4 917/1588/4 935/1589/4 941/1601/4
f 936/1591/3 918/1590/3 912/1602/3 942/1603/3
f 913/1604/4 919/1592/4 937/1593/4 943/1605/4
f 938/1595/3 920/1594/3 914/1606/3 944/1607/3
f 915/1608/4 921/1596/4 939/1597/4 945/1609/4
f 940/1599/3 910/1598/3 382/1056/3 418/1055/3
f 383/1060/4 911/1600/4 941/1601/4 419/1061/4
f 942/1603/3 912/1602/3 384/1064/3 420/1063/3
f 385/1068/4 913/1604/4 943/1605/4 421/1069/4
f 944/1607/3 914/1606/3 386/1072/3 422/1071/3
f 387/1076/4 915/1608/4 945/1609/4 423/1077/4
f 400/1610/30 460/1611/30 964/1612/30 922/1613/30
f 965/1614/30 461/1615/30 401/1616/30 923/1617/30
f 402/1618/30 462/1619/30 966/1620/30 924/1621/30
f 967/1622/30 463/1623/30 403/1624/30 925/1625/30
f 404/1626/30 464/1627/30 968/1628/30 926/1629/30
f 969/1630/30 465/1631/30 405/1632/30 927/1633/30
f 922/1634/31 964/1635/31 970/1636/31 916/1637/31
f 971/1638/31 965/1639/31 923/1640/31 917/1641/31
f 924/1642/31 966/1643/31 972/1644/31 918/1645/31
f 973/1646/31 967/1647/31 925/1648/31 919/1649/31
f 926/1650/31 968/1651/31 974/1652/31 920/1653/31
f 975/1654/31 969/1655/31 927/1656/31 921/1657/31
f 916/1637/32 970/1636/32 976/1658/32 910/1659/32
f 977/1660/32 971/1638/32 917/1641/32 911/1661/32
f 918/1645/32 972/1644/32 978/1662/32 912/1663/32
f 979/1664/32 973/1646/32 919/1649/32 913/1665/32
f 920/1653/32 974/1652/32 980/1666/32 914/1667/32
f 981/1668/32 975/1654/32 921/1657/32 915/1669/32
f 910/1670/33 976/1671/33 478/1116/33 382/1115/33
f 479/1120/33 977/1672/33 911/1673/33 383/1121/33
f 912/1674/33 978/1675/33 480/1124/33 384/1123/33
f 481/1128/33 979/1676/33 913/1677/33 385/1129/33
f 914/1678/33 980/1679/33 482/1132/33 386/1131/33
f 483/1136/33 981/1680/33 915/1681/33 387/1137/33
f 418/1682/34 430/1683/34 946/1684/34 940/1685/34
f 947/1686/34 431/1687/34 419/1688/34 941/1689/34
f 420/1690/34 432/1691/34 948/1692/34 942/1693/34
f 949/1694/34 433/1695/34 421/1696/34 943/1697/34
f 422/1698/34 434/1699/34 950/1700/34 944/1701/34
f 951/1702/34 435/1703/34 423/1704/34 945/1705/34
f 940/1685/35 946/1684/35 952/1706/35 934/1707/35
f 953/1708/35 947/1686/35 941/1689/35 935/1709/35
f 942/1693/35 948/1692/35 954/1710/35 936/1711/35
f 955/1712/35 949/1694/35 943/1697/35 937/1713/35
f 944/1701/35 950/1700/35 956/1714/35 938/1715/35
f 957/1716/35 951/1702/35 945/1705/35 939/1717/35
f 934/1707/36 952/1706/36 958/1718/36 928/1719/36
f 959/1720/36 953/1708/36 935/1709/36 929/1721/36
f 936/1711/36 954/1710/36 960/1722/36 930/1723/36
f 961/1724/36 955/1712/36 937/1713/36 931/1725/36
f 938/1715/36 956/1714/36 962/1726/36 932/1727/36
f 963/1728/36 957/1716/36 939/1717/36 933/1729/36
f 928/1730/37 958/1731/37 448/1732/37 412/1733/37
f 449/1734/37 959/1735/37 929/1736/37 413/1737/37
f 930/1738/37 960/1739/37 450/1740/37 414/1741/37
f 451/1742/37 961/1743/37 931/1744/37 415/1745/37
f 932/1746/37 962/1747/37 452/1748/37 416/1749/37
f 453/1750/37 963/1751/37 933/1752/37 417/1753/37
f 518/1754/2 486/1755/2 996/1756/2 1002/1757/2
f 997/1758/2 487/1759/2 519/1760/2 1003/1761/2
f 520/571/2 488/570/2 998/1762/2 1004/1763/2
f 999/1764/2 489/574/2 521/573/2 1005/1765/2
f 1004/1763/2 998/1762/2 992/1766/2 1010/1767/2
f 993/1768/2 999/1764/2 1005/1765/2 1011/1769/2
f 1006/1770/2 988/1771/2 982/1772/2 1012/1773/2
f 983/1774/2 989/1775/2 1007/1776/2 1013/1777/2
f 1008/1778/2 990/1779/2 984/1780/2 1014/1781/2
f 985/1782/2 991/1783/2 1009/1784/2 1015/1785/2
f 1010/1767/2 992/1766/2 986/1786/2 1016/1787/2
f 987/1788/2 993/1768/2 1011/1769/2 1017/1789/2
f 1012/1773/2 982/1772/2 466/625/2 626/628/2
f 467/631/2 983/1774/2 1013/1777/2 627/632/2
f 1016/1787/2 986/1786/2 470/633/2 630/636/2
f 471/639/2 987/1788/2 1017/1789/2 631/640/2
f 317/675/2 584/674/2 1022/1790/2 885/1791/2
f 1023/1792/2 585/677/2 317/675/2 885/1791/2
f 885/1791/2 1022/1790/2 1028/1793/2 888/1794/2
f 1029/1795/2 1023/1792/2 885/1791/2 888/1794/2
f 886/1796/2 1024/1797/2 1030/1798/2 889/1799/2
f 1031/1800/2 1025/1801/2 886/1796/2 889/1799/2
f 887/1802/2 1026/1803/2 1032/1804/2 890/1805/2
f 1033/1806/2 1027/1807/2 887/1802/2 890/1805/2
f 888/1794/2 1028/1793/2 1034/1808/2 891/1809/2
f 1035/1810/2 1029/1795/2 888/1794/2 891/1809/2
f 889/1799/2 1030/1798/2 596/750/2 318/1811/2
f 597/752/2 1031/1800/2 889/1799/2 318/1811/2
f 891/1809/2 1034/1808/2 600/727/2 320/730/2
f 601/732/2 1035/1810/2 891/1809/2 320/730/2
f 582/1812/2 518/1754/2 1002/1757/2 1020/1813/2
f 1003/1761/2 519/1760/2 583/1814/2 1021/1815/2
f 584/674/2 520/571/2 1004/1763/2 1022/1790/2
f 1005/1765/2 521/573/2 585/677/2 1023/1792/2
f 1018/1816/2 1000/1817/2 1006/1770/2 1024/1797/2
f 1007/1776/2 1001/1818/2 1019/1819/2 1025/1801/2
f 1022/1790/2 1004/1763/2 1010/1767/2 1028/1793/2
f 1011/1769/2 1005/1765/2 1023/1792/2 1029/1795/2
f 1024/1797/2 1006/1770/2 1012/1773/2 1030/1798/2
f 1013/1777/2 1007/1776/2 1025/1801/2 1031/1800/2
f 1028/1793/2 1010/1767/2 1016/1787/2 1034/1808/2
f 1017/1789/2 1011/1769/2 1029/1795/2 1035/1810/2
f 1030/1798/2 1012/1773/2 626/628/2 596/750/2
f 627/632/2 1013/1777/2 1031/1800/2 597/752/2
f 1034/1808/2 1016/1787/2 630/636/2 600/727/2
f 631/640/2 1017/1789/2 1035/1810/2 601/732/2
f 454/500/3 336/499/3 1048/1820/3 1108/1821/3
f 1049/1822/4 337/501/4 455/504/4 1109/1823/4
f 456/508/3 338/507/3 1050/1824/3 1110/1825/3
f 1051/1826/4 339/509/4 457/512/4 1111/1827/4
f 458/516/3 340/515/3 1052/1828/3 1112/1829/3
f 1053/1830/4 341/517/4 459/520/4 1113/1831/4
f 1108/1821/3 1048/1820/3 1042/1832/3 1114/1833/3
f 1043/1834/4 1049/1822/4 1109/1823/4 1115/1835/4
f 1110/1825/3 1050/1824/3 1044/1836/3 1116/1837/3
f 1045/1838/4 1051/1826/4 1111/1827/4 1117/1839/4
f 1112/1829/3 1052/1828/3 1046/1840/3 1118/1841/3
f 1047/1842/4 1053/1830/4 1113/1831/4 1119/1843/4
f 1114/1833/3 1042/1832/3 1036/1844/3 1120/1845/3
f 1037/1846/4 1043/1834/4 1115/1835/4 1121/1847/4
f 1116/1837/3 1044/1836/3 1038/1848/3 1122/1849/3
f 1039/1850/4 1045/1838/4 1117/1839/4 1123/1851/4
f 1118/1841/3 1046/1840/3 1040/1852/3 1124/1853/3
f 1041/1854/4 1047/1842/4 1119/1843/4 1125/1855/4
f 1120/1845/3 1036/1844/3 330/550/3 460/549/3
f 331/551/4 1037/1846/4 1121/1847/4 461/552/4
f 1122/1849/3 1038/1848/3 332/554/3 462/553/3
f 333/555/4 1039/1850/4 1123/1851/4 463/556/4
f 1124/1853/3 1040/1852/3 334/558/3 464/557/3
f 335/559/4 1041/1854/4 1125/1855/4 465/560/4
f 406/1326/3 394/1325/3 1054/1856/3 1072/1857/3
f 1055/1858/4 395/1327/4 407/1328/4 1073/1859/4
f 408/1330/3 396/1329/3 1056/1860/3 1074/1861/3
f 1057/1862/4 397/1331/4 409/1332/4 1075/1863/4
f 410/1334/3 398/1333/3 1058/1864/3 1076/1865/3
f 1059/1866/4 399/1335/4 411/1336/4 1077/1867/4
f 1072/1857/3 1054/1856/3 1060/1868/3 1078/1869/3
f 1061/1870/4 1055/1858/4 1073/1859/4 1079/1871/4
f 1074/1861/3 1056/1860/3 1062/1872/3 1080/1873/3
f 1063/1874/4 1057/1862/4 1075/1863/4 1081/1875/4
f 1076/1865/3 1058/1864/3 1064/1876/3 1082/1877/3
f 1065/1878/4 1059/1866/4 1077/1867/4 1083/1879/4
f 1078/1869/3 1060/1868/3 1066/1880/3 1084/1881/3
f 1067/1882/4 1061/1870/4 1079/1871/4 1085/1883/4
f 1080/1873/3 1062/1872/3 1068/1884/3 1086/1885/3
f 1069/1886/4 1063/1874/4 1081/1875/4 1087/1887/4
f 1082/1877/3 1064/1876/3 1070/1888/3 1088/1889/3
f 1071/1890/4 1065/1878/4 1083/1879/4 1089/1891/4
f 1084/1881/3 1066/1880/3 400/1563/3 412/1562/3
f 401/1567/4 1067/1882/4 1085/1883/4 413/1568/4
f 1086/1885/3 1068/1884/3 402/1571/3 414/1570/3
f 403/1575/4 1069/1886/4 1087/1887/4 415/1576/4
f 1088/1889/3 1070/1888/3 404/1579/3 416/1578/3
f 405/1583/4 1071/1890/4 1089/1891/4 417/1584/4
f 394/1388/38 454/1387/38 1108/1892/38 1054/1893/38
f 1109/1894/38 455/1389/38 395/1392/38 1055/1895/38
f 396/1396/38 456/1395/38 1110/1896/38 1056/1897/38
f 1111/1898/38 457/1397/38 397/1400/38 1057/1899/38
f 398/1404/38 458/1403/38 1112/1900/38 1058/1901/38
f 1113/1902/38 459/1405/38 399/1408/38 1059/1903/38
f 1054/1893/39 1108/1892/39 1114/1904/39 1060/1905/39
f 1115/1906/39 1109/1894/39 1055/1895/39 1061/1907/39
f 1056/1897/39 1110/1896/39 1116/1908/39 1062/1909/39
f 1117/1910/39 1111/1898/39 1057/1899/39 1063/1911/39
f 1058/1901/39 1112/1900/39 1118/1912/39 1064/1913/39
f 1119/1914/39 1113/1902/39 1059/1903/39 1065/1915/39
f 1060/1905/40 1114/1904/40 1120/1916/40 1066/1917/40
f 1121/1918/40 1115/1906/40 1061/1907/40 1067/1919/40
f 1062/1909/40 1116/1908/40 1122/1920/40 1068/1921/40
f 1123/1922/40 1117/1910/40 1063/1911/40 1069/1923/40
f 1064/1913/40 1118/1912/40 1124/1924/40 1070/1925/40
f 1125/1926/40 1119/1914/40 1065/1915/40 1071/1927/40
f 1066/1917/41 1120/1916/41 460/1611/41 400/1610/41
f 461/1615/41 1121/1918/41 1067/1919/41 401/1616/41
f 1068/1921/41 1122/1920/41 462/1619/41 402/1618/41
f 463/1623/41 1123/1922/41 1069/1923/41 403/1624/41
f 1070/1925/41 1124/1924/41 464/1627/41 404/1626/41
f 465/1631/41 1125/1926/41 1071/1927/41 405/1632/41
f 412/1733/42 448/1732/42 1102/1928/42 1084/1929/42
f 1103/1930/42 449/1734/42 413/1737/42 1085/1931/42
f 414/1741/42 450/1740/42 1104/1932/42 1086/1933/42
f 1105/1934/42 451/1742/42 415/1745/42 1087/1935/42
f 416/1749/42 452/1748/42 1106/1936/42 1088/1937/42
f 1107/1938/42 453/1750/42 417/1753/42 1089/1939/42
f 1084/1929/43 1102/1928/43 1096/1940/43 1078/1941/43
f 1097/1942/43 1103/1930/43 1085/1931/43 1079/1943/43
f 1086/1933/43 1104/1932/43 1098/1944/43 1080/1945/43
f 1099/1946/43 1105/1934/43 1087/1935/43 1081/1947/43
f 1088/1937/43 1106/1936/43 1100/1948/43 1082/1949/43
f 1101/1950/43 1107/1938/43 1089/1939/43 1083/1951/43
f 1078/1941/44 1096/1940/44 1090/1952/44 1072/1953/44
f 1091/1954/44 1097/1942/44 1079/1943/44 1073/1955/44
f 1080/1945/44 1098/1944/44 1092/1956/44 1074/1957/44
f 1093/1958/44 1099/1946/44 1081/1947/44 1075/1959/44
f 1082/1949/44 1100/1948/44 1094/1960/44 1076/1961/44
f 1095/1962/44 1101/1950/44 1083/1951/44 1077/1963/44
f 1072/1953/45 1090/1952/45 442/1410/45 406/1409/45
f 443/1414/45 1091/1954/45 1073/1955/45 407/1415/45
f 1074/1957/45 1092/1956/45 444/1418/45 408/1417/45
f 445/1422/45 1093/1958/45 1075/1959/45 409/1423/45
f 1076/1961/45 1094/1960/45 446/1426/45 410/1425/45
f 447/1430/45 1095/1962/45 1077/1963/45 411/1431/45
f 61/1964/46 49/1965/46 1144/1966/46 1162/1967/46
f 1145/1968/46 50/1969/46 62/1970/46 1163/1971/46
f 63/1972/46 51/1973/46 1146/1974/46 1164/1975/46
f 1147/1976/46 52/1977/46 64/1978/46 1165/1979/46
f 65/1980/46 53/1981/46 1148/1982/46 1166/1983/46
f 1149/1984/46 54/1985/46 66/1986/46 1167/1987/46
f 1162/1967/47 1144/1966/47 1150/1988/47 1168/1989/47
f 1151/1990/47 1145/1968/47 1163/1971/47 1169/1991/47
f 1164/1975/47 1146/1974/47 1152/1992/47 1170/1993/47
f 1153/1994/47 1147/1976/47 1165/1979/47 1171/1995/47
f 1166/1983/47 1148/1982/47 1154/1996/47 1172/1997/47
f 1155/1998/47 1149/1984/47 1167/1987/47 1173/1999/47
f 1168/1989/48 1150/1988/48 1156/2000/48 1174/2001/48
f 1157/2002/48 1151/1990/48 1169/1991/48 1175/2003/48
f 1170/1993/48 1152/1992/48 1158/2004/48 1176/2005/48
f 1159/2006/48 1153/1994/48 1171/1995/48 1177/2007/48
f 1172/1997/48 1154/1996/48 1160/2008/48 1178/2009/48
f 1161/2010/48 1155/1998/48 1173/1999/48 1179/2011/48
f 1174/2001/49 1156/2000/49 55/2012/49 67/2013/49
f 56/2014/49 1157/2002/49 1175/2003/49 68/2015/49
f 1176/2005/49 1158/2004/49 57/2016/49 69/2017/49
f 58/2018/49 1159/2006/49 1177/2007/49 70/2019/49
f 1178/2009/49 1160/2008/49 59/2020/49 71/2021/49
f 60/2022/49 1161/2010/49 1179/2011/49 72/2023/49
f 103/2024/50 7/2025/50 1126/2026/50 1192/2027/50
f 1127/2028/50 8/2029/50 104/2030/50 1193/2031/50
f 105/2032/50 9/2033/50 1128/2034/50 1194/2035/50
f 1129/2036/50 10/2037/50 106/2038/50 1195/2039/50
f 107/2040/50 11/2041/50 1130/2042/50 1196/2043/50
f 1131/2044/50 12/2045/50 108/2046/50 1197/2047/50
f 1192/2027/51 1126/2026/51 1132/2048/51 1186/2049/51
f 1133/2050/51 1127/2028/51 1193/2031/51 1187/2051/51
f 1194/2035/51 1128/2034/51 1134/2052/51 1188/2053/51
f 1135/2054/51 1129/2036/51 1195/2039/51 1189/2055/51
f 1196/2043/51 1130/2042/51 1136/2056/51 1190/2057/51
f 1137/2058/51 1131/2044/51 1197/2047/51 1191/2059/51
f 1186/2049/52 1132/2048/52 1138/2060/52 1180/2061/52
f 1139/2062/52 1133/2050/52 1187/2051/52 1181/2063/52
f 1188/2053/52 1134/2052/52 1140/2064/52 1182/2065/52
f 1141/2066/52 1135/2054/52 1189/2055/52 1183/2067/52
f 1190/2057/52 1136/2056/52 1142/2068/52 1184/2069/52
f 1143/2070/52 1137/2058/52 1191/2059/52 1185/2071/52
f 1180/2061/53 1138/2060/53 13/2072/53 97/2073/53
f 14/2074/53 1139/2062/53 1181/2063/53 98/2075/53
f 1182/2065/53 1140/2064/53 15/2076/53 99/2077/53
f 16/2078/53 1141/2066/53 1183/2067/53 100/2079/53
f 1184/2069/53 1142/2068/53 17/2080/53 101/2081/53
f 18/2082/53 1143/2070/53 1185/2071/53 102/2083/53
f 67/99/3 103/98/3 1192/2084/3 1174/2085/3
f 1193/2086/4 104/102/4 68/101/4 1175/2087/4
f 69/107/3 105/106/3 1194/2088/3 1176/2089/3
f 1195/2090/4 106/110/4 70/109/4 1177/2091/4
f 71/115/3 107/114/3 1196/2092/3 1178/2093/3
f 1197/2094/4 108/118/4 72/117/4 1179/2095/4
f 1174/2085/3 1192/2084/3 1186/2096/3 1168/2097/3
f 1187/2098/4 1193/2086/4 1175/2087/4 1169/2099/4
f 1176/2089/3 1194/2088/3 1188/2100/3 1170/2101/3
f 1189/2102/4 1195/2090/4 1177/2091/4 1171/2103/4
f 1178/2093/3 1196/2092/3 1190/2104/3 1172/2105/3
f 1191/2106/4 1197/2094/4 1179/2095/4 1173/2107/4
f 1168/2097/3 1186/2096/3 1180/2108/3 1162/2109/3
f 1181/2110/4 1187/2098/4 1169/2099/4 1163/2111/4
f 1170/2101/3 1188/2100/3 1182/2112/3 1164/2113/3
f 1183/2114/4 1189/2102/4 1171/2103/4 1165/2115/4
f 1172/2105/3 1190/2104/3 1184/2116/3 1166/2117/3
f 1185/2118/4 1191/2106/4 1173/2107/4 1167/2119/4
f 1162/2109/3 1180/2108/3 97/121/3 61/124/3
f 98/127/4 1181/2110/4 1163/2111/4 62/128/4
f 1164/2113/3 1182/2112/3 99/129/3 63/132/3
f 100/135/4 1183/2114/4 1165/2115/4 64/136/4
f 1166/2117/3 1184/2116/3 101/137/3 65/140/3
f 102/143/4 1185/2118/4 1167/2119/4 66/144/4
f 7/184/3 168/242/3 1210/2120/3 1126/2121/3
f 1211/2122/4 169/243/4 8/188/4 1127/2123/4
f 9/192/3 170/246/3 1212/2124/3 1128/2125/3
f 1213/2126/4 171/247/4 10/196/4 1129/2127/4
f 11/200/3 172/250/3 1214/2128/3 1130/2129/3
f 1215/2130/4 173/251/4 12/204/4 1131/2131/4
f 1126/2121/3 1210/2120/3 1204/2132/3 1132/2133/3
f 1205/2134/4 1211/2122/4 1127/2123/4 1133/2135/4
f 1128/2125/3 1212/2124/3 1206/2136/3 1134/2137/3
f 1207/2138/4 1213/2126/4 1129/2127/4 1135/2139/4
f 1130/2129/3 1214/2128/3 1208/2140/3 1136/2141/3
f 1209/2142/4 1215/2130/4 1131/2131/4 1137/2143/4
f 1132/2133/3 1204/2132/3 1198/2144/3 1138/2145/3
f 1199/2146/4 1205/2134/4 1133/2135/4 1139/2147/4
f 1134/2137/3 1206/2136/3 1200/2148/3 1140/2149/3
f 1201/2150/4 1207/2138/4 1135/2139/4 1141/2151/4
f 1136/2141/3 1208/2140/3 1202/2152/3 1142/2153/3
f 1203/2154/4 1209/2142/4 1137/2143/4 1143/2155/4
f 1138/2145/3 1198/2144/3 162/267/3 13/170/3
f 163/268/4 1199/2146/4 1139/2147/4 14/171/4
f 1140/2149/3 1200/2148/3 164/269/3 15/174/3
f 165/270/4 1201/2150/4 1141/2151/4 16/175/4
f 1142/2153/3 1202/2152/3 166/271/3 17/178/3
f 167/272/4 1203/2154/4 1143/2155/4 18/179/4
f 168/326/54 186/325/54 1216/2156/54 1210/2157/54
f 1217/2158/55 187/327/55 169/328/55 1211/2159/55
f 170/330/54 188/329/54 1218/2160/54 1212/2161/54
f 1219/2162/55 189/331/55 171/332/55 1213/2163/55
f 172/334/54 190/333/54 1220/2164/54 1214/2165/54
f 1221/2166/55 191/335/55 173/336/55 1215/2167/55
f 1210/2157/5 1216/2156/5 1222/2168/5 1204/2169/5
f 1223/2170/6 1217/2158/6 1211/2159/6 1205/2171/6
f 1212/2161/5 1218/2160/5 1224/2172/5 1206/2173/5
f 1225/2174/6 1219/2162/6 1213/2163/6 1207/2175/6
f 1214/2165/5 1220/2164/5 1226/2176/5 1208/2177/5
f 1227/2178/6 1221/2166/6 1215/2167/6 1209/2179/6
f 1204/2169/5 1222/2168/5 1228/2180/5 1198/2181/5
f 1229/2182/6 1223/2170/6 1205/2171/6 1199/2183/6
f 1206/2173/5 1224/2172/5 1230/2184/5 1200/2185/5
f 1231/2186/6 1225/2174/6 1207/2175/6 1201/2187/6
f 1208/2177/5 1226/2176/5 1232/2188/5 1202/2189/5
f 1233/2190/6 1227/2178/6 1209/2179/6 1203/2191/6
f 1198/2181/56 1228/2180/56 192/274/56 162/273/56
f 193/278/57 1229/2182/57 1199/2183/57 163/279/57
f 1200/2185/56 1230/2184/56 194/282/56 164/281/56
f 195/286/57 1231/2186/57 1201/2187/57 165/287/57
f 1202/2189/56 1232/2188/56 196/290/56 166/289/56
f 197/294/57 1233/2190/57 1203/2191/57 167/295/57
f 186/340/3 236/339/3 1246/2192/3 1216/2193/3
f 1247/2194/4 237/341/4 187/344/4 1217/2195/4
f 188/348/3 238/347/3 1248/2196/3 1218/2197/3
f 1249/2198/4 239/349/4 189/352/4 1219/2199/4
f 190/356/3 240/355/3 1250/2200/3 1220/2201/3
f 1251/2202/4 241/357/4 191/360/4 1221/2203/4
f 1216/2193/3 1246/2192/3 1240/2204/3 1222/2205/3
f 1241/2206/4 1247/2194/4 1217/2195/4 1223/2207/4
f 1218/2197/3 1248/2196/3 1242/2208/3 1224/2209/3
f 1243/2210/4 1249/2198/4 1219/2199/4 1225/2211/4
f 1220/2201/3 1250/2200/3 1244/2212/3 1226/2213/3
f 1245/2214/4 1251/2202/4 1221/2203/4 1227/2215/4
f 1222/2205/3 1240/2204/3 1234/2216/3 1228/2217/3
f 1235/2218/4 1241/2206/4 1223/2207/4 1229/2219/4
f 1224/2209/3 1242/2208/3 1236/2220/3 1230/2221/3
f 1237/2222/4 1243/2210/4 1225/2211/4 1231/2223/4
f 1226/2213/3 1244/2212/3 1238/2224/3 1232/2225/3
f 1239/2226/4 1245/2214/4 1227/2215/4 1233/2227/4
f 1228/2217/3 1234/2216/3 230/390/3 192/389/3
f 231/391/4 1235/2218/4 1229/2219/4 193/392/4
f 1230/2221/3 1236/2220/3 232/394/3 194/393/3
f 233/395/4 1237/2222/4 1231/2223/4 195/396/4
f 1232/2225/3 1238/2224/3 234/398/3 196/397/3
f 235/399/4 1239/2226/4 1233/2227/4 197/400/4
f 236/454/58 254/453/58 1252/2228/58 1246/2229/58
f 1253/2230/59 255/455/59 237/456/59 1247/2231/59
f 238/458/58 256/457/58 1254/2232/58 1248/2233/58
f 1255/2234/59 257/459/59 239/460/59 1249/2235/59
f 240/462/58 258/461/58 1256/2236/58 1250/2237/58
f 1257/2238/59 259/463/59 241/464/59 1251/2239/59
f 1246/2229/7 1252/2228/7 1258/2240/7 1240/2241/7
f 1259/2242/8 1253/2230/8 1247/2231/8 1241/2243/8
f 1248/2233/7 1254/2232/7 1260/2244/7 1242/2245/7
f 1261/2246/8 1255/2234/8 1249/2235/8 1243/2247/8
f 1250/2237/7 1256/2236/7 1262/2248/7 1244/2249/7
f 1263/2250/8 1257/2238/8 1251/2239/8 1245/2251/8
f 1240/2241/7 1258/2240/7 1264/2252/7 1234/2253/7
f 1265/2254/8 1259/2242/8 1241/2243/8 1235/2255/8
f 1242/2245/7 1260/2244/7 1266/2256/7 1236/2257/7
f 1267/2258/8 1261/2246/8 1243/2247/8 1237/2259/8
f 1244/2249/7 1262/2248/7 1268/2260/7 1238/2261/7
f 1269/2262/8 1263/2250/8 1245/2251/8 1239/2263/8
f 1234/2253/60 1264/2252/60 260/402/60 230/401/60
f 261/406/61 1265/2254/61 1235/2255/61 231/407/61
f 1236/2257/60 1266/2256/60 262/410/60 232/409/60
f 263/414/61 1267/2258/61 1237/2259/61 233/415/61
f 1238/2261/60 1268/2260/60 264/418/60 234/417/60
f 265/422/61 1269/2262/61 1239/2263/61 235/423/61
f 254/453/9 303/466/9 1282/2264/9 1252/2228/9
f 1283/2265/10 304/467/10 255/455/10 1253/2230/10
f 256/457/9 305/470/9 1284/2266/9 1254/2232/9
f 1285/2267/10 306/471/10 257/459/10 1255/2234/10
f 258/461/9 307/474/9 1286/2268/9 1256/2236/9
f 1287/2269/10 308/475/10 259/463/10 1257/2238/10
f 1252/2228/9 1282/2264/9 1276/2270/9 1258/2240/9
f 1277/2271/10 1283/2265/10 1253/2230/10 1259/2242/10
f 1254/2232/9 1284/2266/9 1278/2272/9 1260/2244/9
f 1279/2273/10 1285/2267/10 1255/2234/10 1261/2246/10
f 1256/2236/9 1286/2268/9 1280/2274/9 1262/2248/9
f 1281/2275/10 1287/2269/10 1257/2238/10 1263/2250/10
f 1258/2240/9 1276/2270/9 1270/2276/9 1264/2252/9
f 1271/2277/10 1277/2271/10 1259/2242/10 1265/2254/10
f 1260/2244/9 1278/2272/9 1272/2278/9 1266/2256/9
f 1273/2279/10 1279/2273/10 1261/2246/10 1267/2258/10
f 1262/2248/9 1280/2274/9 1274/2280/9 1268/2260/9
f 1275/2281/10 1281/2275/10 1263/2250/10 1269/2262/10
f 1264/2252/9 1270/2276/9 297/491/9 260/402/9
f 298/492/10 1271/2277/10 1265/2254/10 261/406/10
f 1266/2256/9 1272/2278/9 299/493/9 262/410/9
f 300/494/10 1273/2279/10 1267/2258/10 263/414/10
f 1268/2260/9 1274/2280/9 301/495/9 264/418/9
f 302/496/10 1275/2281/10 1269/2262/10 265/422/10
f 528/641/62 297/491/62 1270/2276/62 1288/2282/62
f 1271/2277/62 298/492/62 529/643/62 1289/2283/62
f 530/645/62 299/493/62 1272/2278/62 1290/2284/62
f 1273/2279/62 300/494/62 531/647/62 1291/2285/62
f 532/649/62 301/495/62 1274/2280/62 1292/2286/62
f 1275/2281/62 302/496/62 533/651/62 1293/2287/62
f 1288/2282/11 1270/2276/11 1276/2270/11 1294/2288/11
f 1277/2271/11 1271/2277/11 1289/2283/11 1295/2289/11
f 1290/2284/11 1272/2278/11 1278/2272/11 1296/2290/11
f 1279/2273/11 1273/2279/11 1291/2285/11 1297/2291/11
f 1292/2286/11 1274/2280/11 1280/2274/11 1298/2292/11
f 1281/2275/11 1275/2281/11 1293/2287/11 1299/2293/11
f 1294/2288/11 1276/2270/11 1282/2264/11 1300/2294/11
f 1283/2265/11 1277/2271/11 1295/2289/11 1301/2295/11
f 1296/2290/11 1278/2272/11 1284/2266/11 1302/2296/11
f 1285/2267/11 1279/2273/11 1297/2291/11 1303/2297/11
f 1298/2292/11 1280/2274/11 1286/2268/11 1304/2298/11
f 1287/2269/11 1281/2275/11 1299/2293/11 1305/2299/11
f 1300/2294/63 1282/2264/63 303/466/63 534/667/63
f 304/467/63 1283/2265/63 1301/2295/63 535/668/63
f 1302/2296/63 1284/2266/63 305/470/63 536/669/63
f 306/471/63 1285/2267/63 1303/2297/63 537/670/63
f 1304/2298/63 1286/2268/63 307/474/63 538/671/63
f 308/475/63 1287/2269/63 1305/2299/63 539/672/63
f 586/733/62 528/641/62 1288/2282/62 1312/2300/62
f 1289/2283/62 529/643/62 586/733/62 1312/2300/62
f 587/735/62 530/645/62 1290/2284/62 1313/2301/62
f 1291/2285/62 531/647/62 587/735/62 1313/2301/62
f 588/737/62 532/649/62 1292/2286/62 1314/2302/62
f 1293/2287/62 533/651/62 588/737/62 1314/2302/62
f 1312/2300/11 1288/2282/11 1294/2288/11 1309/2303/11
f 1295/2289/11 1289/2283/11 1312/2300/11 1309/2303/11
f 1313/2301/11 1290/2284/11 1296/2290/11 1310/2304/11
f 1297/2291/11 1291/2285/11 1313/2301/11 1310/2304/11
f 1314/2302/11 1292/2286/11 1298/2292/11 1311/2305/11
f 1299/2293/11 1293/2287/11 1314/2302/11 1311/2305/11
f 1309/2303/11 1294/2288/11 1300/2294/11 1306/2306/11
f 1301/2295/11 1295/2289/11 1309/2303/11 1306/2306/11
f 1310/2304/11 1296/2290/11 1302/2296/11 1307/2307/11
f 1303/2297/11 1297/2291/11 1310/2304/11 1307/2307/11
f 1311/2305/11 1298/2292/11 1304/2298/11 1308/2308/11
f 1305/2299/11 1299/2293/11 1311/2305/11 1308/2308/11
f 1306/2306/63 1300/2294/63 534/667/63 490/746/63
f 535/668/63 1301/2295/63 1306/2306/63 490/746/63
f 1307/2307/63 1302/2296/63 536/669/63 491/747/63
f 537/670/63 1303/2297/63 1307/2307/63 491/747/63
f 1308/2308/63 1304/2298/63 538/671/63 492/748/63
f 539/672/63 1305/2299/63 1308/2308/63 492/748/63
f 1327/2309/12 1333/2310/12 1315/2311/12 1321/2312/12
f 1316/2313/12 1334/2314/12 1328/2315/12 1322/2316/12
f 1329/2317/12 1335/2318/12 1317/2319/12 1323/2320/12
f 1318/2321/12 1336/2322/12 1330/2323/12 1324/2324/12
f 1331/2325/12 1337/2326/12 1319/2327/12 1325/2328/12
f 1320/2329/12 1338/2330/12 1332/2331/12 1326/2332/12
f 1339/2333/11 1357/2334/11 1351/2335/11 1345/2336/11
f 1352/2337/11 1358/2338/11 1340/2339/11 1346/2340/11
f 1341/2341/11 1359/2342/11 1353/2343/11 1347/2344/11
f 1354/2345/11 1360/2346/11 1342/2347/11 1348/2348/11
f 1343/2349/11 1361/2350/11 1355/2351/11 1349/2352/11
f 1356/2353/11 1362/2354/11 1344/2355/11 1350/2356/11
f 1315/2357/2 1339/2358/2 1345/2359/2 1321/2360/2
f 1346/2361/2 1340/2362/2 1316/2363/2 1322/2364/2
f 1317/2365/2 1341/2366/2 1347/2367/2 1323/2368/2
f 1348/2369/2 1342/2370/2 1318/2371/2 1324/2372/2
f 1319/2373/2 1343/2374/2 1349/2375/2 1325/2376/2
f 1350/2377/2 1344/2378/2 1320/2379/2 1326/2380/2
f 1321/2381/3 1345/2382/3 1351/2383/3 1327/2384/3
f 1352/2385/4 1346/2386/4 1322/2387/4 1328/2388/4
f 1323/2389/3 1347/2390/3 1353/2391/3 1329/2392/3
f 1354/2393/4 1348/2394/4 1324/2395/4 1330/2396/4
f 1325/2397/3 1349/2398/3 1355/2399/3 1331/2400/3
f 1356/2401/4 1350/2402/4 1326/2403/4 1332/2404/4
f 1327/2405/1 1351/2406/1 1357/2407/1 1333/2408/1
f 1358/2409/1 1352/2410/1 1328/2411/1 1334/2412/1
f 1329/2413/1 1353/2414/1 1359/2415/1 1335/2416/1
f 1360/2417/1 1354/2418/1 1330/2419/1 1336/2420/1
f 1331/2421/1 1355/2422/1 1361/2423/1 1337/2424/1
f 1362/2425/1 1356/2426/1 1332/2427/1 1338/2428/1
f 1333/2429/4 1357/2430/4 1339/2431/4 1315/2432/4
f 1340/2433/3 1358/2434/3 1334/2435/3 1316/2436/3
f 1335/2437/4 1359/2438/4 1341/2439/4 1317/2440/4
f 1342/2441/3 1360/2442/3 1336/2443/3 1318/2444/3
f 1337/2445/4 1361/2446/4 1343/2447/4 1319/2448/4
f 1344/2449/3 1362/2450/3 1338/2451/3 1320/2452/3
f 1387/2453/4 1363/2454/4 1381/2455/4 1405/2456/4
f 1382/2457/3 1364/2458/3 1388/2459/3 1406/2460/3
f 1389/2461/4 1365/2462/4 1383/2463/4 1407/2464/4
f 1384/2465/3 1366/2466/3 1390/2467/3 1408/2468/3
f 1391/2469/4 1367/2470/4 1385/2471/4 1409/2472/4
f 1386/2473/3 1368/2474/3 1392/2475/3 1410/2476/3
f 1393/2477/11 1369/2478/11 1363/2479/11 1387/2480/11
f 1364/2481/11 1370/2482/11 1394/2483/11 1388/2484/11
f 1395/2485/11 1371/2486/11 1365/2487/11 1389/2488/11
f 1366/2489/11 1372/2490/11 1396/2491/11 1390/2492/11
f 1397/2493/11 1373/2494/11 1367/2495/11 1391/2496/11
f 1368/2497/11 1374/2498/11 1398/2499/11 1392/2500/11
f 1399/2501/3 1375/2502/3 1369/2503/3 1393/2504/3
f 1370/2505/4 1376/2506/4 1400/2507/4 1394/2508/4
f 1401/2509/3 1377/2510/3 1371/2511/3 1395/2512/3
f 1372/2513/4 1378/2514/4 1402/2515/4 1396/2516/4
f 1403/2517/3 1379/2518/3 1373/2519/3 1397/2520/3
f 1374/2521/4 1380/2522/4 1404/2523/4 1398/2524/4
f 1405/2525/12 1381/2526/12 1375/2527/12 1399/2528/12
f 1376/2529/12 1382/2530/12 1406/2531/12 1400/2532/12
f 1407/2533/12 1383/2534/12 1377/2535/12 1401/2536/12
f 1378/2537/12 1384/2538/12 1408/2539/12 1402/2540/12
f 1409/2541/12 1385/2542/12 1379/2543/12 1403/2544/12
f 1380/2545/12 1386/2546/12 1410/2547/12 1404/2548/12
f 1381/2549/2 1363/2550/2 1369/2551/2 1375/2552/2
f 1370/2553/2 1364/2554/2 1382/2555/2 1376/2556/2
f 1383/2557/2 1365/2558/2 1371/2559/2 1377/2560/2
f 1372/2561/2 1366/2562/2 1384/2563/2 1378/2564/2
f 1385/2565/2 1367/2566/2 1373/2567/2 1379/2568/2
f 1374/2569/2 1368/2570/2 1386/2571/2 1380/2572/2
f 1393/2573/1 1387/2574/1 1405/2575/1 1399/2576/1
f 1406/2577/1 1388/2578/1 1394/2579/1 1400/2580/1
f 1395/2581/1 1389/2582/1 1407/2583/1 1401/2584/1
f 1408/2585/1 1390/2586/1 1396/2587/1 1402/2588/1
f 1397/2589/1 1391/2590/1 1409/2591/1 1403/2592/1
f 1410/2593/1 1392/2594/1 1398/2595/1 1404/2596/1
f 1423/2597/1 1429/2598/1 1411/2599/1 1417/2600/1
f 1412/2601/1 1430/2602/1 1424/2603/1 1418/2604/1
f 1425/2605/1 1431/2606/1 1413/2607/1 1419/2608/1
f 1414/2609/1 1432/2610/1 1426/2611/1 1420/2612/1
f 1427/2613/1 1433/2614/1 1415/2615/1 1421/2616/1
f 1416/2617/1 1434/2618/1 1428/2619/1 1422/2620/1
f 1435/2621/2 1453/2622/2 1447/2623/2 1441/2624/2
f 1448/2625/2 1454/2626/2 1436/2627/2 1442/2628/2
f 1437/2629/2 1455/2630/2 1449/2631/2 1443/2632/2
f 1450/2633/2 1456/2634/2 1438/2635/2 1444/2636/2
f 1439/2637/2 1457/2638/2 1451/2639/2 1445/2640/2
f 1452/2641/2 1458/2642/2 1440/2643/2 1446/2644/2
f 1411/2645/12 1435/2646/12 1441/2647/12 1417/2648/12
f 1442/2649/12 1436/2650/12 1412/2651/12 1418/2652/12
f 1413/2653/12 1437/2654/12 1443/2655/12 1419/2656/12
f 1444/2657/12 1438/2658/12 1414/2659/12 1420/2660/12
f 1415/2661/12 1439/2662/12 1445/2663/12 1421/2664/12
f 1446/2665/12 1440/2666/12 1416/2667/12 1422/2668/12
f 1417/2669/3 1441/2670/3 1447/2671/3 1423/2672/3
f 1448/2673/4 1442/2674/4 1418/2675/4 1424/2676/4
f 1419/2677/3 1443/2678/3 1449/2679/3 1425/2680/3
f 1450/2681/4 1444/2682/4 1420/2683/4 1426/2684/4
f 1421/2685/3 1445/2686/3 1451/2687/3 1427/2688/3
f 1452/2689/4 1446/2690/4 1422/2691/4 1428/2692/4
f 1423/2693/11 1447/2694/11 1453/2695/11 1429/2696/11
f 1454/2697/11 1448/2698/11 1424/2699/11 1430/2700/11
f 1425/2701/11 1449/2702/11 1455/2703/11 1431/2704/11
f 1456/2705/11 1450/2706/11 1426/2707/11 1432/2708/11
f 1427/2709/11 1451/2710/11 1457/2711/11 1433/2712/11
f 1458/2713/11 1452/2714/11 1428/2715/11 1434/2716/11
f 1429/2717/4 1453/2718/4 1435/2719/4 1411/2720/4
f 1436/2721/3 1454/2722/3 1430/2723/3 1412/2724/3
f 1431/2725/4 1455/2726/4 1437/2727/4 1413/2728/4
f 1438/2729/3 1456/2730/3 1432/2731/3 1414/2732/3
f 1433/2733/4 1457/2734/4 1439/2735/4 1415/2736/4
f 1440/2737/3 1458/2738/3 1434/2739/3 1416/2740/3
f 1483/2741/4 1459/2742/4 1477/2743/4 1501/2744/4
f 1478/2745/3 1460/2746/3 1484/2747/3 1502/2748/3
f 1485/2749/4 1461/2750/4 1479/2751/4 1503/2752/4
f 1480/2753/3 1462/2754/3 1486/2755/3 1504/2756/3
f 1487/2757/4 1463/2758/4 1481/2759/4 1505/2760/4
f 1482/2761/3 1464/2762/3 1488/2763/3 1506/2764/3
f 1489/2765/2 1465/2766/2 1459/2767/2 1483/2768/2
f 1460/2769/2 1466/2770/2 1490/2771/2 1484/2772/2
f 1491/2773/2 1467/2774/2 1461/2775/2 1485/2776/2
f 1462/2777/2 1468/2778/2 1492/2779/2 1486/2780/2
f 1493/2781/2 1469/2782/2 1463/2783/2 1487/2784/2
f 1464/2785/2 1470/2786/2 1494/2787/2 1488/2788/2
f 1495/2789/3 1471/2790/3 1465/2791/3 1489/2792/3
f 1466/2793/4 1472/2794/4 1496/2795/4 1490/2796/4
f 1497/2797/3 1473/2798/3 1467/2799/3 1491/2800/3
f 1468/2801/4 1474/2802/4 1498/2803/4 1492/2804/4
f 1499/2805/3 1475/2806/3 1469/2807/3 1493/2808/3
f 1470/2809/4 1476/2810/4 1500/2811/4 1494/2812/4
f 1501/2813/1 1477/2814/1 1471/2815/1 1495/2816/1
f 1472/2817/1 1478/2818/1 1502/2819/1 1496/2820/1
f 1503/2821/1 1479/2822/1 1473/2823/1 1497/2824/1
f 1474/2825/1 1480/2826/1 1504/2827/1 1498/2828/1
f 1505/2829/1 1481/2830/1 1475/2831/1 1499/2832/1
f 1476/2833/1 1482/2834/1 1506/2835/1 1500/2836/1
f 1477/2837/12 1459/2838/12 1465/2839/12 1471/2840/12
f 1466/2841/12 1460/2842/12 1478/2843/12 1472/2844/12
f 1479/2845/12 1461/2846/12 1467/2847/12 1473/2848/12
f 1468/2849/12 1462/2850/12 1480/2851/12 1474/2852/12
f 1481/2853/12 1463/2854/12 1469/2855/12 1475/2856/12
f 1470/2857/12 1464/2858/12 1482/2859/12 1476/2860/12
f 1489/2861/11 1483/2862/11 1501/2863/11 1495/2864/11
f 1502/2865/11 1484/2866/11 1490/2867/11 1496/2868/11
f 1491/2869/11 1485/2870/11 1503/2871/11 1497/2872/11
f 1504/2873/11 1486/2874/11 1492/2875/11 1498/2876/11
f 1493/2877/11 1487/2878/11 1505/2879/11 1499/2880/11
f 1506/2881/11 1488/2882/11 1494/2883/11 1500/2884/11
f 1519/2885/11 1525/2886/11 1507/2887/11 1513/2888/11
f 1508/2889/11 1526/2890/11 1520/2891/11 1514/2892/11
f 1521/2893/11 1527/2894/11 1509/2895/11 1515/2896/11
f 1510/2897/11 1528/2898/11 1522/2899/11 1516/2900/11
f 1523/2901/11 1529/2902/11 1511/2903/11 1517/2904/11
f 1512/2905/11 1530/2906/11 1524/2907/11 1518/2908/11
f 1531/2909/12 1549/2910/12 1543/2911/12 1537/2912/12
f 1544/2913/12 1550/2914/12 1532/2915/12 1538/2916/12
f 1533/2917/12 1551/2918/12 1545/2919/12 1539/2920/12
f 1546/2921/12 1552/2922/12 1534/2923/12 1540/2924/12
f 1535/2925/12 1553/2926/12 1547/2927/12 1541/2928/12
f 1548/2929/12 1554/2930/12 1536/2931/12 1542/2932/12
f 1507/2933/1 1531/2934/1 1537/2935/1 1513/2936/1
f 1538/2937/1 1532/2938/1 1508/2939/1 1514/2940/1
f 1509/2941/1 1533/2942/1 1539/2943/1 1515/2944/1
f 1540/2945/1 1534/2946/1 1510/2947/1 1516/2948/1
f 1511/2949/1 1535/2950/1 1541/2951/1 1517/2952/1
f 1542/2953/1 1536/2954/1 1512/2955/1 1518/2956/1
f 1513/2957/3 1537/2958/3 1543/2959/3 1519/2960/3
f 1544/2961/4 1538/2962/4 1514/2963/4 1520/2964/4
f 1515/2965/3 1539/2966/3 1545/2967/3 1521/2968/3
f 1546/2969/4 1540/2970/4 1516/2971/4 1522/2972/4
f 1517/2973/3 1541/2974/3 1547/2975/3 1523/2976/3
f 1548/2977/4 1542/2978/4 1518/2979/4 1524/2980/4
f 1519/2981/2 1543/2982/2 1549/2983/2 1525/2984/2
f 1550/2985/2 1544/2986/2 1520/2987/2 1526/2988/2
f 1521/2989/2 1545/2990/2 1551/2991/2 1527/2992/2
f 1552/2993/2 1546/2994/2 1522/2995/2 1528/2996/2
f 1523/2997/2 1547/2998/2 1553/2999/2 1529/3000/2
f 1554/3001/2 1548/3002/2 1524/3003/2 1530/3004/2
f 1525/3005/4 1549/3006/4 1531/3007/4 1507/3008/4
f 1532/3009/3 1550/3010/3 1526/3011/3 1508/3012/3
f 1527/3013/4 1551/3014/4 1533/3015/4 1509/3016/4
f 1534/3017/3 1552/3018/3 1528/3019/3 1510/3020/3
f 1529/3021/4 1553/3022/4 1535/3023/4 1511/3024/4
f 1536/3025/3 1554/3026/3 1530/3027/3 1512/3028/3
f 1579/3029/4 1555/3030/4 1573/3031/4 1597/3032/4
f 1574/3033/3 1556/3034/3 1580/3035/3 1598/3036/3
f 1581/3037/4 1557/3038/4 1575/3039/4 1599/3040/4
f 1576/3041/3 1558/3042/3 1582/3043/3 1600/3044/3
f 1583/3045/4 1559/3046/4 1577/3047/4 1601/3048/4
f 1578/3049/3 1560/3050/3 1584/3051/3 1602/3052/3
f 1585/3053/11 1561/3054/11 1555/3055/11 1579/3056/11
f 1556/3057/11 1562/3058/11 1586/3059/11 1580/3060/11
f 1587/3061/11 1563/3062/11 1557/3063/11 1581/3064/11
f 1558/3065/11 1564/3066/11 1588/3067/11 1582/3068/11
f 1589/3069/11 1565/3070/11 1559/3071/11 1583/3072/11
f 1560/3073/11 1566/3074/11 1590/3075/11 1584/3076/11
f 1591/3077/3 1567/3078/3 1561/3079/3 1585/3080/3
f 1562/3081/4 1568/3082/4 1592/3083/4 1586/3084/4
f 1593/3085/3 1569/3086/3 1563/3087/3 1587/3088/3
f 1564/3089/4 1570/3090/4 1594/3091/4 1588/3092/4
f 1595/3093/3 1571/3094/3 1565/3095/3 1589/3096/3
f 1566/3097/4 1572/3098/4 1596/3099/4 1590/3100/4
f 1597/3101/12 1573/3102/12 1567/3103/12 1591/3104/12
f 1568/3105/12 1574/3106/12 1598/3107/12 1592/3108/12
f 1599/3109/12 1575/3110/12 1569/3111/12 1593/3112/12
f 1570/3113/12 1576/3114/12 1600/3115/12 1594/3116/12
f 1601/3117/12 1577/3118/12 1571/3119/12 1595/3120/12
f 1572/3121/12 1578/3122/12 1602/3123/12 1596/3124/12
f 1573/3125/2 1555/3126/2 1561/3127/2 1567/3128/2
f 1562/3129/2 1556/3130/2 1574/3131/2 1568/3132/2
f 1575/3133/2 1557/3134/2 1563/3135/2 1569/3136/2
f 1564/3137/2 1558/3138/2 1576/3139/2 1570/3140/2
f 1577/3141/2 1559/3142/2 1565/3143/2 1571/3144/2
f 1566/3145/2 1560/3146/2 1578/3147/2 1572/3148/2
f 1585/3149/1 1579/3150/1 1597/3151/1 1591/3152/1
f 1598/3153/1 1580/3154/1 1586/3155/1 1592/3156/1
f 1587/3157/1 1581/3158/1 1599/3159/1 1593/3160/1
f 1600/3161/1 1582/3162/1 1588/3163/1 1594/3164/1
f 1589/3165/1 1583/3166/1 1601/3167/1 1595/3168/1
f 1602/3169/1 1584/3170/1 1590/3171/1 1596/3172/1
f 1615/3173/1 1621/3174/1 1603/3175/1 1609/3176/1
f 1604/3177/1 1622/3178/1 1616/3179/1 1610/3180/1
f 1617/3181/1 1623/3182/1 1605/3183/1 1611/3184/1
f 1606/3185/1 1624/3186/1 1618/3187/1 1612/3188/1
f 1619/3189/1 1625/3190/1 1607/3191/1 1613/3192/1
f 1608/3193/1 1626/3194/1 1620/3195/1 1614/3196/1
f 1627/3197/2 1645/3198/2 1639/3199/2 1633/3200/2
f 1640/3201/2 1646/3202/2 1628/3203/2 1634/3204/2
f 1629/3205/2 1647/3206/2 1641/3207/2 1635/3208/2
f 1642/3209/2 1648/3210/2 1630/3211/2 1636/3212/2
f 1631/3213/2 1649/3214/2 1643/3215/2 1637/3216/2
f 1644/3217/2 1650/3218/2 1632/3219/2 1638/3220/2
f 1603/3221/12 1627/3222/12 1633/3223/12 1609/3224/12
f 1634/3225/12 1628/3226/12 1604/3227/12 1610/3228/12
f 1605/3229/12 1629/3230/12 1635/3231/12 1611/3232/12
f 1636/3233/12 1630/3234/12 1606/3235/12 1612/3236/12
f 1607/3237/12 1631/3238/12 1637/3239/12 1613/3240/12
f 1638/3241/12 1632/3242/12 1608/3243/12 1614/3244/12
f 1609/3245/3 1633/3246/3 1639/3247/3 1615/3248/3
f 1640/3249/4 1634/3250/4 1610/3251/4 1616/3252/4
f 1611/3253/3 1635/3254/3 1641/3255/3 1617/3256/3
f 1642/3257/4 1636/3258/4 1612/3259/4 1618/3260/4
f 1613/3261/3 1637/3262/3 1643/3263/3 1619/3264/3
f 1644/3265/4 1638/3266/4 1614/3267/4 1620/3268/4
f 1615/3269/11 1639/3270/11 1645/3271/11 1621/3272/11
f 1646/3273/11 1640/3274/11 1616/3275/11 1622/3276/11
f 1617/3277/11 1641/3278/11 1647/3279/11 1623/3280/11
f 1648/3281/11 1642/3282/11 1618/3283/11 1624/3284/11
f 1619/3285/11 1643/3286/11 1649/3287/11 1625/3288/11
f 1650/3289/11 1644/3290/11 1620/3291/11 1626/3292/11
f 1621/3293/4 1645/3294/4 1627/3295/4 1603/3296/4
f 1628/3297/3 1646/3298/3 1622/3299/3 1604/3300/3
f 1623/3301/4 1647/3302/4 1629/3303/4 1605/3304/4
f 1630/3305/3 1648/3306/3 1624/3307/3 1606/3308/3
f 1625/3309/4 1649/3310/4 1631/3311/4 1607/3312/4
f 1632/3313/3 1650/3314/3 1626/3315/3 1608/3316/3
f 1675/3317/4 1651/3318/4 1669/3319/4 1693/3320/4
f 1670/3321/3 1652/3322/3 1676/3323/3 1694/3324/3
f 1677/3325/4 1653/3326/4 1671/3327/4 1695/3328/4
f 1672/3329/3 1654/3330/3 1678/3331/3 1696/3332/3
f 1679/3333/4 1655/3334/4 1673/3335/4 1697/3336/4
f 1674/3337/3 1656/3338/3 1680/3339/3 1698/3340/3
f 1681/3341/2 1657/3342/2 1651/3343/2 1675/3344/2
f 1652/3345/2 1658/3346/2 1682/3347/2 1676/3348/2
f 1683/3349/2 1659/3350/2 1653/3351/2 1677/3352/2
f 1654/3353/2 1660/3354/2 1684/3355/2 1678/3356/2
f 1685/3357/2 1661/3358/2 1655/3359/2 1679/3360/2
f 1656/3361/2 1662/3362/2 1686/3363/2 1680/3364/2
f 1687/3365/3 1663/3366/3 1657/3367/3 1681/3368/3
f 1658/3369/4 1664/3370/4 1688/3371/4 1682/3372/4
f 1689/3373/3 1665/3374/3 1659/3375/3 1683/3376/3
f 1660/3377/4 1666/3378/4 1690/3379/4 1684/3380/4
f 1691/3381/3 1667/3382/3 1661/3383/3 1685/3384/3
f 1662/3385/4 1668/3386/4 1692/3387/4 1686/3388/4
f 1693/3389/1 1669/3390/1 1663/3391/1 1687/3392/1
f 1664/3393/1 1670/3394/1 1694/3395/1 1688/3396/1
f 1695/3397/1 1671/3398/1 1665/3399/1 1689/3400/1
f 1666/3401/1 1672/3402/1 1696/3403/1 1690/3404/1
f 1697/3405/1 1673/3406/1 1667/3407/1 1691/3408/1
f 1668/3409/1 1674/3410/1 1698/3411/1 1692/3412/1
f 1669/3413/12 1651/3414/12 1657/3415/12 1663/3416/12
f 1658/3417/12 1652/3418/12 1670/3419/12 1664/3420/12
f 1671/3421/12 1653/3422/12 1659/3423/12 1665/3424/12
f 1660/3425/12 1654/3426/12 1672/3427/12 1666/3428/12
f 1673/3429/12 1655/3430/12 1661/3431/12 1667/3432/12
f 1662/3433/12 1656/3434/12 1674/3435/12 1668/3436/12
f 1681/3437/11 1675/3438/11 1693/3439/11 1687/3440/11
f 1694/3441/11 1676/3442/11 1682/3443/11 1688/3444/11
f 1683/3445/11 1677/3446/11 1695/3447/11 1689/3448/11
f 1696/3449/11 1678/3450/11 1684/3451/11 1690/3452/11
f 1685/3453/11 1679/3454/11 1697/3455/11 1691/3456/11
f 1698/3457/11 1680/3458/11 1686/3459/11 1692/3460/11
f 1711/3461/11 1717/3462/11 1699/3463/11 1705/3464/11
f 1700/3465/11 1718/3466/11 1712/3467/11 1706/3468/11
f 1713/3469/11 1719/3470/11 1701/3471/11 1707/3472/11
f 1702/3473/11 1720/3474/11 1714/3475/11 1708/3476/11
f 1715/3477/11 1721/3478/11 1703/3479/11 1709/3480/11
f 1704/3481/11 1722/3482/11 1716/3483/11 1710/3484/11
f 1723/3485/12 1741/3486/12 1735/3487/12 1729/3488/12
f 1736/3489/12 1742/3490/12 1724/3491/12 1730/3492/12
f 1725/3493/12 1743/3494/12 1737/3495/12 1731/3496/12
f 1738/3497/12 1744/3498/12 1726/3499/12 1732/3500/12
f 1727/3501/12 1745/3502/12 1739/3503/12 1733/3504/12
f 1740/3505/12 1746/3506/12 1728/3507/12 1734/3508/12
f 1699/3509/1 1723/3510/1 1729/3511/1 1705/3512/1
f 1730/3513/1 1724/3514/1 1700/3515/1 1706/3516/1
f 1701/3517/1 1725/3518/1 1731/3519/1 1707/3520/1
f 1732/3521/1 1726/3522/1 1702/3523/1 1708/3524/1
f 1703/3525/1 1727/3526/1 1733/3527/1 1709/3528/1
f 1734/3529/1 1728/3530/1 1704/3531/1 1710/3532/1
f 1705/3533/3 1729/3534/3 1735/3535/3 1711/3536/3
f 1736/3537/4 1730/3538/4 1706/3539/4 1712/3540/4
f 1707/3541/3 1731/3542/3 1737/3543/3 1713/3544/3
f 1738/3545/4 1732/3546/4 1708/3547/4 1714/3548/4
f 1709/3549/3 1733/3550/3 1739/3551/3 1715/3552/3
f 1740/3553/4 1734/3554/4 1710/3555/4 1716/3556/4
f 1711/3557/2 1735/3558/2 1741/3559/2 1717/3560/2
f 1742/3561/2 1736/3562/2 1712/3563/2 1718/3564/2
f 1713/3565/2 1737/3566/2 1743/3567/2 1719/3568/2
f 1744/3569/2 1738/3570/2 1714/3571/2 1720/3572/2
f 1715/3573/2 1739/3574/2 1745/3575/2 1721/3576/2
f 1746/3577/2 1740/3578/2 1716/3579/2 1722/3580/2
f 1717/3581/4 1741/3582/4 1723/3583/4 1699/3584/4
f 1724/3585/3 1742/3586/3 1718/3587/3 1700/3588/3
f 1719/3589/4 1743/3590/4 1725/3591/4 1701/3592/4
f 1726/3593/3 1744/3594/3 1720/3595/3 1702/3596/3
f 1721/3597/4 1745/3598/4 1727/3599/4 1703/3600/4
f 1728/3601/3 1746/3602/3 1722/3603/3 1704/3604/3
f 1759/3605/11 1765/3606/11 1747/3607/11 1753/3608/11
f 1748/3609/11 1766/3610/11 1760/3611/11 1754/3612/11
f 1761/3613/11 1767/3614/11 1749/3615/11 1755/3616/11
f 1750/3617/11 1768/3618/11 1762/3619/11 1756/3620/11
f 1763/3621/11 1769/3622/11 1751/3623/11 1757/3624/11
f 1752/3625/11 1770/3626/11 1764/3627/11 1758/3628/11
f 1771/3629/12 1789/3630/12 1783/3631/12 1777/3632/12
f 1784/3633/12 1790/3634/12 1772/3635/12 1778/3636/12
f 1773/3637/12 1791/3638/12 1785/3639/12 1779/3640/12
f 1786/3641/12 1792/3642/12 1774/3643/12 1780/3644/12
f 1775/3645/12 1793/3646/12 1787/3647/12 1781/3648/12
f 1788/3649/12 1794/3650/12 1776/3651/12 1782/3652/12
f 1747/3653/1 1771/3654/1 1777/3655/1 1753/3656/1
f 1778/3657/1 1772/3658/1 1748/3659/1 1754/3660/1
f 1749/3661/1 1773/3662/1 1779/3663/1 1755/3664/1
f 1780/3665/1 1774/3666/1 1750/3667/1 1756/3668/1
f 1751/3669/1 1775/3670/1 1781/3671/1 1757/3672/1
f 1782/3673/1 1776/3674/1 1752/3675/1 1758/3676/1
f 1753/3677/3 1777/3678/3 1783/3679/3 1759/3680/3
f 1784/3681/4 1778/3682/4 1754/3683/4 1760/3684/4
f 1755/3685/3 1779/3686/3 1785/3687/3 1761/3688/3
f 1786/3689/4 1780/3690/4 1756/3691/4 1762/3692/4
f 1757/3693/3 1781/3694/3 1787/3695/3 1763/3696/3
f 1788/3697/4 1782/3698/4 1758/3699/4 1764/3700/4
f 1759/3701/2 1783/3702/2 1789/3703/2 1765/3704/2
f 1790/3705/2 1784/3706/2 1760/3707/2 1766/3708/2
f 1761/3709/2 1785/3710/2 1791/3711/2 1767/3712/2
f 1792/3713/2 1786/3714/2 1762/3715/2 1768/3716/2
f 1763/3717/2 1787/3718/2 1793/3719/2 1769/3720/2
f 1794/3721/2 1788/3722/2 1764/3723/2 1770/3724/2
f 1765/3725/4 1789/3726/4 1771/3727/4 1747/3728/4
f 1772/3729/3 1790/3730/3 1766/3731/3 1748/3732/3
f 1767/3733/4 1791/3734/4 1773/3735/4 1749/3736/4
f 1774/3737/3 1792/3738/3 1768/3739/3 1750/3740/3
f 1769/3741/4 1793/3742/4 1775/3743/4 1751/3744/4
f 1776/3745/3 1794/3746/3 1770/3747/3 1752/3748/3
f 1819/3749/4 1795/3750/4 1813/3751/4 1837/3752/4
f 1814/3753/3 1796/3754/3 1820/3755/3 1838/3756/3
f 1821/3757/4 1797/3758/4 1815/3759/4 1839/3760/4
f 1816/3761/3 1798/3762/3 1822/3763/3 1840/3764/3
f 1823/3765/4 1799/3766/4 1817/3767/4 1841/3768/4
f 1818/3769/3 1800/3770/3 1824/3771/3 1842/3772/3
f 1825/3773/2 1801/3774/2 1795/3775/2 1819/3776/2
f 1796/3777/2 1802/3778/2 1826/3779/2 1820/3780/2
f 1827/3781/2 1803/3782/2 1797/3783/2 1821/3784/2
f 1798/3785/2 1804/3786/2 1828/3787/2 1822/3788/2
f 1829/3789/2 1805/3790/2 1799/3791/2 1823/3792/2
f 1800/3793/2 1806/3794/2 1830/3795/2 1824/3796/2
f 1831/3797/3 1807/3798/3 1801/3799/3 1825/3800/3
f 1802/3801/4 1808/3802/4 1832/3803/4 1826/3804/4
f 1833/3805/3 1809/3806/3 1803/3807/3 1827/3808/3
f 1804/3809/4 1810/3810/4 1834/3811/4 1828/3812/4
f 1835/3813/3 1811/3814/3 1805/3815/3 1829/3816/3
f 1806/3817/4 1812/3818/4 1836/3819/4 1830/3820/4
f 1837/3821/1 1813/3822/1 1807/3823/1 1831/3824/1
f 1808/3825/1 1814/3826/1 1838/3827/1 1832/3828/1
f 1839/3829/1 1815/3830/1 1809/3831/1 1833/3832/1
f 1810/3833/1 1816/3834/1 1840/3835/1 1834/3836/1
f 1841/3837/1 1817/3838/1 1811/3839/1 1835/3840/1
f 1812/3841/1 1818/3842/1 1842/3843/1 1836/3844/1
f 1813/3845/12 1795/3846/12 1801/3847/12 1807/3848/12
f 1802/3849/12 1796/3850/12 1814/3851/12 1808/3852/12
f 1815/3853/12 1797/3854/12 1803/3855/12 1809/3856/12
f 1804/3857/12 1798/3858/12 1816/3859/12 1810/3860/12
f 1817/3861/12 1799/3862/12 1805/3863/12 1811/3864/12
f 1806/3865/12 1800/3866/12 1818/3867/12 1812/3868/12
f 1825/3869/11 1819/3870/11 1837/3871/11 1831/3872/11
f 1838/3873/11 1820/3874/11 1826/3875/11 1832/3876/11
f 1827/3877/11 1821/3878/11 1839/3879/11 1833/3880/11
f 1840/3881/11 1822/3882/11 1828/3883/11 1834/3884/11
f 1829/3885/11 1823/3886/11 1841/3887/11 1835/3888/11
f 1842/3889/11 1824/3890/11 1830/3891/11 1836/3892/11
f 380/521/64 881/1271/64 1843/3893/64 1853/3894/64
f 1844/3895/65 882/3896/65 381/3897/65 1854/3898/65
f 881/1271/64 879/1277/64 1845/3899/64 1843/3893/64
f 1846/3900/65 880/3901/65 882/3896/65 1844/3895/65
f 879/1277/64 877/1283/64 1847/3902/64 1845/3899/64
f 1848/3903/65 878/3904/65 880/3901/65 1846/3900/65
f 877/1283/64 137/227/64 1865/3905/64 1847/3902/64
f 1866/3906/65 138/3907/65 878/3904/65 1848/3903/65
f 640/3908/12 342/3909/12 1855/3910/12 1850/3911/12
f 1856/3912/12 343/3913/12 641/3914/12 1851/3915/12
f 638/3916/12 640/3908/12 1850/3911/12 1849/3917/12
f 1851/3915/12 641/3914/12 639/3918/12 1849/3917/12
f 642/3919/12 638/3916/12 1849/3917/12
f 1849/3917/12 639/3918/12 642/3919/12
f 540/3920/66 589/3921/66 1852/3922/66
f 1852/3922/66 589/3921/66 541/3923/66
f 295/3924/66 540/3920/66 1852/3922/66
f 1852/3922/66 541/3923/66 296/3925/66
f 342/522/64 380/521/64 1853/3894/64 1855/3926/64
f 1854/3898/65 381/3897/65 343/3927/65 1856/3928/65
f 266/3929/67 295/3930/67 1852/3931/67 1857/3932/67
f 1852/3922/68 296/3925/68 267/3933/68 1858/3934/68
f 228/426/69 266/425/69 1857/3935/69 1859/3936/69
f 1858/3937/70 267/427/70 229/428/70 1860/3938/70
f 198/376/64 228/375/64 1859/3939/64 1861/3940/64
f 1860/3941/65 229/3942/65 199/3943/65 1862/3944/65
f 160/298/71 198/297/71 1861/3945/71 1863/3946/71
f 1862/3947/72 199/299/72 161/300/72 1864/3948/72
f 109/148/64 160/260/64 1863/3949/64 1869/3950/64
f 1864/3951/65 161/3952/65 110/3953/65 1870/3954/65
f 137/227/64 111/145/64 1867/3955/64 1865/3905/64
f 1868/3956/65 112/3957/65 138/3907/65 1866/3906/65
f 111/145/64 109/148/64 1869/3950/64 1867/3955/64
f 1870/3954/65 110/3953/65 112/3957/65 1868/3956/65
f 1867/3955/73 1869/3950/73 1871/3958/73 1873/3959/73
f 1872/3960/74 1870/3954/74 1868/3956/74 1874/3961/74
f 1865/3905/73 1867/3955/73 1873/3959/73 1875/3962/73
f 1874/3961/74 1868/3956/74 1866/3906/74 1876/3963/74
f 1869/3950/73 1863/3949/73 1877/3964/73 1871/3958/73
f 1878/3965/74 1864/3951/74 1870/3954/74 1872/3960/74
f 1863/3946/75 1861/3945/75 1879/3966/75 1877/3967/75
f 1880/3968/76 1862/3947/76 1864/3948/76 1878/3969/76
f 1861/3940/77 1859/3939/77 1881/3970/77 1879/3971/77
f 1882/3972/78 1860/3941/78 1862/3944/78 1880/3973/78
f 1859/3936/79 1857/3935/79 1883/3974/79 1881/3975/79
f 1884/3976/80 1858/3937/80 1860/3938/80 1882/3977/80
f 1857/3935/81 1852/3978/81 1889/3979/81 1883/3974/81
f 1889/3980/82 1852/3922/82 1858/3934/82 1884/3981/82
f 1855/3926/73 1853/3894/73 1887/3982/73 1885/3983/73
f 1888/3984/74 1854/3898/74 1856/3928/74 1886/3985/74
f 1849/3917/12 1850/3911/12 1896/3986/12
f 1896/3986/12 1851/3915/12 1849/3917/12
f 1850/3911/12 1855/3910/12 1885/3987/12 1896/3986/12
f 1886/3988/12 1856/3912/12 1851/3915/12 1896/3986/12
f 1847/3902/73 1865/3905/73 1875/3962/73 1899/3989/73
f 1876/3963/74 1866/3906/74 1848/3903/74 1900/3990/74
f 1845/3899/73 1847/3902/73 1899/3989/73 1901/3991/73
f 1900/3990/74 1848/3903/74 1846/3900/74 1902/3992/74
f 1843/3893/73 1845/3899/73 1901/3991/73 1903/3993/73
f 1902/3992/74 1846/3900/74 1844/3895/74 1904/3994/74
f 1853/3894/73 1843/3893/73 1903/3993/73 1887/3982/73
f 1904/3994/74 1844/3895/74 1854/3898/74 1888/3984/74
f 1887/3995/1 1897/3996/1 1896/3997/1 1885/3998/1
f 1896/3997/1 1897/3996/1 1888/3984/1 1886/3985/1
f 1892/3999/83 1883/3974/83 1889/3979/83
f 1889/3979/84 1884/3976/84 1892/3999/84
f 1893/4000/85 1881/3975/85 1883/3974/85 1892/3999/85
f 1884/3976/86 1882/3977/86 1893/4000/86 1892/3999/86
f 1894/4001/1 1879/4002/1 1881/4003/1 1893/4004/1
f 1882/3972/1 1880/3973/1 1894/4001/1 1893/4004/1
f 1895/4005/87 1877/3967/87 1879/3966/87 1894/4006/87
f 1880/3968/87 1878/3969/87 1895/4005/87 1894/4006/87
f 1890/4007/1 1871/4008/1 1877/4009/1 1895/4010/1
f 1878/3965/1 1872/3960/1 1890/4007/1 1895/4010/1
f 1871/4008/1 1890/4007/1 1891/4011/1 1873/4012/1
f 1891/4011/1 1890/4007/1 1872/3960/1 1874/3961/1
f 1873/4012/1 1891/4011/1 1898/4013/1 1875/4014/1
f 1898/4013/1 1891/4011/1 1874/3961/1 1876/3963/1
f 1898/4013/1 1905/4015/1 1899/4016/1 1875/4014/1
f 1900/3990/1 1905/4015/1 1898/4013/1 1876/3963/1
f 1905/4015/1 1907/4017/1 1901/4018/1 1899/4016/1
f 1902/3992/1 1907/4017/1 1905/4015/1 1900/3990/1
f 1907/4017/1 1906/4019/1 1903/4020/1 1901/4018/1
f 1904/3994/1 1906/4019/1 1907/4017/1 1902/3992/1
f 1906/4019/1 1897/3996/1 1887/3995/1 1903/4020/1
f 1888/3984/1 1897/3996/1 1906/4019/1 1904/3994/1
f 578/4021/11 514/4022/11 1908/4023/11 1910/4024/11
f 1909/4025/11 515/4026/11 579/4027/11 1911/4028/11
f 282/4029/11 578/4021/11 1910/4024/11 1912/4030/11
f 1911/4028/11 579/4027/11 282/4029/11 1912/4030/11
f 564/4031/12 147/4032/12 1913/4033/12 1914/4034/12
f 1913/4033/12 147/4032/12 565/4035/12 1915/4036/12
f 500/4037/12 564/4031/12 1914/4034/12 1916/4038/12
f 1915/4036/12 565/4035/12 501/4039/12 1917/4040/12
f 514/4022/11 252/446/11 1918/4041/11 1908/4023/11
f 1919/4042/11 253/450/11 515/4026/11 1909/4025/11
f 178/317/12 500/4037/12 1916/4038/12 1920/4043/12
f 1917/4040/12 501/4039/12 179/323/12 1921/4044/12
f 252/446/7 246/445/7 1922/4045/7 1918/4041/7
f 1923/4046/8 247/451/8 253/450/8 1919/4042/8
f 246/370/3 184/369/3 1924/4047/3 1922/4048/3
f 1925/4049/4 185/372/4 247/371/4 1923/4050/4
f 184/318/5 178/317/5 1920/4043/5 1924/4051/5
f 1921/4044/6 179/323/6 185/322/6 1925/4052/6
f 1926/4053/2 1910/4054/2 1908/4055/2 1928/4056/2
f 1909/4057/2 1911/4058/2 1927/4059/2 1929/4060/2
f 1930/4061/2 1912/4062/2 1910/4054/2 1926/4053/2
f 1911/4058/2 1912/4062/2 1930/4061/2 1927/4059/2
f 1931/4063/2 1926/4053/2 1928/4056/2 1933/4064/2
f 1929/4060/2 1927/4059/2 1932/4065/2 1934/4066/2
f 1935/4067/2 1930/4061/2 1926/4053/2 1931/4063/2
f 1927/4059/2 1930/4061/2 1935/4067/2 1932/4065/2
f 1914/4068/2 1931/4063/2 1933/4064/2 1916/4069/2
f 1934/4066/2 1932/4065/2 1915/4070/2 1917/4071/2
f 1913/4072/2 1935/4067/2 1931/4063/2 1914/4068/2
f 1932/4065/2 1935/4067/2 1913/4072/2 1915/4070/2
f 1928/4056/2 1908/4055/2 1918/4073/2 1922/4074/2
f 1919/4075/2 1909/4057/2 1929/4060/2 1923/4076/2
f 1933/4064/2 1928/4056/2 1922/4074/2 1924/4077/2
f 1923/4076/2 1929/4060/2 1934/4066/2 1925/4078/2
f 1916/4069/2 1933/4064/2 1924/4077/2 1920/4079/2
f 1925/4078/2 1934/4066/2 1917/4071/2 1921/4080/2
f 584/674/2 612/673/2 1938/4081/2 1936/4082/2
f 1939/4083/2 613/678/2 585/677/2 1937/4084/2
f 636/572/2 520/571/2 1940/4085/2 1942/4086/2
f 1941/4087/2 521/573/2 637/576/2 1943/4088/2
f 520/571/2 584/674/2 1936/4082/2 1940/4085/2
f 1937/4084/2 585/677/2 521/573/2 1941/4087/2
f 612/673/2 636/572/2 1942/4086/2 1938/4081/2
f 1943/4088/2 637/576/2 613/678/2 1939/4083/2
f 1938/4089/12 1942/4090/12 1944/4091/12 1946/4092/12
f 1945/4093/12 1943/4094/12 1939/4095/12 1947/4096/12
f 1940/4097/11 1936/4098/11 1948/4099/11 1950/4100/11
f 1949/4101/11 1937/4102/11 1941/4103/11 1951/4104/11
f 1942/4105/4 1940/4106/4 1950/4107/4 1944/4108/4
f 1951/4109/3 1941/4110/3 1943/4111/3 1945/4112/3
f 1936/4113/3 1938/4114/3 1946/4115/3 1948/4116/3
f 1947/4117/4 1939/4118/4 1937/4119/4 1949/4120/4
f 1944/4121/2 1950/4122/2 1948/4123/2 1946/4124/2
f 1949/4125/2 1951/4126/2 1945/4127/2 1947/4128/2
f 1952/4129/12 1953/4130/12 1954/4131/12 1955/4132/12
f 1956/4133/11 1959/4134/11 1958/4135/11 1957/4136/11
f 1952/4137/2 1956/4138/2 1957/4139/2 1953/4140/2
f 1953/4141/3 1957/4142/3 1958/4143/3 1954/4144/3
f 1954/4145/1 1958/4146/1 1959/4147/1 1955/4148/1
f 1956/4149/4 1952/4150/4 1955/4151/4 1959/4152/4
f 1978/4153/1 1972/4154/1 1984/4155/1 1982/4156/1
f 1985/4157/1 1973/4158/1 1979/4159/1 1983/4160/1
f 1974/4161/2 1976/4162/2 1980/4163/2 1986/4164/2
f 1981/4165/2 1977/4166/2 1975/4167/2 1987/4168/2
f 1964/4169/1 1970/4170/1 1990/4171/1 1992/4172/1
f 1991/4173/1 1971/4174/1 1965/4175/1 1993/4176/1
f 1968/4177/2 1962/4178/2 1994/4179/2 1988/4180/2
f 1995/4181/2 1963/4182/2 1969/4183/2 1989/4184/2
f 1988/4185/3 1994/4186/3 1982/4187/3 1984/4188/3
f 1983/4189/4 1995/4190/4 1989/4191/4 1985/4192/4
f 1992/4193/3 1990/4194/3 1986/4195/3 1980/4196/3
f 1987/4197/4 1991/4198/4 1993/4199/4 1981/4200/4
f 1998/4201/3 2002/4202/3 2000/4203/3 1996/4204/3
f 2001/4205/4 2003/4206/4 1999/4207/4 1997/4208/4
f 2002/4202/3 1970/4209/3 1964/4210/3 2000/4203/3
f 1965/4211/4 1971/4212/4 2003/4206/4 2001/4205/4
f 1968/4213/3 2006/4214/3 2004/4215/3 1962/4216/3
f 2005/4217/4 2007/4218/4 1969/4219/4 1963/4220/4
f 1960/4221/3 2004/4215/3 2006/4214/3 1966/4222/3
f 2007/4218/4 2005/4217/4 1961/4223/4 1967/4224/4
f 1968/4213/3 2133/4225/3 2093/4226/3 2006/4214/3
f 2094/4227/4 2134/4228/4 1969/4219/4 2007/4218/4
f 2006/4214/3 2093/4226/3 2135/4229/3 1966/4222/3
f 2136/4230/4 2094/4227/4 2007/4218/4 1967/4224/4
f 1998/4201/3 2008/4231/3 2097/4232/3 2002/4202/3
f 2098/4233/4 2009/4234/4 1999/4207/4 2003/4206/4
f 2002/4202/3 2097/4232/3 2131/4235/3 1970/4209/3
f 2132/4236/4 2098/4233/4 2003/4206/4 1971/4212/4
f 2004/4215/3 2013/4237/3 2021/4238/3 1962/4216/3
f 2022/4239/4 2014/4240/4 2005/4217/4 1963/4220/4
f 1960/4221/3 2023/4241/3 2013/4237/3 2004/4215/3
f 2014/4240/4 2024/4242/4 1961/4223/4 2005/4217/4
f 2000/4203/3 2015/4243/3 2017/4244/3 1996/4204/3
f 2018/4245/4 2016/4246/4 2001/4205/4 1997/4208/4
f 1964/4210/3 2019/4247/3 2015/4243/3 2000/4203/3
f 2016/4246/4 2020/4248/4 1965/4211/4 2001/4205/4
f 2019/4249/88 2029/4250/88 2033/4251/88 2015/4252/88
f 2034/4253/89 2030/4254/89 2020/4255/89 2016/4256/89
f 2015/4252/88 2033/4251/88 2031/4257/88 2017/4258/88
f 2032/4259/89 2034/4253/89 2016/4256/89 2018/4260/89
f 2023/4261/88 2025/4262/88 2035/4263/88 2013/4264/88
f 2036/4265/89 2026/4266/89 2024/4267/89 2014/4268/89
f 2013/4264/88 2035/4263/88 2027/4269/88 2021/4270/88
f 2028/4271/89 2036/4265/89 2014/4268/89 2022/4272/89
f 2035/4273/3 2039/4274/3 2047/4275/3 2027/4276/3
f 2048/4277/4 2040/4278/4 2036/4279/4 2028/4280/4
f 2025/4281/3 2049/4282/3 2039/4274/3 2035/4273/3
f 2040/4278/4 2050/4283/4 2026/4284/4 2036/4279/4
f 2033/4285/3 2041/4286/3 2043/4287/3 2031/4288/3
f 2044/4289/4 2042/4290/4 2034/4291/4 2032/4292/4
f 2029/4293/3 2045/4294/3 2041/4286/3 2033/4285/3
f 2042/4290/4 2046/4295/4 2030/4296/4 2034/4291/4
f 2045/4297/90 2055/4298/90 2059/4299/90 2041/4300/90
f 2060/4301/91 2056/4302/91 2046/4303/91 2042/4304/91
f 2041/4300/90 2059/4299/90 2057/4305/90 2043/4306/90
f 2058/4307/91 2060/4301/91 2042/4304/91 2044/4308/91
f 2049/4309/90 2051/4310/90 2061/4311/90 2039/4312/90
f 2062/4313/91 2052/4314/91 2050/4315/91 2040/4316/91
f 2039/4312/90 2061/4311/90 2053/4317/90 2047/4318/90
f 2054/4319/91 2062/4313/91 2040/4316/91 2048/4320/91
f 2061/4311/92 2064/4321/92 2072/4322/92 2053/4317/92
f 2073/4323/93 2065/4324/93 2062/4325/93 2054/4326/93
f 2051/4310/92 2074/4327/92 2064/4321/92 2061/4311/92
f 2065/4324/93 2075/4328/93 2052/4329/93 2062/4325/93
f 2059/4299/92 2066/4330/92 2068/4331/92 2057/4305/92
f 2069/4332/93 2067/4333/93 2060/4334/93 2058/4335/93
f 2055/4298/92 2070/4336/92 2066/4330/92 2059/4299/92
f 2067/4333/93 2071/4337/93 2056/4338/93 2060/4334/93
f 2095/4339/3 2087/4340/3 2083/4341/3 2125/4342/3
f 2084/4343/4 2088/4344/4 2096/4345/4 2126/4346/4
f 2099/4347/3 2085/4348/3 2087/4340/3 2095/4339/3
f 2088/4344/4 2086/4349/4 2100/4350/4 2096/4345/4
f 2091/4351/3 2089/4352/3 2079/4353/3 2129/4354/3
f 2080/4355/4 2090/4356/4 2092/4357/4 2130/4358/4
f 2127/4359/3 2081/4360/3 2089/4352/3 2091/4351/3
f 2090/4356/4 2082/4361/4 2128/4362/4 2092/4357/4
f 1966/4363/2 2135/4364/2 2147/4365/2 2189/4366/2
f 2148/4367/2 2136/4368/2 1967/4369/2 2190/4370/2
f 1960/4371/2 1966/4363/2 2189/4366/2 2185/4372/2
f 2190/4370/2 1967/4369/2 1961/4373/2 2186/4374/2
f 2023/4375/2 1960/4371/2 2185/4372/2 2139/4376/2
f 2186/4374/2 1961/4373/2 2024/4377/2 2140/4378/2
f 2139/4376/2 2141/4379/2 2025/4380/2 2023/4375/2
f 2026/4381/2 2142/4382/2 2140/4378/2 2024/4377/2
f 2141/4379/2 2143/4383/2 2049/4384/2 2025/4380/2
f 2050/4385/2 2144/4386/2 2142/4382/2 2026/4381/2
f 2143/4383/2 2145/4387/2 2051/4388/2 2049/4384/2
f 2052/4389/2 2146/4390/2 2144/4386/2 2050/4385/2
f 2145/4387/2 2161/4391/2 2074/4392/2 2051/4388/2
f 2075/4393/2 2162/4394/2 2146/4390/2 2052/4389/2
f 2129/4395/2 2079/4396/2 2149/4397/2 2187/4398/2
f 2150/4399/2 2080/4400/2 2130/4401/2 2188/4402/2
f 2066/4330/11 2070/4336/11 2151/4403/11 2157/4404/11
f 2152/4405/11 2071/4406/11 2067/4407/11 2158/4408/11
f 2068/4331/11 2066/4330/11 2157/4404/11 2155/4409/11
f 2158/4408/11 2067/4407/11 2069/4410/11 2156/4411/11
f 2064/4321/11 2074/4327/11 2161/4412/11 2159/4413/11
f 2162/4414/11 2075/4415/11 2065/4416/11 2160/4417/11
f 2072/4322/11 2064/4321/11 2159/4413/11 2153/4418/11
f 2160/4417/11 2065/4416/11 2073/4419/11 2154/4420/11
f 2183/4421/2 2163/4422/2 2139/4376/2 2185/4372/2
f 2140/4378/2 2164/4423/2 2184/4424/2 2186/4374/2
f 2038/4425/2 2063/4426/2 2169/4427/2 2167/4428/2
f 2170/4429/2 2063/4426/2 2038/4425/2 2168/4430/2
f 2167/4428/2 2169/4427/2 2145/4387/2 2143/4383/2
f 2146/4390/2 2170/4429/2 2168/4430/2 2144/4386/2
f 2169/4427/2 2176/4431/2 2161/4391/2 2145/4387/2
f 2162/4394/2 2176/4431/2 2170/4429/2 2146/4390/2
f 2157/4404/11 2151/4403/11 2173/4432/11 2138/4433/11
f 2173/4432/11 2152/4405/11 2158/4408/11 2138/4433/11
f 2155/4409/11 2157/4404/11 2138/4433/11 2174/4434/11
f 2138/4433/11 2158/4408/11 2156/4411/11 2174/4434/11
f 2159/4413/11 2161/4412/11 2176/4435/11 2175/4436/11
f 2176/4435/11 2162/4414/11 2160/4417/11 2175/4436/11
f 2153/4418/11 2159/4413/11 2175/4436/11 2137/4437/11
f 2175/4436/11 2160/4417/11 2154/4420/11 2137/4437/11
f 2187/4398/2 2149/4397/2 2179/4438/2 2177/4439/2
f 2180/4440/2 2150/4399/2 2188/4402/2 2178/4441/2
f 2189/4366/2 2147/4365/2 2171/4442/2 2181/4443/2
f 2172/4444/2 2148/4367/2 2190/4370/2 2182/4445/2
f 2185/4446/1 2183/4447/1 2181/4448/1 2189/4449/1
f 2182/4450/1 2184/4451/1 2186/4452/1 2190/4453/1
f 2177/4454/1 2077/4455/1 2078/4456/1 2179/4457/1
f 2078/4456/1 2077/4455/1 2178/4458/1 2180/4459/1
f 2063/4460/1 2169/4461/1 2176/4462/1
f 2176/4462/1 2170/4463/1 2063/4460/1
f 2165/4464/1 2141/4465/1 2143/4466/1 2167/4467/1
f 2144/4468/1 2142/4469/1 2166/4470/1 2168/4471/1
f 2037/4472/1 2165/4464/1 2167/4467/1 2038/4473/1
f 2168/4471/1 2166/4470/1 2037/4472/1 2038/4473/1
f 2163/4474/1 2139/4475/1 2141/4465/1 2165/4464/1
f 2142/4469/1 2140/4476/1 2164/4477/1 2166/4470/1
f 2012/4478/1 2163/4474/1 2165/4464/1 2037/4472/1
f 2166/4470/1 2164/4477/1 2012/4478/1 2037/4472/1
f 2011/4479/1 2183/4447/1 2163/4474/1 2012/4478/1
f 2164/4477/1 2184/4451/1 2011/4479/1 2012/4478/1
f 2183/4447/1 2011/4479/1 2010/4480/1 2181/4448/1
f 2010/4480/1 2011/4479/1 2184/4451/1 2182/4450/1
f 2181/4448/1 2010/4480/1 2076/4481/1 2171/4482/1
f 2076/4481/1 2010/4480/1 2182/4450/1 2172/4483/1
f 1984/4484/11 1972/4485/11 2202/4486/11 2208/4487/11
f 2203/4488/11 1973/4489/11 1985/4490/11 2209/4491/11
f 2208/4487/11 2202/4486/11 2204/4492/11 2210/4493/11
f 2205/4494/11 2203/4488/11 2209/4491/11 2211/4495/11
f 2210/4493/11 2204/4492/11 2206/4496/11 2212/4497/11
f 2207/4498/11 2205/4494/11 2211/4495/11 2213/4499/11
f 2212/4497/11 2206/4496/11 1974/4500/11 1986/4501/11
f 1975/4502/11 2207/4498/11 2213/4499/11 1987/4503/11
f 1990/4504/12 1970/4505/12 2200/4506/12 2218/4507/12
f 2201/4508/12 1971/4509/12 1991/4510/12 2219/4511/12
f 2218/4507/12 2200/4506/12 2198/4512/12 2216/4513/12
f 2199/4514/12 2201/4508/12 2219/4511/12 2217/4515/12
f 2216/4513/12 2198/4512/12 2196/4516/12 2214/4517/12
f 2197/4518/12 2199/4514/12 2217/4515/12 2215/4519/12
f 2214/4517/12 2196/4516/12 1968/4520/12 1988/4521/12
f 1969/4522/12 2197/4518/12 2215/4519/12 1989/4523/12
f 1986/4195/3 1990/4194/3 2218/4524/3 2212/4525/3
f 2219/4526/4 1991/4198/4 1987/4197/4 2213/4527/4
f 2212/4525/3 2218/4524/3 2216/4528/3 2210/4529/3
f 2217/4530/4 2219/4526/4 2213/4527/4 2211/4531/4
f 2210/4529/3 2216/4528/3 2214/4532/3 2208/4533/3
f 2215/4534/4 2217/4530/4 2211/4531/4 2209/4535/4
f 2208/4533/3 2214/4532/3 1988/4185/3 1984/4188/3
f 1989/4191/4 2215/4534/4 2209/4535/4 1985/4192/4
f 1970/4209/3 2131/4235/3 2238/4536/3 2200/4537/3
f 2239/4538/4 2132/4236/4 1971/4212/4 2201/4539/4
f 2200/4537/3 2238/4536/3 2240/4540/3 2198/4541/3
f 2241/4542/4 2239/4538/4 2201/4539/4 2199/4543/4
f 2198/4541/3 2240/4540/3 2242/4544/3 2196/4545/3
f 2243/4546/4 2241/4542/4 2199/4543/4 2197/4547/4
f 2196/4545/3 2242/4544/3 2133/4225/3 1968/4213/3
f 2134/4228/4 2243/4546/4 2197/4547/4 1969/4219/4
f 2113/4548/3 2101/4549/3 2220/4550/3 2226/4551/3
f 2221/4552/4 2102/4553/4 2114/4554/4 2227/4555/4
f 2226/4551/3 2220/4550/3 2222/4556/3 2228/4557/3
f 2223/4558/4 2221/4552/4 2227/4555/4 2229/4559/4
f 2228/4557/3 2222/4556/3 2224/4560/3 2230/4561/3
f 2225/4562/4 2223/4558/4 2229/4559/4 2231/4563/4
f 2230/4561/3 2224/4560/3 2103/4564/3 2115/4565/3
f 2104/4566/4 2225/4562/4 2231/4563/4 2116/4567/4
f 2101/4568/13 2133/4569/13 2242/4570/13 2220/4571/13
f 2243/4572/13 2134/4573/13 2102/4574/13 2221/4575/13
f 2220/4571/14 2242/4570/14 2240/4576/14 2222/4577/14
f 2241/4578/14 2243/4572/14 2221/4575/14 2223/4579/14
f 2222/4577/15 2240/4576/15 2238/4580/15 2224/4581/15
f 2239/4582/15 2241/4578/15 2223/4579/15 2225/4583/15
f 2224/4581/16 2238/4580/16 2131/4584/16 2103/4585/16
f 2132/4586/16 2239/4582/16 2225/4583/16 2104/4587/16
f 2115/4588/17 2119/4589/17 2236/4590/17 2230/4591/17
f 2237/4592/17 2120/4593/17 2116/4594/17 2231/4595/17
f 2230/4591/18 2236/4590/18 2234/4596/18 2228/4597/18
f 2235/4598/18 2237/4592/18 2231/4595/18 2229/4599/18
f 2228/4597/19 2234/4596/19 2232/4600/19 2226/4601/19
f 2233/4602/19 2235/4598/19 2229/4599/19 2227/4603/19
f 2226/4601/20 2232/4600/20 2117/4604/20 2113/4605/20
f 2118/4606/20 2233/4602/20 2227/4603/20 2114/4607/20
f 2095/4339/3 2125/4342/3 2268/4608/3 2244/4609/3
f 2269/4610/4 2126/4346/4 2096/4345/4 2245/4611/4
f 2244/4609/3 2268/4608/3 2270/4612/3 2246/4613/3
f 2271/4614/4 2269/4610/4 2245/4611/4 2247/4615/4
f 2246/4613/3 2270/4612/3 2272/4616/3 2248/4617/3
f 2273/4618/4 2271/4614/4 2247/4615/4 2249/4619/4
f 2248/4617/3 2272/4616/3 2131/4235/3 2097/4232/3
f 2132/4236/4 2273/4618/4 2249/4619/4 2098/4233/4
f 2099/4347/3 2095/4339/3 2244/4609/3 2278/4620/3
f 2245/4611/4 2096/4345/4 2100/4350/4 2279/4621/4
f 2278/4620/3 2244/4609/3 2246/4613/3 2276/4622/3
f 2247/4615/4 2245/4611/4 2279/4621/4 2277/4623/4
f 2276/4622/3 2246/4613/3 2248/4617/3 2274/4624/3
f 2249/4619/4 2247/4615/4 2277/4623/4 2275/4625/4
f 2274/4624/3 2248/4617/3 2097/4232/3 2008/4231/3
f 2098/4233/4 2249/4619/4 2275/4625/4 2009/4234/4
f 2115/4565/3 2103/4564/3 2250/4626/3 2260/4627/3
f 2251/4628/4 2104/4566/4 2116/4567/4 2261/4629/4
f 2260/4627/3 2250/4626/3 2252/4630/3 2258/4631/3
f 2253/4632/4 2251/4628/4 2261/4629/4 2259/4633/4
f 2258/4631/3 2252/4630/3 2254/4634/3 2256/4635/3
f 2255/4636/4 2253/4632/4 2259/4633/4 2257/4637/4
f 2256/4635/3 2254/4634/3 2105/4638/3 2109/4639/3
f 2106/4640/4 2255/4636/4 2257/4637/4 2110/4641/4
f 2103/4585/21 2131/4584/21 2272/4642/21 2250/4643/21
f 2273/4644/21 2132/4586/21 2104/4587/21 2251/4645/21
f 2250/4646/22 2272/4647/22 2270/4648/22 2252/4649/22
f 2271/4650/22 2273/4651/22 2251/4652/22 2253/4653/22
f 2252/4649/23 2270/4648/23 2268/4654/23 2254/4655/23
f 2269/4656/23 2271/4650/23 2253/4653/23 2255/4657/23
f 2254/4658/24 2268/4659/24 2125/4660/24 2105/4661/24
f 2126/4662/24 2269/4663/24 2255/4664/24 2106/4665/24
f 2109/4666/25 2121/4667/25 2266/4668/25 2256/4669/25
f 2267/4670/25 2122/4671/25 2110/4672/25 2257/4673/25
f 2256/4674/27 2266/4675/27 2264/4676/27 2258/4677/27
f 2265/4678/27 2267/4679/27 2257/4680/27 2259/4681/27
f 2258/4677/28 2264/4676/28 2262/4682/28 2260/4683/28
f 2263/4684/28 2265/4678/28 2259/4681/28 2261/4685/28
f 2260/4686/29 2262/4687/29 2119/4589/29 2115/4588/29
f 2120/4593/29 2263/4688/29 2261/4689/29 2116/4594/29
f 2171/4482/1 2325/4690/1 2319/4691/1 2147/4692/1
f 2320/4693/1 2326/4694/1 2172/4483/1 2148/4695/1
f 2076/4481/1 2280/4696/1 2325/4690/1 2171/4482/1
f 2326/4694/1 2280/4696/1 2076/4481/1 2172/4483/1
f 2280/4696/1 2281/4697/1 2327/4698/1 2325/4690/1
f 2328/4699/1 2281/4697/1 2280/4696/1 2326/4694/1
f 2147/4692/1 2319/4691/1 2317/4700/1 2135/4701/1
f 2318/4702/1 2320/4693/1 2148/4695/1 2136/4703/1
f 2319/4691/1 2321/4704/1 2315/4705/1 2317/4700/1
f 2316/4706/1 2322/4707/1 2320/4693/1 2318/4702/1
f 2135/4229/3 2093/4226/3 2287/4708/3 2317/4709/3
f 2288/4710/4 2094/4227/4 2136/4230/4 2318/4711/4
f 2317/4709/3 2287/4708/3 2285/4712/3 2315/4713/3
f 2286/4714/4 2288/4710/4 2318/4711/4 2316/4715/4
f 2315/4713/3 2285/4712/3 2283/4716/3 2313/4717/3
f 2284/4718/4 2286/4714/4 2316/4715/4 2314/4719/4
f 2313/4717/3 2283/4716/3 2091/4351/3 2129/4354/3
f 2092/4357/4 2284/4718/4 2314/4719/4 2130/4358/4
f 2127/4359/3 2091/4351/3 2283/4716/3 2307/4720/3
f 2284/4718/4 2092/4357/4 2128/4362/4 2308/4721/4
f 2307/4720/3 2283/4716/3 2285/4712/3 2309/4722/3
f 2286/4714/4 2284/4718/4 2308/4721/4 2310/4723/4
f 2309/4722/3 2285/4712/3 2287/4708/3 2311/4724/3
f 2288/4710/4 2286/4714/4 2310/4723/4 2312/4725/4
f 2311/4724/3 2287/4708/3 2093/4226/3 2133/4225/3
f 2094/4227/4 2288/4710/4 2312/4725/4 2134/4228/4
f 2111/4726/3 2107/4727/3 2293/4728/3 2295/4729/3
f 2294/4730/4 2108/4731/4 2112/4732/4 2296/4733/4
f 2295/4729/3 2293/4728/3 2291/4734/3 2297/4735/3
f 2292/4736/4 2294/4730/4 2296/4733/4 2298/4737/4
f 2297/4735/3 2291/4734/3 2289/4738/3 2299/4739/3
f 2290/4740/4 2292/4736/4 2298/4737/4 2300/4741/4
f 2299/4739/3 2289/4738/3 2101/4549/3 2113/4548/3
f 2102/4553/4 2290/4740/4 2300/4741/4 2114/4554/4
f 2107/4742/30 2127/4743/30 2307/4744/30 2293/4745/30
f 2308/4746/30 2128/4747/30 2108/4748/30 2294/4749/30
f 2293/4750/31 2307/4751/31 2309/4752/31 2291/4753/31
f 2310/4754/31 2308/4755/31 2294/4756/31 2292/4757/31
f 2291/4753/32 2309/4752/32 2311/4758/32 2289/4759/32
f 2312/4760/32 2310/4754/32 2292/4757/32 2290/4761/32
f 2289/4762/33 2311/4763/33 2133/4569/33 2101/4568/33
f 2134/4573/33 2312/4764/33 2290/4765/33 2102/4574/33
f 2113/4766/34 2117/4767/34 2301/4768/34 2299/4769/34
f 2302/4770/34 2118/4771/34 2114/4772/34 2300/4773/34
f 2299/4769/35 2301/4768/35 2303/4774/35 2297/4775/35
f 2304/4776/35 2302/4770/35 2300/4773/35 2298/4777/35
f 2297/4775/36 2303/4774/36 2305/4778/36 2295/4779/36
f 2306/4780/36 2304/4776/36 2298/4777/36 2296/4781/36
f 2295/4782/37 2305/4783/37 2123/4784/37 2111/4785/37
f 2124/4786/37 2306/4787/37 2296/4788/37 2112/4789/37
f 2321/4790/2 2315/4791/2 2313/4792/2 2323/4793/2
f 2314/4794/2 2316/4795/2 2322/4796/2 2324/4797/2
f 2323/4793/2 2313/4792/2 2129/4395/2 2187/4398/2
f 2130/4401/2 2314/4794/2 2324/4797/2 2188/4402/2
f 2281/4798/2 2327/4799/2 2329/4800/2 2282/4801/2
f 2330/4802/2 2328/4803/2 2281/4798/2 2282/4801/2
f 2282/4801/2 2329/4800/2 2177/4439/2 2077/4804/2
f 2178/4441/2 2330/4802/2 2282/4801/2 2077/4804/2
f 2325/4805/2 2319/4806/2 2321/4790/2 2327/4799/2
f 2322/4796/2 2320/4807/2 2326/4808/2 2328/4803/2
f 2327/4799/2 2321/4790/2 2323/4793/2 2329/4800/2
f 2324/4797/2 2322/4796/2 2328/4803/2 2330/4802/2
f 2329/4800/2 2323/4793/2 2187/4398/2 2177/4439/2
f 2188/4402/2 2324/4797/2 2330/4802/2 2178/4441/2
f 2125/4342/3 2083/4341/3 2335/4809/3 2355/4810/3
f 2336/4811/4 2084/4343/4 2126/4346/4 2356/4812/4
f 2355/4810/3 2335/4809/3 2333/4813/3 2357/4814/3
f 2334/4815/4 2336/4811/4 2356/4812/4 2358/4816/4
f 2357/4814/3 2333/4813/3 2331/4817/3 2359/4818/3
f 2332/4819/4 2334/4815/4 2358/4816/4 2360/4820/4
f 2359/4818/3 2331/4817/3 2081/4360/3 2127/4359/3
f 2082/4361/4 2332/4819/4 2360/4820/4 2128/4362/4
f 2109/4639/3 2105/4638/3 2337/4821/3 2343/4822/3
f 2338/4823/4 2106/4640/4 2110/4641/4 2344/4824/4
f 2343/4822/3 2337/4821/3 2339/4825/3 2345/4826/3
f 2340/4827/4 2338/4823/4 2344/4824/4 2346/4828/4
f 2345/4826/3 2339/4825/3 2341/4829/3 2347/4830/3
f 2342/4831/4 2340/4827/4 2346/4828/4 2348/4832/4
f 2347/4830/3 2341/4829/3 2107/4727/3 2111/4726/3
f 2108/4731/4 2342/4831/4 2348/4832/4 2112/4732/4
f 2105/4661/38 2125/4660/38 2355/4833/38 2337/4834/38
f 2356/4835/38 2126/4662/38 2106/4665/38 2338/4836/38
f 2337/4834/39 2355/4833/39 2357/4837/39 2339/4838/39
f 2358/4839/39 2356/4835/39 2338/4836/39 2340/4840/39
f 2339/4838/40 2357/4837/40 2359/4841/40 2341/4842/40
f 2360/4843/40 2358/4839/40 2340/4840/40 2342/4844/40
f 2341/4842/41 2359/4841/41 2127/4743/41 2107/4742/41
f 2128/4747/41 2360/4843/41 2342/4844/41 2108/4748/41
f 2111/4785/42 2123/4784/42 2353/4845/42 2347/4846/42
f 2354/4847/42 2124/4786/42 2112/4789/42 2348/4848/42
f 2347/4846/43 2353/4845/43 2351/4849/43 2345/4850/43
f 2352/4851/43 2354/4847/43 2348/4848/43 2346/4852/43
f 2345/4850/44 2351/4849/44 2349/4853/44 2343/4854/44
f 2350/4855/44 2352/4851/44 2346/4852/44 2344/4856/44
f 2343/4854/45 2349/4853/45 2121/4667/45 2109/4666/45
f 2122/4671/45 2350/4855/45 2344/4856/45 2110/4672/45
f 1980/4857/46 1976/4858/46 2367/4859/46 2373/4860/46
f 2368/4861/46 1977/4862/46 1981/4863/46 2374/4864/46
f 2373/4860/47 2367/4859/47 2369/4865/47 2375/4866/47
f 2370/4867/47 2368/4861/47 2374/4864/47 2376/4868/47
f 2375/4866/48 2369/4865/48 2371/4869/48 2377/4870/48
f 2372/4871/48 2370/4867/48 2376/4868/48 2378/4872/48
f 2377/4870/49 2371/4869/49 1978/4873/49 1982/4874/49
f 1979/4875/49 2372/4871/49 2378/4872/49 1983/4876/49
f 1994/4877/50 1962/4878/50 2361/4879/50 2383/4880/50
f 2362/4881/50 1963/4882/50 1995/4883/50 2384/4884/50
f 2383/4880/51 2361/4879/51 2363/4885/51 2381/4886/51
f 2364/4887/51 2362/4881/51 2384/4884/51 2382/4888/51
f 2381/4886/52 2363/4885/52 2365/4889/52 2379/4890/52
f 2366/4891/52 2364/4887/52 2382/4888/52 2380/4892/52
f 2379/4890/53 2365/4889/53 1964/4893/53 1992/4894/53
f 1965/4895/53 2366/4891/53 2380/4892/53 1993/4896/53
f 1982/4187/3 1994/4186/3 2383/4897/3 2377/4898/3
f 2384/4899/4 1995/4190/4 1983/4189/4 2378/4900/4
f 2377/4898/3 2383/4897/3 2381/4901/3 2375/4902/3
f 2382/4903/4 2384/4899/4 2378/4900/4 2376/4904/4
f 2375/4902/3 2381/4901/3 2379/4905/3 2373/4906/3
f 2380/4907/4 2382/4903/4 2376/4904/4 2374/4908/4
f 2373/4906/3 2379/4905/3 1992/4193/3 1980/4196/3
f 1993/4199/4 2380/4907/4 2374/4908/4 1981/4200/4
f 1962/4216/3 2021/4238/3 2389/4909/3 2361/4910/3
f 2390/4911/4 2022/4239/4 1963/4220/4 2362/4912/4
f 2361/4910/3 2389/4909/3 2387/4913/3 2363/4914/3
f 2388/4915/4 2390/4911/4 2362/4912/4 2364/4916/4
f 2363/4914/3 2387/4913/3 2385/4917/3 2365/4918/3
f 2386/4919/4 2388/4915/4 2364/4916/4 2366/4920/4
f 2365/4918/3 2385/4917/3 2019/4247/3 1964/4210/3
f 2020/4248/4 2386/4919/4 2366/4920/4 1965/4211/4
f 2021/4270/94 2027/4269/94 2391/4921/94 2389/4922/94
f 2392/4923/95 2028/4271/95 2022/4272/95 2390/4924/95
f 2389/4922/88 2391/4921/88 2393/4925/88 2387/4926/88
f 2394/4927/89 2392/4923/89 2390/4924/89 2388/4928/89
f 2387/4926/88 2393/4925/88 2395/4929/88 2385/4930/88
f 2396/4931/89 2394/4927/89 2388/4928/89 2386/4932/89
f 2385/4930/96 2395/4929/96 2029/4250/96 2019/4249/96
f 2030/4254/97 2396/4931/97 2386/4932/97 2020/4255/97
f 2027/4276/3 2047/4275/3 2401/4933/3 2391/4934/3
f 2402/4935/4 2048/4277/4 2028/4280/4 2392/4936/4
f 2391/4934/3 2401/4933/3 2399/4937/3 2393/4938/3
f 2400/4939/4 2402/4935/4 2392/4936/4 2394/4940/4
f 2393/4938/3 2399/4937/3 2397/4941/3 2395/4942/3
f 2398/4943/4 2400/4939/4 2394/4940/4 2396/4944/4
f 2395/4942/3 2397/4941/3 2045/4294/3 2029/4293/3
f 2046/4295/4 2398/4943/4 2396/4944/4 2030/4296/4
f 2047/4318/98 2053/4317/98 2403/4945/98 2401/4946/98
f 2404/4947/99 2054/4319/99 2048/4320/99 2402/4948/99
f 2401/4946/90 2403/4945/90 2405/4949/90 2399/4950/90
f 2406/4951/91 2404/4947/91 2402/4948/91 2400/4952/91
f 2399/4950/90 2405/4949/90 2407/4953/90 2397/4954/90
f 2408/4955/91 2406/4951/91 2400/4952/91 2398/4956/91
f 2397/4954/100 2407/4953/100 2055/4298/100 2045/4297/100
f 2056/4302/101 2408/4955/101 2398/4956/101 2046/4303/101
f 2053/4317/92 2072/4322/92 2413/4957/92 2403/4945/92
f 2414/4958/93 2073/4323/93 2054/4326/93 2404/4959/93
f 2403/4945/92 2413/4957/92 2411/4960/92 2405/4949/92
f 2412/4961/93 2414/4958/93 2404/4959/93 2406/4962/93
f 2405/4949/92 2411/4960/92 2409/4963/92 2407/4953/92
f 2410/4964/93 2412/4961/93 2406/4962/93 2408/4965/93
f 2407/4953/92 2409/4963/92 2070/4336/92 2055/4298/92
f 2071/4337/93 2410/4964/93 2408/4965/93 2056/4338/93
f 2151/4403/62 2070/4336/62 2409/4963/62 2415/4966/62
f 2410/4967/62 2071/4406/62 2152/4405/62 2416/4968/62
f 2415/4966/11 2409/4963/11 2411/4960/11 2417/4969/11
f 2412/4970/11 2410/4967/11 2416/4968/11 2418/4971/11
f 2417/4969/11 2411/4960/11 2413/4957/11 2419/4972/11
f 2414/4973/11 2412/4970/11 2418/4971/11 2420/4974/11
f 2419/4972/63 2413/4957/63 2072/4322/63 2153/4418/63
f 2073/4419/63 2414/4973/63 2420/4974/63 2154/4420/63
f 2173/4432/62 2151/4403/62 2415/4966/62 2423/4975/62
f 2416/4968/62 2152/4405/62 2173/4432/62 2423/4975/62
f 2423/4975/11 2415/4966/11 2417/4969/11 2422/4976/11
f 2418/4971/11 2416/4968/11 2423/4975/11 2422/4976/11
f 2422/4976/11 2417/4969/11 2419/4972/11 2421/4977/11
f 2420/4974/11 2418/4971/11 2422/4976/11 2421/4977/11
f 2421/4977/63 2419/4972/63 2153/4418/63 2137/4437/63
f 2154/4420/63 2420/4974/63 2421/4977/63 2137/4437/63
f 2428/4978/12 2430/4979/12 2424/4980/12 2426/4981/12
f 2425/4982/12 2431/4983/12 2429/4984/12 2427/4985/12
f 2432/4986/11 2438/4987/11 2436/4988/11 2434/4989/11
f 2437/4990/11 2439/4991/11 2433/4992/11 2435/4993/11
f 2424/4994/2 2432/4995/2 2434/4996/2 2426/4997/2
f 2435/4998/2 2433/4999/2 2425/5000/2 2427/5001/2
f 2426/5002/3 2434/5003/3 2436/5004/3 2428/5005/3
f 2437/5006/4 2435/5007/4 2427/5008/4 2429/5009/4
f 2428/5010/1 2436/5011/1 2438/5012/1 2430/5013/1
f 2439/5014/1 2437/5015/1 2429/5016/1 2431/5017/1
f 2430/5018/4 2438/5019/4 2432/5020/4 2424/5021/4
f 2433/5022/3 2439/5023/3 2431/5024/3 2425/5025/3
f 2448/5026/4 2440/5027/4 2446/5028/4 2454/5029/4
f 2447/5030/3 2441/5031/3 2449/5032/3 2455/5033/3
f 2450/5034/11 2442/5035/11 2440/5036/11 2448/5037/11
f 2441/5038/11 2443/5039/11 2451/5040/11 2449/5041/11
f 2452/5042/3 2444/5043/3 2442/5044/3 2450/5045/3
f 2443/5046/4 2445/5047/4 2453/5048/4 2451/5049/4
f 2454/5050/12 2446/5051/12 2444/5052/12 2452/5053/12
f 2445/5054/12 2447/5055/12 2455/5056/12 2453/5057/12
f 2446/5058/2 2440/5059/2 2442/5060/2 2444/5061/2
f 2443/5062/2 2441/5063/2 2447/5064/2 2445/5065/2
f 2450/5066/1 2448/5067/1 2454/5068/1 2452/5069/1
f 2455/5070/1 2449/5071/1 2451/5072/1 2453/5073/1
f 2460/5074/1 2462/5075/1 2456/5076/1 2458/5077/1
f 2457/5078/1 2463/5079/1 2461/5080/1 2459/5081/1
f 2464/5082/2 2470/5083/2 2468/5084/2 2466/5085/2
f 2469/5086/2 2471/5087/2 2465/5088/2 2467/5089/2
f 2456/5090/12 2464/5091/12 2466/5092/12 2458/5093/12
f 2467/5094/12 2465/5095/12 2457/5096/12 2459/5097/12
f 2458/5098/3 2466/5099/3 2468/5100/3 2460/5101/3
f 2469/5102/4 2467/5103/4 2459/5104/4 2461/5105/4
f 2460/5106/11 2468/5107/11 2470/5108/11 2462/5109/11
f 2471/5110/11 2469/5111/11 2461/5112/11 2463/5113/11
f 2462/5114/4 2470/5115/4 2464/5116/4 2456/5117/4
f 2465/5118/3 2471/5119/3 2463/5120/3 2457/5121/3
f 2480/5122/4 2472/5123/4 2478/5124/4 2486/5125/4
f 2479/5126/3 2473/5127/3 2481/5128/3 2487/5129/3
f 2482/5130/2 2474/5131/2 2472/5132/2 2480/5133/2
f 2473/5134/2 2475/5135/2 2483/5136/2 2481/5137/2
f 2484/5138/3 2476/5139/3 2474/5140/3 2482/5141/3
f 2475/5142/4 2477/5143/4 2485/5144/4 2483/5145/4
f 2486/5146/1 2478/5147/1 2476/5148/1 2484/5149/1
f 2477/5150/1 2479/5151/1 2487/5152/1 2485/5153/1
f 2478/5154/12 2472/5155/12 2474/5156/12 2476/5157/12
f 2475/5158/12 2473/5159/12 2479/5160/12 2477/5161/12
f 2482/5162/11 2480/5163/11 2486/5164/11 2484/5165/11
f 2487/5166/11 2481/5167/11 2483/5168/11 2485/5169/11
f 2492/5170/11 2494/5171/11 2488/5172/11 2490/5173/11
f 2489/5174/11 2495/5175/11 2493/5176/11 2491/5177/11
f 2496/5178/12 2502/5179/12 2500/5180/12 2498/5181/12
f 2501/5182/12 2503/5183/12 2497/5184/12 2499/5185/12
f 2488/5186/1 2496/5187/1 2498/5188/1 2490/5189/1
f 2499/5190/1 2497/5191/1 2489/5192/1 2491/5193/1
f 2490/5194/3 2498/5195/3 2500/5196/3 2492/5197/3
f 2501/5198/4 2499/5199/4 2491/5200/4 2493/5201/4
f 2492/5202/2 2500/5203/2 2502/5204/2 2494/5205/2
f 2503/5206/2 2501/5207/2 2493/5208/2 2495/5209/2
f 2494/5210/4 2502/5211/4 2496/5212/4 2488/5213/4
f 2497/5214/3 2503/5215/3 2495/5216/3 2489/5217/3
f 2512/5218/4 2504/5219/4 2510/5220/4 2518/5221/4
f 2511/5222/3 2505/5223/3 2513/5224/3 2519/5225/3
f 2514/5226/11 2506/5227/11 2504/5228/11 2512/5229/11
f 2505/5230/11 2507/5231/11 2515/5232/11 2513/5233/11
f 2516/5234/3 2508/5235/3 2506/5236/3 2514/5237/3
f 2507/5238/4 2509/5239/4 2517/5240/4 2515/5241/4
f 2518/5242/12 2510/5243/12 2508/5244/12 2516/5245/12
f 2509/5246/12 2511/5247/12 2519/5248/12 2517/5249/12
f 2510/5250/2 2504/5251/2 2506/5252/2 2508/5253/2
f 2507/5254/2 2505/5255/2 2511/5256/2 2509/5257/2
f 2514/5258/1 2512/5259/1 2518/5260/1 2516/5261/1
f 2519/5262/1 2513/5263/1 2515/5264/1 2517/5265/1
f 2524/5266/1 2526/5267/1 2520/5268/1 2522/5269/1
f 2521/5270/1 2527/5271/1 2525/5272/1 2523/5273/1
f 2528/5274/2 2534/5275/2 2532/5276/2 2530/5277/2
f 2533/5278/2 2535/5279/2 2529/5280/2 2531/5281/2
f 2520/5282/12 2528/5283/12 2530/5284/12 2522/5285/12
f 2531/5286/12 2529/5287/12 2521/5288/12 2523/5289/12
f 2522/5290/3 2530/5291/3 2532/5292/3 2524/5293/3
f 2533/5294/4 2531/5295/4 2523/5296/4 2525/5297/4
f 2524/5298/11 2532/5299/11 2534/5300/11 2526/5301/11
f 2535/5302/11 2533/5303/11 2525/5304/11 2527/5305/11
f 2526/5306/4 2534/5307/4 2528/5308/4 2520/5309/4
f 2529/5310/3 2535/5311/3 2527/5312/3 2521/5313/3
f 2544/5314/4 2536/5315/4 2542/5316/4 2550/5317/4
f 2543/5318/3 2537/5319/3 2545/5320/3 2551/5321/3
f 2546/5322/2 2538/5323/2 2536/5324/2 2544/5325/2
f 2537/5326/2 2539/5327/2 2547/5328/2 2545/5329/2
f 2548/5330/3 2540/5331/3 2538/5332/3 2546/5333/3
f 2539/5334/4 2541/5335/4 2549/5336/4 2547/5337/4
f 2550/5338/1 2542/5339/1 2540/5340/1 2548/5341/1
f 2541/5342/1 2543/5343/1 2551/5344/1 2549/5345/1
f 2542/5346/12 2536/5347/12 2538/5348/12 2540/5349/12
f 2539/5350/12 2537/5351/12 2543/5352/12 2541/5353/12
f 2546/5354/11 2544/5355/11 2550/5356/11 2548/5357/11
f 2551/5358/11 2545/5359/11 2547/5360/11 2549/5361/11
f 2556/5362/11 2558/5363/11 2552/5364/11 2554/5365/11
f 2553/5366/11 2559/5367/11 2557/5368/11 2555/5369/11
f 2560/5370/12 2566/5371/12 2564/5372/12 2562/5373/12
f 2565/5374/12 2567/5375/12 2561/5376/12 2563/5377/12
f 2552/5378/1 2560/5379/1 2562/5380/1 2554/5381/1
f 2563/5382/1 2561/5383/1 2553/5384/1 2555/5385/1
f 2554/5386/3 2562/5387/3 2564/5388/3 2556/5389/3
f 2565/5390/4 2563/5391/4 2555/5392/4 2557/5393/4
f 2556/5394/2 2564/5395/2 2566/5396/2 2558/5397/2
f 2567/5398/2 2565/5399/2 2557/5400/2 2559/5401/2
f 2558/5402/4 2566/5403/4 2560/5404/4 2552/5405/4
f 2561/5406/3 2567/5407/3 2559/5408/3 2553/5409/3
f 2572/5410/11 2574/5411/11 2568/5412/11 2570/5413/11
f 2569/5414/11 2575/5415/11 2573/5416/11 2571/5417/11
f 2576/5418/12 2582/5419/12 2580/5420/12 2578/5421/12
f 2581/5422/12 2583/5423/12 2577/5424/12 2579/5425/12
f 2568/5426/1 2576/5427/1 2578/5428/1 2570/5429/1
f 2579/5430/1 2577/5431/1 2569/5432/1 2571/5433/1
f 2570/5434/3 2578/5435/3 2580/5436/3 2572/5437/3
f 2581/5438/4 2579/5439/4 2571/5440/4 2573/5441/4
f 2572/5442/2 2580/5443/2 2582/5444/2 2574/5445/2
f 2583/5446/2 2581/5447/2 2573/5448/2 2575/5449/2
f 2574/5450/4 2582/5451/4 2576/5452/4 2568/5453/4
f 2577/5454/3 2583/5455/3 2575/5456/3 2569/5457/3
f 2592/5458/4 2584/5459/4 2590/5460/4 2598/5461/4
f 2591/5462/3 2585/5463/3 2593/5464/3 2599/5465/3
f 2594/5466/2 2586/5467/2 2584/5468/2 2592/5469/2
f 2585/5470/2 2587/5471/2 2595/5472/2 2593/5473/2
f 2596/5474/3 2588/5475/3 2586/5476/3 2594/5477/3
f 2587/5478/4 2589/5479/4 2597/5480/4 2595/5481/4
f 2598/5482/1 2590/5483/1 2588/5484/1 2596/5485/1
f 2589/5486/1 2591/5487/1 2599/5488/1 2597/5489/1
f 2590/5490/12 2584/5491/12 2586/5492/12 2588/5493/12
f 2587/5494/12 2585/5495/12 2591/5496/12 2589/5497/12
f 2594/5498/11 2592/5499/11 2598/5500/11 2596/5501/11
f 2599/5502/11 2593/5503/11 2595/5504/11 2597/5505/11
f 2099/4347/102 2278/4620/102 2600/5506/102 2610/5507/102
f 2601/5508/103 2279/5509/103 2100/5510/103 2611/5511/103
f 2278/4620/102 2276/4622/102 2602/5512/102 2600/5506/102
f 2603/5513/103 2277/5514/103 2279/5509/103 2601/5508/103
f 2276/4622/102 2274/4624/102 2604/5515/102 2602/5512/102
f 2605/5516/103 2275/5517/103 2277/5514/103 2603/5513/103
f 2274/4624/102 2008/4231/102 2622/5518/102 2604/5515/102
f 2623/5519/103 2009/5520/103 2275/5517/103 2605/5516/103
f 2193/5521/12 2085/5522/12 2612/5523/12 2607/5524/12
f 2613/5525/12 2086/5526/12 2194/5527/12 2608/5528/12
f 2191/5529/12 2193/5521/12 2607/5524/12 2606/5530/12
f 2608/5528/12 2194/5527/12 2192/5531/12 2606/5530/12
f 2195/5532/12 2191/5529/12 2606/5530/12
f 2606/5530/12 2192/5531/12 2195/5532/12
f 2155/5533/66 2174/5534/66 2609/5535/66
f 2609/5535/66 2174/5534/66 2156/5536/66
f 2068/5537/66 2155/5533/66 2609/5535/66
f 2609/5535/66 2156/5536/66 2069/5538/66
f 2085/4348/102 2099/4347/102 2610/5507/102 2612/5539/102
f 2611/5511/103 2100/5510/103 2086/5540/103 2613/5541/103
f 2057/5542/104 2068/5543/104 2609/5544/104 2614/5545/104
f 2609/5535/105 2069/5538/105 2058/5546/105 2615/5547/105
f 2043/4306/106 2057/4305/106 2614/5548/106 2616/5549/106
f 2615/5550/107 2058/4307/107 2044/4308/107 2617/5551/107
f 2031/4288/102 2043/4287/102 2616/5552/102 2618/5553/102
f 2617/5554/103 2044/5555/103 2032/5556/103 2619/5557/103
f 2017/4258/108 2031/4257/108 2618/5558/108 2620/5559/108
f 2619/5560/109 2032/4259/109 2018/4260/109 2621/5561/109
f 1996/4204/102 2017/4244/102 2620/5562/102 2626/5563/102
f 2621/5564/103 2018/5565/103 1997/5566/103 2627/5567/103
f 2008/4231/102 1998/4201/102 2624/5568/102 2622/5518/102
f 2625/5569/103 1999/5570/103 2009/5520/103 2623/5519/103
f 1998/4201/102 1996/4204/102 2626/5563/102 2624/5568/102
f 2627/5567/103 1997/5566/103 1999/5570/103 2625/5569/103
f 2624/5568/110 2626/5563/110 2628/5571/110 2630/5572/110
f 2629/5573/111 2627/5567/111 2625/5569/111 2631/5574/111
f 2622/5518/110 2624/5568/110 2630/5572/110 2632/5575/110
f 2631/5574/111 2625/5569/111 2623/5519/111 2633/5576/111
f 2626/5563/110 2620/5562/110 2634/5577/110 2628/5571/110
f 2635/5578/111 2621/5564/111 2627/5567/111 2629/5573/111
f 2620/5559/112 2618/5558/112 2636/5579/112 2634/5580/112
f 2637/5581/113 2619/5560/113 2621/5561/113 2635/5582/113
f 2618/5553/114 2616/5552/114 2638/5583/114 2636/5584/114
f 2639/5585/115 2617/5554/115 2619/5557/115 2637/5586/115
f 2616/5549/116 2614/5548/116 2640/5587/116 2638/5588/116
f 2641/5589/117 2615/5550/117 2617/5551/117 2639/5590/117
f 2614/5548/118 2609/5591/118 2646/5592/118 2640/5587/118
f 2646/5593/119 2609/5535/119 2615/5547/119 2641/5594/119
f 2612/5539/110 2610/5507/110 2644/5595/110 2642/5596/110
f 2645/5597/111 2611/5511/111 2613/5541/111 2643/5598/111
f 2606/5530/12 2607/5524/12 2653/5599/12
f 2653/5599/12 2608/5528/12 2606/5530/12
f 2607/5524/12 2612/5523/12 2642/5600/12 2653/5599/12
f 2643/5601/12 2613/5525/12 2608/5528/12 2653/5599/12
f 2604/5515/110 2622/5518/110 2632/5575/110 2656/5602/110
f 2633/5576/111 2623/5519/111 2605/5516/111 2657/5603/111
f 2602/5512/110 2604/5515/110 2656/5602/110 2658/5604/110
f 2657/5603/111 2605/5516/111 2603/5513/111 2659/5605/111
f 2600/5506/110 2602/5512/110 2658/5604/110 2660/5606/110
f 2659/5605/111 2603/5513/111 2601/5508/111 2661/5607/111
f 2610/5507/110 2600/5506/110 2660/5606/110 2644/5595/110
f 2661/5607/111 2601/5508/111 2611/5511/111 2645/5597/111
f 2644/5608/1 2654/5609/1 2653/5610/1 2642/5611/1
f 2653/5610/1 2654/5609/1 2645/5597/1 2643/5598/1
f 2649/5612/120 2640/5587/120 2646/5592/120
f 2646/5592/121 2641/5589/121 2649/5612/121
f 2650/5613/122 2638/5588/122 2640/5587/122 2649/5612/122
f 2641/5589/123 2639/5590/123 2650/5613/123 2649/5612/123
f 2651/5614/1 2636/5615/1 2638/5616/1 2650/5617/1
f 2639/5585/1 2637/5586/1 2651/5614/1 2650/5617/1
f 2652/5618/87 2634/5580/87 2636/5579/87 2651/5619/87
f 2637/5581/87 2635/5582/87 2652/5618/87 2651/5619/87
f 2647/5620/1 2628/5621/1 2634/5622/1 2652/5623/1
f 2635/5578/1 2629/5573/1 2647/5620/1 2652/5623/1
f 2628/5621/1 2647/5620/1 2648/5624/1 2630/5625/1
f 2648/5624/1 2647/5620/1 2629/5573/1 2631/5574/1
f 2630/5625/1 2648/5624/1 2655/5626/1 2632/5627/1
f 2655/5626/1 2648/5624/1 2631/5574/1 2633/5576/1
f 2655/5626/1 2662/5628/1 2656/5629/1 2632/5627/1
f 2657/5603/1 2662/5628/1 2655/5626/1 2633/5576/1
f 2662/5628/1 2664/5630/1 2658/5631/1 2656/5629/1
f 2659/5605/1 2664/5630/1 2662/5628/1 2657/5603/1
f 2664/5630/1 2663/5632/1 2660/5633/1 2658/5631/1
f 2661/5607/1 2663/5632/1 2664/5630/1 2659/5605/1
f 2663/5632/1 2654/5609/1 2644/5608/1 2660/5633/1
f 2645/5597/1 2654/5609/1 2663/5632/1 2661/5607/1
f 2673/5634/124 2676/5635/124 2678/5636/124 2677/5637/124
f 2675/5638/125 2674/5639/125 2680/5640/125 2679/5641/125
f 2672/5642/126 2671/5643/126 2683/5644/126 2682/5645/126
f 2670/5646/127 2669/5647/127 2681/5648/127 2684/5649/127
f 2684/5650/2 2681/5651/2 2677/5652/2 2678/5653/2
f 2682/5654/1 2683/5655/1 2679/5656/1 2680/5657/1
f 2688/5658/2 2669/5659/2 2670/5660/2 2686/5661/2
f 2690/5662/1 2671/5663/1 2672/5664/1 2692/5665/1
f 2690/5666/128 2692/5667/128 2693/5668/128 2695/5669/128
f 2691/5670/129 2689/5671/129 2696/5672/129 2694/5673/129
f 2688/5674/130 2686/5675/130 2699/5676/130 2697/5677/130
f 2685/5678/131 2687/5679/131 2698/5680/131 2700/5681/131
f 2698/5682/2 2697/5683/2 2699/5684/2 2700/5685/2
f 2696/5686/1 2695/5687/1 2693/5688/1 2694/5689/1
f 2710/5690/132 2674/5639/132 2675/5638/132 2711/5691/132
f 2711/5691/133 2675/5638/133 2679/5641/133 2714/5692/133
f 2674/5639/134 2710/5690/134 2716/5693/134 2680/5640/134
f 2708/5694/135 2672/5642/135 2682/5645/135 2718/5695/135
f 2671/5643/136 2706/5696/136 2719/5697/136 2683/5644/136
f 2683/5698/3 2719/5699/3 2714/5700/3 2679/5701/3
f 2718/5702/4 2682/5703/4 2680/5704/4 2716/5705/4
f 2706/5706/3 2671/5707/3 2690/5708/3 2724/5709/3
f 2726/5710/4 2692/5711/4 2672/5712/4 2708/5713/4
f 2728/5714/137 2691/5670/137 2694/5673/137 2729/5715/137
f 2692/5667/138 2726/5716/138 2732/5717/138 2693/5668/138
f 2724/5718/139 2690/5666/139 2695/5669/139 2733/5719/139
f 2689/5671/140 2722/5720/140 2736/5721/140 2696/5672/140
f 2733/5722/3 2695/5723/3 2696/5724/3 2736/5725/3
f 2729/5726/4 2694/5727/4 2693/5728/4 2732/5729/4
f 2673/5634/132 2745/5730/132 2748/5731/132 2676/5635/132
f 2676/5635/133 2748/5731/133 2749/5732/133 2678/5636/133
f 2745/5730/134 2673/5634/134 2677/5637/134 2752/5733/134
f 2669/5647/135 2744/5734/135 2754/5735/135 2681/5648/135
f 2741/5736/136 2670/5646/136 2684/5649/136 2755/5737/136
f 2755/5738/3 2684/5739/3 2678/5740/3 2749/5741/3
f 2681/5742/4 2754/5743/4 2752/5744/4 2677/5745/4
f 2670/5746/3 2741/5747/3 2759/5748/3 2686/5749/3
f 2688/5750/4 2761/5751/4 2744/5752/4 2669/5753/4
f 2687/5679/137 2763/5754/137 2766/5755/137 2698/5680/137
f 2761/5756/138 2688/5674/138 2697/5677/138 2767/5757/138
f 2686/5675/139 2759/5758/139 2770/5759/139 2699/5676/139
f 2757/5760/140 2685/5678/140 2700/5681/140 2772/5761/140
f 2699/5762/3 2770/5763/3 2772/5764/3 2700/5765/3
f 2698/5766/4 2766/5767/4 2767/5768/4 2697/5769/4
f 2765/5770/141 2768/5771/141 2777/5772/141 2780/5773/141
f 2767/5774/142 2766/5775/142 2779/5776/142 2778/5777/142
f 2769/5778/143 2771/5779/143 2774/5780/143 2776/5781/143
f 2772/5782/144 2770/5783/144 2775/5784/144 2773/5785/144
f 2757/5760/145 2772/5761/145 2773/5786/145 2788/5787/145
f 2771/5788/146 2758/5789/146 2787/5790/146 2774/5791/146
f 2760/5792/147 2769/5793/147 2776/5794/147 2785/5795/147
f 2770/5759/148 2759/5758/148 2786/5796/148 2775/5797/148
f 2761/5756/149 2767/5757/149 2778/5798/149 2784/5799/149
f 2768/5800/150 2762/5801/150 2783/5802/150 2777/5803/150
f 2764/5804/151 2765/5805/151 2780/5806/151 2781/5807/151
f 2766/5755/152 2763/5754/152 2782/5808/152 2779/5809/152
f 2762/5810/153 2743/5811/153 2802/5812/153 2783/5813/153
f 2744/5814/154 2761/5815/154 2784/5816/154 2801/5817/154
f 2742/5818/155 2760/5819/155 2785/5820/155 2803/5821/155
f 2759/5822/156 2741/5823/156 2804/5824/156 2786/5825/156
f 2753/5826/157 2751/5827/157 2794/5828/157 2792/5829/157
f 2752/5830/158 2754/5831/158 2791/5832/158 2793/5833/158
f 2755/5834/159 2749/5835/159 2796/5836/159 2790/5837/159
f 2750/5838/160 2756/5839/160 2789/5840/160 2795/5841/160
f 2741/5842/161 2755/5843/161 2790/5844/161 2804/5845/161
f 2756/5846/162 2742/5847/162 2803/5848/162 2789/5849/162
f 2743/5850/163 2753/5851/163 2792/5852/163 2802/5853/163
f 2754/5854/164 2744/5855/164 2801/5856/164 2791/5857/164
f 2745/5858/165 2752/5830/165 2793/5833/165 2800/5859/165
f 2751/5827/166 2746/5860/166 2799/5861/166 2794/5828/166
f 2747/5862/167 2750/5838/167 2795/5841/167 2798/5863/167
f 2749/5835/168 2748/5864/168 2797/5865/168 2796/5836/168
f 2746/5860/169 2747/5862/169 2798/5863/169 2799/5861/169
f 2748/5864/170 2745/5866/170 2800/5867/170 2797/5865/170
f 2800/5868/132 2799/5869/132 2798/5870/132 2797/5871/132
f 2797/5871/133 2798/5870/133 2795/5872/133 2796/5873/133
f 2799/5869/134 2800/5868/134 2793/5874/134 2794/5875/134
f 2801/5876/135 2802/5877/135 2792/5878/135 2791/5879/135
f 2803/5880/136 2804/5881/136 2790/5882/136 2789/5883/136
f 2789/5884/3 2790/5885/3 2796/5886/3 2795/5887/3
f 2791/5888/4 2792/5889/4 2794/5890/4 2793/5891/4
f 2804/5892/3 2803/5893/3 2785/5894/3 2786/5895/3
f 2784/5896/4 2783/5897/4 2802/5898/4 2801/5899/4
f 2782/5808/171 2781/5900/171 2780/5901/171 2779/5809/171
f 2783/5902/138 2784/5799/138 2778/5798/138 2777/5903/138
f 2786/5796/139 2785/5904/139 2776/5905/139 2775/5797/139
f 2787/5906/172 2788/5787/172 2773/5786/172 2774/5907/172
f 2775/5908/3 2776/5909/3 2774/5910/3 2773/5911/3
f 2779/5912/4 2780/5913/4 2777/5914/4 2778/5915/4
f 2729/5916/173 2732/5917/173 2813/5918/173 2816/5919/173
f 2731/5920/174 2730/5921/174 2815/5922/174 2814/5923/174
f 2733/5924/175 2736/5925/175 2809/5926/175 2812/5927/175
f 2735/5928/176 2734/5929/176 2811/5930/176 2810/5931/176
f 2721/5932/176 2735/5928/176 2810/5931/176 2824/5933/176
f 2736/5925/177 2722/5934/177 2823/5935/177 2809/5926/177
f 2724/5936/178 2733/5937/178 2812/5938/178 2821/5939/178
f 2734/5940/179 2723/5941/179 2822/5942/179 2811/5943/179
f 2725/5944/175 2731/5945/175 2814/5946/175 2820/5947/175
f 2732/5948/180 2726/5949/180 2819/5950/180 2813/5951/180
f 2728/5952/181 2729/5916/181 2816/5919/181 2817/5953/181
f 2730/5921/182 2727/5954/182 2818/5955/182 2815/5922/182
f 2726/5956/173 2708/5957/173 2837/5958/173 2819/5959/173
f 2707/5960/174 2725/5961/174 2820/5962/174 2838/5963/174
f 2706/5964/175 2724/5965/175 2821/5966/175 2839/5967/175
f 2723/5968/176 2705/5969/176 2840/5970/176 2822/5971/176
f 2718/5972/183 2716/5973/183 2829/5974/183 2827/5975/183
f 2715/5976/184 2717/5977/184 2828/5978/184 2830/5979/184
f 2720/5980/185 2713/5981/185 2832/5982/185 2825/5983/185
f 2714/5984/186 2719/5985/186 2826/5986/186 2831/5987/186
f 2705/5988/187 2720/5989/187 2825/5990/187 2840/5991/187
f 2719/5992/188 2706/5993/188 2839/5994/188 2826/5995/188
f 2708/5996/189 2718/5997/189 2827/5998/189 2837/5999/189
f 2717/6000/190 2707/6001/190 2838/6002/190 2828/6003/190
f 2709/6004/191 2715/5976/191 2830/5979/191 2836/6005/191
f 2716/5973/192 2710/6006/192 2835/6007/192 2829/5974/192
f 2711/6008/193 2714/5984/193 2831/5987/193 2834/6009/193
f 2713/5981/194 2712/6010/194 2833/6011/194 2832/5982/194
f 2710/6006/195 2711/6008/195 2834/6009/195 2835/6007/195
f 2712/6010/196 2709/6012/196 2836/6013/196 2833/6011/196
f 2836/6014/132 2835/6015/132 2834/6016/132 2833/6017/132
f 2833/6017/133 2834/6016/133 2831/6018/133 2832/6019/133
f 2835/6015/134 2836/6014/134 2830/6020/134 2829/6021/134
f 2838/6022/135 2837/6023/135 2827/6024/135 2828/6025/135
f 2839/6026/136 2840/6027/136 2825/6028/136 2826/6029/136
f 2826/6030/3 2825/6031/3 2832/6032/3 2831/6033/3
f 2828/6034/4 2827/6035/4 2829/6036/4 2830/6037/4
f 2840/6038/3 2839/6039/3 2821/6040/3 2822/6041/3
f 2820/6042/4 2819/6043/4 2837/6044/4 2838/6045/4
f 2818/6046/171 2817/6047/171 2816/6048/171 2815/6049/171
f 2819/6050/138 2820/6051/138 2814/6052/138 2813/6053/138
f 2822/6054/139 2821/6055/139 2812/6056/139 2811/6057/139
f 2823/6058/172 2824/6059/172 2810/6060/172 2809/6061/172
f 2811/6062/3 2812/6063/3 2809/6064/3 2810/6065/3
f 2815/6066/4 2816/6067/4 2813/6068/4 2814/6069/4
f 2746/6070/132 2854/6071/132 2856/6072/132 2747/6073/132
f 2854/6071/132 2853/6074/132 2855/6075/132 2856/6072/132
f 2853/6074/132 2709/6076/132 2712/6077/132 2855/6075/132
f 2747/6073/133 2856/6072/133 2858/6078/133 2750/6079/133
f 2856/6072/133 2855/6075/133 2857/6080/133 2858/6078/133
f 2855/6075/133 2712/6077/133 2713/6081/133 2857/6080/133
f 2709/6076/134 2853/6074/134 2859/6082/134 2715/6083/134
f 2853/6074/134 2854/6071/134 2860/6084/134 2859/6082/134
f 2854/6071/134 2746/6070/134 2751/6085/134 2860/6084/134
f 2743/6086/135 2852/6087/135 2862/6088/135 2753/6089/135
f 2852/6087/135 2851/6090/135 2861/6091/135 2862/6088/135
f 2851/6090/135 2707/6092/135 2717/6093/135 2861/6091/135
f 2705/6094/136 2849/6095/136 2863/6096/136 2720/6097/136
f 2849/6095/136 2850/6098/136 2864/6099/136 2863/6096/136
f 2850/6098/136 2742/6100/136 2756/6101/136 2864/6099/136
f 2720/6102/3 2863/6103/3 2857/6104/3 2713/6105/3
f 2863/6103/3 2864/6106/3 2858/6107/3 2857/6104/3
f 2864/6106/3 2756/6108/3 2750/6109/3 2858/6107/3
f 2753/6110/4 2862/6111/4 2860/6112/4 2751/6113/4
f 2862/6111/4 2861/6114/4 2859/6115/4 2860/6112/4
f 2861/6114/4 2717/6116/4 2715/6117/4 2859/6115/4
f 2742/6118/3 2850/6119/3 2868/6120/3 2760/6121/3
f 2850/6119/3 2849/6122/3 2867/6123/3 2868/6120/3
f 2849/6122/3 2705/6124/3 2723/6125/3 2867/6123/3
f 2762/6126/4 2870/6127/4 2852/6128/4 2743/6129/4
f 2870/6127/4 2869/6130/4 2851/6131/4 2852/6128/4
f 2869/6130/4 2725/6132/4 2707/6133/4 2851/6131/4
f 2764/6134/137 2872/6135/137 2874/6136/137 2765/6137/137
f 2872/6135/137 2871/6138/137 2873/6139/137 2874/6136/137
f 2871/6138/137 2727/6140/137 2730/6141/137 2873/6139/137
f 2725/6142/138 2869/6143/138 2875/6144/138 2731/6145/138
f 2869/6143/138 2870/6146/138 2876/6147/138 2875/6144/138
f 2870/6146/138 2762/6148/138 2768/6149/138 2876/6147/138
f 2760/6150/139 2868/6151/139 2878/6152/139 2769/6153/139
f 2868/6151/139 2867/6154/139 2877/6155/139 2878/6152/139
f 2867/6154/139 2723/6156/139 2734/6157/139 2877/6155/139
f 2721/6158/140 2865/6159/140 2879/6160/140 2735/6161/140
f 2865/6159/140 2866/6162/140 2880/6163/140 2879/6160/140
f 2866/6162/140 2758/6164/140 2771/6165/140 2880/6163/140
f 2769/6166/3 2878/6167/3 2880/6168/3 2771/6169/3
f 2878/6167/3 2877/6170/3 2879/6171/3 2880/6168/3
f 2877/6170/3 2734/6172/3 2735/6173/3 2879/6171/3
f 2765/6174/4 2874/6175/4 2876/6176/4 2768/6177/4
f 2874/6175/4 2873/6178/4 2875/6179/4 2876/6176/4
f 2873/6178/4 2730/6180/4 2731/6181/4 2875/6179/4
f 2665/6182/2 2882/6183/2 2881/6184/2 2666/6185/2
f 2882/6183/2 2687/6186/2 2685/6187/2 2881/6184/2
f 2667/6188/1 2883/6189/1 2884/6190/1 2668/6191/1
f 2883/6189/1 2689/6192/1 2691/6193/1 2884/6190/1
f 2689/6194/3 2883/6195/3 2886/6196/3 2722/6197/3
f 2883/6195/3 2667/6198/3 2702/6199/3 2886/6196/3
f 2668/6200/4 2884/6201/4 2888/6202/4 2704/6203/4
f 2884/6201/4 2691/6204/4 2728/6205/4 2888/6202/4
f 2757/6206/3 2889/6207/3 2881/6208/3 2685/6209/3
f 2889/6207/3 2737/6210/3 2666/6211/3 2881/6208/3
f 2882/6212/4 2665/6213/4 2739/6214/4 2891/6215/4
f 2891/6215/4 2763/6216/4 2687/6217/4 2882/6212/4
f 2740/6218/153 2892/6219/153 2893/6220/153 2805/6221/153
f 2892/6219/153 2764/6222/153 2781/6223/153 2893/6220/153
f 2763/6224/154 2891/6225/154 2894/6226/154 2782/6227/154
f 2891/6225/154 2739/6228/154 2806/6229/154 2894/6226/154
f 2758/6230/155 2890/6231/155 2895/6232/155 2787/6233/155
f 2890/6231/197 2738/6234/197 2807/6235/197 2895/6232/197
f 2737/6236/156 2889/6237/156 2896/6238/156 2808/6239/156
f 2889/6237/156 2757/6240/156 2788/6241/156 2896/6238/156
f 2787/6242/3 2895/6243/3 2896/6244/3 2788/6245/3
f 2895/6243/3 2807/6246/3 2808/6247/3 2896/6244/3
f 2805/6248/4 2893/6249/4 2894/6250/4 2806/6251/4
f 2893/6249/4 2781/6252/4 2782/6253/4 2894/6250/4
f 2704/6254/173 2888/6255/173 2897/6256/173 2841/6257/173
f 2888/6255/173 2728/5952/173 2817/5953/173 2897/6256/173
f 2727/5954/174 2887/6258/174 2898/6259/174 2818/5955/174
f 2887/6258/174 2703/6260/174 2842/6261/174 2898/6259/174
f 2722/5934/175 2886/6262/175 2899/6263/175 2823/5935/175
f 2886/6262/175 2702/6264/175 2843/6265/175 2899/6263/175
f 2701/6266/176 2885/6267/176 2900/6268/176 2844/6269/176
f 2885/6267/176 2721/5932/176 2824/5933/176 2900/6268/176
f 2823/6270/3 2899/6271/3 2900/6272/3 2824/6273/3
f 2899/6271/3 2843/6274/3 2844/6275/3 2900/6272/3
f 2841/6276/4 2897/6277/4 2898/6278/4 2842/6279/4
f 2897/6277/4 2817/6280/4 2818/6281/4 2898/6278/4
f 2866/6282/3 2901/6283/3 2890/6284/3 2758/6285/3
f 2901/6283/3 2846/6286/3 2738/6287/3 2890/6284/3
f 2865/6288/3 2902/6289/3 2901/6283/3 2866/6282/3
f 2721/6290/3 2885/6291/3 2902/6289/3 2865/6288/3
f 2885/6291/3 2701/6292/3 2845/6293/3 2902/6289/3
f 2848/6294/4 2903/6295/4 2892/6296/4 2740/6297/4
f 2903/6295/4 2872/6298/4 2764/6299/4 2892/6296/4
f 2847/6300/4 2904/6301/4 2903/6295/4 2848/6294/4
f 2904/6301/4 2871/6302/4 2872/6298/4 2903/6295/4
f 2703/6303/4 2887/6304/4 2904/6301/4 2847/6300/4
f 2887/6304/4 2727/6305/4 2871/6302/4 2904/6301/4
f 2848/6294/4 2740/6297/4 2921/6306/4 2909/6307/4
f 2847/6300/4 2848/6294/4 2909/6307/4 2910/6308/4
f 2703/6303/4 2847/6300/4 2910/6308/4 2926/6309/4
f 2738/6287/3 2846/6286/3 2911/6310/3 2923/6311/3
f 2846/6286/3 2845/6293/3 2912/6312/3 2911/6310/3
f 2845/6293/3 2701/6292/3 2928/6313/3 2912/6312/3
f 2841/6276/4 2842/6279/4 2915/6314/4 2916/6315/4
f 2844/6275/3 2843/6274/3 2914/6316/3 2913/6317/3
f 2701/6266/176 2844/6269/176 2913/6318/176 2928/6319/176
f 2843/6265/175 2702/6264/175 2927/6320/175 2914/6321/175
f 2842/6261/174 2703/6260/174 2926/6322/174 2915/6323/174
f 2704/6254/173 2841/6257/173 2916/6324/173 2925/6325/173
f 2805/6248/4 2806/6251/4 2919/6326/4 2920/6327/4
f 2808/6247/3 2807/6246/3 2918/6328/3 2917/6329/3
f 2737/6236/156 2808/6239/156 2917/6330/156 2924/6331/156
f 2807/6235/197 2738/6234/197 2923/6332/197 2918/6333/197
f 2806/6229/154 2739/6228/154 2922/6334/154 2919/6335/154
f 2740/6218/153 2805/6221/153 2920/6336/153 2921/6337/153
f 2739/6214/4 2665/6213/4 2932/6338/4 2922/6339/4
f 2666/6211/3 2737/6210/3 2924/6340/3 2931/6341/3
f 2668/6200/4 2704/6203/4 2925/6342/4 2929/6343/4
f 2702/6199/3 2667/6198/3 2930/6344/3 2927/6345/3
f 2667/6188/1 2668/6191/1 2929/6346/1 2930/6347/1
f 2665/6182/2 2666/6185/2 2931/6348/2 2932/6349/2
f 2927/6350/12 2930/6351/12 2929/6352/12 2925/6353/12
f 2922/6354/12 2932/6355/12 2931/6356/12 2924/6357/12
f 2923/6358/11 2921/6359/11 2920/6360/11 2918/6361/11
f 2922/6362/11 2924/6363/11 2917/6364/11 2919/6365/11
f 2917/6366/12 2918/6367/12 2920/6368/12 2919/6369/12
f 2927/6370/11 2925/6371/11 2916/6372/11 2914/6373/11
f 2926/6374/11 2928/6375/11 2913/6376/11 2915/6377/11
f 2913/6378/12 2914/6379/12 2916/6380/12 2915/6381/12
f 2923/6382/12 2911/6383/12 2909/6384/12 2921/6385/12
f 2911/6383/12 2912/6386/12 2910/6387/12 2909/6384/12
f 2912/6386/12 2928/6388/12 2926/6389/12 2910/6387/12
f 2907/6390/11 2908/6391/11 2934/6392/11 2933/6393/11
f 2908/6394/1 2906/6395/1 2935/6396/1 2934/6397/1
f 2905/6398/2 2907/6399/2 2933/6400/2 2936/6401/2
f 2906/6402/12 2905/6403/12 2936/6404/12 2935/6405/12
f 2936/6406/3 2933/6407/3 2934/6408/3 2935/6409/3
f 2908/6391/11 2907/6390/11 2937/6410/11 2938/6411/11
f 2906/6395/1 2908/6394/1 2938/6412/1 2939/6413/1
f 2907/6399/2 2905/6398/2 2940/6414/2 2937/6415/2
f 2905/6403/12 2906/6402/12 2939/6416/12 2940/6417/12
f 2901/6418/11 2902/6419/11 2942/6420/11 2941/6421/11
f 2902/6422/1 2845/6423/1 2943/6424/1 2942/6425/1
f 2846/6426/2 2901/6427/2 2941/6428/2 2944/6429/2
f 2845/6430/12 2846/6431/12 2944/6432/12 2943/6433/12
f 2943/6434/3 2944/6435/3 2938/6436/3 2937/6437/3
f 2944/6435/3 2941/6438/3 2939/6439/3 2938/6436/3
f 2942/6440/3 2943/6434/3 2937/6437/3 2940/6441/3
f 2941/6438/3 2942/6440/3 2940/6441/3 2939/6439/3
f 2961/6442/12 2945/6443/12 2946/6444/12
f 2961/6442/12 2946/6444/12 2947/6445/12
f 2961/6442/12 2947/6445/12 2948/6446/12
f 2961/6442/12 2948/6446/12 2949/6447/12
f 2961/6442/12 2949/6447/12 2950/6448/12
f 2961/6442/12 2950/6448/12 2951/6449/12
f 2961/6442/12 2951/6449/12 2952/6450/12
f 2952/6450/12 2945/6443/12 2961/6442/12
f 2945/6451/198 2953/6452/198 2954/6453/198 2946/6454/198
f 2946/6455/199 2954/6456/199 2955/6457/199 2947/6458/199
f 2947/6458/200 2955/6457/200 2956/6459/200 2948/6460/200
f 2948/6461/201 2956/6462/201 2957/6463/201 2949/6464/201
f 2949/6464/202 2957/6463/202 2958/6465/202 2950/6466/202
f 2950/6467/203 2958/6468/203 2959/6469/203 2951/6470/203
f 2951/6470/204 2959/6469/204 2960/6471/204 2952/6472/204
f 2953/6452/205 2945/6451/205 2952/6473/205 2960/6474/205
f 2953/6452/205 2960/6474/205 2962/6475/205 2969/6476/205
f 2960/6471/204 2959/6469/204 2963/6477/204 2962/6478/204
f 2959/6469/203 2958/6468/203 2964/6479/203 2963/6477/203
f 2958/6465/202 2957/6463/202 2965/6480/202 2964/6481/202
f 2957/6463/201 2956/6462/201 2966/6482/201 2965/6480/201
f 2956/6459/200 2955/6457/200 2967/6483/200 2966/6484/200
f 2955/6457/199 2954/6456/199 2968/6485/199 2967/6483/199
f 2954/6453/198 2953/6452/198 2969/6476/198 2968/6486/198
f 2968/6487/12 2969/6488/12 2970/6489/12 2971/6490/12
f 2967/6491/12 2968/6487/12 2971/6490/12 2972/6492/12
f 2966/6493/12 2967/6491/12 2972/6492/12 2973/6494/12
f 2965/6495/12 2966/6493/12 2973/6494/12 2974/6496/12
f 2964/6497/12 2965/6495/12 2974/6496/12 2975/6498/12
f 2963/6499/12 2964/6497/12 2975/6498/12 2976/6500/12
f 2962/6501/12 2963/6499/12 2976/6500/12 2977/6502/12
f 2969/6488/12 2962/6501/12 2977/6502/12 2970/6489/12
f 2970/6503/205 2977/6504/205 2978/6505/205 2985/6506/205
f 2977/6507/204 2976/6508/204 2979/6509/204 2978/6510/204
f 2976/6508/203 2975/6511/203 2980/6512/203 2979/6509/203
f 2975/6513/202 2974/6514/202 2981/6515/202 2980/6516/202
f 2974/6514/201 2973/6517/201 2982/6518/201 2981/6515/201
f 2973/6519/200 2972/6520/200 2983/6521/200 2982/6522/200
f 2972/6520/199 2971/6523/199 2984/6524/199 2983/6521/199
f 2971/6525/198 2970/6503/198 2985/6506/198 2984/6526/198
f 2984/6527/206 2985/6528/206 2986/6529/206 2987/6530/206
f 2983/6531/207 2984/6527/207 2987/6530/207 2988/6532/207
f 2982/6533/208 2983/6531/208 2988/6532/208 2989/6534/208
f 2981/6535/209 2982/6533/209 2989/6534/209 2990/6536/209
f 2980/6537/210 2981/6535/210 2990/6536/210 2991/6538/210
f 2979/6539/211 2980/6537/211 2991/6538/211 2992/6540/211
f 2978/6541/212 2979/6539/212 2992/6540/212 2993/6542/212
f 2985/6528/213 2978/6541/213 2993/6542/213 2986/6529/213
f 2986/6529/214 2993/6542/214 2994/6543/214 3001/6544/214
f 2993/6542/215 2992/6540/215 2995/6545/215 2994/6543/215
f 2992/6540/216 2991/6538/216 2996/6546/216 2995/6545/216
f 2991/6538/217 2990/6536/217 2997/6547/217 2996/6546/217
f 2990/6536/218 2989/6534/218 2998/6548/218 2997/6547/218
f 2989/6534/219 2988/6532/219 2999/6549/219 2998/6548/219
f 2988/6532/220 2987/6530/220 3000/6550/220 2999/6549/220
f 2987/6530/221 2986/6529/221 3001/6544/221 3000/6550/221
f 3000/6551/222 3001/6552/222 3002/6553/222 3003/6554/222
f 2999/6555/223 3000/6556/223 3003/6557/223 3004/6558/223
f 2998/6559/224 2999/6555/224 3004/6558/224 3005/6560/224
f 2997/6561/225 2998/6562/225 3005/6563/225 3006/6564/225
f 2996/6565/226 2997/6561/226 3006/6564/226 3007/6566/226
f 2995/6567/227 2996/6568/227 3007/6569/227 3008/6570/227
f 2994/6571/228 2995/6567/228 3008/6570/228 3009/6572/228
f 3001/6552/229 2994/6573/229 3009/6574/229 3002/6553/229
f 3002/6553/230 3009/6574/230 3010/6575/230 3017/6576/230
f 3009/6572/231 3008/6570/231 3011/6577/231 3010/6578/231
f 3008/6570/232 3007/6569/232 3012/6579/232 3011/6577/232
f 3007/6566/233 3006/6564/233 3013/6580/233 3012/6581/233
f 3006/6564/234 3005/6563/234 3014/6582/234 3013/6580/234
f 3005/6560/235 3004/6558/235 3015/6583/235 3014/6584/235
f 3004/6558/236 3003/6557/236 3016/6585/236 3015/6583/236
f 3003/6554/237 3002/6553/237 3017/6576/237 3016/6586/237
f 3016/6586/198 3017/6576/198 3018/6587/198 3019/6588/198
f 3015/6583/199 3016/6585/199 3019/6589/199 3020/6590/199
f 3014/6584/200 3015/6583/200 3020/6590/200 3021/6591/200
f 3013/6580/201 3014/6582/201 3021/6592/201 3022/6593/201
f 3012/6581/202 3013/6580/202 3022/6593/202 3023/6594/202
f 3011/6577/203 3012/6579/203 3023/6595/203 3024/6596/203
f 3010/6578/204 3011/6577/204 3024/6596/204 3025/6597/204
f 3017/6576/205 3010/6575/205 3025/6598/205 3018/6587/205
f 3018/6587/238 3025/6598/238 3026/6599/238 3033/6600/238
f 3025/6597/239 3024/6596/239 3027/6601/239 3026/6602/239
f 3024/6596/240 3023/6595/240 3028/6603/240 3027/6601/240
f 3023/6594/241 3022/6593/241 3029/6604/241 3028/6605/241
f 3022/6593/242 3021/6592/242 3030/6606/242 3029/6604/242
f 3021/6591/243 3020/6590/243 3031/6607/243 3030/6608/243
f 3020/6590/244 3019/6589/244 3032/6609/244 3031/6607/244
f 3019/6588/245 3018/6587/245 3033/6600/245 3032/6610/245
f 3032/6611/246 3033/6612/246 3034/6613/246 3035/6614/246
f 3031/6615/247 3032/6611/247 3035/6614/247 3036/6616/247
f 3030/6617/248 3031/6615/248 3036/6616/248 3037/6618/248
f 3029/6619/249 3030/6617/249 3037/6618/249 3038/6620/249
f 3028/6621/250 3029/6619/250 3038/6620/250 3039/6622/250
f 3027/6623/251 3028/6621/251 3039/6622/251 3040/6624/251
f 3026/6625/252 3027/6623/252 3040/6624/252 3041/6626/252
f 3033/6612/253 3026/6625/253 3041/6626/253 3034/6613/253
f 3034/6613/254 3041/6626/254 3042/6627/254 3049/6628/254
f 3041/6626/255 3040/6624/255 3043/6629/255 3042/6627/255
f 3040/6624/256 3039/6622/256 3044/6630/256 3043/6629/256
f 3039/6622/257 3038/6620/257 3045/6631/257 3044/6630/257
f 3038/6620/258 3037/6618/258 3046/6632/258 3045/6631/258
f 3037/6618/259 3036/6616/259 3047/6633/259 3046/6632/259
f 3036/6616/260 3035/6614/260 3048/6634/260 3047/6633/260
f 3035/6614/261 3034/6613/261 3049/6628/261 3048/6634/261
f 3048/6634/262 3049/6628/262 3050/6635/262 3051/6636/262
f 3047/6633/263 3048/6634/263 3051/6636/263 3052/6637/263
f 3046/6632/264 3047/6633/264 3052/6637/264 3053/6638/264
f 3045/6631/265 3046/6632/265 3053/6638/265 3054/6639/265
f 3044/6630/266 3045/6631/266 3054/6639/266 3055/6640/266
f 3043/6629/267 3044/6630/267 3055/6640/267 3056/6641/267
f 3042/6627/268 3043/6629/268 3056/6641/268 3057/6642/268
f 3049/6628/269 3042/6627/269 3057/6642/269 3050/6635/269
f 3050/6643/205 3057/6644/205 3058/6645/205 3065/6646/205
f 3057/6647/204 3056/6648/204 3059/6649/204 3058/6650/204
f 3056/6648/203 3055/6651/203 3060/6652/203 3059/6649/203
f 3055/6653/202 3054/6654/202 3061/6655/202 3060/6656/202
f 3054/6654/201 3053/6657/201 3062/6658/201 3061/6655/201
f 3053/6659/200 3052/6660/200 3063/6661/200 3062/6662/200
f 3052/6660/199 3051/6663/199 3064/6664/199 3063/6661/199
f 3051/6665/198 3050/6643/198 3065/6646/198 3064/6666/198
f 3064/6667/12 3065/6668/12 3066/6669/12 3067/6670/12
f 3063/6671/12 3064/6667/12 3067/6670/12 3068/6672/12
f 3062/6673/12 3063/6671/12 3068/6672/12 3069/6674/12
f 3061/6675/12 3062/6673/12 3069/6674/12 3070/6676/12
f 3060/6677/12 3061/6675/12 3070/6676/12 3071/6678/12
f 3059/6679/12 3060/6677/12 3071/6678/12 3072/6680/12
f 3058/6681/12 3059/6679/12 3072/6680/12 3073/6682/12
f 3065/6668/12 3058/6681/12 3073/6682/12 3066/6669/12
f 3066/6683/205 3073/6684/205 3074/6685/205 3081/6686/205
f 3073/6687/204 3072/6688/204 3075/6689/204 3074/6690/204
f 3072/6688/203 3071/6691/203 3076/6692/203 3075/6689/203
f 3071/6693/202 3070/6694/202 3077/6695/202 3076/6696/202
f 3070/6694/201 3069/6697/201 3078/6698/201 3077/6695/201
f 3069/6699/200 3068/6700/200 3079/6701/200 3078/6702/200
f 3068/6700/199 3067/6703/199 3080/6704/199 3079/6701/199
f 3067/6705/198 3066/6683/198 3081/6686/198 3080/6706/198
f 3080/6707/270 3081/6708/270 3082/6709/270 3083/6710/270
f 3079/6711/271 3080/6707/271 3083/6710/271 3084/6712/271
f 3078/6713/272 3079/6711/272 3084/6712/272 3085/6714/272
f 3077/6715/273 3078/6713/273 3085/6714/273 3086/6716/273
f 3076/6717/274 3077/6715/274 3086/6716/274 3087/6718/274
f 3075/6719/275 3076/6717/275 3087/6718/275 3088/6720/275
f 3074/6721/276 3075/6719/276 3088/6720/276 3089/6722/276
f 3081/6708/277 3074/6721/277 3089/6722/277 3082/6709/277
f 3082/6709/278 3089/6722/278 3090/6723/278 3097/6724/278
f 3089/6722/279 3088/6720/279 3091/6725/279 3090/6723/279
f 3088/6720/280 3087/6718/280 3092/6726/280 3091/6725/280
f 3087/6718/281 3086/6716/281 3093/6727/281 3092/6726/281
f 3086/6716/282 3085/6714/282 3094/6728/282 3093/6727/282
f 3085/6714/283 3084/6712/283 3095/6729/283 3094/6728/283
f 3084/6712/284 3083/6710/284 3096/6730/284 3095/6729/284
f 3083/6710/285 3082/6709/285 3097/6724/285 3096/6730/285
f 3098/6731/12 3105/6732/12 3106/6733/12 3113/6734/12
f 3105/6732/12 3104/6735/12 3107/6736/12 3106/6733/12
f 3104/6735/12 3103/6737/12 3108/6738/12 3107/6736/12
f 3103/6737/12 3102/6739/12 3109/6740/12 3108/6738/12
f 3102/6739/12 3101/6741/12 3110/6742/12 3109/6740/12
f 3101/6741/12 3100/6743/12 3111/6744/12 3110/6742/12
f 3100/6743/12 3099/6745/12 3112/6746/12 3111/6744/12
f 3099/6745/12 3098/6731/12 3113/6734/12 3112/6746/12
f 3112/6747/198 3113/6748/198 3114/6749/198 3115/6750/198
f 3111/6751/199 3112/6752/199 3115/6753/199 3116/6754/199
f 3110/6755/200 3111/6751/200 3116/6754/200 3117/6756/200
f 3109/6757/201 3110/6758/201 3117/6759/201 3118/6760/201
f 3108/6761/202 3109/6757/202 3118/6760/202 3119/6762/202
f 3107/6763/203 3108/6764/203 3119/6765/203 3120/6766/203
f 3106/6767/204 3107/6763/204 3120/6766/204 3121/6768/204
f 3113/6748/205 3106/6769/205 3121/6770/205 3114/6749/205
f 3114/6771/286 3121/6772/286 3122/6773/286 3129/6774/286
f 3121/6772/287 3120/6775/287 3123/6776/287 3122/6773/287
f 3120/6775/288 3119/6777/288 3124/6778/288 3123/6776/288
f 3119/6777/289 3118/6779/289 3125/6780/289 3124/6778/289
f 3118/6779/290 3117/6781/290 3126/6782/290 3125/6780/290
f 3117/6781/291 3116/6783/291 3127/6784/291 3126/6782/291
f 3116/6783/292 3115/6785/292 3128/6786/292 3127/6784/292
f 3115/6785/293 3114/6771/293 3129/6774/293 3128/6786/293
f 3128/6787/198 3129/6788/198 3130/6789/198 3131/6790/198
f 3127/6791/199 3128/6792/199 3131/6793/199 3132/6794/199
f 3126/6795/200 3127/6791/200 3132/6794/200 3133/6796/200
f 3125/6797/201 3126/6798/201 3133/6799/201 3134/6800/201
f 3124/6801/202 3125/6797/202 3134/6800/202 3135/6802/202
f 3123/6803/203 3124/6804/203 3135/6805/203 3136/6806/203
f 3122/6807/204 3123/6803/204 3136/6806/204 3137/6808/204
f 3129/6788/205 3122/6809/205 3137/6810/205 3130/6789/205
f 3130/6811/294 3137/6812/294 3138/6813/294 3145/6814/294
f 3137/6812/295 3136/6815/295 3139/6816/295 3138/6813/295
f 3136/6815/296 3135/6817/296 3140/6818/296 3139/6816/296
f 3135/6817/297 3134/6819/297 3141/6820/297 3140/6818/297
f 3134/6819/298 3133/6821/298 3142/6822/298 3141/6820/298
f 3133/6821/299 3132/6823/299 3143/6824/299 3142/6822/299
f 3132/6823/300 3131/6825/300 3144/6826/300 3143/6824/300
f 3131/6825/301 3130/6811/301 3145/6814/301 3144/6826/301
f 3144/6826/302 3145/6814/302 3146/6827/302 3147/6828/302
f 3143/6824/303 3144/6826/303 3147/6828/303 3148/6829/303
f 3142/6822/304 3143/6824/304 3148/6829/304 3149/6830/304
f 3141/6820/305 3142/6822/305 3149/6830/305 3150/6831/305
f 3140/6818/306 3141/6820/306 3150/6831/306 3151/6832/306
f 3139/6816/307 3140/6818/307 3151/6832/307 3152/6833/307
f 3138/6813/308 3139/6816/308 3152/6833/308 3153/6834/308
f 3145/6814/309 3138/6813/309 3153/6834/309 3146/6827/309
f 3146/6827/310 3153/6834/310 3154/6835/310 3161/6836/310
f 3153/6834/311 3152/6833/311 3155/6837/311 3154/6835/311
f 3152/6838/312 3151/6839/312 3156/6840/312 3155/6841/312
f 3151/6832/313 3150/6831/313 3157/6842/313 3156/6843/313
f 3150/6831/314 3149/6830/314 3158/6844/314 3157/6842/314
f 3149/6830/315 3148/6829/315 3159/6845/315 3158/6844/315
f 3148/6829/316 3147/6828/316 3160/6846/316 3159/6845/316
f 3147/6828/317 3146/6827/317 3161/6836/317 3160/6846/317
f 3160/6847/318 3161/6848/318 3162/6849/318 3163/6850/318
f 3159/6851/319 3160/6852/319 3163/6853/319 3164/6854/319
f 3158/6855/320 3159/6851/320 3164/6854/320 3165/6856/320
f 3157/6857/321 3158/6858/321 3165/6859/321 3166/6860/321
f 3156/6861/322 3157/6857/322 3166/6860/322 3167/6862/322
f 3155/6841/323 3156/6840/323 3167/6863/323 3168/6864/323
f 3154/6865/324 3155/6841/324 3168/6864/324 3169/6866/324
f 3161/6848/325 3154/6867/325 3169/6868/325 3162/6849/325
f 3162/6849/326 3169/6868/326 3170/6869/326 3177/6870/326
f 3169/6866/327 3168/6864/327 3171/6871/327 3170/6872/327
f 3168/6864/328 3167/6863/328 3172/6873/328 3171/6871/328
f 3167/6862/329 3166/6860/329 3173/6874/329 3172/6875/329
f 3166/6860/330 3165/6859/330 3174/6876/330 3173/6874/330
f 3165/6856/331 3164/6854/331 3175/6877/331 3174/6878/331
f 3164/6854/332 3163/6853/332 3176/6879/332 3175/6877/332
f 3163/6850/333 3162/6849/333 3177/6870/333 3176/6880/333
f 3176/6880/334 3177/6870/334 3178/6881/334 3179/6882/334
f 3175/6877/335 3176/6879/335 3179/6883/335 3180/6884/335
f 3174/6878/336 3175/6877/336 3180/6884/336 3181/6885/336
f 3173/6874/337 3174/6876/337 3181/6886/337 3182/6887/337
f 3172/6875/338 3173/6874/338 3182/6887/338 3183/6888/338
f 3171/6871/339 3172/6873/339 3183/6889/339 3184/6890/339
f 3170/6872/340 3171/6871/340 3184/6890/340 3185/6891/340
f 3177/6870/341 3170/6869/341 3185/6892/341 3178/6881/341
f 3178/6881/342 3185/6892/342 3186/6893/342 3193/6894/342
f 3185/6891/343 3184/6890/343 3187/6895/343 3186/6896/343
f 3184/6890/344 3183/6889/344 3188/6897/344 3187/6895/344
f 3183/6888/345 3182/6887/345 3189/6898/345 3188/6899/345
f 3182/6887/346 3181/6886/346 3190/6900/346 3189/6898/346
f 3181/6885/347 3180/6884/347 3191/6901/347 3190/6902/347
f 3180/6884/348 3179/6883/348 3192/6903/348 3191/6901/348
f 3179/6882/349 3178/6881/349 3193/6894/349 3192/6904/349
f 3192/6904/350 3193/6894/350 3194/6905/350 3195/6906/350
f 3191/6901/351 3192/6903/351 3195/6907/351 3196/6908/351
f 3190/6902/352 3191/6901/352 3196/6908/352 3197/6909/352
f 3189/6898/353 3190/6900/353 3197/6910/353 3198/6911/353
f 3188/6899/354 3189/6898/354 3198/6911/354 3199/6912/354
f 3187/6895/355 3188/6897/355 3199/6913/355 3200/6914/355
f 3186/6896/356 3187/6895/356 3200/6914/356 3201/6915/356
f 3193/6894/357 3186/6893/357 3201/6916/357 3194/6905/357
f 3194/6917/358 3201/6918/358 3202/6919/358 3209/6920/358
f 3201/6918/359 3200/6921/359 3203/6922/359 3202/6919/359
f 3200/6921/360 3199/6923/360 3204/6924/360 3203/6922/360
f 3199/6923/361 3198/6925/361 3205/6926/361 3204/6924/361
f 3198/6925/362 3197/6927/362 3206/6928/362 3205/6926/362
f 3197/6927/363 3196/6929/363 3207/6930/363 3206/6928/363
f 3196/6929/364 3195/6931/364 3208/6932/364 3207/6930/364
f 3195/6931/365 3194/6917/365 3209/6920/365 3208/6932/365
f 3208/6932/366 3209/6920/366 3210/6933/366 3211/6934/366
f 3207/6930/367 3208/6932/367 3211/6934/367 3212/6935/367
f 3206/6928/368 3207/6930/368 3212/6935/368 3213/6936/368
f 3205/6926/369 3206/6928/369 3213/6936/369 3214/6937/369
f 3204/6924/370 3205/6926/370 3214/6937/370 3215/6938/370
f 3203/6922/371 3204/6924/371 3215/6938/371 3216/6939/371
f 3202/6919/372 3203/6922/372 3216/6939/372 3217/6940/372
f 3209/6920/373 3202/6919/373 3217/6940/373 3210/6933/373
f 3210/6941/205 3217/6942/205 3218/6943/205 3225/6944/205
f 3217/6945/204 3216/6946/204 3219/6947/204 3218/6948/204
f 3216/6946/203 3215/6949/203 3220/6950/203 3219/6947/203
f 3215/6951/202 3214/6952/202 3221/6953/202 3220/6954/202
f 3214/6952/201 3213/6955/201 3222/6956/201 3221/6953/201
f 3213/6957/200 3212/6958/200 3223/6959/200 3222/6960/200
f 3212/6958/199 3211/6961/199 3224/6962/199 3223/6959/199
f 3211/6963/198 3210/6941/198 3225/6944/198 3224/6964/198
f 3224/6965/374 3225/6966/374 3226/6967/374 3227/6968/374
f 3223/6969/375 3224/6965/375 3227/6968/375 3228/6970/375
f 3222/6971/376 3223/6969/376 3228/6970/376 3229/6972/376
f 3221/6973/377 3222/6971/377 3229/6972/377 3230/6974/377
f 3220/6975/378 3221/6973/378 3230/6974/378 3231/6976/378
f 3219/6977/379 3220/6975/379 3231/6976/379 3232/6978/379
f 3218/6979/380 3219/6977/380 3232/6978/380 3233/6980/380
f 3225/6966/381 3218/6979/381 3233/6980/381 3226/6967/381
f 3226/6981/382 3233/6982/382 3234/6983/382 3241/6984/382
f 3233/6985/383 3232/6986/383 3235/6987/383 3234/6988/383
f 3232/6986/384 3231/6989/384 3236/6990/384 3235/6987/384
f 3231/6991/385 3230/6992/385 3237/6993/385 3236/6994/385
f 3230/6992/386 3229/6995/386 3238/6996/386 3237/6993/386
f 3229/6997/387 3228/6998/387 3239/6999/387 3238/7000/387
f 3228/6998/388 3227/7001/388 3240/7002/388 3239/6999/388
f 3227/7003/389 3226/6981/389 3241/6984/389 3240/7004/389
f 3240/7004/390 3241/6984/390 3242/7005/390 3243/7006/390
f 3239/6999/391 3240/7002/391 3243/7007/391 3244/7008/391
f 3238/7000/392 3239/6999/392 3244/7008/392 3245/7009/392
f 3237/6993/393 3238/6996/393 3245/7010/393 3246/7011/393
f 3236/6994/394 3237/6993/394 3246/7011/394 3247/7012/394
f 3235/6987/395 3236/6990/395 3247/7013/395 3248/7014/395
f 3234/6988/396 3235/6987/396 3248/7014/396 3249/7015/396
f 3241/6984/397 3234/6983/397 3249/7016/397 3242/7005/397
f 3242/7005/398 3249/7016/398 3250/7017/398 3257/7018/398
f 3249/7015/399 3248/7014/399 3251/7019/399 3250/7020/399
f 3248/7014/400 3247/7013/400 3252/7021/400 3251/7019/400
f 3247/7012/401 3246/7011/401 3253/7022/401 3252/7023/401
f 3246/7011/402 3245/7010/402 3254/7024/402 3253/7022/402
f 3245/7009/403 3244/7008/403 3255/7025/403 3254/7026/403
f 3244/7008/404 3243/7007/404 3256/7027/404 3255/7025/404
f 3243/7006/405 3242/7005/405 3257/7018/405 3256/7028/405
f 3256/7028/406 3257/7018/406 3258/7029/406 3259/7030/406
f 3255/7025/407 3256/7027/407 3259/7031/407 3260/7032/407
f 3254/7026/408 3255/7025/408 3260/7032/408 3261/7033/408
f 3253/7022/409 3254/7024/409 3261/7034/409 3262/7035/409
f 3252/7023/410 3253/7022/410 3262/7035/410 3263/7036/410
f 3251/7019/411 3252/7021/411 3263/7037/411 3264/7038/411
f 3250/7020/412 3251/7019/412 3264/7038/412 3265/7039/412
f 3257/7018/413 3250/7017/413 3265/7040/413 3258/7029/413
f 3258/7029/414 3265/7040/414 3266/7041/414 3273/7042/414
f 3265/7043/415 3264/7044/415 3267/7045/415 3266/7046/415
f 3264/7038/416 3263/7037/416 3268/7047/416 3267/7048/416
f 3263/7049/417 3262/7050/417 3269/7051/417 3268/7052/417
f 3262/7050/418 3261/7053/418 3270/7054/418 3269/7051/418
f 3261/7053/419 3260/7055/419 3271/7056/419 3270/7054/419
f 3260/7055/420 3259/7057/420 3272/7058/420 3271/7056/420
f 3259/7057/421 3258/7059/421 3273/7060/421 3272/7058/421
f 3272/7061/198 3273/7042/198 3274/7062/198 3275/7063/198
f 3271/7064/199 3272/7065/199 3275/7066/199 3276/7067/199
f 3270/7068/200 3271/7064/200 3276/7067/200 3277/7069/200
f 3269/7070/201 3270/7071/201 3277/7072/201 3278/7073/201
f 3268/7074/202 3269/7070/202 3278/7073/202 3279/7075/202
f 3267/7048/203 3268/7047/203 3279/7076/203 3280/7077/203
f 3266/7078/204 3267/7048/204 3280/7077/204 3281/7079/204
f 3273/7042/205 3266/7041/205 3281/7080/205 3274/7062/205
f 3274/7062/205 3281/7080/205 3282/7081/205 3289/7082/205
f 3281/7079/204 3280/7077/204 3283/7083/204 3282/7084/204
f 3280/7077/203 3279/7076/203 3284/7085/203 3283/7083/203
f 3279/7075/202 3278/7073/202 3285/7086/202 3284/7087/202
f 3278/7073/201 3277/7072/201 3286/7088/201 3285/7086/201
f 3277/7069/200 3276/7067/200 3287/7089/200 3286/7090/200
f 3276/7067/199 3275/7066/199 3288/7091/199 3287/7089/199
f 3275/7063/198 3274/7062/198 3289/7082/198 3288/7092/198
f 3288/7093/422 3289/7094/422 3290/7095/422 3291/7096/422
f 3287/7097/423 3288/7093/423 3291/7096/423 3292/7098/423
f 3286/7099/424 3287/7097/424 3292/7098/424 3293/7100/424
f 3285/7101/425 3286/7099/425 3293/7100/425 3294/7102/425
f 3284/7103/426 3285/7101/426 3294/7102/426 3295/7104/426
f 3283/7105/427 3284/7103/427 3295/7104/427 3296/7106/427
f 3282/7107/428 3283/7105/428 3296/7106/428 3297/7108/428
f 3289/7094/429 3282/7107/429 3297/7108/429 3290/7095/429
f 3290/7109/430 3297/7110/430 3298/7111/430 3305/7112/430
f 3297/7113/431 3296/7114/431 3299/7115/431 3298/7116/431
f 3296/7114/432 3295/7117/432 3300/7118/432 3299/7115/432
f 3295/7119/433 3294/7120/433 3301/7121/433 3300/7122/433
f 3294/7120/434 3293/7123/434 3302/7124/434 3301/7121/434
f 3293/7125/435 3292/7126/435 3303/7127/435 3302/7128/435
f 3292/7126/436 3291/7129/436 3304/7130/436 3303/7127/436
f 3291/7131/437 3290/7109/437 3305/7112/437 3304/7132/437
f 3304/7132/198 3305/7112/198 3306/7133/198 3307/7134/198
f 3303/7127/199 3304/7130/199 3307/7135/199 3308/7136/199
f 3302/7128/200 3303/7127/200 3308/7136/200 3309/7137/200
f 3301/7121/201 3302/7124/201 3309/7138/201 3310/7139/201
f 3300/7122/202 3301/7121/202 3310/7139/202 3311/7140/202
f 3299/7115/203 3300/7118/203 3311/7141/203 3312/7142/203
f 3298/7116/204 3299/7115/204 3312/7142/204 3313/7143/204
f 3305/7112/205 3298/7111/205 3313/7144/205 3306/7133/205
f 3306/7133/438 3313/7144/438 3314/7145/438 3321/7146/438
f 3313/7143/439 3312/7142/439 3315/7147/439 3314/7148/439
f 3312/7142/440 3311/7141/440 3316/7149/440 3315/7147/440
f 3311/7140/441 3310/7139/441 3317/7150/441 3316/7151/441
f 3310/7139/442 3309/7138/442 3318/7152/442 3317/7150/442
f 3309/7137/443 3308/7136/443 3319/7153/443 3318/7154/443
f 3308/7136/444 3307/7135/444 3320/7155/444 3319/7153/444
f 3307/7134/445 3306/7133/445 3321/7146/445 3320/7156/445
f 3320/7157/446 3321/7158/446 3322/7159/446 3323/7160/446
f 3319/7161/447 3320/7157/447 3323/7160/447 3324/7162/447
f 3318/7163/448 3319/7161/448 3324/7162/448 3325/7164/448
f 3317/7165/449 3318/7163/449 3325/7164/449 3326/7166/449
f 3316/7167/450 3317/7165/450 3326/7166/450 3327/7168/450
f 3315/7169/451 3316/7167/451 3327/7168/451 3328/7170/451
f 3314/7171/452 3315/7169/452 3328/7170/452 3329/7172/452
f 3321/7158/453 3314/7171/453 3329/7172/453 3322/7159/453
f 3322/7159/454 3329/7172/454 3330/7173/454 3337/7174/454
f 3329/7172/455 3328/7170/455 3331/7175/455 3330/7173/455
f 3328/7170/456 3327/7168/456 3332/7176/456 3331/7175/456
f 3327/7168/457 3326/7166/457 3333/7177/457 3332/7176/457
f 3326/7166/458 3325/7164/458 3334/7178/458 3333/7177/458
f 3325/7164/459 3324/7162/459 3335/7179/459 3334/7178/459
f 3324/7162/460 3323/7160/460 3336/7180/460 3335/7179/460
f 3323/7160/461 3322/7159/461 3337/7174/461 3336/7180/461
f 3337/7181/198 3346/7182/198 3347/7183/198 3336/7184/198
f 3346/7182/198 3338/7185/198 3339/7186/198 3347/7183/198
f 3336/7187/199 3347/7188/199 3348/7189/199 3335/7190/199
f 3335/7190/200 3348/7189/200 3349/7191/200 3334/7192/200
f 3348/7189/200 3340/7193/200 3341/7194/200 3349/7191/200
f 3334/7195/201 3349/7196/201 3350/7197/201 3333/7198/201
f 3349/7196/201 3341/7199/201 3342/7200/201 3350/7197/201
f 3333/7198/202 3350/7197/202 3351/7201/202 3332/7202/202
f 3350/7197/202 3342/7200/202 3343/7203/202 3351/7201/202
f 3332/7204/203 3351/7205/203 3352/7206/203 3331/7207/203
f 3331/7207/204 3352/7206/204 3353/7208/204 3330/7209/204
f 3352/7206/204 3344/7210/204 3345/7211/204 3353/7208/204
f 3330/7212/205 3353/7213/205 3346/7182/205 3337/7181/205
f 3353/7213/205 3345/7214/205 3338/7185/205 3346/7182/205
f 3352/7215/12 3351/7216/12 3354/7217/12 3355/7218/12
f 3348/7219/12 3347/7220/12 3356/7221/12 3357/7222/12
f 3344/7223/462 3352/7224/462 3355/7225/462 3358/7226/462
f 3351/7201/463 3343/7203/463 3359/7227/463 3354/7228/463
f 3340/7229/464 3348/7230/464 3357/7231/464 3360/7232/464
f 3347/7183/465 3339/7186/465 3361/7233/465 3356/7234/465
f 3343/7235/11 3344/7236/11 3358/7237/11 3359/7238/11
f 3339/7239/11 3340/7240/11 3360/7241/11 3361/7242/11
f 3354/7243/466 3359/7244/466 3358/7245/466 3355/7246/466
f 3356/7247/467 3361/7248/467 3360/7249/467 3357/7250/467
f 3338/7185/205 3345/7214/205 3363/7251/205 3370/7252/205
f 3345/7211/204 3344/7210/204 3364/7253/204 3363/7254/204
f 3344/7210/203 3343/7255/203 3365/7256/203 3364/7253/203
f 3343/7203/202 3342/7200/202 3366/7257/202 3365/7258/202
f 3342/7200/201 3341/7199/201 3367/7259/201 3366/7257/201
f 3341/7194/200 3340/7193/200 3368/7260/200 3367/7261/200
f 3340/7193/199 3339/7262/199 3369/7263/199 3368/7260/199
f 3339/7186/198 3338/7185/198 3370/7252/198 3369/7264/198
f 3362/7265/11 3369/7266/11 3370/7267/11
f 3362/7265/11 3368/7268/11 3369/7266/11
f 3362/7265/11 3367/7269/11 3368/7268/11
f 3362/7265/11 3366/7270/11 3367/7269/11
f 3362/7265/11 3365/7271/11 3366/7270/11
f 3362/7265/11 3364/7272/11 3365/7271/11
f 3362/7265/11 3363/7273/11 3364/7272/11
f 3362/7265/11 3370/7267/11 3363/7273/11
f 3097/7274/198 3371/7275/198 3373/7276/198 3096/7277/198
f 3372/7278/198 3098/7279/198 3099/7280/198 3374/7281/198
f 3096/7282/199 3373/7283/199 3375/7284/199 3095/7285/199
f 3374/7286/199 3099/7287/199 3100/7288/199 3376/7289/199
f 3095/7285/200 3375/7284/200 3377/7290/200 3094/7291/200
f 3376/7289/200 3100/7288/200 3101/7292/200 3378/7293/200
f 3094/7294/201 3377/7295/201 3379/7296/201 3093/7297/201
f 3378/7298/201 3101/7299/201 3102/7300/201 3380/7301/201
f 3093/7297/202 3379/7296/202 3381/7302/202 3092/7303/202
f 3380/7301/202 3102/7300/202 3103/7304/202 3382/7305/202
f 3092/7306/203 3381/7307/203 3383/7308/203 3091/7309/203
f 3382/7310/203 3103/7311/203 3104/7312/203 3384/7313/203
f 3091/7309/204 3383/7308/204 3385/7314/204 3090/7315/204
f 3384/7313/204 3104/7312/204 3105/7316/204 3386/7317/204
f 3090/7318/205 3385/7319/205 3371/7275/205 3097/7274/205
f 3386/7320/205 3105/7321/205 3098/7279/205 3372/7278/205
f 3378/7298/468 3380/7301/468 3388/7322/468 3387/7323/468
f 3379/7296/468 3377/7295/468 3389/7324/468 3390/7325/468
f 3380/7301/469 3379/7296/469 3390/7325/469 3388/7322/469
f 3377/7295/469 3378/7298/469 3387/7323/469 3389/7324/469
f 3376/7289/470 3378/7293/470 3392/7326/470 3391/7327/470
f 3377/7290/470 3375/7284/470 3393/7328/470 3394/7329/470
f 3378/7293/471 3377/7290/471 3394/7329/471 3392/7326/471
f 3375/7284/471 3376/7289/471 3391/7327/471 3393/7328/471
f 3380/7301/202 3382/7305/202 3396/7330/202 3395/7331/202
f 3381/7302/202 3379/7296/202 3397/7332/202 3398/7333/202
f 3382/7305/202 3381/7302/202 3398/7333/202 3396/7330/202
f 3379/7296/202 3380/7301/202 3395/7331/202 3397/7332/202
f 3382/7310/203 3384/7313/203 3400/7334/203 3399/7335/203
f 3383/7308/203 3381/7307/203 3401/7336/203 3402/7337/203
f 3384/7313/203 3383/7308/203 3402/7337/203 3400/7334/203
f 3381/7307/203 3382/7310/203 3399/7335/203 3401/7336/203
f 3384/7313/204 3386/7317/204 3404/7338/204 3403/7339/204
f 3385/7314/204 3383/7308/204 3405/7340/204 3406/7341/204
f 3386/7317/204 3385/7314/204 3406/7341/204 3404/7338/204
f 3383/7308/204 3384/7313/204 3403/7339/204 3405/7340/204
f 3386/7320/205 3372/7278/205 3407/7342/205 3408/7343/205
f 3371/7275/205 3385/7319/205 3410/7344/205 3409/7345/205
f 3385/7319/205 3386/7320/205 3408/7343/205 3410/7344/205
f 3372/7278/205 3371/7275/205 3409/7345/205 3407/7342/205
f 3372/7278/198 3374/7281/198 3412/7346/198 3411/7347/198
f 3373/7276/198 3371/7275/198 3413/7348/198 3414/7349/198
f 3374/7281/198 3373/7276/198 3414/7349/198 3412/7346/198
f 3371/7275/198 3372/7278/198 3411/7347/198 3413/7348/198
f 3374/7286/199 3376/7289/199 3416/7350/199 3415/7351/199
f 3375/7284/199 3373/7283/199 3417/7352/199 3418/7353/199
f 3376/7289/199 3375/7284/199 3418/7353/199 3416/7350/199
f 3373/7283/199 3374/7286/199 3415/7351/199 3417/7352/199
f 3385/7354/12 3371/7355/12 3426/7356/12 3419/7357/12
f 3383/7358/12 3385/7354/12 3419/7357/12 3420/7359/12
f 3381/7360/12 3383/7358/12 3420/7359/12 3421/7361/12
f 3379/7362/12 3381/7360/12 3421/7361/12 3422/7363/12
f 3377/7364/12 3379/7362/12 3422/7363/12 3423/7365/12
f 3375/7366/12 3377/7364/12 3423/7365/12 3424/7367/12
f 3373/7368/12 3375/7366/12 3424/7367/12 3425/7369/12
f 3371/7355/12 3373/7368/12 3425/7369/12 3426/7356/12
f 3426/7356/12 3425/7369/12 3428/7370/12 3427/7371/12
f 3425/7369/12 3424/7367/12 3429/7372/12 3428/7370/12
f 3424/7367/12 3423/7365/12 3430/7373/12 3429/7372/12
f 3423/7365/12 3422/7363/12 3431/7374/12 3430/7373/12
f 3422/7363/12 3421/7361/12 3432/7375/12 3431/7374/12
f 3421/7361/12 3420/7359/12 3433/7376/12 3432/7375/12
f 3420/7359/12 3419/7357/12 3434/7377/12 3433/7376/12
f 3419/7357/12 3426/7356/12 3427/7371/12 3434/7377/12
f 3434/7377/12 3427/7371/12 3435/7378/12
f 3433/7376/12 3434/7377/12 3435/7378/12
f 3432/7375/12 3433/7376/12 3435/7378/12
f 3431/7374/12 3432/7375/12 3435/7378/12
f 3430/7373/12 3431/7374/12 3435/7378/12
f 3429/7372/12 3430/7373/12 3435/7378/12
f 3428/7370/12 3429/7372/12 3435/7378/12
f 3427/7371/12 3428/7370/12 3435/7378/12
f 3417/7379/472 3415/7380/472 3436/7381/472 3437/7382/472
f 3416/7383/473 3418/7384/473 3439/7385/473 3438/7386/473
f 3418/7387/11 3417/7388/11 3437/7389/11 3439/7390/11
f 3415/7391/12 3416/7392/12 3438/7393/12 3436/7394/12
f 3413/7395/474 3411/7396/474 3440/7397/474 3441/7398/474
f 3412/7399/475 3414/7400/475 3443/7401/475 3442/7402/475
f 3414/7403/11 3413/7404/11 3441/7405/11 3443/7406/11
f 3411/7407/12 3412/7408/12 3442/7409/12 3440/7410/12
f 3407/7411/476 3409/7412/476 3445/7413/476 3444/7414/476
f 3410/7415/477 3408/7416/477 3446/7417/477 3447/7418/477
f 3409/7419/11 3410/7420/11 3447/7421/11 3445/7422/11
f 3408/7423/12 3407/7424/12 3444/7425/12 3446/7426/12
f 3405/7427/478 3403/7428/478 3448/7429/478 3449/7430/478
f 3404/7431/479 3406/7432/479 3451/7433/479 3450/7434/479
f 3406/7435/11 3405/7436/11 3449/7437/11 3451/7438/11
f 3403/7439/12 3404/7440/12 3450/7441/12 3448/7442/12
f 3401/7443/480 3399/7444/480 3452/7445/480 3453/7446/480
f 3400/7447/481 3402/7448/481 3455/7449/481 3454/7450/481
f 3402/7451/11 3401/7452/11 3453/7453/11 3455/7454/11
f 3399/7455/12 3400/7456/12 3454/7457/12 3452/7458/12
f 3397/7459/482 3395/7460/482 3456/7461/482 3457/7462/482
f 3396/7463/483 3398/7464/483 3459/7465/483 3458/7466/483
f 3398/7467/11 3397/7468/11 3457/7469/11 3459/7470/11
f 3395/7471/12 3396/7472/12 3458/7473/12 3456/7474/12
f 3393/7475/484 3391/7476/484 3460/7477/484 3461/7478/484
f 3392/7479/485 3394/7480/485 3463/7481/485 3462/7482/485
f 3394/7483/11 3393/7484/11 3461/7485/11 3463/7486/11
f 3391/7487/12 3392/7488/12 3462/7489/12 3460/7490/12
f 3389/7491/486 3387/7492/486 3464/7493/486 3465/7494/486
f 3388/7495/487 3390/7496/487 3467/7497/487 3466/7498/487
f 3390/7499/11 3389/7500/11 3465/7501/11 3467/7502/11
f 3387/7503/12 3388/7504/12 3466/7505/12 3464/7506/12
f 3468/7507/2 3477/7508/2 3476/7509/2 3469/7510/2
f 3470/7511/1 3478/7512/1 3479/7513/1 3471/7514/1
f 3478/7512/1 3474/7515/1 3475/7516/1 3479/7513/1
f 3476/7517/12 3477/7518/12 3480/7519/12 3481/7520/12
f 3477/7521/4 3472/7522/4 3482/7523/4 3480/7524/4
f 3473/7525/3 3476/7526/3 3481/7527/3 3483/7528/3
f 3472/7529/11 3473/7530/11 3483/7531/11 3482/7532/11
f 3480/7533/2 3482/7534/2 3483/7535/2 3481/7536/2
f 3486/7537/12 3468/7538/12 3469/7539/12 3484/7540/12
f 3484/7540/12 3485/7541/12 3487/7542/12 3486/7537/12
f 3485/7541/12 3470/7543/12 3471/7544/12 3487/7542/12
f 3472/7529/488 3490/7545/488 3488/7546/488 3473/7530/488
f 3490/7545/488 3491/7547/488 3489/7548/488 3488/7546/488
f 3491/7547/488 3475/7549/488 3474/7550/488 3489/7548/488
f 3476/7526/3 3492/7551/3 3484/7552/3 3469/7553/3
f 3492/7551/3 3493/7554/3 3485/7555/3 3484/7552/3
f 3493/7554/3 3478/7556/3 3470/7557/3 3485/7555/3
f 3473/7525/3 3488/7558/3 3492/7551/3 3476/7526/3
f 3488/7558/3 3489/7559/3 3493/7554/3 3492/7551/3
f 3489/7559/3 3474/7560/3 3478/7556/3 3493/7554/3
f 3477/7521/4 3494/7561/4 3490/7562/4 3472/7522/4
f 3494/7561/4 3495/7563/4 3491/7564/4 3490/7562/4
f 3495/7563/4 3479/7565/4 3475/7566/4 3491/7564/4
f 3468/7567/4 3486/7568/4 3494/7561/4 3477/7521/4
f 3487/7569/4 3471/7570/4 3479/7565/4 3495/7563/4
f 3487/7569/4 3495/7563/4 3497/7571/4 3496/7572/4
f 3494/7561/4 3486/7568/4 3499/7573/4 3498/7574/4
f 3495/7563/4 3494/7561/4 3498/7574/4 3497/7571/4
f 3486/7568/4 3487/7569/4 3496/7572/4 3499/7573/4
f 3499/7575/11 3496/7576/11 3500/7577/11 3501/7578/11
f 3497/7579/12 3498/7580/12 3502/7581/12 3503/7582/12
f 3498/7583/1 3499/7584/1 3501/7585/1 3502/7586/1
f 3496/7587/2 3497/7588/2 3503/7589/2 3500/7590/2
f 3501/7591/4 3500/7592/4 3503/7593/4 3502/7594/4
