# Blender v2.75 (sub 0) OBJ File: 'LandRover.blend'
# www.blender.org
mtllib LandRover.mtl
o LowPolyRangeRover_Cube.000
v -2.706558 -0.318686 9.391592
v -2.854318 -0.318686 9.362308
v -2.962365 -0.318686 9.318480
v -2.836391 -0.622814 9.424363
v -2.655508 -0.195441 9.391592
v -2.759990 -0.090959 9.362308
v -2.836391 -0.014558 9.318480
v -2.532263 -0.748788 9.424363
v -2.532263 -0.144391 9.391592
v -2.532263 0.003369 9.362308
v -2.532263 0.111416 9.318480
v -2.228135 -0.622814 9.424363
v -2.532263 -0.318686 9.401875
v -2.409018 -0.195441 9.391592
v -2.304535 -0.090959 9.362308
v -2.228135 -0.014558 9.318480
v -2.102161 -0.318686 9.424363
v -2.357968 -0.318686 9.391592
v -2.210207 -0.318686 9.362308
v -2.102161 -0.318686 9.318480
v -2.228135 -0.014558 9.424363
v -2.409018 -0.441932 9.391592
v -2.304536 -0.546414 9.362308
v -2.228135 -0.622814 9.318480
v -2.532263 0.111416 9.424363
v -2.532263 -0.492981 9.391592
v -2.532263 -0.640742 9.362308
v -2.532263 -0.748788 9.318480
v -2.836391 -0.014558 9.424363
v -2.655508 -0.441931 9.391592
v -2.759991 -0.546414 9.362308
v -2.836391 -0.622814 9.318480
v -2.962365 -0.318686 9.424363
v -2.974005 -0.756615 9.424363
v -2.532263 -0.826443 9.424363
v -2.090522 -0.756615 9.424363
v -2.020086 -0.318686 9.424363
v -2.090522 0.119243 9.424363
v -2.532263 0.189071 9.424363
v -2.974004 0.119243 9.424363
v -3.044440 -0.318686 9.424363
v -2.974005 -0.756615 9.233073
v -2.532263 -0.826443 9.233073
v -2.090522 -0.756615 9.233073
v -2.020086 -0.318686 9.233073
v -2.090522 0.119243 9.233073
v -2.532263 0.189071 9.233073
v -2.974004 0.119243 9.233073
v -3.044440 -0.318686 9.233073
v -3.667742 0.502636 -9.759055
v -3.477394 0.056069 9.483762
v -3.547129 0.056069 9.437166
v -3.892277 0.099796 -9.635674
v -3.610086 0.056069 9.285173
v -3.907548 0.099796 -9.558902
v -3.312876 -0.870279 9.367432
v -3.336174 -0.829926 9.437166
v -3.745318 0.033309 -9.744246
v -3.567920 0.675532 -9.559411
v -3.436265 0.127307 9.483762
v -3.471133 0.187699 9.437166
v -3.494430 0.228052 9.367432
v -3.502611 0.242221 9.285173
v -3.371041 -0.769534 9.483762
v -3.197220 -0.698297 9.285173
v -3.213582 -0.698297 9.367432
v -3.575518 0.662371 -9.635812
v -3.395136 0.056069 9.500124
v -3.354007 0.127307 9.483762
v -3.319140 0.187699 9.437166
v -3.295842 0.228052 9.367432
v -3.287661 0.242221 9.285173
v -3.260177 -0.698297 9.437166
v -3.329912 -0.698297 9.483762
v -3.304695 -0.512144 9.285173
v -3.597157 0.624892 -9.700581
v -3.629541 0.568800 -9.743857
v -3.312878 0.056069 9.483762
v -3.243143 0.056069 9.437166
v -3.196548 0.056069 9.367432
v -3.180186 0.056069 9.285173
v -3.312876 -0.526314 9.367432
v -3.336174 -0.566667 9.437166
v -3.371041 -0.627059 9.483762
v -3.777860 -0.023056 -9.700760
v -3.799605 -0.060718 -9.635674
v -3.354007 -0.015168 9.483762
v -3.319140 -0.075561 9.437166
v -3.295842 -0.115913 9.367432
v -3.287661 -0.130083 9.285173
v -3.412170 -0.698297 9.500124
v -3.519645 -0.512144 9.285173
v -3.511464 -0.526314 9.367432
v -3.488167 -0.566667 9.437166
v -3.468097 0.502636 -9.559411
v -3.436265 -0.015168 9.483762
v -3.471133 -0.075561 9.437166
v -3.494430 -0.115913 9.367432
v -3.502611 -0.130083 9.285173
v -3.453299 -0.627059 9.483762
v -3.627120 -0.698297 9.285173
v -3.564163 -0.698297 9.437166
v -3.526572 0.502636 -9.700581
v -3.591341 0.502636 -9.743857
v -3.610759 -0.698297 9.367432
v -3.519645 -0.884449 9.285173
v -3.593724 0.056069 9.367432
v -3.511464 -0.870279 9.367432
v -3.494428 -0.698297 9.483762
v -3.488167 -0.829926 9.437166
v -3.453299 -0.769534 9.483762
v -3.304695 -0.884449 9.285173
v -3.705942 0.568800 -9.743857
v -3.738326 0.624892 -9.700581
v -3.759965 0.662371 -9.635812
v -3.767564 0.675532 -9.559411
v -3.848789 0.099796 -9.700760
v -3.783705 0.099796 -9.744246
v -3.807240 0.273535 -9.558902
v -3.744142 0.502636 -9.743857
v -3.808911 0.502636 -9.700581
v -3.852189 0.502636 -9.635812
v -3.867385 0.502636 -9.559411
v -3.799605 0.260310 -9.635674
v -3.777860 0.222648 -9.700760
v -3.745318 0.166283 -9.744246
v -3.705942 0.436471 -9.743857
v -3.738326 0.380379 -9.700581
v -3.759965 0.342900 -9.635812
v -3.767564 0.329739 -9.559411
v -3.706932 0.099796 -9.759519
v -3.606624 0.273535 -9.558902
v -3.614259 0.260310 -9.635674
v -3.636003 0.222648 -9.700760
v -3.629541 0.436471 -9.743857
v -3.597157 0.380379 -9.700581
v -3.575518 0.342900 -9.635812
v -3.567920 0.329739 -9.559411
v -3.668545 0.166283 -9.744246
v -3.506315 0.099796 -9.558902
v -3.565074 0.099796 -9.700760
v -3.521586 0.099796 -9.635674
v -3.606624 -0.073943 -9.558902
v -3.483294 0.502636 -9.635812
v -3.614259 -0.060718 -9.635674
v -3.630159 0.099796 -9.744246
v -3.636003 -0.023056 -9.700760
v -3.668545 0.033309 -9.744246
v -3.807240 -0.073943 -9.558902
v -3.663059 2.120018 -5.440868
v -3.556129 3.083968 -5.396929
v -3.556129 3.036084 -8.388798
v -3.663059 2.085413 -1.205212
v -3.663059 2.057012 -6.285681
v -3.556129 3.087125 -4.197766
v -3.663059 2.090146 -4.202499
v -2.466410 3.252439 -9.589754
v -3.251025 3.252439 -9.589754
v -2.853010 3.350611 -9.589754
v -3.393504 1.860493 3.588031
v -3.140121 3.398203 2.734363
v -3.394468 1.619957 3.656701
v -3.351460 2.057107 0.231023
v -3.140121 3.398203 3.058554
v -0.069203 3.398203 3.058554
v -0.080374 1.860493 3.912221
v -1.646343 3.610273 -9.482018
v 3.663059 2.133714 -8.377841
v 3.663059 2.090146 -4.202499
v 2.580108 1.745536 -9.589754
v 3.367656 1.768166 -9.589754
v 3.398083 2.055595 -9.589754
v 2.853010 3.350611 -9.589754
v 3.393504 1.860493 3.588031
v 3.140121 3.398203 2.734363
v 3.394468 1.619957 3.656701
v 3.378337 1.733196 0.230955
v 3.351460 2.057107 0.231023
v 3.140121 3.398203 3.058554
v 3.394468 1.594932 0.829570
v 0.000000 3.700635 -9.482018
v 1.731063 1.679668 -9.482088
v -0.001734 1.979778 -9.665803
v 0.683158 1.843547 -9.666186
v 1.263781 1.455588 -9.667279
v 1.651741 0.874967 -9.668916
v 1.787974 0.190079 -9.670846
v 1.651741 -0.494810 -9.672776
v 1.263781 -1.075432 -9.674412
v 0.683158 -1.463389 -9.675506
v -0.001734 -1.599622 -9.675889
v -0.686626 -1.463389 -9.675506
v -1.267249 -1.075430 -9.674413
v -1.655209 -0.494810 -9.672776
v -1.791441 0.190080 -9.670846
v -1.655207 0.874969 -9.668916
v -1.267246 1.455590 -9.667280
v -0.686623 1.843548 -9.666186
v -0.001734 1.835808 -9.579723
v 0.628156 1.710516 -9.580077
v 1.162150 1.353713 -9.581082
v 1.518953 0.819721 -9.582587
v 1.644246 0.189835 -9.584361
v 1.518953 -0.440051 -9.586137
v 1.162150 -0.974044 -9.587642
v 0.628155 -1.330846 -9.588647
v -0.001734 -1.456136 -9.589000
v -0.631623 -1.330846 -9.588647
v -1.165618 -0.974042 -9.587642
v -1.522421 -0.440050 -9.586137
v -1.647713 0.189837 -9.584361
v -1.522419 0.819723 -9.582587
v -1.165615 1.353715 -9.581082
v -0.631620 1.710517 -9.580077
v -0.001734 1.523122 -9.572324
v 0.508505 1.421630 -9.572610
v 0.941063 1.132604 -9.573424
v 1.230090 0.700047 -9.574643
v 1.331582 0.189811 -9.576081
v 1.230090 -0.320424 -9.577518
v 0.941063 -0.752983 -9.578737
v 0.508504 -1.042006 -9.579552
v -0.001734 -1.143497 -9.579838
v -0.511972 -1.042006 -9.579552
v -0.944531 -0.752981 -9.578737
v -1.233557 -0.320423 -9.577518
v -1.335049 0.189813 -9.576081
v -1.233556 0.700049 -9.574643
v -0.944529 1.132606 -9.573424
v -0.511970 1.421631 -9.572610
v -0.001734 1.982208 -10.527986
v 0.683158 1.845976 -10.528369
v 1.263781 1.458017 -10.529462
v 1.651741 0.877396 -10.531098
v 1.787974 0.192507 -10.533029
v 1.651741 -0.492381 -10.534959
v 1.263781 -1.073003 -10.536595
v 0.683158 -1.460959 -10.537688
v -0.001734 -1.597191 -10.538072
v -0.686626 -1.460959 -10.537688
v -1.267249 -1.073000 -10.536595
v -1.655209 -0.492380 -10.534959
v -1.791441 0.192509 -10.533029
v -1.655207 0.877398 -10.531098
v -1.267246 1.458019 -10.529462
v -0.686623 1.845977 -10.528369
v -0.001734 1.838727 -10.615570
v 0.628156 1.713435 -10.615923
v 1.162150 1.356633 -10.616929
v 1.518954 0.822640 -10.618434
v 1.644246 0.192754 -10.620208
v 1.518954 -0.437133 -10.621984
v 1.162150 -0.971126 -10.623488
v 0.628155 -1.327927 -10.624494
v -0.001734 -1.453217 -10.624846
v -0.631623 -1.327927 -10.624494
v -1.165618 -0.971124 -10.623488
v -1.522421 -0.437132 -10.621984
v -1.647713 0.192756 -10.620208
v -1.522419 0.822642 -10.618433
v -1.165615 1.356634 -10.616929
v -0.631620 1.713436 -10.615923
v -0.001734 1.606820 -10.648025
v 0.539375 1.499189 -10.648328
v 0.998103 1.192675 -10.649191
v 1.304616 0.733949 -10.650483
v 1.412250 0.192843 -10.652009
v 1.304616 -0.348262 -10.653533
v 0.998103 -0.806990 -10.654826
v 0.539374 -1.113502 -10.655690
v -0.001734 -1.221133 -10.655993
v -0.542842 -1.113502 -10.655690
v -1.001571 -0.806989 -10.654826
v -1.308084 -0.348261 -10.653533
v -1.415716 0.192845 -10.652009
v -1.308083 0.733950 -10.650483
v -1.001569 1.192677 -10.649191
v -0.542840 1.499189 -10.648328
v -0.001734 1.223200 -10.417933
v 0.727302 0.921225 -10.418784
v 1.029278 0.192192 -10.420838
v 0.727302 -0.536841 -10.422893
v -0.001734 1.223609 -10.563305
v 0.392818 1.145129 -10.563526
v 0.727302 0.921634 -10.564157
v 0.950797 0.587151 -10.565099
v 1.029278 0.192602 -10.566211
v 0.950797 -0.201948 -10.567323
v 0.727302 -0.536432 -10.568265
v 0.392818 -0.759925 -10.568894
v -0.001734 -0.838405 -10.569116
v -0.396285 -0.759925 -10.568894
v -0.730769 -0.536429 -10.568265
v -0.954264 -0.201947 -10.567322
v -1.032745 0.192603 -10.566211
v -0.954263 0.587152 -10.565099
v -0.730768 0.921636 -10.564157
v -0.396283 1.145129 -10.563526
v -0.954264 -0.202357 -10.421950
v 0.950797 -0.202357 -10.421950
v -0.396283 1.144719 -10.418155
v -0.730769 -0.536839 -10.422893
v -0.730768 0.921226 -10.418784
v -0.396285 -0.760334 -10.423522
v 0.950797 0.586742 -10.419726
v -0.954264 0.586743 -10.419726
v -0.001734 -0.838815 -10.423743
v -1.032745 0.192194 -10.420838
v 0.392818 1.144719 -10.418155
v 0.392818 -0.760334 -10.423522
v -0.001734 1.114590 -10.447640
v 0.351223 1.044383 -10.447838
v 0.650444 0.844450 -10.448401
v 0.850377 0.545229 -10.449244
v 0.920585 0.192275 -10.450239
v 0.850377 -0.160679 -10.451234
v 0.650444 -0.459900 -10.452077
v 0.351222 -0.659832 -10.452640
v -0.001734 -0.730041 -10.452838
v -0.354690 -0.659832 -10.452640
v -0.653911 -0.459898 -10.452077
v -0.853845 -0.160679 -10.451234
v -0.924051 0.192276 -10.450239
v -0.853844 0.545230 -10.449244
v -0.653910 0.844451 -10.448401
v -0.354688 1.044383 -10.447838
v -0.001734 1.013220 -10.388499
v 0.312494 0.950717 -10.388675
v 0.578883 0.772722 -10.389176
v 0.756878 0.506333 -10.389927
v 0.819382 0.192107 -10.390813
v 0.756878 -0.122118 -10.391698
v 0.578883 -0.388507 -10.392449
v 0.312494 -0.566501 -10.392951
v -0.001734 -0.629005 -10.393126
v -0.315961 -0.566501 -10.392951
v -0.582350 -0.388505 -10.392448
v -0.760346 -0.122118 -10.391698
v -0.822849 0.192109 -10.390813
v -0.760345 0.506334 -10.389927
v -0.582349 0.772723 -10.389176
v -0.315960 0.950717 -10.388675
v -0.001734 0.925491 -10.388745
v 0.278921 0.869666 -10.388904
v 0.516849 0.710688 -10.389352
v 0.675827 0.472761 -10.390021
v 0.731653 0.192107 -10.390813
v 0.675827 -0.088546 -10.391603
v 0.516849 -0.326472 -10.392274
v 0.278921 -0.485451 -10.392722
v -0.001734 -0.541276 -10.392879
v -0.282389 -0.485451 -10.392722
v -0.520316 -0.326471 -10.392274
v -0.679294 -0.088545 -10.391603
v -0.735119 0.192109 -10.390813
v -0.679293 0.472762 -10.390021
v -0.520315 0.710689 -10.389352
v -0.282387 0.869666 -10.388904
v -0.001734 0.710963 -10.630614
v 0.196565 0.671520 -10.630725
v 0.364673 0.559193 -10.631042
v 0.477001 0.391085 -10.631516
v 0.516444 0.192788 -10.632074
v 0.477001 -0.005509 -10.632633
v 0.364673 -0.173619 -10.633107
v 0.196565 -0.285945 -10.633424
v -0.001734 -0.325389 -10.633534
v -0.200032 -0.285945 -10.633424
v -0.368141 -0.173618 -10.633107
v -0.480468 -0.005509 -10.632633
v -0.519911 0.192789 -10.632074
v -0.480467 0.391085 -10.631516
v -0.368140 0.559194 -10.631042
v -0.200031 0.671520 -10.630725
v -0.001734 0.710544 -10.481806
v 0.196565 0.671100 -10.481917
v 0.364673 0.558773 -10.482234
v 0.477001 0.390666 -10.482707
v 0.516444 0.192368 -10.483266
v 0.477001 -0.005929 -10.483825
v 0.364673 -0.174038 -10.484299
v 0.196565 -0.286364 -10.484615
v -0.001734 -0.325808 -10.484727
v -0.200032 -0.286364 -10.484615
v -0.368141 -0.174037 -10.484299
v -0.480468 -0.005929 -10.483825
v -0.519911 0.192369 -10.483266
v -0.480467 0.390666 -10.482707
v -0.368140 0.558774 -10.482234
v -0.200031 0.671100 -10.481917
v 0.094611 0.424964 -10.482612
v 0.176289 0.370389 -10.482765
v 0.230864 0.288713 -10.482995
v 0.250028 0.192368 -10.483267
v 0.176289 0.014347 -10.483768
v -0.253495 0.192369 -10.483267
v -0.001734 0.444741 -10.699662
v 0.094611 0.425576 -10.699716
v 0.176289 0.371002 -10.699870
v 0.230864 0.289325 -10.700099
v 0.250028 0.192980 -10.700372
v 0.230864 0.096635 -10.700643
v 0.176289 0.014958 -10.700873
v 0.094611 -0.039617 -10.701027
v -0.001734 -0.058780 -10.701081
v -0.098079 -0.039617 -10.701027
v -0.179756 0.014959 -10.700873
v -0.234331 0.096636 -10.700643
v -0.253495 0.192980 -10.700372
v -0.234331 0.289325 -10.700099
v -0.179756 0.371002 -10.699870
v -0.098078 0.425576 -10.699716
v -0.179756 0.370390 -10.482765
v -0.098079 -0.040228 -10.483922
v -0.234331 0.288713 -10.482995
v -0.001734 -0.059392 -10.483975
v 0.094611 -0.040228 -10.483922
v -0.234331 0.096025 -10.483539
v -0.001734 0.444129 -10.482557
v -0.179756 0.014347 -10.483768
v 0.230864 0.096024 -10.483539
v -0.098078 0.424964 -10.482612
v 0.085043 0.279801 -10.716243
v 0.111645 0.239988 -10.716355
v 0.111645 0.146062 -10.716620
v 0.085043 0.106250 -10.716732
v -0.088510 0.106250 -10.716732
v -0.115112 0.146063 -10.716620
v -0.124454 0.193026 -10.716487
v -0.001734 0.316056 -10.826427
v 0.045230 0.306714 -10.826452
v 0.085043 0.280112 -10.826528
v 0.111645 0.240299 -10.826639
v 0.120987 0.193336 -10.826772
v 0.111645 0.146373 -10.826904
v 0.085043 0.106561 -10.827016
v 0.045230 0.079957 -10.827091
v -0.001734 0.070616 -10.827117
v -0.048697 0.079957 -10.827091
v -0.088510 0.106561 -10.827016
v -0.115112 0.146374 -10.826903
v -0.124454 0.193336 -10.826772
v -0.115112 0.240299 -10.826639
v -0.088510 0.280112 -10.826528
v -0.048696 0.306714 -10.826452
v -0.048696 0.306404 -10.716168
v 0.120987 0.193026 -10.716487
v -0.088510 0.279801 -10.716243
v -0.115112 0.239988 -10.716355
v -0.001734 0.315746 -10.716142
v 0.045230 0.079646 -10.716807
v -0.001734 0.070305 -10.716833
v -0.048697 0.079646 -10.716807
v 0.045230 0.306404 -10.716168
v -0.194485 -1.377796 -2.429937
v -0.469528 -1.652839 -2.429937
v -0.469528 -2.041808 -2.429937
v -0.194485 -2.316852 -2.429937
v 0.194485 -2.316852 -2.429937
v 0.469528 -2.041808 -2.429937
v 0.469528 -1.652838 -2.429937
v 0.194484 -1.377795 -2.429937
v -0.194485 -1.377796 4.842393
v -0.469528 -1.652839 4.842393
v -0.469528 -2.041808 4.842393
v -0.194485 -2.316852 4.842393
v 0.194485 -2.316852 4.842393
v 0.469528 -2.041808 4.842393
v 0.469528 -1.652838 4.842393
v 0.194484 -1.377795 4.842393
v 0.148876 -1.487904 4.842393
v -0.148877 -1.487904 8.583447
v -0.359420 -1.698447 8.583447
v -0.359420 -1.996200 8.583447
v -0.148876 -2.206743 8.583447
v 0.148877 -2.206743 8.583447
v 0.359420 -1.996200 8.583447
v 0.359419 -1.698447 8.583447
v 0.148876 -1.487904 8.583447
v 0.148877 -2.206743 4.842393
v -0.359420 -1.698447 4.842393
v 0.359419 -1.698447 4.842393
v -0.148877 -1.487904 4.842393
v -0.148876 -2.206743 4.842393
v 0.359420 -1.996200 4.842393
v -0.359420 -1.996200 4.842393
v -0.348784 -1.702853 -2.429937
v 0.144471 -2.196107 -2.429937
v 0.144470 -1.498540 -2.429937
v -0.144471 -1.498540 -7.219885
v -0.348784 -1.702853 -7.219885
v -0.348784 -1.991794 -7.219885
v -0.144471 -2.196107 -7.219885
v 0.144471 -2.196107 -7.219885
v 0.348784 -1.991794 -7.219885
v 0.348783 -1.702852 -7.219885
v 0.144470 -1.498540 -7.219885
v 0.348783 -1.702852 -2.429937
v -0.144471 -2.196107 -2.429937
v -0.144471 -1.498540 -2.429937
v 0.348784 -1.991794 -2.429937
v -0.348784 -1.991794 -2.429937
v -3.034792 -2.443197 7.074193
v -3.034792 -2.465222 7.184920
v -3.034792 -2.443197 7.295647
v -3.034792 -2.380476 7.389517
v -3.034792 -2.286605 7.452239
v -3.034792 -1.908559 7.074193
v -3.034792 -2.175878 7.474264
v -3.034792 -1.971281 6.980323
v -3.034792 -2.065151 7.452239
v -3.034792 -2.065150 6.917601
v -3.034792 -1.971281 7.389517
v -3.034792 -2.175878 6.895576
v -3.034792 -1.908559 7.295647
v -3.034792 -2.286605 6.917601
v -3.034792 -1.886534 7.184920
v -3.034792 -2.380476 6.980322
v 2.884460 -2.443197 7.074193
v 2.884460 -2.465222 7.184920
v 2.884460 -2.443197 7.295647
v 2.884460 -2.380476 7.389517
v 2.884460 -2.286605 7.452239
v 2.884460 -1.908559 7.074193
v 2.884460 -2.175878 7.474264
v 2.884460 -1.971281 6.980323
v 2.884460 -2.065151 7.452239
v 2.884460 -2.065150 6.917601
v 2.884460 -1.971281 7.389517
v 2.884460 -2.175878 6.895576
v 2.884460 -1.908559 7.295647
v 2.884460 -2.286605 6.917601
v 2.884460 -1.886534 7.184920
v 2.884460 -2.380476 6.980322
v -3.034792 -2.448656 -5.113626
v -3.034792 -2.469551 -5.008578
v -3.034792 -2.448656 -4.903530
v -3.034792 -2.389151 -4.814473
v -3.034792 -2.300094 -4.754968
v -3.034792 -1.941436 -5.113626
v -3.034792 -2.195046 -4.734072
v -3.034792 -2.000941 -5.202682
v -3.034792 -2.089997 -4.754968
v -3.034792 -2.089997 -5.262187
v -3.034792 -2.000941 -4.814473
v -3.034792 -2.195046 -5.283083
v -3.034792 -1.941436 -4.903530
v -3.034792 -2.300094 -5.262188
v -3.034792 -1.920540 -5.008578
v -3.034792 -2.389151 -5.202682
v 2.884460 -2.448656 -5.113626
v 2.884460 -2.469551 -5.008578
v 2.884460 -2.448656 -4.903530
v 2.884460 -2.389151 -4.814473
v 2.884460 -2.300094 -4.754968
v 2.884460 -1.941436 -5.113626
v 2.884460 -2.195046 -4.734072
v 2.884460 -2.000941 -5.202682
v 2.884460 -2.089997 -4.754968
v 2.884460 -2.089997 -5.262187
v 2.884460 -2.000941 -4.814473
v 2.884460 -2.195046 -5.283083
v 2.884460 -1.941436 -4.903530
v 2.884460 -2.300094 -5.262188
v 2.884460 -1.920540 -5.008578
v 2.884460 -2.389151 -5.202682
v -2.372117 0.963851 -9.654118
v -1.963763 0.963851 -9.654118
v -1.963763 0.963851 -9.555732
v -2.372117 0.963851 -9.555732
v -2.372117 1.292945 -9.654118
v -1.963763 1.292945 -9.654118
v -1.963763 1.292945 -9.555732
v -2.372117 1.292945 -9.555732
v -1.963763 1.064487 -9.654118
v -1.963763 1.194920 -9.654118
v -1.963763 1.064487 -9.555732
v -1.963763 1.194920 -9.555732
v -2.372117 1.055151 -9.555732
v -2.372117 1.204257 -9.555732
v -2.372117 1.055151 -9.654118
v -2.372117 1.204257 -9.654118
v -2.194282 0.963851 -9.654118
v -2.194282 1.292945 -9.556338
v -2.194282 1.292945 -9.654118
v -2.194282 0.963851 -9.556338
v -2.194282 1.194920 -9.654118
v -2.194282 1.064487 -9.654118
v -2.277487 1.204257 -9.654118
v -2.277487 1.055151 -9.654118
v -2.277487 0.963851 -9.654118
v -2.277487 1.292945 -9.555732
v -2.277487 1.292945 -9.654118
v -2.277487 0.963851 -9.555732
v -2.225827 1.204257 -9.654118
v -2.225827 1.055151 -9.654118
v -2.225827 0.963851 -9.654118
v -2.225827 1.292945 -9.555732
v -2.225827 1.292945 -9.654118
v -2.225827 0.963851 -9.555732
v -2.277487 1.204257 -9.555083
v -2.277487 1.055151 -9.555083
v -2.225827 1.204257 -9.555083
v -2.225827 1.055151 -9.555083
v -2.271613 1.194920 -9.654118
v -2.271613 1.064487 -9.654118
v -2.194282 1.194920 -9.556946
v -2.194282 1.064487 -9.556946
v -2.271613 1.194920 -9.556946
v -2.271613 1.064487 -9.556946
v -2.372117 -0.960860 -9.654118
v -1.963763 -0.960860 -9.654118
v -1.963763 -0.960860 -9.555732
v -2.372117 -0.960860 -9.555732
v -2.372117 -0.631766 -9.654118
v -1.963763 -0.631766 -9.654118
v -1.963763 -0.631766 -9.555732
v -2.372117 -0.631766 -9.555732
v -1.963763 -0.860224 -9.654118
v -1.963763 -0.729791 -9.654118
v -1.963763 -0.860224 -9.555732
v -1.963763 -0.729791 -9.555732
v -2.372117 -0.869560 -9.555732
v -2.372117 -0.720454 -9.555732
v -2.372117 -0.869560 -9.654118
v -2.372117 -0.720454 -9.654118
v -2.194282 -0.960860 -9.654118
v -2.194282 -0.631766 -9.556338
v -2.194282 -0.631766 -9.654118
v -2.194282 -0.960860 -9.556338
v -2.194282 -0.729791 -9.654118
v -2.194282 -0.860224 -9.654118
v -2.277487 -0.720454 -9.654118
v -2.277487 -0.869560 -9.654118
v -2.277487 -0.960860 -9.654118
v -2.277487 -0.631766 -9.555732
v -2.277487 -0.631766 -9.654118
v -2.277487 -0.960860 -9.555732
v -2.225827 -0.720454 -9.654118
v -2.225827 -0.869560 -9.654118
v -2.225827 -0.960860 -9.654118
v -2.225827 -0.631766 -9.555732
v -2.225827 -0.631766 -9.654118
v -2.225827 -0.960860 -9.555732
v -2.277487 -0.720454 -9.555083
v -2.277487 -0.869560 -9.555083
v -2.225827 -0.720454 -9.555083
v -2.225827 -0.869560 -9.555083
v -2.271613 -0.729791 -9.654118
v -2.271613 -0.860224 -9.654118
v -2.194282 -0.729791 -9.556946
v -2.194282 -0.860224 -9.556946
v -2.271613 -0.729791 -9.556946
v -2.271613 -0.860224 -9.556946
v -3.778601 1.310986 3.419144
v -3.778601 1.310986 3.310041
v -3.517654 1.280486 3.310041
v -3.517654 1.280486 3.419144
v -3.745349 1.595482 3.514935
v -3.745730 1.592216 3.227405
v -3.484783 1.561715 3.227405
v -3.484402 1.564982 3.514935
v -3.749255 1.562062 3.536282
v -3.749319 1.561517 3.199480
v -3.488372 1.531017 3.199480
v -3.488308 1.531562 3.536282
v -3.770461 1.380634 3.269726
v -3.509514 1.350134 3.269726
v -3.509248 1.352402 3.464118
v -3.770195 1.382903 3.464118
v -3.745476 1.594393 3.419092
v -3.745603 1.593305 3.323248
v -3.779839 1.300400 3.346409
v -3.779839 1.300400 3.382776
v -3.484656 1.562804 3.323248
v -3.484529 1.563893 3.419092
v -3.518892 1.269899 3.382776
v -3.518892 1.269899 3.346409
v -3.778291 1.565088 3.311748
v -3.778270 1.565269 3.424015
v -3.488329 1.531380 3.424015
v -3.488350 1.531199 3.311748
v -3.799455 1.384023 3.332239
v -3.799455 1.384023 3.394753
v -3.509514 1.350134 3.394753
v -3.509514 1.350134 3.332239
v -3.818113 1.582249 3.333893
v -3.823152 1.582406 3.401775
v -3.844717 1.409821 3.351579
v -3.849791 1.409821 3.376519
v -3.879064 1.596449 3.328418
v -3.880264 1.596595 3.401775
v -3.892370 1.451252 3.346104
v -3.893638 1.451252 3.376519
v -3.812718 1.661709 3.333802
v -3.817757 1.661709 3.401685
v -3.868594 1.661709 3.328328
v -3.869794 1.661709 3.401685
v -3.812718 1.725140 3.333802
v -3.817757 1.725140 3.401685
v -3.868594 1.725140 3.328328
v -3.869794 1.725140 3.401685
v -3.816591 1.735289 3.339491
v -3.821634 1.735289 3.395996
v -3.864715 1.735289 3.334017
v -3.865923 1.735289 3.395996
v -3.745539 1.593849 3.371170
v -3.779839 1.300400 3.364592
v -3.484592 1.563349 3.371170
v -3.518892 1.269899 3.364592
v -3.778281 1.565178 3.367881
v -3.488340 1.531289 3.367882
v -3.799455 1.384023 3.363496
v -3.509514 1.350134 3.363496
v -3.815558 1.582327 3.367560
v -3.842180 1.409821 3.363775
v -3.886641 1.596522 3.367560
v -3.899981 1.451252 3.363775
v -3.810163 1.661709 3.367470
v -3.876171 1.661709 3.367470
v -3.810163 1.725140 3.367470
v -3.876171 1.725140 3.367470
v -3.814038 1.735289 3.367470
v -3.872296 1.735289 3.367470
v -3.835190 1.735289 3.377366
v -3.850606 1.735289 3.355186
v -3.851038 1.735289 3.377366
v -3.832472 1.735289 3.367157
v -3.851038 1.753344 3.377366
v -3.832472 1.753344 3.367157
v -3.853319 1.735289 3.367157
v -3.833385 1.735289 3.357145
v -3.815132 1.755053 3.337959
v -3.820458 1.755053 3.397633
v -3.865956 1.755053 3.332177
v -3.867231 1.755053 3.397633
v -3.843223 1.755053 3.322348
v -3.812437 1.755053 3.367507
v -3.873962 1.755053 3.367507
v -3.815132 1.770652 3.337959
v -3.850606 1.753344 3.355186
v -3.835190 1.753344 3.377366
v -3.853319 1.753344 3.367157
v -3.833385 1.753344 3.357145
v -3.820458 1.770652 3.397633
v -3.865956 1.770652 3.332177
v -3.867231 1.770652 3.397633
v -3.831835 1.770652 3.328677
v -3.812437 1.770652 3.367507
v -3.873962 1.770652 3.367507
v -3.810089 2.322334 3.368609
v -3.869202 2.321734 3.346500
v -3.864997 2.290066 3.399465
v -3.831835 2.321734 3.328677
v -3.811851 2.322334 3.338984
v -3.873962 2.321734 3.367507
v -4.195891 1.770652 3.191555
v -4.179081 1.770652 3.263864
v -4.173158 1.770652 3.181726
v -4.203897 1.770652 3.226884
v -4.195891 2.321734 3.191555
v -4.182254 2.290066 3.263647
v -4.173158 2.321734 3.181726
v -4.203897 2.321734 3.226884
v -3.817093 2.290066 3.399465
v -3.808878 2.290066 3.368609
v -3.828745 2.290066 3.328840
v -3.811639 2.290066 3.338347
v -4.207670 2.290066 3.225773
v -4.176188 2.290066 3.179522
v -4.199471 2.290066 3.189589
v -3.818284 1.792825 3.398817
v -3.829839 1.792825 3.328783
v -4.206335 1.792825 3.226166
v -4.175116 1.792825 3.180302
v -3.865788 1.792825 3.398817
v -3.810137 1.792825 3.368219
v -3.812875 1.792825 3.338209
v -4.198204 1.792825 3.190284
v -4.155073 1.770652 3.188579
v -4.155073 2.321734 3.188579
v -4.185812 2.321734 3.233737
v -4.177806 2.321734 3.198407
v -4.185812 1.770652 3.233737
v -4.177806 1.770652 3.198407
v -4.157665 2.290066 3.186540
v -4.156748 1.792825 3.187262
v -4.181131 1.792825 3.263724
v -3.818443 2.322334 3.399677
v -3.839183 2.290073 3.347234
v -3.840277 1.792833 3.347177
v -4.168103 2.290073 3.204934
v -4.167186 1.792833 3.205656
v -3.805866 0.928728 4.193066
v -3.805866 0.928728 3.784712
v -3.707480 0.928728 3.784712
v -3.707480 0.928728 4.193066
v -3.805866 1.257822 4.193066
v -3.805866 1.257822 3.784712
v -3.707480 1.257822 3.784712
v -3.707480 1.257822 4.193066
v -3.805866 1.029364 3.784712
v -3.805866 1.159798 3.784712
v -3.707480 1.029364 3.784712
v -3.707480 1.159798 3.784712
v -3.707480 1.020028 4.193066
v -3.707480 1.169134 4.193066
v -3.805866 1.020028 4.193066
v -3.805866 1.169134 4.193066
v -3.805866 0.928728 4.015231
v -3.708087 1.257822 4.015231
v -3.805866 1.257822 4.015231
v -3.708087 0.928728 4.015231
v -3.805866 1.159798 4.015231
v -3.805866 1.029364 4.015231
v -3.805866 1.169134 4.098436
v -3.805866 1.020028 4.098436
v -3.805866 0.928728 4.098436
v -3.707480 1.257822 4.098436
v -3.805866 1.257822 4.098436
v -3.707480 0.928728 4.098436
v -3.805866 1.169134 4.046775
v -3.805866 1.020028 4.046775
v -3.805866 0.928728 4.046775
v -3.707480 1.257822 4.046775
v -3.805866 1.257822 4.046775
v -3.707480 0.928728 4.046775
v -3.706831 1.169134 4.098436
v -3.706831 1.020028 4.098436
v -3.706831 1.169134 4.046775
v -3.706831 1.020028 4.046775
v -3.805866 1.159798 4.092562
v -3.805866 1.029364 4.092562
v -3.708694 1.159798 4.015231
v -3.708694 1.029364 4.015231
v -3.708694 1.159798 4.092562
v -3.708694 1.029364 4.092562
v -3.901848 0.163770 0.495739
v -3.901848 0.204794 0.512732
v -3.901848 0.221786 0.553755
v -3.901848 0.204794 0.594779
v -3.901848 0.163770 0.611771
v -3.901848 0.122747 0.594779
v -3.901848 0.105755 0.553755
v -3.901848 0.122747 0.512732
v -4.014034 0.163770 0.502710
v -4.014034 0.199865 0.517660
v -4.014034 0.214816 0.553755
v -4.014034 0.199865 0.589850
v -4.014034 0.163770 0.604801
v -4.014034 0.127676 0.589850
v -4.014034 0.112725 0.553755
v -4.014034 0.127676 0.517660
v -3.923362 -0.289415 0.842358
v -3.915420 -0.347298 0.803537
v -3.890604 -0.336730 0.792856
v -3.898546 -0.278846 0.831677
v -3.942677 -0.254358 0.786136
v -3.934735 -0.312242 0.747315
v -3.909919 -0.301673 0.736634
v -3.917861 -0.243790 0.775455
v -3.977558 -0.216477 0.732816
v -3.968325 -0.283766 0.687687
v -3.942911 -0.274253 0.678703
v -3.952143 -0.206965 0.723832
v -3.992094 -0.166000 0.668378
v -3.981132 -0.245891 0.614797
v -3.953470 -0.243496 0.616885
v -3.964432 -0.163605 0.670466
v -3.997493 -0.127500 0.596070
v -3.988260 -0.194788 0.550942
v -3.960539 -0.196459 0.559105
v -3.969772 -0.129171 0.604233
v -3.993008 -0.103914 0.551524
v -3.985066 -0.161797 0.512702
v -3.957559 -0.165089 0.523239
v -3.965501 -0.107206 0.562060
v -3.973750 -0.068287 0.499331
v -3.966186 -0.123420 0.462355
v -3.941036 -0.130288 0.477741
v -3.948601 -0.075156 0.514718
v -3.534932 -2.162714 5.421586
v -3.534932 -1.487102 5.555972
v -3.534932 -0.914346 5.938676
v -3.534932 -0.531642 6.511433
v -3.534932 -0.397254 7.187045
v -3.534932 -0.531642 7.862657
v -3.534932 -0.914346 8.435414
v -3.534932 -1.487102 8.818116
v -3.534932 -2.162715 8.952504
v -3.534932 -2.838327 8.818116
v -3.534932 -3.411084 8.435412
v -3.534932 -3.793787 7.862656
v -3.534932 -3.928174 7.187043
v -3.534932 -3.793786 6.511431
v -3.534932 -3.411081 5.938675
v -3.534932 -2.838324 5.555971
v -3.620245 -2.162714 5.563366
v -3.620245 -1.541359 5.686960
v -3.620245 -1.014600 6.038930
v -3.620245 -0.662630 6.565690
v -3.620245 -0.539035 7.187045
v -3.620245 -0.662630 7.808400
v -3.620245 -1.014600 8.335160
v -3.620245 -1.541359 8.687128
v -3.620245 -2.162715 8.810722
v -3.620245 -2.784070 8.687128
v -3.620245 -3.310829 8.335158
v -3.620245 -3.662799 7.808399
v -3.620245 -3.786393 7.187043
v -3.620245 -3.662797 6.565688
v -3.620245 -3.310827 6.038929
v -3.620245 -2.784067 5.686959
v -3.651615 -2.162714 5.792220
v -3.651615 -1.628937 5.898394
v -3.651615 -1.176424 6.200755
v -3.651615 -0.874063 6.653269
v -3.651615 -0.767889 7.187045
v -3.651615 -0.874063 7.720821
v -3.651615 -1.176424 8.173336
v -3.651615 -1.628938 8.475696
v -3.651615 -2.162715 8.581869
v -3.651615 -2.696491 8.475696
v -3.651615 -3.149005 8.173334
v -3.651615 -3.451366 7.720820
v -3.651615 -3.557539 7.187043
v -3.651615 -3.451364 6.653267
v -3.651615 -3.149003 6.200753
v -3.651615 -2.696489 5.898393
v -3.423576 -2.162714 6.170002
v -3.423576 -1.443556 6.467886
v -3.423576 -1.223089 6.797839
v -3.423576 -1.223089 7.576250
v -3.423576 -1.443556 7.906203
v -3.423576 -2.551920 8.126670
v -3.423576 -2.881872 7.906201
v -3.423576 -3.179756 7.187043
v -3.423576 -3.102339 6.797838
v -3.423576 -2.881871 6.467885
v -3.423576 -2.551918 6.247419
v -3.566979 -2.162714 6.170002
v -3.566979 -1.773508 6.247419
v -3.566979 -1.443556 6.467886
v -3.566979 -1.223089 6.797839
v -3.566979 -1.145671 7.187045
v -3.566979 -1.223089 7.576250
v -3.566979 -1.443556 7.906203
v -3.566979 -1.773509 8.126670
v -3.566979 -2.162715 8.204087
v -3.566979 -2.551920 8.126670
v -3.566979 -2.881872 7.906201
v -3.566979 -3.102340 7.576249
v -3.566979 -3.179756 7.187043
v -3.566979 -3.102339 6.797838
v -3.566979 -2.881871 6.467885
v -3.566979 -2.551918 6.247419
v -3.423576 -3.102340 7.576249
v -3.423576 -1.145671 7.187045
v -3.423576 -2.162715 8.204087
v -3.423576 -1.773508 6.247419
v -3.423576 -1.773509 8.126670
v -3.452579 -2.162714 6.277222
v -3.452579 -1.814540 6.346478
v -3.452579 -1.519373 6.543703
v -3.452579 -1.322148 6.838871
v -3.452579 -1.252892 7.187045
v -3.452579 -1.322148 7.535218
v -3.452579 -1.519373 7.830386
v -3.452579 -1.814540 8.027611
v -3.452579 -2.162715 8.096868
v -3.452579 -2.510889 8.027611
v -3.452579 -2.806056 7.830385
v -3.452579 -3.003281 7.535218
v -3.452579 -3.072536 7.187043
v -3.452579 -3.003280 6.838870
v -3.452579 -2.806055 6.543702
v -3.452579 -2.510887 6.346478
v -3.393957 -2.162714 6.377053
v -3.393957 -1.852744 6.438710
v -3.393957 -1.589964 6.614295
v -3.393957 -1.414380 6.877074
v -3.393957 -1.352724 7.187045
v -3.393957 -1.414380 7.497015
v -3.393957 -1.589964 7.759795
v -3.393957 -1.852744 7.935379
v -3.393957 -2.162715 7.997036
v -3.393957 -2.472685 7.935379
v -3.393957 -2.735465 7.759793
v -3.393957 -2.911048 7.497014
v -3.393957 -2.972704 7.187043
v -3.393957 -2.911047 6.877074
v -3.393957 -2.735463 6.614294
v -3.393957 -2.472683 6.438710
v -3.393957 -2.162714 6.463594
v -3.393957 -1.885862 6.518664
v -3.393957 -1.651158 6.675488
v -3.393957 -1.494334 6.910192
v -3.393957 -1.439264 7.187045
v -3.393957 -1.494334 7.463897
v -3.393957 -1.651158 7.698601
v -3.393957 -1.885862 7.855425
v -3.393957 -2.162715 7.910494
v -3.393957 -2.439567 7.855425
v -3.393957 -2.674271 7.698600
v -3.393957 -2.831095 7.463896
v -3.393957 -2.886163 7.187043
v -3.393957 -2.831094 6.910192
v -3.393957 -2.674270 6.675487
v -3.393957 -2.439566 6.518664
v -3.631951 -2.162714 6.675887
v -3.631951 -1.967103 6.714797
v -3.631951 -1.801271 6.825602
v -3.631951 -1.690466 6.991433
v -3.631951 -1.651557 7.187045
v -3.631951 -1.690466 7.382656
v -3.631951 -1.801271 7.548488
v -3.631951 -1.967103 7.659293
v -3.631951 -2.162714 7.698202
v -3.631951 -2.358326 7.659293
v -3.631951 -2.524157 7.548487
v -3.631951 -2.634962 7.382655
v -3.631951 -2.673872 7.187044
v -3.631951 -2.634962 6.991433
v -3.631951 -2.524157 6.825601
v -3.631951 -2.358325 6.714797
v -3.485158 -2.162714 6.675887
v -3.485158 -1.967103 6.714797
v -3.485158 -1.801271 6.825602
v -3.485158 -1.690466 6.991433
v -3.485158 -1.651557 7.187045
v -3.485158 -1.690466 7.382656
v -3.485158 -1.801271 7.548488
v -3.485158 -1.967103 7.659293
v -3.485158 -2.162714 7.698202
v -3.485158 -2.358326 7.659293
v -3.485158 -2.524157 7.548487
v -3.485158 -2.634962 7.382655
v -3.485158 -2.673872 7.187044
v -3.485158 -2.634962 6.991433
v -3.485158 -2.524157 6.825601
v -3.485158 -2.358325 6.714797
v -3.485158 -2.162714 6.938694
v -3.485158 -2.067674 6.957599
v -3.485158 -1.933268 7.092004
v -3.485158 -1.933268 7.282084
v -3.485158 -1.987104 7.362655
v -3.485158 -2.392160 7.092004
v -3.485158 -2.338324 7.011434
v -3.485158 -2.257753 6.957599
v -3.699322 -2.162714 6.938694
v -3.699322 -2.067674 6.957599
v -3.699322 -1.987104 7.011434
v -3.699322 -1.933268 7.092004
v -3.699322 -1.914364 7.187044
v -3.699322 -1.933268 7.282084
v -3.699322 -1.987104 7.362655
v -3.699322 -2.067674 7.416491
v -3.699322 -2.162714 7.435395
v -3.699322 -2.257754 7.416491
v -3.699322 -2.338325 7.362654
v -3.699322 -2.392160 7.282084
v -3.699322 -2.411065 7.187044
v -3.699322 -2.392160 7.092004
v -3.699322 -2.338324 7.011434
v -3.699322 -2.257753 6.957599
v -3.485158 -2.257754 7.416491
v -3.485158 -1.987104 7.011434
v -3.485158 -2.162714 7.435395
v -3.485158 -2.411065 7.187044
v -3.485158 -2.067674 7.416491
v -3.485158 -2.392160 7.282084
v -3.485158 -2.338325 7.362654
v -3.485158 -1.914364 7.187044
v -3.715220 -2.162714 7.065986
v -3.715220 -2.077113 7.101444
v -3.715220 -2.050872 7.140718
v -3.715220 -2.041656 7.187044
v -3.715220 -2.077113 7.272645
v -3.715220 -2.116387 7.298887
v -3.715220 -2.248315 7.272645
v -3.715220 -2.274557 7.140718
v -3.824011 -2.162714 7.065986
v -3.824011 -2.116387 7.075202
v -3.824011 -2.077113 7.101444
v -3.824011 -2.050872 7.140718
v -3.824011 -2.041656 7.187044
v -3.824011 -2.050872 7.233371
v -3.824011 -2.077113 7.272645
v -3.824011 -2.116387 7.298887
v -3.824011 -2.162714 7.308102
v -3.824011 -2.209041 7.298887
v -3.824011 -2.248315 7.272645
v -3.824011 -2.274557 7.233371
v -3.824011 -2.283772 7.187044
v -3.824011 -2.274557 7.140718
v -3.824011 -2.248315 7.101444
v -3.824011 -2.209041 7.075202
v -3.715220 -2.050872 7.233371
v -3.715220 -2.209041 7.075202
v -3.715220 -2.248315 7.101444
v -3.715220 -2.162714 7.308102
v -3.715220 -2.209041 7.298887
v -3.715220 -2.274557 7.233371
v -3.715220 -2.116387 7.075202
v -3.715220 -2.283772 7.187044
v -2.684428 -2.162714 5.421586
v -2.684428 -1.487102 5.555972
v -2.684428 -0.914346 5.938676
v -2.684428 -0.531642 6.511433
v -2.684428 -0.397254 7.187045
v -2.684428 -0.531642 7.862657
v -2.684428 -0.914346 8.435414
v -2.684428 -1.487102 8.818116
v -2.684428 -2.162715 8.952504
v -2.684428 -2.838327 8.818116
v -2.684428 -3.411084 8.435412
v -2.684428 -3.793787 7.862656
v -2.684428 -3.928174 7.187043
v -2.684428 -3.793786 6.511431
v -2.684428 -3.411081 5.938675
v -2.684428 -2.838324 5.555971
v -2.598429 -2.162714 5.563366
v -2.598429 -1.541359 5.686960
v -2.598429 -1.014600 6.038930
v -2.598429 -0.662630 6.565690
v -2.598429 -0.539035 7.187045
v -2.598429 -0.662630 7.808400
v -2.598429 -1.014600 8.335160
v -2.598429 -1.541359 8.687128
v -2.598429 -2.162715 8.810722
v -2.598429 -2.784070 8.687128
v -2.598429 -3.310829 8.335158
v -2.598429 -3.662799 7.808399
v -2.598429 -3.786393 7.187043
v -2.598429 -3.662797 6.565688
v -2.598429 -3.310827 6.038929
v -2.598429 -2.784067 5.686959
v -2.567060 -2.162714 5.792220
v -2.567060 -1.628937 5.898394
v -2.567060 -1.176424 6.200755
v -2.567060 -0.874063 6.653269
v -2.567060 -0.767889 7.187045
v -2.567060 -0.874063 7.720821
v -2.567060 -1.176424 8.173336
v -2.567060 -1.628938 8.475696
v -2.567060 -2.162715 8.581869
v -2.567060 -2.696491 8.475696
v -2.567060 -3.149005 8.173334
v -2.567060 -3.451366 7.720820
v -2.567060 -3.557539 7.187043
v -2.567060 -3.451364 6.653267
v -2.567060 -3.149003 6.200753
v -2.567060 -2.696489 5.898393
v -3.405915 -2.223845 -5.853509
v -3.467000 -2.586647 -5.885369
v -3.467000 -2.894218 -5.679858
v -3.467000 -3.099731 -5.372287
v -3.467000 -3.171897 -5.009483
v -3.467000 -3.099732 -4.646678
v -3.467000 -2.894219 -4.339108
v -3.467000 -2.586649 -4.133595
v -3.467000 -2.223845 -4.061428
v -3.467000 -1.861041 -4.133595
v -3.467000 -1.553470 -4.339108
v -3.467000 -1.347958 -4.646678
v -3.467000 -1.275792 -5.009482
v -3.467000 -1.347958 -5.372286
v -3.467000 -1.553470 -5.679857
v -3.467000 -1.861041 -5.885369
v -2.795099 -1.773508 6.247419
v -2.795099 -1.443556 6.467886
v -2.795099 -1.223089 6.797839
v -2.795099 -1.223089 7.576250
v -2.795099 -1.773509 8.126670
v -2.795099 -2.162715 8.204087
v -2.795099 -2.881872 7.906201
v -2.795099 -3.102340 7.576249
v -2.795099 -3.179756 7.187043
v -2.795099 -2.551918 6.247419
v -2.651695 -2.162714 6.170002
v -2.651695 -1.773508 6.247419
v -2.651695 -1.443556 6.467886
v -2.651695 -1.223089 6.797839
v -2.651695 -1.145671 7.187045
v -2.651695 -1.223089 7.576250
v -2.651695 -1.443556 7.906203
v -2.651695 -1.773509 8.126670
v -2.651695 -2.162715 8.204087
v -2.651695 -2.551920 8.126670
v -2.651695 -2.881872 7.906201
v -2.651695 -3.102340 7.576249
v -2.651695 -3.179756 7.187043
v -2.651695 -3.102339 6.797838
v -2.651695 -2.881871 6.467885
v -2.651695 -2.551918 6.247419
v -2.795099 -1.145671 7.187045
v -2.795099 -2.881871 6.467885
v -2.795099 -2.551920 8.126670
v -2.795099 -3.102339 6.797838
v -2.795099 -2.162714 6.170002
v -2.795099 -1.443556 7.906203
v -3.467000 -2.223845 -5.957535
v -3.436779 -1.818285 -4.030374
v -3.436779 -1.818285 -5.988590
v -3.436779 -2.223845 -3.949703
v -3.436779 -1.164066 -5.009482
v -3.436779 -3.202954 -4.603923
v -3.586208 -2.612187 -5.947028
v -3.586208 -2.941410 -5.727050
v -3.586208 -3.161390 -5.397828
v -3.586208 -3.238636 -5.009483
v -3.586208 -3.161391 -4.621139
v -3.586208 -2.941411 -4.291917
v -3.586208 -2.612189 -4.071937
v -3.586208 -2.223845 -3.994690
v -3.586208 -1.835501 -4.071937
v -3.586208 -1.506278 -4.291914
v -2.766096 -2.162714 6.277222
v -2.766096 -1.814540 6.346478
v -2.766096 -1.519373 6.543703
v -2.766096 -1.322148 6.838871
v -2.766096 -1.252892 7.187045
v -2.766096 -1.322148 7.535218
v -2.766096 -1.519373 7.830386
v -2.766096 -1.814540 8.027611
v -2.766096 -2.162715 8.096868
v -2.766096 -2.510889 8.027611
v -2.766096 -2.806056 7.830385
v -2.766096 -3.003281 7.535218
v -2.766096 -3.072536 7.187043
v -2.766096 -3.003280 6.838870
v -2.766096 -2.806055 6.543702
v -2.766096 -2.510887 6.346478
v -3.586208 -1.286299 -4.621139
v -3.586208 -1.209052 -5.009482
v -3.586208 -1.286299 -5.397826
v -3.586208 -1.506278 -5.727049
v -3.586208 -1.835500 -5.947028
v -3.586208 -2.223845 -6.024274
v -3.436779 -2.629403 -5.988590
v -3.436779 -2.973220 -5.758860
v -3.436779 -3.202952 -5.415043
v -3.436779 -3.283623 -5.009483
v -3.436779 -2.973222 -4.260107
v -3.436779 -2.629405 -4.030374
v -3.436779 -1.474468 -4.260104
v -3.436779 -1.244737 -4.603923
v -3.436779 -1.244737 -5.415042
v -3.436779 -1.474468 -5.758859
v -2.824718 -2.162714 6.377053
v -2.824718 -1.852744 6.438710
v -2.824718 -1.589964 6.614295
v -2.824718 -1.414380 6.877074
v -2.824718 -1.352724 7.187045
v -2.824718 -1.414380 7.497015
v -2.824718 -1.589964 7.759795
v -2.824718 -1.852744 7.935379
v -2.824718 -2.162715 7.997036
v -2.824718 -2.472685 7.935379
v -2.824718 -2.735465 7.759793
v -2.824718 -2.911048 7.497014
v -2.824718 -2.972704 7.187043
v -2.824718 -2.911047 6.877074
v -2.824718 -2.735463 6.614294
v -2.824718 -2.472683 6.438710
v -2.824718 -2.162714 6.463594
v -2.824718 -1.885862 6.518664
v -2.824718 -1.651158 6.675488
v -2.824718 -1.494334 6.910192
v -2.824718 -1.439264 7.187045
v -2.824718 -1.494334 7.463897
v -2.824718 -1.651158 7.698601
v -2.824718 -1.885862 7.855425
v -2.824718 -2.162715 7.910494
v -2.824718 -2.439567 7.855425
v -2.824718 -2.674271 7.698600
v -2.824718 -2.831095 7.463896
v -2.824718 -2.886163 7.187043
v -2.824718 -2.831094 6.910192
v -2.824718 -2.674270 6.675487
v -2.824718 -2.439566 6.518664
v -3.436779 -2.223845 -6.069261
v -3.674400 -2.780049 -6.352283
v -3.674400 -3.251577 -6.037218
v -3.674400 -3.566644 -5.565689
v -3.674400 -3.677280 -5.009483
v -3.674400 -3.566645 -4.453277
v -3.674400 -3.251580 -3.981749
v -3.674400 -2.780051 -3.666682
v -3.674400 -2.223845 -3.556047
v -3.674400 -1.667639 -3.666682
v -3.674400 -1.196110 -3.981747
v -3.674400 -0.881045 -4.453276
v -3.674400 -0.770409 -5.009482
v -3.674400 -0.881045 -5.565687
v -3.674400 -1.196110 -6.037216
v -3.674400 -1.667639 -6.352283
v -2.586723 -2.162714 6.675887
v -2.586723 -1.967103 6.714797
v -2.586723 -1.801271 6.825602
v -2.586723 -1.690466 6.991433
v -2.586723 -1.651557 7.187045
v -2.586723 -1.690466 7.382656
v -2.586723 -1.801271 7.548488
v -2.586723 -1.967103 7.659293
v -2.586723 -2.162714 7.698202
v -2.586723 -2.358326 7.659293
v -2.586723 -2.524157 7.548487
v -2.586723 -2.634962 7.382655
v -2.586723 -2.673872 7.187044
v -2.586723 -2.634962 6.991433
v -2.586723 -2.524157 6.825601
v -2.586723 -2.358325 6.714797
v -2.733516 -2.162714 6.675887
v -2.733516 -1.967103 6.714797
v -2.733516 -1.801271 6.825602
v -2.733516 -1.690466 6.991433
v -2.733516 -1.651557 7.187045
v -2.733516 -1.690466 7.382656
v -2.733516 -1.801271 7.548488
v -2.733516 -1.967103 7.659293
v -2.733516 -2.162714 7.698202
v -2.733516 -2.358326 7.659293
v -2.733516 -2.524157 7.548487
v -2.733516 -2.634962 7.382655
v -2.733516 -2.673872 7.187044
v -2.733516 -2.634962 6.991433
v -2.733516 -2.524157 6.825601
v -2.733516 -2.358325 6.714797
v -2.733516 -1.933268 7.092004
v -2.733516 -2.162714 7.435395
v -2.733516 -2.257754 7.416491
v -2.733516 -2.338325 7.362654
v -2.733516 -2.338324 7.011434
v -2.519352 -2.162714 6.938694
v -2.519352 -2.067674 6.957599
v -2.519352 -1.987104 7.011434
v -2.519352 -1.933268 7.092004
v -2.519352 -1.914364 7.187044
v -2.519352 -1.933268 7.282084
v -2.519352 -1.987104 7.362655
v -2.519352 -2.067674 7.416491
v -2.519352 -2.162714 7.435395
v -2.519352 -2.257754 7.416491
v -2.519352 -2.338325 7.362654
v -2.519352 -2.392160 7.282084
v -2.519352 -2.411065 7.187044
v -2.519352 -2.392160 7.092004
v -2.519352 -2.338324 7.011434
v -2.519352 -2.257753 6.957599
v -2.733516 -2.392160 7.092004
v -2.733516 -1.987104 7.011434
v -2.733516 -2.411065 7.187044
v -2.733516 -2.067674 6.957599
v -2.733516 -2.067674 7.416491
v -2.733516 -2.392160 7.282084
v -2.733516 -2.162714 6.938694
v -2.733516 -1.987104 7.362655
v -2.733516 -1.933268 7.282084
v -2.733516 -2.257753 6.957599
v -2.733516 -1.914364 7.187044
v -2.503454 -2.162714 7.065986
v -2.503454 -2.077113 7.101444
v -2.503454 -2.050872 7.140718
v -2.503454 -2.041656 7.187044
v -2.503454 -2.116387 7.298887
v -2.503454 -2.162714 7.308102
v -2.503454 -2.209041 7.298887
v -2.503454 -2.274557 7.233371
v -2.503454 -2.248315 7.101444
v -2.503454 -2.209041 7.075202
v -2.394663 -2.162714 7.065986
v -2.394663 -2.116387 7.075202
v -2.394663 -2.077113 7.101444
v -2.394663 -2.050872 7.140718
v -2.394663 -2.041656 7.187044
v -2.394663 -2.050872 7.233371
v -2.394663 -2.077113 7.272645
v -2.394663 -2.116387 7.298887
v -2.394663 -2.162714 7.308102
v -2.394663 -2.209041 7.298887
v -2.394663 -2.248315 7.272645
v -2.394663 -2.274557 7.233371
v -2.394663 -2.283772 7.187044
v -2.394663 -2.274557 7.140718
v -2.394663 -2.248315 7.101444
v -2.394663 -2.209041 7.075202
v -3.552815 -2.223845 -6.849125
v -3.641713 -2.223845 -6.701387
v -3.552815 -2.927843 -6.709093
v -3.552815 -3.524668 -6.310308
v -3.552815 -3.923454 -5.713484
v -3.552815 -4.063489 -5.009483
v -3.552815 -3.923455 -4.305481
v -3.552815 -3.524671 -3.708658
v -3.552815 -2.927847 -3.309873
v -3.552815 -2.223845 -3.169838
v -3.552815 -1.519844 -3.309873
v -3.552815 -0.923020 -3.708656
v -3.552815 -0.524235 -4.305480
v -3.552815 -0.384201 -5.009482
v -3.552815 -0.524235 -5.713482
v -3.552815 -0.923020 -6.310307
v -3.552815 -1.519843 -6.709092
v -3.674400 -2.223845 -6.462917
v -3.641713 -2.871306 -6.572600
v -3.641713 -3.420201 -6.205842
v -3.641713 -3.786961 -5.656948
v -3.641713 -3.915751 -5.009483
v -3.641713 -3.786963 -4.362019
v -3.641713 -3.420204 -3.813125
v -3.641713 -2.871309 -3.446365
v -3.641713 -2.223845 -3.317577
v -3.641713 -1.576381 -3.446365
v -3.641713 -1.027487 -3.813123
v -3.641713 -0.660728 -4.362018
v -3.641713 -0.531939 -5.009482
v -3.641713 -0.660728 -5.656946
v -3.641713 -1.027487 -6.205840
v -3.641713 -1.576380 -6.572599
v -2.503454 -2.077113 7.272645
v -2.503454 -2.050872 7.233371
v -2.503454 -2.274557 7.140718
v -2.503454 -2.248315 7.272645
v -2.503454 -2.116387 7.075202
v -2.503454 -2.283772 7.187044
v -3.405915 -1.900850 -5.789261
v -3.405915 -1.627028 -5.606299
v -3.405915 -1.444066 -5.332477
v -3.405915 -1.379818 -5.009482
v -3.405915 -1.444066 -4.686487
v -3.405915 -1.627028 -4.412665
v -3.405915 -1.900850 -4.229703
v -3.405915 -2.223845 -4.165455
v -3.405915 -2.546840 -4.229703
v -3.405915 -2.820662 -4.412667
v -3.405915 -3.003624 -4.686488
v -3.405915 -3.067871 -5.009483
v -3.405915 -3.003623 -5.332478
v -3.405915 -2.820661 -5.606300
v -3.405915 -2.546838 -5.789261
v -3.405915 -2.223845 -5.763331
v -3.405915 -1.935359 -5.705948
v -3.405915 -1.690793 -5.542534
v -3.405915 -1.527379 -5.297968
v -3.405915 -1.469996 -5.009482
v -3.405915 -1.527379 -4.720997
v -3.405915 -1.690793 -4.476430
v -3.405915 -1.935359 -4.313016
v -3.405915 -2.223845 -4.255633
v -3.405915 -2.512331 -4.313016
v -3.405915 -2.756896 -4.476431
v -3.405915 -2.920310 -4.720997
v -3.405915 -2.977693 -5.009483
v -3.405915 -2.920310 -5.297968
v -3.405915 -2.756896 -5.542535
v -3.405915 -2.512329 -5.705948
v -3.653910 -2.223845 -5.542119
v -3.653910 -2.020014 -5.501574
v -3.653910 -1.847214 -5.386113
v -3.653910 -1.731753 -5.213313
v -3.653910 -1.691209 -5.009482
v -3.653910 -1.731753 -4.805651
v -3.653910 -1.847214 -4.632852
v -3.653910 -2.020014 -4.517390
v -3.653910 -2.223845 -4.476846
v -3.653910 -2.427676 -4.517390
v -3.653910 -2.600476 -4.632853
v -3.653910 -2.715937 -4.805652
v -3.653910 -2.756481 -5.009483
v -3.653910 -2.715936 -5.213314
v -3.653910 -2.600475 -5.386114
v -3.653910 -2.427675 -5.501574
v -3.500949 -2.223845 -5.542119
v -3.500949 -2.020014 -5.501574
v -3.500949 -1.847214 -5.386113
v -3.500949 -1.731753 -5.213313
v -3.500949 -1.691209 -5.009482
v -3.500949 -1.731753 -4.805651
v -3.500949 -1.847214 -4.632852
v -3.500949 -2.020014 -4.517390
v -3.500949 -2.223845 -4.476846
v -3.500949 -2.427676 -4.517390
v -3.500949 -2.600476 -4.632853
v -3.500949 -2.715937 -4.805652
v -3.500949 -2.756481 -5.009483
v -3.500949 -2.715936 -5.213314
v -3.500949 -2.600475 -5.386114
v -3.500949 -2.427675 -5.501574
v -3.500949 -2.223845 -5.268269
v -3.500949 -2.124811 -5.248569
v -3.500949 -1.984758 -5.108516
v -3.500949 -1.984758 -4.910449
v -3.500949 -2.040856 -4.826493
v -3.500949 -2.462932 -5.108516
v -3.500949 -2.406834 -5.192472
v -3.500949 -2.322877 -5.248569
v -3.724113 -2.223845 -5.268269
v -3.724113 -2.124811 -5.248569
v -3.724113 -2.040856 -5.192472
v -3.724113 -1.984758 -5.108516
v -3.724113 -1.965059 -5.009482
v -3.724113 -1.984758 -4.910449
v -3.724113 -2.040856 -4.826493
v -3.724113 -2.124811 -4.770394
v -3.724113 -2.223845 -4.750696
v -3.724113 -2.322878 -4.770394
v -3.724113 -2.406834 -4.826493
v -3.724113 -2.462932 -4.910450
v -3.724113 -2.482631 -5.009482
v -3.724113 -2.462932 -5.108516
v -3.724113 -2.406834 -5.192472
v -3.724113 -2.322877 -5.248569
v -3.500949 -2.322878 -4.770394
v -3.500949 -2.040856 -5.192472
v -3.500949 -2.223845 -4.750696
v -3.500949 -2.482631 -5.009482
v -3.500949 -2.124811 -4.770394
v -3.500949 -2.462932 -4.910450
v -3.500949 -2.406834 -4.826493
v -3.500949 -1.965059 -5.009482
v -3.740678 -2.223845 -5.135627
v -3.740678 -2.134647 -5.098679
v -3.740678 -2.107302 -5.057756
v -3.740678 -2.097700 -5.009482
v -3.740678 -2.134647 -4.920285
v -3.740678 -2.175571 -4.892940
v -3.740678 -2.313042 -4.920285
v -3.740678 -2.340387 -5.057756
v -3.854040 -2.223845 -5.135627
v -3.854040 -2.175571 -5.126025
v -3.854040 -2.134647 -5.098679
v -3.854040 -2.107302 -5.057756
v -3.854040 -2.097700 -5.009482
v -3.854040 -2.107302 -4.961209
v -3.854040 -2.134647 -4.920285
v -3.854040 -2.175571 -4.892940
v -3.854040 -2.223845 -4.883338
v -3.854040 -2.272118 -4.892940
v -3.854040 -2.313042 -4.920285
v -3.854040 -2.340387 -4.961209
v -3.854040 -2.349989 -5.009482
v -3.854040 -2.340387 -5.057756
v -3.854040 -2.313042 -5.098680
v -3.854040 -2.272118 -5.126025
v -3.740678 -2.107302 -4.961209
v -3.740678 -2.272118 -5.126025
v -3.740678 -2.313042 -5.098680
v -3.740678 -2.223845 -4.883338
v -3.740678 -2.272118 -4.892940
v -3.740678 -2.340387 -4.961209
v -3.740678 -2.175571 -5.126025
v -3.740678 -2.349989 -5.009482
v -2.666572 -2.223845 -6.849125
v -2.666572 -1.519843 -6.709092
v -2.666572 -0.923020 -6.310307
v -2.666572 -0.524235 -5.713482
v -2.666572 -0.384201 -5.009482
v -2.666572 -0.524235 -4.305480
v -2.666572 -0.923020 -3.708656
v -2.666572 -1.519844 -3.309873
v -2.666572 -2.223845 -3.169838
v -2.666572 -2.927847 -3.309873
v -2.666572 -3.524671 -3.708658
v -2.666572 -3.923455 -4.305481
v -2.666572 -4.063489 -5.009483
v -2.666572 -3.923454 -5.713484
v -2.666572 -3.524668 -6.310308
v -2.666572 -2.927843 -6.709093
v -2.576959 -2.223845 -6.701387
v -2.576959 -1.576380 -6.572599
v -2.576959 -1.027487 -6.205840
v -2.576959 -0.660728 -5.656946
v -2.576959 -0.531939 -5.009482
v -2.576959 -0.660728 -4.362018
v -2.576959 -1.027487 -3.813123
v -2.576959 -1.576381 -3.446365
v -2.576959 -2.223845 -3.317577
v -2.576959 -2.871309 -3.446365
v -2.576959 -3.420204 -3.813125
v -2.576959 -3.786963 -4.362019
v -2.576959 -3.915751 -5.009483
v -2.576959 -3.786961 -5.656948
v -2.576959 -3.420201 -6.205842
v -2.576959 -2.871306 -6.572600
v -2.544272 -2.223845 -6.462917
v -2.544272 -1.667639 -6.352283
v -2.544272 -1.196110 -6.037216
v -2.544272 -0.881045 -5.565687
v -2.544272 -0.770409 -5.009482
v -2.544272 -0.881045 -4.453276
v -2.544272 -1.196110 -3.981747
v -2.544272 -1.667639 -3.666682
v -2.544272 -2.223845 -3.556047
v -2.544272 -2.780051 -3.666682
v -2.544272 -3.251580 -3.981749
v -2.544272 -3.566645 -4.453277
v -2.544272 -3.677280 -5.009483
v -2.544272 -3.566644 -5.565689
v -2.544272 -3.251577 -6.037218
v -2.544272 -2.780049 -6.352283
v -2.781893 -1.818285 -5.988590
v -2.781893 -1.474468 -5.758859
v -2.781893 -1.244737 -5.415042
v -2.781893 -1.244737 -4.603923
v -2.781893 -1.818285 -4.030374
v -2.781893 -2.223845 -3.949703
v -2.781893 -2.973222 -4.260107
v -2.781893 -3.202954 -4.603923
v -2.781893 -3.283623 -5.009483
v -2.781893 -2.629403 -5.988590
v -2.632464 -2.223845 -6.069261
v -2.632464 -1.818285 -5.988590
v -2.632464 -1.474468 -5.758859
v -2.632464 -1.244737 -5.415042
v -2.632464 -1.164066 -5.009482
v -2.632464 -1.244737 -4.603923
v -2.632464 -1.474468 -4.260104
v -2.632464 -1.818285 -4.030374
v -2.632464 -2.223845 -3.949703
v -2.632464 -2.629405 -4.030374
v -2.632464 -2.973222 -4.260107
v -2.632464 -3.202954 -4.603923
v -2.632464 -3.283623 -5.009483
v -2.632464 -3.202952 -5.415043
v -2.632464 -2.973220 -5.758860
v -2.632464 -2.629403 -5.988590
v -2.781893 -1.164066 -5.009482
v -2.781893 -2.973220 -5.758860
v -2.781893 -2.629405 -4.030374
v -2.781893 -3.202952 -5.415043
v -2.781893 -2.223845 -6.069261
v -2.781893 -1.474468 -4.260104
v -2.751672 -2.223845 -5.957535
v -2.751672 -1.861041 -5.885369
v -2.751672 -1.553470 -5.679857
v -2.751672 -1.347958 -5.372286
v -2.751672 -1.275792 -5.009482
v -2.751672 -1.347958 -4.646678
v -2.751672 -1.553470 -4.339108
v -2.751672 -1.861041 -4.133595
v -2.751672 -2.223845 -4.061428
v -2.751672 -2.586649 -4.133595
v -2.751672 -2.894219 -4.339108
v -2.751672 -3.099732 -4.646678
v -2.751672 -3.171897 -5.009483
v -2.751672 -3.099731 -5.372287
v -2.751672 -2.894218 -5.679858
v -2.751672 -2.586647 -5.885369
v -2.812757 -2.223845 -5.853509
v -2.812757 -1.900850 -5.789261
v -2.812757 -1.627028 -5.606299
v -2.812757 -1.444066 -5.332477
v -2.812757 -1.379818 -5.009482
v -2.812757 -1.444066 -4.686487
v -2.812757 -1.627028 -4.412665
v -2.812757 -1.900850 -4.229703
v -2.812757 -2.223845 -4.165455
v -2.812757 -2.546840 -4.229703
v -2.812757 -2.820662 -4.412667
v -2.812757 -3.003624 -4.686488
v -2.812757 -3.067871 -5.009483
v -2.812757 -3.003623 -5.332478
v -2.812757 -2.820661 -5.606300
v -2.812757 -2.546838 -5.789261
v -2.812757 -2.223845 -5.763331
v -2.812757 -1.935359 -5.705948
v -2.812757 -1.690793 -5.542534
v -2.812757 -1.527379 -5.297968
v -2.812757 -1.469996 -5.009482
v -2.812757 -1.527379 -4.720997
v -2.812757 -1.690793 -4.476430
v -2.812757 -1.935359 -4.313016
v -2.812757 -2.223845 -4.255633
v -2.812757 -2.512331 -4.313016
v -2.812757 -2.756896 -4.476431
v -2.812757 -2.920310 -4.720997
v -2.812757 -2.977693 -5.009483
v -2.812757 -2.920310 -5.297968
v -2.812757 -2.756896 -5.542535
v -2.812757 -2.512329 -5.705948
v -2.564762 -2.223845 -5.542119
v -2.564762 -2.020014 -5.501574
v -2.564762 -1.847214 -5.386113
v -2.564762 -1.731753 -5.213313
v -2.564762 -1.691209 -5.009482
v -2.564762 -1.731753 -4.805651
v -2.564762 -1.847214 -4.632852
v -2.564762 -2.020014 -4.517390
v -2.564762 -2.223845 -4.476846
v -2.564762 -2.427676 -4.517390
v -2.564762 -2.600476 -4.632853
v -2.564762 -2.715937 -4.805652
v -2.564762 -2.756481 -5.009483
v -2.564762 -2.715936 -5.213314
v -2.564762 -2.600475 -5.386114
v -2.564762 -2.427675 -5.501574
v -2.717723 -2.223845 -5.542119
v -2.717723 -2.020014 -5.501574
v -2.717723 -1.847214 -5.386113
v -2.717723 -1.731753 -5.213313
v -2.717723 -1.691209 -5.009482
v -2.717723 -1.731753 -4.805651
v -2.717723 -1.847214 -4.632852
v -2.717723 -2.020014 -4.517390
v -2.717723 -2.223845 -4.476846
v -2.717723 -2.427676 -4.517390
v -2.717723 -2.600476 -4.632853
v -2.717723 -2.715937 -4.805652
v -2.717723 -2.756481 -5.009483
v -2.717723 -2.715936 -5.213314
v -2.717723 -2.600475 -5.386114
v -2.717723 -2.427675 -5.501574
v -2.717723 -1.984758 -5.108516
v -2.717723 -2.223845 -4.750696
v -2.717723 -2.322878 -4.770394
v -2.717723 -2.406834 -4.826493
v -2.717723 -2.406834 -5.192472
v -2.494560 -2.223845 -5.268269
v -2.494560 -2.124811 -5.248569
v -2.494560 -2.040856 -5.192472
v -2.494560 -1.984758 -5.108516
v -2.494560 -1.965059 -5.009482
v -2.494560 -1.984758 -4.910449
v -2.494560 -2.040856 -4.826493
v -2.494560 -2.124811 -4.770394
v -2.494560 -2.223845 -4.750696
v -2.494560 -2.322878 -4.770394
v -2.494560 -2.406834 -4.826493
v -2.494560 -2.462932 -4.910450
v -2.494560 -2.482631 -5.009482
v -2.494560 -2.462932 -5.108516
v -2.494560 -2.406834 -5.192472
v -2.494560 -2.322877 -5.248569
v -2.717723 -2.462932 -5.108516
v -2.717723 -2.040856 -5.192472
v -2.717723 -2.482631 -5.009482
v -2.717723 -2.124811 -5.248569
v -2.717723 -2.124811 -4.770394
v -2.717723 -2.462932 -4.910450
v -2.717723 -2.223845 -5.268269
v -2.717723 -2.040856 -4.826493
v -2.717723 -1.984758 -4.910449
v -2.717723 -2.322877 -5.248569
v -2.717723 -1.965059 -5.009482
v -2.477993 -2.223845 -5.135627
v -2.477993 -2.134647 -5.098679
v -2.477993 -2.107302 -5.057756
v -2.477993 -2.097700 -5.009482
v -2.477993 -2.175571 -4.892940
v -2.477993 -2.223845 -4.883338
v -2.477993 -2.272118 -4.892940
v -2.477993 -2.340387 -4.961209
v -2.477993 -2.313042 -5.098680
v -2.477993 -2.272118 -5.126025
v -2.364632 -2.223845 -5.135627
v -2.364632 -2.175571 -5.126025
v -2.364632 -2.134647 -5.098679
v -2.364632 -2.107302 -5.057756
v -2.364632 -2.097700 -5.009482
v -2.364632 -2.107302 -4.961209
v -2.364632 -2.134647 -4.920285
v -2.364632 -2.175571 -4.892940
v -2.364632 -2.223845 -4.883338
v -2.364632 -2.272118 -4.892940
v -2.364632 -2.313042 -4.920285
v -2.364632 -2.340387 -4.961209
v -2.364632 -2.349989 -5.009482
v -2.364632 -2.340387 -5.057756
v -2.364632 -2.313042 -5.098680
v -2.364632 -2.272118 -5.126025
v -2.477993 -2.134647 -4.920285
v -2.477993 -2.107302 -4.961209
v -2.477993 -2.340387 -5.057756
v -2.477993 -2.313042 -4.920285
v -2.477993 -2.175571 -5.126025
v -2.477993 -2.349989 -5.009482
v -3.788760 2.019091 -1.463077
v -3.788234 2.023053 -4.047568
v -3.616224 2.000187 -4.047568
v -3.616750 1.996226 -1.463077
v -3.775421 2.119443 -1.493913
v -3.775449 2.119233 -4.047568
v -3.603439 2.096367 -4.047568
v -3.603411 2.096578 -1.493913
v -3.788446 2.021457 -1.367225
v -3.616436 1.998592 -1.367225
v -3.775735 2.117077 -1.428781
v -3.603725 2.094212 -1.428781
v -3.783883 2.055781 -1.264010
v -3.611873 2.032916 -1.264010
v -3.772624 2.140478 -1.349143
v -3.600614 2.117613 -1.349143
v -3.776800 2.109063 -1.199922
v -3.604791 2.086198 -1.199922
v -3.766348 2.187694 -1.273676
v -3.594338 2.164829 -1.273676
v -3.766542 2.186232 -1.131248
v -3.594532 2.163367 -1.131248
v -3.759392 2.240027 -1.227562
v -3.587382 2.217162 -1.227562
v -3.754274 2.278527 -1.097875
v -3.582264 2.255662 -1.097875
v -3.754274 2.278527 -1.208955
v -3.582264 2.255662 -1.208955
v -3.671472 2.901426 -1.086311
v -3.499462 2.878560 -1.086311
v -3.671472 2.901426 -1.197391
v -3.499462 2.878560 -1.197391
v -3.658513 2.998917 -1.105792
v -3.486503 2.976051 -1.105792
v -3.665637 2.945324 -1.201040
v -3.493627 2.922459 -1.201040
v -3.651029 3.055212 -1.127817
v -3.479019 3.032347 -1.127817
v -3.659089 2.994579 -1.217821
v -3.487079 2.971714 -1.217821
v -3.643076 3.115042 -1.182544
v -3.471066 3.092176 -1.182544
v -3.653081 3.039779 -1.247970
v -3.481071 3.016914 -1.247970
v -3.635927 3.168820 -1.255420
v -3.463917 3.145955 -1.255420
v -3.647333 3.083014 -1.305941
v -3.475323 3.060149 -1.305941
v -3.630965 3.206149 -1.373954
v -3.458955 3.183284 -1.373954
v -3.644004 3.108057 -1.373954
v -3.471994 3.085192 -1.373954
v -3.630965 3.206149 -3.931912
v -3.458955 3.183284 -3.931912
v -3.644004 3.108057 -3.931912
v -3.471995 3.085192 -3.931912
v -3.632477 3.194774 -4.043251
v -3.460467 3.171909 -4.043251
v -3.645032 3.100327 -4.016530
v -3.473022 3.077461 -4.016530
v -3.637068 3.160241 -4.127770
v -3.465058 3.137376 -4.127770
v -3.648718 3.072600 -4.083326
v -3.476708 3.049735 -4.083326
v -3.644659 3.103137 -4.213926
v -3.472649 3.080272 -4.213926
v -3.654386 3.029956 -4.148035
v -3.482377 3.007091 -4.148035
v -3.652824 3.041712 -4.277678
v -3.480814 3.018847 -4.277678
v -3.659533 2.991239 -4.192830
v -3.487523 2.968374 -4.192830
v -3.670423 2.909320 -4.286258
v -3.498413 2.886455 -4.286258
v -3.670423 2.909320 -4.189195
v -3.498413 2.886455 -4.189195
v -3.751450 2.299772 -4.298673
v -3.579440 2.276906 -4.298673
v -3.751450 2.299772 -4.201610
v -3.579440 2.276906 -4.201610
v -3.763123 2.211959 -4.285136
v -3.591113 2.189094 -4.285136
v -3.757046 2.257670 -4.199726
v -3.585036 2.234805 -4.199726
v -3.770269 2.158195 -4.270444
v -3.598259 2.135330 -4.270444
v -3.762342 2.217828 -4.194272
v -3.590332 2.194963 -4.194272
v -3.776863 2.108596 -4.217682
v -3.604853 2.085731 -4.217682
v -3.767007 2.182739 -4.155821
v -3.594997 2.159874 -4.155821
v -3.783293 2.060221 -4.144846
v -3.611283 2.037355 -4.144846
v -3.771542 2.148620 -4.106522
v -3.599532 2.125755 -4.106522
v -3.788760 2.019091 -5.661600
v -3.788234 2.023053 -8.246092
v -3.616224 2.000187 -8.246092
v -3.616750 1.996226 -5.661600
v -3.775421 2.119443 -5.692436
v -3.775449 2.119233 -8.246092
v -3.603439 2.096367 -8.246092
v -3.603411 2.096578 -5.692436
v -3.788446 2.021457 -5.565748
v -3.616436 1.998592 -5.565748
v -3.775735 2.117077 -5.627304
v -3.603725 2.094212 -5.627304
v -3.783883 2.055781 -5.462533
v -3.611873 2.032916 -5.462533
v -3.772624 2.140478 -5.547666
v -3.600614 2.117613 -5.547666
v -3.776800 2.109063 -5.398445
v -3.604791 2.086198 -5.398445
v -3.766348 2.187694 -5.472199
v -3.594338 2.164829 -5.472199
v -3.766542 2.186232 -5.329771
v -3.594532 2.163367 -5.329771
v -3.759392 2.240027 -5.426085
v -3.587382 2.217162 -5.426085
v -3.754274 2.278527 -5.296398
v -3.582264 2.255662 -5.296398
v -3.754274 2.278527 -5.407478
v -3.582264 2.255662 -5.407478
v -3.671472 2.901426 -5.284834
v -3.499462 2.878560 -5.284834
v -3.671472 2.901426 -5.395915
v -3.499462 2.878560 -5.395915
v -3.658513 2.998917 -5.304316
v -3.486503 2.976051 -5.304316
v -3.665637 2.945324 -5.399563
v -3.493627 2.922459 -5.399563
v -3.651029 3.055212 -5.326340
v -3.479019 3.032347 -5.326340
v -3.659089 2.994579 -5.416345
v -3.487079 2.971714 -5.416345
v -3.643076 3.115042 -5.381066
v -3.471066 3.092176 -5.381066
v -3.653081 3.039779 -5.446493
v -3.481071 3.016914 -5.446493
v -3.635927 3.168820 -5.453943
v -3.463917 3.145955 -5.453943
v -3.647333 3.083014 -5.504464
v -3.475323 3.060149 -5.504464
v -3.630965 3.206149 -5.572477
v -3.458955 3.183284 -5.572477
v -3.644004 3.108057 -5.572477
v -3.471994 3.085192 -5.572477
v -3.630965 3.206149 -8.130436
v -3.458955 3.183284 -8.130436
v -3.644004 3.108057 -8.130436
v -3.471995 3.085192 -8.130436
v -3.632477 3.194774 -8.241774
v -3.460467 3.171909 -8.241774
v -3.645032 3.100327 -8.215054
v -3.473022 3.077461 -8.215054
v -3.637068 3.160241 -8.326294
v -3.465058 3.137376 -8.326294
v -3.648718 3.072600 -8.281849
v -3.476708 3.049735 -8.281849
v -3.644659 3.103137 -8.412449
v -3.472649 3.080272 -8.412449
v -3.654386 3.029956 -8.346558
v -3.482377 3.007091 -8.346558
v -3.652824 3.041712 -8.476202
v -3.480814 3.018847 -8.476202
v -3.659533 2.991239 -8.391353
v -3.487523 2.968374 -8.391353
v -3.670423 2.909320 -8.484781
v -3.498413 2.886455 -8.484781
v -3.670423 2.909320 -8.387718
v -3.498413 2.886455 -8.387718
v -3.751450 2.299772 -8.497196
v -3.579440 2.276906 -8.497196
v -3.751450 2.299772 -8.400133
v -3.579440 2.276906 -8.400133
v -3.763123 2.211959 -8.483659
v -3.591113 2.189094 -8.483659
v -3.757046 2.257670 -8.398249
v -3.585036 2.234805 -8.398249
v -3.770269 2.158195 -8.468967
v -3.598259 2.135330 -8.468967
v -3.762342 2.217828 -8.392795
v -3.590332 2.194963 -8.392795
v -3.776863 2.108596 -8.416205
v -3.604853 2.085731 -8.416205
v -3.767007 2.182739 -8.354343
v -3.594997 2.159874 -8.354343
v -3.783293 2.060221 -8.343369
v -3.611283 2.037355 -8.343369
v -3.771542 2.148620 -8.305045
v -3.599532 2.125755 -8.305045
v -2.450206 2.007284 -9.700373
v -2.367462 3.111746 -9.685004
v -2.369986 3.110401 -9.511505
v -2.452730 2.005939 -9.526873
v -2.549759 2.043160 -9.701543
v -2.464356 3.116615 -9.686375
v -2.466880 3.115271 -9.512877
v -2.552283 2.041816 -9.528044
v -2.457389 1.911675 -9.701218
v -2.459913 1.910331 -9.527718
v -2.550637 1.977993 -9.702061
v -2.553161 1.976648 -9.528561
v -2.497136 1.810331 -9.702580
v -2.499660 1.808987 -9.529081
v -2.578199 1.899642 -9.703068
v -2.580724 1.898298 -9.529569
v -2.554023 1.749023 -9.703882
v -2.556547 1.747679 -9.530383
v -2.629545 1.826663 -9.704380
v -2.632069 1.825319 -9.530880
v -2.635203 1.684344 -9.705564
v -2.637727 1.683000 -9.532065
v -2.684574 1.783257 -9.705518
v -2.687099 1.781914 -9.532017
v -2.729854 1.655687 -9.707165
v -2.732379 1.654343 -9.533666
v -2.724293 1.766624 -9.706224
v -2.726817 1.765280 -9.532725
v -3.197590 1.656405 -9.691901
v -3.200114 1.655061 -9.518401
v -3.192027 1.767341 -9.690961
v -3.194552 1.765998 -9.517461
v -3.294828 1.680797 -9.693127
v -3.297353 1.679453 -9.519627
v -3.236069 1.773208 -9.691556
v -3.238594 1.771864 -9.518057
v -3.350439 1.705643 -9.693743
v -3.352963 1.704299 -9.520244
v -3.284849 1.792461 -9.692117
v -3.287374 1.791118 -9.518618
v -3.407973 1.763327 -9.694134
v -3.410497 1.761983 -9.520634
v -3.328876 1.824859 -9.692506
v -3.331399 1.823515 -9.519008
v -3.458502 1.838832 -9.694283
v -3.461027 1.837489 -9.520783
v -3.369529 1.884944 -9.692632
v -3.372054 1.883601 -9.519132
v -3.490173 1.959104 -9.693812
v -3.492697 1.957760 -9.520313
v -3.391353 1.954138 -9.692414
v -3.393877 1.952794 -9.518913
v -3.404766 3.036867 -9.678613
v -3.407290 3.035523 -9.505114
v -3.305946 3.031901 -9.677214
v -3.308470 3.030557 -9.503714
v -3.387732 3.147485 -9.677507
v -3.390256 3.146141 -9.504008
v -3.293921 3.116018 -9.676388
v -3.296445 3.114674 -9.502888
v -3.348711 3.230148 -9.676300
v -3.351235 3.228804 -9.502800
v -3.262644 3.181323 -9.675426
v -3.265168 3.179979 -9.501926
v -3.286869 3.313301 -9.674757
v -3.289393 3.311956 -9.501257
v -3.216444 3.243789 -9.674271
v -3.218968 3.242445 -9.500771
v -3.215444 3.352985 -9.672381
v -3.217968 3.351641 -9.498881
v -3.168845 3.265690 -9.672378
v -3.171369 3.264346 -9.498879
v -3.067350 3.382150 -9.668259
v -3.069874 3.380806 -9.494760
v -3.072210 3.285212 -9.669080
v -3.074734 3.283868 -9.495581
v -2.633662 3.376535 -9.686826
v -2.636187 3.375192 -9.513326
v -2.638523 3.279597 -9.687648
v -2.641047 3.278254 -9.514148
v -2.545876 3.358570 -9.685688
v -2.548400 3.357226 -9.512188
v -2.596203 3.275584 -9.687062
v -2.598727 3.274240 -9.513563
v -2.492449 3.341175 -9.685045
v -2.494973 3.339832 -9.511546
v -2.556338 3.268120 -9.686541
v -2.558862 3.266776 -9.513041
v -2.445123 3.285970 -9.684785
v -2.447647 3.284626 -9.511285
v -2.522914 3.227942 -9.686364
v -2.525438 3.226597 -9.512867
v -2.400035 3.210778 -9.684711
v -2.402559 3.209434 -9.511211
v -2.491010 3.176980 -9.686296
v -2.493533 3.175636 -9.512797
v 3.778601 1.310986 3.419144
v 3.778601 1.310986 3.310041
v 3.517654 1.280486 3.310041
v 3.517654 1.280486 3.419144
v 3.745349 1.595482 3.514935
v 3.745730 1.592216 3.227405
v 3.484783 1.561715 3.227405
v 3.484402 1.564982 3.514935
v 3.749255 1.562062 3.536282
v 3.749319 1.561517 3.199480
v 3.488372 1.531017 3.199480
v 3.488308 1.531562 3.536282
v 3.770461 1.380634 3.269726
v 3.509514 1.350134 3.269726
v 3.509248 1.352402 3.464118
v 3.770195 1.382903 3.464118
v 3.745476 1.594393 3.419092
v 3.745603 1.593305 3.323248
v 3.779839 1.300400 3.346409
v 3.779839 1.300400 3.382776
v 3.484656 1.562804 3.323248
v 3.484529 1.563893 3.419092
v 3.518892 1.269899 3.382776
v 3.518892 1.269899 3.346409
v 3.778291 1.565088 3.311748
v 3.778270 1.565269 3.424015
v 3.488329 1.531380 3.424015
v 3.488350 1.531199 3.311748
v 3.799455 1.384023 3.332239
v 3.799455 1.384023 3.394753
v 3.509514 1.350134 3.394753
v 3.509514 1.350134 3.332239
v 3.818113 1.582249 3.333893
v 3.823152 1.582406 3.401775
v 3.844717 1.409821 3.351579
v 3.849791 1.409821 3.376519
v 3.879064 1.596449 3.328418
v 3.880264 1.596595 3.401775
v 3.892370 1.451252 3.346104
v 3.893638 1.451252 3.376519
v 3.812718 1.661709 3.333802
v 3.817757 1.661709 3.401685
v 3.868594 1.661709 3.328328
v 3.869794 1.661709 3.401685
v 3.812718 1.725140 3.333802
v 3.817757 1.725140 3.401685
v 3.868594 1.725140 3.328328
v 3.869794 1.725140 3.401685
v 3.816591 1.735289 3.339491
v 3.821634 1.735289 3.395996
v 3.864715 1.735289 3.334017
v 3.865923 1.735289 3.395996
v 3.745539 1.593849 3.371170
v 3.779839 1.300400 3.364592
v 3.484592 1.563349 3.371170
v 3.518892 1.269899 3.364592
v 3.778281 1.565178 3.367881
v 3.488340 1.531289 3.367882
v 3.799455 1.384023 3.363496
v 3.509514 1.350134 3.363496
v 3.815558 1.582327 3.367560
v 3.842180 1.409821 3.363775
v 3.886641 1.596522 3.367560
v 3.899981 1.451252 3.363775
v 3.810163 1.661709 3.367470
v 3.876171 1.661709 3.367470
v 3.810163 1.725140 3.367470
v 3.876171 1.725140 3.367470
v 3.814038 1.735289 3.367470
v 3.872296 1.735289 3.367470
v 3.835190 1.735289 3.377366
v 3.850606 1.735289 3.355186
v 3.851038 1.735289 3.377366
v 3.832472 1.735289 3.367157
v 3.851038 1.753344 3.377366
v 3.832472 1.753344 3.367157
v 3.853319 1.735289 3.367157
v 3.833385 1.735289 3.357145
v 3.815132 1.755053 3.337959
v 3.820458 1.755053 3.397633
v 3.865956 1.755053 3.332177
v 3.867231 1.755053 3.397633
v 3.843223 1.755053 3.322348
v 3.812437 1.755053 3.367507
v 3.873962 1.755053 3.367507
v 3.815132 1.770652 3.337959
v 3.850606 1.753344 3.355186
v 3.835190 1.753344 3.377366
v 3.853319 1.753344 3.367157
v 3.833385 1.753344 3.357145
v 3.820458 1.770652 3.397633
v 3.865956 1.770652 3.332177
v 3.867231 1.770652 3.397633
v 3.831835 1.770652 3.328677
v 3.812437 1.770652 3.367507
v 3.873962 1.770652 3.367507
v 3.810089 2.322334 3.368609
v 3.869202 2.321734 3.346500
v 3.864997 2.290066 3.399465
v 3.831835 2.321734 3.328677
v 3.811851 2.322334 3.338984
v 3.873962 2.321734 3.367507
v 4.195891 1.770652 3.191555
v 4.179081 1.770652 3.263864
v 4.173158 1.770652 3.181726
v 4.203897 1.770652 3.226884
v 4.195891 2.321734 3.191555
v 4.182254 2.290066 3.263647
v 4.173158 2.321734 3.181726
v 4.203897 2.321734 3.226884
v 3.817093 2.290066 3.399465
v 3.808878 2.290066 3.368609
v 3.828745 2.290066 3.328840
v 3.811639 2.290066 3.338347
v 4.207670 2.290066 3.225773
v 4.176188 2.290066 3.179522
v 4.199471 2.290066 3.189589
v 3.818284 1.792825 3.398817
v 3.829839 1.792825 3.328783
v 4.206335 1.792825 3.226166
v 4.175116 1.792825 3.180302
v 3.865788 1.792825 3.398817
v 3.810137 1.792825 3.368219
v 3.812875 1.792825 3.338209
v 4.198204 1.792825 3.190284
v 4.155073 1.770652 3.188579
v 4.155073 2.321734 3.188579
v 4.185812 2.321734 3.233737
v 4.177806 2.321734 3.198407
v 4.185812 1.770652 3.233737
v 4.177806 1.770652 3.198407
v 4.157665 2.290066 3.186540
v 4.156748 1.792825 3.187262
v 4.181131 1.792825 3.263724
v 3.818443 2.322334 3.399677
v 3.839183 2.290073 3.347234
v 3.840277 1.792833 3.347177
v 4.168103 2.290073 3.204934
v 4.167186 1.792833 3.205656
v 3.805866 0.928728 4.193066
v 3.805866 0.928728 3.784712
v 3.707480 0.928728 3.784712
v 3.707480 0.928728 4.193066
v 3.805866 1.257822 4.193066
v 3.805866 1.257822 3.784712
v 3.707480 1.257822 3.784712
v 3.707480 1.257822 4.193066
v 3.805866 1.029364 3.784712
v 3.805866 1.159798 3.784712
v 3.707480 1.029364 3.784712
v 3.707480 1.159798 3.784712
v 3.707480 1.020028 4.193066
v 3.707480 1.169134 4.193066
v 3.805866 1.020028 4.193066
v 3.805866 1.169134 4.193066
v 3.805866 0.928728 4.015231
v 3.708087 1.257822 4.015231
v 3.805866 1.257822 4.015231
v 3.708087 0.928728 4.015231
v 3.805866 1.159798 4.015231
v 3.805866 1.029364 4.015231
v 3.805866 1.169134 4.098436
v 3.805866 1.020028 4.098436
v 3.805866 0.928728 4.098436
v 3.707480 1.257822 4.098436
v 3.805866 1.257822 4.098436
v 3.707480 0.928728 4.098436
v 3.805866 1.169134 4.046775
v 3.805866 1.020028 4.046775
v 3.805866 0.928728 4.046775
v 3.707480 1.257822 4.046775
v 3.805866 1.257822 4.046775
v 3.707480 0.928728 4.046775
v 3.706831 1.169134 4.098436
v 3.706831 1.020028 4.098436
v 3.706831 1.169134 4.046775
v 3.706831 1.020028 4.046775
v 3.805866 1.159798 4.092562
v 3.805866 1.029364 4.092562
v 3.708694 1.159798 4.015231
v 3.708694 1.029364 4.015231
v 3.708694 1.159798 4.092562
v 3.708694 1.029364 4.092562
v 3.901848 0.163770 0.495739
v 3.901848 0.204794 0.512732
v 3.901848 0.221786 0.553755
v 3.901848 0.204794 0.594779
v 3.901848 0.163770 0.611771
v 3.901848 0.122747 0.594779
v 3.901848 0.105755 0.553755
v 3.901848 0.122747 0.512732
v 4.014034 0.163770 0.502710
v 4.014034 0.199865 0.517660
v 4.014034 0.214816 0.553755
v 4.014034 0.199865 0.589850
v 4.014034 0.163770 0.604801
v 4.014034 0.127676 0.589850
v 4.014034 0.112725 0.553755
v 4.014034 0.127676 0.517660
v 3.923362 -0.289415 0.842358
v 3.915420 -0.347298 0.803537
v 3.890604 -0.336730 0.792856
v 3.898546 -0.278846 0.831677
v 3.942677 -0.254358 0.786136
v 3.934735 -0.312242 0.747315
v 3.909919 -0.301673 0.736634
v 3.917861 -0.243790 0.775455
v 3.977558 -0.216477 0.732816
v 3.968325 -0.283766 0.687687
v 3.942911 -0.274253 0.678703
v 3.952143 -0.206965 0.723832
v 3.992094 -0.166000 0.668378
v 3.981132 -0.245891 0.614797
v 3.953470 -0.243496 0.616885
v 3.964432 -0.163605 0.670466
v 3.997493 -0.127500 0.596070
v 3.988260 -0.194788 0.550942
v 3.960539 -0.196459 0.559105
v 3.969772 -0.129171 0.604233
v 3.993008 -0.103914 0.551524
v 3.985066 -0.161797 0.512702
v 3.957559 -0.165089 0.523239
v 3.965501 -0.107206 0.562060
v 3.973750 -0.068287 0.499331
v 3.966186 -0.123420 0.462355
v 3.941036 -0.130288 0.477741
v 3.948601 -0.075156 0.514718
v 3.534932 -2.162714 5.421586
v 3.534932 -1.487102 5.555972
v 3.534932 -0.914346 5.938676
v 3.534932 -0.531642 6.511433
v 3.534932 -0.397254 7.187045
v 3.534932 -0.531642 7.862657
v 3.534932 -0.914346 8.435414
v 3.534932 -1.487102 8.818116
v 3.534932 -2.162715 8.952504
v 3.534932 -2.838327 8.818116
v 3.534932 -3.411084 8.435412
v 3.534932 -3.793787 7.862656
v 3.534932 -3.928174 7.187043
v 3.534932 -3.793786 6.511431
v 3.534932 -3.411081 5.938675
v 3.534932 -2.838324 5.555971
v 3.620245 -2.162714 5.563366
v 3.620245 -1.541359 5.686960
v 3.620245 -1.014600 6.038930
v 3.620245 -0.662630 6.565690
v 3.620245 -0.539035 7.187045
v 3.620245 -0.662630 7.808400
v 3.620245 -1.014600 8.335160
v 3.620245 -1.541359 8.687128
v 3.620245 -2.162715 8.810722
v 3.620245 -2.784070 8.687128
v 3.620245 -3.310829 8.335158
v 3.620245 -3.662799 7.808399
v 3.620245 -3.786393 7.187043
v 3.620245 -3.662797 6.565688
v 3.620245 -3.310827 6.038929
v 3.620245 -2.784067 5.686959
v 3.651615 -2.162714 5.792220
v 3.651615 -1.628937 5.898394
v 3.651615 -1.176424 6.200755
v 3.651615 -0.874063 6.653269
v 3.651615 -0.767889 7.187045
v 3.651615 -0.874063 7.720821
v 3.651615 -1.176424 8.173336
v 3.651615 -1.628938 8.475696
v 3.651615 -2.162715 8.581869
v 3.651615 -2.696491 8.475696
v 3.651615 -3.149005 8.173334
v 3.651615 -3.451366 7.720820
v 3.651615 -3.557539 7.187043
v 3.651615 -3.451364 6.653267
v 3.651615 -3.149003 6.200753
v 3.651615 -2.696489 5.898393
v 3.423576 -2.162714 6.170002
v 3.423576 -1.443556 6.467886
v 3.423576 -1.223089 6.797839
v 3.423576 -1.223089 7.576250
v 3.423576 -1.443556 7.906203
v 3.423576 -2.551920 8.126670
v 3.423576 -2.881872 7.906201
v 3.423576 -3.179756 7.187043
v 3.423576 -3.102339 6.797838
v 3.423576 -2.881871 6.467885
v 3.423576 -2.551918 6.247419
v 3.566979 -2.162714 6.170002
v 3.566979 -1.773508 6.247419
v 3.566979 -1.443556 6.467886
v 3.566979 -1.223089 6.797839
v 3.566979 -1.145671 7.187045
v 3.566979 -1.223089 7.576250
v 3.566979 -1.443556 7.906203
v 3.566979 -1.773509 8.126670
v 3.566979 -2.162715 8.204087
v 3.566979 -2.551920 8.126670
v 3.566979 -2.881872 7.906201
v 3.566979 -3.102340 7.576249
v 3.566979 -3.179756 7.187043
v 3.566979 -3.102339 6.797838
v 3.566979 -2.881871 6.467885
v 3.566979 -2.551918 6.247419
v 3.423576 -3.102340 7.576249
v 3.423576 -1.145671 7.187045
v 3.423576 -2.162715 8.204087
v 3.423576 -1.773508 6.247419
v 3.423576 -1.773509 8.126670
v 3.452579 -2.162714 6.277222
v 3.452579 -1.814540 6.346478
v 3.452579 -1.519373 6.543703
v 3.452579 -1.322148 6.838871
v 3.452579 -1.252892 7.187045
v 3.452579 -1.322148 7.535218
v 3.452579 -1.519373 7.830386
v 3.452579 -1.814540 8.027611
v 3.452579 -2.162715 8.096868
v 3.452579 -2.510889 8.027611
v 3.452579 -2.806056 7.830385
v 3.452579 -3.003281 7.535218
v 3.452579 -3.072536 7.187043
v 3.452579 -3.003280 6.838870
v 3.452579 -2.806055 6.543702
v 3.452579 -2.510887 6.346478
v 3.393957 -2.162714 6.377053
v 3.393957 -1.852744 6.438710
v 3.393957 -1.589964 6.614295
v 3.393957 -1.414380 6.877074
v 3.393957 -1.352724 7.187045
v 3.393957 -1.414380 7.497015
v 3.393957 -1.589964 7.759795
v 3.393957 -1.852744 7.935379
v 3.393957 -2.162715 7.997036
v 3.393957 -2.472685 7.935379
v 3.393957 -2.735465 7.759793
v 3.393957 -2.911048 7.497014
v 3.393957 -2.972704 7.187043
v 3.393957 -2.911047 6.877074
v 3.393957 -2.735463 6.614294
v 3.393957 -2.472683 6.438710
v 3.393957 -2.162714 6.463594
v 3.393957 -1.885862 6.518664
v 3.393957 -1.651158 6.675488
v 3.393957 -1.494334 6.910192
v 3.393957 -1.439264 7.187045
v 3.393957 -1.494334 7.463897
v 3.393957 -1.651158 7.698601
v 3.393957 -1.885862 7.855425
v 3.393957 -2.162715 7.910494
v 3.393957 -2.439567 7.855425
v 3.393957 -2.674271 7.698600
v 3.393957 -2.831095 7.463896
v 3.393957 -2.886163 7.187043
v 3.393957 -2.831094 6.910192
v 3.393957 -2.674270 6.675487
v 3.393957 -2.439566 6.518664
v 3.631951 -2.162714 6.675887
v 3.631951 -1.967103 6.714797
v 3.631951 -1.801271 6.825602
v 3.631951 -1.690466 6.991433
v 3.631951 -1.651557 7.187045
v 3.631951 -1.690466 7.382656
v 3.631951 -1.801271 7.548488
v 3.631951 -1.967103 7.659293
v 3.631951 -2.162714 7.698202
v 3.631951 -2.358326 7.659293
v 3.631951 -2.524157 7.548487
v 3.631951 -2.634962 7.382655
v 3.631951 -2.673872 7.187044
v 3.631951 -2.634962 6.991433
v 3.631951 -2.524157 6.825601
v 3.631951 -2.358325 6.714797
v 3.485158 -2.162714 6.675887
v 3.485158 -1.967103 6.714797
v 3.485158 -1.801271 6.825602
v 3.485158 -1.690466 6.991433
v 3.485158 -1.651557 7.187045
v 3.485158 -1.690466 7.382656
v 3.485158 -1.801271 7.548488
v 3.485158 -1.967103 7.659293
v 3.485158 -2.162714 7.698202
v 3.485158 -2.358326 7.659293
v 3.485158 -2.524157 7.548487
v 3.485158 -2.634962 7.382655
v 3.485158 -2.673872 7.187044
v 3.485158 -2.634962 6.991433
v 3.485158 -2.524157 6.825601
v 3.485158 -2.358325 6.714797
v 3.485158 -2.162714 6.938694
v 3.485158 -2.067674 6.957599
v 3.485158 -1.933268 7.092004
v 3.485158 -1.933268 7.282084
v 3.485158 -1.987104 7.362655
v 3.485158 -2.392160 7.092004
v 3.485158 -2.338324 7.011434
v 3.485158 -2.257753 6.957599
v 3.699322 -2.162714 6.938694
v 3.699322 -2.067674 6.957599
v 3.699322 -1.987104 7.011434
v 3.699322 -1.933268 7.092004
v 3.699322 -1.914364 7.187044
v 3.699322 -1.933268 7.282084
v 3.699322 -1.987104 7.362655
v 3.699322 -2.067674 7.416491
v 3.699322 -2.162714 7.435395
v 3.699322 -2.257754 7.416491
v 3.699322 -2.338325 7.362654
v 3.699322 -2.392160 7.282084
v 3.699322 -2.411065 7.187044
v 3.699322 -2.392160 7.092004
v 3.699322 -2.338324 7.011434
v 3.699322 -2.257753 6.957599
v 3.485158 -2.257754 7.416491
v 3.485158 -1.987104 7.011434
v 3.485158 -2.162714 7.435395
v 3.485158 -2.411065 7.187044
v 3.485158 -2.067674 7.416491
v 3.485158 -2.392160 7.282084
v 3.485158 -2.338325 7.362654
v 3.485158 -1.914364 7.187044
v 3.715220 -2.162714 7.065986
v 3.715220 -2.077113 7.101444
v 3.715220 -2.050872 7.140718
v 3.715220 -2.041656 7.187044
v 3.715220 -2.077113 7.272645
v 3.715220 -2.116387 7.298887
v 3.715220 -2.248315 7.272645
v 3.715220 -2.274557 7.140718
v 3.824011 -2.162714 7.065986
v 3.824011 -2.116387 7.075202
v 3.824011 -2.077113 7.101444
v 3.824011 -2.050872 7.140718
v 3.824011 -2.041656 7.187044
v 3.824011 -2.050872 7.233371
v 3.824011 -2.077113 7.272645
v 3.824011 -2.116387 7.298887
v 3.824011 -2.162714 7.308102
v 3.824011 -2.209041 7.298887
v 3.824011 -2.248315 7.272645
v 3.824011 -2.274557 7.233371
v 3.824011 -2.283772 7.187044
v 3.824011 -2.274557 7.140718
v 3.824011 -2.248315 7.101444
v 3.824011 -2.209041 7.075202
v 3.715220 -2.050872 7.233371
v 3.715220 -2.209041 7.075202
v 3.715220 -2.248315 7.101444
v 3.715220 -2.162714 7.308102
v 3.715220 -2.209041 7.298887
v 3.715220 -2.274557 7.233371
v 3.715220 -2.116387 7.075202
v 3.715220 -2.283772 7.187044
v 2.684428 -2.162714 5.421586
v 2.684428 -1.487102 5.555972
v 2.684428 -0.914346 5.938676
v 2.684428 -0.531642 6.511433
v 2.684428 -0.397254 7.187045
v 2.684428 -0.531642 7.862657
v 2.684428 -0.914346 8.435414
v 2.684428 -1.487102 8.818116
v 2.684428 -2.162715 8.952504
v 2.684428 -2.838327 8.818116
v 2.684428 -3.411084 8.435412
v 2.684428 -3.793787 7.862656
v 2.684428 -3.928174 7.187043
v 2.684428 -3.793786 6.511431
v 2.684428 -3.411081 5.938675
v 2.684428 -2.838324 5.555971
v 2.598429 -2.162714 5.563366
v 2.598429 -1.541359 5.686960
v 2.598429 -1.014600 6.038930
v 2.598429 -0.662630 6.565690
v 2.598429 -0.539035 7.187045
v 2.598429 -0.662630 7.808400
v 2.598429 -1.014600 8.335160
v 2.598429 -1.541359 8.687128
v 2.598429 -2.162715 8.810722
v 2.598429 -2.784070 8.687128
v 2.598429 -3.310829 8.335158
v 2.598429 -3.662799 7.808399
v 2.598429 -3.786393 7.187043
v 2.598429 -3.662797 6.565688
v 2.598429 -3.310827 6.038929
v 2.598429 -2.784067 5.686959
v 2.567060 -2.162714 5.792220
v 2.567060 -1.628937 5.898394
v 2.567060 -1.176424 6.200755
v 2.567060 -0.874063 6.653269
v 2.567060 -0.767889 7.187045
v 2.567060 -0.874063 7.720821
v 2.567060 -1.176424 8.173336
v 2.567060 -1.628938 8.475696
v 2.567060 -2.162715 8.581869
v 2.567060 -2.696491 8.475696
v 2.567060 -3.149005 8.173334
v 2.567060 -3.451366 7.720820
v 2.567060 -3.557539 7.187043
v 2.567060 -3.451364 6.653267
v 2.567060 -3.149003 6.200753
v 2.567060 -2.696489 5.898393
v 3.405915 -2.223845 -5.853509
v 3.467000 -2.586647 -5.885369
v 3.467000 -2.894218 -5.679858
v 3.467000 -3.099731 -5.372287
v 3.467000 -3.171897 -5.009483
v 3.467000 -3.099732 -4.646678
v 3.467000 -2.894219 -4.339108
v 3.467000 -2.586649 -4.133595
v 3.467000 -2.223845 -4.061428
v 3.467000 -1.861041 -4.133595
v 3.467000 -1.553470 -4.339108
v 3.467000 -1.347958 -4.646678
v 3.467000 -1.275792 -5.009482
v 3.467000 -1.347958 -5.372286
v 3.467000 -1.553470 -5.679857
v 3.467000 -1.861041 -5.885369
v 2.795099 -1.773508 6.247419
v 2.795099 -1.443556 6.467886
v 2.795099 -1.223089 6.797839
v 2.795099 -1.223089 7.576250
v 2.795099 -1.773509 8.126670
v 2.795099 -2.162715 8.204087
v 2.795099 -2.881872 7.906201
v 2.795099 -3.102340 7.576249
v 2.795099 -3.179756 7.187043
v 2.795099 -2.551918 6.247419
v 2.651695 -2.162714 6.170002
v 2.651695 -1.773508 6.247419
v 2.651695 -1.443556 6.467886
v 2.651695 -1.223089 6.797839
v 2.651695 -1.145671 7.187045
v 2.651695 -1.223089 7.576250
v 2.651695 -1.443556 7.906203
v 2.651695 -1.773509 8.126670
v 2.651695 -2.162715 8.204087
v 2.651695 -2.551920 8.126670
v 2.651695 -2.881872 7.906201
v 2.651695 -3.102340 7.576249
v 2.651695 -3.179756 7.187043
v 2.651695 -3.102339 6.797838
v 2.651695 -2.881871 6.467885
v 2.651695 -2.551918 6.247419
v 2.795099 -1.145671 7.187045
v 2.795099 -2.881871 6.467885
v 2.795099 -2.551920 8.126670
v 2.795099 -3.102339 6.797838
v 2.795099 -2.162714 6.170002
v 2.795099 -1.443556 7.906203
v 3.467000 -2.223845 -5.957535
v 3.436779 -1.818285 -4.030374
v 3.436779 -1.818285 -5.988590
v 3.436779 -2.223845 -3.949703
v 3.436779 -1.164066 -5.009482
v 3.436779 -3.202954 -4.603923
v 3.586208 -2.629403 -5.988590
v 3.586208 -2.973220 -5.758860
v 3.586208 -3.202952 -5.415043
v 3.586208 -3.283623 -5.009483
v 3.586208 -3.202954 -4.603923
v 3.586208 -2.973222 -4.260107
v 3.586208 -2.629405 -4.030374
v 3.586208 -2.223845 -3.949703
v 3.586208 -1.818285 -4.030374
v 3.586208 -1.474468 -4.260104
v 2.766096 -2.162714 6.277222
v 2.766096 -1.814540 6.346478
v 2.766096 -1.519373 6.543703
v 2.766096 -1.322148 6.838871
v 2.766096 -1.252892 7.187045
v 2.766096 -1.322148 7.535218
v 2.766096 -1.519373 7.830386
v 2.766096 -1.814540 8.027611
v 2.766096 -2.162715 8.096868
v 2.766096 -2.510889 8.027611
v 2.766096 -2.806056 7.830385
v 2.766096 -3.003281 7.535218
v 2.766096 -3.072536 7.187043
v 2.766096 -3.003280 6.838870
v 2.766096 -2.806055 6.543702
v 2.766096 -2.510887 6.346478
v 3.586208 -1.244737 -4.603923
v 3.586208 -1.164066 -5.009482
v 3.586208 -1.244737 -5.415042
v 3.586208 -1.474468 -5.758859
v 3.586208 -1.818285 -5.988590
v 3.586208 -2.223845 -6.069261
v 3.436779 -2.629403 -5.988590
v 3.436779 -2.973220 -5.758860
v 3.436779 -3.202952 -5.415043
v 3.436779 -3.283623 -5.009483
v 3.436779 -2.973222 -4.260107
v 3.436779 -2.629405 -4.030374
v 3.436779 -1.474468 -4.260104
v 3.436779 -1.244737 -4.603923
v 3.436779 -1.244737 -5.415042
v 3.436779 -1.474468 -5.758859
v 2.824718 -2.162714 6.377053
v 2.824718 -1.852744 6.438710
v 2.824718 -1.589964 6.614295
v 2.824718 -1.414380 6.877074
v 2.824718 -1.352724 7.187045
v 2.824718 -1.414380 7.497015
v 2.824718 -1.589964 7.759795
v 2.824718 -1.852744 7.935379
v 2.824718 -2.162715 7.997036
v 2.824718 -2.472685 7.935379
v 2.824718 -2.735465 7.759793
v 2.824718 -2.911048 7.497014
v 2.824718 -2.972704 7.187043
v 2.824718 -2.911047 6.877074
v 2.824718 -2.735463 6.614294
v 2.824718 -2.472683 6.438710
v 2.824718 -2.162714 6.463594
v 2.824718 -1.885862 6.518664
v 2.824718 -1.651158 6.675488
v 2.824718 -1.494334 6.910192
v 2.824718 -1.439264 7.187045
v 2.824718 -1.494334 7.463897
v 2.824718 -1.651158 7.698601
v 2.824718 -1.885862 7.855425
v 2.824718 -2.162715 7.910494
v 2.824718 -2.439567 7.855425
v 2.824718 -2.674271 7.698600
v 2.824718 -2.831095 7.463896
v 2.824718 -2.886163 7.187043
v 2.824718 -2.831094 6.910192
v 2.824718 -2.674270 6.675487
v 2.824718 -2.439566 6.518664
v 3.436779 -2.223845 -6.069261
v 3.674400 -2.780049 -6.352283
v 3.674400 -3.251577 -6.037218
v 3.674400 -3.566644 -5.565689
v 3.674400 -3.677280 -5.009483
v 3.674400 -3.566645 -4.453277
v 3.674400 -3.251580 -3.981749
v 3.674400 -2.780051 -3.666682
v 3.674400 -2.223845 -3.556047
v 3.674400 -1.667639 -3.666682
v 3.674400 -1.196110 -3.981747
v 3.674400 -0.881045 -4.453276
v 3.674400 -0.770409 -5.009482
v 3.674400 -0.881045 -5.565687
v 3.674400 -1.196110 -6.037216
v 3.674400 -1.667639 -6.352283
v 2.586723 -2.162714 6.675887
v 2.586723 -1.967103 6.714797
v 2.586723 -1.801271 6.825602
v 2.586723 -1.690466 6.991433
v 2.586723 -1.651557 7.187045
v 2.586723 -1.690466 7.382656
v 2.586723 -1.801271 7.548488
v 2.586723 -1.967103 7.659293
v 2.586723 -2.162714 7.698202
v 2.586723 -2.358326 7.659293
v 2.586723 -2.524157 7.548487
v 2.586723 -2.634962 7.382655
v 2.586723 -2.673872 7.187044
v 2.586723 -2.634962 6.991433
v 2.586723 -2.524157 6.825601
v 2.586723 -2.358325 6.714797
v 2.733516 -2.162714 6.675887
v 2.733516 -1.967103 6.714797
v 2.733516 -1.801271 6.825602
v 2.733516 -1.690466 6.991433
v 2.733516 -1.651557 7.187045
v 2.733516 -1.690466 7.382656
v 2.733516 -1.801271 7.548488
v 2.733516 -1.967103 7.659293
v 2.733516 -2.162714 7.698202
v 2.733516 -2.358326 7.659293
v 2.733516 -2.524157 7.548487
v 2.733516 -2.634962 7.382655
v 2.733516 -2.673872 7.187044
v 2.733516 -2.634962 6.991433
v 2.733516 -2.524157 6.825601
v 2.733516 -2.358325 6.714797
v 2.733516 -1.933268 7.092004
v 2.733516 -2.162714 7.435395
v 2.733516 -2.257754 7.416491
v 2.733516 -2.338325 7.362654
v 2.733516 -2.338324 7.011434
v 2.519352 -2.162714 6.938694
v 2.519352 -2.067674 6.957599
v 2.519352 -1.987104 7.011434
v 2.519352 -1.933268 7.092004
v 2.519352 -1.914364 7.187044
v 2.519352 -1.933268 7.282084
v 2.519352 -1.987104 7.362655
v 2.519352 -2.067674 7.416491
v 2.519352 -2.162714 7.435395
v 2.519352 -2.257754 7.416491
v 2.519352 -2.338325 7.362654
v 2.519352 -2.392160 7.282084
v 2.519352 -2.411065 7.187044
v 2.519352 -2.392160 7.092004
v 2.519352 -2.338324 7.011434
v 2.519352 -2.257753 6.957599
v 2.733516 -2.392160 7.092004
v 2.733516 -1.987104 7.011434
v 2.733516 -2.411065 7.187044
v 2.733516 -2.067674 6.957599
v 2.733516 -2.067674 7.416491
v 2.733516 -2.392160 7.282084
v 2.733516 -2.162714 6.938694
v 2.733516 -1.987104 7.362655
v 2.733516 -1.933268 7.282084
v 2.733516 -2.257753 6.957599
v 2.733516 -1.914364 7.187044
v 2.503454 -2.162714 7.065986
v 2.503454 -2.077113 7.101444
v 2.503454 -2.050872 7.140718
v 2.503454 -2.041656 7.187044
v 2.503454 -2.116387 7.298887
v 2.503454 -2.162714 7.308102
v 2.503454 -2.209041 7.298887
v 2.503454 -2.274557 7.233371
v 2.503454 -2.248315 7.101444
v 2.503454 -2.209041 7.075202
v 2.394663 -2.162714 7.065986
v 2.394663 -2.116387 7.075202
v 2.394663 -2.077113 7.101444
v 2.394663 -2.050872 7.140718
v 2.394663 -2.041656 7.187044
v 2.394663 -2.050872 7.233371
v 2.394663 -2.077113 7.272645
v 2.394663 -2.116387 7.298887
v 2.394663 -2.162714 7.308102
v 2.394663 -2.209041 7.298887
v 2.394663 -2.248315 7.272645
v 2.394663 -2.274557 7.233371
v 2.394663 -2.283772 7.187044
v 2.394663 -2.274557 7.140718
v 2.394663 -2.248315 7.101444
v 2.394663 -2.209041 7.075202
v 3.552815 -2.223845 -6.849125
v 3.641713 -2.223845 -6.701387
v 3.552815 -2.927843 -6.709093
v 3.552815 -3.524668 -6.310308
v 3.552815 -3.923454 -5.713484
v 3.552815 -4.063489 -5.009483
v 3.552815 -3.923455 -4.305481
v 3.552815 -3.524671 -3.708658
v 3.552815 -2.927847 -3.309873
v 3.552815 -2.223845 -3.169838
v 3.552815 -1.519844 -3.309873
v 3.552815 -0.923020 -3.708656
v 3.552815 -0.524235 -4.305480
v 3.552815 -0.384201 -5.009482
v 3.552815 -0.524235 -5.713482
v 3.552815 -0.923020 -6.310307
v 3.552815 -1.519843 -6.709092
v 3.674400 -2.223845 -6.462917
v 3.641713 -2.871306 -6.572600
v 3.641713 -3.420201 -6.205842
v 3.641713 -3.786961 -5.656948
v 3.641713 -3.915751 -5.009483
v 3.641713 -3.786963 -4.362019
v 3.641713 -3.420204 -3.813125
v 3.641713 -2.871309 -3.446365
v 3.641713 -2.223845 -3.317577
v 3.641713 -1.576381 -3.446365
v 3.641713 -1.027487 -3.813123
v 3.641713 -0.660728 -4.362018
v 3.641713 -0.531939 -5.009482
v 3.641713 -0.660728 -5.656946
v 3.641713 -1.027487 -6.205840
v 3.641713 -1.576380 -6.572599
v 2.503454 -2.077113 7.272645
v 2.503454 -2.050872 7.233371
v 2.503454 -2.274557 7.140718
v 2.503454 -2.248315 7.272645
v 2.503454 -2.116387 7.075202
v 2.503454 -2.283772 7.187044
v 3.405915 -1.900850 -5.789261
v 3.405915 -1.627028 -5.606299
v 3.405915 -1.444066 -5.332477
v 3.405915 -1.379818 -5.009482
v 3.405915 -1.444066 -4.686487
v 3.405915 -1.627028 -4.412665
v 3.405915 -1.900850 -4.229703
v 3.405915 -2.223845 -4.165455
v 3.405915 -2.546840 -4.229703
v 3.405915 -2.820662 -4.412667
v 3.405915 -3.003624 -4.686488
v 3.405915 -3.067871 -5.009483
v 3.405915 -3.003623 -5.332478
v 3.405915 -2.820661 -5.606300
v 3.405915 -2.546838 -5.789261
v 3.405915 -2.223845 -5.763331
v 3.405915 -1.935359 -5.705948
v 3.405915 -1.690793 -5.542534
v 3.405915 -1.527379 -5.297968
v 3.405915 -1.469996 -5.009482
v 3.405915 -1.527379 -4.720997
v 3.405915 -1.690793 -4.476430
v 3.405915 -1.935359 -4.313016
v 3.405915 -2.223845 -4.255633
v 3.405915 -2.512331 -4.313016
v 3.405915 -2.756896 -4.476431
v 3.405915 -2.920310 -4.720997
v 3.405915 -2.977693 -5.009483
v 3.405915 -2.920310 -5.297968
v 3.405915 -2.756896 -5.542535
v 3.405915 -2.512329 -5.705948
v 3.653910 -2.223845 -5.542119
v 3.653910 -2.020014 -5.501574
v 3.653910 -1.847214 -5.386113
v 3.653910 -1.731753 -5.213313
v 3.653910 -1.691209 -5.009482
v 3.653910 -1.731753 -4.805651
v 3.653910 -1.847214 -4.632852
v 3.653910 -2.020014 -4.517390
v 3.653910 -2.223845 -4.476846
v 3.653910 -2.427676 -4.517390
v 3.653910 -2.600476 -4.632853
v 3.653910 -2.715937 -4.805652
v 3.653910 -2.756481 -5.009483
v 3.653910 -2.715936 -5.213314
v 3.653910 -2.600475 -5.386114
v 3.653910 -2.427675 -5.501574
v 3.500949 -2.223845 -5.542119
v 3.500949 -2.020014 -5.501574
v 3.500949 -1.847214 -5.386113
v 3.500949 -1.731753 -5.213313
v 3.500949 -1.691209 -5.009482
v 3.500949 -1.731753 -4.805651
v 3.500949 -1.847214 -4.632852
v 3.500949 -2.020014 -4.517390
v 3.500949 -2.223845 -4.476846
v 3.500949 -2.427676 -4.517390
v 3.500949 -2.600476 -4.632853
v 3.500949 -2.715937 -4.805652
v 3.500949 -2.756481 -5.009483
v 3.500949 -2.715936 -5.213314
v 3.500949 -2.600475 -5.386114
v 3.500949 -2.427675 -5.501574
v 3.500949 -2.223845 -5.268269
v 3.500949 -2.124811 -5.248569
v 3.500949 -1.984758 -5.108516
v 3.500949 -1.984758 -4.910449
v 3.500949 -2.040856 -4.826493
v 3.500949 -2.462932 -5.108516
v 3.500949 -2.406834 -5.192472
v 3.500949 -2.322877 -5.248569
v 3.724113 -2.223845 -5.268269
v 3.724113 -2.124811 -5.248569
v 3.724113 -2.040856 -5.192472
v 3.724113 -1.984758 -5.108516
v 3.724113 -1.965059 -5.009482
v 3.724113 -1.984758 -4.910449
v 3.724113 -2.040856 -4.826493
v 3.724113 -2.124811 -4.770394
v 3.724113 -2.223845 -4.750696
v 3.724113 -2.322878 -4.770394
v 3.724113 -2.406834 -4.826493
v 3.724113 -2.462932 -4.910450
v 3.724113 -2.482631 -5.009482
v 3.724113 -2.462932 -5.108516
v 3.724113 -2.406834 -5.192472
v 3.724113 -2.322877 -5.248569
v 3.500949 -2.322878 -4.770394
v 3.500949 -2.040856 -5.192472
v 3.500949 -2.223845 -4.750696
v 3.500949 -2.482631 -5.009482
v 3.500949 -2.124811 -4.770394
v 3.500949 -2.462932 -4.910450
v 3.500949 -2.406834 -4.826493
v 3.500949 -1.965059 -5.009482
v 3.740678 -2.223845 -5.135627
v 3.740678 -2.134647 -5.098679
v 3.740678 -2.107302 -5.057756
v 3.740678 -2.097700 -5.009482
v 3.740678 -2.134647 -4.920285
v 3.740678 -2.175571 -4.892940
v 3.740678 -2.313042 -4.920285
v 3.740678 -2.340387 -5.057756
v 3.854040 -2.223845 -5.135627
v 3.854040 -2.175571 -5.126025
v 3.854040 -2.134647 -5.098679
v 3.854040 -2.107302 -5.057756
v 3.854040 -2.097700 -5.009482
v 3.854040 -2.107302 -4.961209
v 3.854040 -2.134647 -4.920285
v 3.854040 -2.175571 -4.892940
v 3.854040 -2.223845 -4.883338
v 3.854040 -2.272118 -4.892940
v 3.854040 -2.313042 -4.920285
v 3.854040 -2.340387 -4.961209
v 3.854040 -2.349989 -5.009482
v 3.854040 -2.340387 -5.057756
v 3.854040 -2.313042 -5.098680
v 3.854040 -2.272118 -5.126025
v 3.740678 -2.107302 -4.961209
v 3.740678 -2.272118 -5.126025
v 3.740678 -2.313042 -5.098680
v 3.740678 -2.223845 -4.883338
v 3.740678 -2.272118 -4.892940
v 3.740678 -2.340387 -4.961209
v 3.740678 -2.175571 -5.126025
v 3.740678 -2.349989 -5.009482
v 2.666572 -2.223845 -6.849125
v 2.666572 -1.519843 -6.709092
v 2.666572 -0.923020 -6.310307
v 2.666572 -0.524235 -5.713482
v 2.666572 -0.384201 -5.009482
v 2.666572 -0.524235 -4.305480
v 2.666572 -0.923020 -3.708656
v 2.666572 -1.519844 -3.309873
v 2.666572 -2.223845 -3.169838
v 2.666572 -2.927847 -3.309873
v 2.666572 -3.524671 -3.708658
v 2.666572 -3.923455 -4.305481
v 2.666572 -4.063489 -5.009483
v 2.666572 -3.923454 -5.713484
v 2.666572 -3.524668 -6.310308
v 2.666572 -2.927843 -6.709093
v 2.576959 -2.223845 -6.701387
v 2.576959 -1.576380 -6.572599
v 2.576959 -1.027487 -6.205840
v 2.576959 -0.660728 -5.656946
v 2.576959 -0.531939 -5.009482
v 2.576959 -0.660728 -4.362018
v 2.576959 -1.027487 -3.813123
v 2.576959 -1.576381 -3.446365
v 2.576959 -2.223845 -3.317577
v 2.576959 -2.871309 -3.446365
v 2.576959 -3.420204 -3.813125
v 2.576959 -3.786963 -4.362019
v 2.576959 -3.915751 -5.009483
v 2.576959 -3.786961 -5.656948
v 2.576959 -3.420201 -6.205842
v 2.576959 -2.871306 -6.572600
v 2.544272 -2.223845 -6.462917
v 2.544272 -1.667639 -6.352283
v 2.544272 -1.196110 -6.037216
v 2.544272 -0.881045 -5.565687
v 2.544272 -0.770409 -5.009482
v 2.544272 -0.881045 -4.453276
v 2.544272 -1.196110 -3.981747
v 2.544272 -1.667639 -3.666682
v 2.544272 -2.223845 -3.556047
v 2.544272 -2.780051 -3.666682
v 2.544272 -3.251580 -3.981749
v 2.544272 -3.566645 -4.453277
v 2.544272 -3.677280 -5.009483
v 2.544272 -3.566644 -5.565689
v 2.544272 -3.251577 -6.037218
v 2.544272 -2.780049 -6.352283
v 2.781893 -1.818285 -5.988590
v 2.781893 -1.474468 -5.758859
v 2.781893 -1.244737 -5.415042
v 2.781893 -1.244737 -4.603923
v 2.781893 -1.818285 -4.030374
v 2.781893 -2.223845 -3.949703
v 2.781893 -2.973222 -4.260107
v 2.781893 -3.202954 -4.603923
v 2.781893 -3.283623 -5.009483
v 2.781893 -2.629403 -5.988590
v 2.632464 -2.223845 -6.069261
v 2.632464 -1.818285 -5.988590
v 2.632464 -1.474468 -5.758859
v 2.632464 -1.244737 -5.415042
v 2.632464 -1.164066 -5.009482
v 2.632464 -1.244737 -4.603923
v 2.632464 -1.474468 -4.260104
v 2.632464 -1.818285 -4.030374
v 2.632464 -2.223845 -3.949703
v 2.632464 -2.629405 -4.030374
v 2.632464 -2.973222 -4.260107
v 2.632464 -3.202954 -4.603923
v 2.632464 -3.283623 -5.009483
v 2.632464 -3.202952 -5.415043
v 2.632464 -2.973220 -5.758860
v 2.632464 -2.629403 -5.988590
v 2.781893 -1.164066 -5.009482
v 2.781893 -2.973220 -5.758860
v 2.781893 -2.629405 -4.030374
v 2.781893 -3.202952 -5.415043
v 2.781893 -2.223845 -6.069261
v 2.781893 -1.474468 -4.260104
v 2.751672 -2.223845 -5.957535
v 2.751672 -1.861041 -5.885369
v 2.751672 -1.553470 -5.679857
v 2.751672 -1.347958 -5.372286
v 2.751672 -1.275792 -5.009482
v 2.751672 -1.347958 -4.646678
v 2.751672 -1.553470 -4.339108
v 2.751672 -1.861041 -4.133595
v 2.751672 -2.223845 -4.061428
v 2.751672 -2.586649 -4.133595
v 2.751672 -2.894219 -4.339108
v 2.751672 -3.099732 -4.646678
v 2.751672 -3.171897 -5.009483
v 2.751672 -3.099731 -5.372287
v 2.751672 -2.894218 -5.679858
v 2.751672 -2.586647 -5.885369
v 2.812757 -2.223845 -5.853509
v 2.812757 -1.900850 -5.789261
v 2.812757 -1.627028 -5.606299
v 2.812757 -1.444066 -5.332477
v 2.812757 -1.379818 -5.009482
v 2.812757 -1.444066 -4.686487
v 2.812757 -1.627028 -4.412665
v 2.812757 -1.900850 -4.229703
v 2.812757 -2.223845 -4.165455
v 2.812757 -2.546840 -4.229703
v 2.812757 -2.820662 -4.412667
v 2.812757 -3.003624 -4.686488
v 2.812757 -3.067871 -5.009483
v 2.812757 -3.003623 -5.332478
v 2.812757 -2.820661 -5.606300
v 2.812757 -2.546838 -5.789261
v 2.812757 -2.223845 -5.763331
v 2.812757 -1.935359 -5.705948
v 2.812757 -1.690793 -5.542534
v 2.812757 -1.527379 -5.297968
v 2.812757 -1.469996 -5.009482
v 2.812757 -1.527379 -4.720997
v 2.812757 -1.690793 -4.476430
v 2.812757 -1.935359 -4.313016
v 2.812757 -2.223845 -4.255633
v 2.812757 -2.512331 -4.313016
v 2.812757 -2.756896 -4.476431
v 2.812757 -2.920310 -4.720997
v 2.812757 -2.977693 -5.009483
v 2.812757 -2.920310 -5.297968
v 2.812757 -2.756896 -5.542535
v 2.812757 -2.512329 -5.705948
v 2.564762 -2.223845 -5.542119
v 2.564762 -2.020014 -5.501574
v 2.564762 -1.847214 -5.386113
v 2.564762 -1.731753 -5.213313
v 2.564762 -1.691209 -5.009482
v 2.564762 -1.731753 -4.805651
v 2.564762 -1.847214 -4.632852
v 2.564762 -2.020014 -4.517390
v 2.564762 -2.223845 -4.476846
v 2.564762 -2.427676 -4.517390
v 2.564762 -2.600476 -4.632853
v 2.564762 -2.715937 -4.805652
v 2.564762 -2.756481 -5.009483
v 2.564762 -2.715936 -5.213314
v 2.564762 -2.600475 -5.386114
v 2.564762 -2.427675 -5.501574
v 2.717723 -2.223845 -5.542119
v 2.717723 -2.020014 -5.501574
v 2.717723 -1.847214 -5.386113
v 2.717723 -1.731753 -5.213313
v 2.717723 -1.691209 -5.009482
v 2.717723 -1.731753 -4.805651
v 2.717723 -1.847214 -4.632852
v 2.717723 -2.020014 -4.517390
v 2.717723 -2.223845 -4.476846
v 2.717723 -2.427676 -4.517390
v 2.717723 -2.600476 -4.632853
v 2.717723 -2.715937 -4.805652
v 2.717723 -2.756481 -5.009483
v 2.717723 -2.715936 -5.213314
v 2.717723 -2.600475 -5.386114
v 2.717723 -2.427675 -5.501574
v 2.717723 -1.984758 -5.108516
v 2.717723 -2.223845 -4.750696
v 2.717723 -2.322878 -4.770394
v 2.717723 -2.406834 -4.826493
v 2.717723 -2.406834 -5.192472
v 2.494560 -2.223845 -5.268269
v 2.494560 -2.124811 -5.248569
v 2.494560 -2.040856 -5.192472
v 2.494560 -1.984758 -5.108516
v 2.494560 -1.965059 -5.009482
v 2.494560 -1.984758 -4.910449
v 2.494560 -2.040856 -4.826493
v 2.494560 -2.124811 -4.770394
v 2.494560 -2.223845 -4.750696
v 2.494560 -2.322878 -4.770394
v 2.494560 -2.406834 -4.826493
v 2.494560 -2.462932 -4.910450
v 2.494560 -2.482631 -5.009482
v 2.494560 -2.462932 -5.108516
v 2.494560 -2.406834 -5.192472
v 2.494560 -2.322877 -5.248569
v 2.717723 -2.462932 -5.108516
v 2.717723 -2.040856 -5.192472
v 2.717723 -2.482631 -5.009482
v 2.717723 -2.124811 -5.248569
v 2.717723 -2.124811 -4.770394
v 2.717723 -2.462932 -4.910450
v 2.717723 -2.223845 -5.268269
v 2.717723 -2.040856 -4.826493
v 2.717723 -1.984758 -4.910449
v 2.717723 -2.322877 -5.248569
v 2.717723 -1.965059 -5.009482
v 2.477993 -2.223845 -5.135627
v 2.477993 -2.134647 -5.098679
v 2.477993 -2.107302 -5.057756
v 2.477993 -2.097700 -5.009482
v 2.477993 -2.175571 -4.892940
v 2.477993 -2.223845 -4.883338
v 2.477993 -2.272118 -4.892940
v 2.477993 -2.340387 -4.961209
v 2.477993 -2.313042 -5.098680
v 2.477993 -2.272118 -5.126025
v 2.364632 -2.223845 -5.135627
v 2.364632 -2.175571 -5.126025
v 2.364632 -2.134647 -5.098679
v 2.364632 -2.107302 -5.057756
v 2.364632 -2.097700 -5.009482
v 2.364632 -2.107302 -4.961209
v 2.364632 -2.134647 -4.920285
v 2.364632 -2.175571 -4.892940
v 2.364632 -2.223845 -4.883338
v 2.364632 -2.272118 -4.892940
v 2.364632 -2.313042 -4.920285
v 2.364632 -2.340387 -4.961209
v 2.364632 -2.349989 -5.009482
v 2.364632 -2.340387 -5.057756
v 2.364632 -2.313042 -5.098680
v 2.364632 -2.272118 -5.126025
v 2.477993 -2.134647 -4.920285
v 2.477993 -2.107302 -4.961209
v 2.477993 -2.340387 -5.057756
v 2.477993 -2.313042 -4.920285
v 2.477993 -2.175571 -5.126025
v 2.477993 -2.349989 -5.009482
v 3.788760 2.019091 -1.463077
v 3.788234 2.023053 -4.047568
v 3.616224 2.000187 -4.047568
v 3.616750 1.996226 -1.463077
v 3.775421 2.119443 -1.493913
v 3.775449 2.119233 -4.047568
v 3.603439 2.096367 -4.047568
v 3.603411 2.096578 -1.493913
v 3.788446 2.021457 -1.367225
v 3.616436 1.998592 -1.367225
v 3.775735 2.117077 -1.428781
v 3.603725 2.094212 -1.428781
v 3.783883 2.055781 -1.264010
v 3.611873 2.032916 -1.264010
v 3.772624 2.140478 -1.349143
v 3.600614 2.117613 -1.349143
v 3.776800 2.109063 -1.199922
v 3.604791 2.086198 -1.199922
v 3.766348 2.187694 -1.273676
v 3.594338 2.164829 -1.273676
v 3.766542 2.186232 -1.131248
v 3.594532 2.163367 -1.131248
v 3.759392 2.240027 -1.227562
v 3.587382 2.217162 -1.227562
v 3.754274 2.278527 -1.097875
v 3.582264 2.255662 -1.097875
v 3.754274 2.278527 -1.208955
v 3.582264 2.255662 -1.208955
v 3.671472 2.901426 -1.086311
v 3.499462 2.878560 -1.086311
v 3.671472 2.901426 -1.197391
v 3.499462 2.878560 -1.197391
v 3.658513 2.998917 -1.105792
v 3.486503 2.976051 -1.105792
v 3.665637 2.945324 -1.201040
v 3.493627 2.922459 -1.201040
v 3.651029 3.055212 -1.127817
v 3.479019 3.032347 -1.127817
v 3.659089 2.994579 -1.217821
v 3.487079 2.971714 -1.217821
v 3.643076 3.115042 -1.182544
v 3.471066 3.092176 -1.182544
v 3.653081 3.039779 -1.247970
v 3.481071 3.016914 -1.247970
v 3.635927 3.168820 -1.255420
v 3.463917 3.145955 -1.255420
v 3.647333 3.083014 -1.305941
v 3.475323 3.060149 -1.305941
v 3.630965 3.206149 -1.373954
v 3.458955 3.183284 -1.373954
v 3.644004 3.108057 -1.373954
v 3.471994 3.085192 -1.373954
v 3.630965 3.206149 -3.931912
v 3.458955 3.183284 -3.931912
v 3.644004 3.108057 -3.931912
v 3.471995 3.085192 -3.931912
v 3.632477 3.194774 -4.043251
v 3.460467 3.171909 -4.043251
v 3.645032 3.100327 -4.016530
v 3.473022 3.077461 -4.016530
v 3.637068 3.160241 -4.127770
v 3.465058 3.137376 -4.127770
v 3.648718 3.072600 -4.083326
v 3.476708 3.049735 -4.083326
v 3.644659 3.103137 -4.213926
v 3.472649 3.080272 -4.213926
v 3.654386 3.029956 -4.148035
v 3.482377 3.007091 -4.148035
v 3.652824 3.041712 -4.277678
v 3.480814 3.018847 -4.277678
v 3.659533 2.991239 -4.192830
v 3.487523 2.968374 -4.192830
v 3.670423 2.909320 -4.286258
v 3.498413 2.886455 -4.286258
v 3.670423 2.909320 -4.189195
v 3.498413 2.886455 -4.189195
v 3.751450 2.299772 -4.298673
v 3.579440 2.276906 -4.298673
v 3.751450 2.299772 -4.201610
v 3.579440 2.276906 -4.201610
v 3.763123 2.211959 -4.285136
v 3.591113 2.189094 -4.285136
v 3.757046 2.257670 -4.199726
v 3.585036 2.234805 -4.199726
v 3.770269 2.158195 -4.270444
v 3.598259 2.135330 -4.270444
v 3.762342 2.217828 -4.194272
v 3.590332 2.194963 -4.194272
v 3.776863 2.108596 -4.217682
v 3.604853 2.085731 -4.217682
v 3.767007 2.182739 -4.155821
v 3.594997 2.159874 -4.155821
v 3.783293 2.060221 -4.144846
v 3.611283 2.037355 -4.144846
v 3.771542 2.148620 -4.106522
v 3.599532 2.125755 -4.106522
v 3.788760 2.019091 -5.661600
v 3.788234 2.023053 -8.246092
v 3.616224 2.000187 -8.246092
v 3.616750 1.996226 -5.661600
v 3.775421 2.119443 -5.692436
v 3.775449 2.119233 -8.246092
v 3.603439 2.096367 -8.246092
v 3.603411 2.096578 -5.692436
v 3.788446 2.021457 -5.565748
v 3.616436 1.998592 -5.565748
v 3.775735 2.117077 -5.627304
v 3.603725 2.094212 -5.627304
v 3.783883 2.055781 -5.462533
v 3.611873 2.032916 -5.462533
v 3.772624 2.140478 -5.547666
v 3.600614 2.117613 -5.547666
v 3.776800 2.109063 -5.398445
v 3.604791 2.086198 -5.398445
v 3.766348 2.187694 -5.472199
v 3.594338 2.164829 -5.472199
v 3.766542 2.186232 -5.329771
v 3.594532 2.163367 -5.329771
v 3.759392 2.240027 -5.426085
v 3.587382 2.217162 -5.426085
v 3.754274 2.278527 -5.296398
v 3.582264 2.255662 -5.296398
v 3.754274 2.278527 -5.407478
v 3.582264 2.255662 -5.407478
v 3.671472 2.901426 -5.284834
v 3.499462 2.878560 -5.284834
v 3.671472 2.901426 -5.395915
v 3.499462 2.878560 -5.395915
v 3.658513 2.998917 -5.304316
v 3.486503 2.976051 -5.304316
v 3.665637 2.945324 -5.399563
v 3.493627 2.922459 -5.399563
v 3.651029 3.055212 -5.326340
v 3.479019 3.032347 -5.326340
v 3.659089 2.994579 -5.416345
v 3.487079 2.971714 -5.416345
v 3.643076 3.115042 -5.381066
v 3.471066 3.092176 -5.381066
v 3.653081 3.039779 -5.446493
v 3.481071 3.016914 -5.446493
v 3.635927 3.168820 -5.453943
v 3.463917 3.145955 -5.453943
v 3.647333 3.083014 -5.504464
v 3.475323 3.060149 -5.504464
v 3.630965 3.206149 -5.572477
v 3.458955 3.183284 -5.572477
v 3.644004 3.108057 -5.572477
v 3.471994 3.085192 -5.572477
v 3.630965 3.206149 -8.130436
v 3.458955 3.183284 -8.130436
v 3.644004 3.108057 -8.130436
v 3.471995 3.085192 -8.130436
v 3.632477 3.194774 -8.241774
v 3.460467 3.171909 -8.241774
v 3.645032 3.100327 -8.215054
v 3.473022 3.077461 -8.215054
v 3.637068 3.160241 -8.326294
v 3.465058 3.137376 -8.326294
v 3.648718 3.072600 -8.281849
v 3.476708 3.049735 -8.281849
v 3.644659 3.103137 -8.412449
v 3.472649 3.080272 -8.412449
v 3.654386 3.029956 -8.346558
v 3.482377 3.007091 -8.346558
v 3.652824 3.041712 -8.476202
v 3.480814 3.018847 -8.476202
v 3.659533 2.991239 -8.391353
v 3.487523 2.968374 -8.391353
v 3.670423 2.909320 -8.484781
v 3.498413 2.886455 -8.484781
v 3.670423 2.909320 -8.387718
v 3.498413 2.886455 -8.387718
v 3.751450 2.299772 -8.497196
v 3.579440 2.276906 -8.497196
v 3.751450 2.299772 -8.400133
v 3.579440 2.276906 -8.400133
v 3.763123 2.211959 -8.483659
v 3.591113 2.189094 -8.483659
v 3.757046 2.257670 -8.398249
v 3.585036 2.234805 -8.398249
v 3.770269 2.158195 -8.468967
v 3.598259 2.135330 -8.468967
v 3.762342 2.217828 -8.392795
v 3.590332 2.194963 -8.392795
v 3.776863 2.108596 -8.416205
v 3.604853 2.085731 -8.416205
v 3.767007 2.182739 -8.354343
v 3.594997 2.159874 -8.354343
v 3.783293 2.060221 -8.343369
v 3.611283 2.037355 -8.343369
v 3.771542 2.148620 -8.305045
v 3.599532 2.125755 -8.305045
v 2.450206 2.007284 -9.700373
v 2.367462 3.111746 -9.685004
v 2.369986 3.110401 -9.511505
v 2.452730 2.005939 -9.526873
v 2.549759 2.043160 -9.701543
v 2.464356 3.116615 -9.686375
v 2.466880 3.115271 -9.512877
v 2.552283 2.041816 -9.528044
v 2.457389 1.911675 -9.701218
v 2.459913 1.910331 -9.527718
v 2.550637 1.977993 -9.702061
v 2.553161 1.976648 -9.528561
v 2.497136 1.810331 -9.702580
v 2.499660 1.808987 -9.529081
v 2.578199 1.899642 -9.703068
v 2.580724 1.898298 -9.529569
v 2.554023 1.749023 -9.703882
v 2.556547 1.747679 -9.530383
v 2.629545 1.826663 -9.704380
v 2.632069 1.825319 -9.530880
v 2.635203 1.684344 -9.705564
v 2.637727 1.683000 -9.532065
v 2.684574 1.783257 -9.705518
v 2.687099 1.781914 -9.532017
v 2.729854 1.655687 -9.707165
v 2.732379 1.654343 -9.533666
v 2.724293 1.766624 -9.706224
v 2.726817 1.765280 -9.532725
v 3.197590 1.656405 -9.691901
v 3.200114 1.655061 -9.518401
v 3.192027 1.767341 -9.690961
v 3.194552 1.765998 -9.517461
v 3.294828 1.680797 -9.693127
v 3.297353 1.679453 -9.519627
v 3.236069 1.773208 -9.691556
v 3.238594 1.771864 -9.518057
v 3.350439 1.705643 -9.693743
v 3.352963 1.704299 -9.520244
v 3.284849 1.792461 -9.692117
v 3.287374 1.791118 -9.518618
v 3.407973 1.763327 -9.694134
v 3.410497 1.761983 -9.520634
v 3.328876 1.824859 -9.692506
v 3.331399 1.823515 -9.519008
v 3.458502 1.838832 -9.694283
v 3.461027 1.837489 -9.520783
v 3.369529 1.884944 -9.692632
v 3.372054 1.883601 -9.519132
v 3.490173 1.959104 -9.693812
v 3.492697 1.957760 -9.520313
v 3.391353 1.954138 -9.692414
v 3.393877 1.952794 -9.518913
v 3.404766 3.036867 -9.678613
v 3.407290 3.035523 -9.505114
v 3.305946 3.031901 -9.677214
v 3.308470 3.030557 -9.503714
v 3.387732 3.147485 -9.677507
v 3.390256 3.146141 -9.504008
v 3.293921 3.116018 -9.676388
v 3.296445 3.114674 -9.502888
v 3.348711 3.230148 -9.676300
v 3.351235 3.228804 -9.502800
v 3.262644 3.181323 -9.675426
v 3.265168 3.179979 -9.501926
v 3.286869 3.313301 -9.674757
v 3.289393 3.311956 -9.501257
v 3.216444 3.243789 -9.674271
v 3.218968 3.242445 -9.500771
v 3.215444 3.352985 -9.672381
v 3.217968 3.351641 -9.498881
v 3.168845 3.265690 -9.672378
v 3.171369 3.264346 -9.498879
v 3.067350 3.382150 -9.668259
v 3.069874 3.380806 -9.494760
v 3.072210 3.285212 -9.669080
v 3.074734 3.283868 -9.495581
v 2.633662 3.376535 -9.686826
v 2.636187 3.375192 -9.513326
v 2.638523 3.279597 -9.687648
v 2.641047 3.278254 -9.514148
v 2.545876 3.358570 -9.685688
v 2.548400 3.357226 -9.512188
v 2.596203 3.275584 -9.687062
v 2.598727 3.274240 -9.513563
v 2.492449 3.341175 -9.685045
v 2.494973 3.339832 -9.511546
v 2.556338 3.268120 -9.686541
v 2.558862 3.266776 -9.513041
v 2.445123 3.285970 -9.684785
v 2.447647 3.284626 -9.511285
v 2.522914 3.227942 -9.686364
v 2.525438 3.226597 -9.512867
v 2.400035 3.210778 -9.684711
v 2.402559 3.209434 -9.511211
v 2.491010 3.176980 -9.686296
v 2.493533 3.175636 -9.512797
v -0.921413 1.049189 8.891884
v -0.921413 1.049189 8.066410
v -1.929859 0.917652 8.891884
v -1.929859 0.917652 8.066410
v -0.921413 -0.794609 9.235208
v -1.913390 -0.804361 8.871020
v -1.913390 -0.804361 8.066410
v -0.921413 -1.480171 9.352951
v -0.921413 -1.432729 8.066410
v -1.913390 -1.480171 8.839246
v -1.913390 -1.432729 8.066410
v -1.913390 -1.092559 8.066410
v -1.913390 -1.092559 8.935472
v -0.921413 -1.092559 9.449177
v -1.914534 -0.771855 8.066410
v -1.914534 -0.771855 8.886333
v -0.921413 -0.771855 8.886333
v -1.873122 0.544326 8.351145
v -1.873122 0.891224 8.351145
v -3.991219 -0.727142 9.309975
v -3.991219 -0.427986 9.309975
v -1.873122 -1.383537 8.351145
v -4.040953 0.423760 8.677889
v -3.991219 0.734263 8.677889
v -4.040953 -1.303452 9.138710
v -4.040953 -0.739481 8.901962
v -4.040953 -0.441521 8.677889
v -1.873122 0.544326 9.309975
v -1.873122 0.891224 9.020193
v -1.873122 -1.383537 9.309975
v -3.991219 0.443667 9.309975
v -3.991219 0.734263 9.020193
v -3.991219 -1.316675 9.309975
v -1.873122 -0.729784 9.309975
v -1.873122 -0.402901 9.309975
v -1.873122 -0.729784 8.351145
v -1.873122 -0.402901 8.351145
v -4.040953 -0.176113 7.281883
v -3.991219 0.770622 7.281883
v -4.040953 0.513111 7.281883
v -1.873122 0.891224 7.281883
v -1.873122 0.617673 7.281883
v -1.873122 -0.137494 7.281883
v -4.040953 -0.304957 6.478551
v -3.991219 0.770622 6.478551
v -4.040953 0.513111 6.478551
v -1.873122 0.891224 6.478551
v -1.873122 0.891224 4.227362
v -4.040953 0.513111 4.202510
v -3.991219 0.770622 4.202510
v -3.687708 0.891224 4.202510
v -1.873122 0.891224 4.202510
v -4.040953 -0.304957 4.202510
v -4.040953 -0.723031 5.879422
v -4.040953 -0.723031 4.202510
v -4.040953 -1.352015 4.202510
v -4.040953 -1.361540 5.485537
v -4.040994 -1.945613 5.218837
v -4.040994 -1.947518 4.202510
v -4.040953 0.513111 0.479224
v -4.040953 -1.352015 -0.002031
v -4.040953 0.513111 -0.002031
v -4.040953 -0.723031 -0.002031
v -3.991219 0.770622 -0.002031
v -4.040953 -0.304957 -0.002031
v -3.991219 0.770622 -4.240367
v -4.040953 0.513111 -4.240367
v -4.040953 -0.429836 -4.240367
v -4.040953 -1.352015 -3.225006
v -4.040953 -0.140738 -4.240367
v -4.040953 -0.304957 -0.867732
v -4.040994 -1.947518 -2.901123
v -4.040994 -1.947518 -0.867732
v -4.040953 -0.723031 -0.867732
v -4.040953 -1.352015 -0.867732
v -4.040953 0.513111 -0.867732
v -3.991219 0.770622 -0.867732
v -4.040953 -0.079849 -5.361427
v -3.991219 0.770622 -5.361427
v -4.040953 0.513111 -5.361427
v -4.040953 -0.304409 -5.361427
v -4.040953 -0.139087 -6.285681
v -3.991219 0.770622 -6.285681
v -4.040953 0.513111 -6.285681
v -4.040953 -0.541363 -6.285681
v -4.040953 -0.541363 -9.589754
v -4.040953 -0.541363 -8.481936
v -4.040953 -0.541363 -7.111700
v -4.040953 -0.139087 -7.111699
v -4.040953 -0.139087 -8.481936
v -4.040953 -0.139087 -9.589754
v -4.040953 0.513111 -7.111699
v -4.040953 0.513111 -8.481936
v -3.991219 0.770622 -7.111699
v -3.991219 0.770622 -8.481936
v -4.040953 -1.248721 -9.578328
v -4.040953 -1.765134 -7.239507
v -4.040953 -1.702514 -8.689520
v -4.040953 -1.907739 -7.705169
v -3.739738 1.066693 -0.002031
v -3.739738 1.066693 -0.867732
v -3.739738 1.066693 -4.240367
v -3.739738 1.066693 -5.361427
v -3.739738 1.066693 -6.285681
v -3.739738 1.066693 -9.589754
v -3.739738 1.066693 -8.481936
v -3.739738 1.066693 -7.111700
v -3.739738 1.242465 0.477299
v -3.739738 1.241902 -0.002031
v -3.739738 1.241902 -0.867732
v -3.739738 1.241902 -4.240367
v -1.646343 4.623687 -7.111700
v -3.739738 1.241902 -5.361427
v -3.739738 1.241902 -6.285681
v -3.739738 1.241902 -8.481936
v -3.739738 1.241902 -7.111700
v -3.991219 0.770622 3.724994
v -4.040953 -0.304957 3.724994
v -4.040994 -1.947518 3.724994
v -4.040953 -1.352015 3.724994
v -4.040953 0.513111 3.724994
v -4.040953 -0.723031 3.724994
v -3.739738 1.066693 3.724994
v -3.739738 1.241902 3.724994
v -3.783077 1.106095 -0.002031
v -3.783077 1.106095 -0.867732
v -3.783077 1.106095 -4.240367
v -3.783077 1.106095 -5.361427
v -3.783077 1.106095 -6.285681
v -3.783077 1.106095 -9.589754
v -3.783077 1.106095 -8.481936
v -3.783077 1.106095 -7.111700
v -3.783077 1.202500 0.479225
v -3.783077 1.202500 -0.002031
v -3.783077 1.202500 -4.240367
v -3.783077 1.202500 -0.867732
v -3.783077 1.202500 -5.361427
v -3.783077 1.202500 -6.285681
v -3.783077 1.202500 -8.481936
v -3.783077 1.202500 -7.111700
v -3.783077 1.106095 3.724994
v -3.783077 1.202500 3.724994
v -3.687708 0.891224 8.677889
v -3.687708 -0.729784 9.309975
v -3.687708 -0.402901 9.309975
v -3.687708 0.544326 9.309975
v -3.687708 0.891224 9.020193
v -3.687708 -1.383537 9.309975
v -3.687708 0.891224 7.281883
v -3.687708 0.891224 6.478551
v -1.646343 4.623687 -5.361427
v -3.505534 3.612555 -5.361427
v -1.646343 4.623687 -0.867733
v -1.646343 4.623687 -3.679171
v -3.663059 2.133714 -8.377841
v -1.646343 4.474038 -0.002031
v -3.663059 2.057012 -7.111700
v -3.556129 3.101326 -1.181545
v -2.401311 4.381738 -9.673237
v -3.247249 4.381738 -5.361427
v -1.646343 4.379456 -9.673237
v -3.503028 3.639917 -0.867732
v -3.663059 2.057013 -9.589754
v -3.663059 2.057012 -0.002031
v -3.557692 3.113468 -0.002031
v -3.532101 3.340739 -0.002031
v -3.505534 3.612555 -9.589754
v -3.556129 3.115526 -9.589754
v -2.580108 1.745536 -9.589754
v -3.443578 0.891224 8.677889
v -3.443578 -0.729784 9.309975
v -3.443578 -0.402901 9.309975
v -3.443578 0.544326 9.309975
v -3.443578 0.891224 9.020193
v -3.443578 -1.383537 9.309975
v -3.443578 0.891224 7.281883
v -3.443578 0.891224 6.478551
v -3.443578 0.891224 4.202510
v -3.739738 1.241902 -9.589754
v -3.367656 1.768166 -9.589754
v -3.247249 4.381738 -0.867732
v -3.398083 2.055595 -9.589754
v -3.275484 3.055912 -9.589754
v -2.401311 4.476320 -0.002031
v -2.401311 4.625969 -3.679171
v -2.401311 4.625969 -0.867732
v -2.401311 4.625969 -5.361427
v -2.401311 4.625969 -9.673237
v -2.401311 4.625969 -7.111700
v -3.247249 4.381738 -3.679171
v -3.247249 4.381738 -7.111700
v -3.247249 4.381738 -9.673237
v -3.247249 4.232090 -0.002031
v -3.551624 3.671988 -5.361427
v -2.401311 3.671988 -9.673237
v -3.551624 3.671988 -9.673237
v -3.551624 3.671988 -0.867732
v -3.551624 3.624781 -0.002031
v -3.505534 3.565349 -0.002031
v -1.646343 3.610273 -9.589684
v -2.408833 3.595144 -9.589754
v -1.646343 4.623687 -9.673237
v -1.735825 1.241902 -9.589754
v -1.646343 3.669706 -9.673159
v -0.904397 1.416105 4.199573
v -0.901595 1.340242 8.350807
v -0.898716 1.262312 8.628980
v -0.896753 1.209178 8.704223
v -0.893547 1.122393 8.749825
v -0.892108 1.083428 8.558296
v -0.892108 1.083428 4.199573
v -1.418752 1.376166 4.199573
v -1.409296 1.303877 8.315967
v -1.399583 1.229620 8.594139
v -1.392960 1.178989 8.669382
v -1.382143 1.096293 8.714984
v -1.377286 1.059164 8.523456
v -1.377286 1.059164 4.199573
v -1.953052 1.283824 4.199573
v -1.929086 1.216816 8.204423
v -1.904468 1.147982 8.482595
v -1.887682 1.101050 8.557838
v -1.860266 1.024394 8.603440
v -1.847957 0.989977 8.411912
v -1.847957 0.989977 4.199573
v -2.356868 1.225379 4.199573
v -2.331831 1.169330 8.026615
v -2.306110 1.111754 8.289238
v -2.288574 1.072498 8.360274
v -2.259931 1.008379 8.403326
v -2.247071 0.979591 8.222505
v -2.247071 0.979591 4.199573
v -0.903841 1.401044 5.115807
v -0.902728 1.370921 6.952764
v -1.416875 1.361814 5.115807
v -1.413120 1.333111 6.952764
v -1.948294 1.270521 5.115807
v -1.938778 1.243914 6.952764
v -2.351897 1.214252 5.110658
v -2.341956 1.191997 6.844925
v -2.984231 1.157238 4.199573
v -2.959193 1.101189 7.652394
v -2.933473 1.043613 7.866164
v -2.915936 1.004357 7.923986
v -2.887294 0.940238 7.959030
v -2.874434 0.911450 7.811844
v -2.874433 0.911450 4.199573
v -2.979260 1.146111 4.915808
v -2.969318 1.123856 6.327470
v -3.387547 1.157238 4.199573
v -3.309932 1.101189 7.283708
v -3.353951 1.043613 7.497478
v -3.377872 1.004357 7.555300
v -3.418286 0.940238 7.590344
v -3.441988 0.911450 7.443159
v -3.621600 0.911450 4.199573
v -3.397377 1.146111 4.915808
v -3.253855 1.123856 6.327470
v -0.892108 1.083428 6.813909
v -0.892108 1.083428 5.069522
v -1.377286 1.059164 6.793005
v -1.377286 1.059164 5.062553
v -1.847957 0.989977 6.726078
v -1.847957 0.989977 5.040245
v -2.247071 0.979591 6.630912
v -2.247071 0.979591 5.039320
v -2.874434 0.911450 6.371097
v -2.874434 0.911450 4.930350
v -3.441988 0.911450 6.371097
v -3.621600 0.911450 4.930350
v -1.646343 3.799317 3.073082
v -2.401311 3.799771 3.073082
v -1.646343 4.203563 1.423564
v -2.401311 4.052714 2.348420
v -2.401311 4.205505 1.423564
v -3.247249 3.962595 2.348420
v -3.247249 4.076773 1.423564
v -3.551624 3.646606 1.423564
v -3.551624 3.661454 2.348420
v -1.646343 3.667759 2.908652
v -1.646343 4.051354 2.348420
v -2.401311 3.669230 3.073082
v -3.247249 3.769703 3.073082
v -3.551624 3.669230 3.073082
v -0.069067 3.702057 2.908652
v -3.505534 3.612555 -8.801458
v -3.739738 1.068402 4.202510
v -3.687708 1.068402 4.202510
v -3.443578 1.068402 4.202510
v -3.739738 0.906855 -6.285681
v -3.739738 0.906855 -5.361427
v -3.739738 0.906855 -0.867732
v -3.739738 0.906855 -9.589754
v -3.739738 0.906855 -0.002031
v -3.739738 0.906855 0.479224
v -3.739738 0.906855 -8.481936
v -3.739738 0.906855 -4.240367
v -3.739738 0.906855 -7.111700
v -3.739738 0.906855 3.724994
v -3.739738 1.461711 4.202510
v -3.443578 1.461711 4.202510
v -3.687708 1.461711 4.202510
v -3.703971 1.619957 3.656701
v -3.534022 3.343607 0.231023
v -3.660963 2.057107 0.231023
v -3.434469 3.696892 0.292754
v -3.345340 3.723819 2.968998
v -3.346166 3.723819 2.968998
v -3.102036 3.723819 2.968998
v -1.531579 3.723819 2.968998
v -3.345340 3.714681 2.674084
v -3.108288 3.683920 2.990761
v -3.436281 3.398203 3.146248
v -3.436281 3.387995 2.784514
v -3.140121 3.398203 3.146248
v -0.069203 3.398203 3.146248
v -1.569665 3.398203 2.734363
v -3.393504 1.860493 3.999915
v -3.687840 1.733196 0.230955
v -4.040953 -0.723031 0.479224
v -4.040953 0.235948 0.510247
v -3.991219 0.770622 0.479224
v -4.040953 -0.286903 0.434243
v -4.040994 -1.947518 0.479224
v -3.783077 1.106095 0.479225
v -3.378337 1.733196 0.230955
v -3.224519 3.343607 0.231023
v -3.396817 1.574082 0.253915
v -3.561014 3.113321 0.231023
v -3.251511 3.113321 0.231023
v -0.080374 1.860493 3.999915
v -0.080374 1.860493 3.588031
v -0.067661 3.703870 2.979880
v -1.021053 3.723819 2.968998
v -1.046443 3.398203 2.734363
v -0.069203 3.398203 2.734363
v -1.569665 3.398203 3.058554
v -3.393504 1.860493 3.912221
v -1.046443 3.398203 3.058554
v -0.067524 3.723819 2.968998
v -0.082581 1.461711 4.202510
v -0.082581 0.891224 4.202510
v -0.082581 1.068402 4.202510
v -4.040953 -1.352015 0.836773
v -3.739738 1.242721 0.834140
v -3.783077 1.202500 0.836773
v -3.739738 0.906855 0.836773
v -3.394468 1.594932 0.829570
v -4.040953 -1.352015 0.479224
v -3.908885 0.235948 0.477139
v -3.908885 -0.286903 0.395066
v -3.739738 1.066693 0.479224
v -4.040953 0.229359 0.826889
v -3.991219 0.770622 0.836773
v -4.040953 -0.306233 0.783189
v -3.739738 1.066693 0.836773
v -3.783077 1.106095 0.836773
v -3.703971 1.594932 0.829570
v -4.040953 0.513111 0.836773
v -4.040953 -0.723031 0.836773
v -3.908885 0.229359 0.854705
v -3.908885 -0.305815 0.802634
v -1.864060 -0.139087 -9.589754
v -1.731063 1.679668 -9.589754
v -1.864060 -0.541363 -9.589754
v -1.841118 0.770622 -9.589754
v -4.040953 0.513111 -9.589754
v -4.040953 -1.572941 -9.533154
v -3.991219 0.770622 -9.589754
v -3.783077 1.202500 -9.589754
v -1.725112 0.906855 -9.589754
v -1.864060 -1.248721 -9.578328
v -1.745104 1.106095 -9.589754
v -1.745104 1.202500 -9.589754
v -1.864060 0.513111 -9.589754
v -1.725112 1.066693 -9.589754
v -1.864060 -1.572941 -9.533154
v -4.040953 -1.246817 -8.725171
v -4.040953 -1.246817 -6.940585
v -4.040953 -1.246817 -7.579018
v -4.058150 -2.114272 9.353916
v -4.058150 -2.114272 9.026037
v -4.058150 -1.401416 9.353916
v -4.058150 -1.401416 9.026037
v -3.746633 -1.401416 9.026037
v -3.746633 -2.114272 9.026037
v -3.746633 -1.401416 9.551347
v -3.746633 -2.114272 9.551347
v -1.915550 -0.304957 6.478551
v -1.915550 -0.176113 7.281883
v -1.915550 -0.176113 7.743737
v -1.915550 -0.723031 5.879422
v -1.915550 -0.739481 8.901962
v -1.915550 -0.441521 8.677889
v -1.915550 -1.303452 9.138710
v -1.915550 -0.182973 8.234316
v -3.441508 -0.176113 7.743737
v -3.441508 -1.303452 9.138710
v -3.441508 -0.304957 6.478551
v -3.441508 -0.176113 7.281883
v -3.441508 -0.739481 8.901962
v -3.441508 -0.441521 8.677889
v -3.692934 -1.303452 9.138710
v -3.692934 -0.176113 7.281883
v -3.692934 -0.739481 8.901962
v -3.692934 -0.441521 8.677889
v -0.642204 0.901910 8.924120
v -0.642204 0.870578 8.963242
v -0.642204 0.719295 8.963242
v -0.642204 0.696107 8.952399
v -0.642204 0.687964 8.924120
v -0.642204 0.696107 8.895841
v -0.642204 0.719295 8.884998
v -0.642204 0.893767 8.895841
v -0.729950 0.894270 8.895841
v -0.729950 0.791804 8.884998
v -0.729950 0.778186 8.895841
v -0.729950 0.880651 8.963242
v -0.729950 0.773403 8.924120
v -0.729950 0.778186 8.952399
v -0.729950 0.899052 8.924120
v -0.729950 0.791804 8.963242
v -0.916043 0.881830 8.924120
v -0.911287 0.870427 8.963242
v -0.888324 0.815369 8.963242
v -0.884804 0.806930 8.952399
v -0.883568 0.803966 8.924120
v -0.884804 0.806930 8.895841
v -0.888324 0.815369 8.884998
v -0.914807 0.878866 8.895841
v -1.022264 0.752389 8.924120
v -1.010048 0.750541 8.963242
v -0.951064 0.741622 8.963242
v -0.942023 0.740255 8.952399
v -0.938848 0.739775 8.924120
v -0.942023 0.740255 8.895841
v -0.951064 0.741622 8.884998
v -1.019089 0.751909 8.895841
v -1.028987 0.514131 8.924120
v -1.016650 0.514131 8.963242
v -0.957085 0.514131 8.963242
v -0.947954 0.514131 8.952399
v -0.944748 0.514131 8.924120
v -0.947954 0.514131 8.895841
v -0.957085 0.514131 8.884998
v -1.025781 0.514131 8.895841
v -0.939936 -0.534149 8.924120
v -0.927600 -0.534149 8.963242
v -0.868034 -0.534149 8.963242
v -0.858904 -0.534149 8.952399
v -0.855698 -0.534149 8.924120
v -0.858904 -0.534149 8.895841
v -0.868034 -0.534149 8.884998
v -0.936730 -0.534149 8.895841
v -0.914223 -0.604147 8.924120
v -0.901886 -0.604147 8.963242
v -0.842321 -0.604147 8.963242
v -0.833190 -0.604147 8.952399
v -0.829984 -0.604147 8.924120
v -0.833190 -0.604147 8.895841
v -0.842321 -0.604147 8.884998
v -0.911016 -0.604147 8.895841
v -0.808674 -0.732982 8.924120
v -0.803264 -0.721895 8.963242
v -0.777144 -0.668362 8.963242
v -0.773140 -0.660156 8.952399
v -0.771735 -0.657275 8.924120
v -0.773140 -0.660156 8.895841
v -0.777144 -0.668362 8.884998
v -0.807268 -0.730101 8.895841
v -0.651378 -0.763451 8.924120
v -0.651378 -0.751526 8.963242
v -0.651378 -0.693946 8.963242
v -0.651378 -0.685120 8.952399
v -0.651378 -0.682021 8.924120
v -0.651378 -0.685120 8.895841
v -0.651378 -0.693946 8.884998
v -0.651378 -0.760352 8.895841
v -0.981583 0.506874 8.932740
v -0.981583 0.503113 8.947513
v -0.981583 0.461231 8.947513
v -0.981583 0.457471 8.932740
v -0.981583 0.457471 8.915499
v -0.981583 0.461231 8.900726
v -0.981583 0.503113 8.900726
v -0.981583 0.506874 8.915499
v -0.957823 0.353179 8.915499
v -0.957823 0.349418 8.900726
v -0.957823 0.307536 8.900726
v -0.957823 0.303775 8.915499
v -0.957823 0.303775 8.932740
v -0.957823 0.307536 8.947513
v -0.957823 0.349418 8.947513
v -0.957823 0.353179 8.932740
v -0.921621 0.167443 8.932740
v -0.921621 0.163683 8.947513
v -0.921621 0.121801 8.947513
v -0.921621 0.118040 8.932740
v -0.921621 0.118040 8.915499
v -0.921621 0.121801 8.900726
v -0.921621 0.163683 8.900726
v -0.921621 0.167443 8.915499
v -0.921621 0.004136 8.915499
v -0.921621 0.000375 8.900726
v -0.921621 -0.041506 8.900726
v -0.921621 -0.045267 8.915499
v -0.921621 -0.045267 8.932740
v -0.921621 -0.041506 8.947513
v -0.921621 0.000375 8.947513
v -0.921621 0.004136 8.932740
v -0.901234 -0.146822 8.932740
v -0.901234 -0.150582 8.947513
v -0.901234 -0.192464 8.947513
v -0.901234 -0.196225 8.932740
v -0.901234 -0.196225 8.915499
v -0.901234 -0.192464 8.900726
v -0.901234 -0.150582 8.900726
v -0.901234 -0.146822 8.915499
v -0.877197 -0.333091 8.915499
v -0.877197 -0.336852 8.900726
v -0.877197 -0.378734 8.900726
v -0.877197 -0.382494 8.915499
v -0.877197 -0.382494 8.932740
v -0.877197 -0.378734 8.947513
v -0.877197 -0.336852 8.947513
v -0.896782 -0.502829 8.932740
v -0.896782 -0.506590 8.947513
v -0.896782 -0.548472 8.947513
v -0.896782 -0.552232 8.932740
v -0.896782 -0.552232 8.915499
v -0.896782 -0.548472 8.900726
v -0.877197 -0.333091 8.932740
v -0.896782 -0.506590 8.900726
v -0.896782 -0.502829 8.915499
v -1.720982 0.472816 8.932740
v -1.719554 0.469337 8.947513
v -1.703653 0.430591 8.947513
v -1.702226 0.427112 8.932740
v -1.702226 0.427112 8.915499
v -1.703653 0.430591 8.900726
v -1.719554 0.469337 8.900726
v -1.720982 0.472816 8.915499
v -1.814197 0.426061 8.932740
v -1.811400 0.423548 8.947513
v -1.780244 0.395558 8.947513
v -1.777446 0.393045 8.932740
v -1.777446 0.393045 8.915499
v -1.780244 0.395558 8.900726
v -1.811400 0.423548 8.900726
v -1.814197 0.426061 8.915499
v -1.858626 0.329180 8.932740
v -1.854883 0.328812 8.947513
v -1.813203 0.324707 8.947513
v -1.809460 0.324338 8.932740
v -1.809460 0.324338 8.915499
v -1.813203 0.324707 8.900726
v -1.854883 0.328812 8.900726
v -1.858626 0.329180 8.915499
v -1.753537 -0.516033 8.932740
v -1.750004 -0.514744 8.947513
v -1.710662 -0.500382 8.947513
v -1.707129 -0.499092 8.932740
v -1.707129 -0.499092 8.915499
v -1.710662 -0.500382 8.900726
v -1.750004 -0.514744 8.900726
v -1.753537 -0.516033 8.915499
v -1.699904 -0.600638 8.932740
v -1.697069 -0.598167 8.947513
v -1.665498 -0.570646 8.947513
v -1.662663 -0.568175 8.932740
v -1.662663 -0.568175 8.915499
v -1.665498 -0.570646 8.900726
v -1.697069 -0.598167 8.900726
v -1.699904 -0.600638 8.915499
v -1.588216 -0.622188 8.932740
v -1.588197 -0.618427 8.947513
v -1.587983 -0.576546 8.947513
v -1.587964 -0.572785 8.932740
v -1.587964 -0.572785 8.915499
v -1.587983 -0.576546 8.900726
v -1.588197 -0.618427 8.900726
v -1.588216 -0.622188 8.915499
v -0.911336 -0.556789 8.932740
v -0.911317 -0.553028 8.947513
v -0.911103 -0.511147 8.947513
v -0.911084 -0.507386 8.932740
v -0.911084 -0.507386 8.915499
v -0.911103 -0.511147 8.900726
v -0.911317 -0.553028 8.900726
v -0.911336 -0.556789 8.915499
v -1.646343 3.668776 3.073082
v -1.646343 3.205537 -9.589684
v -1.731063 1.679668 -9.482088
v -1.646343 3.205537 -9.482018
v 0.000000 1.075499 8.066410
v 0.000000 1.075499 8.891884
v 0.921413 1.049189 8.891884
v 0.921413 1.049189 8.066410
v 1.929859 0.917652 8.891884
v 1.929859 0.917652 8.066410
v 0.000000 -0.794609 9.235208
v 0.921413 -0.794609 9.235208
v 1.913390 -0.804361 8.871020
v 1.913390 -0.804361 8.066410
v 0.000000 -1.432729 8.580115
v 0.000000 -1.480171 9.352951
v 0.921413 -1.480171 9.352951
v 0.921413 -1.432729 8.066410
v 1.913390 -1.480171 8.839246
v 1.913390 -1.432729 8.066410
v 0.000000 -1.092559 9.449177
v 1.913390 -1.092559 8.066410
v 1.913390 -1.092559 8.935472
v 0.921413 -1.092559 9.449177
v 0.000000 -0.771855 8.886333
v 1.914534 -0.771855 8.066410
v 1.914534 -0.771855 8.886333
v 0.921413 -0.771855 8.886333
v 1.873122 0.544326 8.351145
v 1.873122 0.891224 8.351145
v 3.991219 -0.727142 9.309975
v 3.991219 -0.427986 9.309975
v 1.873122 -1.383537 8.351145
v 4.040953 0.423760 8.677889
v 3.991219 0.734263 8.677889
v 4.040953 -1.303452 9.138710
v 4.040953 -0.739481 8.901962
v 4.040953 -0.441521 8.677889
v 1.873122 0.544326 9.309975
v 1.873122 0.891224 9.020193
v 1.873122 -1.383537 9.309975
v 3.991219 0.443667 9.309975
v 3.991219 0.734263 9.020193
v 3.991219 -1.316675 9.309975
v 1.873122 -0.729784 9.309975
v 1.873122 -0.402901 9.309975
v 1.873122 -0.729784 8.351145
v 1.873122 -0.402901 8.351145
v 4.040953 -0.176113 7.281883
v 3.991219 0.770622 7.281883
v 4.040953 0.513111 7.281883
v 1.873122 0.891224 7.281883
v 1.873122 0.617673 7.281883
v 1.873122 -0.137494 7.281883
v 4.040953 -0.304957 6.478551
v 3.991219 0.770622 6.478551
v 4.040953 0.513111 6.478551
v 1.873122 0.891224 6.478551
v 1.873122 0.891224 4.227362
v 4.040953 0.513111 4.202510
v 3.991219 0.770622 4.202510
v 3.687708 0.891224 4.202510
v 1.873122 0.891224 4.202510
v 4.040953 -0.304957 4.202510
v 4.040953 -0.723031 5.879422
v 4.040953 -0.723031 4.202510
v 4.040953 -1.352015 4.202510
v 4.040953 -1.361540 5.485537
v 4.040994 -1.945613 5.218837
v 4.040994 -1.947518 4.202510
v 4.040953 0.513111 0.479224
v 4.040953 -1.352015 -0.002031
v 4.040953 0.513111 -0.002031
v 4.040953 -0.723031 -0.002031
v 3.991219 0.770622 -0.002031
v 4.040953 -0.304957 -0.002031
v 3.991219 0.770622 -4.240367
v 4.040953 0.513111 -4.240367
v 4.040953 -0.429836 -4.240367
v 4.040953 -1.352015 -3.225006
v 4.040953 -0.140738 -4.240367
v 4.040953 -0.304957 -0.867732
v 4.040994 -1.947518 -2.901123
v 4.040994 -1.947518 -0.867732
v 4.040953 -0.723031 -0.867732
v 4.040953 -1.352015 -0.867732
v 4.040953 0.513111 -0.867732
v 3.991219 0.770622 -0.867732
v 4.040953 -0.079849 -5.361427
v 3.991219 0.770622 -5.361427
v 4.040953 0.513111 -5.361427
v 4.040953 -0.304409 -5.361427
v 4.040953 -0.139087 -6.285681
v 3.991219 0.770622 -6.285681
v 4.040953 0.513111 -6.285681
v 4.040953 -0.541363 -6.285681
v 4.040953 -0.541363 -9.589754
v 4.040953 -0.541363 -8.481936
v 4.040953 -0.541363 -7.111700
v 4.040953 -0.139087 -7.111699
v 4.040953 -0.139087 -8.481936
v 4.040953 -0.139087 -9.589754
v 4.040953 0.513111 -7.111699
v 4.040953 0.513111 -8.481936
v 3.991219 0.770622 -7.111699
v 3.991219 0.770622 -8.481936
v 4.040953 -1.248721 -9.578328
v 4.040953 -1.765134 -7.239507
v 4.040953 -1.702514 -8.689520
v 4.040953 -1.907739 -7.705169
v 3.739738 1.066693 -0.002031
v 3.739738 1.066693 -0.867732
v 3.739738 1.066693 -4.240367
v 3.739738 1.066693 -5.361427
v 3.739738 1.066693 -6.285681
v 3.739738 1.066693 -9.589754
v 3.739738 1.066693 -8.481936
v 3.739738 1.066693 -7.111700
v 3.739738 1.242465 0.477299
v 3.739738 1.241902 -0.002031
v 3.739738 1.241902 -0.867732
v 3.739738 1.241902 -4.240367
v 1.646343 4.623687 -7.111700
v 3.739738 1.241902 -5.361427
v 3.739738 1.241902 -6.285681
v 3.739738 1.241902 -8.481936
v 3.739738 1.241902 -7.111700
v 3.991219 0.770622 3.724994
v 4.040953 -0.304957 3.724994
v 4.040994 -1.947518 3.724994
v 4.040953 -1.352015 3.724994
v 4.040953 0.513111 3.724994
v 4.040953 -0.723031 3.724994
v 3.739738 1.066693 3.724994
v 3.739738 1.241902 3.724994
v 3.783077 1.106095 -0.002031
v 3.783077 1.106095 -0.867732
v 3.783077 1.106095 -4.240367
v 3.783077 1.106095 -5.361427
v 3.783077 1.106095 -6.285681
v 3.783077 1.106095 -9.589754
v 3.783077 1.106095 -8.481936
v 3.783077 1.106095 -7.111700
v 3.783077 1.202500 0.479225
v 3.783077 1.202500 -0.002031
v 3.783077 1.202500 -4.240367
v 3.783077 1.202500 -0.867732
v 3.783077 1.202500 -5.361427
v 3.783077 1.202500 -6.285681
v 3.783077 1.202500 -8.481936
v 3.783077 1.202500 -7.111700
v 3.783077 1.106095 3.724994
v 3.783077 1.202500 3.724994
v 3.687708 0.891224 8.677889
v 3.687708 -0.729784 9.309975
v 0.000000 -0.723031 5.879422
v 3.687708 -0.402901 9.309975
v 3.687708 0.544326 9.309975
v 3.687708 0.891224 9.020193
v 3.687708 -1.383537 9.309975
v 3.687708 0.891224 7.281883
v 3.687708 0.891224 6.478551
v 1.646343 4.623687 -5.361427
v 3.663059 2.120018 -5.440868
v 3.556129 3.083968 -5.396929
v 1.646343 4.623687 -0.867733
v 1.646343 4.623687 -3.679171
v 3.503028 3.639917 -0.867732
v 3.505534 3.612555 -9.589754
v 3.556129 3.036084 -8.388798
v 1.646343 4.474038 -0.002031
v 3.663059 2.057012 -7.111700
v 3.663059 2.085413 -1.205212
v 3.556129 3.101326 -1.181545
v 2.401311 4.381738 -9.673237
v 3.663059 2.057012 -6.285681
v 3.247249 4.381738 -5.361427
v 1.646343 4.379456 -9.673237
v 3.663059 2.057013 -9.589754
v 3.663059 2.057012 -0.002031
v 3.557692 3.113468 -0.002031
v 3.532101 3.340739 -0.002031
v 3.556129 3.087125 -4.197766
v 3.556129 3.115526 -9.589754
v 0.000000 -0.304957 6.478551
v 2.466410 3.252439 -9.589754
v 3.443578 0.891224 8.677889
v 3.443578 -0.729784 9.309975
v 3.443578 -0.402901 9.309975
v 3.443578 0.544326 9.309975
v 3.443578 0.891224 9.020193
v 0.000000 -0.176113 7.281883
v 3.443578 -1.383537 9.309975
v 3.443578 0.891224 7.281883
v 3.443578 0.891224 6.478551
v 3.443578 0.891224 4.202510
v 3.739738 1.241902 -9.589754
v 3.247249 4.381738 -0.867732
v 3.275484 3.055912 -9.589754
v 3.251025 3.252439 -9.589754
v 0.000000 -0.176113 7.743737
v 2.401311 4.476320 -0.002031
v 2.401311 4.625969 -3.679171
v 2.401311 4.625969 -0.867732
v 2.401311 4.625969 -5.361427
v 2.401311 4.625969 -9.673237
v 2.401311 4.625969 -7.111700
v 3.247249 4.381738 -3.679171
v 3.247249 4.381738 -7.111700
v 3.247249 4.381738 -9.673237
v 3.247249 4.232090 -0.002031
v 3.551624 3.671988 -5.361427
v 2.401311 3.671988 -9.673237
v 3.551624 3.671988 -9.673237
v 3.551624 3.671988 -0.867732
v 3.551624 3.624781 -0.002031
v 3.505534 3.612555 -5.361427
v 3.505534 3.565349 -0.002031
v 1.646343 3.610273 -9.589684
v 2.408833 3.595144 -9.589754
v 0.000000 4.379456 -9.673237
v 0.000000 3.760067 -9.673159
v 0.000000 3.700635 -9.589684
v 1.646343 4.623687 -9.673237
v 1.735825 1.241902 -9.589754
v 1.646343 3.669706 -9.673159
v 0.000000 1.448643 4.199573
v 0.000000 1.371888 8.374602
v 0.000000 1.293042 8.652775
v 0.000000 1.239284 8.728018
v 0.000000 1.151478 8.773620
v 0.000000 1.112055 8.582091
v 0.000000 1.112055 4.199573
v 0.904397 1.416105 4.199573
v 0.901595 1.340242 8.350807
v 0.898716 1.262312 8.628980
v 0.896753 1.209178 8.704223
v 0.893547 1.122393 8.749825
v 0.892108 1.083428 8.558296
v 0.892108 1.083428 4.199573
v 1.418752 1.376166 4.199573
v 1.409296 1.303877 8.315967
v 1.399583 1.229620 8.594139
v 1.392960 1.178989 8.669382
v 1.382143 1.096293 8.714984
v 1.377286 1.059164 8.523456
v 1.377286 1.059164 4.199573
v 1.953052 1.283824 4.199573
v 1.929086 1.216816 8.204423
v 1.904468 1.147982 8.482595
v 1.887682 1.101050 8.557838
v 1.860266 1.024394 8.603440
v 1.847957 0.989977 8.411912
v 1.847957 0.989977 4.199573
v 2.356868 1.225379 4.199573
v 2.331831 1.169330 8.026615
v 2.306110 1.111754 8.289238
v 2.288574 1.072498 8.360274
v 2.259931 1.008379 8.403326
v 2.247071 0.979591 8.222505
v 2.247071 0.979591 4.199573
v 0.000000 1.402928 6.952764
v 0.000000 1.433404 5.115807
v 0.903841 1.401044 5.115807
v 0.902728 1.370921 6.952764
v 1.416875 1.361814 5.115807
v 1.413120 1.333111 6.952764
v 1.948294 1.270521 5.115807
v 1.938778 1.243914 6.952764
v 2.351897 1.214252 5.110658
v 2.341956 1.191997 6.844925
v 2.984231 1.157238 4.199573
v 2.959193 1.101189 7.652394
v 2.933473 1.043613 7.866164
v 2.915936 1.004357 7.923986
v 2.887294 0.940238 7.959030
v 2.874434 0.911450 7.811844
v 2.874433 0.911450 4.199573
v 2.979260 1.146111 4.915808
v 2.969318 1.123856 6.327470
v 3.387547 1.157238 4.199573
v 3.309932 1.101189 7.283708
v 3.353951 1.043613 7.497478
v 3.377872 1.004357 7.555300
v 3.418286 0.940238 7.590344
v 3.441988 0.911450 7.443159
v 3.621600 0.911450 4.199573
v 3.397377 1.146111 4.915808
v 3.253855 1.123856 6.327470
v 0.000000 1.112055 5.074281
v 0.000000 1.112055 6.828186
v 0.892108 1.083428 6.813909
v 0.892108 1.083428 5.069522
v 1.377286 1.059164 6.793005
v 1.377286 1.059164 5.062553
v 1.847957 0.989977 6.726078
v 1.847957 0.989977 5.040245
v 2.247071 0.979591 6.630912
v 2.247071 0.979591 5.039320
v 2.874434 0.911450 6.371097
v 2.874434 0.911450 4.930350
v 3.441988 0.911450 6.371097
v 3.621600 0.911450 4.930350
v 1.646343 3.799317 3.073082
v 2.401311 3.799771 3.073082
v 0.000000 3.799317 3.073082
v 1.646343 4.203563 1.423564
v 2.401311 4.052714 2.348420
v 2.401311 4.205505 1.423564
v 3.247249 3.962595 2.348420
v 3.247249 4.076773 1.423564
v 3.551624 3.646606 1.423564
v 3.551624 3.661454 2.348420
v 1.646343 3.667759 2.908652
v 0.000000 3.702057 2.908652
v 1.646343 4.051354 2.348420
v 0.000000 3.686740 3.073082
v 2.401311 3.669230 3.073082
v 3.247249 3.769703 3.073082
v 3.551624 3.669230 3.073082
v 0.000000 4.474038 -0.002031
v 0.000000 4.623687 -0.867733
v 0.000000 4.623687 -5.361427
v 0.000000 4.623687 -7.111700
v 0.000000 4.623687 -3.679171
v 0.000000 4.623687 -9.673237
v 0.000000 4.203563 1.423564
v 0.000000 4.051354 2.348420
v 0.069067 3.702057 2.908652
v 3.505534 3.612555 -8.801458
v 3.739738 1.068402 4.202510
v 3.687708 1.068402 4.202510
v 3.443578 1.068402 4.202510
v 3.739738 0.906855 -6.285681
v 3.739738 0.906855 -5.361427
v 3.739738 0.906855 -0.867732
v 3.739738 0.906855 -9.589754
v 3.739738 0.906855 -0.002031
v 3.739738 0.906855 0.479224
v 3.739738 0.906855 -8.481936
v 3.739738 0.906855 -4.240367
v 3.739738 0.906855 -7.111700
v 3.739738 0.906855 3.724994
v 0.000000 -0.182973 8.234316
v 3.739738 1.461711 4.202510
v 3.443578 1.461711 4.202510
v 3.687708 1.461711 4.202510
v 3.703971 1.619957 3.656701
v 3.534022 3.343607 0.231023
v 3.660963 2.057107 0.231023
v 3.434469 3.696892 0.292754
v 3.345340 3.723819 2.968998
v 3.346166 3.723819 2.968998
v 3.102036 3.723819 2.968998
v 1.531579 3.723819 2.968998
v 3.345340 3.714681 2.674084
v 3.108288 3.683920 2.990761
v 3.436281 3.398203 3.146248
v 3.436281 3.387995 2.784514
v 3.140121 3.398203 3.146248
v 0.069203 3.398203 3.146248
v 1.569665 3.398203 2.734363
v 3.393504 1.860493 3.999915
v 3.687840 1.733196 0.230955
v 4.040953 -0.723031 0.479224
v 4.040953 0.235948 0.510247
v 3.991219 0.770622 0.479224
v 4.040953 -0.286903 0.434243
v 3.783077 1.106095 0.479225
v 3.224519 3.343607 0.231023
v 3.396817 1.574082 0.253915
v 3.561014 3.113321 0.231023
v 3.251511 3.113321 0.231023
v 0.000000 0.891224 4.202510
v 0.000000 1.068402 4.202510
v 0.000000 1.461711 4.202510
v 0.000000 3.723819 2.968998
v 0.000000 3.703870 2.979880
v 0.000000 3.398203 3.146248
v 0.000000 1.860493 3.588031
v 0.000000 3.398203 2.734363
v 0.000000 1.860493 3.999915
v 0.080374 1.860493 3.999915
v 0.080374 1.860493 3.588031
v 0.067661 3.703870 2.979880
v 1.021053 3.723819 2.968998
v 1.046443 3.398203 2.734363
v 0.069203 3.398203 2.734363
v 1.569665 3.398203 3.058554
v 3.393504 1.860493 3.912221
v 0.000000 1.860493 3.912221
v 0.000000 3.398203 3.058554
v 1.046443 3.398203 3.058554
v 0.069203 3.398203 3.058554
v 0.067524 3.723819 2.968998
v 0.082581 1.461711 4.202510
v 0.082581 0.891224 4.202510
v 0.082581 1.068402 4.202510
v 0.080374 1.860493 3.912221
v 4.040953 -1.352015 0.836773
v 4.040994 -1.947518 0.479224
v 3.739738 1.242721 0.834140
v 3.783077 1.202500 0.836773
v 3.739738 0.906855 0.836773
v 4.040953 -1.352015 0.479224
v 3.908885 -0.286903 0.395066
v 3.739738 1.066693 0.479224
v 3.908885 0.235948 0.477139
v 4.040953 0.229359 0.826889
v 3.991219 0.770622 0.836773
v 4.040953 -0.306233 0.783189
v 3.739738 1.066693 0.836773
v 3.783077 1.106095 0.836773
v 3.703971 1.594932 0.829570
v 4.040953 0.513111 0.836773
v 4.040953 -0.723031 0.836773
v 3.908885 0.229359 0.854705
v 3.908885 -0.305815 0.802634
v 0.000000 -1.947518 4.202510
v 0.000000 -1.947518 0.479224
v 0.000000 -1.352015 -3.225006
v 0.000000 -1.947518 -2.901123
v 0.000000 -1.947518 -0.867732
v 0.000000 -0.429836 -4.240367
v 0.000000 -0.304409 -5.361427
v 0.000000 -0.541363 -6.285681
v 0.000000 -1.246817 -6.940585
v 0.000000 -1.765134 -7.239507
v 0.000000 -1.702514 -8.689520
v 0.000000 -1.907739 -7.705169
v 0.000000 -1.947518 3.724994
v 0.000000 0.770622 -9.589754
v 0.000000 -0.541363 -9.589754
v 0.000000 1.106095 -9.589754
v 0.000000 1.202500 -9.589754
v 0.000000 0.906855 -9.589754
v 1.864060 -0.139087 -9.589754
v 0.000000 1.679668 -9.589754
v 1.731063 1.679668 -9.589754
v 1.864060 -0.541363 -9.589754
v 1.841118 0.770622 -9.589754
v 4.040953 0.513111 -9.589754
v 4.040953 -1.572941 -9.533154
v 3.991219 0.770622 -9.589754
v 3.783077 1.202500 -9.589754
v 0.000000 -1.572941 -9.533154
v 0.000000 -1.248721 -9.578328
v 0.000000 0.513111 -9.589754
v 0.000000 1.066693 -9.589754
v 0.000000 -0.139087 -9.589754
v 1.725112 0.906855 -9.589754
v 1.864060 -1.248721 -9.578328
v 1.745104 1.106095 -9.589754
v 1.745104 1.202500 -9.589754
v 0.000000 1.241902 -9.589754
v 1.864060 0.513111 -9.589754
v 1.725112 1.066693 -9.589754
v 1.864060 -1.572941 -9.533154
v 4.040953 -1.246817 -8.725171
v 4.040953 -1.246817 -6.940585
v 4.040953 -1.246817 -7.579018
v 0.000000 -1.361540 5.485537
v 0.000000 -1.945613 5.218837
v 4.058150 -2.114272 9.353916
v 4.058150 -2.114272 9.026037
v 0.000000 -2.114272 9.026037
v 0.000000 -2.114272 9.551347
v 4.058150 -1.401416 9.353916
v 4.058150 -1.401416 9.026037
v 0.000000 -1.401416 9.026037
v 0.000000 -1.401416 9.551347
v 3.746633 -1.401416 9.026037
v 3.746633 -2.114272 9.026037
v 3.746633 -1.401416 9.551347
v 3.746633 -2.114272 9.551347
v 1.915550 -0.304957 6.478551
v 1.915550 -0.176113 7.281883
v 1.915550 -0.176113 7.743737
v 1.915550 -0.723031 5.879422
v 1.915550 -0.739481 8.901962
v 1.915550 -0.441521 8.677889
v 1.915550 -1.303452 9.138710
v 1.915550 -0.182973 8.234316
v 3.441508 -0.176113 7.743737
v 3.441508 -1.303452 9.138710
v 3.441508 -0.304957 6.478551
v 3.441508 -0.176113 7.281883
v 3.441508 -0.739481 8.901962
v 3.441508 -0.441521 8.677889
v 3.692934 -1.303452 9.138710
v 3.692934 -0.176113 7.281883
v 3.692934 -0.739481 8.901962
v 3.692934 -0.441521 8.677889
v 0.000000 0.901910 8.924120
v 0.000000 0.870578 8.963242
v 0.000000 0.719295 8.963242
v 0.000000 0.696107 8.952399
v 0.000000 0.687964 8.924120
v 0.000000 0.696107 8.895841
v 0.000000 0.719295 8.884998
v 0.000000 0.893767 8.895841
v 0.642204 0.901910 8.924120
v 0.642204 0.870578 8.963242
v 0.642204 0.719295 8.963242
v 0.642204 0.696107 8.952399
v 0.642204 0.687964 8.924120
v 0.642204 0.696107 8.895841
v 0.642204 0.719295 8.884998
v 0.642204 0.893767 8.895841
v 0.729950 0.894270 8.895841
v 0.729950 0.791804 8.884998
v 0.729950 0.778186 8.895841
v 0.729950 0.880651 8.963242
v 0.729950 0.773403 8.924120
v 0.729950 0.778186 8.952399
v 0.729950 0.899052 8.924120
v 0.729950 0.791804 8.963242
v 0.916043 0.881830 8.924120
v 0.911287 0.870427 8.963242
v 0.888324 0.815369 8.963242
v 0.884804 0.806930 8.952399
v 0.883568 0.803966 8.924120
v 0.884804 0.806930 8.895841
v 0.888324 0.815369 8.884998
v 0.914807 0.878866 8.895841
v 1.022264 0.752389 8.924120
v 1.010048 0.750541 8.963242
v 0.951064 0.741622 8.963242
v 0.942023 0.740255 8.952399
v 0.938848 0.739775 8.924120
v 0.942023 0.740255 8.895841
v 0.951064 0.741622 8.884998
v 1.019089 0.751909 8.895841
v 1.028987 0.514131 8.924120
v 1.016650 0.514131 8.963242
v 0.957085 0.514131 8.963242
v 0.947954 0.514131 8.952399
v 0.944748 0.514131 8.924120
v 0.947954 0.514131 8.895841
v 0.957085 0.514131 8.884998
v 1.025781 0.514131 8.895841
v 0.939936 -0.534149 8.924120
v 0.927600 -0.534149 8.963242
v 0.868034 -0.534149 8.963242
v 0.858904 -0.534149 8.952399
v 0.855698 -0.534149 8.924120
v 0.858904 -0.534149 8.895841
v 0.868034 -0.534149 8.884998
v 0.936730 -0.534149 8.895841
v 0.914223 -0.604147 8.924120
v 0.901886 -0.604147 8.963242
v 0.842321 -0.604147 8.963242
v 0.833190 -0.604147 8.952399
v 0.829984 -0.604147 8.924120
v 0.833190 -0.604147 8.895841
v 0.842321 -0.604147 8.884998
v 0.911016 -0.604147 8.895841
v 0.808674 -0.732982 8.924120
v 0.803264 -0.721895 8.963242
v 0.777144 -0.668362 8.963242
v 0.773140 -0.660156 8.952399
v 0.771735 -0.657275 8.924120
v 0.773140 -0.660156 8.895841
v 0.777144 -0.668362 8.884998
v 0.807268 -0.730101 8.895841
v 0.651378 -0.763451 8.924120
v 0.651378 -0.751526 8.963242
v 0.651378 -0.693946 8.963242
v 0.651378 -0.685120 8.952399
v 0.651378 -0.682021 8.924120
v 0.651378 -0.685120 8.895841
v 0.651378 -0.693946 8.884998
v 0.651378 -0.760352 8.895841
v 0.000000 -0.763451 8.924120
v 0.000000 -0.751526 8.963242
v 0.000000 -0.693946 8.963242
v 0.000000 -0.685120 8.952399
v 0.000000 -0.682021 8.924120
v 0.000000 -0.685120 8.895841
v 0.000000 -0.693946 8.884998
v 0.000000 -0.760352 8.895841
v 0.000000 0.563341 8.932740
v 0.000000 0.559580 8.947513
v 0.000000 0.517698 8.947513
v 0.000000 0.513938 8.932740
v 0.000000 0.513938 8.915499
v 0.000000 0.517698 8.900726
v 0.000000 0.559580 8.900726
v 0.000000 0.563341 8.915499
v 0.981583 0.506874 8.932740
v 0.981583 0.503113 8.947513
v 0.981583 0.461231 8.947513
v 0.981583 0.457471 8.932740
v 0.981583 0.457471 8.915499
v 0.981583 0.461231 8.900726
v 0.981583 0.503113 8.900726
v 0.981583 0.506874 8.915499
v 0.957823 0.353179 8.915499
v 0.957823 0.349418 8.900726
v 0.957823 0.307536 8.900726
v 0.957823 0.303775 8.915499
v 0.957823 0.303775 8.932740
v 0.957823 0.307536 8.947513
v 0.957823 0.349418 8.947513
v 0.957823 0.353179 8.932740
v 0.000000 0.358631 8.915499
v 0.000000 0.354870 8.900726
v 0.000000 0.312988 8.900726
v 0.000000 0.309228 8.915499
v 0.000000 0.309228 8.932740
v 0.000000 0.312988 8.947513
v 0.000000 0.354870 8.947513
v 0.000000 0.358631 8.932740
v 0.000000 0.172895 8.932740
v 0.000000 0.169135 8.947513
v 0.000000 0.127253 8.947513
v 0.000000 0.123492 8.932740
v 0.000000 0.123492 8.915499
v 0.000000 0.127253 8.900726
v 0.000000 0.169135 8.900726
v 0.000000 0.172895 8.915499
v 0.921621 0.167443 8.932740
v 0.921621 0.163683 8.947513
v 0.921621 0.121801 8.947513
v 0.921621 0.118040 8.932740
v 0.921621 0.118040 8.915499
v 0.921621 0.121801 8.900726
v 0.921621 0.163683 8.900726
v 0.921621 0.167443 8.915499
v 0.921621 0.004136 8.915499
v 0.921621 0.000375 8.900726
v 0.921621 -0.041506 8.900726
v 0.921621 -0.045267 8.915499
v 0.921621 -0.045267 8.932740
v 0.921621 -0.041506 8.947513
v 0.921621 0.000375 8.947513
v 0.921621 0.004136 8.932740
v 0.000000 0.009588 8.915499
v 0.000000 0.005828 8.900726
v 0.000000 -0.036054 8.900726
v 0.000000 -0.039815 8.915499
v 0.000000 -0.039815 8.932740
v 0.000000 -0.036054 8.947513
v 0.000000 0.005828 8.947513
v 0.000000 0.009588 8.932740
v 0.000000 -0.141370 8.932740
v 0.000000 -0.145130 8.947513
v 0.000000 -0.187012 8.947513
v 0.000000 -0.190773 8.932740
v 0.000000 -0.190773 8.915499
v 0.000000 -0.187012 8.900726
v 0.000000 -0.145130 8.900726
v 0.000000 -0.141370 8.915499
v 0.901234 -0.146822 8.932740
v 0.901234 -0.150582 8.947513
v 0.901234 -0.192464 8.947513
v 0.901234 -0.196225 8.932740
v 0.901234 -0.196225 8.915499
v 0.901234 -0.192464 8.900726
v 0.901234 -0.150582 8.900726
v 0.901234 -0.146822 8.915499
v 0.000000 -0.497377 8.932740
v 0.000000 -0.501138 8.947513
v 0.000000 -0.543020 8.947513
v 0.000000 -0.546780 8.932740
v 0.000000 -0.546780 8.915499
v 0.000000 -0.543020 8.900726
v 0.877197 -0.333091 8.915499
v 0.877197 -0.336852 8.900726
v 0.877197 -0.378734 8.900726
v 0.877197 -0.382494 8.915499
v 0.877197 -0.382494 8.932740
v 0.877197 -0.378734 8.947513
v 0.877197 -0.336852 8.947513
v 0.000000 -0.501138 8.900726
v 0.000000 -0.497377 8.915499
v 0.896782 -0.502829 8.932740
v 0.896782 -0.506590 8.947513
v 0.896782 -0.548472 8.947513
v 0.896782 -0.552232 8.932740
v 0.896782 -0.552232 8.915499
v 0.896782 -0.548472 8.900726
v 0.877197 -0.333091 8.932740
v 0.000000 -0.327639 8.915499
v 0.000000 -0.331400 8.900726
v 0.000000 -0.373282 8.900726
v 0.000000 -0.377042 8.915499
v 0.000000 -0.377042 8.932740
v 0.000000 -0.373282 8.947513
v 0.000000 -0.331400 8.947513
v 0.000000 -0.327639 8.932740
v 0.896782 -0.506590 8.900726
v 0.896782 -0.502829 8.915499
v 1.720982 0.472816 8.932740
v 1.719554 0.469337 8.947513
v 1.703653 0.430591 8.947513
v 1.702226 0.427112 8.932740
v 1.702226 0.427112 8.915499
v 1.703653 0.430591 8.900726
v 1.719554 0.469337 8.900726
v 1.720982 0.472816 8.915499
v 1.814197 0.426061 8.932740
v 1.811400 0.423548 8.947513
v 1.780244 0.395558 8.947513
v 1.777446 0.393045 8.932740
v 1.777446 0.393045 8.915499
v 1.780244 0.395558 8.900726
v 1.811400 0.423548 8.900726
v 1.814197 0.426061 8.915499
v 1.858626 0.329180 8.932740
v 1.854883 0.328812 8.947513
v 1.813203 0.324707 8.947513
v 1.809460 0.324338 8.932740
v 1.809460 0.324338 8.915499
v 1.813203 0.324707 8.900726
v 1.854883 0.328812 8.900726
v 1.858626 0.329180 8.915499
v 1.753537 -0.516033 8.932740
v 1.750004 -0.514744 8.947513
v 1.710662 -0.500382 8.947513
v 1.707129 -0.499092 8.932740
v 1.707129 -0.499092 8.915499
v 1.710662 -0.500382 8.900726
v 1.750004 -0.514744 8.900726
v 1.753537 -0.516033 8.915499
v 1.699904 -0.600638 8.932740
v 1.697069 -0.598167 8.947513
v 1.665498 -0.570646 8.947513
v 1.662663 -0.568175 8.932740
v 1.662663 -0.568175 8.915499
v 1.665498 -0.570646 8.900726
v 1.697069 -0.598167 8.900726
v 1.699904 -0.600638 8.915499
v 1.588216 -0.622188 8.932740
v 1.588197 -0.618427 8.947513
v 1.587983 -0.576546 8.947513
v 1.587964 -0.572785 8.932740
v 1.587964 -0.572785 8.915499
v 1.587983 -0.576546 8.900726
v 1.588197 -0.618427 8.900726
v 1.588216 -0.622188 8.915499
v 0.911336 -0.556789 8.932740
v 0.911317 -0.553028 8.947513
v 0.911103 -0.511147 8.947513
v 0.911084 -0.507386 8.932740
v 0.911084 -0.507386 8.915499
v 0.911103 -0.511147 8.900726
v 0.911317 -0.553028 8.900726
v 0.911336 -0.556789 8.915499
v 1.646343 3.668776 3.073082
v 1.646343 3.205537 -9.589684
v 1.646343 3.610273 -9.482018
v 0.000000 1.679668 -9.482088
v 1.646343 3.205537 -9.482018
v 3.807240 -0.073943 -9.558902
v 3.668545 0.033309 -9.744246
v 3.636003 -0.023056 -9.700760
v 3.630159 0.099796 -9.744246
v 3.614259 -0.060718 -9.635674
v 3.483294 0.502636 -9.635812
v 3.606624 -0.073943 -9.558902
v 3.521586 0.099796 -9.635674
v 3.565074 0.099796 -9.700760
v 3.506315 0.099796 -9.558902
v 3.668545 0.166283 -9.744246
v 3.567920 0.329739 -9.559411
v 3.575518 0.342900 -9.635812
v 3.597157 0.380379 -9.700581
v 3.629541 0.436471 -9.743857
v 3.636003 0.222648 -9.700760
v 3.614259 0.260310 -9.635674
v 3.606624 0.273535 -9.558902
v 3.706932 0.099796 -9.759519
v 3.767564 0.329739 -9.559411
v 3.759965 0.342900 -9.635812
v 3.738326 0.380379 -9.700581
v 3.705942 0.436471 -9.743857
v 3.745318 0.166283 -9.744246
v 3.777860 0.222648 -9.700760
v 3.799605 0.260310 -9.635674
v 3.867385 0.502636 -9.559411
v 3.852189 0.502636 -9.635812
v 3.808911 0.502636 -9.700581
v 3.744142 0.502636 -9.743857
v 3.807240 0.273535 -9.558902
v 3.783705 0.099796 -9.744246
v 3.848789 0.099796 -9.700760
v 3.767564 0.675532 -9.559411
v 3.759965 0.662371 -9.635812
v 3.738326 0.624892 -9.700581
v 3.705942 0.568800 -9.743857
v 3.304695 -0.884449 9.285173
v 3.453299 -0.769534 9.483762
v 3.488167 -0.829926 9.437166
v 3.494428 -0.698297 9.483762
v 3.511464 -0.870279 9.367432
v 3.593724 0.056069 9.367432
v 3.519645 -0.884449 9.285173
v 3.610759 -0.698297 9.367432
v 3.591341 0.502636 -9.743857
v 3.526572 0.502636 -9.700581
v 3.564163 -0.698297 9.437166
v 3.627120 -0.698297 9.285173
v 3.453299 -0.627059 9.483762
v 3.502611 -0.130083 9.285173
v 3.494430 -0.115913 9.367432
v 3.471133 -0.075561 9.437166
v 3.436265 -0.015168 9.483762
v 3.468097 0.502636 -9.559411
v 3.488167 -0.566667 9.437166
v 3.511464 -0.526314 9.367432
v 3.519645 -0.512144 9.285173
v 3.412170 -0.698297 9.500124
v 3.287661 -0.130083 9.285173
v 3.295842 -0.115913 9.367432
v 3.319140 -0.075561 9.437166
v 3.354007 -0.015168 9.483762
v 3.799605 -0.060718 -9.635674
v 3.777860 -0.023056 -9.700760
v 3.371041 -0.627059 9.483762
v 3.336174 -0.566667 9.437166
v 3.312876 -0.526314 9.367432
v 3.180186 0.056069 9.285173
v 3.196548 0.056069 9.367432
v 3.243143 0.056069 9.437166
v 3.312878 0.056069 9.483762
v 3.629541 0.568800 -9.743857
v 3.597157 0.624892 -9.700581
v 3.304695 -0.512144 9.285173
v 3.329912 -0.698297 9.483762
v 3.260177 -0.698297 9.437166
v 3.287661 0.242221 9.285173
v 3.295842 0.228052 9.367432
v 3.319140 0.187699 9.437166
v 3.354007 0.127307 9.483762
v 3.395136 0.056069 9.500124
v 3.575518 0.662371 -9.635812
v 3.213582 -0.698297 9.367432
v 3.197220 -0.698297 9.285173
v 3.371041 -0.769534 9.483762
v 3.502611 0.242221 9.285173
v 3.494430 0.228052 9.367432
v 3.471133 0.187699 9.437166
v 3.436265 0.127307 9.483762
v 3.567920 0.675532 -9.559411
v 3.745318 0.033309 -9.744246
v 3.336174 -0.829926 9.437166
v 3.312876 -0.870279 9.367432
v 3.907548 0.099796 -9.558902
v 3.610086 0.056069 9.285173
v 3.892277 0.099796 -9.635674
v 3.547129 0.056069 9.437166
v 3.477394 0.056069 9.483762
v 3.667742 0.502636 -9.759055
v 3.044440 -0.318686 9.233073
v 2.974004 0.119243 9.233073
v 2.532263 0.189071 9.233073
v 2.090522 0.119243 9.233073
v 2.020086 -0.318686 9.233073
v 2.090522 -0.756615 9.233073
v 2.532263 -0.826443 9.233073
v 2.974005 -0.756615 9.233073
v 3.044440 -0.318686 9.424363
v 2.974004 0.119243 9.424363
v 2.532263 0.189071 9.424363
v 2.090522 0.119243 9.424363
v 2.020086 -0.318686 9.424363
v 2.090522 -0.756615 9.424363
v 2.532263 -0.826443 9.424363
v 2.974005 -0.756615 9.424363
v 2.962365 -0.318686 9.424363
v 2.836391 -0.622814 9.318480
v 2.759991 -0.546414 9.362308
v 2.655508 -0.441931 9.391592
v 2.836391 -0.014558 9.424363
v 2.532263 -0.748788 9.318480
v 2.532263 -0.640742 9.362308
v 2.532263 -0.492981 9.391592
v 2.532263 0.111416 9.424363
v 2.228135 -0.622814 9.318480
v 2.304536 -0.546414 9.362308
v 2.409018 -0.441932 9.391592
v 2.228135 -0.014558 9.424363
v 2.102161 -0.318686 9.318480
v 2.210207 -0.318686 9.362308
v 2.357968 -0.318686 9.391592
v 2.102161 -0.318686 9.424363
v 2.228135 -0.014558 9.318480
v 2.304535 -0.090959 9.362308
v 2.409018 -0.195441 9.391592
v 2.532263 -0.318686 9.401875
v 2.228135 -0.622814 9.424363
v 2.532263 0.111416 9.318480
v 2.532263 0.003369 9.362308
v 2.532263 -0.144391 9.391592
v 2.532263 -0.748788 9.424363
v 2.836391 -0.014558 9.318480
v 2.759990 -0.090959 9.362308
v 2.655508 -0.195441 9.391592
v 2.836391 -0.622814 9.424363
v 2.962365 -0.318686 9.318480
v 2.854318 -0.318686 9.362308
v 2.706558 -0.318686 9.391592
vt 0.978727 0.009135
vt 0.000000 0.000000
vt 0.000000 0.222871
vt 0.619928 0.148301
vt 0.618306 0.155325
vt 0.611094 0.154047
vt 0.612343 0.146996
vt 0.623280 0.127580
vt 0.614168 0.129488
vt 0.611352 0.122342
vt 0.618724 0.119489
vt 0.827475 0.312077
vt 0.834254 0.308830
vt 0.838563 0.317299
vt 0.830150 0.319219
vt 0.650914 0.140809
vt 0.642546 0.156946
vt 0.635669 0.153356
vt 0.644078 0.137241
vt 0.629208 0.150888
vt 0.637543 0.129995
vt 0.604871 0.146218
vt 0.606741 0.128714
vt 0.633501 0.159801
vt 0.627081 0.157642
vt 0.645954 0.126284
vt 0.650527 0.132720
vt 0.853263 0.298618
vt 0.850461 0.306492
vt 0.843714 0.300832
vt 0.847433 0.295635
vt 0.636887 0.123105
vt 0.627326 0.120822
vt 0.629028 0.113700
vt 0.638588 0.115983
vt 0.853721 0.315642
vt 0.845151 0.321945
vt 0.822538 0.321514
vt 0.820256 0.314546
vt 0.850149 0.289418
vt 0.856129 0.292030
vt 0.864338 0.301780
vt 0.862673 0.308374
vt 0.855325 0.306460
vt 0.857038 0.299879
vt 0.831123 0.323269
vt 0.823671 0.325427
vt 0.829946 0.302226
vt 0.823998 0.305634
vt 0.838497 0.295697
vt 0.842430 0.291363
vt 0.838096 0.321934
vt 0.843714 0.324515
vt 0.857829 0.314335
vt 0.839544 0.329498
vt 0.832561 0.330783
vt 0.859558 0.293399
vt 0.643987 0.120633
vt 0.622706 0.116216
vt 0.587836 0.136091
vt 0.588766 0.116580
vt 0.597094 0.116977
vt 0.596112 0.136486
vt 0.577911 0.138786
vt 0.591384 0.143763
vt 0.583466 0.147366
vt 0.908869 0.419230
vt 0.912010 0.426457
vt 0.899234 0.428401
vt 0.899173 0.421338
vt 0.545913 0.128145
vt 0.552450 0.108552
vt 0.560805 0.111364
vt 0.554217 0.130940
vt 0.562993 0.103224
vt 0.571102 0.105404
vt 0.569269 0.113675
vt 0.893914 0.421038
vt 0.892895 0.426158
vt 0.887434 0.424623
vt 0.888743 0.419730
vt 0.918397 0.412900
vt 0.922114 0.417435
vt 0.917175 0.421509
vt 0.913681 0.416765
vt 0.561988 0.137366
vt 0.553657 0.142325
vt 0.548210 0.136337
vt 0.924276 0.419925
vt 0.919611 0.424044
vt 0.910298 0.434143
vt 0.901557 0.434465
vt 0.924490 0.428565
vt 0.920447 0.432992
vt 0.915536 0.428441
vt 0.891866 0.429083
vt 0.886556 0.427411
vt 0.896880 0.431236
vt 0.899463 0.435513
vt 0.913757 0.435072
vt 0.894546 0.436674
vt 0.889547 0.434486
vt 0.898581 0.415405
vt 0.893738 0.415708
vt 0.906962 0.413595
vt 0.911523 0.411777
vt 0.563404 0.144692
vt 0.573959 0.146477
vt 0.572632 0.154340
vt 0.562075 0.152556
vt 0.556283 0.147992
vt 0.580127 0.115661
vt 0.581446 0.107445
vt 0.589755 0.108457
vt 0.579336 0.151210
vt 0.727959 0.189705
vt 0.717742 0.187536
vt 0.718538 0.178833
vt 0.727490 0.179706
vt 0.717205 0.220286
vt 0.710139 0.213992
vt 0.714704 0.208261
vt 0.722426 0.214740
vt 0.872182 0.317074
vt 0.878911 0.319833
vt 0.875920 0.327188
vt 0.869313 0.324069
vt 0.873200 0.335630
vt 0.865512 0.329595
vt 0.742090 0.193280
vt 0.735112 0.185853
vt 0.740645 0.180655
vt 0.747622 0.188082
vt 0.722438 0.225677
vt 0.727849 0.220424
vt 0.739076 0.199714
vt 0.741897 0.208598
vt 0.856171 0.337610
vt 0.860402 0.345283
vt 0.852159 0.346573
vt 0.850253 0.340382
vt 0.748146 0.200289
vt 0.749194 0.207598
vt 0.860164 0.357082
vt 0.853415 0.357642
vt 0.852760 0.350374
vt 0.859504 0.349766
vt 0.866513 0.350532
vt 0.864846 0.352911
vt 0.878218 0.335717
vt 0.880185 0.344002
vt 0.875863 0.345028
vt 0.860110 0.324568
vt 0.864018 0.319896
vt 0.852029 0.331481
vt 0.846920 0.334667
vt 0.880071 0.328520
vt 0.845976 0.351679
vt 0.845290 0.348116
vt 0.843835 0.342001
vt 0.749213 0.194620
vt 0.708646 0.203967
vt 0.701633 0.200085
vt 0.710772 0.183677
vt 0.732896 0.226420
vt 0.746913 0.214556
vt 0.704364 0.209613
vt 0.888056 0.330576
vt 0.886255 0.337787
vt 0.733076 0.178642
vt 0.481933 0.864143
vt 0.493467 0.864745
vt 0.491252 0.893897
vt 0.481104 0.893368
vt 0.516383 0.867585
vt 0.527715 0.869818
vt 0.521386 0.898360
vt 0.511415 0.896396
vt 0.504959 0.865893
vt 0.501363 0.894907
vt 0.538927 0.872585
vt 0.531251 0.900794
vt 0.470383 0.864090
vt 0.470942 0.893321
vt 0.458844 0.864585
vt 0.460790 0.893756
vt 0.534072 0.919355
vt 0.525376 0.924610
vt 0.515510 0.922176
vt 0.510256 0.913480
vt 0.512689 0.903615
vt 0.536505 0.909490
vt 0.573950 0.739667
vt 0.586039 0.740275
vt 0.582977 0.755895
vt 0.571604 0.753939
vt 0.555351 0.769190
vt 0.555111 0.774542
vt 0.542908 0.771567
vt 0.542777 0.766431
vt 0.559147 0.750965
vt 0.557438 0.756035
vt 0.545001 0.754123
vt 0.546908 0.749441
vt 0.567858 0.771189
vt 0.580635 0.774224
vt 0.579400 0.778532
vt 0.567669 0.775992
vt 0.570164 0.758563
vt 0.593249 0.774638
vt 0.592098 0.779290
vt 0.598679 0.744838
vt 0.594285 0.758188
vt 0.582826 0.759925
vt 0.600594 0.773942
vt 0.600683 0.778782
vt 0.606218 0.748611
vt 0.601953 0.760043
vt 0.594399 0.762610
vt 0.607820 0.771829
vt 0.610988 0.775369
vt 0.616152 0.752804
vt 0.611616 0.764027
vt 0.601221 0.764549
vt 0.607208 0.767332
vt 0.560997 0.738614
vt 0.548621 0.736865
vt 0.447342 0.865627
vt 0.450670 0.894673
vt 0.882737 0.321276
vt 0.760693 0.243799
vt 0.750312 0.244122
vt 0.748685 0.234932
vt 0.757623 0.233406
vt 0.791458 0.230204
vt 0.786144 0.236053
vt 0.778817 0.228588
vt 0.784376 0.223403
vt 0.893265 0.445681
vt 0.899018 0.447793
vt 0.897268 0.453449
vt 0.891234 0.451214
vt 0.904400 0.448543
vt 0.903803 0.456441
vt 0.765531 0.258128
vt 0.760599 0.264272
vt 0.752353 0.257652
vt 0.757285 0.251509
vt 0.797458 0.235181
vt 0.792462 0.241203
vt 0.781363 0.256691
vt 0.771944 0.254491
vt 0.914302 0.447345
vt 0.919196 0.445325
vt 0.921853 0.449850
vt 0.916574 0.454071
vt 0.780918 0.264321
vt 0.773272 0.263828
vt 0.923755 0.460381
vt 0.919744 0.455986
vt 0.923796 0.452288
vt 0.927781 0.456654
vt 0.918703 0.460899
vt 0.916369 0.460594
vt 0.907964 0.463173
vt 0.904987 0.465195
vt 0.901110 0.459488
vt 0.899420 0.442344
vt 0.904351 0.442564
vt 0.912906 0.441516
vt 0.917604 0.440205
vt 0.895794 0.456659
vt 0.926532 0.446591
vt 0.928285 0.448948
vt 0.923674 0.442377
vt 0.767493 0.265390
vt 0.773885 0.222669
vt 0.753069 0.226508
vt 0.769302 0.215728
vt 0.799072 0.245941
vt 0.787932 0.261399
vt 0.779379 0.217783
vt 0.892656 0.462558
vt 0.897952 0.465425
vt 0.749661 0.249985
vt 0.858753 0.857264
vt 0.864546 0.885920
vt 0.874551 0.884144
vt 0.870125 0.855245
vt 0.893092 0.852836
vt 0.894758 0.882025
vt 0.904915 0.881686
vt 0.904635 0.852451
vt 0.884630 0.882844
vt 0.881580 0.853768
vt 0.915076 0.881830
vt 0.916183 0.852615
vt 0.847491 0.859821
vt 0.854636 0.888169
vt 0.836362 0.862908
vt 0.844845 0.890885
vt 0.839842 0.899729
vt 0.842558 0.909520
vt 0.851402 0.914522
vt 0.861193 0.911806
vt 0.866196 0.902962
vt 0.863479 0.893171
vt 0.918649 0.779504
vt 0.920439 0.768438
vt 0.929312 0.769737
vt 0.927546 0.781383
vt 0.908119 0.779858
vt 0.899391 0.778387
vt 0.900891 0.774982
vt 0.909551 0.776437
vt 0.911150 0.767772
vt 0.902461 0.766176
vt 0.902144 0.762588
vt 0.911063 0.763941
vt 0.917205 0.782989
vt 0.927565 0.784822
vt 0.920446 0.764759
vt 0.937217 0.782140
vt 0.937962 0.785738
vt 0.938391 0.771266
vt 0.930236 0.766693
vt 0.943698 0.782205
vt 0.944277 0.786080
vt 0.944766 0.772459
vt 0.939876 0.767927
vt 0.951561 0.782420
vt 0.952632 0.786095
vt 0.952606 0.774043
vt 0.946158 0.768747
vt 0.912039 0.754820
vt 0.921250 0.754775
vt 0.954497 0.770549
vt 0.962208 0.774722
vt 0.960317 0.778216
vt 0.903289 0.753694
vt 0.932023 0.754925
vt 0.942103 0.757936
vt 0.948225 0.760070
vt 0.956435 0.762195
vt 0.925218 0.882456
vt 0.927711 0.853326
vt 0.890005 0.454291
vt 0.685153 0.584540
vt 0.652295 0.583612
vt 0.654286 0.554757
vt 0.685153 0.556161
vt 0.615361 0.579902
vt 0.618765 0.549905
vt 0.587413 0.546329
vt 0.595383 0.484762
vt 0.624413 0.490025
vt 0.595562 0.483753
vt 0.624340 0.488792
vt 0.685153 0.436768
vt 0.685153 0.463408
vt 0.658559 0.464644
vt 0.647513 0.425609
vt 0.624303 0.464727
vt 0.614117 0.438659
vt 0.685153 0.475561
vt 0.659772 0.475622
vt 0.626185 0.478342
vt 0.596800 0.475004
vt 0.598037 0.463518
vt 0.658769 0.485723
vt 0.685153 0.486649
vt 0.685153 0.496830
vt 0.657393 0.495402
vt 0.960600 0.829494
vt 0.960326 0.821191
vt 0.974942 0.822235
vt 0.968877 0.828652
vt 0.182657 0.118757
vt 0.212736 0.120488
vt 0.213917 0.099979
vt 0.183837 0.098248
vt 0.182066 0.129011
vt 0.212146 0.130743
vt 0.827061 0.803511
vt 0.840053 0.803083
vt 0.840325 0.824776
vt 0.827367 0.824706
vt 0.980567 0.828352
vt 0.971005 0.837143
vt 0.180355 0.158727
vt 0.179729 0.169610
vt 0.200718 0.170818
vt 0.210435 0.160459
vt 0.923725 0.823933
vt 0.923688 0.805223
vt 0.962286 0.798896
vt 0.961604 0.838526
vt 0.969471 0.791664
vt 0.980575 0.793758
vt 0.979145 0.801767
vt 0.186701 0.227126
vt 0.187142 0.219467
vt 0.143348 0.216945
vt 0.142907 0.224604
vt 0.146679 0.159097
vt 0.146185 0.167678
vt 0.148043 0.135406
vt 0.923804 0.830952
vt 0.902083 0.824138
vt 0.901833 0.801989
vt 0.902167 0.831239
vt 0.839844 0.791658
vt 0.885505 0.790951
vt 0.118146 0.215494
vt 0.046744 0.211382
vt 0.046303 0.219040
vt 0.117705 0.223153
vt 0.604353 0.976865
vt 0.604154 0.987014
vt 0.601688 0.984682
vt 0.601798 0.979098
vt 0.721203 0.845720
vt 0.734895 0.845635
vt 0.734911 0.847309
vt 0.721205 0.847380
vt 0.211620 0.228561
vt 0.241336 0.230272
vt 0.241777 0.222613
vt 0.212061 0.220902
vt 0.745036 0.792443
vt 0.735166 0.792036
vt 0.735530 0.774511
vt 0.745495 0.774708
vt 0.743451 0.804762
vt 0.826769 0.791897
vt 0.827554 0.850640
vt 0.745143 0.851663
vt 0.745201 0.849970
vt 0.827533 0.848971
vt 0.840563 0.840848
vt 0.827421 0.839997
vt 0.827343 0.832024
vt 0.840409 0.831921
vt 0.733743 0.803895
vt 0.721557 0.802959
vt 0.721774 0.791638
vt 0.737979 0.669085
vt 0.737980 0.614496
vt 0.744559 0.614496
vt 0.744557 0.669086
vt 0.745135 0.840950
vt 0.745127 0.832697
vt 0.722160 0.774204
vt 0.697672 0.791136
vt 0.698042 0.773636
vt 0.745157 0.824952
vt 0.721022 0.825903
vt 0.721114 0.833185
vt 0.696935 0.833065
vt 0.697016 0.825723
vt 0.670234 0.669083
vt 0.670236 0.614494
vt 0.688765 0.614494
vt 0.688763 0.669084
vt 0.570719 0.843810
vt 0.570695 0.845457
vt 0.544716 0.845071
vt 0.544741 0.843425
vt 0.571270 0.807241
vt 0.545312 0.805185
vt 0.545481 0.793875
vt 0.571366 0.800928
vt 0.544927 0.830892
vt 0.521707 0.830546
vt 0.521817 0.823174
vt 0.545037 0.823520
vt 0.522258 0.793530
vt 0.509415 0.773502
vt 0.527364 0.773769
vt 0.483188 0.829974
vt 0.483298 0.822601
vt 0.482913 0.848510
vt 0.482938 0.846864
vt 0.521457 0.847436
vt 0.521432 0.849082
vt 0.506144 0.754869
vt 0.519176 0.759072
vt 0.483002 0.842507
vt 0.521521 0.843079
vt 0.521497 0.844726
vt 0.482978 0.844154
vt 0.544652 0.849427
vt 0.544676 0.847781
vt 0.483069 0.838014
vt 0.451861 0.842046
vt 0.451928 0.837553
vt 0.696746 0.851606
vt 0.696763 0.849953
vt 0.721204 0.850113
vt 0.721201 0.851776
vt 0.570631 0.849813
vt 0.570655 0.848166
vt 0.694065 0.109726
vt 0.565196 0.074866
vt 0.566149 0.056891
vt 0.702769 0.092557
vt 0.696807 0.845589
vt 0.696790 0.847241
vt 0.544807 0.838932
vt 0.521588 0.838586
vt 0.594887 0.977181
vt 0.594724 0.987417
vt 0.592229 0.985075
vt 0.592319 0.979443
vt 0.827479 0.844553
vt 0.745161 0.845536
vt 0.721184 0.841206
vt 0.696852 0.841097
vt 0.827500 0.846223
vt 0.745176 0.847212
vt 0.924000 0.839743
vt 0.988926 0.795160
vt 0.983292 0.777678
vt 0.991920 0.777236
vt 0.987278 0.804178
vt 0.251591 0.230862
vt 0.252032 0.223203
vt 0.902289 0.840077
vt 0.483570 0.804267
vt 0.522090 0.804839
vt 0.166444 0.808968
vt 0.166334 0.829836
vt 0.117893 0.829691
vt 0.117956 0.808755
vt 0.734210 0.825491
vt 0.734630 0.832925
vt 0.289164 0.810172
vt 0.212853 0.809338
vt 0.213136 0.784972
vt 0.289568 0.786577
vt 0.046779 0.829553
vt 0.046833 0.808570
vt 0.570786 0.839318
vt 0.313272 0.830327
vt 0.313427 0.875332
vt 0.289413 0.875330
vt 0.289326 0.830577
vt 0.529549 0.098675
vt 0.522297 0.150753
vt 0.510885 0.150486
vt 0.518680 0.096234
vt 0.029979 0.669893
vt 0.033627 0.611859
vt 0.049057 0.614526
vt 0.044488 0.669437
vt 0.498835 0.643164
vt 0.505476 0.643176
vt 0.505461 0.669079
vt 0.498823 0.669079
vt 0.118148 0.762874
vt 0.118053 0.784321
vt 0.046905 0.784104
vt 0.046972 0.762646
vt 0.487357 0.622201
vt 0.486854 0.642862
vt 0.478582 0.642663
vt 0.479069 0.622002
vt 0.244614 0.173345
vt 0.254869 0.173936
vt 0.492409 0.622322
vt 0.505504 0.622648
vt 0.522714 0.643188
vt 0.511725 0.643181
vt 0.511719 0.622586
vt 0.522720 0.622579
vt 0.046772 0.875317
vt 0.039984 0.875317
vt 0.039990 0.829553
vt 0.197440 0.227744
vt 0.197881 0.220085
vt 0.839629 0.774381
vt 0.839528 0.758019
vt 0.867254 0.757885
vt 0.874642 0.773746
vt 0.214898 0.171634
vt 0.020321 0.776613
vt 0.040043 0.785068
vt 0.040048 0.808572
vt 0.020325 0.808575
vt 0.315254 0.766390
vt 0.313509 0.785295
vt 0.290973 0.765441
vt 0.213444 0.986994
vt 0.213126 0.965680
vt 0.289558 0.964085
vt 0.290961 0.985221
vt 0.166603 0.784567
vt 0.020263 0.829554
vt 0.524811 0.163470
vt 0.525443 0.181533
vt 0.512010 0.173513
vt 0.212704 0.830069
vt 0.212584 0.875326
vt 0.166248 0.875323
vt 0.313010 0.809660
vt 0.532582 0.643192
vt 0.532580 0.669079
vt 0.522706 0.669079
vt 0.353440 0.785429
vt 0.352946 0.809083
vt 0.355003 0.770771
vt 0.511697 0.619169
vt 0.893635 0.656929
vt 0.892512 0.692072
vt 0.873016 0.690471
vt 0.878312 0.655216
vt 0.894479 0.630519
vt 0.894352 0.634484
vt 0.881989 0.633896
vt 0.882439 0.629970
vt 0.896605 0.563967
vt 0.877612 0.564214
vt 0.876399 0.545177
vt 0.897228 0.544481
vt 0.894561 0.627939
vt 0.894518 0.629272
vt 0.882553 0.628742
vt 0.882641 0.627427
vt 0.882621 0.624768
vt 0.894646 0.625271
vt 0.891855 0.712648
vt 0.870241 0.710990
vt 0.879926 0.597817
vt 0.876061 0.624642
vt 0.871416 0.598447
vt 0.876119 0.628375
vt 0.876314 0.627169
vt 0.869603 0.653487
vt 0.874966 0.633149
vt 0.862729 0.598855
vt 0.857444 0.565760
vt 0.867464 0.564947
vt 0.875876 0.629501
vt 0.869351 0.628804
vt 0.869887 0.627782
vt 0.870360 0.626725
vt 0.862212 0.688657
vt 0.858296 0.708826
vt 0.846037 0.705991
vt 0.850929 0.686119
vt 0.869723 0.624385
vt 0.863547 0.624253
vt 0.855048 0.598928
vt 0.860482 0.650842
vt 0.867620 0.632248
vt 0.864026 0.627636
vt 0.864648 0.626649
vt 0.852742 0.650138
vt 0.861060 0.631894
vt 0.863315 0.628588
vt 0.837002 0.703630
vt 0.842397 0.683953
vt 0.851420 0.623919
vt 0.841307 0.597510
vt 0.851967 0.627340
vt 0.852658 0.626186
vt 0.837278 0.654953
vt 0.848800 0.631417
vt 0.895528 0.597671
vt 0.827724 0.684105
vt 0.818852 0.681321
vt 0.831608 0.652593
vt 0.823014 0.699558
vt 0.838393 0.624263
vt 0.829388 0.601156
vt 0.851197 0.628307
vt 0.840856 0.628162
vt 0.840539 0.626538
vt 0.839564 0.634061
vt 0.814213 0.696858
vt 0.826257 0.649099
vt 0.837318 0.628540
vt 0.840777 0.629649
vt 0.840115 0.626512
vt 0.865480 0.546239
vt 0.849051 0.567082
vt 0.854928 0.547610
vt 0.846168 0.548933
vt 0.835061 0.567223
vt 0.832253 0.551291
vt 0.818808 0.570404
vt 0.815789 0.554317
vt 0.812077 0.678598
vt 0.806827 0.694438
vt 0.353126 0.829939
vt 0.353319 0.875334
vt 0.379004 0.829750
vt 0.379233 0.875335
vt 0.380646 0.773942
vt 0.379108 0.785657
vt 0.378720 0.808940
vt 0.602227 0.844268
vt 0.602204 0.845917
vt 0.704004 0.614495
vt 0.704002 0.669084
vt 0.571017 0.823909
vt 0.734280 0.817715
vt 0.740160 0.101671
vt 0.745163 0.094455
vt 0.798573 0.142284
vt 0.511707 0.669079
vt 0.744753 0.816479
vt 0.512213 0.162970
vt 0.660143 0.211314
vt 0.658789 0.213005
vt 0.649971 0.204332
vt 0.535807 0.081535
vt 0.548900 0.057070
vt 0.704747 0.263625
vt 0.670631 0.200280
vt 0.759260 0.299945
vt 0.748572 0.309783
vt 0.719757 0.280172
vt 0.643214 0.186019
vt 0.660572 0.189275
vt 0.635574 0.201430
vt 0.853565 0.201567
vt 0.841397 0.213963
vt 0.729763 0.116422
vt 0.716437 0.251639
vt 0.731251 0.268725
vt 0.570906 0.831279
vt 0.826501 0.774513
vt 0.826392 0.758051
vt 0.534664 0.151027
vt 0.533462 0.158235
vt 0.727579 0.093795
vt 0.729813 0.095039
vt 0.721010 0.109724
vt 0.720437 0.108869
vt 0.760500 0.301047
vt 0.750823 0.311506
vt 0.740738 0.260188
vt 0.725787 0.243784
vt 0.706435 0.084035
vt 0.710229 0.076435
vt 0.733284 0.086695
vt 0.747927 0.310500
vt 0.750247 0.312261
vt 0.828431 0.228192
vt 0.843716 0.216401
vt 0.829942 0.229596
vt 0.856261 0.204511
vt 0.479133 0.618588
vt 0.487437 0.618795
vt 0.492494 0.618908
vt 0.716894 0.614495
vt 0.716892 0.669085
vt 0.729897 0.614496
vt 0.729895 0.669085
vt 0.542718 0.669079
vt 0.565118 0.669080
vt 0.565115 0.614493
vt 0.571566 0.614493
vt 0.571569 0.669080
vt 0.719097 0.133626
vt 0.330668 0.037018
vt 0.387039 0.037017
vt 0.387040 0.056741
vt 0.330668 0.056741
vt 0.117838 0.875320
vt 0.330668 0.100200
vt 0.330668 0.090300
vt 0.387039 0.090300
vt 0.387039 0.100200
vt 0.166764 0.987489
vt 0.166592 0.966080
vt 0.238346 0.619478
vt 0.238255 0.632476
vt 0.169939 0.631997
vt 0.170030 0.618999
vt 0.163056 0.654527
vt 0.163147 0.641529
vt 0.169872 0.641576
vt 0.169781 0.654574
vt 0.164259 0.631958
vt 0.164350 0.618959
vt 0.238188 0.642054
vt 0.169714 0.664153
vt 0.164034 0.664113
vt 0.164075 0.658134
vt 0.238097 0.655052
vt 0.164217 0.637936
vt 0.238030 0.664631
vt 0.157077 0.654485
vt 0.157168 0.641487
vt 0.532580 0.614498
vt 0.542712 0.614496
vt 0.491898 0.642987
vt 0.476010 0.643177
vt 0.476511 0.621924
vt 0.272541 0.224384
vt 0.275378 0.175117
vt 0.492580 0.614200
vt 0.511739 0.614467
vt 0.120983 0.166227
vt 0.452594 0.792496
vt 0.453209 0.772616
vt 0.477193 0.773024
vt 0.483737 0.792958
vt 0.522725 0.614498
vt 0.479292 0.613878
vt 0.476570 0.618629
vt 0.476962 0.614463
vt 0.050361 0.162160
vt 0.049502 0.162111
vt 0.487548 0.614092
vt 0.272100 0.232043
vt 0.978361 0.777227
vt 0.395651 0.224174
vt 0.395654 0.223747
vt 0.362014 0.223506
vt 0.362011 0.223933
vt 0.361934 0.234713
vt 0.357338 0.234531
vt 0.357345 0.233567
vt 0.361945 0.233072
vt 0.395643 0.225389
vt 0.362002 0.225147
vt 0.395574 0.234955
vt 0.395586 0.233313
vt 0.361937 0.234287
vt 0.395577 0.234528
vt 0.347597 0.233559
vt 0.347850 0.232963
vt 0.357384 0.228199
vt 0.357379 0.228913
vt 0.357385 0.227949
vt 0.349074 0.230088
vt 0.349261 0.229647
vt 0.357340 0.234280
vt 0.347663 0.233404
vt 0.342722 0.226646
vt 0.345815 0.226201
vt 0.349327 0.229492
vt 0.342248 0.226714
vt 0.342081 0.226738
vt 0.346289 0.226133
vt 0.346455 0.226109
vt 0.341819 0.214255
vt 0.342465 0.214260
vt 0.341986 0.214256
vt 0.345585 0.214282
vt 0.346063 0.214285
vt 0.346231 0.214287
vt 0.350643 0.159404
vt 0.351122 0.159407
vt 0.347523 0.159381
vt 0.346877 0.159377
vt 0.347045 0.159378
vt 0.348896 0.155724
vt 0.352017 0.155747
vt 0.351290 0.159408
vt 0.348250 0.155720
vt 0.353827 0.149011
vt 0.354107 0.149593
vt 0.348418 0.155721
vt 0.352495 0.155750
vt 0.352663 0.155751
vt 0.355455 0.152407
vt 0.355662 0.152839
vt 0.353900 0.149162
vt 0.355734 0.152990
vt 0.362079 0.147474
vt 0.362074 0.148098
vt 0.362052 0.151114
vt 0.362049 0.151577
vt 0.362077 0.147636
vt 0.362048 0.151739
vt 0.396198 0.147881
vt 0.396200 0.147718
vt 0.396169 0.151984
vt 0.396170 0.151821
vt 0.396174 0.151359
vt 0.396195 0.148343
vt 0.395701 0.217219
vt 0.344304 0.213893
vt 0.344306 0.213696
vt 0.305661 0.211649
vt 0.306509 0.209626
vt 0.344322 0.211502
vt 0.395703 0.217022
vt 0.395720 0.214631
vt 0.344323 0.211305
vt 0.395718 0.214828
vt 0.395797 0.203908
vt 0.345625 0.203263
vt 0.345624 0.203460
vt 0.395795 0.204105
vt 0.395778 0.206496
vt 0.345607 0.205851
vt 0.395780 0.206299
vt 0.345608 0.205654
vt 0.395849 0.196570
vt 0.347574 0.195938
vt 0.347573 0.196135
vt 0.395848 0.196767
vt 0.395866 0.194179
vt 0.347591 0.193547
vt 0.347590 0.193744
vt 0.395865 0.194376
vt 0.395928 0.185624
vt 0.347653 0.184993
vt 0.347651 0.185190
vt 0.395926 0.185821
vt 0.395909 0.188212
vt 0.347634 0.187580
vt 0.395911 0.188015
vt 0.347636 0.187384
vt 0.395967 0.180108
vt 0.348760 0.179484
vt 0.348759 0.179680
vt 0.395966 0.180305
vt 0.395985 0.177717
vt 0.348777 0.177093
vt 0.348776 0.177290
vt 0.395983 0.177914
vt 0.396101 0.161459
vt 0.349127 0.160836
vt 0.349126 0.161034
vt 0.396100 0.161656
vt 0.396118 0.159068
vt 0.349144 0.158446
vt 0.349143 0.158643
vt 0.396117 0.159265
vt 0.396054 0.167959
vt 0.350106 0.167344
vt 0.350105 0.167541
vt 0.396053 0.168156
vt 0.396036 0.170547
vt 0.350088 0.169932
vt 0.396037 0.170350
vt 0.350089 0.169735
vt 0.298625 0.204237
vt 0.300810 0.204038
vt 0.302510 0.207762
vt 0.300868 0.209216
vt 0.305585 0.211831
vt 0.306585 0.209444
vt 0.304436 0.160089
vt 0.306491 0.160856
vt 0.302658 0.207631
vt 0.300720 0.209347
vt 0.301006 0.204020
vt 0.298429 0.204255
vt 0.307240 0.155739
vt 0.308884 0.157192
vt 0.306676 0.160925
vt 0.312951 0.154718
vt 0.312946 0.156912
vt 0.304251 0.160020
vt 0.307093 0.155608
vt 0.309031 0.157323
vt 0.312946 0.157109
vt 0.348378 0.160789
vt 0.312951 0.154521
vt 0.348383 0.158399
vt 0.348379 0.160592
vt 0.348384 0.158202
vt 0.859289 0.195813
vt 0.862320 0.198898
vt 0.734888 0.851754
vt 0.734933 0.850066
vt 0.734833 0.841079
vt 0.090329 0.684481
vt 0.138837 0.685466
vt 0.138984 0.710976
vt 0.566363 0.089475
vt 0.544153 0.088745
vt 0.697463 0.802769
vt 0.551391 0.669080
vt 0.551386 0.614494
vt 0.602408 0.831749
vt 0.602517 0.824385
vt 0.451837 0.843692
vt 0.027350 0.254064
vt 0.077909 0.251556
vt 0.077895 0.255244
vt 0.027381 0.258476
vt 0.542103 0.396177
vt 0.477862 0.391033
vt 0.474281 0.340358
vt 0.545904 0.348700
vt 0.027350 0.714872
vt 0.046719 0.685072
vt 0.452427 0.803805
vt 0.525725 0.055388
vt 0.758143 0.614496
vt 0.758141 0.669086
vt 0.546130 0.086772
vt 0.545298 0.090751
vt 0.095962 0.582624
vt 0.096092 0.576576
vt 0.142509 0.574359
vt 0.143074 0.580764
vt 0.246733 0.558615
vt 0.246543 0.564760
vt 0.022768 0.875316
vt 0.403785 0.386690
vt 0.404775 0.342762
vt 0.240188 0.696739
vt 0.240025 0.717222
vt 0.334545 0.014978
vt 0.334265 0.016170
vt 0.272635 0.016170
vt 0.273946 0.014979
vt 0.264837 0.037018
vt 0.266341 0.029231
vt 0.331362 0.029230
vt 0.478385 0.760228
vt 0.633608 0.669082
vt 0.633609 0.614493
vt 0.661078 0.614493
vt 0.661077 0.669083
vt 0.632007 0.772408
vt 0.641421 0.755884
vt 0.698417 0.757029
vt 0.602805 0.806011
vt 0.602933 0.797890
vt 0.602165 0.848624
vt 0.602292 0.839781
vt 0.273946 0.025111
vt 0.334870 0.025110
vt 0.602142 0.850273
vt 0.272635 0.019086
vt 0.334265 0.019085
vt 0.452046 0.829513
vt 0.454615 0.763520
vt 0.769673 0.614497
vt 0.769672 0.669086
vt 0.452155 0.822140
vt 0.451773 0.848049
vt 0.451797 0.846402
vt 0.264837 0.068906
vt 0.330668 0.068906
vt 0.264837 0.090300
vt 0.735830 0.757999
vt 0.334870 0.020277
vt 0.387039 0.020276
vt 0.387039 0.025110
vt 0.387039 0.016169
vt 0.387039 0.019085
vt 0.273946 0.020277
vt 0.387039 0.029230
vt 0.387040 0.068906
vt 0.387039 0.014978
vt 0.264837 0.100199
vt 0.264837 0.056741
vt 0.399776 0.785001
vt 0.399906 0.808545
vt 0.400288 0.829502
vt 0.421173 0.775956
vt 0.421315 0.870991
vt 0.411367 0.875151
vt 0.411268 0.775972
vt 0.400711 0.776123
vt 0.400558 0.875336
vt 0.421315 0.875151
vt 0.403537 0.808439
vt 0.403920 0.829458
vt 0.403694 0.875336
vt 0.402227 0.776412
vt 0.144214 0.679305
vt 0.240233 0.691871
vt 0.139981 0.606896
vt 0.146424 0.607503
vt 0.144085 0.679260
vt 0.716021 0.554757
vt 0.718011 0.583612
vt 0.751542 0.549905
vt 0.754946 0.579902
vt 0.745894 0.490025
vt 0.774924 0.484762
vt 0.782893 0.546329
vt 0.745966 0.488792
vt 0.774744 0.483753
vt 0.722793 0.425609
vt 0.711748 0.464644
vt 0.756189 0.438659
vt 0.746003 0.464727
vt 0.710535 0.475622
vt 0.744121 0.478342
vt 0.772270 0.463518
vt 0.773507 0.475003
vt 0.711537 0.485723
vt 0.712914 0.495402
vt 0.478219 0.965581
vt 0.470197 0.964886
vt 0.464234 0.958764
vt 0.478363 0.957541
vt 0.118441 0.126754
vt 0.118823 0.147294
vt 0.088698 0.147853
vt 0.088317 0.127314
vt 0.088126 0.117043
vt 0.118250 0.116484
vt 0.607106 0.938593
vt 0.607121 0.959094
vt 0.594569 0.959318
vt 0.594528 0.938337
vt 0.468260 0.973134
vt 0.458878 0.964765
vt 0.117698 0.086724
vt 0.087574 0.087283
vt 0.096476 0.076215
vt 0.117496 0.075826
vt 0.513826 0.959667
vt 0.476145 0.935992
vt 0.513592 0.941561
vt 0.477378 0.974337
vt 0.459869 0.939014
vt 0.458369 0.931284
vt 0.469087 0.929095
vt 0.106173 0.019006
vt 0.150033 0.018193
vt 0.150175 0.025863
vt 0.106316 0.026676
vt 0.151090 0.075203
vt 0.151249 0.083797
vt 0.151689 0.107523
vt 0.513850 0.966461
vt 0.534694 0.938117
vt 0.534774 0.959554
vt 0.534793 0.966429
vt 0.550325 0.927211
vt 0.594574 0.927260
vt 0.175414 0.025395
vt 0.175272 0.017725
vt 0.246780 0.016399
vt 0.246922 0.024069
vt 0.963746 0.361402
vt 0.965013 0.367764
vt 0.954765 0.366710
vt 0.951084 0.362110
vt 0.709686 0.979054
vt 0.709674 0.980660
vt 0.696464 0.980514
vt 0.696484 0.978903
vt 0.081218 0.019468
vt 0.081360 0.027138
vt 0.051601 0.027690
vt 0.051459 0.020020
vt 0.686558 0.927231
vt 0.686108 0.909724
vt 0.695975 0.909472
vt 0.696502 0.926715
vt 0.607258 0.927333
vt 0.687980 0.939701
vt 0.607172 0.984695
vt 0.607151 0.982026
vt 0.686589 0.983005
vt 0.686642 0.984721
vt 0.594544 0.974861
vt 0.594578 0.966229
vt 0.607215 0.966173
vt 0.607220 0.973871
vt 0.709641 0.926215
vt 0.709902 0.937275
vt 0.698355 0.938154
vt 0.744555 0.723676
vt 0.737976 0.723675
vt 0.686722 0.966437
vt 0.686658 0.974373
vt 0.709171 0.909121
vt 0.732895 0.908642
vt 0.733168 0.925837
vt 0.686773 0.959061
vt 0.709854 0.959850
vt 0.733383 0.959754
vt 0.733400 0.966924
vt 0.709793 0.966915
vt 0.688761 0.723673
vt 0.670232 0.723672
vt 0.856760 0.978639
vt 0.882169 0.978537
vt 0.882175 0.980147
vt 0.856766 0.980249
vt 0.856614 0.942866
vt 0.856590 0.936692
vt 0.881978 0.930077
vt 0.882021 0.941138
vt 0.882120 0.966279
vt 0.882091 0.959069
vt 0.904800 0.958980
vt 0.904828 0.966190
vt 0.904688 0.929990
vt 0.899910 0.910612
vt 0.917462 0.910546
vt 0.942470 0.958836
vt 0.942497 0.966045
vt 0.942566 0.984173
vt 0.904899 0.984317
vt 0.904893 0.982707
vt 0.942560 0.982562
vt 0.908074 0.896331
vt 0.920862 0.892362
vt 0.942544 0.978302
vt 0.942550 0.979912
vt 0.904882 0.980057
vt 0.904876 0.978447
vt 0.882192 0.984407
vt 0.882186 0.982797
vt 0.942527 0.973908
vt 0.972981 0.973794
vt 0.972997 0.978188
vt 0.733416 0.985000
vt 0.709643 0.984914
vt 0.709655 0.983305
vt 0.733416 0.983389
vt 0.856783 0.984510
vt 0.856777 0.982900
vt 0.934672 0.365249
vt 0.954994 0.455073
vt 0.943747 0.455547
vt 0.733415 0.979134
vt 0.733415 0.980744
vt 0.904859 0.974053
vt 0.882151 0.974142
vt 0.599273 0.987137
vt 0.596971 0.984977
vt 0.597054 0.979781
vt 0.599424 0.977695
vt 0.686621 0.978788
vt 0.607189 0.978266
vt 0.733411 0.974753
vt 0.709721 0.974683
vt 0.686607 0.980401
vt 0.607179 0.979877
vt 0.513787 0.974971
vt 0.450306 0.932762
vt 0.447146 0.915454
vt 0.455504 0.915757
vt 0.452032 0.941466
vt 0.041331 0.027880
vt 0.041189 0.020210
vt 0.534800 0.974983
vt 0.904731 0.941050
vt 0.942402 0.940906
vt 0.166436 0.941679
vt 0.117948 0.941885
vt 0.117888 0.920949
vt 0.166328 0.920811
vt 0.697013 0.959418
vt 0.696716 0.966632
vt 0.289156 0.940489
vt 0.212845 0.941314
vt 0.324324 0.531056
vt 0.079913 0.533541
vt 0.097145 0.503025
vt 0.261846 0.502435
vt 0.510774 0.176851
vt 0.046774 0.921080
vt 0.046827 0.942062
vt 0.856742 0.974244
vt 0.313267 0.920337
vt 0.289321 0.920084
vt 0.313826 0.255948
vt 0.313849 0.260020
vt 0.926619 0.478818
vt 0.927961 0.486471
vt 0.889621 0.489456
vt 0.889950 0.481529
vt 0.326512 0.502544
vt 0.498835 0.694995
vt 0.505476 0.694983
vt 0.118135 0.987766
vt 0.046960 0.987985
vt 0.046896 0.966527
vt 0.118042 0.966319
vt 0.487359 0.715958
vt 0.479071 0.716158
vt 0.478582 0.695497
vt 0.486854 0.695297
vt 0.052515 0.077030
vt 0.042245 0.077220
vt 0.505505 0.715509
vt 0.492411 0.715836
vt 0.522714 0.694970
vt 0.522720 0.715579
vt 0.511720 0.715572
vt 0.511725 0.694978
vt 0.039986 0.921079
vt 0.095561 0.026875
vt 0.095419 0.019205
vt 0.594548 0.910489
vt 0.560586 0.910383
vt 0.567508 0.894890
vt 0.594405 0.894597
vt 0.082275 0.076479
vt 0.020316 0.974014
vt 0.020321 0.942055
vt 0.040042 0.942059
vt 0.040036 0.965561
vt 0.315242 0.984274
vt 0.313499 0.965369
vt 0.020260 0.921077
vt 0.487809 0.501969
vt 0.509637 0.533426
vt 0.881304 0.479271
vt 0.873994 0.487435
vt 0.869284 0.478084
vt 0.212698 0.920583
vt 0.313003 0.941004
vt 0.213457 0.763658
vt 0.532582 0.694966
vt 0.353431 0.965239
vt 0.352939 0.941584
vt 0.354992 0.979898
vt 0.511698 0.718988
vt 0.909036 0.656198
vt 0.912070 0.691718
vt 0.906529 0.630740
vt 0.906728 0.634687
vt 0.917970 0.546506
vt 0.915545 0.565427
vt 0.906490 0.628189
vt 0.906493 0.629507
vt 0.906679 0.625537
vt 0.913530 0.712373
vt 0.911090 0.598812
vt 0.919542 0.599985
vt 0.913234 0.625830
vt 0.912820 0.628336
vt 0.912938 0.629552
vt 0.913784 0.634389
vt 0.917838 0.655028
vt 0.925624 0.566806
vt 0.935572 0.568257
vt 0.928185 0.600947
vt 0.913109 0.630690
vt 0.919195 0.629357
vt 0.919664 0.630412
vt 0.918790 0.628272
vt 0.922969 0.690598
vt 0.934390 0.688785
vt 0.938004 0.708929
vt 0.925589 0.710976
vt 0.935846 0.601510
vt 0.925747 0.626241
vt 0.919576 0.625978
vt 0.921172 0.633959
vt 0.927108 0.652971
vt 0.924495 0.628561
vt 0.925053 0.629586
vt 0.927742 0.634025
vt 0.934877 0.652763
vt 0.925702 0.630582
vt 0.943043 0.687169
vt 0.947171 0.707150
vt 0.949649 0.600972
vt 0.937871 0.626681
vt 0.936491 0.628864
vt 0.937107 0.630061
vt 0.940007 0.634331
vt 0.950002 0.658554
vt 0.957677 0.688257
vt 0.955812 0.656561
vt 0.966708 0.686045
vt 0.961390 0.703979
vt 0.961310 0.605371
vt 0.950849 0.627856
vt 0.937814 0.631074
vt 0.948562 0.629989
vt 0.948142 0.631590
vt 0.949055 0.637559
vt 0.970347 0.701847
vt 0.951649 0.632193
vt 0.961375 0.653416
vt 0.948126 0.633078
vt 0.948987 0.629990
vt 0.928799 0.548262
vt 0.943863 0.570112
vt 0.939242 0.550305
vt 0.947900 0.552184
vt 0.957816 0.571146
vt 0.961635 0.555426
vt 0.973832 0.575358
vt 0.977872 0.559497
vt 0.973644 0.683760
vt 0.977872 0.699903
vt 0.353121 0.920728
vt 0.379000 0.920920
vt 0.380637 0.976729
vt 0.379100 0.965014
vt 0.378714 0.941731
vt 0.825935 0.978759
vt 0.825942 0.980371
vt 0.704000 0.723674
vt 0.856680 0.959171
vt 0.696710 0.951789
vt 0.949243 0.322870
vt 0.913243 0.264015
vt 0.956888 0.318519
vt 0.687224 0.951133
vt 0.881076 0.487876
vt 0.850132 0.388835
vt 0.857533 0.395277
vt 0.848888 0.390209
vt 0.955198 0.466527
vt 0.938606 0.475083
vt 0.798951 0.350624
vt 0.782761 0.337792
vt 0.753020 0.313151
vt 0.761842 0.302056
vt 0.858513 0.379270
vt 0.871305 0.398652
vt 0.860683 0.404289
vt 0.857529 0.395231
vt 0.867981 0.386259
vt 0.763036 0.301036
vt 0.793270 0.326153
vt 0.858939 0.207468
vt 0.934059 0.331385
vt 0.846010 0.218859
vt 0.809304 0.338988
vt 0.856710 0.966381
vt 0.607296 0.910437
vt 0.607173 0.894426
vt 0.885060 0.473462
vt 0.890225 0.472896
vt 0.695598 0.893163
vt 0.831340 0.231087
vt 0.917671 0.339350
vt 0.914659 0.337633
vt 0.829285 0.233453
vt 0.772776 0.291549
vt 0.770712 0.289795
vt 0.761668 0.299656
vt 0.955575 0.336826
vt 0.939098 0.341343
vt 0.938683 0.340649
vt 0.954641 0.334234
vt 0.816299 0.329923
vt 0.801304 0.316894
vt 0.963874 0.331575
vt 0.972528 0.358083
vt 0.752456 0.313882
vt 0.821219 0.242674
vt 0.827555 0.231917
vt 0.818938 0.240278
vt 0.772886 0.291326
vt 0.479136 0.719572
vt 0.487440 0.719364
vt 0.492496 0.719250
vt 0.716890 0.723674
vt 0.729893 0.723675
vt 0.571563 0.723667
vt 0.565113 0.723666
vt 0.443412 0.037017
vt 0.443411 0.056741
vt 0.615413 0.614493
vt 0.615413 0.669081
vt 0.443411 0.100200
vt 0.443411 0.090300
vt 0.306662 0.619957
vt 0.306571 0.632955
vt 0.313137 0.655578
vt 0.306413 0.655531
vt 0.306504 0.642533
vt 0.313228 0.642580
vt 0.312342 0.619996
vt 0.312251 0.632995
vt 0.312067 0.659171
vt 0.312026 0.665150
vt 0.306345 0.665110
vt 0.312209 0.638973
vt 0.319116 0.655620
vt 0.319207 0.642622
vt 0.542710 0.723662
vt 0.532579 0.723659
vt 0.491898 0.695172
vt 0.476010 0.694983
vt 0.476513 0.716236
vt 0.021705 0.077601
vt 0.020791 0.028260
vt 0.511740 0.723690
vt 0.492582 0.723958
vt 0.176329 0.074735
vt 0.972816 0.929731
vt 0.942360 0.929846
vt 0.948973 0.910426
vt 0.972428 0.910285
vt 0.522724 0.723659
vt 0.479295 0.724282
vt 0.476965 0.723697
vt 0.476573 0.719531
vt 0.247056 0.073424
vt 0.247917 0.073407
vt 0.423676 0.621236
vt 0.423047 0.611002
vt 0.438380 0.619058
vt 0.487551 0.724067
vt 0.020649 0.020590
vt 0.460272 0.915249
vt 0.429292 0.224415
vt 0.429295 0.223989
vt 0.429215 0.235196
vt 0.429226 0.233555
vt 0.433819 0.234115
vt 0.433812 0.235079
vt 0.429283 0.225630
vt 0.429218 0.234769
vt 0.443322 0.233648
vt 0.443566 0.234247
vt 0.433852 0.229461
vt 0.433857 0.228748
vt 0.433859 0.228497
vt 0.441958 0.230312
vt 0.442139 0.230755
vt 0.433814 0.234828
vt 0.443503 0.234091
vt 0.445454 0.226915
vt 0.448540 0.227405
vt 0.441895 0.230156
vt 0.449179 0.227506
vt 0.449013 0.227480
vt 0.444981 0.226840
vt 0.444814 0.226814
vt 0.448975 0.215023
vt 0.449621 0.215028
vt 0.449453 0.215027
vt 0.445376 0.214998
vt 0.445854 0.215001
vt 0.445208 0.214996
vt 0.441105 0.160052
vt 0.441584 0.160056
vt 0.444704 0.160078
vt 0.445350 0.160083
vt 0.445182 0.160082
vt 0.440263 0.156379
vt 0.443383 0.156402
vt 0.440937 0.160051
vt 0.444029 0.156406
vt 0.438261 0.150197
vt 0.438549 0.149618
vt 0.443861 0.156405
vt 0.439784 0.156376
vt 0.439617 0.156375
vt 0.436660 0.153419
vt 0.436873 0.152991
vt 0.438474 0.149768
vt 0.436585 0.153570
vt 0.430316 0.148588
vt 0.430321 0.147963
vt 0.430291 0.152066
vt 0.430294 0.151604
vt 0.430319 0.148125
vt 0.430290 0.152228
vt 0.447141 0.214630
vt 0.447142 0.214433
vt 0.447158 0.212239
vt 0.484993 0.210905
vt 0.485812 0.212941
vt 0.447159 0.212042
vt 0.445971 0.204179
vt 0.445972 0.203982
vt 0.445954 0.206570
vt 0.445955 0.206373
vt 0.444127 0.196827
vt 0.444128 0.196630
vt 0.444146 0.194239
vt 0.444144 0.194436
vt 0.444205 0.185882
vt 0.444207 0.185685
vt 0.444188 0.188273
vt 0.444190 0.188076
vt 0.443177 0.180357
vt 0.443179 0.180161
vt 0.443196 0.177770
vt 0.443194 0.177967
vt 0.443078 0.161707
vt 0.443079 0.161510
vt 0.443096 0.159119
vt 0.443095 0.159316
vt 0.442005 0.168200
vt 0.442006 0.168003
vt 0.441988 0.170591
vt 0.441989 0.170394
vt 0.492953 0.205631
vt 0.490640 0.210577
vt 0.489018 0.209099
vt 0.490772 0.205400
vt 0.485885 0.213124
vt 0.484920 0.210723
vt 0.485710 0.162141
vt 0.487776 0.161403
vt 0.488873 0.208966
vt 0.490786 0.210710
vt 0.490576 0.205379
vt 0.493149 0.205651
vt 0.483371 0.158443
vt 0.485035 0.157014
vt 0.485525 0.162207
vt 0.479312 0.158105
vt 0.479339 0.155911
vt 0.487962 0.161337
vt 0.485184 0.156885
vt 0.483221 0.158572
vt 0.479310 0.158302
vt 0.443829 0.161474
vt 0.479342 0.155715
vt 0.443831 0.161277
vt 0.443858 0.159083
vt 0.443860 0.158886
vt 0.865003 0.202209
vt 0.615410 0.723669
vt 0.633606 0.723671
vt 0.696434 0.983167
vt 0.696469 0.984789
vt 0.689838 0.948626
vt 0.694777 0.948170
vt 0.696547 0.974508
vt 0.733278 0.937239
vt 0.551383 0.723664
vt 0.825889 0.966509
vt 0.825859 0.959303
vt 0.973003 0.979798
vt 0.972858 0.940791
vt 0.956169 0.482265
vt 0.758139 0.723676
vt 0.375774 0.403295
vt 0.375171 0.447451
vt 0.329542 0.450243
vt 0.325931 0.402556
vt 0.420282 0.403906
vt 0.419698 0.448028
vt 0.380192 0.590045
vt 0.336156 0.586861
vt 0.337025 0.581073
vt 0.380217 0.584372
vt 0.382305 0.608610
vt 0.338657 0.611076
vt 0.335909 0.711425
vt 0.336306 0.687130
vt 0.439534 0.014977
vt 0.500135 0.014978
vt 0.501445 0.016169
vt 0.439814 0.016169
vt 0.509244 0.037017
vt 0.442718 0.029230
vt 0.507740 0.029230
vt 0.947946 0.897902
vt 0.661074 0.723672
vt 0.797656 0.908125
vt 0.732622 0.892290
vt 0.788610 0.891803
vt 0.825750 0.933371
vt 0.825787 0.941316
vt 0.825952 0.983019
vt 0.825919 0.974368
vt 0.500134 0.025110
vt 0.439210 0.025110
vt 0.825958 0.984632
vt 0.501445 0.019085
vt 0.439814 0.019084
vt 0.972952 0.965931
vt 0.971153 0.901376
vt 0.769670 0.723677
vt 0.972925 0.958721
vt 0.973013 0.982448
vt 0.973019 0.984058
vt 0.509244 0.068906
vt 0.509244 0.090300
vt 0.443411 0.068906
vt 0.080424 0.397825
vt 0.098484 0.445436
vt 0.030275 0.442435
vt 0.031681 0.396339
vt 0.439210 0.020276
vt 0.500134 0.020276
vt 0.509244 0.100200
vt 0.509244 0.056741
vt 0.399901 0.942127
vt 0.399769 0.965673
vt 0.400284 0.921170
vt 0.421173 0.974346
vt 0.411268 0.974329
vt 0.421315 0.879311
vt 0.400702 0.974551
vt 0.403531 0.942234
vt 0.403917 0.921214
vt 0.402219 0.974262
vt 0.332555 0.611400
vt 0.330270 0.591387
vt 0.028171 0.502499
vt 0.166777 0.763158
vt 0.890508 0.728166
vt 0.873269 0.728719
vt 0.863893 0.729188
vt 0.854798 0.730525
vt 0.847085 0.730725
vt 0.834962 0.732042
vt 0.820524 0.732042
vt 0.825046 0.727293
vt 0.832840 0.727293
vt 0.844963 0.725976
vt 0.852767 0.724846
vt 0.863092 0.723062
vt 0.873031 0.722290
vt 0.890508 0.721661
vt 0.907985 0.722290
vt 0.917924 0.723062
vt 0.928248 0.724847
vt 0.936051 0.725976
vt 0.948174 0.727293
vt 0.955967 0.727293
vt 0.960490 0.732042
vt 0.946052 0.732042
vt 0.933930 0.730725
vt 0.926218 0.730525
vt 0.917123 0.729188
vt 0.907747 0.728719
vt 0.871706 0.488100
vt 0.027350 0.271469
vt 0.094083 0.284768
vt 0.027772 0.284455
vt 0.324338 0.535348
vt 0.079884 0.537370
vt 0.035339 0.584685
vt 0.032566 0.579128
vt 0.558273 0.247645
vt 0.553684 0.252070
vt 0.496861 0.254199
vt 0.027569 0.516007
vt 0.027438 0.529526
vt 0.027350 0.534113
vt 0.552097 0.533975
vt 0.553769 0.535522
vt 0.466371 0.534392
vt 0.466370 0.533446
vt 0.437321 0.593297
vt 0.440052 0.588116
vt 0.552444 0.507065
vt 0.741867 0.807020
vt 0.736172 0.807453
vt 0.741933 0.813794
vt 0.737281 0.813419
vt 0.694837 0.942275
vt 0.689648 0.942019
vt 0.049988 0.603751
vt 0.475111 0.288009
vt 0.551520 0.285997
vt 0.093176 0.602374
vt 0.071600 0.597547
vt 0.315604 0.287912
vt 0.252656 0.287129
vt 0.719586 0.137331
vt 0.719015 0.148347
vt 0.816359 0.237672
vt 0.826129 0.230069
vt 0.542328 0.104120
vt 0.531306 0.156142
vt 0.638056 0.175380
vt 0.760000 0.298566
vt 0.682726 0.202596
vt 0.674357 0.200931
vt 0.635397 0.176902
vt 0.680543 0.118101
vt 0.686118 0.115112
vt 0.684772 0.111846
vt 0.768678 0.288025
vt 0.816708 0.237835
vt 0.768752 0.288107
vt 0.252467 0.340064
vt 0.317215 0.339300
vt 0.360544 0.385628
vt 0.312594 0.385104
vt 0.361090 0.342559
vt 0.254279 0.384715
vt 0.076614 0.385637
vt 0.094611 0.340148
vt 0.029798 0.386424
vt 0.029053 0.342149
vt 0.148624 0.587084
vt 0.246232 0.571595
vt 0.148760 0.587042
vt 0.402764 0.604617
vt 0.262572 0.447852
vt 0.821281 0.242963
vt 0.904994 0.337766
vt 0.923371 0.469753
vt 0.879247 0.402109
vt 0.886314 0.475060
vt 0.857070 0.377342
vt 0.856915 0.370228
vt 0.904289 0.336135
vt 0.852463 0.371553
vt 0.925688 0.375040
vt 0.878632 0.403578
vt 0.934677 0.454576
vt 0.929038 0.370703
vt 0.931149 0.372417
vt 0.487855 0.453020
vt 0.553188 0.449762
vt 0.382696 0.687033
vt 0.934128 0.469503
vt 0.440528 0.674372
vt 0.426736 0.673601
vt 0.553769 0.405663
vt 0.494096 0.404877
vt 0.442066 0.717221
vt 0.424226 0.688460
vt 0.932763 0.468349
vt 0.935561 0.468100
vt 0.265341 0.401564
vt 0.331383 0.681201
vt 0.331506 0.681163
vt 0.330214 0.591295
vn -0.992800 0.119800 0.007500
vn 0.000000 0.485400 0.874300
vn 0.992800 0.119800 0.007500
vn -0.995200 0.097400 0.000200
vn -0.994800 0.101700 0.000000
vn -0.994800 0.101800 0.000100
vn -0.995100 0.098100 0.000500
vn 0.591400 -0.559800 -0.580300
vn 0.000000 -0.719000 -0.695000
vn 0.000000 0.707100 -0.707100
vn 0.594600 0.562500 -0.574400
vn 0.712900 -0.019700 -0.700900
vn -0.995000 0.099400 -0.000100
vn -0.995000 0.099900 0.000400
vn -0.995000 0.100100 -0.001100
vn -0.995100 0.099200 -0.000400
vn -0.994900 0.100800 -0.000100
vn -0.994900 0.100600 0.000200
vn 0.000000 0.000000 -1.000000
vn 0.995000 0.099400 -0.000100
vn 0.994900 0.100600 0.000200
vn 0.994900 0.100800 -0.000100
vn 0.995100 0.099200 -0.000400
vn 0.995000 0.100100 -0.001100
vn 0.995000 0.099900 0.000400
vn 0.995200 0.097400 0.000200
vn 0.995100 0.098100 0.000500
vn 0.994800 0.101800 0.000100
vn 0.994800 0.101700 0.000000
vn -0.591400 -0.559800 -0.580300
vn -0.712900 -0.019700 -0.700900
vn -0.594600 0.562500 -0.574400
vn 0.671400 0.000000 0.741000
vn 0.474800 -0.474800 0.741000
vn 0.420300 -0.420300 0.804200
vn 0.594300 0.000000 0.804200
vn -0.307800 0.000000 0.951400
vn -0.217700 0.217700 0.951400
vn -0.143700 0.000000 0.989600
vn -0.101600 0.101600 0.989600
vn 0.000000 -0.671400 0.741000
vn 0.000000 -0.594300 0.804200
vn 0.000000 0.307800 0.951400
vn 0.000000 0.143700 0.989600
vn -0.474800 -0.474800 0.741000
vn -0.420300 -0.420300 0.804200
vn 0.217700 0.217700 0.951400
vn 0.101600 0.101600 0.989600
vn -0.671400 0.000000 0.741000
vn -0.594300 0.000000 0.804200
vn 0.307800 0.000000 0.951400
vn 0.143700 0.000000 0.989600
vn -0.474800 0.474800 0.741000
vn -0.420300 0.420300 0.804200
vn 0.217700 -0.217700 0.951400
vn 0.101600 -0.101600 0.989600
vn 0.000000 0.671400 0.741000
vn 0.000000 0.594300 0.804200
vn 0.000000 -0.307800 0.951400
vn 0.000000 -0.143700 0.989600
vn 0.474800 0.474800 0.741000
vn 0.420300 0.420300 0.804200
vn -0.217700 -0.217700 0.951400
vn -0.101600 -0.101600 0.989600
vn 0.000000 0.000000 1.000000
vn -0.567100 0.568600 0.595800
vn -0.739600 0.000000 0.673000
vn 0.000000 0.739100 0.673600
vn 0.567100 0.568600 0.595800
vn 0.739600 0.000000 0.673000
vn 0.567100 -0.568600 0.595800
vn 0.000000 -0.739100 0.673600
vn -0.567100 -0.568600 0.595800
vn -0.706100 0.708000 0.000000
vn -1.000000 0.000000 0.000000
vn 0.000000 1.000000 0.000000
vn 0.706100 0.708000 0.000000
vn 1.000000 0.000000 0.000000
vn 0.706100 -0.708000 0.000000
vn 0.000000 -1.000000 0.000000
vn -0.706100 -0.708000 0.000000
vn -0.368100 -0.637500 -0.676800
vn -0.217500 -0.376700 -0.900400
vn 0.217500 -0.376700 -0.900400
vn 0.368100 -0.637500 -0.676800
vn -0.217500 -0.376700 0.900400
vn -0.434900 0.000000 0.900400
vn 0.980800 0.000000 -0.195100
vn 0.932100 0.000000 -0.362200
vn 0.466000 0.807200 -0.362200
vn 0.490400 0.849400 -0.195100
vn -0.736100 0.000000 -0.676800
vn -0.434900 0.000000 -0.900400
vn -0.932100 0.000000 -0.362200
vn -0.466000 -0.807200 -0.362200
vn -0.980800 0.000000 -0.195100
vn -0.490400 -0.849400 -0.195100
vn -0.736100 0.000000 0.676800
vn -0.217500 0.376700 0.900400
vn -0.368100 0.637500 0.676800
vn 0.736100 0.000000 -0.676800
vn 0.368100 0.637500 -0.676800
vn 0.434900 0.000000 -0.900400
vn 0.217500 0.376700 -0.900400
vn -0.368100 -0.637500 0.676800
vn -0.466000 -0.807200 0.362200
vn -0.932100 0.000000 0.362200
vn -0.490400 -0.849400 0.195100
vn -0.980800 0.000000 0.195100
vn -0.490400 0.849400 0.195100
vn -0.466000 0.807200 0.362200
vn 0.466000 0.807200 0.362200
vn 0.490400 0.849400 0.195100
vn 0.368100 0.637500 0.676800
vn 0.217500 0.376700 0.900400
vn -0.217500 0.376700 -0.900400
vn -0.368100 0.637500 -0.676800
vn 0.217500 -0.376700 0.900400
vn 0.434900 0.000000 0.900400
vn 0.932100 0.000000 0.362200
vn 0.980800 0.000000 0.195100
vn 0.736100 0.000000 0.676800
vn -0.466000 0.807200 -0.362200
vn -0.490400 0.849400 -0.195100
vn 0.466000 -0.807200 0.362200
vn 0.490400 -0.849400 0.195100
vn 0.368100 -0.637500 0.676800
vn 0.490400 -0.849400 -0.195100
vn 0.466000 -0.807200 -0.362200
vn -0.707100 -0.707100 0.000000
vn 0.000000 0.831500 0.555600
vn -0.707100 0.707100 0.000000
vn 0.707100 0.707100 0.000000
vn 0.707100 -0.707100 0.000000
vn 0.000000 0.831500 -0.555600
vn 0.000000 -0.555600 0.831500
vn 0.000000 -0.195100 0.980800
vn 0.000000 0.555600 0.831500
vn 0.000000 -0.195100 -0.980800
vn 0.000000 0.980800 -0.195100
vn 0.000000 0.555600 -0.831500
vn 0.000000 -0.555600 -0.831500
vn 0.000000 -0.831500 -0.555600
vn 0.000000 -0.980800 0.195100
vn 0.000000 0.980800 0.195100
vn 0.000000 -0.980800 -0.195100
vn 0.000000 0.195100 -0.980800
vn 0.000000 -0.831500 0.555600
vn 0.000000 0.195100 0.980800
vn 0.285500 -0.120900 0.950700
vn 0.218500 -0.221200 0.950400
vn 0.625000 -0.626300 0.465900
vn 0.816600 -0.339500 0.466700
vn -0.118300 0.282800 0.951800
vn 0.000000 0.306400 0.951900
vn 0.000000 0.882600 0.470100
vn -0.338200 0.815300 0.469900
vn -0.338200 -0.817900 0.465300
vn -0.118300 -0.288200 0.950200
vn -0.218500 -0.221200 0.950400
vn -0.625000 -0.626300 0.465900
vn 0.309100 -0.002700 0.951000
vn 0.883900 -0.001300 0.467600
vn -0.218500 0.215900 0.951600
vn -0.625000 0.623700 0.469400
vn 0.000000 -0.885200 0.465100
vn 0.000000 -0.311700 0.950200
vn 0.285500 0.115600 0.951400
vn 0.816600 0.336900 0.468600
vn -0.285500 0.115600 0.951400
vn -0.816600 0.336900 0.468600
vn 0.218500 0.215900 0.951600
vn 0.625000 0.623700 0.469400
vn 0.338200 -0.817900 0.465300
vn 0.118300 -0.288200 0.950200
vn -0.309100 -0.002700 0.951000
vn -0.883900 -0.001300 0.467600
vn 0.118300 0.282800 0.951800
vn 0.338200 0.815300 0.469900
vn -0.285500 -0.120900 0.950700
vn -0.816600 -0.339500 0.466700
vn 0.000000 0.023700 0.999700
vn 0.010100 0.021600 0.999700
vn -0.018700 0.015900 0.999700
vn -0.010100 0.021600 0.999700
vn 0.024400 0.007300 0.999700
vn 0.026500 -0.002800 0.999600
vn 0.000000 -0.029300 0.999500
vn -0.010100 -0.027300 0.999600
vn -0.024400 0.007300 0.999700
vn 0.018700 0.015900 0.999700
vn 0.010100 -0.027300 0.999600
vn -0.026500 -0.002800 0.999600
vn 0.018700 -0.021500 0.999600
vn -0.024400 -0.012900 0.999600
vn 0.024400 -0.012900 0.999600
vn -0.018700 -0.021500 0.999600
vn -0.817300 0.339900 -0.465300
vn -0.884600 0.001300 -0.466200
vn 0.625500 0.626900 -0.464500
vn 0.338500 0.818600 -0.463900
vn 0.625500 -0.624200 -0.468000
vn 0.338500 -0.816000 -0.468500
vn -0.817300 -0.337200 -0.467200
vn 0.000000 0.886000 -0.463700
vn 0.817300 -0.337200 -0.467200
vn -0.338500 0.818600 -0.463900
vn -0.625500 -0.624200 -0.468000
vn 0.884600 0.001300 -0.466200
vn -0.625500 0.626900 -0.464500
vn -0.338500 -0.816000 -0.468500
vn 0.817300 0.339900 -0.465300
vn 0.000000 -0.883300 -0.468700
vn 0.329200 -0.133700 -0.934700
vn 0.356300 0.002600 -0.934400
vn 0.136400 0.331800 -0.933400
vn -0.061800 -0.146400 -0.987300
vn 0.000000 -0.158700 -0.987300
vn 0.000000 0.358900 -0.933300
vn 0.299100 -0.720500 -0.625600
vn 0.000000 -0.780000 -0.625800
vn 0.000000 -0.706700 -0.707500
vn 0.271200 -0.652700 -0.707400
vn 0.251900 -0.249300 -0.935100
vn -0.329200 0.139000 -0.934000
vn 0.149200 -0.059000 -0.987000
vn 0.161500 0.002800 -0.986800
vn -0.356300 0.002600 -0.934400
vn -0.136400 0.331800 -0.933400
vn -0.251900 0.254600 -0.933600
vn -0.251900 -0.249300 -0.935100
vn -0.136400 -0.326500 -0.935300
vn 0.329200 0.139000 -0.934000
vn 0.251900 0.254600 -0.933600
vn 0.000000 -0.353700 -0.935400
vn -0.329200 -0.133700 -0.934700
vn 0.136400 -0.326500 -0.935300
vn -0.114200 -0.111400 -0.987200
vn -0.061800 0.152000 -0.986400
vn -0.114200 0.116900 -0.986500
vn 0.000000 0.164300 -0.986400
vn 0.000000 -0.397700 -0.917500
vn 0.153200 -0.367300 -0.917400
vn 0.149200 0.064500 -0.986700
vn -0.149200 0.064600 -0.986700
vn 0.061800 -0.146400 -0.987300
vn 0.114200 0.116900 -0.986500
vn -0.161500 0.002800 -0.986800
vn 0.114200 -0.111400 -0.987200
vn 0.061800 0.152000 -0.986400
vn -0.149200 -0.059000 -0.987000
vn 0.285500 -0.687500 -0.667700
vn 0.000000 -0.744300 -0.667800
vn 0.000000 0.659300 -0.751900
vn -0.251500 0.609200 -0.752000
vn 0.722200 0.300900 -0.622700
vn 0.781700 0.001700 -0.623600
vn 0.708700 0.002000 -0.705500
vn 0.654700 0.273200 -0.704700
vn -0.299100 0.724000 -0.621500
vn 0.000000 0.783500 -0.621400
vn 0.000000 0.710700 -0.703500
vn -0.271200 0.656700 -0.703600
vn 0.527600 0.529500 -0.664200
vn 0.689400 0.287400 -0.664900
vn -0.607100 -0.249300 -0.754400
vn -0.464600 -0.462500 -0.755100
vn -0.722200 0.300900 -0.622700
vn -0.552800 0.554500 -0.622000
vn -0.501100 0.503100 -0.704100
vn -0.654700 0.273200 -0.704700
vn -0.299100 -0.720500 -0.625600
vn -0.552800 -0.551000 -0.625100
vn -0.501100 -0.499100 -0.706900
vn -0.271200 -0.652700 -0.707400
vn 0.746200 0.001900 -0.665700
vn -0.657100 0.002100 -0.753700
vn -0.746200 0.001900 -0.665700
vn -0.689400 0.287400 -0.664900
vn 0.607100 -0.249300 -0.754400
vn 0.657100 0.002100 -0.753700
vn 0.722200 -0.297400 -0.624400
vn 0.654700 -0.269200 -0.706300
vn -0.285500 -0.687500 -0.667700
vn 0.251500 0.609200 -0.752000
vn 0.527600 -0.525700 -0.667200
vn -0.464600 0.466800 -0.752400
vn -0.527600 0.529500 -0.664200
vn 0.464600 -0.462500 -0.755100
vn 0.285600 0.691200 -0.663700
vn -0.251500 -0.605000 -0.755500
vn 0.000000 0.748100 -0.663600
vn 0.000000 -0.655000 -0.755600
vn -0.153200 -0.367300 -0.917400
vn 0.000000 0.402900 -0.915200
vn -0.153200 0.372400 -0.915300
vn -0.283100 0.285700 -0.915600
vn -0.369900 0.155800 -0.915900
vn -0.283100 -0.280500 -0.917100
vn 0.369900 0.155800 -0.915900
vn 0.283100 0.285700 -0.915600
vn 0.369900 -0.150600 -0.916800
vn 0.400300 0.002600 -0.916300
vn 0.153200 0.372400 -0.915300
vn -0.369900 -0.150600 -0.916800
vn 0.283100 -0.280500 -0.917100
vn 0.175800 0.427000 -0.887000
vn 0.000000 0.461900 -0.886900
vn 0.689400 -0.283700 -0.666500
vn -0.607100 0.253600 -0.753000
vn -0.285500 0.691200 -0.663700
vn 0.251500 -0.605000 -0.755500
vn 0.324800 -0.322300 -0.889100
vn 0.424500 -0.173300 -0.888700
vn -0.400300 0.002600 -0.916300
vn 0.459400 0.002500 -0.888200
vn -0.175800 0.427000 -0.887000
vn 0.424500 0.178300 -0.887700
vn 0.324800 0.327300 -0.887300
vn 0.175800 -0.421900 -0.889400
vn -0.324800 0.327300 -0.887300
vn -0.424500 0.178300 -0.887700
vn -0.424500 -0.173300 -0.888700
vn -0.324800 -0.322300 -0.889100
vn -0.175800 -0.421900 -0.889400
vn 0.000000 -0.456900 -0.889500
vn -0.459400 0.002500 -0.888200
vn 0.586700 -0.240800 -0.773200
vn 0.635000 0.002200 -0.772500
vn -0.449000 -0.446900 -0.773700
vn -0.243000 -0.584500 -0.774100
vn 0.000000 0.637200 -0.770700
vn -0.243000 0.588900 -0.770800
vn 0.586700 0.245200 -0.771800
vn -0.449000 0.451200 -0.771200
vn -0.111900 -0.267400 -0.957100
vn 0.000000 -0.289700 -0.957100
vn 0.000000 -0.632900 -0.774300
vn 0.449000 0.451200 -0.771200
vn -0.586700 0.245200 -0.771800
vn 0.243000 -0.584500 -0.774100
vn 0.243000 0.588900 -0.770800
vn -0.635000 0.002200 -0.772500
vn 0.449000 -0.446900 -0.773700
vn -0.586700 -0.240800 -0.773200
vn 0.111900 -0.267400 -0.957100
vn 0.270100 0.114600 -0.956000
vn 0.206700 0.209400 -0.955700
vn -0.270100 0.114600 -0.956000
vn -0.292300 0.002700 -0.956300
vn 0.206700 -0.204000 -0.956900
vn 0.111900 0.272800 -0.955500
vn -0.270100 -0.109200 -0.956600
vn 0.270100 -0.109200 -0.956600
vn -0.206700 -0.204000 -0.956900
vn 0.000000 0.295000 -0.955500
vn 0.292300 0.002700 -0.956300
vn -0.111900 0.272800 -0.955500
vn -0.206700 0.209400 -0.955700
vn 0.139500 0.339500 -0.930200
vn -0.094300 -0.225000 -0.969800
vn 0.000000 -0.243800 -0.969800
vn 0.000000 0.367200 -0.930100
vn -0.364600 0.002600 -0.931200
vn -0.336800 -0.136900 -0.931500
vn 0.257800 -0.255200 -0.931900
vn 0.336800 -0.136900 -0.931500
vn -0.257800 -0.255200 -0.931900
vn 0.364600 0.002600 -0.931200
vn -0.139500 0.339500 -0.930200
vn -0.257800 0.260400 -0.930400
vn -0.139500 -0.334200 -0.932100
vn 0.336800 0.142100 -0.930800
vn -0.336800 0.142100 -0.930800
vn 0.000000 -0.362000 -0.932200
vn 0.257800 0.260400 -0.930400
vn 0.139500 -0.334200 -0.932100
vn 0.246600 0.002700 -0.969100
vn 0.227800 0.097100 -0.968800
vn -0.174400 0.177100 -0.968600
vn -0.227800 0.097100 -0.968800
vn 0.094300 -0.225100 -0.969800
vn 0.174400 0.177100 -0.968600
vn -0.246600 0.002700 -0.969100
vn 0.174400 -0.171600 -0.969600
vn 0.094400 0.230500 -0.968500
vn -0.227800 -0.091600 -0.969400
vn 0.227800 -0.091600 -0.969400
vn -0.174400 -0.171600 -0.969600
vn 0.000000 0.249300 -0.968400
vn -0.094400 0.230500 -0.968500
vn -0.527600 -0.525700 -0.667200
vn -0.689400 -0.283700 -0.666500
vn 0.607100 0.253600 -0.753000
vn 0.464600 0.466800 -0.752400
vn -0.781700 0.001700 -0.623600
vn 0.552800 -0.551000 -0.625100
vn 0.552800 0.554500 -0.622000
vn -0.722200 -0.297400 -0.624400
vn 0.299100 0.724000 -0.621500
vn 0.501100 0.503100 -0.704100
vn -0.708700 0.002000 -0.705500
vn -0.654700 -0.269200 -0.706300
vn 0.501100 -0.499100 -0.706900
vn -0.285600 0.691200 -0.663700
vn -0.285600 -0.687500 -0.667700
vn 0.271200 0.656700 -0.703600
vn 0.707100 0.000000 -0.707100
vn 0.707700 -0.706500 0.000000
vn 0.577300 -0.577300 -0.577300
vn -0.301500 -0.301500 -0.904500
vn -0.577300 -0.577300 -0.577300
vn -0.705100 -0.709000 0.000000
vn -0.708500 -0.705700 0.000000
vn -0.707100 0.000000 -0.707100
vn 0.301500 0.301500 -0.904500
vn 0.000000 -0.707100 -0.707100
vn -0.705100 0.709100 0.000000
vn 0.707700 0.706500 0.000000
vn 0.577300 0.577300 -0.577300
vn -0.577300 0.577300 -0.577300
vn -0.301500 0.301500 -0.904500
vn -0.708500 0.705700 0.000000
vn 0.301500 -0.301500 -0.904500
vn 0.708700 0.705400 0.000000
vn 0.705400 -0.708700 0.000000
vn 0.708700 -0.705500 0.000000
vn 0.705500 0.708700 0.000000
vn -0.901600 -0.274600 -0.334100
vn -0.595800 -0.293200 -0.747700
vn -0.560500 -0.605400 -0.565100
vn -0.640200 -0.751100 -0.161000
vn 0.645300 -0.405200 0.647700
vn -0.599900 -0.307100 0.738700
vn -0.567900 -0.611300 0.551200
vn 0.559200 -0.684600 0.467600
vn 0.993200 -0.116100 0.000000
vn 0.587300 -0.802600 0.104600
vn 0.557100 -0.678100 -0.479400
vn 0.587300 -0.802600 -0.104600
vn 0.784400 0.620200 -0.008100
vn 0.705300 0.632500 -0.320300
vn -0.347500 0.878600 -0.327600
vn -0.337700 0.940500 -0.036800
vn 0.618700 0.073600 -0.782100
vn -0.478800 0.273300 -0.834300
vn -0.740600 0.526200 -0.417900
vn 0.688700 0.619300 0.377000
vn -0.358800 0.853600 0.377700
vn -0.502900 0.214800 0.837200
vn 0.621800 0.000400 0.783200
vn 0.649400 -0.389400 -0.653100
vn -0.749800 0.516000 0.414000
vn 0.286100 0.236100 0.928600
vn -0.575800 -0.637700 0.511600
vn -0.897300 -0.298000 0.325600
vn -0.641400 -0.750400 0.159600
vn -0.798500 -0.601800 -0.014200
vn -0.665600 -0.746200 0.000000
vn 0.620200 -0.784400 0.000000
vn -0.355200 0.934400 0.024700
vn -0.296800 0.954900 -0.008500
vn -0.158100 0.987400 0.002600
vn -0.591100 0.037800 -0.805700
vn -0.639100 -0.367400 -0.675700
vn -0.934600 -0.353900 -0.036600
vn -0.993300 0.114900 0.001300
vn -0.629100 0.027300 0.776800
vn -0.705400 -0.386600 0.594100
vn -0.554000 -0.618800 -0.556900
vn -0.542000 -0.839000 -0.047100
vn 0.380800 0.286400 -0.879100
vn 0.834200 0.549400 0.047800
vn 0.377100 -0.857000 -0.351200
vn -0.295800 -0.870600 -0.393200
vn -0.001100 -0.525200 -0.850900
vn -0.617500 0.049400 0.785000
vn 0.633700 -0.021100 0.773200
vn 0.601300 0.252100 0.758200
vn -0.613100 0.253200 0.748300
vn -0.574500 0.046300 -0.817100
vn 0.720000 -0.026000 -0.693400
vn 0.389600 0.794700 0.465300
vn -0.402000 0.793500 0.456800
vn -0.996700 0.080300 -0.003600
vn 0.996900 -0.033700 0.071000
vn -0.576600 0.259400 -0.774700
vn 0.681700 0.249400 -0.687700
vn -0.370300 0.794900 -0.480600
vn 0.467500 0.787200 -0.402100
vn -0.979600 0.201100 -0.002900
vn 0.977900 0.196400 0.071000
vn -0.595400 0.803400 -0.001600
vn 0.589100 0.806700 0.046900
vn -0.604200 -0.541500 -0.584600
vn -0.395400 -0.834700 -0.383300
vn 0.364800 -0.055100 -0.929400
vn -0.396900 -0.194600 0.897000
vn 0.601100 -0.051400 0.797500
vn 0.614800 -0.051400 0.787000
vn -0.196400 -0.021200 0.980300
vn 0.499300 -0.572800 0.650000
vn 0.764900 -0.640900 0.064500
vn 0.995100 -0.053100 0.083100
vn -0.773800 -0.633400 -0.001000
vn -0.513200 -0.571100 0.640600
vn -0.649900 -0.760000 -0.001000
vn 0.672000 -0.595700 -0.439900
vn 0.831800 -0.039300 -0.553700
vn 0.652800 0.625300 -0.427500
vn 0.836700 0.014200 -0.547400
vn 0.147000 -0.262100 -0.953800
vn 0.299700 0.706800 -0.640700
vn 0.618300 0.317700 -0.718800
vn 0.264900 -0.711900 -0.650300
vn -0.001300 -0.655400 -0.755200
vn -0.032700 -0.034500 -0.998900
vn 0.996000 0.013900 0.088500
vn 0.723100 0.687600 0.065100
vn -0.034000 0.035700 -0.998800
vn -0.770200 0.060500 -0.634900
vn -0.571300 0.664800 -0.481300
vn 0.000000 0.657300 -0.753600
vn -0.982900 0.053500 0.176100
vn -0.693700 0.682200 0.230700
vn 0.264700 0.712700 -0.649600
vn -0.155100 0.907900 0.389400
vn -0.574000 -0.661200 -0.483000
vn -0.731900 -0.665500 0.146500
vn 0.297500 0.872700 0.387100
vn -0.299500 0.877800 0.373800
vn 0.618600 -0.315300 -0.719600
vn 0.151600 0.261300 -0.953200
vn -0.257100 0.583400 -0.770400
vn -0.258700 -0.583000 -0.770100
vn 0.994900 -0.053800 0.085600
vn 0.842100 -0.040600 -0.537800
vn -0.770000 -0.058700 -0.635300
vn -0.982800 -0.051800 0.176900
vn -0.003600 1.000000 -0.001600
vn -0.165900 0.890900 0.422800
vn -0.252100 0.242800 0.936700
vn -0.567800 0.270400 0.777500
vn -0.327200 -0.852200 0.408200
vn 0.326000 -0.846000 0.421900
vn -0.262300 0.891400 -0.369500
vn 0.339900 0.879700 -0.332400
vn 0.660600 0.748600 0.056000
vn -0.649900 0.760000 -0.001000
vn 0.695500 -0.716100 0.059500
vn -0.685400 -0.728100 -0.001200
vn 0.570800 0.141500 0.808800
vn 0.364000 0.691200 0.624300
vn -0.467500 -0.667300 0.579700
vn -0.643000 -0.027100 0.765400
vn 0.777400 0.572300 -0.261100
vn 0.778300 -0.571500 -0.259700
vn -0.904500 -0.301500 0.301500
vn -0.577300 -0.577300 0.577300
vn 0.000000 -0.709000 0.705100
vn 0.000000 -0.705700 0.708500
vn 0.000000 0.707100 0.707100
vn -0.577300 0.577300 0.577300
vn -0.904500 -0.301500 -0.301500
vn -0.707100 0.000000 0.707100
vn 0.000000 -0.707100 0.707100
vn 0.000000 0.706500 -0.707700
vn -0.904500 0.301500 0.301500
vn -0.904500 0.301500 -0.301500
vn 0.000000 0.705700 0.708500
vn 0.000000 0.709100 0.705100
vn 0.000000 0.708700 -0.705500
vn 0.000000 -0.705500 -0.708700
vn 0.000000 -0.708700 -0.705400
vn 0.000000 -0.706500 -0.707700
vn 0.000000 0.705400 -0.708700
vn -0.062000 -0.705700 -0.705700
vn -0.062000 -0.998000 0.000000
vn -0.653400 -0.757000 0.000000
vn -0.653400 -0.535300 -0.535300
vn -0.062000 0.000000 0.998000
vn -0.062000 0.705700 0.705700
vn -0.653400 0.535300 0.535300
vn -0.653400 0.000000 0.757000
vn -0.062000 -0.705700 0.705700
vn -0.653400 -0.535300 0.535300
vn -0.062000 0.998000 0.000000
vn -0.653400 0.757000 0.000000
vn -0.062000 0.000000 -0.998000
vn -0.653400 0.000000 -0.757000
vn -0.062000 0.705700 -0.705700
vn -0.653400 0.535300 -0.535300
vn 0.737400 -0.465100 -0.489700
vn 0.755300 -0.497200 -0.426900
vn 0.589600 0.710900 0.383300
vn 0.570200 0.753300 0.327500
vn -0.544000 -0.814100 -0.203100
vn 0.765900 -0.348300 -0.540400
vn 0.708800 -0.463000 -0.532200
vn -0.656300 -0.720500 -0.223800
vn 0.613500 0.762700 0.204800
vn -0.707600 0.378400 0.596700
vn -0.802100 0.342400 0.489100
vn 0.537400 0.786000 0.305500
vn -0.604400 -0.777000 -0.176000
vn -0.599100 -0.705600 -0.378200
vn -0.756100 0.329000 0.565700
vn -0.628700 -0.603200 -0.490800
vn 0.771300 -0.478700 -0.419300
vn 0.609500 0.700300 0.371400
vn -0.763000 0.488800 0.422900
vn -0.634700 -0.526200 -0.565900
vn 0.773000 -0.561800 -0.294500
vn 0.611300 0.616700 0.495900
vn -0.786800 0.549000 0.282000
vn -0.216400 -0.049300 -0.975000
vn 0.820600 -0.253000 -0.512500
vn 0.688000 0.712900 0.135300
vn -0.787700 0.588600 0.181800
vn -0.342200 0.868000 -0.359800
vn -0.935100 0.327500 0.135700
vn -0.935100 0.250600 0.250600
vn -0.467600 0.625000 0.625000
vn -0.467600 0.816600 0.338200
vn -0.935100 -0.135700 -0.327500
vn -0.935100 0.000000 -0.354500
vn -0.467600 0.000000 -0.883900
vn -0.467600 -0.338200 -0.816600
vn -0.467600 -0.338200 0.816600
vn -0.935100 -0.135700 0.327500
vn -0.935100 -0.250600 0.250600
vn -0.467600 -0.625000 0.625000
vn -0.935100 0.354500 0.000000
vn -0.467600 0.883900 0.000000
vn -0.935100 -0.250600 -0.250600
vn -0.467600 -0.625000 -0.625000
vn -0.467600 0.000000 0.883900
vn -0.935100 0.000000 0.354500
vn -0.935100 0.327500 -0.135700
vn -0.467600 0.816600 -0.338200
vn -0.935100 -0.327500 -0.135700
vn -0.467600 -0.816600 -0.338200
vn -0.935100 0.250600 -0.250600
vn -0.467600 0.625000 -0.625000
vn -0.467600 0.338200 0.816600
vn -0.935100 0.135700 0.327500
vn -0.935100 -0.354500 0.000000
vn -0.467600 -0.883900 0.000000
vn -0.935100 0.135700 -0.327500
vn -0.467600 0.338200 -0.816600
vn -0.935100 -0.327500 0.135700
vn -0.467600 -0.816600 0.338200
vn -0.986800 0.161500 0.000000
vn -0.986800 0.149200 0.061800
vn -0.986800 -0.061800 0.149200
vn -0.986800 -0.114200 0.114200
vn -0.986800 -0.114200 -0.114200
vn -0.986800 -0.061800 -0.149200
vn -0.986800 0.149200 -0.061800
vn -0.986800 -0.149200 -0.061800
vn -0.986800 0.061800 0.149200
vn -0.986800 0.000000 0.161500
vn -0.986800 0.114200 -0.114200
vn -0.986800 -0.161500 0.000000
vn -0.986800 0.114200 0.114200
vn -0.986800 0.061800 -0.149200
vn -0.986800 -0.149200 0.061800
vn -0.986800 0.000000 -0.161500
vn -0.916300 -0.283100 -0.283100
vn -0.916300 -0.153200 -0.369900
vn -0.916300 0.369900 -0.153200
vn -0.916300 0.400300 0.000000
vn -0.916300 0.000000 0.400300
vn -0.916300 -0.153200 0.369900
vn -0.916300 -0.369900 -0.153200
vn -0.916300 0.283100 -0.283100
vn -0.916300 0.153200 0.369900
vn -0.916300 -0.400300 0.000000
vn -0.916300 0.153200 -0.369900
vn -0.916300 0.283100 0.283100
vn -0.665700 0.527600 -0.527600
vn -0.705500 0.501100 -0.501100
vn -0.705500 0.271200 -0.654700
vn -0.665700 0.285600 -0.689400
vn -0.916300 -0.369900 0.153200
vn -0.916300 0.369900 0.153200
vn -0.916300 0.000000 -0.400300
vn -0.916300 -0.283100 0.283100
vn -0.888200 -0.459400 0.000000
vn -0.888200 -0.424500 -0.175800
vn -0.888200 0.324800 0.324800
vn -0.888200 0.175800 0.424500
vn -0.888200 0.000000 -0.459400
vn -0.888200 0.175800 -0.424500
vn -0.772500 0.635000 0.000000
vn -0.772500 0.586700 0.243000
vn -0.888200 0.000000 0.459400
vn -0.888200 -0.175800 0.424500
vn -0.772500 -0.243000 0.586700
vn -0.772500 -0.449000 0.449000
vn -0.888200 0.324800 -0.324800
vn -0.772500 -0.243000 -0.586700
vn -0.772500 0.000000 -0.635000
vn -0.888200 -0.424500 0.175800
vn -0.772500 0.586700 -0.243000
vn -0.772500 -0.449000 -0.449000
vn -0.888200 -0.324800 0.324800
vn -0.772500 0.449000 -0.449000
vn -0.772500 -0.586700 -0.243000
vn -0.888200 0.424500 0.175800
vn -0.772500 0.243000 0.586700
vn -0.772500 0.000000 0.635000
vn -0.888200 -0.175800 -0.424500
vn -0.772500 0.243000 -0.586700
vn -0.772500 -0.635000 0.000000
vn -0.888200 0.459400 0.000000
vn -0.772500 0.449000 0.449000
vn -0.888200 -0.324800 -0.324800
vn -0.772500 -0.586700 0.243000
vn -0.888200 0.424500 -0.175800
vn -0.956300 0.111900 0.270100
vn -0.956300 0.000000 0.292300
vn -0.956300 0.206700 -0.206700
vn -0.956300 0.270100 -0.111900
vn -0.956300 -0.292300 0.000000
vn -0.956300 -0.270100 -0.111900
vn -0.956300 0.206700 0.206700
vn -0.956300 0.111900 -0.270100
vn -0.956300 -0.270100 0.111900
vn -0.956300 0.270100 0.111900
vn -0.956300 -0.206700 0.206700
vn -0.956300 0.000000 -0.292300
vn -0.956300 0.292300 0.000000
vn -0.956300 -0.111900 0.270100
vn -0.956300 -0.111900 -0.270100
vn -0.956300 -0.206700 -0.206700
vn 0.934400 0.136400 -0.329200
vn 0.986800 -0.061800 0.149200
vn 0.986800 0.000000 0.161500
vn 0.934400 0.000000 -0.356300
vn -0.931200 -0.336800 0.139500
vn -0.931200 -0.364600 0.000000
vn -0.931200 0.000000 -0.364600
vn -0.931200 0.139500 -0.336800
vn -0.931200 0.336800 0.139500
vn -0.931200 0.257800 0.257800
vn -0.931200 -0.257800 0.257800
vn -0.931200 0.364600 0.000000
vn -0.931200 -0.257800 -0.257800
vn -0.931200 -0.139500 -0.336800
vn -0.931200 -0.139500 0.336800
vn -0.931200 0.336800 -0.139500
vn -0.931200 -0.336800 -0.139500
vn -0.931200 0.000000 0.364600
vn -0.931200 0.257800 -0.257800
vn -0.931200 0.139500 0.336800
vn -0.969100 0.227800 -0.094300
vn -0.969100 0.246600 0.000000
vn -0.969100 -0.227800 -0.094300
vn -0.969100 -0.174400 -0.174400
vn -0.969100 0.094300 0.227800
vn -0.969100 0.000000 0.246600
vn -0.969100 0.174400 -0.174400
vn -0.969100 -0.246600 0.000000
vn -0.969100 0.174400 0.174400
vn -0.969100 0.094300 -0.227800
vn -0.969100 -0.227800 0.094300
vn -0.969100 0.227800 0.094300
vn -0.969100 -0.174400 0.174400
vn -0.969100 0.000000 -0.246600
vn -0.969100 -0.094300 0.227800
vn -0.969100 -0.094300 -0.227800
vn -0.665700 0.746200 0.000000
vn -0.665700 0.689400 0.285500
vn -0.665700 -0.285500 0.689400
vn -0.665700 -0.527600 0.527600
vn -0.665700 -0.527600 -0.527600
vn -0.665700 -0.285500 -0.689400
vn -0.665700 0.689400 -0.285500
vn -0.665700 0.000000 0.746200
vn -0.665700 -0.689400 -0.285500
vn -0.665700 0.285500 0.689400
vn -0.665700 -0.746200 0.000000
vn -0.665700 0.527600 0.527600
vn -0.665700 0.285500 -0.689400
vn -0.665700 -0.689400 0.285500
vn -0.665700 0.000000 -0.746200
vn -0.753700 -0.607100 -0.251500
vn -0.753700 -0.464600 -0.464600
vn -0.753700 -0.607100 0.251500
vn -0.753700 -0.657100 0.000000
vn -0.753700 0.657100 0.000000
vn -0.753700 0.607100 0.251500
vn -0.753700 -0.251500 -0.607100
vn -0.753700 -0.251500 0.607100
vn -0.753700 -0.464600 0.464600
vn -0.623600 -0.552800 -0.552800
vn -0.623600 -0.722200 -0.299100
vn -0.623600 -0.781700 0.000000
vn -0.623600 -0.722200 0.299100
vn -0.753700 0.000000 0.657100
vn -0.623600 0.000000 0.781700
vn -0.623600 -0.299100 0.722200
vn -0.753700 0.251500 -0.607100
vn -0.623600 0.299100 -0.722200
vn -0.623600 0.552800 -0.552800
vn -0.753700 0.464600 -0.464600
vn -0.623600 -0.552800 0.552800
vn -0.753700 0.251500 0.607100
vn -0.623600 0.299100 0.722200
vn -0.753700 0.000000 -0.657100
vn -0.623600 0.000000 -0.781700
vn -0.623600 -0.299100 -0.722200
vn -0.753700 0.464600 0.464600
vn -0.623600 0.552800 0.552800
vn -0.623600 0.722200 0.299100
vn -0.623600 0.781700 0.000000
vn -0.705500 -0.271200 0.654700
vn -0.705500 -0.501100 0.501100
vn -0.623600 0.722200 -0.299100
vn -0.753700 0.607100 -0.251500
vn -0.705500 0.708700 0.000000
vn -0.705500 0.654700 0.271200
vn -0.705500 -0.501100 -0.501100
vn -0.705500 -0.271200 -0.654700
vn -0.705500 -0.654700 -0.271200
vn -0.705500 -0.708700 0.000000
vn -0.705500 -0.654700 0.271200
vn -0.705500 0.501100 0.501100
vn -0.705500 0.000000 -0.708700
vn -0.705500 0.271200 0.654700
vn -0.665700 0.285600 0.689400
vn -0.705500 0.000000 0.708700
vn -0.665700 -0.689400 0.285600
vn -0.665700 0.689400 0.285600
vn -0.665700 -0.285600 0.689400
vn -0.665700 -0.285600 -0.689400
vn -0.705500 0.654700 -0.271200
vn -0.665700 0.689400 -0.285600
vn -0.665700 -0.689400 -0.285600
vn 0.466200 -0.817300 -0.338500
vn 0.466200 -0.884600 0.000000
vn 0.466200 0.625500 -0.625500
vn 0.466200 0.338500 -0.817300
vn 0.466200 0.625500 0.625500
vn 0.466200 0.338500 0.817300
vn 0.466200 -0.817300 0.338500
vn 0.466200 0.000000 -0.884600
vn 0.466200 0.817300 0.338500
vn 0.466200 -0.338500 -0.817300
vn 0.466200 -0.625500 0.625500
vn 0.466200 0.884600 0.000000
vn 0.466200 -0.625500 -0.625500
vn 0.466200 -0.338500 0.817300
vn 0.466200 0.817300 -0.338500
vn 0.466200 0.000000 0.884600
vn 0.934400 0.329200 0.136400
vn 0.934400 0.356300 0.000000
vn 0.934400 0.251900 0.251900
vn 0.934400 -0.329200 -0.136400
vn 0.986800 0.149200 0.061800
vn 0.986800 0.161500 0.000000
vn 0.934400 -0.356300 0.000000
vn 0.934400 -0.136400 -0.329200
vn 0.934400 -0.251900 -0.251900
vn 0.934400 -0.251900 0.251900
vn 0.934400 -0.136400 0.329200
vn 0.934400 0.329200 -0.136400
vn 0.934400 0.251900 -0.251900
vn 0.934400 0.000000 0.356300
vn 0.934400 -0.329200 0.136400
vn 0.934400 0.136400 0.329200
vn 0.986800 -0.114200 0.114200
vn 0.986800 -0.061800 -0.149200
vn 0.986800 -0.114200 -0.114200
vn 0.916300 0.283100 -0.283100
vn 0.916300 0.153200 -0.369900
vn 0.986800 0.149200 -0.061800
vn 0.986800 -0.149200 -0.061800
vn 0.986800 0.061800 0.149200
vn 0.986800 0.114200 -0.114200
vn 0.986800 -0.161500 0.000000
vn 0.986800 0.114200 0.114200
vn 0.986800 0.061800 -0.149200
vn 0.986800 -0.149200 0.061800
vn 0.986800 0.000000 -0.161500
vn 0.916300 0.000000 -0.400300
vn 0.916300 -0.153200 -0.369900
vn 0.916300 0.369900 0.153200
vn 0.916300 0.400300 0.000000
vn 0.916300 -0.283100 0.283100
vn 0.916300 -0.153200 0.369900
vn 0.916300 -0.283100 -0.283100
vn 0.916300 0.369900 -0.153200
vn 0.916300 0.000000 0.400300
vn 0.916300 -0.369900 -0.153200
vn 0.916300 0.153200 0.369900
vn 0.916300 -0.400300 0.000000
vn 0.916300 0.283100 0.283100
vn 0.888200 0.175800 -0.424500
vn 0.772500 -0.243000 0.586700
vn 0.772500 0.000000 0.635000
vn 0.888200 0.000000 -0.459400
vn 0.916300 -0.369900 0.153200
vn -0.975800 0.000000 -0.218500
vn -0.683900 0.000000 0.729600
vn -0.683900 -0.279200 0.674100
vn -0.975800 0.083600 -0.201800
vn 0.888200 0.324800 0.324800
vn 0.888200 0.424500 0.175800
vn 0.888200 0.175800 0.424500
vn 0.888200 0.324800 -0.324800
vn 0.888200 -0.175800 -0.424500
vn 0.888200 -0.324800 -0.324800
vn 0.888200 -0.424500 -0.175800
vn 0.888200 -0.175800 0.424500
vn 0.888200 0.000000 0.459400
vn 0.772500 0.586700 0.243000
vn 0.772500 0.635000 0.000000
vn 0.888200 -0.459400 0.000000
vn 0.772500 -0.449000 0.449000
vn 0.772500 0.000000 -0.635000
vn 0.772500 -0.243000 -0.586700
vn 0.772500 0.586700 -0.243000
vn 0.888200 -0.424500 0.175800
vn 0.772500 -0.449000 -0.449000
vn 0.956300 -0.111900 0.270100
vn 0.956300 0.000000 0.292300
vn 0.772500 0.449000 -0.449000
vn 0.888200 -0.324800 0.324800
vn 0.772500 -0.586700 -0.243000
vn 0.772500 0.243000 0.586700
vn 0.772500 0.243000 -0.586700
vn 0.772500 -0.635000 0.000000
vn 0.888200 0.459400 0.000000
vn 0.772500 0.449000 0.449000
vn 0.772500 -0.586700 0.243000
vn 0.888200 0.424500 -0.175800
vn -0.683900 -0.515900 -0.515900
vn -0.683900 -0.674000 -0.279200
vn -0.683900 -0.279200 -0.674100
vn 0.956300 0.111900 0.270100
vn 0.956300 0.270100 -0.111900
vn 0.956300 0.206700 -0.206700
vn 0.956300 -0.270100 -0.111900
vn 0.956300 -0.292300 0.000000
vn 0.956300 0.206700 0.206700
vn 0.956300 0.111900 -0.270100
vn 0.956300 -0.270100 0.111900
vn 0.956300 0.270100 0.111900
vn 0.956300 -0.206700 0.206700
vn 0.956300 0.000000 -0.292300
vn 0.956300 0.292300 0.000000
vn 0.956300 -0.111900 -0.270100
vn 0.956300 -0.206700 -0.206700
vn 0.931200 0.139500 -0.336800
vn 0.969100 -0.094300 0.227800
vn 0.969100 0.000000 0.246600
vn 0.931200 0.000000 -0.364600
vn -0.683900 0.000000 -0.729600
vn -0.683900 0.279200 -0.674000
vn -0.975800 -0.083600 0.201800
vn -0.975800 0.000000 0.218500
vn -0.683900 -0.729600 0.000000
vn -0.975800 -0.201800 -0.083600
vn -0.683900 0.674000 0.279200
vn -0.683900 0.515900 0.515900
vn -0.975800 -0.154500 -0.154500
vn -0.683900 0.279200 0.674100
vn -0.683900 0.729600 0.000000
vn -0.975800 0.154500 -0.154500
vn -0.683900 -0.515900 0.515900
vn -0.683900 -0.674000 0.279200
vn -0.975800 0.201800 -0.083600
vn -0.683900 0.515900 -0.515900
vn -0.683900 0.674000 -0.279200
vn 0.931200 -0.364600 0.000000
vn 0.931200 -0.336800 0.139500
vn 0.931200 0.257800 0.257800
vn 0.931200 0.336800 0.139500
vn 0.931200 -0.257800 0.257800
vn 0.931200 0.364600 0.000000
vn 0.931200 -0.139500 -0.336800
vn 0.931200 -0.257800 -0.257800
vn 0.931200 -0.139500 0.336800
vn 0.931200 0.336800 -0.139500
vn 0.931200 -0.336800 -0.139500
vn 0.931200 0.000000 0.364600
vn 0.931200 0.257800 -0.257800
vn 0.931200 0.139500 0.336800
vn 0.753700 -0.464600 -0.464600
vn 0.753700 -0.251500 -0.607100
vn 0.623600 -0.299100 -0.722200
vn 0.623600 -0.552800 -0.552800
vn 0.969100 0.246600 0.000000
vn 0.969100 0.227800 -0.094300
vn 0.969100 -0.174400 -0.174400
vn 0.969100 -0.227800 -0.094300
vn 0.969100 0.094300 0.227800
vn 0.969100 0.174400 -0.174400
vn 0.969100 -0.246600 0.000000
vn 0.969100 0.174400 0.174400
vn 0.969100 0.094300 -0.227800
vn 0.969100 -0.227800 0.094300
vn 0.969100 0.227800 0.094300
vn 0.969100 -0.174400 0.174400
vn 0.969100 0.000000 -0.246600
vn 0.969100 -0.094300 -0.227800
vn -0.963400 -0.102500 0.247400
vn -0.963400 0.000000 0.267800
vn -0.975800 0.218500 0.000000
vn -0.975800 0.154500 0.154500
vn -0.975800 0.201800 0.083600
vn -0.963400 0.189400 0.189400
vn -0.975800 0.083600 0.201800
vn -0.963400 0.102500 0.247400
vn -0.975800 -0.083600 -0.201800
vn -0.963400 0.000000 -0.267800
vn -0.963400 0.102500 -0.247400
vn -0.975800 -0.154500 0.154500
vn -0.975800 -0.218500 0.000000
vn -0.975800 -0.201800 0.083600
vn 0.665700 0.689400 0.285500
vn 0.665700 0.746200 0.000000
vn 0.665700 -0.527600 0.527600
vn 0.665700 -0.285500 0.689400
vn 0.665700 -0.285500 -0.689400
vn 0.665700 -0.527600 -0.527600
vn 0.665700 0.689400 -0.285500
vn 0.665700 0.000000 0.746200
vn 0.665700 -0.689400 -0.285500
vn 0.665700 0.285500 0.689400
vn 0.665700 0.527600 -0.527600
vn 0.665700 -0.746200 0.000000
vn 0.665700 0.527600 0.527600
vn 0.665700 0.285500 -0.689400
vn 0.665700 -0.689400 0.285500
vn 0.665700 0.000000 -0.746200
vn 0.753700 -0.607100 -0.251500
vn 0.753700 0.607100 0.251500
vn 0.753700 0.657100 0.000000
vn 0.753700 -0.251500 0.607100
vn 0.753700 0.000000 0.657100
vn 0.753700 0.607100 -0.251500
vn 0.753700 0.464600 -0.464600
vn 0.623600 0.781700 0.000000
vn 0.623600 0.722200 -0.299100
vn 0.753700 -0.657100 0.000000
vn 0.753700 -0.464600 0.464600
vn 0.623600 -0.722200 -0.299100
vn 0.753700 -0.607100 0.251500
vn 0.623600 -0.781700 0.000000
vn 0.623600 -0.722200 0.299100
vn 0.623600 -0.299100 0.722200
vn 0.623600 0.000000 0.781700
vn 0.753700 0.251500 -0.607100
vn 0.623600 0.552800 -0.552800
vn 0.623600 0.299100 -0.722200
vn 0.623600 -0.552800 0.552800
vn 0.753700 0.251500 0.607100
vn 0.623600 0.299100 0.722200
vn 0.753700 0.000000 -0.657100
vn 0.623600 0.000000 -0.781700
vn 0.753700 0.464600 0.464600
vn 0.623600 0.552800 0.552800
vn 0.623600 0.722200 0.299100
vn 0.705500 0.271200 -0.654700
vn 0.705500 0.501100 -0.501100
vn 0.665700 0.285600 -0.689400
vn 0.705500 0.000000 -0.708700
vn 0.705500 -0.271200 -0.654700
vn 0.705500 0.654700 0.271200
vn 0.705500 -0.501100 -0.501100
vn 0.705500 0.000000 0.708700
vn 0.705500 0.271200 0.654700
vn 0.705500 -0.654700 -0.271200
vn 0.705500 -0.708700 0.000000
vn 0.665700 0.285600 0.689400
vn 0.705500 -0.501100 0.501100
vn 0.705500 -0.654700 0.271200
vn 0.665700 -0.689400 0.285600
vn 0.705500 0.501100 0.501100
vn 0.665700 0.689400 0.285600
vn 0.705500 -0.271200 0.654700
vn 0.665700 -0.285600 0.689400
vn 0.665700 -0.285600 -0.689400
vn 0.705500 0.654700 -0.271200
vn 0.665700 0.689400 -0.285600
vn 0.665700 -0.689400 -0.285600
vn -0.963400 -0.247400 0.102500
vn -0.963400 -0.267800 0.000000
vn -0.963400 0.189400 -0.189400
vn -0.963400 -0.247400 -0.102500
vn -0.963400 -0.189400 -0.189400
vn -0.963400 -0.102500 -0.247400
vn -0.963400 0.247400 -0.102500
vn -0.963400 0.267800 0.000000
vn -0.963400 -0.189400 0.189400
vn -0.963400 0.247400 0.102500
vn -0.603200 0.797500 0.013000
vn -0.673400 0.724000 0.149200
vn -0.758800 -0.636800 -0.136600
vn -0.791600 -0.611000 0.008300
vn -0.764900 -0.631200 0.127900
vn -0.129800 -0.976300 0.173400
vn -0.114900 -0.864700 0.488800
vn -0.747300 -0.555900 0.364000
vn -0.131700 -0.991200 0.011700
vn -0.129500 -0.974400 -0.183700
vn 0.131700 0.991100 0.018300
vn 0.128200 0.964500 0.230800
vn -0.651700 0.753800 -0.083600
vn 0.130700 0.983400 -0.125400
vn -0.094300 -0.709600 0.698200
vn -0.752800 -0.422200 0.505000
vn -0.652000 0.705400 -0.278000
vn 0.120000 0.902800 -0.412900
vn -0.067000 -0.504100 0.861000
vn -0.711200 -0.287600 0.641400
vn -0.667400 0.603300 -0.436600
vn 0.100100 0.753100 -0.650200
vn -0.023700 -0.178700 0.983600
vn -0.684100 -0.043700 0.728100
vn -0.683600 0.464800 -0.562800
vn 0.072500 0.545200 -0.835100
vn 0.011600 0.087700 0.996100
vn -0.669400 0.154100 0.726700
vn -0.731800 0.248900 -0.634400
vn 0.030400 0.228500 -0.973100
vn 0.036700 0.276600 0.960300
vn -0.655300 0.291400 0.696900
vn -0.715200 0.072700 -0.695100
vn -0.004200 -0.031600 -0.999500
vn 0.069200 0.520900 0.850800
vn -0.611000 0.475500 0.632900
vn -0.747200 -0.039100 -0.663500
vn -0.026700 -0.200800 -0.979200
vn 0.097500 0.733900 0.672100
vn -0.608900 0.624500 0.489100
vn -0.770000 -0.197100 -0.606800
vn -0.057900 -0.435600 -0.898300
vn 0.117300 0.882100 0.456200
vn -0.579000 0.742000 0.338000
vn -0.800900 -0.352800 -0.483800
vn -0.090300 -0.679300 -0.728300
vn 0.130200 0.979600 0.153200
vn -0.572100 0.812300 0.113100
vn -0.812200 -0.486300 -0.322100
vn -0.115600 -0.869700 -0.479700
vn 0.131600 0.990000 -0.051300
vn -0.595100 0.802800 -0.036900
vn -0.828500 -0.547500 -0.117200
vn -0.129700 -0.975600 -0.176900
vn 0.127800 0.961200 -0.244300
vn -0.576100 0.797300 -0.180000
vn -0.803000 -0.595100 0.032000
vn -0.131600 -0.990200 0.045900
vn 0.116200 0.874500 -0.470700
vn -0.594800 0.727100 -0.342800
vn -0.822000 -0.545900 0.161800
vn -0.127800 -0.961900 0.241800
vn 0.102400 0.770600 -0.629000
vn -0.606800 0.650300 -0.456900
vn -0.802200 -0.502000 0.323100
vn -0.116200 -0.873900 0.472100
vn 0.055100 0.414900 -0.908200
vn -0.586300 0.404300 -0.702000
vn -0.788200 -0.450000 0.419700
vn -0.104700 -0.788000 0.606700
vn 0.005600 0.041800 -0.999100
vn -0.692100 0.122300 -0.711300
vn -0.841600 -0.116200 0.527500
vn -0.051900 -0.390500 0.919100
vn -0.008600 -0.065100 -0.997800
vn -0.688600 0.043500 -0.723800
vn -0.692700 0.100600 0.714100
vn 0.001600 0.011700 0.999900
vn -0.027200 -0.204800 -0.978400
vn -0.708200 -0.055800 -0.703800
vn -0.707100 0.102500 0.699600
vn 0.001600 0.012000 0.999900
vn -0.067500 -0.508100 -0.858600
vn -0.696600 -0.299900 -0.651700
vn -0.703000 0.156300 0.693800
vn 0.011800 0.088700 0.996000
vn -0.102900 -0.774100 -0.624600
vn -0.757200 -0.470600 -0.452900
vn -0.747800 0.384300 0.541300
vn 0.060900 0.458400 0.886600
vn -0.116900 -0.879700 -0.461000
vn -0.762400 -0.552500 -0.336700
vn -0.645200 0.629400 0.432900
vn 0.102700 0.772800 0.626300
vn -0.639200 0.683000 0.353500
vn 0.113200 0.851400 0.512200
vn -0.683600 0.464700 -0.562800
vn -0.702500 0.040700 -0.710500
vn -0.622300 -0.099600 -0.776400
vn 0.750900 0.097100 -0.653200
vn 0.715000 -0.046000 -0.697600
vn 0.729000 -0.159000 -0.665800
vn 0.974800 -0.222600 0.012500
vn 0.846700 -0.532000 0.008200
vn 0.640100 -0.390900 -0.661300
vn 0.997100 -0.075000 0.013900
vn 0.992500 0.121400 0.015400
vn -0.998800 0.046600 -0.014200
vn -0.985700 -0.167700 -0.015600
vn -0.645400 0.122500 -0.753900
vn -0.984500 0.175100 -0.012900
vn 0.679900 -0.733200 0.004200
vn 0.501800 -0.524900 -0.687500
vn -0.587800 0.314200 -0.745500
vn -0.888900 0.458000 -0.009400
vn 0.464700 -0.885400 -0.000100
vn 0.355900 -0.654400 -0.667000
vn -0.476700 0.467300 -0.744500
vn -0.726100 0.687500 -0.005200
vn 0.143400 -0.989600 -0.005600
vn 0.100200 -0.720100 -0.686600
vn -0.331200 0.586400 -0.739200
vn -0.507400 0.861700 -0.000700
vn -0.125200 -0.992100 -0.009500
vn -0.096500 -0.725400 -0.681500
vn -0.133600 0.642800 -0.754300
vn -0.193200 0.981100 0.004800
vn -0.326700 -0.945000 -0.012100
vn -0.227100 -0.680500 -0.696700
vn 0.039700 0.702200 -0.710800
vn 0.068000 0.997600 0.008700
vn -0.567300 -0.823400 -0.014600
vn -0.412300 -0.607300 -0.679100
vn 0.180900 0.661400 -0.727800
vn 0.251300 0.967800 0.011100
vn -0.773000 -0.634100 -0.016100
vn -0.552600 -0.456100 -0.697600
vn 0.337500 0.596900 -0.727900
vn 0.483800 0.875100 0.013800
vn -0.911500 -0.411000 -0.016400
vn -0.665500 -0.299300 -0.683800
vn 0.489700 0.466100 -0.736800
vn 0.720800 0.692900 0.015800
vn -0.995900 -0.088700 -0.015200
vn -0.727900 -0.059000 -0.683100
vn 0.615300 0.297900 -0.729900
vn 0.900200 0.435000 0.016400
vn -0.993200 0.115900 -0.013500
vn -0.700600 0.090100 -0.707800
vn 0.664300 0.082000 -0.743000
vn 0.993500 0.112500 0.015300
vn -0.956100 0.292700 -0.011600
vn -0.694600 0.220900 -0.684600
vn 0.706700 -0.070000 -0.704100
vn 0.993800 -0.110500 0.013600
vn -0.857500 0.514400 -0.008500
vn -0.614300 0.379900 -0.691500
vn 0.651300 -0.188500 -0.735000
vn 0.956900 -0.290200 0.011700
vn -0.658100 0.752900 -0.003700
vn -0.479500 0.570200 -0.667000
vn 0.596900 -0.347300 -0.723200
vn 0.856700 -0.515700 0.008500
vn -0.342500 0.939500 0.002300
vn -0.236100 0.702800 -0.671000
vn 0.419800 -0.485000 -0.767100
vn 0.629500 -0.776900 0.003100
vn -0.092000 0.995700 0.006300
vn -0.072600 0.739000 -0.669800
vn 0.232000 -0.636000 -0.736000
vn 0.308800 -0.951100 -0.002900
vn 0.105600 0.994400 0.009200
vn 0.068100 0.723600 -0.686800
vn 0.060300 -0.681200 -0.729600
vn 0.094300 -0.995500 -0.006300
vn 0.255300 0.966800 0.011200
vn 0.193700 0.700900 -0.686500
vn -0.047800 -0.683600 -0.728300
vn -0.053100 -0.998500 -0.008500
vn 0.554900 0.831800 0.014500
vn 0.430600 0.636400 -0.639900
vn -0.086600 -0.684200 -0.724100
vn -0.139200 -0.990200 -0.009700
vn 0.811200 0.584600 0.016300
vn 0.598200 0.429200 -0.676700
vn -0.297600 -0.520300 -0.800400
vn -0.506200 -0.862300 -0.014000
vn 0.909300 0.415800 0.016400
vn 0.674100 0.309000 -0.670800
vn -0.549400 -0.399800 -0.733700
vn -0.809900 -0.586400 -0.016300
vn -0.599200 -0.317700 -0.734900
vn -0.883300 -0.468400 -0.016400
vn 0.901600 -0.274600 -0.334100
vn 0.640200 -0.751100 -0.161000
vn 0.560500 -0.605400 -0.565100
vn 0.595800 -0.293200 -0.747700
vn -0.645300 -0.405200 0.647700
vn -0.559200 -0.684600 0.467600
vn 0.567900 -0.611300 0.551200
vn 0.599900 -0.307100 0.738700
vn -0.993200 -0.116100 0.000000
vn -0.587300 -0.802600 0.104600
vn -0.587300 -0.802600 -0.104600
vn -0.557100 -0.678100 -0.479400
vn -0.784400 0.620200 -0.008100
vn 0.337700 0.940500 -0.036800
vn 0.347500 0.878600 -0.327600
vn -0.705200 0.632500 -0.320300
vn 0.478800 0.273300 -0.834300
vn -0.618700 0.073600 -0.782100
vn 0.740600 0.526200 -0.417900
vn -0.688700 0.619300 0.377000
vn -0.621800 0.000400 0.783200
vn 0.502900 0.214800 0.837200
vn 0.358800 0.853600 0.377700
vn -0.649400 -0.389400 -0.653100
vn 0.749800 0.516000 0.414000
vn 0.897300 -0.298000 0.325600
vn 0.575800 -0.637700 0.511600
vn -0.286100 0.236100 0.928600
vn 0.641400 -0.750400 0.159600
vn 0.798500 -0.601800 -0.014200
vn 0.665600 -0.746200 0.000000
vn -0.620200 -0.784400 0.000000
vn 0.355200 0.934400 0.024700
vn 0.296800 0.954900 -0.008500
vn 0.158100 0.987400 0.002600
vn 0.591100 0.037800 -0.805700
vn 0.993300 0.114900 0.001300
vn 0.934600 -0.353900 -0.036600
vn 0.639100 -0.367400 -0.675700
vn 0.629100 0.027300 0.776800
vn 0.705400 -0.386600 0.594100
vn 0.554000 -0.618800 -0.556900
vn 0.542000 -0.839000 -0.047100
vn -0.834200 0.549400 0.047800
vn -0.380800 0.286400 -0.879100
vn -0.377100 -0.857000 -0.351200
vn 0.001100 -0.525200 -0.850900
vn 0.295800 -0.870600 -0.393200
vn 0.617500 0.049400 0.785000
vn 0.613100 0.253200 0.748300
vn -0.601300 0.252100 0.758200
vn -0.633700 -0.021100 0.773200
vn -0.720000 -0.026000 -0.693400
vn 0.574500 0.046300 -0.817100
vn 0.402000 0.793500 0.456800
vn -0.389600 0.794700 0.465300
vn 0.996700 0.080300 -0.003600
vn -0.996900 -0.033700 0.071000
vn -0.681700 0.249400 -0.687700
vn 0.576600 0.259400 -0.774700
vn -0.467500 0.787200 -0.402100
vn 0.370300 0.794900 -0.480600
vn 0.979600 0.201100 -0.002900
vn -0.977900 0.196400 0.071000
vn 0.595400 0.803400 -0.001600
vn -0.589100 0.806700 0.046900
vn -0.364800 -0.055100 -0.929400
vn 0.395400 -0.834700 -0.383300
vn 0.604200 -0.541500 -0.584600
vn 0.396900 -0.194600 0.897000
vn 0.196400 -0.021200 0.980300
vn -0.614800 -0.051400 0.787000
vn -0.601100 -0.051400 0.797500
vn -0.499300 -0.572800 0.650000
vn -0.995100 -0.053100 0.083100
vn -0.764900 -0.640900 0.064500
vn 0.773800 -0.633400 -0.001000
vn 0.649900 -0.760000 -0.001000
vn 0.513200 -0.571100 0.640600
vn -0.672000 -0.595700 -0.439900
vn -0.831800 -0.039300 -0.553700
vn -0.652800 0.625300 -0.427500
vn -0.299700 0.706800 -0.640700
vn -0.147000 -0.262100 -0.953800
vn -0.836700 0.014200 -0.547400
vn -0.618300 0.317700 -0.718800
vn 0.032700 -0.034500 -0.998900
vn 0.001300 -0.655400 -0.755200
vn -0.264900 -0.711900 -0.650300
vn -0.996000 0.013900 0.088500
vn -0.723100 0.687600 0.065100
vn 0.034000 0.035700 -0.998800
vn 0.571300 0.664800 -0.481300
vn 0.770200 0.060500 -0.634900
vn 0.693700 0.682200 0.230700
vn 0.982900 0.053500 0.176100
vn -0.264700 0.712700 -0.649600
vn 0.155100 0.907900 0.389400
vn 0.574000 -0.661200 -0.483000
vn 0.731900 -0.665500 0.146500
vn 0.299500 0.877800 0.373800
vn -0.297500 0.872700 0.387100
vn -0.618600 -0.315300 -0.719600
vn 0.258700 -0.583000 -0.770100
vn 0.257100 0.583400 -0.770400
vn -0.151600 0.261300 -0.953200
vn -0.994900 -0.053800 0.085600
vn -0.842100 -0.040600 -0.537800
vn 0.770000 -0.058700 -0.635300
vn 0.982800 -0.051800 0.176900
vn 0.003600 1.000000 -0.001600
vn 0.165900 0.890900 0.422800
vn 0.252100 0.242800 0.936700
vn 0.567800 0.270400 0.777500
vn 0.327200 -0.852200 0.408200
vn -0.326000 -0.846000 0.421900
vn -0.339900 0.879700 -0.332400
vn 0.262300 0.891400 -0.369500
vn -0.660600 0.748600 0.056000
vn 0.649900 0.760000 -0.001000
vn -0.695500 -0.716100 0.059500
vn 0.685400 -0.728100 -0.001200
vn -0.364000 0.691200 0.624300
vn -0.570800 0.141500 0.808800
vn 0.467500 -0.667300 0.579700
vn 0.643000 -0.027100 0.765400
vn -0.777400 0.572300 -0.261100
vn -0.778300 -0.571500 -0.259700
vn 0.904500 -0.301500 0.301500
vn 0.577300 -0.577300 0.577300
vn 0.577300 0.577300 0.577300
vn 0.707100 0.000000 0.707100
vn 0.904500 -0.301500 -0.301500
vn 0.904500 0.301500 0.301500
vn 0.904500 0.301500 -0.301500
vn 0.062000 -0.705700 -0.705700
vn 0.653400 -0.535300 -0.535300
vn 0.653400 -0.757000 0.000000
vn 0.062000 -0.998000 0.000000
vn 0.062000 0.000000 0.998000
vn 0.653400 0.000000 0.757000
vn 0.653400 0.535300 0.535300
vn 0.062000 0.705700 0.705700
vn 0.653400 -0.535300 0.535300
vn 0.062000 -0.705700 0.705700
vn 0.653400 0.757000 0.000000
vn 0.062000 0.998000 0.000000
vn 0.062000 0.000000 -0.998000
vn 0.653400 0.000000 -0.757000
vn 0.062000 0.705700 -0.705700
vn 0.653400 0.535300 -0.535300
vn -0.737400 -0.465100 -0.489700
vn -0.570200 0.753300 0.327500
vn -0.589600 0.710900 0.383300
vn -0.755300 -0.497200 -0.426900
vn 0.544000 -0.814100 -0.203100
vn 0.656300 -0.720500 -0.223800
vn -0.708800 -0.463000 -0.532200
vn -0.765900 -0.348300 -0.540400
vn -0.613500 0.762700 0.204800
vn -0.537400 0.786000 0.305500
vn 0.802100 0.342400 0.489100
vn 0.707600 0.378400 0.596700
vn 0.604400 -0.777000 -0.176000
vn 0.599100 -0.705600 -0.378200
vn 0.756100 0.329000 0.565700
vn -0.771300 -0.478700 -0.419300
vn 0.628700 -0.603200 -0.490800
vn -0.609500 0.700300 0.371400
vn 0.763000 0.488800 0.422900
vn -0.773000 -0.561800 -0.294500
vn 0.634700 -0.526200 -0.565900
vn -0.611300 0.616700 0.495900
vn 0.786800 0.549000 0.282000
vn -0.820600 -0.253000 -0.512500
vn 0.216400 -0.049300 -0.975000
vn -0.688000 0.712900 0.135300
vn 0.787700 0.588600 0.181800
vn 0.342200 0.868000 -0.359800
vn 0.935100 0.327500 0.135700
vn 0.467600 0.816600 0.338200
vn 0.467600 0.625000 0.625000
vn 0.935100 0.250600 0.250600
vn 0.935100 -0.135700 -0.327500
vn 0.467600 -0.338200 -0.816600
vn 0.467600 0.000000 -0.883900
vn 0.935100 0.000000 -0.354500
vn 0.467600 -0.338200 0.816600
vn 0.467600 -0.625000 0.625000
vn 0.935100 -0.250600 0.250600
vn 0.935100 -0.135700 0.327500
vn 0.935100 0.354500 0.000000
vn 0.467600 0.883900 0.000000
vn 0.935100 -0.250600 -0.250600
vn 0.467600 -0.625000 -0.625000
vn 0.467600 0.000000 0.883900
vn 0.935100 0.000000 0.354500
vn 0.935100 0.327500 -0.135700
vn 0.467600 0.816600 -0.338200
vn 0.935100 -0.327500 -0.135700
vn 0.467600 -0.816600 -0.338200
vn 0.935100 0.250600 -0.250600
vn 0.467600 0.625000 -0.625000
vn 0.467600 0.338200 0.816600
vn 0.935100 0.135700 0.327500
vn 0.935100 -0.354500 0.000000
vn 0.467600 -0.883900 0.000000
vn 0.935100 0.135700 -0.327500
vn 0.467600 0.338200 -0.816600
vn 0.935100 -0.327500 0.135700
vn 0.467600 -0.816600 0.338200
vn -0.934400 0.136400 -0.329200
vn -0.934400 0.000000 -0.356300
vn -0.466200 -0.884600 0.000000
vn -0.466200 -0.817300 -0.338500
vn -0.466200 0.338500 -0.817300
vn -0.466200 0.625500 -0.625500
vn -0.466200 0.625500 0.625500
vn -0.466200 0.338500 0.817300
vn -0.466200 -0.817300 0.338500
vn -0.466200 0.000000 -0.884600
vn -0.466200 0.817300 0.338500
vn -0.466200 -0.338500 -0.817300
vn -0.466200 -0.625500 0.625500
vn -0.466200 0.884600 0.000000
vn -0.466200 -0.625500 -0.625500
vn -0.466200 -0.338500 0.817300
vn -0.466200 0.817300 -0.338500
vn -0.466200 0.000000 0.884600
vn -0.934400 0.356300 0.000000
vn -0.934400 0.329200 0.136400
vn -0.934400 0.251900 0.251900
vn -0.934400 -0.329200 -0.136400
vn -0.934400 -0.356300 0.000000
vn -0.934400 -0.251900 -0.251900
vn -0.934400 -0.136400 -0.329200
vn -0.934400 -0.136400 0.329200
vn -0.934400 -0.251900 0.251900
vn -0.934400 0.251900 -0.251900
vn -0.934400 0.329200 -0.136400
vn -0.934400 0.000000 0.356300
vn -0.934400 -0.329200 0.136400
vn -0.934400 0.136400 0.329200
vn 0.603200 0.797500 0.013000
vn 0.791600 -0.611000 0.008300
vn 0.758800 -0.636800 -0.136600
vn 0.673400 0.724000 0.149200
vn 0.764900 -0.631200 0.127900
vn 0.747300 -0.555900 0.364000
vn 0.114900 -0.864700 0.488800
vn 0.129800 -0.976300 0.173400
vn 0.131700 -0.991200 0.011700
vn 0.129500 -0.974400 -0.183700
vn -0.131700 0.991100 0.018300
vn -0.128200 0.964500 0.230800
vn -0.130700 0.983400 -0.125400
vn 0.651700 0.753800 -0.083600
vn 0.752800 -0.422200 0.505000
vn 0.094300 -0.709600 0.698200
vn -0.120000 0.902800 -0.412900
vn 0.652000 0.705400 -0.278000
vn 0.711200 -0.287600 0.641400
vn 0.067000 -0.504100 0.861000
vn -0.100100 0.753100 -0.650200
vn 0.667400 0.603300 -0.436600
vn 0.684100 -0.043700 0.728100
vn 0.023700 -0.178700 0.983600
vn -0.072500 0.545200 -0.835100
vn 0.683600 0.464800 -0.562800
vn 0.669400 0.154100 0.726700
vn -0.011600 0.087700 0.996100
vn -0.030400 0.228500 -0.973100
vn 0.731800 0.248900 -0.634400
vn 0.655300 0.291400 0.696900
vn -0.036700 0.276600 0.960300
vn 0.004200 -0.031600 -0.999500
vn 0.715200 0.072700 -0.695100
vn 0.611000 0.475500 0.632900
vn -0.069200 0.520900 0.850800
vn 0.026700 -0.200800 -0.979200
vn 0.747200 -0.039100 -0.663500
vn 0.608900 0.624500 0.489100
vn -0.097500 0.733900 0.672100
vn 0.057900 -0.435600 -0.898300
vn 0.770000 -0.197100 -0.606800
vn 0.579000 0.742000 0.338000
vn -0.117300 0.882100 0.456200
vn 0.090300 -0.679300 -0.728300
vn 0.800900 -0.352800 -0.483800
vn 0.572100 0.812300 0.113100
vn -0.130200 0.979600 0.153200
vn 0.115600 -0.869700 -0.479700
vn 0.812200 -0.486300 -0.322100
vn 0.595100 0.802800 -0.036900
vn -0.131600 0.990000 -0.051300
vn 0.129700 -0.975600 -0.176900
vn 0.828500 -0.547500 -0.117200
vn 0.576100 0.797300 -0.180000
vn -0.127800 0.961200 -0.244300
vn 0.131600 -0.990200 0.045900
vn 0.803000 -0.595100 0.032000
vn 0.594800 0.727100 -0.342800
vn -0.116200 0.874500 -0.470700
vn 0.127800 -0.961900 0.241800
vn 0.822000 -0.545900 0.161800
vn 0.606800 0.650300 -0.456900
vn -0.102400 0.770600 -0.629000
vn 0.116200 -0.873900 0.472100
vn 0.802200 -0.502000 0.323100
vn 0.586300 0.404300 -0.702000
vn -0.055100 0.414900 -0.908200
vn 0.104700 -0.788000 0.606700
vn 0.788200 -0.450000 0.419700
vn 0.692100 0.122300 -0.711300
vn -0.005600 0.041800 -0.999100
vn 0.051900 -0.390500 0.919100
vn 0.841600 -0.116200 0.527500
vn 0.688600 0.043500 -0.723800
vn 0.008600 -0.065100 -0.997800
vn -0.001600 0.011700 0.999900
vn 0.692700 0.100600 0.714100
vn 0.708200 -0.055800 -0.703800
vn 0.027200 -0.204800 -0.978400
vn -0.001600 0.012000 0.999900
vn 0.707100 0.102500 0.699600
vn 0.696600 -0.299900 -0.651700
vn 0.067500 -0.508100 -0.858600
vn -0.011800 0.088700 0.996000
vn 0.703000 0.156300 0.693800
vn 0.757200 -0.470600 -0.452900
vn 0.102900 -0.774100 -0.624600
vn -0.060900 0.458400 0.886600
vn 0.747800 0.384300 0.541300
vn 0.762400 -0.552500 -0.336700
vn 0.116900 -0.879700 -0.461000
vn -0.102700 0.772800 0.626300
vn 0.645200 0.629400 0.432900
vn -0.113200 0.851400 0.512200
vn 0.639200 0.683000 0.353500
vn 0.702500 0.040700 -0.710500
vn -0.715000 -0.046000 -0.697600
vn -0.750900 0.097100 -0.653200
vn 0.622300 -0.099600 -0.776400
vn -0.729000 -0.159000 -0.665800
vn -0.640100 -0.390900 -0.661300
vn -0.846700 -0.532000 0.008200
vn -0.974800 -0.222600 0.012500
vn -0.997100 -0.075000 0.013900
vn -0.992500 0.121400 0.015400
vn 0.998800 0.046600 -0.014200
vn 0.985700 -0.167700 -0.015600
vn 0.984500 0.175100 -0.012900
vn 0.645400 0.122500 -0.753900
vn -0.501800 -0.524900 -0.687500
vn -0.679900 -0.733200 0.004200
vn 0.888900 0.458000 -0.009400
vn 0.587800 0.314200 -0.745500
vn -0.355900 -0.654400 -0.667000
vn -0.464700 -0.885400 -0.000100
vn 0.726100 0.687500 -0.005200
vn 0.476700 0.467300 -0.744500
vn -0.100200 -0.720100 -0.686600
vn -0.143400 -0.989600 -0.005600
vn 0.507400 0.861700 -0.000700
vn 0.331200 0.586400 -0.739200
vn 0.096500 -0.725400 -0.681500
vn 0.125200 -0.992100 -0.009500
vn 0.193200 0.981100 0.004800
vn 0.133600 0.642800 -0.754300
vn 0.227100 -0.680500 -0.696700
vn 0.326700 -0.945000 -0.012100
vn -0.068000 0.997600 0.008700
vn -0.039700 0.702200 -0.710800
vn 0.412300 -0.607300 -0.679100
vn 0.567300 -0.823400 -0.014600
vn -0.251300 0.967800 0.011100
vn -0.180900 0.661400 -0.727800
vn 0.552600 -0.456100 -0.697600
vn 0.773000 -0.634100 -0.016100
vn -0.483800 0.875100 0.013800
vn -0.337500 0.596900 -0.727900
vn 0.665500 -0.299300 -0.683800
vn 0.911500 -0.411000 -0.016400
vn -0.720800 0.692900 0.015800
vn -0.489700 0.466100 -0.736800
vn 0.727900 -0.059000 -0.683100
vn 0.995900 -0.088700 -0.015200
vn -0.900200 0.435000 0.016400
vn -0.615300 0.297900 -0.729900
vn 0.700600 0.090100 -0.707800
vn 0.993200 0.115900 -0.013500
vn -0.993500 0.112500 0.015300
vn -0.664300 0.082000 -0.742900
vn 0.694600 0.220900 -0.684600
vn 0.956100 0.292700 -0.011600
vn -0.993800 -0.110500 0.013600
vn -0.706700 -0.070000 -0.704100
vn 0.614300 0.379900 -0.691500
vn 0.857500 0.514400 -0.008500
vn -0.956900 -0.290200 0.011700
vn -0.651300 -0.188500 -0.735000
vn 0.479500 0.570200 -0.667000
vn 0.658100 0.752900 -0.003700
vn -0.856700 -0.515700 0.008500
vn -0.596900 -0.347300 -0.723200
vn 0.236100 0.702800 -0.671000
vn 0.342500 0.939500 0.002300
vn -0.629500 -0.776900 0.003100
vn -0.419800 -0.485000 -0.767100
vn 0.072600 0.739000 -0.669800
vn 0.092000 0.995700 0.006300
vn -0.308800 -0.951100 -0.002900
vn -0.232100 -0.636000 -0.736000
vn -0.068100 0.723600 -0.686800
vn -0.105600 0.994400 0.009200
vn -0.094300 -0.995500 -0.006300
vn -0.060300 -0.681200 -0.729600
vn -0.193700 0.700900 -0.686500
vn -0.255300 0.966800 0.011200
vn 0.053100 -0.998500 -0.008500
vn 0.047800 -0.683600 -0.728300
vn -0.430600 0.636400 -0.639900
vn -0.554900 0.831800 0.014500
vn 0.139200 -0.990200 -0.009700
vn 0.086600 -0.684200 -0.724100
vn -0.598200 0.429200 -0.676700
vn -0.811200 0.584600 0.016300
vn 0.506200 -0.862300 -0.014000
vn 0.297600 -0.520300 -0.800400
vn -0.674100 0.309000 -0.670800
vn -0.909300 0.415800 0.016400
vn 0.809900 -0.586400 -0.016300
vn 0.549400 -0.399800 -0.733700
vn 0.883300 -0.468400 -0.016400
vn 0.599200 -0.317700 -0.734900
vn -0.079000 0.996900 0.000000
vn -0.056800 0.714800 0.697000
vn 0.000000 0.712400 0.701800
vn -0.754400 0.656400 0.000000
vn -0.612200 0.531900 0.585000
vn -0.999700 -0.022100 0.000000
vn -0.762300 0.403100 0.506300
vn -0.999800 -0.017600 0.000000
vn -0.873300 0.386600 0.296400
vn 0.000000 -0.998900 -0.046000
vn 0.000000 -0.801600 0.597800
vn -0.160300 -0.755500 0.635200
vn 0.012300 -0.998800 -0.046000
vn -0.670900 -0.664100 0.329800
vn -0.716500 -0.696800 -0.032100
vn 0.000000 0.188600 0.982000
vn -0.213800 0.138900 0.966900
vn -0.815800 0.061000 0.575000
vn -0.129900 0.813600 0.566700
vn 0.000000 0.874400 0.485200
vn 0.000000 0.682600 0.730800
vn -0.011600 0.663700 0.747900
vn -0.810300 0.585700 0.019300
vn -0.997100 0.067400 0.033800
vn -0.652600 0.229700 0.722000
vn -0.743000 0.596100 0.304400
vn 0.705200 -0.549100 0.448500
vn -0.995500 0.095200 0.000000
vn -0.086300 0.378000 0.921800
vn -0.199100 0.898800 0.390500
vn 0.623000 0.708500 0.331300
vn 0.637800 0.262600 0.724000
vn -0.995700 0.092600 0.002000
vn -0.748100 -0.663500 -0.009600
vn -0.810900 -0.513800 -0.280100
vn -0.224600 0.974400 0.003000
vn -0.778700 -0.332400 -0.532100
vn -0.658500 0.023300 0.752200
vn -0.675700 0.011800 0.737000
vn -0.200400 0.979700 0.003000
vn 0.447200 0.894400 0.000000
vn -0.779000 0.626900 0.005600
vn -0.760900 -0.601500 0.243100
vn -0.770200 0.637800 0.000000
vn -0.755800 -0.449800 0.475900
vn -0.501900 0.784200 0.364800
vn -0.188000 0.982100 0.000000
vn -0.956500 -0.246100 0.156400
vn -0.967200 0.212100 0.139700
vn -0.714000 0.313600 0.626000
vn -0.712900 -0.315300 0.626400
vn -0.905100 -0.400300 -0.143400
vn -0.914500 -0.404500 0.000000
vn -0.848600 -0.375300 -0.372800
vn 0.000000 0.341000 0.940100
vn -0.883000 0.370600 -0.288100
vn -0.894700 0.446700 -0.000600
vn -0.915900 0.401400 -0.000000
vn -0.861200 0.507800 0.021900
vn -0.797200 0.603600 0.010500
vn -0.779000 0.626900 0.010700
vn -0.885000 0.328300 0.330000
vn 0.000000 -0.782300 0.622900
vn -0.633100 -0.605500 0.482100
vn -0.655200 -0.754700 0.034600
vn 0.000000 -0.998900 0.045800
vn -0.859200 0.511700 0.000000
vn -0.806500 0.591200 0.000000
vn 0.000000 -0.617700 -0.786400
vn -0.746700 -0.410900 -0.523100
vn -0.783400 -0.566400 -0.255900
vn 0.000000 -0.911300 -0.411800
vn -0.776400 -0.541600 0.322200
vn -0.750000 -0.659800 0.046100
vn -0.733300 -0.403700 0.547100
vn -0.895500 0.445100 -0.000200
vn -0.914500 0.404500 0.000000
vn -0.895000 0.446000 0.000700
vn -0.894900 0.446200 -0.000900
vn -0.535800 -0.237000 -0.810400
vn -0.463200 0.275900 -0.842200
vn -0.895000 0.446000 0.000400
vn -0.848900 0.374600 -0.372800
vn -0.885800 0.443100 -0.137600
vn -0.895500 0.445000 -0.000500
vn -0.921000 0.291900 -0.258000
vn -0.658300 0.752100 0.029900
vn -0.576000 -0.605500 0.549200
vn -0.042000 -0.832600 0.552300
vn -0.138600 0.990300 0.000000
vn 0.001500 1.000000 0.000000
vn -0.137100 0.987000 0.084000
vn -0.661900 0.749600 0.000000
vn -0.645200 0.761700 0.059500
vn 0.001000 0.706700 -0.707400
vn -0.102000 0.729200 -0.676600
vn 0.001400 0.983900 0.178400
vn 0.000000 0.983900 0.178400
vn 0.000000 0.996300 0.085500
vn 0.001500 0.996300 0.085500
vn -0.704400 0.063400 0.706900
vn -0.708200 0.075100 0.702000
vn -0.994500 0.104500 -0.003400
vn -0.995500 0.095100 0.002100
vn -0.703900 0.069800 -0.706800
vn -0.704200 0.071900 -0.706300
vn 0.011200 -0.983100 -0.182500
vn 0.000000 -1.000000 -0.007000
vn 0.000000 -0.999900 -0.014000
vn -0.986900 -0.161400 0.000700
vn -0.518100 0.586700 -0.622200
vn -0.708200 -0.251400 -0.659700
vn 0.000000 -0.497800 -0.867200
vn 0.000000 -0.710800 -0.703300
vn 0.000000 -0.692800 -0.721100
vn 0.017500 -0.817000 -0.576400
vn 0.141100 -0.980600 -0.135800
vn 0.000000 -0.927100 0.374700
vn 0.000000 -0.996800 0.079400
vn 0.000000 0.905800 0.423600
vn -0.706900 -0.707300 0.000600
vn -0.603400 -0.670400 0.431700
vn -0.721300 -0.326200 0.610900
vn 0.000300 -0.428700 -0.903400
vn -0.984300 -0.115900 0.133200
vn -0.623900 0.774600 0.103900
vn -0.983300 -0.181700 0.000300
vn 0.986900 -0.161400 0.000700
vn 0.661900 0.749600 0.000000
vn 0.645200 0.761700 0.059500
vn 0.983300 -0.181700 0.000300
vn 0.014600 -0.450000 -0.892900
vn -0.918500 -0.129600 0.373500
vn -0.973800 0.206600 0.094600
vn -0.969300 -0.219500 0.110800
vn -0.121600 0.978300 0.167800
vn 0.000000 -0.686800 0.726800
vn -0.536000 0.839000 0.093500
vn -0.084500 0.983600 0.159500
vn -0.818300 0.574000 0.029100
vn 0.027600 -0.999500 0.017800
vn 0.000000 0.999800 0.019200
vn 0.000000 0.999800 0.016500
vn -0.055800 0.998300 0.016300
vn -0.054900 0.998300 0.019000
vn 0.000000 0.901500 0.432700
vn 0.000000 0.988700 0.149500
vn -0.058900 0.987300 0.147400
vn -0.065600 0.901200 0.428400
vn 0.041000 -0.999100 0.000000
vn 0.029100 -0.708500 -0.705100
vn 0.000000 -0.714200 -0.699900
vn 0.000000 -0.410900 0.911700
vn 0.000000 0.657800 0.753200
vn -0.067200 0.658000 0.750000
vn -0.027500 -0.421400 0.906400
vn 0.036300 -0.994200 0.100900
vn 0.000000 -0.994700 0.102700
vn 0.000000 0.720800 -0.693200
vn -0.040400 0.716300 -0.696600
vn 0.082200 -0.991500 0.101000
vn 0.097800 -0.995200 0.000000
vn -0.178600 0.646300 0.741900
vn -0.094100 -0.408100 0.908100
vn -0.121400 0.992400 0.018900
vn -0.136700 0.979600 0.146900
vn 0.085800 -0.996300 0.000000
vn -0.162600 0.891800 0.422200
vn -0.260200 0.872500 0.413600
vn -0.336500 0.593400 0.731200
vn -0.235800 -0.472800 0.849000
vn -0.122600 0.992300 0.015800
vn -0.089200 0.717300 -0.691000
vn -0.111100 0.706700 -0.698700
vn -0.153400 0.988000 0.014800
vn 0.054500 -0.994200 0.093000
vn 0.013000 -0.995900 0.088700
vn 0.067000 -0.997700 0.000000
vn -0.150200 0.988500 0.018600
vn -0.185000 0.972300 0.142700
vn -0.468700 0.530600 0.706200
vn -0.404400 -0.494500 0.769300
vn -0.126300 0.991800 0.017500
vn -0.189600 0.971700 0.140500
vn -0.330500 0.849800 0.410600
vn -0.089800 0.710500 -0.698000
vn -0.125800 0.991900 0.014300
vn -0.007600 -0.995500 0.094100
vn 0.054000 -0.998500 0.000000
vn -0.510400 0.552000 0.659300
vn -0.457700 -0.538300 0.707700
vn -0.061800 0.997900 0.016800
vn -0.175200 0.973900 0.144400
vn -0.056400 0.998300 0.015100
vn -0.407100 0.912800 0.032600
vn -0.399200 0.916300 0.032000
vn -0.039800 0.723300 -0.689400
vn -0.883000 -0.466400 0.052300
vn -0.900300 -0.433500 0.039000
vn -0.349900 0.849900 0.393900
vn -0.682600 0.625300 0.378200
vn -0.791800 -0.309800 0.526300
vn -0.453600 0.890100 0.044900
vn -0.303900 0.719100 -0.624900
vn -0.585800 0.785300 0.200300
vn 0.070200 -0.714100 -0.696500
vn 0.061800 -0.717400 -0.693800
vn 0.048000 -0.714500 -0.698000
vn 0.038900 -0.717800 -0.695100
vn -0.921800 -0.383500 0.056000
vn -0.769200 -0.329300 -0.547600
vn 0.001200 0.984600 0.174500
vn 0.000000 0.984600 0.174400
vn 0.000800 0.969100 0.246600
vn 0.000000 0.969200 0.246300
vn -0.666000 0.742500 0.070700
vn -0.401200 0.903000 0.153300
vn -0.048200 0.971500 0.232200
vn 0.000000 -0.997600 0.069700
vn -0.859600 -0.418200 0.293700
vn 0.000000 0.447200 0.894400
vn -0.887700 -0.330400 -0.320700
vn -0.993800 0.110500 -0.004900
vn 0.000000 0.478400 0.878100
vn 0.000000 0.478800 0.877900
vn -0.819900 0.375100 0.432400
vn -0.894100 0.447900 0.001200
vn 0.000000 0.478100 0.878300
vn 0.447600 0.062600 0.892000
vn -0.443400 0.151900 0.883300
vn -0.906900 -0.267600 -0.325600
vn -0.684900 0.448300 0.574400
vn -0.764600 0.459700 0.451600
vn -0.962900 0.269200 0.016400
vn 0.000000 0.232900 0.972500
vn -0.006200 0.241200 0.970400
vn -0.694400 0.083800 0.714700
vn -0.602900 -0.547700 0.580100
vn -0.731900 -0.032400 0.680600
vn -0.011600 0.248500 0.968500
vn -0.674300 0.224600 0.703400
vn 0.000000 0.481700 0.876300
vn -0.186200 0.658100 0.729500
vn 0.000000 0.469200 0.883100
vn -0.027600 -0.724900 -0.688300
vn 0.014700 -0.838700 -0.544400
vn 0.000000 -0.859400 0.511300
vn 0.000000 -0.593700 0.804700
vn -0.496000 0.496500 0.712300
vn -0.511000 -0.617100 0.598400
vn 0.000000 -0.471100 0.882100
vn 0.000000 -1.000000 0.000900
vn 0.174200 0.644800 0.744200
vn 0.000000 -0.138000 -0.990400
vn 0.000000 -0.077200 -0.997000
vn 0.000000 -0.702100 -0.712000
vn -0.692200 0.613000 0.380800
vn -0.692200 -0.613000 0.380800
vn -0.211900 -0.649400 0.730300
vn -0.211900 0.649400 0.730300
vn 0.000000 -0.747200 -0.664500
vn 0.000000 -0.843700 0.536800
vn -0.705300 -0.005700 -0.708900
vn -0.693600 -0.055600 -0.718200
vn -0.681400 -0.571600 -0.457100
vn 0.000000 -0.760400 -0.649500
vn -0.352200 -0.935900 0.000000
vn -0.311000 -0.763400 -0.566100
vn 0.000000 -0.760400 0.649500
vn -0.311000 -0.763400 0.566100
vn 0.005900 0.983200 0.182000
vn -0.035100 0.989300 0.141500
vn -0.010400 0.542600 0.839900
vn 0.009200 0.442900 0.896500
vn 0.000000 -0.216900 0.976200
vn -0.151000 -0.284100 0.946800
vn 0.000000 0.980600 0.196200
vn 0.000000 0.432900 0.901400
vn 0.000000 -0.186500 -0.982400
vn -0.147500 -0.258300 -0.954700
vn 0.006000 0.639100 -0.769100
vn 0.000000 0.625800 -0.779900
vn -0.460200 0.881800 0.102600
vn -0.310500 0.581200 0.752200
vn -0.387000 -0.762800 -0.518000
vn -0.094000 -0.225100 -0.969800
vn -0.469600 -0.882800 0.000000
vn -0.105100 -0.281100 0.953900
vn 0.105900 -0.255800 0.960900
vn 0.305300 -0.822500 0.479900
vn -0.387000 -0.762800 0.518100
vn -0.020700 0.687500 -0.725900
vn -0.360800 0.681900 -0.636200
vn -0.617200 0.240900 0.749000
vn 0.323000 -0.114500 0.939400
vn 0.328000 -0.944600 0.000000
vn 0.305300 -0.822500 -0.479900
vn -0.724500 0.271500 -0.633600
vn -0.935500 0.341300 0.091600
vn 0.062600 -0.177300 -0.982100
vn 0.844200 -0.339100 0.415100
vn 0.238100 -0.075200 -0.968300
vn 0.844200 -0.339100 -0.415100
vn 0.931000 -0.364800 0.000000
vn -0.995100 -0.028000 0.095200
vn -0.604700 -0.017300 0.796200
vn -0.732300 -0.020700 -0.680600
vn 0.409600 0.011700 0.912200
vn 0.916700 0.027000 0.398500
vn 0.334300 0.009400 -0.942400
vn 0.916700 0.027000 -0.398500
vn 0.999500 0.029400 0.000000
vn 0.387600 0.081500 0.918200
vn 0.895100 0.203100 0.396900
vn -0.609300 -0.138900 0.780600
vn -0.972800 -0.212200 0.092600
vn -0.729400 -0.161700 -0.664600
vn 0.895100 0.203100 -0.396900
vn 0.308300 0.061600 -0.949300
vn -0.551100 -0.329100 0.766700
vn 0.336700 0.196400 0.920900
vn 0.975800 0.218700 0.000000
vn -0.869400 -0.486400 0.086400
vn -0.506600 -0.857600 0.088400
vn -0.344700 -0.572300 0.744000
vn 0.259700 0.140900 -0.955300
vn -0.658100 -0.376600 -0.651900
vn 0.761800 0.526300 -0.377700
vn 0.826300 0.563200 0.000000
vn 0.761800 0.526300 0.377700
vn 0.172100 0.325500 0.929700
vn 0.427400 0.814900 0.391400
vn -0.398600 -0.669300 -0.627000
vn 0.427400 0.814900 -0.391400
vn 0.122300 0.246000 -0.961500
vn 0.456800 0.889600 0.000000
vn -0.094100 -0.991300 0.092100
vn -0.060200 -0.614800 0.786400
vn 0.039200 0.404500 0.913700
vn 0.094100 0.914900 0.392600
vn -0.071000 -0.738600 -0.670300
vn 0.030800 0.324800 -0.945300
vn 0.094100 0.914900 -0.392600
vn 0.101800 0.994800 0.000000
vn 0.000000 -0.725500 -0.688200
vn 0.000000 -0.995600 0.093200
vn 0.000000 0.922500 -0.385900
vn 0.000000 0.922500 0.385900
vn 0.000000 0.354900 -0.934900
vn 0.000000 0.429300 0.903100
vn 0.000000 -0.595100 0.803600
vn 0.000000 0.992300 -0.123800
vn -0.051300 0.991100 -0.122500
vn -0.051300 0.991100 0.122500
vn 0.000000 0.992300 0.123800
vn -0.031600 0.612900 0.789500
vn -0.163800 0.640000 0.750700
vn 0.133800 -0.547900 0.825800
vn 0.030800 -0.616300 0.786900
vn 0.000000 0.969100 -0.246700
vn -0.050100 0.968700 -0.243000
vn 0.000000 -0.992200 -0.124900
vn 0.049400 -0.991200 -0.122300
vn 0.048400 -0.968800 -0.243000
vn 0.000000 -0.969100 -0.246700
vn 0.000000 -0.599300 0.800500
vn 0.049400 -0.991200 0.122300
vn 0.000000 -0.992200 0.124900
vn 0.000000 0.627300 0.778700
vn 0.000000 -0.992200 -0.124400
vn 0.005600 -0.992200 -0.124200
vn 0.005500 -0.969100 -0.246700
vn 0.000000 0.992200 -0.124200
vn -0.005600 0.992200 -0.124400
vn -0.005600 0.992200 0.124400
vn 0.000000 0.992200 0.124200
vn 0.000000 -0.612300 0.790600
vn 0.003500 -0.615100 0.788400
vn 0.005600 -0.992200 0.124200
vn 0.000000 -0.992200 0.124400
vn 0.000000 0.615100 0.788400
vn -0.003500 0.612300 0.790600
vn -0.005500 0.969100 -0.246700
vn -0.005700 0.969100 -0.246700
vn -0.005900 0.992200 -0.124400
vn -0.005900 0.992200 0.124400
vn -0.003600 0.612300 0.790600
vn 0.005900 -0.992200 0.124200
vn 0.005900 -0.992200 -0.124200
vn 0.003600 -0.615100 0.788400
vn 0.005700 -0.969100 -0.246700
vn -0.005900 0.969100 -0.246700
vn -0.006000 0.992200 -0.124400
vn -0.006000 0.992200 0.124400
vn -0.003700 0.612200 0.790600
vn 0.000000 0.615200 0.788400
vn 0.006000 -0.992200 0.124200
vn 0.006000 -0.992200 -0.124200
vn 0.003700 -0.615200 0.788400
vn 0.000000 -0.612200 0.790600
vn 0.005900 -0.969100 -0.246700
vn 0.000000 -0.612200 0.790700
vn 0.006200 -0.992200 -0.124200
vn 0.006000 -0.969100 -0.246700
vn -0.006200 0.992200 -0.124400
vn -0.006200 0.992200 0.124400
vn 0.003800 -0.615200 0.788300
vn 0.006200 -0.992200 0.124200
vn 0.000000 0.615200 0.788300
vn -0.003800 0.612200 0.790700
vn -0.006000 0.969100 -0.246700
vn -0.664500 0.104300 0.740000
vn 0.530000 -0.082000 0.844000
vn 0.361300 -0.362000 0.859200
vn -0.489700 0.475100 0.731000
vn -0.252600 0.960000 0.121000
vn -0.252600 0.960000 -0.121000
vn 0.228100 -0.965700 0.124000
vn 0.228100 -0.965700 -0.124000
vn 0.230100 -0.942400 -0.242400
vn -0.622900 -0.223300 0.749700
vn 0.519900 0.188400 0.833200
vn 0.696600 -0.705500 0.129900
vn 0.696600 -0.705500 -0.129900
vn -0.714400 0.688900 0.122800
vn -0.240500 0.939500 -0.244100
vn -0.694900 0.674200 -0.250100
vn -0.714400 0.688900 -0.122800
vn 0.683900 -0.685200 -0.250600
vn 0.979600 -0.155500 0.127200
vn 0.979600 -0.155500 -0.127200
vn -0.981100 0.150400 0.121800
vn -0.981100 0.150400 -0.121800
vn -0.957300 0.150300 -0.246800
vn 0.957600 -0.148300 -0.247000
vn -0.380200 -0.580200 0.720300
vn 0.250300 0.403000 0.880300
vn 0.932600 0.337900 0.127000
vn 0.932600 0.337900 -0.127000
vn -0.030400 -0.649900 0.759400
vn -0.007900 0.598500 0.801000
vn 0.910900 0.330100 -0.247600
vn -0.934100 -0.335100 0.122600
vn -0.934100 -0.335100 -0.122600
vn -0.912000 -0.326900 -0.247400
vn -0.530600 -0.809800 -0.250300
vn -0.564300 -0.816300 -0.123000
vn 0.493000 0.860000 0.131700
vn 0.493000 0.860000 -0.131700
vn -0.015400 0.993100 0.116300
vn -0.095400 0.987800 0.122700
vn -0.095400 0.987800 -0.122700
vn -0.015400 0.993100 -0.116300
vn 0.510400 0.821600 -0.253500
vn -0.564300 -0.816300 0.122900
vn -0.045700 -0.992100 0.117000
vn -0.045500 -0.971000 -0.234800
vn -0.045700 -0.992100 -0.117000
vn 0.056700 -0.587100 0.807500
vn -0.061500 0.636200 0.769000
vn -0.012800 0.973200 -0.229500
vn 0.093200 -0.964900 -0.245500
vn 0.095400 -0.987600 -0.124700
vn 0.095400 -0.987600 0.124700
vn -0.093200 0.964900 -0.245500
vn -0.915700 0.401700 -0.000200
vn 0.299700 0.283500 -0.910900
vn -0.615300 0.787400 0.037600
vn -0.470500 0.725000 0.502900
vn 0.000000 -0.840700 0.541400
vn -0.712900 -0.315300 -0.626400
vn -0.935500 -0.352900 -0.013900
vn -0.538800 0.267900 -0.798700
vn -0.713100 -0.689800 -0.124800
vn 0.000000 -0.984000 -0.178000
vn -0.684300 0.130400 0.717400
vn 0.000000 -0.425000 -0.905200
vn 0.310600 -0.724000 -0.615900
vn 0.000000 -0.445500 -0.895300
vn 0.000000 -0.951500 -0.307600
vn -0.712900 0.315300 -0.626400
vn -0.724000 0.069200 -0.686300
vn -0.631300 0.462800 -0.622300
vn -0.608200 -0.682300 -0.405600
vn 0.000000 -0.859600 -0.511000
vn -0.895500 0.445000 0.000300
vn -0.594200 -0.564700 -0.572700
vn 0.000000 -0.008100 -0.999900
vn -0.218400 0.618400 0.754900
vn -0.020800 0.590700 0.806600
vn 0.000300 0.579200 0.815100
vn 0.016200 -0.998700 -0.046800
vn 0.010100 -0.997900 -0.064000
vn 0.000000 -0.725100 0.688700
vn 0.007400 -0.456600 0.889600
vn -0.525900 0.797200 0.296300
vn 0.000000 0.579400 0.815000
vn 0.000000 -0.995700 -0.092700
vn 0.713000 -0.019700 -0.700900
vn 0.056800 0.714800 0.697000
vn 0.079000 0.996900 0.000000
vn 0.612200 0.531900 0.585000
vn 0.754400 0.656400 0.000000
vn 0.762300 0.403100 0.506300
vn 0.999700 -0.022100 0.000000
vn 0.873300 0.386600 0.296400
vn 0.999800 -0.017600 0.000000
vn -0.012300 -0.998800 -0.046000
vn 0.160300 -0.755500 0.635200
vn 0.716500 -0.696800 -0.032100
vn 0.670900 -0.664100 0.329800
vn 0.213800 0.138900 0.966900
vn 0.815800 0.061000 0.575000
vn 0.129900 0.813600 0.566700
vn 0.011600 0.663700 0.747900
vn 0.810300 0.585700 0.019300
vn 0.743000 0.596100 0.304400
vn 0.652600 0.229700 0.722000
vn 0.997100 0.067400 0.033800
vn -0.705200 -0.549100 0.448500
vn 0.995500 0.095200 0.000000
vn 0.199100 0.898800 0.390500
vn 0.086300 0.378000 0.921800
vn -0.637800 0.262600 0.724000
vn -0.623000 0.708500 0.331300
vn 0.995700 0.092600 0.002000
vn 0.810900 -0.513800 -0.280100
vn 0.748100 -0.663500 -0.009600
vn 0.224600 0.974400 0.003000
vn 0.675700 0.011800 0.737000
vn 0.658500 0.023300 0.752200
vn 0.778700 -0.332400 -0.532100
vn 0.200400 0.979700 0.003000
vn -0.447200 0.894400 0.000000
vn 0.779000 0.626900 0.005600
vn 0.760900 -0.601500 0.243100
vn 0.770200 0.637800 0.000000
vn 0.755800 -0.449800 0.475900
vn 0.188000 0.982100 0.000000
vn 0.501900 0.784200 0.364800
vn 0.956500 -0.246100 0.156400
vn 0.712900 -0.315300 0.626400
vn 0.714000 0.313600 0.626000
vn 0.967200 0.212100 0.139700
vn 0.905100 -0.400300 -0.143400
vn 0.848600 -0.375300 -0.372800
vn 0.914500 -0.404500 0.000000
vn 0.883000 0.370600 -0.288100
vn 0.915900 0.401400 -0.000000
vn 0.894700 0.446700 -0.000600
vn 0.779000 0.626900 0.010700
vn 0.797200 0.603600 0.010500
vn 0.861200 0.507800 0.021900
vn 0.885000 0.328300 0.330000
vn 0.655200 -0.754700 0.034600
vn 0.633200 -0.605500 0.482100
vn 0.806500 0.591200 0.000000
vn 0.859200 0.511700 0.000000
vn 0.783400 -0.566400 -0.255900
vn 0.746700 -0.410900 -0.523100
vn 0.750000 -0.659800 0.046100
vn 0.776400 -0.541600 0.322200
vn 0.733300 -0.403700 0.547100
vn 0.895500 0.445100 -0.000200
vn 0.895000 0.446000 0.000700
vn 0.914500 0.404500 0.000000
vn 0.894900 0.446200 -0.000900
vn 0.463200 0.275900 -0.842200
vn 0.535800 -0.237000 -0.810400
vn 0.895000 0.446000 0.000400
vn 0.885800 0.443100 -0.137600
vn 0.848900 0.374600 -0.372800
vn 0.895500 0.445000 -0.000500
vn 0.921000 0.291900 -0.258000
vn 0.658300 0.752100 0.029900
vn 0.042000 -0.832600 0.552300
vn 0.576000 -0.605500 0.549200
vn 0.138600 0.990300 0.000000
vn -0.001500 1.000000 0.000000
vn 0.137100 0.987000 0.084000
vn 0.950000 -0.312100 0.000400
vn 0.935500 -0.352900 -0.013900
vn -0.001100 0.706700 -0.707400
vn 0.102000 0.729200 -0.676600
vn -0.001400 0.983900 0.178400
vn -0.001500 0.996300 0.085500
vn -0.950000 -0.312100 0.000400
vn 0.704400 0.063400 0.706900
vn 0.995500 0.095100 0.002100
vn 0.994500 0.104500 -0.003400
vn 0.708200 0.075100 0.702000
vn -0.011200 -0.983100 -0.182500
vn 0.708200 -0.251400 -0.659700
vn 0.518100 0.586700 -0.622200
vn -0.141100 -0.980600 -0.135800
vn -0.017500 -0.817000 -0.576400
vn 0.721300 -0.326200 0.610900
vn 0.603400 -0.670400 0.431700
vn 0.706900 -0.707300 0.000600
vn -0.000300 -0.428700 -0.903400
vn 0.984300 -0.115900 0.133200
vn 0.623900 0.774600 0.103900
vn -0.014600 -0.450000 -0.892900
vn 0.960300 -0.279000 0.001300
vn 0.918500 -0.129600 0.373500
vn 0.969300 -0.219500 0.110800
vn 0.973800 0.206600 0.094600
vn 0.121600 0.978300 0.167800
vn 0.536000 0.839000 0.093500
vn 0.084500 0.983600 0.159500
vn 0.818300 0.574000 0.029100
vn -0.027600 -0.999500 0.017800
vn 0.054900 0.998300 0.019000
vn 0.055800 0.998300 0.016300
vn 0.065600 0.901200 0.428400
vn 0.058900 0.987300 0.147400
vn -0.029100 -0.708500 -0.705100
vn -0.041000 -0.999100 0.000000
vn 0.027500 -0.421400 0.906400
vn 0.067200 0.658000 0.750000
vn -0.036300 -0.994200 0.100900
vn 0.040400 0.716300 -0.696600
vn -0.097800 -0.995200 0.000000
vn -0.082200 -0.991500 0.101000
vn 0.094100 -0.408100 0.908100
vn 0.178600 0.646300 0.741900
vn 0.136700 0.979600 0.146900
vn 0.121400 0.992400 0.018900
vn -0.085800 -0.996300 0.000000
vn 0.162600 0.891800 0.422200
vn 0.336500 0.593400 0.731200
vn 0.260200 0.872500 0.413600
vn 0.235800 -0.472800 0.849000
vn 0.122600 0.992300 0.015800
vn 0.153400 0.988000 0.014800
vn 0.111100 0.706700 -0.698700
vn 0.089200 0.717300 -0.691000
vn -0.067000 -0.997700 0.000000
vn -0.013000 -0.995900 0.088700
vn -0.054500 -0.994200 0.093000
vn 0.185000 0.972300 0.142700
vn 0.150200 0.988500 0.018600
vn 0.404400 -0.494500 0.769300
vn 0.468700 0.530600 0.706200
vn 0.189600 0.971700 0.140500
vn 0.126300 0.991800 0.017500
vn 0.330500 0.849800 0.410600
vn 0.125800 0.991900 0.014300
vn 0.089800 0.710500 -0.698000
vn -0.054000 -0.998500 0.000000
vn 0.007600 -0.995500 0.094100
vn 0.457700 -0.538300 0.707700
vn 0.510400 0.552000 0.659300
vn 0.175200 0.973900 0.144400
vn 0.061800 0.997900 0.016800
vn 0.056400 0.998300 0.015100
vn 0.399200 0.916300 0.032000
vn 0.407100 0.912800 0.032600
vn 0.039800 0.723300 -0.689400
vn 0.900300 -0.433500 0.039000
vn 0.883000 -0.466400 0.052300
vn 0.349900 0.849900 0.393900
vn 0.791900 -0.309800 0.526300
vn 0.682600 0.625300 0.378200
vn 0.453600 0.890100 0.044900
vn 0.303900 0.719100 -0.624900
vn 0.585800 0.785300 0.200300
vn -0.070200 -0.714100 -0.696500
vn -0.061800 -0.717400 -0.693800
vn -0.048000 -0.714500 -0.698000
vn -0.038900 -0.717800 -0.695100
vn 0.921800 -0.383500 0.056000
vn 0.769200 -0.329300 -0.547600
vn -0.001200 0.984600 0.174500
vn -0.000800 0.969100 0.246600
vn 0.666000 0.742500 0.070700
vn 0.401200 0.903000 0.153300
vn 0.048200 0.971500 0.232200
vn 0.859600 -0.418200 0.293700
vn 0.887700 -0.330400 -0.320700
vn 0.993800 0.110500 -0.004900
vn 0.894100 0.447900 0.001200
vn 0.819900 0.375100 0.432400
vn 0.443400 0.151900 0.883300
vn -0.447600 0.062600 0.892000
vn 0.906900 -0.267600 -0.325600
vn 0.962900 0.269200 0.016400
vn 0.764600 0.459700 0.451600
vn 0.684900 0.448300 0.574400
vn 0.248700 0.725300 0.641900
vn 0.006200 0.241200 0.970400
vn 0.602900 -0.547700 0.580100
vn 0.694400 0.083800 0.714700
vn 0.186200 0.658100 0.729500
vn -0.174200 0.644800 0.744200
vn -0.589200 0.315800 0.743700
vn 0.603200 -0.008900 0.797500
vn 0.000000 0.861800 0.507200
vn 0.731900 -0.032400 0.680600
vn 0.674300 0.224600 0.703400
vn 0.011600 0.248500 0.968500
vn 0.000000 -0.507200 0.861800
vn 0.027600 -0.724900 -0.688300
vn -0.014700 -0.838700 -0.544400
vn 0.692200 0.613000 0.380800
vn 0.211900 0.649400 0.730300
vn 0.211900 -0.649400 0.730300
vn 0.692200 -0.613000 0.380800
vn 0.705300 -0.005700 -0.708900
vn 0.693600 -0.055600 -0.718200
vn 0.681400 -0.571600 -0.457100
vn 0.704200 0.071900 -0.706300
vn 0.311000 -0.763400 -0.566100
vn 0.352200 -0.935900 0.000000
vn 0.311000 -0.763400 0.566100
vn -0.005900 0.983200 0.182000
vn -0.009200 0.442900 0.896500
vn 0.010400 0.542600 0.839900
vn 0.035100 0.989300 0.141500
vn 0.151000 -0.284100 0.946800
vn -0.006000 0.639100 -0.769100
vn 0.147500 -0.258300 -0.954700
vn 0.310500 0.581200 0.752200
vn 0.460200 0.881800 0.102600
vn 0.094000 -0.225100 -0.969800
vn 0.387000 -0.762700 -0.518000
vn 0.469600 -0.882800 0.000000
vn 0.105100 -0.281100 0.953900
vn 0.387000 -0.762800 0.518000
vn -0.305300 -0.822500 0.479900
vn -0.105900 -0.255800 0.960900
vn 0.020700 0.687500 -0.725900
vn 0.360800 0.681900 -0.636200
vn -0.323000 -0.114500 0.939400
vn 0.617200 0.240900 0.749000
vn -0.305300 -0.822500 -0.479900
vn -0.328000 -0.944600 0.000000
vn 0.935500 0.341300 0.091600
vn 0.724500 0.271500 -0.633600
vn -0.062600 -0.177300 -0.982100
vn -0.844200 -0.339100 0.415100
vn -0.238100 -0.075200 -0.968300
vn -0.844200 -0.339100 -0.415100
vn -0.931000 -0.364800 0.000000
vn 0.604700 -0.017300 0.796200
vn 0.995100 -0.028000 0.095200
vn 0.732300 -0.020700 -0.680600
vn -0.916700 0.027000 0.398500
vn -0.409600 0.011700 0.912200
vn -0.334300 0.009400 -0.942400
vn -0.916700 0.027000 -0.398500
vn -0.999500 0.029400 0.000000
vn -0.895100 0.203100 0.396900
vn -0.387600 0.081500 0.918200
vn 0.609300 -0.138900 0.780600
vn 0.972800 -0.212200 0.092600
vn 0.729400 -0.161700 -0.664600
vn -0.308300 0.061600 -0.949300
vn -0.895100 0.203100 -0.396900
vn -0.336700 0.196400 0.920900
vn 0.551100 -0.329100 0.766700
vn -0.975800 0.218700 0.000000
vn 0.869400 -0.486400 0.086400
vn 0.344700 -0.572300 0.744000
vn 0.506600 -0.857600 0.088400
vn 0.658100 -0.376600 -0.651900
vn -0.259700 0.140900 -0.955300
vn -0.761800 0.526300 -0.377700
vn -0.826300 0.563200 0.000000
vn -0.761800 0.526300 0.377700
vn -0.427400 0.814900 0.391400
vn -0.172100 0.325500 0.929700
vn 0.398600 -0.669300 -0.627000
vn -0.122300 0.246000 -0.961500
vn -0.427400 0.814900 -0.391400
vn -0.456800 0.889600 0.000000
vn 0.060200 -0.614800 0.786400
vn 0.094100 -0.991300 0.092100
vn -0.094100 0.914900 0.392600
vn -0.039200 0.404500 0.913700
vn 0.071000 -0.738600 -0.670300
vn -0.030800 0.324800 -0.945300
vn -0.094100 0.914900 -0.392600
vn -0.101800 0.994800 0.000000
vn 0.051300 0.991100 0.122500
vn 0.051300 0.991100 -0.122500
vn 0.031600 0.612900 0.789500
vn -0.030800 -0.616300 0.786900
vn -0.133800 -0.547900 0.825800
vn 0.163800 0.640000 0.750700
vn 0.050000 0.968700 -0.243000
vn -0.048400 -0.968800 -0.243000
vn -0.049400 -0.991200 -0.122300
vn -0.049400 -0.991200 0.122300
vn -0.005500 -0.969100 -0.246700
vn -0.005600 -0.992200 -0.124200
vn 0.005600 0.992200 0.124400
vn 0.005600 0.992200 -0.124400
vn -0.005600 -0.992200 0.124200
vn -0.003500 -0.615100 0.788400
vn 0.003500 0.612300 0.790600
vn 0.005500 0.969100 -0.246700
vn 0.005900 0.992200 -0.124400
vn 0.005700 0.969100 -0.246700
vn 0.003600 0.612300 0.790600
vn 0.005900 0.992200 0.124400
vn -0.005900 -0.992200 -0.124200
vn -0.005900 -0.992200 0.124200
vn -0.003600 -0.615100 0.788400
vn -0.005700 -0.969100 -0.246700
vn 0.006000 0.992200 -0.124400
vn 0.005900 0.969100 -0.246700
vn 0.003700 0.612200 0.790600
vn 0.006000 0.992200 0.124400
vn -0.006000 -0.992200 -0.124200
vn -0.006000 -0.992200 0.124200
vn -0.003700 -0.615200 0.788400
vn -0.005900 -0.969100 -0.246700
vn -0.006000 -0.969100 -0.246700
vn -0.006200 -0.992200 -0.124200
vn 0.006200 0.992200 0.124400
vn 0.006200 0.992200 -0.124400
vn -0.006200 -0.992200 0.124200
vn -0.003800 -0.615200 0.788300
vn 0.003800 0.612200 0.790700
vn 0.006000 0.969100 -0.246700
vn 0.664500 0.104300 0.739900
vn 0.489700 0.475100 0.731000
vn -0.361300 -0.362000 0.859200
vn -0.530000 -0.082000 0.844000
vn 0.252600 0.960000 0.121000
vn 0.252600 0.960000 -0.121000
vn -0.228100 -0.965700 -0.124000
vn -0.228100 -0.965700 0.124000
vn -0.230100 -0.942400 -0.242400
vn -0.519900 0.188400 0.833200
vn 0.622900 -0.223300 0.749700
vn -0.696600 -0.705500 -0.129900
vn -0.696600 -0.705500 0.129900
vn 0.714400 0.688900 0.122800
vn 0.714300 0.688900 -0.122800
vn 0.694900 0.674200 -0.250100
vn 0.240500 0.939500 -0.244100
vn -0.683900 -0.685200 -0.250600
vn -0.979600 -0.155500 -0.127200
vn -0.979600 -0.155500 0.127200
vn 0.981100 0.150400 0.121800
vn 0.981100 0.150400 -0.121800
vn 0.957300 0.150300 -0.246800
vn -0.957600 -0.148300 -0.247000
vn -0.250300 0.403000 0.880300
vn 0.380200 -0.580200 0.720300
vn -0.932600 0.337900 -0.127000
vn -0.932600 0.337900 0.127000
vn 0.007900 0.598500 0.801000
vn 0.030400 -0.649900 0.759400
vn -0.910900 0.330100 -0.247600
vn 0.934100 -0.335100 0.122600
vn 0.934100 -0.335200 -0.122600
vn 0.912000 -0.327000 -0.247400
vn 0.564300 -0.816300 -0.123000
vn 0.530600 -0.809800 -0.250300
vn -0.493000 0.860000 -0.131700
vn -0.493000 0.860000 0.131700
vn 0.015400 0.993100 0.116300
vn 0.015400 0.993100 -0.116300
vn 0.095400 0.987800 -0.122700
vn 0.095400 0.987800 0.122700
vn -0.510500 0.821600 -0.253500
vn 0.564300 -0.816300 0.122900
vn 0.045700 -0.992100 0.117000
vn 0.045700 -0.992100 -0.117000
vn 0.045500 -0.971000 -0.234800
vn 0.061500 0.636200 0.769000
vn -0.056700 -0.587100 0.807500
vn 0.012800 0.973200 -0.229500
vn -0.095400 -0.987600 -0.124700
vn -0.093200 -0.964900 -0.245500
vn -0.095400 -0.987600 0.124700
vn 0.093200 0.964900 -0.245500
vn 0.915700 0.401700 -0.000200
vn 0.525700 -0.528700 -0.666400
vn 0.511000 -0.617100 0.598400
vn 0.712900 -0.315300 -0.626400
vn 0.713100 -0.689800 -0.124800
vn -0.310600 -0.724000 -0.615900
vn -0.713000 -0.019700 -0.700900
vn -0.299700 0.283500 -0.910900
vn 0.538800 0.267900 -0.798700
vn 0.712900 0.315300 -0.626400
vn 0.724000 0.069200 -0.686300
vn 0.631300 0.462800 -0.622300
vn 0.608200 -0.682300 -0.405600
vn 0.895500 0.445000 0.000300
vn 0.594200 -0.564700 -0.572700
vn 0.020800 0.590700 0.806600
vn 0.218400 0.618400 0.754900
vn -0.000300 0.579200 0.815100
vn -0.016200 -0.998700 -0.046800
vn -0.007400 -0.456600 0.889600
vn -0.010100 -0.997900 -0.064000
vn 0.525900 0.797200 0.296300
vn -0.647200 -0.535600 -0.542300
vn -0.960300 -0.279000 0.001300
vn 0.647200 -0.535600 -0.542300
vn -0.527900 0.615500 -0.585200
vn -0.525700 -0.528700 -0.666400
vn 0.496000 0.496500 0.712300
vn 0.527900 0.615500 -0.585200
vn 0.589200 0.315800 0.743700
vn -0.780100 -0.378900 -0.497700
vn -0.603200 -0.008900 0.797500
vn -0.696800 0.084000 0.712300
vn -0.941600 -0.095000 -0.322800
vn -0.248700 0.725300 0.641900
vn -0.481800 0.484700 0.730000
vn -0.543600 0.544500 -0.638700
vn 0.780100 -0.378900 -0.497700
vn 0.696800 0.084000 0.712300
vn 0.941600 -0.095000 -0.322800
vn 0.481800 0.484700 0.730000
vn 0.615300 0.787400 0.037600
vn 0.543600 0.544500 -0.638700
vn 0.703900 0.069800 -0.706800
vn 0.470500 0.725000 0.502900
vn 0.684300 0.130400 0.717400
usemtl RRWindows
s off
f 162/1/1 160/1/1 161/1/1 3803/1/1 3806/1/1 163/1/1 3802/1/1 3804/1/1 3824/1/1
f 164/1/2 3814/1/2 166/1/2 165/1/2 3815/1/2 3813/1/2
f 176/1/3 180/1/3 4437/1/3 177/1/3 178/1/3 4439/1/3 4436/1/3 175/1/3 174/1/3
f 179/1/2 4455/1/2 4459/1/2 4460/1/2 4465/1/2 4456/1/2
s 1
f 153/1/4 3634/1/5 155/1/6 156/1/7
f 167/1/8 181/1/9 4819/1/10 4069/1/11 4070/1/12
f 3631/1/13 3633/1/14 154/1/15 150/1/16 151/1/17 152/1/18
f 3656/1/19 3658/1/19 3659/1/19 158/1/19 159/1/19 157/1/19 3645/1/19
f 168/1/20 4236/1/21 4231/1/22 4230/1/23 4242/1/24 4238/1/25
f 4239/1/26 169/1/27 4249/1/28 4240/1/29
f 4818/1/30 4820/1/31 182/1/32 4819/1/10 181/1/9
f 171/1/19 170/1/19 4252/1/19 173/1/19 4266/1/19 4265/1/19 172/1/19
usemtl RangeRover
f 3/2/33 7/2/34 29/2/35 33/2/36
f 3/2/33 2/2/37 6/2/38 7/2/34
f 2/2/37 1/2/39 5/2/40 6/2/38
f 7/2/34 11/2/41 25/2/42 29/2/35
f 7/2/34 6/2/38 10/2/43 11/2/41
f 6/2/38 5/2/40 9/2/44 10/2/43
f 11/2/41 16/2/45 21/2/46 25/2/42
f 11/2/41 10/2/43 15/2/47 16/2/45
f 10/2/43 9/2/44 14/2/48 15/2/47
f 16/2/45 20/2/49 17/2/50 21/2/46
f 16/2/45 15/2/47 19/2/51 20/2/49
f 15/2/47 14/2/48 18/2/52 19/2/51
f 20/2/49 24/2/53 12/2/54 17/2/50
f 20/2/49 19/2/51 23/2/55 24/2/53
f 19/2/51 18/2/52 22/2/56 23/2/55
f 24/2/53 28/2/57 8/2/58 12/2/54
f 24/2/53 23/2/55 27/2/59 28/2/57
f 23/2/55 22/2/56 26/2/60 27/2/59
f 28/2/57 32/2/61 4/2/62 8/2/58
f 28/2/57 27/2/59 31/2/63 32/2/61
f 27/2/59 26/2/60 30/2/64 31/2/63
f 1/2/39 13/2/65 5/2/40
f 5/2/40 13/2/65 9/2/44
f 9/2/44 13/2/65 14/2/48
f 14/2/48 13/2/65 18/2/52
f 18/2/52 13/2/65 22/2/56
f 22/2/56 13/2/65 26/2/60
f 26/2/60 13/2/65 30/2/64
f 32/2/61 3/2/33 33/2/36 4/2/62
f 32/2/61 31/2/63 2/2/37 3/2/33
f 31/2/63 30/2/64 1/2/39 2/2/37
f 30/2/64 13/2/65 1/2/39
f 33/2/36 29/2/35 40/2/66 41/2/67
f 29/2/35 25/2/42 39/2/68 40/2/66
f 25/2/42 21/2/46 38/2/69 39/2/68
f 21/2/46 17/2/50 37/2/70 38/2/69
f 17/2/50 12/2/54 36/2/71 37/2/70
f 12/2/54 8/2/58 35/2/72 36/2/71
f 8/2/58 4/2/62 34/2/73 35/2/72
f 4/2/62 33/2/36 41/2/67 34/2/73
f 41/2/67 40/2/66 48/2/74 49/2/75
f 40/2/66 39/2/68 47/2/76 48/2/74
f 39/2/68 38/2/69 46/2/77 47/2/76
f 38/2/69 37/2/70 45/2/78 46/2/77
f 37/2/70 36/2/71 44/2/79 45/2/78
f 36/2/71 35/2/72 43/2/80 44/2/79
f 35/2/72 34/2/73 42/2/81 43/2/80
f 34/2/73 41/2/67 49/2/75 42/2/81
f 85/2/82 58/2/83 148/2/84 147/2/85
f 111/2/86 91/2/65 109/2/87
f 140/2/88 142/2/89 133/2/90 132/2/91
f 121/2/92 120/2/93 127/2/83 128/2/82
f 122/2/94 121/2/92 128/2/82 129/2/95
f 123/2/96 122/2/94 129/2/95 130/2/97
f 52/2/98 51/2/87 60/2/99 61/2/100
f 142/2/89 141/2/101 134/2/102 133/2/90
f 146/2/103 131/2/19 139/2/104
f 110/2/105 111/2/86 109/2/87 102/2/98
f 108/2/106 110/2/105 102/2/98 105/2/107
f 106/2/108 108/2/106 105/2/107 101/2/109
f 63/2/110 62/2/111 71/2/112 72/2/113
f 62/2/111 61/2/100 70/2/114 71/2/112
f 61/2/100 60/2/99 69/2/115 70/2/114
f 139/2/104 131/2/19 126/2/116
f 114/2/117 113/2/116 120/2/93 121/2/92
f 64/2/118 91/2/65 111/2/86
f 74/2/119 91/2/65 64/2/118
f 84/2/115 91/2/65 74/2/119
f 72/2/113 71/2/112 80/2/120 81/2/121
f 71/2/112 70/2/114 79/2/122 80/2/120
f 70/2/114 69/2/115 78/2/119 79/2/122
f 115/2/123 114/2/117 121/2/92 122/2/94
f 116/2/124 115/2/123 122/2/94 123/2/96
f 100/2/99 91/2/65 84/2/115
f 109/2/87 91/2/65 100/2/99
f 105/2/107 102/2/98 94/2/100 93/2/111
f 81/2/121 80/2/120 89/2/125 90/2/126
f 80/2/120 79/2/122 88/2/127 89/2/125
f 79/2/122 78/2/119 87/2/118 88/2/127
f 126/2/116 131/2/19 118/2/93
f 118/2/93 131/2/19 58/2/83
f 101/2/109 105/2/107 93/2/111 92/2/110
f 57/2/127 64/2/118 111/2/86 110/2/105
f 56/2/125 57/2/127 110/2/105 108/2/106
f 90/2/126 89/2/125 98/2/106 99/2/108
f 89/2/125 88/2/127 97/2/105 98/2/106
f 88/2/127 87/2/118 96/2/86 97/2/105
f 58/2/83 131/2/19 148/2/84
f 76/2/102 77/2/104 113/2/116 114/2/117
f 67/2/90 76/2/102 114/2/117 115/2/123
f 59/2/91 67/2/90 115/2/123 116/2/124
f 143/2/128 145/2/129 142/2/89 140/2/88
f 145/2/129 147/2/85 141/2/101 142/2/89
f 147/2/85 148/2/84 146/2/103 141/2/101
f 103/2/101 104/2/103 77/2/104 76/2/102
f 148/2/84 131/2/19 146/2/103
f 112/2/126 56/2/125 108/2/106 106/2/108
f 73/2/122 74/2/119 64/2/118 57/2/127
f 66/2/120 73/2/122 57/2/127 56/2/125
f 54/2/109 107/2/107 62/2/111 63/2/110
f 107/2/107 52/2/98 61/2/100 62/2/111
f 51/2/87 68/2/65 60/2/99
f 65/2/121 66/2/120 56/2/125 112/2/126
f 60/2/99 68/2/65 69/2/115
f 83/2/114 84/2/115 74/2/119 73/2/122
f 69/2/115 68/2/65 78/2/119
f 82/2/112 83/2/114 73/2/122 66/2/120
f 78/2/119 68/2/65 87/2/118
f 75/2/113 82/2/112 66/2/120 65/2/121
f 87/2/118 68/2/65 96/2/86
f 94/2/100 100/2/99 84/2/115 83/2/114
f 93/2/111 94/2/100 83/2/114 82/2/112
f 92/2/110 93/2/111 82/2/112 75/2/113
f 102/2/98 109/2/87 100/2/99 94/2/100
f 99/2/108 98/2/106 107/2/107 54/2/109
f 98/2/106 97/2/105 52/2/98 107/2/107
f 97/2/105 96/2/86 51/2/87 52/2/98
f 96/2/86 68/2/65 51/2/87
f 86/2/95 85/2/82 147/2/85 145/2/129
f 130/2/97 129/2/95 137/2/129 138/2/128
f 129/2/95 128/2/82 136/2/85 137/2/129
f 128/2/82 127/2/83 135/2/84 136/2/85
f 149/2/97 86/2/95 145/2/129 143/2/128
f 117/2/92 118/2/93 58/2/83 85/2/82
f 53/2/94 117/2/92 85/2/82 86/2/95
f 95/2/88 144/2/89 67/2/90 59/2/91
f 144/2/89 103/2/101 76/2/102 67/2/90
f 104/2/103 50/2/19 77/2/104
f 55/2/96 53/2/94 86/2/95 149/2/97
f 77/2/104 50/2/19 113/2/116
f 125/2/117 126/2/116 118/2/93 117/2/92
f 113/2/116 50/2/19 120/2/93
f 124/2/123 125/2/117 117/2/92 53/2/94
f 120/2/93 50/2/19 127/2/83
f 119/2/124 124/2/123 53/2/94 55/2/96
f 127/2/83 50/2/19 135/2/84
f 134/2/102 139/2/104 126/2/116 125/2/117
f 133/2/90 134/2/102 125/2/117 124/2/123
f 132/2/91 133/2/90 124/2/123 119/2/124
f 141/2/101 146/2/103 139/2/104 134/2/102
f 138/2/128 137/2/129 144/2/89 95/2/88
f 137/2/129 136/2/85 103/2/101 144/2/89
f 136/2/85 135/2/84 104/2/103 103/2/101
f 135/2/84 50/2/19 104/2/103
f 4835/2/83 4866/2/93 4920/2/19
f 4834/2/82 4867/2/92 4866/2/93 4835/2/83
f 4833/2/95 4826/2/94 4867/2/92 4834/2/82
f 4832/2/97 4875/2/96 4826/2/94 4833/2/95
f 4829/2/92 4836/2/117 4831/2/116 4824/2/93
f 4838/2/124 4851/2/91 4846/2/90 4837/2/123
f 4837/2/123 4846/2/90 4845/2/102 4836/2/117
f 4836/2/117 4845/2/102 4844/2/104 4831/2/116
f 4843/2/84 4835/2/83 4920/2/19
f 4851/2/91 4915/2/88 4917/2/89 4846/2/90
f 4850/2/103 4843/2/84 4920/2/19
f 4846/2/90 4917/2/89 4853/2/101 4845/2/102
f 4857/2/104 4850/2/103 4920/2/19
f 4845/2/102 4853/2/101 4852/2/103 4844/2/104
f 4893/2/116 4857/2/104 4920/2/19
f 4915/2/88 4821/2/128 4884/2/129 4917/2/89
f 4866/2/93 4893/2/116 4920/2/19
f 4826/2/94 4903/2/123 4894/2/117 4867/2/92
f 4875/2/96 4911/2/124 4903/2/123 4826/2/94
f 4917/2/89 4884/2/129 4885/2/85 4853/2/101
f 4853/2/101 4885/2/85 4912/2/84 4852/2/103
f 4821/2/128 4827/2/97 4825/2/95 4884/2/129
f 4842/2/85 4834/2/82 4835/2/83 4843/2/84
f 4841/2/129 4833/2/95 4834/2/82 4842/2/85
f 4840/2/128 4832/2/97 4833/2/95 4841/2/129
f 4884/2/129 4825/2/95 4823/2/82 4885/2/85
f 4874/2/118 4919/2/119 4902/2/65
f 4873/2/127 4918/2/122 4919/2/119 4874/2/118
f 4872/2/125 4863/2/120 4918/2/122 4873/2/127
f 4871/2/126 4916/2/121 4863/2/120 4872/2/125
f 4868/2/122 4876/2/114 4870/2/115 4861/2/119
f 4878/2/113 4895/2/110 4888/2/111 4877/2/112
f 4877/2/112 4888/2/111 4887/2/100 4876/2/114
f 4876/2/114 4887/2/100 4886/2/99 4870/2/115
f 4883/2/86 4874/2/118 4902/2/65
f 4895/2/110 4905/2/109 4904/2/107 4888/2/111
f 4892/2/87 4883/2/86 4902/2/65
f 4888/2/111 4904/2/107 4897/2/98 4887/2/100
f 4901/2/99 4892/2/87 4902/2/65
f 4887/2/100 4897/2/98 4896/2/87 4886/2/99
f 4910/2/115 4901/2/99 4902/2/65
f 4905/2/109 4858/2/108 4914/2/106 4904/2/107
f 4919/2/119 4910/2/115 4902/2/65
f 4863/2/120 4908/2/112 4909/2/114 4918/2/122
f 4916/2/121 4907/2/113 4908/2/112 4863/2/120
f 4904/2/107 4914/2/106 4913/2/105 4897/2/98
f 4897/2/98 4913/2/105 4906/2/86 4896/2/87
f 4858/2/108 4864/2/126 4862/2/125 4914/2/106
f 4822/2/83 4824/2/93 4839/2/19
f 4867/2/92 4894/2/117 4893/2/116 4866/2/93
f 4823/2/82 4829/2/92 4824/2/93 4822/2/83
f 4825/2/95 4828/2/94 4829/2/92 4823/2/82
f 4827/2/97 4830/2/96 4828/2/94 4825/2/95
f 4911/2/124 4854/2/91 4855/2/90 4903/2/123
f 4903/2/123 4855/2/90 4856/2/102 4894/2/117
f 4894/2/117 4856/2/102 4857/2/104 4893/2/116
f 4912/2/84 4822/2/83 4839/2/19
f 4882/2/105 4873/2/127 4874/2/118 4883/2/86
f 4881/2/106 4872/2/125 4873/2/127 4882/2/105
f 4880/2/108 4871/2/126 4872/2/125 4881/2/106
f 4914/2/106 4862/2/125 4860/2/127 4913/2/105
f 4913/2/105 4860/2/127 4859/2/118 4906/2/86
f 4869/2/121 4878/2/113 4877/2/112 4865/2/120
f 4852/2/103 4912/2/84 4839/2/19
f 4844/2/104 4852/2/103 4839/2/19
f 4891/2/98 4882/2/105 4883/2/86 4892/2/87
f 4890/2/107 4881/2/106 4882/2/105 4891/2/98
f 4889/2/109 4880/2/108 4881/2/106 4890/2/107
f 4865/2/120 4877/2/112 4876/2/114 4868/2/122
f 4861/2/119 4870/2/115 4879/2/65
f 4870/2/115 4886/2/99 4879/2/65
f 4854/2/91 4847/2/88 4848/2/89 4855/2/90
f 4855/2/90 4848/2/89 4849/2/101 4856/2/102
f 4900/2/100 4891/2/98 4892/2/87 4901/2/99
f 4899/2/111 4890/2/107 4891/2/98 4900/2/100
f 4898/2/110 4889/2/109 4890/2/107 4899/2/111
f 4886/2/99 4896/2/87 4879/2/65
f 4896/2/87 4906/2/86 4879/2/65
f 4906/2/86 4859/2/118 4879/2/65
f 4856/2/102 4849/2/101 4850/2/103 4857/2/104
f 4831/2/116 4844/2/104 4839/2/19
f 4909/2/114 4900/2/100 4901/2/99 4910/2/115
f 4908/2/112 4899/2/111 4900/2/100 4909/2/114
f 4907/2/113 4898/2/110 4899/2/111 4908/2/112
f 4864/2/126 4869/2/121 4865/2/120 4862/2/125
f 4862/2/125 4865/2/120 4868/2/122 4860/2/127
f 4860/2/127 4868/2/122 4861/2/119 4859/2/118
f 4824/2/93 4831/2/116 4839/2/19
f 4828/2/94 4837/2/123 4836/2/117 4829/2/92
f 4918/2/122 4909/2/114 4910/2/115 4919/2/119
f 4847/2/88 4840/2/128 4841/2/129 4848/2/89
f 4848/2/89 4841/2/129 4842/2/85 4849/2/101
f 4849/2/101 4842/2/85 4843/2/84 4850/2/103
f 4830/2/96 4838/2/124 4837/2/123 4828/2/94
f 4859/2/118 4861/2/119 4879/2/65
f 4885/2/85 4823/2/82 4822/2/83 4912/2/84
f 4936/2/71 4928/2/79 4921/2/78 4929/2/70
f 4935/2/72 4927/2/80 4928/2/79 4936/2/71
f 4934/2/73 4926/2/81 4927/2/80 4935/2/72
f 4933/2/67 4925/2/75 4926/2/81 4934/2/73
f 4932/2/66 4924/2/74 4925/2/75 4933/2/67
f 4931/2/68 4923/2/76 4924/2/74 4932/2/66
f 4930/2/69 4922/2/77 4923/2/76 4931/2/68
f 4929/2/70 4921/2/78 4922/2/77 4930/2/69
f 4966/2/54 4936/2/71 4929/2/70 4937/2/50
f 4962/2/58 4935/2/72 4936/2/71 4966/2/54
f 4958/2/62 4934/2/73 4935/2/72 4962/2/58
f 4953/2/36 4933/2/67 4934/2/73 4958/2/62
f 4949/2/35 4932/2/66 4933/2/67 4953/2/36
f 4945/2/42 4931/2/68 4932/2/66 4949/2/35
f 4941/2/46 4930/2/69 4931/2/68 4945/2/42
f 4937/2/50 4929/2/70 4930/2/69 4941/2/46
f 4940/2/56 4969/2/52 4957/2/65
f 4939/2/55 4968/2/51 4969/2/52 4940/2/56
f 4938/2/53 4967/2/49 4968/2/51 4939/2/55
f 4938/2/53 4966/2/54 4937/2/50 4967/2/49
f 4944/2/60 4940/2/56 4957/2/65
f 4948/2/64 4944/2/60 4957/2/65
f 4952/2/39 4948/2/64 4957/2/65
f 4956/2/40 4952/2/39 4957/2/65
f 4961/2/44 4956/2/40 4957/2/65
f 4965/2/48 4961/2/44 4957/2/65
f 4969/2/52 4965/2/48 4957/2/65
f 4943/2/59 4939/2/55 4940/2/56 4944/2/60
f 4942/2/57 4938/2/53 4939/2/55 4943/2/59
f 4942/2/57 4962/2/58 4966/2/54 4938/2/53
f 4947/2/63 4943/2/59 4944/2/60 4948/2/64
f 4946/2/61 4942/2/57 4943/2/59 4947/2/63
f 4946/2/61 4958/2/62 4962/2/58 4942/2/57
f 4951/2/37 4947/2/63 4948/2/64 4952/2/39
f 4950/2/33 4946/2/61 4947/2/63 4951/2/37
f 4950/2/33 4953/2/36 4958/2/62 4946/2/61
f 4955/2/38 4951/2/37 4952/2/39 4956/2/40
f 4954/2/34 4950/2/33 4951/2/37 4955/2/38
f 4954/2/34 4949/2/35 4953/2/36 4950/2/33
f 4960/2/43 4955/2/38 4956/2/40 4961/2/44
f 4959/2/41 4954/2/34 4955/2/38 4960/2/43
f 4959/2/41 4945/2/42 4949/2/35 4954/2/34
f 4964/2/47 4960/2/43 4961/2/44 4965/2/48
f 4963/2/45 4959/2/41 4960/2/43 4964/2/47
f 4963/2/45 4941/2/46 4945/2/42 4959/2/41
f 4968/2/51 4964/2/47 4965/2/48 4969/2/52
f 4967/2/49 4963/2/45 4964/2/47 4968/2/51
f 4967/2/49 4937/2/50 4941/2/46 4963/2/45
usemtl RangeRover_RangeRoverBodyAO
s off
f 476/3/80 475/3/80 484/3/80 480/3/80
f 486/3/130 484/3/130 475/3/130 474/3/130
f 489/3/76 497/3/76 490/3/76 500/3/76
f 515/3/131 513/3/131 529/3/131 531/3/131
f 473/3/132 472/3/132 483/3/132 481/3/132
f 457/3/130 458/3/130 466/3/130 465/3/130
f 496/3/133 497/3/133 489/3/133 498/3/133
f 502/3/19 499/3/19 458/3/19 457/3/19
f 488/3/134 494/3/134 495/3/134 501/3/134
f 477/3/134 476/3/134 480/3/134 485/3/134
f 493/3/80 494/3/80 488/3/80 499/3/80
f 461/3/19 498/3/19 489/3/19 462/3/19
f 487/3/75 491/3/75 492/3/75 502/3/75
f 478/3/78 477/3/78 485/3/78 482/3/78
f 502/3/130 492/3/130 493/3/130 499/3/130
f 465/3/65 466/3/65 484/3/65 486/3/65
f 469/3/65 470/3/65 471/3/65 482/3/65
f 460/3/19 501/3/19 498/3/19 461/3/19
f 456/3/19 487/3/19 502/3/19 457/3/19
f 462/3/19 489/3/19 500/3/19 455/3/19
f 495/3/78 496/3/78 498/3/78 501/3/78
f 467/3/65 468/3/65 485/3/65 480/3/65
f 474/3/75 473/3/75 481/3/75 486/3/75
f 460/3/78 461/3/78 469/3/78 468/3/78
f 468/3/65 469/3/65 482/3/65 485/3/65
f 464/3/65 465/3/65 486/3/65 481/3/65
f 490/3/132 491/3/132 487/3/132 500/3/132
f 467/3/80 466/3/80 458/3/80 459/3/80
f 462/3/133 470/3/133 469/3/133 461/3/133
f 501/3/19 460/3/19 459/3/19 488/3/19
f 459/3/134 460/3/134 468/3/134 467/3/134
f 455/3/132 456/3/132 464/3/132 463/3/132
f 456/3/75 457/3/75 465/3/75 464/3/75
f 462/3/76 455/3/76 463/3/76 470/3/76
f 472/3/76 479/3/76 471/3/76 483/3/76
f 479/3/65 472/3/65 473/3/65 474/3/65 475/3/65 476/3/65 477/3/65 478/3/65
f 470/3/65 463/3/65 483/3/65 471/3/65
f 456/3/19 455/3/19 500/3/19 487/3/19
f 458/3/19 499/3/19 488/3/19 459/3/19
f 490/3/19 497/3/19 496/3/19 495/3/19 494/3/19 493/3/19 492/3/19 491/3/19
f 510/3/135 508/3/135 524/3/135 526/3/135
f 507/3/136 506/3/136 522/3/136 523/3/136
f 507/3/137 523/3/137 525/3/137 509/3/137
f 513/3/138 511/3/138 527/3/138 529/3/138
f 516/3/139 514/3/139 530/3/139 532/3/139
f 517/3/140 533/3/140 524/3/140 508/3/140
f 512/3/141 510/3/141 526/3/141 528/3/141
f 518/3/142 516/3/142 532/3/142 534/3/142
f 503/3/143 518/3/143 534/3/143 519/3/143
f 505/3/144 504/3/144 520/3/144 521/3/144
f 517/3/145 515/3/145 531/3/145 533/3/145
f 504/3/146 503/3/146 519/3/146 520/3/146
f 514/3/147 512/3/147 528/3/147 530/3/147
f 506/3/148 505/3/148 521/3/148 522/3/148
f 511/3/149 509/3/149 525/3/149 527/3/149
f 508/3/75 510/3/75 512/3/75 514/3/75 516/3/75 518/3/75 503/3/75 504/3/75 505/3/75 506/3/75 507/3/75 509/3/75 511/3/75 513/3/75 515/3/75 517/3/75
f 524/3/78 533/3/78 531/3/78 529/3/78 527/3/78 525/3/78 523/3/78 522/3/78 521/3/78 520/3/78 519/3/78 534/3/78 532/3/78 530/3/78 528/3/78 526/3/78
f 542/3/135 540/3/135 556/3/135 558/3/135
f 539/3/136 538/3/136 554/3/136 555/3/136
f 539/3/137 555/3/137 557/3/137 541/3/137
f 545/3/138 543/3/138 559/3/138 561/3/138
f 548/3/139 546/3/139 562/3/139 564/3/139
f 549/3/140 565/3/140 556/3/140 540/3/140
f 544/3/141 542/3/141 558/3/141 560/3/141
f 550/3/142 548/3/142 564/3/142 566/3/142
f 535/3/143 550/3/143 566/3/143 551/3/143
f 537/3/144 536/3/144 552/3/144 553/3/144
f 549/3/145 547/3/145 563/3/145 565/3/145
f 536/3/146 535/3/146 551/3/146 552/3/146
f 546/3/147 544/3/147 560/3/147 562/3/147
f 538/3/148 537/3/148 553/3/148 554/3/148
f 543/3/149 541/3/149 557/3/149 559/3/149
f 466/3/65 467/3/65 480/3/65 484/3/65
f 463/3/65 464/3/65 481/3/65 483/3/65
f 547/3/131 545/3/131 561/3/131 563/3/131
f 471/3/133 479/3/133 478/3/133 482/3/133
s 1
f 204/3/150 205/3/151 189/3/152 188/3/153
f 214/3/154 199/3/155 183/3/156 198/3/157
f 192/3/158 208/3/159 209/3/160 193/3/161
f 203/3/162 204/3/150 188/3/153 187/3/163
f 213/3/164 214/3/154 198/3/157 197/3/165
f 191/3/166 207/3/167 208/3/159 192/3/158
f 202/3/168 203/3/162 187/3/163 186/3/169
f 212/3/170 213/3/164 197/3/165 196/3/171
f 201/3/172 202/3/168 186/3/169 185/3/173
f 190/3/174 206/3/175 207/3/167 191/3/166
f 211/3/176 212/3/170 196/3/171 195/3/177
f 200/3/178 201/3/172 185/3/173 184/3/179
f 189/3/152 205/3/151 206/3/175 190/3/174
f 210/3/180 211/3/176 195/3/177 194/3/181
f 199/3/155 200/3/178 184/3/179 183/3/156
f 200/3/178 199/3/155 215/3/182 216/3/183
f 213/3/164 229/3/184 230/3/185 214/3/154
f 202/3/168 218/3/186 219/3/187 203/3/162
f 208/3/159 207/3/167 223/3/188 224/3/189
f 212/3/170 228/3/190 229/3/184 213/3/164
f 201/3/172 217/3/191 218/3/186 202/3/168
f 207/3/167 206/3/175 222/3/192 223/3/188
f 212/3/170 211/3/176 227/3/193 228/3/190
f 201/3/172 200/3/178 216/3/183 217/3/191
f 205/3/151 221/3/194 222/3/192 206/3/175
f 211/3/176 210/3/180 226/3/195 227/3/193
f 204/3/150 220/3/196 221/3/194 205/3/151
f 214/3/154 230/3/185 215/3/182 199/3/155
f 210/3/180 209/3/160 225/3/197 226/3/195
f 203/3/162 219/3/187 220/3/196 204/3/150
f 209/3/160 208/3/159 224/3/189 225/3/197
f 196/3/171 244/3/198 243/3/199 195/3/177
f 185/3/173 233/3/200 232/3/201 184/3/179
f 237/3/202 189/3/152 190/3/174 238/3/203
f 195/3/177 243/3/199 242/3/204 194/3/181
f 184/3/179 232/3/201 231/3/205 183/3/156
f 236/3/206 188/3/153 189/3/152 237/3/202
f 246/3/207 198/3/157 183/3/156 231/3/205
f 194/3/181 242/3/204 241/3/208 193/3/161
f 235/3/209 187/3/163 188/3/153 236/3/206
f 245/3/210 197/3/165 198/3/157 246/3/207
f 193/3/161 241/3/208 240/3/211 192/3/158
f 234/3/212 186/3/169 187/3/163 235/3/209
f 244/3/198 196/3/171 197/3/165 245/3/210
f 192/3/158 240/3/211 239/3/213 191/3/166
f 233/3/200 185/3/173 186/3/169 234/3/212
f 191/3/166 239/3/213 238/3/203 190/3/174
f 235/3/209 236/3/206 252/3/214 251/3/215
f 248/3/216 264/3/217 263/3/218 247/3/219
f 404/3/220 405/3/221 452/3/222 451/3/223
f 236/3/206 237/3/202 253/3/224 252/3/214
f 260/3/225 276/3/226 275/3/227 259/3/228
f 245/3/210 246/3/207 262/3/229 261/3/230
f 240/3/211 241/3/208 257/3/231 256/3/232
f 233/3/200 234/3/212 250/3/233 249/3/234
f 244/3/198 245/3/210 261/3/230 260/3/225
f 239/3/213 240/3/211 256/3/232 255/3/235
f 243/3/199 244/3/198 260/3/225 259/3/228
f 242/3/204 243/3/199 259/3/228 258/3/236
f 232/3/201 233/3/200 249/3/234 248/3/216
f 238/3/203 239/3/213 255/3/235 254/3/237
f 246/3/207 231/3/205 247/3/219 262/3/229
f 231/3/205 232/3/201 248/3/216 247/3/219
f 237/3/202 238/3/203 254/3/237 253/3/224
f 234/3/212 235/3/209 251/3/215 250/3/233
f 249/3/234 265/3/238 264/3/217 248/3/216
f 254/3/237 270/3/239 269/3/240 253/3/224
f 271/3/241 307/3/242 310/3/243 270/3/239
f 259/3/228 275/3/227 274/3/244 258/3/236
f 253/3/224 269/3/240 268/3/245 252/3/214
f 247/3/219 263/3/218 278/3/246 262/3/229
f 258/3/236 274/3/244 273/3/247 257/3/231
f 252/3/214 268/3/245 267/3/248 251/3/215
f 262/3/229 278/3/246 277/3/249 261/3/230
f 257/3/231 273/3/247 272/3/250 256/3/232
f 251/3/215 267/3/248 266/3/251 250/3/233
f 261/3/230 277/3/249 276/3/226 260/3/225
f 250/3/233 266/3/251 265/3/238 249/3/234
f 256/3/232 272/3/250 271/3/241 255/3/235
f 255/3/235 271/3/241 270/3/239 254/3/237
f 390/3/252 375/3/253 419/3/254 422/3/255
f 400/3/256 401/3/257 447/3/258 424/3/259
f 412/3/260 397/3/261 450/3/262 446/3/263
f 385/3/264 386/3/265 418/3/266 420/3/267
f 410/3/268 411/3/269 448/3/270 449/3/271
f 406/3/272 407/3/273 427/3/274 453/3/275
f 386/3/265 387/3/276 396/3/277 418/3/266
f 379/3/278 380/3/279 421/3/280 394/3/281
f 401/3/257 402/3/282 425/3/283 447/3/258
f 375/3/253 376/3/284 391/3/285 419/3/254
f 389/3/286 390/3/252 422/3/255 413/3/287
f 411/3/269 412/3/260 446/3/263 448/3/270
f 380/3/279 381/3/288 395/3/289 421/3/280
f 384/3/290 385/3/264 420/3/267 414/3/291
f 405/3/221 406/3/272 453/3/275 452/3/222
f 383/3/292 384/3/290 414/3/291 416/3/293
f 272/3/250 304/3/294 307/3/242 271/3/241
f 263/3/218 279/3/295 301/3/296 278/3/246
f 277/3/249 303/3/297 306/3/298 276/3/226
f 273/3/247 302/3/299 304/3/294 272/3/250
f 266/3/251 305/3/300 280/3/301 265/3/238
f 268/3/245 300/3/302 281/3/303 267/3/248
f 264/3/217 309/3/304 279/3/295 263/3/218
f 278/3/246 301/3/296 303/3/297 277/3/249
f 274/3/244 299/3/305 302/3/299 273/3/247
f 267/3/248 281/3/303 305/3/300 266/3/251
f 269/3/240 282/3/306 300/3/302 268/3/245
f 265/3/238 280/3/301 309/3/304 264/3/217
f 279/3/295 309/3/304 284/3/307 283/3/308
f 388/3/309 389/3/286 413/3/287 415/3/310
f 270/3/239 310/3/243 282/3/306 269/3/240
f 382/3/311 383/3/292 416/3/293 417/3/312
f 300/3/302 282/3/306 289/3/313 288/3/314
f 275/3/227 308/3/315 299/3/305 274/3/244
f 387/3/276 388/3/309 415/3/310 396/3/277
f 281/3/303 300/3/302 288/3/314 287/3/316
f 301/3/296 279/3/295 283/3/308 298/3/317
f 381/3/288 382/3/311 417/3/312 395/3/289
f 305/3/300 281/3/303 287/3/316 286/3/318
f 276/3/226 306/3/298 308/3/315 275/3/227
f 280/3/301 305/3/300 286/3/318 285/3/319
f 282/3/306 310/3/243 290/3/320 289/3/313
f 309/3/304 280/3/301 285/3/319 284/3/307
f 303/3/297 301/3/296 298/3/317 297/3/321
f 306/3/298 303/3/297 297/3/321 296/3/322
f 302/3/299 299/3/305 294/3/323 293/3/324
f 304/3/294 302/3/299 293/3/324 292/3/325
f 307/3/242 304/3/294 292/3/325 291/3/326
f 310/3/243 307/3/242 291/3/326 290/3/320
f 308/3/315 306/3/298 296/3/322 295/3/327
f 299/3/305 308/3/315 295/3/327 294/3/323
f 296/3/322 324/3/328 323/3/329 295/3/327
f 285/3/319 313/3/330 312/3/331 284/3/307
f 291/3/326 319/3/332 318/3/333 290/3/320
f 295/3/327 323/3/329 322/3/334 294/3/323
f 290/3/320 318/3/333 317/3/335 289/3/313
f 312/3/331 328/3/336 327/3/337 311/3/338
f 294/3/323 322/3/334 321/3/339 293/3/324
f 289/3/313 317/3/335 316/3/340 288/3/314
f 283/3/308 311/3/338 326/3/341 298/3/317
f 293/3/324 321/3/339 320/3/342 292/3/325
f 288/3/314 316/3/340 315/3/343 287/3/316
f 298/3/317 326/3/341 325/3/344 297/3/321
f 287/3/316 315/3/343 314/3/345 286/3/318
f 292/3/325 320/3/342 319/3/332 291/3/326
f 297/3/321 325/3/344 324/3/328 296/3/322
f 286/3/318 314/3/345 313/3/330 285/3/319
f 311/3/338 327/3/337 342/3/346 326/3/341
f 322/3/334 338/3/347 337/3/348 321/3/339
f 316/3/340 332/3/349 331/3/350 315/3/343
f 326/3/341 342/3/346 341/3/351 325/3/344
f 321/3/339 337/3/348 336/3/352 320/3/342
f 315/3/343 331/3/350 330/3/353 314/3/345
f 325/3/344 341/3/351 340/3/354 324/3/328
f 314/3/345 330/3/353 329/3/355 313/3/330
f 320/3/342 336/3/352 335/3/356 319/3/332
f 324/3/328 340/3/354 339/3/357 323/3/329
f 313/3/330 329/3/355 328/3/336 312/3/331
f 319/3/332 335/3/356 334/3/358 318/3/333
f 323/3/329 339/3/357 338/3/347 322/3/334
f 318/3/333 334/3/358 333/3/359 317/3/335
f 344/3/360 360/3/361 359/3/362 343/3/363
f 317/3/335 333/3/359 332/3/349 316/3/340
f 338/3/347 339/3/357 355/3/364 354/3/365
f 327/3/337 328/3/336 344/3/360 343/3/363
f 332/3/349 333/3/359 349/3/366 348/3/367
f 337/3/348 338/3/347 354/3/365 353/3/368
f 331/3/350 332/3/349 348/3/367 347/3/369
f 341/3/351 342/3/346 358/3/370 357/3/371
f 336/3/352 337/3/348 353/3/368 352/3/372
f 330/3/353 331/3/350 347/3/369 346/3/373
f 340/3/354 341/3/351 357/3/371 356/3/374
f 335/3/356 336/3/352 352/3/372 351/3/375
f 329/3/355 330/3/353 346/3/373 345/3/376
f 339/3/357 340/3/354 356/3/374 355/3/364
f 328/3/336 329/3/355 345/3/376 344/3/360
f 334/3/358 335/3/356 351/3/375 350/3/377
f 333/3/359 334/3/358 350/3/377 349/3/366
f 342/3/346 327/3/337 343/3/363 358/3/370
f 355/3/364 371/3/378 370/3/379 354/3/365
f 349/3/366 365/3/380 364/3/381 348/3/367
f 343/3/363 359/3/362 374/3/382 358/3/370
f 354/3/365 370/3/379 369/3/383 353/3/368
f 348/3/367 364/3/381 363/3/384 347/3/369
f 358/3/370 374/3/382 373/3/385 357/3/371
f 353/3/368 369/3/383 368/3/386 352/3/372
f 347/3/369 363/3/384 362/3/387 346/3/373
f 357/3/371 373/3/385 372/3/388 356/3/374
f 346/3/373 362/3/387 361/3/389 345/3/376
f 352/3/372 368/3/386 367/3/390 351/3/375
f 356/3/374 372/3/388 371/3/378 355/3/364
f 345/3/376 361/3/389 360/3/361 344/3/360
f 351/3/375 367/3/390 366/3/391 350/3/377
f 350/3/377 366/3/391 365/3/380 349/3/366
f 371/3/378 372/3/388 388/3/309 387/3/276
f 360/3/361 361/3/389 377/3/392 376/3/284
f 365/3/380 366/3/391 382/3/311 381/3/288
f 370/3/379 371/3/378 387/3/276 386/3/265
f 359/3/362 360/3/361 376/3/284 375/3/253
f 364/3/381 365/3/380 381/3/288 380/3/279
f 374/3/382 359/3/362 375/3/253 390/3/252
f 369/3/383 370/3/379 386/3/265 385/3/264
f 363/3/384 364/3/381 380/3/279 379/3/278
f 373/3/385 374/3/382 390/3/252 389/3/286
f 368/3/386 369/3/383 385/3/264 384/3/290
f 362/3/387 363/3/384 379/3/278 378/3/393
f 372/3/388 373/3/385 389/3/286 388/3/309
f 367/3/390 368/3/386 384/3/290 383/3/292
f 361/3/389 362/3/387 378/3/393 377/3/392
f 366/3/391 367/3/390 383/3/292 382/3/311
f 377/3/392 378/3/393 393/3/394 392/3/395
f 376/3/284 377/3/392 392/3/395 391/3/285
f 378/3/393 379/3/278 394/3/281 393/3/394
f 393/3/394 394/3/281 401/3/257 400/3/256
f 416/3/293 414/3/291 406/3/272 405/3/221
f 396/3/277 415/3/310 410/3/268 409/3/396
f 417/3/312 416/3/293 405/3/221 404/3/220
f 395/3/289 417/3/312 404/3/220 403/3/397
f 414/3/291 420/3/267 407/3/273 406/3/272
f 392/3/395 393/3/394 400/3/256 399/3/398
f 415/3/310 413/3/287 411/3/269 410/3/268
f 418/3/266 396/3/277 409/3/396 408/3/399
f 391/3/285 392/3/395 399/3/398 398/3/400
f 420/3/267 418/3/266 408/3/399 407/3/273
f 419/3/254 391/3/285 398/3/400 397/3/261
f 422/3/255 419/3/254 397/3/261 412/3/260
f 421/3/280 395/3/289 403/3/397 402/3/282
f 284/3/307 312/3/331 311/3/338 283/3/308
f 394/3/281 421/3/280 402/3/282 401/3/257
f 399/3/398 400/3/256 424/3/259 423/3/401
f 408/3/399 409/3/396 429/3/402 428/3/403
f 402/3/282 403/3/397 426/3/404 425/3/283
f 407/3/273 408/3/399 428/3/403 427/3/274
f 438/3/253 437/3/252 451/3/223 452/3/222
f 426/3/404 436/3/286 435/3/309 425/3/283
f 425/3/283 435/3/309 434/3/276 447/3/258
f 434/3/276 433/3/265 424/3/259 447/3/258
f 449/3/271 448/3/270 444/3/288 443/3/279
f 443/3/279 442/3/278 429/3/402 449/3/271
f 413/3/287 422/3/255 412/3/260 411/3/269
f 448/3/270 446/3/263 445/3/405 444/3/288
f 428/3/403 429/3/402 442/3/278 441/3/393
f 241/3/208 242/3/204 258/3/236 257/3/231
f 446/3/263 450/3/262 430/3/292 445/3/405
f 427/3/274 440/3/392 439/3/406 453/3/275
f 428/3/403 441/3/393 440/3/392 427/3/274
f 439/3/406 438/3/253 452/3/222 453/3/275
f 423/3/401 424/3/259 433/3/265 432/3/264
f 431/3/290 430/3/292 450/3/262 454/3/407
f 397/3/261 398/3/400 454/3/407 450/3/262
f 437/3/252 436/3/286 426/3/404 451/3/223
f 403/3/397 404/3/220 451/3/223 426/3/404
f 398/3/400 399/3/398 423/3/401 454/3/407
f 409/3/396 410/3/268 449/3/271 429/3/402
f 454/3/407 423/3/401 432/3/264 431/3/290
f 193/3/161 209/3/160 210/3/180 194/3/181
f 445/3/405 430/3/292 431/3/290 432/3/264 433/3/265 434/3/276 435/3/309 436/3/286 437/3/252 438/3/253 439/3/406 440/3/392 441/3/393 442/3/278 443/3/279 444/3/288
f 575/4/408 577/5/78 569/6/409 568/7/410
f 588/8/411 583/9/412 586/10/413 608/11/414
f 567/12/412 581/13/415 590/14/416 591/15/417
f 584/16/418 573/17/419 572/18/420 585/19/421
f 576/20/408 575/4/408 588/8/411 587/21/422
f 583/9/412 568/7/410 569/22/409 586/23/413
f 573/24/419 578/25/78 576/20/408 572/18/420
f 585/19/421 587/21/422 607/26/423 584/27/418
f 593/28/10 589/29/424 582/30/415 571/31/421
f 578/25/78 577/5/78 575/4/408 576/20/408
f 605/32/421 606/33/412 610/34/130 609/35/132
f 590/14/416 589/29/424 601/36/134 602/37/133
f 587/21/422 588/8/411 606/33/412 605/32/421
f 567/12/412 591/15/417 594/38/80 570/39/130
f 574/40/132 592/41/76 593/28/10 571/31/421
f 598/42/425 603/43/426 595/44/410 599/45/420
f 591/15/417 597/46/410 600/47/427 594/38/80
f 579/48/75 581/13/415 567/12/412 570/49/130
f 571/31/421 582/30/415 580/50/75 574/51/132
f 596/52/420 590/14/416 602/37/133 604/53/428
f 589/29/424 595/44/410 603/54/426 601/36/134
f 582/30/415 581/13/415 579/48/75 580/50/75
f 604/55/428 600/56/427 597/46/410 596/52/420
f 592/41/76 598/57/425 599/45/420 593/28/10
f 589/29/424 590/14/416 581/13/415 582/30/415
f 587/21/422 605/32/421 609/58/132 607/26/423
f 576/20/408 587/21/422 585/19/421 572/18/420
f 606/33/412 588/8/411 608/11/414 610/59/130
f 599/45/420 595/44/410 589/29/424 593/28/10
f 590/14/416 596/52/420 597/46/410 591/15/417
f 627/60/412 612/61/410 613/62/409 630/63/413
f 632/64/411 627/60/412 630/65/413 652/66/414
f 626/67/415 633/68/424 634/69/416 625/70/415
f 628/71/418 617/72/419 616/73/420 629/74/421
f 617/75/419 622/76/78 620/77/408 616/73/420
f 611/78/412 635/79/417 638/80/80 614/81/130
f 618/82/132 636/83/76 637/84/10 615/85/421
f 637/84/10 633/68/424 626/67/415 615/85/421
f 629/74/421 631/86/422 651/87/423 628/88/418
f 636/83/76 642/89/425 643/90/420 637/84/10
f 634/69/416 633/68/424 645/91/134 646/92/133
f 642/93/425 647/94/426 639/95/410 643/90/420
f 635/79/417 641/96/410 644/97/427 638/80/80
f 640/98/420 634/69/416 646/92/133 648/99/428
f 633/68/424 639/95/410 647/100/426 645/91/134
f 648/101/428 644/102/427 641/96/410 640/98/420
f 623/103/75 625/70/415 611/78/412 614/104/130
f 634/69/416 640/98/420 641/96/410 635/79/417
f 643/90/420 639/95/410 633/68/424 637/84/10
f 625/70/415 634/69/416 635/79/417 611/78/412
f 626/67/415 625/70/415 623/103/75 624/105/75
f 615/85/421 626/67/415 624/105/75 618/106/132
f 649/107/421 650/108/412 654/109/130 653/110/132
f 631/86/422 649/107/421 653/111/132 651/87/423
f 631/86/422 632/64/411 650/108/412 649/107/421
f 620/77/408 619/112/408 632/64/411 631/86/422
f 616/73/420 620/77/408 631/86/422 629/74/421
f 632/64/411 619/112/408 612/61/410 627/60/412
f 622/76/78 621/113/78 619/112/408 620/77/408
f 619/112/408 621/113/78 613/114/409 612/61/410
f 650/108/412 632/64/411 652/66/414 654/115/130
f 588/8/411 575/4/408 568/7/410 583/9/412
f 683/3/429 667/3/430 656/3/431 673/3/432
f 669/3/433 670/3/434 655/3/435 658/3/436
f 685/3/437 669/3/433 658/3/436 677/3/438
f 673/3/432 656/3/431 657/3/439 678/3/440
f 675/3/441 661/3/442 660/3/443 672/3/444
f 660/3/443 661/3/442 665/3/445 664/3/446
f 672/3/444 660/3/443 664/3/446 679/3/447
f 662/3/448 659/3/449 663/3/450 666/3/451
f 676/3/441 662/3/448 666/3/451 681/3/437
f 665/3/445 668/3/452 667/3/430 664/3/446
f 681/3/437 685/3/437 714/3/437 712/3/437
f 680/3/453 688/3/454 690/3/455 684/3/456
f 670/3/434 684/3/456 674/3/457 655/3/435
f 713/3/458 683/3/429 673/3/432 708/3/459
f 668/3/452 686/3/437 678/3/440 657/3/439
f 714/3/437 685/3/437 677/3/438 710/3/460
f 708/3/459 673/3/432 678/3/440 710/3/460
f 662/3/448 676/3/441 671/3/461 659/3/449
f 709/3/441 675/3/441 672/3/444 707/3/462
f 674/3/457 708/3/459 710/3/460 677/3/438
f 659/3/449 671/3/461 680/3/453 663/3/450
f 707/3/462 672/3/444 679/3/447 711/3/463
f 661/3/442 675/3/441 682/3/437 665/3/445
f 709/3/441 676/3/441 681/3/437 712/3/437
f 691/3/464 693/3/465 718/3/466 717/3/467
f 663/3/450 670/3/434 669/3/433 666/3/451
f 655/3/435 674/3/457 677/3/438 658/3/436
f 692/3/468 694/3/469 690/3/455 688/3/454
f 689/3/470 716/3/471 718/3/466 693/3/465
f 679/3/447 687/3/472 715/3/473 711/3/463
f 713/3/458 716/3/471 689/3/470 683/3/429
f 744/3/474 741/3/475 737/3/476
f 698/3/477 696/3/478 700/3/479 702/3/480
f 687/3/472 691/3/464 697/3/481 695/3/482
f 702/3/480 700/3/479 704/3/483 706/3/484
f 717/3/467 692/3/468 698/3/477 720/3/485
f 715/3/473 687/3/472 695/3/482 719/3/486
f 695/3/482 697/3/481 701/3/487 699/3/488
f 699/3/488 701/3/487 705/3/489 703/3/490
f 720/3/485 698/3/477 702/3/480 722/3/491
f 719/3/486 695/3/482 699/3/488 721/3/492
f 716/3/471 690/3/455 694/3/469 718/3/466
f 722/3/491 702/3/480 706/3/484 724/3/493
f 721/3/492 699/3/488 703/3/490 723/3/494
f 712/3/437 714/3/437 686/3/437 682/3/437
f 684/3/456 690/3/455 716/3/471 713/3/458
f 684/3/456 713/3/458 708/3/459 674/3/457
f 686/3/437 714/3/437 710/3/460 678/3/440
f 676/3/441 709/3/441 707/3/462 671/3/461
f 671/3/461 707/3/462 711/3/463 680/3/453
f 675/3/441 709/3/441 712/3/437 682/3/437
f 717/3/467 718/3/466 694/3/469 692/3/468
f 711/3/463 715/3/473 688/3/454 680/3/453
f 692/3/468 688/3/454 696/3/478 698/3/477
f 691/3/464 717/3/467 720/3/485 697/3/481
f 688/3/454 715/3/473 719/3/486 696/3/478
f 697/3/481 720/3/485 722/3/491 701/3/487
f 696/3/478 719/3/486 721/3/492 700/3/479
f 701/3/487 722/3/491 724/3/493 705/3/489
f 700/3/479 721/3/492 723/3/494 704/3/483
f 682/3/437 686/3/437 668/3/452 665/3/445
f 664/3/446 667/3/430 683/3/429 679/3/447
f 666/3/451 669/3/433 685/3/437 681/3/437
f 683/3/429 689/3/470 687/3/472 679/3/447
f 680/3/453 684/3/456 670/3/434 663/3/450
f 667/3/430 668/3/452 657/3/439 656/3/431
f 737/3/476 735/3/495 746/3/496 748/3/497
f 747/3/498 745/3/499 772/3/500 776/3/501
f 734/3/502 738/3/503 749/3/504 745/3/499
f 739/3/505 736/3/506 747/3/498 750/3/507
f 733/3/508 737/3/476 748/3/497 740/3/509
f 735/3/495 739/3/505 750/3/507 746/3/496
f 738/3/503 733/3/508 740/3/509 749/3/504
f 755/3/510 768/3/511 767/3/512 754/3/513
f 787/3/514 780/3/515 759/3/516 775/3/517
f 766/3/518 768/3/511 755/3/510 751/3/519
f 770/3/520 771/3/521 761/3/522 763/3/523
f 771/3/521 769/3/524 764/3/525 761/3/522
f 783/3/76 781/3/526 763/3/523 761/3/522
f 782/3/527 783/3/76 761/3/522 764/3/525
f 780/3/515 785/3/80 757/3/528 759/3/516
f 785/3/80 784/3/80 760/3/529 757/3/528
f 706/3/484 704/3/483 725/3/530 727/3/531
f 781/3/526 786/3/532 770/3/520 763/3/523
f 767/3/512 773/3/533 791/3/534 790/3/535
f 745/3/499 749/3/504 777/3/536 772/3/500
f 749/3/504 740/3/509 778/3/537 777/3/536
f 740/3/509 748/3/497 773/3/533 778/3/537
f 759/3/516 757/3/528 779/3/538 775/3/517
f 757/3/528 760/3/529 774/3/539 779/3/538
f 752/3/540 754/3/513 781/3/526 783/3/76
f 756/3/541 752/3/540 783/3/76 782/3/527
f 748/3/497 746/3/496 785/3/80 780/3/515
f 746/3/496 750/3/507 784/3/80 785/3/80
f 754/3/513 767/3/512 786/3/532 781/3/526
f 753/3/542 756/3/541 782/3/527 762/3/543
f 729/3/544 742/3/545 734/3/502 736/3/506
f 703/3/490 705/3/489 726/3/546 732/3/547
f 704/3/483 723/3/494 728/3/548 725/3/530
f 724/3/493 706/3/484 727/3/531 731/3/549
f 705/3/489 724/3/493 731/3/549 726/3/546
f 723/3/494 703/3/490 732/3/547 728/3/548
f 741/3/475 735/3/495 737/3/476
f 732/3/547 726/3/546 741/3/475 744/3/474
f 742/3/545 730/3/550 738/3/503 734/3/502
f 743/3/551 729/3/544 736/3/506 739/3/505
f 733/3/508 744/3/474 737/3/476
f 741/3/475 743/3/551 739/3/505 735/3/495
f 730/3/550 744/3/474 733/3/508 738/3/503
f 756/3/541 753/3/542 765/3/552 789/3/553
f 736/3/506 734/3/502 745/3/499 747/3/498
f 725/3/530 728/3/548 730/3/550 742/3/545
f 731/3/549 727/3/531 729/3/544 743/3/551
f 726/3/546 731/3/549 743/3/551 741/3/475
f 728/3/548 732/3/547 744/3/474 730/3/550
f 762/3/543 782/3/527 764/3/525
f 769/3/524 762/3/543 764/3/525
f 784/3/80 758/3/554 760/3/529
f 760/3/529 758/3/554 788/3/555 774/3/539
f 750/3/507 747/3/498 758/3/554 784/3/80
f 786/3/532 787/3/514 775/3/517 770/3/520
f 773/3/533 787/3/514 793/3/556 791/3/534
f 755/3/510 754/3/513 752/3/540 751/3/519
f 788/3/555 762/3/543 769/3/524 774/3/539
f 751/3/519 789/3/553 765/3/552 766/3/518
f 752/3/540 756/3/541 789/3/553 751/3/519
f 786/3/532 767/3/512 790/3/535 792/3/557
f 790/3/535 791/3/534 793/3/556 792/3/557
f 747/3/498 776/3/501 788/3/555 758/3/554
f 773/3/533 748/3/497 780/3/515 787/3/514
f 777/3/536 766/3/518 765/3/552 772/3/500
f 778/3/537 768/3/511 766/3/518 777/3/536
f 773/3/533 767/3/512 768/3/511 778/3/537
f 779/3/538 771/3/521 770/3/520 775/3/517
f 774/3/539 769/3/524 771/3/521 779/3/538
f 787/3/514 786/3/532 792/3/557 793/3/556
f 772/3/500 765/3/552 753/3/542 776/3/501
f 753/3/542 762/3/543 788/3/555 776/3/501
f 815/116/558 810/117/559 813/118/560 835/119/561
f 805/120/19 804/121/19 802/122/415 803/123/415
f 801/124/562 819/125/76 820/126/132 798/127/563
f 820/126/132 816/128/564 809/129/565 798/127/563
f 832/130/563 833/131/559 837/132/566 836/133/562
f 800/134/567 805/120/19 803/123/415 799/135/421
f 799/135/421 803/123/415 814/136/568 812/137/563
f 808/138/565 817/139/569 818/140/130 794/141/559
f 812/137/563 814/136/568 834/142/570 811/143/571
f 831/144/572 827/145/573 824/146/412 823/147/421
f 823/147/421 817/139/569 829/148/10 831/149/572
f 816/128/564 822/150/412 830/151/574 828/152/417
f 798/127/563 809/129/565 807/153/65 801/154/562
f 806/155/65 808/138/565 794/141/559 797/156/566
f 817/139/569 823/147/421 824/146/412 818/140/130
f 826/157/421 822/150/412 816/128/564 820/126/132
f 809/129/565 816/128/564 817/139/569 808/138/565
f 818/140/130 824/146/412 827/158/573 821/159/80
f 809/129/565 808/138/565 806/155/65 807/153/65
f 794/141/559 818/140/130 821/159/80 797/160/566
f 817/139/569 816/128/564 828/152/417 829/148/10
f 814/136/568 832/130/563 836/161/562 834/142/570
f 802/122/415 795/162/412 810/117/559 815/116/558
f 795/162/412 796/163/575 813/164/560 810/117/559
f 800/165/567 799/135/421 812/137/563 811/166/571
f 802/122/415 804/121/19 796/167/575 795/162/412
f 802/122/415 815/116/558 814/136/568 803/123/415
f 825/168/576 830/169/574 822/150/412 826/157/421
f 814/136/568 815/116/558 833/131/559 832/130/563
f 833/131/559 815/116/558 835/119/561 837/170/566
f 845/171/577 844/172/578 852/173/579 853/174/580
f 842/175/581 841/176/582 849/177/583 850/178/584
f 844/172/578 843/179/585 851/180/586 852/173/579
f 841/176/582 840/181/587 848/182/588 849/177/583
f 838/183/589 845/171/577 853/174/580 846/184/590
f 843/179/585 842/175/581 850/178/584 851/180/586
f 839/185/591 838/183/589 846/184/590 847/186/592
f 846/187/590 853/188/580 852/189/579 851/190/586 850/191/584 849/177/583 848/182/588 847/192/592
f 864/193/593 868/194/594 869/195/595 865/196/596
f 859/197/597 860/198/598 856/199/599 855/200/600
f 861/201/601 858/202/602 854/203/603 857/204/604
f 863/205/605 867/206/606 868/207/594 864/208/593
f 858/202/602 861/201/601 865/196/596 862/209/607
f 867/206/606 871/210/608 872/211/609 868/207/594
f 868/194/594 872/212/609 873/213/610 869/195/595
f 865/196/596 869/195/595 866/214/611 862/209/607
f 871/210/608 875/215/612 876/216/613 872/211/609
f 872/212/609 876/217/613 877/218/614 873/213/610
f 869/195/595 873/213/610 870/219/615 866/214/611
f 875/215/612 879/220/616 880/221/617 876/216/613
f 876/217/613 880/222/617 881/223/618 877/218/614
f 873/213/610 877/218/614 874/224/619 870/219/615
f 858/202/602 862/209/607 863/205/605 859/197/597
f 881/223/618 880/221/617 879/220/616 878/225/620
f 877/218/614 881/223/618 878/225/620 874/224/619
f 860/226/598 861/201/601 857/204/604 856/227/599
f 858/202/602 859/197/597 855/200/600 854/203/603
f 862/209/607 866/214/611 867/206/606 863/205/605
f 866/214/611 870/219/615 871/210/608 867/206/606
f 870/219/615 874/224/619 875/215/612 871/210/608
f 874/224/619 878/225/620 879/220/616 875/215/612
f 860/226/598 864/193/593 865/196/596 861/201/601
f 859/197/597 863/205/605 864/208/593 860/198/598
f 903/3/621 904/3/622 888/3/623 887/3/624
f 913/3/625 898/3/626 882/3/627 897/3/628
f 891/3/629 907/3/630 908/3/631 892/3/632
f 902/3/633 903/3/621 887/3/624 886/3/634
f 912/3/635 913/3/625 897/3/628 896/3/636
f 890/3/637 906/3/638 907/3/630 891/3/629
f 901/3/639 902/3/633 886/3/634 885/3/640
f 911/3/641 912/3/635 896/3/636 895/3/642
f 900/3/643 901/3/639 885/3/640 884/3/644
f 889/3/645 905/3/646 906/3/638 890/3/637
f 910/3/647 911/3/641 895/3/642 894/3/648
f 899/3/649 900/3/643 884/3/644 883/3/650
f 888/3/623 904/3/622 905/3/646 889/3/645
f 909/3/651 910/3/647 894/3/648 893/3/652
f 898/3/626 899/3/649 883/3/650 882/3/627
f 926/3/653 927/3/654 911/3/641 910/3/647
f 915/3/655 916/3/656 900/3/643 899/3/649
f 904/3/622 920/3/657 921/3/658 905/3/646
f 925/3/659 926/3/653 910/3/647 909/3/651
f 903/3/621 919/3/660 920/3/657 904/3/622
f 913/3/625 929/3/661 914/3/662 898/3/626
f 924/3/663 925/3/659 909/3/651 908/3/631
f 902/3/633 918/3/664 919/3/660 903/3/621
f 912/3/635 928/3/665 929/3/661 913/3/625
f 923/3/666 924/3/663 908/3/631 907/3/630
f 901/3/639 917/3/667 918/3/664 902/3/633
f 911/3/641 927/3/654 928/3/665 912/3/635
f 900/3/643 916/3/656 917/3/667 901/3/639
f 922/3/668 923/3/666 907/3/630 906/3/638
f 921/3/658 922/3/668 906/3/638 905/3/646
f 939/3/669 940/3/670 929/3/661 928/3/665
f 932/3/671 958/3/672 918/3/664 917/3/667
f 922/3/668 959/3/673 935/3/674 923/3/666
f 938/3/675 939/3/669 928/3/665 927/3/654
f 931/3/676 932/3/671 917/3/667 916/3/656
f 921/3/658 961/3/677 959/3/673 922/3/668
f 937/3/678 938/3/675 927/3/654 926/3/653
f 960/3/679 931/3/676 916/3/656 915/3/655
f 920/3/657 934/3/680 961/3/677 921/3/658
f 1084/3/681 1075/3/682 1104/3/683 1083/3/684
f 925/3/659 957/3/685 937/3/678 926/3/653
f 919/3/660 933/3/686 934/3/680 920/3/657
f 940/3/670 930/3/687 914/3/662 929/3/661
f 936/3/688 957/3/685 925/3/659 924/3/663
f 918/3/664 958/3/672 933/3/686 919/3/660
f 923/3/666 935/3/674 936/3/688 924/3/663
f 960/3/679 915/3/655 914/3/662 930/3/687
f 953/3/689 954/3/690 938/3/675 937/3/678
f 934/3/680 947/3/691 948/3/692 961/3/677
f 930/3/687 941/3/693 942/3/694 960/3/679
f 953/3/689 974/3/695 975/3/696 954/3/690
f 961/3/677 948/3/692 949/3/697 959/3/673
f 949/3/697 950/3/698 935/3/674 959/3/673
f 942/3/694 963/3/699 964/3/700 943/3/701
f 969/3/702 970/3/703 949/3/697 948/3/692
f 952/3/704 973/3/705 974/3/695 953/3/689
f 968/3/706 969/3/702 948/3/692 947/3/691
f 951/3/707 972/3/708 973/3/705 952/3/704
f 967/3/709 968/3/706 947/3/691 946/3/710
f 977/3/711 962/3/712 941/3/693 956/3/713
f 950/3/698 971/3/714 972/3/708 951/3/707
f 966/3/715 967/3/709 946/3/710 945/3/716
f 976/3/717 977/3/711 956/3/713 955/3/718
f 965/3/719 966/3/715 945/3/716 944/3/720
f 970/3/703 971/3/714 950/3/698 949/3/697
f 954/3/690 975/3/696 976/3/717 955/3/718
f 943/3/701 964/3/700 965/3/719 944/3/720
f 977/3/711 993/3/721 978/3/722 962/3/712
f 988/3/723 989/3/724 973/3/705 972/3/708
f 966/3/715 982/3/725 983/3/726 967/3/709
f 976/3/717 992/3/727 993/3/721 977/3/711
f 987/3/728 988/3/723 972/3/708 971/3/714
f 965/3/719 981/3/729 982/3/725 966/3/715
f 975/3/696 991/3/730 992/3/727 976/3/717
f 964/3/700 980/3/731 981/3/729 965/3/719
f 986/3/732 987/3/728 971/3/714 970/3/703
f 974/3/695 990/3/733 991/3/730 975/3/696
f 963/3/699 979/3/734 980/3/731 964/3/700
f 985/3/735 986/3/732 970/3/703 969/3/702
f 973/3/705 989/3/724 990/3/733 974/3/695
f 984/3/736 985/3/735 969/3/702 968/3/706
f 1123/3/737 1139/3/738 1138/3/739 1122/3/740
f 983/3/726 984/3/736 968/3/706 967/3/709
f 1005/3/741 1006/3/742 990/3/733 989/3/724
f 994/3/743 995/3/744 979/3/734 978/3/722
f 983/3/726 999/3/745 1000/3/746 984/3/736
f 1004/3/747 1005/3/741 989/3/724 988/3/723
f 982/3/725 998/3/748 999/3/745 983/3/726
f 992/3/727 1008/3/749 1009/3/750 993/3/721
f 1003/3/751 1004/3/747 988/3/723 987/3/728
f 981/3/729 997/3/752 998/3/748 982/3/725
f 991/3/730 1007/3/753 1008/3/749 992/3/727
f 1002/3/754 1003/3/751 987/3/728 986/3/732
f 980/3/731 996/3/755 997/3/752 981/3/729
f 990/3/733 1006/3/742 1007/3/753 991/3/730
f 979/3/734 995/3/744 996/3/755 980/3/731
f 1001/3/756 1002/3/754 986/3/732 985/3/735
f 1000/3/746 1001/3/756 985/3/735 984/3/736
f 1009/3/750 994/3/743 978/3/722 993/3/721
f 941/3/693 962/3/712 963/3/699 942/3/694
f 1021/3/757 1022/3/758 1006/3/742 1005/3/741
f 999/3/745 1015/3/759 1016/3/760 1000/3/746
f 1009/3/750 1025/3/761 1010/3/762 994/3/743
f 1020/3/763 1021/3/757 1005/3/741 1004/3/747
f 998/3/748 1014/3/764 1015/3/759 999/3/745
f 1008/3/749 1024/3/765 1025/3/761 1009/3/750
f 1019/3/766 1020/3/763 1004/3/747 1003/3/751
f 997/3/752 1013/3/767 1014/3/764 998/3/748
f 1007/3/753 1023/3/768 1024/3/765 1008/3/749
f 996/3/755 1012/3/769 1013/3/767 997/3/752
f 1018/3/770 1019/3/766 1003/3/751 1002/3/754
f 1006/3/742 1022/3/758 1023/3/768 1007/3/753
f 995/3/744 1011/3/771 1012/3/769 996/3/755
f 1017/3/772 1018/3/770 1002/3/754 1001/3/756
f 1016/3/760 1017/3/772 1001/3/756 1000/3/746
f 1038/3/773 1039/3/774 1023/3/768 1022/3/758
f 1027/3/775 1028/3/776 1012/3/769 1011/3/771
f 1016/3/760 1032/3/777 1033/3/778 1017/3/772
f 1037/3/779 1038/3/773 1022/3/758 1021/3/757
f 1026/3/780 1027/3/775 1011/3/771 1010/3/762
f 1015/3/759 1031/3/781 1032/3/777 1016/3/760
f 1025/3/761 1041/3/782 1026/3/780 1010/3/762
f 1036/3/681 1037/3/779 1021/3/757 1020/3/763
f 1014/3/764 1030/3/783 1031/3/781 1015/3/759
f 1024/3/765 1040/3/784 1041/3/782 1025/3/761
f 1035/3/785 1036/3/681 1020/3/763 1019/3/766
f 1013/3/767 1029/3/786 1030/3/783 1014/3/764
f 1023/3/768 1039/3/774 1040/3/784 1024/3/765
f 1034/3/787 1035/3/785 1019/3/766 1018/3/770
f 1012/3/769 1028/3/776 1029/3/786 1013/3/767
f 1033/3/778 1034/3/787 1018/3/770 1017/3/772
f 1047/3/788 1048/3/789 1040/3/784 1039/3/774
f 1071/3/790 1069/3/791 1038/3/773 1037/3/779
f 1030/3/783 1073/3/792 1045/3/793 1031/3/781
f 1040/3/784 1048/3/789 1049/3/794 1041/3/782
f 1066/3/795 1072/3/796 1036/3/681 1035/3/785
f 1064/3/797 1048/3/789 1047/3/788 1063/3/798
f 1062/3/799 1069/3/791 1071/3/790 1061/3/800
f 1068/3/801 1058/3/802 1059/3/803 1066/3/795
f 1063/3/798 1047/3/788 1069/3/791 1062/3/799
f 1043/3/804 1051/3/805 1052/3/806 1067/3/807
f 1061/3/800 1071/3/790 1072/3/796 1060/3/808
f 1070/3/809 1057/3/810 1058/3/802 1068/3/801
f 1051/3/805 1043/3/804 1042/3/811 1050/3/812
f 1049/3/794 1065/3/813 1050/3/812 1042/3/811
f 1046/3/814 1056/3/815 1057/3/810 1070/3/809
f 1045/3/793 1055/3/816 1056/3/815 1046/3/814
f 1060/3/808 1072/3/796 1066/3/795 1059/3/803
f 1073/3/792 1054/3/817 1055/3/816 1045/3/793
f 1059/3/803 1102/3/818 1080/3/819 1060/3/808
f 1053/3/820 1044/3/821 1067/3/807 1052/3/806
f 1077/3/822 1098/3/823 1055/3/816 1054/3/817
f 1100/3/824 1099/3/825 1065/3/813 1064/3/797
f 1081/3/826 1100/3/824 1064/3/797 1063/3/798
f 1062/3/799 1105/3/827 1081/3/826 1063/3/798
f 1103/3/828 1105/3/827 1062/3/799 1061/3/800
f 1055/3/816 1098/3/823 1078/3/829 1056/3/815
f 1083/3/684 1104/3/683 1074/3/830 1082/3/787
f 1056/3/815 1078/3/829 1079/3/831 1057/3/810
f 1079/3/831 1089/3/832 1090/3/780 1101/3/833
f 1080/3/819 1092/3/776 1093/3/834 1103/3/828
f 1094/3/783 1105/3/827 1103/3/828 1093/3/834
f 1098/3/823 1087/3/835 1088/3/784 1078/3/829
f 1092/3/776 1080/3/819 1102/3/818 1091/3/836
f 1078/3/829 1088/3/784 1089/3/832 1079/3/831
f 1077/3/822 1086/3/773 1087/3/835 1098/3/823
f 1091/3/836 1102/3/818 1101/3/833 1090/3/780
f 1082/3/787 1074/3/830 1099/3/825 1097/3/837
f 1076/3/838 1085/3/839 1086/3/773 1077/3/822
f 1081/3/826 1095/3/840 1096/3/777 1100/3/824
f 1075/3/682 1084/3/681 1085/3/839 1076/3/838
f 1100/3/824 1096/3/777 1097/3/837 1099/3/825
f 1105/3/827 1094/3/783 1095/3/840 1081/3/826
f 1065/3/813 1049/3/794 1048/3/789 1064/3/797
f 895/3/642 1119/3/841 1118/3/842 894/3/648
f 1010/3/762 1011/3/771 995/3/744 994/3/743
f 1083/3/684 1082/3/787 1097/3/837 1096/3/777 1095/3/840 1094/3/783 1093/3/834 1092/3/776 1091/3/836 1090/3/780 1089/3/832 1088/3/784 1087/3/835 1086/3/773 1085/3/839 1084/3/681
f 884/3/644 1108/3/843 1107/3/844 883/3/650
f 1112/3/845 888/3/623 889/3/645 1113/3/846
f 894/3/648 1118/3/842 1117/3/847 893/3/652
f 883/3/650 1107/3/844 1106/3/848 882/3/627
f 1111/3/849 887/3/624 888/3/623 1112/3/845
f 1121/3/850 897/3/628 882/3/627 1106/3/848
f 893/3/652 1117/3/847 1116/3/851 892/3/632
f 1110/3/852 886/3/634 887/3/624 1111/3/849
f 1120/3/853 896/3/636 897/3/628 1121/3/850
f 892/3/632 1116/3/851 1115/3/854 891/3/629
f 1109/3/855 885/3/640 886/3/634 1110/3/852
f 1119/3/841 895/3/642 896/3/636 1120/3/853
f 891/3/629 1115/3/854 1114/3/856 890/3/637
f 1108/3/843 884/3/644 885/3/640 1109/3/855
f 890/3/637 1114/3/856 1113/3/846 889/3/645
f 1110/3/852 1111/3/849 1127/3/857 1126/3/858
f 1111/3/849 1112/3/845 1128/3/859 1127/3/857
f 1135/3/860 1151/3/861 1150/3/862 1134/3/863
f 1120/3/853 1121/3/850 1137/3/864 1136/3/865
f 1115/3/854 1116/3/851 1132/3/866 1131/3/867
f 1108/3/843 1109/3/855 1125/3/868 1124/3/869
f 1119/3/841 1120/3/853 1136/3/865 1135/3/860
f 1114/3/856 1115/3/854 1131/3/867 1130/3/870
f 1118/3/842 1119/3/841 1135/3/860 1134/3/863
f 1117/3/847 1118/3/842 1134/3/863 1133/3/871
f 1107/3/844 1108/3/843 1124/3/869 1123/3/737
f 1113/3/846 1114/3/856 1130/3/870 1129/3/872
f 1121/3/850 1106/3/848 1122/3/740 1137/3/864
f 1106/3/848 1107/3/844 1123/3/737 1122/3/740
f 1112/3/845 1113/3/846 1129/3/872 1128/3/859
f 1109/3/855 1110/3/852 1126/3/858 1125/3/868
f 1124/3/869 1140/3/873 1139/3/738 1123/3/737
f 1129/3/872 1145/3/874 1144/3/875 1128/3/859
f 1140/3/873 1171/3/876 1170/3/877 1139/3/738
f 1134/3/863 1150/3/862 1149/3/878 1133/3/871
f 1128/3/859 1144/3/875 1143/3/879 1127/3/857
f 1122/3/740 1138/3/739 1153/3/880 1137/3/864
f 1133/3/871 1149/3/878 1148/3/881 1132/3/866
f 1127/3/857 1143/3/879 1142/3/882 1126/3/858
f 1137/3/864 1153/3/880 1152/3/883 1136/3/865
f 1132/3/866 1148/3/881 1147/3/884 1131/3/867
f 1126/3/858 1142/3/882 1141/3/885 1125/3/868
f 1136/3/865 1152/3/883 1151/3/861 1135/3/860
f 1125/3/868 1141/3/885 1140/3/873 1124/3/869
f 1131/3/867 1147/3/884 1146/3/886 1130/3/870
f 1130/3/870 1146/3/886 1145/3/874 1129/3/872
f 1138/3/739 1200/3/887 1179/3/888 1153/3/880
f 1143/3/879 1173/3/889 1196/3/890 1142/3/882
f 1148/3/881 1176/3/891 1198/3/892 1147/3/884
f 1153/3/880 1179/3/888 1197/3/893 1152/3/883
f 1142/3/882 1196/3/890 1172/3/894 1141/3/885
f 1147/3/884 1198/3/892 1175/3/895 1146/3/886
f 1152/3/883 1197/3/893 1199/3/896 1151/3/861
f 1141/3/885 1172/3/894 1171/3/876 1140/3/873
f 1146/3/886 1175/3/895 1174/3/897 1145/3/874
f 1151/3/861 1199/3/896 1178/3/898 1150/3/862
f 1145/3/874 1174/3/897 1201/3/899 1144/3/875
f 1181/3/900 1219/3/901 1218/3/902 1180/3/903
f 1150/3/862 1178/3/898 1177/3/904 1149/3/878
f 1144/3/875 1201/3/899 1173/3/889 1143/3/879
f 1149/3/878 1177/3/904 1176/3/891 1148/3/881
f 1445/3/752 1461/3/767 1462/3/764 1446/3/748
f 1444/3/755 1460/3/769 1461/3/767 1445/3/752
f 1446/3/748 1462/3/764 1463/3/759 1447/3/745
f 1239/3/905 1202/3/906 1169/3/907 1238/3/908
f 1454/3/742 1470/3/758 1471/3/768 1455/3/753
f 1173/3/889 1201/3/899 1186/3/909 1185/3/910
f 1448/3/746 1449/3/756 1433/3/735 1432/3/736
f 1455/3/753 1471/3/768 1472/3/765 1456/3/749
f 1447/3/745 1463/3/759 1464/3/760 1448/3/746
f 1201/3/899 1174/3/897 1187/3/911 1186/3/909
f 1170/3/877 1171/3/876 1182/3/912 1181/3/900
f 1179/3/888 1200/3/887 1180/3/903 1195/3/913
f 1199/3/896 1197/3/893 1194/3/914 1193/3/915
f 1175/3/895 1198/3/892 1189/3/916 1188/3/917
f 1193/3/915 1231/3/918 1230/3/919 1192/3/920
f 1182/3/912 1220/3/921 1219/3/901 1181/3/900
f 1188/3/917 1226/3/922 1225/3/923 1187/3/911
f 1192/3/920 1230/3/919 1229/3/924 1191/3/925
f 1187/3/911 1225/3/923 1224/3/926 1186/3/909
f 1219/3/901 1251/3/927 1250/3/928 1218/3/902
f 1191/3/925 1229/3/924 1228/3/929 1190/3/930
f 1186/3/909 1224/3/926 1223/3/931 1185/3/910
f 1180/3/903 1218/3/902 1233/3/932 1195/3/913
f 1190/3/930 1228/3/929 1227/3/933 1189/3/916
f 1185/3/910 1223/3/931 1222/3/934 1184/3/935
f 1195/3/913 1233/3/932 1232/3/936 1194/3/914
f 1184/3/935 1222/3/934 1221/3/937 1183/3/938
f 1189/3/916 1227/3/933 1226/3/922 1188/3/917
f 1194/3/914 1232/3/936 1231/3/918 1193/3/915
f 1183/3/938 1221/3/937 1220/3/921 1182/3/912
f 1431/3/726 1432/3/736 1164/3/939 1165/3/940
f 1430/3/725 1446/3/748 1447/3/745 1431/3/726
f 1428/3/731 1444/3/755 1445/3/752 1429/3/729
f 1453/3/741 1454/3/742 1438/3/733 1437/3/724
f 1438/3/733 1454/3/742 1455/3/753 1439/3/730
f 1440/3/727 1456/3/749 1457/3/750 1441/3/721
f 1442/3/743 1443/3/744 1427/3/734 1154/3/722
f 1427/3/734 1443/3/744 1444/3/755 1428/3/731
f 1451/3/751 1452/3/747 1436/3/723 1435/3/728
f 1431/3/726 1447/3/745 1448/3/746 1432/3/736
f 1429/3/729 1445/3/752 1446/3/748 1430/3/725
f 1432/3/736 1433/3/735 1163/3/941 1164/3/939
f 1452/3/747 1453/3/741 1437/3/724 1436/3/723
f 1439/3/730 1455/3/753 1456/3/749 1440/3/727
f 1571/3/737 1587/3/738 1586/3/739 1570/3/740
f 1450/3/754 1451/3/751 1435/3/728 1434/3/732
f 1218/3/902 1250/3/928 1265/3/942 1233/3/932
f 1229/3/924 1261/3/943 1260/3/944 1228/3/929
f 1223/3/931 1255/3/945 1254/3/946 1222/3/934
f 1233/3/932 1265/3/942 1264/3/947 1232/3/936
f 1228/3/929 1260/3/944 1259/3/948 1227/3/933
f 1222/3/934 1254/3/946 1253/3/949 1221/3/937
f 1232/3/936 1264/3/947 1263/3/950 1231/3/918
f 1221/3/937 1253/3/949 1252/3/951 1220/3/921
f 1227/3/933 1259/3/948 1258/3/952 1226/3/922
f 1231/3/918 1263/3/950 1262/3/953 1230/3/919
f 1220/3/921 1252/3/951 1251/3/927 1219/3/901
f 1226/3/922 1258/3/952 1257/3/954 1225/3/923
f 1230/3/919 1262/3/953 1261/3/943 1229/3/924
f 1225/3/923 1257/3/954 1256/3/955 1224/3/926
f 1267/3/956 1299/3/957 1298/3/958 1266/3/959
f 1224/3/926 1256/3/955 1255/3/945 1223/3/931
f 1162/3/960 1161/3/961 1214/3/962 1215/3/963
f 1166/3/964 1430/3/725 1431/3/726 1165/3/940
f 1434/3/732 1435/3/728 1161/3/961 1162/3/960
f 1210/3/965 1157/3/966 1156/3/967 1209/3/968
f 1156/3/967 1440/3/727 1441/3/721 1155/3/969
f 1158/3/970 1438/3/733 1439/3/730 1157/3/966
f 1237/3/971 1168/3/972 1167/3/973 1236/3/974
f 1435/3/728 1436/3/723 1160/3/975 1161/3/961
f 1169/3/907 1427/3/734 1428/3/731 1168/3/972
f 1155/3/969 1441/3/721 1154/3/722 1202/3/906
f 1433/3/735 1434/3/732 1162/3/960 1163/3/941
f 1167/3/973 1429/3/729 1430/3/725 1166/3/964
f 1436/3/723 1437/3/724 1159/3/976 1160/3/975
f 1159/3/976 1437/3/724 1438/3/733 1158/3/970
f 1157/3/966 1439/3/730 1440/3/727 1156/3/967
f 1168/3/972 1428/3/731 1429/3/729 1167/3/973
f 1261/3/943 1262/3/953 1278/3/977 1277/3/978
f 1250/3/928 1251/3/927 1267/3/956 1266/3/959
f 1255/3/945 1256/3/955 1272/3/979 1271/3/980
f 1260/3/944 1261/3/943 1277/3/978 1276/3/981
f 1254/3/946 1255/3/945 1271/3/980 1270/3/982
f 1264/3/947 1265/3/942 1281/3/983 1280/3/984
f 1259/3/948 1260/3/944 1276/3/981 1275/3/985
f 1253/3/949 1254/3/946 1270/3/982 1269/3/986
f 1263/3/950 1264/3/947 1280/3/984 1279/3/987
f 1258/3/952 1259/3/948 1275/3/985 1274/3/988
f 1252/3/951 1253/3/949 1269/3/986 1268/3/989
f 1262/3/953 1263/3/950 1279/3/987 1278/3/977
f 1251/3/927 1252/3/951 1268/3/989 1267/3/956
f 1257/3/954 1258/3/952 1274/3/988 1273/3/990
f 1256/3/955 1257/3/954 1273/3/990 1272/3/979
f 1265/3/942 1250/3/928 1266/3/959 1281/3/983
f 1334/3/991 1360/3/992 1350/3/993 1349/3/994
f 1278/3/977 1310/3/995 1309/3/996 1277/3/978
f 1272/3/979 1304/3/997 1303/3/998 1271/3/980
f 1266/3/959 1298/3/958 1313/3/999 1281/3/983
f 1277/3/978 1309/3/996 1308/3/1000 1276/3/981
f 1271/3/980 1303/3/998 1302/3/1001 1270/3/982
f 1281/3/983 1313/3/999 1312/3/1002 1280/3/984
f 1276/3/981 1308/3/1000 1307/3/1003 1275/3/985
f 1270/3/982 1302/3/1001 1301/3/1004 1269/3/986
f 1280/3/984 1312/3/1002 1311/3/1005 1279/3/987
f 1269/3/986 1301/3/1004 1300/3/1006 1268/3/989
f 1275/3/985 1307/3/1003 1306/3/1007 1274/3/988
f 1279/3/987 1311/3/1005 1310/3/995 1278/3/977
f 1268/3/989 1300/3/1006 1299/3/957 1267/3/956
f 1274/3/988 1306/3/1007 1305/3/1008 1273/3/990
f 1273/3/990 1305/3/1008 1304/3/997 1272/3/979
f 1215/3/963 1214/3/962 1245/3/1009 1205/3/1010
f 1167/3/973 1166/3/964 1235/3/1011 1236/3/974
f 1165/3/940 1164/3/939 1217/3/1012 1234/3/1013
f 1246/3/1014 1217/3/1012 1216/3/1015 1203/3/1016
f 1238/3/908 1169/3/907 1168/3/972 1237/3/971
f 1155/3/969 1202/3/906 1239/3/905 1208/3/1017
f 1282/3/1018 1239/3/905 1238/3/908 1204/3/1019
f 1163/3/941 1162/3/960 1215/3/963 1216/3/1015
f 1214/3/962 1161/3/961 1160/3/975 1213/3/1020
f 1211/3/1021 1158/3/970 1157/3/966 1210/3/965
f 1212/3/1022 1159/3/976 1158/3/970 1211/3/1021
f 1166/3/964 1165/3/940 1234/3/1013 1235/3/1011
f 1203/3/1016 1216/3/1015 1215/3/963 1205/3/1010
f 1156/3/967 1155/3/969 1208/3/1017 1209/3/968
f 1164/3/939 1163/3/941 1216/3/1015 1217/3/1012
f 1213/3/1020 1160/3/975 1159/3/976 1212/3/1022
f 1310/3/995 1311/3/1005 1327/3/1023 1326/3/1024
f 1299/3/957 1300/3/1006 1316/3/1025 1315/3/1026
f 1304/3/997 1305/3/1008 1321/3/1027 1320/3/1028
f 1309/3/996 1310/3/995 1326/3/1024 1325/3/1029
f 1298/3/958 1299/3/957 1315/3/1026 1314/3/1030
f 1303/3/998 1304/3/997 1320/3/1028 1319/3/1031
f 1313/3/999 1298/3/958 1314/3/1030 1329/3/1032
f 1308/3/1000 1309/3/996 1325/3/1029 1324/3/1033
f 1302/3/1001 1303/3/998 1319/3/1031 1318/3/1034
f 1312/3/1002 1313/3/999 1329/3/1032 1328/3/1035
f 1307/3/1003 1308/3/1000 1324/3/1033 1323/3/1036
f 1301/3/1004 1302/3/1001 1318/3/1034 1317/3/1037
f 1311/3/1005 1312/3/1002 1328/3/1035 1327/3/1023
f 1306/3/1007 1307/3/1003 1323/3/1036 1322/3/1038
f 1300/3/1006 1301/3/1004 1317/3/1037 1316/3/1025
f 1305/3/1008 1306/3/1007 1322/3/1038 1321/3/1027
f 1327/3/1023 1328/3/1035 1334/3/991 1351/3/1039
f 1318/3/1034 1319/3/1031 1359/3/1040 1361/3/1041
f 1322/3/1038 1323/3/1036 1332/3/1042 1331/3/1043
f 1316/3/1025 1317/3/1037 1330/3/1044 1352/3/1045
f 1330/3/1044 1361/3/1041 1339/3/1046 1338/3/1047
f 1326/3/1024 1327/3/1023 1351/3/1039 1353/3/1048
f 1323/3/1036 1324/3/1033 1333/3/1049 1332/3/1042
f 1334/3/991 1349/3/994 1348/3/1050 1351/3/1039
f 1356/3/1051 1353/3/1048 1347/3/1052 1346/3/1053
f 1331/3/1043 1332/3/1042 1344/3/1054 1343/3/1055
f 1353/3/1048 1351/3/1039 1348/3/1050 1347/3/1052
f 1354/3/1056 1352/3/1045 1337/3/1057 1336/3/1058
f 1333/3/1049 1356/3/1051 1346/3/1053 1345/3/1059
f 1355/3/1060 1331/3/1043 1343/3/1055 1342/3/1061
f 1357/3/1062 1354/3/1056 1336/3/1058 1335/3/1063
f 1360/3/992 1357/3/1062 1335/3/1063 1350/3/993
f 1358/3/1064 1355/3/1060 1342/3/1061 1341/3/1065
f 1359/3/1040 1358/3/1064 1341/3/1065 1340/3/1066
f 1332/3/1042 1333/3/1049 1345/3/1059 1344/3/1054
f 1425/3/1067 1363/3/1068 1374/3/1033 1373/3/1069
f 1361/3/1041 1359/3/1040 1340/3/1066 1339/3/1046
f 1350/3/993 1335/3/1063 1362/3/1070 1371/3/1071
f 1330/3/1044 1338/3/1047 1337/3/1057 1352/3/1045
f 1339/3/1046 1340/3/1066 1422/3/1072 1365/3/428
f 1349/3/994 1350/3/993 1371/3/1071 1370/3/1073
f 1342/3/1061 1343/3/1055 1367/3/1074 1366/3/1075
f 1347/3/1052 1348/3/1050 1423/3/1076 1426/3/1077
f 1362/3/1070 1425/3/1067 1373/3/1069 1372/3/1038
f 1389/3/626 1420/3/649 1404/3/650 1388/3/627
f 1366/3/1075 1367/3/1074 1380/3/1030 1379/3/1078
f 1424/3/1079 1369/3/1080 1383/3/1081 1382/3/1025
f 1369/3/1080 1426/3/1077 1384/3/1034 1383/3/1081
f 1422/3/1072 1421/3/1082 1378/3/1035 1377/3/1083
f 1368/3/1084 1424/3/1079 1382/3/1025 1381/3/1085
f 1421/3/1082 1366/3/1075 1379/3/1078 1378/3/1035
f 1365/3/428 1422/3/1072 1377/3/1083 1376/3/1024
f 1367/3/1074 1368/3/1084 1381/3/1085 1380/3/1030
f 1371/3/1071 1362/3/1070 1372/3/1038 1387/3/1086
f 1364/3/1087 1365/3/428 1376/3/1024 1375/3/1088
f 1423/3/1076 1370/3/1073 1386/3/1028 1385/3/1089
f 1363/3/1068 1364/3/1087 1375/3/1088 1374/3/1033
f 1370/3/1073 1371/3/1071 1387/3/1086 1386/3/1028
f 1426/3/1077 1423/3/1076 1385/3/1089 1384/3/1034
f 1286/3/653 1285/3/654 1408/3/641 1409/3/647
f 1407/3/635 1284/3/665 1283/3/661 1406/3/625
f 1416/3/621 1293/3/660 1292/3/657 1415/3/622
f 1291/3/658 1290/3/668 1413/3/638 1414/3/646
f 1419/3/643 1296/3/656 1295/3/667 1418/3/639
f 1408/3/641 1285/3/654 1284/3/665 1407/3/635
f 1116/3/851 1117/3/847 1133/3/871 1132/3/866
f 1406/3/625 1283/3/661 1405/3/662 1389/3/626
f 1410/3/651 1409/3/647 1393/3/648 1394/3/652
f 1399/3/623 1415/3/622 1414/3/646 1398/3/645
f 1420/3/649 1419/3/643 1403/3/644 1404/3/650
f 1409/3/647 1408/3/641 1392/3/642 1393/3/648
f 1398/3/645 1414/3/646 1413/3/638 1397/3/637
f 1419/3/643 1418/3/639 1402/3/640 1403/3/644
f 1408/3/641 1407/3/635 1391/3/636 1392/3/642
f 1418/3/639 1417/3/633 1401/3/634 1402/3/640
f 1397/3/637 1413/3/638 1412/3/630 1396/3/629
f 1407/3/635 1406/3/625 1390/3/628 1391/3/636
f 1417/3/633 1416/3/621 1400/3/624 1401/3/634
f 1396/3/629 1412/3/630 1411/3/631 1395/3/632
f 1406/3/625 1389/3/626 1388/3/627 1390/3/628
f 1416/3/621 1415/3/622 1399/3/623 1400/3/624
f 1373/3/1069 1374/3/1033 1375/3/1088 1376/3/1024 1377/3/1083 1378/3/1035 1379/3/1078 1380/3/1030 1381/3/1085 1382/3/1025 1383/3/1081 1384/3/1034 1385/3/1089 1386/3/1028 1387/3/1086 1372/3/1038
f 1204/3/1019 1297/3/655 1405/3/662 1282/3/1018
f 1291/3/658 1203/3/1016 1205/3/1010 1290/3/668
f 1287/3/659 1207/3/1090 1243/3/1091 1286/3/653
f 1415/3/622 1292/3/657 1291/3/658 1414/3/646
f 1292/3/657 1246/3/1014 1203/3/1016 1291/3/658
f 1204/3/1019 1249/3/1092 1296/3/656 1297/3/655
f 946/3/710 947/3/691 934/3/680 933/3/686
f 935/3/674 950/3/698 951/3/707 936/3/688
f 956/3/713 941/3/693 930/3/687 940/3/670
f 945/3/716 946/3/710 933/3/686 958/3/672
f 1067/3/807 1044/3/821 1029/3/786 1028/3/776
f 955/3/718 956/3/713 940/3/670 939/3/669
f 944/3/720 945/3/716 958/3/672 932/3/671
f 954/3/690 955/3/718 939/3/669 938/3/675
f 943/3/701 944/3/720 932/3/671 931/3/676
f 952/3/704 953/3/689 937/3/678 957/3/685
f 942/3/694 943/3/701 931/3/676 960/3/679
f 936/3/688 951/3/707 952/3/704 957/3/685
f 1033/3/778 1070/3/809 1068/3/801 1034/3/787
f 1069/3/791 1047/3/788 1039/3/774 1038/3/773
f 1067/3/807 1028/3/776 1027/3/775 1043/3/804
f 1032/3/777 1046/3/814 1070/3/809 1033/3/778
f 1042/3/811 1043/3/804 1027/3/775 1026/3/780
f 1031/3/781 1045/3/793 1046/3/814 1032/3/777
f 1041/3/782 1049/3/794 1042/3/811 1026/3/780
f 1072/3/796 1071/3/790 1037/3/779 1036/3/681
f 1029/3/786 1044/3/821 1073/3/792 1030/3/783
f 1068/3/801 1066/3/795 1035/3/785 1034/3/787
f 1099/3/825 1074/3/830 1050/3/812 1065/3/813
f 1044/3/821 1053/3/820 1054/3/817 1073/3/792
f 1075/3/682 1076/3/838 1053/3/820 1052/3/806
f 1058/3/802 1101/3/833 1102/3/818 1059/3/803
f 1076/3/838 1077/3/822 1054/3/817 1053/3/820
f 1057/3/810 1079/3/831 1101/3/833 1058/3/802
f 1104/3/683 1075/3/682 1052/3/806 1051/3/805
f 1103/3/828 1061/3/800 1060/3/808 1080/3/819
f 1074/3/830 1104/3/683 1051/3/805 1050/3/812
f 1449/3/756 1450/3/754 1434/3/732 1433/3/735
f 1457/3/750 1473/3/761 1458/3/762 1442/3/743
f 1468/3/763 1469/3/757 1453/3/741 1452/3/747
f 1457/3/750 1442/3/743 1154/3/722 1441/3/721
f 1466/3/770 1467/3/766 1451/3/751 1450/3/754
f 1456/3/749 1472/3/765 1473/3/761 1457/3/750
f 1469/3/757 1470/3/758 1454/3/742 1453/3/741
f 1467/3/766 1468/3/763 1452/3/747 1451/3/751
f 1173/3/889 1185/3/910 1184/3/935 1196/3/890
f 1174/3/897 1175/3/895 1188/3/917 1187/3/911
f 1179/3/888 1195/3/913 1194/3/914 1197/3/893
f 1172/3/894 1196/3/890 1184/3/935 1183/3/938
f 1171/3/876 1172/3/894 1183/3/938 1182/3/912
f 1178/3/898 1199/3/896 1193/3/915 1192/3/920
f 1321/3/1027 1322/3/1038 1331/3/1043 1355/3/1060
f 1170/3/877 1181/3/900 1180/3/903 1200/3/887
f 1177/3/904 1178/3/898 1192/3/920 1191/3/925
f 1198/3/892 1176/3/891 1190/3/930 1189/3/916
f 1176/3/891 1177/3/904 1191/3/925 1190/3/930
f 1320/3/1028 1321/3/1027 1355/3/1060 1358/3/1064
f 1315/3/1026 1316/3/1025 1352/3/1045 1354/3/1056
f 1325/3/1029 1326/3/1024 1353/3/1048 1356/3/1051
f 1314/3/1030 1315/3/1026 1354/3/1056 1357/3/1062
f 1329/3/1032 1314/3/1030 1357/3/1062 1360/3/992
f 1319/3/1031 1320/3/1028 1358/3/1064 1359/3/1040
f 1317/3/1037 1318/3/1034 1361/3/1041 1330/3/1044
f 1324/3/1033 1325/3/1029 1356/3/1051 1333/3/1049
f 1328/3/1035 1329/3/1032 1360/3/992 1334/3/991
f 1344/3/1054 1345/3/1059 1424/3/1079 1368/3/1084
f 1343/3/1055 1344/3/1054 1368/3/1084 1367/3/1074
f 1338/3/1047 1339/3/1046 1365/3/428 1364/3/1087
f 1348/3/1050 1349/3/994 1370/3/1073 1423/3/1076
f 1337/3/1057 1338/3/1047 1364/3/1087 1363/3/1068
f 1336/3/1058 1337/3/1057 1363/3/1068 1425/3/1067
f 1335/3/1063 1336/3/1058 1425/3/1067 1362/3/1070
f 1341/3/1065 1342/3/1061 1366/3/1075 1421/3/1082
f 1346/3/1053 1347/3/1052 1426/3/1077 1369/3/1080
f 1340/3/1066 1341/3/1065 1421/3/1082 1422/3/1072
f 1345/3/1059 1346/3/1053 1369/3/1080 1424/3/1079
f 1211/3/1021 1210/3/965 1242/3/1093 1243/3/1091
f 1241/3/1094 1240/3/1095 1283/3/661 1284/3/665
f 1418/3/639 1295/3/667 1294/3/664 1417/3/633
f 1290/3/668 1289/3/666 1412/3/630 1413/3/638
f 1248/3/1096 1206/3/1097 1294/3/664 1295/3/667
f 1288/3/663 1287/3/659 1410/3/651 1411/3/631
f 1289/3/666 1288/3/663 1411/3/631 1412/3/630
f 1417/3/633 1294/3/664 1293/3/660 1416/3/621
f 914/3/662 915/3/655 899/3/649 898/3/626
f 1297/3/655 1296/3/656 1419/3/643 1420/3/649
f 1289/3/666 1245/3/1009 1244/3/1098 1288/3/663
f 1249/3/1092 1248/3/1096 1295/3/667 1296/3/656
f 1244/3/1098 1207/3/1090 1287/3/659 1288/3/663
f 1240/3/1095 1282/3/1018 1405/3/662 1283/3/661
f 1293/3/660 1247/3/1099 1246/3/1014 1292/3/657
f 1532/3/681 1523/3/682 1552/3/683 1531/3/684
f 1243/3/1091 1242/3/1093 1285/3/654 1286/3/653
f 1290/3/668 1205/3/1010 1245/3/1009 1289/3/666
f 1242/3/1093 1241/3/1094 1284/3/665 1285/3/654
f 1287/3/659 1286/3/653 1409/3/647 1410/3/651
f 1294/3/664 1206/3/1097 1247/3/1099 1293/3/660
f 840/228/587 839/185/591 847/186/592 848/229/588
f 892/3/632 908/3/631 909/3/651 893/3/652
f 962/3/712 978/3/722 979/3/734 963/3/699
f 1139/3/738 1170/3/877 1200/3/887 1138/3/739
f 1443/3/744 1459/3/771 1460/3/769 1444/3/755
f 1465/3/772 1466/3/770 1450/3/754 1449/3/756
f 1464/3/760 1465/3/772 1449/3/756 1448/3/746
f 1486/3/773 1487/3/774 1471/3/768 1470/3/758
f 1475/3/775 1476/3/776 1460/3/769 1459/3/771
f 1464/3/760 1480/3/777 1481/3/778 1465/3/772
f 1485/3/779 1486/3/773 1470/3/758 1469/3/757
f 1474/3/780 1475/3/775 1459/3/771 1458/3/762
f 1463/3/759 1479/3/781 1480/3/777 1464/3/760
f 1473/3/761 1489/3/782 1474/3/780 1458/3/762
f 1484/3/681 1485/3/779 1469/3/757 1468/3/763
f 1462/3/764 1478/3/783 1479/3/781 1463/3/759
f 1472/3/765 1488/3/784 1489/3/782 1473/3/761
f 1483/3/785 1484/3/681 1468/3/763 1467/3/766
f 1461/3/767 1477/3/786 1478/3/783 1462/3/764
f 1471/3/768 1487/3/774 1488/3/784 1472/3/765
f 1482/3/787 1483/3/785 1467/3/766 1466/3/770
f 1460/3/769 1476/3/776 1477/3/786 1461/3/767
f 1481/3/778 1482/3/787 1466/3/770 1465/3/772
f 1495/3/788 1496/3/789 1488/3/784 1487/3/774
f 1519/3/790 1517/3/791 1486/3/773 1485/3/779
f 1478/3/783 1521/3/792 1493/3/793 1479/3/781
f 1488/3/784 1496/3/789 1497/3/794 1489/3/782
f 1514/3/795 1520/3/796 1484/3/681 1483/3/785
f 1512/3/797 1496/3/789 1495/3/788 1511/3/798
f 1510/3/799 1517/3/791 1519/3/790 1509/3/800
f 1516/3/801 1506/3/802 1507/3/803 1514/3/795
f 1511/3/798 1495/3/788 1517/3/791 1510/3/799
f 1491/3/804 1499/3/805 1500/3/806 1515/3/807
f 1509/3/800 1519/3/790 1520/3/796 1508/3/808
f 1518/3/809 1505/3/810 1506/3/802 1516/3/801
f 1499/3/805 1491/3/804 1490/3/811 1498/3/812
f 1497/3/794 1513/3/813 1498/3/812 1490/3/811
f 1494/3/814 1504/3/815 1505/3/810 1518/3/809
f 1493/3/793 1503/3/816 1504/3/815 1494/3/814
f 1508/3/808 1520/3/796 1514/3/795 1507/3/803
f 1521/3/792 1502/3/817 1503/3/816 1493/3/793
f 1507/3/803 1550/3/818 1528/3/819 1508/3/808
f 1501/3/820 1492/3/821 1515/3/807 1500/3/806
f 1525/3/822 1546/3/823 1503/3/816 1502/3/817
f 1548/3/824 1547/3/825 1513/3/813 1512/3/797
f 1529/3/826 1548/3/824 1512/3/797 1511/3/798
f 1510/3/799 1553/3/827 1529/3/826 1511/3/798
f 1551/3/828 1553/3/827 1510/3/799 1509/3/800
f 1503/3/816 1546/3/823 1526/3/829 1504/3/815
f 1531/3/684 1552/3/683 1522/3/830 1530/3/787
f 1504/3/815 1526/3/829 1527/3/831 1505/3/810
f 1527/3/831 1537/3/782 1538/3/780 1549/3/833
f 1528/3/819 1540/3/776 1541/3/786 1551/3/828
f 1542/3/783 1553/3/827 1551/3/828 1541/3/786
f 1546/3/823 1535/3/774 1536/3/784 1526/3/829
f 1540/3/776 1528/3/819 1550/3/818 1539/3/836
f 1526/3/829 1536/3/784 1537/3/782 1527/3/831
f 1525/3/822 1534/3/773 1535/3/774 1546/3/823
f 1539/3/836 1550/3/818 1549/3/833 1538/3/780
f 1530/3/787 1522/3/830 1547/3/825 1545/3/837
f 1524/3/838 1533/3/839 1534/3/773 1525/3/822
f 1529/3/826 1543/3/840 1544/3/777 1548/3/824
f 1523/3/682 1532/3/681 1533/3/839 1524/3/838
f 1548/3/824 1544/3/777 1545/3/837 1547/3/825
f 1553/3/827 1542/3/783 1543/3/840 1529/3/826
f 1513/3/813 1497/3/794 1496/3/789 1512/3/797
f 1392/3/642 1567/3/841 1566/3/842 1393/3/648
f 1458/3/762 1459/3/771 1443/3/744 1442/3/743
f 1531/3/684 1530/3/787 1545/3/837 1544/3/777 1543/3/840 1542/3/783 1541/3/786 1540/3/776 1539/3/836 1538/3/780 1537/3/782 1536/3/784 1535/3/774 1534/3/773 1533/3/839 1532/3/681
f 1403/3/644 1556/3/843 1555/3/844 1404/3/650
f 1560/3/845 1399/3/623 1398/3/645 1561/3/846
f 1393/3/648 1566/3/842 1565/3/847 1394/3/652
f 1404/3/650 1555/3/844 1554/3/848 1388/3/627
f 1559/3/849 1400/3/624 1399/3/623 1560/3/845
f 1569/3/850 1390/3/628 1388/3/627 1554/3/848
f 1394/3/652 1565/3/847 1564/3/851 1395/3/632
f 1558/3/852 1401/3/634 1400/3/624 1559/3/849
f 1568/3/853 1391/3/636 1390/3/628 1569/3/850
f 1395/3/632 1564/3/851 1563/3/854 1396/3/629
f 1557/3/855 1402/3/640 1401/3/634 1558/3/852
f 1567/3/841 1392/3/642 1391/3/636 1568/3/853
f 1396/3/629 1563/3/854 1562/3/856 1397/3/637
f 1556/3/843 1403/3/644 1402/3/640 1557/3/855
f 1397/3/637 1562/3/856 1561/3/846 1398/3/645
f 1558/3/852 1559/3/849 1575/3/857 1574/3/858
f 1559/3/849 1560/3/845 1576/3/859 1575/3/857
f 1583/3/860 1599/3/861 1598/3/862 1582/3/863
f 1568/3/853 1569/3/850 1585/3/864 1584/3/865
f 1563/3/854 1564/3/851 1580/3/866 1579/3/867
f 1556/3/843 1557/3/855 1573/3/868 1572/3/869
f 1567/3/841 1568/3/853 1584/3/865 1583/3/860
f 1562/3/856 1563/3/854 1579/3/867 1578/3/870
f 1566/3/842 1567/3/841 1583/3/860 1582/3/863
f 1565/3/847 1566/3/842 1582/3/863 1581/3/871
f 1555/3/844 1556/3/843 1572/3/869 1571/3/737
f 1561/3/846 1562/3/856 1578/3/870 1577/3/872
f 1569/3/850 1554/3/848 1570/3/740 1585/3/864
f 1554/3/848 1555/3/844 1571/3/737 1570/3/740
f 1560/3/845 1561/3/846 1577/3/872 1576/3/859
f 1557/3/855 1558/3/852 1574/3/858 1573/3/868
f 1572/3/869 1588/3/873 1587/3/738 1571/3/737
f 1577/3/872 1593/3/874 1592/3/875 1576/3/859
f 1588/3/873 1603/3/876 1602/3/877 1587/3/738
f 1582/3/863 1598/3/862 1597/3/878 1581/3/871
f 1576/3/859 1592/3/875 1591/3/879 1575/3/857
f 1570/3/740 1586/3/739 1601/3/880 1585/3/864
f 1581/3/871 1597/3/878 1596/3/881 1580/3/866
f 1575/3/857 1591/3/879 1590/3/882 1574/3/858
f 1585/3/864 1601/3/880 1600/3/883 1584/3/865
f 1580/3/866 1596/3/881 1595/3/884 1579/3/867
f 1574/3/858 1590/3/882 1589/3/885 1573/3/868
f 1584/3/865 1600/3/883 1599/3/861 1583/3/860
f 1573/3/868 1589/3/885 1588/3/873 1572/3/869
f 1579/3/867 1595/3/884 1594/3/886 1578/3/870
f 1578/3/870 1594/3/886 1593/3/874 1577/3/872
f 1586/3/739 1632/3/887 1611/3/888 1601/3/880
f 1591/3/879 1605/3/889 1628/3/890 1590/3/882
f 1596/3/881 1608/3/891 1630/3/892 1595/3/884
f 1601/3/880 1611/3/888 1629/3/893 1600/3/883
f 1590/3/882 1628/3/890 1604/3/894 1589/3/885
f 1595/3/884 1630/3/892 1607/3/895 1594/3/886
f 1600/3/883 1629/3/893 1631/3/896 1599/3/861
f 1589/3/885 1604/3/894 1603/3/876 1588/3/873
f 1594/3/886 1607/3/895 1606/3/897 1593/3/874
f 1599/3/861 1631/3/896 1610/3/898 1598/3/862
f 1593/3/874 1606/3/897 1633/3/899 1592/3/875
f 1613/3/900 1635/3/901 1634/3/902 1612/3/903
f 1598/3/862 1610/3/898 1609/3/904 1597/3/878
f 1592/3/875 1633/3/899 1605/3/889 1591/3/879
f 1597/3/878 1609/3/904 1608/3/891 1596/3/881
f 1605/3/889 1633/3/899 1618/3/909 1617/3/910
f 1633/3/899 1606/3/897 1619/3/911 1618/3/909
f 1602/3/877 1603/3/876 1614/3/912 1613/3/900
f 1611/3/888 1632/3/887 1612/3/903 1627/3/913
f 1631/3/896 1629/3/893 1626/3/914 1625/3/915
f 1607/3/895 1630/3/892 1621/3/916 1620/3/917
f 1625/3/915 1647/3/918 1646/3/919 1624/3/920
f 1614/3/912 1636/3/921 1635/3/901 1613/3/900
f 1620/3/917 1642/3/922 1641/3/923 1619/3/911
f 1624/3/920 1646/3/919 1645/3/924 1623/3/925
f 1619/3/911 1641/3/923 1640/3/926 1618/3/909
f 1635/3/901 1651/3/927 1650/3/928 1634/3/902
f 1623/3/925 1645/3/924 1644/3/929 1622/3/930
f 1618/3/909 1640/3/926 1639/3/931 1617/3/910
f 1612/3/903 1634/3/902 1649/3/932 1627/3/913
f 1622/3/930 1644/3/929 1643/3/933 1621/3/916
f 1617/3/910 1639/3/931 1638/3/934 1616/3/935
f 1627/3/913 1649/3/932 1648/3/936 1626/3/914
f 1616/3/935 1638/3/934 1637/3/937 1615/3/938
f 1621/3/916 1643/3/933 1642/3/922 1620/3/917
f 1626/3/914 1648/3/936 1647/3/918 1625/3/915
f 1615/3/938 1637/3/937 1636/3/921 1614/3/912
f 1634/3/902 1650/3/928 1665/3/942 1649/3/932
f 1645/3/924 1661/3/943 1660/3/944 1644/3/929
f 1639/3/931 1655/3/945 1654/3/946 1638/3/934
f 1649/3/932 1665/3/942 1664/3/947 1648/3/936
f 1644/3/929 1660/3/944 1659/3/948 1643/3/933
f 1638/3/934 1654/3/946 1653/3/949 1637/3/937
f 1648/3/936 1664/3/947 1663/3/950 1647/3/918
f 1637/3/937 1653/3/949 1652/3/951 1636/3/921
f 1643/3/933 1659/3/948 1658/3/952 1642/3/922
f 1647/3/918 1663/3/950 1662/3/953 1646/3/919
f 1636/3/921 1652/3/951 1651/3/927 1635/3/901
f 1642/3/922 1658/3/952 1657/3/954 1641/3/923
f 1646/3/919 1662/3/953 1661/3/943 1645/3/924
f 1641/3/923 1657/3/954 1656/3/955 1640/3/926
f 1667/3/956 1683/3/957 1682/3/958 1666/3/959
f 1640/3/926 1656/3/955 1655/3/945 1639/3/931
f 1661/3/943 1662/3/953 1678/3/977 1677/3/978
f 1650/3/928 1651/3/927 1667/3/956 1666/3/959
f 1655/3/945 1656/3/955 1672/3/979 1671/3/980
f 1660/3/944 1661/3/943 1677/3/978 1676/3/981
f 1654/3/946 1655/3/945 1671/3/980 1670/3/982
f 1664/3/947 1665/3/942 1681/3/983 1680/3/984
f 1659/3/948 1660/3/944 1676/3/981 1675/3/985
f 1653/3/949 1654/3/946 1670/3/982 1669/3/986
f 1663/3/950 1664/3/947 1680/3/984 1679/3/987
f 1658/3/952 1659/3/948 1675/3/985 1674/3/988
f 1652/3/951 1653/3/949 1669/3/986 1668/3/989
f 1662/3/953 1663/3/950 1679/3/987 1678/3/977
f 1651/3/927 1652/3/951 1668/3/989 1667/3/956
f 1657/3/954 1658/3/952 1674/3/988 1673/3/990
f 1656/3/955 1657/3/954 1673/3/990 1672/3/979
f 1665/3/942 1650/3/928 1666/3/959 1681/3/983
f 1718/3/991 1744/3/992 1734/3/993 1733/3/994
f 1678/3/977 1694/3/995 1693/3/996 1677/3/978
f 1672/3/979 1688/3/997 1687/3/998 1671/3/980
f 1666/3/959 1682/3/958 1697/3/999 1681/3/983
f 1677/3/978 1693/3/996 1692/3/1000 1676/3/981
f 1671/3/980 1687/3/998 1686/3/1001 1670/3/982
f 1681/3/983 1697/3/999 1696/3/1002 1680/3/984
f 1676/3/981 1692/3/1000 1691/3/1003 1675/3/985
f 1670/3/982 1686/3/1001 1685/3/1004 1669/3/986
f 1680/3/984 1696/3/1002 1695/3/1005 1679/3/987
f 1669/3/986 1685/3/1004 1684/3/1006 1668/3/989
f 1675/3/985 1691/3/1003 1690/3/1007 1674/3/988
f 1679/3/987 1695/3/1005 1694/3/995 1678/3/977
f 1668/3/989 1684/3/1006 1683/3/957 1667/3/956
f 1674/3/988 1690/3/1007 1689/3/1008 1673/3/990
f 1673/3/990 1689/3/1008 1688/3/997 1672/3/979
f 1694/3/995 1695/3/1005 1711/3/1023 1710/3/1024
f 1683/3/957 1684/3/1006 1700/3/1025 1699/3/1026
f 1688/3/997 1689/3/1008 1705/3/1027 1704/3/1028
f 1693/3/996 1694/3/995 1710/3/1024 1709/3/1029
f 1682/3/958 1683/3/957 1699/3/1026 1698/3/1030
f 1687/3/998 1688/3/997 1704/3/1028 1703/3/1031
f 1697/3/999 1682/3/958 1698/3/1030 1713/3/1032
f 1692/3/1000 1693/3/996 1709/3/1029 1708/3/1033
f 1686/3/1001 1687/3/998 1703/3/1031 1702/3/1034
f 1696/3/1002 1697/3/999 1713/3/1032 1712/3/1035
f 1691/3/1003 1692/3/1000 1708/3/1033 1707/3/1036
f 1685/3/1004 1686/3/1001 1702/3/1034 1701/3/1037
f 1695/3/1005 1696/3/1002 1712/3/1035 1711/3/1023
f 1690/3/1007 1691/3/1003 1707/3/1036 1706/3/1038
f 1684/3/1006 1685/3/1004 1701/3/1037 1700/3/1025
f 1689/3/1008 1690/3/1007 1706/3/1038 1705/3/1027
f 1711/3/1023 1712/3/1035 1718/3/991 1735/3/1039
f 1702/3/1034 1703/3/1031 1743/3/1040 1745/3/1041
f 1706/3/1038 1707/3/1036 1716/3/1042 1715/3/1043
f 1700/3/1025 1701/3/1037 1714/3/1044 1736/3/1045
f 1714/3/1044 1745/3/1041 1723/3/1046 1722/3/1047
f 1710/3/1024 1711/3/1023 1735/3/1039 1737/3/1048
f 1707/3/1036 1708/3/1033 1717/3/1049 1716/3/1042
f 1718/3/991 1733/3/994 1732/3/1050 1735/3/1039
f 1740/3/1051 1737/3/1048 1731/3/1052 1730/3/1053
f 1715/3/1043 1716/3/1042 1728/3/1054 1727/3/1055
f 1737/3/1048 1735/3/1039 1732/3/1050 1731/3/1052
f 1738/3/1056 1736/3/1045 1721/3/1057 1720/3/1058
f 1717/3/1049 1740/3/1051 1730/3/1053 1729/3/1059
f 1739/3/1060 1715/3/1043 1727/3/1055 1726/3/1061
f 1741/3/1062 1738/3/1056 1720/3/1058 1719/3/1063
f 1744/3/992 1741/3/1062 1719/3/1063 1734/3/993
f 1742/3/1064 1739/3/1060 1726/3/1061 1725/3/1065
f 1743/3/1040 1742/3/1064 1725/3/1065 1724/3/1066
f 1716/3/1042 1717/3/1049 1729/3/1059 1728/3/1054
f 1776/3/1067 1747/3/1068 1758/3/1033 1757/3/1069
f 1745/3/1041 1743/3/1040 1724/3/1066 1723/3/1046
f 1734/3/993 1719/3/1063 1746/3/1070 1755/3/1071
f 1714/3/1044 1722/3/1047 1721/3/1057 1736/3/1045
f 1723/3/1046 1724/3/1066 1773/3/1072 1749/3/428
f 1733/3/994 1734/3/993 1755/3/1071 1754/3/1073
f 1726/3/1061 1727/3/1055 1751/3/1074 1750/3/1075
f 1731/3/1052 1732/3/1050 1774/3/1076 1777/3/1077
f 1746/3/1070 1776/3/1067 1757/3/1069 1756/3/1038
f 1750/3/1075 1751/3/1074 1764/3/1030 1763/3/1032
f 1775/3/1079 1753/3/1080 1767/3/1037 1766/3/1025
f 1753/3/1080 1777/3/1077 1768/3/1034 1767/3/1037
f 1773/3/1072 1772/3/1082 1762/3/1035 1761/3/1023
f 1752/3/1084 1775/3/1079 1766/3/1025 1765/3/1085
f 1772/3/1082 1750/3/1075 1763/3/1032 1762/3/1035
f 1749/3/428 1773/3/1072 1761/3/1023 1760/3/1024
f 1751/3/1074 1752/3/1084 1765/3/1085 1764/3/1030
f 1755/3/1071 1746/3/1070 1756/3/1038 1771/3/1086
f 1748/3/1087 1749/3/428 1760/3/1024 1759/3/1088
f 1774/3/1076 1754/3/1073 1770/3/1028 1769/3/1089
f 1747/3/1068 1748/3/1087 1759/3/1088 1758/3/1033
f 1754/3/1073 1755/3/1071 1771/3/1086 1770/3/1028
f 1777/3/1077 1774/3/1076 1769/3/1089 1768/3/1034
f 1564/3/851 1565/3/847 1581/3/871 1580/3/866
f 1757/3/1069 1758/3/1033 1759/3/1088 1760/3/1024 1761/3/1023 1762/3/1035 1763/3/1032 1764/3/1030 1765/3/1085 1766/3/1025 1767/3/1037 1768/3/1034 1769/3/1089 1770/3/1028 1771/3/1086 1756/3/1038
f 1234/3/1013 1217/3/1012 1246/3/1014 1247/3/1099
f 1245/3/1009 1214/3/962 1213/3/1020 1244/3/1098
f 1208/3/1017 1239/3/905 1282/3/1018 1240/3/1095
f 1235/3/1011 1234/3/1013 1247/3/1099 1206/3/1097
f 1515/3/807 1492/3/821 1477/3/786 1476/3/776
f 1209/3/968 1208/3/1017 1240/3/1095 1241/3/1094
f 1236/3/974 1235/3/1011 1206/3/1097 1248/3/1096
f 1210/3/965 1209/3/968 1241/3/1094 1242/3/1093
f 1237/3/971 1236/3/974 1248/3/1096 1249/3/1092
f 1212/3/1022 1211/3/1021 1243/3/1091 1207/3/1090
f 1238/3/908 1237/3/971 1249/3/1092 1204/3/1019
f 1244/3/1098 1213/3/1020 1212/3/1022 1207/3/1090
f 1481/3/778 1518/3/809 1516/3/801 1482/3/787
f 1517/3/791 1495/3/788 1487/3/774 1486/3/773
f 1515/3/807 1476/3/776 1475/3/775 1491/3/804
f 1480/3/777 1494/3/814 1518/3/809 1481/3/778
f 1490/3/811 1491/3/804 1475/3/775 1474/3/780
f 1479/3/781 1493/3/793 1494/3/814 1480/3/777
f 1489/3/782 1497/3/794 1490/3/811 1474/3/780
f 1520/3/796 1519/3/790 1485/3/779 1484/3/681
f 1477/3/786 1492/3/821 1521/3/792 1478/3/783
f 1516/3/801 1514/3/795 1483/3/785 1482/3/787
f 1547/3/825 1522/3/830 1498/3/812 1513/3/813
f 1492/3/821 1501/3/820 1502/3/817 1521/3/792
f 1523/3/682 1524/3/838 1501/3/820 1500/3/806
f 1506/3/802 1549/3/833 1550/3/818 1507/3/803
f 1524/3/838 1525/3/822 1502/3/817 1501/3/820
f 1505/3/810 1527/3/831 1549/3/833 1506/3/802
f 1552/3/683 1523/3/682 1500/3/806 1499/3/805
f 1551/3/828 1509/3/800 1508/3/808 1528/3/819
f 1522/3/830 1552/3/683 1499/3/805 1498/3/812
f 1605/3/889 1617/3/910 1616/3/935 1628/3/890
f 1606/3/897 1607/3/895 1620/3/917 1619/3/911
f 1611/3/888 1627/3/913 1626/3/914 1629/3/893
f 1604/3/894 1628/3/890 1616/3/935 1615/3/938
f 1603/3/876 1604/3/894 1615/3/938 1614/3/912
f 1610/3/898 1631/3/896 1625/3/915 1624/3/920
f 1705/3/1027 1706/3/1038 1715/3/1043 1739/3/1060
f 1602/3/877 1613/3/900 1612/3/903 1632/3/887
f 1609/3/904 1610/3/898 1624/3/920 1623/3/925
f 1630/3/892 1608/3/891 1622/3/930 1621/3/916
f 1608/3/891 1609/3/904 1623/3/925 1622/3/930
f 1704/3/1028 1705/3/1027 1739/3/1060 1742/3/1064
f 1699/3/1026 1700/3/1025 1736/3/1045 1738/3/1056
f 1709/3/1029 1710/3/1024 1737/3/1048 1740/3/1051
f 1698/3/1030 1699/3/1026 1738/3/1056 1741/3/1062
f 1713/3/1032 1698/3/1030 1741/3/1062 1744/3/992
f 1703/3/1031 1704/3/1028 1742/3/1064 1743/3/1040
f 1701/3/1037 1702/3/1034 1745/3/1041 1714/3/1044
f 1708/3/1033 1709/3/1029 1740/3/1051 1717/3/1049
f 1712/3/1035 1713/3/1032 1744/3/992 1718/3/991
f 1728/3/1054 1729/3/1059 1775/3/1079 1752/3/1084
f 1727/3/1055 1728/3/1054 1752/3/1084 1751/3/1074
f 1722/3/1047 1723/3/1046 1749/3/428 1748/3/1087
f 1732/3/1050 1733/3/994 1754/3/1073 1774/3/1076
f 1721/3/1057 1722/3/1047 1748/3/1087 1747/3/1068
f 1720/3/1058 1721/3/1057 1747/3/1068 1776/3/1067
f 1719/3/1063 1720/3/1058 1776/3/1067 1746/3/1070
f 1725/3/1065 1726/3/1061 1750/3/1075 1772/3/1082
f 1730/3/1053 1731/3/1052 1777/3/1077 1753/3/1080
f 1724/3/1066 1725/3/1065 1772/3/1082 1773/3/1072
f 1729/3/1059 1730/3/1053 1753/3/1080 1775/3/1079
f 1405/3/662 1297/3/655 1420/3/649 1389/3/626
f 1395/3/632 1411/3/631 1410/3/651 1394/3/652
f 1202/3/906 1154/3/722 1427/3/734 1169/3/907
f 1587/3/738 1602/3/877 1632/3/887 1586/3/739
f 819/125/76 825/230/576 826/157/421 820/126/132
f 727/3/531 725/3/530 742/3/545 729/3/544
f 693/3/465 691/3/464 687/3/472 689/3/470
f 1782/1/1100 1783/1/1101 1779/1/1102 1778/1/1103
f 1786/1/1104 1787/1/1105 1791/1/1106 1790/1/1107
f 1778/1/1103 1781/1/1108 1787/1/1105 1786/1/1104
f 1778/1/1103 1779/1/1102 1780/1/1109 1781/1/1108
f 1785/1/1110 1784/1/1111 1783/1/1101 1782/1/1100
f 1785/1/1110 1782/1/1100 1788/1/1112 1789/1/1113
f 1782/1/1100 1778/1/1103 1786/1/1104 1788/1/1112
f 1790/1/1107 1791/1/1106 1795/1/1114 1794/1/1115
f 1789/1/1113 1788/1/1112 1792/1/1116 1793/1/1117
f 1788/1/1112 1786/1/1104 1790/1/1107 1792/1/1116
f 1794/1/1115 1795/1/1114 1799/1/1118 1798/1/1119
f 1793/1/1117 1792/1/1116 1796/1/1120 1797/1/1121
f 1792/1/1116 1790/1/1107 1794/1/1115 1796/1/1120
f 1798/1/1119 1799/1/1118 1803/1/1122 1802/1/1123
f 1797/1/1121 1796/1/1120 1800/1/1124 1801/1/1125
f 1796/1/1120 1794/1/1115 1798/1/1119 1800/1/1124
f 1802/1/1123 1803/1/1122 1807/1/1126 1806/1/1127
f 1801/1/1125 1800/1/1124 1804/1/1128 1805/1/1129
f 1800/1/1124 1798/1/1119 1802/1/1123 1804/1/1128
f 1806/1/1127 1807/1/1126 1811/1/1130 1810/1/1131
f 1805/1/1129 1804/1/1128 1808/1/1132 1809/1/1133
f 1804/1/1128 1802/1/1123 1806/1/1127 1808/1/1132
f 1810/1/1131 1811/1/1130 1815/1/1134 1814/1/1135
f 1809/1/1133 1808/1/1132 1812/1/1136 1813/1/1137
f 1808/1/1132 1806/1/1127 1810/1/1131 1812/1/1136
f 1814/1/1135 1815/1/1134 1819/1/1138 1818/1/1139
f 1813/1/1137 1812/1/1136 1816/1/1140 1817/1/1141
f 1812/1/1136 1810/1/1131 1814/1/1135 1816/1/1140
f 1818/1/1139 1819/1/1138 1823/1/1142 1822/1/1143
f 1817/1/1141 1816/1/1140 1820/1/1144 1821/1/1145
f 1816/1/1140 1814/1/1135 1818/1/1139 1820/1/1144
f 1822/1/1143 1823/1/1142 1827/1/1146 1826/1/1147
f 1821/1/1145 1820/1/1144 1824/1/1148 1825/1/1149
f 1820/1/1144 1818/1/1139 1822/1/1143 1824/1/1148
f 1826/1/1147 1827/1/1146 1831/1/1150 1830/1/1151
f 1825/1/1149 1824/1/1148 1828/1/1152 1829/1/1153
f 1824/1/1148 1822/1/1143 1826/1/1147 1828/1/1152
f 1830/1/1151 1831/1/1150 1835/1/1154 1834/1/1155
f 1829/1/1153 1828/1/1152 1832/1/1156 1833/1/1157
f 1828/1/1152 1826/1/1147 1830/1/1151 1832/1/1156
f 1834/1/1155 1835/1/1154 1839/1/1158 1838/1/1159
f 1833/1/1157 1832/1/1156 1836/1/1160 1837/1/1161
f 1832/1/1156 1830/1/1151 1834/1/1155 1836/1/1160
f 1838/1/1159 1839/1/1158 1843/1/1162 1842/1/1163
f 1837/1/1161 1836/1/1160 1840/1/1164 1841/1/1165
f 1836/1/1160 1834/1/1155 1838/1/1159 1840/1/1164
f 1842/1/1163 1843/1/1162 1847/1/1166 1846/1/1167
f 1841/1/1165 1840/1/1164 1844/1/1168 1845/1/1169
f 1840/1/1164 1838/1/1159 1842/1/1163 1844/1/1168
f 1846/1/1167 1847/1/1166 1851/1/1170 1850/1/1171
f 1845/1/1169 1844/1/1168 1848/1/1172 1849/1/1173
f 1844/1/1168 1842/1/1163 1846/1/1167 1848/1/1172
f 1850/1/1171 1851/1/1170 1855/1/1174 1854/1/1175
f 1849/1/1173 1848/1/1172 1852/1/1176 1853/1/1177
f 1848/1/1172 1846/1/1167 1850/1/1171 1852/1/1176
f 1854/1/1175 1855/1/1174 1859/1/1178 1858/1/1179
f 1853/1/1177 1852/1/1176 1856/1/1180 1857/1/1181
f 1852/1/1176 1850/1/1171 1854/1/1175 1856/1/1180
f 1858/1/1179 1859/1/1178 1863/1/1182 1862/1/1183
f 1857/1/1181 1856/1/1180 1860/1/1184 1861/1/1185
f 1856/1/1180 1854/1/1175 1858/1/1179 1860/1/1184
f 1862/1/1183 1863/1/1182 1867/1/1186 1866/1/1187
f 1861/1/1185 1860/1/1184 1864/1/1188 1865/1/1189
f 1860/1/1184 1858/1/1179 1862/1/1183 1864/1/1188
f 1866/1/1187 1867/1/1186 1871/1/1190 1870/1/1191
f 1865/1/1189 1864/1/1188 1868/1/1192 1869/1/1193
f 1864/1/1188 1862/1/1183 1866/1/1187 1868/1/1192
f 1870/1/1191 1871/1/1190 1780/1/1109 1779/1/1102
f 1869/1/1193 1868/1/1192 1872/1/1194 1873/1/1195
f 1868/1/1192 1866/1/1187 1870/1/1191 1872/1/1194
f 1873/1/1195 1872/1/1194 1783/1/1101 1784/1/1111
f 1872/1/1194 1870/1/1191 1779/1/1102 1783/1/1101
f 1878/1/1100 1879/1/1101 1875/1/1102 1874/1/1103
f 1882/1/1104 1883/1/1105 1887/1/1106 1886/1/1107
f 1874/1/1103 1877/1/1108 1883/1/1105 1882/1/1104
f 1874/1/1103 1875/1/1102 1876/1/1109 1877/1/1108
f 1881/1/1110 1880/1/1111 1879/1/1101 1878/1/1100
f 1881/1/1110 1878/1/1100 1884/1/1112 1885/1/1113
f 1878/1/1100 1874/1/1103 1882/1/1104 1884/1/1112
f 1886/1/1107 1887/1/1106 1891/1/1114 1890/1/1115
f 1885/1/1113 1884/1/1112 1888/1/1116 1889/1/1117
f 1884/1/1112 1882/1/1104 1886/1/1107 1888/1/1116
f 1890/1/1115 1891/1/1114 1895/1/1118 1894/1/1119
f 1889/1/1117 1888/1/1116 1892/1/1120 1893/1/1121
f 1888/1/1116 1886/1/1107 1890/1/1115 1892/1/1120
f 1894/1/1119 1895/1/1118 1899/1/1122 1898/1/1123
f 1893/1/1121 1892/1/1120 1896/1/1196 1897/1/1125
f 1892/1/1120 1890/1/1115 1894/1/1119 1896/1/1196
f 1898/1/1123 1899/1/1122 1903/1/1126 1902/1/1127
f 1897/1/1125 1896/1/1196 1900/1/1128 1901/1/1129
f 1896/1/1196 1894/1/1119 1898/1/1123 1900/1/1128
f 1902/1/1127 1903/1/1126 1907/1/1130 1906/1/1131
f 1901/1/1129 1900/1/1128 1904/1/1132 1905/1/1133
f 1900/1/1128 1898/1/1123 1902/1/1127 1904/1/1132
f 1906/1/1131 1907/1/1130 1911/1/1134 1910/1/1135
f 1905/1/1133 1904/1/1132 1908/1/1136 1909/1/1137
f 1904/1/1132 1902/1/1127 1906/1/1131 1908/1/1136
f 1910/1/1135 1911/1/1134 1915/1/1138 1914/1/1139
f 1909/1/1137 1908/1/1136 1912/1/1140 1913/1/1141
f 1908/1/1136 1906/1/1131 1910/1/1135 1912/1/1140
f 1914/1/1139 1915/1/1138 1919/1/1142 1918/1/1143
f 1913/1/1141 1912/1/1140 1916/1/1144 1917/1/1145
f 1912/1/1140 1910/1/1135 1914/1/1139 1916/1/1144
f 1918/1/1143 1919/1/1142 1923/1/1146 1922/1/1147
f 1917/1/1145 1916/1/1144 1920/1/1148 1921/1/1149
f 1916/1/1144 1914/1/1139 1918/1/1143 1920/1/1148
f 1922/1/1147 1923/1/1146 1927/1/1150 1926/1/1151
f 1921/1/1149 1920/1/1148 1924/1/1152 1925/1/1153
f 1920/1/1148 1918/1/1143 1922/1/1147 1924/1/1152
f 1926/1/1151 1927/1/1150 1931/1/1154 1930/1/1155
f 1925/1/1153 1924/1/1152 1928/1/1156 1929/1/1157
f 1924/1/1152 1922/1/1147 1926/1/1151 1928/1/1156
f 1930/1/1155 1931/1/1154 1935/1/1158 1934/1/1159
f 1929/1/1157 1928/1/1156 1932/1/1160 1933/1/1161
f 1928/1/1156 1926/1/1151 1930/1/1155 1932/1/1160
f 1934/1/1159 1935/1/1158 1939/1/1162 1938/1/1163
f 1933/1/1161 1932/1/1160 1936/1/1164 1937/1/1165
f 1932/1/1160 1930/1/1155 1934/1/1159 1936/1/1164
f 1938/1/1163 1939/1/1162 1943/1/1166 1942/1/1167
f 1937/1/1165 1936/1/1164 1940/1/1168 1941/1/1169
f 1936/1/1164 1934/1/1159 1938/1/1163 1940/1/1168
f 1942/1/1167 1943/1/1166 1947/1/1170 1946/1/1171
f 1941/1/1169 1940/1/1168 1944/1/1172 1945/1/1173
f 1940/1/1168 1938/1/1163 1942/1/1167 1944/1/1172
f 1946/1/1171 1947/1/1170 1951/1/1174 1950/1/1175
f 1945/1/1173 1944/1/1172 1948/1/1176 1949/1/1177
f 1944/1/1172 1942/1/1167 1946/1/1171 1948/1/1176
f 1950/1/1175 1951/1/1174 1955/1/1178 1954/1/1179
f 1949/1/1177 1948/1/1176 1952/1/1180 1953/1/1181
f 1948/1/1176 1946/1/1171 1950/1/1175 1952/1/1180
f 1954/1/1179 1955/1/1178 1959/1/1182 1958/1/1183
f 1953/1/1181 1952/1/1180 1956/1/1184 1957/1/1185
f 1952/1/1180 1950/1/1175 1954/1/1179 1956/1/1184
f 1958/1/1183 1959/1/1182 1963/1/1186 1962/1/1187
f 1957/1/1185 1956/1/1184 1960/1/1188 1961/1/1189
f 1956/1/1184 1954/1/1179 1958/1/1183 1960/1/1188
f 1962/1/1187 1963/1/1186 1967/1/1190 1966/1/1191
f 1961/1/1189 1960/1/1188 1964/1/1192 1965/1/1193
f 1960/1/1188 1958/1/1183 1962/1/1187 1964/1/1192
f 1966/1/1191 1967/1/1190 1876/1/1109 1875/1/1102
f 1965/1/1193 1964/1/1192 1968/1/1194 1969/1/1195
f 1964/1/1192 1962/1/1187 1966/1/1191 1968/1/1194
f 1969/1/1195 1968/1/1194 1879/1/1101 1880/1/1111
f 1968/1/1194 1966/1/1191 1875/1/1102 1879/1/1101
f 1974/1/1197 1975/1/1198 1971/1/1199 1970/1/1200
f 1978/1/1201 1979/1/1202 1983/1/1203 1982/1/1204
f 1970/1/1200 1973/1/1205 1979/1/1202 1978/1/1201
f 1970/1/1200 1971/1/1199 1972/1/1206 1973/1/1205
f 1977/1/1207 1976/1/1208 1975/1/1198 1974/1/1197
f 1977/1/1207 1974/1/1197 1980/1/1209 1981/1/1210
f 1974/1/1197 1970/1/1200 1978/1/1201 1980/1/1209
f 1982/1/1204 1983/1/1203 1987/1/1211 1986/1/1212
f 1981/1/1210 1980/1/1209 1984/1/1213 1985/1/1214
f 1980/1/1209 1978/1/1201 1982/1/1204 1984/1/1213
f 1986/1/1212 1987/1/1211 1991/1/1215 1990/1/1216
f 1985/1/1214 1984/1/1213 1988/1/1217 1989/1/1218
f 1984/1/1213 1982/1/1204 1986/1/1212 1988/1/1217
f 1990/1/1216 1991/1/1215 1995/1/1219 1994/1/1220
f 1989/1/1218 1988/1/1217 1992/1/1221 1993/1/1222
f 1988/1/1217 1986/1/1212 1990/1/1216 1992/1/1221
f 1994/1/1220 1995/1/1219 1999/1/1223 1998/1/1224
f 1993/1/1222 1992/1/1221 1996/1/1225 1997/1/1226
f 1992/1/1221 1990/1/1216 1994/1/1220 1996/1/1225
f 1998/1/1224 1999/1/1223 2003/1/1227 2002/1/1228
f 1997/1/1226 1996/1/1225 2000/1/1229 2001/1/1230
f 1996/1/1225 1994/1/1220 1998/1/1224 2000/1/1229
f 2002/1/1228 2003/1/1227 2007/1/1231 2006/1/1232
f 2001/1/1230 2000/1/1229 2004/1/1233 2005/1/1234
f 2000/1/1229 1998/1/1224 2002/1/1228 2004/1/1233
f 2006/1/1232 2007/1/1231 2011/1/1235 2010/1/1236
f 2005/1/1234 2004/1/1233 2008/1/1237 2009/1/1238
f 2004/1/1233 2002/1/1228 2006/1/1232 2008/1/1237
f 2010/1/1236 2011/1/1235 2015/1/1239 2014/1/1240
f 2009/1/1238 2008/1/1237 2012/1/1241 2013/1/1242
f 2008/1/1237 2006/1/1232 2010/1/1236 2012/1/1241
f 2014/1/1240 2015/1/1239 2019/1/1243 2018/1/1244
f 2013/1/1242 2012/1/1241 2016/1/1245 2017/1/1246
f 2012/1/1241 2010/1/1236 2014/1/1240 2016/1/1245
f 2018/1/1244 2019/1/1243 2023/1/1247 2022/1/1248
f 2017/1/1246 2016/1/1245 2020/1/1249 2021/1/1250
f 2016/1/1245 2014/1/1240 2018/1/1244 2020/1/1249
f 2022/1/1248 2023/1/1247 2027/1/1251 2026/1/1252
f 2021/1/1250 2020/1/1249 2024/1/1253 2025/1/1254
f 2020/1/1249 2018/1/1244 2022/1/1248 2024/1/1253
f 2026/1/1252 2027/1/1251 2031/1/1255 2030/1/1256
f 2025/1/1254 2024/1/1253 2028/1/1257 2029/1/1258
f 2024/1/1253 2022/1/1248 2026/1/1252 2028/1/1257
f 2030/1/1256 2031/1/1255 2035/1/1259 2034/1/1260
f 2029/1/1258 2028/1/1257 2032/1/1261 2033/1/1262
f 2028/1/1257 2026/1/1252 2030/1/1256 2032/1/1261
f 2034/1/1260 2035/1/1259 2039/1/1263 2038/1/1264
f 2033/1/1262 2032/1/1261 2036/1/1265 2037/1/1266
f 2032/1/1261 2030/1/1256 2034/1/1260 2036/1/1265
f 2038/1/1264 2039/1/1263 2043/1/1267 2042/1/1268
f 2037/1/1266 2036/1/1265 2040/1/1269 2041/1/1270
f 2036/1/1265 2034/1/1260 2038/1/1264 2040/1/1269
f 2042/1/1268 2043/1/1267 2047/1/1271 2046/1/1272
f 2041/1/1270 2040/1/1269 2044/1/1273 2045/1/1274
f 2040/1/1269 2038/1/1264 2042/1/1268 2044/1/1273
f 2046/1/1272 2047/1/1271 2051/1/1275 2050/1/1276
f 2045/1/1274 2044/1/1273 2048/1/1277 2049/1/1278
f 2044/1/1273 2042/1/1268 2046/1/1272 2048/1/1277
f 2050/1/1276 2051/1/1275 2055/1/1279 2054/1/1280
f 2049/1/1278 2048/1/1277 2052/1/1281 2053/1/1282
f 2048/1/1277 2046/1/1272 2050/1/1276 2052/1/1281
f 2054/1/1280 2055/1/1279 2059/1/1283 2058/1/1284
f 2053/1/1282 2052/1/1281 2056/1/1285 2057/1/1286
f 2052/1/1281 2050/1/1276 2054/1/1280 2056/1/1285
f 2058/1/1284 2059/1/1283 2063/1/1287 2062/1/1288
f 2057/1/1286 2056/1/1285 2060/1/1289 2061/1/1290
f 2056/1/1285 2054/1/1280 2058/1/1284 2060/1/1289
f 2062/1/1288 2063/1/1287 1972/1/1206 1971/1/1199
f 2061/1/1290 2060/1/1289 2064/1/1291 2065/1/1292
f 2060/1/1289 2058/1/1284 2062/1/1288 2064/1/1291
f 2065/1/1292 2064/1/1291 1975/1/1198 1976/1/1208
f 2064/1/1291 2062/1/1288 1971/1/1199 1975/1/1198
f 2094/3/1293 2084/3/1294 2067/3/1295 2078/3/1296
f 2080/3/1297 2069/3/1298 2066/3/1299 2081/3/1300
f 2096/3/1301 2088/3/1302 2069/3/1298 2080/3/1297
f 2084/3/1294 2089/3/1303 2068/3/1304 2067/3/1295
f 2086/3/1305 2083/3/1306 2071/3/1307 2072/3/1308
f 2071/3/1307 2075/3/1309 2076/3/1310 2072/3/1308
f 2083/3/1306 2090/3/1311 2075/3/1309 2071/3/1307
f 2073/3/1312 2077/3/1313 2074/3/1314 2070/3/1315
f 2087/3/1305 2092/3/1301 2077/3/1313 2073/3/1312
f 2076/3/1310 2075/3/1309 2078/3/1296 2079/3/1316
f 2092/3/1301 2123/3/1301 2125/3/1301 2096/3/1301
f 2091/3/1317 2095/3/1318 2101/3/1319 2099/3/1320
f 2081/3/1300 2066/3/1299 2085/3/1321 2095/3/1318
f 2124/3/1322 2119/3/1323 2084/3/1294 2094/3/1293
f 2079/3/1316 2068/3/1304 2089/3/1303 2097/3/1301
f 2125/3/1301 2121/3/1324 2088/3/1302 2096/3/1301
f 2119/3/1323 2121/3/1324 2089/3/1303 2084/3/1294
f 2073/3/1312 2070/3/1315 2082/3/1325 2087/3/1305
f 2120/3/1305 2118/3/1326 2083/3/1306 2086/3/1305
f 2085/3/1321 2088/3/1302 2121/3/1324 2119/3/1323
f 2070/3/1315 2074/3/1314 2091/3/1317 2082/3/1325
f 2118/3/1326 2122/3/1327 2090/3/1311 2083/3/1306
f 2072/3/1308 2076/3/1310 2093/3/1301 2086/3/1305
f 2120/3/1305 2123/3/1301 2092/3/1301 2087/3/1305
f 2102/3/1328 2128/3/1329 2129/3/1330 2104/3/1331
f 2074/3/1314 2077/3/1313 2080/3/1297 2081/3/1300
f 2066/3/1299 2069/3/1298 2088/3/1302 2085/3/1321
f 2103/3/1332 2099/3/1320 2101/3/1319 2105/3/1333
f 2100/3/1334 2104/3/1331 2129/3/1330 2127/3/1335
f 2090/3/1311 2122/3/1327 2126/3/1336 2098/3/1337
f 2124/3/1322 2094/3/1293 2100/3/1334 2127/3/1335
f 2155/3/1338 2148/3/1339 2152/3/1340
f 2109/3/1341 2113/3/1342 2111/3/1343 2107/3/1344
f 2098/3/1337 2106/3/1345 2108/3/1346 2102/3/1328
f 2113/3/1342 2117/3/1347 2115/3/1348 2111/3/1343
f 2128/3/1329 2131/3/1349 2109/3/1341 2103/3/1332
f 2126/3/1336 2130/3/1350 2106/3/1345 2098/3/1337
f 2106/3/1345 2110/3/1351 2112/3/1352 2108/3/1346
f 2110/3/1351 2114/3/1353 2116/3/1354 2112/3/1352
f 2131/3/1349 2133/3/1355 2113/3/1342 2109/3/1341
f 2130/3/1350 2132/3/1356 2110/3/1351 2106/3/1345
f 2127/3/1335 2129/3/1330 2105/3/1333 2101/3/1319
f 2133/3/1355 2135/3/1357 2117/3/1347 2113/3/1342
f 2132/3/1356 2134/3/1358 2114/3/1353 2110/3/1351
f 2123/3/1301 2093/3/1301 2097/3/1301 2125/3/1301
f 2095/3/1318 2124/3/1322 2127/3/1335 2101/3/1319
f 2095/3/1318 2085/3/1321 2119/3/1323 2124/3/1322
f 2097/3/1301 2089/3/1303 2121/3/1324 2125/3/1301
f 2087/3/1305 2082/3/1325 2118/3/1326 2120/3/1305
f 2082/3/1325 2091/3/1317 2122/3/1327 2118/3/1326
f 2086/3/1305 2093/3/1301 2123/3/1301 2120/3/1305
f 2128/3/1329 2103/3/1332 2105/3/1333 2129/3/1330
f 2122/3/1327 2091/3/1317 2099/3/1320 2126/3/1336
f 2103/3/1332 2109/3/1341 2107/3/1344 2099/3/1320
f 2102/3/1328 2108/3/1346 2131/3/1349 2128/3/1329
f 2099/3/1320 2107/3/1344 2130/3/1350 2126/3/1336
f 2108/3/1346 2112/3/1352 2133/3/1355 2131/3/1349
f 2107/3/1344 2111/3/1343 2132/3/1356 2130/3/1350
f 2112/3/1352 2116/3/1354 2135/3/1357 2133/3/1355
f 2111/3/1343 2115/3/1348 2134/3/1358 2132/3/1356
f 2093/3/1301 2076/3/1310 2079/3/1316 2097/3/1301
f 2075/3/1309 2090/3/1311 2094/3/1293 2078/3/1296
f 2077/3/1313 2092/3/1301 2096/3/1301 2080/3/1297
f 2094/3/1293 2090/3/1311 2098/3/1337 2100/3/1334
f 2091/3/1317 2074/3/1314 2081/3/1300 2095/3/1318
f 2078/3/1296 2067/3/1295 2068/3/1304 2079/3/1316
f 2148/3/1339 2159/3/1359 2157/3/1360 2146/3/1361
f 2158/3/1362 2187/3/1363 2183/3/1364 2156/3/1365
f 2145/3/1366 2156/3/1365 2160/3/1367 2149/3/1368
f 2150/3/1369 2161/3/1370 2158/3/1362 2147/3/1371
f 2144/3/1372 2151/3/1373 2159/3/1359 2148/3/1339
f 2146/3/1361 2157/3/1360 2161/3/1370 2150/3/1369
f 2149/3/1368 2160/3/1367 2151/3/1373 2144/3/1372
f 2166/3/1374 2165/3/1375 2178/3/1376 2179/3/1377
f 2198/3/1378 2186/3/1379 2170/3/1380 2191/3/1381
f 2177/3/1382 2162/3/1383 2166/3/1374 2179/3/1377
f 2181/3/1384 2174/3/523 2172/3/1385 2182/3/1386
f 2182/3/1386 2172/3/1385 2175/3/1387 2180/3/1388
f 2194/3/76 2172/3/1385 2174/3/523 2192/3/1389
f 2193/3/1390 2175/3/1387 2172/3/1385 2194/3/76
f 2191/3/1381 2170/3/1380 2168/3/1391 2196/3/80
f 2196/3/80 2168/3/1391 2171/3/1392 2195/3/80
f 2117/3/1347 2138/3/1393 2136/3/1394 2115/3/1348
f 2192/3/1389 2174/3/523 2181/3/1384 2197/3/1395
f 2178/3/1376 2201/3/1396 2202/3/1397 2184/3/1398
f 2156/3/1365 2183/3/1364 2188/3/1399 2160/3/1367
f 2160/3/1367 2188/3/1399 2189/3/1400 2151/3/1373
f 2151/3/1373 2189/3/1400 2184/3/1398 2159/3/1359
f 2170/3/1380 2186/3/1379 2190/3/1401 2168/3/1391
f 2168/3/1391 2190/3/1401 2185/3/1402 2171/3/1392
f 2163/3/1403 2194/3/76 2192/3/1389 2165/3/1375
f 2167/3/1404 2193/3/1390 2194/3/76 2163/3/1403
f 2159/3/1359 2191/3/1381 2196/3/80 2157/3/1360
f 2157/3/1360 2196/3/80 2195/3/80 2161/3/1370
f 2165/3/1375 2192/3/1389 2197/3/1395 2178/3/1376
f 2164/3/1405 2173/3/1406 2193/3/1390 2167/3/1404
f 2140/3/1407 2147/3/1371 2145/3/1366 2153/3/1408
f 2114/3/1353 2143/3/1409 2137/3/1410 2116/3/1354
f 2115/3/1348 2136/3/1394 2139/3/1411 2134/3/1358
f 2135/3/1357 2142/3/1412 2138/3/1393 2117/3/1347
f 2116/3/1354 2137/3/1410 2142/3/1412 2135/3/1357
f 2134/3/1358 2139/3/1411 2143/3/1409 2114/3/1353
f 2152/3/1340 2148/3/1339 2146/3/1361
f 2143/3/1409 2155/3/1338 2152/3/1340 2137/3/1410
f 2153/3/1408 2145/3/1366 2149/3/1368 2141/3/1413
f 2154/3/1414 2150/3/1369 2147/3/1371 2140/3/1407
f 2144/3/1372 2148/3/1339 2155/3/1338
f 2152/3/1340 2146/3/1361 2150/3/1369 2154/3/1414
f 2141/3/1413 2149/3/1368 2144/3/1372 2155/3/1338
f 2167/3/1404 2200/3/1415 2176/3/1416 2164/3/1405
f 2147/3/1371 2158/3/1362 2156/3/1365 2145/3/1366
f 2136/3/1394 2153/3/1408 2141/3/1413 2139/3/1411
f 2142/3/1412 2154/3/1414 2140/3/1407 2138/3/1393
f 2137/3/1410 2152/3/1340 2154/3/1414 2142/3/1412
f 2139/3/1411 2141/3/1413 2155/3/1338 2143/3/1409
f 2173/3/1406 2175/3/1387 2193/3/1390
f 2180/3/1388 2175/3/1387 2173/3/1406
f 2195/3/80 2171/3/1392 2169/3/1417
f 2171/3/1392 2185/3/1402 2199/3/1418 2169/3/1417
f 2161/3/1370 2195/3/80 2169/3/1417 2158/3/1362
f 2197/3/1395 2181/3/1384 2186/3/1379 2198/3/1378
f 2184/3/1398 2202/3/1397 2204/3/1419 2198/3/1378
f 2166/3/1374 2162/3/1383 2163/3/1403 2165/3/1375
f 2199/3/1418 2185/3/1402 2180/3/1388 2173/3/1406
f 2162/3/1383 2177/3/1382 2176/3/1416 2200/3/1415
f 2163/3/1403 2162/3/1383 2200/3/1415 2167/3/1404
f 2197/3/1395 2203/3/1420 2201/3/1396 2178/3/1376
f 2201/3/1396 2203/3/1420 2204/3/1419 2202/3/1397
f 2158/3/1362 2169/3/1417 2199/3/1418 2187/3/1363
f 2184/3/1398 2198/3/1378 2191/3/1381 2159/3/1359
f 2188/3/1399 2183/3/1364 2176/3/1416 2177/3/1382
f 2189/3/1400 2188/3/1399 2177/3/1382 2179/3/1377
f 2184/3/1398 2189/3/1400 2179/3/1377 2178/3/1376
f 2190/3/1401 2186/3/1379 2181/3/1384 2182/3/1386
f 2185/3/1402 2190/3/1401 2182/3/1386 2180/3/1388
f 2198/3/1378 2204/3/1419 2203/3/1420 2197/3/1395
f 2183/3/1364 2187/3/1363 2164/3/1405 2176/3/1416
f 2164/3/1405 2187/3/1363 2199/3/1418 2173/3/1406
f 2226/231/1421 2246/232/561 2224/233/560 2221/234/1422
f 2216/235/19 2214/236/408 2213/237/408 2215/238/19
f 2212/239/562 2209/240/1423 2231/241/133 2230/242/76
f 2231/241/133 2209/240/1423 2220/243/1424 2227/244/1425
f 2243/245/1423 2247/246/562 2248/247/566 2244/248/1422
f 2211/249/567 2210/250/420 2214/236/408 2216/235/19
f 2210/250/420 2223/251/1423 2225/252/1426 2214/236/408
f 2219/253/1424 2205/254/1422 2229/255/134 2228/256/1427
f 2223/251/1423 2222/257/571 2245/258/570 2225/252/1426
f 2242/259/572 2234/260/420 2235/261/410 2238/262/573
f 2234/260/420 2242/263/572 2240/264/10 2228/256/1427
f 2227/244/1425 2239/265/417 2241/266/574 2233/267/410
f 2209/240/1423 2212/268/562 2218/269/65 2220/243/1424
f 2217/270/65 2208/271/566 2205/254/1422 2219/253/1424
f 2228/256/1427 2229/255/134 2235/261/410 2234/260/420
f 2237/272/420 2231/241/133 2227/244/1425 2233/267/410
f 2220/243/1424 2219/253/1424 2228/256/1427 2227/244/1425
f 2229/255/134 2232/273/80 2238/274/573 2235/261/410
f 2220/243/1424 2218/269/65 2217/270/65 2219/253/1424
f 2205/254/1422 2208/275/566 2232/273/80 2229/255/134
f 2228/256/1427 2240/264/10 2239/265/417 2227/244/1425
f 2225/252/1426 2245/258/570 2247/276/562 2243/245/1423
f 2213/237/408 2226/231/1421 2221/234/1422 2206/277/410
f 2206/277/410 2221/234/1422 2224/278/560 2207/279/575
f 2211/280/567 2222/281/571 2223/251/1423 2210/250/420
f 2213/237/408 2206/277/410 2207/282/575 2215/238/19
f 2213/237/408 2214/236/408 2225/252/1426 2226/231/1421
f 2236/283/576 2237/272/420 2233/267/410 2241/284/574
f 2225/252/1426 2243/245/1423 2244/248/1422 2226/231/1421
f 2244/248/1422 2248/285/566 2246/232/561 2226/231/1421
f 2256/286/1428 2264/287/1429 2263/288/1430 2255/289/1431
f 2253/290/1432 2261/291/1433 2260/292/1434 2252/293/1435
f 2255/289/1431 2263/288/1430 2262/294/1436 2254/295/1437
f 2252/293/1435 2260/292/1434 2259/296/1438 2251/297/1439
f 2249/298/1440 2257/299/1441 2264/287/1429 2256/286/1428
f 2254/295/1437 2262/294/1436 2261/291/1433 2253/290/1432
f 2250/300/1442 2258/301/1443 2257/299/1441 2249/298/1440
f 2257/299/1441 2258/301/1443 2259/302/1438 2260/303/1434 2261/304/1433 2262/305/1436 2263/306/1430 2264/307/1429
f 2275/308/1444 2276/309/1445 2280/310/1446 2279/311/1447
f 2270/312/1448 2266/313/1449 2267/314/1450 2271/315/1451
f 2272/316/1452 2268/317/1453 2265/318/1454 2269/319/1455
f 2274/320/1456 2275/308/1444 2279/311/1447 2278/321/1457
f 2269/319/1455 2273/322/1458 2276/309/1445 2272/316/1452
f 2278/321/1457 2279/311/1447 2283/323/1459 2282/324/1460
f 2279/311/1447 2280/310/1446 2284/325/1461 2283/323/1459
f 2276/309/1445 2273/322/1458 2277/326/1462 2280/310/1446
f 2282/324/1460 2283/323/1459 2287/327/1463 2286/328/1464
f 2283/323/1459 2284/325/1461 2288/329/1465 2287/327/1463
f 2280/310/1446 2277/326/1462 2281/330/1466 2284/325/1461
f 2286/328/1464 2287/327/1463 2291/331/1467 2290/332/1468
f 2287/327/1463 2288/329/1465 2292/333/1469 2291/331/1467
f 2284/325/1461 2281/330/1466 2285/334/1470 2288/329/1465
f 2269/319/1455 2270/335/1448 2274/336/1456 2273/322/1458
f 2292/333/1469 2289/337/1471 2290/338/1468 2291/339/1467
f 2288/329/1465 2285/334/1470 2289/337/1471 2292/333/1469
f 2271/315/1451 2267/314/1450 2268/317/1453 2272/316/1452
f 2269/319/1455 2265/318/1454 2266/340/1449 2270/335/1448
f 2273/322/1458 2274/336/1456 2278/341/1457 2277/326/1462
f 2277/326/1462 2278/341/1457 2282/342/1460 2281/330/1466
f 2281/330/1466 2282/342/1460 2286/343/1464 2285/334/1470
f 2285/334/1470 2286/343/1464 2290/344/1468 2289/337/1471
f 2271/315/1451 2272/316/1452 2276/309/1445 2275/308/1444
f 2270/312/1448 2271/315/1451 2275/308/1444 2274/320/1456
f 2314/3/1472 2298/3/1473 2299/3/1474 2315/3/1475
f 2324/3/1476 2308/3/1477 2293/3/1478 2309/3/1479
f 2302/3/1480 2303/3/1481 2319/3/1482 2318/3/1483
f 2313/3/1484 2297/3/1485 2298/3/1473 2314/3/1472
f 2323/3/1486 2307/3/1487 2308/3/1477 2324/3/1476
f 2301/3/1488 2302/3/1480 2318/3/1483 2317/3/1489
f 2312/3/1490 2296/3/1491 2297/3/1485 2313/3/1484
f 2322/3/1492 2306/3/1493 2307/3/1487 2323/3/1486
f 2311/3/1494 2295/3/1495 2296/3/1491 2312/3/1490
f 2300/3/1496 2301/3/1488 2317/3/1489 2316/3/1497
f 2321/3/1498 2305/3/1499 2306/3/1493 2322/3/1492
f 2310/3/1500 2294/3/1501 2295/3/1495 2311/3/1494
f 2299/3/1474 2300/3/1496 2316/3/1497 2315/3/1475
f 2320/3/1502 2304/3/1503 2305/3/1499 2321/3/1498
f 2309/3/1479 2293/3/1478 2294/3/1501 2310/3/1500
f 2337/3/862 2321/3/1498 2322/3/1492 2338/3/861
f 2326/3/738 2310/3/1500 2311/3/1494 2327/3/873
f 2315/3/1475 2316/3/1497 2332/3/874 2331/3/875
f 2336/3/878 2320/3/1502 2321/3/1498 2337/3/862
f 2314/3/1472 2315/3/1475 2331/3/875 2330/3/879
f 2324/3/1476 2309/3/1479 2325/3/739 2340/3/880
f 2335/3/881 2319/3/1482 2320/3/1502 2336/3/878
f 2313/3/1484 2314/3/1472 2330/3/879 2329/3/882
f 2323/3/1486 2324/3/1476 2340/3/880 2339/3/883
f 2334/3/884 2318/3/1483 2319/3/1482 2335/3/881
f 2312/3/1490 2313/3/1484 2329/3/882 2328/3/885
f 2322/3/1492 2323/3/1486 2339/3/883 2338/3/861
f 2311/3/1494 2312/3/1490 2328/3/885 2327/3/873
f 2333/3/886 2317/3/1489 2318/3/1483 2334/3/884
f 2332/3/874 2316/3/1497 2317/3/1489 2333/3/886
f 2350/3/893 2339/3/883 2340/3/880 2351/3/888
f 2343/3/894 2328/3/885 2329/3/882 2369/3/890
f 2333/3/886 2334/3/884 2346/3/892 2370/3/895
f 2349/3/896 2338/3/861 2339/3/883 2350/3/893
f 2342/3/876 2327/3/873 2328/3/885 2343/3/894
f 2332/3/874 2333/3/886 2370/3/895 2372/3/897
f 2348/3/898 2337/3/862 2338/3/861 2349/3/896
f 2371/3/877 2326/3/738 2327/3/873 2342/3/876
f 2331/3/875 2332/3/874 2372/3/897 2345/3/899
f 2495/3/1033 2494/3/1069 2515/3/1067 2486/3/1068
f 2336/3/878 2337/3/862 2348/3/898 2368/3/904
f 2330/3/879 2331/3/875 2345/3/899 2344/3/889
f 2351/3/888 2340/3/880 2325/3/739 2341/3/887
f 2347/3/891 2335/3/881 2336/3/878 2368/3/904
f 2329/3/882 2330/3/879 2344/3/889 2369/3/890
f 2334/3/884 2335/3/881 2347/3/891 2346/3/892
f 2371/3/877 2341/3/887 2325/3/739 2326/3/738
f 2364/3/920 2348/3/898 2349/3/896 2365/3/915
f 2345/3/899 2372/3/897 2359/3/911 2358/3/909
f 2341/3/887 2371/3/877 2353/3/900 2352/3/903
f 2364/3/920 2365/3/915 2386/3/918 2385/3/919
f 2372/3/897 2370/3/895 2360/3/917 2359/3/911
f 2360/3/917 2370/3/895 2346/3/892 2361/3/916
f 2353/3/900 2354/3/912 2375/3/921 2374/3/901
f 2380/3/923 2359/3/911 2360/3/917 2381/3/922
f 2363/3/925 2364/3/920 2385/3/919 2384/3/924
f 2379/3/926 2358/3/909 2359/3/911 2380/3/923
f 2362/3/930 2363/3/925 2384/3/924 2383/3/929
f 2378/3/931 2357/3/910 2358/3/909 2379/3/926
f 2388/3/932 2367/3/913 2352/3/903 2373/3/902
f 2361/3/916 2362/3/930 2383/3/929 2382/3/933
f 2377/3/934 2356/3/935 2357/3/910 2378/3/931
f 2387/3/936 2366/3/914 2367/3/913 2388/3/932
f 2376/3/937 2355/3/938 2356/3/935 2377/3/934
f 2381/3/922 2360/3/917 2361/3/916 2382/3/933
f 2365/3/915 2366/3/914 2387/3/936 2386/3/918
f 2354/3/912 2355/3/938 2376/3/937 2375/3/921
f 2388/3/932 2373/3/902 2389/3/928 2404/3/942
f 2399/3/944 2383/3/929 2384/3/924 2400/3/943
f 2377/3/934 2378/3/931 2394/3/945 2393/3/946
f 2387/3/936 2388/3/932 2404/3/942 2403/3/947
f 2398/3/948 2382/3/933 2383/3/929 2399/3/944
f 2376/3/937 2377/3/934 2393/3/946 2392/3/949
f 2386/3/918 2387/3/936 2403/3/947 2402/3/950
f 2375/3/921 2376/3/937 2392/3/949 2391/3/951
f 2397/3/952 2381/3/922 2382/3/933 2398/3/948
f 2385/3/919 2386/3/918 2402/3/950 2401/3/953
f 2374/3/901 2375/3/921 2391/3/951 2390/3/927
f 2396/3/954 2380/3/923 2381/3/922 2397/3/952
f 2384/3/924 2385/3/919 2401/3/953 2400/3/943
f 2395/3/955 2379/3/926 2380/3/923 2396/3/954
f 2534/3/1504 2533/3/1505 2549/3/662 2550/3/655
f 2394/3/945 2378/3/931 2379/3/926 2395/3/955
f 2416/3/978 2400/3/943 2401/3/953 2417/3/977
f 2405/3/959 2389/3/928 2390/3/927 2406/3/956
f 2394/3/945 2395/3/955 2411/3/979 2410/3/980
f 2415/3/981 2399/3/944 2400/3/943 2416/3/978
f 2393/3/946 2394/3/945 2410/3/980 2409/3/982
f 2403/3/947 2404/3/942 2420/3/983 2419/3/984
f 2414/3/985 2398/3/948 2399/3/944 2415/3/981
f 2392/3/949 2393/3/946 2409/3/982 2408/3/986
f 2402/3/950 2403/3/947 2419/3/984 2418/3/987
f 2413/3/988 2397/3/952 2398/3/948 2414/3/985
f 2391/3/951 2392/3/949 2408/3/986 2407/3/989
f 2401/3/953 2402/3/950 2418/3/987 2417/3/977
f 2390/3/927 2391/3/951 2407/3/989 2406/3/956
f 2412/3/990 2396/3/954 2397/3/952 2413/3/988
f 2411/3/979 2395/3/955 2396/3/954 2412/3/990
f 2420/3/983 2404/3/942 2389/3/928 2405/3/959
f 2352/3/903 2353/3/900 2374/3/901 2373/3/902
f 2432/3/996 2416/3/978 2417/3/977 2433/3/995
f 2410/3/980 2411/3/979 2427/3/997 2426/3/998
f 2420/3/983 2405/3/959 2421/3/958 2436/3/999
f 2431/3/1000 2415/3/981 2416/3/978 2432/3/996
f 2409/3/982 2410/3/980 2426/3/998 2425/3/1001
f 2419/3/984 2420/3/983 2436/3/999 2435/3/1002
f 2430/3/1003 2414/3/985 2415/3/981 2431/3/1000
f 2408/3/986 2409/3/982 2425/3/1001 2424/3/1004
f 2418/3/987 2419/3/984 2435/3/1002 2434/3/1005
f 2407/3/989 2408/3/986 2424/3/1004 2423/3/1006
f 2429/3/1007 2413/3/988 2414/3/985 2430/3/1003
f 2417/3/977 2418/3/987 2434/3/1005 2433/3/995
f 2406/3/956 2407/3/989 2423/3/1006 2422/3/957
f 2428/3/1008 2412/3/990 2413/3/988 2429/3/1007
f 2427/3/997 2411/3/979 2412/3/990 2428/3/1008
f 2449/3/1024 2433/3/995 2434/3/1005 2450/3/1023
f 2438/3/1026 2422/3/957 2423/3/1006 2439/3/1025
f 2427/3/997 2428/3/1008 2444/3/1027 2443/3/1028
f 2448/3/1029 2432/3/996 2433/3/995 2449/3/1024
f 2437/3/1030 2421/3/958 2422/3/957 2438/3/1026
f 2426/3/998 2427/3/997 2443/3/1028 2442/3/1031
f 2436/3/999 2421/3/958 2437/3/1030 2452/3/1032
f 2447/3/1033 2431/3/1000 2432/3/996 2448/3/1029
f 2425/3/1001 2426/3/998 2442/3/1031 2441/3/1034
f 2435/3/1002 2436/3/999 2452/3/1032 2451/3/1035
f 2446/3/1036 2430/3/1003 2431/3/1000 2447/3/1033
f 2424/3/1004 2425/3/1001 2441/3/1034 2440/3/1037
f 2434/3/1005 2435/3/1002 2451/3/1035 2450/3/1023
f 2445/3/1038 2429/3/1007 2430/3/1003 2446/3/1036
f 2423/3/1006 2424/3/1004 2440/3/1037 2439/3/1025
f 2444/3/1027 2428/3/1008 2429/3/1007 2445/3/1038
f 2458/3/1039 2450/3/1023 2451/3/1035 2459/3/991
f 2482/3/1051 2448/3/1029 2449/3/1024 2480/3/1048
f 2441/3/1034 2442/3/1031 2456/3/1040 2484/3/1041
f 2451/3/1035 2452/3/1032 2460/3/992 2459/3/991
f 2477/3/1042 2446/3/1036 2447/3/1033 2483/3/1049
f 2475/3/994 2474/3/1050 2458/3/1039 2459/3/991
f 2473/3/1052 2472/3/1053 2482/3/1051 2480/3/1048
f 2479/3/1043 2477/3/1042 2470/3/1054 2469/3/1055
f 2474/3/1050 2473/3/1052 2480/3/1048 2458/3/1039
f 2454/3/1056 2478/3/1045 2463/3/1057 2462/3/1058
f 2472/3/1053 2471/3/1059 2483/3/1049 2482/3/1051
f 2481/3/1060 2479/3/1043 2469/3/1055 2468/3/1061
f 2462/3/1058 2461/3/1063 2453/3/1062 2454/3/1056
f 2460/3/992 2453/3/1062 2461/3/1063 2476/3/993
f 2457/3/1064 2481/3/1060 2468/3/1061 2467/3/1065
f 2456/3/1040 2457/3/1064 2467/3/1065 2466/3/1066
f 2471/3/1059 2470/3/1054 2477/3/1042 2483/3/1049
f 2484/3/1041 2456/3/1040 2466/3/1066 2465/3/1046
f 2470/3/1054 2471/3/1059 2491/3/1079 2513/3/1084
f 2464/3/1047 2463/3/1057 2478/3/1045 2455/3/1044
f 2488/3/428 2465/3/1046 2466/3/1066 2509/3/1072
f 2511/3/1073 2475/3/994 2476/3/993 2510/3/1071
f 2492/3/1076 2474/3/1050 2475/3/994 2511/3/1073
f 2473/3/1052 2474/3/1050 2492/3/1076 2516/3/1077
f 2514/3/1080 2472/3/1053 2473/3/1052 2516/3/1077
f 2466/3/1066 2467/3/1065 2489/3/1082 2509/3/1072
f 2494/3/1069 2493/3/1038 2485/3/1070 2515/3/1067
f 2467/3/1065 2468/3/1061 2490/3/1075 2489/3/1082
f 2490/3/1075 2512/3/1074 2501/3/1030 2500/3/1078
f 2491/3/1079 2514/3/1080 2504/3/1081 2503/3/1025
f 2505/3/1034 2504/3/1081 2514/3/1080 2516/3/1077
f 2509/3/1072 2489/3/1082 2499/3/1035 2498/3/1083
f 2503/3/1025 2502/3/1085 2513/3/1084 2491/3/1079
f 2489/3/1082 2490/3/1075 2500/3/1078 2499/3/1035
f 2488/3/428 2509/3/1072 2498/3/1083 2497/3/1024
f 2502/3/1085 2501/3/1030 2512/3/1074 2513/3/1084
f 2493/3/1038 2508/3/1086 2510/3/1071 2485/3/1070
f 2487/3/1087 2488/3/428 2497/3/1024 2496/3/1088
f 2492/3/1076 2511/3/1073 2507/3/1028 2506/3/1089
f 2486/3/1068 2487/3/1087 2496/3/1088 2495/3/1033
f 2511/3/1073 2510/3/1071 2508/3/1086 2507/3/1028
f 2516/3/1077 2492/3/1076 2506/3/1089 2505/3/1034
f 2476/3/993 2475/3/994 2459/3/991 2460/3/992
f 2306/3/1493 2305/3/1499 2529/3/1506 2530/3/1507
f 2421/3/958 2405/3/959 2406/3/956 2422/3/957
f 2494/3/1069 2495/3/1033 2496/3/1088 2497/3/1024 2498/3/1083 2499/3/1035 2500/3/1078 2501/3/1030 2502/3/1085 2503/3/1025 2504/3/1081 2505/3/1034 2506/3/1089 2507/3/1028 2508/3/1086 2493/3/1038
f 2295/3/1495 2294/3/1501 2518/3/1508 2519/3/1509
f 2523/3/1510 2524/3/1511 2300/3/1496 2299/3/1474
f 2305/3/1499 2304/3/1503 2528/3/1512 2529/3/1506
f 2294/3/1501 2293/3/1478 2517/3/1513 2518/3/1508
f 2522/3/1514 2523/3/1510 2299/3/1474 2298/3/1473
f 2532/3/1515 2517/3/1513 2293/3/1478 2308/3/1477
f 2304/3/1503 2303/3/1481 2527/3/1516 2528/3/1512
f 2521/3/1517 2522/3/1514 2298/3/1473 2297/3/1485
f 2531/3/1518 2532/3/1515 2308/3/1477 2307/3/1487
f 2303/3/1481 2302/3/1480 2526/3/1519 2527/3/1516
f 2520/3/1520 2521/3/1517 2297/3/1485 2296/3/1491
f 2530/3/1507 2531/3/1518 2307/3/1487 2306/3/1493
f 2302/3/1480 2301/3/1488 2525/3/1521 2526/3/1519
f 2519/3/1509 2520/3/1520 2296/3/1491 2295/3/1495
f 2301/3/1488 2300/3/1496 2524/3/1511 2525/3/1521
f 2521/3/1517 2537/3/1522 2538/3/1523 2522/3/1514
f 2522/3/1514 2538/3/1523 2539/3/1524 2523/3/1510
f 2546/3/1525 2545/3/1526 2561/3/653 2562/3/654
f 2531/3/1518 2547/3/1527 2548/3/1528 2532/3/1515
f 2526/3/1519 2542/3/1529 2543/3/1530 2527/3/1516
f 2519/3/1509 2535/3/1531 2536/3/1532 2520/3/1520
f 2530/3/1507 2546/3/1525 2547/3/1527 2531/3/1518
f 2525/3/1521 2541/3/1533 2542/3/1529 2526/3/1519
f 2529/3/1506 2545/3/1526 2546/3/1525 2530/3/1507
f 2528/3/1512 2544/3/1534 2545/3/1526 2529/3/1506
f 2518/3/1508 2534/3/1504 2535/3/1531 2519/3/1509
f 2524/3/1511 2540/3/1535 2541/3/1533 2525/3/1521
f 2532/3/1515 2548/3/1528 2533/3/1505 2517/3/1513
f 2517/3/1513 2533/3/1505 2534/3/1504 2518/3/1508
f 2523/3/1510 2539/3/1524 2540/3/1535 2524/3/1511
f 2520/3/1520 2536/3/1532 2537/3/1522 2521/3/1517
f 2535/3/1531 2534/3/1504 2550/3/655 2551/3/656
f 2540/3/1535 2539/3/1524 2555/3/657 2556/3/658
f 2551/3/656 2550/3/655 2581/3/679 2582/3/676
f 2545/3/1526 2544/3/1534 2560/3/659 2561/3/653
f 2539/3/1524 2538/3/1523 2554/3/660 2555/3/657
f 2533/3/1505 2548/3/1528 2564/3/661 2549/3/662
f 2544/3/1534 2543/3/1530 2559/3/663 2560/3/659
f 2538/3/1523 2537/3/1522 2553/3/664 2554/3/660
f 2548/3/1528 2547/3/1527 2563/3/665 2564/3/661
f 2543/3/1530 2542/3/1529 2558/3/666 2559/3/663
f 2537/3/1522 2536/3/1532 2552/3/667 2553/3/664
f 2547/3/1527 2546/3/1525 2562/3/654 2563/3/665
f 2536/3/1532 2535/3/1531 2551/3/656 2552/3/667
f 2542/3/1529 2541/3/1533 2557/3/668 2558/3/666
f 2541/3/1533 2540/3/1535 2556/3/658 2557/3/668
f 2549/3/662 2564/3/661 2590/3/670 2611/3/687
f 2554/3/660 2553/3/664 2607/3/672 2584/3/686
f 2559/3/663 2558/3/666 2609/3/674 2587/3/688
f 2564/3/661 2563/3/665 2608/3/669 2590/3/670
f 2553/3/664 2552/3/667 2583/3/671 2607/3/672
f 2558/3/666 2557/3/668 2586/3/673 2609/3/674
f 2563/3/665 2562/3/654 2610/3/675 2608/3/669
f 2552/3/667 2551/3/656 2582/3/676 2583/3/671
f 2557/3/668 2556/3/658 2585/3/677 2586/3/673
f 2562/3/654 2561/3/653 2589/3/678 2610/3/675
f 2556/3/658 2555/3/657 2612/3/680 2585/3/677
f 2592/3/694 2591/3/693 2629/3/712 2630/3/699
f 2561/3/653 2560/3/659 2588/3/685 2589/3/678
f 2555/3/657 2554/3/660 2584/3/686 2612/3/680
f 2560/3/659 2559/3/663 2587/3/688 2588/3/685
f 2856/3/986 2857/3/982 2873/3/1001 2872/3/1004
f 2855/3/989 2856/3/986 2872/3/1004 2871/3/1006
f 2857/3/982 2858/3/980 2874/3/998 2873/3/1001
f 2650/3/903 2649/3/900 2580/3/901 2613/3/902
f 2865/3/977 2866/3/987 2882/3/1005 2881/3/995
f 2584/3/686 2596/3/710 2597/3/691 2612/3/680
f 2859/3/979 2843/3/955 2844/3/954 2860/3/990
f 2866/3/987 2867/3/984 2883/3/1002 2882/3/1005
f 2858/3/980 2859/3/979 2875/3/997 2874/3/998
f 2612/3/680 2597/3/691 2598/3/692 2585/3/677
f 2581/3/679 2592/3/694 2593/3/701 2582/3/676
f 2590/3/670 2606/3/713 2591/3/693 2611/3/687
f 2610/3/675 2604/3/690 2605/3/718 2608/3/669
f 2586/3/673 2599/3/697 2600/3/698 2609/3/674
f 2604/3/690 2603/3/689 2641/3/695 2642/3/696
f 2593/3/701 2592/3/694 2630/3/699 2631/3/700
f 2599/3/697 2598/3/692 2636/3/702 2637/3/703
f 2603/3/689 2602/3/704 2640/3/705 2641/3/695
f 2598/3/692 2597/3/691 2635/3/706 2636/3/702
f 2630/3/699 2629/3/712 2661/3/722 2662/3/734
f 2602/3/704 2601/3/707 2639/3/708 2640/3/705
f 2597/3/691 2596/3/710 2634/3/709 2635/3/706
f 2591/3/693 2606/3/713 2644/3/711 2629/3/712
f 2601/3/707 2600/3/698 2638/3/714 2639/3/708
f 2596/3/710 2595/3/716 2633/3/715 2634/3/709
f 2606/3/713 2605/3/718 2643/3/717 2644/3/711
f 2595/3/716 2594/3/720 2632/3/719 2633/3/715
f 2600/3/698 2599/3/697 2637/3/703 2638/3/714
f 2605/3/718 2604/3/690 2642/3/696 2643/3/717
f 2594/3/720 2593/3/701 2631/3/700 2632/3/719
f 2842/3/945 2576/3/931 2575/3/926 2843/3/955
f 2841/3/946 2842/3/945 2858/3/980 2857/3/982
f 2839/3/951 2840/3/949 2856/3/986 2855/3/989
f 2864/3/978 2848/3/943 2849/3/953 2865/3/977
f 2849/3/953 2850/3/950 2866/3/987 2865/3/977
f 2851/3/947 2852/3/942 2868/3/983 2867/3/984
f 2853/3/959 2565/3/928 2838/3/927 2854/3/956
f 2838/3/927 2839/3/951 2855/3/989 2854/3/956
f 2862/3/985 2846/3/948 2847/3/944 2863/3/981
f 2842/3/945 2843/3/955 2859/3/979 2858/3/980
f 2840/3/949 2841/3/946 2857/3/982 2856/3/986
f 2843/3/955 2575/3/926 2574/3/923 2844/3/954
f 2863/3/981 2847/3/944 2848/3/943 2864/3/978
f 2850/3/950 2851/3/947 2867/3/984 2866/3/987
f 2982/3/1504 2981/3/1505 2997/3/662 2998/3/655
f 2861/3/988 2845/3/952 2846/3/948 2862/3/985
f 2629/3/712 2644/3/711 2676/3/721 2661/3/722
f 2640/3/705 2639/3/708 2671/3/723 2672/3/724
f 2634/3/709 2633/3/715 2665/3/725 2666/3/726
f 2644/3/711 2643/3/717 2675/3/727 2676/3/721
f 2639/3/708 2638/3/714 2670/3/728 2671/3/723
f 2633/3/715 2632/3/719 2664/3/729 2665/3/725
f 2643/3/717 2642/3/696 2674/3/730 2675/3/727
f 2632/3/719 2631/3/700 2663/3/731 2664/3/729
f 2638/3/714 2637/3/703 2669/3/732 2670/3/728
f 2642/3/696 2641/3/695 2673/3/733 2674/3/730
f 2631/3/700 2630/3/699 2662/3/734 2663/3/731
f 2637/3/703 2636/3/702 2668/3/735 2669/3/732
f 2641/3/695 2640/3/705 2672/3/724 2673/3/733
f 2636/3/702 2635/3/706 2667/3/736 2668/3/735
f 2678/3/744 2677/3/743 2709/3/762 2710/3/771
f 2635/3/706 2634/3/709 2666/3/726 2667/3/736
f 2573/3/922 2626/3/917 2625/3/916 2572/3/933
f 2577/3/934 2576/3/931 2842/3/945 2841/3/946
f 2845/3/952 2573/3/922 2572/3/933 2846/3/948
f 2621/3/915 2620/3/914 2567/3/936 2568/3/918
f 2567/3/936 2566/3/932 2852/3/942 2851/3/947
f 2569/3/919 2568/3/918 2850/3/950 2849/3/953
f 2648/3/912 2647/3/938 2578/3/937 2579/3/921
f 2846/3/948 2572/3/933 2571/3/929 2847/3/944
f 2580/3/901 2579/3/921 2839/3/951 2838/3/927
f 2566/3/932 2613/3/902 2565/3/928 2852/3/942
f 2844/3/954 2574/3/923 2573/3/922 2845/3/952
f 2578/3/937 2577/3/934 2841/3/946 2840/3/949
f 2847/3/944 2571/3/929 2570/3/924 2848/3/943
f 2570/3/924 2569/3/919 2849/3/953 2848/3/943
f 2568/3/918 2567/3/936 2851/3/947 2850/3/950
f 2579/3/921 2578/3/937 2840/3/949 2839/3/951
f 2672/3/724 2688/3/741 2689/3/742 2673/3/733
f 2661/3/722 2677/3/743 2678/3/744 2662/3/734
f 2666/3/726 2682/3/745 2683/3/746 2667/3/736
f 2671/3/723 2687/3/747 2688/3/741 2672/3/724
f 2665/3/725 2681/3/748 2682/3/745 2666/3/726
f 2675/3/727 2691/3/749 2692/3/750 2676/3/721
f 2670/3/728 2686/3/751 2687/3/747 2671/3/723
f 2664/3/729 2680/3/752 2681/3/748 2665/3/725
f 2674/3/730 2690/3/753 2691/3/749 2675/3/727
f 2669/3/732 2685/3/754 2686/3/751 2670/3/728
f 2663/3/731 2679/3/755 2680/3/752 2664/3/729
f 2673/3/733 2689/3/742 2690/3/753 2674/3/730
f 2662/3/734 2678/3/744 2679/3/755 2663/3/731
f 2668/3/735 2684/3/756 2685/3/754 2669/3/732
f 2667/3/736 2683/3/746 2684/3/756 2668/3/735
f 2676/3/721 2692/3/750 2677/3/743 2661/3/722
f 2745/3/789 2760/3/797 2761/3/813 2771/3/794
f 2689/3/742 2688/3/741 2720/3/757 2721/3/758
f 2683/3/746 2682/3/745 2714/3/759 2715/3/760
f 2677/3/743 2692/3/750 2724/3/761 2709/3/762
f 2688/3/741 2687/3/747 2719/3/763 2720/3/757
f 2682/3/745 2681/3/748 2713/3/764 2714/3/759
f 2692/3/750 2691/3/749 2723/3/765 2724/3/761
f 2687/3/747 2686/3/751 2718/3/766 2719/3/763
f 2681/3/748 2680/3/752 2712/3/767 2713/3/764
f 2691/3/749 2690/3/753 2722/3/768 2723/3/765
f 2680/3/752 2679/3/755 2711/3/769 2712/3/767
f 2686/3/751 2685/3/754 2717/3/770 2718/3/766
f 2690/3/753 2689/3/742 2721/3/758 2722/3/768
f 2679/3/755 2678/3/744 2710/3/771 2711/3/769
f 2685/3/754 2684/3/756 2716/3/772 2717/3/770
f 2684/3/756 2683/3/746 2715/3/760 2716/3/772
f 2626/3/917 2616/3/895 2656/3/892 2625/3/916
f 2578/3/937 2647/3/938 2646/3/935 2577/3/934
f 2576/3/931 2645/3/910 2628/3/909 2575/3/926
f 2657/3/899 2614/3/897 2627/3/911 2628/3/909
f 2649/3/900 2648/3/912 2579/3/921 2580/3/901
f 2566/3/932 2619/3/913 2650/3/903 2613/3/902
f 2693/3/887 2615/3/877 2649/3/900 2650/3/903
f 2574/3/923 2627/3/911 2626/3/917 2573/3/922
f 2625/3/916 2624/3/930 2571/3/929 2572/3/933
f 2622/3/920 2621/3/915 2568/3/918 2569/3/919
f 2623/3/925 2622/3/920 2569/3/919 2570/3/924
f 2577/3/934 2646/3/935 2645/3/910 2576/3/931
f 2614/3/897 2616/3/895 2626/3/917 2627/3/911
f 2567/3/936 2620/3/914 2619/3/913 2566/3/932
f 2575/3/926 2628/3/909 2627/3/911 2574/3/923
f 2624/3/930 2623/3/925 2570/3/924 2571/3/929
f 2721/3/758 2737/3/773 2738/3/774 2722/3/768
f 2710/3/771 2726/3/775 2727/3/776 2711/3/769
f 2715/3/760 2731/3/777 2732/3/778 2716/3/772
f 2720/3/757 2736/3/779 2737/3/773 2721/3/758
f 2709/3/762 2725/3/780 2726/3/775 2710/3/771
f 2714/3/759 2730/3/781 2731/3/777 2715/3/760
f 2724/3/761 2740/3/782 2725/3/780 2709/3/762
f 2719/3/763 2735/3/681 2736/3/779 2720/3/757
f 2713/3/764 2729/3/783 2730/3/781 2714/3/759
f 2723/3/765 2739/3/784 2740/3/782 2724/3/761
f 2718/3/766 2734/3/785 2735/3/681 2719/3/763
f 2712/3/767 2728/3/786 2729/3/783 2713/3/764
f 2722/3/768 2738/3/774 2739/3/784 2723/3/765
f 2717/3/770 2733/3/787 2734/3/785 2718/3/766
f 2711/3/769 2727/3/776 2728/3/786 2712/3/767
f 2716/3/772 2732/3/778 2733/3/787 2717/3/770
f 2738/3/774 2762/3/788 2745/3/789 2739/3/784
f 2729/3/783 2772/3/792 2770/3/793 2730/3/781
f 2733/3/787 2742/3/801 2743/3/795 2734/3/785
f 2727/3/776 2763/3/807 2741/3/821 2728/3/786
f 2741/3/821 2749/3/820 2750/3/817 2772/3/792
f 2737/3/773 2764/3/791 2762/3/788 2738/3/774
f 2734/3/785 2743/3/795 2744/3/796 2735/3/681
f 2745/3/789 2762/3/788 2759/3/798 2760/3/797
f 2767/3/790 2757/3/800 2758/3/799 2764/3/791
f 2742/3/801 2754/3/802 2755/3/803 2743/3/795
f 2764/3/791 2758/3/799 2759/3/798 2762/3/788
f 2765/3/804 2747/3/805 2748/3/806 2763/3/807
f 2744/3/796 2756/3/808 2757/3/800 2767/3/790
f 2766/3/809 2753/3/810 2754/3/802 2742/3/801
f 2768/3/811 2746/3/812 2747/3/805 2765/3/804
f 2771/3/794 2761/3/813 2746/3/812 2768/3/811
f 2769/3/814 2752/3/815 2753/3/810 2766/3/809
f 2770/3/793 2751/3/816 2752/3/815 2769/3/814
f 2743/3/795 2755/3/803 2756/3/808 2744/3/796
f 2836/3/683 2784/3/684 2785/3/681 2774/3/682
f 2772/3/792 2750/3/817 2751/3/816 2770/3/793
f 2761/3/813 2782/3/825 2773/3/830 2746/3/812
f 2741/3/821 2763/3/807 2748/3/806 2749/3/820
f 2750/3/817 2776/3/822 2833/3/823 2751/3/816
f 2760/3/797 2781/3/824 2782/3/825 2761/3/813
f 2753/3/810 2777/3/831 2778/3/833 2754/3/802
f 2758/3/799 2837/3/827 2834/3/826 2759/3/798
f 2773/3/830 2783/3/787 2784/3/684 2836/3/683
f 2800/3/1479 2799/3/1478 2815/3/1501 2831/3/1500
f 2777/3/831 2790/3/832 2791/3/780 2778/3/833
f 2835/3/819 2793/3/776 2794/3/834 2780/3/828
f 2780/3/828 2794/3/834 2795/3/783 2837/3/827
f 2833/3/823 2788/3/835 2789/3/784 2832/3/829
f 2779/3/818 2792/3/836 2793/3/776 2835/3/819
f 2832/3/829 2789/3/784 2790/3/832 2777/3/831
f 2776/3/822 2787/3/773 2788/3/835 2833/3/823
f 2778/3/833 2791/3/780 2792/3/836 2779/3/818
f 2782/3/825 2798/3/837 2783/3/787 2773/3/830
f 2775/3/838 2786/3/839 2787/3/773 2776/3/822
f 2834/3/826 2796/3/840 2797/3/777 2781/3/824
f 2774/3/682 2785/3/681 2786/3/839 2775/3/838
f 2781/3/824 2797/3/777 2798/3/837 2782/3/825
f 2837/3/827 2795/3/783 2796/3/840 2834/3/826
f 2697/3/862 2820/3/1498 2819/3/1492 2696/3/861
f 2818/3/1486 2817/3/1476 2694/3/880 2695/3/883
f 2827/3/1472 2826/3/1475 2703/3/875 2704/3/879
f 2702/3/874 2825/3/1497 2824/3/1489 2701/3/886
f 2830/3/1494 2829/3/1490 2706/3/885 2707/3/873
f 2819/3/1492 2818/3/1486 2695/3/883 2696/3/861
f 2527/3/1516 2543/3/1530 2544/3/1534 2528/3/1512
f 2817/3/1476 2800/3/1479 2816/3/739 2694/3/880
f 2821/3/1502 2805/3/1503 2804/3/1499 2820/3/1498
f 2810/3/1474 2809/3/1496 2825/3/1497 2826/3/1475
f 2831/3/1500 2815/3/1501 2814/3/1495 2830/3/1494
f 2820/3/1498 2804/3/1499 2803/3/1493 2819/3/1492
f 2809/3/1496 2808/3/1488 2824/3/1489 2825/3/1497
f 2830/3/1494 2814/3/1495 2813/3/1491 2829/3/1490
f 2819/3/1492 2803/3/1493 2802/3/1487 2818/3/1486
f 2829/3/1490 2813/3/1491 2812/3/1485 2828/3/1484
f 2808/3/1488 2807/3/1480 2823/3/1483 2824/3/1489
f 2818/3/1486 2802/3/1487 2801/3/1477 2817/3/1476
f 2828/3/1484 2812/3/1485 2811/3/1473 2827/3/1472
f 2807/3/1480 2806/3/1481 2822/3/1482 2823/3/1483
f 2817/3/1476 2801/3/1477 2799/3/1478 2800/3/1479
f 2827/3/1472 2811/3/1473 2810/3/1474 2826/3/1475
f 2784/3/684 2783/3/787 2798/3/837 2797/3/777 2796/3/840 2795/3/783 2794/3/834 2793/3/776 2792/3/836 2791/3/780 2790/3/832 2789/3/784 2788/3/835 2787/3/773 2786/3/839 2785/3/681
f 2615/3/877 2693/3/887 2816/3/739 2708/3/738
f 2702/3/874 2701/3/886 2616/3/895 2614/3/897
f 2698/3/878 2697/3/862 2654/3/898 2618/3/904
f 2826/3/1475 2825/3/1497 2702/3/874 2703/3/875
f 2703/3/875 2702/3/874 2614/3/897 2657/3/899
f 2615/3/877 2708/3/738 2707/3/873 2660/3/876
f 2357/3/910 2344/3/889 2345/3/899 2358/3/909
f 2346/3/892 2347/3/891 2362/3/930 2361/3/916
f 2367/3/913 2351/3/888 2341/3/887 2352/3/903
f 2356/3/935 2369/3/890 2344/3/889 2357/3/910
f 2478/3/1045 2439/3/1025 2440/3/1037 2455/3/1044
f 2366/3/914 2350/3/893 2351/3/888 2367/3/913
f 2355/3/938 2343/3/894 2369/3/890 2356/3/935
f 2365/3/915 2349/3/896 2350/3/893 2366/3/914
f 2354/3/912 2342/3/876 2343/3/894 2355/3/938
f 2363/3/925 2368/3/904 2348/3/898 2364/3/920
f 2353/3/900 2371/3/877 2342/3/876 2354/3/912
f 2347/3/891 2368/3/904 2363/3/925 2362/3/930
f 2444/3/1027 2445/3/1038 2479/3/1043 2481/3/1060
f 2480/3/1048 2449/3/1024 2450/3/1023 2458/3/1039
f 2478/3/1045 2454/3/1056 2438/3/1026 2439/3/1025
f 2443/3/1028 2444/3/1027 2481/3/1060 2457/3/1064
f 2453/3/1062 2437/3/1030 2438/3/1026 2454/3/1056
f 2442/3/1031 2443/3/1028 2457/3/1064 2456/3/1040
f 2452/3/1032 2437/3/1030 2453/3/1062 2460/3/992
f 2483/3/1049 2447/3/1033 2448/3/1029 2482/3/1051
f 2440/3/1037 2441/3/1034 2484/3/1041 2455/3/1044
f 2479/3/1043 2445/3/1038 2446/3/1036 2477/3/1042
f 2510/3/1071 2476/3/993 2461/3/1063 2485/3/1070
f 2455/3/1044 2484/3/1041 2465/3/1046 2464/3/1047
f 2486/3/1068 2463/3/1057 2464/3/1047 2487/3/1087
f 2469/3/1055 2470/3/1054 2513/3/1084 2512/3/1074
f 2487/3/1087 2464/3/1047 2465/3/1046 2488/3/428
f 2468/3/1061 2469/3/1055 2512/3/1074 2490/3/1075
f 2515/3/1067 2462/3/1058 2463/3/1057 2486/3/1068
f 2514/3/1080 2491/3/1079 2471/3/1059 2472/3/1053
f 2485/3/1070 2461/3/1063 2462/3/1058 2515/3/1067
f 2860/3/990 2844/3/954 2845/3/952 2861/3/988
f 2868/3/983 2853/3/959 2869/3/958 2884/3/999
f 2879/3/1000 2863/3/981 2864/3/978 2880/3/996
f 2868/3/983 2852/3/942 2565/3/928 2853/3/959
f 2877/3/1007 2861/3/988 2862/3/985 2878/3/1003
f 2867/3/984 2868/3/983 2884/3/999 2883/3/1002
f 2880/3/996 2864/3/978 2865/3/977 2881/3/995
f 2878/3/1003 2862/3/985 2863/3/981 2879/3/1000
f 2584/3/686 2607/3/672 2595/3/716 2596/3/710
f 2585/3/677 2598/3/692 2599/3/697 2586/3/673
f 2590/3/670 2608/3/669 2605/3/718 2606/3/713
f 2583/3/671 2594/3/720 2595/3/716 2607/3/672
f 2582/3/676 2593/3/701 2594/3/720 2583/3/671
f 2589/3/678 2603/3/689 2604/3/690 2610/3/675
f 2732/3/778 2766/3/809 2742/3/801 2733/3/787
f 2581/3/679 2611/3/687 2591/3/693 2592/3/694
f 2588/3/685 2602/3/704 2603/3/689 2589/3/678
f 2609/3/674 2600/3/698 2601/3/707 2587/3/688
f 2587/3/688 2601/3/707 2602/3/704 2588/3/685
f 2731/3/777 2769/3/814 2766/3/809 2732/3/778
f 2726/3/775 2765/3/804 2763/3/807 2727/3/776
f 2736/3/779 2767/3/790 2764/3/791 2737/3/773
f 2725/3/780 2768/3/811 2765/3/804 2726/3/775
f 2740/3/782 2771/3/794 2768/3/811 2725/3/780
f 2730/3/781 2770/3/793 2769/3/814 2731/3/777
f 2728/3/786 2741/3/821 2772/3/792 2729/3/783
f 2735/3/681 2744/3/796 2767/3/790 2736/3/779
f 2739/3/784 2745/3/789 2771/3/794 2740/3/782
f 2755/3/803 2779/3/818 2835/3/819 2756/3/808
f 2754/3/802 2778/3/833 2779/3/818 2755/3/803
f 2749/3/820 2775/3/838 2776/3/822 2750/3/817
f 2759/3/798 2834/3/826 2781/3/824 2760/3/797
f 2748/3/806 2774/3/682 2775/3/838 2749/3/820
f 2747/3/805 2836/3/683 2774/3/682 2748/3/806
f 2746/3/812 2773/3/830 2836/3/683 2747/3/805
f 2752/3/815 2832/3/829 2777/3/831 2753/3/810
f 2757/3/800 2780/3/828 2837/3/827 2758/3/799
f 2751/3/816 2833/3/823 2832/3/829 2752/3/815
f 2756/3/808 2835/3/819 2780/3/828 2757/3/800
f 2622/3/920 2654/3/898 2653/3/896 2621/3/915
f 2652/3/893 2695/3/883 2694/3/880 2651/3/888
f 2829/3/1490 2828/3/1484 2705/3/882 2706/3/885
f 2701/3/886 2824/3/1489 2823/3/1483 2700/3/884
f 2659/3/894 2706/3/885 2705/3/882 2617/3/890
f 2699/3/881 2822/3/1482 2821/3/1502 2698/3/878
f 2700/3/884 2823/3/1483 2822/3/1482 2699/3/881
f 2828/3/1484 2827/3/1472 2704/3/879 2705/3/882
f 2325/3/739 2309/3/1479 2310/3/1500 2326/3/738
f 2708/3/738 2831/3/1500 2830/3/1494 2707/3/873
f 2700/3/884 2699/3/881 2655/3/891 2656/3/892
f 2660/3/876 2707/3/873 2706/3/885 2659/3/894
f 2655/3/891 2699/3/881 2698/3/878 2618/3/904
f 2651/3/888 2694/3/880 2816/3/739 2693/3/887
f 2704/3/879 2703/3/875 2657/3/899 2658/3/889
f 2943/3/1033 2942/3/1069 2963/3/1067 2934/3/1068
f 2654/3/898 2697/3/862 2696/3/861 2653/3/896
f 2701/3/886 2700/3/884 2656/3/892 2616/3/895
f 2653/3/896 2696/3/861 2695/3/883 2652/3/893
f 2698/3/878 2821/3/1502 2820/3/1498 2697/3/862
f 2705/3/882 2704/3/879 2658/3/889 2617/3/890
f 2251/297/1439 2259/296/1438 2258/345/1443 2250/346/1442
f 2303/3/1481 2304/3/1503 2320/3/1502 2319/3/1482
f 2373/3/902 2374/3/901 2390/3/927 2389/3/928
f 2550/3/655 2549/3/662 2611/3/687 2581/3/679
f 2854/3/956 2855/3/989 2871/3/1006 2870/3/957
f 2876/3/1008 2860/3/990 2861/3/988 2877/3/1007
f 2875/3/997 2859/3/979 2860/3/990 2876/3/1008
f 2897/3/1024 2881/3/995 2882/3/1005 2898/3/1023
f 2886/3/1026 2870/3/957 2871/3/1006 2887/3/1025
f 2875/3/997 2876/3/1008 2892/3/1027 2891/3/1028
f 2896/3/1029 2880/3/996 2881/3/995 2897/3/1024
f 2885/3/1030 2869/3/958 2870/3/957 2886/3/1026
f 2874/3/998 2875/3/997 2891/3/1028 2890/3/1031
f 2884/3/999 2869/3/958 2885/3/1030 2900/3/1032
f 2895/3/1033 2879/3/1000 2880/3/996 2896/3/1029
f 2873/3/1001 2874/3/998 2890/3/1031 2889/3/1034
f 2883/3/1002 2884/3/999 2900/3/1032 2899/3/1035
f 2894/3/1036 2878/3/1003 2879/3/1000 2895/3/1033
f 2872/3/1004 2873/3/1001 2889/3/1034 2888/3/1037
f 2882/3/1005 2883/3/1002 2899/3/1035 2898/3/1023
f 2893/3/1038 2877/3/1007 2878/3/1003 2894/3/1036
f 2871/3/1006 2872/3/1004 2888/3/1037 2887/3/1025
f 2892/3/1027 2876/3/1008 2877/3/1007 2893/3/1038
f 2906/3/1039 2898/3/1023 2899/3/1035 2907/3/991
f 2930/3/1051 2896/3/1029 2897/3/1024 2928/3/1048
f 2889/3/1034 2890/3/1031 2904/3/1040 2932/3/1041
f 2899/3/1035 2900/3/1032 2908/3/992 2907/3/991
f 2925/3/1042 2894/3/1036 2895/3/1033 2931/3/1049
f 2923/3/994 2922/3/1050 2906/3/1039 2907/3/991
f 2921/3/1052 2920/3/1053 2930/3/1051 2928/3/1048
f 2927/3/1043 2925/3/1042 2918/3/1054 2917/3/1055
f 2922/3/1050 2921/3/1052 2928/3/1048 2906/3/1039
f 2902/3/1056 2926/3/1045 2911/3/1057 2910/3/1058
f 2920/3/1053 2919/3/1059 2931/3/1049 2930/3/1051
f 2929/3/1060 2927/3/1043 2917/3/1055 2916/3/1061
f 2910/3/1058 2909/3/1063 2901/3/1062 2902/3/1056
f 2908/3/992 2901/3/1062 2909/3/1063 2924/3/993
f 2905/3/1064 2929/3/1060 2916/3/1061 2915/3/1065
f 2904/3/1040 2905/3/1064 2915/3/1065 2914/3/1066
f 2919/3/1059 2918/3/1054 2925/3/1042 2931/3/1049
f 2932/3/1041 2904/3/1040 2914/3/1066 2913/3/1046
f 2918/3/1054 2919/3/1059 2939/3/1079 2961/3/1084
f 2912/3/1047 2911/3/1057 2926/3/1045 2903/3/1044
f 2936/3/428 2913/3/1046 2914/3/1066 2957/3/1072
f 2959/3/1073 2923/3/994 2924/3/993 2958/3/1071
f 2940/3/1076 2922/3/1050 2923/3/994 2959/3/1073
f 2921/3/1052 2922/3/1050 2940/3/1076 2964/3/1077
f 2962/3/1080 2920/3/1053 2921/3/1052 2964/3/1077
f 2914/3/1066 2915/3/1065 2937/3/1082 2957/3/1072
f 2942/3/1069 2941/3/1038 2933/3/1070 2963/3/1067
f 2915/3/1065 2916/3/1061 2938/3/1075 2937/3/1082
f 2938/3/1075 2960/3/1074 2949/3/1030 2948/3/1032
f 2939/3/1079 2962/3/1080 2952/3/1037 2951/3/1025
f 2953/3/1034 2952/3/1037 2962/3/1080 2964/3/1077
f 2957/3/1072 2937/3/1082 2947/3/1035 2946/3/1023
f 2951/3/1025 2950/3/1085 2961/3/1084 2939/3/1079
f 2937/3/1082 2938/3/1075 2948/3/1032 2947/3/1035
f 2936/3/428 2957/3/1072 2946/3/1023 2945/3/1024
f 2950/3/1085 2949/3/1030 2960/3/1074 2961/3/1084
f 2941/3/1038 2956/3/1086 2958/3/1071 2933/3/1070
f 2935/3/1087 2936/3/428 2945/3/1024 2944/3/1088
f 2940/3/1076 2959/3/1073 2955/3/1028 2954/3/1089
f 2934/3/1068 2935/3/1087 2944/3/1088 2943/3/1033
f 2959/3/1073 2958/3/1071 2956/3/1086 2955/3/1028
f 2964/3/1077 2940/3/1076 2954/3/1089 2953/3/1034
f 2924/3/993 2923/3/994 2907/3/991 2908/3/992
f 2803/3/1493 2804/3/1499 2977/3/1506 2978/3/1507
f 2869/3/958 2853/3/959 2854/3/956 2870/3/957
f 2942/3/1069 2943/3/1033 2944/3/1088 2945/3/1024 2946/3/1023 2947/3/1035 2948/3/1032 2949/3/1030 2950/3/1085 2951/3/1025 2952/3/1037 2953/3/1034 2954/3/1089 2955/3/1028 2956/3/1086 2941/3/1038
f 2814/3/1495 2815/3/1501 2966/3/1508 2967/3/1509
f 2971/3/1510 2972/3/1511 2809/3/1496 2810/3/1474
f 2804/3/1499 2805/3/1503 2976/3/1512 2977/3/1506
f 2815/3/1501 2799/3/1478 2965/3/1513 2966/3/1508
f 2970/3/1514 2971/3/1510 2810/3/1474 2811/3/1473
f 2980/3/1515 2965/3/1513 2799/3/1478 2801/3/1477
f 2805/3/1503 2806/3/1481 2975/3/1516 2976/3/1512
f 2969/3/1517 2970/3/1514 2811/3/1473 2812/3/1485
f 2979/3/1518 2980/3/1515 2801/3/1477 2802/3/1487
f 2806/3/1481 2807/3/1480 2974/3/1519 2975/3/1516
f 2968/3/1520 2969/3/1517 2812/3/1485 2813/3/1491
f 2978/3/1507 2979/3/1518 2802/3/1487 2803/3/1493
f 2807/3/1480 2808/3/1488 2973/3/1521 2974/3/1519
f 2967/3/1509 2968/3/1520 2813/3/1491 2814/3/1495
f 2808/3/1488 2809/3/1496 2972/3/1511 2973/3/1521
f 2969/3/1517 2985/3/1522 2986/3/1523 2970/3/1514
f 2970/3/1514 2986/3/1523 2987/3/1524 2971/3/1510
f 2994/3/1525 2993/3/1526 3009/3/653 3010/3/654
f 2979/3/1518 2995/3/1527 2996/3/1528 2980/3/1515
f 2974/3/1519 2990/3/1529 2991/3/1530 2975/3/1516
f 2967/3/1509 2983/3/1531 2984/3/1532 2968/3/1520
f 2978/3/1507 2994/3/1525 2995/3/1527 2979/3/1518
f 2973/3/1521 2989/3/1533 2990/3/1529 2974/3/1519
f 2977/3/1506 2993/3/1526 2994/3/1525 2978/3/1507
f 2976/3/1512 2992/3/1534 2993/3/1526 2977/3/1506
f 2966/3/1508 2982/3/1504 2983/3/1531 2967/3/1509
f 2972/3/1511 2988/3/1535 2989/3/1533 2973/3/1521
f 2980/3/1515 2996/3/1528 2981/3/1505 2965/3/1513
f 2965/3/1513 2981/3/1505 2982/3/1504 2966/3/1508
f 2971/3/1510 2987/3/1524 2988/3/1535 2972/3/1511
f 2968/3/1520 2984/3/1532 2985/3/1522 2969/3/1517
f 2983/3/1531 2982/3/1504 2998/3/655 2999/3/656
f 2988/3/1535 2987/3/1524 3003/3/657 3004/3/658
f 2999/3/656 2998/3/655 3013/3/679 3014/3/676
f 2993/3/1526 2992/3/1534 3008/3/659 3009/3/653
f 2987/3/1524 2986/3/1523 3002/3/660 3003/3/657
f 2981/3/1505 2996/3/1528 3012/3/661 2997/3/662
f 2992/3/1534 2991/3/1530 3007/3/663 3008/3/659
f 2986/3/1523 2985/3/1522 3001/3/664 3002/3/660
f 2996/3/1528 2995/3/1527 3011/3/665 3012/3/661
f 2991/3/1530 2990/3/1529 3006/3/666 3007/3/663
f 2985/3/1522 2984/3/1532 3000/3/667 3001/3/664
f 2995/3/1527 2994/3/1525 3010/3/654 3011/3/665
f 2984/3/1532 2983/3/1531 2999/3/656 3000/3/667
f 2990/3/1529 2989/3/1533 3005/3/668 3006/3/666
f 2989/3/1533 2988/3/1535 3004/3/658 3005/3/668
f 2997/3/662 3012/3/661 3022/3/670 3043/3/687
f 3002/3/660 3001/3/664 3039/3/672 3016/3/686
f 3007/3/663 3006/3/666 3041/3/674 3019/3/688
f 3012/3/661 3011/3/665 3040/3/669 3022/3/670
f 3001/3/664 3000/3/667 3015/3/671 3039/3/672
f 3006/3/666 3005/3/668 3018/3/673 3041/3/674
f 3011/3/665 3010/3/654 3042/3/675 3040/3/669
f 3000/3/667 2999/3/656 3014/3/676 3015/3/671
f 3005/3/668 3004/3/658 3017/3/677 3018/3/673
f 3010/3/654 3009/3/653 3021/3/678 3042/3/675
f 3004/3/658 3003/3/657 3044/3/680 3017/3/677
f 3024/3/694 3023/3/693 3045/3/712 3046/3/699
f 3009/3/653 3008/3/659 3020/3/685 3021/3/678
f 3003/3/657 3002/3/660 3016/3/686 3044/3/680
f 3008/3/659 3007/3/663 3019/3/688 3020/3/685
f 3016/3/686 3028/3/710 3029/3/691 3044/3/680
f 3044/3/680 3029/3/691 3030/3/692 3017/3/677
f 3013/3/679 3024/3/694 3025/3/701 3014/3/676
f 3022/3/670 3038/3/713 3023/3/693 3043/3/687
f 3042/3/675 3036/3/690 3037/3/718 3040/3/669
f 3018/3/673 3031/3/697 3032/3/698 3041/3/674
f 3036/3/690 3035/3/689 3057/3/695 3058/3/696
f 3025/3/701 3024/3/694 3046/3/699 3047/3/700
f 3031/3/697 3030/3/692 3052/3/702 3053/3/703
f 3035/3/689 3034/3/704 3056/3/705 3057/3/695
f 3030/3/692 3029/3/691 3051/3/706 3052/3/702
f 3046/3/699 3045/3/712 3061/3/722 3062/3/734
f 3034/3/704 3033/3/707 3055/3/708 3056/3/705
f 3029/3/691 3028/3/710 3050/3/709 3051/3/706
f 3023/3/693 3038/3/713 3060/3/711 3045/3/712
f 3033/3/707 3032/3/698 3054/3/714 3055/3/708
f 3028/3/710 3027/3/716 3049/3/715 3050/3/709
f 3038/3/713 3037/3/718 3059/3/717 3060/3/711
f 3027/3/716 3026/3/720 3048/3/719 3049/3/715
f 3032/3/698 3031/3/697 3053/3/703 3054/3/714
f 3037/3/718 3036/3/690 3058/3/696 3059/3/717
f 3026/3/720 3025/3/701 3047/3/700 3048/3/719
f 3045/3/712 3060/3/711 3076/3/721 3061/3/722
f 3056/3/705 3055/3/708 3071/3/723 3072/3/724
f 3050/3/709 3049/3/715 3065/3/725 3066/3/726
f 3060/3/711 3059/3/717 3075/3/727 3076/3/721
f 3055/3/708 3054/3/714 3070/3/728 3071/3/723
f 3049/3/715 3048/3/719 3064/3/729 3065/3/725
f 3059/3/717 3058/3/696 3074/3/730 3075/3/727
f 3048/3/719 3047/3/700 3063/3/731 3064/3/729
f 3054/3/714 3053/3/703 3069/3/732 3070/3/728
f 3058/3/696 3057/3/695 3073/3/733 3074/3/730
f 3047/3/700 3046/3/699 3062/3/734 3063/3/731
f 3053/3/703 3052/3/702 3068/3/735 3069/3/732
f 3057/3/695 3056/3/705 3072/3/724 3073/3/733
f 3052/3/702 3051/3/706 3067/3/736 3068/3/735
f 3078/3/744 3077/3/743 3093/3/762 3094/3/771
f 3051/3/706 3050/3/709 3066/3/726 3067/3/736
f 3072/3/724 3088/3/741 3089/3/742 3073/3/733
f 3061/3/722 3077/3/743 3078/3/744 3062/3/734
f 3066/3/726 3082/3/745 3083/3/746 3067/3/736
f 3071/3/723 3087/3/747 3088/3/741 3072/3/724
f 3065/3/725 3081/3/748 3082/3/745 3066/3/726
f 3075/3/727 3091/3/749 3092/3/750 3076/3/721
f 3070/3/728 3086/3/751 3087/3/747 3071/3/723
f 3064/3/729 3080/3/752 3081/3/748 3065/3/725
f 3074/3/730 3090/3/753 3091/3/749 3075/3/727
f 3069/3/732 3085/3/754 3086/3/751 3070/3/728
f 3063/3/731 3079/3/755 3080/3/752 3064/3/729
f 3073/3/733 3089/3/742 3090/3/753 3074/3/730
f 3062/3/734 3078/3/744 3079/3/755 3063/3/731
f 3068/3/735 3084/3/756 3085/3/754 3069/3/732
f 3067/3/736 3083/3/746 3084/3/756 3068/3/735
f 3076/3/721 3092/3/750 3077/3/743 3061/3/722
f 3129/3/789 3144/3/797 3145/3/813 3155/3/794
f 3089/3/742 3088/3/741 3104/3/757 3105/3/758
f 3083/3/746 3082/3/745 3098/3/759 3099/3/760
f 3077/3/743 3092/3/750 3108/3/761 3093/3/762
f 3088/3/741 3087/3/747 3103/3/763 3104/3/757
f 3082/3/745 3081/3/748 3097/3/764 3098/3/759
f 3092/3/750 3091/3/749 3107/3/765 3108/3/761
f 3087/3/747 3086/3/751 3102/3/766 3103/3/763
f 3081/3/748 3080/3/752 3096/3/767 3097/3/764
f 3091/3/749 3090/3/753 3106/3/768 3107/3/765
f 3080/3/752 3079/3/755 3095/3/769 3096/3/767
f 3086/3/751 3085/3/754 3101/3/770 3102/3/766
f 3090/3/753 3089/3/742 3105/3/758 3106/3/768
f 3079/3/755 3078/3/744 3094/3/771 3095/3/769
f 3085/3/754 3084/3/756 3100/3/772 3101/3/770
f 3084/3/756 3083/3/746 3099/3/760 3100/3/772
f 3105/3/758 3121/3/773 3122/3/774 3106/3/768
f 3094/3/771 3110/3/775 3111/3/776 3095/3/769
f 3099/3/760 3115/3/777 3116/3/778 3100/3/772
f 3104/3/757 3120/3/779 3121/3/773 3105/3/758
f 3093/3/762 3109/3/780 3110/3/775 3094/3/771
f 3098/3/759 3114/3/781 3115/3/777 3099/3/760
f 3108/3/761 3124/3/782 3109/3/780 3093/3/762
f 3103/3/763 3119/3/681 3120/3/779 3104/3/757
f 3097/3/764 3113/3/783 3114/3/781 3098/3/759
f 3107/3/765 3123/3/784 3124/3/782 3108/3/761
f 3102/3/766 3118/3/785 3119/3/681 3103/3/763
f 3096/3/767 3112/3/786 3113/3/783 3097/3/764
f 3106/3/768 3122/3/774 3123/3/784 3107/3/765
f 3101/3/770 3117/3/787 3118/3/785 3102/3/766
f 3095/3/769 3111/3/776 3112/3/786 3096/3/767
f 3100/3/772 3116/3/778 3117/3/787 3101/3/770
f 3122/3/774 3146/3/788 3129/3/789 3123/3/784
f 3113/3/783 3156/3/792 3154/3/793 3114/3/781
f 3117/3/787 3126/3/801 3127/3/795 3118/3/785
f 3111/3/776 3147/3/807 3125/3/821 3112/3/786
f 3125/3/821 3133/3/820 3134/3/817 3156/3/792
f 3121/3/773 3148/3/791 3146/3/788 3122/3/774
f 3118/3/785 3127/3/795 3128/3/796 3119/3/681
f 3129/3/789 3146/3/788 3143/3/798 3144/3/797
f 3151/3/790 3141/3/800 3142/3/799 3148/3/791
f 3126/3/801 3138/3/802 3139/3/803 3127/3/795
f 3148/3/791 3142/3/799 3143/3/798 3146/3/788
f 3149/3/804 3131/3/805 3132/3/806 3147/3/807
f 3128/3/796 3140/3/808 3141/3/800 3151/3/790
f 3150/3/809 3137/3/810 3138/3/802 3126/3/801
f 3152/3/811 3130/3/812 3131/3/805 3149/3/804
f 3155/3/794 3145/3/813 3130/3/812 3152/3/811
f 3153/3/814 3136/3/815 3137/3/810 3150/3/809
f 3154/3/793 3135/3/816 3136/3/815 3153/3/814
f 3127/3/795 3139/3/803 3140/3/808 3128/3/796
f 3187/3/683 3168/3/684 3169/3/681 3158/3/682
f 3156/3/792 3134/3/817 3135/3/816 3154/3/793
f 3145/3/813 3166/3/825 3157/3/830 3130/3/812
f 3125/3/821 3147/3/807 3132/3/806 3133/3/820
f 3134/3/817 3160/3/822 3184/3/823 3135/3/816
f 3144/3/797 3165/3/824 3166/3/825 3145/3/813
f 3137/3/810 3161/3/831 3162/3/833 3138/3/802
f 3142/3/799 3188/3/827 3185/3/826 3143/3/798
f 3157/3/830 3167/3/787 3168/3/684 3187/3/683
f 3161/3/831 3174/3/782 3175/3/780 3162/3/833
f 3186/3/819 3177/3/776 3178/3/786 3164/3/828
f 3164/3/828 3178/3/786 3179/3/783 3188/3/827
f 3184/3/823 3172/3/774 3173/3/784 3183/3/829
f 3163/3/818 3176/3/836 3177/3/776 3186/3/819
f 3183/3/829 3173/3/784 3174/3/782 3161/3/831
f 3160/3/822 3171/3/773 3172/3/774 3184/3/823
f 3162/3/833 3175/3/780 3176/3/836 3163/3/818
f 3166/3/825 3182/3/837 3167/3/787 3157/3/830
f 3159/3/838 3170/3/839 3171/3/773 3160/3/822
f 3185/3/826 3180/3/840 3181/3/777 3165/3/824
f 3158/3/682 3169/3/681 3170/3/839 3159/3/838
f 3165/3/824 3181/3/777 3182/3/837 3166/3/825
f 3188/3/827 3179/3/783 3180/3/840 3185/3/826
f 2975/3/1516 2991/3/1530 2992/3/1534 2976/3/1512
f 3168/3/684 3167/3/787 3182/3/837 3181/3/777 3180/3/840 3179/3/783 3178/3/786 3177/3/776 3176/3/836 3175/3/780 3174/3/782 3173/3/784 3172/3/774 3171/3/773 3170/3/839 3169/3/681
f 2645/3/910 2658/3/889 2657/3/899 2628/3/909
f 2656/3/892 2655/3/891 2624/3/930 2625/3/916
f 2619/3/913 2651/3/888 2693/3/887 2650/3/903
f 2646/3/935 2617/3/890 2658/3/889 2645/3/910
f 2926/3/1045 2887/3/1025 2888/3/1037 2903/3/1044
f 2620/3/914 2652/3/893 2651/3/888 2619/3/913
f 2647/3/938 2659/3/894 2617/3/890 2646/3/935
f 2621/3/915 2653/3/896 2652/3/893 2620/3/914
f 2648/3/912 2660/3/876 2659/3/894 2647/3/938
f 2623/3/925 2618/3/904 2654/3/898 2622/3/920
f 2649/3/900 2615/3/877 2660/3/876 2648/3/912
f 2655/3/891 2618/3/904 2623/3/925 2624/3/930
f 2892/3/1027 2893/3/1038 2927/3/1043 2929/3/1060
f 2928/3/1048 2897/3/1024 2898/3/1023 2906/3/1039
f 2926/3/1045 2902/3/1056 2886/3/1026 2887/3/1025
f 2891/3/1028 2892/3/1027 2929/3/1060 2905/3/1064
f 2901/3/1062 2885/3/1030 2886/3/1026 2902/3/1056
f 2890/3/1031 2891/3/1028 2905/3/1064 2904/3/1040
f 2900/3/1032 2885/3/1030 2901/3/1062 2908/3/992
f 2931/3/1049 2895/3/1033 2896/3/1029 2930/3/1051
f 2888/3/1037 2889/3/1034 2932/3/1041 2903/3/1044
f 2927/3/1043 2893/3/1038 2894/3/1036 2925/3/1042
f 2958/3/1071 2924/3/993 2909/3/1063 2933/3/1070
f 2903/3/1044 2932/3/1041 2913/3/1046 2912/3/1047
f 2934/3/1068 2911/3/1057 2912/3/1047 2935/3/1087
f 2917/3/1055 2918/3/1054 2961/3/1084 2960/3/1074
f 2935/3/1087 2912/3/1047 2913/3/1046 2936/3/428
f 2916/3/1061 2917/3/1055 2960/3/1074 2938/3/1075
f 2963/3/1067 2910/3/1058 2911/3/1057 2934/3/1068
f 2962/3/1080 2939/3/1079 2919/3/1059 2920/3/1053
f 2933/3/1070 2909/3/1063 2910/3/1058 2963/3/1067
f 3016/3/686 3039/3/672 3027/3/716 3028/3/710
f 3017/3/677 3030/3/692 3031/3/697 3018/3/673
f 3022/3/670 3040/3/669 3037/3/718 3038/3/713
f 3015/3/671 3026/3/720 3027/3/716 3039/3/672
f 3014/3/676 3025/3/701 3026/3/720 3015/3/671
f 3021/3/678 3035/3/689 3036/3/690 3042/3/675
f 3116/3/778 3150/3/809 3126/3/801 3117/3/787
f 3013/3/679 3043/3/687 3023/3/693 3024/3/694
f 3020/3/685 3034/3/704 3035/3/689 3021/3/678
f 3041/3/674 3032/3/698 3033/3/707 3019/3/688
f 3019/3/688 3033/3/707 3034/3/704 3020/3/685
f 3115/3/777 3153/3/814 3150/3/809 3116/3/778
f 3110/3/775 3149/3/804 3147/3/807 3111/3/776
f 3120/3/779 3151/3/790 3148/3/791 3121/3/773
f 3109/3/780 3152/3/811 3149/3/804 3110/3/775
f 3124/3/782 3155/3/794 3152/3/811 3109/3/780
f 3114/3/781 3154/3/793 3153/3/814 3115/3/777
f 3112/3/786 3125/3/821 3156/3/792 3113/3/783
f 3119/3/681 3128/3/796 3151/3/790 3120/3/779
f 3123/3/784 3129/3/789 3155/3/794 3124/3/782
f 3139/3/803 3163/3/818 3186/3/819 3140/3/808
f 3138/3/802 3162/3/833 3163/3/818 3139/3/803
f 3133/3/820 3159/3/838 3160/3/822 3134/3/817
f 3143/3/798 3185/3/826 3165/3/824 3144/3/797
f 3132/3/806 3158/3/682 3159/3/838 3133/3/820
f 3131/3/805 3187/3/683 3158/3/682 3132/3/806
f 3130/3/812 3157/3/830 3187/3/683 3131/3/805
f 3136/3/815 3183/3/829 3161/3/831 3137/3/810
f 3141/3/800 3164/3/828 3188/3/827 3142/3/799
f 3135/3/816 3184/3/823 3183/3/829 3136/3/815
f 3140/3/808 3186/3/819 3164/3/828 3141/3/800
f 2816/3/739 2800/3/1479 2831/3/1500 2708/3/738
f 2806/3/1481 2805/3/1503 2821/3/1502 2822/3/1482
f 2613/3/902 2580/3/901 2838/3/927 2565/3/928
f 2998/3/655 2997/3/662 3043/3/687 3013/3/679
f 2230/242/76 2231/241/133 2237/272/420 2236/347/576
f 2138/3/1393 2140/3/1407 2153/3/1408 2136/3/1394
f 2104/3/1331 2100/3/1334 2098/3/1337 2102/3/1328
f 3193/1/1536 3189/1/1537 3190/1/1538 3194/1/1539
f 3197/1/1540 3201/1/1541 3202/1/1542 3198/1/1543
f 3189/1/1537 3197/1/1540 3198/1/1543 3192/1/1544
f 3189/1/1537 3192/1/1544 3191/1/1545 3190/1/1538
f 3196/1/1546 3193/1/1536 3194/1/1539 3195/1/1547
f 3196/1/1546 3200/1/1548 3199/1/1549 3193/1/1536
f 3193/1/1536 3199/1/1549 3197/1/1540 3189/1/1537
f 3201/1/1541 3205/1/1550 3206/1/1551 3202/1/1542
f 3200/1/1548 3204/1/1552 3203/1/1553 3199/1/1549
f 3199/1/1549 3203/1/1553 3201/1/1541 3197/1/1540
f 3205/1/1550 3209/1/1554 3210/1/1555 3206/1/1551
f 3204/1/1552 3208/1/1556 3207/1/1557 3203/1/1553
f 3203/1/1553 3207/1/1557 3205/1/1550 3201/1/1541
f 3209/1/1554 3213/1/1558 3214/1/1559 3210/1/1555
f 3208/1/1556 3212/1/1560 3211/1/1561 3207/1/1557
f 3207/1/1557 3211/1/1561 3209/1/1554 3205/1/1550
f 3213/1/1558 3217/1/1562 3218/1/1563 3214/1/1559
f 3212/1/1560 3216/1/1564 3215/1/1565 3211/1/1561
f 3211/1/1561 3215/1/1565 3213/1/1558 3209/1/1554
f 3217/1/1562 3221/1/1566 3222/1/1567 3218/1/1563
f 3216/1/1564 3220/1/1568 3219/1/1569 3215/1/1565
f 3215/1/1565 3219/1/1569 3217/1/1562 3213/1/1558
f 3221/1/1566 3225/1/1570 3226/1/1571 3222/1/1567
f 3220/1/1568 3224/1/1572 3223/1/1573 3219/1/1569
f 3219/1/1569 3223/1/1573 3221/1/1566 3217/1/1562
f 3225/1/1570 3229/1/1574 3230/1/1575 3226/1/1571
f 3224/1/1572 3228/1/1576 3227/1/1577 3223/1/1573
f 3223/1/1573 3227/1/1577 3225/1/1570 3221/1/1566
f 3229/1/1574 3233/1/1578 3234/1/1579 3230/1/1575
f 3228/1/1576 3232/1/1580 3231/1/1581 3227/1/1577
f 3227/1/1577 3231/1/1581 3229/1/1574 3225/1/1570
f 3233/1/1578 3237/1/1582 3238/1/1583 3234/1/1579
f 3232/1/1580 3236/1/1584 3235/1/1585 3231/1/1581
f 3231/1/1581 3235/1/1585 3233/1/1578 3229/1/1574
f 3237/1/1582 3241/1/1586 3242/1/1587 3238/1/1583
f 3236/1/1584 3240/1/1588 3239/1/1589 3235/1/1585
f 3235/1/1585 3239/1/1589 3237/1/1582 3233/1/1578
f 3241/1/1586 3245/1/1590 3246/1/1591 3242/1/1587
f 3240/1/1588 3244/1/1592 3243/1/1593 3239/1/1589
f 3239/1/1589 3243/1/1593 3241/1/1586 3237/1/1582
f 3245/1/1590 3249/1/1594 3250/1/1595 3246/1/1591
f 3244/1/1592 3248/1/1596 3247/1/1597 3243/1/1593
f 3243/1/1593 3247/1/1597 3245/1/1590 3241/1/1586
f 3249/1/1594 3253/1/1598 3254/1/1599 3250/1/1595
f 3248/1/1596 3252/1/1600 3251/1/1601 3247/1/1597
f 3247/1/1597 3251/1/1601 3249/1/1594 3245/1/1590
f 3253/1/1598 3257/1/1602 3258/1/1603 3254/1/1599
f 3252/1/1600 3256/1/1604 3255/1/1605 3251/1/1601
f 3251/1/1601 3255/1/1605 3253/1/1598 3249/1/1594
f 3257/1/1602 3261/1/1606 3262/1/1607 3258/1/1603
f 3256/1/1604 3260/1/1608 3259/1/1609 3255/1/1605
f 3255/1/1605 3259/1/1609 3257/1/1602 3253/1/1598
f 3261/1/1606 3265/1/1610 3266/1/1611 3262/1/1607
f 3260/1/1608 3264/1/1612 3263/1/1613 3259/1/1609
f 3259/1/1609 3263/1/1613 3261/1/1606 3257/1/1602
f 3265/1/1610 3269/1/1614 3270/1/1615 3266/1/1611
f 3264/1/1612 3268/1/1616 3267/1/1617 3263/1/1613
f 3263/1/1613 3267/1/1617 3265/1/1610 3261/1/1606
f 3269/1/1614 3273/1/1618 3274/1/1619 3270/1/1615
f 3268/1/1616 3272/1/1620 3271/1/1621 3267/1/1617
f 3267/1/1617 3271/1/1621 3269/1/1614 3265/1/1610
f 3273/1/1618 3277/1/1622 3278/1/1623 3274/1/1619
f 3272/1/1620 3276/1/1624 3275/1/1625 3271/1/1621
f 3271/1/1621 3275/1/1625 3273/1/1618 3269/1/1614
f 3277/1/1622 3281/1/1626 3282/1/1627 3278/1/1623
f 3276/1/1624 3280/1/1628 3279/1/1629 3275/1/1625
f 3275/1/1625 3279/1/1629 3277/1/1622 3273/1/1618
f 3281/1/1626 3190/1/1538 3191/1/1545 3282/1/1627
f 3280/1/1628 3284/1/1630 3283/1/1631 3279/1/1629
f 3279/1/1629 3283/1/1631 3281/1/1626 3277/1/1622
f 3284/1/1630 3195/1/1547 3194/1/1539 3283/1/1631
f 3283/1/1631 3194/1/1539 3190/1/1538 3281/1/1626
f 3289/1/1536 3285/1/1537 3286/1/1538 3290/1/1539
f 3293/1/1540 3297/1/1541 3298/1/1542 3294/1/1543
f 3285/1/1537 3293/1/1540 3294/1/1543 3288/1/1544
f 3285/1/1537 3288/1/1544 3287/1/1545 3286/1/1538
f 3292/1/1546 3289/1/1536 3290/1/1539 3291/1/1547
f 3292/1/1546 3296/1/1548 3295/1/1549 3289/1/1536
f 3289/1/1536 3295/1/1549 3293/1/1540 3285/1/1537
f 3297/1/1541 3301/1/1550 3302/1/1551 3298/1/1542
f 3296/1/1548 3300/1/1552 3299/1/1553 3295/1/1549
f 3295/1/1549 3299/1/1553 3297/1/1541 3293/1/1540
f 3301/1/1550 3305/1/1554 3306/1/1555 3302/1/1551
f 3300/1/1552 3304/1/1556 3303/1/1557 3299/1/1553
f 3299/1/1553 3303/1/1557 3301/1/1550 3297/1/1541
f 3305/1/1554 3309/1/1558 3310/1/1559 3306/1/1555
f 3304/1/1556 3308/1/1560 3307/1/1561 3303/1/1557
f 3303/1/1557 3307/1/1561 3305/1/1554 3301/1/1550
f 3309/1/1558 3313/1/1562 3314/1/1563 3310/1/1559
f 3308/1/1560 3312/1/1564 3311/1/1565 3307/1/1561
f 3307/1/1561 3311/1/1565 3309/1/1558 3305/1/1554
f 3313/1/1562 3317/1/1566 3318/1/1567 3314/1/1563
f 3312/1/1564 3316/1/1568 3315/1/1569 3311/1/1565
f 3311/1/1565 3315/1/1569 3313/1/1562 3309/1/1558
f 3317/1/1566 3321/1/1570 3322/1/1571 3318/1/1567
f 3316/1/1568 3320/1/1572 3319/1/1573 3315/1/1569
f 3315/1/1569 3319/1/1573 3317/1/1566 3313/1/1562
f 3321/1/1570 3325/1/1574 3326/1/1575 3322/1/1571
f 3320/1/1572 3324/1/1576 3323/1/1577 3319/1/1573
f 3319/1/1573 3323/1/1577 3321/1/1570 3317/1/1566
f 3325/1/1574 3329/1/1578 3330/1/1579 3326/1/1575
f 3324/1/1576 3328/1/1580 3327/1/1581 3323/1/1577
f 3323/1/1577 3327/1/1581 3325/1/1574 3321/1/1570
f 3329/1/1578 3333/1/1582 3334/1/1583 3330/1/1579
f 3328/1/1580 3332/1/1584 3331/1/1585 3327/1/1581
f 3327/1/1581 3331/1/1585 3329/1/1578 3325/1/1574
f 3333/1/1582 3337/1/1586 3338/1/1587 3334/1/1583
f 3332/1/1584 3336/1/1588 3335/1/1589 3331/1/1585
f 3331/1/1585 3335/1/1589 3333/1/1582 3329/1/1578
f 3337/1/1586 3341/1/1590 3342/1/1591 3338/1/1587
f 3336/1/1588 3340/1/1592 3339/1/1593 3335/1/1589
f 3335/1/1589 3339/1/1593 3337/1/1586 3333/1/1582
f 3341/1/1590 3345/1/1594 3346/1/1595 3342/1/1591
f 3340/1/1592 3344/1/1596 3343/1/1597 3339/1/1593
f 3339/1/1593 3343/1/1597 3341/1/1590 3337/1/1586
f 3345/1/1594 3349/1/1598 3350/1/1599 3346/1/1595
f 3344/1/1596 3348/1/1600 3347/1/1601 3343/1/1597
f 3343/1/1597 3347/1/1601 3345/1/1594 3341/1/1590
f 3349/1/1598 3353/1/1602 3354/1/1603 3350/1/1599
f 3348/1/1600 3352/1/1604 3351/1/1605 3347/1/1601
f 3347/1/1601 3351/1/1605 3349/1/1598 3345/1/1594
f 3353/1/1602 3357/1/1606 3358/1/1607 3354/1/1603
f 3352/1/1604 3356/1/1608 3355/1/1609 3351/1/1605
f 3351/1/1605 3355/1/1609 3353/1/1602 3349/1/1598
f 3357/1/1606 3361/1/1610 3362/1/1611 3358/1/1607
f 3356/1/1608 3360/1/1612 3359/1/1613 3355/1/1609
f 3355/1/1609 3359/1/1613 3357/1/1606 3353/1/1602
f 3361/1/1610 3365/1/1614 3366/1/1615 3362/1/1611
f 3360/1/1612 3364/1/1616 3363/1/1617 3359/1/1613
f 3359/1/1613 3363/1/1617 3361/1/1610 3357/1/1606
f 3365/1/1614 3369/1/1618 3370/1/1619 3366/1/1615
f 3364/1/1616 3368/1/1620 3367/1/1621 3363/1/1617
f 3363/1/1617 3367/1/1621 3365/1/1614 3361/1/1610
f 3369/1/1618 3373/1/1622 3374/1/1623 3370/1/1619
f 3368/1/1620 3372/1/1624 3371/1/1625 3367/1/1621
f 3367/1/1621 3371/1/1625 3369/1/1618 3365/1/1614
f 3373/1/1622 3377/1/1626 3378/1/1627 3374/1/1623
f 3372/1/1624 3376/1/1628 3375/1/1629 3371/1/1625
f 3371/1/1625 3375/1/1629 3373/1/1622 3369/1/1618
f 3377/1/1626 3286/1/1538 3287/1/1545 3378/1/1627
f 3376/1/1628 3380/1/1630 3379/1/1631 3375/1/1629
f 3375/1/1629 3379/1/1631 3377/1/1626 3373/1/1622
f 3380/1/1630 3291/1/1547 3290/1/1539 3379/1/1631
f 3379/1/1631 3290/1/1539 3286/1/1538 3377/1/1626
f 3385/1/1632 3381/1/1633 3382/1/1634 3386/1/1635
f 3389/1/1636 3393/1/1637 3394/1/1638 3390/1/1639
f 3381/1/1633 3389/1/1636 3390/1/1639 3384/1/1640
f 3381/1/1633 3384/1/1640 3383/1/1641 3382/1/1634
f 3388/1/1642 3385/1/1632 3386/1/1635 3387/1/1643
f 3388/1/1642 3392/1/1644 3391/1/1645 3385/1/1632
f 3385/1/1632 3391/1/1645 3389/1/1636 3381/1/1633
f 3393/1/1637 3397/1/1646 3398/1/1647 3394/1/1638
f 3392/1/1644 3396/1/1648 3395/1/1649 3391/1/1645
f 3391/1/1645 3395/1/1649 3393/1/1637 3389/1/1636
f 3397/1/1646 3401/1/1650 3402/1/1651 3398/1/1647
f 3396/1/1648 3400/1/1652 3399/1/1653 3395/1/1649
f 3395/1/1649 3399/1/1653 3397/1/1646 3393/1/1637
f 3401/1/1650 3405/1/1654 3406/1/1655 3402/1/1651
f 3400/1/1652 3404/1/1656 3403/1/1657 3399/1/1653
f 3399/1/1653 3403/1/1657 3401/1/1650 3397/1/1646
f 3405/1/1654 3409/1/1658 3410/1/1659 3406/1/1655
f 3404/1/1656 3408/1/1660 3407/1/1661 3403/1/1657
f 3403/1/1657 3407/1/1661 3405/1/1654 3401/1/1650
f 3409/1/1658 3413/1/1662 3414/1/1663 3410/1/1659
f 3408/1/1660 3412/1/1664 3411/1/1665 3407/1/1661
f 3407/1/1661 3411/1/1665 3409/1/1658 3405/1/1654
f 3413/1/1662 3417/1/1666 3418/1/1667 3414/1/1663
f 3412/1/1664 3416/1/1668 3415/1/1669 3411/1/1665
f 3411/1/1665 3415/1/1669 3413/1/1662 3409/1/1658
f 3417/1/1666 3421/1/1670 3422/1/1671 3418/1/1667
f 3416/1/1668 3420/1/1672 3419/1/1673 3415/1/1669
f 3415/1/1669 3419/1/1673 3417/1/1666 3413/1/1662
f 3421/1/1670 3425/1/1674 3426/1/1675 3422/1/1671
f 3420/1/1672 3424/1/1676 3423/1/1677 3419/1/1673
f 3419/1/1673 3423/1/1677 3421/1/1670 3417/1/1666
f 3425/1/1674 3429/1/1678 3430/1/1679 3426/1/1675
f 3424/1/1676 3428/1/1680 3427/1/1681 3423/1/1677
f 3423/1/1677 3427/1/1681 3425/1/1674 3421/1/1670
f 3429/1/1678 3433/1/1682 3434/1/1683 3430/1/1679
f 3428/1/1680 3432/1/1684 3431/1/1685 3427/1/1681
f 3427/1/1681 3431/1/1685 3429/1/1678 3425/1/1674
f 3433/1/1682 3437/1/1686 3438/1/1687 3434/1/1683
f 3432/1/1684 3436/1/1688 3435/1/1689 3431/1/1685
f 3431/1/1685 3435/1/1689 3433/1/1682 3429/1/1678
f 3437/1/1686 3441/1/1690 3442/1/1691 3438/1/1687
f 3436/1/1688 3440/1/1692 3439/1/1693 3435/1/1689
f 3435/1/1689 3439/1/1693 3437/1/1686 3433/1/1682
f 3441/1/1690 3445/1/1694 3446/1/1695 3442/1/1691
f 3440/1/1692 3444/1/1696 3443/1/1697 3439/1/1693
f 3439/1/1693 3443/1/1697 3441/1/1690 3437/1/1686
f 3445/1/1694 3449/1/1698 3450/1/1699 3446/1/1695
f 3444/1/1696 3448/1/1700 3447/1/1701 3443/1/1697
f 3443/1/1697 3447/1/1701 3445/1/1694 3441/1/1690
f 3449/1/1698 3453/1/1702 3454/1/1703 3450/1/1699
f 3448/1/1700 3452/1/1704 3451/1/1705 3447/1/1701
f 3447/1/1701 3451/1/1705 3449/1/1698 3445/1/1694
f 3453/1/1702 3457/1/1706 3458/1/1707 3454/1/1703
f 3452/1/1704 3456/1/1708 3455/1/1709 3451/1/1705
f 3451/1/1705 3455/1/1709 3453/1/1702 3449/1/1698
f 3457/1/1706 3461/1/1710 3462/1/1711 3458/1/1707
f 3456/1/1708 3460/1/1712 3459/1/1713 3455/1/1709
f 3455/1/1709 3459/1/1713 3457/1/1706 3453/1/1702
f 3461/1/1710 3465/1/1714 3466/1/1715 3462/1/1711
f 3460/1/1712 3464/1/1716 3463/1/1717 3459/1/1713
f 3459/1/1713 3463/1/1717 3461/1/1710 3457/1/1706
f 3465/1/1714 3469/1/1718 3470/1/1719 3466/1/1715
f 3464/1/1716 3468/1/1720 3467/1/1721 3463/1/1717
f 3463/1/1717 3467/1/1721 3465/1/1714 3461/1/1710
f 3469/1/1718 3473/1/1722 3474/1/1723 3470/1/1719
f 3468/1/1720 3472/1/1724 3471/1/1725 3467/1/1721
f 3467/1/1721 3471/1/1725 3469/1/1718 3465/1/1714
f 3473/1/1722 3382/1/1634 3383/1/1641 3474/1/1723
f 3472/1/1724 3476/1/1726 3475/1/1727 3471/1/1725
f 3471/1/1725 3475/1/1727 3473/1/1722 3469/1/1718
f 3476/1/1726 3387/1/1643 3386/1/1635 3475/1/1727
f 3475/1/1727 3386/1/1635 3382/1/1634 3473/1/1722
f 4071/348/76 3478/349/1728 3477/350/1729 4072/351/1730
f 3478/349/1728 3480/352/1731 3479/353/1732 3477/350/1729
f 3479/353/1732 3480/354/1731 3491/355/1733 3492/356/1734
f 3492/356/1734 3491/355/1733 3483/357/1735 3482/358/1736
f 4081/359/1737 4082/360/1738 3484/361/1739 3485/362/1740
f 3484/361/1739 3486/363/1741 3487/364/1742 3485/362/1740
f 4087/365/1743 3490/366/1744 3484/361/1739 4082/360/1738
f 3489/367/1745 3488/368/75 3487/369/1742 3486/363/1741
f 3481/370/1746 3490/366/1744 4087/365/1743 4077/371/1747
f 3490/366/1744 3489/367/1745 3486/363/1741 3484/361/1739
f 3482/358/1736 3489/367/1745 3490/366/1744 3481/370/1746
f 4091/372/1748 3493/373/1749 3481/370/1746 4077/371/1747
f 3477/350/1729 3493/373/1749 4091/372/1748 4072/351/1730
f 3477/350/1729 3479/353/1732 3492/356/1734 3493/373/1749
f 3500/374/1750 3499/375/1751 3507/376/1752 3508/377/1753
f 3512/378/78 3510/379/1424 3506/380/1754 3498/381/78
f 3512/378/78 3513/382/78 3511/383/1424 3510/379/1424
f 3594/384/75 3529/385/75 3525/386/1755 3597/387/1755
f 3508/377/1753 3507/376/1752 3622/388/1756 3623/389/1757
f 3494/390/78 3495/391/133 3505/392/1758 3504/393/1759
f 3516/394/1760 3514/395/1761 3503/396/1762 3499/375/1751
f 3513/382/78 3494/390/78 3504/393/1759 3511/383/1424
f 3619/397/1763 3500/374/1750 3508/377/1753 3623/389/1757
f 3503/396/1762 3502/398/1764 3496/399/1765 3497/400/1766
f 3619/401/1763 3646/402/76 3652/403/76 3625/404/1767
f 3495/391/133 3494/390/78 3518/405/78 3517/406/1768
f 3519/407/78 3518/405/78 3494/390/78 3513/382/78
f 3499/375/1751 3500/374/1750 3515/408/1769 3516/394/1760
f 3514/395/1761 3516/394/1760 3522/409/1755 3520/410/1770
f 3516/394/1760 3515/408/1769 3521/411/1771 3522/409/1755
f 3529/385/75 3531/412/75 3530/413/1772 3520/410/1770
f 3653/414/76 3654/415/562 3527/416/1773 3626/417/1774
f 3525/386/1755 3529/385/75 3520/410/1770 3522/409/1755
f 3599/418/1775 3600/419/1776 3618/420/1777 3617/421/1778
f 3576/422/1779 3828/423/1780 3801/424/1780 3601/425/1781
f 3622/426/1756 3621/427/65 3648/428/65 3649/429/1782
f 3836/430/75 3796/431/75 3825/432/75 3820/433/75
f 3594/384/75 3831/434/1783 3836/430/75 3598/435/75
f 3600/436/1776 3821/437/1784 3822/438/1785 3618/439/1777
f 3527/440/1773 3775/441/1786 3593/442/1787 3526/443/1788
f 3796/431/75 3799/444/1789 3541/445/75 3539/446/75
f 4494/447/1790 3573/448/1791 3575/449/1792 4496/450/1793
f 3775/441/1786 3823/451/1794 3830/452/1795 3593/442/1787
f 3537/453/75 3539/446/75 3550/454/75 3551/455/75
f 3593/442/1787 3830/452/1795 3835/456/1755 3597/387/1755
f 3538/457/1755 3540/458/1795 3553/459/1795 3552/460/1755
f 4487/461/1796 3545/462/1797 3544/463/1798 4490/464/1799
f 3579/465/1780 3604/466/1780 3605/467/1780 3580/468/1780
f 3554/469/75 3558/470/75 3561/471/1800 3557/472/1801
f 3559/473/1795 3570/474/1795 3568/475/1755 3560/476/1755
f 3564/477/75 3856/478/75 3855/479/1802 3561/471/1800
f 3570/474/1795 3571/480/1795 3569/481/1755 3568/475/1755
f 3591/482/1803 3615/483/1804 3616/484/1804 3592/485/1805
f 3855/479/1802 3856/478/75 3575/486/1792 3573/487/1791
f 3582/488/1780 3583/489/1780 3608/490/1780 3607/491/1780
f 3590/492/1806 3592/485/1805 3616/484/1804 3614/493/1804
f 3772/494/1794 3582/488/1780 3581/495/1807 3769/496/1808
f 3586/497/1809 3612/498/1804 3610/499/1810 3585/500/1811
f 3583/489/1780 3580/468/1780 3605/467/1780 3608/490/1780
f 3589/501/1812 3590/492/1806 3614/493/1804 3613/502/1804
f 3607/491/1780 3608/490/1780 3616/484/1804 3615/483/1804
f 3779/503/1813 3834/504/1814 3821/505/1784 3600/506/1776
f 3577/507/1780 3576/422/1779 3601/425/1781 3602/508/1780
f 3559/473/1795 3766/509/1794 3774/510/1794 3570/474/1795
f 3585/511/1811 3576/512/1779 3601/513/1781 3610/514/1810
f 3526/443/1788 3593/442/1787 3597/387/1755 3525/386/1755
f 3529/385/75 3594/384/75 3598/435/75 3531/412/75
f 3772/494/1794 3774/510/1794 3583/489/1780 3582/488/1780
f 3823/451/1794 3775/441/1786 3599/515/1775 3832/516/1780
f 3772/494/1794 3571/480/1795 3570/474/1795 3774/510/1794
f 3601/425/1781 3610/499/1810 3612/498/1804 3602/508/1780
f 3553/459/1795 3540/458/1795 3770/517/1794 3768/518/1794
f 3832/516/1780 3599/515/1775 3617/519/1778 3833/520/1780
f 3618/439/1777 3822/438/1785 3833/520/1780 3617/519/1778
f 3500/374/1750 3619/397/1763 3625/521/1767 3515/408/1769
f 3620/522/65 3496/399/1765 3509/523/1815 3624/524/1816
f 3507/376/1752 3497/400/1766 3621/525/65 3622/388/1756
f 3648/428/65 3621/427/65 3620/526/65 3647/527/65
f 3515/408/1769 3625/521/1767 3626/528/1774 3521/411/1771
f 3604/466/1780 3613/502/1804 3614/493/1804 3605/467/1780
f 3568/475/1755 3569/481/1755 3566/529/75 3565/530/75
f 3663/531/1817 3627/532/1818 3588/533/1818 3665/534/1817
f 3536/535/1755 3798/536/1795 3540/458/1795 3538/457/1755
f 3662/537/1819 3661/538/1817 3666/539/1820 3657/540/1821
f 3678/541/1822 3664/542/1823 3665/534/1817 3588/533/1818
f 3774/510/1794 3766/509/1794 3580/468/1780 3583/489/1780
f 3766/509/1794 3767/543/1794 3579/465/1780 3580/468/1780
f 3632/544/1824 4387/545/1825 4388/546/1826 3629/547/1827
f 3781/548/1828 3805/549/1829 3641/550/1830 3640/551/1831
f 3639/552/1832 3644/553/1833 3659/554/19 3658/555/19
f 3872/556/1834 3867/557/1835 4267/558/1835 4410/559/1836
f 3670/560/1837 3667/561/1820 3668/562/1838 3672/563/1839
f 3877/564/1840 3869/565/1840 3871/566/1841 3874/567/1842
f 3511/568/1424 3648/428/65 3647/527/65 3510/569/1424
f 3872/556/1834 3878/570/1843 3873/571/1844
f 3865/572/1845 3866/573/1846 3876/574/1846 3875/575/1845
f 3678/541/1822 4392/576/10 4287/577/19 3637/578/19
f 3619/401/1763 3623/579/1757 3650/580/1847 3646/402/76
f 3622/426/1756 3649/429/1782 3650/580/1847 3623/579/1757
f 3532/581/75 3535/582/1848 3534/583/1849 3533/584/1850
f 3649/429/1782 3504/585/1759 3505/392/1758 3650/580/1847
f 3649/429/1782 3648/428/65 3511/568/1424 3504/585/1759
f 3672/586/1839 3668/587/1838 3635/588/19 3671/589/1851
f 3674/590/1852 3669/591/1853 3657/540/1821 3673/592/1854
f 4278/593/1855 4274/594/1856 4264/595/1857 4281/596/1858
f 3663/531/1817 3636/597/1820 3666/539/1820 3661/538/1817
f 3671/589/1851 3635/588/19 3637/578/19 3680/598/1859
f 3780/599/1860 3782/600/1861 3675/601/1862
f 3630/602/1818 4391/603/76 4389/604/76 3627/532/1818
f 3664/542/1823 3635/588/19 3668/587/1838
f 3665/534/1817 3664/542/1823 3668/562/1838 3667/561/1820
f 3629/547/1827 4388/546/1826 4391/603/76 3630/602/1818
f 3660/605/1863 3632/544/1824 3629/547/1827 3662/537/1819
f 3660/605/1863 3662/537/1819 3657/540/1821 3669/591/1853
f 3865/572/1845 3868/606/1864 4222/607/1864 4251/608/1845
f 3630/602/1818 3661/538/1817 3662/537/1819 3629/547/1827
f 3753/609/1865 3751/610/1866 3660/605/1863 3669/591/1853
f 3674/590/1852 3754/611/1867 3753/609/1865 3669/591/1853
f 3876/574/1846 3880/612/1868 3875/575/1845
f 4328/613/1869 4329/614/1870 3709/615/1871 3710/616/1872
f 4295/617/1873 4294/618/1874 3682/619/1875 3683/620/1876
f 4356/621/80 3736/622/1877 3687/623/1878 4299/624/1879
f 4297/625/1880 4296/626/1881 3684/627/1882 3685/628/1883
f 4297/625/1880 3685/628/1883 3686/629/1884 4298/630/1885
f 4293/631/1886 3681/632/1887 3709/615/1871 4329/614/1870
f 3735/633/1877 3686/629/1884 3693/634/1888 3737/635/1889
f 4295/617/1873 3683/620/1876 3684/627/1882 4296/626/1881
f 3684/627/1882 3691/636/1890 3692/637/1891 3685/628/1883
f 3685/628/1883 3692/637/1891 3693/634/1888 3686/629/1884
f 3710/616/1872 3712/638/1892 3689/639/1893 3682/619/1875
f 3737/635/1889 3739/640/1894 3740/641/1894 3738/642/1889
f 3682/619/1875 3689/639/1893 3690/643/1895 3683/620/1876
f 3691/636/1890 3690/643/1895 3697/644/1896 3698/645/1897
f 3684/627/1882 3683/620/1876 3690/643/1895 3691/636/1890
f 3691/636/1890 3698/645/1897 3699/646/1898 3692/637/1891
f 3711/647/1899 3688/648/1900 3695/649/1901 3713/650/1902
f 3709/615/1871 3681/632/1887 3688/648/1900 3711/647/1899
f 3739/640/1894 3700/651/1903 3707/652/1904 3741/653/1905
f 3712/638/1892 3714/654/1906 3696/655/1907 3689/639/1893
f 3698/645/1897 3705/656/1908 3706/657/1909 3699/646/1898
f 3689/639/1893 3696/655/1907 3697/644/1896 3690/643/1895
f 3699/646/1898 3706/657/1909 3707/652/1904 3700/651/1903
f 3714/654/1906 3716/658/1910 3703/659/1911 3696/655/1907
f 3711/647/1899 3713/650/1902 3714/654/1906 3712/638/1892
f 3696/655/1907 3703/659/1911 3704/660/1912 3697/644/1896
f 3698/645/1897 3697/644/1896 3704/660/1912 3705/656/1908
f 3713/650/1902 3695/649/1901 3702/661/1913 3715/662/1914
f 3741/653/1905 3707/652/1904 3722/663/1915 3743/664/1916
f 3705/656/1908 3720/665/1917 3721/666/1918 3706/657/1909
f 3706/657/1909 3721/666/1918 3722/663/1915 3707/652/1904
f 3716/658/1910 3725/667/1919 3718/668/1920 3703/659/1911
f 4298/630/1885 3686/629/1884 3735/633/1877 4357/669/80
f 3709/615/1871 3711/647/1899 3712/638/1892 3710/616/1872
f 3737/635/1889 3693/634/1888 3700/651/1903 3739/640/1894
f 3713/650/1902 3715/662/1914 3716/658/1910 3714/654/1906
f 3715/662/1914 3724/670/1921 3725/667/1919 3716/658/1910
f 3724/670/1921 3733/671/1922 3734/672/1923 3725/667/1919
f 3715/662/1914 3702/661/1913 3717/673/1924 3724/670/1921
f 3743/664/1916 3722/663/1915 3731/674/1925 3745/675/1926
f 3703/659/1911 3718/668/1920 3719/676/1927 3704/660/1912
f 3720/665/1917 3729/677/1928 3730/678/1929 3721/666/1918
f 3705/656/1908 3704/660/1912 3719/676/1927 3720/665/1917
f 3721/666/1918 3730/678/1929 3731/674/1925 3722/663/1915
f 3725/667/1919 3734/672/1923 3727/679/1930 3718/668/1920
f 3724/670/1921 3717/673/1924 3726/680/1931 3733/671/1922
f 3727/679/1930 3734/672/1923 3745/681/1926 3731/682/1925
f 3718/668/1920 3727/679/1930 3728/683/1932 3719/676/1927
f 3720/665/1917 3719/676/1927 3728/683/1932 3729/677/1928
f 3730/684/1929 3728/683/1932 3727/679/1930 3731/682/1925
f 4357/669/80 3735/633/1877 3736/622/1877 4356/621/80
f 3735/633/1877 3737/635/1889 3738/642/1889 3736/622/1877
f 3687/623/1878 3736/622/1877 3738/642/1889 3694/685/1933
f 3692/637/1891 3699/646/1898 3700/651/1903 3693/634/1888
f 3739/640/1894 3741/653/1905 3742/686/1905 3740/641/1894
f 3701/687/1934 3740/641/1894 3742/686/1905 3708/688/1935
f 3741/653/1905 3743/664/1916 3744/689/1916 3742/686/1905
f 3708/688/1935 3742/686/1905 3744/689/1916 3723/690/1936
f 3743/664/1916 3745/675/1926 3746/691/1937 3744/689/1916
f 3723/690/1936 3744/689/1916 3746/691/1937 3732/692/1938
f 3734/672/1923 3733/671/1922 3746/693/1937 3745/681/1926
f 3732/694/1938 3746/693/1937 3733/671/1922 3726/680/1931
f 3728/683/1932 3730/684/1929 3729/677/1928
f 3751/610/1866 3749/695/1939 3632/544/1824 3660/605/1863
f 3749/695/1939 4393/696/1940 4387/545/1825 3632/544/1824
f 3663/531/1817 3665/534/1817 3667/561/1820 3636/597/1820
f 3757/697/1941 4394/698/1942 4393/696/1940 3749/695/1939
f 3630/602/1818 3627/532/1818 3663/531/1817 3661/538/1817
f 3755/699/1943 3752/700/1944 3753/609/1865 3754/611/1867
f 3750/701/1945 3751/610/1866 3753/609/1865 3752/700/1944
f 3750/701/1945 3757/697/1941 3749/695/1939 3751/610/1866
f 3578/702/1780 3603/703/1780 3604/466/1780 3579/465/1780
f 4490/464/1799 3544/463/1798 3557/704/1801 4491/705/1946
f 3560/476/1755 3568/475/1755 3565/530/75 3558/470/75
f 3556/706/1755 3560/476/1755 3558/470/75 3554/469/75
f 3621/525/65 3497/400/1766 3496/399/1765 3620/522/65
f 3541/445/75 3799/444/1789 3797/707/1947 3536/535/1755 3538/457/1755
f 3765/708/65 3654/709/562 3528/710/1948
f 3867/557/1835 3866/573/1846 4258/711/1846 4267/558/1835
f 3597/387/1755 3835/456/1755 3829/712/1949 3831/434/1783 3594/384/75
f 3805/549/1829 3780/599/1860 3642/713/1950 3641/550/1830
f 3788/714/1951 3785/715/1952 3784/716/1951
f 3642/713/1950 3780/599/1860 3675/601/1862
f 3821/505/1784 3834/504/1814 3795/717/1953 3584/718/1954
f 3786/719/1955 3785/715/1952 3788/714/1951
f 3786/719/1955 3788/714/1951 3791/720/1956 3792/721/1957 3809/722/1951 3810/723/1955
f 3790/724/1958 3789/725/1959 3783/716/1960 3787/726/1961
f 3819/727/65 3817/728/1962 3777/729/1963 3765/708/65
f 3792/721/1957 3813/730/2 3815/731/2
f 3819/727/65 3765/708/65 3528/710/1948
f 3768/518/1794 3770/517/1794 3576/422/1779 3577/507/1780
f 3605/467/1780 3614/493/1804 3616/484/1804 3608/490/1780
f 3555/732/1795 3767/543/1794 3766/509/1794 3559/473/1795
f 3531/412/75 3598/435/75 3596/733/75 3532/581/75
f 3596/733/75 3595/734/130 3535/582/1848 3532/581/75
f 3789/725/1959 3791/720/1956 3788/714/1951 3784/716/1951 3783/716/1960
f 3780/599/1860 3805/549/1829 3806/735/1964 3803/736/1965
f 3763/737/1966 3764/738/65 3765/708/65 3777/729/1963 3778/739/1967 3776/740/1968
f 3809/722/1951 3792/721/1957 4445/741/1969 4444/742/1951
f 3813/730/2 3815/731/2 3811/743/76 3793/744/76
f 3763/737/1966 3600/506/1776 3599/745/1775 3775/746/1786 3527/747/1773
f 3626/528/1774 3527/440/1773 3526/443/1788 3521/411/1771
f 3816/748/1952 3809/722/1951 4444/742/1951 4443/749/1952
f 3807/750/1970 3817/728/1962 4442/751/1962 4448/752/1971
f 3816/748/1952 3810/723/1955 3809/722/1951
f 3817/728/1962 3819/727/65 4441/753/65 4442/751/1962
f 3600/506/1776 3763/737/1966 3776/740/1968 3779/503/1813
f 3879/754/1972 3881/755/1840 3877/564/1840 3874/567/1842
f 3878/570/1843 3882/756/1973 3873/571/1844
f 3882/756/1973 3880/612/1868 3873/571/1844
f 3866/573/1846 3865/572/1845 4251/608/1845 4258/711/1846
f 4491/705/1946 3557/704/1801 3561/757/1800 4492/758/1974
f 4492/758/1974 3561/757/1800 3855/759/1802 4493/760/1975
f 3797/3/1947 3799/3/1789 3827/3/1976 3826/3/1977
f 3536/535/1755 3797/707/1947 3829/712/1949 3835/456/1755
f 4222/607/1864 3868/606/1864 4528/761/1978
f 4485/762/1979 3535/763/1848 3595/764/130 4497/765/80
f 3652/403/76 3653/414/76 3626/417/1774 3625/404/1767
f 3531/412/75 3532/581/75 3533/584/1850 3530/413/1772
f 3817/728/1962 3807/750/1970 3794/766/1980 3777/729/1963
f 3851/767/19 4514/768/19 4516/769/19 3839/770/19
f 3627/532/1818 4389/604/76 4390/771/76 3588/533/1818
f 3499/375/1751 3503/396/1762 3497/400/1766 3507/376/1752
f 3853/772/1981 3848/773/1982 4513/774/1982 4512/775/1983
f 4278/776/1855 4243/777/1856 4274/594/1856
f 4536/778/10 4532/779/417 3862/780/417 3861/781/10
f 3859/782/1984 3857/783/1985 3864/784/1986 3863/785/1987
f 3861/781/10 3862/780/417 3858/786/412 3860/787/421
f 3864/784/1986 3862/780/417 4532/779/417 4533/788/566
f 3863/785/1987 3861/789/10 3860/790/421 3859/791/1984
f 3863/785/1987 3864/784/1986 4533/788/566 4537/792/562
f 3857/793/1985 3858/786/412 3862/780/417 3864/784/1986
f 4537/792/562 4536/794/10 3861/789/10 3863/785/1987
f 3860/795/421 3858/796/412 3857/783/1985 3859/782/1984
f 3493/373/1749 3492/356/1734 3482/358/1736 3481/370/1746
f 3483/357/1735 3488/368/75 3489/367/1745 3482/358/1736
f 3873/571/1844 3867/557/1835 3872/556/1834
f 3868/606/1864 3865/572/1845 3875/575/1845
f 3876/574/1846 3866/573/1846 3867/557/1835 3873/571/1844
f 3526/443/1788 3525/386/1755 3522/409/1755 3521/411/1771
f 3558/470/75 3565/530/75 3564/477/75 3561/471/1800
f 3598/435/75 3836/430/75 3820/433/75 3596/733/75
f 3868/606/1864 3530/797/1772 3533/798/1850
f 3872/556/1834 3870/799/1988 3878/570/1843
f 3506/800/1754 3651/801/1989 3874/567/1842 3871/566/1841
f 3510/569/1424 3647/527/65 3651/802/1989 3506/803/1754
f 3880/612/1868 3882/756/1973 3503/804/1762 3514/805/1761
f 3517/406/1768 3523/806/76 3653/414/76 3652/403/76
f 3646/402/76 3495/391/133 3517/406/1768 3652/403/76
f 3555/732/1795 3559/473/1795 3560/476/1755 3556/706/1755
f 3562/807/1990 3572/808/1991 3854/809/75 3563/810/75
f 3880/612/1868 3520/811/1770 3875/575/1845
f 3501/812/1992 3879/754/1972 3624/813/1816 3509/814/1815
f 3881/755/1840 3882/756/1973 3878/570/1843 3877/564/1840
f 3880/612/1868 3514/805/1761 3520/811/1770
f 3880/612/1868 3876/574/1846 3873/571/1844
f 3868/606/1864 3533/798/1850 4528/761/1978
f 3524/815/76 3528/816/1948 3654/415/562 3653/414/76 3523/806/76
f 3503/804/1762 3882/756/1973 3881/755/1840 3502/817/1764
f 3650/580/1847 3505/392/1758 3495/391/133 3646/402/76
f 3651/801/1989 3624/813/1816 3879/754/1972 3874/567/1842
f 3620/526/65 3624/818/1816 3651/802/1989 3647/527/65
f 3502/398/1764 3501/819/1992 3509/523/1815 3496/399/1765
f 3878/570/1843 3870/799/1988 3869/565/1840 3877/564/1840
f 3502/817/1764 3881/755/1840 3879/754/1972 3501/812/1992
f 4565/820/1993 4564/821/80 3887/822/1994 3888/823/1995
f 4564/821/80 4563/820/1996 3886/823/1997 3887/822/1994
f 3883/824/1998 3897/825/1999 3894/826/2000 3884/827/2001
f 4563/820/1996 4562/828/2002 3885/829/2003 3886/823/1997
f 4560/830/2004 3883/824/1998 3884/827/2001 4561/831/2005
f 4566/828/2006 3889/829/2007 3890/832/2008 4567/833/2009
f 3897/825/1999 3899/834/2010 3900/835/2011 3894/826/2000
f 3888/823/1995 3893/836/2012 3892/837/2013 3889/829/2007
f 3887/822/1994 3895/838/2014 3893/836/2012 3888/823/1995
f 3898/837/2015 3901/839/2016 3902/840/2017 3896/836/2018
f 3886/823/1997 3896/836/2018 3895/838/2014 3887/822/1994
f 3898/837/2015 3894/826/2000 3900/835/2011 3901/839/2016
f 3885/829/2003 3898/837/2015 3896/836/2018 3886/823/1997
f 3884/827/2001 3894/826/2000 3898/837/2015 3885/829/2003
f 3889/829/2007 3892/837/2013 3891/841/2019 3890/832/2008
f 3890/832/2008 3891/841/2019 3897/825/1999 3883/824/1998
f 3906/842/2020 3899/834/2010 3897/825/1999 3891/841/2019
f 3901/839/2016 3900/835/2011 3908/843/2021 3909/844/2022
f 3895/838/2014 3903/845/2023 3904/840/2024 3893/836/2012
f 3896/836/2018 3902/840/2017 3903/845/2023 3895/838/2014
f 3899/834/2010 3906/842/2020 3914/846/2025 3907/847/2026
f 3900/835/2011 3899/834/2010 3907/847/2026 3908/843/2021
f 3891/841/2019 3892/837/2013 3905/839/2027 3906/842/2020
f 3893/836/2012 3904/840/2024 3905/839/2027 3892/837/2013
f 3902/840/2017 3901/839/2016 3909/844/2022 3910/848/2028
f 3906/842/2020 3905/839/2027 3913/844/2029 3914/846/2025
f 3905/839/2027 3904/840/2024 3912/848/2030 3913/844/2029
f 3904/840/2024 3903/845/2023 3911/849/2031 3912/848/2030
f 3903/845/2023 3902/840/2017 3910/848/2028 3911/849/2031
f 3908/843/2021 3907/847/2026 3915/850/2032 3916/851/2033
f 3907/847/2026 3914/846/2025 3922/852/2034 3915/850/2032
f 3910/848/2028 3909/844/2022 3917/853/2035 3918/854/2036
f 3909/844/2022 3908/843/2021 3916/851/2033 3917/853/2035
f 3914/846/2025 3913/844/2029 3921/853/2037 3922/852/2034
f 3913/844/2029 3912/848/2030 3920/854/2038 3921/853/2037
f 3912/848/2030 3911/849/2031 3919/855/2039 3920/854/2038
f 3911/849/2031 3910/848/2028 3918/854/2036 3919/855/2039
f 3918/854/2036 3917/853/2035 3925/856/2040 3926/857/2041
f 3917/853/2035 3916/851/2033 3924/858/2042 3925/856/2040
f 3916/851/2033 3915/850/2032 3923/859/2043 3924/858/2042
f 3915/850/2032 3922/852/2034 3930/860/2044 3923/859/2043
f 3921/853/2037 3920/854/2038 3928/857/2045 3929/856/2046
f 3924/858/2042 3932/861/2047 3933/862/2048 3925/856/2040
f 3920/854/2038 3919/855/2039 3927/863/2049 3928/857/2045
f 3923/859/2043 3931/864/2050 3932/861/2047 3924/858/2042
f 3919/855/2039 3918/854/2036 3926/857/2041 3927/863/2049
f 3932/861/2047 3931/864/2050 3939/865/2051 3940/866/2052
f 3929/856/2046 3937/862/2053 3938/867/2054 3930/860/2044
f 3922/852/2034 3921/853/2037 3929/856/2046 3930/860/2044
f 3930/860/2044 3938/867/2054 3931/864/2050 3923/859/2043
f 3928/857/2045 3936/868/2055 3937/862/2053 3929/856/2046
f 3927/863/2049 3935/869/2056 3936/868/2055 3928/857/2045
f 3934/868/2057 3933/862/2048 3941/870/2058 3942/871/2059
f 3926/857/2041 3934/868/2057 3935/869/2056 3927/863/2049
f 3933/862/2048 3932/861/2047 3940/866/2052 3941/870/2058
f 3925/856/2040 3933/862/2048 3934/868/2057 3926/857/2041
f 3931/864/2050 3938/867/2054 3946/872/2060 3939/865/2051
f 3937/862/2053 3936/868/2055 3944/871/2061 3945/870/2062
f 3936/868/2055 3935/869/2056 3943/873/2063 3944/871/2061
f 3935/869/2056 3934/868/2057 3942/871/2059 3943/873/2063
f 3940/866/2052 3939/865/2051 3947/874/2064 3948/875/2065
f 3938/867/2054 3937/862/2053 3945/870/2062 3946/872/2060
f 3942/871/2059 3941/870/2058 3949/876/2066 3950/877/2067
f 3941/870/2058 3940/866/2052 3948/875/2065 3949/876/2066
f 3939/865/2051 3946/872/2060 3954/878/2068 3947/874/2064
f 3946/872/2060 3945/870/2062 3953/876/2069 3954/878/2068
f 3945/870/2062 3944/871/2061 3952/877/2070 3953/876/2069
f 3944/871/2061 3943/873/2063 3951/879/2071 3952/877/2070
f 3943/873/2063 3942/871/2059 3950/877/2067 3951/879/2071
f 3947/874/2064 3954/878/2068 4647/880/2072 4640/881/2073
f 3952/877/2070 3951/879/2071 4644/882/76 4645/883/2074
f 3951/879/2071 3950/877/2067 4643/883/2075 4644/882/76
f 4561/831/2005 3884/827/2001 3885/829/2003 4562/828/2002
f 3953/876/2069 3952/877/2070 4645/883/2074 4646/884/2076
f 3950/877/2067 3949/876/2066 4642/884/2077 4643/883/2075
f 3948/875/2065 3947/874/2064 4640/881/2073 4641/885/2078
f 3954/878/2068 3953/876/2069 4646/884/2076 4647/880/2072
f 3949/876/2066 3948/875/2065 4641/885/2078 4642/884/2077
f 3889/829/2007 4566/828/2006 4565/820/1993 3888/823/1995
f 4655/886/2079 3962/887/2080 3955/887/2081 4648/886/2082
f 3956/888/2083 4012/889/2084 4013/890/2085 3957/891/2086
f 4654/892/2087 3961/888/2088 3962/887/2080 4655/886/2079
f 4652/893/2089 3959/894/2090 3960/891/2091 4653/895/2092
f 4650/895/2093 3957/891/2086 3958/894/2094 4651/893/2095
f 4648/886/2082 3955/887/2081 3956/888/2083 4649/892/2096
f 4651/893/2095 3958/894/2094 3959/894/2090 4652/893/2089
f 4675/896/2097 3966/897/2098 3965/898/2099 4674/899/2092
f 4672/900/2100 3963/901/2101 3970/901/2102 4679/900/2103
f 4677/899/2104 3968/898/2105 3967/897/2106 4676/896/2107
f 4678/902/2108 3969/903/2109 3968/898/2105 4677/899/2104
f 4676/896/2107 3967/897/2106 3966/897/2098 4675/896/2097
f 4679/900/2103 3970/901/2102 3969/903/2109 4678/902/2108
f 4673/902/2087 3964/903/2110 3963/901/2101 4672/900/2100
f 4686/904/2087 3977/905/2111 3978/906/2112 4687/907/2100
f 4680/907/2103 3971/906/2113 3972/905/2114 4681/904/2108
f 4683/908/2107 3974/909/2115 3975/909/2116 4684/908/2097
f 4681/904/2108 3972/905/2114 3973/910/2117 4682/911/2104
f 4682/911/2104 3973/910/2117 3974/909/2115 4683/908/2107
f 4687/907/2100 3978/906/2112 3971/906/2113 4680/907/2103
f 4684/908/2097 3975/909/2116 3976/910/2118 4685/911/2092
f 4707/912/2097 3982/913/2116 3981/914/2118 4706/915/2092
f 4704/916/2100 3979/917/2112 3986/917/2113 4711/916/2103
f 4709/915/2104 3984/914/2117 3983/913/2115 4708/912/2107
f 4710/918/2108 3985/919/2114 3984/914/2117 4709/915/2104
f 4708/912/2107 3983/913/2115 3982/913/2116 4707/912/2097
f 4711/916/2103 3986/917/2113 3985/919/2114 4710/918/2108
f 4705/918/2087 3980/919/2111 3979/917/2112 4704/916/2100
f 4718/920/2087 3993/921/2119 3994/922/2120 4719/923/2100
f 4712/923/2103 3987/922/2121 3988/921/2122 4713/920/2123
f 4715/924/2107 3990/925/2124 3991/925/2125 4716/924/2097
f 4713/920/2123 3988/921/2122 3989/926/2126 4714/927/2127
f 4714/927/2127 3989/926/2126 3990/925/2124 4715/924/2107
f 4719/923/2100 3994/922/2120 3987/922/2121 4712/923/2103
f 4716/924/2097 3991/925/2125 3992/926/2128 4717/927/2092
f 4741/928/2087 4009/929/2119 4010/930/2120 4742/931/2100
f 4728/931/2103 4002/930/2121 4003/929/2122 4729/928/2123
f 4731/932/2107 4005/933/2124 4006/933/2125 4732/932/2097
f 4729/928/2123 4003/929/2122 4004/934/2126 4730/935/2129
f 4730/935/2129 4004/934/2126 4005/933/2124 4731/932/2107
f 4753/936/2097 3998/937/2130 3997/938/2131 4752/939/2092
f 4742/931/2100 4010/930/2120 4002/930/2121 4728/931/2103
f 4750/940/2100 3995/941/2132 4008/941/2133 4757/940/2103
f 4732/932/2097 4006/933/2125 4007/934/2128 4733/935/2092
f 4755/939/2129 4000/938/2134 3999/937/2135 4754/936/2107
f 4756/942/2136 4001/943/2137 4000/938/2134 4755/939/2129
f 4754/936/2107 3999/937/2135 3998/937/2130 4753/936/2097
f 4757/940/2103 4008/941/2133 4001/943/2137 4756/942/2136
f 4751/942/2087 3996/943/2138 3995/941/2132 4750/940/2100
f 4028/944/2139 4029/945/2140 4021/946/2141 4020/947/2142
f 4011/948/2143 3955/887/2081 3962/887/2080 4018/948/2144
f 3959/894/2090 3958/894/2094 4014/949/2145 4015/949/2146
f 3956/888/2083 3955/887/2081 4011/948/2143 4012/889/2084
f 3960/891/2091 3959/894/2090 4015/949/2146 4016/890/2147
f 3958/894/2094 3957/891/2086 4013/890/2085 4014/949/2145
f 4012/889/2084 4020/947/2142 4021/946/2141 4013/890/2085
f 4028/944/2139 4036/950/2148 4037/951/2149 4029/945/2140
f 4015/949/2146 4014/949/2145 4022/952/2150 4023/952/2151
f 4012/889/2084 4011/948/2143 4019/953/2152 4020/947/2142
f 4018/948/2144 4017/889/2153 4025/947/2154 4026/953/2155
f 4016/890/2147 4015/949/2146 4023/952/2151 4024/946/2156
f 3962/887/2080 3961/888/2088 4017/889/2153 4018/948/2144
f 4014/949/2145 4013/890/2085 4021/946/2141 4022/952/2150
f 4023/952/2151 4022/952/2150 4030/954/2157 4031/954/2158
f 4022/952/2150 4021/946/2141 4029/945/2140 4030/954/2157
f 4020/947/2142 4019/953/2152 4027/955/2159 4028/944/2139
f 4027/955/2159 4019/953/2152 4026/953/2155 4034/955/2160
f 4026/953/2155 4025/947/2154 4033/944/2161 4034/955/2160
f 4024/946/2156 4023/952/2151 4031/954/2158 4032/945/2162
f 4019/953/2152 4011/948/2143 4018/948/2144 4026/953/2155
f 4036/950/2148 4044/956/2163 4045/957/2164 4037/951/2149
f 4031/954/2158 4030/954/2157 4038/958/2165 4039/958/2166
f 4030/954/2157 4029/945/2140 4037/951/2149 4038/958/2165
f 4044/956/2163 4052/959/2167 4053/960/2168 4045/957/2164
f 4032/945/2162 4031/954/2158 4039/958/2166 4040/951/2169
f 4028/944/2139 4027/955/2159 4035/961/2170 4036/950/2148
f 4035/961/2170 4027/955/2159 4034/955/2160 4042/961/2171
f 4034/955/2160 4033/944/2161 4041/950/2172 4042/961/2171
f 4042/961/2171 4041/950/2172 4049/956/2173 4050/962/2174
f 4039/958/2166 4038/958/2165 4046/963/2175 4047/963/2176
f 4038/958/2165 4037/951/2149 4045/957/2164 4046/963/2175
f 4054/964/2177 4062/965/2178 4063/965/2179 4055/964/2180
f 4040/951/2169 4039/958/2166 4047/963/2176 4048/957/2181
f 4036/950/2148 4035/961/2170 4043/962/2182 4044/956/2163
f 4043/962/2182 4035/961/2170 4042/961/2171 4050/962/2174
f 4044/956/2163 4043/962/2182 4051/966/2183 4052/959/2167
f 4050/962/2174 4049/956/2173 4057/959/2184 4058/966/2185
f 4047/963/2176 4046/963/2175 4054/964/2177 4055/964/2180
f 4046/963/2175 4045/957/2164 4053/960/2168 4054/964/2177
f 4052/959/2167 4060/967/2186 4061/968/2187 4053/960/2168
f 4048/957/2181 4047/963/2176 4055/964/2180 4056/960/2188
f 4051/966/2183 4043/962/2182 4050/962/2174 4058/966/2185
f 4053/960/2168 4061/968/2187 4062/965/2178 4054/964/2177
f 4057/959/2184 4065/967/2189 4066/969/2190 4058/966/2185
f 4051/966/2183 4059/969/2191 4060/967/2186 4052/959/2167
f 4055/964/2180 4063/965/2179 4064/968/2192 4056/960/2188
f 4649/892/2096 3956/888/2083 3957/891/2086 4650/895/2093
f 4051/966/2183 4058/966/2185 4066/969/2190 4059/969/2191
f 4294/618/1874 4328/613/1869 3710/616/1872 3682/619/1875
f 3694/685/1933 3738/642/1889 3740/641/1894 3701/687/1934
f 4567/833/2009 3890/832/2008 3883/824/1998 4560/830/2004
f 3764/738/65 3763/737/1966 3527/747/1773 3654/709/562 3765/708/65
f 3819/727/65 3818/970/65 4440/971/65 4441/753/65
f 3818/970/65 3819/727/65 3528/710/1948
f 3830/452/1795 3798/536/1795 3536/535/1755 3835/456/1755
f 3831/434/1783 3799/444/1789 3796/431/75 3836/430/75
f 3821/437/1784 3584/972/1954 3609/973/2193 3822/438/1785
f 3825/432/75 3796/431/75 3539/446/75 3537/453/75
f 3771/974/1794 3798/536/1795 3830/452/1795 3823/451/1794
f 3645/975/19 3840/976/2194 3679/977/19
f 3584/972/1954 3585/500/1811 3610/499/1810 3609/973/2193
f 3770/517/1794 3771/974/1794 3828/423/1780 3576/422/1779
f 3798/536/1795 3771/974/1794 3770/517/1794 3540/458/1795
f 3801/424/1780 3609/973/2193 3610/499/1810 3601/425/1781
f 3828/423/1780 3832/516/1780 3833/520/1780 3801/424/1780
f 3771/974/1794 3823/451/1794 3832/516/1780 3828/423/1780
f 3833/520/1780 3822/438/1785 3609/973/2193 3801/424/1780
f 3795/717/1953 3834/504/1814 3824/978/2195 3804/979/2196
f 3776/740/1968 3789/725/1959 3790/724/1958 3779/503/1813
f 3794/766/1980 3791/720/1956 3789/725/1959 3776/740/1968 3778/739/1967 3777/729/1963
f 4448/752/1971 4445/741/1969 3792/721/1957 3807/750/1970
f 3787/726/1961 3782/600/1861 3780/599/1860 3790/724/1958
f 3538/457/1755 3552/460/1755 3547/980/75 3541/445/75
f 3547/980/75 3550/454/75 3539/446/75 3541/445/75
f 3535/763/1848 4485/762/1979 4529/981/2197 3534/982/1849
f 3542/983/1795 3555/732/1795 3556/706/1755 3543/984/1755
f 3565/530/75 3566/529/75 3563/810/75 3564/477/75
f 3640/551/1831 3795/717/1953 3781/548/1828
f 3875/575/1845 3520/811/1770 3530/797/1772
f 3581/495/1807 3582/488/1780 3607/491/1780 3606/985/2198
f 3674/986/1852 3673/987/1854 3638/988/2199 3675/989/1862
f 4392/576/10 3678/541/1822 3588/533/1818 4390/771/76
f 3655/990/2200 3591/991/1803 3631/992/13 3639/993/1832
f 3655/994/2200 3639/552/1832 3656/995/19
f 3566/529/75 3567/996/415 3562/807/1990 3563/810/75
f 3795/717/1953 3640/551/1831 3585/997/1811 3584/718/1954
f 4496/450/1793 3575/449/1792 3574/998/2201 4495/999/2202
f 3875/575/1845 3530/797/1772 3868/606/1864
f 3637/578/19 3635/588/19 3664/542/1823 3678/541/1822
f 3795/717/1953 3804/1000/2196 3802/1001/2203
f 3677/1002/2204 3671/1003/1851 3680/1004/1859 3676/1005/2205
f 3680/1004/1859 4288/1006/2206 4289/1007/2207 3676/1005/2205
f 4288/1008/2206 3680/598/1859 3637/578/19 4287/577/19
f 3591/991/1803 3592/1009/1805 3633/1010/14 3631/992/13
f 3679/977/19 3655/994/2200 3656/995/19 3645/975/19
f 3679/977/19 3840/976/2194 4504/1011/10 4521/1012/19
f 3679/1013/19 3850/1014/19 3846/1015/2208 3655/1016/2200
f 3843/1017/2209 3845/1018/2210 3842/1019/19 3851/767/19
f 4493/760/1975 3855/759/1802 3573/448/1791 4494/447/1790
f 3563/810/75 3854/809/75 3856/478/75 3564/477/75
f 4528/761/1978 3533/798/1850 3534/982/1849 4529/981/2197
f 3575/486/1792 3856/478/75 3854/809/75 3574/1020/2201
f 4489/1021/80 3549/1022/130 3548/1023/2211 4488/1024/2212
f 3545/1025/1797 3548/1026/2211 3549/1027/130 3551/455/75
f 3550/454/75 3547/980/75 3546/1028/75 3544/1029/1798
f 4488/1024/2212 3548/1023/2211 3545/462/1797 4487/461/1796
f 3547/980/75 3552/460/1755 3543/984/1755 3546/1028/75
f 3551/455/75 3550/454/75 3544/1029/1798 3545/1025/1797
f 3552/460/1755 3553/459/1795 3542/983/1795 3543/984/1755
f 3603/703/1780 3611/1030/1804 3613/502/1804 3604/466/1780
f 3602/508/1780 3612/498/1804 3611/1030/1804 3603/703/1780
f 3773/1031/1794 3768/518/1794 3577/507/1780 3578/702/1780
f 3773/1031/1794 3578/702/1780 3579/465/1780 3767/543/1794
f 3553/459/1795 3768/518/1794 3773/1031/1794 3542/983/1795
f 3656/995/19 3639/552/1832 3658/555/19
f 3769/1032/1808 3847/1033/19 3842/1019/19 3845/1018/2210
f 3578/702/1780 3577/507/1780 3602/508/1780 3603/703/1780
f 3546/1028/75 3554/469/75 3557/472/1801 3544/1029/1798
f 3587/1034/2213 3589/501/1812 3613/502/1804 3611/1030/1804
f 3543/984/1755 3556/706/1755 3554/469/75 3546/1028/75
f 3555/732/1795 3542/983/1795 3773/1031/1794 3767/543/1794
f 3586/497/1809 3587/1034/2213 3611/1030/1804 3612/498/1804
f 3606/1035/2198 3846/1015/2208 3850/1014/19 3849/1036/19
f 3571/480/1795 3772/494/1794 3769/496/1808 3845/1037/2210
f 3854/809/75 3572/808/1991 3844/1038/2214 3574/1020/2201
f 4495/999/2202 3574/998/2201 3844/1039/2214 4512/1040/1983
f 3569/481/1755 3843/1041/2209 3567/996/415 3566/529/75
f 3571/480/1795 3845/1037/2210 3843/1041/2209 3569/481/1755
f 3591/482/1803 3655/1042/2200 3846/1043/2208 3615/483/1804
f 3607/491/1780 3615/483/1804 3846/1043/2208 3606/985/2198
f 3562/1044/1990 3841/1045/2215 3848/773/1982 3572/1046/1991
f 3825/432/75 3800/1047/130 3820/433/75
f 3847/1033/19 3852/1048/19 4515/1049/19 4502/1050/19
f 3849/1036/19 3850/1014/19 4501/1051/19 4500/1052/19
f 3852/1048/19 3849/1036/19 4500/1052/19 4515/1049/19
f 3769/1032/1808 3581/1053/1807 3852/1048/19 3847/1033/19
f 3851/767/19 3842/1019/19 4498/1054/19 4514/768/19
f 3841/1045/2215 3839/770/19 4516/769/19 4499/1055/2215
f 4521/1056/19 4501/1051/19 3850/1014/19 3679/1013/19
f 3841/1045/2215 4499/1055/2215 4513/774/1982 3848/773/1982
f 3844/1057/2214 3572/1046/1991 3848/773/1982 3853/772/1981
f 3581/1053/1807 3606/1035/2198 3849/1036/19 3852/1048/19
f 3567/1058/415 3843/1017/2209 3851/767/19 3839/770/19
f 3562/1044/1990 3567/1058/415 3839/770/19 3841/1045/2215
f 3842/1019/19 3847/1033/19 4502/1050/19 4498/1054/19
f 3750/701/1945 3752/700/1944 3759/1059/2216 3748/1060/2217
f 3747/1061/2218 3757/697/1941 3750/701/1945 3748/1060/2217
f 3756/1062/2219 3761/1063/2220 4383/1064/2221 4067/1065/2222
f 3755/699/1943 3760/1066/2223 3759/1059/2216 3752/700/1944
f 4394/698/1942 3757/697/1941 3747/1061/2218 4372/1067/2224
f 3761/1063/2220 4381/1068/2225 4383/1064/2221
f 3758/1069/65 4067/1070/2222 3747/1061/2218 3748/1060/2217
f 4383/1071/2221 4372/1067/2224 3747/1061/2218 4067/1070/2222
f 3760/1072/2223 3758/1069/65 3748/1060/2217 3759/1059/2216
f 4504/1011/10 3840/976/2194 4069/1073/11 4819/1074/10
f 3840/976/2194 4068/1075/2226 4070/1076/12 4069/1077/11
f 4071/348/76 4072/351/1730 4073/1078/2227 4074/1079/2228
f 4074/1079/2228 4073/1078/2227 4075/1080/2229 4076/1081/2230
f 4075/1080/2229 4093/1082/2231 4092/1083/2232 4076/1084/2230
f 4093/1082/2231 4079/1085/2233 4080/1086/2234 4092/1083/2232
f 4081/359/1737 4084/1087/2235 4083/1088/2236 4082/360/1738
f 4083/1088/2236 4084/1087/2235 4086/1089/2237 4085/1090/2238
f 4087/365/1743 4082/360/1738 4083/1088/2236 4090/1091/2239
f 4089/1092/2240 4085/1090/2238 4086/1093/2237 4088/1094/78
f 4078/1095/2241 4077/371/1747 4087/365/1743 4090/1091/2239
f 4090/1091/2239 4083/1088/2236 4085/1090/2238 4089/1092/2240
f 4079/1085/2233 4078/1095/2241 4090/1091/2239 4089/1092/2240
f 4091/372/1748 4077/371/1747 4078/1095/2241 4094/1096/2242
f 4073/1078/2227 4072/351/1730 4091/372/1748 4094/1096/2242
f 4073/1078/2227 4094/1096/2242 4093/1082/2231 4075/1080/2229
f 4101/1097/2243 4109/1098/2244 4108/1099/2245 4100/1100/2246
f 4113/1101/75 4099/1102/75 4107/1103/2247 4111/1104/565
f 4113/1101/75 4111/1104/565 4112/1105/565 4114/1106/75
f 4195/1107/78 4198/1108/2248 4126/1109/2248 4130/1110/78
f 4109/1098/2244 4225/1111/2249 4224/1112/2250 4108/1099/2245
f 4095/1113/75 4105/1114/2251 4106/1115/2252 4096/1116/132
f 4117/1117/2253 4100/1100/2246 4104/1118/2254 4115/1119/2255
f 4114/1106/75 4112/1105/565 4105/1114/2251 4095/1113/75
f 4220/1120/2256 4225/1111/2249 4109/1098/2244 4101/1097/2243
f 4104/1118/2254 4098/1121/2257 4097/1122/2258 4103/1123/2259
f 4220/1124/2256 4227/1125/2260 4260/1126/76 4253/1127/76
f 4096/1116/132 4118/1128/2261 4119/1129/75 4095/1113/75
f 4120/1130/75 4114/1106/75 4095/1113/75 4119/1129/75
f 4100/1100/2246 4117/1117/2253 4116/1131/2262 4101/1097/2243
f 4115/1119/2255 4121/1132/2263 4123/1133/2248 4117/1117/2253
f 4117/1117/2253 4123/1133/2248 4122/1134/2264 4116/1131/2262
f 4130/1110/78 4121/1132/2263 4131/1135/2265 4132/1136/78
f 4261/1137/76 4228/1138/2266 4128/1139/2267 4262/1140/562
f 4126/1109/2248 4123/1133/2248 4121/1132/2263 4130/1110/78
f 4200/1141/2268 4218/1142/2269 4219/1143/2270 4201/1144/2271
f 4177/1145/2272 4202/1146/2273 4435/1147/2274 4473/1148/2274
f 4224/1149/2250 4256/1150/1782 4255/1151/65 4223/1152/65
f 4482/1153/78 4466/1154/78 4471/1155/78 4431/1156/78
f 4195/1107/78 4199/1157/78 4482/1153/78 4477/1158/2275
f 4201/1159/2271 4219/1160/2270 4469/1161/2276 4468/1162/2277
f 4128/1163/2267 4127/1164/2278 4194/1165/2279 4409/1166/2280
f 4431/1156/78 4140/1167/78 4142/1168/78 4434/1169/2281
f 4494/447/1790 4496/450/1793 4176/1170/2282 4174/1171/2283
f 4409/1166/2280 4194/1165/2279 4476/1172/2284 4470/1173/2285
f 4138/1174/78 4152/1175/78 4151/1176/78 4140/1167/78
f 4194/1165/2279 4198/1108/2248 4481/1177/2248 4476/1172/2284
f 4139/1178/2248 4153/1179/2248 4154/1180/2284 4141/1181/2284
f 4487/461/1796 4490/464/1799 4145/1182/2286 4146/1183/2287
f 4180/1184/2274 4181/1185/2274 4206/1186/2274 4205/1187/2274
f 4155/1188/78 4158/1189/2288 4162/1190/2289 4159/1191/78
f 4160/1192/2284 4161/1193/2248 4169/1194/2248 4171/1195/2284
f 4165/1196/78 4162/1190/2289 4526/1197/2290 4527/1198/78
f 4171/1195/2284 4169/1194/2248 4170/1199/2248 4172/1200/2284
f 4192/1201/2291 4193/1202/2292 4217/1203/2293 4216/1204/2293
f 4526/1197/2290 4174/1205/2283 4176/1206/2282 4527/1198/78
f 4183/1207/2274 4208/1208/2274 4209/1209/2274 4184/1210/2274
f 4191/1211/2294 4215/1212/2293 4217/1203/2293 4193/1202/2292
f 4406/1213/2285 4403/1214/2295 4182/1215/2296 4183/1207/2274
f 4187/1216/2297 4186/1217/2298 4211/1218/2299 4213/1219/2293
f 4184/1210/2274 4209/1209/2274 4206/1186/2274 4181/1185/2274
f 4190/1220/2300 4214/1221/2293 4215/1212/2293 4191/1211/2294
f 4208/1208/2274 4216/1204/2293 4217/1203/2293 4209/1209/2274
f 4414/1222/2301 4201/1144/2271 4468/1223/2277 4480/1224/2302
f 4178/1225/2274 4203/1226/2274 4202/1146/2273 4177/1145/2272
f 4160/1192/2284 4171/1195/2284 4408/1227/2285 4400/1228/2285
f 4186/1229/2298 4211/1230/2299 4202/1231/2273 4177/1232/2272
f 4127/1164/2278 4126/1109/2248 4198/1108/2248 4194/1165/2279
f 4130/1110/78 4132/1136/78 4199/1157/78 4195/1107/78
f 4406/1213/2285 4183/1207/2274 4184/1210/2274 4408/1227/2285
f 4470/1173/2285 4478/1233/2274 4200/1234/2268 4409/1166/2280
f 4406/1213/2285 4408/1227/2285 4171/1195/2284 4172/1200/2284
f 4202/1146/2273 4203/1226/2274 4213/1219/2293 4211/1218/2299
f 4154/1180/2284 4402/1235/2285 4404/1236/2285 4141/1181/2284
f 4478/1233/2274 4479/1237/2274 4218/1238/2269 4200/1234/2268
f 4219/1160/2270 4218/1238/2269 4479/1237/2274 4469/1161/2276
f 4101/1097/2243 4116/1131/2262 4227/1239/2260 4220/1120/2256
f 4221/1240/65 4226/1241/2303 4110/1242/2304 4097/1122/2258
f 4108/1099/2245 4224/1112/2250 4223/1243/65 4098/1121/2257
f 4255/1151/65 4254/1244/65 4221/1245/65 4223/1152/65
f 4116/1131/2262 4122/1134/2264 4228/1246/2266 4227/1239/2260
f 4205/1187/2274 4206/1186/2274 4215/1212/2293 4214/1221/2293
f 4169/1194/2248 4166/1247/78 4167/1248/78 4170/1199/2248
f 4271/1249/2305 4273/1250/2305 4189/1251/2306 4229/1252/2306
f 4137/1253/2248 4139/1178/2248 4141/1181/2284 4433/1254/2284
f 4270/1255/2307 4264/595/1857 4274/594/1856 4269/1256/2305
f 4283/1257/2308 4234/1258/2309 4240/1259/29 4249/1260/28
f 3782/600/1861 3674/1261/1852 3675/601/1862
f 4290/1262/2310 4189/1251/2306 4273/1250/2305 4272/1263/2311
f 4408/1227/2285 4184/1210/2274 4181/1185/2274 4400/1228/2285
f 4400/1228/2285 4181/1185/2274 4180/1184/2274 4401/1264/2285
f 4237/1265/2312 4232/1266/2313 4388/546/1826 4387/545/1825
f 3638/988/2199 3673/987/1854 3670/1267/1837 3628/1268/2314
f 4416/1269/2315 4246/1270/2316 4247/1271/2317 4438/1272/2318
f 4231/1273/22 4283/1257/2308 4249/1260/28
f 4549/1274/2319 4410/559/1836 4267/558/1835 4544/1275/1835
f 4278/1276/1855 4280/1277/2320 4276/1278/2321 4275/1279/1856
f 4554/1280/1840 4551/1281/1842 4548/1282/1841 4546/1283/1840
f 4112/1284/565 4111/1285/565 4254/1244/65 4255/1151/65
f 4549/1274/2319 4550/1286/2322 4555/1287/2323
f 4542/1288/1845 4552/1289/1845 4553/1290/1846 4543/1291/1846
f 4290/1262/2310 4244/1292/19 4287/577/19 4392/576/10
f 4220/1124/2256 4253/1127/76 4257/1293/1847 4225/1294/2249
f 4224/1149/2250 4225/1294/2249 4257/1293/1847 4256/1150/1782
f 4133/1295/78 4134/1296/2324 4135/1297/2325 4136/1298/2326
f 4256/1150/1782 4257/1293/1847 4106/1115/2252 4105/1299/2251
f 4256/1150/1782 4105/1299/2251 4112/1284/565 4255/1151/65
f 4280/1300/2320 4279/1301/2327 4241/1302/19 4276/1303/2321
f 4282/1304/2328 4281/596/1858 4264/595/1857 4277/1305/2329
f 4271/1249/2305 4269/1256/2305 4274/594/1856 4243/777/1856
f 4279/1301/2327 4292/1306/2330 4244/1292/19 4241/1302/19
f 4278/1276/1855 4275/1279/1856 4243/777/1856
f 4283/1257/2308 4231/1273/22 4236/1307/21 4396/1308/2331
f 4415/1309/2332 4284/1310/2333 4417/1311/2334
f 4233/1312/2306 4229/1252/2306 4389/604/76 4391/603/76
f 4272/1263/2311 4276/1303/2321 4241/1302/19
f 4273/1250/2305 4275/1279/1856 4276/1278/2321 4272/1263/2311
f 4232/1266/2313 4233/1312/2306 4391/603/76 4388/546/1826
f 3800/1047/130 3825/432/75 3537/453/75
f 4268/1313/2335 4270/1255/2307 4232/1266/2313 4237/1265/2312
f 4268/1313/2335 4277/1305/2329 4264/595/1857 4270/1255/2307
f 3670/1314/1837 3666/539/1820 3636/597/1820
f 4542/1288/1845 4251/608/1845 4222/607/1864 4545/1315/1864
f 4233/1312/2306 4232/1266/2313 4270/1255/2307 4269/1256/2305
f 4377/1316/2336 4277/1305/2329 4268/1313/2335 4375/1317/2337
f 4282/1304/2328 4277/1305/2329 4377/1316/2336 4378/1318/2338
f 4553/1290/1846 4552/1289/1845 4557/1319/2339
f 4328/613/1869 4331/1320/2340 4330/1321/2341 4329/614/1870
f 4295/617/1873 4302/1322/2342 4301/1323/2343 4294/618/1874
f 4356/621/80 4299/624/1879 4306/1324/2344 4359/1325/2345
f 4297/625/1880 4304/1326/2346 4303/1327/2347 4296/626/1881
f 4297/625/1880 4298/630/1885 4305/1328/2348 4304/1326/2346
f 4293/631/1886 4329/614/1870 4330/1321/2341 4300/1329/2349
f 4358/1330/2345 4360/1331/2350 4312/1332/2351 4305/1328/2348
f 4295/617/1873 4296/626/1881 4303/1327/2347 4302/1322/2342
f 4303/1327/2347 4304/1326/2346 4311/1333/2352 4310/1334/2353
f 4304/1326/2346 4305/1328/2348 4312/1332/2351 4311/1333/2352
f 4331/1320/2340 4301/1323/2343 4308/1335/2354 4333/1336/2355
f 4360/1331/2350 4361/1337/2350 4363/1338/2356 4362/1339/2356
f 4301/1323/2343 4302/1322/2342 4309/1340/2357 4308/1335/2354
f 4310/1334/2353 4317/1341/2358 4316/1342/2359 4309/1340/2357
f 4303/1327/2347 4310/1334/2353 4309/1340/2357 4302/1322/2342
f 4310/1334/2353 4311/1333/2352 4318/1343/2360 4317/1341/2358
f 4332/1344/2361 4334/1345/2362 4314/1346/2363 4307/1347/2364
f 4330/1321/2341 4332/1344/2361 4307/1347/2364 4300/1329/2349
f 4362/1339/2356 4364/1348/2365 4326/1349/2366 4319/1350/2367
f 4333/1336/2355 4308/1335/2354 4315/1351/2368 4335/1352/2369
f 4317/1341/2358 4318/1343/2360 4325/1353/2370 4324/1354/2371
f 4308/1335/2354 4309/1340/2357 4316/1342/2359 4315/1351/2368
f 4318/1343/2360 4319/1350/2367 4326/1349/2366 4325/1353/2370
f 4335/1352/2369 4315/1351/2368 4322/1355/2372 4337/1356/2373
f 4332/1344/2361 4333/1336/2355 4335/1352/2369 4334/1345/2362
f 4315/1351/2368 4316/1342/2359 4323/1357/2374 4322/1355/2372
f 4317/1341/2358 4324/1354/2371 4323/1357/2374 4316/1342/2359
f 4334/1345/2362 4336/1358/2375 4321/1359/2376 4314/1346/2363
f 4364/1348/2365 4366/1360/2377 4343/1361/2378 4326/1349/2366
f 4324/1354/2371 4325/1353/2370 4342/1362/2379 4341/1363/2380
f 4325/1353/2370 4326/1349/2366 4343/1361/2378 4342/1362/2379
f 4337/1356/2373 4322/1355/2372 4339/1364/2381 4346/1365/2382
f 4298/630/1885 4357/669/80 4358/1330/2345 4305/1328/2348
f 4330/1321/2341 4331/1320/2340 4333/1336/2355 4332/1344/2361
f 4360/1331/2350 4362/1339/2356 4319/1350/2367 4312/1332/2351
f 4334/1345/2362 4335/1352/2369 4337/1356/2373 4336/1358/2375
f 4336/1358/2375 4337/1356/2373 4346/1365/2382 4345/1366/2383
f 4345/1366/2383 4346/1365/2382 4355/1367/2384 4354/1368/2385
f 4336/1358/2375 4345/1366/2383 4338/1369/2386 4321/1359/2376
f 4366/1360/2377 4368/1370/2387 4352/1371/2388 4343/1361/2378
f 4322/1355/2372 4323/1357/2374 4340/1372/2389 4339/1364/2381
f 4341/1363/2380 4342/1362/2379 4351/1373/2390 4350/1374/2391
f 4324/1354/2371 4341/1363/2380 4340/1372/2389 4323/1357/2374
f 4342/1362/2379 4343/1361/2378 4352/1371/2388 4351/1373/2390
f 4346/1365/2382 4339/1364/2381 4348/1375/2392 4355/1367/2384
f 4345/1366/2383 4354/1368/2385 4347/1376/2393 4338/1369/2386
f 4348/1375/2392 4352/1377/2388 4368/1378/2387 4355/1367/2384
f 4339/1364/2381 4340/1372/2389 4349/1379/2394 4348/1375/2392
f 4341/1363/2380 4350/1374/2391 4349/1379/2394 4340/1372/2389
f 4351/1380/2390 4352/1377/2388 4348/1375/2392 4349/1379/2394
f 4357/669/80 4356/621/80 4359/1325/2345 4358/1330/2345
f 4358/1330/2345 4359/1325/2345 4361/1337/2350 4360/1331/2350
f 4306/1324/2344 4313/1381/2395 4361/1337/2350 4359/1325/2345
f 4311/1333/2352 4312/1332/2351 4319/1350/2367 4318/1343/2360
f 4362/1339/2356 4363/1338/2356 4365/1382/2365 4364/1348/2365
f 4320/1383/2396 4327/1384/2397 4365/1382/2365 4363/1338/2356
f 4364/1348/2365 4365/1382/2365 4367/1385/2377 4366/1360/2377
f 4327/1384/2397 4344/1386/2398 4367/1385/2377 4365/1382/2365
f 4366/1360/2377 4367/1385/2377 4369/1387/2399 4368/1370/2387
f 4344/1386/2398 4353/1388/2400 4369/1387/2399 4367/1385/2377
f 4355/1367/2384 4368/1378/2387 4369/1389/2399 4354/1368/2385
f 4353/1390/2400 4347/1376/2393 4354/1368/2385 4369/1389/2399
f 4349/1379/2394 4350/1374/2391 4351/1380/2390
f 4375/1317/2337 4268/1313/2335 4237/1265/2312 4373/1391/2401
f 4373/1391/2401 4237/1265/2312 4387/545/1825 4393/696/1940
f 4271/1249/2305 4243/777/1856 4275/1279/1856 4273/1250/2305
f 4382/1392/2402 4373/1391/2401 4393/696/1940 4394/698/1942
f 4233/1312/2306 4269/1256/2305 4271/1249/2305 4229/1252/2306
f 4379/1393/2403 4378/1318/2338 4377/1316/2336 4376/1394/2404
f 4374/1395/2405 4376/1394/2404 4377/1316/2336 4375/1317/2337
f 4374/1395/2405 4375/1317/2337 4373/1391/2401 4382/1392/2402
f 4179/1396/2274 4180/1184/2274 4205/1187/2274 4204/1397/2274
f 4490/464/1799 4491/705/1946 4158/1398/2288 4145/1182/2286
f 4161/1193/2248 4159/1191/78 4166/1247/78 4169/1194/2248
f 4157/1399/2248 4155/1188/78 4159/1191/78 4161/1193/2248
f 4223/1243/65 4221/1240/65 4097/1122/2258 4098/1121/2257
f 4142/1168/78 4139/1178/2248 4137/1253/2248 4432/1400/2406 4434/1169/2281
f 4399/1401/65 4129/1402/1948 4262/1403/562
f 4544/1275/1835 4267/558/1835 4258/711/1846 4543/1291/1846
f 4198/1108/2248 4195/1107/78 4477/1158/2275 4475/1404/2407 4481/1177/2248
f 4438/1272/2318 4247/1271/2317 4248/1405/2408 4415/1309/2332
f 4423/1406/1951 4419/1407/1951 4420/1408/1952
f 4248/1405/2408 4284/1310/2333 4415/1309/2332
f 4468/1223/2277 4185/1409/2409 4430/1410/2410 4480/1224/2302
f 4421/1411/1955 4423/1406/1951 4420/1408/1952
f 4421/1411/1955 4452/1412/1955 4451/1413/1951 4427/1414/2411 4426/1415/2412 4423/1406/1951
f 4425/1416/2413 4422/1417/2414 4418/1418/2415 4424/1419/2416
f 4427/1414/2411 4460/1420/2417 4459/1421/2
f 4464/1422/65 4399/1401/65 4412/1423/2418 4462/1424/1962
f 4427/1414/2411 4459/1421/2 4455/1425/2
f 4464/1422/65 4129/1402/1948 4399/1401/65
f 4402/1235/2285 4178/1225/2274 4177/1145/2272 4404/1236/2285
f 4206/1186/2274 4209/1209/2274 4217/1203/2293 4215/1212/2293
f 4156/1426/2284 4160/1192/2284 4400/1228/2285 4401/1264/2285
f 4132/1136/78 4133/1295/78 4197/1427/78 4199/1157/78
f 4197/1427/78 4133/1295/78 4136/1298/2326 4196/1428/134
f 4424/1419/2416 4418/1418/2415 4419/1407/1951 4423/1406/1951 4426/1415/2412
f 4415/1309/2332 4436/1429/2419 4439/1430/2420 4438/1272/2318
f 4197/1427/78 4196/1428/134 4467/1431/134 4466/1154/78
f 4449/1432/2421 4429/1433/2422 4456/1434/2423 4465/1435/2424
f 4460/1420/2417 4454/1436/76 4447/1437/76 4458/1438/2425
f 4397/1439/2426 4411/1440/2427 4413/1441/2428 4412/1423/2418 4399/1401/65 4398/1442/65
f 4451/1413/1951 4444/742/1951 4445/741/1969 4427/1414/2411
f 4455/1425/2 4428/1443/76 4453/1444/76 4459/1421/2
f 4397/1439/2426 4128/1445/2267 4409/1446/2280 4200/1141/2268 4201/1144/2271
f 4228/1246/2266 4122/1134/2264 4127/1164/2278 4128/1163/2267
f 4461/1447/1952 4443/749/1952 4444/742/1951 4451/1413/1951
f 4449/1432/2421 4448/752/1971 4442/751/1962 4462/1424/1962
f 4450/1448/80 4465/1435/2424 4457/1449/2429 4446/1450/80
f 4461/1447/1952 4451/1413/1951 4452/1412/1955
f 4459/1421/2 4453/1444/76 4454/1451/76 4460/1420/2417
f 4458/1438/2425 4457/1449/2429 4465/1435/2424 4460/1420/2417
f 4462/1424/1962 4442/751/1962 4441/753/65 4464/1422/65
f 4201/1144/2271 4414/1222/2301 4411/1440/2427 4397/1439/2426
f 4556/1452/2430 4551/1281/1842 4554/1280/1840 4558/1453/1840
f 4555/1287/2323 4550/1286/2322 4559/1454/2431
f 4559/1454/2431 4550/1286/2322 4557/1319/2339
f 4543/1291/1846 4258/711/1846 4251/608/1845 4542/1288/1845
f 4491/705/1946 4492/758/1974 4162/1455/2289 4158/1398/2288
f 4492/758/1974 4493/760/1975 4526/1456/2290 4162/1455/2289
f 4137/1253/2248 4481/1177/2248 4475/1404/2407 4432/1400/2406
f 4222/607/1864 4528/761/1978 4545/1315/1864
f 4485/762/1979 4497/765/80 4196/1457/134 4136/1458/2326
f 4260/1126/76 4227/1125/2260 4228/1138/2266 4261/1137/76
f 4132/1136/78 4131/1135/2265 4134/1296/2324 4133/1295/78
f 4462/1424/1962 4412/1423/2418 4429/1433/2422 4449/1432/2421
f 4522/1459/19 4503/1460/19 4516/769/19 4514/768/19
f 4229/1252/2306 4189/1251/2306 4390/771/76 4389/604/76
f 4100/1100/2246 4108/1099/2245 4098/1121/2257 4104/1118/2254
f 3800/1461/130 3549/1022/130 4489/1021/80 4486/1462/80
f 4497/765/80 3595/764/130 3800/1461/130 4486/1462/80
f 4524/1463/1981 4512/775/1983 4513/774/1982 4518/1464/1982
f 4536/778/10 4538/1465/10 4539/1466/417 4532/779/417
f 4534/1467/2432 4540/1468/2433 4541/1469/2434 4530/1470/2435
f 4538/1465/10 4535/1471/420 4531/1472/410 4539/1466/417
f 4541/1469/2434 4533/788/566 4532/779/417 4539/1466/417
f 4540/1468/2433 4534/1473/2432 4535/1474/420 4538/1475/10
f 4540/1468/2433 4537/792/562 4533/788/566 4541/1469/2434
f 4530/1476/2435 4541/1469/2434 4539/1466/417 4531/1472/410
f 4537/792/562 4540/1468/2433 4538/1475/10 4536/794/10
f 4535/1477/420 4534/1467/2432 4530/1470/2435 4531/1478/410
f 4094/1096/2242 4078/1095/2241 4079/1085/2233 4093/1082/2231
f 4080/1086/2234 4079/1085/2233 4089/1092/2240 4088/1094/78
f 4550/1286/2322 4549/1274/2319 4544/1275/1835
f 4545/1315/1864 4552/1289/1845 4542/1288/1845
f 4553/1290/1846 4550/1286/2322 4544/1275/1835 4543/1291/1846
f 4127/1164/2278 4122/1134/2264 4123/1133/2248 4126/1109/2248
f 4159/1191/78 4162/1190/2289 4165/1196/78 4166/1247/78
f 4199/1157/78 4197/1427/78 4466/1154/78 4482/1153/78
f 4545/1315/1864 4134/1479/2324 4131/1480/2265
f 4549/1274/2319 4555/1287/2323 4547/1481/1988
f 4107/1482/2247 4548/1282/1841 4551/1281/1842 4259/1483/1989
f 4111/1285/565 4107/1484/2247 4259/1485/1989 4254/1244/65
f 4557/1319/2339 4115/1486/2255 4104/1487/2254 4559/1454/2431
f 4118/1128/2261 4260/1126/76 4261/1137/76 4124/1488/76
f 4253/1127/76 4260/1126/76 4118/1128/2261 4096/1116/132
f 4156/1426/2284 4157/1399/2248 4161/1193/2248 4160/1192/2284
f 4163/1489/2436 4164/1490/78 4525/1491/78 4173/1492/2437
f 4557/1319/2339 4552/1289/1845 4121/1493/2263
f 4102/1494/2438 4110/1495/2304 4226/1496/2303 4556/1452/2430
f 4558/1453/1840 4554/1280/1840 4555/1287/2323 4559/1454/2431
f 4557/1319/2339 4121/1493/2263 4115/1486/2255
f 4557/1319/2339 4550/1286/2322 4553/1290/1846
f 4545/1315/1864 4528/761/1978 4134/1479/2324
f 4125/1497/76 4124/1488/76 4261/1137/76 4262/1140/562 4129/1498/1948
f 4265/1499/19 4266/1500/19 4250/1501/2439
f 4104/1487/2254 4103/1502/2259 4558/1453/1840 4559/1454/2431
f 4257/1293/1847 4253/1127/76 4096/1116/132 4106/1115/2252
f 4259/1483/1989 4551/1281/1842 4556/1452/2430 4226/1496/2303
f 4221/1245/65 4254/1244/65 4259/1485/1989 4226/1503/2303
f 4103/1123/2259 4097/1122/2258 4110/1242/2304 4102/1504/2438
f 4555/1287/2323 4554/1280/1840 4546/1283/1840 4547/1481/1988
f 4103/1502/2259 4102/1494/2438 4556/1452/2430 4558/1453/1840
f 4565/820/1993 4573/1505/2440 4572/1506/2441 4564/821/80
f 4564/821/80 4572/1506/2441 4571/1505/2442 4563/820/1996
f 4568/1507/2443 4569/1508/2444 4579/1509/2445 4582/1510/2446
f 4563/820/1996 4571/1505/2442 4570/1511/2447 4562/828/2002
f 4560/830/2004 4561/831/2005 4569/1508/2444 4568/1507/2443
f 4566/828/2006 4567/833/2009 4575/1512/2448 4574/1511/2449
f 4582/1510/2446 4579/1509/2445 4585/1513/2450 4584/1514/2451
f 4573/1505/2440 4574/1511/2449 4577/1515/2452 4578/1516/2453
f 4572/1506/2441 4573/1505/2440 4578/1516/2453 4580/1517/2454
f 4583/1515/2455 4581/1516/2456 4587/1518/2457 4586/1519/2458
f 4571/1505/2442 4572/1506/2441 4580/1517/2454 4581/1516/2456
f 4583/1515/2455 4586/1519/2458 4585/1513/2450 4579/1509/2445
f 4570/1511/2447 4571/1505/2442 4581/1516/2456 4583/1515/2455
f 4569/1508/2444 4570/1511/2447 4583/1515/2455 4579/1509/2445
f 4574/1511/2449 4575/1512/2448 4576/1520/2459 4577/1515/2452
f 4575/1512/2448 4568/1507/2443 4582/1510/2446 4576/1520/2459
f 4591/1521/2460 4576/1520/2459 4582/1510/2446 4584/1514/2451
f 4586/1519/2458 4594/1522/2461 4593/1523/2462 4585/1513/2450
f 4580/1517/2454 4578/1516/2453 4589/1518/2463 4588/1524/2464
f 4581/1516/2456 4580/1517/2454 4588/1524/2464 4587/1518/2457
f 4584/1514/2451 4592/1525/2465 4599/1526/2466 4591/1521/2460
f 4585/1513/2450 4593/1523/2462 4592/1525/2465 4584/1514/2451
f 4576/1520/2459 4591/1521/2460 4590/1519/2467 4577/1515/2452
f 4578/1516/2453 4577/1515/2452 4590/1519/2467 4589/1518/2463
f 4587/1518/2457 4595/1527/2468 4594/1522/2461 4586/1519/2458
f 4591/1521/2460 4599/1526/2466 4598/1522/2469 4590/1519/2467
f 4590/1519/2467 4598/1522/2469 4597/1527/2470 4589/1518/2463
f 4589/1518/2463 4597/1527/2470 4596/1528/2471 4588/1524/2464
f 4588/1524/2464 4596/1528/2471 4595/1527/2468 4587/1518/2457
f 4593/1523/2462 4601/1529/2472 4600/1530/2473 4592/1525/2465
f 4592/1525/2465 4600/1530/2473 4607/1531/2474 4599/1526/2466
f 4595/1527/2468 4603/1532/2475 4602/1533/2476 4594/1522/2461
f 4594/1522/2461 4602/1533/2476 4601/1529/2472 4593/1523/2462
f 4599/1526/2466 4607/1531/2474 4606/1533/2477 4598/1522/2469
f 4598/1522/2469 4606/1533/2477 4605/1532/2478 4597/1527/2470
f 4597/1527/2470 4605/1532/2478 4604/1534/2479 4596/1528/2471
f 4596/1528/2471 4604/1534/2479 4603/1532/2475 4595/1527/2468
f 4603/1532/2475 4611/1535/2480 4610/1536/2481 4602/1533/2476
f 4602/1533/2476 4610/1536/2481 4609/1537/2482 4601/1529/2472
f 4601/1529/2472 4609/1537/2482 4608/1538/2483 4600/1530/2473
f 4600/1530/2473 4608/1538/2483 4615/1539/2484 4607/1531/2474
f 4606/1533/2477 4614/1536/2485 4613/1535/2486 4605/1532/2478
f 4609/1537/2482 4610/1536/2481 4618/1540/2487 4617/1541/2488
f 4605/1532/2478 4613/1535/2486 4612/1542/2489 4604/1534/2479
f 4608/1538/2483 4609/1537/2482 4617/1541/2488 4616/1543/2490
f 4604/1534/2479 4612/1542/2489 4611/1535/2480 4603/1532/2475
f 4617/1541/2488 4625/1544/2491 4624/1545/2492 4616/1543/2490
f 4614/1536/2485 4615/1539/2484 4623/1546/2493 4622/1540/2494
f 4607/1531/2474 4615/1539/2484 4614/1536/2485 4606/1533/2477
f 4615/1539/2484 4608/1538/2483 4616/1543/2490 4623/1546/2493
f 4613/1535/2486 4614/1536/2485 4622/1540/2494 4621/1547/2495
f 4612/1542/2489 4613/1535/2486 4621/1547/2495 4620/1548/2496
f 4619/1547/2497 4627/1549/2498 4626/1550/2499 4618/1540/2487
f 4611/1535/2480 4612/1542/2489 4620/1548/2496 4619/1547/2497
f 4618/1540/2487 4626/1550/2499 4625/1544/2491 4617/1541/2488
f 4610/1536/2481 4611/1535/2480 4619/1547/2497 4618/1540/2487
f 4616/1543/2490 4624/1545/2492 4631/1551/2500 4623/1546/2493
f 4622/1540/2494 4630/1550/2501 4629/1549/2502 4621/1547/2495
f 4621/1547/2495 4629/1549/2502 4628/1552/2503 4620/1548/2496
f 4620/1548/2496 4628/1552/2503 4627/1549/2498 4619/1547/2497
f 4625/1544/2491 4633/1553/2504 4632/1554/2505 4624/1545/2492
f 4623/1546/2493 4631/1551/2500 4630/1550/2501 4622/1540/2494
f 4627/1549/2498 4635/1555/2506 4634/1556/2507 4626/1550/2499
f 4626/1550/2499 4634/1556/2507 4633/1553/2504 4625/1544/2491
f 4624/1545/2492 4632/1554/2505 4639/1557/2508 4631/1551/2500
f 4631/1551/2500 4639/1557/2508 4638/1556/2509 4630/1550/2501
f 4630/1550/2501 4638/1556/2509 4637/1555/2510 4629/1549/2502
f 4629/1549/2502 4637/1555/2510 4636/1558/2511 4628/1552/2503
f 4628/1552/2503 4636/1558/2511 4635/1555/2506 4627/1549/2498
f 4632/1554/2505 4640/881/2073 4647/880/2072 4639/1557/2508
f 4637/1555/2510 4645/883/2074 4644/882/76 4636/1558/2511
f 4636/1558/2511 4644/882/76 4643/883/2075 4635/1555/2506
f 4561/831/2005 4562/828/2002 4570/1511/2447 4569/1508/2444
f 4638/1556/2509 4646/884/2076 4645/883/2074 4637/1555/2510
f 4635/1555/2506 4643/883/2075 4642/884/2077 4634/1556/2507
f 4633/1553/2504 4641/885/2078 4640/881/2073 4632/1554/2505
f 4639/1557/2508 4647/880/2072 4646/884/2076 4638/1556/2509
f 4634/1556/2507 4642/884/2077 4641/885/2078 4633/1553/2504
f 4574/1511/2449 4573/1505/2440 4565/820/1993 4566/828/2006
f 4655/886/2079 4648/886/2082 4656/1559/2512 4663/1559/2513
f 4657/1560/2514 4658/1561/2515 4762/1562/2516 4761/1563/2517
f 4654/892/2087 4655/886/2079 4663/1559/2513 4662/1560/2518
f 4652/893/2089 4653/895/2092 4661/1561/2519 4660/1564/2520
f 4650/895/2093 4651/893/2095 4659/1564/2521 4658/1561/2515
f 4648/886/2082 4649/892/2096 4657/1560/2514 4656/1559/2512
f 4651/893/2095 4652/893/2089 4660/1564/2520 4659/1564/2521
f 4675/896/2097 4674/899/2092 4666/1565/2522 4667/1566/2523
f 4672/900/2100 4679/900/2103 4671/1567/2524 4664/1567/2525
f 4677/899/2104 4676/896/2107 4668/1566/2526 4669/1565/2527
f 4678/902/2108 4677/899/2104 4669/1565/2527 4670/1568/2528
f 4676/896/2107 4675/896/2097 4667/1566/2523 4668/1566/2526
f 4679/900/2103 4678/902/2108 4670/1568/2528 4671/1567/2524
f 4673/902/2087 4672/900/2100 4664/1567/2525 4665/1568/2529
f 4686/904/2087 4687/907/2100 4695/1569/2530 4694/1570/2531
f 4680/907/2103 4681/904/2108 4689/1570/2532 4688/1569/2533
f 4683/908/2107 4684/908/2097 4692/1571/2534 4691/1571/2535
f 4681/904/2108 4682/911/2104 4690/1572/2536 4689/1570/2532
f 4682/911/2104 4683/908/2107 4691/1571/2535 4690/1572/2536
f 4687/907/2100 4680/907/2103 4688/1569/2533 4695/1569/2530
f 4684/908/2097 4685/911/2092 4693/1572/2537 4692/1571/2534
f 4707/912/2097 4706/915/2092 4698/1573/2537 4699/1574/2534
f 4704/916/2100 4711/916/2103 4703/1575/2533 4696/1575/2530
f 4709/915/2104 4708/912/2107 4700/1574/2535 4701/1573/2536
f 4710/918/2108 4709/915/2104 4701/1573/2536 4702/1576/2532
f 4708/912/2107 4707/912/2097 4699/1574/2534 4700/1574/2535
f 4711/916/2103 4710/918/2108 4702/1576/2532 4703/1575/2533
f 4705/918/2087 4704/916/2100 4696/1575/2530 4697/1576/2531
f 4718/920/2087 4719/923/2100 4727/1577/2538 4726/1578/2539
f 4712/923/2103 4713/920/2123 4721/1578/2540 4720/1577/2541
f 4715/924/2107 4716/924/2097 4724/1579/2542 4723/1579/2543
f 4713/920/2123 4714/927/2127 4722/1580/2544 4721/1578/2540
f 4714/927/2127 4715/924/2107 4723/1579/2543 4722/1580/2544
f 4719/923/2100 4712/923/2103 4720/1577/2541 4727/1577/2538
f 4716/924/2097 4717/927/2092 4725/1580/2545 4724/1579/2542
f 4741/928/2087 4742/931/2100 4759/1581/2538 4758/1582/2539
f 4728/931/2103 4729/928/2123 4744/1582/2540 4743/1581/2541
f 4731/932/2107 4732/932/2097 4747/1583/2542 4746/1583/2543
f 4729/928/2123 4730/935/2129 4745/1584/2544 4744/1582/2540
f 4730/935/2129 4731/932/2107 4746/1583/2543 4745/1584/2544
f 4753/936/2097 4752/939/2092 4736/1585/2546 4737/1586/2547
f 4742/931/2100 4728/931/2103 4743/1581/2541 4759/1581/2538
f 4750/940/2100 4757/940/2103 4749/1587/2548 4734/1587/2549
f 4732/932/2097 4733/935/2092 4748/1584/2545 4747/1583/2542
f 4755/939/2129 4754/936/2107 4738/1586/2550 4739/1585/2551
f 4756/942/2136 4755/939/2129 4739/1585/2551 4740/1588/2552
f 4754/936/2107 4753/936/2097 4737/1586/2547 4738/1586/2550
f 4757/940/2103 4756/942/2136 4740/1588/2552 4749/1587/2548
f 4751/942/2087 4750/940/2100 4734/1587/2549 4735/1588/2553
f 4777/1589/2554 4769/1590/2555 4770/1591/2556 4778/1592/2557
f 4760/1593/2558 4767/1593/2559 4663/1559/2513 4656/1559/2512
f 4660/1564/2520 4764/1594/2560 4763/1594/2561 4659/1564/2521
f 4657/1560/2514 4761/1563/2517 4760/1593/2558 4656/1559/2512
f 4661/1561/2519 4765/1562/2562 4764/1594/2560 4660/1564/2520
f 4659/1564/2521 4763/1594/2561 4762/1562/2516 4658/1561/2515
f 4761/1563/2517 4762/1562/2516 4770/1591/2556 4769/1590/2555
f 4777/1589/2554 4778/1592/2557 4786/1595/2563 4785/1596/2564
f 4764/1594/2560 4772/1597/2565 4771/1597/2566 4763/1594/2561
f 4761/1563/2517 4769/1590/2555 4768/1598/2567 4760/1593/2558
f 4767/1593/2559 4775/1598/2568 4774/1590/2569 4766/1563/2570
f 4765/1562/2562 4773/1591/2571 4772/1597/2565 4764/1594/2560
f 4663/1559/2513 4767/1593/2559 4766/1563/2570 4662/1560/2518
f 4763/1594/2561 4771/1597/2566 4770/1591/2556 4762/1562/2516
f 4772/1597/2565 4780/1599/2572 4779/1599/2573 4771/1597/2566
f 4771/1597/2566 4779/1599/2573 4778/1592/2557 4770/1591/2556
f 4769/1590/2555 4777/1589/2554 4776/1600/2574 4768/1598/2567
f 4776/1600/2574 4783/1600/2575 4775/1598/2568 4768/1598/2567
f 4775/1598/2568 4783/1600/2575 4782/1589/2576 4774/1590/2569
f 4773/1591/2571 4781/1592/2577 4780/1599/2572 4772/1597/2565
f 4768/1598/2567 4775/1598/2568 4767/1593/2559 4760/1593/2558
f 4785/1596/2564 4786/1595/2563 4794/1601/2578 4793/1602/2579
f 4780/1599/2572 4788/1603/2580 4787/1603/2581 4779/1599/2573
f 4779/1599/2573 4787/1603/2581 4786/1595/2563 4778/1592/2557
f 4793/1602/2579 4794/1601/2578 4802/1604/2582 4801/1605/2583
f 4781/1592/2577 4789/1595/2584 4788/1603/2580 4780/1599/2572
f 4777/1589/2554 4785/1596/2564 4784/1606/2585 4776/1600/2574
f 4784/1606/2585 4791/1606/2586 4783/1600/2575 4776/1600/2574
f 4783/1600/2575 4791/1606/2586 4790/1596/2587 4782/1589/2576
f 4791/1606/2586 4799/1607/2588 4798/1602/2589 4790/1596/2587
f 4788/1603/2580 4796/1608/2590 4795/1608/2591 4787/1603/2581
f 4787/1603/2581 4795/1608/2591 4794/1601/2578 4786/1595/2563
f 4803/1609/2592 4804/1609/2593 4812/1610/2594 4811/1610/2595
f 4789/1595/2584 4797/1601/2596 4796/1608/2590 4788/1603/2580
f 4785/1596/2564 4793/1602/2579 4792/1607/2597 4784/1606/2585
f 4792/1607/2597 4799/1607/2588 4791/1606/2586 4784/1606/2585
f 4793/1602/2579 4801/1605/2583 4800/1611/2598 4792/1607/2597
f 4799/1607/2588 4807/1611/2599 4806/1605/2600 4798/1602/2589
f 4796/1608/2590 4804/1609/2593 4803/1609/2592 4795/1608/2591
f 4795/1608/2591 4803/1609/2592 4802/1604/2582 4794/1601/2578
f 4801/1605/2583 4802/1604/2582 4810/1612/2601 4809/1613/2602
f 4797/1601/2596 4805/1604/2603 4804/1609/2593 4796/1608/2590
f 4800/1611/2598 4807/1611/2599 4799/1607/2588 4792/1607/2597
f 4802/1604/2582 4803/1609/2592 4811/1610/2595 4810/1612/2601
f 4806/1605/2600 4807/1611/2599 4815/1614/2604 4814/1613/2605
f 4800/1611/2598 4801/1605/2583 4809/1613/2602 4808/1614/2606
f 4804/1609/2593 4805/1604/2603 4813/1612/2607 4812/1610/2594
f 4649/892/2096 4650/895/2093 4658/1561/2515 4657/1560/2514
f 4800/1611/2598 4808/1614/2606 4815/1614/2604 4807/1611/2599
f 4294/618/1874 4301/1323/2343 4331/1320/2340 4328/613/1869
f 4313/1381/2395 4320/1383/2396 4363/1338/2356 4361/1337/2350
f 4567/833/2009 4560/830/2004 4568/1507/2443 4575/1512/2448
f 4398/1442/65 4399/1401/65 4262/1403/562 4128/1445/2267 4397/1439/2426
f 4464/1422/65 4441/753/65 4440/971/65 4463/1615/65
f 4463/1615/65 4129/1402/1948 4464/1422/65
f 4476/1172/2284 4481/1177/2248 4137/1253/2248 4433/1254/2284
f 4477/1158/2275 4482/1153/78 4431/1156/78 4434/1169/2281
f 4467/1616/134 4486/1462/80 4489/1021/80 4150/1617/134
f 4468/1162/2277 4469/1161/2276 4210/1618/2608 4185/1619/2409
f 4471/1155/78 4138/1174/78 4140/1167/78 4431/1156/78
f 4475/1404/2407 4483/1620/2609 4474/1621/2610 4432/1400/2406
f 4405/1622/2285 4470/1173/2285 4476/1172/2284 4433/1254/2284
f 4185/1619/2409 4210/1618/2608 4211/1218/2299 4186/1217/2298
f 4404/1236/2285 4177/1145/2272 4473/1148/2274 4405/1622/2285
f 4433/1254/2284 4141/1181/2284 4404/1236/2285 4405/1622/2285
f 4435/1147/2274 4202/1146/2273 4211/1218/2299 4210/1618/2608
f 4473/1148/2274 4435/1147/2274 4479/1237/2274 4478/1233/2274
f 4405/1622/2285 4473/1148/2274 4478/1233/2274 4470/1173/2285
f 4479/1237/2274 4435/1147/2274 4210/1618/2608 4469/1161/2276
f 4411/1440/2427 4414/1222/2301 4425/1416/2413 4424/1419/2416
f 4429/1433/2422 4412/1423/2418 4413/1441/2428 4411/1440/2427 4424/1419/2416 4426/1415/2412
f 4449/1432/2421 4465/1435/2424 4460/1420/2417 4427/1414/2411
f 4448/752/1971 4449/1432/2421 4427/1414/2411 4445/741/1969
f 4422/1417/2414 4425/1416/2413 4415/1309/2332 4417/1311/2334
f 4139/1178/2248 4142/1168/78 4148/1623/78 4153/1179/2248
f 4148/1623/78 4142/1168/78 4140/1167/78 4151/1176/78
f 4136/1458/2326 4135/1624/2325 4529/981/2197 4485/762/1979
f 4143/1625/2284 4144/1626/2248 4157/1399/2248 4156/1426/2284
f 4166/1247/78 4165/1196/78 4164/1490/78 4167/1248/78
f 4246/1270/2316 4416/1269/2315 4430/1410/2410
f 4552/1289/1845 4131/1480/2265 4121/1493/2263
f 4182/1215/2296 4207/1627/2611 4208/1208/2274 4183/1207/2274
f 3596/733/75 3820/433/75 3800/1047/130 3595/734/130
f 4392/576/10 4390/771/76 4189/1251/2306 4290/1262/2310
f 4167/1248/78 4164/1490/78 4163/1489/2436 4168/1628/408
f 4430/1410/2410 4185/1409/2409 4186/1629/2298 4246/1270/2316
f 4496/450/1793 4495/999/2202 4175/1630/2612 4176/1170/2282
f 4552/1289/1845 4545/1315/1864 4131/1480/2265
f 4244/1292/19 4290/1262/2310 4272/1263/2311 4241/1302/19
f 4191/1631/2294 4242/1632/24 4230/1633/23 4190/1634/2300
f 4191/1631/2294 4193/1635/2292 4238/1636/25 4242/1632/24
f 4286/1637/2204 4285/1638/2613 4292/1639/2330 4279/1640/2327
f 4292/1639/2330 4285/1638/2613 4289/1007/2207 4288/1006/2206
f 4288/1008/2206 4287/577/19 4244/1292/19 4292/1306/2330
f 4252/1641/19 4817/1642/2614 4285/1638/2613 4286/1637/2204
f 4291/1643/19 4521/1012/19 4504/1011/10 4505/1644/2615
f 4291/1645/19 4263/1646/2616 4511/1647/2617 4520/1648/19
f 4508/1649/2618 4522/1459/19 4507/1650/19 4510/1651/2619
f 4493/760/1975 4494/447/1790 4174/1171/2283 4526/1456/2290
f 4164/1490/78 4165/1196/78 4527/1198/78 4525/1491/78
f 4528/761/1978 4529/981/2197 4135/1624/2325 4134/1479/2324
f 4176/1206/2282 4175/1652/2612 4525/1491/78 4527/1198/78
f 4489/1021/80 4488/1024/2212 4149/1653/2620 4150/1617/134
f 4146/1654/2287 4152/1175/78 4150/1655/134 4149/1656/2620
f 4151/1176/78 4145/1657/2286 4147/1658/78 4148/1623/78
f 4488/1024/2212 4487/461/1796 4146/1183/2287 4149/1653/2620
f 4148/1623/78 4147/1658/78 4144/1626/2248 4153/1179/2248
f 4152/1175/78 4146/1654/2287 4145/1657/2286 4151/1176/78
f 4153/1179/2248 4144/1626/2248 4143/1625/2284 4154/1180/2284
f 4204/1397/2274 4205/1187/2274 4214/1221/2293 4212/1659/2293
f 4203/1226/2274 4204/1397/2274 4212/1659/2293 4213/1219/2293
f 4407/1660/2285 4179/1396/2274 4178/1225/2274 4402/1235/2285
f 4407/1660/2285 4401/1264/2285 4180/1184/2274 4179/1396/2274
f 4154/1180/2284 4143/1625/2284 4407/1660/2285 4402/1235/2285
f 4403/1661/2295 4510/1651/2619 4507/1650/19 4517/1662/19
f 4179/1396/2274 4204/1397/2274 4203/1226/2274 4178/1225/2274
f 4147/1658/78 4145/1657/2286 4158/1189/2288 4155/1188/78
f 4188/1663/2621 4212/1659/2293 4214/1221/2293 4190/1220/2300
f 4144/1626/2248 4147/1658/78 4155/1188/78 4157/1399/2248
f 4156/1426/2284 4401/1264/2285 4407/1660/2285 4143/1625/2284
f 4187/1216/2297 4213/1219/2293 4212/1659/2293 4188/1663/2621
f 4207/1664/2611 4519/1665/19 4520/1648/19 4511/1647/2617
f 4172/1200/2284 4510/1666/2619 4403/1214/2295 4406/1213/2285
f 4525/1491/78 4175/1652/2612 4509/1667/2622 4173/1492/2437
f 4495/999/2202 4512/1040/1983 4509/1668/2622 4175/1630/2612
f 4170/1199/2248 4167/1248/78 4168/1628/408 4508/1669/2618
f 4172/1200/2284 4170/1199/2248 4508/1669/2618 4510/1666/2619
f 4192/1201/2291 4216/1204/2293 4511/1670/2617 4263/1671/2616
f 4208/1208/2274 4207/1627/2611 4511/1670/2617 4216/1204/2293
f 4163/1672/2436 4173/1673/2437 4518/1464/1982 4506/1674/2215
f 4187/1675/2297 4239/1676/26 4246/1677/2316 4186/1678/2298
f 4517/1662/19 4502/1050/19 4515/1049/19 4523/1679/19
f 4519/1665/19 4500/1052/19 4501/1051/19 4520/1648/19
f 4523/1679/19 4515/1049/19 4500/1052/19 4519/1665/19
f 4403/1661/2295 4517/1662/19 4523/1679/19 4182/1680/2296
f 4522/1459/19 4514/768/19 4498/1054/19 4507/1650/19
f 4506/1674/2215 4499/1055/2215 4516/769/19 4503/1460/19
f 4521/1056/19 4291/1645/19 4520/1648/19 4501/1051/19
f 4506/1674/2215 4518/1464/1982 4513/774/1982 4499/1055/2215
f 4509/1681/2622 4524/1463/1981 4518/1464/1982 4173/1673/2437
f 4182/1680/2296 4523/1679/19 4519/1665/19 4207/1664/2611
f 4168/1682/408 4503/1460/19 4522/1459/19 4508/1649/2618
f 4163/1672/2436 4506/1674/2215 4503/1460/19 4168/1682/408
f 4507/1650/19 4498/1054/19 4502/1050/19 4517/1662/19
f 4374/1395/2405 4371/1683/2623 4385/1684/2624 4376/1394/2404
f 4370/1685/2625 4371/1683/2623 4374/1395/2405 4382/1392/2402
f 4380/1686/2626 4816/1687/2627 4383/1064/2221 4395/1688/2628
f 4379/1393/2403 4376/1394/2404 4385/1684/2624 4386/1689/2629
f 4394/698/1942 4372/1067/2224 4370/1685/2625 4382/1392/2402
f 4395/1688/2628 4383/1064/2221 4381/1068/2225
f 4384/1690/65 4371/1683/2623 4370/1685/2625 4816/1691/2627
f 4383/1071/2221 4816/1691/2627 4370/1685/2625 4372/1067/2224
f 4386/1692/2629 4385/1684/2624 4371/1683/2623 4384/1690/65
f 4817/1642/2614 4820/1693/31 4818/1694/30 4285/1638/2613
f 4246/1677/2316 4239/1676/26 4240/1259/29 4247/1695/2317
f 3670/1696/1837 3636/597/1820 3667/561/1820
f 4299/1697/1879 3687/1698/1878 3694/1699/1933 3701/1700/1934 3708/1701/1935 3723/1702/1936 3732/1703/1938 3726/1704/1931 3717/1705/1924 3702/1706/1913 3695/1707/1901 3688/1708/1900 3681/1709/1887 4293/1710/1886 4300/1711/2349 4307/1712/2364 4314/1713/2363 4321/1714/2376 4338/1715/2386 4347/1716/2393 4353/1717/2400 4344/1718/2398 4327/1719/2397 4320/1720/2396 4313/1721/2395 4306/1722/2344
f 4417/1311/2334 4284/1310/2333 4282/1723/2328
f 3642/1724/1950 3675/989/1862 3638/988/2199 3634/1725/5 3641/1726/1830
f 4283/1257/2308 4278/1727/1855 4281/1728/1858 4234/1258/2309
f 3643/1729/2630 3672/1730/1839 3671/1003/1851 3677/1002/2204
f 3800/1047/130 3537/453/75 3551/455/75 3549/1027/130
f 3628/1268/2314 3670/1267/1837 3672/1731/1839 3643/1732/2630 3762/1733/2631
f 4248/1734/2408 4247/1695/2317 4240/1259/29 4234/1258/2309 4284/1735/2333
f 4284/1735/2333 4234/1258/2309 4281/1728/1858 4282/1736/2328
f 3670/1314/1837 3673/592/1854 3657/540/1821 3666/539/1820
f 4235/1737/2632 4280/1738/2320 4278/1739/1855 4283/1740/2308 4396/1308/2331
f 4235/1741/2632 4286/1637/2204 4279/1640/2327 4280/1742/2320
f 4250/1501/2439 4266/1500/19 4235/1741/2632
f 4250/1743/2439 4235/1737/2632 4396/1308/2331 4236/1307/21
f 4471/1155/78 4466/1154/78 4467/1431/134
f 4467/1431/134 4150/1655/134 4152/1175/78 4138/1174/78
f 4497/765/80 4486/1462/80 4467/1616/134 4196/1457/134
f 4467/1431/134 4138/1174/78 4471/1155/78
f 3799/444/1789 3831/434/1783 3838/1744/2633 3827/1745/1976
f 3837/1746/2634 3826/1747/1977 3827/1745/1976 3838/1744/2633
f 3831/434/1783 3829/712/1949 3837/1746/2634 3838/1744/2633
f 3829/712/1949 3797/707/1947 3826/1747/1977 3837/1746/2634
f 4434/1169/2281 4472/1748/2635 4484/1749/2636 4477/1158/2275
f 4432/1400/2406 4474/1621/2610 4472/1748/2635 4434/1169/2281
f 4483/1620/2609 4484/1749/2636 4472/1748/2635 4474/1621/2610
f 4477/1158/2275 4484/1749/2636 4483/1620/2609 4475/1404/2407
f 3659/554/19 3644/553/1833 3643/1729/2630 158/1750/19
f 3631/992/13 152/1751/18 3644/1752/1833 3639/993/1832
f 157/1753/19 159/1754/19 3677/1002/2204
f 3628/1268/2314 151/1755/17 155/1756/6
f 3638/988/2199 3628/1268/2314 155/1756/6 3634/1725/5
f 3814/1757/2637 160/1758/2638 3808/1759/80 166/1760/2639
f 3805/549/1829 3781/548/1828 163/1761/2640 3806/735/1964
f 3790/724/1958 3780/599/1860 3803/1762/1965 161/1763/2641
f 3792/721/1957 3815/731/2 165/1764/2642
f 3813/730/2 3793/744/76 161/1765/2641 164/1766/2643
f 164/1766/2643 161/1765/2641 160/1758/2638 3814/1757/2637
f 3792/721/1957 3791/720/1956 164/1766/2643 3813/730/2
f 3790/724/1958 161/1767/2641 160/1768/2638
f 3779/503/1813 3790/724/1958 160/1768/2638
f 3834/504/1814 3779/503/1813 162/1769/2644 3824/978/2195
f 3791/720/1956 3794/766/1980 3814/1757/2637 164/1766/2643
f 162/1770/2644 3779/503/1813 160/1768/2638
f 3807/750/1970 166/1760/2639 3814/1757/2637 3794/766/1980
f 165/1764/2642 4458/1438/2425 4447/1437/76 3812/1771/76
f 3808/1772/80 4446/1450/80 4457/1449/2429 166/1760/2639
f 3815/731/2 165/1764/2642 3812/1773/76 3811/743/76
f 4458/1438/2425 165/1764/2642 166/1760/2639 4457/1449/2429
f 156/1774/7 155/1756/6 151/1755/17 150/1775/16
f 3807/750/1970 3792/721/1957 165/1764/2642 166/1760/2639
f 3590/1776/1806 3589/1777/1812 150/1775/16 154/1778/15
f 3781/548/1828 3795/717/1953 3802/1001/2203 163/1761/2640
f 3590/1776/1806 154/1778/15 3633/1010/14 3592/1009/1805
f 157/1753/19 3677/1002/2204 3676/1005/2205 4068/1075/2226
f 3840/976/2194 3645/975/19 157/1753/19 4068/1075/2226
f 3587/1779/2213 156/1774/7 150/1775/16 3589/1777/1812
f 3587/1779/2213 3586/1780/1809 153/1781/4 156/1774/7
f 3586/1780/1809 3585/1782/1811 3640/1783/1831 153/1781/4
f 4068/1075/2226 3676/1005/2205 167/1784/8 4070/1076/12
f 3676/1005/2205 4289/1007/2207 181/1785/9 167/1786/8
f 4252/1641/19 4286/1637/2204 173/1787/19
f 169/1788/27 4230/1633/23 4231/1273/22 4249/1260/28
f 4456/1434/2423 4465/1435/2424 4450/1789/80 174/1790/2645
f 4438/1272/2318 4439/1430/2420 178/1791/2646 4416/1269/2315
f 4425/1416/2413 175/1792/2647 4436/1793/2419 4415/1309/2332
f 4455/1425/2 179/1794/2648 175/1795/2647 4428/1443/76
f 179/1794/2648 4456/1434/2423 174/1796/2645 175/1797/2647
f 4427/1414/2411 4455/1425/2 179/1794/2648 4426/1415/2412
f 4425/1416/2413 174/1798/2645 175/1799/2647
f 4414/1222/2301 174/1798/2645 4425/1416/2413
f 4480/1224/2302 180/1800/2649 176/1801/2650 4414/1222/2301
f 4426/1415/2412 179/1794/2648 4456/1434/2423 4429/1433/2422
f 176/1802/2650 174/1798/2645 4414/1222/2301
f 168/1803/20 4245/1804/2651 4250/1743/2439 4236/1307/21
f 170/1805/19 4291/1643/19 4505/1644/2615
f 4430/1410/2410 4437/1806/2652 180/1800/2649 4480/1224/2302
f 4245/1807/2651 172/1808/19 4265/1499/19 4250/1501/2439
f 4263/1809/2616 4245/1804/2651 168/1803/20 4192/1810/2291
f 4263/1811/2616 171/1812/19 4245/1807/2651
f 4430/1410/2410 177/1813/2653 4437/1814/2652
f 4416/1269/2315 178/1791/2646 177/1813/2653 4430/1410/2410
f 4505/1644/2615 4817/1642/2614 4252/1641/19 170/1805/19
f 4192/1810/2291 168/1803/20 4238/1636/25 4193/1635/2292
f 4291/1643/19 170/1805/19 171/1812/19 4263/1811/2616
f 171/1812/19 172/1808/19 4245/1807/2651
f 4188/1815/2621 4190/1634/2300 4230/1633/23 169/1788/27
f 4188/1815/2621 169/1788/27 4239/1676/26 4187/1675/2297
f 4504/1011/10 4819/1074/10 182/1816/32 4505/1644/2615
f 4505/1644/2615 182/1817/32 4820/1693/31 4817/1642/2614
f 4285/1638/2613 4818/1818/30 181/1785/9 4289/1007/2207
f 159/1754/19 158/1750/19 3643/1729/2630 3677/1002/2204
f 3643/1732/2630 3644/1752/1833 152/1751/18 3762/1733/2631
f 3640/1783/1831 3641/1726/1830 3634/1725/5 153/1781/4
f 3762/1733/2631 152/1751/18 151/1755/17 3628/1268/2314
f 173/1787/19 4286/1637/2204 4235/1741/2632 4266/1500/19
