# Blender v2.75 (sub 0) OBJ File: 'reloj oruro.blend'
# www.blender.org
mtllib reloj oruro.mtl
o Cube
v 2.454995 4.196093 -2.454992
v 2.454992 4.196093 2.454995
v -2.454994 4.196093 2.454993
v -2.454993 4.196093 -2.454993
v 2.454993 4.196093 1.227498
v -1.227497 4.196093 -2.454993
v -1.227498 4.196093 2.454993
v -2.454993 4.196093 -1.227497
v 2.454994 4.196093 -1.227495
v 1.227498 4.196093 -2.454993
v 1.227495 4.196093 2.454994
v -2.454994 4.196093 1.227496
v -1.227497 4.196093 -1.227497
v 1.227497 4.196093 -1.227496
v 1.227496 4.196093 1.227498
v -1.227497 4.196093 1.227497
v 2.454992 4.196093 1.841247
v -1.841245 4.196093 -2.454993
v -1.841246 4.196093 2.454993
v -2.454993 4.196093 -1.841245
v 2.454994 4.196093 -1.841244
v 1.841246 4.196093 -2.454992
v 1.841244 4.196093 2.454995
v -2.454994 4.196093 1.841244
v -1.227497 4.196093 -1.841245
v -1.841245 4.196093 -1.227497
v 1.227497 4.196093 -1.841244
v 1.841246 4.196093 -1.227496
v 1.227496 4.196093 1.841246
v 1.841244 4.196093 1.227498
v -2.604885 4.704429 -2.604885
v -1.302443 4.704429 -1.302442
v 2.604886 4.704429 -1.302441
v 1.302441 4.704429 2.604886
v 2.604884 4.704429 1.302444
v -1.302444 4.704429 2.604885
v 2.604886 4.704429 -2.604884
v 2.604883 4.704429 2.604887
v -2.604886 4.704429 2.604884
v -1.302442 4.704429 -2.604885
v -2.604885 4.704429 -1.302443
v 1.302443 4.704429 -2.604884
v 1.302443 4.704429 -1.302442
v 1.302442 4.704429 1.302443
v -1.302443 4.704429 1.302442
v -2.604886 4.704429 1.302442
v 1.953662 4.704429 2.604886
v 1.953663 4.704429 1.302444
v 2.604884 4.704429 1.953665
v 2.080975 4.902658 -2.427802
v 1.302441 4.704429 1.953665
v 1.953664 4.704429 -1.302441
v 1.953665 4.704429 -2.604884
v 2.604886 4.704429 -1.953662
v 1.734144 4.902658 2.080975
v 1.302443 4.704429 -1.953663
v -1.953664 4.704429 -1.302443
v -1.953663 4.704429 -2.604885
v -1.302442 4.704429 -1.953664
v 1.917931 5.033585 -2.237584
v -2.604885 4.704429 -1.953664
v -1.953665 4.704429 2.604884
v -1.227498 4.196093 1.841245
v -1.841246 4.196093 1.227496
v 1.302442 4.608810 1.302443
v 2.604886 4.608810 -2.604884
v -2.604885 4.608810 -1.302443
v -1.302442 4.608810 -2.604885
v -1.302443 4.608810 1.302442
v -1.953664 4.608810 1.302442
v -1.302444 4.608810 2.604885
v -1.302443 4.608810 1.953663
v 2.604884 4.608810 1.302444
v 1.953663 4.608810 1.302444
v 1.302441 4.608810 1.953665
v 1.953664 4.608810 -1.302441
v 1.302443 4.608810 -1.302442
v 1.302443 4.608810 -1.953663
v -1.953664 4.608810 -1.302443
v -1.302443 4.608810 -1.302442
v -1.302442 4.608810 -1.953664
v -2.604886 4.608810 1.302442
v -2.604886 4.608810 1.953663
v 1.302441 4.608810 2.604886
v 1.953662 4.608810 2.604886
v 1.302443 4.608810 -2.604884
v 1.953665 4.608810 -2.604884
v 2.604886 4.608810 -1.302441
v 2.604886 4.608810 -1.953662
v -2.604885 4.608810 -1.953664
v -2.604886 4.608810 2.604884
v -1.953665 4.608810 2.604884
v -2.454993 4.501354 -2.454993
v -1.227497 4.501354 -1.227497
v 2.454994 4.501354 -1.227495
v 1.227495 4.501354 2.454994
v 2.454993 4.501354 1.227498
v -1.227498 4.501354 2.454993
v 2.454995 4.501354 -2.454992
v 2.454992 4.501354 2.454995
v -2.454994 4.501354 2.454993
v -1.227497 4.501354 -2.454993
v -2.454993 4.501354 -1.227497
v 1.227498 4.501354 -2.454993
v 1.227497 4.501354 -1.227496
v 1.227496 4.501354 1.227498
v -1.227497 4.501354 1.227497
v -2.454994 4.501354 1.227496
v 1.841244 4.501354 2.454995
v 1.841244 4.501354 1.227498
v 2.454992 4.501354 1.841247
v -1.953664 4.704429 1.302442
v 1.227496 4.501354 1.841246
v 1.841246 4.501354 -1.227496
v 1.841246 4.501354 -2.454992
v 2.454994 4.501354 -1.841244
v -1.302443 4.704429 1.953663
v 1.227497 4.501354 -1.841244
v -1.841245 4.501354 -1.227497
v -1.841245 4.501354 -2.454993
v -1.227497 4.501354 -1.841245
v 2.080973 4.902658 1.734146
v -2.454993 4.501354 -1.841245
v -1.841246 4.501354 2.454993
v -1.841246 4.501354 1.227496
v -2.604885 4.608810 -2.604885
v -1.227498 4.501354 1.841245
v -1.953663 4.608810 -2.604885
v -2.604886 4.704429 1.953663
v 2.604883 4.608810 2.604887
v 2.604884 4.608810 1.953665
v 1.227496 4.196093 1.227498
v 2.454995 4.196093 -2.454992
v -2.454993 4.196093 -1.227497
v -1.227497 4.196093 -2.454993
v -1.227497 4.196093 1.227497
v -1.841246 4.196093 1.227496
v -1.227498 4.196093 2.454993
v -1.227498 4.196093 1.841245
v 2.454993 4.196093 1.227498
v 1.841244 4.196093 1.227498
v 1.227496 4.196093 1.841246
v 1.841246 4.196093 -1.227496
v 1.227497 4.196093 -1.227496
v 1.227497 4.196093 -1.841244
v -1.841245 4.196093 -1.227497
v -1.227497 4.196093 -1.227497
v -1.227497 4.196093 -1.841245
v -2.454994 4.196093 1.227496
v -2.454994 4.196093 1.841244
v 1.227495 4.196093 2.454994
v 1.841244 4.196093 2.454995
v 1.227498 4.196093 -2.454993
v 1.841246 4.196093 -2.454992
v 2.454994 4.196093 -1.227495
v 2.454994 4.196093 -1.841244
v -2.454993 4.196093 -1.841245
v -2.454994 4.196093 2.454993
v -1.841246 4.196093 2.454993
v -2.454993 4.196093 -2.454993
v -1.841245 4.196093 -2.454993
v 2.454992 4.196093 2.454995
v -2.454994 4.501354 1.841244
v 2.454992 4.196093 1.841247
v 2.454993 -0.020105 1.841245
v 2.454993 -0.020105 2.454993
v -1.841244 -0.020105 -2.454994
v -2.454993 -0.020105 -2.454994
v 2.454995 3.669068 -2.454992
v 2.454995 4.196093 -2.454992
v -1.841245 -0.020105 2.454993
v -2.454994 -0.020105 2.454993
v 2.454992 3.669068 2.454995
v 2.454992 4.196093 2.454995
v -2.454993 -0.020105 -1.841246
v -2.454994 3.669068 2.454993
v -2.454994 4.196093 2.454993
v -2.454993 3.669068 -2.454993
v -2.454993 4.196093 -2.454993
v 2.454992 4.196093 1.841247
v -1.841245 4.196093 -2.454993
v -1.841246 4.196093 2.454993
v -2.454993 4.196093 -1.841245
v 2.454993 -0.020105 -0.613748
v 2.454993 -0.020105 0.000000
v 0.613749 -0.020105 -2.454993
v 0.000000 -0.020105 -2.454994
v 2.454994 1.560969 -2.454993
v 2.454994 2.087994 -2.454993
v 0.613748 -0.020105 2.454993
v 0.000000 -0.020105 2.454993
v 2.454993 1.560969 2.454994
v 2.454993 2.087994 2.454994
v -2.454993 -0.020105 0.613748
v -2.454993 -0.020105 -0.000001
v -2.454994 1.560969 2.454993
v -2.454994 2.087994 2.454993
v -2.454993 1.560969 -2.454994
v -2.454993 2.087994 -2.454994
v 2.454993 4.196093 -0.613747
v 2.454993 4.196093 0.000001
v 0.613749 4.196093 -2.454993
v 0.000001 4.196093 -2.454993
v 0.613747 4.196093 2.454994
v -0.000001 4.196093 2.454994
v -2.454994 4.196093 0.613748
v -2.454994 4.196093 -0.000000
v -1.841245 2.087994 -2.454994
v 0.613749 2.087994 -2.454993
v 0.000001 2.087994 -2.454993
v 0.000001 3.669068 -2.454993
v 0.000001 1.560969 -2.454993
v -2.454993 2.087994 -1.841246
v -2.454993 2.087994 0.613748
v -2.454993 2.087994 -0.000001
v -2.454993 0.506920 -0.000001
v -2.454993 2.615019 -0.000001
v -1.841246 2.087994 2.454993
v 0.613748 2.087994 2.454993
v -0.000001 2.087994 2.454993
v -0.000000 0.506920 2.454993
v -0.000001 2.615019 2.454993
v 2.454993 2.087994 1.841246
v 2.454993 2.087994 -0.613748
v 2.454993 2.087994 0.000001
v 2.454993 0.506920 0.000000
v 2.454993 2.615019 0.000001
v -0.000001 4.196093 1.841245
v 1.841245 4.196093 0.000001
v -1.841245 -0.020105 -0.000001
v 0.613748 -0.020105 -0.000000
v 0.000000 -0.020105 -0.000000
v 0.000000 -0.020105 -1.841245
v 0.000000 -0.020105 0.613748
v 2.454993 -0.020105 0.613748
v 2.454993 -0.020105 1.227497
v -0.613748 -0.020105 -2.454994
v -1.227496 -0.020105 -2.454994
v 2.454994 2.615019 -2.454993
v 2.454994 3.142043 -2.454993
v -0.613748 -0.020105 2.454993
v -1.227497 -0.020105 2.454993
v 2.454993 2.615019 2.454994
v 2.454992 3.142043 2.454995
v -2.454993 -0.020105 -0.613749
v -2.454993 -0.020105 -1.227497
v -2.454994 2.615019 2.454993
v -2.454994 3.142043 2.454993
v -2.454993 2.615019 -2.454994
v -2.454993 3.142043 -2.454994
v 2.454993 4.196093 0.613750
v 2.454993 4.196093 1.227498
v -0.613748 4.196093 -2.454993
v -1.227497 4.196093 -2.454993
v -0.613750 4.196093 2.454993
v -1.227498 4.196093 2.454993
v -2.454993 4.196093 -0.613749
v -2.454993 4.196093 -1.227497
v 2.454993 -0.020105 -1.841245
v 2.454993 -0.020105 -1.227497
v 1.841245 -0.020105 -2.454993
v 1.227497 -0.020105 -2.454993
v 2.454993 0.506920 -2.454993
v 2.454994 1.033944 -2.454993
v 1.841245 -0.020105 2.454993
v 1.227497 -0.020105 2.454993
v 2.454993 0.506920 2.454993
v 2.454993 1.033944 2.454994
v -2.454993 -0.020105 1.841245
v -2.454993 -0.020105 1.227496
v -2.454994 0.506920 2.454993
v -2.454994 1.033944 2.454993
v -2.454993 0.506920 -2.454994
v -2.454993 1.033944 -2.454994
v 2.454994 4.196093 -1.841244
v 2.454994 4.196093 -1.227495
v 1.841246 4.196093 -2.454992
v 1.227498 4.196093 -2.454993
v 1.841244 4.196093 2.454995
v 1.227495 4.196093 2.454994
v -2.454994 4.196093 1.841244
v -2.454994 4.196093 1.227496
v -0.613748 2.087994 -2.454993
v -1.227496 2.087994 -2.454994
v 1.841246 2.087994 -2.454993
v 1.227497 2.087994 -2.454993
v 0.000001 2.615019 -2.454993
v 0.000001 3.142043 -2.454993
v 0.000000 0.506920 -2.454993
v 0.000001 1.033944 -2.454993
v -2.454993 2.087994 -0.613749
v -2.454993 2.087994 -1.227497
v -2.454994 2.087994 1.841245
v -2.454994 2.087994 1.227496
v -2.454993 1.560969 -0.000001
v -2.454993 1.033944 -0.000001
v -2.454993 3.669068 -0.000000
v -2.454993 3.142043 -0.000001
v -0.613749 2.087994 2.454993
v -1.227497 2.087994 2.454993
v 1.841244 2.087994 2.454994
v 1.227496 2.087994 2.454994
v -0.000001 1.560969 2.454993
v -0.000000 1.033944 2.454993
v -0.000001 3.669068 2.454993
v -0.000001 3.142043 2.454993
v 2.454993 2.087994 0.613749
v 2.454993 2.087994 1.227497
v 2.454994 2.087994 -1.841244
v 2.454994 2.087994 -1.227496
v 2.454993 1.560969 0.000001
v 2.454993 1.033944 0.000000
v 2.454993 3.669068 0.000001
v 2.454993 3.142043 0.000001
v -0.000001 4.196093 1.227497
v 0.000000 4.196093 -1.841245
v 0.000000 4.196093 -1.227496
v 1.227496 4.196093 0.000001
v -1.841245 4.196093 -0.000000
v -1.227497 4.196093 0.000000
v -0.613748 -0.020105 -0.000000
v -1.227497 -0.020105 -0.000001
v 1.841245 -0.020105 0.000000
v 1.227497 -0.020105 -0.000000
v 0.000000 -0.020105 -0.613749
v 0.000000 -0.020105 -1.227497
v 0.000000 -0.020105 1.841245
v 0.000000 -0.020105 1.227497
v 0.613748 -0.020105 1.227497
v 1.841245 -0.020105 1.227497
v 1.227497 -0.020105 1.227497
v 1.227497 -0.020105 0.613748
v 1.227497 -0.020105 1.841245
v 0.613749 -0.020105 -1.227497
v 1.841245 -0.020105 -1.227497
v 1.227497 -0.020105 -1.227497
v 1.227497 -0.020105 -1.841245
v 1.227497 -0.020105 -0.613748
v -1.841245 -0.020105 -1.227497
v -0.613748 -0.020105 -1.227497
v -1.227496 -0.020105 -1.227497
v -1.227496 -0.020105 -1.841246
v -1.227497 -0.020105 -0.613749
v -1.227497 4.196093 -0.613748
v -1.227497 4.196093 -1.841245
v -1.227497 4.196093 -1.227497
v -0.613748 4.196093 -1.227497
v -1.841245 4.196093 -1.227497
v 1.227497 4.196093 -0.613747
v 1.227497 4.196093 -1.841244
v 1.227497 4.196093 -1.227496
v 1.841246 4.196093 -1.227496
v 0.613748 4.196093 -1.227496
v 1.227496 4.196093 1.841246
v 1.227496 4.196093 0.613749
v 1.227496 4.196093 1.227498
v 1.841244 4.196093 1.227498
v 0.613748 4.196093 1.227497
v 2.454993 3.142043 -0.613747
v 2.454994 3.142043 -1.841244
v 2.454994 3.142043 -1.227496
v 2.454994 2.615019 -1.227496
v 2.454994 3.669068 -1.227496
v 2.454993 1.033944 -0.613748
v 2.454993 1.033944 -1.841245
v 2.454993 1.033944 -1.227496
v 2.454993 0.506920 -1.227497
v 2.454993 1.560969 -1.227496
v 2.454993 1.033944 1.841245
v 2.454993 1.033944 0.613749
v 2.454993 1.033944 1.227497
v 2.454993 0.506920 1.227497
v 2.454993 1.560969 1.227497
v 0.613747 3.142043 2.454994
v 1.841244 3.142043 2.454994
v 1.227496 3.142043 2.454994
v 1.227496 2.615019 2.454994
v 1.227495 3.669068 2.454994
v 0.613748 1.033944 2.454993
v 1.841245 1.033944 2.454993
v 1.227496 1.033944 2.454993
v 1.227497 0.506920 2.454993
v 1.227496 1.560969 2.454993
v -1.841246 1.033944 2.454993
v -0.613749 1.033944 2.454993
v -1.227497 1.033944 2.454993
v -1.227497 0.506920 2.454993
v -1.227497 1.560969 2.454993
v -2.454993 3.142043 0.613748
v -2.454994 3.142043 1.841245
v -2.454994 3.142043 1.227496
v -2.454994 2.615019 1.227496
v -2.454994 3.669068 1.227496
v -2.454993 1.033944 0.613748
v -2.454994 1.033944 1.841245
v -2.454994 1.033944 1.227496
v -2.454993 0.506920 1.227496
v -2.454994 1.560969 1.227496
v -2.454993 1.033944 -1.841246
v -2.454993 1.033944 -0.613749
v -2.454993 1.033944 -1.227497
v -2.454993 0.506920 -1.227497
v -2.454993 1.560969 -1.227497
v 0.613749 1.033944 -2.454993
v 1.841245 1.033944 -2.454993
v 1.227497 1.033944 -2.454993
v 1.227497 1.560969 -2.454993
v 1.227497 0.506920 -2.454993
v 0.613749 3.142043 -2.454993
v 1.841246 3.142043 -2.454993
v 1.227497 3.142043 -2.454993
v 1.227498 3.669068 -2.454993
v 1.227497 2.615019 -2.454993
v -1.841245 3.142043 -2.454993
v -0.613748 3.142043 -2.454993
v -1.227496 3.142043 -2.454993
v -1.227496 3.669068 -2.454993
v -1.227496 2.615019 -2.454993
v -1.841244 1.033944 -2.454994
v -0.613748 1.033944 -2.454993
v -1.227496 1.033944 -2.454994
v -1.227496 1.560969 -2.454994
v -1.227496 0.506920 -2.454994
v -2.454993 3.142043 -1.841245
v -2.454993 3.142043 -0.613749
v -2.454993 3.142043 -1.227497
v -2.454993 2.615019 -1.227497
v -2.454993 3.669068 -1.227497
v -1.841246 3.142043 2.454993
v -0.613749 3.142043 2.454993
v -1.227498 3.142043 2.454993
v -1.227497 2.615019 2.454993
v -1.227498 3.669068 2.454993
v 2.454993 3.142043 1.841246
v 2.454993 3.142043 0.613749
v 2.454993 3.142043 1.227498
v 2.454993 2.615019 1.227498
v 2.454993 3.669068 1.227498
v -1.227498 4.196093 1.841245
v -1.227497 4.196093 0.613748
v -1.227497 4.196093 1.227497
v -0.613749 4.196093 1.227497
v -1.841246 4.196093 1.227496
v -1.841245 -0.020105 1.227496
v -0.613748 -0.020105 1.227496
v -1.227497 -0.020105 1.227496
v -1.227497 -0.020105 0.613748
v -1.227497 -0.020105 1.841245
v 2.454993 -0.020105 -2.454993
v -0.613748 -0.020105 1.841245
v -0.613748 -0.020105 0.613748
v -1.841245 -0.020105 0.613748
v -1.841246 4.196093 0.613748
v -0.613749 4.196093 1.841245
v 2.454993 3.669068 0.613750
v 2.454993 2.615019 0.613749
v 2.454993 2.615019 1.841246
v -0.613749 3.669068 2.454993
v -0.613749 2.615019 2.454993
v -1.841246 2.615019 2.454993
v -2.454993 3.669068 -0.613749
v -2.454993 2.615019 -0.613749
v -2.454993 2.615019 -1.841246
v -0.613748 0.506920 -2.454994
v -0.613748 1.560969 -2.454993
v -1.841245 1.560969 -2.454994
v -0.613748 2.615019 -2.454993
v -0.613748 3.669068 -2.454993
v -1.841245 3.669068 -2.454993
v 1.841246 2.615019 -2.454993
v 1.841246 3.669068 -2.454993
v 0.613749 3.669068 -2.454993
v 1.841245 0.506920 -2.454993
v 1.841246 1.560969 -2.454993
v 0.613749 1.560969 -2.454993
v -2.454993 1.560969 -0.613749
v -2.454993 0.506920 -0.613749
v -2.454993 0.506920 -1.841246
v -2.454994 1.560969 1.841245
v -2.454994 0.506920 1.841245
v -2.454993 0.506920 0.613748
v -2.454994 3.669068 1.841244
v -2.454994 2.615019 1.841245
v -2.454993 2.615019 0.613748
v -0.613749 1.560969 2.454993
v -0.613749 0.506920 2.454993
v -1.841246 0.506920 2.454993
v 1.841245 1.560969 2.454994
v 1.841245 0.506920 2.454993
v 0.613748 0.506920 2.454993
v 1.841244 3.669068 2.454994
v 1.841244 2.615019 2.454994
v 0.613747 2.615019 2.454994
v 2.454993 1.560969 0.613749
v 2.454993 0.506920 0.613749
v 2.454993 0.506920 1.841245
v 2.454994 1.560969 -1.841245
v 2.454993 0.506920 -1.841245
v 2.454993 0.506920 -0.613748
v 2.454994 3.669068 -1.841244
v 2.454994 2.615019 -1.841244
v 2.454993 2.615019 -0.613747
v 1.841245 4.196093 0.613749
v 0.613749 4.196093 -1.841244
v 1.841245 4.196093 -0.613747
v -0.613748 4.196093 -1.841245
v -0.613748 -0.020105 -0.613749
v -0.613748 -0.020105 -1.841246
v -1.841245 -0.020105 -1.841246
v 1.841245 -0.020105 -0.613748
v 1.841245 -0.020105 -1.841245
v 0.613749 -0.020105 -1.841245
v 1.841245 -0.020105 1.841245
v 1.841245 -0.020105 0.613748
v 0.613748 -0.020105 0.613748
v 0.613748 -0.020105 1.841245
v 0.613748 -0.020105 -0.613748
v -1.841245 -0.020105 -0.613749
v -1.841245 4.196093 -0.613748
v 0.613747 4.196093 1.841246
v 2.454993 3.669068 -0.613747
v 2.454993 1.560969 -0.613748
v 2.454993 1.560969 1.841246
v 0.613747 3.669068 2.454994
v 0.613748 1.560969 2.454993
v -1.841246 1.560969 2.454993
v -2.454994 3.669068 0.613748
v -2.454993 1.560969 0.613748
v -2.454993 1.560969 -1.841246
v 0.613749 0.506920 -2.454993
v 0.613749 2.615019 -2.454993
v -1.841245 2.615019 -2.454994
v -1.841244 0.506920 -2.454994
v -2.454993 3.669068 -1.841245
v -1.841246 3.669068 2.454993
v 2.454992 3.669068 1.841246
v -1.841245 -0.020105 1.841245
v -2.454994 4.196093 1.534370
v 2.454993 4.196093 1.534372
v 1.227496 4.196093 1.534372
v -1.227498 4.196093 1.534371
v -2.604886 4.704429 1.628052
v 2.604884 4.704429 1.628055
v 1.302441 4.704429 1.628054
v -1.302443 4.704429 1.628053
v 1.953663 4.704429 1.628054
v -1.953665 4.704429 1.628052
v -1.302443 4.608810 1.628053
v 1.302441 4.608810 1.628054
v 2.604884 4.608810 1.628055
v -2.604886 4.608810 1.628052
v -2.454994 4.501354 1.534370
v 2.454993 4.501354 1.534372
v 1.227496 4.501354 1.534372
v -1.227498 4.501354 1.534371
v -1.227498 4.196093 1.534371
v 1.227496 4.196093 1.534372
v 2.454993 4.196093 1.534372
v -2.454994 4.196093 1.534370
v -2.454993 -0.020105 1.534370
v -2.454994 4.196093 1.534370
v -2.454994 2.087994 1.534370
v 0.000000 -0.020105 1.534371
v 1.227497 -0.020105 1.534371
v -2.454994 3.142043 1.534370
v -2.454994 1.033944 1.534370
v -1.227497 -0.020105 1.534371
v 2.454993 -0.020105 1.534371
v 2.454993 4.196093 1.534372
v 2.454993 2.087994 1.534371
v -0.000001 4.196093 1.534371
v 1.227496 4.196093 1.534372
v 2.454993 1.033944 1.534371
v 2.454993 3.142043 1.534372
v -1.227498 4.196093 1.534371
v -0.613748 -0.020105 1.534371
v -0.613749 4.196093 1.534371
v 2.454993 2.615019 1.534372
v -2.454994 1.560969 1.534370
v -2.454993 0.506920 1.534370
v -2.454994 3.669068 1.534370
v -2.454994 2.615019 1.534370
v 2.454993 0.506920 1.534371
v 1.841245 -0.020105 1.534371
v 0.613748 -0.020105 1.534371
v 0.613747 4.196093 1.534371
v 2.454993 1.560969 1.534371
v 2.454993 3.669068 1.534372
v -1.841245 -0.020105 1.534371
v 2.454992 4.196093 2.148121
v 1.227495 4.196093 2.148120
v -1.227498 4.196093 2.148119
v -2.454994 4.196093 2.148118
v 2.604884 4.704429 2.279276
v 1.302441 4.704429 2.279275
v -1.302444 4.704429 2.279274
v -2.604886 4.704429 2.279274
v 1.953662 4.704429 2.279276
v -1.953665 4.704429 2.279274
v -2.604886 4.608810 2.279274
v -1.302444 4.608810 2.279274
v 1.302441 4.608810 2.279275
v 2.604884 4.608810 2.279276
v 2.454992 4.501354 2.148121
v 1.227495 4.501354 2.148120
v -1.227498 4.501354 2.148119
v -2.454994 4.501354 2.148118
v -2.454994 4.196093 2.148118
v -1.227498 4.196093 2.148119
v 1.227495 4.196093 2.148120
v 2.454992 4.196093 2.148121
v 2.454993 -0.020105 2.148119
v 2.454992 4.196093 2.148121
v 2.454993 2.087994 2.148120
v -0.000001 4.196093 2.148120
v 1.227495 4.196093 2.148120
v 2.454993 1.033944 2.148120
v 2.454993 3.142043 2.148120
v -1.227498 4.196093 2.148119
v -2.454993 -0.020105 2.148119
v -2.454994 4.196093 2.148118
v -2.454994 2.087994 2.148119
v 0.000000 -0.020105 2.148119
v 1.227497 -0.020105 2.148119
v -2.454994 3.142043 2.148119
v -2.454994 1.033944 2.148119
v -1.227497 -0.020105 2.148119
v -0.613748 -0.020105 2.148119
v -0.613750 4.196093 2.148119
v 2.454993 2.615019 2.148120
v -2.454994 1.560969 2.148119
v -2.454994 0.506920 2.148119
v -2.454994 3.669068 2.148118
v -2.454994 2.615019 2.148119
v 2.454993 0.506920 2.148119
v 1.841245 -0.020105 2.148119
v 0.613748 -0.020105 2.148119
v 0.613747 4.196093 2.148120
v 2.454993 1.560969 2.148120
v 2.454992 3.669068 2.148120
v -1.841245 -0.020105 2.148119
v -1.534371 4.196093 -1.227497
v -1.534371 4.196093 1.227497
v -1.534371 4.196093 -2.454993
v -1.534372 4.196093 2.454993
v -1.628053 4.704429 -1.302442
v -1.628054 4.704429 1.302442
v -1.628053 4.704429 -2.604885
v -1.628054 4.704429 2.604885
v -1.628053 4.704429 -1.953664
v -1.628054 4.704429 1.953663
v -1.628054 4.608810 2.604885
v -1.628053 4.608810 -2.604885
v -1.628054 4.608810 1.302442
v -1.628053 4.608810 -1.302442
v -1.534371 4.501354 -1.227497
v -1.534371 4.501354 1.227497
v -1.534371 4.501354 -2.454993
v -1.534372 4.501354 2.454993
v -1.534372 4.196093 2.454993
v -1.534371 4.196093 -2.454993
v -1.534371 4.196093 1.227497
v -1.534371 4.196093 -1.227497
v -1.534371 4.196093 -0.000000
v -1.534371 4.196093 -1.227497
v -1.534371 4.196093 1.227497
v -1.534370 -0.020105 -2.454994
v -1.534371 -0.020105 2.454993
v -1.534371 4.196093 -2.454993
v -1.534372 4.196093 2.454993
v -1.534370 2.087994 -2.454994
v -1.534371 2.087994 2.454993
v -1.534371 -0.020105 -0.000001
v -1.534370 -0.020105 -1.227497
v -1.534371 1.033944 2.454993
v -1.534371 3.142043 -2.454993
v -1.534370 1.033944 -2.454994
v -1.534372 3.142043 2.454993
v -1.534371 -0.020105 1.227496
v -1.534371 -0.020105 0.613748
v -1.534371 4.196093 0.613748
v -1.534371 2.615019 2.454993
v -1.534370 1.560969 -2.454994
v -1.534371 3.669068 -2.454993
v -1.534371 0.506920 2.454993
v -1.534370 -0.020105 -1.841246
v -1.534371 -0.020105 -0.613749
v -1.534371 4.196093 -0.613748
v -1.534371 1.560969 2.454993
v -1.534370 2.615019 -2.454993
v -1.534370 0.506920 -2.454994
v -1.534372 3.669068 2.454993
v -1.534371 -0.020105 1.841245
v -1.534371 -0.020105 1.534371
v -1.628054 4.704429 1.628053
v -1.534371 -0.020105 2.148119
v -1.628054 4.704429 2.279274
v -2.148119 4.196093 -2.454993
v -2.148120 4.196093 2.454993
v -2.148119 4.196093 -1.227497
v -2.148120 4.196093 1.227496
v -2.279274 4.704429 -2.604885
v -2.279275 4.704429 2.604884
v -2.279274 4.704429 -1.302443
v -2.279275 4.704429 1.302442
v -2.279274 4.704429 -1.953664
v -2.279275 4.704429 1.953663
v -2.279275 4.608810 1.302442
v -2.279274 4.608810 -1.302443
v -2.279275 4.608810 2.604884
v -2.279274 4.608810 -2.604885
v -2.148119 4.501354 -2.454993
v -2.148120 4.501354 2.454993
v -2.148119 4.501354 -1.227497
v -2.148120 4.501354 1.227496
v -2.148120 4.196093 1.227496
v -2.148119 4.196093 -1.227497
v -2.148120 4.196093 2.454993
v -2.148119 4.196093 -2.454993
v -2.148118 -0.020105 -2.454994
v -2.148120 -0.020105 2.454993
v -2.148119 4.196093 -2.454993
v -2.148120 4.196093 2.454993
v -2.148119 2.087994 -2.454994
v -2.148120 2.087994 2.454993
v -2.148119 -0.020105 -0.000001
v -2.148119 -0.020105 -1.227497
v -2.148120 1.033944 2.454993
v -2.148119 3.142043 -2.454993
v -2.148118 1.033944 -2.454994
v -2.148120 3.142043 2.454993
v -2.148119 -0.020105 1.227496
v -2.148120 4.196093 -0.000000
v -2.148119 4.196093 -1.227497
v -2.148120 4.196093 1.227496
v -2.148119 -0.020105 0.613748
v -2.148120 4.196093 0.613748
v -2.148120 2.615019 2.454993
v -2.148119 1.560969 -2.454994
v -2.148119 3.669068 -2.454993
v -2.148120 0.506920 2.454993
v -2.148119 -0.020105 -1.841246
v -2.148119 -0.020105 -0.613749
v -2.148119 4.196093 -0.613749
v -2.148120 1.560969 2.454993
v -2.148119 2.615019 -2.454994
v -2.148118 0.506920 -2.454994
v -2.148120 3.669068 2.454993
v -2.148119 -0.020105 1.841245
v -2.148119 -0.020105 1.534370
v -2.279275 4.704429 1.628052
v -2.148119 -0.020105 2.148119
v -2.279275 4.704429 2.279274
v 2.454994 4.196093 -1.534370
v -1.227497 4.196093 -1.534371
v 1.227497 4.196093 -1.534370
v -2.454993 4.196093 -1.534371
v 2.604886 4.704429 -1.628052
v -1.302442 4.704429 -1.628053
v 1.302443 4.704429 -1.628052
v -2.604885 4.704429 -1.628053
v 1.953664 4.704429 -1.628052
v -1.953664 4.704429 -1.628053
v -2.604885 4.608810 -1.628053
v 1.302443 4.608810 -1.628052
v -1.302442 4.608810 -1.628053
v 2.604886 4.608810 -1.628052
v 2.454994 4.501354 -1.534370
v -1.227497 4.501354 -1.534371
v 1.227497 4.501354 -1.534370
v -2.454993 4.501354 -1.534371
v -2.454993 4.196093 -1.534371
v 1.227497 4.196093 -1.534370
v -1.227497 4.196093 -1.534371
v 2.454994 4.196093 -1.534370
v 2.454993 -0.020105 -1.534371
v 2.454994 4.196093 -1.534370
v 2.454994 2.087994 -1.534370
v 0.000000 4.196093 -1.534370
v -1.227497 4.196093 -1.534371
v 1.227497 4.196093 -1.534370
v 2.454994 3.142043 -1.534370
v 2.454993 1.033944 -1.534371
v -2.454993 -0.020105 -1.534372
v -2.454993 4.196093 -1.534371
v -2.454993 2.087994 -1.534371
v 0.000000 -0.020105 -1.534371
v 1.227497 -0.020105 -1.534371
v -1.227496 -0.020105 -1.534371
v -2.454993 1.033944 -1.534371
v -2.454993 3.142043 -1.534371
v -2.454993 2.615019 -1.534371
v -2.454993 0.506920 -1.534371
v 2.454993 1.560969 -1.534370
v 2.454993 0.506920 -1.534371
v 2.454994 3.669068 -1.534370
v 2.454994 2.615019 -1.534370
v 0.613749 4.196093 -1.534370
v -0.613748 4.196093 -1.534371
v -0.613748 -0.020105 -1.534371
v -1.841245 -0.020105 -1.534371
v 1.841245 -0.020105 -1.534371
v 0.613749 -0.020105 -1.534371
v -2.454993 1.560969 -1.534371
v -2.454993 3.669068 -1.534371
v -1.534370 -0.020105 -1.534371
v -1.628053 4.704429 -1.628053
v -2.148119 -0.020105 -1.534372
v -2.279274 4.704429 -1.628053
v -2.454993 4.196093 -2.148119
v 2.454995 4.196093 -2.148118
v -1.227497 4.196093 -2.148119
v 1.227497 4.196093 -2.148118
v -2.604885 4.704429 -2.279274
v 2.604886 4.704429 -2.279273
v -1.302442 4.704429 -2.279274
v 1.302443 4.704429 -2.279274
v 1.953665 4.704429 -2.279273
v -1.953664 4.704429 -2.279274
v 1.302443 4.608810 -2.279274
v -1.302442 4.608810 -2.279274
v 2.604886 4.608810 -2.279273
v -2.604885 4.608810 -2.279274
v -2.454993 4.501354 -2.148119
v 2.454995 4.501354 -2.148118
v -1.227497 4.501354 -2.148119
v 1.227497 4.501354 -2.148118
v 1.227497 4.196093 -2.148118
v -1.227497 4.196093 -2.148119
v 2.454995 4.196093 -2.148118
v -2.454993 4.196093 -2.148119
v -2.454993 -0.020105 -2.148120
v -2.454993 4.196093 -2.148119
v -2.454993 2.087994 -2.148120
v 0.000000 -0.020105 -2.148120
v 1.227497 -0.020105 -2.148119
v -1.227496 -0.020105 -2.148120
v -2.454993 1.033944 -2.148120
v -2.454993 3.142043 -2.148120
v 2.454993 -0.020105 -2.148119
v 2.454995 4.196093 -2.148118
v 2.454994 2.087994 -2.148118
v 0.000000 4.196093 -2.148119
v -1.227497 4.196093 -2.148119
v 1.227497 4.196093 -2.148118
v 2.454994 3.142043 -2.148118
v 2.454993 1.033944 -2.148119
v -2.454993 2.615019 -2.148120
v -2.454993 0.506920 -2.148120
v 2.454994 1.560969 -2.148119
v 2.454993 0.506920 -2.148119
v 2.454995 3.669068 -2.148118
v 2.454994 2.615019 -2.148118
v 0.613749 4.196093 -2.148118
v -0.613748 4.196093 -2.148119
v -0.613748 -0.020105 -2.148120
v -1.841245 -0.020105 -2.148120
v 1.841245 -0.020105 -2.148119
v 0.613749 -0.020105 -2.148119
v -2.454993 1.560969 -2.148120
v -2.454993 3.669068 -2.148119
v -1.534370 -0.020105 -2.148120
v -1.628053 4.704429 -2.279274
v -2.148118 -0.020105 -2.148120
v -2.279274 4.704429 -2.279274
v 1.534372 4.196093 -2.454993
v 1.534369 4.196093 2.454995
v 1.534371 4.196093 -1.227496
v 1.534370 4.196093 1.227498
v 1.628054 4.704429 -2.604884
v 1.628052 4.704429 2.604886
v 1.628054 4.704429 -1.302441
v 1.628052 4.704429 1.302444
v 1.628052 4.704429 1.953665
v 1.628054 4.704429 -1.953663
v 1.628052 4.608810 1.302444
v 1.628054 4.608810 -1.302441
v 1.628052 4.608810 2.604886
v 1.628054 4.608810 -2.604884
v 1.534372 4.501354 -2.454993
v 1.534369 4.501354 2.454995
v 1.534371 4.501354 -1.227496
v 1.534370 4.501354 1.227498
v 1.534370 4.196093 1.227498
v 1.534371 4.196093 -1.227496
v 1.534369 4.196093 2.454995
v 1.534372 4.196093 -2.454993
v 1.534371 -0.020105 -2.454993
v 1.534371 -0.020105 2.454993
v 1.534372 4.196093 -2.454993
v 1.534369 4.196093 2.454995
v 1.534371 2.087994 -2.454993
v 1.534370 2.087994 2.454994
v 1.534371 -0.020105 -0.000000
v 1.534371 -0.020105 1.227497
v 1.534371 -0.020105 -1.227497
v 1.534370 3.142043 2.454994
v 1.534371 1.033944 2.454993
v 1.534371 1.033944 -2.454993
v 1.534372 3.142043 -2.454993
v 1.534371 4.196093 0.000001
v 1.534371 4.196093 -1.227496
v 1.534370 4.196093 1.227498
v 1.534371 2.615019 -2.454993
v 1.534372 3.669068 -2.454993
v 1.534371 0.506920 -2.454993
v 1.534371 1.560969 -2.454993
v 1.534370 1.560969 2.454993
v 1.534371 0.506920 2.454993
v 1.534369 3.669068 2.454994
v 1.534370 2.615019 2.454994
v 1.534370 4.196093 0.613749
v 1.534371 4.196093 -0.613747
v 1.534371 -0.020105 -0.613748
v 1.534371 -0.020105 -1.841245
v 1.534371 -0.020105 1.841245
v 1.534371 -0.020105 0.613748
v 1.534371 -0.020105 1.534371
v 1.628052 4.704429 1.628054
v 1.534371 -0.020105 2.148119
v 1.628052 4.704429 2.279275
v 1.534371 -0.020105 -1.534371
v 1.628054 4.704429 -1.628052
v 1.534371 -0.020105 -2.148119
v 1.628054 4.704429 -2.279273
v 2.148120 4.196093 -1.227496
v 2.148118 4.196093 1.227498
v 2.148120 4.196093 -2.454992
v 2.148118 4.196093 2.454995
v 2.279275 4.704429 -1.302441
v 2.279274 4.704429 1.302444
v 2.279275 4.704429 -2.604884
v 2.279273 4.704429 2.604887
v 2.279273 4.704429 1.953665
v 2.279275 4.704429 -1.953662
v 2.279273 4.608810 2.604887
v 2.279275 4.608810 -2.604884
v 2.279274 4.608810 1.302444
v 2.279275 4.608810 -1.302441
v 2.148120 4.501354 -1.227496
v 2.148118 4.501354 1.227498
v 2.148120 4.501354 -2.454992
v 2.148118 4.501354 2.454995
v 2.148118 4.196093 2.454995
v 2.148120 4.196093 -2.454992
v 2.148118 4.196093 1.227498
v 2.148120 4.196093 -1.227496
v 2.148119 4.196093 0.000001
v 2.148120 4.196093 -1.227496
v 2.148118 4.196093 1.227498
v 2.148119 -0.020105 -2.454993
v 2.148119 -0.020105 2.454993
v 2.148120 4.196093 -2.454992
v 2.148118 4.196093 2.454995
v 2.148120 2.087994 -2.454993
v 2.148118 2.087994 2.454994
v 2.148119 -0.020105 0.000000
v 2.148119 -0.020105 1.227497
v 2.148119 -0.020105 -1.227497
v 2.148118 3.142043 2.454995
v 2.148119 1.033944 2.454993
v 2.148120 1.033944 -2.454993
v 2.148120 3.142043 -2.454993
v 2.148120 2.615019 -2.454993
v 2.148120 3.669068 -2.454993
v 2.148119 0.506920 -2.454993
v 2.148120 1.560969 -2.454993
v 2.148119 1.560969 2.454994
v 2.148119 0.506920 2.454993
v 2.148118 3.669068 2.454995
v 2.148118 2.615019 2.454994
v 2.148119 4.196093 0.613750
v 2.148119 4.196093 -0.613747
v 2.148119 -0.020105 -0.613748
v 2.148119 -0.020105 -1.841245
v 2.148119 -0.020105 1.841245
v 2.148119 -0.020105 0.613748
v 2.148119 -0.020105 1.534371
v 2.279274 4.704429 1.628054
v 2.148119 -0.020105 2.148119
v 2.279273 4.704429 2.279276
v 2.148119 -0.020105 -1.534371
v 2.279275 4.704429 -1.628052
v 2.148119 -0.020105 -2.148119
v 2.279275 4.704429 -2.279273
v 2.012097 4.835573 1.676750
v 1.995352 4.968599 -2.327909
v 1.676747 4.835573 2.012100
v 2.012100 4.835573 -2.347447
v 1.662792 4.968599 1.995353
v 1.676749 4.835573 -2.012097
v -2.012098 4.835573 -2.347448
v 1.917931 5.115336 -2.237584
v -2.347448 4.835573 -2.012099
v -2.012099 4.835573 1.676748
v 1.995350 4.968599 1.662794
v -2.347449 4.835573 2.012098
v -2.347449 4.835573 1.676748
v 1.676748 4.835573 1.676750
v 2.012097 4.835573 2.347449
v -2.012100 4.835573 2.347447
v 1.676747 4.835573 2.347449
v -2.347449 4.835573 2.347447
v -1.676749 4.835573 -2.012099
v -1.676750 4.835573 2.012098
v -1.676750 4.835573 1.676748
v -1.676750 4.835573 2.347448
v -1.676748 4.835573 -2.347448
v -2.347448 4.835573 -2.347448
v 2.012099 4.835573 -1.676747
v -2.012098 4.835573 -1.676749
v -1.676749 4.835573 -1.676749
v -2.347448 4.835573 -1.676749
v 1.676749 4.835573 -1.676748
v 1.676750 4.835573 -2.347447
v 2.347447 4.835573 2.012100
v 2.347449 4.835573 -2.012097
v 2.347447 4.835573 1.676750
v 2.347447 4.835573 2.347450
v 2.347449 4.835573 -1.676747
v 2.347449 4.835573 -2.347447
v 1.598274 5.033585 1.917931
v 1.734146 4.902658 -2.080973
v -2.080974 4.902658 -2.427803
v -1.061273 10.702781 0.000000
v -2.427803 4.902658 -2.080974
v -2.080975 4.902658 1.734144
v 1.917929 5.033585 1.598276
v -2.427804 4.902658 2.080973
v -2.427804 4.902658 1.734144
v 1.734144 4.902658 1.734146
v 2.080973 4.902658 2.427804
v -2.080975 4.902658 2.427802
v 1.734143 4.902658 2.427804
v -2.427804 4.902658 2.427802
v -1.734145 4.902658 -2.080974
v -1.734146 4.902658 2.080973
v -1.734146 4.902658 1.734144
v -1.734146 4.902658 2.427803
v -1.734145 4.902658 -2.427803
v -2.427803 4.902658 -2.427803
v 2.080975 4.902658 -1.734144
v -2.080974 4.902658 -1.734145
v -1.734145 4.902658 -1.734145
v -2.427803 4.902658 -1.734145
v 1.734146 4.902658 -1.734144
v 1.734146 4.902658 -2.427802
v 2.427802 4.902658 2.080976
v 2.427804 4.902658 -2.080973
v 2.427802 4.902658 1.734146
v 2.427802 4.902658 2.427804
v 2.427804 4.902658 -1.734144
v 2.427804 4.902658 -2.427802
v 1.598274 5.115336 1.917931
v 1.662794 4.968599 -1.995350
v -1.995351 4.968599 -2.327910
v 1.917929 5.115336 1.917931
v -2.327910 4.968599 -1.995352
v -1.995352 4.968599 1.662792
v 1.917929 5.115336 1.598276
v -2.327911 4.968599 1.995351
v -2.327911 4.968599 1.662792
v 1.662792 4.968599 1.662794
v 1.995350 4.968599 2.327911
v -1.995352 4.968599 2.327909
v 1.662791 4.968599 2.327911
v -2.327911 4.968599 2.327909
v -1.662793 4.968599 -1.995351
v -1.662794 4.968599 1.995351
v -1.662794 4.968599 1.662792
v -1.662794 4.968599 2.327909
v -1.662792 4.968599 -2.327910
v -2.327910 4.968599 -2.327910
v 1.995352 4.968599 -1.662792
v -1.995351 4.968599 -1.662793
v -1.662793 4.968599 -1.662793
v -2.327910 4.968599 -1.662793
v 1.662794 4.968599 -1.662792
v 1.662794 4.968599 -2.327909
v 2.327909 4.968599 1.995353
v 2.327911 4.968599 -1.995350
v 2.327909 4.968599 1.662794
v 2.327909 4.968599 2.327911
v 2.327911 4.968599 -1.662792
v 2.327911 4.968599 -2.327909
v -1.061272 10.702781 -0.530636
v 1.598276 5.033585 -1.917929
v -1.917930 5.033585 -2.237585
v 1.061272 10.702781 0.000001
v -2.237585 5.033585 -1.917930
v -1.917931 5.033585 1.598274
v -2.237586 5.033585 1.917929
v -2.237586 5.033585 1.598274
v 1.598274 5.033585 1.598276
v 1.917929 5.033585 2.237586
v -1.917931 5.033585 2.237584
v 1.598274 5.033585 2.237586
v -2.237586 5.033585 2.237584
v -1.598275 5.033585 -1.917930
v -1.598276 5.033585 1.917930
v -1.598276 5.033585 1.598275
v -1.598276 5.033585 2.237585
v -1.598275 5.033585 -2.237585
v -2.237585 5.033585 -2.237585
v 1.917931 5.033585 -1.598274
v -1.917930 5.033585 -1.598275
v -1.598275 5.033585 -1.598275
v -2.237585 5.033585 -1.598275
v 1.598276 5.033585 -1.598274
v 1.598276 5.033585 -2.237584
v 2.237584 5.033585 1.917931
v 2.237586 5.033585 -1.917929
v 2.237584 5.033585 1.598276
v 2.237584 5.033585 2.237586
v 2.237586 5.033585 -1.598274
v 2.237586 5.033585 -2.237584
v 1.917931 5.115336 -1.917929
v 1.598276 5.115336 -1.917929
v -1.917930 5.115336 -2.237585
v -1.917930 5.115336 -1.917930
v -2.237585 5.115336 -1.917930
v -1.917931 5.115336 1.598274
v -1.917931 5.115336 1.917929
v -2.237586 5.115336 1.917929
v -2.237586 5.115336 1.598274
v 1.598274 5.115336 1.598276
v 1.917929 5.115336 2.237586
v -1.917931 5.115336 2.237584
v 1.598274 5.115336 2.237586
v -2.237586 5.115336 2.237584
v -1.598275 5.115336 -1.917930
v -1.598276 5.115336 1.917930
v -1.598276 5.115336 1.598275
v -1.598276 5.115336 2.237585
v -1.598275 5.115336 -2.237585
v -2.237585 5.115336 -2.237585
v 1.917931 5.115336 -1.598274
v -1.917930 5.115336 -1.598275
v -1.598275 5.115336 -1.598275
v -2.237585 5.115336 -1.598275
v 1.598276 5.115336 -1.598274
v 1.598276 5.115336 -2.237584
v 2.237584 5.115336 1.917931
v 2.237586 5.115336 -1.917929
v 2.237584 5.115336 1.598276
v 2.237584 5.115336 2.237586
v 2.237586 5.115336 -1.598274
v 2.237586 5.115336 -2.237584
v -0.000001 6.585892 1.131140
v -0.000001 10.702781 1.061273
v 1.131140 6.585892 0.000001
v -1.131140 6.585892 -0.565570
v -1.131140 6.585892 0.000000
v -0.565570 6.585892 -1.131140
v 0.000000 6.585892 -1.131139
v 1.131140 6.585892 -0.565569
v 0.565570 6.585892 -1.131139
v 1.131140 6.585892 -1.131139
v 1.131139 6.585892 0.565571
v 1.131139 6.585892 1.131141
v 0.565569 6.585892 1.131141
v -1.131141 6.585892 0.565570
v -1.131141 6.585892 1.131140
v -0.565571 6.585892 1.131140
v -1.131140 6.585892 -1.131140
v -0.799773 11.466829 0.000000
v -0.799773 11.466829 -0.399886
v -0.000000 11.466829 -0.799773
v -0.399887 11.466829 -0.799773
v 0.530636 10.525645 -1.061272
v 0.000000 10.525645 -1.061272
v 1.061272 10.525645 0.000001
v 1.061272 10.525645 -0.530635
v -0.000001 8.745632 1.061273
v -0.530636 10.525645 -1.061272
v 1.061272 8.745632 0.000001
v -1.061272 8.745632 -0.530636
v -1.061273 8.745632 0.000000
v -0.530636 8.745632 -1.061272
v 0.000000 8.745632 -1.061272
v 1.061272 8.745632 -0.530635
v 0.530636 8.745632 -1.061272
v 1.061272 8.745632 -1.061271
v 1.061272 8.745632 0.530637
v 1.061271 8.745632 1.061273
v 0.530635 8.745632 1.061273
v -1.061273 8.745632 0.530636
v -1.061273 8.745632 1.061272
v -0.530637 8.745632 1.061272
v -1.061272 8.745632 -1.061272
v -1.061272 10.525645 -1.061272
v -1.061272 10.525645 -0.530636
v -1.061273 10.525645 0.000000
v 1.061272 10.525645 -1.061271
v -0.530636 10.702781 -1.061272
v 0.000000 10.702781 -1.061272
v 1.061272 10.702781 -0.530635
v 0.530636 10.702781 -1.061272
v 1.061272 10.702781 -1.061271
v 1.061272 10.702781 0.530637
v 1.061271 10.702781 1.061273
v 0.530635 10.702781 1.061273
v -1.061273 10.702781 0.530636
v -1.061273 10.702781 1.061272
v -0.530637 10.702781 1.061272
v -1.061272 10.702781 -1.061272
v 0.799773 11.466829 0.000001
v 0.799773 11.466829 -0.399886
v 0.799773 11.466829 -0.799772
v 0.399887 11.466829 -0.799772
v 1.061272 10.525645 0.530637
v 1.061271 10.525645 1.061273
v 0.530635 10.525645 1.061273
v -0.000001 10.525645 1.061273
v -1.061273 10.525645 0.530636
v -0.530637 10.525645 1.061272
v -1.061273 10.525645 1.061272
v 0.530636 10.702781 -1.061272
v 1.061272 10.702781 -1.061271
v 1.061272 10.702781 -0.530635
v 1.061272 10.702781 0.000001
v -0.530636 10.702781 -1.061272
v 0.000000 10.702781 -1.061272
v -1.061272 10.702781 -0.530636
v -1.061273 10.702781 0.000000
v 1.061272 10.525645 0.000001
v -0.530636 10.525645 -1.061272
v -1.061272 10.525645 -0.530636
v 1.061272 10.525645 -1.061271
v -1.061273 10.525645 0.000000
v -1.061272 10.525645 -1.061272
v -1.061272 10.702781 -1.061272
v 1.061272 10.525645 -0.530635
v 0.000000 10.525645 -1.061272
v 1.061272 10.525645 0.530637
v 1.061272 10.702781 0.530637
v 0.530635 10.525645 1.061273
v 0.530635 10.702781 1.061273
v -0.530637 10.525645 1.061272
v -0.530637 10.702781 1.061272
v 1.061271 10.702781 1.061273
v -1.061273 10.702781 0.530636
v -1.061273 10.702781 1.061272
v -0.000001 10.702781 1.061273
v 0.530636 10.525645 -1.061272
v 1.061271 10.525645 1.061273
v -0.000001 10.525645 1.061273
v -1.061273 10.525645 0.530636
v -1.061273 10.525645 1.061272
v 0.530636 10.702781 -1.061272
v 1.061272 10.702781 -1.061271
v 1.061272 10.702781 -0.530635
v 1.061272 10.702781 0.000001
v -0.530636 10.702781 -1.061272
v 0.000000 10.702781 -1.061272
v -1.061272 10.702781 -0.530636
v -1.061273 10.702781 0.000000
v 1.061272 10.525645 0.000001
v -0.530636 10.525645 -1.061272
v -1.061272 10.525645 -0.530636
v 1.061272 10.525645 -1.061271
v -1.061273 10.525645 0.000000
v -1.061272 10.525645 -1.061272
v -1.061272 10.702781 -1.061272
v 1.061272 10.525645 -0.530635
v 0.000000 10.525645 -1.061272
v 1.061272 10.525645 0.530637
v 1.061272 10.702781 0.530637
v 0.530635 10.525645 1.061273
v 0.530635 10.702781 1.061273
v -0.530637 10.525645 1.061272
v -0.530637 10.702781 1.061272
v 1.061271 10.702781 1.061273
v -1.061273 10.702781 0.530636
v -1.061273 10.702781 1.061272
v -0.000001 10.702781 1.061273
v 0.530636 10.525645 -1.061272
v 1.061271 10.525645 1.061273
v -0.000001 10.525645 1.061273
v -1.061273 10.525645 0.530636
v -1.061273 10.525645 1.061272
v 0.530636 10.702781 -1.297538
v 1.061273 10.702781 -1.297538
v -0.530636 10.702781 -1.297539
v 0.000000 10.702781 -1.297539
v -0.530636 10.525645 -1.297539
v 1.061273 10.525645 -1.297538
v -1.061272 10.525645 -1.297539
v -1.061272 10.702781 -1.297539
v 0.000000 10.525645 -1.297539
v 0.530636 10.525645 -1.297538
v 1.061272 10.702781 -0.530635
v 1.061272 10.702781 0.000001
v 1.061272 10.525645 0.000001
v 1.061273 10.525645 -1.297538
v 1.061272 10.525645 -1.061271
v 1.061272 10.702781 -1.061271
v 1.061272 10.525645 -0.530635
v 1.061272 10.525645 0.530637
v 1.061272 10.702781 0.530637
v 1.061271 10.702781 1.061273
v 1.061271 10.525645 1.061273
v 0.530636 10.702781 -1.297538
v 1.061273 10.702781 -1.297538
v -0.530636 10.702781 -1.297539
v 0.000000 10.702781 -1.297539
v -0.530636 10.525645 -1.297539
v -1.061272 10.525645 -1.297539
v -1.061272 10.702781 -1.297539
v 0.000000 10.525645 -1.297539
v 0.530636 10.525645 -1.297538
v 1.254484 10.702781 -0.530635
v 1.254484 10.702781 0.000001
v 1.254484 10.525645 0.000001
v 1.254485 10.525645 -1.297538
v 1.254485 10.525645 -1.061271
v 1.254485 10.702781 -1.061271
v 1.254484 10.525645 -0.530635
v 1.254484 10.525645 0.530637
v 1.254484 10.702781 0.530637
v 1.254484 10.702781 1.061273
v 1.254484 10.525645 1.061273
v 1.254485 10.702781 -1.297538
v 0.530635 10.525645 1.236349
v 0.530635 10.702781 1.236349
v -0.530637 10.525645 1.236349
v -0.530637 10.702781 1.236349
v 1.061271 10.702781 1.236350
v -0.000001 10.702781 1.236349
v -1.061273 10.702781 1.236349
v 1.061271 10.525645 1.236350
v -0.000001 10.525645 1.236349
v -1.061273 10.525645 1.236349
v 1.061271 10.702781 1.236350
v 1.061271 10.525645 1.236350
v 1.254484 10.702781 1.236350
v 1.254484 10.525645 1.236350
v -1.262006 10.702781 -0.530636
v -1.262006 10.702781 -0.000000
v -1.262006 10.525645 -0.530636
v -1.262006 10.525645 -0.000000
v -1.262006 10.525645 -1.061272
v -1.262006 10.702781 -1.061272
v -1.262007 10.702781 0.530636
v -1.262007 10.702781 1.061272
v -1.262007 10.525645 0.530636
v -1.262007 10.525645 1.061272
v -1.262006 10.525645 -1.297539
v -1.262006 10.702781 -1.297539
v -1.262007 10.702781 1.236349
v -1.262007 10.525645 1.236349
v 0.471442 11.175491 -0.942883
v 0.942884 11.175491 -0.942883
v 0.942884 11.175491 -0.471441
v 0.942883 11.175491 0.000001
v -0.471442 11.175491 -0.942883
v 0.000000 11.175491 -0.942883
v -0.942884 11.175491 -0.471442
v -0.942884 11.175491 0.000000
v -0.644571 11.716676 0.000000
v -0.644571 11.716676 -0.322285
v -0.000001 11.175491 0.942884
v 0.644570 11.716676 0.000001
v -0.158136 12.227571 0.000000
v -0.000001 11.716676 0.644571
v 0.942883 11.175491 0.471443
v 0.942883 11.175491 0.942885
v 0.471441 11.175491 0.942884
v -0.942884 11.175491 0.471442
v -0.942884 11.175491 0.942884
v -0.471442 11.175491 0.942884
v -0.942884 11.175491 -0.942883
v -0.158136 12.227571 -0.079068
v 0.158135 12.227571 0.000000
v 0.079068 12.227571 0.000000
v -0.000000 12.227571 0.158136
v -0.435462 11.990258 0.000000
v -0.000001 11.466829 0.799773
v -0.435462 11.990258 -0.217731
v -0.000000 11.990258 -0.435462
v -0.217731 11.990258 -0.435462
v 0.799773 11.466829 0.399887
v 0.799772 11.466829 0.799774
v 0.399886 11.466829 0.799774
v -0.799774 11.466829 0.399887
v -0.799774 11.466829 0.799773
v -0.399887 11.466829 0.799773
v -0.799773 11.466829 -0.799773
v 0.435462 11.990258 0.000001
v 0.435462 11.990258 -0.217730
v 0.435462 11.990258 -0.435461
v 0.217731 11.990258 -0.435461
v -0.322285 11.716676 -0.644570
v -0.000000 11.716676 -0.644570
v 0.644570 11.716676 -0.322284
v 0.322285 11.716676 -0.644570
v 0.644570 11.716676 -0.644570
v 0.644570 11.716676 0.322286
v 0.644570 11.716676 0.644571
v 0.322285 11.716676 0.644571
v -0.644571 11.716676 0.322285
v -0.644571 11.716676 0.644570
v -0.322286 11.716676 0.644570
v -0.644570 11.716676 -0.644570
v -0.000000 12.227571 0.079068
v -0.079068 12.227571 0.000000
v -0.101743 12.662859 0.000000
v -0.000000 12.227571 -0.079067
v -0.000001 11.990258 0.435462
v 0.435462 11.990258 0.217732
v 0.435461 11.990258 0.435463
v 0.217730 11.990258 0.435462
v -0.435463 11.990258 0.217731
v -0.435463 11.990258 0.435462
v -0.217731 11.990258 0.435462
v -0.435462 11.990258 -0.435462
v -0.079068 12.227571 -0.158135
v -0.000000 12.227571 -0.158135
v 0.158136 12.227571 -0.079067
v 0.079068 12.227571 -0.158135
v 0.158136 12.227571 -0.158135
v 0.158135 12.227571 0.079068
v 0.158135 12.227571 0.158136
v 0.079067 12.227571 0.158136
v -0.158136 12.227571 0.079068
v -0.158136 12.227571 0.158136
v -0.079068 12.227571 0.158136
v -0.158136 12.227571 -0.158135
v -0.079068 12.227571 0.079068
v 0.079068 12.227571 0.079068
v -0.079068 12.227571 -0.079067
v 0.079068 12.227571 -0.079067
v -0.079068 12.620932 0.000000
v -0.065159 12.690845 0.000000
v -0.000000 12.620932 -0.079067
v -0.000000 12.620932 0.079068
v 0.079068 12.620932 0.000000
v -0.079068 12.620932 0.079068
v 0.079068 12.620932 0.079068
v -0.079068 12.620932 -0.079067
v 0.079068 12.620932 -0.079067
v -0.043425 12.742502 0.000000
v -0.000000 12.662859 -0.101742
v -0.000000 12.662859 0.101743
v 0.101742 12.662859 0.000000
v -0.101743 12.662859 0.101743
v 0.101742 12.662859 0.101743
v -0.101743 12.662859 -0.101742
v 0.101742 12.662859 -0.101742
v -0.013149 12.814854 0.000000
v -0.000000 12.690845 -0.065158
v -0.000000 12.690845 0.065159
v 0.065158 12.690845 0.000000
v -0.065159 12.690845 0.065159
v 0.065158 12.690845 0.065159
v -0.065159 12.690845 -0.065158
v 0.065158 12.690845 -0.065158
v -0.000000 12.742502 -0.043424
v -0.000000 12.742502 0.043425
v 0.043425 12.742502 0.000000
v -0.043425 12.742502 0.043425
v 0.043425 12.742502 0.043425
v -0.043425 12.742502 -0.043425
v 0.043425 12.742502 -0.043424
v -0.000000 12.814854 0.000000
v -0.000000 12.814854 -0.013149
v -0.000000 12.814854 0.013150
v 0.013149 12.814854 0.000000
v -0.013149 12.814854 0.013150
v 0.013149 12.814854 0.013150
v -0.013149 12.814854 -0.013149
v 0.013149 12.814854 -0.013149
vt 0.000000 0.000000
vt 0.847255 0.713741
vt 0.847255 0.694798
vt 0.853732 0.694798
vt 0.853732 0.713741
vt 0.671213 0.775560
vt 0.671213 0.756616
vt 0.677690 0.756616
vt 0.677690 0.775560
vt 0.642458 0.918388
vt 0.642458 0.937331
vt 0.635984 0.937331
vt 0.635984 0.918388
vt 0.840777 0.755989
vt 0.840777 0.737045
vt 0.847255 0.737045
vt 0.847255 0.755989
vt 0.819091 0.793876
vt 0.819091 0.812819
vt 0.812614 0.812819
vt 0.812614 0.793876
vt 0.284744 0.590255
vt 0.284744 0.609198
vt 0.278266 0.609198
vt 0.278266 0.590255
vt 0.688385 0.737673
vt 0.688385 0.718729
vt 0.694863 0.718729
vt 0.694863 0.737673
vt 0.220930 0.860054
vt 0.220930 0.878998
vt 0.214453 0.878998
vt 0.214453 0.860054
vt 0.213861 0.918388
vt 0.213861 0.937331
vt 0.207387 0.937331
vt 0.207387 0.918388
vt 0.642458 0.880501
vt 0.642458 0.899444
vt 0.635984 0.899444
vt 0.635984 0.880501
vt 0.819595 0.628142
vt 0.819595 0.647086
vt 0.813117 0.647086
vt 0.813117 0.628142
vt 0.284744 0.628142
vt 0.284744 0.647085
vt 0.278266 0.647085
vt 0.278266 0.628142
vt 0.819091 0.831763
vt 0.819091 0.850706
vt 0.812614 0.850706
vt 0.812614 0.831763
vt 0.277255 0.855694
vt 0.277255 0.836751
vt 0.283733 0.836751
vt 0.283733 0.855694
vt 0.213861 0.880501
vt 0.213861 0.899444
vt 0.207387 0.899444
vt 0.207387 0.880501
vt 0.220930 0.822167
vt 0.220930 0.841111
vt 0.214453 0.841111
vt 0.214452 0.822167
vt 0.549628 0.876253
vt 0.549628 0.857310
vt 0.568590 0.857310
vt 0.568590 0.876253
vt 0.875994 0.914138
vt 0.875994 0.933082
vt 0.857032 0.933082
vt 0.857032 0.914138
vt 0.876153 0.136965
vt 0.876153 0.155909
vt 0.857191 0.155909
vt 0.857191 0.136965
vt 0.914077 0.174852
vt 0.914077 0.155909
vt 0.933039 0.155909
vt 0.933039 0.174852
vt 0.914077 0.212739
vt 0.914077 0.193796
vt 0.933039 0.193796
vt 0.933039 0.212739
vt 0.961011 0.240324
vt 0.961011 0.259268
vt 0.951995 0.255868
vt 0.951995 0.236358
vt 0.876153 0.174852
vt 0.895115 0.155909
vt 0.895115 0.174852
vt 0.876153 0.099078
vt 0.876153 0.118022
vt 0.857191 0.118022
vt 0.857191 0.099078
vt 0.391844 0.937046
vt 0.391844 0.955990
vt 0.383193 0.959956
vt 0.383193 0.940446
vt 0.914077 0.136965
vt 0.895115 0.136965
vt 0.875994 0.876251
vt 0.875994 0.895194
vt 0.857032 0.895194
vt 0.857032 0.876251
vt 0.358472 0.937046
vt 0.358472 0.955990
vt 0.349773 0.959956
vt 0.349773 0.940446
vt 0.913918 0.914138
vt 0.913918 0.933082
vt 0.894956 0.933082
vt 0.894956 0.914138
vt 0.549628 0.914140
vt 0.549628 0.895197
vt 0.568590 0.895197
vt 0.568590 0.914140
vt 0.933255 0.259267
vt 0.933255 0.278211
vt 0.924239 0.275378
vt 0.924239 0.255868
vt 0.511704 0.876253
vt 0.511704 0.857310
vt 0.530666 0.857310
vt 0.530666 0.876253
vt 0.827077 0.633592
vt 0.827077 0.651446
vt 0.778347 0.871845
vt 0.778347 0.853991
vt 0.787076 0.860532
vt 0.787076 0.879475
vt 0.228413 0.852424
vt 0.228413 0.870277
vt 0.778347 0.836138
vt 0.778347 0.818284
vt 0.787076 0.822645
vt 0.787076 0.841588
vt 0.910804 0.071414
vt 0.928675 0.071414
vt 0.937404 0.080134
vt 0.918442 0.080134
vt 0.826574 0.801506
vt 0.826574 0.819360
vt 0.875062 0.071414
vt 0.892933 0.071414
vt 0.899479 0.080134
vt 0.880517 0.080134
vt 0.419455 0.846689
vt 0.401584 0.846689
vt 0.408131 0.837968
vt 0.427093 0.837969
vt 0.833294 0.748358
vt 0.833294 0.730505
vt 0.928675 0.053560
vt 0.928675 0.035707
vt 0.937404 0.042247
vt 0.937404 0.061191
vt 0.383713 0.846689
vt 0.365842 0.846689
vt 0.370206 0.837969
vt 0.389169 0.837968
vt 0.663729 0.781010
vt 0.663729 0.763157
vt 0.928675 0.017853
vt 0.928675 0.000000
vt 0.937404 0.004360
vt 0.937404 0.023304
vt 0.228452 0.781010
vt 0.228452 0.798864
vt 0.220927 0.794503
vt 0.220927 0.775560
vt 0.833294 0.712651
vt 0.833294 0.694798
vt 0.840777 0.699158
vt 0.840777 0.718102
vt 0.760476 0.889698
vt 0.778347 0.889698
vt 0.787076 0.898419
vt 0.768114 0.898419
vt 0.847757 0.628142
vt 0.847757 0.609199
vt 0.854235 0.609199
vt 0.854235 0.628142
vt 0.819595 0.590255
vt 0.819595 0.609199
vt 0.813117 0.609199
vt 0.813117 0.590255
vt 0.277315 0.775560
vt 0.277315 0.756616
vt 0.283789 0.756616
vt 0.283789 0.775560
vt 0.684168 0.737673
vt 0.684168 0.756616
vt 0.677690 0.737673
vt 0.277255 0.817807
vt 0.277255 0.798864
vt 0.283733 0.798864
vt 0.283733 0.817807
vt 0.220927 0.737673
vt 0.220927 0.756616
vt 0.214453 0.756616
vt 0.214452 0.737673
vt 0.853732 0.793876
vt 0.853732 0.812819
vt 0.847255 0.812819
vt 0.847255 0.793876
vt 0.847757 0.590255
vt 0.847757 0.571311
vt 0.854235 0.571311
vt 0.854235 0.590255
vt 0.671213 0.737673
vt 0.671213 0.718729
vt 0.677690 0.718729
vt 0.847255 0.751629
vt 0.847255 0.732685
vt 0.853732 0.732685
vt 0.853732 0.751629
vt 0.684168 0.775560
vt 0.684168 0.794503
vt 0.677690 0.794503
vt 0.277315 0.737673
vt 0.277315 0.718729
vt 0.283789 0.718729
vt 0.283789 0.737673
vt 0.847255 0.699158
vt 0.847255 0.718102
vt 0.853732 0.831763
vt 0.853732 0.850706
vt 0.847255 0.850706
vt 0.847255 0.831763
vt 0.214453 0.794503
vt 0.214453 0.775560
vt 0.688385 0.775560
vt 0.688385 0.756616
vt 0.694863 0.756616
vt 0.694863 0.775560
vt 0.249093 0.825437
vt 0.249093 0.807584
vt 0.269773 0.807584
vt 0.269773 0.825437
vt 0.249121 0.745303
vt 0.249121 0.763157
vt 0.228452 0.763157
vt 0.228452 0.745303
vt 0.466735 0.899517
vt 0.466735 0.917371
vt 0.446055 0.917371
vt 0.446055 0.899517
vt 0.487415 0.935224
vt 0.487415 0.953078
vt 0.466735 0.953078
vt 0.466735 0.935224
vt 0.643049 0.745303
vt 0.643049 0.727450
vt 0.663729 0.727450
vt 0.663729 0.745303
vt 0.207387 0.879411
vt 0.207387 0.897264
vt 0.186707 0.897264
vt 0.186707 0.879411
vt 0.615303 0.879411
vt 0.615303 0.861557
vt 0.635984 0.861557
vt 0.635984 0.879411
vt 0.249121 0.727450
vt 0.269789 0.727450
vt 0.269789 0.745303
vt 0.812614 0.712651
vt 0.812614 0.694798
vt 0.446055 0.953078
vt 0.446055 0.935224
vt 0.249121 0.781010
vt 0.249121 0.798864
vt 0.932880 0.910868
vt 0.932880 0.893014
vt 0.953560 0.893014
vt 0.953560 0.910868
vt 0.207387 0.915118
vt 0.207387 0.932971
vt 0.186707 0.932971
vt 0.186707 0.915118
vt 0.643049 0.781010
vt 0.643049 0.763157
vt 0.663718 0.948946
vt 0.663718 0.966799
vt 0.643049 0.966799
vt 0.643049 0.948946
vt 0.812614 0.748358
vt 0.812614 0.730505
vt 0.724734 0.889698
vt 0.742605 0.889698
vt 0.749152 0.898419
vt 0.730190 0.898419
vt 0.437326 0.864542
vt 0.437326 0.846689
vt 0.446055 0.837969
vt 0.446055 0.856912
vt 0.437326 0.900249
vt 0.437326 0.882396
vt 0.446055 0.875856
vt 0.446055 0.894799
vt 0.269789 0.781010
vt 0.269789 0.763157
vt 0.339242 0.909382
vt 0.357113 0.909382
vt 0.365842 0.918103
vt 0.346880 0.918103
vt 0.827077 0.597885
vt 0.827077 0.615739
vt 0.357113 0.891529
vt 0.357113 0.873675
vt 0.365842 0.880216
vt 0.365842 0.899159
vt 0.303500 0.909382
vt 0.321371 0.909382
vt 0.327917 0.918103
vt 0.308955 0.918103
vt 0.228412 0.816717
vt 0.228412 0.834570
vt 0.269773 0.861144
vt 0.269773 0.843291
vt 0.357113 0.855822
vt 0.357113 0.837968
vt 0.365842 0.842329
vt 0.365842 0.861272
vt 0.826574 0.837213
vt 0.826574 0.855067
vt 0.847254 0.801506
vt 0.847254 0.819360
vt 0.258191 0.932558
vt 0.258191 0.914705
vt 0.278871 0.914705
vt 0.278871 0.932558
vt 0.932880 0.875161
vt 0.932880 0.857307
vt 0.953560 0.857307
vt 0.953560 0.875161
vt 0.249093 0.852424
vt 0.249093 0.870277
vt 0.937404 0.017853
vt 0.937404 0.000000
vt 0.958072 0.000000
vt 0.958072 0.017853
vt 0.663718 0.913239
vt 0.663718 0.931092
vt 0.643049 0.931092
vt 0.643049 0.913239
vt 0.847757 0.633592
vt 0.847757 0.651446
vt 0.258191 0.896851
vt 0.258191 0.878998
vt 0.278871 0.878998
vt 0.278871 0.896851
vt 0.847254 0.837213
vt 0.847254 0.855067
vt 0.249093 0.861144
vt 0.249093 0.843291
vt 0.937404 0.053560
vt 0.937404 0.035707
vt 0.958072 0.035707
vt 0.958072 0.053560
vt 0.249093 0.816717
vt 0.249093 0.834570
vt 0.487415 0.899517
vt 0.487415 0.917371
vt 0.847757 0.597885
vt 0.847757 0.615739
vt 0.615303 0.915118
vt 0.615303 0.897264
vt 0.635984 0.897264
vt 0.635984 0.915118
vt 0.017871 0.017854
vt 0.000000 0.017853
vt 0.017871 0.000000
vt 0.535862 0.267802
vt 0.571565 0.267802
vt 0.571565 0.285656
vt 0.535862 0.285656
vt 0.607268 0.017854
vt 0.571565 0.017854
vt 0.571565 0.000000
vt 0.607268 0.000000
vt 0.035704 0.303509
vt 0.000000 0.303509
vt 0.000000 0.285656
vt 0.035704 0.285656
vt 0.607249 0.303509
vt 0.571565 0.303509
vt 0.607249 0.285656
vt 0.749982 0.303509
vt 0.714298 0.303509
vt 0.714298 0.285656
vt 0.749982 0.285656
vt 0.749982 0.464191
vt 0.714298 0.464191
vt 0.714298 0.428484
vt 0.749982 0.428484
vt 0.607249 0.464190
vt 0.571565 0.464190
vt 0.571565 0.428484
vt 0.607249 0.428484
vt 0.178518 0.303509
vt 0.142814 0.303509
vt 0.142814 0.285656
vt 0.178518 0.285656
vt 0.178518 0.464190
vt 0.142814 0.464191
vt 0.142814 0.428484
vt 0.178518 0.428484
vt 0.035704 0.464191
vt 0.000000 0.464191
vt 0.000000 0.428484
vt 0.035704 0.428484
vt 0.750081 0.017854
vt 0.714378 0.017854
vt 0.714378 0.000000
vt 0.750081 0.000000
vt 0.750081 0.178535
vt 0.714378 0.178535
vt 0.714378 0.142828
vt 0.750081 0.142828
vt 0.607268 0.178535
vt 0.571565 0.178535
vt 0.571565 0.142828
vt 0.607268 0.142828
vt 0.393047 0.267802
vt 0.428751 0.267802
vt 0.428751 0.285656
vt 0.393047 0.285656
vt 0.393047 0.107121
vt 0.428751 0.107121
vt 0.428751 0.142828
vt 0.393047 0.142828
vt 0.535862 0.107121
vt 0.571565 0.107121
vt 0.535862 0.142828
vt 0.874903 0.750187
vt 0.874903 0.785893
vt 0.857032 0.785893
vt 0.857032 0.750187
vt 0.035742 1.000000
vt 0.000000 1.000000
vt 0.005611 0.838031
vt 0.038548 0.838031
vt 0.625178 0.754436
vt 0.643049 0.754436
vt 0.643049 0.790143
vt 0.625178 0.790143
vt 0.178710 0.017853
vt 0.142968 0.017853
vt 0.142968 0.000000
vt 0.178710 0.000000
vt 0.178710 0.178535
vt 0.142968 0.178535
vt 0.142968 0.142828
vt 0.178710 0.142828
vt 0.017871 0.178535
vt 0.000000 0.178535
vt 0.000000 0.142828
vt 0.017871 0.142828
vt 0.107226 0.178535
vt 0.071484 0.178535
vt 0.071484 0.142828
vt 0.107226 0.142828
vt 0.107226 0.232095
vt 0.071484 0.232095
vt 0.071484 0.214242
vt 0.107226 0.214242
vt 0.017871 0.232095
vt 0.000000 0.232095
vt 0.000000 0.214242
vt 0.017871 0.214242
vt 0.232324 0.178535
vt 0.214453 0.178535
vt 0.214453 0.142828
vt 0.232324 0.142828
vt 0.232324 0.232095
vt 0.214453 0.232095
vt 0.214453 0.214242
vt 0.232324 0.214242
vt 0.178710 0.232095
vt 0.142968 0.232095
vt 0.142968 0.214242
vt 0.178710 0.214242
vt 0.232324 0.017853
vt 0.214453 0.017853
vt 0.214453 0.000000
vt 0.232324 0.000000
vt 0.232324 0.107121
vt 0.214453 0.107121
vt 0.214453 0.071414
vt 0.232324 0.071414
vt 0.178710 0.107121
vt 0.142968 0.107121
vt 0.142968 0.071414
vt 0.178710 0.071414
vt 0.142968 1.000000
vt 0.107226 1.000000
vt 0.104421 0.838031
vt 0.137357 0.838031
vt 0.196581 0.754436
vt 0.196581 0.718729
vt 0.214452 0.718729
vt 0.214452 0.754436
vt 0.550719 0.750189
vt 0.568590 0.750189
vt 0.568590 0.785896
vt 0.550719 0.785896
vt 0.196581 0.825850
vt 0.196581 0.790143
vt 0.214452 0.790143
vt 0.214452 0.825850
vt 0.550719 0.821603
vt 0.568590 0.821603
vt 0.550719 0.857310
vt 0.464339 0.714482
vt 0.428597 0.714482
vt 0.434208 0.552483
vt 0.467145 0.552483
vt 0.464455 0.107121
vt 0.500158 0.107121
vt 0.500158 0.142828
vt 0.464455 0.142828
vt 0.464455 0.053560
vt 0.500158 0.053560
vt 0.500158 0.071414
vt 0.464455 0.071414
vt 0.535862 0.053560
vt 0.571565 0.053560
vt 0.571565 0.071414
vt 0.535862 0.071414
vt 0.321640 0.107121
vt 0.357344 0.107121
vt 0.357344 0.142828
vt 0.321640 0.142828
vt 0.321640 0.053560
vt 0.357344 0.053560
vt 0.357344 0.071414
vt 0.321640 0.071414
vt 0.393047 0.053560
vt 0.428751 0.053560
vt 0.428751 0.071414
vt 0.393047 0.071414
vt 0.321640 0.267802
vt 0.357344 0.267802
vt 0.357344 0.285656
vt 0.321640 0.285656
vt 0.321640 0.178535
vt 0.357344 0.178535
vt 0.357344 0.214242
vt 0.321640 0.214242
vt 0.393047 0.178535
vt 0.428751 0.178535
vt 0.428751 0.214242
vt 0.393047 0.214242
vt 0.678675 0.178535
vt 0.642972 0.178535
vt 0.642972 0.142828
vt 0.678675 0.142828
vt 0.678675 0.232095
vt 0.642972 0.232095
vt 0.642972 0.214242
vt 0.678675 0.214242
vt 0.607269 0.232095
vt 0.571565 0.232095
vt 0.571565 0.214242
vt 0.607269 0.214242
vt 0.821487 0.178535
vt 0.785784 0.178535
vt 0.785784 0.142828
vt 0.821487 0.142828
vt 0.821487 0.232095
vt 0.785784 0.232095
vt 0.785784 0.214242
vt 0.821487 0.214242
vt 0.750081 0.232095
vt 0.714378 0.232095
vt 0.714378 0.214242
vt 0.750081 0.214242
vt 0.821487 0.017854
vt 0.785784 0.017854
vt 0.785784 0.000000
vt 0.821487 0.000000
vt 0.821487 0.107121
vt 0.785784 0.107121
vt 0.785784 0.071414
vt 0.821487 0.071414
vt 0.750081 0.107121
vt 0.714378 0.107121
vt 0.714378 0.071414
vt 0.750081 0.071414
vt 0.107111 0.464191
vt 0.071407 0.464191
vt 0.071407 0.428484
vt 0.107111 0.428484
vt 0.107111 0.517751
vt 0.071407 0.517751
vt 0.071407 0.499897
vt 0.107111 0.499897
vt 0.035704 0.517751
vt 0.000000 0.517751
vt 0.000000 0.499897
vt 0.035704 0.499897
vt 0.249925 0.464190
vt 0.214221 0.464190
vt 0.214221 0.428484
vt 0.249925 0.428484
vt 0.249925 0.517751
vt 0.214221 0.517751
vt 0.214221 0.499897
vt 0.249925 0.499897
vt 0.178518 0.517751
vt 0.142814 0.517751
vt 0.142814 0.499897
vt 0.178518 0.499897
vt 0.249925 0.303509
vt 0.214221 0.303509
vt 0.214221 0.285656
vt 0.249925 0.285656
vt 0.249925 0.392777
vt 0.214221 0.392777
vt 0.214221 0.357070
vt 0.249925 0.357070
vt 0.178518 0.392777
vt 0.142814 0.392777
vt 0.142814 0.357070
vt 0.178518 0.357070
vt 0.678615 0.464191
vt 0.642932 0.464191
vt 0.642932 0.428484
vt 0.678615 0.428484
vt 0.678615 0.517751
vt 0.642932 0.517751
vt 0.642932 0.499897
vt 0.678615 0.499897
vt 0.607249 0.517751
vt 0.571565 0.517751
vt 0.571565 0.499897
vt 0.607249 0.499897
vt 0.821348 0.464191
vt 0.785665 0.464191
vt 0.785665 0.428484
vt 0.821348 0.428484
vt 0.821348 0.517751
vt 0.785665 0.517751
vt 0.785665 0.499897
vt 0.821348 0.499897
vt 0.749982 0.517751
vt 0.714298 0.517751
vt 0.714298 0.499897
vt 0.749982 0.499897
vt 0.821348 0.303509
vt 0.785665 0.303509
vt 0.785665 0.285656
vt 0.821348 0.285656
vt 0.821348 0.392777
vt 0.785665 0.392777
vt 0.785665 0.357070
vt 0.821348 0.357070
vt 0.749982 0.392777
vt 0.714298 0.392777
vt 0.714298 0.357070
vt 0.749982 0.357070
vt 0.678615 0.303509
vt 0.642932 0.303509
vt 0.642932 0.285656
vt 0.678615 0.285656
vt 0.678615 0.392777
vt 0.642932 0.392777
vt 0.642932 0.357070
vt 0.678615 0.357070
vt 0.607249 0.392777
vt 0.571565 0.392777
vt 0.571565 0.357070
vt 0.607249 0.357070
vt 0.107111 0.303509
vt 0.071407 0.303509
vt 0.071407 0.285656
vt 0.107111 0.285656
vt 0.107111 0.392777
vt 0.071407 0.392777
vt 0.071407 0.357070
vt 0.107111 0.357070
vt 0.035704 0.392777
vt 0.000000 0.392777
vt 0.000000 0.357070
vt 0.035704 0.357070
vt 0.678675 0.017854
vt 0.642972 0.017854
vt 0.642972 0.000000
vt 0.678675 0.000000
vt 0.678675 0.107121
vt 0.642972 0.107121
vt 0.642972 0.071414
vt 0.678675 0.071414
vt 0.607268 0.107121
vt 0.607268 0.071414
vt 0.464455 0.267802
vt 0.500158 0.267802
vt 0.500158 0.285656
vt 0.464455 0.285656
vt 0.464455 0.178535
vt 0.500158 0.178535
vt 0.500158 0.214242
vt 0.464455 0.214242
vt 0.535862 0.178535
vt 0.535862 0.214242
vt 0.874903 0.821600
vt 0.874903 0.857307
vt 0.857032 0.857307
vt 0.857032 0.821600
vt 0.571565 0.714482
vt 0.535823 0.714482
vt 0.533017 0.552483
vt 0.565954 0.552483
vt 0.625178 0.825850
vt 0.643049 0.825850
vt 0.643049 0.861557
vt 0.625178 0.861557
vt 0.107226 0.017853
vt 0.071484 0.017853
vt 0.071484 0.000000
vt 0.107226 0.000000
vt 0.107226 0.107121
vt 0.071484 0.107121
vt 0.071484 0.071414
vt 0.107226 0.071414
vt 0.017871 0.107121
vt 0.000000 0.107121
vt 0.000000 0.071414
vt 0.017871 0.071414
vt 0.053613 0.107121
vt 0.035742 0.107121
vt 0.035742 0.071414
vt 0.053613 0.071414
vt 0.053613 0.142828
vt 0.035742 0.142828
vt 0.142968 0.053560
vt 0.107226 0.053560
vt 0.107226 0.035707
vt 0.142968 0.035707
vt 0.071484 0.053560
vt 0.071484 0.035707
vt 0.589436 0.825850
vt 0.607307 0.825850
vt 0.607307 0.861557
vt 0.589436 0.861557
vt 0.589436 0.790143
vt 0.607307 0.790143
vt 0.321371 0.714482
vt 0.285629 0.714482
vt 0.291240 0.552483
vt 0.324176 0.552483
vt 0.892774 0.714480
vt 0.857032 0.714480
vt 0.862643 0.552481
vt 0.895579 0.552481
vt 0.392855 0.714482
vt 0.357113 0.714482
vt 0.357113 0.552483
vt 0.390049 0.552483
vt 0.910645 0.785893
vt 0.910645 0.821600
vt 0.892774 0.821600
vt 0.892774 0.785893
vt 0.910645 0.857307
vt 0.892774 0.857307
vt 0.428751 0.232095
vt 0.464455 0.232095
vt 0.464455 0.249949
vt 0.428751 0.249949
vt 0.500158 0.232095
vt 0.500158 0.249949
vt 0.714378 0.053561
vt 0.678675 0.053561
vt 0.678675 0.035707
vt 0.714378 0.035707
vt 0.642972 0.053561
vt 0.642972 0.035707
vt 0.142814 0.339216
vt 0.107111 0.339216
vt 0.107111 0.321363
vt 0.142814 0.321363
vt 0.071407 0.339216
vt 0.071407 0.321363
vt 0.714298 0.339216
vt 0.678615 0.339216
vt 0.678615 0.321363
vt 0.714298 0.321363
vt 0.642932 0.339216
vt 0.642932 0.321363
vt 0.857032 0.392777
vt 0.857032 0.357070
vt 0.857032 0.428484
vt 0.857032 0.303509
vt 0.857032 0.285656
vt 0.857032 0.339216
vt 0.821348 0.339216
vt 0.821348 0.321363
vt 0.857032 0.321363
vt 0.785665 0.339216
vt 0.785665 0.321363
vt 0.785665 0.553458
vt 0.749982 0.553458
vt 0.749982 0.535604
vt 0.785665 0.535604
vt 0.714298 0.553458
vt 0.714298 0.535604
vt 0.857032 0.517751
vt 0.857032 0.499897
vt 0.857032 0.553458
vt 0.821348 0.553458
vt 0.821348 0.535604
vt 0.857032 0.535604
vt 0.857032 0.464191
vt 0.642932 0.553458
vt 0.607249 0.553458
vt 0.607249 0.535604
vt 0.642932 0.535604
vt 0.571565 0.553458
vt 0.571565 0.535604
vt 0.678615 0.553458
vt 0.678615 0.535604
vt 0.285628 0.392777
vt 0.285628 0.357070
vt 0.285628 0.428484
vt 0.285628 0.303509
vt 0.285628 0.285656
vt 0.285628 0.339216
vt 0.249925 0.339216
vt 0.249925 0.321363
vt 0.285628 0.321363
vt 0.214221 0.339216
vt 0.214221 0.321363
vt 0.214221 0.553458
vt 0.178518 0.553458
vt 0.178518 0.535604
vt 0.214221 0.535604
vt 0.142814 0.553458
vt 0.142814 0.535604
vt 0.285628 0.517751
vt 0.285628 0.499897
vt 0.285628 0.553458
vt 0.249925 0.553458
vt 0.249925 0.535604
vt 0.285628 0.535604
vt 0.285628 0.464190
vt 0.071407 0.553458
vt 0.035704 0.553458
vt 0.035704 0.535604
vt 0.071407 0.535604
vt 0.000000 0.553458
vt 0.000000 0.535604
vt 0.107111 0.553458
vt 0.107111 0.535604
vt 0.857191 0.107121
vt 0.857190 0.071414
vt 0.857191 0.142828
vt 0.857190 0.017854
vt 0.857190 0.000000
vt 0.857190 0.053560
vt 0.821487 0.053560
vt 0.821487 0.035707
vt 0.857191 0.035707
vt 0.785784 0.053560
vt 0.785784 0.035707
vt 0.785784 0.267802
vt 0.750081 0.267802
vt 0.750081 0.249949
vt 0.785784 0.249949
vt 0.714378 0.267802
vt 0.714378 0.249949
vt 0.857191 0.232095
vt 0.857191 0.214242
vt 0.857191 0.267802
vt 0.821487 0.267802
vt 0.821487 0.249949
vt 0.857191 0.249949
vt 0.857191 0.178535
vt 0.642972 0.267802
vt 0.607269 0.267802
vt 0.607269 0.249949
vt 0.642972 0.249949
vt 0.571565 0.249949
vt 0.678675 0.267802
vt 0.678675 0.249949
vt 0.285937 0.178535
vt 0.285937 0.214242
vt 0.285937 0.142828
vt 0.285937 0.267802
vt 0.285937 0.285656
vt 0.285937 0.232095
vt 0.321640 0.232095
vt 0.321640 0.249949
vt 0.285937 0.249949
vt 0.357344 0.232095
vt 0.357344 0.249949
vt 0.357344 0.017853
vt 0.393047 0.017853
vt 0.393047 0.035707
vt 0.357344 0.035707
vt 0.428751 0.017853
vt 0.428751 0.035707
vt 0.285937 0.053560
vt 0.285937 0.071414
vt 0.285937 0.017853
vt 0.321640 0.017853
vt 0.321640 0.035707
vt 0.285937 0.035707
vt 0.285937 0.107121
vt 0.500158 0.017854
vt 0.535862 0.017854
vt 0.535862 0.035707
vt 0.500158 0.035707
vt 0.571565 0.035707
vt 0.464455 0.017854
vt 0.464455 0.035707
vt 0.071484 1.000000
vt 0.071484 0.838031
vt 0.500081 0.714482
vt 0.500081 0.552483
vt 1.000000 0.714480
vt 0.964258 0.714480
vt 0.961452 0.552481
vt 0.994389 0.552481
vt 0.514977 0.821603
vt 0.532848 0.821603
vt 0.532848 0.857310
vt 0.514977 0.857310
vt 0.514977 0.785896
vt 0.532848 0.785896
vt 0.196581 0.861557
vt 0.214452 0.861557
vt 0.160839 0.861557
vt 0.160839 0.825850
vt 0.178710 0.825850
vt 0.178710 0.861557
vt 0.160839 0.790143
vt 0.178710 0.790143
vt 0.514977 0.750189
vt 0.532848 0.750189
vt 0.514977 0.714482
vt 0.532848 0.714482
vt 0.550719 0.714482
vt 0.568590 0.714482
vt 0.160839 0.754436
vt 0.178710 0.754436
vt 0.160839 0.718729
vt 0.178710 0.718729
vt 0.928516 0.714480
vt 0.928516 0.552481
vt 0.268066 0.107121
vt 0.250195 0.107121
vt 0.250195 0.071414
vt 0.268066 0.071414
vt 0.268066 0.142828
vt 0.250195 0.142828
vt 0.268066 0.017853
vt 0.250195 0.017853
vt 0.250195 0.000000
vt 0.268066 0.000000
vt 0.268066 0.053560
vt 0.250195 0.053560
vt 0.250195 0.035707
vt 0.268066 0.035707
vt 0.232324 0.053560
vt 0.214453 0.053560
vt 0.214453 0.035707
vt 0.232324 0.035707
vt 0.214453 0.267802
vt 0.178710 0.267802
vt 0.178710 0.249949
vt 0.214453 0.249949
vt 0.142968 0.267802
vt 0.142968 0.249949
vt 0.268066 0.232095
vt 0.250195 0.232095
vt 0.250195 0.214242
vt 0.268066 0.214242
vt 0.268066 0.267802
vt 0.250195 0.267802
vt 0.250195 0.249949
vt 0.268066 0.249949
vt 0.232324 0.267802
vt 0.232324 0.249949
vt 0.268066 0.178535
vt 0.250195 0.178535
vt 0.053613 0.232095
vt 0.035742 0.232095
vt 0.035742 0.214242
vt 0.053613 0.214242
vt 0.053613 0.267802
vt 0.035742 0.267802
vt 0.035742 0.249949
vt 0.053613 0.249949
vt 0.017871 0.267802
vt 0.000000 0.267802
vt 0.000000 0.249949
vt 0.017871 0.249949
vt 0.107226 0.267802
vt 0.107226 0.249949
vt 0.071484 0.267802
vt 0.071484 0.249949
vt 0.053613 0.178535
vt 0.035742 0.178535
vt 0.178710 0.053560
vt 0.178710 0.035707
vt 0.589436 0.754436
vt 0.607307 0.754436
vt 0.589436 0.718729
vt 0.607307 0.718729
vt 0.625178 0.718729
vt 0.643049 0.718729
vt 0.422985 0.552483
vt 0.874903 0.714480
vt 0.910645 0.714480
vt 0.910645 0.750186
vt 0.892774 0.750187
vt 0.393047 0.232095
vt 0.393047 0.249949
vt 0.750081 0.053561
vt 0.750081 0.035707
vt 0.178518 0.339216
vt 0.178518 0.321363
vt 0.749982 0.339216
vt 0.749982 0.321363
vt 0.607249 0.339216
vt 0.607249 0.321363
vt 0.571565 0.339216
vt 0.571565 0.321363
vt 0.035704 0.339216
vt 0.035704 0.321363
vt 0.000000 0.339216
vt 0.000000 0.321363
vt 0.607268 0.053561
vt 0.607268 0.035707
vt 0.535862 0.232095
vt 0.535862 0.249949
vt 0.053613 0.017853
vt 0.035742 0.017854
vt 0.035742 0.000000
vt 0.053613 0.000000
vt 0.053613 0.053560
vt 0.035742 0.053560
vt 0.035742 0.035707
vt 0.053613 0.035707
vt 0.017871 0.053560
vt 0.000000 0.053560
vt 0.000000 0.035707
vt 0.017871 0.035707
vt 0.928516 0.750186
vt 0.928516 0.785893
vt 0.928516 0.821600
vt 0.928516 0.857307
vt 0.228412 0.798864
vt 0.220930 0.803224
vt 0.932880 0.928721
vt 0.953560 0.928721
vt 0.688385 0.794503
vt 0.694863 0.794503
vt 0.861555 0.080134
vt 0.492742 0.876253
vt 0.492742 0.857310
vt 0.492742 0.914140
vt 0.492742 0.895197
vt 0.511704 0.895197
vt 0.511704 0.914140
vt 0.857191 0.174852
vt 0.857191 0.212739
vt 0.857191 0.193796
vt 0.876153 0.193796
vt 0.876153 0.212739
vt 0.214452 0.803224
vt 0.107111 0.571311
vt 0.071407 0.571311
vt 0.142814 0.571311
vt 0.035704 0.571311
vt 0.000000 0.571311
vt 0.249925 0.571311
vt 0.214221 0.571311
vt 0.285629 0.571311
vt 0.178518 0.571311
vt 0.847254 0.783653
vt 0.826574 0.783653
vt 0.207387 0.861557
vt 0.186706 0.861557
vt 0.847255 0.770572
vt 0.853732 0.770572
vt 0.819091 0.774932
vt 0.374541 0.922069
vt 0.374541 0.941013
vt 0.365842 0.937613
vt 0.599321 0.925928
vt 0.599321 0.944872
vt 0.590304 0.948838
vt 0.590304 0.929328
vt 0.812614 0.774932
vt 0.530666 0.933084
vt 0.530666 0.914140
vt 0.549628 0.933084
vt 0.492742 0.933084
vt 0.511704 0.933084
vt 0.571565 0.718729
vt 0.571565 0.754436
vt 0.571565 0.790143
vt 0.571565 0.825850
vt 0.571565 0.861557
vt 0.269789 0.798864
vt 0.937404 0.071414
vt 0.958072 0.071414
vt 0.285629 0.909382
vt 0.289993 0.918103
vt 0.277315 0.794503
vt 0.283789 0.794503
vt 0.568590 0.933084
vt 0.913918 0.857307
vt 0.913918 0.876251
vt 0.894956 0.876251
vt 0.894956 0.857307
vt 0.875994 0.857307
vt 0.213861 0.861557
vt 0.341072 0.959956
vt 0.341072 0.941013
vt 0.349773 0.937613
vt 0.349773 0.957123
vt 0.812614 0.766212
vt 0.833294 0.766212
vt 0.466735 0.881664
vt 0.446055 0.881664
vt 0.853732 0.774932
vt 0.847255 0.774932
vt 0.840777 0.774932
vt 0.826702 0.930912
vt 0.826702 0.911969
vt 0.835718 0.908002
vt 0.835718 0.927512
vt 0.341072 0.919835
vt 0.341072 0.938779
vt 0.332030 0.942179
vt 0.332030 0.922668
vt 0.341072 0.957722
vt 0.332030 0.961689
vt 0.615303 0.932971
vt 0.635984 0.932971
vt 0.249093 0.878998
vt 0.269773 0.878998
vt 0.277255 0.874638
vt 0.706863 0.889698
vt 0.711228 0.898419
vt 0.684168 0.718729
vt 0.817686 0.927512
vt 0.817686 0.908002
vt 0.383193 0.922069
vt 0.383193 0.941013
vt 0.374541 0.937613
vt 0.374541 0.918103
vt 0.283733 0.874638
vt 0.932880 0.895194
vt 0.932880 0.914138
vt 0.913918 0.895194
vt 0.932880 0.876251
vt 0.285937 0.000000
vt 0.142968 0.754436
vt 0.142968 0.718729
vt 0.142968 0.790143
vt 0.142968 0.825850
vt 0.142968 0.861557
vt 0.464455 0.000000
vt 0.500158 0.000000
vt 0.428751 0.000000
vt 0.535862 0.000000
vt 0.321640 0.000000
vt 0.357344 0.000000
vt 0.393047 0.000000
vt 0.847757 0.580032
vt 0.827077 0.580032
vt 0.258191 0.950412
vt 0.278871 0.950412
vt 0.819595 0.571311
vt 0.813117 0.571311
vt 0.932880 0.933082
vt 0.933039 0.136965
vt 0.933039 0.099078
vt 0.933039 0.118021
vt 0.914077 0.118021
vt 0.914077 0.099078
vt 0.284744 0.571311
vt 0.278266 0.571311
vt 0.179425 0.924196
vt 0.179425 0.943139
vt 0.170725 0.947106
vt 0.170725 0.927595
vt 0.374541 0.959956
vt 0.365842 0.957123
vt 0.487415 0.881664
vt 0.437326 0.918103
vt 0.446055 0.913743
vt 0.643049 0.798864
vt 0.663729 0.798864
vt 0.847757 0.647086
vt 0.854235 0.647086
vt 0.671213 0.794503
vt 0.313350 0.945688
vt 0.313350 0.964631
vt 0.304309 0.961798
vt 0.304309 0.942288
vt 0.847255 0.869650
vt 0.855955 0.853539
vt 0.855955 0.873050
vt 0.933039 0.080134
vt 0.914077 0.080134
vt 0.268066 0.285656
vt 0.895115 0.080134
vt 0.895115 0.099078
vt 0.876153 0.080134
vt 0.250195 0.285656
vt 0.232324 0.285656
vt 0.895115 0.231683
vt 0.895115 0.212739
vt 0.914077 0.231683
vt 0.017871 0.285656
vt 0.857191 0.231683
vt 0.876153 0.231683
vt 0.071484 0.285656
vt 0.053613 0.285656
vt 0.107226 0.285656
vt 0.142968 0.285656
vt 0.214453 0.285656
vt 0.178710 0.285656
vt 0.497106 0.714482
vt 0.497106 0.750189
vt 0.497106 0.785896
vt 0.497106 0.821603
vt 0.497106 0.857310
vt 0.678675 0.285656
vt 0.642972 0.285656
vt 0.714378 0.285656
vt 0.607269 0.285656
vt 0.821487 0.285656
vt 0.785784 0.285656
vt 0.857191 0.285656
vt 0.750081 0.285656
vt 0.678615 0.571311
vt 0.642932 0.571311
vt 0.714298 0.571311
vt 0.607249 0.571311
vt 0.571565 0.571311
vt 0.821348 0.571311
vt 0.785665 0.571311
vt 0.857032 0.571311
vt 0.749982 0.571311
vt 0.663718 0.895385
vt 0.643049 0.895385
vt 0.228452 0.727450
vt 0.220927 0.718729
vt 0.857191 0.080134
vt 0.933039 0.231683
vt 0.642458 0.861557
vt 0.590304 0.909818
vt 0.585604 0.933335
vt 0.585604 0.913157
vt 0.485114 0.862154
vt 0.485114 0.842643
vt 0.489793 0.837968
vt 0.489793 0.858146
vt 0.591095 0.900577
vt 0.610624 0.900577
vt 0.615303 0.905252
vt 0.595106 0.905252
vt 0.142968 0.900577
vt 0.162498 0.900577
vt 0.166509 0.905252
vt 0.146311 0.905252
vt 0.253511 0.918018
vt 0.253511 0.898508
vt 0.258191 0.902515
vt 0.258191 0.922693
vt 0.182027 0.900577
vt 0.182027 0.881067
vt 0.186707 0.885074
vt 0.186706 0.905252
vt 0.485114 0.881664
vt 0.489793 0.878325
vt 0.817686 0.947023
vt 0.812986 0.943683
vt 0.812986 0.923505
vt 0.465584 0.842643
vt 0.469595 0.837968
vt 0.812986 0.903327
vt 0.446055 0.842643
vt 0.449398 0.837968
vt 0.182027 0.861557
vt 0.186707 0.864896
vt 0.327297 0.946186
vt 0.327297 0.926008
vt 0.951995 0.275378
vt 0.947294 0.272039
vt 0.947294 0.251861
vt 0.924239 0.236358
vt 0.919539 0.251861
vt 0.919539 0.231683
vt 0.304309 0.922778
vt 0.299575 0.938281
vt 0.299575 0.918103
vt 0.847255 0.888593
vt 0.855955 0.892560
vt 0.313350 0.926744
vt 0.374541 0.957123
vt 0.341072 0.922069
vt 0.349773 0.918103
vt 0.179425 0.905252
vt 0.170725 0.908085
vt 0.599321 0.906985
vt 0.933255 0.240324
vt 0.142968 0.951781
vt 0.142968 0.932837
vt 0.151984 0.929437
vt 0.151984 0.948947
vt 0.608021 0.909219
vt 0.608021 0.928162
vt 0.599321 0.924762
vt 0.599321 0.905252
vt 0.961011 0.278211
vt 0.358472 0.918103
vt 0.349773 0.920936
vt 0.142968 0.913893
vt 0.151984 0.909927
vt 0.608021 0.947106
vt 0.599321 0.944273
vt 0.826702 0.949856
vt 0.391844 0.918103
vt 0.383193 0.920936
vt 0.835718 0.947023
vt 0.691358 0.798864
vt 0.691358 0.819042
vt 0.685540 0.824023
vt 0.685540 0.804675
vt 0.847254 0.903327
vt 0.827056 0.903327
vt 0.822070 0.897516
vt 0.841437 0.897516
vt 0.691358 0.855029
vt 0.691358 0.875207
vt 0.685540 0.870226
vt 0.685540 0.850878
vt 0.808712 0.947834
vt 0.808712 0.928487
vt 0.691358 0.895385
vt 0.671160 0.895385
vt 0.666173 0.889573
vt 0.685540 0.889573
vt 0.808712 0.909139
vt 0.650962 0.895385
vt 0.646807 0.889574
vt 0.806858 0.903327
vt 0.802703 0.897516
vt 0.323070 0.941204
vt 0.323070 0.921856
vt 0.943021 0.276190
vt 0.943021 0.256842
vt 0.915265 0.256842
vt 0.915265 0.237494
vt 0.295348 0.943262
vt 0.295348 0.923915
vt 0.840418 0.923505
vt 0.840418 0.903327
vt 0.844693 0.909139
vt 0.844693 0.928487
vt 0.299575 0.958459
vt 0.295348 0.962610
vt 0.847254 0.883149
vt 0.841437 0.878168
vt 0.585604 0.953513
vt 0.581331 0.947701
vt 0.581331 0.928354
vt 0.327297 0.966364
vt 0.919539 0.272039
vt 0.610624 0.881067
vt 0.610624 0.861557
vt 0.615303 0.864896
vt 0.615303 0.885074
vt 0.947294 0.231683
vt 0.156684 0.925430
vt 0.156684 0.945608
vt 0.840418 0.943683
vt 0.233982 0.918018
vt 0.237993 0.922693
vt 0.156684 0.905252
vt 0.214452 0.918018
vt 0.217795 0.922693
vt 0.253511 0.878998
vt 0.258191 0.882337
vt 0.571565 0.900577
vt 0.574908 0.905252
vt 0.804484 0.951588
vt 0.804484 0.932991
vt 0.661665 0.884318
vt 0.680280 0.884318
vt 0.804484 0.914394
vt 0.643049 0.884319
vt 0.798946 0.892261
vt 0.817561 0.892261
vt 0.318886 0.936700
vt 0.318886 0.918103
vt 0.938794 0.279943
vt 0.938794 0.261346
vt 0.911037 0.261346
vt 0.911037 0.242749
vt 0.291164 0.947767
vt 0.291164 0.929170
vt 0.848921 0.914394
vt 0.848921 0.932991
vt 0.291164 0.966364
vt 0.836176 0.892261
vt 0.836176 0.873664
vt 0.577104 0.942446
vt 0.577103 0.923849
vt 0.899681 0.235436
vt 0.899681 0.254784
vt 0.894421 0.250280
vt 0.894421 0.231683
vt 0.685540 0.843371
vt 0.680280 0.847124
vt 0.680280 0.828527
vt 0.646807 0.804675
vt 0.666173 0.804675
vt 0.661665 0.809930
vt 0.643049 0.809930
vt 0.847254 0.862971
vt 0.841436 0.858820
vt 0.905499 0.259765
vt 0.905499 0.279943
vt 0.899681 0.274132
vt 0.581331 0.909006
vt 0.323070 0.960552
vt 0.915265 0.276190
vt 0.885301 0.279943
vt 0.865103 0.279943
vt 0.860948 0.274132
vt 0.880315 0.274132
vt 0.943021 0.237494
vt 0.160959 0.930412
vt 0.160959 0.949759
vt 0.844693 0.947834
vt 0.671160 0.798864
vt 0.160959 0.911064
vt 0.650962 0.798864
vt 0.691358 0.839220
vt 0.905499 0.239588
vt 0.701325 0.884744
vt 0.701325 0.866147
vt 0.706863 0.866147
vt 0.706863 0.884744
vt 0.284409 0.897595
vt 0.284409 0.916192
vt 0.278871 0.916192
vt 0.278871 0.897595
vt 0.313350 0.936700
vt 0.313350 0.918103
vt 0.933255 0.279943
vt 0.933255 0.261346
vt 0.905499 0.261346
vt 0.905499 0.242749
vt 0.285629 0.947767
vt 0.285629 0.929170
vt 0.854459 0.914394
vt 0.854459 0.932991
vt 0.285629 0.966364
vt 0.181171 0.923849
vt 0.181171 0.905252
vt 0.186706 0.923849
vt 0.571565 0.942446
vt 0.571565 0.923849
vt 0.855886 0.651446
vt 0.855886 0.670043
vt 0.850348 0.670043
vt 0.850348 0.651446
vt 0.608021 0.923849
vt 0.608021 0.905252
vt 0.613557 0.905252
vt 0.613557 0.923849
vt 0.283804 0.647085
vt 0.283804 0.665682
vt 0.278266 0.665682
vt 0.786863 0.898419
vt 0.786863 0.917016
vt 0.781325 0.917016
vt 0.781325 0.898419
vt 0.165187 0.934916
vt 0.165187 0.916319
vt 0.170725 0.916319
vt 0.170725 0.934916
vt 0.283804 0.684280
vt 0.278266 0.684280
vt 0.680280 0.865721
vt 0.680280 0.809930
vt 0.836176 0.855067
vt 0.894421 0.268877
vt 0.577103 0.905252
vt 0.318886 0.955297
vt 0.911037 0.279943
vt 0.857191 0.268877
vt 0.875806 0.268877
vt 0.938794 0.242749
vt 0.165187 0.953513
vt 0.848921 0.951588
vt 0.831733 0.670043
vt 0.831733 0.651446
vt 0.700948 0.895385
vt 0.700948 0.913982
vt 0.682333 0.913982
vt 0.682333 0.895385
vt 0.762709 0.917016
vt 0.762709 0.898419
vt 0.706863 0.935613
vt 0.706863 0.917016
vt 0.725478 0.917016
vt 0.725478 0.935613
vt 0.744094 0.917016
vt 0.744094 0.935613
vt 0.813117 0.670043
vt 0.813117 0.651446
vt 0.725478 0.898419
vt 0.744094 0.898419
vt 0.706863 0.898419
vt 0.781324 0.935613
vt 0.762709 0.935613
vt 0.663718 0.913982
vt 0.682333 0.932579
vt 0.663718 0.932579
vt 0.831733 0.688640
vt 0.813117 0.688640
vt 0.700948 0.932579
vt 0.850348 0.688640
vt 0.798946 0.932991
vt 0.798946 0.914394
vt 0.701325 0.903341
vt 0.706863 0.903341
vt 0.798946 0.951588
vt 0.706863 0.921938
vt 0.701325 0.921938
vt 0.284409 0.878998
vt 0.608021 0.942446
vt 0.613557 0.942446
vt 0.181171 0.942446
vt 0.186706 0.942446
vt 0.855886 0.688640
vt 0.706863 0.940535
vt 0.701325 0.940535
vt 0.571565 0.905252
vt 0.313350 0.955297
vt 0.786863 0.935613
vt 0.933255 0.242749
vt 0.170725 0.953513
vt 0.854459 0.951588
vt 0.897614 0.406124
vt 0.928516 0.406124
vt 0.295309 0.406125
vt 0.326211 0.406125
vt 0.959418 0.406124
vt 0.990320 0.406124
vt 0.388015 0.406125
vt 0.418917 0.406125
vt 0.040582 0.691712
vt 0.071484 0.691712
vt 0.438277 0.406125
vt 0.469179 0.406125
vt 0.102386 0.691712
vt 0.133288 0.691712
vt 0.500081 0.406125
vt 0.530983 0.406125
vt 0.866712 0.406124
vt 0.357113 0.406125
vt 0.009680 0.691712
vt 0.561885 0.406125
vt 0.812614 0.756541
vt 0.812614 0.787413
vt 0.780268 0.783969
vt 0.780268 0.756541
vt 0.391367 0.807097
vt 0.391367 0.837968
vt 0.359023 0.831081
vt 0.359023 0.803653
vt 0.812614 0.725670
vt 0.780268 0.729113
vt 0.780268 0.701686
vt 0.391367 0.714482
vt 0.391367 0.745354
vt 0.359023 0.748798
vt 0.359023 0.721370
vt 0.813117 0.602183
vt 0.780716 0.605627
vt 0.780716 0.578199
vt 0.497106 0.807097
vt 0.497106 0.837968
vt 0.464762 0.831081
vt 0.464762 0.803653
vt 0.813117 0.633055
vt 0.813117 0.663926
vt 0.780716 0.660482
vt 0.780716 0.633055
vt 0.497106 0.745354
vt 0.497106 0.776225
vt 0.464762 0.776225
vt 0.464762 0.748797
vt 0.812614 0.818284
vt 0.780268 0.811397
vt 0.391367 0.776225
vt 0.359023 0.776225
vt 0.813117 0.694798
vt 0.780716 0.687910
vt 0.464762 0.721370
vt 0.959418 0.285656
vt 0.990320 0.285656
vt 0.295309 0.285656
vt 0.326211 0.285656
vt 0.897614 0.285656
vt 0.928516 0.285656
vt 0.530983 0.285656
vt 0.561885 0.285656
vt 0.071484 0.571311
vt 0.102386 0.571311
vt 0.469179 0.285656
vt 0.500081 0.285656
vt 0.009680 0.571311
vt 0.040582 0.571311
vt 0.357113 0.285656
vt 0.388015 0.285656
vt 0.866712 0.285656
vt 0.133288 0.571311
vt 0.438277 0.285656
vt 0.418916 0.285656
vt 0.237992 0.934675
vt 0.226303 0.934675
vt 0.226303 0.922693
vt 0.675961 0.585057
vt 0.645059 0.585057
vt 0.645059 0.571311
vt 0.675961 0.571311
vt 0.614157 0.585057
vt 0.583255 0.585057
vt 0.583255 0.571311
vt 0.614157 0.571311
vt 0.675961 0.708544
vt 0.706863 0.708544
vt 0.706863 0.718729
vt 0.675961 0.718729
vt 0.571565 0.585057
vt 0.943076 0.928721
vt 0.943076 0.940710
vt 0.932880 0.940710
vt 0.154658 0.704983
vt 0.154658 0.718729
vt 0.142968 0.704983
vt 0.706863 0.585057
vt 0.706863 0.571311
vt 0.945040 0.090320
vt 0.933039 0.090320
vt 0.945040 0.080134
vt 0.940516 0.726158
vt 0.928516 0.726158
vt 0.940516 0.714480
vt 0.787076 0.955516
vt 0.798328 0.955516
vt 0.798328 0.965702
vt 0.787076 0.965702
vt 0.216462 0.704983
vt 0.247364 0.704983
vt 0.247364 0.718729
vt 0.216462 0.718729
vt 0.185560 0.704983
vt 0.185560 0.718729
vt 0.583255 0.708544
vt 0.583255 0.718729
vt 0.571565 0.708544
vt 0.278266 0.704983
vt 0.278266 0.718729
vt 0.787076 0.893773
vt 0.787076 0.862902
vt 0.798328 0.862902
vt 0.798328 0.893773
vt 0.787076 0.924645
vt 0.798328 0.924645
vt 0.787076 0.832030
vt 0.798328 0.832030
vt 0.940516 0.837966
vt 0.952509 0.837966
vt 0.952509 0.849207
vt 0.940516 0.849207
vt 0.940516 0.776223
vt 0.940516 0.745351
vt 0.952509 0.745351
vt 0.952509 0.776223
vt 0.940516 0.807094
vt 0.952509 0.807094
vt 0.952509 0.714480
vt 0.945040 0.227552
vt 0.945040 0.213807
vt 0.956291 0.213807
vt 0.956291 0.227552
vt 0.945040 0.182935
vt 0.933039 0.213807
vt 0.933039 0.182935
vt 0.945040 0.121192
vt 0.945040 0.152063
vt 0.933039 0.152063
vt 0.933039 0.121192
vt 0.933039 0.227552
vt 0.956291 0.090320
vt 0.956291 0.080134
vt 0.956291 0.121192
vt 0.956291 0.152063
vt 0.956291 0.182935
vt 0.787076 0.818284
vt 0.798328 0.818284
vt 0.940516 0.818773
vt 0.940516 0.849644
vt 0.928516 0.849644
vt 0.928516 0.818773
vt 0.940516 0.757030
vt 0.940516 0.787901
vt 0.928516 0.787901
vt 0.928516 0.757030
vt 0.249244 0.922693
vt 0.249244 0.934681
vt 0.614157 0.708544
vt 0.645059 0.708544
vt 0.645059 0.718729
vt 0.614157 0.718729
vt 0.154658 0.571311
vt 0.154658 0.581497
vt 0.142968 0.581497
vt 0.142968 0.571311
vt 0.663718 0.944568
vt 0.673913 0.932579
vt 0.673913 0.944568
vt 0.185560 0.581497
vt 0.185560 0.571311
vt 0.247364 0.581497
vt 0.216462 0.581497
vt 0.216462 0.571311
vt 0.247364 0.571311
vt 0.278266 0.581497
vt 0.706863 0.732475
vt 0.706863 0.763346
vt 0.694863 0.763346
vt 0.694863 0.732475
vt 0.706863 0.794218
vt 0.706863 0.825090
vt 0.694863 0.825090
vt 0.694863 0.794218
vt 0.706863 0.855961
vt 0.694863 0.855961
vt 0.694863 0.866147
vt 0.583255 0.615929
vt 0.571565 0.615929
vt 0.583255 0.646800
vt 0.583255 0.677672
vt 0.571565 0.677672
vt 0.571565 0.646800
vt 0.154658 0.612369
vt 0.154658 0.643240
vt 0.142968 0.643240
vt 0.142968 0.612369
vt 0.154658 0.674112
vt 0.142968 0.674112
vt 0.760513 0.633055
vt 0.760513 0.609790
vt 0.444638 0.752961
vt 0.444638 0.729696
vt 0.760143 0.779806
vt 0.760143 0.756541
vt 0.338900 0.822755
vt 0.338900 0.799490
vt 0.760143 0.733276
vt 0.760143 0.710011
vt 0.444638 0.799490
vt 0.444638 0.776225
vt 0.338900 0.776225
vt 0.338900 0.752961
vt 0.338900 0.729696
vt 0.444638 0.822755
vt 0.760143 0.803071
vt 0.760513 0.586525
vt 0.760513 0.656319
vt 0.760513 0.679584
vt 0.427293 0.776225
vt 0.427293 0.757475
vt 0.742795 0.794041
vt 0.742795 0.775291
vt 0.321554 0.794975
vt 0.321554 0.776225
vt 0.742795 0.756541
vt 0.742795 0.737791
vt 0.321554 0.757475
vt 0.427293 0.794975
vt 0.743078 0.670555
vt 0.743078 0.651805
vt 0.743078 0.633055
vt 0.743078 0.614305
vt 0.427293 0.738725
vt 0.321554 0.813725
vt 0.742795 0.719041
vt 0.743078 0.595555
vt 0.321554 0.738725
vt 0.427293 0.813725
vt 0.723693 0.769208
vt 0.723693 0.756541
vt 0.302455 0.801560
vt 0.302455 0.788893
vt 0.723693 0.743874
vt 0.723693 0.731207
vt 0.302455 0.763558
vt 0.302455 0.750891
vt 0.408194 0.801560
vt 0.408194 0.788893
vt 0.408194 0.776225
vt 0.408194 0.763558
vt 0.723693 0.781876
vt 0.302455 0.776225
vt 0.723857 0.658389
vt 0.723857 0.645722
vt 0.723857 0.620387
vt 0.723857 0.607720
vt 0.723857 0.633055
vt 0.408194 0.750891
vt 0.285629 0.780825
vt 0.285629 0.776225
vt 0.706863 0.756541
vt 0.706863 0.751941
vt 0.706863 0.637655
vt 0.706863 0.633055
vt 0.706863 0.642255
vt 0.706863 0.628455
vt 0.706863 0.623855
vt 0.391367 0.771625
vt 0.391367 0.767025
vt 0.706863 0.761141
vt 0.285629 0.785425
vt 0.706863 0.747341
vt 0.285629 0.771625
vt 0.285629 0.767025
vt 0.391367 0.780825
vt 0.391367 0.785425
vt 0.706863 0.765741
vt 0.393165 0.918103
vt 0.397769 0.918103
vt 0.397769 0.944725
vt 0.393165 0.944725
vt 0.441208 0.922703
vt 0.445813 0.922703
vt 0.445813 0.927303
vt 0.441208 0.927303
vt 0.431999 0.931903
vt 0.436604 0.931903
vt 0.436604 0.936503
vt 0.431999 0.936503
vt 0.441208 0.931903
vt 0.445813 0.931903
vt 0.445813 0.936503
vt 0.441208 0.936503
vt 0.421470 0.947470
vt 0.416865 0.947470
vt 0.416865 0.920863
vt 0.421470 0.920863
vt 0.427395 0.931903
vt 0.427395 0.936503
vt 0.427395 0.927303
vt 0.431999 0.927303
vt 0.804253 0.818284
vt 0.808858 0.818284
vt 0.808858 0.844907
vt 0.804253 0.844907
vt 0.426074 0.947470
vt 0.426074 0.920863
vt 0.436604 0.918103
vt 0.441208 0.918103
vt 0.436604 0.922703
vt 0.445813 0.918103
vt 0.427395 0.922703
vt 0.431999 0.922703
vt 0.427395 0.918103
vt 0.431999 0.918103
vt 0.397769 0.947502
vt 0.391844 0.947502
vt 0.415545 0.918103
vt 0.421470 0.918103
vt 0.810178 0.847683
vt 0.804253 0.847683
vt 0.409620 0.947501
vt 0.405015 0.947501
vt 0.405015 0.920879
vt 0.409620 0.920879
vt 0.799649 0.818284
vt 0.799649 0.844907
vt 0.414224 0.947501
vt 0.414224 0.920879
vt 0.402374 0.918103
vt 0.402374 0.944725
vt 0.226303 0.934532
vt 0.220378 0.934532
vt 0.220378 0.932403
vt 0.224172 0.932403
vt 0.226303 0.928612
vt 0.224172 0.928612
vt 0.220378 0.922693
vt 0.224172 0.924821
vt 0.220378 0.924821
vt 0.403695 0.918103
vt 0.409620 0.918103
vt 0.798328 0.847683
vt 0.403695 0.947502
vt 0.701325 0.891776
vt 0.697530 0.891776
vt 0.697530 0.888221
vt 0.700059 0.888221
vt 0.697530 0.874708
vt 0.693736 0.874708
vt 0.695001 0.871142
vt 0.697530 0.871142
vt 0.851049 0.901093
vt 0.847255 0.901093
vt 0.848520 0.897538
vt 0.851049 0.897538
vt 0.701325 0.874708
vt 0.700059 0.871142
vt 0.214452 0.928612
vt 0.214452 0.922693
vt 0.216583 0.924821
vt 0.216583 0.928612
vt 0.214452 0.934532
vt 0.216583 0.932403
vt 0.697530 0.883242
vt 0.698296 0.883242
vt 0.696764 0.866147
vt 0.697530 0.866147
vt 0.850283 0.892560
vt 0.851049 0.892560
vt 0.698296 0.866147
vt 0.693736 0.883242
vt 0.695001 0.879687
vt 0.697530 0.879687
vt 0.854844 0.901093
vt 0.853578 0.897538
vt 0.701325 0.883242
vt 0.700059 0.879687
vt 0.693736 0.891776
vt 0.695001 0.888221
vt 0.285336 0.647085
vt 0.285336 0.647850
vt 0.284570 0.647850
vt 0.284570 0.647085
vt 0.284570 0.648615
vt 0.283804 0.648615
vt 0.283804 0.647850
vt 0.285336 0.648615
vt 0.696764 0.874708
vt 0.851815 0.892560
vt 0.698296 0.874708
vt 0.696764 0.883242
vn 0.000000 0.000000 1.000000
vn 1.000000 0.000000 0.000000
vn 0.000000 0.000000 -1.000000
vn -1.000000 0.000000 -0.000000
vn 0.000000 1.000000 0.000000
vn -0.000000 0.348100 0.937500
vn 0.000000 -0.461200 -0.887300
vn 0.000000 -0.461200 0.887300
vn 0.937500 0.348100 0.000000
vn -0.820200 0.572100 -0.000000
vn 0.000000 -0.812700 -0.582600
vn -0.582600 -0.812700 0.000000
vn 0.820200 0.572100 0.000000
vn 0.582600 -0.812700 0.000000
vn -0.000000 0.572100 0.820200
vn -0.000000 -0.812700 0.582600
vn 0.000000 0.572100 -0.820200
vn 0.000000 -1.000000 -0.000000
vn 0.000000 0.040300 -0.999200
vn 0.999200 0.040300 0.000000
vn -0.999200 0.040300 -0.000000
vn -0.000000 0.040300 0.999200
vn -0.887300 -0.461200 0.000000
vn 0.000000 0.348100 -0.937500
vn -0.937500 0.348100 -0.000000
vn 0.887300 -0.461200 0.000000
vn -0.000000 0.650100 0.759800
vn -0.000000 -0.767600 0.640900
vn -0.640900 -0.767600 -0.000000
vn 0.000000 -0.767600 -0.640900
vn -0.759800 0.650100 -0.000000
vn 0.640900 -0.767600 0.000000
vn 0.000000 0.650100 -0.759800
vn 0.759800 0.650100 0.000000
vn 0.000000 0.834600 -0.550900
vn -0.550900 0.834600 -0.000000
vn -0.000000 0.834600 0.550900
vn -0.678700 -0.734400 0.000000
vn 0.550900 0.834600 0.000000
vn 0.000000 -0.734400 -0.678700
vn 0.000000 -0.734400 0.678700
vn 0.678700 -0.734400 -0.000000
vn -0.709700 -0.704600 -0.000000
vn 0.584000 0.811700 0.000000
vn -0.709700 -0.704500 -0.000000
vn -0.584000 0.811700 0.000000
vn 0.000000 -0.704500 -0.709700
vn 0.000000 -0.704500 0.709700
vn 0.709700 -0.704600 0.000000
vn 0.000000 0.811700 -0.584000
vn -0.000000 0.811700 0.584000
vn 0.709700 -0.704500 0.000000
vn -0.000000 0.032300 0.999500
vn -0.999500 0.032300 -0.000000
vn 0.000000 0.032300 -0.999500
vn 0.999500 0.032300 0.000000
vn -0.000000 0.242900 0.970000
vn -0.970000 0.242900 -0.000000
vn 0.000000 0.242900 -0.970000
vn 0.970000 0.242900 0.000000
vn 0.000000 0.440900 -0.897600
vn 0.897600 0.440900 -0.000000
vn -0.000000 0.440900 0.897600
vn -0.897600 0.440900 -0.000000
vn 0.849400 0.527700 0.000000
vn -0.000000 0.527700 0.849400
vn -0.849400 0.527700 -0.000000
vn -0.000000 0.527700 0.849500
vn 0.000000 0.527700 -0.849400
vn -0.000000 0.607300 0.794500
vn -0.794500 0.607300 0.000000
vn 0.794500 0.607300 0.000000
vn 0.000000 0.607300 -0.794500
vn -0.650200 0.759800 -0.000000
vn -0.000000 0.759800 0.650200
vn 0.000000 0.759800 -0.650200
vn 0.650200 0.759800 -0.000000
vn -0.879600 -0.475700 0.000000
vn 0.000000 -0.475700 -0.879600
vn 0.879600 -0.475700 0.000000
vn -0.607600 0.794300 -0.000000
vn 0.000000 0.794300 -0.607600
vn 0.607600 0.794300 0.000000
vn -0.000000 -0.475700 0.879600
vn -0.921700 0.387800 0.000000
vn 0.000000 0.387800 -0.921700
vn 0.921700 0.387800 0.000000
vn -0.000000 0.794300 0.607600
vn -0.000000 0.794200 0.607600
vn -0.922500 0.386000 0.000000
vn 0.000000 0.386000 -0.922500
vn 0.922500 0.386000 0.000000
vn -0.000000 0.387800 0.921700
vn 0.000000 1.000000 0.000100
vn 0.000000 1.000000 -0.000100
vn -0.000000 0.386000 0.922500
usemtl Material
s off
f 541/1/1 16/1/1 136/1/1 556/1/1
f 926/1/1 9/1/1 155/1/1 947/1/1
f 867/1/1 23/1/1 152/1/1 886/1/1
f 645/1/1 7/1/1 138/1/1 660/1/1
f 550/2/2 73/3/2 35/4/2 543/5/2
f 877/6/1 76/7/1 52/8/1 872/9/1
f 879/10/3 86/11/3 42/12/3 870/13/3
f 709/14/1 79/15/1 57/16/1 704/17/1
f 601/18/2 72/19/2 117/20/2 596/21/2
f 823/22/4 90/23/4 61/24/4 814/25/4
f 600/26/4 91/27/4 39/28/4 597/29/4
f 602/30/4 84/31/4 34/32/4 595/33/4
f 711/34/3 126/35/3 31/36/3 702/37/3
f 937/38/3 87/39/3 53/40/3 932/41/3
f 765/42/4 77/43/4 43/44/4 760/45/4
f 764/46/4 67/47/4 41/48/4 761/49/4
f 548/50/2 69/51/2 45/52/2 545/53/2
f 766/54/2 81/55/2 59/56/2 759/57/2
f 653/58/3 128/59/3 58/60/3 648/61/3
f 549/62/4 75/63/4 51/64/4 544/65/4
f 753/66/5 597/67/5 39/68/5 703/69/5
f 809/70/5 761/71/5 41/72/5 704/73/5
f 923/74/5 760/75/5 43/76/5 872/77/5
f 921/78/5 595/79/5 34/80/5 871/81/5
f 981/82/5 598/83/5 47/84/5 933/85/5
f 809/86/6 763/87/6 1011/88/6 1013/89/6
f 919/90/5 544/75/5 51/91/5 874/92/5
f 983/93/5 762/94/5 52/95/5 930/96/5
f 819/97/7 865/98/7 1009/99/7 992/100/7
f 925/101/5 817/79/5 56/91/5 875/102/5
f 807/103/5 763/104/5 57/105/5 646/106/5
f 598/107/8 981/108/8 1019/109/8 1000/110/8
f 865/111/5 814/112/5 61/113/5 706/114/5
f 697/115/5 599/116/5 62/117/5 649/118/5
f 651/119/9 695/120/9 1006/121/9 1005/122/9
f 751/123/5 542/124/5 129/125/5 707/126/5
f 770/127/10 105/128/10 77/43/10 765/42/10
f 942/129/11 115/130/11 87/131/11 937/132/11
f 605/133/10 96/134/10 84/31/10 602/30/10
f 880/135/11 104/136/11 86/137/11 879/138/11
f 607/139/12 101/140/12 91/141/12 600/142/12
f 606/143/13 127/144/13 72/19/13 601/18/13
f 552/145/12 163/146/12 83/147/12 551/148/12
f 604/149/14 111/150/14 131/151/14 603/152/14
f 714/153/15 119/154/15 79/15/15 709/14/15
f 713/155/16 124/156/16 92/157/16 710/158/16
f 553/159/14 97/160/14 73/161/14 550/162/14
f 882/163/15 114/164/15 76/7/15 877/6/15
f 659/165/16 98/166/16 71/167/16 652/168/16
f 883/169/17 106/170/17 65/171/17 876/172/17
f 656/173/15 94/174/15 80/175/15 655/176/15
f 825/177/14 99/178/14 66/179/14 822/180/14
f 878/181/1 85/182/1 47/183/1 871/184/1
f 820/185/4 78/186/4 56/187/4 817/188/4
f 654/189/3 70/190/3 112/191/3 647/192/3
f 767/193/2 89/194/2 54/8/2 758/195/2
f 812/1/1 6/1/1 135/1/1 829/1/1
f 591/1/1 11/1/1 151/1/1 610/1/1
f 700/1/1 26/1/1 146/1/1 717/1/1
f 821/196/2 68/197/2 40/198/2 816/199/2
f 938/200/3 74/201/3 48/202/3 931/203/3
f 710/204/1 92/205/1 62/206/1 703/207/1
f 592/1/1 63/1/1 139/1/1 609/1/1
f 927/1/1 30/1/1 141/1/1 946/1/1
f 590/1/1 17/1/1 164/1/1 611/1/1
f 936/208/1 130/209/1 38/210/1 933/211/1
f 939/212/1 88/213/1 33/214/1 930/195/1
f 603/215/2 131/216/2 49/217/2 594/218/2
f 928/1/1 22/1/1 154/1/1 945/1/1
f 813/1/1 27/1/1 145/1/1 828/1/1
f 755/1/1 25/1/1 148/1/1 774/1/1
f 822/219/2 66/220/2 37/221/2 815/9/2
f 708/222/3 82/223/3 46/224/3 705/225/3
f 655/176/1 80/175/1 32/226/1 646/227/1
f 652/228/1 71/229/1 36/230/1 649/231/1
f 876/172/3 65/171/3 44/232/3 873/233/3
f 551/234/4 83/235/4 129/236/4 542/237/4
f 829/238/2 135/239/2 102/240/2 826/241/2
f 946/242/3 141/243/3 110/244/3 941/245/3
f 718/246/1 159/247/1 124/248/1 713/249/1
f 944/250/1 162/251/1 100/252/1 943/253/1
f 947/254/1 155/255/1 95/256/1 940/257/1
f 611/258/2 164/259/2 111/260/2 604/261/2
f 830/262/2 133/263/2 99/264/2 825/265/2
f 716/242/3 149/266/3 108/267/3 715/268/3
f 663/269/1 147/270/1 94/174/1 656/173/1
f 660/253/1 138/252/1 98/271/1 659/272/1
f 884/273/3 132/274/3 106/170/3 883/169/3
f 559/275/4 150/276/4 163/277/4 552/278/4
f 558/279/2 140/280/2 97/281/2 553/282/2
f 885/283/1 143/284/1 114/164/1 882/163/1
f 887/285/3 153/286/3 104/287/3 880/288/3
f 717/289/1 146/290/1 119/154/1 714/153/1
f 715/268/17 108/267/17 82/223/17 708/222/17
f 940/257/15 95/256/15 88/213/15 939/212/15
f 768/291/14 116/292/14 89/293/14 767/294/14
f 943/295/16 100/296/16 130/297/16 936/298/16
f 941/245/17 110/244/17 74/201/17 938/200/17
f 881/299/16 109/300/16 85/301/16 878/302/16
f 826/241/13 102/240/13 68/197/13 821/196/13
f 657/303/17 125/304/17 70/190/17 654/189/17
f 712/305/11 93/306/11 126/307/11 711/308/11
f 827/309/10 118/310/10 78/186/10 820/185/10
f 824/311/12 123/312/12 90/313/12 823/314/12
f 658/315/11 120/316/11 128/317/11 653/318/11
f 554/319/10 113/320/10 75/63/10 549/62/10
f 769/321/13 121/322/13 81/55/13 766/54/13
f 771/323/12 103/324/12 67/325/12 764/326/12
f 555/327/13 107/328/13 69/51/13 548/50/13
f 756/1/1 14/1/1 144/1/1 773/1/1
f 866/1/1 10/1/1 153/1/1 887/1/1
f 644/1/1 18/1/1 161/1/1 661/1/1
f 538/1/1 24/1/1 150/1/1 559/1/1
f 757/1/1 8/1/1 134/1/1 772/1/1
f 701/1/1 12/1/1 149/1/1 716/1/1
f 811/1/1 1/1/1 133/1/1 830/1/1
f 698/1/1 4/1/1 160/1/1 719/1/1
f 929/1/1 2/1/1 162/1/1 944/1/1
f 868/1/1 28/1/1 143/1/1 885/1/1
f 643/1/1 64/1/1 137/1/1 662/1/1
f 810/1/1 20/1/1 157/1/1 831/1/1
f 540/1/1 29/1/1 142/1/1 557/1/1
f 754/1/1 21/1/1 156/1/1 775/1/1
f 539/1/1 5/1/1 140/1/1 558/1/1
f 869/1/1 15/1/1 132/1/1 884/1/1
f 609/329/2 139/330/2 127/144/2 606/143/2
f 831/331/4 157/332/4 123/333/4 824/334/4
f 608/335/4 158/336/4 101/337/4 607/338/4
f 610/339/4 151/340/4 96/134/4 605/133/4
f 719/341/3 160/342/3 93/343/3 712/344/3
f 945/345/3 154/346/3 115/347/3 942/348/3
f 773/349/4 144/350/4 105/128/4 770/127/4
f 772/351/4 134/352/4 103/353/4 771/354/4
f 556/355/2 136/356/2 107/328/2 555/327/2
f 774/357/2 148/358/2 121/322/2 769/321/2
f 661/359/3 161/360/3 120/361/3 658/362/3
f 557/363/4 142/364/4 113/320/4 554/319/4
f 886/365/1 152/366/1 109/247/1 881/246/1
f 828/367/4 145/368/4 118/310/4 827/309/4
f 662/273/3 137/243/3 125/304/3 657/303/3
f 775/369/2 156/370/2 116/371/2 768/372/2
f 756/1/1 27/1/1 350/1/1 781/1/1
f 866/1/1 22/1/1 277/1/1 890/1/1
f 644/1/1 6/1/1 254/1/1 669/1/1
f 538/1/1 12/1/1 282/1/1 561/1/1
f 757/1/1 20/1/1 183/1/1 785/1/1
f 701/1/1 64/1/1 443/1/1 735/1/1
f 811/1/1 21/1/1 275/1/1 841/1/1
f 698/1/1 18/1/1 181/1/1 722/1/1
f 929/1/1 23/1/1 279/1/1 954/1/1
f 868/1/1 14/1/1 351/1/1 902/1/1
f 643/1/1 16/1/1 441/1/1 666/1/1
f 810/1/1 4/1/1 179/1/1 833/1/1
f 540/1/1 15/1/1 356/1/1 572/1/1
f 754/1/1 9/1/1 276/1/1 777/1/1
f 539/1/1 17/1/1 180/1/1 569/1/1
f 869/1/1 30/1/1 357/1/1 903/1/1
f 541/1/1 63/1/1 439/1/1 575/1/1
f 926/1/1 28/1/1 352/1/1 949/1/1
f 867/1/1 11/1/1 280/1/1 891/1/1
f 645/1/1 19/1/1 182/1/1 670/1/1
f 812/1/1 25/1/1 345/1/1 844/1/1
f 591/1/1 29/1/1 354/1/1 616/1/1
f 700/1/1 8/1/1 258/1/1 734/1/1
f 592/1/1 7/1/1 256/1/1 619/1/1
f 927/1/1 5/1/1 252/1/1 950/1/1
f 590/1/1 2/1/1 174/1/1 613/1/1
f 928/1/1 1/1/1 170/1/1 953/1/1
f 813/1/1 10/1/1 278/1/1 845/1/1
f 755/1/1 13/1/1 346/1/1 780/1/1
f 699/1/1 19/1/1 159/1/1 718/1/1
f 593/1/1 3/1/1 158/1/1 608/1/1
f 642/1/1 13/1/1 147/1/1 663/1/1
f 699/1/1 3/1/1 177/1/1 723/1/1
f 593/1/1 24/1/1 281/1/1 621/1/1
f 642/1/1 26/1/1 348/1/1 665/1/1
f 752/373/18 721/374/18 172/1/18 620/375/18
f 640/376/2 613/377/2 174/378/2 173/379/2
f 748/380/1 723/381/1 177/382/1 176/383/1
f 861/384/4 833/385/4 179/386/4 178/387/4
f 747/388/3 720/389/3 168/378/3 273/390/3
f 746/391/3 724/392/3 199/393/3 249/394/3
f 531/395/3 209/396/3 210/397/3 287/398/3
f 530/399/3 186/400/3 187/401/3 289/402/3
f 860/403/4 834/404/4 199/405/4 198/406/4
f 528/407/4 214/408/4 215/409/4 295/410/4
f 527/411/4 206/412/4 207/413/4 297/414/4
f 745/415/1 725/416/1 197/417/1 196/418/1
f 525/419/1 219/420/1 220/421/1 303/422/1
f 524/423/1 204/424/1 205/425/1 305/426/1
f 639/427/2 614/428/2 193/429/2 192/430/2
f 522/431/2 224/432/2 225/433/2 311/434/2
f 521/435/2 200/436/2 201/425/2 313/437/2
f 638/438/5 615/439/5 205/440/5 204/441/5
f 347/442/19 346/443/19 1165/444/19 1154/445/19
f 744/446/5 257/447/5 207/448/5 733/449/5
f 743/450/18 726/451/18 195/452/18 245/453/18
f 517/454/18 231/455/18 232/456/18 325/457/18
f 637/458/18 190/459/18 191/460/18 623/461/18
f 515/462/18 329/463/18 328/464/18 234/465/18
f 917/466/18 895/467/18 331/468/18 332/469/18
f 920/470/18 889/471/18 266/472/18 624/473/18
f 803/474/18 334/475/18 326/476/18 787/477/18
f 922/478/18 896/479/18 336/480/18 788/481/18
f 914/482/18 894/483/18 324/484/18 338/485/18
f 808/486/18 727/487/18 246/488/18 784/489/18
f 800/490/18 340/491/18 341/492/18 789/493/18
f 507/494/18 321/495/18 322/496/18 343/497/18
f 351/498/19 353/499/19 1157/500/19 1158/501/19
f 799/502/5 780/503/5 346/504/5 347/505/5
f 913/506/5 349/507/5 318/508/5 901/509/5
f 798/510/5 779/511/5 317/512/5 353/513/5
f 912/514/5 355/515/5 356/68/5 903/516/5
f 349/517/20 351/518/20 1158/519/20 1156/520/20
f 502/521/2 359/522/2 314/523/2 227/524/2
f 797/525/2 782/526/2 361/527/2 362/528/2
f 796/529/2 777/530/2 276/531/2 363/532/2
f 499/533/2 364/534/2 312/535/2 226/536/2
f 795/537/2 783/538/2 366/539/2 367/540/2
f 794/541/2 778/542/2 310/543/2 368/544/2
f 635/545/2 617/546/2 268/547/2 267/548/2
f 495/549/2 370/550/2 371/551/2 372/552/2
f 494/553/2 307/554/2 308/555/2 373/556/2
f 493/557/1 374/558/1 306/559/1 222/560/1
f 911/561/1 897/562/1 376/563/1 377/564/1
f 910/565/1 891/566/1 280/567/1 378/568/1
f 490/569/1 379/570/1 304/571/1 221/572/1
f 909/573/1 898/574/1 381/575/1 382/576/1
f 908/577/1 893/578/1 302/579/1 383/580/1
f 741/581/1 728/582/1 272/583/1 271/584/1
f 486/585/1 385/586/1 386/587/1 387/588/1
f 485/589/1 299/590/1 300/591/1 388/592/1
f 484/593/4 389/594/4 298/595/4 217/596/4
f 582/597/4 565/598/4 391/599/4 392/600/4
f 581/601/4 561/602/4 282/603/4 393/604/4
f 481/605/4 394/606/4 296/607/4 216/608/4
f 580/609/4 566/610/4 396/611/4 397/612/4
f 579/613/4 562/614/4 294/615/4 398/616/4
f 849/617/4 838/618/4 274/619/4 273/620/4
f 477/621/4 400/622/4 401/623/4 402/624/4
f 476/625/4 291/626/4 292/627/4 403/628/4
f 475/629/3 404/630/3 290/631/3 212/632/3
f 907/633/3 899/634/3 406/635/3 407/636/3
f 906/637/3 888/638/3 262/639/3 408/640/3
f 472/641/3 409/642/3 288/643/3 211/644/3
f 905/645/3 900/646/3 411/647/3 412/648/3
f 904/649/3 892/650/3 286/651/3 413/652/3
f 740/653/3 729/654/3 250/655/3 178/656/3
f 468/657/3 415/658/3 416/659/3 417/660/3
f 467/661/3 283/662/3 284/663/3 418/664/3
f 739/665/3 730/666/3 274/667/3 198/668/3
f 465/669/3 420/670/3 421/671/3 422/672/3
f 464/673/3 237/674/3 238/675/3 423/676/3
f 848/677/4 839/678/4 250/679/4 249/680/4
f 462/681/4 425/682/4 426/683/4 427/684/4
f 461/685/4 257/686/4 258/687/4 428/688/4
f 738/689/1 731/690/1 248/691/1 247/692/1
f 459/693/1 430/694/1 431/695/1 432/696/1
f 458/697/1 255/436/1 256/531/1 433/698/1
f 630/699/2 618/700/2 244/701/2 243/702/2
f 456/703/2 435/704/2 436/705/2 437/706/2
f 455/707/2 251/424/2 252/567/2 438/708/2
f 629/709/5 619/710/5 256/711/5 255/712/5
f 356/713/20 355/714/20 1159/715/20 1160/716/20
f 737/717/5 206/718/5 282/719/5 735/720/5
f 736/721/18 732/722/18 270/723/18 194/724/18
f 451/725/18 445/726/18 446/727/18 447/728/18
f 628/729/18 241/730/18 242/731/18 627/732/18
f 576/733/18 450/734/18 448/735/18 567/736/18
f 563/737/18 327/738/18 450/734/18 576/733/18
f 623/461/18 191/460/18 241/730/18 628/729/18
f 321/495/18 451/725/18 447/728/18 322/496/18
f 232/456/18 234/465/18 451/725/18 321/495/18
f 234/465/18 328/464/18 445/726/18 451/725/18
f 726/451/18 736/721/18 194/724/18 195/452/18
f 673/739/18 680/740/18 452/741/18 230/742/18
f 680/740/18 679/743/18 444/744/18 452/741/18
f 681/745/5 453/746/5 443/747/5 666/748/5
f 664/749/5 319/750/5 453/746/5 681/745/5
f 733/449/5 207/448/5 206/718/5 737/717/5
f 440/751/21 441/752/21 1163/753/21 1162/754/21
f 358/755/22 356/756/22 1160/757/22 1161/758/22
f 344/759/21 320/760/21 1153/761/21 1152/762/21
f 615/439/5 629/709/5 255/712/5 205/440/5
f 571/763/5 577/764/5 454/765/5 228/766/5
f 577/764/5 575/767/5 439/768/5 454/765/5
f 435/704/2 455/707/2 438/708/2 436/705/2
f 314/523/2 313/437/2 455/707/2 435/704/2
f 313/437/2 201/425/2 251/424/2 455/707/2
f 307/554/2 456/703/2 437/706/2 308/555/2
f 225/433/2 227/524/2 456/703/2 307/554/2
f 227/524/2 314/523/2 435/704/2 456/703/2
f 614/428/2 630/699/2 243/702/2 193/429/2
f 570/769/2 578/770/2 457/771/2 223/772/2
f 578/770/2 574/773/2 434/774/2 457/771/2
f 430/694/1 458/697/1 433/698/1 431/695/1
f 306/559/1 305/426/1 458/697/1 430/694/1
f 305/426/1 205/425/1 255/436/1 458/697/1
f 299/590/1 459/693/1 432/696/1 300/591/1
f 220/421/1 222/560/1 459/693/1 299/590/1
f 222/560/1 306/559/1 430/694/1 459/693/1
f 725/416/1 738/689/1 247/692/1 197/417/1
f 672/775/1 682/776/1 460/777/1 218/778/1
f 682/776/1 678/779/1 429/780/1 460/777/1
f 425/682/4 461/685/4 428/688/4 426/683/4
f 298/595/4 297/414/4 461/685/4 425/682/4
f 297/414/4 207/413/4 257/686/4 461/685/4
f 291/626/4 462/681/4 427/684/4 292/627/4
f 215/409/4 217/596/4 462/681/4 291/626/4
f 217/596/4 298/595/4 425/682/4 462/681/4
f 834/404/4 848/677/4 249/680/4 199/405/4
f 786/781/4 792/782/4 463/783/4 213/784/4
f 792/782/4 791/785/4 424/786/4 463/783/4
f 420/670/3 464/673/3 423/676/3 421/671/3
f 290/631/3 289/402/3 464/673/3 420/670/3
f 289/402/3 187/401/3 237/674/3 464/673/3
f 283/662/3 465/669/3 422/672/3 284/663/3
f 210/397/3 212/632/3 465/669/3 283/662/3
f 212/632/3 290/631/3 420/670/3 465/669/3
f 724/392/3 739/665/3 198/668/3 199/393/3
f 671/787/3 683/788/3 466/789/3 208/790/3
f 683/788/3 677/791/3 419/792/3 466/789/3
f 415/658/3 467/661/3 418/664/3 416/659/3
f 288/643/3 287/398/3 467/661/3 415/658/3
f 287/398/3 210/397/3 283/662/3 467/661/3
f 253/793/3 468/657/3 417/660/3 254/794/3
f 203/795/3 211/644/3 468/657/3 253/793/3
f 211/644/3 288/643/3 415/658/3 468/657/3
f 722/796/3 740/653/3 178/656/3 179/797/3
f 669/798/3 684/799/3 469/800/3 181/801/3
f 684/799/3 676/802/3 414/803/3 469/800/3
f 900/646/3 904/649/3 413/652/3 411/647/3
f 963/804/3 964/805/3 470/806/3 410/807/3
f 964/805/3 955/808/3 285/809/3 470/806/3
f 890/810/3 905/645/3 412/648/3 278/811/3
f 953/812/3 965/813/3 471/814/3 277/815/3
f 965/813/3 963/804/3 410/807/3 471/814/3
f 202/816/3 472/641/3 211/644/3 203/795/3
f 278/811/3 412/648/3 472/641/3 202/816/3
f 412/648/3 411/647/3 409/642/3 472/641/3
f 899/634/3 906/637/3 408/640/3 406/635/3
f 962/817/3 966/818/3 473/819/3 405/820/3
f 966/818/3 951/821/3 261/822/3 473/819/3
f 892/650/3 907/633/3 407/636/3 286/651/3
f 955/808/3 967/823/3 474/824/3 285/809/3
f 967/823/3 962/817/3 405/820/3 474/824/3
f 209/396/3 475/629/3 212/632/3 210/397/3
f 286/651/3 407/636/3 475/629/3 209/396/3
f 407/636/3 406/635/3 404/630/3 475/629/3
f 400/622/4 476/625/4 403/628/4 401/623/4
f 296/607/4 295/410/4 476/625/4 400/622/4
f 295/410/4 215/409/4 291/626/4 476/625/4
f 245/825/4 477/621/4 402/624/4 246/826/4
f 195/827/4 216/608/4 477/621/4 245/825/4
f 216/608/4 296/607/4 400/622/4 477/621/4
f 832/828/4 849/617/4 273/620/4 168/829/4
f 784/830/4 793/831/4 478/832/4 175/833/4
f 793/831/4 790/834/4 399/835/4 478/832/4
f 566/610/4 579/613/4 398/616/4 396/611/4
f 626/836/4 631/837/4 479/838/4 395/839/4
f 631/837/4 622/840/4 293/841/4 479/838/4
f 560/842/4 580/609/4 397/612/4 270/843/4
f 620/844/4 632/845/4 480/846/4 269/847/4
f 632/845/4 626/836/4 395/839/4 480/846/4
f 194/848/4 481/605/4 216/608/4 195/827/4
f 270/843/4 397/612/4 481/605/4 194/848/4
f 397/612/4 396/611/4 394/606/4 481/605/4
f 565/598/4 581/601/4 393/604/4 391/599/4
f 625/849/4 633/850/4 482/851/4 390/852/4
f 633/850/4 621/853/4 281/854/4 482/851/4
f 562/614/4 582/597/4 392/600/4 294/615/4
f 622/840/4 634/855/4 483/856/4 293/841/4
f 634/855/4 625/849/4 390/852/4 483/856/4
f 214/408/4 484/593/4 217/596/4 215/409/4
f 294/615/4 392/600/4 484/593/4 214/408/4
f 392/600/4 391/599/4 389/594/4 484/593/4
f 385/586/1 485/589/1 388/592/1 386/587/1
f 304/571/1 303/422/1 485/589/1 385/586/1
f 303/422/1 220/421/1 299/590/1 485/589/1
f 241/857/1 486/585/1 387/588/1 242/858/1
f 191/859/1 221/572/1 486/585/1 241/857/1
f 221/572/1 304/571/1 385/586/1 486/585/1
f 721/860/1 741/581/1 271/584/1 172/861/1
f 668/862/1 685/863/1 487/864/1 171/865/1
f 685/863/1 675/866/1 384/867/1 487/864/1
f 898/574/1 908/577/1 383/580/1 381/575/1
f 961/868/1 968/869/1 488/870/1 380/871/1
f 968/869/1 956/872/1 301/873/1 488/870/1
f 889/874/1 909/573/1 382/576/1 266/875/1
f 952/876/1 969/877/1 489/878/1 265/879/1
f 969/877/1 961/868/1 380/871/1 489/878/1
f 190/880/1 490/569/1 221/572/1 191/859/1
f 266/875/1 382/576/1 490/569/1 190/880/1
f 382/576/1 381/575/1 379/570/1 490/569/1
f 897/562/1 910/565/1 378/568/1 376/563/1
f 960/881/1 970/882/1 491/883/1 375/884/1
f 970/882/1 954/377/1 279/885/1 491/883/1
f 893/578/1 911/561/1 377/564/1 302/579/1
f 956/872/1 971/886/1 492/887/1 301/873/1
f 971/886/1 960/881/1 375/884/1 492/887/1
f 219/420/1 493/557/1 222/560/1 220/421/1
f 302/579/1 377/564/1 493/557/1 219/420/1
f 377/564/1 376/563/1 374/558/1 493/557/1
f 370/550/2 494/553/2 373/556/2 371/551/2
f 312/535/2 311/434/2 494/553/2 370/550/2
f 311/434/2 225/433/2 307/554/2 494/553/2
f 235/888/2 495/549/2 372/552/2 236/889/2
f 185/890/2 226/536/2 495/549/2 235/888/2
f 226/536/2 312/535/2 370/550/2 495/549/2
f 612/891/2 635/545/2 267/548/2 166/892/2
f 568/893/2 583/894/2 496/895/2 165/896/2
f 583/894/2 573/897/2 369/898/2 496/895/2
f 783/538/2 794/541/2 368/544/2 366/539/2
f 847/899/2 850/900/2 497/901/2 365/902/2
f 850/900/2 842/903/2 309/904/2 497/901/2
f 776/905/2 795/537/2 367/540/2 260/906/2
f 840/907/2 851/908/2 498/909/2 259/910/2
f 851/908/2 847/899/2 365/902/2 498/909/2
f 184/911/2 499/533/2 226/536/2 185/890/2
f 260/906/2 367/540/2 499/533/2 184/911/2
f 367/540/2 366/539/2 364/534/2 499/533/2
f 782/526/2 796/529/2 363/532/2 361/527/2
f 846/912/2 852/913/2 500/914/2 360/915/2
f 852/913/2 841/381/2 275/916/2 500/914/2
f 778/542/2 797/525/2 362/528/2 310/543/2
f 842/903/2 853/917/2 501/918/2 309/904/2
f 853/917/2 846/912/2 360/915/2 501/918/2
f 224/432/2 502/521/2 227/524/2 225/433/2
f 310/543/2 362/528/2 502/521/2 224/432/2
f 362/528/2 361/527/2 359/522/2 502/521/2
f 317/919/19 347/442/19 1154/445/19 1155/920/19
f 318/921/20 349/517/20 1156/520/20 1151/922/20
f 441/923/22 442/924/22 1164/925/22 1163/926/22
f 972/927/5 503/928/5 357/929/5 950/930/5
f 948/931/5 229/932/5 503/928/5 972/927/5
f 901/509/5 318/508/5 355/515/5 912/514/5
f 781/933/5 798/510/5 353/513/5 351/934/5
f 845/935/5 854/936/5 504/937/5 350/938/5
f 854/936/5 843/939/5 316/940/5 504/937/5
f 973/941/5 505/942/5 229/932/5 948/931/5
f 949/943/5 352/944/5 505/942/5 973/941/5
f 902/945/5 351/946/5 349/507/5 913/506/5
f 779/511/5 799/502/5 347/505/5 317/512/5
f 843/939/5 855/947/5 506/948/5 316/940/5
f 855/947/5 844/949/5 345/950/5 506/948/5
f 353/499/19 317/919/19 1155/920/19 1157/500/19
f 442/924/22 315/951/22 1149/952/22 1164/925/22
f 355/714/20 318/921/20 1151/922/20 1159/715/20
f 340/491/18 507/494/18 343/497/18 341/492/18
f 326/476/18 325/457/18 507/494/18 340/491/18
f 325/457/18 232/456/18 321/495/18 507/494/18
f 856/953/18 508/954/18 342/955/18 837/956/18
f 835/957/18 233/958/18 508/954/18 856/953/18
f 787/477/18 326/476/18 340/491/18 800/490/18
f 864/959/18 742/960/18 175/961/18 832/962/18
f 862/963/18 686/964/18 509/965/18 857/966/18
f 806/967/18 674/968/18 339/969/18 801/970/18
f 896/479/18 914/482/18 338/485/18 336/480/18
f 959/971/18 974/972/18 510/973/18 335/974/18
f 974/972/18 957/975/18 323/976/18 510/973/18
f 924/977/18 915/978/18 337/979/18 836/980/18
f 984/981/18 975/982/18 511/983/18 858/984/18
f 982/985/18 959/971/18 335/974/18 802/986/18
f 859/987/18 512/988/18 233/958/18 835/957/18
f 836/980/18 337/979/18 512/988/18 859/987/18
f 788/481/18 336/480/18 334/475/18 803/474/18
f 918/989/18 916/990/18 333/991/18 564/992/18
f 978/993/18 976/994/18 513/995/18 584/996/18
f 980/997/18 952/998/18 265/999/18 636/1000/18
f 894/483/18 917/466/18 332/469/18 324/484/18
f 957/975/18 977/1001/18 514/1002/18 323/976/18
f 977/1001/18 958/1003/18 330/1004/18 514/1002/18
f 231/455/18 515/462/18 234/465/18 232/456/18
f 324/484/18 332/469/18 515/462/18 231/455/18
f 332/469/18 331/468/18 329/463/18 515/462/18
f 585/1005/18 516/1006/18 327/738/18 563/737/18
f 564/992/18 333/991/18 516/1006/18 585/1005/18
f 624/473/18 266/472/18 190/459/18 637/458/18
f 334/475/18 517/454/18 325/457/18 326/476/18
f 336/480/18 338/485/18 517/454/18 334/475/18
f 338/485/18 324/484/18 231/455/18 517/454/18
f 727/487/18 743/450/18 245/453/18 246/488/18
f 674/968/18 687/1007/18 518/1008/18 339/969/18
f 687/1007/18 673/739/18 230/742/18 518/1008/18
f 688/1009/5 519/1010/5 319/750/5 664/749/5
f 665/1011/5 348/1012/5 519/1010/5 688/1009/5
f 734/1013/5 258/1014/5 257/447/5 744/446/5
f 320/760/21 440/751/21 1162/754/21 1153/761/21
f 315/951/22 358/755/22 1161/758/22 1149/952/22
f 346/518/21 344/759/21 1152/762/21 1165/1015/21
f 616/1016/5 638/438/5 204/441/5 280/756/5
f 572/1017/5 586/1018/5 520/1019/5 354/755/5
f 586/1018/5 571/763/5 228/766/5 520/1019/5
f 359/522/2 521/435/2 313/437/2 314/523/2
f 361/527/2 363/532/2 521/435/2 359/522/2
f 363/532/2 276/531/2 200/436/2 521/435/2
f 364/534/2 522/431/2 311/434/2 312/535/2
f 366/539/2 368/544/2 522/431/2 364/534/2
f 368/544/2 310/543/2 224/432/2 522/431/2
f 617/546/2 639/427/2 192/430/2 268/547/2
f 573/897/2 587/1020/2 523/1021/2 369/898/2
f 587/1020/2 570/769/2 223/772/2 523/1021/2
f 374/558/1 524/423/1 305/426/1 306/559/1
f 376/563/1 378/568/1 524/423/1 374/558/1
f 378/568/1 280/567/1 204/424/1 524/423/1
f 379/570/1 525/419/1 303/422/1 304/571/1
f 381/575/1 383/580/1 525/419/1 379/570/1
f 383/580/1 302/579/1 219/420/1 525/419/1
f 728/582/1 745/415/1 196/418/1 272/583/1
f 675/866/1 689/1022/1 526/1023/1 384/867/1
f 689/1022/1 672/775/1 218/778/1 526/1023/1
f 389/594/4 527/411/4 297/414/4 298/595/4
f 391/599/4 393/604/4 527/411/4 389/594/4
f 393/604/4 282/603/4 206/412/4 527/411/4
f 394/606/4 528/407/4 295/410/4 296/607/4
f 396/611/4 398/616/4 528/407/4 394/606/4
f 398/616/4 294/615/4 214/408/4 528/407/4
f 838/618/4 860/403/4 198/406/4 274/619/4
f 790/834/4 804/1024/4 529/1025/4 399/835/4
f 804/1024/4 786/781/4 213/784/4 529/1025/4
f 404/630/3 530/399/3 289/402/3 290/631/3
f 406/635/3 408/640/3 530/399/3 404/630/3
f 408/640/3 262/639/3 186/400/3 530/399/3
f 409/642/3 531/395/3 287/398/3 288/643/3
f 411/647/3 413/652/3 531/395/3 409/642/3
f 413/652/3 286/651/3 209/396/3 531/395/3
f 729/654/3 746/391/3 249/394/3 250/655/3
f 676/802/3 690/1026/3 532/1027/3 414/803/3
f 690/1026/3 671/787/3 208/790/3 532/1027/3
f 730/666/3 747/388/3 273/390/3 274/667/3
f 677/791/3 691/1028/3 533/1029/3 419/792/3
f 691/1028/3 667/1030/3 167/1031/3 533/1029/3
f 839/678/4 861/384/4 178/387/4 250/679/4
f 791/785/4 805/1032/4 534/1033/4 424/786/4
f 805/1032/4 785/1034/4 183/1035/4 534/1033/4
f 731/690/1 748/380/1 176/383/1 248/691/1
f 678/779/1 692/1036/1 535/1037/1 429/780/1
f 692/1036/1 670/530/1 182/916/1 535/1037/1
f 618/700/2 640/376/2 173/379/2 244/701/2
f 574/773/2 588/1038/2 536/1039/2 434/774/2
f 588/1038/2 569/566/2 180/885/2 536/1039/2
f 750/1040/18 749/1041/18 269/1042/18 560/1043/18
f 694/1044/18 693/1045/18 537/1046/18 589/1047/18
f 696/1048/18 668/1049/18 171/1050/18 641/1051/18
f 679/743/18 694/1044/18 589/1047/18 444/744/18
f 732/722/18 750/1040/18 560/1043/18 270/723/18
f 438/708/2 252/567/2 569/566/2 588/1038/2
f 436/705/2 438/708/2 588/1038/2 574/773/2
f 373/556/2 308/555/2 570/769/2 587/1020/2
f 371/551/2 373/556/2 587/1020/2 573/897/2
f 358/1052/5 315/1053/5 571/763/5 586/1018/5
f 356/951/5 358/1052/5 586/1018/5 572/1017/5
f 331/468/18 564/992/18 585/1005/18 329/463/18
f 329/463/18 585/1005/18 563/737/18 328/464/18
f 958/1003/18 978/993/18 584/996/18 330/1004/18
f 895/467/18 918/989/18 564/992/18 331/468/18
f 372/552/2 371/551/2 573/897/2 583/894/2
f 236/889/2 372/552/2 583/894/2 568/893/2
f 293/841/4 483/856/4 582/597/4 562/614/4
f 390/852/4 482/851/4 581/601/4 565/598/4
f 269/847/4 480/846/4 580/609/4 560/842/4
f 395/839/4 479/838/4 579/613/4 566/610/4
f 437/706/2 436/705/2 574/773/2 578/770/2
f 308/555/2 437/706/2 578/770/2 570/769/2
f 442/1054/5 441/1055/5 575/767/5 577/764/5
f 315/1053/5 442/1054/5 577/764/5 571/763/5
f 328/464/18 563/737/18 576/733/18 445/726/18
f 445/726/18 576/733/18 567/736/18 446/727/18
f 479/838/4 293/841/4 562/614/4 579/613/4
f 480/846/4 395/839/4 566/610/4 580/609/4
f 482/851/4 281/854/4 561/602/4 581/601/4
f 483/856/4 390/852/4 565/598/4 582/597/4
f 16/1/1 541/1/1 575/1/1 441/1/1
f 5/1/1 539/1/1 569/1/1 252/1/1
f 29/1/1 540/1/1 572/1/1 354/1/1
f 24/1/1 538/1/1 561/1/1 281/1/1
f 132/274/4 557/363/4 554/319/4 106/1056/4
f 139/330/2 556/355/2 555/327/2 127/144/2
f 17/1/1 539/1/1 558/1/1 164/1/1
f 15/1/1 540/1/1 557/1/1 132/1/1
f 12/1/1 538/1/1 559/1/1 149/1/1
f 127/144/13 555/327/13 548/50/13 72/19/13
f 106/1056/10 554/319/10 549/62/10 65/1057/10
f 164/259/2 558/279/2 553/282/2 111/260/2
f 149/1058/4 559/275/4 552/278/4 108/1059/4
f 82/1060/4 551/234/4 542/237/4 46/1061/4
f 111/150/14 553/159/14 550/162/14 131/151/14
f 108/858/12 552/145/12 551/148/12 82/1062/12
f 705/1063/5 46/1064/5 542/124/5 751/123/5
f 647/1065/5 112/1066/5 547/1067/5 695/1068/5
f 873/1069/5 44/76/5 544/75/5 919/90/5
f 931/1070/5 48/1071/5 546/1072/5 979/1073/5
f 65/1057/4 549/62/4 544/65/4 44/1074/4
f 72/19/2 548/50/2 545/53/2 117/20/2
f 131/216/2 550/2/2 543/5/2 49/217/2
f 63/1/1 541/1/1 556/1/1 139/1/1
f 693/1045/18 696/1048/18 641/1051/18 537/1046/18
f 434/774/2 536/1039/2 640/376/2 618/700/2
f 369/898/2 523/1021/2 639/427/2 617/546/2
f 354/755/5 520/1019/5 638/438/5 616/1016/5
f 333/991/18 624/473/18 637/458/18 516/1006/18
f 976/994/18 980/997/18 636/1000/18 513/995/18
f 165/896/2 496/895/2 635/545/2 612/891/2
f 247/1075/4 248/1076/4 625/849/4 634/855/4
f 197/1077/4 247/1075/4 634/855/4 622/840/4
f 176/1078/4 177/1079/4 621/853/4 633/850/4
f 248/1076/4 176/1078/4 633/850/4 625/849/4
f 271/1080/4 272/1081/4 626/836/4 632/845/4
f 172/1082/4 271/1080/4 632/845/4 620/844/4
f 196/1083/4 197/1077/4 622/840/4 631/837/4
f 272/1081/4 196/1083/4 631/837/4 626/836/4
f 223/772/2 457/771/2 630/699/2 614/428/2
f 228/766/5 454/765/5 629/709/5 615/439/5
f 327/738/18 623/461/18 628/729/18 450/734/18
f 450/734/18 628/729/18 627/732/18 448/735/18
f 454/765/5 439/768/5 619/710/5 629/709/5
f 457/771/2 434/774/2 618/700/2 630/699/2
f 496/895/2 369/898/2 617/546/2 635/545/2
f 916/990/18 920/470/18 624/473/18 333/991/18
f 516/1006/18 637/458/18 623/461/18 327/738/18
f 520/1019/5 228/766/5 615/439/5 638/438/5
f 523/1021/2 223/772/2 614/428/2 639/427/2
f 536/1039/2 180/885/2 613/377/2 640/376/2
f 749/1041/18 752/373/18 620/375/18 269/1042/18
f 3/1/1 593/1/1 621/1/1 177/1/1
f 24/1/1 593/1/1 608/1/1 150/1/1
f 17/1/1 590/1/1 613/1/1 180/1/1
f 63/1/1 592/1/1 619/1/1 439/1/1
f 11/1/1 591/1/1 616/1/1 280/1/1
f 142/364/4 610/339/4 605/133/4 113/320/4
f 150/276/4 608/335/4 607/338/4 163/277/4
f 138/1084/2 609/329/2 606/143/2 98/1085/2
f 162/1086/2 611/258/2 604/261/2 100/1087/2
f 130/1088/2 603/215/2 594/218/2 38/1089/2
f 2/1/1 590/1/1 611/1/1 162/1/1
f 7/1/1 592/1/1 609/1/1 138/1/1
f 29/1/1 591/1/1 610/1/1 142/1/1
f 100/296/14 604/149/14 603/152/14 130/297/14
f 98/1085/13 606/143/13 601/18/13 71/1090/13
f 163/146/12 607/139/12 600/142/12 83/147/12
f 113/320/10 605/133/10 602/30/10 75/63/10
f 753/1091/8 599/1092/8 1001/1093/8 1003/307/8
f 762/1094/6 983/1095/6 1020/1096/6 1010/1097/6
f 874/92/5 51/91/5 595/79/5 921/78/5
f 707/126/5 129/125/5 597/67/5 753/66/5
f 75/63/4 602/30/4 595/33/4 51/64/4
f 83/235/4 600/26/4 597/29/4 129/236/4
f 71/1090/2 601/18/2 596/21/2 36/1098/2
f 117/1099/5 651/1100/5 697/115/5 596/1101/5
f 448/735/18 627/732/18 696/1048/18 693/1045/18
f 45/1102/5 647/1065/5 695/1068/5 545/1103/5
f 446/727/18 567/736/18 694/1044/18 679/743/18
f 627/732/18 242/731/18 668/1049/18 696/1048/18
f 567/736/18 448/735/18 693/1045/18 694/1044/18
f 433/698/1 256/531/1 670/530/1 692/1036/1
f 431/695/1 433/698/1 692/1036/1 678/779/1
f 423/676/3 238/675/3 667/1030/3 691/1028/3
f 421/671/3 423/676/3 691/1028/3 677/791/3
f 418/664/3 284/663/3 671/787/3 690/1026/3
f 416/659/3 418/664/3 690/1026/3 676/802/3
f 388/592/1 300/591/1 672/775/1 689/1022/1
f 386/587/1 388/592/1 689/1022/1 675/866/1
f 346/1104/5 665/1011/5 688/1009/5 344/1105/5
f 344/1105/5 688/1009/5 664/749/5 320/1106/5
f 343/497/18 322/496/18 673/739/18 687/1007/18
f 341/492/18 343/497/18 687/1007/18 674/968/18
f 789/493/18 341/492/18 674/968/18 806/967/18
f 837/956/18 342/955/18 686/964/18 862/963/18
f 387/588/1 386/587/1 675/866/1 685/863/1
f 242/858/1 387/588/1 685/863/1 668/862/1
f 417/660/3 416/659/3 676/802/3 684/799/3
f 254/794/3 417/660/3 684/799/3 669/798/3
f 422/672/3 421/671/3 677/791/3 683/788/3
f 284/663/3 422/672/3 683/788/3 671/787/3
f 432/696/1 431/695/1 678/779/1 682/776/1
f 300/591/1 432/696/1 682/776/1 672/775/1
f 320/1106/5 664/749/5 681/745/5 440/1107/5
f 440/1107/5 681/745/5 666/748/5 441/1108/5
f 447/728/18 446/727/18 679/743/18 680/740/18
f 322/496/18 447/728/18 680/740/18 673/739/18
f 13/1/1 642/1/1 665/1/1 346/1/1
f 26/1/1 642/1/1 663/1/1 146/1/1
f 7/1/1 645/1/1 670/1/1 256/1/1
f 64/1/1 643/1/1 666/1/1 443/1/1
f 18/1/1 644/1/1 669/1/1 181/1/1
f 136/274/3 662/273/3 657/303/3 107/1109/3
f 135/1110/3 661/359/3 658/362/3 102/1111/3
f 16/1/1 643/1/1 662/1/1 136/1/1
f 6/1/1 644/1/1 661/1/1 135/1/1
f 102/1112/11 658/315/11 653/318/11 68/1113/11
f 107/1109/17 657/303/17 654/189/17 69/1114/17
f 159/247/1 660/253/1 659/272/1 124/248/1
f 146/290/1 663/269/1 656/173/1 119/154/1
f 92/205/1 652/228/1 649/231/1 62/206/1
f 79/15/1 655/176/1 646/227/1 57/16/1
f 69/1114/3 654/189/3 647/192/3 45/1115/3
f 119/154/15 656/173/15 655/176/15 79/15/15
f 124/156/16 659/165/16 652/168/16 92/157/16
f 545/1103/5 695/1068/5 651/1100/5 117/1099/5
f 596/1101/5 697/115/5 649/118/5 36/1116/5
f 816/1117/5 863/1118/5 650/1119/5 59/1120/5
f 759/1121/5 807/103/5 646/106/5 32/711/5
f 68/1122/3 653/58/3 648/61/3 40/1086/3
f 19/1/1 645/1/1 660/1/1 159/1/1
f 751/1123/23 707/1124/23 997/1125/23 998/1126/23
f 537/1046/18 641/1051/18 752/373/18 749/1041/18
f 112/1066/5 705/1063/5 751/123/5 547/1067/5
f 444/744/18 589/1047/18 750/1040/18 732/722/18
f 589/1047/18 537/1046/18 749/1041/18 750/1040/18
f 429/780/1 535/1037/1 748/380/1 731/690/1
f 419/792/3 533/1029/3 747/388/3 730/666/3
f 414/803/3 532/1027/3 746/391/3 729/654/3
f 384/867/1 526/1023/1 745/415/1 728/582/1
f 348/1012/5 734/1013/5 744/446/5 519/1010/5
f 339/969/18 518/1008/18 743/450/18 727/487/18
f 857/966/18 509/965/18 742/960/18 864/959/18
f 171/865/1 487/864/1 741/581/1 721/860/1
f 181/801/3 469/800/3 740/653/3 722/796/3
f 208/790/3 466/789/3 739/665/3 724/392/3
f 218/778/1 460/777/1 738/689/1 725/416/1
f 319/750/5 733/449/5 737/717/5 453/746/5
f 230/742/18 452/741/18 736/721/18 726/451/18
f 452/741/18 444/744/18 732/722/18 736/721/18
f 453/746/5 737/717/5 735/720/5 443/747/5
f 460/777/1 429/780/1 731/690/1 738/689/1
f 466/789/3 419/792/3 730/666/3 739/665/3
f 469/800/3 414/803/3 729/654/3 740/653/3
f 487/864/1 384/867/1 728/582/1 741/581/1
f 801/970/18 339/969/18 727/487/18 808/486/18
f 518/1008/18 230/742/18 726/451/18 743/450/18
f 519/1010/5 744/446/5 733/449/5 319/750/5
f 526/1023/1 218/778/1 725/416/1 745/415/1
f 532/1027/3 208/790/3 724/392/3 746/391/3
f 533/1029/3 167/1031/3 720/389/3 747/388/3
f 535/1037/1 182/916/1 723/381/1 748/380/1
f 641/1051/18 171/1050/18 721/374/18 752/373/18
f 19/1/1 699/1/1 723/1/1 182/1/1
f 3/1/1 699/1/1 718/1/1 158/1/1
f 26/1/1 700/1/1 734/1/1 348/1/1
f 4/1/1 698/1/1 722/1/1 179/1/1
f 12/1/1 701/1/1 735/1/1 282/1/1
f 161/360/3 719/341/3 712/344/3 120/361/3
f 18/1/1 698/1/1 719/1/1 161/1/1
f 64/1/1 701/1/1 716/1/1 137/1/1
f 120/316/11 712/305/11 711/308/11 128/317/11
f 125/304/17 715/268/17 708/222/17 70/190/17
f 134/1127/1 717/289/1 714/153/1 103/1128/1
f 137/243/3 716/242/3 715/268/3 125/304/3
f 158/1129/1 718/246/1 713/249/1 101/1130/1
f 70/190/3 708/222/3 705/225/3 112/191/3
f 91/1131/1 710/204/1 703/207/1 39/1132/1
f 8/1/1 700/1/1 717/1/1 134/1/1
f 101/140/16 713/155/16 710/158/16 91/141/16
f 103/1128/15 714/153/15 709/14/15 67/1133/15
f 650/1134/9 863/1135/9 1008/1136/9 1004/1137/9
f 695/1138/24 547/1139/24 995/1140/24 1006/1141/24
f 763/104/5 809/70/5 704/73/5 57/105/5
f 599/116/5 753/66/5 703/69/5 62/117/5
f 128/59/3 711/34/3 702/37/3 58/60/3
f 67/1133/1 709/14/1 704/17/1 41/1132/1
f 547/1139/24 751/1142/24 998/1143/24 995/1140/24
f 509/965/18 801/970/18 808/486/18 742/960/18
f 59/1120/5 650/1119/5 807/103/5 759/1121/5
f 342/955/18 789/493/18 806/967/18 686/964/18
f 428/688/4 258/687/4 785/1034/4 805/1032/4
f 426/683/4 428/688/4 805/1032/4 791/785/4
f 403/628/4 292/627/4 786/781/4 804/1024/4
f 401/623/4 403/628/4 804/1024/4 790/834/4
f 337/979/18 788/481/18 803/474/18 512/988/18
f 975/982/18 982/985/18 802/986/18 511/983/18
f 686/964/18 806/967/18 801/970/18 509/965/18
f 233/958/18 787/477/18 800/490/18 508/954/18
f 316/940/5 506/948/5 799/502/5 779/511/5
f 350/938/5 504/937/5 798/510/5 781/933/5
f 309/904/2 501/918/2 797/525/2 778/542/2
f 360/915/2 500/914/2 796/529/2 782/526/2
f 259/910/2 498/909/2 795/537/2 776/905/2
f 365/902/2 497/901/2 794/541/2 783/538/2
f 402/624/4 401/623/4 790/834/4 793/831/4
f 246/826/4 402/624/4 793/831/4 784/830/4
f 427/684/4 426/683/4 791/785/4 792/782/4
f 292/627/4 427/684/4 792/782/4 786/781/4
f 497/901/2 309/904/2 778/542/2 794/541/2
f 498/909/2 365/902/2 783/538/2 795/537/2
f 500/914/2 275/916/2 777/530/2 796/529/2
f 501/918/2 360/915/2 782/526/2 797/525/2
f 504/937/5 316/940/5 779/511/5 798/510/5
f 506/948/5 345/950/5 780/503/5 799/502/5
f 508/954/18 800/490/18 789/493/18 342/955/18
f 742/960/18 808/486/18 784/489/18 175/961/18
f 915/978/18 922/478/18 788/481/18 337/979/18
f 512/988/18 803/474/18 787/477/18 233/958/18
f 25/1/1 755/1/1 780/1/1 345/1/1
f 21/1/1 754/1/1 777/1/1 275/1/1
f 8/1/1 757/1/1 785/1/1 258/1/1
f 14/1/1 756/1/1 781/1/1 351/1/1
f 155/1144/2 775/369/2 768/372/2 95/1145/2
f 147/1146/2 774/357/2 769/321/2 94/1147/2
f 157/332/4 772/351/4 771/354/4 123/333/4
f 145/368/4 773/349/4 770/127/4 118/310/4
f 9/1/1 754/1/1 775/1/1 155/1/1
f 20/1/1 757/1/1 772/1/1 157/1/1
f 27/1/1 756/1/1 773/1/1 145/1/1
f 123/312/12 771/323/12 764/326/12 90/313/12
f 94/1147/13 769/321/13 766/54/13 80/1148/13
f 95/1149/14 768/291/14 767/294/14 88/1150/14
f 13/1/1 755/1/1 774/1/1 147/1/1
f 88/1151/2 767/193/2 758/195/2 33/214/2
f 118/310/10 770/127/10 765/42/10 78/186/10
f 925/1135/25 875/1134/25 991/1152/25 1015/1153/25
f 985/1154/7 818/1155/7 989/1156/7 1021/1157/7
f 875/102/5 56/91/5 760/75/5 923/74/5
f 706/114/5 61/113/5 761/71/5 809/70/5
f 80/1148/2 766/54/2 759/57/2 32/1158/2
f 90/23/4 764/46/4 761/49/4 61/24/4
f 78/186/4 765/42/4 760/45/4 56/187/4
f 58/1159/5 702/1160/5 865/111/5 819/1161/5
f 167/910/18 857/966/18 864/959/18 720/907/18
f 40/336/5 648/1162/5 863/1118/5 816/1117/5
f 238/906/18 837/956/18 862/963/18 667/905/18
f 424/786/4 534/1033/4 861/384/4 839/678/4
f 399/835/4 529/1025/4 860/403/4 838/618/4
f 262/889/18 836/980/18 859/987/18 186/888/18
f 186/888/18 859/987/18 835/957/18 187/890/18
f 951/891/18 984/981/18 858/984/18 261/896/18
f 888/893/18 924/977/18 836/980/18 262/889/18
f 667/905/18 862/963/18 857/966/18 167/910/18
f 720/907/18 864/959/18 832/962/18 168/1163/18
f 187/890/18 835/957/18 856/953/18 237/911/18
f 237/911/18 856/953/18 837/956/18 238/906/18
f 253/1164/5 254/1165/5 844/949/5 855/947/5
f 203/1166/5 253/1164/5 855/947/5 843/939/5
f 202/1167/5 203/1166/5 843/939/5 854/936/5
f 278/1168/5 202/1167/5 854/936/5 845/935/5
f 239/1169/2 240/1170/2 846/912/2 853/917/2
f 189/1171/2 239/1169/2 853/917/2 842/903/2
f 169/1172/2 170/382/2 841/381/2 852/913/2
f 240/1170/2 169/1172/2 852/913/2 846/912/2
f 263/1173/2 264/1174/2 847/899/2 851/908/2
f 449/1163/2 263/1173/2 851/908/2 840/907/2
f 188/1175/2 189/1171/2 842/903/2 850/900/2
f 264/1174/2 188/1175/2 850/900/2 847/899/2
f 175/833/4 478/832/4 849/617/4 832/828/4
f 213/784/4 463/783/4 848/677/4 834/404/4
f 463/783/4 424/786/4 839/678/4 848/677/4
f 478/832/4 399/835/4 838/618/4 849/617/4
f 529/1025/4 213/784/4 834/404/4 860/403/4
f 534/1033/4 183/1035/4 833/385/4 861/384/4
f 27/1/1 813/1/1 845/1/1 350/1/1
f 6/1/1 812/1/1 844/1/1 254/1/1
f 20/1/1 810/1/1 833/1/1 183/1/1
f 1/1/1 811/1/1 841/1/1 170/1/1
f 153/1176/4 828/367/4 827/309/4 104/1177/4
f 160/1178/4 831/331/4 824/334/4 93/1179/4
f 4/1/1 810/1/1 831/1/1 160/1/1
f 21/1/1 811/1/1 830/1/1 156/1/1
f 93/306/12 824/311/12 823/314/12 126/307/12
f 104/1177/10 827/309/10 820/185/10 86/1180/10
f 121/322/13 826/241/13 821/196/13 81/55/13
f 156/370/2 830/262/2 825/265/2 116/371/2
f 148/358/2 829/238/2 826/241/2 121/322/2
f 89/194/2 822/219/2 815/9/2 54/8/2
f 10/1/1 813/1/1 828/1/1 153/1/1
f 81/55/2 821/196/2 816/199/2 59/56/2
f 25/1/1 812/1/1 829/1/1 148/1/1
f 86/1180/4 820/185/4 817/188/4 42/1181/4
f 116/292/14 825/177/14 822/180/14 89/293/14
f 702/1160/5 31/1182/5 814/112/5 865/111/5
f 648/1162/5 58/1159/5 819/1161/5 863/1118/5
f 870/1183/5 42/80/5 817/79/5 925/101/5
f 932/1184/5 53/1185/5 818/1186/5 985/1187/5
f 126/1188/4 823/22/4 814/25/4 31/1189/4
f 53/1185/5 870/1183/5 925/101/5 818/1186/5
f 261/896/18 858/984/18 924/977/18 888/893/18
f 935/1190/26 985/1191/26 1021/1192/26 1017/1193/26
f 511/983/18 802/986/18 922/478/18 915/978/18
f 599/1092/8 697/1194/8 1007/1195/8 1001/1093/8
f 513/995/18 636/1000/18 920/470/18 916/990/18
f 48/1071/5 873/1069/5 919/90/5 546/1072/5
f 330/1004/18 584/996/18 918/989/18 895/467/18
f 323/976/18 514/1002/18 917/466/18 894/483/18
f 584/996/18 513/995/18 916/990/18 918/989/18
f 858/984/18 511/983/18 915/978/18 924/977/18
f 335/974/18 510/973/18 914/482/18 896/479/18
f 352/944/5 902/945/5 913/506/5 505/942/5
f 229/932/5 901/509/5 912/514/5 503/928/5
f 301/873/1 492/887/1 911/561/1 893/578/1
f 375/884/1 491/883/1 910/565/1 897/562/1
f 265/879/1 489/878/1 909/573/1 889/874/1
f 380/871/1 488/870/1 908/577/1 898/574/1
f 285/809/3 474/824/3 907/633/3 892/650/3
f 405/820/3 473/819/3 906/637/3 899/634/3
f 277/815/3 471/814/3 905/645/3 890/810/3
f 410/807/3 470/806/3 904/649/3 900/646/3
f 470/806/3 285/809/3 892/650/3 904/649/3
f 471/814/3 410/807/3 900/646/3 905/645/3
f 473/819/3 261/822/3 888/638/3 906/637/3
f 474/824/3 405/820/3 899/634/3 907/633/3
f 488/870/1 301/873/1 893/578/1 908/577/1
f 489/878/1 380/871/1 898/574/1 909/573/1
f 491/883/1 279/885/1 891/566/1 910/565/1
f 492/887/1 375/884/1 897/562/1 911/561/1
f 503/928/5 912/514/5 903/516/5 357/929/5
f 505/942/5 913/506/5 901/509/5 229/932/5
f 510/973/18 323/976/18 894/483/18 914/482/18
f 802/986/18 335/974/18 896/479/18 922/478/18
f 636/1000/18 265/999/18 889/471/18 920/470/18
f 514/1002/18 330/1004/18 895/467/18 917/466/18
f 23/1/1 867/1/1 891/1/1 279/1/1
f 15/1/1 869/1/1 903/1/1 356/1/1
f 28/1/1 868/1/1 902/1/1 352/1/1
f 10/1/1 866/1/1 890/1/1 278/1/1
f 151/1196/1 886/365/1 881/246/1 96/1129/1
f 30/1/1 869/1/1 884/1/1 141/1/1
f 14/1/1 868/1/1 885/1/1 144/1/1
f 22/1/1 866/1/1 887/1/1 154/1/1
f 96/1197/16 881/299/16 878/302/16 84/1198/16
f 154/346/3 887/285/3 880/288/3 115/347/3
f 144/1199/1 885/283/1 882/163/1 105/1200/1
f 141/243/3 884/273/3 883/169/3 110/244/3
f 74/201/3 876/172/3 873/233/3 48/202/3
f 84/1201/1 878/181/1 871/184/1 34/1202/1
f 110/244/17 883/169/17 876/172/17 74/201/17
f 105/1200/15 882/163/15 877/6/15 77/1203/15
f 115/130/11 880/135/11 879/138/11 87/131/11
f 546/1204/24 919/1205/24 999/1206/24 986/1207/24
f 934/1208/26 979/230/26 1018/1209/26 1016/1210/26
f 598/83/5 921/78/5 871/81/5 47/84/5
f 762/94/5 923/74/5 872/77/5 52/95/5
f 87/39/3 879/10/3 870/13/3 53/40/3
f 77/1203/1 877/6/1 872/9/1 43/221/1
f 11/1/1 867/1/1 886/1/1 151/1/1
f 37/1211/5 932/1184/5 985/1187/5 815/1212/5
f 449/892/18 840/1213/18 984/981/18 951/891/18
f 54/1214/5 935/1215/5 983/93/5 758/1216/5
f 259/1217/18 776/1218/18 982/985/18 975/982/18
f 49/1219/5 934/1220/5 981/82/5 594/1221/5
f 165/387/18 612/1222/18 980/997/18 976/994/18
f 35/1223/5 931/1070/5 979/1073/5 543/1224/5
f 236/1225/18 568/1226/18 978/993/18 958/1003/18
f 235/1227/18 236/1225/18 958/1003/18 977/1001/18
f 185/1228/18 235/1227/18 977/1001/18 957/975/18
f 612/1222/18 166/386/18 952/998/18 980/997/18
f 568/1226/18 165/387/18 976/994/18 978/993/18
f 776/1218/18 260/1229/18 959/971/18 982/985/18
f 840/1213/18 259/1217/18 975/982/18 984/981/18
f 184/1230/18 185/1228/18 957/975/18 974/972/18
f 260/1229/18 184/1230/18 974/972/18 959/971/18
f 276/1231/5 949/943/5 973/941/5 200/1232/5
f 200/1232/5 973/941/5 948/931/5 201/1233/5
f 201/1233/5 948/931/5 972/927/5 251/1234/5
f 251/1234/5 972/927/5 950/930/5 252/1235/5
f 243/1236/1 244/1237/1 960/881/1 971/886/1
f 193/1238/1 243/1236/1 971/886/1 956/872/1
f 173/1239/1 174/378/1 954/377/1 970/882/1
f 244/1237/1 173/1239/1 970/882/1 960/881/1
f 267/1240/1 268/1241/1 961/868/1 969/877/1
f 166/1242/1 267/1240/1 969/877/1 952/876/1
f 192/1243/1 193/1238/1 956/872/1 968/869/1
f 268/1241/1 192/1243/1 968/869/1 961/868/1
f 188/1244/3 264/1245/3 962/817/3 967/823/3
f 189/1246/3 188/1244/3 967/823/3 955/808/3
f 263/1247/3 449/1248/3 951/821/3 966/818/3
f 264/1245/3 263/1247/3 966/818/3 962/817/3
f 169/1249/3 240/1250/3 963/804/3 965/813/3
f 170/1251/3 169/1249/3 965/813/3 953/812/3
f 239/1252/3 189/1246/3 955/808/3 964/805/3
f 240/1250/3 239/1252/3 964/805/3 963/804/3
f 22/1/1 928/1/1 953/1/1 277/1/1
f 30/1/1 927/1/1 950/1/1 357/1/1
f 9/1/1 926/1/1 949/1/1 276/1/1
f 2/1/1 929/1/1 954/1/1 174/1/1
f 133/1253/3 945/345/3 942/348/3 99/1254/3
f 23/1/1 929/1/1 944/1/1 152/1/1
f 97/1255/17 941/245/17 938/200/17 73/1256/17
f 109/300/16 943/295/16 936/298/16 85/301/16
f 114/164/15 940/257/15 939/212/15 76/7/15
f 143/284/1 947/254/1 940/257/1 114/164/1
f 152/366/1 944/250/1 943/253/1 109/247/1
f 140/266/3 946/242/3 941/245/3 97/1255/3
f 1/1/1 928/1/1 945/1/1 133/1/1
f 76/7/1 939/212/1 930/195/1 52/8/1
f 85/182/1 936/208/1 933/211/1 47/183/1
f 5/1/1 927/1/1 946/1/1 140/1/1
f 73/1256/3 938/200/3 931/203/3 35/504/3
f 99/178/11 942/129/11 937/132/11 66/179/11
f 815/1212/5 985/1187/5 935/1215/5 54/1214/5
f 758/1216/5 983/93/5 930/96/5 33/1257/5
f 543/1224/5 979/1073/5 934/1220/5 49/1219/5
f 594/1221/5 981/82/5 933/85/5 38/1258/5
f 66/1259/3 937/38/3 932/41/3 37/264/3
f 28/1/1 926/1/1 947/1/1 143/1/1
f 1014/1260/27 1010/1097/27 1042/1261/27 1046/1262/27
f 1000/1263/28 1019/1264/28 1051/1265/28 1032/1266/28
f 997/1267/29 1003/1268/29 1035/1269/29 1029/1270/29
f 1008/1271/30 992/1272/30 1024/1273/30 1040/1274/30
f 1021/1275/30 989/1276/30 50/1277/30 1053/1278/30
f 1009/1279/29 994/1280/29 1026/1281/29 1041/1282/29
f 1002/1283/28 1000/1263/28 1032/1266/28 1034/1284/28
f 991/1152/31 1014/1285/31 1046/1286/31 1023/1287/31
f 1019/1264/32 1016/1288/32 1048/1289/32 1051/1265/32
f 1015/1153/31 991/1152/31 1023/1287/31 1047/1290/31
f 1016/1288/32 1018/1291/32 1050/1292/32 1048/1289/32
f 994/1280/29 1013/1293/29 1045/1294/29 1026/1281/29
f 1006/1141/33 995/1140/33 1027/1295/33 1038/1296/33
f 1011/88/27 1012/1297/27 1044/1298/27 1043/1299/27
f 1007/1300/34 1005/122/34 1037/1301/34 1039/1302/34
f 1018/1303/33 986/1207/33 122/1304/33 1050/1305/33
f 981/1306/26 934/1208/26 1016/1210/26 1019/1307/26
f 979/1308/24 546/1204/24 986/1207/24 1018/1303/24
f 818/1155/7 925/99/7 1015/1309/7 989/1156/7
f 707/1124/23 753/1310/23 1003/1311/23 997/1125/23
f 983/1312/26 935/1190/26 1017/1193/26 1020/1313/26
f 923/1314/6 762/1094/6 1010/1097/6 1014/1260/6
f 697/1315/9 651/119/9 1005/122/9 1007/1300/9
f 919/1316/25 874/1317/25 988/1318/25 999/1319/25
f 865/1320/23 706/1321/23 994/1322/23 1009/1323/23
f 763/87/6 807/1324/6 1012/1297/6 1011/88/6
f 921/1325/8 598/107/8 1000/110/8 1002/1326/8
f 874/1317/25 921/1327/25 1002/1328/25 988/1318/25
f 706/1321/23 809/1329/23 1013/1330/23 994/1322/23
f 875/1134/25 923/1331/25 1014/1285/25 991/1152/25
f 863/1332/7 819/97/7 992/100/7 1008/1333/7
f 807/1331/9 650/1134/9 1004/1137/9 1012/1334/9
f 1053/1335/35 50/1336/35 987/1337/35 1085/1338/35
f 1041/1339/36 1026/1340/36 1058/1341/36 1073/1342/36
f 1034/1343/37 1032/1344/37 1064/1345/37 1066/1346/37
f 1023/1287/38 1046/1286/38 1078/1347/38 1055/1348/38
f 1051/1349/39 1048/1350/39 1080/1351/39 1083/1352/39
f 1047/1290/38 1023/1287/38 1055/1348/38 1079/1353/38
f 1048/1350/39 1050/1354/39 1082/1355/39 1080/1351/39
f 1026/1340/36 1045/1356/36 1077/1357/36 1058/1341/36
f 1038/1296/40 1027/1295/40 1059/1358/40 1070/1359/40
f 1043/1299/41 1044/1298/41 1076/1360/41 1075/1361/41
f 1039/1302/42 1037/1301/42 1069/1362/42 1071/1363/42
f 1050/1305/40 122/1304/40 996/1364/40 1082/1365/40
f 1036/1366/42 1040/1367/42 1072/1368/42 1068/1369/42
f 122/1304/40 1031/1370/40 1063/1371/40 996/1364/40
f 1024/1372/35 1041/1339/35 1073/1342/35 1056/1373/35
f 1042/1261/41 1052/1374/41 1084/1375/41 1074/1376/41
f 995/1140/33 998/1143/33 1030/1377/33 1027/1295/33
f 1005/122/34 1006/121/34 1038/1378/34 1037/1301/34
f 1001/1379/28 1007/1380/28 1039/1381/28 1033/1382/28
f 1013/89/27 1011/88/27 1043/1299/27 1045/1383/27
f 999/1319/31 988/1318/31 55/1384/31 1031/1385/31
f 1012/1334/34 1004/1137/34 1036/1366/34 1044/1386/34
f 1017/1387/32 1021/1275/32 1053/1278/32 1049/1388/32
f 988/1318/31 1002/1328/31 1034/1389/31 55/1384/31
f 1003/1268/28 1001/1379/28 1033/1382/28 1035/1269/28
f 1020/1390/32 1017/1387/32 1049/1388/32 1052/1391/32
f 989/1276/30 1015/1392/30 1047/1393/30 50/1277/30
f 998/1394/29 997/1267/29 1029/1270/29 1030/1395/29
f 1010/1097/27 1020/1096/27 1052/1374/27 1042/1261/27
f 992/1272/30 1009/1279/30 1041/1282/30 1024/1273/30
f 986/1207/33 999/1206/33 1031/1370/33 122/1304/33
f 1004/1137/34 1008/1136/34 1040/1367/34 1036/1366/34
f 1055/1348/43 1078/1347/43 1109/1396/43 1087/1397/43
f 1083/1352/44 1080/1351/44 1111/1398/44 1114/1399/44
f 1079/1353/45 1055/1348/45 1087/1397/45 1110/1400/45
f 1080/1351/44 1082/1355/44 1113/1401/44 1111/1398/44
f 1058/1341/46 1077/1357/46 1108/1402/46 1090/1403/46
f 1070/1359/47 1059/1358/47 1091/1404/47 1101/1405/47
f 1075/1361/48 1076/1360/48 1107/1406/48 1106/1407/48
f 1071/1363/49 1069/1362/49 1100/1408/49 1102/1409/49
f 1082/1365/47 996/1364/47 1028/1410/47 1113/1411/47
f 1068/1369/49 1072/1368/49 1103/1412/49 1099/1413/49
f 996/1364/47 1063/1371/47 1094/1414/47 1028/1410/47
f 1056/1373/50 1073/1342/50 1104/1415/50 1088/1416/50
f 1074/1376/48 1084/1375/48 1115/1417/48 1105/1418/48
f 1062/1419/46 1061/1420/46 1092/1421/46 1093/1422/46
f 987/1337/50 1079/1423/50 1110/1424/50 60/1425/50
f 1084/1426/44 1081/1427/44 1112/1428/44 1115/1429/44
f 1040/1430/35 1024/1372/35 1056/1373/35 1072/1431/35
f 1029/1432/36 1035/1433/36 1067/1434/36 1061/1420/36
f 1032/1344/37 1051/1349/37 1083/1352/37 1064/1345/37
f 1046/1262/41 1042/1261/41 1074/1376/41 1078/1435/41
f 1027/1295/40 1030/1377/40 1062/1436/40 1059/1358/40
f 1037/1301/42 1038/1378/42 1070/1437/42 1069/1362/42
f 1033/1438/37 1039/1439/37 1071/1440/37 1065/1441/37
f 1045/1383/41 1043/1299/41 1075/1361/41 1077/1442/41
f 1031/1385/38 55/1384/38 990/1443/38 1063/1444/38
f 1044/1386/42 1036/1366/42 1068/1369/42 1076/1445/42
f 1049/1446/39 1053/1335/39 1085/1338/39 1081/1427/39
f 55/1384/38 1034/1389/38 1066/1447/38 990/1443/38
f 1035/1433/37 1033/1438/37 1065/1441/37 1067/1434/37
f 1052/1448/39 1049/1446/39 1081/1427/39 1084/1426/39
f 50/1336/35 1047/1449/35 1079/1423/35 987/1337/35
f 1030/1450/36 1029/1432/36 1061/1420/36 1062/1419/36
f 1111/1451/2 1113/1452/2 1145/1453/2 1143/1454/2
f 1090/1455/4 1108/1456/4 1140/1457/4 1121/1458/4
f 1101/1405/3 1091/1404/3 1122/1459/3 1133/1460/3
f 1106/1407/1 1107/1406/1 1139/1461/1 1138/1462/1
f 1102/1409/2 1100/1408/2 1132/1463/2 1134/1464/2
f 1113/1411/3 1028/1410/3 1060/1465/3 1145/1466/3
f 1099/1413/2 1103/1412/2 1135/1467/2 1131/1468/2
f 1028/1410/3 1094/1414/3 1126/1469/3 1060/1465/3
f 1088/1470/3 1104/1471/3 1136/1282/3 1119/1472/3
f 1105/1418/1 1115/1417/1 1147/1473/1 1137/1474/1
f 1093/1475/4 1092/1476/4 1124/1477/4 1125/1478/4
f 60/1479/3 1110/1480/3 1142/1481/3 993/1482/3
f 1115/1483/2 1112/1484/2 1144/1485/2 1147/48/2
f 1098/1486/1 1096/1487/1 1128/1488/1 1130/1489/1
f 1022/1490/4 1097/1491/4 1129/1492/4 1054/1493/4
f 1112/1484/2 1116/1494/2 1148/1495/2 1144/1485/2
f 1066/1346/51 1064/1345/51 1095/1496/51 1097/1424/51
f 1073/1342/46 1058/1341/46 1090/1403/46 1104/1415/46
f 1085/1338/50 987/1337/50 60/1425/50 1116/1497/50
f 1072/1431/50 1056/1373/50 1088/1416/50 1103/1498/50
f 1061/1420/46 1067/1434/46 1098/1499/46 1092/1421/46
f 1064/1345/51 1083/1352/51 1114/1399/51 1095/1496/51
f 1078/1435/48 1074/1376/48 1105/1418/48 1109/1500/48
f 1059/1358/47 1062/1436/47 1093/1501/47 1091/1404/47
f 1069/1362/49 1070/1437/49 1101/1502/49 1100/1408/49
f 1065/1441/51 1071/1440/51 1102/1503/51 1096/1504/51
f 1077/1442/48 1075/1361/48 1106/1407/48 1108/1505/48
f 1063/1444/45 990/1443/45 1022/1490/45 1094/1506/45
f 1076/1445/52 1068/1369/52 1099/1413/52 1107/1507/52
f 1081/1427/44 1085/1338/44 1116/1497/44 1112/1428/44
f 990/1443/45 1066/1447/45 1097/1491/45 1022/1490/45
f 1067/1434/51 1065/1441/51 1096/1504/51 1098/1499/51
f 1145/1478/5 1060/1477/5 1057/1508/5 1143/1509/5
f 1148/1510/5 993/1511/5 1117/1512/5 1144/1513/5
f 1135/1489/5 1119/1488/5 1120/1514/5 1131/1515/5
f 1133/1516/5 1122/1517/5 1123/1518/5 1132/1519/5
f 1132/1519/5 1123/1518/5 1128/1520/5 1134/1521/5
f 1143/1509/5 1057/1508/5 1127/1522/5 1146/1523/5
f 1123/1518/5 1124/1524/5 1130/1525/5 1128/1520/5
f 1122/1517/5 1125/1526/5 1124/1524/5 1123/1518/5
f 1119/1488/5 1136/1527/5 1121/1528/5 1120/1514/5
f 1120/1514/5 1121/1528/5 1140/1521/5 1138/1520/5
f 1131/1515/5 1120/1514/5 1138/1520/5 1139/1525/5
f 1144/1513/5 1117/1512/5 1137/1529/5 1147/1253/5
f 1117/1512/5 1118/1530/5 1141/1531/5 1137/1529/5
f 1057/1508/5 1054/1532/5 1129/1533/5 1127/1522/5
f 993/1511/5 1142/1534/5 1118/1530/5 1117/1512/5
f 1060/1477/5 1126/1535/5 1054/1532/5 1057/1508/5
f 1110/1400/4 1087/1397/4 1118/1536/4 1142/1537/4
f 1114/1538/2 1111/1451/2 1143/1454/2 1146/1539/2
f 1087/1397/4 1109/1396/4 1141/1540/4 1118/1536/4
f 1097/1539/1 1095/1541/1 1127/1542/1 1129/1538/1
f 1104/1543/4 1090/1455/4 1121/1458/4 1136/353/4
f 1116/1544/3 60/1479/3 993/1482/3 1148/1545/3
f 1103/1546/3 1088/1470/3 1119/1472/3 1135/1547/3
f 1092/1476/4 1098/1548/4 1130/1535/4 1124/1477/4
f 1095/1541/1 1114/1549/1 1146/1550/1 1127/1542/1
f 1109/1500/1 1105/1418/1 1137/1474/1 1141/1551/1
f 1091/1404/3 1093/1501/3 1125/1552/3 1122/1459/3
f 1100/1408/2 1101/1502/2 1133/1433/2 1132/1463/2
f 1096/1487/1 1102/1553/1 1134/1527/1 1128/1488/1
f 1108/1505/1 1106/1407/1 1138/1462/1 1140/1554/1
f 1094/1506/4 1022/1490/4 1054/1493/4 1126/1555/4
f 1107/1507/2 1099/1413/2 1131/1468/2 1139/1556/2
f 1149/952/53 1161/758/53 1186/1557/53 1174/1558/53
f 1162/754/54 1163/753/54 1188/1559/54 1187/1560/54
f 1163/926/53 1164/925/53 1189/1561/53 1188/1562/53
f 1165/1015/54 1152/762/54 1177/1563/54 1190/1564/54
f 1155/920/55 1154/445/55 1179/1565/55 1180/1566/55
f 1156/520/56 1158/519/56 1183/1567/56 1181/1568/56
f 1158/501/55 1157/500/55 1182/1569/55 1183/1570/55
f 1159/715/56 1151/922/56 1176/1571/56 1184/1572/56
f 1161/758/53 1160/757/53 1185/1573/53 1186/1557/53
f 1153/761/54 1162/754/54 1187/1560/54 1178/1574/54
f 1164/925/53 1149/952/53 1174/1558/53 1189/1561/53
f 1152/762/54 1153/761/54 1178/1574/54 1177/1563/54
f 1154/445/55 1165/444/55 1190/1575/55 1179/1565/55
f 1151/922/56 1156/520/56 1181/1568/56 1176/1571/56
f 1157/500/55 1155/920/55 1180/1566/55 1182/1569/55
f 1160/716/56 1159/715/56 1184/1572/56 1185/1576/56
f 1213/1/1 1212/1/1 1246/1/1 1237/1/1
f 1086/1/1 1206/1/1 1232/1/1 1224/1/1
f 1198/1/1 1199/1/1 1219/1/1 1218/1/1
f 1215/1/1 1217/1/1 1249/1/1 1248/1/1
f 1194/1/1 1170/1/1 1245/1/1 1229/1/1
f 1199/1/1 1197/1/1 1220/1/1 1219/1/1
f 1195/1/1 1196/1/1 1223/1/1 1222/1/1
f 1212/1/1 1211/1/1 1235/1/1 1246/1/1
f 1171/1/1 1175/1/1 1227/1/1 1234/1/1
f 1089/1/1 1200/1/1 1236/1/1 1221/1/1
f 1201/1/1 1202/1/1 1238/1/1 1241/1/1
f 1172/1/1 1173/1/1 1233/1/1 1226/1/1
f 1203/1/1 1025/1/1 1225/1/1 1242/1/1
f 1150/1/1 1205/1/1 1240/1/1 1244/1/1
f 1192/1/1 1193/1/1 1230/1/1 1228/1/1
f 1193/1/1 1215/1/1 1248/1/1 1230/1/1
f 1150/1577/57 1202/1578/57 1368/1579/57 1362/1580/57
f 1203/1581/58 1204/1582/58 1370/1583/58 1369/1584/58
f 1204/270/57 1205/1585/57 1371/1586/57 1370/1587/57
f 1206/1588/58 1086/1589/58 1358/1590/58 1372/1591/58
f 1199/1181/59 1198/1592/59 1352/1593/59 1353/1594/59
f 1197/1595/60 1199/1596/60 1353/1597/60 1354/1598/60
f 1196/1599/59 1195/1600/59 1356/1601/59 1357/1602/59
f 1200/1603/60 1089/1604/60 1355/1605/60 1366/1606/60
f 1202/1578/57 1201/1607/57 1367/1608/57 1368/1579/57
f 1025/1609/58 1203/1581/58 1369/1584/58 1359/1610/58
f 1205/1585/57 1150/1577/57 1362/1580/57 1371/1586/57
f 1195/1600/59 1206/1611/59 1372/1612/59 1356/1601/59
f 1089/1604/60 1197/1595/60 1354/1598/60 1355/1605/60
f 1198/1592/59 1196/1599/59 1357/1602/59 1352/1593/59
f 1201/1231/60 1200/1603/60 1366/1606/60 1367/1613/60
f 1086/1589/58 1025/1609/58 1359/1610/58 1358/1590/58
f 1188/1562/1 1189/1561/1 1216/1614/1 1217/1615/1
f 1187/1560/4 1188/1559/4 1217/1616/4 1215/1617/4
f 1174/1558/1 1186/1557/1 1213/1618/1 1214/1619/1
f 1185/1576/2 1184/1572/2 1211/1620/2 1212/1621/2
f 1182/1569/3 1180/1566/3 1171/1622/3 1170/1623/3
f 1176/1571/2 1181/1568/2 1173/1624/2 1172/1625/2
f 1179/1565/3 1190/1575/3 1191/1626/3 1175/1627/3
f 1177/1563/4 1178/1574/4 1193/1628/4 1192/1629/4
f 1189/1561/1 1174/1558/1 1214/1619/1 1216/1614/1
f 1178/1574/4 1187/1560/4 1215/1617/4 1193/1628/4
f 1186/1557/1 1185/1573/1 1212/1630/1 1213/1618/1
f 1184/1572/2 1176/1571/2 1172/1625/2 1211/1620/2
f 1183/1570/3 1182/1569/3 1170/1623/3 1194/1631/3
f 1181/1568/2 1183/1567/2 1194/1632/2 1173/1624/2
f 1180/1566/3 1179/1565/3 1175/1627/3 1171/1622/3
f 1190/1564/4 1177/1563/4 1192/1629/4 1191/1633/4
f 1227/1/1 1231/1/1 1263/1/1 1259/1/1
f 1244/1/1 1240/1/1 1272/1/1 1276/1/1
f 1239/1/1 1247/1/1 1279/1/1 1271/1/1
f 1232/1/1 1222/1/1 1254/1/1 1264/1/1
f 1237/1/1 1246/1/1 1278/1/1 1269/1/1
f 1223/1/1 1218/1/1 1250/1/1 1255/1/1
f 1218/1/1 1219/1/1 1251/1/1 1250/1/1
f 1248/1/1 1249/1/1 1281/1/1 1280/1/1
f 1229/1/1 1245/1/1 1277/1/1 1261/1/1
f 1238/1/1 1244/1/1 1276/1/1 1270/1/1
f 1222/1/1 1223/1/1 1255/1/1 1254/1/1
f 1246/1/1 1235/1/1 1267/1/1 1278/1/1
f 1234/1/1 1227/1/1 1259/1/1 1266/1/1
f 1240/1/1 1243/1/1 1275/1/1 1272/1/1
f 1236/1/1 1241/1/1 1273/1/1 1268/1/1
f 1226/1/1 1233/1/1 1265/1/1 1258/1/1
f 1216/1/1 1214/1/1 1247/1/1 1239/1/1
f 1205/1/1 1204/1/1 1243/1/1 1240/1/1
f 1175/1/1 1191/1/1 1231/1/1 1227/1/1
f 1204/1/1 1203/1/1 1242/1/1 1243/1/1
f 1202/1/1 1150/1/1 1244/1/1 1238/1/1
f 1191/1/1 1192/1/1 1228/1/1 1231/1/1
f 1170/1/1 1171/1/1 1234/1/1 1245/1/1
f 1025/1/1 1086/1/1 1224/1/1 1225/1/1
f 1200/1/1 1201/1/1 1241/1/1 1236/1/1
f 1196/1/1 1198/1/1 1218/1/1 1223/1/1
f 1173/1/1 1194/1/1 1229/1/1 1233/1/1
f 1214/1/1 1213/1/1 1237/1/1 1247/1/1
f 1197/1/1 1089/1/1 1221/1/1 1220/1/1
f 1206/1/1 1195/1/1 1222/1/1 1232/1/1
f 1211/1/1 1172/1/1 1226/1/1 1235/1/1
f 1217/1/1 1216/1/1 1239/1/1 1249/1/1
f 1289/1388/3 1288/1634/3 1348/1635/3 1349/1636/3
f 1277/1637/18 1266/1638/18 1290/1639/18 1291/1640/18
f 1282/1/1 1283/1/1 1304/1/1 1303/1/1
f 1259/1641/18 1263/1642/18 1288/1643/18 1286/1644/18
f 1287/1/1 1291/1/1 1311/1/1 1295/1/1
f 1269/1645/18 1278/1646/18 1331/1647/18 1324/1648/18
f 1288/1643/18 1263/1642/18 1342/1649/18 1348/1248/18
f 1301/1650/4 1302/1651/4 1335/1652/4 1334/1058/4
f 1264/1653/5 1289/1654/5 1349/1165/5 1343/1655/5
f 1261/1656/18 1277/1637/18 1291/1640/18 1287/1657/18
f 1288/1/1 1289/1/1 1309/1/1 1308/1/1
f 1266/1638/18 1259/1641/18 1286/1644/18 1290/1639/18
f 1278/1/1 1267/1/1 1299/1/1 1302/1/1
f 1322/1658/2 1321/1659/2 1336/1211/2 1337/1660/2
f 1333/1661/1 1330/1662/1 1350/951/1 1351/1663/1
f 1302/1664/18 1322/1665/18 1337/1666/18 1335/1667/18
f 1241/1/1 1238/1/1 1270/1/1 1273/1/1
f 1231/1/1 1228/1/1 1260/1/1 1263/1/1
f 1245/1/1 1234/1/1 1266/1/1 1277/1/1
f 1225/1/1 1224/1/1 1256/1/1 1257/1/1
f 1242/1/1 1225/1/1 1257/1/1 1274/1/1
f 1233/1/1 1229/1/1 1261/1/1 1265/1/1
f 1247/1/1 1237/1/1 1269/1/1 1279/1/1
f 1220/1/1 1221/1/1 1253/1/1 1252/1/1
f 1221/1/1 1236/1/1 1268/1/1 1253/1/1
f 1235/1/1 1226/1/1 1258/1/1 1267/1/1
f 1249/1/1 1239/1/1 1271/1/1 1281/1/1
f 1219/1/1 1220/1/1 1252/1/1 1251/1/1
f 1230/1/1 1248/1/1 1280/1/1 1262/1/1
f 1224/1/1 1232/1/1 1264/1/1 1256/1/1
f 1228/1/1 1230/1/1 1262/1/1 1260/1/1
f 1243/1/1 1242/1/1 1274/1/1 1275/1/1
f 1289/1/1 1284/1/1 1305/1/1 1309/1/1
f 1258/1/1 1265/1/1 1298/1/1 1294/1/1
f 1268/1/1 1273/1/1 1301/1/1 1300/1/1
f 1273/1/1 1278/1/1 1302/1/1 1301/1/1
f 1255/1668/5 1250/1669/5 1282/1670/5 1285/1671/5
f 1264/1653/5 1254/1672/5 1284/1673/5 1289/1654/5
f 1281/1674/18 1333/1675/18 1351/1104/18 1347/1676/18
f 1283/1/1 1251/1/1 1297/1/1 1304/1/1
f 1254/1672/5 1255/1668/5 1285/1671/5 1284/1673/5
f 1250/1669/5 1251/1677/5 1283/1678/5 1282/1670/5
f 1294/1679/18 1298/1680/18 1318/1681/18 1314/1682/18
f 1299/1683/18 1294/1679/18 1314/1682/18 1319/1684/18
f 1298/1680/18 1296/1685/18 1316/1686/18 1318/1681/18
f 1295/1687/3 1304/1688/3 1323/1689/3 1315/1690/3
f 1310/1691/3 1307/1692/3 1305/1693/3 1306/1694/3
f 1295/1687/3 1311/1695/3 1303/1696/3 1304/1688/3
f 1307/1692/3 1308/1663/3 1309/1697/3 1305/1693/3
f 1311/1695/3 1310/1691/3 1306/1694/3 1303/1696/3
f 1304/1698/5 1297/1699/5 1317/1700/5 1323/1701/5
f 1291/1/1 1290/1/1 1310/1/1 1311/1/1
f 1261/1/1 1287/1/1 1295/1/1 1296/1/1
f 1285/1/1 1282/1/1 1303/1/1 1306/1/1
f 1252/1/1 1253/1/1 1293/1/1 1292/1/1
f 1253/1/1 1268/1/1 1300/1/1 1293/1/1
f 1265/1/1 1261/1/1 1296/1/1 1298/1/1
f 1290/1/1 1286/1/1 1307/1/1 1310/1/1
f 1251/1/1 1252/1/1 1292/1/1 1297/1/1
f 1267/1/1 1258/1/1 1294/1/1 1299/1/1
f 1284/1/1 1285/1/1 1306/1/1 1305/1/1
f 1286/1/1 1288/1/1 1308/1/1 1307/1/1
f 1318/1702/2 1316/1699/2 1317/1703/2 1312/1704/2
f 1319/1705/2 1314/1706/2 1313/1707/2 1320/1708/2
f 1314/1706/2 1318/1702/2 1312/1704/2 1313/1707/2
f 1322/1658/2 1319/1705/2 1320/1708/2 1321/1659/2
f 1317/1703/2 1316/1699/2 1315/1698/2 1323/1709/2
f 1302/1664/18 1299/1683/18 1319/1684/18 1322/1665/18
f 1321/1710/5 1301/1658/5 1334/1660/5 1336/1711/5
f 1293/1706/5 1300/1705/5 1320/1712/5 1313/1713/5
f 1297/1699/5 1292/1702/5 1312/1714/5 1317/1700/5
f 1300/1705/5 1301/1658/5 1321/1710/5 1320/1712/5
f 1296/1685/18 1295/1715/18 1315/1716/18 1316/1686/18
f 1292/1702/5 1293/1706/5 1313/1713/5 1312/1714/5
f 1324/1717/1 1331/1718/1 1328/1719/1 1325/1720/1
f 1326/1721/1 1332/1722/1 1329/1723/1 1327/1724/1
f 1332/1722/1 1324/1717/1 1325/1720/1 1329/1723/1
f 1333/1661/1 1326/1721/1 1327/1724/1 1330/1662/1
f 1334/1725/1 1335/1726/1 1337/1634/1 1336/1388/1
f 1271/1727/18 1279/1728/18 1332/1729/18 1326/1730/18
f 1279/1728/18 1269/1645/18 1324/1648/18 1332/1729/18
f 1281/1674/18 1271/1727/18 1326/1730/18 1333/1675/18
f 1330/1731/5 1275/1732/5 1345/1733/5 1350/1734/5
f 1278/1735/2 1273/1531/2 1328/1736/2 1331/1737/2
f 1272/1738/5 1275/1732/5 1330/1731/5 1327/1739/5
f 1270/1740/5 1276/1741/5 1329/1742/5 1325/1743/5
f 1276/1741/5 1272/1738/5 1327/1739/5 1329/1742/5
f 1273/1744/5 1270/1740/5 1325/1743/5 1328/1189/5
f 1342/1745/4 1340/1746/4 1338/1747/4 1343/1748/4
f 1341/1749/4 1346/1750/4 1344/1751/4 1339/1752/4
f 1340/1746/4 1341/1749/4 1339/1752/4 1338/1747/4
f 1346/1750/4 1347/1753/4 1345/1754/4 1344/1751/4
f 1342/1745/4 1343/1748/4 1349/28/4 1348/1647/4
f 1345/1754/4 1347/1753/4 1351/1453/4 1350/1755/4
f 1263/1642/18 1260/1756/18 1340/1757/18 1342/1649/18
f 1262/1758/18 1280/1759/18 1346/1760/18 1341/1761/18
f 1260/1756/18 1262/1758/18 1341/1761/18 1340/1757/18
f 1280/1759/18 1281/1674/18 1347/1676/18 1346/1760/18
f 1274/1762/5 1257/1763/5 1339/1764/5 1344/1765/5
f 1256/1766/5 1264/1653/5 1343/1655/5 1338/1767/5
f 1275/1732/5 1274/1762/5 1344/1765/5 1345/1733/5
f 1257/1763/5 1256/1766/5 1338/1767/5 1339/1764/5
f 1352/1593/61 1357/1602/61 1168/1768/61 1210/1769/61
f 1367/1613/62 1366/1606/62 1382/1770/62 1383/1771/62
f 1362/1580/63 1368/1579/63 1384/1772/63 1378/1773/63
f 1369/1584/64 1370/1583/64 1386/1774/64 1385/1775/64
f 1370/1587/63 1371/1586/63 1387/1776/63 1386/1777/63
f 1355/1605/62 1354/1598/62 1208/1778/62 1207/1779/62
f 1358/1590/64 1359/1610/64 1166/1780/64 1167/1781/64
f 1372/1591/64 1358/1590/64 1167/1781/64 1388/1782/64
f 1354/1598/62 1353/1597/62 1209/1783/62 1208/1778/62
f 1366/1606/62 1355/1605/62 1207/1779/62 1382/1770/62
f 1368/1579/63 1367/1608/63 1383/1784/63 1384/1772/63
f 1359/1610/64 1369/1584/64 1385/1775/64 1166/1780/64
f 1371/1586/63 1362/1580/63 1378/1773/63 1387/1776/63
f 1353/1594/61 1352/1593/61 1210/1769/61 1209/1785/61
f 1357/1602/61 1356/1601/61 1169/1786/61 1168/1768/61
f 1356/1601/61 1372/1612/61 1388/1787/61 1169/1786/61
f 1382/1770/65 1207/1779/65 1363/1788/65 1398/1789/65
f 1384/1772/66 1383/1784/66 1399/1790/66 1400/1791/66
f 1166/1780/67 1385/1775/67 1401/1792/67 1360/1793/67
f 1387/1776/68 1378/1773/68 1365/1794/68 1403/1795/68
f 1167/1781/67 1166/1780/67 1360/1793/67 1361/1796/67
f 1207/1779/65 1208/1778/65 1395/1797/65 1363/1788/65
f 1169/1786/69 1388/1787/69 1404/1798/69 1393/1799/69
f 1210/1769/69 1168/1768/69 1394/1800/69 1396/1801/69
f 1383/1771/65 1382/1770/65 1398/1789/65 1399/1802/65
f 1378/1773/66 1384/1772/66 1400/1791/66 1365/1794/66
f 1385/1775/67 1386/1774/67 1402/1803/67 1401/1792/67
f 1386/1777/66 1387/1776/66 1403/1795/66 1402/1804/66
f 1168/1768/69 1169/1786/69 1393/1799/69 1394/1800/69
f 1209/1785/69 1210/1769/69 1396/1801/69 1397/1805/69
f 1388/1782/67 1167/1781/67 1361/1796/67 1404/1806/67
f 1208/1778/65 1209/1783/65 1397/1807/65 1395/1797/65
f 1365/1794/70 1400/1791/70 1412/1808/70 1409/1809/70
f 1401/1792/71 1402/1803/71 1414/1810/71 1413/1811/71
f 1402/1804/70 1403/1795/70 1415/1812/70 1414/1813/70
f 1404/1806/71 1361/1796/71 1379/1814/71 1416/1815/71
f 1395/1797/72 1397/1807/72 1391/1816/72 1390/1817/72
f 1363/1788/72 1395/1797/72 1390/1817/72 1389/1818/72
f 1398/1789/72 1363/1788/72 1389/1818/72 1410/1819/72
f 1400/1791/70 1399/1790/70 1411/1820/70 1412/1808/70
f 1361/1796/71 1360/1793/71 1377/1821/71 1379/1814/71
f 1360/1793/71 1401/1792/71 1413/1811/71 1377/1821/71
f 1403/1795/70 1365/1794/70 1409/1809/70 1415/1812/70
f 1393/1799/73 1404/1798/73 1416/1822/73 1381/1823/73
f 1397/1805/73 1396/1801/73 1392/1824/73 1391/1825/73
f 1396/1801/73 1394/1800/73 1380/1826/73 1392/1824/73
f 1399/1802/72 1398/1789/72 1410/1819/72 1411/1827/72
f 1394/1800/73 1393/1799/73 1381/1823/73 1380/1826/73
f 1377/1821/74 1413/1811/74 1425/1828/74 1364/1829/74
f 1415/1812/75 1409/1809/75 1376/1830/75 1427/1831/75
f 1380/1826/76 1381/1823/76 1417/1832/76 1418/1833/76
f 1381/1823/76 1416/1822/76 1428/1834/76 1417/1832/76
f 1391/1825/76 1392/1824/76 1420/1835/76 1421/1836/76
f 1392/1824/76 1380/1826/76 1418/1833/76 1420/1835/76
f 1411/1827/77 1410/1819/77 1422/1837/77 1423/1838/77
f 1409/1809/75 1412/1808/75 1424/1839/75 1376/1830/75
f 1413/1811/74 1414/1810/74 1426/1840/74 1425/1828/74
f 1414/1813/75 1415/1812/75 1427/1831/75 1426/1841/75
f 1379/1814/74 1377/1821/74 1364/1829/74 1373/1842/74
f 1416/1815/74 1379/1814/74 1373/1842/74 1428/1843/74
f 1389/1818/77 1390/1817/77 1419/1844/77 1374/1609/77
f 1390/1817/77 1391/1816/77 1421/1845/77 1419/1844/77
f 1410/1819/77 1389/1818/77 1374/1609/77 1422/1837/77
f 1412/1808/75 1411/1820/75 1423/1846/75 1424/1839/75
f 1431/1847/4 1406/1848/4 1433/1849/4 1440/1850/4
f 1431/1851/5 1373/1852/5 1364/1853/5 1406/1854/5
f 1430/1855/5 1405/1856/5 1376/1857/5 1424/1858/5
f 1429/1859/5 1425/1860/5 1426/1861/5 1427/1862/5
f 1405/1856/5 1429/1859/5 1427/1862/5 1376/1857/5
f 1408/1863/3 1431/1864/3 1440/1865/3 1435/1866/3
f 1406/1854/5 1364/1853/5 1425/1860/5 1429/1859/5
f 1422/1867/5 1430/1855/5 1424/1858/5 1423/1868/5
f 1374/1869/5 1375/1870/5 1430/1855/5 1422/1867/5
f 1375/1871/2 1432/1872/2 1441/1873/2 1437/1874/2
f 1432/1875/3 1408/1863/3 1435/1866/3 1441/1876/3
f 1418/1877/5 1417/1878/5 1431/1851/5 1408/1879/5
f 1417/1878/5 1428/1880/5 1373/1852/5 1431/1851/5
f 1419/1881/5 1432/1882/5 1375/1870/5 1374/1869/5
f 1421/1883/5 1420/1884/5 1432/1882/5 1419/1881/5
f 1420/1884/5 1418/1877/5 1408/1879/5 1432/1882/5
f 1440/1850/78 1433/1849/78 1407/1885/78 1448/1886/78
f 1435/1866/79 1440/1865/79 1448/1887/79 1443/1888/79
f 1437/1874/80 1441/1873/80 1449/1889/80 1445/1890/80
f 1441/1876/79 1435/1866/79 1443/1888/79 1449/1883/79
f 1405/1891/1 1430/1892/1 1439/1893/1 1436/1894/1
f 1430/1895/2 1375/1871/2 1437/1874/2 1439/1896/2
f 1429/1897/1 1405/1891/1 1436/1894/1 1438/1898/1
f 1406/1848/4 1429/1899/4 1438/1900/4 1433/1849/4
f 1448/1901/81 1407/1902/81 1434/1903/81 1456/1904/81
f 1443/1905/82 1448/1901/82 1456/1904/82 1451/1906/82
f 1445/1907/83 1449/1636/83 1457/1908/83 1453/1909/83
f 1449/1636/82 1443/1905/82 1451/1906/82 1457/1908/82
f 1436/1894/84 1439/1893/84 1447/1910/84 1444/1911/84
f 1439/1896/80 1437/1874/80 1445/1890/80 1447/1912/80
f 1438/1898/84 1436/1894/84 1444/1911/84 1446/1887/84
f 1433/1849/78 1438/1900/78 1446/1913/78 1407/1885/78
f 1456/1914/85 1434/1915/85 1442/1916/85 1463/1917/85
f 1451/1918/86 1456/1919/86 1463/1920/86 1458/1921/86
f 1453/1922/87 1457/1923/87 1464/1924/87 1460/1925/87
f 1457/1926/86 1451/1918/86 1458/1921/86 1464/1927/86
f 1444/1928/88 1447/1929/88 1455/1930/88 1452/1931/88
f 1447/1929/83 1445/1907/83 1453/1909/83 1455/1930/83
f 1446/1932/89 1444/1928/89 1452/1931/89 1454/1933/89
f 1407/1902/81 1446/1932/81 1454/1933/81 1434/1903/81
f 1463/1917/90 1442/1916/90 1450/1934/90 1471/1935/90
f 1458/1921/91 1463/1920/91 1471/1936/91 1466/1937/91
f 1460/1925/92 1464/1924/92 1472/1938/92 1468/1939/92
f 1464/1927/91 1458/1921/91 1466/1937/91 1472/1940/91
f 1452/1934/93 1455/1941/93 1462/1942/93 1459/1943/93
f 1455/1944/87 1453/1922/87 1460/1925/87 1462/1945/87
f 1454/1946/93 1452/1934/93 1459/1943/93 1461/1947/93
f 1434/1915/85 1454/1948/85 1461/1949/85 1442/1916/85
f 1472/1950/5 1466/1951/5 1465/1952/5 1468/1953/5
f 1465/1952/94 1450/1954/94 1469/1955/94 1467/1956/94
f 1468/1953/95 1465/1952/95 1467/1956/95 1470/1483/95
f 1466/1951/5 1471/1957/5 1450/1954/5 1465/1952/5
f 1459/1943/96 1462/1942/96 1470/1958/96 1467/1918/96
f 1462/1945/92 1460/1925/92 1468/1939/92 1470/1959/92
f 1461/1947/96 1459/1943/96 1467/1918/96 1469/1960/96
f 1442/1916/90 1461/1949/90 1469/1961/90 1450/1934/90
