# Blender v2.75 (sub 0) OBJ File: 'minisalar.blend'
# www.blender.org
mtllib salar.mtl
o Grid.001
v -1.989820 -0.034732 1.990123
v -1.547638 -0.027014 1.990123
v -1.105494 -0.018263 1.990141
v -0.663291 -0.011047 1.990157
v -0.221684 0.007164 1.992034
v 0.221068 0.007911 1.990379
v 0.663305 0.018225 1.990853
v 1.105456 0.019296 1.990123
v 1.547638 0.027014 1.990123
v 1.989820 0.034732 1.990123
v -1.989820 -0.034732 1.547874
v -1.555171 0.079551 1.550587
v -1.105430 0.203011 1.539800
v -0.667722 0.167629 1.566330
v -0.227584 0.181265 1.557408
v 0.219548 0.141169 1.544543
v 0.664874 0.102320 1.547291
v 1.105342 0.026335 1.547916
v 1.552454 0.109057 1.553704
v 1.989820 0.034732 1.547874
v -1.989820 -0.034732 1.105624
v -1.586006 0.238628 1.113130
v -1.101724 0.128793 1.088785
v -0.664371 0.032827 1.100965
v -0.221214 0.007195 1.104847
v 0.221034 0.007813 1.105574
v 0.663152 0.017980 1.105613
v 1.101140 0.076830 1.102797
v 1.548340 0.071615 1.105844
v 1.991441 0.048602 1.105643
v -1.990011 -0.033995 0.663401
v -1.554067 0.121932 0.660717
v -1.105480 -0.013014 0.663401
v -0.663273 -0.011577 0.663374
v -0.221091 -0.003859 0.663374
v 0.221091 0.003859 0.663374
v 0.601451 0.163513 0.666413
v 0.996959 0.592360 0.615339
v 1.546748 0.087040 0.663193
v 1.997639 0.093449 0.664560
v -1.989820 -0.034732 0.221125
v -1.570888 0.162769 0.210814
v -1.106851 0.066734 0.218360
v -0.663688 0.012165 0.221125
v -0.221091 -0.003859 0.221125
v 0.221091 0.003859 0.221125
v 0.641926 0.091476 0.208391
v 1.082286 0.259822 0.143245
v 1.547388 0.169718 0.219813
v 1.994943 0.076800 0.222044
v -1.989820 -0.034732 -0.221125
v -1.594829 0.217970 -0.220054
v -1.107133 0.098528 -0.221111
v -0.663549 0.005896 -0.221138
v -0.221091 -0.003859 -0.221125
v 0.221091 0.003859 -0.221125
v 0.663274 0.011577 -0.221125
v 1.105456 0.019299 -0.221125
v 1.539911 0.221111 -0.223507
v 1.990059 0.040379 -0.221265
v -1.989820 -0.034732 -0.663374
v -1.552796 0.045680 -0.667441
v -1.106083 0.012562 -0.663349
v -0.663273 -0.011577 -0.663374
v -0.221091 -0.003859 -0.663374
v 0.221091 0.003859 -0.663374
v 0.663274 0.011577 -0.663374
v 1.104174 0.051157 -0.663700
v 1.536904 0.300262 -0.677906
v 1.989820 0.034732 -0.663374
v -1.989820 -0.034727 -1.105624
v -1.551284 0.070888 -1.109317
v -1.106066 0.014604 -1.105531
v -0.663678 0.011589 -1.105624
v -0.221931 0.044260 -1.105624
v 0.220706 0.025933 -1.105624
v 0.653377 0.120211 -1.095225
v 1.103353 0.195743 -1.090098
v 1.545693 0.110348 -1.105107
v 1.989801 0.036390 -1.105634
v -1.989900 -0.030253 -1.547890
v -1.548862 0.062125 -1.548798
v -1.103275 0.174986 -1.555944
v -0.665906 0.177974 -1.541877
v -0.228973 0.143364 -1.540194
v 0.219743 0.082301 -1.548890
v 0.647919 0.214138 -1.543320
v 1.104705 0.087289 -1.548195
v 1.547345 0.045181 -1.548061
v 1.987876 0.150598 -1.547941
v -1.989820 -0.034732 -1.990123
v -1.547638 -0.027007 -1.990123
v -1.105456 -0.019296 -1.990123
v -0.663273 -0.011570 -1.990123
v -0.221082 0.008965 -1.990296
v 0.220154 0.060831 -1.990327
v 0.662444 0.059255 -1.990135
v 1.105185 0.034799 -1.990123
v 1.546653 0.083421 -1.990123
v 1.989819 0.034778 -1.990123
v -1.989820 -0.034732 1.636324
v -1.989820 -0.034732 1.724774
v -1.989820 -0.034732 1.813223
v -1.989820 -0.034732 1.901673
v -1.901384 -0.033189 1.990123
v -1.812947 -0.031645 1.990123
v -1.724511 -0.030101 1.990123
v -1.636074 -0.028558 1.990123
v -1.547638 -0.027010 1.901673
v -1.547778 -0.018981 1.813223
v -1.548408 0.012638 1.724811
v -1.550075 0.041180 1.636940
v -1.639728 0.025309 1.549045
v -1.726210 -0.006082 1.548383
v -1.813439 -0.024560 1.548015
v -1.901410 -0.032751 1.547881
v -1.459202 -0.025470 1.990123
v -1.370765 -0.023927 1.990123
v -1.282329 -0.022364 1.990123
v -1.193899 -0.020574 1.990125
v -1.107075 0.021759 1.902498
v -1.109321 0.072514 1.815159
v -1.108273 0.105418 1.722529
v -1.105770 0.157499 1.628878
v -1.188362 0.219297 1.535791
v -1.280556 0.222857 1.539356
v -1.379261 0.199344 1.547350
v -1.473609 0.144831 1.553164
v -1.017143 -0.015437 1.990214
v -0.928825 -0.012626 1.990363
v -0.840275 -0.012876 1.990267
v -0.751729 -0.012705 1.990144
v -0.663489 -0.004216 1.901927
v -0.663882 0.011960 1.814504
v -0.664611 0.048439 1.730410
v -0.666229 0.116790 1.652264
v -0.754090 0.154965 1.563792
v -0.841590 0.135552 1.560085
v -0.933244 0.147379 1.554988
v -1.022480 0.179105 1.547132
v -0.574909 -0.008401 1.990319
v -0.486668 -0.003250 1.990908
v -0.398539 0.003528 1.991810
v -0.310215 0.006615 1.992143
v -0.223827 0.047895 1.909688
v -0.225923 0.089819 1.825567
v -0.229298 0.155495 1.744976
v -0.230614 0.191954 1.658980
v -0.316762 0.171938 1.560453
v -0.405031 0.169150 1.563016
v -0.493131 0.168161 1.565715
v -0.580842 0.169611 1.567229
v -0.133127 0.009056 1.992128
v -0.044554 0.011927 1.992381
v 0.044059 0.012348 1.992061
v 0.132584 0.007900 1.990620
v 0.220807 0.023817 1.902220
v 0.220339 0.048078 1.813427
v 0.219778 0.080177 1.724841
v 0.219481 0.110049 1.635542
v 0.130960 0.150656 1.544520
v 0.042035 0.161624 1.546594
v -0.047738 0.177223 1.550767
v -0.137859 0.185018 1.554583
v 0.309640 0.015977 1.991496
v 0.398199 0.029234 1.993190
v 0.486553 0.033277 1.993296
v 0.574903 0.027173 1.992145
v 0.663457 0.044624 1.905078
v 0.663390 0.051103 1.816190
v 0.663267 0.051959 1.724836
v 0.664100 0.080949 1.636083
v 0.575517 0.097394 1.547555
v 0.485965 0.093767 1.547355
v 0.396805 0.101890 1.546532
v 0.308199 0.118666 1.545457
v 0.751713 0.014234 1.990230
v 0.840146 0.014787 1.990130
v 0.928583 0.016213 1.990123
v 1.017019 0.017752 1.990123
v 1.105460 0.020241 1.901689
v 1.104846 0.066200 1.814163
v 1.103572 0.082977 1.726119
v 1.104323 0.046032 1.636899
v 1.017257 0.031973 1.547665
v 0.929520 0.057374 1.547281
v 0.842167 0.088933 1.546961
v 0.753914 0.100780 1.547013
v 1.193892 0.020839 1.990123
v 1.282329 0.022383 1.990123
v 1.370765 0.023927 1.990123
v 1.459202 0.025470 1.990123
v 1.547638 0.027014 1.901673
v 1.547638 0.027031 1.813225
v 1.547739 0.035378 1.725438
v 1.549134 0.066235 1.639314
v 1.461734 0.111915 1.553028
v 1.370849 0.089875 1.551434
v 1.281018 0.062331 1.550202
v 1.193232 0.035558 1.548515
v 1.636074 0.028558 1.990123
v 1.724511 0.030101 1.990123
v 1.812947 0.031645 1.990123
v 1.901384 0.033189 1.990123
v 1.989820 0.034732 1.901673
v 1.989820 0.034732 1.813223
v 1.989820 0.034732 1.724774
v 1.989820 0.034732 1.636324
v 1.901384 0.033189 1.547874
v 1.812947 0.031645 1.547874
v 1.724511 0.030103 1.547874
v 1.637871 0.047617 1.549042
v -1.989820 -0.034732 1.194074
v -1.989820 -0.034732 1.282524
v -1.989820 -0.034732 1.370974
v -1.989820 -0.034732 1.459424
v -1.564384 0.123470 1.464888
v -1.575366 0.174189 1.379137
v -1.588207 0.233357 1.293685
v -1.588155 0.237223 1.203476
v -1.668846 0.163707 1.112535
v -1.742675 0.075027 1.109287
v -1.820138 0.010377 1.106943
v -1.902611 -0.026026 1.105855
v -1.098061 0.256928 1.452040
v -1.093113 0.267600 1.353832
v -1.093373 0.235677 1.243447
v -1.095200 0.200047 1.161435
v -1.186375 0.200329 1.088858
v -1.276279 0.278114 1.090231
v -1.380598 0.303910 1.098993
v -1.487357 0.281472 1.108112
v -0.668990 0.194721 1.462154
v -0.669827 0.216138 1.360782
v -0.668517 0.180641 1.267884
v -0.666234 0.110094 1.182710
v -0.753341 0.041331 1.099782
v -0.842142 0.048279 1.098448
v -0.930254 0.056122 1.096429
v -1.016782 0.081910 1.092004
v -0.223612 0.160626 1.452448
v -0.223024 0.150700 1.361304
v -0.222332 0.105597 1.274447
v -0.221619 0.044372 1.190433
v -0.309659 0.008553 1.104493
v -0.398126 0.011300 1.104005
v -0.486650 0.015565 1.103339
v -0.575364 0.022629 1.102310
v 0.219741 0.150355 1.454561
v 0.220095 0.130819 1.366002
v 0.220514 0.080503 1.279384
v 0.220832 0.031891 1.193115
v 0.132594 0.007034 1.105519
v 0.044140 0.007011 1.105415
v -0.044320 0.007046 1.105271
v -0.132772 0.006932 1.105090
v 0.665383 0.112582 1.458517
v 0.665232 0.103497 1.369974
v 0.664480 0.076319 1.281719
v 0.663580 0.039843 1.193728
v 0.574751 0.014747 1.105625
v 0.486325 0.012827 1.105624
v 0.397899 0.010747 1.105621
v 0.309469 0.009057 1.105607
v 1.105812 0.027362 1.459234
v 1.107142 0.043387 1.370347
v 1.107743 0.055747 1.281646
v 1.105804 0.054092 1.192743
v 1.014903 0.049872 1.103813
v 0.928617 0.025840 1.105304
v 0.840426 0.024866 1.105355
v 0.751821 0.022074 1.105466
v 1.557575 0.149203 1.467071
v 1.560673 0.150911 1.377592
v 1.559902 0.132760 1.287459
v 1.552464 0.087303 1.195538
v 1.457374 0.121210 1.105528
v 1.368584 0.118625 1.105325
v 1.280093 0.081303 1.105049
v 1.190106 0.081236 1.103641
v 1.989820 0.034732 1.459424
v 1.989820 0.034732 1.370974
v 1.989844 0.034938 1.282524
v 1.990217 0.038149 1.194075
v 1.903193 0.048676 1.105653
v 1.814759 0.068188 1.105788
v 1.727723 0.085205 1.106213
v 1.642446 0.073639 1.106781
v -1.990034 -0.033860 0.751864
v -1.989928 -0.034261 0.840298
v -1.989836 -0.034658 0.928728
v -1.989820 -0.034731 1.017174
v -1.581765 0.235668 1.022433
v -1.569159 0.205973 0.930261
v -1.560466 0.171811 0.839839
v -1.556048 0.139855 0.750317
v -1.648877 0.098291 0.660848
v -1.742932 0.077197 0.662949
v -1.828742 0.038018 0.664517
v -1.909224 -0.002633 0.664331
v -1.102728 0.070361 1.010405
v -1.103011 0.023299 0.927179
v -1.103972 -0.004069 0.840228
v -1.104927 -0.014894 0.751933
v -1.192843 0.006614 0.663782
v -1.278705 0.051875 0.664628
v -1.366787 0.082918 0.664594
v -1.459471 0.110031 0.662628
v -0.663383 -0.008226 1.016826
v -0.663273 -0.011577 0.928724
v -0.663273 -0.011577 0.840274
v -0.663273 -0.011577 0.751824
v -0.751710 -0.013121 0.663374
v -0.840148 -0.014590 0.663374
v -0.928596 -0.015461 0.663374
v -1.017061 -0.015389 0.663374
v -0.221094 -0.003612 1.017162
v -0.221091 -0.003859 0.928724
v -0.221091 -0.003859 0.840274
v -0.221091 -0.003859 0.751824
v -0.309528 -0.005403 0.663374
v -0.397964 -0.006946 0.663374
v -0.486400 -0.008490 0.663374
v -0.574837 -0.010034 0.663374
v 0.221090 0.003928 1.017174
v 0.221091 0.003859 0.928724
v 0.221091 0.003859 0.840274
v 0.221091 0.003859 0.751824
v 0.132655 0.002315 0.663374
v 0.044218 0.000772 0.663374
v -0.044218 -0.000772 0.663374
v -0.132655 -0.002315 0.663374
v 0.658734 0.034726 1.018688
v 0.645273 0.092768 0.934229
v 0.628498 0.148619 0.848960
v 0.611647 0.164314 0.758736
v 0.549370 0.082684 0.665565
v 0.485410 0.011552 0.663497
v 0.397964 0.006946 0.663374
v 0.309528 0.005403 0.663374
v 1.090615 0.172471 1.014509
v 1.060120 0.336698 0.929104
v 1.022618 0.500803 0.830365
v 1.002052 0.576708 0.724923
v 0.905311 0.556690 0.614504
v 0.826099 0.440845 0.618471
v 0.752410 0.252877 0.635700
v 0.669407 0.201662 0.663388
v 1.546879 0.067962 1.017119
v 1.546820 0.063816 0.928599
v 1.546687 0.071113 0.840122
v 1.546639 0.078220 0.751692
v 1.454674 0.168427 0.660219
v 1.355384 0.270567 0.649516
v 1.240970 0.415127 0.624231
v 1.108339 0.553686 0.614557
v 1.992902 0.060517 1.017308
v 1.994835 0.075317 0.929172
v 1.996672 0.088866 0.841107
v 1.997540 0.094489 0.752892
v 1.910749 0.105341 0.664756
v 1.823205 0.133489 0.665201
v 1.732138 0.106430 0.664658
v 1.638344 0.047825 0.663620
v -1.989820 -0.034732 0.309575
v -1.989820 -0.034732 0.398025
v -1.989820 -0.034732 0.486475
v -1.989854 -0.034611 0.574928
v -1.551446 0.142005 0.570203
v -1.549870 0.158908 0.481349
v -1.552629 0.158963 0.392767
v -1.558631 0.159562 0.303493
v -1.661830 0.144682 0.212840
v -1.734429 0.061792 0.216622
v -1.813841 -0.005872 0.220713
v -1.901391 -0.032796 0.221125
v -1.105888 0.005544 0.574925
v -1.106138 0.019594 0.486467
v -1.106414 0.027070 0.397711
v -1.106862 0.047679 0.308079
v -1.196542 0.089862 0.217124
v -1.285686 0.093623 0.216569
v -1.374926 0.085303 0.214819
v -1.468864 0.112185 0.208509
v -0.663273 -0.011577 0.574924
v -0.663277 -0.011363 0.486475
v -0.663335 -0.008022 0.398025
v -0.663493 0.000988 0.309575
v -0.752607 0.038254 0.221125
v -0.841241 0.048080 0.221125
v -0.929526 0.039303 0.221108
v -1.017545 0.030474 0.220407
v -0.221091 -0.003859 0.574924
v -0.221091 -0.003859 0.486475
v -0.221091 -0.003859 0.398025
v -0.221091 -0.003859 0.309575
v -0.309528 -0.005403 0.221125
v -0.397964 -0.006946 0.221125
v -0.486400 -0.008490 0.221125
v -0.574881 -0.007511 0.221125
v 0.221091 0.003859 0.574924
v 0.221091 0.003859 0.486475
v 0.221091 0.003859 0.398025
v 0.221091 0.003859 0.309575
v 0.132655 0.002315 0.221125
v 0.044218 0.000772 0.221125
v -0.044218 -0.000772 0.221125
v -0.132655 -0.002315 0.221125
v 0.603661 0.153343 0.573721
v 0.614412 0.137596 0.480025
v 0.625244 0.127838 0.385170
v 0.632664 0.117608 0.294655
v 0.571623 0.022061 0.219271
v 0.486400 0.008491 0.221125
v 0.397964 0.006946 0.221125
v 0.309528 0.005403 0.221125
v 1.010969 0.559114 0.504442
v 1.041408 0.468575 0.399673
v 1.063217 0.364777 0.316017
v 1.077500 0.289763 0.235137
v 0.986835 0.203319 0.165086
v 0.890173 0.182994 0.177389
v 0.800685 0.169979 0.190012
v 0.716763 0.145381 0.198835
v 1.546792 0.119281 0.574023
v 1.546927 0.151143 0.484362
v 1.547776 0.157879 0.395059
v 1.547895 0.162102 0.306883
v 1.453807 0.160825 0.212974
v 1.359454 0.153533 0.199166
v 1.269210 0.229107 0.162909
v 1.175992 0.273130 0.141232
v 1.997435 0.090853 0.576110
v 1.997199 0.088726 0.487612
v 1.996767 0.085829 0.399124
v 1.996057 0.082210 0.310685
v 1.910570 0.122155 0.222579
v 1.824447 0.156271 0.222549
v 1.734866 0.139675 0.221924
v 1.642268 0.156752 0.221339
v -1.989820 -0.034732 -0.132675
v -1.989820 -0.034732 -0.044225
v -1.989820 -0.034732 0.044225
v -1.989820 -0.034732 0.132675
v -1.581378 0.167356 0.120208
v -1.587316 0.162333 0.034304
v -1.591171 0.158506 -0.047961
v -1.592576 0.177449 -0.130016
v -1.662465 0.116485 -0.222007
v -1.737541 0.052373 -0.222732
v -1.818515 0.008402 -0.222478
v -1.901771 -0.030495 -0.221212
v -1.106858 0.083087 0.129321
v -1.106425 0.100054 0.041019
v -1.106343 0.112802 -0.046232
v -1.106367 0.110547 -0.133193
v -1.199928 0.194993 -0.222884
v -1.303661 0.327339 -0.225363
v -1.415913 0.356452 -0.226177
v -1.513854 0.313328 -0.223577
v -0.663797 0.018393 0.132675
v -0.663820 0.019742 0.044225
v -0.663784 0.017710 -0.044226
v -0.663681 0.012769 -0.132684
v -0.751872 0.049902 -0.221562
v -0.839763 0.081366 -0.222020
v -0.927195 0.085794 -0.222033
v -1.015192 0.072466 -0.221515
v -0.221091 -0.003859 0.132675
v -0.221091 -0.003859 0.044225
v -0.221091 -0.003859 -0.044225
v -0.221091 -0.003859 -0.132675
v -0.309528 -0.005403 -0.221125
v -0.397964 -0.006946 -0.221125
v -0.486400 -0.008490 -0.221125
v -0.574860 -0.008693 -0.221125
v 0.221091 0.003859 0.132675
v 0.221091 0.003859 0.044225
v 0.221091 0.003859 -0.044225
v 0.221091 0.003859 -0.132675
v 0.132655 0.002315 -0.221125
v 0.044218 0.000772 -0.221125
v -0.044218 -0.000772 -0.221125
v -0.132655 -0.002315 -0.221125
v 0.656074 0.038937 0.127731
v 0.662950 0.012826 0.043988
v 0.663274 0.011577 -0.044225
v 0.663274 0.011577 -0.132675
v 0.574837 0.010034 -0.221125
v 0.486401 0.008490 -0.221125
v 0.397964 0.006946 -0.221125
v 0.309528 0.005403 -0.221125
v 1.077030 0.244522 0.052455
v 1.076732 0.187347 -0.016757
v 1.088021 0.106517 -0.074883
v 1.103366 0.029454 -0.135984
v 1.017019 0.017752 -0.221125
v 0.928583 0.016208 -0.221125
v 0.840146 0.014665 -0.221125
v 0.751710 0.013121 -0.221125
v 1.545874 0.187599 0.132815
v 1.544377 0.218588 0.044801
v 1.544169 0.224634 -0.043878
v 1.543794 0.222719 -0.133447
v 1.445652 0.183020 -0.223047
v 1.359967 0.123434 -0.222522
v 1.278564 0.060010 -0.221931
v 1.193582 0.024825 -0.221231
v 1.993478 0.068973 0.133195
v 1.992039 0.059933 0.044343
v 1.990989 0.051575 -0.044344
v 1.990382 0.045136 -0.132854
v 1.903566 0.069507 -0.221948
v 1.818790 0.118592 -0.223035
v 1.728017 0.126180 -0.223520
v 1.635777 0.190958 -0.223520
v -1.989820 -0.034732 -0.574925
v -1.989820 -0.034732 -0.486475
v -1.989820 -0.034732 -0.398025
v -1.989820 -0.034732 -0.309575
v -1.591889 0.234258 -0.319355
v -1.578691 0.192163 -0.416099
v -1.565139 0.121231 -0.503526
v -1.556367 0.069528 -0.584860
v -1.642003 0.040260 -0.664697
v -1.731079 0.040196 -0.663148
v -1.817433 0.017824 -0.662994
v -1.901624 -0.029888 -0.663344
v -1.107336 0.091303 -0.309766
v -1.107466 0.071243 -0.398055
v -1.107234 0.043811 -0.486224
v -1.106703 0.029327 -0.574759
v -1.194540 0.009140 -0.663471
v -1.283435 0.016527 -0.664848
v -1.373135 0.044608 -0.666671
v -1.463670 0.056768 -0.670088
v -0.663431 -0.002289 -0.309577
v -0.663342 -0.007650 -0.398025
v -0.663292 -0.010499 -0.486475
v -0.663275 -0.011481 -0.574925
v -0.751734 -0.011747 -0.663374
v -0.840327 -0.004304 -0.663374
v -0.929018 0.008734 -0.663374
v -1.017594 0.014333 -0.663370
v -0.221091 -0.003859 -0.309575
v -0.221091 -0.003859 -0.398025
v -0.221091 -0.003859 -0.486475
v -0.221091 -0.003859 -0.574925
v -0.309528 -0.005403 -0.663374
v -0.397964 -0.006946 -0.663374
v -0.486400 -0.008490 -0.663374
v -0.574837 -0.010034 -0.663374
v 0.221091 0.003859 -0.309575
v 0.221091 0.003859 -0.398025
v 0.221091 0.003859 -0.486475
v 0.221091 0.003859 -0.574925
v 0.132655 0.002315 -0.663374
v 0.044218 0.000772 -0.663374
v -0.044218 -0.000772 -0.663374
v -0.132655 -0.002315 -0.663374
v 0.663274 0.011577 -0.309575
v 0.663274 0.011577 -0.398025
v 0.663274 0.011577 -0.486475
v 0.663274 0.011577 -0.574925
v 0.574837 0.010034 -0.663374
v 0.486401 0.008490 -0.663374
v 0.397964 0.006946 -0.663374
v 0.309528 0.005403 -0.663374
v 1.105428 0.019624 -0.309582
v 1.105222 0.022235 -0.398079
v 1.104834 0.028672 -0.486630
v 1.104428 0.039128 -0.575204
v 1.016832 0.023122 -0.663420
v 0.928582 0.016233 -0.663375
v 0.840146 0.014665 -0.663374
v 0.751710 0.013121 -0.663374
v 1.533921 0.239154 -0.312946
v 1.529214 0.298189 -0.401788
v 1.529642 0.335596 -0.494130
v 1.534497 0.326908 -0.588639
v 1.412754 0.383845 -0.694535
v 1.321624 0.317581 -0.690377
v 1.269838 0.134729 -0.665684
v 1.188622 0.090490 -0.664319
v 1.989901 0.037168 -0.309652
v 1.989838 0.035397 -0.398050
v 1.989822 0.034793 -0.486477
v 1.989820 0.034732 -0.574925
v 1.901386 0.033218 -0.663376
v 1.813705 0.044997 -0.664201
v 1.726395 0.098783 -0.667196
v 1.636169 0.215797 -0.672142
v -1.989820 -0.034732 -1.017174
v -1.989820 -0.034732 -0.928724
v -1.989820 -0.034732 -0.840274
v -1.989820 -0.034732 -0.751824
v -1.551705 0.036548 -0.752797
v -1.551681 0.038051 -0.840242
v -1.551674 0.046486 -0.928827
v -1.551454 0.058078 -1.018463
v -1.641170 0.069459 -1.108793
v -1.730135 0.067364 -1.107754
v -1.817682 0.052287 -1.106476
v -1.902588 -0.011588 -1.105809
v -1.105966 0.009876 -0.751824
v -1.105910 0.006753 -0.840274
v -1.105760 -0.001806 -0.928709
v -1.105700 -0.005115 -1.017097
v -1.196477 0.085571 -1.104489
v -1.285361 0.093041 -1.105338
v -1.373957 0.087275 -1.107323
v -1.462318 0.079624 -1.109212
v -0.663273 -0.011577 -0.751824
v -0.663273 -0.011577 -0.840274
v -0.663309 -0.009555 -0.928724
v -0.663512 0.002094 -1.017174
v -0.752159 0.012611 -1.105624
v -0.840534 0.007561 -1.105624
v -0.928994 0.007364 -1.105624
v -1.017388 0.003370 -1.105624
v -0.221091 -0.003859 -0.751824
v -0.221091 -0.003859 -0.840274
v -0.221127 -0.001823 -0.928724
v -0.221413 0.014603 -1.017174
v -0.310468 0.048454 -1.105624
v -0.398805 0.041230 -1.105624
v -0.487096 0.031355 -1.105624
v -0.575377 0.020895 -1.105624
v 0.221091 0.003859 -0.751824
v 0.221091 0.003859 -0.840274
v 0.221091 0.003859 -0.928724
v 0.221053 0.006038 -1.017174
v 0.132305 0.022327 -1.105624
v 0.043857 0.021488 -1.105624
v -0.044640 0.023374 -1.105624
v -0.133259 0.032329 -1.105624
v 0.663273 0.011600 -0.751824
v 0.663223 0.014469 -0.840274
v 0.662800 0.030179 -0.928536
v 0.659650 0.066963 -1.013725
v 0.568624 0.096273 -1.098952
v 0.483695 0.063554 -1.102901
v 0.397131 0.040192 -1.105191
v 0.309075 0.031207 -1.105620
v 1.103966 0.062291 -0.752088
v 1.103893 0.076018 -0.840346
v 1.104221 0.090860 -0.928297
v 1.104804 0.115495 -1.012121
v 1.008113 0.226966 -1.083225
v 0.914345 0.218334 -1.082260
v 0.824793 0.180491 -1.086277
v 0.738608 0.143728 -1.091241
v 1.543204 0.233115 -0.759365
v 1.545336 0.178059 -0.842935
v 1.545535 0.147662 -0.928704
v 1.545553 0.126270 -1.016163
v 1.456654 0.116246 -1.101937
v 1.370128 0.148443 -1.097394
v 1.285198 0.166219 -1.094393
v 1.197534 0.168580 -1.094056
v 1.989820 0.034732 -0.751824
v 1.989820 0.034786 -0.840275
v 1.989818 0.035254 -0.928734
v 1.989813 0.035799 -1.017188
v 1.901248 0.048330 -1.105792
v 1.812509 0.082181 -1.106276
v 1.723836 0.106627 -1.106670
v 1.635028 0.121623 -1.106517
v -1.989854 -0.032796 -1.459426
v -1.989825 -0.034485 -1.370974
v -1.989828 -0.034259 -1.282524
v -1.989820 -0.034726 -1.194074
v -1.550993 0.087069 -1.200997
v -1.550057 0.093248 -1.291017
v -1.548762 0.084218 -1.377662
v -1.548329 0.068040 -1.462188
v -1.636542 0.019541 -1.548555
v -1.725276 0.042271 -1.549423
v -1.814393 0.065413 -1.549863
v -1.902284 0.018784 -1.548825
v -1.106662 0.049217 -1.194576
v -1.106347 0.056729 -1.284864
v -1.103372 0.112420 -1.379187
v -1.101524 0.171761 -1.467033
v -1.191306 0.134224 -1.558381
v -1.279547 0.084667 -1.556158
v -1.369946 0.074714 -1.552498
v -1.460217 0.083435 -1.550109
v -0.663717 0.013850 -1.194074
v -0.663599 0.007368 -1.282499
v -0.663904 0.032167 -1.368350
v -0.664262 0.149182 -1.452559
v -0.745718 0.198804 -1.538858
v -0.829954 0.206582 -1.536799
v -0.919842 0.207087 -1.541702
v -1.012169 0.201891 -1.549296
v -0.222126 0.055433 -1.194074
v -0.222104 0.048214 -1.282274
v -0.225399 0.066799 -1.363859
v -0.231268 0.123567 -1.444240
v -0.322495 0.148165 -1.536198
v -0.413182 0.146740 -1.535991
v -0.500638 0.148395 -1.538640
v -0.584838 0.158530 -1.541409
v 0.220252 0.050375 -1.194034
v 0.219011 0.071374 -1.280792
v 0.218147 0.079903 -1.366649
v 0.219040 0.069938 -1.456446
v 0.131530 0.091254 -1.547956
v 0.043622 0.105078 -1.547903
v -0.044981 0.118818 -1.547444
v -0.135511 0.129990 -1.545282
v 0.633972 0.192940 -1.171826
v 0.607800 0.273201 -1.250135
v 0.619280 0.288279 -1.351911
v 0.635183 0.264060 -1.450420
v 0.561500 0.187550 -1.542865
v 0.478892 0.151780 -1.545012
v 0.394899 0.115725 -1.547655
v 0.308093 0.086180 -1.549416
v 1.102192 0.269893 -1.175069
v 1.101563 0.295799 -1.268934
v 1.101740 0.262363 -1.364100
v 1.103270 0.164677 -1.457677
v 1.015996 0.118114 -1.547538
v 0.924217 0.194589 -1.545779
v 0.831578 0.230706 -1.546374
v 0.738649 0.231214 -1.545278
v 1.546162 0.109460 -1.194613
v 1.546245 0.115146 -1.283610
v 1.546495 0.100629 -1.372058
v 1.546918 0.073735 -1.460140
v 1.458893 0.046202 -1.548152
v 1.370453 0.047769 -1.548319
v 1.281954 0.055780 -1.548566
v 1.193337 0.072118 -1.548475
v 1.989610 0.049138 -1.194107
v 1.989049 0.084878 -1.282607
v 1.988425 0.122888 -1.371090
v 1.987960 0.149250 -1.459539
v 1.899023 0.174188 -1.547961
v 1.810845 0.156825 -1.547950
v 1.723280 0.102768 -1.547943
v 1.635650 0.053518 -1.547986
v -1.989820 -0.034732 -1.901673
v -1.989820 -0.034732 -1.813223
v -1.989821 -0.034694 -1.724774
v -1.989853 -0.032913 -1.636344
v -1.548927 0.042094 -1.636666
v -1.548287 0.007402 -1.724892
v -1.548101 0.001678 -1.813286
v -1.547751 -0.020201 -1.901681
v -1.636076 -0.028457 -1.990123
v -1.724511 -0.030101 -1.990123
v -1.812947 -0.031645 -1.990123
v -1.901384 -0.033189 -1.990123
v -1.105656 0.138332 -1.644422
v -1.105597 0.008265 -1.726177
v -1.105491 -0.015389 -1.813408
v -1.105463 -0.018872 -1.901690
v -1.193892 -0.020839 -1.990123
v -1.282329 -0.022383 -1.990123
v -1.370765 -0.023927 -1.990123
v -1.459202 -0.025470 -1.990123
v -0.667182 0.146390 -1.634844
v -0.664158 0.030492 -1.724806
v -0.663321 -0.008990 -1.813228
v -0.663281 -0.011047 -1.901677
v -0.751710 -0.013119 -1.990123
v -0.840146 -0.014664 -1.990123
v -0.928583 -0.016208 -1.990123
v -1.017019 -0.017752 -1.990123
v -0.225018 0.147841 -1.635719
v -0.221079 0.151796 -1.729180
v -0.220673 0.122791 -1.816090
v -0.220891 0.062446 -1.902879
v -0.309514 -0.000954 -1.990192
v -0.397961 -0.005957 -1.990139
v -0.486400 -0.008308 -1.990126
v -0.574837 -0.009999 -1.990124
v 0.219598 0.108300 -1.639113
v 0.219211 0.131300 -1.728097
v 0.218898 0.142458 -1.815546
v 0.219444 0.106487 -1.902587
v 0.131847 0.056627 -1.990391
v 0.043643 0.049165 -1.990446
v -0.044520 0.037604 -1.990457
v -0.132740 0.023043 -1.990402
v 0.656803 0.158107 -1.633822
v 0.661876 0.091895 -1.724785
v 0.661834 0.094836 -1.813269
v 0.662001 0.084944 -1.901704
v 0.573928 0.062640 -1.990158
v 0.485448 0.063961 -1.990192
v 0.396984 0.064260 -1.990230
v 0.308548 0.063168 -1.990274
v 1.104782 0.065859 -1.636581
v 1.104404 0.081528 -1.724842
v 1.104262 0.087967 -1.813234
v 1.104507 0.073642 -1.901673
v 1.016701 0.035966 -1.990123
v 0.928161 0.040403 -1.990123
v 0.839589 0.046585 -1.990123
v 0.751004 0.053612 -1.990124
v 1.546897 0.069498 -1.636329
v 1.546152 0.112132 -1.724774
v 1.545701 0.137981 -1.813223
v 1.545898 0.126671 -1.901673
v 1.458128 0.086948 -1.990123
v 1.369821 0.078017 -1.990123
v 1.281639 0.061920 -1.990123
v 1.193468 0.045124 -1.990123
v 1.988150 0.131835 -1.636346
v 1.988705 0.098853 -1.724777
v 1.989396 0.059070 -1.813224
v 1.989754 0.038527 -1.901673
v 1.901337 0.035847 -1.990123
v 1.812718 0.044805 -1.990123
v 1.723976 0.060753 -1.990123
v 1.635269 0.074679 -1.990123
v 1.635009 0.089722 -1.636328
v 1.634293 0.130618 -1.724774
v 1.634086 0.142479 -1.813223
v 1.634454 0.121366 -1.901673
v 1.722631 0.138543 -1.636337
v 1.722330 0.155219 -1.724776
v 1.722499 0.145388 -1.813224
v 1.723111 0.110307 -1.901673
v 1.810595 0.168254 -1.636354
v 1.810662 0.163013 -1.724781
v 1.811122 0.136296 -1.813224
v 1.811951 0.088709 -1.901673
v 1.899071 0.167887 -1.636360
v 1.899414 0.146557 -1.724782
v 1.900109 0.106255 -1.813224
v 1.900965 0.057197 -1.901673
v 1.193148 0.070003 -1.636564
v 1.192769 0.086459 -1.724821
v 1.192567 0.096796 -1.813224
v 1.192810 0.082867 -1.901673
v 1.281595 0.067297 -1.636481
v 1.281095 0.093161 -1.724779
v 1.280798 0.110043 -1.813223
v 1.280982 0.099512 -1.901673
v 1.370044 0.065478 -1.636341
v 1.369448 0.099404 -1.724774
v 1.369018 0.124006 -1.813223
v 1.369152 0.116324 -1.901673
v 1.458481 0.066846 -1.636332
v 1.457821 0.104591 -1.724774
v 1.457328 0.132785 -1.813223
v 1.457441 0.126317 -1.901673
v 0.747814 0.146324 -1.634581
v 0.750674 0.081395 -1.725072
v 0.750403 0.089921 -1.813290
v 0.750535 0.080852 -1.901690
v 0.838699 0.114284 -1.635296
v 0.839122 0.079149 -1.724921
v 0.838916 0.086563 -1.813262
v 0.839052 0.077562 -1.901680
v 0.928204 0.067796 -1.636560
v 0.927560 0.078697 -1.724851
v 0.927400 0.084841 -1.813245
v 0.927543 0.075841 -1.901675
v 1.016547 0.055208 -1.636764
v 1.016013 0.077904 -1.724874
v 1.015861 0.084618 -1.813244
v 1.016028 0.074533 -1.901674
v 0.307920 0.111081 -1.638563
v 0.307764 0.126698 -1.727623
v 0.307501 0.132400 -1.815088
v 0.307919 0.102448 -1.902367
v 0.395485 0.128975 -1.636688
v 0.396172 0.131545 -1.726068
v 0.396156 0.119609 -1.814347
v 0.396449 0.097272 -1.902097
v 0.481999 0.146774 -1.634657
v 0.484306 0.134623 -1.724046
v 0.484712 0.109312 -1.813564
v 0.484965 0.092681 -1.901852
v 0.568420 0.156735 -1.633567
v 0.572733 0.118752 -1.723660
v 0.573242 0.101485 -1.813253
v 0.573471 0.089054 -1.901735
v -0.134312 0.142819 -1.638593
v -0.132824 0.157108 -1.729962
v -0.132518 0.134710 -1.816287
v -0.132656 0.081696 -1.903002
v -0.045174 0.133867 -1.639524
v -0.044962 0.149972 -1.729595
v -0.044802 0.142522 -1.816420
v -0.044696 0.095474 -1.902986
v 0.043128 0.124148 -1.639397
v 0.042847 0.143503 -1.728961
v 0.042750 0.148451 -1.816337
v 0.043146 0.104549 -1.902901
v 0.131261 0.114883 -1.639134
v 0.130854 0.137652 -1.728449
v 0.130595 0.147857 -1.815968
v 0.131151 0.107840 -1.902767
v -0.584814 0.145694 -1.633561
v -0.577773 0.049235 -1.724744
v -0.574900 -0.007103 -1.813243
v -0.574844 -0.008895 -1.901691
v -0.498252 0.139842 -1.631587
v -0.491293 0.077423 -1.724376
v -0.486533 0.008303 -1.813489
v -0.486404 -0.002732 -1.901783
v -0.408134 0.139340 -1.630772
v -0.400870 0.103464 -1.724736
v -0.397955 0.049853 -1.814320
v -0.397910 0.012773 -1.902067
v -0.316738 0.145010 -1.632389
v -0.310511 0.131273 -1.727007
v -0.309223 0.093744 -1.815406
v -0.309365 0.036756 -1.902511
v -1.018402 0.147004 -1.642367
v -1.017708 0.026900 -1.726487
v -1.017097 -0.012655 -1.813423
v -1.017026 -0.017310 -1.901691
v -0.928928 0.127611 -1.638846
v -0.929160 0.021260 -1.725612
v -0.928647 -0.012027 -1.813323
v -0.928589 -0.015822 -1.901683
v -0.837172 0.129955 -1.635214
v -0.840616 0.018815 -1.725042
v -0.840198 -0.011108 -1.813257
v -0.840153 -0.014229 -1.901678
v -0.750019 0.142154 -1.634794
v -0.752289 0.024400 -1.724887
v -0.751765 -0.009578 -1.813237
v -0.751718 -0.012602 -1.901676
v -1.461612 0.074996 -1.637123
v -1.461288 0.043901 -1.725423
v -1.459765 -0.006440 -1.813408
v -1.459267 -0.023082 -1.901693
v -1.373510 0.074393 -1.637948
v -1.373973 0.062556 -1.726056
v -1.371847 0.004601 -1.813670
v -1.370947 -0.019223 -1.901750
v -1.283045 0.040686 -1.638644
v -1.284420 0.030380 -1.725759
v -1.283121 -0.002510 -1.813586
v -1.282488 -0.018446 -1.901745
v -1.192383 0.078504 -1.642760
v -1.194000 -0.006404 -1.725415
v -1.194043 -0.015350 -1.813381
v -1.193929 -0.019775 -1.901698
v -1.902124 0.009671 -1.637059
v -1.901603 -0.018854 -1.725006
v -1.901387 -0.032903 -1.813227
v -1.901384 -0.033189 -1.901673
v -1.814238 0.058167 -1.637883
v -1.813779 0.034983 -1.725644
v -1.813163 -0.013019 -1.813390
v -1.812948 -0.031595 -1.901674
v -1.725509 0.061386 -1.637601
v -1.725709 0.070429 -1.725636
v -1.725518 0.045531 -1.813623
v -1.724670 -0.019566 -1.901703
v -1.636568 0.016498 -1.636716
v -1.637205 0.055870 -1.725189
v -1.637198 0.047896 -1.813479
v -1.636445 -0.005203 -1.901717
v 1.634858 0.112897 -1.194943
v 1.634839 0.107395 -1.283491
v 1.635016 0.094135 -1.371832
v 1.635423 0.068453 -1.459918
v 1.723566 0.101259 -1.194885
v 1.723515 0.094854 -1.283261
v 1.723587 0.087613 -1.371554
v 1.723614 0.085132 -1.459708
v 1.812379 0.076386 -1.194531
v 1.812199 0.082167 -1.282901
v 1.811826 0.104194 -1.371255
v 1.811334 0.131594 -1.459581
v 1.901126 0.052823 -1.194180
v 1.900622 0.084052 -1.282650
v 1.899915 0.126638 -1.371117
v 1.899293 0.161958 -1.459556
v 1.194553 0.200921 -1.182277
v 1.192817 0.204913 -1.275812
v 1.192656 0.159467 -1.369563
v 1.193099 0.103484 -1.460117
v 1.283280 0.150669 -1.186313
v 1.281513 0.135071 -1.279812
v 1.281527 0.108765 -1.371388
v 1.281838 0.077397 -1.460909
v 1.369971 0.116662 -1.189845
v 1.369746 0.104347 -1.281904
v 1.369942 0.092500 -1.371994
v 1.370184 0.074079 -1.460634
v 1.457493 0.098831 -1.192904
v 1.457974 0.100523 -1.283157
v 1.458234 0.093319 -1.372149
v 1.458517 0.075060 -1.460380
v 0.724144 0.205488 -1.169418
v 0.701022 0.294387 -1.250425
v 0.714543 0.329773 -1.357597
v 0.727332 0.302828 -1.454689
v 0.815410 0.237984 -1.165268
v 0.812525 0.317241 -1.260570
v 0.816004 0.374633 -1.365254
v 0.823400 0.342138 -1.459296
v 0.908178 0.287571 -1.162631
v 0.911465 0.347525 -1.263469
v 0.914423 0.395491 -1.365692
v 0.919231 0.341744 -1.455504
v 1.005742 0.305413 -1.167356
v 1.007318 0.337570 -1.264844
v 1.008882 0.332582 -1.360947
v 1.011974 0.247244 -1.454951
v 0.308626 0.054495 -1.194005
v 0.307895 0.064455 -1.281667
v 0.307255 0.063859 -1.369118
v 0.307622 0.066280 -1.458704
v 0.396011 0.068166 -1.192605
v 0.394907 0.073440 -1.280209
v 0.394037 0.074059 -1.368765
v 0.395012 0.083606 -1.458947
v 0.480382 0.101190 -1.187903
v 0.473958 0.119285 -1.273295
v 0.473404 0.123001 -1.363422
v 0.476402 0.143515 -1.455159
v 0.556521 0.153845 -1.179255
v 0.533246 0.212428 -1.257999
v 0.538103 0.223789 -1.352629
v 0.550846 0.215351 -1.449674
v -0.133629 0.053488 -1.194074
v -0.133668 0.053233 -1.282055
v -0.134985 0.079245 -1.363397
v -0.136260 0.116347 -1.448678
v -0.045078 0.048485 -1.194074
v -0.045130 0.055169 -1.281940
v -0.045149 0.084221 -1.363882
v -0.045045 0.110861 -1.450275
v 0.043400 0.047649 -1.194074
v 0.043288 0.059438 -1.281668
v 0.043424 0.085967 -1.364641
v 0.043890 0.095928 -1.451448
v 0.131842 0.048719 -1.194065
v 0.131152 0.068596 -1.280925
v 0.130364 0.090158 -1.365116
v 0.131119 0.080042 -1.453207
v -0.575310 0.017084 -1.194074
v -0.575099 0.004212 -1.282498
v -0.577033 0.027989 -1.367880
v -0.583540 0.125305 -1.452148
v -0.487064 0.029498 -1.194074
v -0.486721 0.006799 -1.282465
v -0.491113 0.034179 -1.366328
v -0.501026 0.117814 -1.447191
v -0.398847 0.043637 -1.194074
v -0.398600 0.023202 -1.282408
v -0.405213 0.047756 -1.364037
v -0.416602 0.125605 -1.441216
v -0.310539 0.052532 -1.194074
v -0.310424 0.039459 -1.282379
v -0.316281 0.057031 -1.363574
v -0.327286 0.133161 -1.439589
v -1.017573 0.014540 -1.194080
v -1.016795 0.023363 -1.282961
v -1.012837 0.086335 -1.372930
v -1.008668 0.197660 -1.457927
v -0.929137 0.015538 -1.194074
v -0.928578 0.021338 -1.282640
v -0.923297 0.089880 -1.368406
v -0.914935 0.212513 -1.447058
v -0.840654 0.014403 -1.194074
v -0.840404 0.014006 -1.282454
v -0.836770 0.070154 -1.367075
v -0.825939 0.209694 -1.440557
v -0.752233 0.016862 -1.194074
v -0.752072 0.011094 -1.282461
v -0.751049 0.044374 -1.368631
v -0.743150 0.185512 -1.446510
v -1.462245 0.111837 -1.202899
v -1.461366 0.130530 -1.295024
v -1.459832 0.121747 -1.381864
v -1.458897 0.104104 -1.466189
v -1.373969 0.113479 -1.200588
v -1.372867 0.135818 -1.294743
v -1.370677 0.135056 -1.383857
v -1.369274 0.116572 -1.469369
v -1.285486 0.113086 -1.197307
v -1.284530 0.121164 -1.290291
v -1.281509 0.130031 -1.383632
v -1.279648 0.122683 -1.471562
v -1.197055 0.115853 -1.195816
v -1.196374 0.114503 -1.288144
v -1.192763 0.130324 -1.382990
v -1.190934 0.146572 -1.471738
v -1.902403 -0.008989 -1.194432
v -1.902351 0.003816 -1.283089
v -1.902177 0.007190 -1.371698
v -1.902158 0.012052 -1.460286
v -1.816567 0.057391 -1.195428
v -1.815521 0.064379 -1.284354
v -1.814930 0.070307 -1.373017
v -1.814521 0.067235 -1.461596
v -1.728750 0.065955 -1.196934
v -1.727039 0.059761 -1.285423
v -1.726030 0.052237 -1.373140
v -1.725501 0.042213 -1.461204
v -1.640231 0.068405 -1.198769
v -1.638658 0.060572 -1.287534
v -1.637137 0.047667 -1.374565
v -1.636627 0.036202 -1.461262
v 1.637091 0.170345 -0.756399
v 1.636776 0.151134 -0.842006
v 1.636022 0.138306 -0.929424
v 1.635394 0.129233 -1.017881
v 1.726064 0.095592 -0.754138
v 1.725171 0.105294 -0.841603
v 1.724501 0.111515 -0.929867
v 1.724174 0.110816 -1.018421
v 1.813178 0.042148 -0.752204
v 1.813069 0.057938 -0.840899
v 1.812919 0.078492 -0.929696
v 1.812723 0.086038 -1.018103
v 1.901387 0.033666 -0.751838
v 1.901394 0.038069 -0.840393
v 1.901356 0.046644 -0.928987
v 1.901280 0.051502 -1.017450
v 1.185915 0.114134 -0.752650
v 1.186442 0.126001 -0.839995
v 1.191337 0.131188 -0.925177
v 1.196993 0.139905 -1.009331
v 1.265827 0.171406 -0.753943
v 1.267526 0.192723 -0.840135
v 1.276398 0.192759 -0.922857
v 1.283505 0.179041 -1.006980
v 1.337359 0.268721 -0.766928
v 1.355672 0.213408 -0.841684
v 1.362719 0.199535 -0.924318
v 1.367902 0.179074 -1.008832
v 1.433966 0.288174 -0.768465
v 1.450585 0.198903 -0.843461
v 1.452884 0.173200 -0.927129
v 1.455127 0.146218 -1.012965
v 0.751701 0.013632 -0.751824
v 0.751534 0.023188 -0.840274
v 0.750585 0.049998 -0.928096
v 0.745735 0.095498 -1.011146
v 0.840115 0.016458 -0.751824
v 0.839790 0.035075 -0.840274
v 0.838502 0.069032 -0.927721
v 0.832719 0.121522 -1.008739
v 0.928524 0.019406 -0.751826
v 0.928070 0.045356 -0.840277
v 0.926919 0.082098 -0.927800
v 0.921754 0.141201 -1.007522
v 1.016670 0.031545 -0.751877
v 1.016213 0.059717 -0.840314
v 1.015527 0.090902 -0.928232
v 1.012690 0.138150 -1.008944
v 0.309528 0.005403 -0.751824
v 0.309528 0.005403 -0.840274
v 0.309528 0.005403 -0.928724
v 0.309473 0.008542 -1.017174
v 0.397964 0.006946 -0.751824
v 0.397964 0.006946 -0.840274
v 0.397964 0.006951 -0.928724
v 0.397872 0.011708 -1.017158
v 0.486401 0.008490 -0.751824
v 0.486401 0.008490 -0.840274
v 0.486391 0.009053 -0.928724
v 0.486030 0.019466 -1.016895
v 0.574837 0.010034 -0.751824
v 0.574833 0.010291 -0.840274
v 0.574735 0.015170 -0.928708
v 0.573357 0.039237 -1.015841
v -0.132655 -0.002315 -0.751824
v -0.132655 -0.002315 -0.840274
v -0.132656 -0.002224 -0.928724
v -0.132768 0.004195 -1.017174
v -0.044218 -0.000772 -0.751824
v -0.044218 -0.000772 -0.840274
v -0.044218 -0.000772 -0.928724
v -0.044261 0.001696 -1.017174
v 0.044218 0.000772 -0.751824
v 0.044218 0.000772 -0.840274
v 0.044218 0.000772 -0.928724
v 0.044189 0.002477 -1.017174
v 0.132655 0.002315 -0.751824
v 0.132655 0.002315 -0.840274
v 0.132655 0.002315 -0.928724
v 0.132627 0.003919 -1.017174
v -0.574837 -0.010034 -0.751824
v -0.574840 -0.009876 -0.840274
v -0.574920 -0.005290 -0.928724
v -0.575208 0.011209 -1.017174
v -0.486400 -0.008490 -0.751824
v -0.486412 -0.007815 -0.840274
v -0.486564 0.000881 -0.928724
v -0.486869 0.018357 -1.017174
v -0.397964 -0.006946 -0.751824
v -0.397976 -0.006287 -0.840274
v -0.398157 0.004128 -0.928724
v -0.398549 0.026575 -1.017174
v -0.309528 -0.005403 -0.751824
v -0.309530 -0.005252 -0.840274
v -0.309649 0.001569 -0.928724
v -0.310092 0.026938 -1.017174
v -1.017401 0.004098 -0.751824
v -1.017251 -0.004487 -0.840274
v -1.017090 -0.013698 -0.928724
v -1.017109 -0.012634 -1.017174
v -0.928792 -0.004231 -0.751824
v -0.928635 -0.013236 -0.840274
v -0.928587 -0.015947 -0.928724
v -0.928676 -0.010882 -1.017174
v -0.840188 -0.012301 -0.751824
v -0.840148 -0.014543 -0.840274
v -0.840150 -0.014482 -0.928724
v -0.840258 -0.008248 -1.017174
v -0.751711 -0.013054 -0.751824
v -0.751710 -0.013121 -0.840274
v -0.751723 -0.012375 -0.928724
v -0.751873 -0.003758 -1.017174
v -1.461898 0.038704 -0.753046
v -1.461819 0.038346 -0.839941
v -1.462017 0.045622 -0.928189
v -1.462188 0.059087 -1.017753
v -1.372481 0.042975 -0.752253
v -1.372769 0.051405 -0.839270
v -1.373161 0.058437 -0.927220
v -1.373590 0.069037 -1.016260
v -1.283487 0.031734 -0.751856
v -1.283905 0.051499 -0.839009
v -1.284278 0.062282 -0.926674
v -1.284761 0.073473 -1.015133
v -1.194528 0.013987 -0.751810
v -1.194671 0.022049 -0.839860
v -1.194944 0.035310 -0.927458
v -1.195312 0.048130 -1.015143
v -1.901922 -0.026729 -0.751762
v -1.902154 -0.024425 -0.840208
v -1.902369 -0.021536 -0.928683
v -1.902499 -0.018306 -1.017224
v -1.817671 0.020486 -0.751346
v -1.818061 0.026770 -0.839929
v -1.818316 0.033827 -0.928664
v -1.818214 0.042663 -1.017562
v -1.731251 0.043858 -0.751207
v -1.731899 0.053440 -0.839879
v -1.731888 0.061128 -0.928913
v -1.731151 0.065763 -1.018281
v -1.641637 0.038891 -0.751863
v -1.642122 0.045963 -0.840097
v -1.642354 0.057705 -0.929031
v -1.641826 0.067244 -1.018647
v 1.635352 0.184552 -0.313038
v 1.635776 0.222336 -0.404582
v 1.635909 0.257563 -0.496267
v 1.635863 0.257116 -0.586042
v 1.727257 0.111277 -0.312004
v 1.726811 0.111544 -0.401188
v 1.726989 0.124475 -0.490872
v 1.726530 0.114710 -0.579546
v 1.817680 0.105040 -0.311289
v 1.816415 0.085867 -0.399241
v 1.815315 0.065351 -0.487369
v 1.814554 0.053947 -0.575866
v 1.903172 0.060951 -0.310181
v 1.902837 0.053524 -0.398348
v 1.902063 0.042002 -0.486635
v 1.901515 0.034797 -0.574973
v 1.192982 0.031729 -0.309824
v 1.191951 0.044617 -0.398515
v 1.191195 0.058922 -0.487155
v 1.190668 0.071758 -0.575706
v 1.276179 0.077948 -0.310621
v 1.275525 0.088089 -0.399185
v 1.276770 0.087993 -0.487719
v 1.275744 0.098595 -0.576477
v 1.354520 0.152350 -0.311263
v 1.350614 0.182069 -0.399508
v 1.347016 0.211549 -0.491286
v 1.334620 0.266999 -0.591869
v 1.438058 0.218757 -0.311707
v 1.431043 0.274548 -0.399884
v 1.427177 0.321896 -0.493729
v 1.418084 0.370930 -0.596566
v 0.751710 0.013121 -0.309575
v 0.751710 0.013121 -0.398025
v 0.751710 0.013121 -0.486475
v 0.751710 0.013121 -0.574925
v 0.840146 0.014665 -0.309575
v 0.840146 0.014665 -0.398025
v 0.840146 0.014665 -0.486475
v 0.840146 0.014665 -0.574925
v 0.928583 0.016208 -0.309575
v 0.928583 0.016208 -0.398025
v 0.928583 0.016208 -0.486475
v 0.928583 0.016208 -0.574925
v 1.017019 0.017752 -0.309575
v 1.017019 0.017754 -0.398025
v 1.017004 0.018015 -0.486479
v 1.016939 0.019501 -0.574948
v 0.309528 0.005403 -0.309575
v 0.309528 0.005403 -0.398025
v 0.309528 0.005403 -0.486475
v 0.309528 0.005403 -0.574925
v 0.397964 0.006946 -0.309575
v 0.397964 0.006946 -0.398025
v 0.397964 0.006946 -0.486475
v 0.397964 0.006946 -0.574925
v 0.486401 0.008490 -0.309575
v 0.486401 0.008490 -0.398025
v 0.486401 0.008490 -0.486475
v 0.486401 0.008490 -0.574925
v 0.574837 0.010034 -0.309575
v 0.574837 0.010034 -0.398025
v 0.574837 0.010034 -0.486475
v 0.574837 0.010034 -0.574925
v -0.132655 -0.002315 -0.309575
v -0.132655 -0.002315 -0.398025
v -0.132655 -0.002315 -0.486475
v -0.132655 -0.002315 -0.574925
v -0.044218 -0.000772 -0.309575
v -0.044218 -0.000772 -0.398025
v -0.044218 -0.000772 -0.486475
v -0.044218 -0.000772 -0.574925
v 0.044218 0.000772 -0.309575
v 0.044218 0.000772 -0.398025
v 0.044218 0.000772 -0.486475
v 0.044218 0.000772 -0.574925
v 0.132655 0.002315 -0.309575
v 0.132655 0.002315 -0.398025
v 0.132655 0.002315 -0.486475
v 0.132655 0.002315 -0.574925
v -0.574842 -0.009738 -0.309575
v -0.574837 -0.010020 -0.398025
v -0.574837 -0.010034 -0.486475
v -0.574837 -0.010034 -0.574925
v -0.486400 -0.008490 -0.309575
v -0.486400 -0.008490 -0.398025
v -0.486400 -0.008490 -0.486475
v -0.486400 -0.008490 -0.574925
v -0.397964 -0.006946 -0.309575
v -0.397964 -0.006946 -0.398025
v -0.397964 -0.006946 -0.486475
v -0.397964 -0.006946 -0.574925
v -0.309528 -0.005403 -0.309575
v -0.309528 -0.005403 -0.398025
v -0.309528 -0.005403 -0.486475
v -0.309528 -0.005403 -0.574925
v -1.015572 0.075286 -0.310298
v -1.016865 0.063253 -0.398562
v -1.017994 0.037598 -0.486484
v -1.017894 0.025758 -0.574881
v -0.927237 0.076100 -0.310394
v -0.928210 0.052536 -0.398435
v -0.929259 0.026892 -0.486494
v -0.929178 0.017659 -0.574923
v -0.839640 0.065514 -0.310226
v -0.840517 0.035689 -0.398179
v -0.840761 0.020638 -0.486475
v -0.840554 0.008718 -0.574925
v -0.751980 0.030881 -0.309789
v -0.752102 0.011474 -0.398041
v -0.751942 0.000161 -0.486475
v -0.751805 -0.007644 -0.574925
v -1.507198 0.307494 -0.328602
v -1.495940 0.262228 -0.431182
v -1.483692 0.190787 -0.524364
v -1.469287 0.102707 -0.594947
v -1.411070 0.340978 -0.333330
v -1.401380 0.284758 -0.436372
v -1.392751 0.204943 -0.530633
v -1.376115 0.071097 -0.586180
v -1.301892 0.300351 -0.328755
v -1.292028 0.226877 -0.425709
v -1.286978 0.072021 -0.493582
v -1.284388 0.026809 -0.577897
v -1.198389 0.153674 -0.314613
v -1.197639 0.078254 -0.399156
v -1.196063 0.033654 -0.486105
v -1.195125 0.017944 -0.574878
v -1.901500 -0.031737 -0.309604
v -1.901449 -0.031980 -0.398039
v -1.901461 -0.031698 -0.486485
v -1.901493 -0.031248 -0.574920
v -1.818656 0.011984 -0.311142
v -1.818219 0.012697 -0.399435
v -1.817775 0.013247 -0.487359
v -1.817511 0.017087 -0.575010
v -1.737696 0.058408 -0.312379
v -1.736034 0.055669 -0.401423
v -1.733612 0.047108 -0.489016
v -1.731822 0.041431 -0.575873
v -1.660851 0.123929 -0.314425
v -1.655334 0.107780 -0.405802
v -1.648814 0.076952 -0.493463
v -1.644061 0.051441 -0.578763
v 1.640534 0.168479 0.132858
v 1.637601 0.200252 0.044241
v 1.636144 0.218122 -0.044732
v 1.636197 0.211875 -0.134245
v 1.732936 0.137428 0.133047
v 1.730949 0.138347 0.043971
v 1.729470 0.143377 -0.045336
v 1.728696 0.139769 -0.134649
v 1.822802 0.149099 0.133852
v 1.821603 0.143996 0.044789
v 1.820698 0.136818 -0.044667
v 1.819880 0.128901 -0.134114
v 1.909164 0.117917 0.133773
v 1.907727 0.111192 0.044717
v 1.906158 0.098621 -0.044489
v 1.904720 0.082884 -0.133424
v 1.172894 0.251783 0.051207
v 1.170141 0.192101 -0.017387
v 1.178185 0.100877 -0.070529
v 1.191094 0.035219 -0.136763
v 1.269724 0.189157 0.082629
v 1.268525 0.131022 0.014961
v 1.274023 0.081347 -0.056399
v 1.279044 0.054453 -0.135308
v 1.363286 0.123413 0.122419
v 1.365297 0.110628 0.039517
v 1.366210 0.101225 -0.046355
v 1.364858 0.103406 -0.133664
v 1.454734 0.161984 0.130551
v 1.455229 0.171744 0.044615
v 1.454986 0.167644 -0.043782
v 1.451954 0.166416 -0.133289
v 0.729329 0.099292 0.115842
v 0.747125 0.030769 0.040187
v 0.751709 0.013123 -0.044226
v 0.751710 0.013121 -0.132675
v 0.806673 0.143135 0.103086
v 0.825070 0.072574 0.027976
v 0.839270 0.018156 -0.045368
v 0.840146 0.014665 -0.132675
v 0.889730 0.170249 0.088742
v 0.902996 0.119890 0.010824
v 0.923406 0.039567 -0.052307
v 0.928566 0.016290 -0.132704
v 0.979910 0.196837 0.074308
v 0.987234 0.155223 -0.003331
v 1.005355 0.074805 -0.064515
v 1.016591 0.019896 -0.133433
v 0.309528 0.005403 0.132675
v 0.309528 0.005403 0.044225
v 0.309528 0.005403 -0.044225
v 0.309528 0.005403 -0.132675
v 0.397964 0.006946 0.132675
v 0.397964 0.006946 0.044225
v 0.397964 0.006946 -0.044225
v 0.397964 0.006946 -0.132675
v 0.486401 0.008490 0.132675
v 0.486401 0.008490 0.044225
v 0.486401 0.008490 -0.044225
v 0.486401 0.008490 -0.132675
v 0.574615 0.010843 0.132531
v 0.574837 0.010034 0.044225
v 0.574837 0.010034 -0.044225
v 0.574837 0.010034 -0.132675
v -0.132655 -0.002315 0.132675
v -0.132655 -0.002315 0.044225
v -0.132655 -0.002315 -0.044225
v -0.132655 -0.002315 -0.132675
v -0.044218 -0.000772 0.132675
v -0.044218 -0.000772 0.044225
v -0.044218 -0.000772 -0.044225
v -0.044218 -0.000772 -0.132675
v 0.044218 0.000772 0.132675
v 0.044218 0.000772 0.044225
v 0.044218 0.000772 -0.044225
v 0.044218 0.000772 -0.132675
v 0.132655 0.002315 0.132675
v 0.132655 0.002315 0.044225
v 0.132655 0.002315 -0.044225
v 0.132655 0.002315 -0.132675
v -0.574907 -0.005999 0.132675
v -0.574911 -0.005811 0.044225
v -0.574902 -0.006331 -0.044225
v -0.574884 -0.007361 -0.132675
v -0.486401 -0.008485 0.132675
v -0.486401 -0.008488 0.044225
v -0.486400 -0.008490 -0.044225
v -0.486400 -0.008490 -0.132675
v -0.397964 -0.006946 0.132675
v -0.397964 -0.006946 0.044225
v -0.397964 -0.006946 -0.044225
v -0.397964 -0.006946 -0.132675
v -0.309528 -0.005403 0.132675
v -0.309528 -0.005403 0.044225
v -0.309528 -0.005403 -0.044225
v -0.309528 -0.005403 -0.132675
v -1.016273 0.050278 0.131020
v -1.014764 0.081092 0.042051
v -1.014158 0.095448 -0.045858
v -1.014959 0.078292 -0.133232
v -0.928831 0.045563 0.132283
v -0.927737 0.068948 0.043198
v -0.927374 0.087417 -0.045411
v -0.927731 0.085185 -0.133561
v -0.841154 0.051404 0.132603
v -0.840697 0.065729 0.043780
v -0.840543 0.078160 -0.044965
v -0.840286 0.083459 -0.133552
v -0.752683 0.042711 0.132674
v -0.752650 0.045513 0.044178
v -0.752555 0.050823 -0.044433
v -0.752245 0.055619 -0.133077
v -1.481410 0.133014 0.121106
v -1.488495 0.150856 0.036179
v -1.493947 0.180133 -0.047160
v -1.505777 0.250158 -0.128071
v -1.378775 0.073466 0.124971
v -1.386628 0.121048 0.037393
v -1.395638 0.204674 -0.045017
v -1.407193 0.294339 -0.126432
v -1.287053 0.081348 0.128972
v -1.291599 0.105365 0.041396
v -1.299197 0.198246 -0.042082
v -1.301382 0.271590 -0.127311
v -1.197555 0.095124 0.128849
v -1.198797 0.092632 0.041504
v -1.200236 0.122311 -0.045019
v -1.200965 0.161910 -0.131566
v -1.901390 -0.032842 0.132675
v -1.901392 -0.032725 0.044225
v -1.901464 -0.032253 -0.044239
v -1.901925 -0.029899 -0.132781
v -1.813684 -0.012250 0.132170
v -1.813592 -0.013738 0.043849
v -1.814405 -0.010411 -0.044592
v -1.816507 -0.001357 -0.133434
v -1.736924 0.059618 0.126869
v -1.736246 0.047508 0.039416
v -1.736423 0.041494 -0.047010
v -1.736567 0.043705 -0.134079
v -1.668997 0.145933 0.121308
v -1.668195 0.123660 0.034639
v -1.665892 0.105100 -0.048825
v -1.663166 0.103125 -0.133320
v 1.639935 0.072071 0.575046
v 1.641494 0.113964 0.486462
v 1.642723 0.141334 0.398074
v 1.642910 0.151176 0.309777
v 1.733744 0.114521 0.576102
v 1.734893 0.123323 0.487408
v 1.736487 0.137116 0.398929
v 1.736427 0.141729 0.310521
v 1.824688 0.146219 0.576838
v 1.825254 0.153705 0.488127
v 1.826237 0.162331 0.399443
v 1.826090 0.163752 0.310960
v 1.911632 0.113622 0.576470
v 1.912128 0.121009 0.487990
v 1.912321 0.125548 0.399506
v 1.911799 0.125644 0.311112
v 1.124535 0.524327 0.502282
v 1.145655 0.450832 0.401878
v 1.158659 0.367081 0.318632
v 1.169257 0.305074 0.233561
v 1.243431 0.419497 0.515284
v 1.248492 0.385855 0.418238
v 1.254077 0.326579 0.333223
v 1.261393 0.265391 0.251366
v 1.354189 0.281676 0.547948
v 1.352172 0.278546 0.448012
v 1.352383 0.242578 0.356871
v 1.356142 0.193982 0.276205
v 1.455094 0.178255 0.568412
v 1.454338 0.184072 0.474859
v 1.453231 0.176227 0.382729
v 1.453231 0.166108 0.295565
v 0.665537 0.198326 0.567008
v 0.679852 0.181577 0.472399
v 0.702356 0.162972 0.379429
v 0.710306 0.159690 0.287748
v 0.731292 0.244709 0.523645
v 0.750098 0.201854 0.437192
v 0.793306 0.162843 0.366728
v 0.802456 0.166564 0.280769
v 0.825834 0.410841 0.507111
v 0.836358 0.342062 0.400061
v 0.871111 0.227678 0.328936
v 0.902245 0.165506 0.268719
v 0.917273 0.515089 0.505264
v 0.941525 0.426046 0.401276
v 0.968773 0.315702 0.321047
v 0.989169 0.227147 0.251676
v 0.309528 0.005403 0.574924
v 0.309528 0.005403 0.486475
v 0.309528 0.005403 0.398025
v 0.309528 0.005403 0.309575
v 0.397964 0.006946 0.574924
v 0.397964 0.006946 0.486475
v 0.397964 0.006946 0.398025
v 0.397964 0.006946 0.309575
v 0.486098 0.009324 0.574928
v 0.486308 0.008754 0.486455
v 0.486283 0.008883 0.397972
v 0.486301 0.008856 0.309523
v 0.553942 0.065063 0.574643
v 0.560644 0.049210 0.483927
v 0.563332 0.046481 0.393616
v 0.566422 0.039885 0.305344
v -0.132655 -0.002315 0.574924
v -0.132655 -0.002315 0.486475
v -0.132655 -0.002315 0.398025
v -0.132655 -0.002315 0.309575
v -0.044218 -0.000772 0.574924
v -0.044218 -0.000772 0.486475
v -0.044218 -0.000772 0.398025
v -0.044218 -0.000772 0.309575
v 0.044218 0.000772 0.574924
v 0.044218 0.000772 0.486475
v 0.044218 0.000772 0.398025
v 0.044218 0.000772 0.309575
v 0.132655 0.002315 0.574924
v 0.132655 0.002315 0.486475
v 0.132655 0.002315 0.398025
v 0.132655 0.002315 0.309575
v -0.574837 -0.010034 0.574924
v -0.574837 -0.010034 0.486475
v -0.574837 -0.010007 0.398025
v -0.574850 -0.009310 0.309575
v -0.486400 -0.008490 0.574924
v -0.486400 -0.008490 0.486475
v -0.486400 -0.008490 0.398025
v -0.486400 -0.008490 0.309575
v -0.397964 -0.006946 0.574924
v -0.397964 -0.006946 0.486475
v -0.397964 -0.006946 0.398025
v -0.397964 -0.006946 0.309575
v -0.309528 -0.005403 0.574924
v -0.309528 -0.005403 0.486475
v -0.309528 -0.005403 0.398025
v -0.309528 -0.005403 0.309575
v -1.017342 0.000741 0.574924
v -1.017683 0.020269 0.486475
v -1.017863 0.030150 0.398015
v -1.017950 0.031444 0.309391
v -0.928771 -0.005424 0.574924
v -0.929157 0.016670 0.486475
v -0.929442 0.033013 0.398025
v -0.929581 0.040984 0.309574
v -0.840208 -0.011108 0.574924
v -0.840500 0.005622 0.486475
v -0.840902 0.028603 0.398025
v -0.841135 0.041969 0.309575
v -0.751714 -0.012888 0.574924
v -0.751799 -0.008019 0.486475
v -0.752079 0.008016 0.398025
v -0.752408 0.026887 0.309575
v -1.460521 0.099932 0.572701
v -1.460133 0.106372 0.483089
v -1.461435 0.105244 0.393104
v -1.464213 0.106951 0.301627
v -1.370797 0.053956 0.574739
v -1.371600 0.059351 0.484686
v -1.371968 0.072350 0.394468
v -1.372811 0.080430 0.304520
v -1.282435 0.029831 0.575169
v -1.283126 0.033130 0.485838
v -1.283568 0.061421 0.395459
v -1.284170 0.079137 0.305591
v -1.194396 0.017686 0.574982
v -1.194684 0.023755 0.486322
v -1.195254 0.043608 0.396673
v -1.195830 0.074827 0.306451
v -1.906529 -0.013902 0.575288
v -1.902635 -0.028318 0.486496
v -1.901411 -0.032833 0.398019
v -1.901392 -0.032832 0.309573
v -1.826618 0.032843 0.574853
v -1.821952 0.020424 0.485652
v -1.816952 0.005923 0.397174
v -1.814384 -0.001858 0.309105
v -1.741494 0.082083 0.572832
v -1.737866 0.077149 0.483505
v -1.733786 0.066225 0.394977
v -1.732008 0.059288 0.306522
v -1.649072 0.119725 0.570675
v -1.647753 0.126517 0.481581
v -1.647208 0.125404 0.393159
v -1.651057 0.130722 0.304506
v 1.637137 0.037456 1.017291
v 1.636783 0.034746 0.928782
v 1.637239 0.038844 0.840431
v 1.637620 0.043298 0.752076
v 1.726575 0.078434 1.017311
v 1.727473 0.080718 0.928952
v 1.728985 0.088936 0.840889
v 1.730484 0.098760 0.752863
v 1.816220 0.089542 1.017340
v 1.817691 0.109864 0.929138
v 1.819681 0.122609 0.841169
v 1.821599 0.126333 0.753206
v 1.904858 0.062750 1.017360
v 1.906881 0.083564 0.929260
v 1.908876 0.097918 0.841226
v 1.910053 0.101113 0.753006
v 1.180839 0.168621 1.015020
v 1.159584 0.301998 0.928510
v 1.131594 0.438672 0.833447
v 1.111481 0.527615 0.728148
v 1.275045 0.123876 1.015915
v 1.261649 0.239392 0.927576
v 1.248597 0.331386 0.836360
v 1.242192 0.384249 0.735649
v 1.366316 0.151014 1.016416
v 1.361989 0.201512 0.927379
v 1.357103 0.248174 0.837440
v 1.355815 0.265720 0.745371
v 1.456604 0.137937 1.016860
v 1.455488 0.154840 0.928078
v 1.453933 0.172289 0.839169
v 1.453666 0.176302 0.750013
v 0.748571 0.029402 1.018217
v 0.734924 0.088461 0.933912
v 0.712784 0.159841 0.849369
v 0.685409 0.192376 0.758068
v 0.839653 0.018644 1.017245
v 0.834733 0.043720 0.929802
v 0.816443 0.111962 0.843048
v 0.781654 0.194811 0.747661
v 0.926852 0.032288 1.016800
v 0.918508 0.089154 0.927866
v 0.864968 0.312467 0.831423
v 0.835989 0.418411 0.726350
v 1.008282 0.106550 1.014774
v 0.976954 0.272742 0.929639
v 0.931579 0.462874 0.827834
v 0.910273 0.542425 0.722246
v 0.309525 0.005539 1.017174
v 0.309528 0.005403 0.928724
v 0.309528 0.005403 0.840274
v 0.309528 0.005403 0.751824
v 0.397961 0.007150 1.017174
v 0.397964 0.006946 0.928724
v 0.397964 0.006946 0.840274
v 0.397964 0.006946 0.751824
v 0.486367 0.008937 1.017184
v 0.485880 0.011104 0.928898
v 0.485102 0.014226 0.840657
v 0.484929 0.013865 0.752143
v 0.573313 0.018186 1.017686
v 0.566045 0.051455 0.931513
v 0.556759 0.085643 0.845212
v 0.551104 0.091750 0.756298
v -0.132657 -0.002137 1.017167
v -0.132655 -0.002315 0.928724
v -0.132655 -0.002315 0.840274
v -0.132655 -0.002315 0.751824
v -0.044220 -0.000676 1.017172
v -0.044218 -0.000772 0.928724
v -0.044218 -0.000772 0.840274
v -0.044218 -0.000772 0.751824
v 0.044218 0.000814 1.017174
v 0.044218 0.000772 0.928724
v 0.044218 0.000772 0.840274
v 0.044218 0.000772 0.751824
v 0.132654 0.002355 1.017174
v 0.132655 0.002315 0.928724
v 0.132655 0.002315 0.840274
v 0.132655 0.002315 0.751824
v -0.574868 -0.008428 1.017030
v -0.574837 -0.010034 0.928724
v -0.574837 -0.010034 0.840274
v -0.574837 -0.010034 0.751824
v -0.486408 -0.007862 1.017135
v -0.486400 -0.008490 0.928724
v -0.486400 -0.008490 0.840274
v -0.486400 -0.008490 0.751824
v -0.397969 -0.006588 1.017159
v -0.397964 -0.006946 0.928724
v -0.397964 -0.006946 0.840274
v -0.397964 -0.006946 0.751824
v -0.309531 -0.005112 1.017161
v -0.309528 -0.005403 0.928724
v -0.309528 -0.005403 0.840274
v -0.309528 -0.005403 0.751824
v -1.017613 0.014579 1.014153
v -1.017038 -0.012862 0.928479
v -1.017004 -0.017572 0.840271
v -1.017019 -0.017750 0.751824
v -0.929268 -0.003532 1.015877
v -0.928626 -0.015712 0.928691
v -0.928583 -0.016208 0.840274
v -0.928583 -0.016208 0.751824
v -0.840473 -0.007851 1.016438
v -0.840150 -0.014627 0.928721
v -0.840146 -0.014665 0.840274
v -0.840146 -0.014665 0.751824
v -0.751883 -0.008348 1.016642
v -0.751710 -0.013115 0.928724
v -0.751710 -0.013121 0.840274
v -0.751710 -0.013121 0.751824
v -1.477376 0.267964 1.017732
v -1.465863 0.233063 0.928107
v -1.459385 0.190899 0.839754
v -1.457803 0.148120 0.751519
v -1.368433 0.275126 1.011281
v -1.359716 0.230788 0.925953
v -1.357816 0.180669 0.840703
v -1.361203 0.132628 0.753539
v -1.271390 0.234719 1.007460
v -1.266885 0.187427 0.925507
v -1.267238 0.142414 0.841107
v -1.272165 0.091061 0.753806
v -1.185647 0.152113 1.007692
v -1.183718 0.113571 0.925519
v -1.184976 0.067255 0.840573
v -1.189323 0.021017 0.752740
v -1.904221 -0.018002 1.017833
v -1.906275 -0.009402 0.929885
v -1.908210 -0.002703 0.841730
v -1.909406 0.000086 0.753211
v -1.823229 0.024642 1.019404
v -1.825267 0.032209 0.931412
v -1.826849 0.035784 0.842989
v -1.828368 0.037740 0.754101
v -1.744597 0.083044 1.021207
v -1.743856 0.081639 0.932102
v -1.742441 0.075197 0.842840
v -1.742358 0.070760 0.753415
v -1.670321 0.166231 1.023504
v -1.663751 0.149223 0.931464
v -1.655389 0.125123 0.840400
v -1.650030 0.101777 0.750521
v 1.642773 0.090013 1.462115
v 1.646262 0.112590 1.373949
v 1.647846 0.117874 1.285754
v 1.646662 0.106497 1.196477
v 1.724761 0.032864 1.459491
v 1.726054 0.050102 1.371366
v 1.727549 0.072066 1.283391
v 1.728561 0.086840 1.195127
v 1.812947 0.031645 1.459424
v 1.812949 0.031669 1.370974
v 1.813086 0.034322 1.282568
v 1.813549 0.047350 1.194203
v 1.901384 0.033189 1.459424
v 1.901384 0.033189 1.370974
v 1.901414 0.033452 1.282524
v 1.901833 0.037059 1.194075
v 1.193963 0.023501 1.459417
v 1.194968 0.036207 1.370621
v 1.195803 0.061449 1.281773
v 1.194432 0.064548 1.193289
v 1.282133 0.034112 1.459638
v 1.282271 0.031073 1.370944
v 1.282642 0.052670 1.282224
v 1.282161 0.069437 1.193712
v 1.371297 0.098648 1.462455
v 1.370472 0.082885 1.371487
v 1.370111 0.079709 1.282627
v 1.369626 0.097470 1.193949
v 1.463980 0.150580 1.465832
v 1.465108 0.155424 1.376039
v 1.463403 0.128192 1.285562
v 1.458069 0.104056 1.194183
v 0.754437 0.113580 1.458147
v 0.754286 0.107826 1.369575
v 0.753569 0.085185 1.281282
v 0.752592 0.050405 1.193316
v 0.842736 0.103338 1.458039
v 0.842561 0.097714 1.369485
v 0.842002 0.078882 1.281183
v 0.841201 0.050593 1.193181
v 0.930271 0.075651 1.458294
v 0.930381 0.075141 1.369690
v 0.930007 0.061341 1.281394
v 0.929385 0.041799 1.193352
v 1.017755 0.043065 1.458862
v 1.018487 0.052300 1.370066
v 1.018633 0.050371 1.281611
v 1.017228 0.037834 1.193224
v 0.308359 0.123301 1.456072
v 0.308622 0.107665 1.367647
v 0.308949 0.068957 1.280498
v 0.309262 0.029190 1.193501
v 0.396891 0.105760 1.457511
v 0.397077 0.090413 1.369157
v 0.397371 0.059005 1.281482
v 0.397678 0.027509 1.193815
v 0.486065 0.097613 1.458517
v 0.485989 0.082839 1.370145
v 0.485987 0.055735 1.282085
v 0.486125 0.027725 1.193993
v 0.575827 0.103282 1.458891
v 0.575598 0.090761 1.370383
v 0.575076 0.062328 1.282137
v 0.574717 0.031188 1.193979
v -0.135128 0.167656 1.452811
v -0.134585 0.153312 1.362389
v -0.133910 0.104176 1.275542
v -0.133177 0.041506 1.191212
v -0.046408 0.171041 1.452713
v -0.046011 0.156144 1.363002
v -0.045360 0.103297 1.276407
v -0.044688 0.040107 1.191764
v 0.042416 0.169180 1.452819
v 0.042727 0.153660 1.363758
v 0.043324 0.098402 1.277355
v 0.043843 0.038167 1.192237
v 0.131127 0.163258 1.453502
v 0.131465 0.145233 1.364778
v 0.131980 0.090478 1.278341
v 0.132362 0.034991 1.192699
v -0.580105 0.190743 1.461274
v -0.579503 0.197864 1.359885
v -0.578078 0.161034 1.268564
v -0.576642 0.095807 1.184108
v -0.490504 0.179777 1.457847
v -0.489087 0.176024 1.358192
v -0.488286 0.146041 1.269111
v -0.487422 0.081347 1.185624
v -0.401078 0.164807 1.454329
v -0.399877 0.161479 1.358347
v -0.399356 0.131505 1.270479
v -0.398656 0.066349 1.187392
v -0.312148 0.155880 1.452283
v -0.311396 0.153354 1.359534
v -0.310822 0.117460 1.272446
v -0.310091 0.052686 1.189137
v -1.016204 0.239516 1.455043
v -1.008988 0.268839 1.352052
v -1.006404 0.233592 1.238117
v -1.010886 0.167735 1.162190
v -0.933293 0.227544 1.457338
v -0.931099 0.268877 1.351346
v -0.927783 0.204426 1.252854
v -0.929126 0.135269 1.173047
v -0.844949 0.190570 1.460004
v -0.846634 0.218778 1.356264
v -0.845678 0.179493 1.264980
v -0.843740 0.123125 1.179176
v -0.757034 0.189290 1.461338
v -0.758930 0.211587 1.359786
v -0.757926 0.187539 1.267216
v -0.755492 0.118990 1.181440
v -1.484033 0.191555 1.467093
v -1.498708 0.251494 1.382428
v -1.501477 0.284041 1.291666
v -1.492857 0.285316 1.198718
v -1.390226 0.241439 1.461889
v -1.399516 0.293300 1.374225
v -1.390383 0.325439 1.281647
v -1.385629 0.321719 1.189191
v -1.285822 0.261340 1.451792
v -1.283255 0.331948 1.365890
v -1.268562 0.389553 1.270978
v -1.267998 0.351467 1.176775
v -1.189709 0.249357 1.447968
v -1.185990 0.291116 1.356339
v -1.173395 0.303014 1.257583
v -1.176584 0.267416 1.169730
v -1.901453 -0.032258 1.459442
v -1.901519 -0.031756 1.371005
v -1.901524 -0.032014 1.282547
v -1.901718 -0.031052 1.194120
v -1.813994 -0.019803 1.459707
v -1.814759 -0.014920 1.371407
v -1.815461 -0.012273 1.283017
v -1.816672 -0.007730 1.194646
v -1.727919 0.006512 1.460394
v -1.730419 0.021235 1.372494
v -1.733344 0.035003 1.284521
v -1.737816 0.054177 1.196743
v -1.643771 0.051319 1.461771
v -1.649803 0.083376 1.374784
v -1.657692 0.119688 1.288024
v -1.663938 0.145512 1.200424
v 1.636074 0.028558 1.901673
v 1.636074 0.028558 1.813223
v 1.636074 0.028558 1.724774
v 1.636097 0.028947 1.636355
v 1.724511 0.030101 1.901673
v 1.724511 0.030101 1.813223
v 1.724511 0.030101 1.724774
v 1.724511 0.030101 1.636324
v 1.812947 0.031645 1.901673
v 1.812947 0.031645 1.813223
v 1.812947 0.031645 1.724774
v 1.812947 0.031645 1.636324
v 1.901384 0.033189 1.901673
v 1.901384 0.033189 1.813223
v 1.901384 0.033189 1.724774
v 1.901384 0.033189 1.636324
v 1.193891 0.020944 1.901674
v 1.193363 0.050181 1.813565
v 1.191299 0.085247 1.726071
v 1.191746 0.063694 1.637727
v 1.282329 0.022383 1.901673
v 1.281987 0.035248 1.813487
v 1.280427 0.070746 1.726511
v 1.280333 0.073295 1.638850
v 1.370765 0.023927 1.901673
v 1.370596 0.029634 1.813494
v 1.369970 0.058510 1.726597
v 1.370199 0.076292 1.639280
v 1.459202 0.025470 1.901673
v 1.459176 0.027605 1.813377
v 1.459115 0.051570 1.726492
v 1.459943 0.079951 1.639904
v 0.751938 0.036686 1.904366
v 0.752136 0.056838 1.817742
v 0.752031 0.056892 1.726718
v 0.752846 0.073974 1.635983
v 0.840275 0.025690 1.902808
v 0.840656 0.053625 1.817101
v 0.840638 0.060604 1.728144
v 0.840851 0.057200 1.636068
v 0.928702 0.024050 1.902236
v 0.929084 0.058812 1.816263
v 0.928949 0.064856 1.727795
v 0.928749 0.036745 1.636319
v 1.017080 0.022027 1.901869
v 1.017097 0.067663 1.815380
v 1.016559 0.074403 1.726944
v 1.016833 0.033557 1.636606
v 0.309428 0.027123 1.902970
v 0.308948 0.041305 1.813429
v 0.308458 0.067366 1.724730
v 0.308192 0.093174 1.635599
v 0.398015 0.036334 1.904432
v 0.397519 0.037878 1.813670
v 0.397072 0.058744 1.724753
v 0.396818 0.081931 1.635942
v 0.486429 0.042145 1.904963
v 0.486042 0.036850 1.813835
v 0.485704 0.055233 1.724771
v 0.485706 0.077319 1.636198
v 0.574883 0.044432 1.904971
v 0.574625 0.040259 1.814389
v 0.574454 0.055134 1.724762
v 0.574970 0.080824 1.636221
v -0.134911 0.052382 1.909989
v -0.136589 0.097761 1.825119
v -0.139344 0.160911 1.743183
v -0.140102 0.189896 1.655430
v -0.045722 0.054045 1.909700
v -0.046764 0.094743 1.823050
v -0.048459 0.144672 1.737570
v -0.049128 0.173403 1.649570
v 0.043402 0.046891 1.907573
v 0.042776 0.080621 1.819213
v 0.041956 0.116966 1.730841
v 0.041456 0.145746 1.642450
v 0.132216 0.032246 1.903937
v 0.131696 0.061353 1.815026
v 0.131139 0.095075 1.726590
v 0.130856 0.122560 1.637397
v -0.575133 0.000012 1.902235
v -0.575505 0.015279 1.814511
v -0.577153 0.061819 1.732226
v -0.579890 0.130436 1.654957
v -0.487245 0.011872 1.903833
v -0.487663 0.027423 1.816051
v -0.490314 0.080057 1.735816
v -0.493200 0.140592 1.657355
v -0.399794 0.029156 1.906579
v -0.400624 0.049599 1.819567
v -0.404253 0.107427 1.740679
v -0.406561 0.154960 1.659008
v -0.312151 0.041657 1.908753
v -0.313780 0.072987 1.823459
v -0.317476 0.133545 1.743919
v -0.319356 0.173129 1.660031
v -1.020213 0.038362 1.904157
v -1.022467 0.079795 1.817076
v -1.021478 0.102672 1.725131
v -1.020142 0.140826 1.634085
v -0.932647 0.043673 1.905625
v -0.933959 0.070524 1.818090
v -0.932510 0.083671 1.728401
v -0.930849 0.112020 1.640853
v -0.842519 0.019641 1.904188
v -0.843320 0.040732 1.816928
v -0.842111 0.056657 1.729942
v -0.840432 0.091148 1.646407
v -0.752382 -0.001065 1.902404
v -0.752923 0.017750 1.815296
v -0.752633 0.043722 1.730052
v -0.752632 0.100064 1.649908
v -1.459225 -0.024126 1.901673
v -1.459885 0.013537 1.813225
v -1.460659 0.056903 1.724760
v -1.463618 0.095289 1.637355
v -1.370905 -0.016205 1.901676
v -1.371928 0.040636 1.813243
v -1.372040 0.091827 1.724152
v -1.371979 0.151492 1.633937
v -1.282683 -0.005151 1.901708
v -1.283745 0.045012 1.813375
v -1.282763 0.105375 1.723031
v -1.278469 0.175320 1.628957
v -1.194633 0.007328 1.901864
v -1.196225 0.058399 1.813907
v -1.194766 0.103763 1.722325
v -1.190303 0.168672 1.627170
v -1.901384 -0.033189 1.901673
v -1.901384 -0.033189 1.813223
v -1.901384 -0.033187 1.724774
v -1.901389 -0.033067 1.636325
v -1.812947 -0.031645 1.901673
v -1.812947 -0.031645 1.813223
v -1.812964 -0.031200 1.724777
v -1.813120 -0.028342 1.636371
v -1.724511 -0.030101 1.901673
v -1.724511 -0.030083 1.813223
v -1.724648 -0.026092 1.724803
v -1.725180 -0.016818 1.636511
v -1.636074 -0.028558 1.901673
v -1.636082 -0.028143 1.813224
v -1.636437 -0.014827 1.724830
v -1.637496 0.004157 1.636711
vt 0.219004 0.316239
vt 0.239444 0.318318
vt 0.238118 0.337992
vt 0.217796 0.336749
vt 0.318426 0.320173
vt 0.338666 0.320035
vt 0.338777 0.340416
vt 0.318407 0.340410
vt 0.421081 0.318802
vt 0.441943 0.318444
vt 0.442263 0.339341
vt 0.421396 0.339627
vt 0.526031 0.317179
vt 0.547174 0.316972
vt 0.547324 0.338090
vt 0.526250 0.338274
vt 0.316439 0.423538
vt 0.338197 0.423243
vt 0.337649 0.444310
vt 0.315794 0.444429
vt 0.422087 0.423169
vt 0.443046 0.423046
vt 0.443174 0.444025
vt 0.422188 0.444136
vt 0.527043 0.422377
vt 0.548074 0.422179
vt 0.548280 0.443228
vt 0.527230 0.443411
vt 0.422580 0.528238
vt 0.443634 0.528126
vt 0.443751 0.549182
vt 0.422690 0.549297
vt 0.527833 0.527610
vt 0.548883 0.527478
vt 0.549010 0.548523
vt 0.527967 0.548658
vt 0.633037 0.527186
vt 0.654025 0.527246
vt 0.653959 0.548168
vt 0.633035 0.548163
vt 0.737216 0.528319
vt 0.757603 0.529128
vt 0.757463 0.549084
vt 0.736973 0.548708
vt 0.317816 0.634229
vt 0.338909 0.634069
vt 0.339071 0.655102
vt 0.318057 0.655284
vt 0.423158 0.633586
vt 0.444242 0.633472
vt 0.444357 0.654567
vt 0.423264 0.654671
vt 0.528599 0.632871
vt 0.549663 0.632673
vt 0.549885 0.653737
vt 0.528796 0.653958
vt 0.633543 0.631740
vt 0.654380 0.631495
vt 0.654659 0.652307
vt 0.633816 0.652613
vt 0.736831 0.630421
vt 0.757374 0.630283
vt 0.758433 0.650759
vt 0.737232 0.650852
vt 0.318798 0.738758
vt 0.339510 0.738842
vt 0.339459 0.759658
vt 0.318922 0.759641
vt 0.423162 0.740025
vt 0.444499 0.739487
vt 0.443898 0.761772
vt 0.422825 0.761630
vt 0.360208 0.759968
vt 0.359730 0.780591
vt 0.339249 0.780198
vt 0.381035 0.760428
vt 0.380465 0.781093
vt 0.401913 0.761002
vt 0.401320 0.781832
vt 0.257612 0.760316
vt 0.278031 0.760002
vt 0.278384 0.780401
vt 0.258047 0.780907
vt 0.298450 0.759681
vt 0.298637 0.780093
vt 0.318891 0.780043
vt 0.779802 0.650642
vt 0.782656 0.671833
vt 0.759572 0.671584
vt 0.675445 0.651987
vt 0.675811 0.672765
vt 0.654997 0.673134
vt 0.676266 0.693707
vt 0.655377 0.693979
vt 0.677015 0.715262
vt 0.655955 0.715030
vt 0.696158 0.651632
vt 0.696588 0.672335
vt 0.697253 0.693599
vt 0.698118 0.715686
vt 0.716737 0.651232
vt 0.717233 0.671782
vt 0.718230 0.693361
vt 0.719284 0.715806
vt 0.737900 0.671435
vt 0.739436 0.693231
vt 0.740626 0.715678
vt 0.760830 0.692916
vt 0.570944 0.653486
vt 0.571233 0.674541
vt 0.550138 0.674832
vt 0.571575 0.695636
vt 0.550424 0.695972
vt 0.571982 0.716797
vt 0.550743 0.717183
vt 0.572474 0.738084
vt 0.551091 0.738512
vt 0.591957 0.653209
vt 0.592273 0.674210
vt 0.592657 0.695236
vt 0.593135 0.716298
vt 0.593770 0.737459
vt 0.612916 0.652915
vt 0.613244 0.673854
vt 0.613642 0.694797
vt 0.614137 0.715730
vt 0.614845 0.736726
vt 0.634148 0.673492
vt 0.634535 0.694364
vt 0.635011 0.715215
vt 0.635900 0.736394
vt 0.656933 0.736597
vt 0.465833 0.739102
vt 0.465388 0.761395
vt 0.465463 0.654449
vt 0.465586 0.675570
vt 0.444462 0.675678
vt 0.465699 0.696714
vt 0.444551 0.696810
vt 0.465799 0.717882
vt 0.444625 0.717972
vt 0.486575 0.654310
vt 0.486723 0.675438
vt 0.486863 0.696596
vt 0.486986 0.717791
vt 0.487061 0.739023
vt 0.507689 0.654148
vt 0.507867 0.675276
vt 0.508046 0.696442
vt 0.508215 0.717661
vt 0.508355 0.738952
vt 0.529010 0.675076
vt 0.529238 0.696238
vt 0.529474 0.717461
vt 0.529706 0.738783
vt 0.360348 0.739098
vt 0.381220 0.739382
vt 0.402167 0.739839
vt 0.360091 0.654965
vt 0.360203 0.675977
vt 0.339227 0.676090
vt 0.360277 0.696951
vt 0.339356 0.697020
vt 0.360295 0.717901
vt 0.339442 0.717883
vt 0.381128 0.654859
vt 0.381217 0.675900
vt 0.381265 0.696931
vt 0.381258 0.718042
vt 0.402187 0.654765
vt 0.402271 0.675837
vt 0.402319 0.696915
vt 0.402300 0.718144
vt 0.423352 0.675766
vt 0.423420 0.696882
vt 0.423442 0.718082
vt 0.236862 0.740362
vt 0.257233 0.739605
vt 0.236968 0.761118
vt 0.277671 0.739132
vt 0.298197 0.738860
vt 0.233916 0.677373
vt 0.255110 0.677029
vt 0.255716 0.698133
vt 0.234315 0.698700
vt 0.256576 0.719073
vt 0.235575 0.719876
vt 0.254612 0.655862
vt 0.275667 0.655546
vt 0.276255 0.676732
vt 0.276780 0.697747
vt 0.277256 0.718532
vt 0.296940 0.655451
vt 0.297329 0.676505
vt 0.297636 0.697401
vt 0.297935 0.718178
vt 0.318276 0.676262
vt 0.318481 0.697163
vt 0.318658 0.717970
vt 0.778064 0.630333
vt 0.777677 0.549676
vt 0.777402 0.569945
vt 0.757119 0.569490
vt 0.777298 0.590365
vt 0.756881 0.589792
vt 0.777468 0.610505
vt 0.756869 0.610016
vt 0.675149 0.631245
vt 0.695828 0.630984
vt 0.716407 0.630707
vt 0.674816 0.548220
vt 0.674780 0.569018
vt 0.653963 0.569038
vt 0.674818 0.589779
vt 0.654032 0.589874
vt 0.674940 0.610516
vt 0.654171 0.610688
vt 0.695618 0.548316
vt 0.695524 0.569038
vt 0.695521 0.589712
vt 0.695622 0.610353
vt 0.716320 0.548450
vt 0.716169 0.569105
vt 0.716116 0.589677
vt 0.716200 0.610200
vt 0.736719 0.569253
vt 0.736608 0.589700
vt 0.736623 0.610059
vt 0.570699 0.632456
vt 0.591696 0.632224
vt 0.612647 0.631984
vt 0.570045 0.548397
vt 0.570171 0.569419
vt 0.549146 0.569560
vt 0.570317 0.590432
vt 0.549297 0.590593
vt 0.570491 0.611441
vt 0.549468 0.611628
vt 0.591066 0.548287
vt 0.591173 0.569289
vt 0.591310 0.590273
vt 0.591482 0.611249
vt 0.612067 0.548206
vt 0.612146 0.569178
vt 0.612266 0.590124
vt 0.612431 0.611056
vt 0.633080 0.569092
vt 0.633177 0.589989
vt 0.633331 0.610868
vt 0.465333 0.633347
vt 0.486426 0.633207
vt 0.507517 0.633049
vt 0.464809 0.549059
vt 0.464937 0.570118
vt 0.443872 0.570244
vt 0.465067 0.591185
vt 0.443996 0.591312
vt 0.465200 0.612260
vt 0.444120 0.612388
vt 0.485865 0.548930
vt 0.485998 0.569986
vt 0.486136 0.591049
vt 0.486279 0.612122
vt 0.506918 0.548795
vt 0.507056 0.569847
vt 0.507200 0.590904
vt 0.507354 0.611970
vt 0.528106 0.569704
vt 0.528256 0.590752
vt 0.528419 0.611805
vt 0.359961 0.633926
vt 0.381017 0.633804
vt 0.402083 0.633694
vt 0.338038 0.549664
vt 0.359456 0.549618
vt 0.359573 0.570708
vt 0.338383 0.570804
vt 0.359696 0.591789
vt 0.338594 0.591911
vt 0.359827 0.612864
vt 0.338753 0.613003
vt 0.380547 0.549512
vt 0.380657 0.570591
vt 0.380775 0.591667
vt 0.380897 0.612739
vt 0.401623 0.549407
vt 0.401734 0.570478
vt 0.401850 0.591550
vt 0.401968 0.612623
vt 0.422805 0.570363
vt 0.422923 0.591433
vt 0.423042 0.612507
vt 0.296341 0.634211
vt 0.317476 0.613077
vt 0.778165 0.529945
vt 0.674917 0.527387
vt 0.695803 0.527580
vt 0.716613 0.527639
vt 0.654088 0.485418
vt 0.674035 0.486188
vt 0.675228 0.506344
vt 0.654171 0.506256
vt 0.695485 0.507468
vt 0.569933 0.527357
vt 0.590980 0.527258
vt 0.612018 0.527195
vt 0.569355 0.443028
vt 0.569548 0.464120
vt 0.548462 0.464291
vt 0.569700 0.485216
vt 0.548618 0.485359
vt 0.569822 0.506297
vt 0.548756 0.506423
vt 0.590480 0.442803
vt 0.590676 0.463945
vt 0.590809 0.485088
vt 0.590901 0.506193
vt 0.611721 0.442524
vt 0.611861 0.463774
vt 0.611952 0.484998
vt 0.611991 0.506130
vt 0.632499 0.442851
vt 0.632954 0.463809
vt 0.633199 0.484921
vt 0.633073 0.506146
vt 0.655695 0.441847
vt 0.653598 0.464505
vt 0.464684 0.528006
vt 0.485734 0.527878
vt 0.506783 0.527745
vt 0.464170 0.443893
vt 0.464306 0.464902
vt 0.443292 0.465026
vt 0.464435 0.485926
vt 0.443406 0.486046
vt 0.464560 0.506961
vt 0.443519 0.507080
vt 0.485177 0.443744
vt 0.485327 0.464763
vt 0.485468 0.485794
vt 0.485602 0.506833
vt 0.506197 0.443583
vt 0.506358 0.464614
vt 0.506508 0.485653
vt 0.506648 0.506698
vt 0.527402 0.464456
vt 0.527556 0.485507
vt 0.527698 0.506560
vt 0.337671 0.528533
vt 0.359357 0.528520
vt 0.380450 0.528434
vt 0.401520 0.528340
vt 0.359219 0.444253
vt 0.359195 0.465290
vt 0.337281 0.465339
vt 0.359222 0.486354
vt 0.337185 0.486373
vt 0.359273 0.507431
vt 0.337322 0.507444
vt 0.380227 0.444263
vt 0.380254 0.465270
vt 0.380302 0.486308
vt 0.380367 0.507363
vt 0.401208 0.444218
vt 0.401272 0.465215
vt 0.401345 0.486239
vt 0.401427 0.507282
vt 0.422282 0.465132
vt 0.422377 0.486151
vt 0.422476 0.507188
vt 0.315414 0.465326
vt 0.315154 0.486353
vt 0.569117 0.421957
vt 0.590179 0.421683
vt 0.611271 0.421311
vt 0.631848 0.421694
vt 0.568392 0.337981
vt 0.568478 0.358991
vt 0.547477 0.359136
vt 0.568636 0.379953
vt 0.547655 0.380145
vt 0.568861 0.400931
vt 0.547859 0.401153
vt 0.589416 0.337982
vt 0.589410 0.358895
vt 0.589550 0.379750
vt 0.589836 0.400662
vt 0.610108 0.338083
vt 0.610122 0.358860
vt 0.610292 0.379510
vt 0.610738 0.400288
vt 0.630475 0.358612
vt 0.629811 0.379733
vt 0.630990 0.400668
vt 0.464022 0.422899
vt 0.485015 0.422736
vt 0.506023 0.422562
vt 0.463190 0.339052
vt 0.463451 0.360004
vt 0.442521 0.360243
vt 0.463670 0.380958
vt 0.442730 0.381156
vt 0.463858 0.401922
vt 0.442901 0.402090
vt 0.484171 0.338770
vt 0.484423 0.359765
vt 0.484642 0.380752
vt 0.484838 0.401740
vt 0.505194 0.338506
vt 0.505426 0.359534
vt 0.505638 0.380544
vt 0.505836 0.401550
vt 0.526450 0.359321
vt 0.526648 0.380341
vt 0.526847 0.401355
vt 0.359284 0.423280
vt 0.380215 0.423303
vt 0.401145 0.423259
vt 0.359278 0.340314
vt 0.359373 0.360917
vt 0.338778 0.360934
vt 0.359393 0.381615
vt 0.338686 0.381556
vt 0.359354 0.402404
vt 0.338524 0.402307
vt 0.379892 0.340132
vt 0.380058 0.360824
vt 0.380153 0.381582
vt 0.380197 0.402405
vt 0.400602 0.339896
vt 0.400817 0.360667
vt 0.400966 0.381482
vt 0.401069 0.402345
vt 0.421640 0.360468
vt 0.421827 0.381335
vt 0.421971 0.402235
vt 0.295415 0.423411
vt 0.294868 0.444113
vt 0.258016 0.339065
vt 0.256909 0.359575
vt 0.236402 0.358623
vt 0.255807 0.380508
vt 0.235162 0.379483
vt 0.254903 0.401248
vt 0.234135 0.400385
vt 0.278037 0.339813
vt 0.277346 0.360163
vt 0.276372 0.381202
vt 0.275513 0.402085
vt 0.298168 0.340243
vt 0.297800 0.360566
vt 0.297118 0.381408
vt 0.296121 0.402614
vt 0.274828 0.422740
vt 0.318258 0.360821
vt 0.318004 0.381407
vt 0.317376 0.402393
vt 0.215406 0.357507
vt 0.568346 0.316859
vt 0.589520 0.316895
vt 0.610387 0.317099
vt 0.634245 0.316709
vt 0.632306 0.337451
vt 0.545877 0.231639
vt 0.567393 0.231095
vt 0.567846 0.252673
vt 0.546365 0.253080
vt 0.568137 0.274188
vt 0.546733 0.274458
vt 0.568285 0.295589
vt 0.546991 0.295760
vt 0.589507 0.252319
vt 0.589682 0.274031
vt 0.589666 0.295553
vt 0.611437 0.252060
vt 0.611311 0.274005
vt 0.610970 0.295709
vt 0.633559 0.273856
vt 0.635162 0.296208
vt 0.462878 0.318093
vt 0.483875 0.317757
vt 0.504929 0.317448
vt 0.439921 0.234716
vt 0.460946 0.234063
vt 0.461531 0.255098
vt 0.440524 0.255672
vt 0.462054 0.276120
vt 0.441080 0.276619
vt 0.462502 0.297118
vt 0.441551 0.297541
vt 0.482610 0.254548
vt 0.483105 0.275649
vt 0.483524 0.296718
vt 0.482044 0.233424
vt 0.503227 0.232812
vt 0.503768 0.254027
vt 0.504231 0.275207
vt 0.504613 0.296349
vt 0.524498 0.232223
vt 0.525011 0.253537
vt 0.525440 0.274804
vt 0.525769 0.296023
vt 0.359075 0.319795
vt 0.379629 0.319493
vt 0.400305 0.319156
vt 0.335694 0.237859
vt 0.356430 0.237443
vt 0.357485 0.258482
vt 0.337100 0.259363
vt 0.358200 0.278904
vt 0.337857 0.279538
vt 0.358727 0.299337
vt 0.338389 0.299758
vt 0.377182 0.236801
vt 0.378044 0.257679
vt 0.378722 0.278292
vt 0.379246 0.298889
vt 0.398012 0.236062
vt 0.398754 0.256944
vt 0.399394 0.277703
vt 0.399906 0.298433
vt 0.418944 0.235373
vt 0.419592 0.256285
vt 0.420187 0.277146
vt 0.420681 0.297981
vt 0.258875 0.319279
vt 0.278560 0.319902
vt 0.298386 0.320146
vt 0.238615 0.259216
vt 0.259563 0.262418
vt 0.260197 0.281120
vt 0.240607 0.279340
vt 0.259598 0.299912
vt 0.240520 0.298860
vt 0.278324 0.262423
vt 0.278925 0.281103
vt 0.278886 0.300312
vt 0.297383 0.261498
vt 0.298156 0.280747
vt 0.298419 0.300325
vt 0.317010 0.260402
vt 0.317837 0.280178
vt 0.318253 0.300106
vt 0.315213 0.238545
vt 0.217316 0.294014
vt 0.087632 0.093670
vt 0.110636 0.095149
vt 0.111822 0.117736
vt 0.087891 0.115583
vt 0.202341 0.103160
vt 0.222204 0.100606
vt 0.223118 0.123977
vt 0.203919 0.127172
vt 0.307676 0.088545
vt 0.328819 0.089741
vt 0.328962 0.113640
vt 0.307981 0.113116
vt 0.413944 0.091839
vt 0.434955 0.092894
vt 0.435478 0.116449
vt 0.414085 0.115735
vt 0.521670 0.094641
vt 0.543483 0.094904
vt 0.542380 0.118208
vt 0.520929 0.118064
vt 0.632339 0.095319
vt 0.654413 0.095792
vt 0.654114 0.118266
vt 0.632108 0.117710
vt 0.742131 0.097713
vt 0.763418 0.097830
vt 0.762978 0.119846
vt 0.741673 0.119160
vt 0.853245 0.097606
vt 0.876019 0.097156
vt 0.875376 0.120452
vt 0.853648 0.120615
vt 0.965382 0.093850
vt 0.987364 0.093385
vt 0.987812 0.115384
vt 0.965848 0.115809
vt 0.094667 0.201276
vt 0.120418 0.202081
vt 0.120827 0.221081
vt 0.096406 0.221364
vt 0.209600 0.210975
vt 0.231943 0.216371
vt 0.235589 0.238576
vt 0.212458 0.232978
vt 0.312024 0.212853
vt 0.332816 0.211980
vt 0.417898 0.212700
vt 0.439079 0.212533
vt 0.523816 0.210152
vt 0.545244 0.209594
vt 0.631890 0.207366
vt 0.653504 0.206413
vt 0.654040 0.228346
vt 0.632558 0.229331
vt 0.738632 0.206510
vt 0.760842 0.207275
vt 0.759955 0.230537
vt 0.737469 0.228618
vt 0.851621 0.208662
vt 0.876572 0.208659
vt 0.876927 0.231417
vt 0.850673 0.232445
vt 0.967315 0.203554
vt 0.989214 0.203269
vt 0.989856 0.225323
vt 0.967950 0.225767
vt 0.096249 0.309822
vt 0.122264 0.308907
vt 0.122430 0.332996
vt 0.096549 0.332795
vt 0.655058 0.316818
vt 0.653699 0.336687
vt 0.744506 0.340629
vt 0.754515 0.341267
vt 0.753705 0.351859
vt 0.743954 0.351858
vt 0.851224 0.318609
vt 0.880904 0.314579
vt 0.881603 0.334229
vt 0.854972 0.338114
vt 0.971758 0.313318
vt 0.993155 0.312936
vt 0.993507 0.334560
vt 0.972162 0.334735
vt 0.096879 0.421734
vt 0.120372 0.421838
vt 0.117924 0.444126
vt 0.096149 0.444051
vt 0.210951 0.422524
vt 0.232767 0.421984
vt 0.231412 0.443518
vt 0.209785 0.443626
vt 0.655815 0.421328
vt 0.734792 0.428402
vt 0.757782 0.427102
vt 0.758264 0.447667
vt 0.734743 0.446626
vt 0.854158 0.424253
vt 0.878155 0.421872
vt 0.877683 0.444162
vt 0.853544 0.445207
vt 0.971440 0.420886
vt 0.994580 0.421106
vt 0.994789 0.442859
vt 0.971322 0.442528
vt 0.089100 0.526002
vt 0.112690 0.526197
vt 0.116896 0.546596
vt 0.091076 0.546574
vt 0.203128 0.528633
vt 0.228408 0.528495
vt 0.229400 0.549686
vt 0.199308 0.549465
vt 0.314383 0.528387
vt 0.314750 0.549190
vt 0.849292 0.531481
vt 0.876093 0.532254
vt 0.875181 0.555393
vt 0.848937 0.554365
vt 0.974199 0.530547
vt 0.997170 0.530210
vt 0.997831 0.551914
vt 0.975512 0.552430
vt 0.096281 0.633632
vt 0.118844 0.633623
vt 0.120695 0.655439
vt 0.097680 0.655688
vt 0.212710 0.635792
vt 0.233278 0.635039
vt 0.233639 0.656272
vt 0.212718 0.656402
vt 0.852250 0.640983
vt 0.872232 0.638730
vt 0.874290 0.655568
vt 0.851809 0.654195
vt 0.978347 0.638772
vt 0.999773 0.638458
vt 0.999900 0.660133
vt 0.978384 0.660020
vt 0.100273 0.745520
vt 0.122963 0.744756
vt 0.123537 0.767733
vt 0.101010 0.768066
vt 0.212310 0.742346
vt 0.210684 0.765454
vt 0.551489 0.760547
vt 0.529925 0.760700
vt 0.658586 0.758728
vt 0.638409 0.759866
vt 0.740991 0.738243
vt 0.763580 0.735459
vt 0.762342 0.762342
vt 0.739456 0.764478
vt 0.858685 0.742451
vt 0.882188 0.744760
vt 0.881907 0.767672
vt 0.859238 0.766380
vt 0.974915 0.747103
vt 0.997288 0.747613
vt 0.996812 0.769489
vt 0.974676 0.769147
vt 0.102149 0.856138
vt 0.124988 0.855545
vt 0.124997 0.876454
vt 0.101974 0.877438
vt 0.216491 0.856702
vt 0.239104 0.855783
vt 0.238637 0.876228
vt 0.216183 0.878175
vt 0.314952 0.855159
vt 0.334152 0.853403
vt 0.333228 0.875451
vt 0.314588 0.874813
vt 0.417227 0.850137
vt 0.440653 0.849642
vt 0.441949 0.873736
vt 0.418957 0.873641
vt 0.531428 0.848019
vt 0.553001 0.848025
vt 0.553832 0.870825
vt 0.532044 0.871443
vt 0.644811 0.845802
vt 0.666116 0.844842
vt 0.666186 0.868375
vt 0.644527 0.868880
vt 0.743344 0.847937
vt 0.768809 0.855089
vt 0.774251 0.882531
vt 0.752325 0.880710
vt 0.860218 0.857659
vt 0.881725 0.857450
vt 0.881791 0.879503
vt 0.860847 0.880019
vt 0.972297 0.862611
vt 0.994115 0.861981
vt 0.994283 0.884077
vt 0.971786 0.883870
vt 0.096266 0.963993
vt 0.118558 0.965776
vt 0.117355 0.987683
vt 0.095618 0.986553
vt 0.206226 0.972096
vt 0.227780 0.973662
vt 0.226396 0.995288
vt 0.204599 0.993815
vt 0.313589 0.976977
vt 0.335007 0.976795
vt 0.335404 0.998452
vt 0.313524 0.998601
vt 0.422950 0.970544
vt 0.445584 0.967850
vt 0.445100 0.993131
vt 0.423134 0.994233
vt 0.532716 0.962478
vt 0.554493 0.962232
vt 0.555002 0.986686
vt 0.533133 0.987516
vt 0.643214 0.964213
vt 0.665366 0.965460
vt 0.664515 0.988375
vt 0.642504 0.987249
vt 0.753108 0.969659
vt 0.775103 0.970319
vt 0.774403 0.994376
vt 0.752525 0.993549
vt 0.863147 0.969059
vt 0.884736 0.969110
vt 0.884928 0.993412
vt 0.862883 0.992896
vt 0.974177 0.975086
vt 0.996657 0.976646
vt 0.995764 0.998617
vt 0.973805 0.997697
vt 0.906510 0.969491
vt 0.907037 0.994236
vt 0.928510 0.970420
vt 0.929348 0.995471
vt 0.950959 0.972343
vt 0.951724 0.996756
vt 0.902248 0.879119
vt 0.904097 0.901390
vt 0.882549 0.901058
vt 0.906104 0.924939
vt 0.883953 0.924689
vt 0.906482 0.947017
vt 0.884671 0.947257
vt 0.925781 0.880725
vt 0.927993 0.903597
vt 0.928474 0.925383
vt 0.928243 0.947077
vt 0.950376 0.883073
vt 0.950287 0.904432
vt 0.949865 0.925603
vt 0.949899 0.947831
vt 0.971468 0.904947
vt 0.971494 0.926737
vt 0.972597 0.950228
vt 0.994856 0.906647
vt 0.995967 0.930112
vt 0.997104 0.954150
vt 0.797282 0.970362
vt 0.796411 0.994237
vt 0.819546 0.969919
vt 0.818604 0.993641
vt 0.841550 0.969406
vt 0.840800 0.993085
vt 0.796124 0.882197
vt 0.796759 0.903898
vt 0.775126 0.904512
vt 0.797219 0.926027
vt 0.775514 0.926251
vt 0.797528 0.948049
vt 0.775514 0.948045
vt 0.818165 0.881520
vt 0.818495 0.903147
vt 0.819035 0.925761
vt 0.819634 0.947924
vt 0.839619 0.880713
vt 0.840045 0.902409
vt 0.840747 0.925458
vt 0.841536 0.947791
vt 0.861420 0.901761
vt 0.862319 0.925027
vt 0.863096 0.947564
vt 0.687375 0.966718
vt 0.686543 0.989693
vt 0.709327 0.967865
vt 0.708578 0.991108
vt 0.731218 0.968842
vt 0.730578 0.992432
vt 0.687074 0.867888
vt 0.689172 0.896238
vt 0.666946 0.894047
vt 0.689961 0.923108
vt 0.668289 0.921652
vt 0.688478 0.944739
vt 0.666562 0.943314
vt 0.707012 0.868180
vt 0.711714 0.900659
vt 0.711507 0.924025
vt 0.710340 0.945900
vt 0.727703 0.871654
vt 0.734449 0.905142
vt 0.733067 0.925548
vt 0.732043 0.946970
vt 0.754445 0.905089
vt 0.754202 0.926247
vt 0.753724 0.947742
vt 0.576501 0.962266
vt 0.576834 0.986169
vt 0.598701 0.962598
vt 0.598671 0.986066
vt 0.620983 0.963250
vt 0.620558 0.986457
vt 0.575668 0.870542
vt 0.576524 0.893806
vt 0.554235 0.894135
vt 0.576631 0.916928
vt 0.554182 0.917097
vt 0.576108 0.939163
vt 0.553870 0.938993
vt 0.598679 0.870630
vt 0.599480 0.893624
vt 0.599396 0.916737
vt 0.598847 0.939629
vt 0.621915 0.870186
vt 0.622283 0.893246
vt 0.622185 0.916559
vt 0.621621 0.940454
vt 0.644705 0.893209
vt 0.645245 0.918351
vt 0.644234 0.941656
vt 0.467706 0.965769
vt 0.467186 0.991693
vt 0.489483 0.964219
vt 0.489256 0.990050
vt 0.511094 0.963096
vt 0.511226 0.988615
vt 0.465294 0.873744
vt 0.466327 0.896940
vt 0.443909 0.897260
vt 0.467421 0.919424
vt 0.446214 0.920008
vt 0.468097 0.940949
vt 0.446567 0.942088
vt 0.487908 0.873260
vt 0.488369 0.896311
vt 0.488846 0.918814
vt 0.489504 0.940153
vt 0.510110 0.872369
vt 0.510289 0.895469
vt 0.510469 0.918045
vt 0.510830 0.939429
vt 0.532189 0.894692
vt 0.532175 0.917471
vt 0.532179 0.939070
vt 0.356445 0.976123
vt 0.357305 0.997830
vt 0.378031 0.974919
vt 0.379241 0.996765
vt 0.400224 0.973005
vt 0.401223 0.995415
vt 0.353405 0.875141
vt 0.353733 0.898065
vt 0.334116 0.898456
vt 0.354967 0.930126
vt 0.334229 0.932834
vt 0.355493 0.955096
vt 0.334607 0.955613
vt 0.374590 0.874486
vt 0.375243 0.898076
vt 0.376800 0.926059
vt 0.376679 0.953473
vt 0.396486 0.873879
vt 0.398024 0.897731
vt 0.400132 0.923137
vt 0.400042 0.949274
vt 0.421080 0.897433
vt 0.423775 0.921120
vt 0.424046 0.944813
vt 0.249301 0.974942
vt 0.248152 0.996563
vt 0.270764 0.975979
vt 0.269906 0.997583
vt 0.292178 0.976681
vt 0.291687 0.998289
vt 0.258997 0.875092
vt 0.255055 0.897413
vt 0.236347 0.896948
vt 0.251992 0.930620
vt 0.230601 0.930878
vt 0.250461 0.953554
vt 0.229201 0.952356
vt 0.278165 0.874754
vt 0.274665 0.901421
vt 0.272803 0.932605
vt 0.271679 0.954726
vt 0.296860 0.874468
vt 0.295205 0.901351
vt 0.293218 0.933800
vt 0.292681 0.955469
vt 0.314989 0.899440
vt 0.313667 0.933514
vt 0.313650 0.955718
vt 0.140471 0.967175
vt 0.139126 0.989001
vt 0.162440 0.968524
vt 0.160905 0.990452
vt 0.184395 0.970209
vt 0.182721 0.992106
vt 0.147205 0.876678
vt 0.146010 0.897801
vt 0.123575 0.898179
vt 0.144126 0.920196
vt 0.121241 0.921218
vt 0.141730 0.944817
vt 0.119654 0.943145
vt 0.169146 0.878917
vt 0.167059 0.899269
vt 0.165182 0.920221
vt 0.163947 0.945742
vt 0.191504 0.880729
vt 0.189449 0.903200
vt 0.187935 0.924323
vt 0.186114 0.947923
vt 0.212961 0.902680
vt 0.210202 0.930522
vt 0.208038 0.950718
vt 0.008803 0.964336
vt 0.030517 0.964463
vt 0.030428 0.986172
vt 0.008694 0.986070
vt 0.052175 0.964524
vt 0.052141 0.986235
vt 0.074062 0.964292
vt 0.073898 0.986267
vt 0.009214 0.877064
vt 0.033918 0.876831
vt 0.033388 0.898494
vt 0.009449 0.898980
vt 0.031255 0.921021
vt 0.009226 0.920827
vt 0.030648 0.942848
vt 0.008966 0.942614
vt 0.058073 0.876766
vt 0.057519 0.897844
vt 0.055840 0.919228
vt 0.052571 0.942699
vt 0.080211 0.877028
vt 0.078491 0.898393
vt 0.077355 0.918480
vt 0.076645 0.938750
vt 0.101813 0.898095
vt 0.097181 0.919778
vt 0.096365 0.939519
vt 0.903145 0.858234
vt 0.925246 0.858614
vt 0.949755 0.860681
vt 0.904755 0.767989
vt 0.904558 0.790603
vt 0.881995 0.790363
vt 0.904324 0.813149
vt 0.882053 0.812709
vt 0.903954 0.835607
vt 0.881855 0.834935
vt 0.927621 0.768532
vt 0.927404 0.791034
vt 0.927200 0.813788
vt 0.926319 0.836476
vt 0.950864 0.768916
vt 0.950966 0.791346
vt 0.950189 0.813927
vt 0.949350 0.837345
vt 0.974013 0.791089
vt 0.972655 0.814579
vt 0.972335 0.839284
vt 0.995984 0.791620
vt 0.994868 0.815343
vt 0.994287 0.839131
vt 0.794134 0.859306
vt 0.816748 0.859519
vt 0.838506 0.858450
vt 0.787992 0.760767
vt 0.785077 0.785933
vt 0.758117 0.787515
vt 0.784735 0.809049
vt 0.756210 0.807373
vt 0.789482 0.833837
vt 0.759419 0.827333
vt 0.812384 0.761191
vt 0.812030 0.786476
vt 0.812803 0.811552
vt 0.814733 0.835901
vt 0.835543 0.763098
vt 0.836615 0.788534
vt 0.836942 0.812572
vt 0.837546 0.835805
vt 0.859427 0.789894
vt 0.859536 0.812746
vt 0.859814 0.835302
vt 0.686310 0.843727
vt 0.705104 0.841145
vt 0.720721 0.839997
vt 0.678294 0.758180
vt 0.678542 0.779528
vt 0.659727 0.782217
vt 0.679213 0.803791
vt 0.661371 0.805114
vt 0.684552 0.824509
vt 0.664787 0.824168
vt 0.698623 0.759928
vt 0.698296 0.780467
vt 0.700671 0.804497
vt 0.703799 0.824957
vt 0.719213 0.763272
vt 0.718671 0.784792
vt 0.719403 0.806604
vt 0.718963 0.824484
vt 0.737452 0.787966
vt 0.736700 0.806984
vt 0.737063 0.824456
vt 0.574468 0.847849
vt 0.595842 0.847626
vt 0.620335 0.847698
vt 0.573135 0.760294
vt 0.573708 0.782836
vt 0.551848 0.783045
vt 0.573748 0.804708
vt 0.551769 0.804975
vt 0.573831 0.826212
vt 0.551790 0.826062
vt 0.594847 0.759884
vt 0.595770 0.782637
vt 0.595363 0.804430
vt 0.594849 0.825930
vt 0.616707 0.759780
vt 0.618350 0.782424
vt 0.617735 0.803791
vt 0.616996 0.825247
vt 0.640471 0.782861
vt 0.642861 0.804441
vt 0.643622 0.824323
vt 0.464354 0.849480
vt 0.487078 0.849120
vt 0.509466 0.848290
vt 0.465007 0.783457
vt 0.443520 0.783192
vt 0.464793 0.805083
vt 0.442950 0.804758
vt 0.464491 0.826285
vt 0.441890 0.825357
vt 0.486935 0.761003
vt 0.486712 0.783425
vt 0.486668 0.805115
vt 0.486888 0.826659
vt 0.508420 0.760855
vt 0.508411 0.783374
vt 0.508469 0.805092
vt 0.508894 0.826560
vt 0.530107 0.783277
vt 0.530194 0.805168
vt 0.530243 0.826445
vt 0.354330 0.851550
vt 0.374884 0.850277
vt 0.395823 0.849960
vt 0.358983 0.801169
vt 0.338906 0.800509
vt 0.357628 0.821183
vt 0.338069 0.820625
vt 0.379009 0.802007
vt 0.377350 0.822194
vt 0.399748 0.803093
vt 0.397924 0.823398
vt 0.422295 0.782622
vt 0.421257 0.804067
vt 0.419556 0.824271
vt 0.260846 0.855942
vt 0.280414 0.855970
vt 0.297501 0.855199
vt 0.235929 0.783220
vt 0.259199 0.800830
vt 0.238024 0.804324
vt 0.259420 0.825244
vt 0.237772 0.830315
vt 0.278857 0.800635
vt 0.279372 0.825296
vt 0.298898 0.800202
vt 0.299029 0.822923
vt 0.318885 0.800195
vt 0.318621 0.820798
vt 0.148465 0.855561
vt 0.170636 0.856294
vt 0.193140 0.857195
vt 0.145802 0.767404
vt 0.147096 0.791678
vt 0.124482 0.790981
vt 0.148523 0.814016
vt 0.125398 0.813261
vt 0.148882 0.834728
vt 0.125509 0.834610
vt 0.167682 0.766730
vt 0.168504 0.790355
vt 0.169529 0.813639
vt 0.170493 0.834966
vt 0.189333 0.766147
vt 0.189809 0.788890
vt 0.191087 0.811410
vt 0.192601 0.834764
vt 0.210395 0.787630
vt 0.212899 0.809580
vt 0.215115 0.833833
vt 0.008659 0.855156
vt 0.032910 0.855151
vt 0.058203 0.855407
vt 0.080564 0.855778
vt 0.008073 0.767785
vt 0.030403 0.767684
vt 0.030623 0.789574
vt 0.008188 0.789605
vt 0.031984 0.811595
vt 0.008406 0.811469
vt 0.032259 0.833389
vt 0.008383 0.833271
vt 0.056702 0.768251
vt 0.057405 0.790346
vt 0.058060 0.812383
vt 0.058397 0.833996
vt 0.078755 0.768234
vt 0.079398 0.790478
vt 0.079993 0.812561
vt 0.080369 0.834269
vt 0.101629 0.790669
vt 0.101997 0.813011
vt 0.102142 0.834784
vt 0.905029 0.745367
vt 0.928008 0.746174
vt 0.951100 0.746733
vt 0.900266 0.657916
vt 0.904958 0.679112
vt 0.879271 0.676469
vt 0.905613 0.700507
vt 0.882027 0.699475
vt 0.905424 0.722772
vt 0.882441 0.722039
vt 0.933346 0.660065
vt 0.932644 0.680578
vt 0.930346 0.701848
vt 0.928762 0.723878
vt 0.957368 0.660099
vt 0.956872 0.680773
vt 0.954866 0.702237
vt 0.952363 0.724578
vt 0.977998 0.681339
vt 0.977058 0.702975
vt 0.975821 0.724992
vt 0.999615 0.681893
vt 0.998900 0.703787
vt 0.998002 0.725713
vt 0.787317 0.736363
vt 0.812571 0.737183
vt 0.834938 0.738618
vt 0.784562 0.693236
vt 0.785886 0.714577
vt 0.762138 0.714414
vt 0.800424 0.650151
vt 0.806437 0.671196
vt 0.811488 0.692995
vt 0.812752 0.714564
vt 0.836537 0.655790
vt 0.834199 0.672284
vt 0.834783 0.694754
vt 0.834803 0.716255
vt 0.854079 0.673052
vt 0.858385 0.698095
vt 0.858385 0.719681
vt 0.677768 0.737186
vt 0.698529 0.738135
vt 0.719561 0.739161
vt 0.145197 0.744130
vt 0.167356 0.743775
vt 0.189416 0.743481
vt 0.144222 0.654905
vt 0.144652 0.677222
vt 0.121590 0.677513
vt 0.144718 0.699411
vt 0.122060 0.699756
vt 0.144869 0.721584
vt 0.122468 0.722134
vt 0.168224 0.655291
vt 0.167702 0.677224
vt 0.167372 0.699427
vt 0.167267 0.721483
vt 0.191680 0.656236
vt 0.190324 0.677620
vt 0.189442 0.699630
vt 0.189315 0.721394
vt 0.212533 0.677581
vt 0.212446 0.699013
vt 0.212265 0.720652
vt 0.007843 0.745912
vt 0.029805 0.745700
vt 0.055575 0.746116
vt 0.078004 0.745944
vt 0.006026 0.658392
vt 0.027948 0.657603
vt 0.028671 0.679675
vt 0.006718 0.680281
vt 0.029141 0.701736
vt 0.007210 0.702177
vt 0.029496 0.723753
vt 0.007583 0.724056
vt 0.052224 0.656883
vt 0.052946 0.679215
vt 0.053758 0.701580
vt 0.054558 0.723865
vt 0.074891 0.656126
vt 0.075680 0.678632
vt 0.076424 0.701260
vt 0.077183 0.723656
vt 0.098595 0.677938
vt 0.099133 0.700394
vt 0.099598 0.722984
vt 0.895571 0.638740
vt 0.931968 0.639417
vt 0.957101 0.639127
vt 0.901281 0.554534
vt 0.902656 0.577055
vt 0.873693 0.578819
vt 0.899035 0.600164
vt 0.871392 0.603254
vt 0.895416 0.620803
vt 0.870757 0.621980
vt 0.929394 0.554253
vt 0.931440 0.575977
vt 0.932166 0.597177
vt 0.930863 0.618653
vt 0.951611 0.552630
vt 0.953055 0.574187
vt 0.954608 0.595978
vt 0.956221 0.617815
vt 0.976397 0.574053
vt 0.977108 0.595651
vt 0.977941 0.617335
vt 0.998374 0.573560
vt 0.998844 0.595184
vt 0.999381 0.616831
vt 0.797056 0.630141
vt 0.831052 0.637753
vt 0.798905 0.550393
vt 0.799294 0.571470
vt 0.798594 0.591974
vt 0.797061 0.611423
vt 0.823286 0.552260
vt 0.824351 0.574475
vt 0.825374 0.595597
vt 0.826424 0.616109
vt 0.849543 0.578036
vt 0.850969 0.601355
vt 0.852202 0.621983
vt 0.254109 0.634735
vt 0.275188 0.634466
vt 0.251918 0.549672
vt 0.252136 0.570679
vt 0.229576 0.571029
vt 0.252668 0.592021
vt 0.231162 0.592638
vt 0.253495 0.613664
vt 0.232487 0.614161
vt 0.272738 0.549225
vt 0.273127 0.570052
vt 0.273841 0.591628
vt 0.274652 0.613379
vt 0.293032 0.548975
vt 0.293819 0.569758
vt 0.295120 0.591616
vt 0.295748 0.612966
vt 0.315940 0.570403
vt 0.316958 0.591826
vt 0.142880 0.631762
vt 0.167940 0.633779
vt 0.192266 0.635883
vt 0.138499 0.549057
vt 0.139293 0.565224
vt 0.120136 0.565461
vt 0.139558 0.583627
vt 0.119285 0.585865
vt 0.140437 0.605388
vt 0.117528 0.610363
vt 0.153589 0.550608
vt 0.154327 0.565302
vt 0.155756 0.582904
vt 0.157960 0.604026
vt 0.169527 0.550249
vt 0.171311 0.566080
vt 0.176289 0.585329
vt 0.190909 0.614789
vt 0.204175 0.570143
vt 0.210639 0.594084
vt 0.212346 0.615749
vt 0.005185 0.636485
vt 0.027112 0.635601
vt 0.051327 0.634728
vt 0.073853 0.633857
vt 0.001924 0.548914
vt 0.023600 0.548326
vt 0.024320 0.570015
vt 0.002560 0.570746
vt 0.025204 0.591776
vt 0.003356 0.592645
vt 0.026178 0.613647
vt 0.004269 0.614571
vt 0.046028 0.547927
vt 0.047236 0.569464
vt 0.048489 0.591066
vt 0.049806 0.612803
vt 0.068140 0.547273
vt 0.069781 0.568653
vt 0.071270 0.590206
vt 0.072459 0.611924
vt 0.093251 0.567520
vt 0.094444 0.588920
vt 0.094796 0.611413
vt 0.898930 0.531998
vt 0.927705 0.531996
vt 0.950462 0.530774
vt 0.902178 0.443648
vt 0.901617 0.466317
vt 0.877076 0.466813
vt 0.899315 0.489340
vt 0.876878 0.489782
vt 0.897979 0.510732
vt 0.876487 0.510525
vt 0.925950 0.443087
vt 0.926102 0.465325
vt 0.926475 0.487453
vt 0.926886 0.509705
vt 0.948569 0.442355
vt 0.948635 0.464359
vt 0.948951 0.486408
vt 0.949570 0.508621
vt 0.971301 0.464343
vt 0.971642 0.486277
vt 0.972677 0.508393
vt 0.995222 0.464719
vt 0.995843 0.486620
vt 0.996500 0.508453
vt 0.799097 0.530259
vt 0.822696 0.530059
vt 0.778519 0.447994
vt 0.776085 0.466578
vt 0.757680 0.466563
vt 0.775202 0.484802
vt 0.755990 0.484264
vt 0.777089 0.507899
vt 0.756200 0.506185
vt 0.801752 0.448332
vt 0.801364 0.468736
vt 0.801465 0.489578
vt 0.800460 0.510505
vt 0.830222 0.448552
vt 0.829089 0.467755
vt 0.826055 0.487420
vt 0.823585 0.508535
vt 0.853071 0.466119
vt 0.852874 0.487693
vt 0.850952 0.509393
vt 0.676352 0.441561
vt 0.675795 0.462724
vt 0.694948 0.443346
vt 0.695655 0.462853
vt 0.694663 0.486387
vt 0.714280 0.445629
vt 0.714688 0.464699
vt 0.715680 0.485068
vt 0.715161 0.508288
vt 0.735063 0.465796
vt 0.735816 0.484809
vt 0.735817 0.507793
vt 0.251596 0.528869
vt 0.272251 0.528492
vt 0.292750 0.528425
vt 0.253643 0.442585
vt 0.253049 0.463785
vt 0.230404 0.464783
vt 0.251888 0.486054
vt 0.229478 0.486170
vt 0.251358 0.507550
vt 0.228662 0.507402
vt 0.274108 0.443346
vt 0.273560 0.464182
vt 0.272935 0.485996
vt 0.272304 0.507583
vt 0.294309 0.465010
vt 0.293674 0.486410
vt 0.293003 0.507617
vt 0.314797 0.507450
vt 0.135995 0.529690
vt 0.154920 0.532980
vt 0.173438 0.532670
vt 0.145052 0.444174
vt 0.140558 0.465333
vt 0.115581 0.465632
vt 0.138024 0.486151
vt 0.113616 0.486293
vt 0.135485 0.507039
vt 0.111706 0.506424
vt 0.168213 0.442696
vt 0.167250 0.463010
vt 0.162939 0.484506
vt 0.157702 0.509767
vt 0.189046 0.442993
vt 0.187657 0.463305
vt 0.185322 0.484492
vt 0.178211 0.511476
vt 0.208786 0.464286
vt 0.207436 0.484911
vt 0.205939 0.506645
vt 0.001407 0.527130
vt 0.022992 0.526668
vt 0.044902 0.526279
vt 0.066869 0.526168
vt 0.001221 0.440272
vt 0.022833 0.440681
vt 0.022477 0.462182
vt 0.000888 0.461959
vt 0.022383 0.483616
vt 0.000766 0.483672
vt 0.022566 0.505071
vt 0.000978 0.505406
vt 0.045077 0.441257
vt 0.044141 0.462573
vt 0.043974 0.483676
vt 0.044213 0.504828
vt 0.070229 0.442386
vt 0.069241 0.463881
vt 0.067497 0.484844
vt 0.066560 0.505491
vt 0.094836 0.465091
vt 0.091868 0.485605
vt 0.089304 0.505970
vt 0.902398 0.421165
vt 0.926022 0.420895
vt 0.948744 0.420718
vt 0.902974 0.332387
vt 0.903347 0.352429
vt 0.879979 0.355377
vt 0.903175 0.375590
vt 0.878370 0.377705
vt 0.902608 0.398715
vt 0.878441 0.399693
vt 0.927489 0.334285
vt 0.926866 0.355211
vt 0.926189 0.376695
vt 0.926196 0.398783
vt 0.949949 0.335120
vt 0.949815 0.356544
vt 0.949327 0.377926
vt 0.948982 0.399456
vt 0.972204 0.356243
vt 0.971891 0.377845
vt 0.971596 0.399365
vt 0.993836 0.356148
vt 0.994078 0.377765
vt 0.994370 0.399413
vt 0.778144 0.426486
vt 0.800972 0.426722
vt 0.829142 0.427804
vt 0.766083 0.352395
vt 0.768339 0.366423
vt 0.754448 0.363956
vt 0.772495 0.383796
vt 0.756520 0.381952
vt 0.775948 0.404468
vt 0.757629 0.404488
vt 0.792361 0.350293
vt 0.791292 0.367787
vt 0.793013 0.385453
vt 0.796953 0.405132
vt 0.825257 0.343192
vt 0.824313 0.363765
vt 0.823230 0.384499
vt 0.825564 0.406007
vt 0.855357 0.358680
vt 0.854880 0.380312
vt 0.854665 0.402514
vt 0.675212 0.422208
vt 0.695364 0.423570
vt 0.714409 0.427780
vt 0.670956 0.336858
vt 0.670307 0.358251
vt 0.653285 0.357174
vt 0.671433 0.379959
vt 0.653438 0.378733
vt 0.674004 0.401835
vt 0.654769 0.400657
vt 0.692264 0.342565
vt 0.688451 0.366912
vt 0.687434 0.388450
vt 0.692139 0.406515
vt 0.727303 0.350570
vt 0.723897 0.366786
vt 0.719596 0.386390
vt 0.713092 0.410528
vt 0.742451 0.364786
vt 0.740637 0.383376
vt 0.738015 0.406642
vt 0.254066 0.422015
vt 0.146406 0.422021
vt 0.169174 0.421415
vt 0.190205 0.421885
vt 0.147562 0.332888
vt 0.147632 0.355898
vt 0.122524 0.357260
vt 0.147241 0.378196
vt 0.122416 0.379290
vt 0.147165 0.400070
vt 0.121606 0.400301
vt 0.171978 0.333403
vt 0.172598 0.356320
vt 0.171474 0.377869
vt 0.170127 0.399746
vt 0.194853 0.334654
vt 0.194373 0.356833
vt 0.193393 0.377879
vt 0.191463 0.400194
vt 0.214352 0.378552
vt 0.212862 0.400200
vt 0.001707 0.418583
vt 0.023336 0.419144
vt 0.045746 0.419857
vt 0.070622 0.420699
vt 0.004521 0.331934
vt 0.025894 0.331875
vt 0.025196 0.354140
vt 0.004019 0.353603
vt 0.024525 0.376237
vt 0.003276 0.375215
vt 0.023900 0.397674
vt 0.002364 0.396878
vt 0.048353 0.331823
vt 0.048171 0.354203
vt 0.047515 0.376439
vt 0.046465 0.398388
vt 0.072026 0.332300
vt 0.072649 0.354923
vt 0.072457 0.377137
vt 0.071540 0.399073
vt 0.097509 0.356237
vt 0.097658 0.378340
vt 0.097258 0.399972
vt 0.902582 0.313210
vt 0.927205 0.313680
vt 0.949654 0.313932
vt 0.900674 0.229582
vt 0.899822 0.252788
vt 0.877546 0.253431
vt 0.901016 0.273050
vt 0.879231 0.274266
vt 0.901919 0.293262
vt 0.880016 0.294630
vt 0.922431 0.227849
vt 0.923584 0.250417
vt 0.924785 0.272109
vt 0.926074 0.293044
vt 0.945099 0.226953
vt 0.946164 0.249916
vt 0.947559 0.272037
vt 0.948792 0.293095
vt 0.968967 0.247869
vt 0.969966 0.270102
vt 0.970965 0.291889
vt 0.990687 0.247322
vt 0.991664 0.269308
vt 0.992546 0.291229
vt 0.766976 0.338960
vt 0.793469 0.331417
vt 0.823383 0.323745
vt 0.782296 0.230254
vt 0.781215 0.260240
vt 0.760628 0.262254
vt 0.777245 0.293947
vt 0.759065 0.299741
vt 0.771039 0.321416
vt 0.755972 0.327489
vt 0.804326 0.229186
vt 0.804133 0.252436
vt 0.800002 0.285184
vt 0.795213 0.311167
vt 0.827872 0.231880
vt 0.826673 0.255793
vt 0.824186 0.280775
vt 0.822061 0.303892
vt 0.849597 0.255303
vt 0.848974 0.277453
vt 0.848991 0.298681
vt 0.671715 0.315887
vt 0.692586 0.314619
vt 0.728137 0.335483
vt 0.675278 0.227259
vt 0.675837 0.247840
vt 0.654431 0.249953
vt 0.674763 0.271171
vt 0.654930 0.274643
vt 0.673757 0.295019
vt 0.656368 0.297363
vt 0.695984 0.226508
vt 0.696101 0.246081
vt 0.696380 0.264503
vt 0.695703 0.286982
vt 0.716084 0.226954
vt 0.714767 0.246276
vt 0.714810 0.267951
vt 0.724814 0.312877
vt 0.738038 0.253903
vt 0.742320 0.292694
vt 0.744218 0.325802
vt 0.589049 0.230592
vt 0.610795 0.230063
vt 0.633077 0.250932
vt 0.256302 0.241139
vt 0.275776 0.241167
vt 0.295175 0.239669
vt 0.147323 0.308223
vt 0.171235 0.308518
vt 0.194461 0.311296
vt 0.143364 0.221766
vt 0.145125 0.240886
vt 0.121902 0.240369
vt 0.146574 0.261801
vt 0.122382 0.262143
vt 0.147170 0.284376
vt 0.122480 0.285034
vt 0.165985 0.223049
vt 0.168082 0.242308
vt 0.169940 0.262885
vt 0.170926 0.285071
vt 0.188159 0.226627
vt 0.189931 0.246352
vt 0.192023 0.266724
vt 0.193127 0.287971
vt 0.214513 0.253170
vt 0.215518 0.272797
vt 0.004548 0.310270
vt 0.026095 0.309819
vt 0.048318 0.309445
vt 0.071483 0.309401
vt 0.002200 0.223576
vt 0.023602 0.222646
vt 0.024423 0.244271
vt 0.003056 0.245267
vt 0.025235 0.266036
vt 0.003781 0.266946
vt 0.025850 0.287883
vt 0.004286 0.288607
vt 0.045500 0.221960
vt 0.046869 0.243544
vt 0.047748 0.265298
vt 0.048201 0.287268
vt 0.069705 0.221678
vt 0.070687 0.242876
vt 0.071290 0.264607
vt 0.071496 0.286869
vt 0.096957 0.241524
vt 0.096669 0.263399
vt 0.096537 0.286397
vt 0.900496 0.205462
vt 0.921747 0.205281
vt 0.945179 0.203996
vt 0.900493 0.117267
vt 0.898837 0.140539
vt 0.875338 0.142219
vt 0.898443 0.162091
vt 0.876884 0.161680
vt 0.899212 0.183176
vt 0.877663 0.183334
vt 0.922134 0.116788
vt 0.922738 0.138446
vt 0.922802 0.160397
vt 0.921825 0.182824
vt 0.943944 0.116263
vt 0.944377 0.138104
vt 0.944678 0.159961
vt 0.945023 0.181825
vt 0.966253 0.137737
vt 0.966587 0.159658
vt 0.966884 0.181612
vt 0.988202 0.137372
vt 0.988532 0.159345
vt 0.988831 0.181310
vt 0.783053 0.207458
vt 0.805003 0.207365
vt 0.828248 0.208477
vt 0.784348 0.120145
vt 0.783588 0.141833
vt 0.762501 0.141177
vt 0.783411 0.163262
vt 0.761996 0.163184
vt 0.783518 0.185634
vt 0.761788 0.185212
vt 0.807121 0.119587
vt 0.804538 0.142521
vt 0.804080 0.163161
vt 0.804933 0.185012
vt 0.830667 0.119831
vt 0.830691 0.141661
vt 0.828230 0.163877
vt 0.827766 0.185593
vt 0.855212 0.142342
vt 0.855546 0.162144
vt 0.853800 0.184178
vt 0.675010 0.205338
vt 0.696162 0.205159
vt 0.717366 0.205854
vt 0.675724 0.118774
vt 0.675267 0.140280
vt 0.654026 0.139905
vt 0.675140 0.161242
vt 0.653884 0.161298
vt 0.675066 0.182815
vt 0.653664 0.183482
vt 0.697196 0.119208
vt 0.696270 0.140643
vt 0.696139 0.161653
vt 0.696168 0.183134
vt 0.719538 0.118992
vt 0.718220 0.140898
vt 0.717848 0.162288
vt 0.717776 0.183997
vt 0.740823 0.140889
vt 0.740136 0.162764
vt 0.739689 0.184631
vt 0.566818 0.209047
vt 0.588505 0.208542
vt 0.610220 0.208029
vt 0.564703 0.117715
vt 0.564435 0.139892
vt 0.541844 0.139856
vt 0.564752 0.162120
vt 0.542514 0.161498
vt 0.565895 0.185588
vt 0.544118 0.185567
vt 0.587204 0.117422
vt 0.586983 0.139841
vt 0.587183 0.162376
vt 0.587853 0.185567
vt 0.609717 0.117391
vt 0.609512 0.139776
vt 0.609540 0.162298
vt 0.609793 0.185253
vt 0.631999 0.139719
vt 0.631884 0.161792
vt 0.631747 0.184543
vt 0.460172 0.211958
vt 0.481300 0.211299
vt 0.502509 0.210684
vt 0.456510 0.116839
vt 0.457613 0.141134
vt 0.436444 0.141826
vt 0.458233 0.162982
vt 0.436926 0.163905
vt 0.459042 0.186847
vt 0.437795 0.187609
vt 0.477759 0.117359
vt 0.478679 0.140557
vt 0.479259 0.162044
vt 0.480169 0.186106
vt 0.499421 0.117859
vt 0.499668 0.140212
vt 0.500158 0.161521
vt 0.501339 0.185771
vt 0.520646 0.139992
vt 0.521163 0.161353
vt 0.522619 0.185643
vt 0.353933 0.211959
vt 0.375195 0.212088
vt 0.396550 0.212414
vt 0.349798 0.113591
vt 0.349719 0.139609
vt 0.328407 0.139431
vt 0.349621 0.163806
vt 0.328028 0.163752
vt 0.351390 0.187013
vt 0.329813 0.186578
vt 0.371099 0.113947
vt 0.371507 0.140408
vt 0.371840 0.164576
vt 0.372976 0.187107
vt 0.392648 0.114830
vt 0.393528 0.141398
vt 0.393763 0.164773
vt 0.394568 0.187230
vt 0.415149 0.142107
vt 0.415427 0.164547
vt 0.416195 0.187425
vt 0.252207 0.217301
vt 0.272112 0.217029
vt 0.291746 0.214917
vt 0.242777 0.119539
vt 0.243770 0.145107
vt 0.224924 0.147486
vt 0.246056 0.169013
vt 0.227072 0.170032
vt 0.249194 0.195279
vt 0.229860 0.196313
vt 0.264518 0.114344
vt 0.262872 0.143626
vt 0.262756 0.168540
vt 0.268379 0.193356
vt 0.286382 0.111998
vt 0.285336 0.139830
vt 0.285423 0.166612
vt 0.288395 0.190941
vt 0.306988 0.139321
vt 0.307107 0.164822
vt 0.308928 0.187499
vt 0.142218 0.203251
vt 0.164634 0.204629
vt 0.186969 0.205088
vt 0.135944 0.121232
vt 0.136890 0.143446
vt 0.113385 0.140219
vt 0.138876 0.165565
vt 0.116196 0.162382
vt 0.140673 0.184788
vt 0.120827 0.183636
vt 0.160352 0.125574
vt 0.159946 0.146733
vt 0.160480 0.167973
vt 0.163552 0.186727
vt 0.183052 0.127804
vt 0.182990 0.148944
vt 0.183634 0.171632
vt 0.185754 0.189439
vt 0.204275 0.148066
vt 0.205393 0.170267
vt 0.207735 0.191609
vt 0.001395 0.201874
vt 0.022872 0.201168
vt 0.043981 0.200499
vt 0.067683 0.200519
vt 0.000417 0.114964
vt 0.022118 0.114917
vt 0.022155 0.136586
vt 0.000471 0.136677
vt 0.022240 0.158208
vt 0.000590 0.158402
vt 0.022442 0.179748
vt 0.000857 0.180143
vt 0.043774 0.114864
vt 0.043755 0.136485
vt 0.043772 0.158028
vt 0.043763 0.179372
vt 0.065567 0.114970
vt 0.065640 0.136584
vt 0.065940 0.158091
vt 0.066355 0.179337
vt 0.088496 0.137412
vt 0.089982 0.159185
vt 0.092648 0.180666
vt 0.899516 0.095392
vt 0.921424 0.094925
vt 0.943418 0.094341
vt 0.875649 0.007391
vt 0.897612 0.007148
vt 0.897914 0.029157
vt 0.875826 0.029422
vt 0.898260 0.051276
vt 0.876035 0.051605
vt 0.898782 0.073438
vt 0.876347 0.073978
vt 0.919569 0.006798
vt 0.919955 0.028784
vt 0.920380 0.050821
vt 0.920885 0.072879
vt 0.941528 0.006382
vt 0.941961 0.028356
vt 0.942414 0.050355
vt 0.942901 0.072363
vt 0.963491 0.005933
vt 0.963946 0.027902
vt 0.964413 0.049883
vt 0.964895 0.071871
vt 0.985457 0.005471
vt 0.985921 0.027436
vt 0.986397 0.049407
vt 0.986884 0.071390
vt 0.785253 0.097240
vt 0.807558 0.097027
vt 0.830447 0.097369
vt 0.765987 0.006771
vt 0.787903 0.007064
vt 0.787610 0.029015
vt 0.765742 0.028644
vt 0.787025 0.051983
vt 0.764988 0.052836
vt 0.785671 0.074983
vt 0.764471 0.074558
vt 0.809808 0.007317
vt 0.809593 0.029286
vt 0.809255 0.051456
vt 0.807930 0.074880
vt 0.831731 0.007469
vt 0.831625 0.029472
vt 0.831427 0.051559
vt 0.830740 0.074649
vt 0.853682 0.007499
vt 0.853711 0.029527
vt 0.853725 0.051727
vt 0.853442 0.074528
vt 0.676519 0.095970
vt 0.698893 0.096097
vt 0.721084 0.097077
vt 0.656299 0.005470
vt 0.678255 0.005788
vt 0.677937 0.027876
vt 0.655816 0.027747
vt 0.677554 0.050064
vt 0.655379 0.049916
vt 0.677014 0.072880
vt 0.654776 0.072635
vt 0.700192 0.006173
vt 0.700095 0.027995
vt 0.699758 0.050538
vt 0.699313 0.072979
vt 0.722154 0.006376
vt 0.722046 0.028277
vt 0.721944 0.051329
vt 0.721453 0.073495
vt 0.744066 0.006548
vt 0.743918 0.028397
vt 0.743666 0.052361
vt 0.743311 0.073910
vt 0.565674 0.094555
vt 0.587869 0.094493
vt 0.610099 0.094722
vt 0.546125 0.003771
vt 0.568131 0.004089
vt 0.567757 0.026217
vt 0.545785 0.025928
vt 0.567222 0.048706
vt 0.545251 0.048649
vt 0.566473 0.071601
vt 0.544367 0.071835
vt 0.590328 0.004348
vt 0.589876 0.026439
vt 0.589213 0.048972
vt 0.588555 0.071650
vt 0.612270 0.004785
vt 0.611869 0.026803
vt 0.611169 0.049415
vt 0.610600 0.071968
vt 0.634245 0.005292
vt 0.633818 0.027345
vt 0.633139 0.049834
vt 0.632671 0.072406
vt 0.455436 0.093677
vt 0.476789 0.094193
vt 0.499338 0.094532
vt 0.436487 0.001267
vt 0.458433 0.001723
vt 0.457633 0.024612
vt 0.435751 0.023951
vt 0.456860 0.048076
vt 0.435117 0.046935
vt 0.455741 0.072583
vt 0.434977 0.071564
vt 0.480371 0.002443
vt 0.479540 0.025319
vt 0.478701 0.048751
vt 0.477266 0.072454
vt 0.502293 0.003078
vt 0.501554 0.025608
vt 0.500854 0.048842
vt 0.499933 0.072084
vt 0.524227 0.003450
vt 0.523787 0.025708
vt 0.523192 0.048748
vt 0.522319 0.071920
vt 0.349840 0.090409
vt 0.371055 0.090520
vt 0.392501 0.091074
vt 0.327132 0.000182
vt 0.348984 0.000100
vt 0.348828 0.021744
vt 0.327402 0.021869
vt 0.348772 0.043095
vt 0.327736 0.043160
vt 0.349085 0.065613
vt 0.328000 0.064968
vt 0.370809 0.000307
vt 0.370399 0.021979
vt 0.369892 0.043502
vt 0.370377 0.066474
vt 0.392688 0.000744
vt 0.392204 0.022673
vt 0.391501 0.044480
vt 0.392110 0.068134
vt 0.414568 0.001046
vt 0.413963 0.023389
vt 0.413377 0.045699
vt 0.413778 0.069791
vt 0.242634 0.097047
vt 0.264586 0.092319
vt 0.286453 0.088709
vt 0.217563 0.003041
vt 0.239436 0.002379
vt 0.239781 0.027336
vt 0.218244 0.026743
vt 0.240199 0.050573
vt 0.219199 0.051331
vt 0.241488 0.073341
vt 0.220569 0.075052
vt 0.261426 0.002043
vt 0.260867 0.026737
vt 0.261347 0.048562
vt 0.263289 0.070272
vt 0.283292 0.001480
vt 0.283192 0.024118
vt 0.284137 0.045940
vt 0.285760 0.067152
vt 0.305225 0.000672
vt 0.305765 0.022449
vt 0.306477 0.043979
vt 0.307118 0.065135
vt 0.134900 0.098268
vt 0.159756 0.102914
vt 0.181984 0.104822
vt 0.108754 0.005813
vt 0.130521 0.005543
vt 0.130888 0.027402
vt 0.108964 0.027627
vt 0.132227 0.051189
vt 0.109137 0.049559
vt 0.133953 0.075294
vt 0.110086 0.072651
vt 0.152225 0.005061
vt 0.152809 0.026885
vt 0.154811 0.052589
vt 0.156958 0.077466
vt 0.173963 0.004438
vt 0.174670 0.026563
vt 0.176281 0.051341
vt 0.178714 0.077479
vt 0.195744 0.003743
vt 0.196501 0.026496
vt 0.197819 0.051320
vt 0.199789 0.075937
vt 0.000380 0.093259
vt 0.022091 0.093219
vt 0.043796 0.093180
vt 0.065568 0.093240
vt 0.000100 0.006421
vt 0.021818 0.006332
vt 0.021908 0.028055
vt 0.000188 0.028139
vt 0.021988 0.049781
vt 0.000270 0.049852
vt 0.022049 0.071504
vt 0.000336 0.071558
vt 0.043538 0.006238
vt 0.043638 0.027969
vt 0.043722 0.049711
vt 0.043776 0.071453
vt 0.065263 0.006127
vt 0.065380 0.027873
vt 0.065476 0.049630
vt 0.065539 0.071422
vt 0.086999 0.005991
vt 0.087146 0.027761
vt 0.087249 0.049541
vt 0.087439 0.071560
vn 0.306400 0.949000 -0.074000
vn -0.017500 0.999800 0.000000
vn 0.278500 0.952800 0.120800
vn -0.064100 0.995400 -0.071800
vn 0.020700 0.999500 -0.023700
vn -0.261800 0.961300 0.085500
vn -0.027000 0.989100 0.144700
vn 0.089200 0.956900 0.276400
vn -0.070800 0.997500 -0.008700
vn -0.128400 0.991200 -0.031800
vn -0.134800 0.990900 0.003100
vn -0.028100 0.993700 0.108700
vn 0.005300 0.996400 0.084600
vn -0.042400 0.997100 0.062600
vn 0.022800 0.999100 0.036800
vn -0.471900 0.863500 0.177700
vn -0.020200 0.999800 0.003000
vn -0.060600 0.995700 0.070000
vn -0.156100 0.959900 0.233000
vn -0.024700 0.999600 0.013000
vn -0.082000 0.984200 0.157000
vn -0.164200 0.931400 0.325000
vn -0.025500 0.999300 0.028100
vn -0.072400 0.967100 0.244000
vn -0.121400 0.919700 0.373300
vn -0.107000 0.992100 0.065200
vn -0.142100 0.946300 0.290300
vn -0.120300 0.925300 0.359500
vn -0.317000 0.942600 0.104900
vn -0.252800 0.941200 0.224000
vn -0.022900 0.999300 0.030100
vn -0.026600 0.998600 0.044600
vn -0.020600 0.999800 0.003200
vn -0.055700 0.994800 0.085600
vn -0.018900 0.999800 0.001500
vn -0.044700 0.998500 0.030800
vn -0.144200 0.970700 0.192300
vn -0.017600 0.999800 0.000100
vn -0.032500 0.999300 0.017700
vn -0.107500 0.987500 0.115400
vn -0.228800 0.916000 0.329500
vn 0.118900 0.944000 0.307700
vn -0.017400 0.999800 0.000000
vn -0.006500 0.999900 0.012000
vn 0.060400 0.990000 0.127700
vn -0.016900 0.999900 0.000500
vn 0.005900 0.998700 0.050200
vn -0.013100 0.999600 0.023600
vn -0.016900 0.999700 0.018700
vn -0.020700 0.999600 0.021400
vn -0.103100 0.988800 0.107400
vn -0.098400 0.987000 0.126800
vn -0.100700 0.982900 0.153900
vn -0.042000 0.978800 0.200300
vn -0.018300 0.999800 0.000900
vn -0.033700 0.998700 0.037300
vn -0.074600 0.984800 0.156900
vn -0.020400 0.999800 0.004700
vn -0.046400 0.996100 0.074900
vn -0.073800 0.979300 0.188300
vn -0.017400 0.999800 0.007500
vn -0.026800 0.993900 0.107400
vn -0.063200 0.973500 0.219900
vn -0.014600 0.999900 0.004600
vn 0.008600 0.995300 0.097000
vn 0.012000 0.965300 0.260900
vn -0.016600 0.999900 0.000900
vn 0.011300 0.998700 0.050000
vn 0.086100 0.969700 0.228700
vn 0.103300 0.975000 0.196500
vn -0.031900 0.981200 0.190100
vn -0.015700 0.981800 0.189100
vn -0.053000 0.982400 0.178900
vn 0.095400 0.993300 -0.065600
vn 0.128700 0.986700 -0.098900
vn 0.108800 0.994000 -0.012600
vn 0.077700 0.988500 -0.129500
vn 0.095400 0.990600 -0.098300
vn 0.061800 0.995800 -0.067000
vn 0.002800 0.999400 0.034600
vn 0.117400 0.986200 -0.116600
vn 0.052800 0.996600 -0.063300
vn -0.000900 0.999900 -0.015000
vn -0.023100 0.997700 0.063700
vn 0.046200 0.997600 -0.052400
vn -0.003800 0.999900 -0.013100
vn -0.020000 0.999800 0.004600
vn -0.037200 0.995800 0.083600
vn -0.009300 0.999900 -0.007400
vn -0.017100 0.999900 -0.000400
vn -0.024700 0.999600 0.015700
vn -0.048700 0.992300 0.113800
vn -0.382400 0.909500 0.162900
vn -0.099700 0.994200 0.040900
vn -0.193000 0.977300 0.086800
vn -0.288500 0.950800 0.113200
vn -0.339000 0.932500 0.124400
vn -0.057500 0.998100 0.020600
vn -0.019000 0.999800 0.001500
vn -0.028800 0.999500 0.008400
vn -0.019300 0.999800 0.001800
vn -0.035900 0.999200 0.014800
vn -0.085600 0.995600 0.037900
vn -0.169700 0.983200 0.066800
vn -0.016900 0.999900 -0.000500
vn 0.123200 0.991000 -0.051600
vn 0.055300 0.998000 -0.031800
vn 0.010800 0.999800 -0.016200
vn -0.010800 0.999900 -0.005500
vn -0.008200 0.999900 -0.005900
vn -0.015700 0.999900 -0.001600
vn -0.017400 0.999800 -0.000100
vn 0.132400 0.986600 -0.095300
vn 0.081500 0.995500 -0.049400
vn -0.064200 0.990500 -0.121700
vn -0.017900 0.999800 -0.000500
vn -0.029200 0.999500 -0.012700
vn -0.113900 0.987200 -0.111300
vn -0.037500 0.999100 -0.020000
vn -0.092000 0.993600 -0.065200
vn -0.022100 0.999700 -0.004600
vn -0.531900 0.771800 -0.348400
vn -0.181500 0.970400 -0.159300
vn -0.024600 0.999700 -0.007100
vn 0.191800 0.980400 -0.045300
vn 0.005200 1.000000 -0.007500
vn 0.240500 0.969700 0.042200
vn 0.270400 0.962700 0.008300
vn 0.268700 0.963100 -0.013800
vn 0.241100 0.969900 -0.032600
vn 0.019600 0.999800 0.008600
vn 0.029200 0.999600 0.001000
vn 0.027300 0.999600 -0.002900
vn 0.018600 0.999800 -0.005800
vn 0.272300 0.960500 0.057700
vn 0.271200 0.962300 0.022600
vn -0.019500 0.999800 -0.002100
vn -0.262600 0.958900 -0.107900
vn -0.039700 0.999100 -0.012700
vn -0.023700 0.999700 -0.003200
vn -0.021200 0.999800 0.000700
vn -0.021800 0.999800 -0.000200
vn -0.559000 0.823400 -0.097000
vn -0.458900 0.888300 -0.019800
vn -0.401700 0.914800 -0.041400
vn 0.166100 0.983500 0.071900
vn 0.000900 0.999900 0.010200
vn -0.016200 0.999900 0.001200
vn 0.003700 0.999800 0.019000
vn 0.069100 0.996100 0.054600
vn -0.017300 0.999900 0.000100
vn -0.013200 0.999900 0.003900
vn 0.138400 0.985600 0.097100
vn 0.039800 0.980600 0.192100
vn 0.022900 0.982200 0.186400
vn -0.021300 0.995000 0.097500
vn 0.034800 0.988600 0.146100
vn 0.053600 0.972100 0.228500
vn 0.004100 0.989200 0.146600
vn 0.027100 0.996700 0.076100
vn 0.091800 0.972700 0.213100
vn 0.084900 0.972700 0.215900
vn 0.019200 0.992600 0.119700
vn 0.001800 0.999800 0.021000
vn 0.086100 0.989000 0.120600
vn 0.185100 0.959800 0.211000
vn 0.193900 0.965200 0.175300
vn -0.016100 0.999900 0.001300
vn 0.011500 0.999500 0.028700
vn 0.108100 0.988300 0.108000
vn 0.227100 0.962100 0.151000
vn 0.175900 0.971300 0.160400
vn -0.065900 0.997700 -0.013200
vn -0.752000 0.658200 -0.036500
vn -0.016100 0.999000 -0.041800
vn -0.017800 0.999800 -0.001200
vn -0.017800 0.999800 -0.001900
vn -0.033700 0.999400 0.011200
vn -0.065200 0.997700 0.017900
vn -0.081300 0.996700 -0.002000
vn -0.586800 0.784200 0.201500
vn -0.735300 0.676100 0.046100
vn -0.006700 0.993600 -0.112500
vn -0.017100 0.999900 -0.002400
vn -0.017000 0.999900 -0.001600
vn -0.008100 0.996900 -0.078700
vn -0.017200 0.999900 -0.000800
vn -0.008800 0.998100 -0.061500
vn -0.017400 0.999800 -0.000500
vn -0.013300 0.998700 -0.048400
vn -0.017600 0.999800 -0.000600
vn 0.057200 0.918800 -0.390600
vn -0.007500 0.999600 -0.028100
vn 0.036900 0.952500 -0.302500
vn -0.011900 0.999800 -0.012600
vn 0.017300 0.972500 -0.232100
vn -0.015900 0.999900 -0.005600
vn 0.007600 0.984000 -0.178200
vn -0.017100 0.999800 -0.003700
vn -0.000500 0.990400 -0.138500
vn -0.017200 0.999800 -0.003000
vn 0.029700 0.999300 0.023800
vn -0.008300 0.999800 0.017600
vn -0.013600 0.999900 0.004600
vn -0.017000 0.999900 0.000400
vn 0.449900 0.817400 -0.359800
vn 0.273000 0.946000 -0.174700
vn 0.092900 0.993700 -0.062400
vn 0.117200 0.968200 -0.221100
vn 0.008400 0.999500 -0.029500
vn -0.016400 0.999900 -0.001000
vn 0.018500 0.994000 -0.107600
vn -0.014900 0.999900 -0.003000
vn -0.005600 0.997800 -0.065600
vn -0.017300 0.999900 -0.000200
vn 0.045200 0.878400 -0.475800
vn -0.009300 0.998900 -0.046100
vn 0.521300 0.807100 -0.277200
vn -0.313100 0.922900 0.223800
vn -0.447100 0.832500 0.327300
vn -0.538600 0.752600 0.378700
vn -0.431600 0.863500 0.261100
vn 0.070700 0.855300 0.513300
vn 0.109600 0.878500 0.464900
vn 0.128000 0.873500 0.469600
vn 0.075000 0.898000 0.433600
vn -0.103300 0.840100 0.532500
vn -0.122700 0.815100 0.566100
vn -0.085300 0.923300 0.374500
vn -0.132000 0.894200 0.427800
vn -0.182400 0.957600 0.222800
vn -0.098000 0.982500 0.158000
vn -0.077100 0.989300 -0.123800
vn -0.080600 0.994500 -0.066700
vn 0.178600 0.942900 0.281000
vn 0.159600 0.941100 0.298100
vn 0.180500 0.963500 0.197600
vn 0.133400 0.972900 0.188700
vn -0.017200 0.971400 0.236800
vn 0.011100 0.967200 0.253600
vn -0.014000 0.984900 0.172700
vn -0.049300 0.989700 0.134400
vn -0.005300 0.981100 -0.193300
vn -0.101100 0.956400 -0.273800
vn -0.023000 0.995400 -0.093200
vn 0.138300 0.989000 0.053200
vn 0.029500 0.950600 0.309000
vn 0.251500 0.918000 0.306400
vn 0.291700 0.873000 0.390800
vn -0.107900 0.937800 0.330100
vn -0.766200 0.625000 0.149200
vn -0.625500 0.778800 0.047000
vn -0.546300 0.837400 -0.016500
vn -0.724800 0.684700 0.076200
vn 0.562200 0.687100 -0.460300
vn 0.388200 0.720700 -0.574300
vn 0.470800 0.658700 -0.586800
vn 0.566900 0.654700 -0.499900
vn 0.053300 0.760600 -0.647100
vn 0.105600 0.752100 -0.650500
vn 0.074600 0.822900 -0.563200
vn 0.056800 0.797800 -0.600200
vn 0.094100 0.837700 -0.537900
vn 0.049700 0.862100 -0.504100
vn 0.016300 0.962800 -0.269500
vn 0.037000 0.947500 -0.317600
vn 0.039100 0.904500 -0.424600
vn 0.041500 0.925000 -0.377700
vn -0.001900 0.987700 -0.155900
vn 0.002300 0.983500 -0.180600
vn -0.067000 0.961800 -0.265200
vn -0.092200 0.948200 -0.303800
vn -0.063100 0.996300 -0.058400
vn -0.068800 0.995300 -0.067900
vn -0.097600 0.995000 -0.020900
vn -0.133400 0.987200 0.087300
vn -0.187100 0.861900 0.471300
vn -0.314800 0.904900 0.286300
vn 0.015000 0.998900 -0.043200
vn 0.068600 0.969900 -0.233400
vn 0.244900 0.963300 -0.109900
vn 0.234700 0.962100 0.138400
vn 0.051900 0.992600 0.109400
vn -0.010100 0.996600 0.081400
vn 0.003700 0.990800 0.134900
vn 0.105300 0.981100 0.162000
vn -0.347300 0.927900 -0.135800
vn -0.205500 0.937500 -0.280800
vn -0.063200 0.997300 -0.036300
vn -0.277700 0.958600 0.062100
vn -0.754700 0.654000 0.051800
vn -0.563200 0.811800 0.153800
vn -0.678200 0.734800 -0.010600
vn -0.782100 0.620400 -0.057600
vn -0.591000 0.719100 0.365500
vn 0.004900 0.926900 0.375300
vn -0.035700 0.997100 -0.067500
vn -0.609100 0.789500 -0.074800
vn 0.692000 0.721100 0.031800
vn 0.549700 0.834000 0.047300
vn 0.524400 0.840100 0.138400
vn 0.674600 0.735200 0.065300
vn 0.189300 0.980900 0.044500
vn 0.097400 0.994600 0.034500
vn 0.151500 0.988100 0.025400
vn 0.230600 0.971300 0.058100
vn -0.480800 0.873700 0.073900
vn 0.115600 0.992500 0.039900
vn 0.100700 0.992500 0.069300
vn -0.502400 0.860500 0.084000
vn 0.163700 0.962200 0.217700
vn 0.213000 0.962300 0.168700
vn 0.272600 0.950700 0.148100
vn 0.110700 0.988100 0.106400
vn -0.568800 0.812800 -0.125200
vn -0.630700 0.757300 -0.169100
vn -0.602700 0.726500 -0.330100
vn -0.423300 0.884800 -0.195000
vn -0.507200 0.731100 -0.456300
vn -0.321000 0.796400 -0.512400
vn -0.332400 0.918800 -0.212600
vn -0.432700 0.895300 -0.105500
vn 0.187600 0.971200 -0.146600
vn 0.092500 0.995100 0.032500
vn 0.020600 0.995700 0.090400
vn -0.065500 0.994200 -0.084800
vn 0.423600 0.905200 -0.032100
vn 0.453700 0.890400 -0.035900
vn 0.476000 0.877400 -0.058900
vn 0.423600 0.903700 -0.061800
vn -0.682700 0.725500 0.086200
vn -0.639500 0.713300 0.286700
vn -0.753300 0.633900 0.175400
vn -0.732500 0.673600 0.098400
vn 0.592000 0.762500 0.261100
vn 0.382100 0.923900 0.022600
vn 0.459100 0.886300 -0.060900
vn 0.730100 0.683300 0.007100
vn 0.363200 0.931600 -0.011500
vn 0.319200 0.947000 -0.035500
vn 0.291100 0.953700 -0.076000
vn 0.376800 0.920100 -0.106700
vn -0.539000 0.838500 0.079600
vn -0.176200 0.984100 -0.022100
vn -0.029800 0.995800 0.086500
vn -0.474600 0.848700 0.233100
vn 0.434100 0.893500 -0.115100
vn 0.401900 0.909400 -0.107200
vn 0.326600 0.941600 -0.081300
vn 0.405900 0.908400 -0.099700
vn -0.196800 0.954400 -0.224300
vn -0.312400 0.849600 -0.424900
vn -0.122500 0.969800 -0.211000
vn -0.047800 0.995400 -0.082700
vn 0.038100 0.981700 -0.186500
vn -0.034400 0.987500 -0.154000
vn -0.011500 0.995800 -0.090500
vn 0.038100 0.998700 -0.032000
vn -0.213000 0.952100 0.219200
vn 0.458100 0.887900 -0.042000
vn 0.529000 0.763700 -0.370000
vn -0.073200 0.950600 -0.301600
vn 0.111800 0.992300 -0.053500
vn 0.016500 0.999500 -0.025000
vn -0.011400 0.999900 -0.003200
vn 0.066900 0.997500 -0.020100
vn 0.036100 0.996500 0.074900
vn 0.024500 0.991200 0.129900
vn -0.075000 0.986000 0.148700
vn -0.027900 0.998700 0.042800
vn 0.378200 0.907000 0.184900
vn 0.307300 0.943600 0.122700
vn 0.376000 0.893500 0.245600
vn 0.343600 0.895900 0.281500
vn -0.020500 0.993100 0.115100
vn -0.029600 0.991700 0.124800
vn -0.038500 0.968600 0.245700
vn -0.020800 0.969300 0.245000
vn -0.227600 0.888600 0.398100
vn -0.251600 0.849100 0.464400
vn -0.253700 0.759000 0.599600
vn -0.323200 0.772300 0.546800
vn 0.085200 0.778000 0.622500
vn -0.002300 0.881200 0.472700
vn 0.255700 0.753300 0.605800
vn 0.109500 0.706600 0.699100
vn 0.247100 0.932000 -0.265000
vn 0.076400 0.976100 -0.203300
vn -0.016800 0.990900 -0.133100
vn 0.170600 0.958900 -0.226700
vn 0.256200 0.966600 0.011000
vn 0.152700 0.988200 0.007900
vn 0.121300 0.991800 0.040600
vn 0.228400 0.973500 0.009600
vn -0.137600 0.982600 -0.124300
vn -0.359400 0.921200 -0.149100
vn -0.336800 0.932000 -0.133600
vn -0.059900 0.996100 -0.064800
vn -0.238100 0.970500 0.036300
vn -0.197600 0.935000 0.294400
vn -0.309100 0.924700 -0.222200
vn -0.402600 0.864500 -0.301000
vn 0.248600 0.805300 0.538200
vn 0.232200 0.785100 0.574100
vn 0.208500 0.977000 -0.044200
vn 0.157100 0.968100 -0.194900
vn -0.009400 0.893600 0.448800
vn 0.051500 0.921200 0.385600
vn 0.077300 0.990600 0.112400
vn 0.001900 0.996800 0.079200
vn 0.114800 0.993000 0.028300
vn 0.083900 0.995700 0.037700
vn 0.040200 0.977100 0.208900
vn 0.122600 0.976000 0.179600
vn -0.577700 0.791700 -0.198800
vn -0.398300 0.839700 -0.369000
vn -0.206500 0.835000 -0.510000
vn -0.340500 0.891500 -0.298800
vn 0.483200 0.592400 -0.644600
vn 0.452800 0.668400 -0.590000
vn 0.223700 0.867900 -0.443400
vn 0.317500 0.689600 -0.650800
vn -0.006300 0.964000 -0.265600
vn 0.007500 0.962400 -0.271400
vn -0.042600 0.999100 0.004700
vn 0.002300 0.999200 -0.039100
vn -0.059800 0.970200 0.234800
vn 0.144000 0.968100 0.205000
vn 0.260200 0.965100 -0.030900
vn 0.041700 0.998100 0.044300
vn 0.057200 0.940500 -0.334800
vn 0.111600 0.973000 -0.202200
vn 0.041500 0.993100 -0.109600
vn -0.006700 0.984000 -0.177600
vn 0.014800 0.998700 -0.048900
vn -0.015100 0.999500 -0.026000
vn -0.015700 0.999800 -0.006700
vn -0.007500 0.999800 -0.018300
vn -0.016300 0.999700 -0.018700
vn -0.018400 0.999700 -0.016400
vn -0.019300 0.999800 -0.007500
vn -0.017700 0.999800 -0.005600
vn -0.230000 0.868200 -0.439600
vn -0.185700 0.833600 -0.520100
vn -0.167900 0.854000 -0.492400
vn -0.166300 0.910800 -0.377800
vn -0.010100 0.887800 -0.460200
vn 0.027100 0.907800 -0.418500
vn -0.002100 0.888000 -0.459800
vn -0.032800 0.864200 -0.502000
vn 0.048100 0.974900 -0.217100
vn 0.051100 0.978300 -0.200600
vn 0.046700 0.957600 -0.284100
vn 0.033800 0.956500 -0.289800
vn 0.009000 0.965500 -0.260300
vn -0.051700 0.959600 -0.276700
vn -0.044700 0.915800 -0.399000
vn 0.020200 0.919200 -0.393300
vn -0.055200 0.965800 -0.253400
vn 0.014900 0.956400 -0.291700
vn 0.044000 0.897900 -0.437800
vn -0.040900 0.910000 -0.412500
vn 0.237100 0.916800 -0.321300
vn 0.218200 0.945200 -0.242800
vn 0.109600 0.984100 -0.139300
vn 0.159900 0.957800 -0.238800
vn 0.060400 0.933100 -0.354600
vn 0.097800 0.880900 -0.463100
vn 0.126800 0.900900 -0.415100
vn 0.155200 0.871400 -0.465400
vn 0.213000 0.881100 -0.422200
vn 0.197500 0.896900 -0.395700
vn -0.247300 0.962900 0.108000
vn -0.299500 0.888100 0.348600
vn -0.101600 0.930700 0.351300
vn -0.217400 0.947200 0.235700
vn -0.112300 0.934800 0.336900
vn -0.059300 0.995900 -0.067600
vn -0.056700 0.996800 0.055600
vn -0.436200 0.875800 0.206800
vn -0.367500 0.900100 0.233700
vn -0.184100 0.982100 0.039500
vn 0.012100 0.973000 -0.230500
vn -0.317000 0.932700 0.172100
vn -0.159900 0.986100 0.045300
vn 0.031600 0.986700 -0.159200
vn 0.173300 0.917700 -0.357400
vn 0.182600 0.974500 -0.130700
vn 0.296900 0.911700 -0.284000
vn 0.328700 0.863100 -0.383500
vn 0.367000 0.907400 -0.204600
vn 0.425300 0.845200 -0.323600
vn 0.376100 0.855500 -0.355800
vn -0.136200 0.952500 -0.272200
vn -0.135300 0.910000 -0.391900
vn -0.170900 0.951400 -0.256100
vn -0.170400 0.905600 -0.388300
vn -0.137100 0.959700 -0.245200
vn -0.134500 0.908600 -0.395300
vn 0.185900 0.958600 -0.215800
vn 0.024000 0.996100 0.084400
vn 0.008800 0.999000 -0.044600
vn -0.065200 0.984100 0.164800
vn -0.061600 0.988200 0.140200
vn -0.114900 0.993300 -0.011700
vn -0.058300 0.997800 -0.031700
vn 0.112700 0.990200 -0.082600
vn 0.029000 0.980600 0.193700
vn -0.067100 0.969900 0.233800
vn -0.141400 0.989300 0.036400
vn 0.031000 0.998400 -0.047900
vn -0.000600 0.963100 0.268900
vn -0.061400 0.951000 0.302900
vn -0.117300 0.989500 0.084400
vn -0.023800 0.949300 0.313300
vn -0.057900 0.937700 0.342500
vn -0.071400 0.992300 0.101100
vn 0.049200 0.978000 -0.202500
vn 0.054000 0.952600 -0.299200
vn 0.038700 0.975200 -0.218000
vn 0.048400 0.942100 -0.331900
vn 0.025100 0.970800 -0.238500
vn 0.035700 0.928900 -0.368600
vn -0.091300 0.739100 -0.667300
vn 0.087200 0.779500 -0.620200
vn 0.010100 0.842400 -0.538700
vn 0.100100 0.967000 -0.234100
vn 0.126800 0.951400 -0.280700
vn 0.051700 0.998600 -0.013600
vn 0.095800 0.993500 -0.061600
vn 0.081600 0.629100 -0.773000
vn 0.212800 0.792200 -0.571900
vn 0.118800 0.986400 -0.113500
vn 0.025200 0.999600 -0.009200
vn 0.315700 0.567600 -0.760300
vn 0.250600 0.896400 -0.365600
vn 0.087400 0.994800 0.051200
vn 0.011500 0.999800 -0.014900
vn 0.112300 0.975200 -0.190500
vn -0.009500 0.990500 0.136900
vn -0.009700 0.999600 -0.024400
vn 0.051500 0.930100 -0.363800
vn 0.015700 0.913000 -0.407700
vn 0.057600 0.951200 -0.303100
vn 0.024300 0.934600 -0.354800
vn 0.050300 0.966500 -0.251800
vn 0.026800 0.949100 -0.313700
vn -0.138100 0.962800 0.232100
vn -0.106100 0.974400 0.198300
vn 0.032200 0.967900 0.249200
vn 0.001700 0.995600 0.093600
vn 0.056900 0.983900 0.169400
vn 0.076400 0.986200 -0.146800
vn 0.066500 0.988200 -0.138000
vn -0.335400 0.925700 0.174700
vn -0.204000 0.976400 0.071000
vn -0.039800 0.998000 -0.049800
vn 0.067900 0.980100 -0.186500
vn -0.411400 0.910900 -0.029700
vn -0.162100 0.978900 -0.124200
vn 0.022000 0.981400 -0.190600
vn 0.080600 0.975900 -0.203000
vn -0.063000 0.932000 -0.356900
vn 0.119800 0.953100 -0.277900
vn 0.110100 0.982800 -0.148400
vn -0.136100 0.836200 -0.531200
vn -0.145900 0.828300 -0.540900
vn -0.102800 0.851900 -0.513400
vn -0.116100 0.830000 -0.545600
vn -0.059100 0.869400 -0.490400
vn -0.075400 0.844200 -0.530700
vn 0.105900 0.985700 0.130500
vn 0.076000 0.989000 0.126500
vn -0.004400 0.999400 0.034500
vn -0.002000 0.998800 -0.048700
vn -0.120600 0.981600 -0.148000
vn -0.089000 0.921600 -0.377800
vn -0.188800 0.882800 -0.430100
vn 0.123800 0.983500 0.132000
vn 0.105200 0.979500 0.171900
vn 0.045100 0.998000 0.043700
vn -0.046300 0.955000 -0.292900
vn 0.145900 0.977800 0.149800
vn 0.106800 0.972500 0.206800
vn 0.053000 0.990800 0.123900
vn -0.012300 0.977000 -0.213000
vn 0.091400 0.966200 0.241000
vn 0.063800 0.983200 0.171100
vn 0.032300 0.986100 -0.162600
vn -0.052300 0.998000 -0.035200
vn -0.032700 0.999200 -0.023400
vn -0.141500 0.982000 -0.125000
vn -0.072100 0.993600 -0.086800
vn -0.220900 0.932400 -0.285900
vn -0.127700 0.967300 -0.219200
vn 0.143500 0.986700 0.076300
vn 0.018400 0.885100 -0.465100
vn 0.028000 0.816700 -0.576400
vn -0.116200 0.772500 -0.624300
vn -0.061300 0.786100 -0.615000
vn -0.114400 0.949600 -0.291900
vn -0.044200 0.971500 -0.232700
vn 0.038200 0.993800 0.103800
vn -0.026200 0.937700 -0.346400
vn -0.179000 0.803600 -0.567600
vn -0.233700 0.900300 -0.367100
vn -0.031200 0.996400 0.079100
vn -0.083200 0.971100 -0.223800
vn -0.238700 0.869600 -0.432200
vn -0.316900 0.844200 -0.432300
vn -0.084800 0.991900 -0.094900
vn -0.228700 0.933600 -0.275900
vn -0.294000 0.844400 -0.447800
vn -0.017700 0.999500 -0.025800
vn -0.017300 0.999800 -0.004800
vn -0.015200 0.999600 -0.024000
vn -0.017400 0.999800 -0.004600
vn -0.016900 0.999600 -0.021000
vn -0.017800 0.999800 -0.005000
vn -0.112000 0.959900 -0.256900
vn -0.012500 0.742200 -0.670100
vn -0.251300 0.740700 -0.623100
vn -0.015100 0.778300 -0.627700
vn -0.146800 0.814800 -0.560700
vn -0.030900 0.977700 -0.207700
vn -0.056600 0.986400 -0.154200
vn 0.003800 0.945400 -0.325700
vn 0.062300 0.706500 -0.704900
vn 0.041000 0.803600 -0.593700
vn 0.002900 0.978700 -0.205100
vn 0.054400 0.950900 -0.304600
vn -0.012300 0.717300 -0.696600
vn -0.017600 0.815600 -0.578400
vn -0.015200 0.981600 -0.190300
vn -0.010500 0.756200 -0.654200
vn -0.044000 0.801600 -0.596200
vn -0.025900 0.979500 -0.199900
vn -0.011400 0.991100 -0.132500
vn -0.011500 0.998900 -0.046000
vn -0.022800 0.990700 -0.133800
vn -0.021800 0.998700 -0.044500
vn 0.025100 0.994400 -0.102900
vn -0.007100 0.999200 -0.038500
vn -0.148400 0.972600 -0.178700
vn -0.174800 0.965500 -0.192800
vn -0.233900 0.960000 -0.153900
vn -0.194400 0.914400 -0.355100
vn 0.031800 0.982900 -0.181200
vn -0.079400 0.945200 -0.316700
vn 0.176800 0.951900 -0.250100
vn 0.012500 0.961300 -0.275100
vn 0.101900 0.980300 -0.168800
vn 0.074600 0.939200 -0.335100
vn 0.001100 0.931600 -0.363500
vn -0.198900 0.907100 -0.370800
vn 0.023500 0.937500 -0.347100
vn 0.196100 0.922100 -0.333400
vn 0.144500 0.956600 -0.253000
vn -0.296300 0.766100 -0.570300
vn -0.019300 0.903500 -0.428100
vn 0.063600 0.987800 -0.142000
vn -0.018300 0.999800 -0.000800
vn -0.043700 0.998700 -0.026900
vn -0.017600 0.999800 -0.000100
vn -0.141100 0.979400 -0.144600
vn -0.047100 0.998400 -0.030000
vn -0.153500 0.938900 -0.308100
vn -0.082700 0.988900 -0.123700
vn -0.467600 0.883900 -0.006100
vn -0.478600 0.877800 -0.018000
vn -0.440700 0.886500 -0.140800
vn -0.388800 0.914500 -0.111300
vn -0.319200 0.925600 -0.203500
vn -0.207000 0.970800 -0.121400
vn -0.153100 0.980200 -0.125400
vn -0.059300 0.997400 -0.040500
vn -0.160400 0.987000 0.000000
vn -0.274300 0.957700 -0.086200
vn -0.389900 0.885800 -0.251700
vn -0.320200 0.899500 -0.297300
vn 0.225300 0.974200 0.012700
vn 0.142000 0.986200 0.085100
vn -0.070700 0.993300 -0.091800
vn -0.203600 0.901100 -0.382900
vn 0.106000 0.992700 0.057500
vn 0.252400 0.967600 0.009400
vn 0.196400 0.932700 -0.302300
vn -0.093500 0.981100 -0.169300
vn -0.311700 0.949000 0.047700
vn -0.343100 0.912800 0.221400
vn 0.042500 0.995600 -0.083100
vn 0.056300 0.997200 -0.049900
vn -0.057900 0.997900 -0.028000
vn 0.086500 0.992700 -0.083900
vn -0.040000 0.997400 -0.058900
vn 0.049200 0.982600 -0.179100
vn -0.003000 0.979200 -0.202600
vn 0.217000 0.974100 -0.062900
vn 0.189700 0.980400 -0.052900
vn 0.107400 0.993900 -0.025700
vn -0.078900 0.996800 -0.014300
vn 0.301000 0.952800 -0.038000
vn 0.226600 0.973400 0.033700
vn 0.045000 0.986300 0.158800
vn -0.193000 0.955400 0.223400
vn 0.134500 0.977300 0.163500
vn 0.004800 0.943800 0.330400
vn -0.077200 0.931700 0.354800
vn 0.052000 0.972700 0.226000
vn 0.014900 0.923100 0.384200
vn 0.050700 0.926800 0.372100
vn 0.365600 0.825100 -0.430800
vn 0.186200 0.933900 -0.305100
vn 0.040500 0.965100 -0.258800
vn 0.134400 0.939800 0.314000
vn 0.502800 0.848500 0.164800
vn 0.455100 0.804200 0.382200
vn 0.628700 0.765500 -0.137100
vn 0.563900 0.825800 -0.007200
vn 0.541500 0.740300 -0.398300
vn 0.580100 0.705100 -0.407800
vn 0.114900 0.990000 -0.082200
vn 0.373100 0.922700 -0.096600
vn 0.427700 0.884500 -0.186200
vn 0.312900 0.900400 -0.302300
vn 0.242600 0.934700 -0.259700
vn 0.250900 0.952100 -0.174400
vn 0.182500 0.974800 -0.128000
vn 0.090200 0.976500 -0.195500
vn 0.051400 0.994400 -0.091800
vn -0.032500 0.997600 -0.061400
vn -0.037200 0.984700 -0.170300
vn -0.305900 0.820900 -0.482300
vn -0.134500 0.797200 -0.588500
vn 0.285900 0.720500 -0.631700
vn -0.265900 0.762200 0.590200
vn -0.200100 0.708100 0.677100
vn -0.270500 0.673100 0.688300
vn -0.223600 0.827300 0.515400
vn -0.415800 0.801100 0.430500
vn -0.348800 0.937200 0.000900
vn -0.473300 0.879000 -0.056800
vn -0.306600 0.732300 0.608100
vn -0.291600 0.729400 0.618800
vn -0.249200 0.822000 0.512100
vn -0.258400 0.965900 0.011700
vn -0.181100 0.715500 0.674700
vn -0.202300 0.794600 0.572400
vn -0.052100 0.907700 0.416400
vn 0.155600 0.985000 -0.074300
vn 0.144500 0.849700 0.507100
vn 0.310300 0.930400 0.194800
vn 0.514600 0.816600 -0.261400
vn -0.075000 0.990100 0.118000
vn -0.371700 0.913700 0.164400
vn -0.612900 0.789200 0.038500
vn -0.071500 0.962100 0.263000
vn -0.073200 0.976800 0.201300
vn -0.022100 0.971600 0.235500
vn -0.023800 0.996700 0.077100
vn 0.041200 0.986900 0.155900
vn -0.006700 0.999800 0.017000
vn 0.098600 0.995000 0.016500
vn -0.166800 0.931500 0.323100
vn -0.256400 0.942000 0.216600
vn -0.305900 0.949900 0.063500
vn -0.340900 0.938500 0.054800
vn -0.296800 0.851900 0.431400
vn -0.487400 0.797900 0.354500
vn -0.653300 0.741600 0.152100
vn -0.681900 0.730300 0.040000
vn -0.489100 0.669000 0.559600
vn -0.687800 0.657900 0.306800
vn -0.710700 0.702300 -0.039500
vn 0.051500 0.957300 0.284400
vn 0.084100 0.978300 0.189000
vn 0.117500 0.988000 0.099600
vn 0.073200 0.974300 0.212800
vn 0.084000 0.963700 0.253300
vn 0.038400 0.993500 0.106800
vn 0.000300 0.999600 0.027300
vn -0.033100 0.988600 0.146800
vn -0.070400 0.994000 0.084000
vn -0.034400 0.932500 0.359400
vn -0.049100 0.908600 0.414700
vn 0.039700 0.965700 0.256500
vn 0.022400 0.985300 0.169100
vn -0.017500 0.980300 0.196500
vn 0.003400 0.954100 0.299400
vn -0.000500 0.968600 0.248600
vn -0.018200 0.977000 0.212400
vn -0.045600 0.974300 0.220500
vn 0.009100 0.979200 0.202700
vn -0.030300 0.969600 0.242600
vn -0.028200 0.976200 0.214900
vn 0.037200 0.995500 0.086400
vn 0.105200 0.814700 0.570200
vn -0.028400 0.841900 0.538700
vn -0.077400 0.866200 0.493700
vn -0.002600 0.999300 -0.037500
vn -0.070900 0.993700 -0.087200
vn -0.024700 0.997500 0.065800
vn 0.041200 0.993600 0.105300
vn 0.015900 0.841500 0.540000
vn 0.105500 0.808500 0.579000
vn -0.129200 0.984800 -0.115900
vn -0.120500 0.991800 0.042500
vn -0.093200 0.843700 0.528600
vn -0.133300 0.986500 -0.095100
vn -0.157100 0.986900 0.036700
vn -0.129000 0.846700 0.516100
vn -0.092300 0.990800 0.098800
vn -0.009300 0.988600 0.150300
vn -0.072200 0.996400 -0.044200
vn -0.112900 0.992500 0.045700
vn -0.076700 0.876700 0.474800
vn -0.155700 0.893200 0.421900
vn -0.048000 0.885900 0.461400
vn 0.118800 0.854700 0.505200
vn 0.071600 0.980000 0.185500
vn 0.145500 0.980300 0.133100
vn 0.452700 0.876500 0.163800
vn 0.151100 0.931400 0.331200
vn 0.391300 0.883400 0.257800
vn 0.019500 0.743900 0.668000
vn 0.123400 0.850100 0.512000
vn 0.007600 0.997000 0.076600
vn 0.038700 0.938900 0.341900
vn -0.003700 0.674700 0.738100
vn 0.003300 0.999300 0.035800
vn 0.082500 0.958600 0.272300
vn 0.124100 0.676800 0.725600
vn 0.005200 1.000000 -0.001100
vn 0.070600 0.982100 0.174300
vn 0.155200 0.743600 0.650300
vn -0.218300 0.949500 -0.225200
vn -0.069800 0.955900 -0.285300
vn -0.161100 0.965700 -0.203700
vn -0.098200 0.967300 0.233900
vn -0.153100 0.963100 0.221300
vn -0.224200 0.968000 0.112200
vn -0.217200 0.975100 0.045200
vn -0.341700 0.939400 -0.026200
vn -0.256900 0.956500 -0.138300
vn -0.374800 0.916500 -0.139600
vn -0.063700 0.969100 0.238000
vn -0.014300 0.973200 0.229300
vn 0.009400 0.995800 0.090500
vn -0.036700 0.995100 -0.091500
vn 0.023500 0.967200 0.252800
vn 0.020400 0.984000 0.177100
vn 0.060200 0.993600 0.095100
vn -0.000100 0.999800 0.019300
vn 0.303900 0.940000 0.155200
vn 0.253500 0.956700 0.143200
vn 0.047400 0.970700 0.235600
vn -0.456500 0.888800 0.039800
vn -0.494900 0.868500 0.027700
vn -0.153900 0.988000 -0.013300
vn 0.178500 0.981100 -0.073900
vn -0.245200 0.969100 0.025500
vn -0.431600 0.901200 0.039400
vn -0.456400 0.888300 0.050300
vn -0.305700 0.951200 0.042000
vn -0.486900 0.871800 0.053700
vn -0.378200 0.924700 0.043100
vn -0.500500 0.865400 0.024400
vn -0.428100 0.903400 0.024400
vn -0.396700 0.916700 0.046200
vn -0.353100 0.934800 0.036800
vn -0.281800 0.958900 0.032000
vn -0.207800 0.978100 -0.008800
vn -0.097900 0.995000 0.021300
vn -0.050000 0.998600 -0.017300
vn 0.026300 0.998400 -0.049800
vn 0.110400 0.990700 -0.079600
vn -0.108400 0.994100 -0.006000
vn -0.163700 0.982900 -0.083800
vn -0.166000 0.977400 -0.130500
vn 0.096500 0.989600 -0.106500
vn 0.252400 0.967100 -0.032600
vn 0.322100 0.946700 0.004400
vn 0.681800 0.672300 -0.288300
vn 0.580200 0.771100 -0.262400
vn 0.438400 0.733300 -0.519600
vn 0.395600 0.901900 -0.173500
vn 0.291000 0.876300 -0.383900
vn 0.215300 0.968300 -0.126400
vn 0.170500 0.954800 -0.243400
vn 0.657000 0.742400 -0.131300
vn 0.582100 0.812300 -0.034700
vn 0.465700 0.883900 0.042000
vn 0.338100 0.940900 0.018600
vn 0.346600 0.936200 -0.057500
vn 0.326500 0.944000 0.046800
vn 0.339400 0.931300 0.132300
vn 0.339600 0.935400 0.097800
vn 0.067500 0.997200 0.031300
vn 0.132400 0.987400 0.086100
vn 0.216500 0.973300 0.076400
vn -0.001000 0.999900 0.013800
vn 0.047500 0.998100 0.038000
vn 0.116800 0.992300 0.040500
vn -0.272500 0.941200 0.199700
vn -0.170700 0.979100 -0.110200
vn 0.171500 0.953600 -0.247400
vn -0.392600 0.905700 0.160000
vn -0.527200 0.828800 0.187600
vn -0.553200 0.828800 0.083800
vn -0.339200 0.924200 0.175500
vn -0.485400 0.873100 0.044800
vn -0.200200 0.951200 0.234700
vn -0.434000 0.870500 0.232000
vn -0.733900 0.640700 0.225300
vn -0.712700 0.700800 0.028400
vn -0.513000 0.856100 -0.063000
vn -0.335900 0.936600 -0.099900
vn -0.763900 0.635400 -0.112300
vn -0.539600 0.691500 -0.480200
vn -0.152000 0.921200 -0.358100
vn 0.077400 0.978000 -0.193800
vn 0.123000 0.715100 -0.688000
vn 0.196200 0.859300 -0.472300
vn 0.241700 0.935600 -0.257200
vn -0.259900 0.820500 0.509100
vn -0.232900 0.783400 0.576200
vn -0.109900 0.759100 0.641600
vn -0.186800 0.941500 0.280300
vn -0.199500 0.903700 0.378900
vn -0.166400 0.878000 0.448800
vn -0.105000 0.877300 0.468200
vn -0.026200 0.918000 0.395700
vn -0.152700 0.946900 0.282800
vn -0.039900 0.988200 0.147600
vn -0.079800 0.976600 0.199400
vn -0.159900 0.942400 0.293900
vn 0.061900 0.979900 0.189600
vn 0.015200 0.989600 0.142700
vn -0.009200 0.992900 0.118900
vn 0.046700 0.991900 -0.118400
vn 0.072900 0.993100 -0.091700
vn 0.057800 0.998000 -0.024700
vn -0.071300 0.983800 0.164700
vn -0.084100 0.982400 0.166800
vn 0.086600 0.977600 0.191600
vn -0.006200 0.960400 -0.278500
vn -0.035000 0.997800 -0.055500
vn -0.012700 0.999000 -0.041700
vn -0.063100 0.996400 0.055500
vn 0.037600 0.997200 0.064000
vn -0.067900 0.991600 0.110300
vn 0.054100 0.992000 0.114200
vn 0.225800 0.961000 -0.159400
vn 0.056900 0.997400 0.042700
vn -0.050800 0.994000 0.097100
vn -0.085700 0.990300 0.109300
vn 0.206000 0.978100 -0.027200
vn 0.168800 0.977600 0.125300
vn 0.149300 0.979400 0.136100
vn 0.129000 0.984100 0.121600
vn 0.126500 0.989000 0.076100
vn 0.237400 0.967800 0.083400
vn 0.330900 0.940000 0.082900
vn 0.155100 0.987500 -0.027700
vn 0.246300 0.969100 -0.010000
vn -0.194000 0.980600 0.027600
vn -0.394800 0.917500 0.046800
vn -0.420900 0.904700 0.066100
vn -0.125400 0.990400 0.058200
vn -0.059900 0.998100 0.012800
vn -0.283800 0.958700 0.017000
vn -0.300100 0.953500 0.026800
vn -0.088300 0.996000 0.015500
vn -0.326300 0.944700 0.031100
vn -0.118400 0.992800 0.014700
vn -0.358900 0.932700 0.035600
vn -0.150100 0.988500 0.017200
vn -0.379400 0.925000 0.018100
vn -0.385800 0.921300 0.049400
vn -0.407200 0.911000 0.065300
vn -0.424800 0.903000 0.064500
vn -0.138600 0.990300 -0.007300
vn -0.110700 0.992200 0.058000
vn -0.113400 0.989100 0.093400
vn -0.127800 0.988100 0.085500
vn 0.033800 0.999100 0.023300
vn 0.072900 0.993200 0.090600
vn 0.071700 0.992000 0.104100
vn 0.707400 0.693300 -0.137100
vn 0.704300 0.700700 -0.113700
vn 0.386600 0.917000 -0.098100
vn 0.460200 0.883600 -0.086600
vn 0.568600 0.813800 0.119600
vn 0.124000 0.923100 0.364000
vn 0.647500 0.715600 0.261900
vn 0.185800 0.877800 0.441400
vn 0.699800 0.706400 0.106300
vn 0.283500 0.929100 0.237200
vn 0.354100 0.924300 -0.141900
vn 0.403900 0.913000 -0.057200
vn 0.545200 0.837300 0.039600
vn 0.683200 0.730200 0.000300
vn 0.291000 0.947100 -0.134900
vn 0.287400 0.948700 -0.131500
vn 0.332300 0.936100 -0.115200
vn 0.387500 0.915600 -0.107200
vn 0.353800 0.930700 -0.092900
vn 0.272800 0.955800 -0.109200
vn 0.182100 0.978500 -0.097000
vn 0.263300 0.963000 -0.057800
vn 0.189100 0.980100 -0.059800
vn 0.092500 0.994200 -0.054800
vn -0.351500 0.919600 0.175400
vn -0.663500 0.710800 0.233200
vn -0.820500 0.493800 0.288000
vn -0.226800 0.973900 0.005200
vn -0.485400 0.866500 0.116300
vn -0.573400 0.802700 0.163700
vn -0.301600 0.948600 0.096000
vn -0.623400 0.772700 0.119000
vn -0.339200 0.935500 0.098900
vn -0.638400 0.758000 0.133200
vn -0.333400 0.936400 0.109100
vn -0.583800 0.781700 0.219200
vn -0.648500 0.712700 0.267100
vn -0.744900 0.625900 0.230900
vn -0.814000 0.529300 0.239100
vn -0.437500 0.809400 0.391600
vn -0.462500 0.781800 0.418000
vn -0.412300 0.840100 0.352400
vn 0.061300 0.989100 -0.133900
vn 0.096900 0.988300 -0.117800
vn 0.098400 0.987800 -0.120500
vn 0.135800 0.984500 -0.111100
vn 0.104700 0.989800 -0.096700
vn 0.083400 0.995300 -0.048400
vn 0.082300 0.990400 -0.111400
vn 0.345500 0.911200 -0.224200
vn 0.092900 0.967200 -0.236500
vn 0.131500 0.934600 -0.330300
vn 0.087300 0.974000 -0.208900
vn -0.000900 0.968500 -0.248900
vn -0.018500 0.998300 -0.054900
vn 0.052200 0.984400 -0.167800
vn 0.111900 0.962100 -0.248500
vn 0.108200 0.976800 -0.184900
vn 0.197900 0.975700 -0.093700
vn 0.223700 0.949700 -0.218900
vn 0.208200 0.950700 -0.229700
vn 0.164600 0.975000 -0.148800
vn 0.334500 0.925100 -0.179500
vn 0.249700 0.956100 -0.153000
vn 0.172900 0.980300 -0.094900
vn 0.109200 0.991600 -0.069200
vn 0.215500 0.972400 -0.089900
vn 0.128500 0.989500 -0.065200
vn 0.061700 0.997400 -0.037500
vn -0.123100 0.756700 -0.642000
vn 0.381600 0.752800 -0.536400
vn 0.342000 0.887300 -0.309400
vn -0.537000 0.815600 0.215200
vn -0.509800 0.825600 -0.241800
vn -0.751200 0.643300 -0.147800
vn -0.433800 0.742300 -0.510700
vn -0.666300 0.623100 -0.409600
vn -0.322400 0.641200 -0.696300
vn -0.515600 0.680800 -0.520300
vn -0.065400 0.980500 0.185500
vn 0.005900 0.947300 -0.320200
vn 0.126800 0.797000 -0.590500
vn 0.260300 0.609500 -0.748800
vn 0.520800 0.845700 0.116400
vn 0.580600 0.750300 -0.316100
vn 0.633100 0.567900 -0.526000
vn 0.541300 0.625100 -0.562300
vn 0.686500 0.660500 -0.303900
vn 0.445700 0.742200 -0.500500
vn 0.190400 0.899800 -0.392500
vn -0.042000 0.999100 0.005100
vn -0.273900 0.961700 0.010600
vn -0.394200 0.919000 0.003200
vn -0.221000 0.972800 -0.069300
vn -0.046200 0.998900 -0.005200
vn -0.231000 0.972800 0.013500
vn -0.253100 0.967400 0.001100
vn -0.036700 0.999300 -0.004200
vn -0.258700 0.965900 0.001100
vn -0.032600 0.999500 0.000100
vn -0.264200 0.964400 0.007100
vn -0.034800 0.999400 0.002000
vn -0.447200 0.892900 0.052600
vn -0.470900 0.882100 0.011400
vn -0.461300 0.887100 -0.014800
vn -0.427700 0.903900 -0.009600
vn -0.566200 0.820900 0.073700
vn -0.557700 0.830000 -0.005600
vn -0.489100 0.866700 -0.097900
vn -0.358000 0.926400 -0.116500
vn -0.736400 0.673100 -0.068400
vn -0.619600 0.737700 -0.268200
vn -0.411300 0.851600 -0.325100
vn 0.387400 0.916900 -0.095500
vn 0.368100 0.923800 -0.105500
vn 0.285600 0.951700 -0.112900
vn 0.170600 0.982500 0.074300
vn 0.268500 0.948000 0.171100
vn -0.054200 0.975800 0.211700
vn 0.346500 0.920300 0.181200
vn -0.145800 0.973500 0.176200
vn 0.364200 0.930700 0.034100
vn -0.211400 0.977100 0.024500
vn 0.006600 0.999900 -0.008700
vn 0.114200 0.992900 0.032300
vn 0.246100 0.967700 0.055400
vn 0.347100 0.937800 -0.007200
vn 0.097300 0.993500 -0.059200
vn 0.115400 0.991900 -0.052700
vn 0.162100 0.985300 -0.053000
vn 0.234200 0.969000 -0.078100
vn 0.424900 0.902400 -0.071300
vn 0.434800 0.895800 -0.091900
vn 0.442000 0.889700 -0.113900
vn 0.497900 0.863900 -0.075800
vn 0.504000 0.858300 -0.096600
vn 0.470700 0.875100 -0.112500
vn -0.083200 0.924600 -0.371500
vn -0.303400 0.940300 -0.154100
vn -0.522200 0.851300 0.051400
vn 0.200900 0.935700 -0.289900
vn 0.238400 0.859400 -0.452300
vn -0.275300 0.882800 -0.380500
vn 0.239200 0.668000 -0.704700
vn -0.201200 0.669600 -0.714900
vn 0.137500 0.684700 -0.715800
vn -0.126800 0.604300 -0.786600
vn -0.084900 0.891200 -0.445500
vn 0.574600 0.765200 -0.290200
vn 0.565800 0.729200 -0.384700
vn 0.393100 0.769600 -0.503100
vn 0.037000 0.894000 -0.446500
vn 0.327000 0.903500 -0.277000
vn 0.118100 0.962800 -0.243100
vn -0.131700 0.964100 -0.230500
vn -0.372000 0.916600 -0.146600
vn -0.316800 0.948100 0.028300
vn -0.484400 0.874000 0.037400
vn -0.551800 0.833900 -0.010900
vn -0.430500 0.851700 -0.298600
vn -0.468400 0.712700 -0.522100
vn -0.436400 0.813400 -0.384600
vn -0.323500 0.837700 -0.439900
vn -0.195300 0.958400 -0.208100
vn -0.226800 0.963400 -0.142700
vn -0.388000 0.787500 -0.478900
vn -0.383100 0.693300 -0.610400
vn -0.217100 0.911300 -0.349700
vn -0.115800 0.982500 -0.145600
vn -0.246900 0.967600 -0.052700
vn -0.336700 0.865400 -0.371200
vn -0.378300 0.653200 -0.655900
vn -0.281800 0.785900 -0.550500
vn -0.107200 0.979800 -0.168500
vn -0.052800 0.997500 -0.045700
vn -0.394500 0.865800 -0.307800
vn -0.363800 0.656100 -0.661100
vn -0.280100 0.652400 -0.704200
vn -0.142900 0.929000 -0.341300
vn 0.114500 0.989600 -0.087400
vn -0.002800 0.999500 -0.032700
vn 0.179900 0.983600 0.006000
vn 0.125600 0.986500 0.104700
vn 0.171100 0.960000 0.221700
vn 0.207400 0.964600 0.163000
vn 0.164500 0.961400 0.220500
vn 0.122900 0.975500 0.182300
vn 0.144900 0.989000 0.029000
vn 0.195000 0.973200 0.121700
vn -0.066700 0.996400 0.052000
vn -0.009200 0.984600 0.174400
vn 0.063400 0.974700 0.214100
vn 0.063400 0.995800 0.065900
vn 0.026100 0.998100 0.055000
vn 0.041800 0.994000 0.100800
vn 0.119600 0.982400 0.143600
vn 0.173400 0.981100 0.085900
vn 0.198600 0.976800 0.079900
vn 0.202500 0.977700 0.054900
vn 0.251900 0.966000 0.058100
vn 0.317100 0.947400 0.042600
vn 0.281400 0.959500 0.008800
vn 0.305500 0.952100 -0.007000
vn -0.429600 0.727600 0.534700
vn -0.074700 0.787300 0.612000
vn 0.437500 0.747900 0.499300
vn 0.386900 0.921600 0.029800
vn 0.353300 0.927300 0.123600
vn 0.010300 0.999800 0.014700
vn 0.141100 0.948600 0.283300
vn -0.178700 0.983800 -0.009900
vn -0.182900 0.853500 0.488000
vn -0.438600 0.886700 0.146200
vn 0.139300 0.990200 0.005700
vn 0.178400 0.973400 0.143300
vn 0.134700 0.850000 0.509200
vn -0.023600 0.733700 0.679100
vn -0.034700 0.999100 0.025900
vn -0.032400 0.996300 0.078700
vn 0.121100 0.882600 0.454200
vn 0.310600 0.726800 0.612600
vn 0.037800 0.996700 0.070900
vn 0.099300 0.963500 0.248600
vn 0.330600 0.870500 0.364500
vn -0.046400 0.998900 0.005000
vn -0.187600 0.981700 0.032200
vn -0.415800 0.906800 0.069300
vn -0.574300 0.816300 0.061900
vn -0.021600 0.999800 0.000000
vn -0.156500 0.987500 -0.014500
vn -0.132200 0.991100 -0.010700
vn -0.021800 0.999800 0.000200
vn -0.124300 0.992200 0.004400
vn -0.023700 0.999700 0.001600
vn -0.144300 0.989200 0.026100
vn -0.033400 0.999400 0.008000
vn -0.477700 0.878200 -0.021500
vn -0.462600 0.885900 -0.033500
vn -0.433600 0.901000 -0.014600
vn -0.410400 0.911200 0.034900
vn -0.693300 0.719900 0.032100
vn -0.717900 0.694600 -0.046100
vn -0.681900 0.727300 -0.077700
vn -0.619600 0.784800 -0.015800
vn -0.542300 0.838900 -0.046700
vn -0.596100 0.793100 -0.125100
vn -0.639200 0.768000 -0.039700
vn 0.119400 0.990800 0.062800
vn -0.065300 0.997600 0.021100
vn 0.085400 0.996200 -0.018800
vn -0.056600 0.986700 0.152000
vn 0.009000 0.959600 0.281000
vn 0.459200 0.851100 0.254400
vn 0.093500 0.957900 0.271200
vn 0.340000 0.922900 0.180500
vn 0.114100 0.982900 0.144700
vn 0.201000 0.977900 0.056400
vn -0.398200 0.912100 0.097100
vn -0.340400 0.927900 0.152100
vn -0.227900 0.958100 0.173500
vn -0.129900 0.984700 0.115900
vn 0.006400 0.995400 0.095400
vn 0.013700 0.994700 0.101700
vn 0.027700 0.995200 0.093300
vn 0.060100 0.996400 0.059600
vn 0.296200 0.952900 0.064600
vn 0.355500 0.933400 0.047200
vn 0.401400 0.915700 0.016400
vn 0.252400 0.967100 0.030500
vn 0.349400 0.936800 0.018300
vn 0.416900 0.908900 -0.006600
vn 0.172900 0.868000 -0.465500
vn 0.546300 0.749600 -0.373700
vn 0.487700 0.814000 -0.315400
vn 0.514300 0.857500 0.008700
vn 0.458300 0.832600 -0.310900
vn -0.053000 0.884400 -0.463700
vn 0.348400 0.750800 -0.561100
vn -0.076100 0.701900 -0.708100
vn 0.227600 0.744300 -0.627800
vn -0.174300 0.647600 -0.741700
vn 0.735800 0.672900 0.075700
vn 0.712400 0.693000 -0.110200
vn 0.635400 0.694800 -0.336800
vn 0.556400 0.699500 -0.448500
vn 0.731700 0.679100 0.058900
vn 0.739900 0.672700 0.006600
vn 0.707100 0.688800 -0.159800
vn 0.616600 0.725900 -0.304500
vn 0.612100 0.782600 0.112700
vn 0.525100 0.851000 -0.001400
vn 0.388000 0.912600 -0.128900
vn -0.304800 0.946700 -0.103600
vn -0.190800 0.974500 -0.118000
vn -0.368200 0.883800 -0.288400
vn -0.424800 0.898000 0.114400
vn -0.560800 0.818500 -0.124800
vn -0.724100 0.676000 -0.136900
vn -0.501200 0.814500 -0.292100
vn -0.707000 0.684800 -0.176500
vn -0.313500 0.927500 -0.203600
vn -0.651800 0.746100 -0.135700
vn -0.740600 0.648900 0.174200
vn -0.746800 0.631700 -0.208100
vn -0.574800 0.657600 -0.487100
vn -0.401500 0.808300 -0.430600
vn -0.869700 0.492100 0.037800
vn -0.788000 0.537900 -0.299400
vn -0.634700 0.456900 -0.623200
vn -0.515700 0.518800 -0.681800
vn -0.531400 0.713600 -0.456400
vn -0.406200 0.581800 -0.704600
vn -0.397300 0.503000 -0.767500
vn -0.415800 0.908400 -0.044000
vn -0.751700 0.648300 -0.120800
vn -0.346700 0.936300 -0.056200
vn -0.691100 0.716200 -0.096600
vn -0.638400 0.766700 -0.068200
vn 0.045000 0.996900 0.064900
vn -0.052400 0.997600 0.045600
vn 0.074200 0.991700 0.104600
vn 0.097200 0.982400 0.159300
vn -0.003800 0.994500 0.104600
vn 0.009400 0.990900 0.133800
vn 0.387900 0.921500 0.018500
vn 0.154100 0.984300 0.085400
vn 0.046900 0.984600 0.168300
vn 0.224300 0.946500 -0.231800
vn 0.395800 0.918300 0.005100
vn 0.067200 0.988500 0.135500
vn 0.459000 0.886700 0.055100
vn 0.105800 0.992600 0.059000
vn 0.431300 0.902000 0.018200
vn 0.104400 0.994500 0.004300
vn 0.305200 0.888300 -0.343200
vn 0.350400 0.931600 -0.096400
vn 0.337200 0.936500 0.096300
vn 0.249200 0.961500 0.115800
vn 0.380900 0.885100 -0.267400
vn 0.251000 0.966000 -0.061600
vn 0.185500 0.972300 0.142300
vn 0.132500 0.966600 0.219300
vn 0.339400 0.938700 -0.061100
vn 0.177000 0.982100 0.063500
vn 0.117700 0.982800 0.141700
vn 0.152300 0.960000 0.234800
vn 0.083000 0.983100 0.163200
vn 0.051600 0.989300 0.136700
vn -0.021600 0.999800 0.000100
vn -0.186300 0.982300 -0.017400
vn -0.482200 0.875200 -0.038000
vn -0.635100 0.772400 0.008000
vn -0.338100 0.940100 -0.042100
vn -0.399100 0.915600 -0.047500
vn -0.364700 0.925600 -0.101100
vn -0.229200 0.970300 -0.076600
vn -0.300000 0.949200 -0.095000
vn -0.102000 0.993300 -0.055100
vn -0.233100 0.971300 -0.046800
vn -0.034400 0.999300 -0.012900
vn -0.440300 0.897600 -0.019700
vn -0.493700 0.864900 -0.090500
vn -0.518800 0.845000 -0.129100
vn -0.503500 0.858600 -0.096300
vn -0.354900 0.933900 0.043100
vn -0.431100 0.902300 0.005100
vn -0.514400 0.853700 -0.081100
vn -0.576100 0.813900 -0.074800
vn -0.307500 0.944200 0.117900
vn -0.388600 0.921300 0.012600
vn -0.449500 0.893200 -0.005700
vn -0.081500 0.994200 0.069500
vn -0.408400 0.910500 0.064800
vn -0.011400 0.997800 0.065200
vn -0.056600 0.972900 -0.224200
vn -0.062100 0.990700 -0.121100
vn 0.433500 0.900300 -0.039500
vn -0.070000 0.997300 0.020700
vn 0.513100 0.857300 0.041100
vn -0.080400 0.994500 0.067000
vn 0.544400 0.836200 0.065900
vn 0.028700 0.998000 -0.056900
vn -0.232500 0.972600 -0.006000
vn -0.363800 0.928800 0.070300
vn -0.403700 0.911900 0.073900
vn 0.192100 0.971200 0.141100
vn 0.086200 0.983400 0.159300
vn -0.000000 0.987700 0.156300
vn -0.026600 0.995000 0.095700
vn 0.150100 0.969900 0.191700
vn 0.177800 0.966600 0.184700
vn 0.183400 0.977800 0.101700
vn 0.036000 0.984300 0.172800
vn 0.077800 0.980900 0.178400
vn 0.093100 0.990200 0.104200
vn 0.530800 0.784800 0.319900
vn 0.696700 0.680400 0.227100
vn 0.685800 0.719400 0.109700
vn 0.019700 0.900100 0.435100
vn 0.161700 0.646000 0.746000
vn -0.140200 0.565500 0.812700
vn 0.293500 0.572700 0.765400
vn -0.037100 0.496700 0.867100
vn 0.455100 0.659400 0.598300
vn 0.021000 0.694500 0.719100
vn -0.130100 0.935100 0.329600
vn 0.041100 0.794900 0.605400
vn 0.328700 0.672500 0.663000
vn 0.561000 0.688800 0.459100
vn -0.166100 0.949400 0.266500
vn 0.027500 0.899300 0.436500
vn 0.326400 0.819300 0.471400
vn 0.564800 0.770600 0.295200
vn 0.406800 0.895200 0.181800
vn 0.559300 0.806400 0.192000
vn 0.654800 0.745000 0.127200
vn -0.167600 0.935700 0.310400
vn -0.514700 0.693700 0.503800
vn -0.843300 0.390700 0.369100
vn -0.011400 0.994000 -0.108900
vn 0.100300 0.953900 0.282800
vn -0.089400 0.935500 0.341600
vn 0.179300 0.822600 0.539500
vn -0.210400 0.813000 0.542900
vn 0.087700 0.865700 0.492700
vn -0.385400 0.832000 0.398900
vn -0.003300 0.991400 -0.130900
vn -0.020600 0.976300 0.215500
vn -0.070000 0.811100 0.580700
vn -0.202500 0.664800 0.719100
vn -0.163400 0.986400 0.016300
vn -0.396900 0.847400 0.352700
vn -0.569000 0.479600 0.667900
vn -0.716700 0.273800 0.641300
vn -0.504200 0.581700 0.638300
vn -0.457800 0.339900 0.821500
vn -0.507300 0.493000 0.706800
vn -0.006500 0.991000 -0.133400
vn -0.013200 0.993100 -0.116300
vn -0.023000 0.999500 -0.018300
vn -0.017600 0.999600 -0.021300
vn -0.032100 0.994500 -0.099200
vn -0.101700 0.993900 0.043200
vn -0.194000 0.959400 0.204600
vn -0.431700 0.834200 0.343100
vn -0.251400 0.961300 0.112100
vn -0.646700 0.727400 0.229500
vn 0.002900 0.970300 -0.241800
vn 0.000800 0.974700 -0.223600
vn -0.012800 0.998900 -0.044000
vn -0.012400 0.998500 -0.052900
vn 0.322600 0.684300 -0.653800
vn 0.310200 0.838500 -0.448000
vn 0.557200 0.709100 -0.432100
vn 0.168500 0.737100 -0.654400
vn 0.104500 0.915500 -0.388600
vn 0.069500 0.776500 -0.626200
vn 0.030100 0.942700 -0.332300
vn 0.018000 0.957000 -0.289600
vn 0.056800 0.914100 -0.401500
vn 0.259500 0.851300 -0.456000
vn 0.469900 0.783000 -0.407500
vn 0.497900 0.828000 -0.257800
vn -0.304000 0.943900 -0.128700
vn -0.204400 0.936500 -0.285000
vn -0.462300 0.867200 -0.185100
vn -0.115500 0.903700 -0.412200
vn -0.374100 0.865000 -0.334500
vn -0.039200 0.900700 -0.432600
vn -0.297600 0.887500 -0.351600
vn -0.067800 0.949000 -0.307800
vn 0.113200 0.922200 -0.369600
vn 0.190500 0.873600 -0.447800
vn 0.228600 0.854000 -0.467300
vn 0.359900 0.807200 -0.467800
vn 0.484300 0.787500 -0.381000
vn 0.505000 0.764100 -0.401400
vn 0.491700 0.755500 -0.432900
vn 0.639200 0.672800 -0.372500
vn 0.656200 0.674200 -0.338800
vn 0.612800 0.710800 -0.345200
vn 0.531600 0.792500 -0.298800
vn 0.397700 0.893500 -0.208600
vn -0.374600 0.927200 0.001900
vn -0.402900 0.915200 0.005800
vn -0.409900 0.912000 0.011500
vn -0.366900 0.929800 -0.028000
vn -0.108200 0.993400 0.037500
vn -0.248800 0.964900 0.083700
vn -0.323600 0.942900 0.079200
vn -0.193900 0.979800 0.048400
vn -0.369300 0.927200 0.061600
vn -0.283900 0.957700 0.046100
vn -0.392200 0.919000 0.038300
vn -0.350300 0.936100 0.030500
vn -0.507800 0.849200 0.145100
vn -0.520800 0.848700 0.092100
vn -0.484900 0.873500 0.042900
vn -0.433100 0.901200 0.017100
vn -0.695800 0.704800 0.138300
vn -0.663500 0.747800 0.025100
vn -0.578800 0.813000 -0.063200
vn -0.463800 0.881700 -0.086200
vn -0.668000 0.739700 -0.080900
vn -0.573000 0.791900 -0.211000
vn -0.460300 0.857000 -0.231800
vn 0.079400 0.979600 -0.184600
vn 0.289700 0.956900 0.017500
vn 0.239800 0.961700 0.132500
vn 0.386500 0.884100 0.262600
vn 0.517000 0.820200 0.244800
vn 0.277700 0.927200 0.251100
vn 0.487600 0.867500 0.098600
vn 0.214900 0.976100 -0.033100
vn 0.310400 0.948900 -0.056700
vn 0.086900 0.966400 -0.241800
vn 0.120800 0.988300 0.092400
vn 0.279600 0.949700 0.140700
vn 0.401000 0.904600 0.144600
vn 0.419400 0.901100 0.110000
vn -0.013500 0.999900 0.003900
vn 0.018700 0.999400 0.028400
vn 0.100600 0.992900 0.062700
vn 0.195900 0.975600 0.098700
vn -0.013900 0.999900 0.004800
vn 0.006900 0.999200 0.037900
vn -0.017300 0.999800 0.001300
vn -0.015800 0.999600 0.020600
vn -0.045600 0.991100 0.124400
vn -0.164900 0.973100 0.160400
vn -0.248200 0.958700 0.138600
vn -0.143000 0.971500 -0.188800
vn -0.050700 0.998600 -0.016000
vn 0.072000 0.994400 0.076900
vn 0.028700 0.985000 0.169700
vn 0.056500 0.988200 0.142400
vn 0.003500 0.989200 0.146200
vn -0.046300 0.997600 0.050800
vn -0.260800 0.956500 -0.130300
vn -0.313500 0.945300 -0.089500
vn -0.233400 0.968800 0.083000
vn -0.157100 0.973700 0.164800
vn -0.288900 0.951900 0.101800
vn -0.485700 0.874100 0.002200
vn -0.512600 0.857400 -0.046700
vn -0.385700 0.922000 0.033200
vn -0.225100 0.960200 0.165100
vn -0.264200 0.959000 -0.102600
vn -0.200700 0.958100 -0.204200
vn -0.042100 0.946300 -0.320600
vn 0.051000 0.958200 -0.281500
vn 0.038900 0.983900 -0.174100
vn 0.081500 0.973600 0.213300
vn 0.052900 0.998000 0.033100
vn -0.056900 0.998400 0.004000
vn 0.025700 0.986400 -0.162000
vn -0.091800 0.976900 -0.193000
vn -0.012900 0.953000 -0.302700
vn -0.109500 0.939700 -0.324100
vn 0.216900 0.949200 0.228000
vn 0.207900 0.976500 0.056800
vn 0.175500 0.976300 -0.126600
vn 0.121800 0.960000 -0.252000
vn 0.266200 0.946900 0.180200
vn 0.301400 0.949500 0.086700
vn 0.246900 0.966900 -0.063500
vn 0.158700 0.971300 -0.177200
vn 0.217900 0.970300 0.105100
vn 0.162800 0.985800 0.040400
vn 0.042100 0.996500 -0.071800
vn 0.037100 0.946100 -0.321600
vn 0.017300 0.962500 -0.270700
vn -0.019600 0.968600 -0.247900
vn 0.204700 0.964700 0.165800
vn 0.232700 0.970700 -0.059100
vn 0.204700 0.977500 -0.049700
vn 0.198900 0.933900 -0.297000
vn 0.183800 0.921300 -0.342600
vn 0.116000 0.903700 -0.412200
vn 0.111900 0.868000 -0.483700
vn 0.125300 0.982900 0.134500
vn 0.141800 0.987900 -0.062000
vn 0.123000 0.958500 -0.257100
vn 0.071900 0.935600 -0.345700
vn 0.017000 0.992500 0.121100
vn 0.013300 0.998300 -0.055900
vn -0.000400 0.971800 -0.235500
vn -0.012900 0.949400 -0.313800
vn -0.082200 0.996100 -0.031700
vn -0.104400 0.970300 -0.218000
vn -0.097900 0.943100 -0.317800
vn 0.017000 0.872300 -0.488700
vn 0.017900 0.877700 -0.478700
vn 0.030800 0.888100 -0.458600
vn 0.003200 0.978900 -0.204200
vn 0.021100 0.995300 -0.094700
vn -0.031500 0.988500 -0.148000
vn -0.051600 0.989000 -0.138900
vn -0.023500 0.945600 -0.324500
vn 0.004900 0.960000 -0.279900
vn 0.008900 0.838700 -0.544500
vn 0.053200 0.848900 -0.525800
vn 0.123500 0.992300 -0.003200
vn 0.027800 0.993600 -0.109200
vn 0.006500 0.938100 -0.346300
vn 0.021500 0.831100 -0.555700
vn 0.155900 0.981600 0.110100
vn 0.075100 0.995400 -0.059600
vn 0.058300 0.931300 -0.359500
vn 0.054200 0.831200 -0.553200
vn 0.114000 0.992600 -0.041000
vn 0.111500 0.924500 -0.364500
vn 0.083000 0.842700 -0.531900
vn 0.125100 0.762800 -0.634400
vn 0.077700 0.856600 -0.510100
vn 0.118500 0.782300 -0.611500
vn 0.063900 0.891200 -0.449100
vn 0.114400 0.807200 -0.579100
vn 0.052500 0.922500 -0.382300
vn -0.013900 0.954000 0.299500
vn 0.096900 0.986200 0.134300
vn -0.006700 0.976400 0.215600
vn 0.174500 0.975000 -0.137600
vn 0.068500 0.994600 -0.077300
vn 0.168600 0.857800 -0.485500
vn 0.110600 0.869300 -0.481800
vn 0.004500 0.981600 0.190800
vn 0.124400 0.991300 0.042900
vn 0.173600 0.969600 -0.172100
vn 0.156200 0.867000 -0.473200
vn -0.022500 0.998100 0.056300
vn 0.092700 0.995200 -0.031500
vn 0.135700 0.973200 -0.185200
vn 0.140000 0.867600 -0.477000
vn 0.008700 0.995800 -0.090900
vn 0.074200 0.972400 -0.221200
vn 0.111800 0.859100 -0.499300
vn 0.286700 0.696700 -0.657500
vn 0.250900 0.706400 -0.661900
vn 0.101300 0.759700 -0.642300
vn 0.195500 0.851300 0.486800
vn 0.127400 0.898100 0.420900
vn 0.094100 0.928000 0.360500
vn 0.092300 0.994700 -0.045400
vn 0.168300 0.985200 0.031800
vn 0.183000 0.860500 -0.475500
vn 0.316500 0.889200 -0.330200
vn 0.199000 0.855200 0.478600
vn 0.223200 0.868900 0.441800
vn 0.286600 0.955900 -0.063500
vn 0.309600 0.797500 -0.517700
vn 0.015300 0.882400 0.470300
vn 0.139000 0.910900 0.388400
vn 0.250900 0.965800 -0.065300
vn 0.166000 0.851500 -0.497400
vn -0.057800 0.956200 0.287000
vn 0.001800 0.999000 -0.044800
vn 0.023300 0.885300 -0.464500
vn -0.379700 0.923800 -0.047800
vn -0.271200 0.939000 -0.211400
vn 0.207600 0.886900 -0.412700
vn -0.491600 0.744800 0.451200
vn -0.488100 0.723700 0.487700
vn -0.616500 0.672300 0.409800
vn -0.458500 0.764700 0.452700
vn -0.663600 0.616800 0.423300
vn -0.434700 0.882900 0.177300
vn -0.668300 0.704700 0.238100
vn -0.293700 0.835100 0.465100
vn -0.265200 0.820200 0.506900
vn -0.290000 0.844800 0.449500
vn -0.356500 0.927000 0.116200
vn -0.042600 0.898300 0.437300
vn 0.004900 0.873400 0.486900
vn 0.060900 0.876900 0.476800
vn 0.136100 0.989100 0.054900
vn 0.115700 0.908900 0.400600
vn 0.354900 0.887700 0.293200
vn 0.575400 0.812500 -0.093400
vn -0.053400 0.998400 0.017100
vn -0.172800 0.983700 0.049800
vn -0.444500 0.887200 0.123600
vn -0.678500 0.711800 0.181200
vn -0.022900 0.999700 0.002300
vn -0.059000 0.998100 0.014400
vn -0.084900 0.996200 0.016600
vn -0.028000 0.999600 0.002800
vn -0.109400 0.993900 0.011600
vn -0.031500 0.999500 0.000700
vn -0.130600 0.991300 0.012600
vn -0.034200 0.999400 0.002000
vn -0.152400 0.986600 0.058500
vn -0.219900 0.973200 0.067500
vn -0.293400 0.953900 0.062300
vn -0.369300 0.926800 0.067500
vn -0.277000 0.950300 0.142200
vn -0.384100 0.908100 0.166400
vn -0.504100 0.845800 0.174400
vn -0.613200 0.771400 0.170000
vn -0.554400 0.778600 0.294000
vn -0.669800 0.674100 0.311300
vn -0.756700 0.604800 0.248100
vn 0.205300 0.967100 0.149900
vn 0.010800 0.999600 0.027100
vn -0.014400 0.999900 0.003100
vn -0.005500 0.999900 0.011800
vn 0.025400 0.997800 0.060400
vn 0.061000 0.996500 0.056200
vn 0.132800 0.974400 0.181500
vn -0.016900 0.999800 0.000500
vn -0.105500 0.968600 -0.225000
vn -0.071200 0.996300 -0.048300
vn -0.060500 0.985300 0.159700
vn -0.005600 0.999800 0.017700
vn -0.014800 0.999900 0.003200
vn 0.031700 0.986600 0.159700
vn 0.022900 0.973300 0.228200
vn 0.096700 0.941900 0.321500
vn 0.034400 0.946800 0.319800
vn 0.037500 0.997700 0.057200
vn -0.047200 0.995900 -0.076900
vn -0.017200 0.999800 0.000300
vn 0.015700 0.996300 0.084500
vn 0.085200 0.960900 0.263300
vn 0.083500 0.979200 0.185000
vn -0.002300 0.999300 0.037300
vn 0.042100 0.979400 0.197200
vn 0.052900 0.965800 0.253900
vn -0.009400 0.999800 0.014100
vn 0.035200 0.990500 0.132800
vn 0.080500 0.961100 0.264300
vn 0.071100 0.971400 0.226400
vn 0.151600 0.980400 0.125300
vn 0.125500 0.991300 -0.038200
vn 0.058200 0.964100 0.259000
vn 0.063300 0.970800 0.231300
vn 0.054800 0.973800 0.220800
vn 0.016400 0.985100 0.171000
vn 0.007500 0.993100 0.116800
vn -0.038900 0.997200 0.063200
vn 0.004400 0.995700 0.092200
vn -0.019800 0.986800 0.160300
vn 0.030700 0.988500 0.147900
vn 0.031400 0.973300 0.227400
vn 0.002200 0.983000 0.183500
vn 0.026700 0.999600 0.004700
vn 0.002200 0.996200 0.087500
vn -0.011100 0.971200 0.238000
vn -0.051600 0.971400 0.231800
vn -0.026100 0.994900 -0.096900
vn 0.002100 0.998800 0.049100
vn -0.001900 0.967700 0.252000
vn -0.039300 0.960200 0.276400
vn -0.074600 0.987200 -0.140700
vn 0.155000 0.949400 0.273100
vn 0.092300 0.966700 0.238500
vn 0.013700 0.974700 0.222900
vn -0.008100 0.982100 0.188000
vn -0.096000 0.987300 0.126600
vn -0.051900 0.989100 0.137900
vn 0.030900 0.975400 0.218300
vn 0.038800 0.975500 0.216400
vn 0.099900 0.952400 0.287900
vn 0.108600 0.953600 0.280700
vn 0.142500 0.939200 0.312400
vn -0.091300 0.991200 0.095800
vn -0.061000 0.996000 0.064500
vn 0.007300 0.990800 0.134900
vn 0.060100 0.967600 0.245300
vn -0.016800 0.992800 0.118500
vn -0.023200 0.998900 0.041400
vn -0.013400 0.996500 0.082100
vn 0.007800 0.974000 0.226500
vn 0.036000 0.979900 0.196200
vn -0.005700 0.996000 0.088800
vn -0.039300 0.997500 0.057900
vn -0.016200 0.978100 0.207200
vn 0.075400 0.986300 0.146900
vn 0.215400 0.960800 0.174500
vn 0.245900 0.942200 0.227500
vn -0.034900 0.899200 0.436100
vn -0.027700 0.888500 0.457900
vn -0.026100 0.889600 0.456000
vn -0.064400 0.899500 0.432200
vn 0.003600 0.851000 0.525000
vn -0.106200 0.842500 0.528100
vn 0.060800 0.884200 0.463000
vn -0.112400 0.857300 0.502400
vn 0.008900 0.898600 0.438600
vn 0.038400 0.902600 0.428800
vn 0.120100 0.881100 0.457400
vn 0.208000 0.892700 0.399800
vn 0.075600 0.926000 0.369900
vn 0.116200 0.924000 0.364300
vn 0.192000 0.906400 0.376100
vn 0.251100 0.904500 0.344600
vn 0.079700 0.958500 0.273800
vn 0.118200 0.949600 0.290300
vn 0.173300 0.928400 0.328700
vn 0.195300 0.925600 0.324200
vn -0.105300 0.840800 0.530900
vn -0.126900 0.885200 0.447600
vn -0.166100 0.929000 0.330800
vn -0.015200 0.995300 0.095300
vn -0.068000 0.991600 0.109700
vn -0.078700 0.986700 0.142200
vn -0.005500 0.990000 0.141000
vn -0.108600 0.937000 0.331800
vn -0.018700 0.955900 0.293000
vn -0.133400 0.812500 0.567400
vn -0.080800 0.849500 0.521400
vn -0.117100 0.976400 0.181500
vn -0.148500 0.971700 0.183400
vn -0.196500 0.909100 0.367200
vn -0.194800 0.799700 0.567900
vn -0.112400 0.952000 0.284700
vn -0.163100 0.950700 0.263500
vn -0.235000 0.879300 0.414300
vn -0.235800 0.806900 0.541500
vn -0.062100 0.923600 0.378300
vn -0.113900 0.926000 0.360000
vn -0.191300 0.857400 0.477700
vn -0.215300 0.826900 0.519400
vn 0.190500 0.898400 0.395600
vn 0.211900 0.905100 0.368600
vn 0.056000 0.897200 0.438000
vn -0.095900 0.903200 0.418300
vn -0.072500 0.857300 0.509600
vn -0.065100 0.883800 0.463300
vn -0.117000 0.884300 0.452000
vn 0.001000 0.943600 0.330900
vn -0.098800 0.905700 0.412200
vn 0.107700 0.941100 0.320400
vn 0.001500 0.909800 0.414900
vn 0.041800 0.865000 0.499900
vn 0.096500 0.908700 0.406100
vn 0.184300 0.951800 0.245300
vn 0.224700 0.938900 0.260700
vn 0.119200 0.929400 0.349300
vn 0.188500 0.936300 0.296200
vn 0.250600 0.943700 0.215800
vn 0.183100 0.933500 0.308100
vn 0.061000 0.982800 0.174000
vn 0.101400 0.976400 0.190700
vn 0.121600 0.960700 0.249400
vn 0.028100 0.904700 0.425100
vn -0.457300 0.782000 0.423400
vn -0.288200 0.815500 0.501800
vn -0.053300 0.848700 0.526100
vn -0.021200 0.999800 0.003800
vn -0.039200 0.998800 0.029400
vn -0.112500 0.974200 0.195400
vn -0.073900 0.994400 0.075900
vn -0.261600 0.884000 0.387300
vn -0.205200 0.952200 0.226300
vn -0.383200 0.833200 0.398600
vn -0.345200 0.889500 0.299400
vn -0.062000 0.993500 0.095400
vn -0.095800 0.949300 0.299400
vn -0.159800 0.856000 0.491600
vn -0.234800 0.832500 0.501800
vn -0.074500 0.978200 0.193600
vn -0.089000 0.930400 0.355400
vn -0.086700 0.855700 0.510100
vn -0.062400 0.835400 0.546000
vn -0.084100 0.948900 0.304000
vn -0.111100 0.908100 0.403600
vn -0.104400 0.874600 0.473300
vn -0.014400 0.864800 0.501900
vn -0.019400 0.999800 0.001200
vn -0.037400 0.999200 0.010600
vn -0.093400 0.994400 0.047800
vn -0.181600 0.975800 0.121400
vn -0.018100 0.999800 0.000600
vn -0.023400 0.999700 0.005000
vn -0.017800 0.999800 0.000300
vn -0.023200 0.999700 0.006900
vn -0.047400 0.998500 0.028300
vn -0.018000 0.999800 0.000600
vn -0.037300 0.998800 0.031300
vn -0.096100 0.991500 0.087200
vn -0.028700 0.999500 0.012500
vn -0.088300 0.991300 0.097800
vn -0.196400 0.962300 0.188100
usemtl Material.002
s off
f 1812/1/1 304/2/1 33/3/1 305/4/1
f 1796/5/2 312/6/2 34/7/2 313/8/2
f 1780/9/2 320/10/2 35/11/2 321/12/2
f 1764/13/2 328/14/2 36/15/2 329/16/2
f 1652/17/3 388/18/3 44/19/3 389/20/3
f 1636/21/2 396/22/2 45/23/2 397/24/2
f 1620/25/2 404/26/2 46/27/2 405/28/2
f 1492/29/2 472/30/2 55/31/2 473/32/2
f 1476/33/2 480/34/2 56/35/2 481/36/2
f 1460/37/2 488/38/2 57/39/2 489/40/2
f 1444/41/4 496/42/4 58/43/4 497/44/4
f 1364/45/5 540/46/5 64/47/5 541/48/5
f 1348/49/2 548/50/2 65/51/2 549/52/2
f 1332/53/2 556/54/2 66/55/2 557/56/2
f 1316/57/2 564/58/2 67/59/2 565/60/2
f 1300/61/6 572/62/6 68/63/6 573/64/6
f 1220/65/7 616/66/7 74/67/7 617/68/7
f 1204/69/8 624/70/8 75/71/8 625/72/8
f 74/67/9 628/73/9 1045/74/9 689/75/9
f 628/73/10 627/76/10 1049/77/10 1045/74/10
f 627/76/11 626/78/11 1053/79/11 1049/77/11
f 620/80/12 619/81/12 1065/82/12 1061/83/12
f 619/81/13 618/84/13 1069/85/13 1065/82/13
f 618/84/14 617/68/14 1073/86/14 1069/85/14
f 617/68/15 74/67/15 689/75/15 1073/86/15
f 68/63/16 584/87/16 1125/88/16 645/89/16
f 67/59/17 576/90/17 1141/91/17 637/92/17
f 637/92/18 1141/91/18 1142/93/18 638/94/18
f 638/94/19 1142/93/19 1143/95/19 639/96/19
f 576/90/20 575/97/20 1145/98/20 1141/91/20
f 1141/91/21 1145/98/21 1146/99/21 1142/93/21
f 1142/93/22 1146/99/22 1147/100/22 1143/95/22
f 575/97/23 574/101/23 1149/102/23 1145/98/23
f 1145/98/24 1149/102/24 1150/103/24 1146/99/24
f 1146/99/25 1150/103/25 1151/104/25 1147/100/25
f 574/101/26 573/64/26 1153/105/26 1149/102/26
f 1149/102/27 1153/105/27 1154/106/27 1150/103/27
f 1150/103/28 1154/106/28 1155/107/28 1151/104/28
f 573/64/29 68/63/29 645/89/29 1153/105/29
f 1153/105/30 645/89/30 646/108/30 1154/106/30
f 66/55/2 568/109/2 1157/110/2 629/111/2
f 629/111/2 1157/110/2 1158/112/2 630/113/2
f 630/113/2 1158/112/2 1159/114/2 631/115/2
f 631/115/31 1159/114/31 1160/116/31 632/117/31
f 568/109/2 567/118/2 1161/119/2 1157/110/2
f 1157/110/2 1161/119/2 1162/120/2 1158/112/2
f 1158/112/2 1162/120/2 1163/121/2 1159/114/2
f 1159/114/32 1163/121/32 1164/122/32 1160/116/32
f 567/118/2 566/123/2 1165/124/2 1161/119/2
f 1161/119/2 1165/124/2 1166/125/2 1162/120/2
f 1162/120/33 1166/125/33 1167/126/33 1163/121/33
f 1163/121/34 1167/126/34 1168/127/34 1164/122/34
f 566/123/2 565/60/2 1169/128/2 1165/124/2
f 1165/124/35 1169/128/35 1170/129/35 1166/125/35
f 1166/125/36 1170/129/36 1171/130/36 1167/126/36
f 1167/126/37 1171/130/37 1172/131/37 1168/127/37
f 565/60/38 67/59/38 637/92/38 1169/128/38
f 1169/128/39 637/92/39 638/94/39 1170/129/39
f 1170/129/40 638/94/40 639/96/40 1171/130/40
f 1171/130/41 639/96/41 640/132/41 1172/131/41
f 624/70/42 1176/133/42 636/134/42 75/71/42
f 65/51/2 560/135/2 1173/136/2 621/137/2
f 621/137/43 1173/136/43 1174/138/43 622/139/43
f 622/139/44 1174/138/44 1175/140/44 623/141/44
f 623/141/45 1175/140/45 1176/133/45 624/70/45
f 560/135/2 559/142/2 1177/143/2 1173/136/2
f 1173/136/2 1177/143/2 1178/144/2 1174/138/2
f 1174/138/46 1178/144/46 1179/145/46 1175/140/46
f 1175/140/47 1179/145/47 1180/146/47 1176/133/47
f 559/142/2 558/147/2 1181/148/2 1177/143/2
f 1177/143/2 1181/148/2 1182/149/2 1178/144/2
f 1178/144/2 1182/149/2 1183/150/2 1179/145/2
f 1179/145/48 1183/150/48 1184/151/48 1180/146/48
f 558/147/2 557/56/2 1185/152/2 1181/148/2
f 1181/148/2 1185/152/2 1186/153/2 1182/149/2
f 1182/149/2 1186/153/2 1187/154/2 1183/150/2
f 1183/150/49 1187/154/49 1188/155/49 1184/151/49
f 557/56/2 66/55/2 629/111/2 1185/152/2
f 1185/152/2 629/111/2 630/113/2 1186/153/2
f 1186/153/2 630/113/2 631/115/2 1187/154/2
f 1187/154/50 631/115/50 632/117/50 1188/155/50
f 616/66/51 1192/156/51 628/73/51 74/67/51
f 1192/156/52 1196/157/52 627/76/52 628/73/52
f 1196/157/53 1200/158/53 626/78/53 627/76/53
f 1200/158/54 1204/69/54 625/72/54 626/78/54
f 64/47/2 552/159/2 1189/160/2 613/161/2
f 613/161/55 1189/160/55 1190/162/55 614/163/55
f 614/163/56 1190/162/56 1191/164/56 615/165/56
f 615/165/57 1191/164/57 1192/156/57 616/66/57
f 552/159/2 551/166/2 1193/167/2 1189/160/2
f 1189/160/58 1193/167/58 1194/168/58 1190/162/58
f 1190/162/59 1194/168/59 1195/169/59 1191/164/59
f 1191/164/60 1195/169/60 1196/157/60 1192/156/60
f 551/166/2 550/170/2 1197/171/2 1193/167/2
f 1193/167/61 1197/171/61 1198/172/61 1194/168/61
f 1194/168/62 1198/172/62 1199/173/62 1195/169/62
f 1195/169/63 1199/173/63 1200/158/63 1196/157/63
f 550/170/2 549/52/2 1201/174/2 1197/171/2
f 1197/171/64 1201/174/64 1202/175/64 1198/172/64
f 1198/172/65 1202/175/65 1203/176/65 1199/173/65
f 1199/173/66 1203/176/66 1204/69/66 1200/158/66
f 549/52/2 65/51/2 621/137/2 1201/174/2
f 1201/174/67 621/137/67 622/139/67 1202/175/67
f 1202/175/68 622/139/68 623/141/68 1203/176/68
f 1203/176/69 623/141/69 624/70/69 1204/69/69
f 608/177/70 1208/178/70 620/80/70 73/179/70
f 1208/178/71 1212/180/71 619/81/71 620/80/71
f 1212/180/72 1216/181/72 618/84/72 619/81/72
f 1216/181/73 1220/65/73 617/68/73 618/84/73
f 605/182/74 1205/183/74 1206/184/74 606/185/74
f 606/185/75 1206/184/75 1207/186/75 607/187/75
f 607/187/76 1207/186/76 1208/178/76 608/177/76
f 544/188/77 543/189/77 1209/190/77 1205/183/77
f 1205/183/78 1209/190/78 1210/191/78 1206/184/78
f 1206/184/79 1210/191/79 1211/192/79 1207/186/79
f 1207/186/80 1211/192/80 1212/180/80 1208/178/80
f 543/189/81 542/193/81 1213/194/81 1209/190/81
f 1209/190/82 1213/194/82 1214/195/82 1210/191/82
f 1210/191/83 1214/195/83 1215/196/83 1211/192/83
f 1211/192/84 1215/196/84 1216/181/84 1212/180/84
f 542/193/85 541/48/85 1217/197/85 1213/194/85
f 1213/194/86 1217/197/86 1218/198/86 1214/195/86
f 1214/195/87 1218/198/87 1219/199/87 1215/196/87
f 1215/196/88 1219/199/88 1220/65/88 1216/181/88
f 541/48/89 64/47/89 613/161/89 1217/197/89
f 1217/197/90 613/161/90 614/163/90 1218/198/90
f 1218/198/91 614/163/91 615/165/91 1219/199/91
f 1219/199/92 615/165/92 616/66/92 1220/65/92
f 572/62/93 1272/200/93 584/87/93 68/63/93
f 58/43/94 508/201/94 1269/202/94 569/203/94
f 569/203/95 1269/202/95 1270/204/95 570/205/95
f 570/205/96 1270/204/96 1271/206/96 571/207/96
f 571/207/97 1271/206/97 1272/200/97 572/62/97
f 564/58/2 1288/208/2 576/90/2 67/59/2
f 1288/208/2 1292/209/2 575/97/2 576/90/2
f 1292/209/38 1296/210/38 574/101/38 575/97/38
f 1296/210/98 1300/61/98 573/64/98 574/101/98
f 57/39/2 500/211/2 1285/212/2 561/213/2
f 561/213/2 1285/212/2 1286/214/2 562/215/2
f 562/215/2 1286/214/2 1287/216/2 563/217/2
f 563/217/2 1287/216/2 1288/208/2 564/58/2
f 500/211/2 499/218/2 1289/219/2 1285/212/2
f 1285/212/2 1289/219/2 1290/220/2 1286/214/2
f 1286/214/2 1290/220/2 1291/221/2 1287/216/2
f 1287/216/2 1291/221/2 1292/209/2 1288/208/2
f 499/218/2 498/222/2 1293/223/2 1289/219/2
f 1289/219/2 1293/223/2 1294/224/2 1290/220/2
f 1290/220/2 1294/224/2 1295/225/2 1291/221/2
f 1291/221/2 1295/225/2 1296/210/2 1292/209/2
f 498/222/2 497/44/2 1297/226/2 1293/223/2
f 1293/223/2 1297/226/2 1298/227/2 1294/224/2
f 1294/224/99 1298/227/99 1299/228/99 1295/225/99
f 1295/225/100 1299/228/100 1300/61/100 1296/210/100
f 497/44/101 58/43/101 569/203/101 1297/226/101
f 1297/226/102 569/203/102 570/205/102 1298/227/102
f 1298/227/103 570/205/103 571/207/103 1299/228/103
f 1299/228/104 571/207/104 572/62/104 1300/61/104
f 556/54/2 1304/229/2 568/109/2 66/55/2
f 1304/229/2 1308/230/2 567/118/2 568/109/2
f 1308/230/2 1312/231/2 566/123/2 567/118/2
f 1312/231/2 1316/57/2 565/60/2 566/123/2
f 56/35/2 492/232/2 1301/233/2 553/234/2
f 553/234/2 1301/233/2 1302/235/2 554/236/2
f 554/236/2 1302/235/2 1303/237/2 555/238/2
f 555/238/2 1303/237/2 1304/229/2 556/54/2
f 492/232/2 491/239/2 1305/240/2 1301/233/2
f 1301/233/2 1305/240/2 1306/241/2 1302/235/2
f 1302/235/2 1306/241/2 1307/242/2 1303/237/2
f 1303/237/2 1307/242/2 1308/230/2 1304/229/2
f 491/239/2 490/243/2 1309/244/2 1305/240/2
f 1305/240/2 1309/244/2 1310/245/2 1306/241/2
f 1306/241/2 1310/245/2 1311/246/2 1307/242/2
f 1307/242/2 1311/246/2 1312/231/2 1308/230/2
f 490/243/2 489/40/2 1313/247/2 1309/244/2
f 1309/244/2 1313/247/2 1314/248/2 1310/245/2
f 1310/245/2 1314/248/2 1315/249/2 1311/246/2
f 1311/246/2 1315/249/2 1316/57/2 1312/231/2
f 489/40/2 57/39/2 561/213/2 1313/247/2
f 1313/247/2 561/213/2 562/215/2 1314/248/2
f 1314/248/2 562/215/2 563/217/2 1315/249/2
f 1315/249/2 563/217/2 564/58/2 1316/57/2
f 548/50/2 1320/250/2 560/135/2 65/51/2
f 1320/250/2 1324/251/2 559/142/2 560/135/2
f 1324/251/2 1328/252/2 558/147/2 559/142/2
f 1328/252/2 1332/53/2 557/56/2 558/147/2
f 55/31/2 484/253/2 1317/254/2 545/255/2
f 545/255/2 1317/254/2 1318/256/2 546/257/2
f 546/257/2 1318/256/2 1319/258/2 547/259/2
f 547/259/2 1319/258/2 1320/250/2 548/50/2
f 484/253/2 483/260/2 1321/261/2 1317/254/2
f 1317/254/2 1321/261/2 1322/262/2 1318/256/2
f 1318/256/2 1322/262/2 1323/263/2 1319/258/2
f 1319/258/2 1323/263/2 1324/251/2 1320/250/2
f 483/260/2 482/264/2 1325/265/2 1321/261/2
f 1321/261/2 1325/265/2 1326/266/2 1322/262/2
f 1322/262/2 1326/266/2 1327/267/2 1323/263/2
f 1323/263/2 1327/267/2 1328/252/2 1324/251/2
f 482/264/2 481/36/2 1329/268/2 1325/265/2
f 1325/265/2 1329/268/2 1330/269/2 1326/266/2
f 1326/266/2 1330/269/2 1331/270/2 1327/267/2
f 1327/267/2 1331/270/2 1332/53/2 1328/252/2
f 481/36/2 56/35/2 553/234/2 1329/268/2
f 1329/268/2 553/234/2 554/236/2 1330/269/2
f 1330/269/2 554/236/2 555/238/2 1331/270/2
f 1331/270/2 555/238/2 556/54/2 1332/53/2
f 540/46/105 1336/271/105 552/159/105 64/47/105
f 1336/271/2 1340/272/2 551/166/2 552/159/2
f 1340/272/2 1344/273/2 550/170/2 551/166/2
f 1344/273/2 1348/49/2 549/52/2 550/170/2
f 54/274/106 476/275/106 1333/276/106 537/277/106
f 537/277/107 1333/276/107 1334/278/107 538/279/107
f 538/279/108 1334/278/108 1335/280/108 539/281/108
f 539/281/109 1335/280/109 1336/271/109 540/46/109
f 476/275/110 475/282/110 1337/283/110 1333/276/110
f 1333/276/111 1337/283/111 1338/284/111 1334/278/111
f 1334/278/112 1338/284/112 1339/285/112 1335/280/112
f 1335/280/2 1339/285/2 1340/272/2 1336/271/2
f 475/282/2 474/286/2 1341/287/2 1337/283/2
f 1337/283/2 1341/287/2 1342/288/2 1338/284/2
f 1338/284/2 1342/288/2 1343/289/2 1339/285/2
f 1339/285/2 1343/289/2 1344/273/2 1340/272/2
f 474/286/2 473/32/2 1345/290/2 1341/287/2
f 1341/287/2 1345/290/2 1346/291/2 1342/288/2
f 1342/288/2 1346/291/2 1347/292/2 1343/289/2
f 1343/289/2 1347/292/2 1348/49/2 1344/273/2
f 473/32/2 55/31/2 545/255/2 1345/290/2
f 1345/290/2 545/255/2 546/257/2 1346/291/2
f 1346/291/2 546/257/2 547/259/2 1347/292/2
f 1347/292/2 547/259/2 548/50/2 1348/49/2
f 1360/293/113 1364/45/113 541/48/113 542/193/113
f 1363/294/114 539/281/114 540/46/114 1364/45/114
f 496/42/115 1416/295/115 508/201/115 58/43/115
f 488/38/2 1432/296/2 500/211/2 57/39/2
f 1432/296/2 1436/297/2 499/218/2 500/211/2
f 1436/297/116 1440/298/116 498/222/116 499/218/116
f 1440/298/117 1444/41/117 497/44/117 498/222/117
f 486/299/118 1430/300/118 1431/301/118 487/302/118
f 487/302/2 1431/301/2 1432/296/2 488/38/2
f 1431/301/119 1435/303/119 1436/297/119 1432/296/119
f 480/34/2 1448/304/2 492/232/2 56/35/2
f 1448/304/2 1452/305/2 491/239/2 492/232/2
f 1452/305/2 1456/306/2 490/243/2 491/239/2
f 1456/306/2 1460/37/2 489/40/2 490/243/2
f 46/27/2 416/307/2 1445/308/2 477/309/2
f 477/309/2 1445/308/2 1446/310/2 478/311/2
f 478/311/2 1446/310/2 1447/312/2 479/313/2
f 479/313/2 1447/312/2 1448/304/2 480/34/2
f 416/307/2 415/314/2 1449/315/2 1445/308/2
f 1445/308/2 1449/315/2 1450/316/2 1446/310/2
f 1446/310/2 1450/316/2 1451/317/2 1447/312/2
f 1447/312/2 1451/317/2 1452/305/2 1448/304/2
f 415/314/2 414/318/2 1453/319/2 1449/315/2
f 1449/315/2 1453/319/2 1454/320/2 1450/316/2
f 1450/316/2 1454/320/2 1455/321/2 1451/317/2
f 1451/317/2 1455/321/2 1456/306/2 1452/305/2
f 414/318/120 413/322/120 1457/323/120 1453/319/120
f 1453/319/121 1457/323/121 1458/324/121 1454/320/121
f 1454/320/2 1458/324/2 1459/325/2 1455/321/2
f 1455/321/2 1459/325/2 1460/37/2 1456/306/2
f 413/322/122 47/326/122 485/327/122 1457/323/122
f 1457/323/123 485/327/123 486/299/123 1458/324/123
f 1458/324/124 486/299/124 487/302/124 1459/325/124
f 1459/325/2 487/302/2 488/38/2 1460/37/2
f 472/30/2 1464/328/2 484/253/2 55/31/2
f 1464/328/2 1468/329/2 483/260/2 484/253/2
f 1468/329/2 1472/330/2 482/264/2 483/260/2
f 1472/330/2 1476/33/2 481/36/2 482/264/2
f 45/23/2 408/331/2 1461/332/2 469/333/2
f 469/333/2 1461/332/2 1462/334/2 470/335/2
f 470/335/2 1462/334/2 1463/336/2 471/337/2
f 471/337/2 1463/336/2 1464/328/2 472/30/2
f 408/331/2 407/338/2 1465/339/2 1461/332/2
f 1461/332/2 1465/339/2 1466/340/2 1462/334/2
f 1462/334/2 1466/340/2 1467/341/2 1463/336/2
f 1463/336/2 1467/341/2 1468/329/2 1464/328/2
f 407/338/2 406/342/2 1469/343/2 1465/339/2
f 1465/339/2 1469/343/2 1470/344/2 1466/340/2
f 1466/340/2 1470/344/2 1471/345/2 1467/341/2
f 1467/341/2 1471/345/2 1472/330/2 1468/329/2
f 406/342/2 405/28/2 1473/346/2 1469/343/2
f 1469/343/2 1473/346/2 1474/347/2 1470/344/2
f 1470/344/2 1474/347/2 1475/348/2 1471/345/2
f 1471/345/2 1475/348/2 1476/33/2 1472/330/2
f 405/28/2 46/27/2 477/309/2 1473/346/2
f 1473/346/2 477/309/2 478/311/2 1474/347/2
f 1474/347/2 478/311/2 479/313/2 1475/348/2
f 1475/348/2 479/313/2 480/34/2 1476/33/2
f 464/349/125 1480/350/125 476/275/125 54/274/125
f 1480/350/126 1484/351/126 475/282/126 476/275/126
f 1484/351/2 1488/352/2 474/286/2 475/282/2
f 1488/352/2 1492/29/2 473/32/2 474/286/2
f 44/19/127 400/353/127 1477/354/127 461/355/127
f 461/355/128 1477/354/128 1478/356/128 462/357/128
f 462/357/129 1478/356/129 1479/358/129 463/359/129
f 463/359/130 1479/358/130 1480/350/130 464/349/130
f 400/353/131 399/360/131 1481/361/131 1477/354/131
f 1477/354/132 1481/361/132 1482/362/132 1478/356/132
f 1478/356/133 1482/362/133 1483/363/133 1479/358/133
f 1479/358/134 1483/363/134 1484/351/134 1480/350/134
f 399/360/43 398/364/43 1485/365/43 1481/361/43
f 1481/361/43 1485/365/43 1486/366/43 1482/362/43
f 1482/362/43 1486/366/43 1487/367/43 1483/363/43
f 1483/363/2 1487/367/2 1488/352/2 1484/351/2
f 398/364/2 397/24/2 1489/368/2 1485/365/2
f 1485/365/2 1489/368/2 1490/369/2 1486/366/2
f 1486/366/2 1490/369/2 1491/370/2 1487/367/2
f 1487/367/2 1491/370/2 1492/29/2 1488/352/2
f 397/24/2 45/23/2 469/333/2 1489/368/2
f 1489/368/2 469/333/2 470/335/2 1490/369/2
f 1490/369/2 470/335/2 471/337/2 1491/370/2
f 1491/370/2 471/337/2 472/30/2 1492/29/2
f 389/20/135 44/19/135 461/355/135 1505/371/135
f 1505/371/136 461/355/136 462/357/136 1506/372/136
f 404/26/2 1592/373/2 416/307/2 46/27/2
f 1592/373/2 1596/374/2 415/314/2 416/307/2
f 1596/374/137 1600/375/137 414/318/137 415/314/137
f 1600/375/138 1604/376/138 413/322/138 414/318/138
f 36/15/2 340/377/2 1589/378/2 401/379/2
f 401/379/2 1589/378/2 1590/380/2 402/381/2
f 402/381/2 1590/380/2 1591/382/2 403/383/2
f 403/383/2 1591/382/2 1592/373/2 404/26/2
f 340/377/2 339/384/2 1593/385/2 1589/378/2
f 1589/378/2 1593/385/2 1594/386/2 1590/380/2
f 1590/380/2 1594/386/2 1595/387/2 1591/382/2
f 1591/382/2 1595/387/2 1596/374/2 1592/373/2
f 339/384/139 338/388/139 1597/389/139 1593/385/139
f 1593/385/140 1597/389/140 1598/390/140 1594/386/140
f 1594/386/141 1598/390/141 1599/391/141 1595/387/141
f 1595/387/142 1599/391/142 1600/375/142 1596/374/142
f 1597/389/143 1601/392/143 1602/393/143 1598/390/143
f 1598/390/144 1602/393/144 1603/394/144 1599/391/144
f 1599/391/145 1603/394/145 1604/376/145 1600/375/145
f 396/22/2 1608/395/2 408/331/2 45/23/2
f 1608/395/2 1612/396/2 407/338/2 408/331/2
f 1612/396/2 1616/397/2 406/342/2 407/338/2
f 1616/397/2 1620/25/2 405/28/2 406/342/2
f 35/11/2 332/398/2 1605/399/2 393/400/2
f 393/400/2 1605/399/2 1606/401/2 394/402/2
f 394/402/2 1606/401/2 1607/403/2 395/404/2
f 395/404/2 1607/403/2 1608/395/2 396/22/2
f 332/398/2 331/405/2 1609/406/2 1605/399/2
f 1605/399/2 1609/406/2 1610/407/2 1606/401/2
f 1606/401/2 1610/407/2 1611/408/2 1607/403/2
f 1607/403/2 1611/408/2 1612/396/2 1608/395/2
f 331/405/2 330/409/2 1613/410/2 1609/406/2
f 1609/406/2 1613/410/2 1614/411/2 1610/407/2
f 1610/407/2 1614/411/2 1615/412/2 1611/408/2
f 1611/408/2 1615/412/2 1616/397/2 1612/396/2
f 330/409/2 329/16/2 1617/413/2 1613/410/2
f 1613/410/2 1617/413/2 1618/414/2 1614/411/2
f 1614/411/2 1618/414/2 1619/415/2 1615/412/2
f 1615/412/2 1619/415/2 1620/25/2 1616/397/2
f 329/16/2 36/15/2 401/379/2 1617/413/2
f 1617/413/2 401/379/2 402/381/2 1618/414/2
f 1618/414/2 402/381/2 403/383/2 1619/415/2
f 1619/415/2 403/383/2 404/26/2 1620/25/2
f 388/18/146 1624/416/146 400/353/146 44/19/146
f 1624/416/147 1628/417/147 399/360/147 400/353/147
f 1628/417/2 1632/418/2 398/364/2 399/360/2
f 1632/418/2 1636/21/2 397/24/2 398/364/2
f 34/7/2 324/419/2 1621/420/2 385/421/2
f 385/421/148 1621/420/148 1622/422/148 386/423/148
f 386/423/149 1622/422/149 1623/424/149 387/425/149
f 387/425/150 1623/424/150 1624/416/150 388/18/150
f 324/419/2 323/426/2 1625/427/2 1621/420/2
f 1621/420/2 1625/427/2 1626/428/2 1622/422/2
f 1622/422/151 1626/428/151 1627/429/151 1623/424/151
f 1623/424/152 1627/429/152 1628/417/152 1624/416/152
f 323/426/2 322/430/2 1629/431/2 1625/427/2
f 1625/427/2 1629/431/2 1630/432/2 1626/428/2
f 1626/428/2 1630/432/2 1631/433/2 1627/429/2
f 1627/429/2 1631/433/2 1632/418/2 1628/417/2
f 322/430/2 321/12/2 1633/434/2 1629/431/2
f 1629/431/2 1633/434/2 1634/435/2 1630/432/2
f 1630/432/2 1634/435/2 1635/436/2 1631/433/2
f 1631/433/2 1635/436/2 1636/21/2 1632/418/2
f 321/12/2 35/11/2 393/400/2 1633/434/2
f 1633/434/2 393/400/2 394/402/2 1634/435/2
f 1634/435/2 394/402/2 395/404/2 1635/436/2
f 1635/436/2 395/404/2 396/22/2 1636/21/2
f 1648/437/153 1652/17/153 389/20/153 390/438/153
f 33/3/154 316/439/154 1637/440/154 377/441/154
f 377/441/155 1637/440/155 1638/442/155 378/443/155
f 378/443/156 1638/442/156 1639/444/156 379/445/156
f 316/439/157 315/446/157 1641/447/157 1637/440/157
f 1637/440/158 1641/447/158 1642/448/158 1638/442/158
f 1638/442/159 1642/448/159 1643/449/159 1639/444/159
f 315/446/160 314/450/160 1645/451/160 1641/447/160
f 1641/447/161 1645/451/161 1646/452/161 1642/448/161
f 1642/448/162 1646/452/162 1647/453/162 1643/449/162
f 1643/449/163 1647/453/163 1648/437/163 1644/454/163
f 314/450/164 313/8/164 1649/455/164 1645/451/164
f 1645/451/165 1649/455/165 1650/456/165 1646/452/165
f 1646/452/166 1650/456/166 1651/457/166 1647/453/166
f 1647/453/167 1651/457/167 1652/17/167 1648/437/167
f 313/8/168 34/7/168 385/421/168 1649/455/168
f 1649/455/169 385/421/169 386/423/169 1650/456/169
f 1650/456/170 386/423/170 387/425/170 1651/457/170
f 1651/457/171 387/425/171 388/18/171 1652/17/171
f 305/4/172 33/3/172 377/441/172 1665/458/172
f 328/14/2 1736/459/2 340/377/2 36/15/2
f 1736/459/2 1740/460/2 339/384/2 340/377/2
f 1740/460/173 1744/461/173 338/388/173 339/384/173
f 1744/461/174 1748/462/174 337/463/174 338/388/174
f 26/464/175 264/465/175 1733/466/175 325/467/175
f 325/467/176 1733/466/176 1734/468/176 326/469/176
f 326/469/2 1734/468/2 1735/470/2 327/471/2
f 327/471/2 1735/470/2 1736/459/2 328/14/2
f 1733/466/177 1737/472/177 1738/473/177 1734/468/177
f 1734/468/2 1738/473/2 1739/474/2 1735/470/2
f 1735/470/2 1739/474/2 1740/460/2 1736/459/2
f 1737/472/178 1741/475/178 1742/476/178 1738/473/178
f 1738/473/179 1742/476/179 1743/477/179 1739/474/179
f 1739/474/180 1743/477/180 1744/461/180 1740/460/180
f 1742/476/181 1746/478/181 1747/479/181 1743/477/181
f 1743/477/182 1747/479/182 1748/462/182 1744/461/182
f 320/10/2 1752/480/2 332/398/2 35/11/2
f 1752/480/2 1756/481/2 331/405/2 332/398/2
f 1756/481/2 1760/482/2 330/409/2 331/405/2
f 1760/482/2 1764/13/2 329/16/2 330/409/2
f 25/483/183 256/484/183 1749/485/183 317/486/183
f 317/486/184 1749/485/184 1750/487/184 318/488/184
f 318/488/2 1750/487/2 1751/489/2 319/490/2
f 319/490/2 1751/489/2 1752/480/2 320/10/2
f 1749/485/185 1753/491/185 1754/492/185 1750/487/185
f 1750/487/2 1754/492/2 1755/493/2 1751/489/2
f 1751/489/2 1755/493/2 1756/481/2 1752/480/2
f 255/494/186 254/495/186 1757/496/186 1753/491/186
f 1753/491/187 1757/496/187 1758/497/187 1754/492/187
f 1754/492/2 1758/497/2 1759/498/2 1755/493/2
f 1755/493/2 1759/498/2 1760/482/2 1756/481/2
f 254/495/188 253/499/188 1761/500/188 1757/496/188
f 1757/496/189 1761/500/189 1762/501/189 1758/497/189
f 1758/497/2 1762/501/2 1763/502/2 1759/498/2
f 1759/498/2 1763/502/2 1764/13/2 1760/482/2
f 253/499/190 26/464/190 325/467/190 1761/500/190
f 1761/500/191 325/467/191 326/469/191 1762/501/191
f 1762/501/2 326/469/2 327/471/2 1763/502/2
f 1763/502/2 327/471/2 328/14/2 1764/13/2
f 312/6/2 1768/503/2 324/419/2 34/7/2
f 1768/503/2 1772/504/2 323/426/2 324/419/2
f 1772/504/2 1776/505/2 322/430/2 323/426/2
f 1776/505/2 1780/9/2 321/12/2 322/430/2
f 24/506/192 248/507/192 1765/508/192 309/509/192
f 309/509/193 1765/508/193 1766/510/193 310/511/193
f 310/511/43 1766/510/43 1767/512/43 311/513/43
f 311/513/2 1767/512/2 1768/503/2 312/6/2
f 248/507/194 247/514/194 1769/515/194 1765/508/194
f 1765/508/195 1769/515/195 1770/516/195 1766/510/195
f 1766/510/2 1770/516/2 1771/517/2 1767/512/2
f 1767/512/2 1771/517/2 1772/504/2 1768/503/2
f 247/514/196 246/518/196 1773/519/196 1769/515/196
f 1769/515/197 1773/519/197 1774/520/197 1770/516/197
f 1770/516/2 1774/520/2 1775/521/2 1771/517/2
f 1771/517/2 1775/521/2 1776/505/2 1772/504/2
f 246/518/198 245/522/198 1777/523/198 1773/519/198
f 1773/519/199 1777/523/199 1778/524/199 1774/520/199
f 1774/520/2 1778/524/2 1779/525/2 1775/521/2
f 1775/521/2 1779/525/2 1780/9/2 1776/505/2
f 245/522/200 25/483/200 317/486/200 1777/523/200
f 1777/523/201 317/486/201 318/488/201 1778/524/201
f 1778/524/2 318/488/2 319/490/2 1779/525/2
f 1779/525/2 319/490/2 320/10/2 1780/9/2
f 304/2/202 1784/526/202 316/439/202 33/3/202
f 1784/526/203 1788/527/203 315/446/203 316/439/203
f 1788/527/204 1792/528/204 314/450/204 315/446/204
f 1792/528/205 1796/5/205 313/8/205 314/450/205
f 301/529/206 1781/530/206 1782/531/206 302/532/206
f 302/532/207 1782/531/207 1783/533/207 303/534/207
f 303/534/208 1783/533/208 1784/526/208 304/2/208
f 1781/530/209 1785/535/209 1786/536/209 1782/531/209
f 1782/531/210 1786/536/210 1787/537/210 1783/533/210
f 1783/533/211 1787/537/211 1788/527/211 1784/526/211
f 1785/535/212 1789/538/212 1790/539/212 1786/536/212
f 1786/536/213 1790/539/213 1791/540/213 1787/537/213
f 1787/537/2 1791/540/2 1792/528/2 1788/527/2
f 1789/538/214 1793/541/214 1794/542/214 1790/539/214
f 1790/539/215 1794/542/215 1795/543/215 1791/540/215
f 1791/540/2 1795/543/2 1796/5/2 1792/528/2
f 237/544/216 24/506/216 309/509/216 1793/541/216
f 1793/541/217 309/509/217 310/511/217 1794/542/217
f 1794/542/43 310/511/43 311/513/43 1795/543/43
f 1795/543/2 311/513/2 312/6/2 1796/5/2
f 1811/545/218 303/534/218 304/2/218 1812/1/218
s 1
f 2116/546/219 112/547/220 12/548/221 113/549/222
f 2100/550/223 124/551/224 13/552/225 125/553/226
f 2084/554/227 136/555/228 14/556/229 137/557/230
f 2068/558/231 148/559/232 15/560/233 149/561/234
f 2052/562/235 160/563/236 16/564/237 161/565/238
f 2036/566/239 172/567/240 17/568/241 173/569/242
f 2020/570/243 184/571/244 18/572/245 185/573/246
f 2004/574/247 196/575/248 19/576/249 197/577/250
f 1988/578/43 208/579/43 20/580/43 209/581/43
f 1972/582/251 220/583/252 22/584/253 221/585/254
f 1956/586/255 228/587/256 23/588/257 229/589/258
f 1940/590/259 236/591/260 24/506/261 237/544/262
f 1924/592/263 244/593/264 25/483/265 245/522/266
f 1908/594/267 252/595/268 26/464/269 253/499/270
f 1892/596/271 260/597/272 27/598/273 261/599/274
f 1876/600/275 268/601/276 28/602/277 269/603/278
f 1860/604/279 276/605/280 29/606/281 277/607/282
f 1844/608/283 284/609/284 30/610/285 285/611/286
f 1828/612/287 296/613/288 32/614/289 297/615/290
f 1748/462/291 336/616/292 37/617/293 337/463/294
f 1732/618/295 344/619/296 38/620/297 345/621/298
f 1716/622/299 352/623/300 39/624/301 353/625/302
f 1700/626/303 360/627/304 40/628/305 361/629/306
f 1684/630/307 372/631/308 42/632/309 373/633/310
f 1668/634/311 380/635/312 43/636/313 381/637/314
f 1604/376/315 412/638/316 47/326/317 413/322/318
f 1588/639/319 420/640/320 48/641/321 421/642/322
f 1572/643/323 428/644/324 49/645/325 429/646/326
f 1556/647/327 436/648/328 50/649/329 437/650/330
f 1540/651/331 448/652/332 52/653/333 449/654/334
f 1524/655/335 456/656/336 53/657/337 457/658/338
f 1508/659/339 464/349/340 54/274/341 465/660/342
f 1428/661/343 504/662/344 59/663/345 505/664/346
f 1412/665/347 512/666/348 60/667/349 513/668/350
f 1396/669/351 524/670/352 62/671/353 525/672/354
f 1380/673/355 532/674/356 63/675/357 533/676/358
f 1284/677/359 580/678/360 69/679/361 581/680/362
f 1268/681/363 588/682/364 70/683/365 589/684/366
f 1252/685/367 600/686/368 72/687/369 601/688/370
f 1236/689/371 608/177/372 73/179/373 609/690/374
f 1188/155/375 632/117/376 76/691/377 633/692/378
f 1172/131/379 640/132/380 77/693/381 641/694/382
f 1156/695/383 648/696/384 78/697/385 649/698/386
f 1140/699/387 656/700/388 79/701/389 657/702/390
f 1124/703/391 664/704/392 80/705/393 665/706/394
f 1108/707/395 676/708/396 82/709/397 677/710/398
f 1092/711/399 684/712/400 83/713/401 685/714/402
f 1076/715/403 692/716/404 84/717/405 693/718/406
f 1060/719/407 700/720/408 85/721/409 701/722/410
f 1044/723/411 708/724/412 86/725/413 709/726/414
f 1028/727/415 716/728/416 87/729/417 717/730/418
f 1012/731/419 724/732/420 88/733/421 725/734/422
f 996/735/423 732/736/424 89/737/425 733/738/426
f 980/739/427 740/740/428 90/741/429 741/742/430
f 964/743/431 752/744/432 92/745/433 753/746/434
f 948/747/435 760/748/436 93/749/437 761/750/438
f 932/751/439 768/752/440 94/753/441 769/754/442
f 916/755/443 776/756/444 95/757/445 777/758/446
f 900/759/447 784/760/448 96/761/449 785/762/450
f 884/763/451 792/764/452 97/765/453 793/766/454
f 868/767/455 800/768/456 98/769/457 801/770/458
f 852/771/459 808/772/460 99/773/461 809/774/462
f 836/775/463 816/776/464 100/777/465 817/778/466
f 808/772/460 824/779/467 820/780/468 99/773/461
f 824/779/467 828/781/469 819/782/470 820/780/468
f 828/781/469 832/783/471 818/784/472 819/782/470
f 832/783/471 836/775/463 817/778/466 818/784/472
f 89/737/425 744/785/473 821/786/474 805/787/475
f 805/787/475 821/786/474 822/788/476 806/789/477
f 806/789/477 822/788/476 823/790/478 807/791/479
f 807/791/479 823/790/478 824/779/467 808/772/460
f 744/785/473 743/792/480 825/793/481 821/786/474
f 821/786/474 825/793/481 826/794/482 822/788/476
f 822/788/476 826/794/482 827/795/483 823/790/478
f 823/790/478 827/795/483 828/781/469 824/779/467
f 743/792/480 742/796/484 829/797/485 825/793/481
f 825/793/481 829/797/485 830/798/486 826/794/482
f 826/794/482 830/798/486 831/799/487 827/795/483
f 827/795/483 831/799/487 832/783/471 828/781/469
f 742/796/484 741/742/430 833/800/488 829/797/485
f 829/797/485 833/800/488 834/801/489 830/798/486
f 830/798/486 834/801/489 835/802/490 831/799/487
f 831/799/487 835/802/490 836/775/463 832/783/471
f 741/742/430 90/741/429 813/803/491 833/800/488
f 833/800/488 813/803/491 814/804/492 834/801/489
f 834/801/489 814/804/492 815/805/493 835/802/490
f 835/802/490 815/805/493 816/776/464 836/775/463
f 800/768/456 840/806/494 812/807/495 98/769/457
f 840/806/494 844/808/496 811/809/497 812/807/495
f 844/808/496 848/810/498 810/811/499 811/809/497
f 848/810/498 852/771/459 809/774/462 810/811/499
f 88/733/421 736/812/500 837/813/501 797/814/502
f 797/814/502 837/813/501 838/815/503 798/816/504
f 798/816/504 838/815/503 839/817/505 799/818/506
f 799/818/506 839/817/505 840/806/494 800/768/456
f 736/812/500 735/819/507 841/820/508 837/813/501
f 837/813/501 841/820/508 842/821/509 838/815/503
f 838/815/503 842/821/509 843/822/510 839/817/505
f 839/817/505 843/822/510 844/808/496 840/806/494
f 735/819/507 734/823/511 845/824/512 841/820/508
f 841/820/508 845/824/512 846/825/513 842/821/509
f 842/821/509 846/825/513 847/826/514 843/822/510
f 843/822/510 847/826/514 848/810/498 844/808/496
f 734/823/511 733/738/426 849/827/515 845/824/512
f 845/824/512 849/827/515 850/828/516 846/825/513
f 846/825/513 850/828/516 851/829/517 847/826/514
f 847/826/514 851/829/517 852/771/459 848/810/498
f 733/738/426 89/737/425 805/787/475 849/827/515
f 849/827/515 805/787/475 806/789/477 850/828/516
f 850/828/516 806/789/477 807/791/479 851/829/517
f 851/829/517 807/791/479 808/772/460 852/771/459
f 792/764/452 856/830/518 804/831/519 97/765/453
f 856/830/518 860/832/520 803/833/521 804/831/519
f 860/832/520 864/834/522 802/835/523 803/833/521
f 864/834/522 868/767/455 801/770/458 802/835/523
f 87/729/417 728/836/524 853/837/525 789/838/526
f 789/838/526 853/837/525 854/839/527 790/840/528
f 790/840/528 854/839/527 855/841/529 791/842/530
f 791/842/530 855/841/529 856/830/518 792/764/452
f 728/836/524 727/843/531 857/844/532 853/837/525
f 853/837/525 857/844/532 858/845/533 854/839/527
f 854/839/527 858/845/533 859/846/534 855/841/529
f 855/841/529 859/846/534 860/832/520 856/830/518
f 727/843/531 726/847/535 861/848/536 857/844/532
f 857/844/532 861/848/536 862/849/537 858/845/533
f 858/845/533 862/849/537 863/850/538 859/846/534
f 859/846/534 863/850/538 864/834/522 860/832/520
f 726/847/535 725/734/422 865/851/539 861/848/536
f 861/848/536 865/851/539 866/852/540 862/849/537
f 862/849/537 866/852/540 867/853/541 863/850/538
f 863/850/538 867/853/541 868/767/455 864/834/522
f 725/734/422 88/733/421 797/814/502 865/851/539
f 865/851/539 797/814/502 798/816/504 866/852/540
f 866/852/540 798/816/504 799/818/506 867/853/541
f 867/853/541 799/818/506 800/768/456 868/767/455
f 784/760/448 872/854/542 796/855/543 96/761/449
f 872/854/542 876/856/544 795/857/545 796/855/543
f 876/856/544 880/858/546 794/859/547 795/857/545
f 880/858/546 884/763/451 793/766/454 794/859/547
f 86/725/413 720/860/548 869/861/549 781/862/550
f 781/862/550 869/861/549 870/863/551 782/864/552
f 782/864/552 870/863/551 871/865/553 783/866/554
f 783/866/554 871/865/553 872/854/542 784/760/448
f 720/860/548 719/867/555 873/868/556 869/861/549
f 869/861/549 873/868/556 874/869/557 870/863/551
f 870/863/551 874/869/557 875/870/558 871/865/553
f 871/865/553 875/870/558 876/856/544 872/854/542
f 719/867/555 718/871/559 877/872/560 873/868/556
f 873/868/556 877/872/560 878/873/561 874/869/557
f 874/869/557 878/873/561 879/874/562 875/870/558
f 875/870/558 879/874/562 880/858/546 876/856/544
f 718/871/559 717/730/418 881/875/563 877/872/560
f 877/872/560 881/875/563 882/876/564 878/873/561
f 878/873/561 882/876/564 883/877/565 879/874/562
f 879/874/562 883/877/565 884/763/451 880/858/546
f 717/730/418 87/729/417 789/838/526 881/875/563
f 881/875/563 789/838/526 790/840/528 882/876/564
f 882/876/564 790/840/528 791/842/530 883/877/565
f 883/877/565 791/842/530 792/764/452 884/763/451
f 776/756/444 888/878/566 788/879/567 95/757/445
f 888/878/566 892/880/568 787/881/569 788/879/567
f 892/880/568 896/882/570 786/883/571 787/881/569
f 896/882/570 900/759/447 785/762/450 786/883/571
f 85/721/409 712/884/572 885/885/573 773/886/574
f 773/886/574 885/885/573 886/887/575 774/888/576
f 774/888/576 886/887/575 887/889/577 775/890/578
f 775/890/578 887/889/577 888/878/566 776/756/444
f 712/884/572 711/891/579 889/892/580 885/885/573
f 885/885/573 889/892/580 890/893/581 886/887/575
f 886/887/575 890/893/581 891/894/582 887/889/577
f 887/889/577 891/894/582 892/880/568 888/878/566
f 711/891/579 710/895/583 893/896/584 889/892/580
f 889/892/580 893/896/584 894/897/585 890/893/581
f 890/893/581 894/897/585 895/898/586 891/894/582
f 891/894/582 895/898/586 896/882/570 892/880/568
f 710/895/583 709/726/414 897/899/587 893/896/584
f 893/896/584 897/899/587 898/900/588 894/897/585
f 894/897/585 898/900/588 899/901/589 895/898/586
f 895/898/586 899/901/589 900/759/447 896/882/570
f 709/726/414 86/725/413 781/862/550 897/899/587
f 897/899/587 781/862/550 782/864/552 898/900/588
f 898/900/588 782/864/552 783/866/554 899/901/589
f 899/901/589 783/866/554 784/760/448 900/759/447
f 768/752/440 904/902/590 780/903/591 94/753/441
f 904/902/590 908/904/592 779/905/593 780/903/591
f 908/904/592 912/906/594 778/907/595 779/905/593
f 912/906/594 916/755/443 777/758/446 778/907/595
f 84/717/405 704/908/596 901/909/597 765/910/598
f 765/910/598 901/909/597 902/911/599 766/912/600
f 766/912/600 902/911/599 903/913/601 767/914/602
f 767/914/602 903/913/601 904/902/590 768/752/440
f 704/908/596 703/915/603 905/916/604 901/909/597
f 901/909/597 905/916/604 906/917/605 902/911/599
f 902/911/599 906/917/605 907/918/606 903/913/601
f 903/913/601 907/918/606 908/904/592 904/902/590
f 703/915/603 702/919/607 909/920/608 905/916/604
f 905/916/604 909/920/608 910/921/609 906/917/605
f 906/917/605 910/921/609 911/922/610 907/918/606
f 907/918/606 911/922/610 912/906/594 908/904/592
f 702/919/607 701/722/410 913/923/611 909/920/608
f 909/920/608 913/923/611 914/924/612 910/921/609
f 910/921/609 914/924/612 915/925/613 911/922/610
f 911/922/610 915/925/613 916/755/443 912/906/594
f 701/722/410 85/721/409 773/886/574 913/923/611
f 913/923/611 773/886/574 774/888/576 914/924/612
f 914/924/612 774/888/576 775/890/578 915/925/613
f 915/925/613 775/890/578 776/756/444 916/755/443
f 760/748/436 920/926/614 772/927/615 93/749/437
f 920/926/614 924/928/616 771/929/617 772/927/615
f 924/928/616 928/930/618 770/931/619 771/929/617
f 928/930/618 932/751/439 769/754/442 770/931/619
f 83/713/401 696/932/620 917/933/621 757/934/622
f 757/934/622 917/933/621 918/935/623 758/936/624
f 758/936/624 918/935/623 919/937/625 759/938/626
f 759/938/626 919/937/625 920/926/614 760/748/436
f 696/932/620 695/939/627 921/940/628 917/933/621
f 917/933/621 921/940/628 922/941/629 918/935/623
f 918/935/623 922/941/629 923/942/630 919/937/625
f 919/937/625 923/942/630 924/928/616 920/926/614
f 695/939/627 694/943/631 925/944/632 921/940/628
f 921/940/628 925/944/632 926/945/633 922/941/629
f 922/941/629 926/945/633 927/946/634 923/942/630
f 923/942/630 927/946/634 928/930/618 924/928/616
f 694/943/631 693/718/406 929/947/635 925/944/632
f 925/944/632 929/947/635 930/948/636 926/945/633
f 926/945/633 930/948/636 931/949/637 927/946/634
f 927/946/634 931/949/637 932/751/439 928/930/618
f 693/718/406 84/717/405 765/910/598 929/947/635
f 929/947/635 765/910/598 766/912/600 930/948/636
f 930/948/636 766/912/600 767/914/602 931/949/637
f 931/949/637 767/914/602 768/752/440 932/751/439
f 752/744/432 936/950/638 764/951/639 92/745/433
f 936/950/638 940/952/640 763/953/641 764/951/639
f 940/952/640 944/954/642 762/955/643 763/953/641
f 944/954/642 948/747/435 761/750/438 762/955/643
f 82/709/397 688/956/644 933/957/645 749/958/646
f 749/958/646 933/957/645 934/959/647 750/960/648
f 750/960/648 934/959/647 935/961/649 751/962/650
f 751/962/650 935/961/649 936/950/638 752/744/432
f 688/956/644 687/963/651 937/964/652 933/957/645
f 933/957/645 937/964/652 938/965/653 934/959/647
f 934/959/647 938/965/653 939/966/654 935/961/649
f 935/961/649 939/966/654 940/952/640 936/950/638
f 687/963/651 686/967/655 941/968/656 937/964/652
f 937/964/652 941/968/656 942/969/657 938/965/653
f 938/965/653 942/969/657 943/970/658 939/966/654
f 939/966/654 943/970/658 944/954/642 940/952/640
f 686/967/655 685/714/402 945/971/659 941/968/656
f 941/968/656 945/971/659 946/972/660 942/969/657
f 942/969/657 946/972/660 947/973/661 943/970/658
f 943/970/658 947/973/661 948/747/435 944/954/642
f 685/714/402 83/713/401 757/934/622 945/971/659
f 945/971/659 757/934/622 758/936/624 946/972/660
f 946/972/660 758/936/624 759/938/626 947/973/661
f 947/973/661 759/938/626 760/748/436 948/747/435
f 745/974/662 952/975/663 756/976/664 91/977/43
f 952/975/663 956/978/665 755/979/666 756/976/664
f 956/978/665 960/980/667 754/981/668 755/979/666
f 960/980/667 964/743/431 753/746/434 754/981/668
f 81/982/669 680/983/670 949/984/671 748/985/672
f 748/985/672 949/984/671 950/986/673 747/987/674
f 747/987/674 950/986/673 951/988/675 746/989/676
f 746/989/676 951/988/675 952/975/663 745/974/662
f 680/983/670 679/990/677 953/991/678 949/984/671
f 949/984/671 953/991/678 954/992/679 950/986/673
f 950/986/673 954/992/679 955/993/680 951/988/675
f 951/988/675 955/993/680 956/978/665 952/975/663
f 679/990/677 678/994/681 957/995/682 953/991/678
f 953/991/678 957/995/682 958/996/683 954/992/679
f 954/992/679 958/996/683 959/997/684 955/993/680
f 955/993/680 959/997/684 960/980/667 956/978/665
f 678/994/681 677/710/398 961/998/685 957/995/682
f 957/995/682 961/998/685 962/999/686 958/996/683
f 958/996/683 962/999/686 963/1000/687 959/997/684
f 959/997/684 963/1000/687 964/743/431 960/980/667
f 677/710/398 82/709/397 749/958/646 961/998/685
f 961/998/685 749/958/646 750/960/648 962/999/686
f 962/999/686 750/960/648 751/962/650 963/1000/687
f 963/1000/687 751/962/650 752/744/432 964/743/431
f 732/736/424 968/1001/688 744/785/473 89/737/425
f 968/1001/688 972/1002/689 743/792/480 744/785/473
f 972/1002/689 976/1003/690 742/796/484 743/792/480
f 976/1003/690 980/739/427 741/742/430 742/796/484
f 79/701/389 668/1004/691 965/1005/692 729/1006/693
f 729/1006/693 965/1005/692 966/1007/694 730/1008/695
f 730/1008/695 966/1007/694 967/1009/696 731/1010/697
f 731/1010/697 967/1009/696 968/1001/688 732/736/424
f 668/1004/691 667/1011/698 969/1012/699 965/1005/692
f 965/1005/692 969/1012/699 970/1013/700 966/1007/694
f 966/1007/694 970/1013/700 971/1014/701 967/1009/696
f 967/1009/696 971/1014/701 972/1002/689 968/1001/688
f 667/1011/698 666/1015/702 973/1016/703 969/1012/699
f 969/1012/699 973/1016/703 974/1017/704 970/1013/700
f 970/1013/700 974/1017/704 975/1018/705 971/1014/701
f 971/1014/701 975/1018/705 976/1003/690 972/1002/689
f 666/1015/702 665/706/394 977/1019/706 973/1016/703
f 973/1016/703 977/1019/706 978/1020/707 974/1017/704
f 974/1017/704 978/1020/707 979/1021/708 975/1018/705
f 975/1018/705 979/1021/708 980/739/427 976/1003/690
f 665/706/394 80/705/393 737/1022/709 977/1019/706
f 977/1019/706 737/1022/709 738/1023/710 978/1020/707
f 978/1020/707 738/1023/710 739/1024/711 979/1021/708
f 979/1021/708 739/1024/711 740/740/428 980/739/427
f 724/732/420 984/1025/712 736/812/500 88/733/421
f 984/1025/712 988/1026/713 735/819/507 736/812/500
f 988/1026/713 992/1027/714 734/823/511 735/819/507
f 992/1027/714 996/735/423 733/738/426 734/823/511
f 78/697/385 660/1028/715 981/1029/716 721/1030/717
f 721/1030/717 981/1029/716 982/1031/718 722/1032/719
f 722/1032/719 982/1031/718 983/1033/720 723/1034/721
f 723/1034/721 983/1033/720 984/1025/712 724/732/420
f 660/1028/715 659/1035/722 985/1036/723 981/1029/716
f 981/1029/716 985/1036/723 986/1037/724 982/1031/718
f 982/1031/718 986/1037/724 987/1038/725 983/1033/720
f 983/1033/720 987/1038/725 988/1026/713 984/1025/712
f 659/1035/722 658/1039/726 989/1040/727 985/1036/723
f 985/1036/723 989/1040/727 990/1041/728 986/1037/724
f 986/1037/724 990/1041/728 991/1042/729 987/1038/725
f 987/1038/725 991/1042/729 992/1027/714 988/1026/713
f 658/1039/726 657/702/390 993/1043/730 989/1040/727
f 989/1040/727 993/1043/730 994/1044/731 990/1041/728
f 990/1041/728 994/1044/731 995/1045/732 991/1042/729
f 991/1042/729 995/1045/732 996/735/423 992/1027/714
f 657/702/390 79/701/389 729/1006/693 993/1043/730
f 993/1043/730 729/1006/693 730/1008/695 994/1044/731
f 994/1044/731 730/1008/695 731/1010/697 995/1045/732
f 995/1045/732 731/1010/697 732/736/424 996/735/423
f 716/728/416 1000/1046/733 728/836/524 87/729/417
f 1000/1046/733 1004/1047/734 727/843/531 728/836/524
f 1004/1047/734 1008/1048/735 726/847/535 727/843/531
f 1008/1048/735 1012/731/419 725/734/422 726/847/535
f 77/693/381 652/1049/736 997/1050/737 713/1051/738
f 713/1051/738 997/1050/737 998/1052/739 714/1053/740
f 714/1053/740 998/1052/739 999/1054/741 715/1055/742
f 715/1055/742 999/1054/741 1000/1046/733 716/728/416
f 652/1049/736 651/1056/743 1001/1057/744 997/1050/737
f 997/1050/737 1001/1057/744 1002/1058/745 998/1052/739
f 998/1052/739 1002/1058/745 1003/1059/746 999/1054/741
f 999/1054/741 1003/1059/746 1004/1047/734 1000/1046/733
f 651/1056/743 650/1060/747 1005/1061/748 1001/1057/744
f 1001/1057/744 1005/1061/748 1006/1062/749 1002/1058/745
f 1002/1058/745 1006/1062/749 1007/1063/750 1003/1059/746
f 1003/1059/746 1007/1063/750 1008/1048/735 1004/1047/734
f 650/1060/747 649/698/386 1009/1064/751 1005/1061/748
f 1005/1061/748 1009/1064/751 1010/1065/752 1006/1062/749
f 1006/1062/749 1010/1065/752 1011/1066/753 1007/1063/750
f 1007/1063/750 1011/1066/753 1012/731/419 1008/1048/735
f 649/698/386 78/697/385 721/1030/717 1009/1064/751
f 1009/1064/751 721/1030/717 722/1032/719 1010/1065/752
f 1010/1065/752 722/1032/719 723/1034/721 1011/1066/753
f 1011/1066/753 723/1034/721 724/732/420 1012/731/419
f 708/724/412 1016/1067/754 720/860/548 86/725/413
f 1016/1067/754 1020/1068/755 719/867/555 720/860/548
f 1020/1068/755 1024/1069/756 718/871/559 719/867/555
f 1024/1069/756 1028/727/415 717/730/418 718/871/559
f 76/691/377 644/1070/757 1013/1071/758 705/1072/759
f 705/1072/759 1013/1071/758 1014/1073/760 706/1074/761
f 706/1074/761 1014/1073/760 1015/1075/762 707/1076/763
f 707/1076/763 1015/1075/762 1016/1067/754 708/724/412
f 644/1070/757 643/1077/764 1017/1078/765 1013/1071/758
f 1013/1071/758 1017/1078/765 1018/1079/766 1014/1073/760
f 1014/1073/760 1018/1079/766 1019/1080/767 1015/1075/762
f 1015/1075/762 1019/1080/767 1020/1068/755 1016/1067/754
f 643/1077/764 642/1081/768 1021/1082/769 1017/1078/765
f 1017/1078/765 1021/1082/769 1022/1083/770 1018/1079/766
f 1018/1079/766 1022/1083/770 1023/1084/771 1019/1080/767
f 1019/1080/767 1023/1084/771 1024/1069/756 1020/1068/755
f 642/1081/768 641/694/382 1025/1085/772 1021/1082/769
f 1021/1082/769 1025/1085/772 1026/1086/773 1022/1083/770
f 1022/1083/770 1026/1086/773 1027/1087/774 1023/1084/771
f 1023/1084/771 1027/1087/774 1028/727/415 1024/1069/756
f 641/694/382 77/693/381 713/1051/738 1025/1085/772
f 1025/1085/772 713/1051/738 714/1053/740 1026/1086/773
f 1026/1086/773 714/1053/740 715/1055/742 1027/1087/774
f 1027/1087/774 715/1055/742 716/728/416 1028/727/415
f 700/720/408 1032/1088/775 712/884/572 85/721/409
f 1032/1088/775 1036/1089/776 711/891/579 712/884/572
f 1036/1089/776 1040/1090/777 710/895/583 711/891/579
f 1040/1090/777 1044/723/411 709/726/414 710/895/583
f 75/71/778 636/134/779 1029/1091/780 697/1092/781
f 697/1092/781 1029/1091/780 1030/1093/782 698/1094/783
f 698/1094/783 1030/1093/782 1031/1095/784 699/1096/785
f 699/1096/785 1031/1095/784 1032/1088/775 700/720/408
f 636/134/779 635/1097/786 1033/1098/787 1029/1091/780
f 1029/1091/780 1033/1098/787 1034/1099/788 1030/1093/782
f 1030/1093/782 1034/1099/788 1035/1100/789 1031/1095/784
f 1031/1095/784 1035/1100/789 1036/1089/776 1032/1088/775
f 635/1097/786 634/1101/790 1037/1102/791 1033/1098/787
f 1033/1098/787 1037/1102/791 1038/1103/792 1034/1099/788
f 1034/1099/788 1038/1103/792 1039/1104/793 1035/1100/789
f 1035/1100/789 1039/1104/793 1040/1090/777 1036/1089/776
f 634/1101/790 633/692/378 1041/1105/794 1037/1102/791
f 1037/1102/791 1041/1105/794 1042/1106/795 1038/1103/792
f 1038/1103/792 1042/1106/795 1043/1107/796 1039/1104/793
f 1039/1104/793 1043/1107/796 1044/723/411 1040/1090/777
f 633/692/378 76/691/377 705/1072/759 1041/1105/794
f 1041/1105/794 705/1072/759 706/1074/761 1042/1106/795
f 1042/1106/795 706/1074/761 707/1076/763 1043/1107/796
f 1043/1107/796 707/1076/763 708/724/412 1044/723/411
f 692/716/404 1048/1108/797 704/908/596 84/717/405
f 1048/1108/797 1052/1109/798 703/915/603 704/908/596
f 1052/1109/798 1056/1110/799 702/919/607 703/915/603
f 1056/1110/799 1060/719/407 701/722/410 702/919/607
f 689/75/800 1045/74/801 1046/1111/802 690/1112/803
f 690/1112/803 1046/1111/802 1047/1113/804 691/1114/805
f 691/1114/805 1047/1113/804 1048/1108/797 692/716/404
f 1045/74/801 1049/77/806 1050/1115/807 1046/1111/802
f 1046/1111/802 1050/1115/807 1051/1116/808 1047/1113/804
f 1047/1113/804 1051/1116/808 1052/1109/798 1048/1108/797
f 1049/77/806 1053/79/809 1054/1117/810 1050/1115/807
f 1050/1115/807 1054/1117/810 1055/1118/811 1051/1116/808
f 1051/1116/808 1055/1118/811 1056/1110/799 1052/1109/798
f 626/78/812 625/72/813 1057/1119/814 1053/79/809
f 1053/79/809 1057/1119/814 1058/1120/815 1054/1117/810
f 1054/1117/810 1058/1120/815 1059/1121/816 1055/1118/811
f 1055/1118/811 1059/1121/816 1060/719/407 1056/1110/799
f 625/72/813 75/71/778 697/1092/781 1057/1119/814
f 1057/1119/814 697/1092/781 698/1094/783 1058/1120/815
f 1058/1120/815 698/1094/783 699/1096/785 1059/1121/816
f 1059/1121/816 699/1096/785 700/720/408 1060/719/407
f 684/712/400 1064/1122/817 696/932/620 83/713/401
f 1064/1122/817 1068/1123/818 695/939/627 696/932/620
f 1068/1123/818 1072/1124/819 694/943/631 695/939/627
f 1072/1124/819 1076/715/403 693/718/406 694/943/631
f 73/179/373 620/80/820 1061/83/821 681/1125/822
f 681/1125/822 1061/83/821 1062/1126/823 682/1127/824
f 682/1127/824 1062/1126/823 1063/1128/825 683/1129/826
f 683/1129/826 1063/1128/825 1064/1122/817 684/712/400
f 1061/83/821 1065/82/827 1066/1130/828 1062/1126/823
f 1062/1126/823 1066/1130/828 1067/1131/829 1063/1128/825
f 1063/1128/825 1067/1131/829 1068/1123/818 1064/1122/817
f 1065/82/827 1069/85/830 1070/1132/831 1066/1130/828
f 1066/1130/828 1070/1132/831 1071/1133/832 1067/1131/829
f 1067/1131/829 1071/1133/832 1072/1124/819 1068/1123/818
f 1069/85/830 1073/86/833 1074/1134/834 1070/1132/831
f 1070/1132/831 1074/1134/834 1075/1135/835 1071/1133/832
f 1071/1133/832 1075/1135/835 1076/715/403 1072/1124/819
f 1073/86/833 689/75/800 690/1112/803 1074/1134/834
f 1074/1134/834 690/1112/803 691/1114/805 1075/1135/835
f 1075/1135/835 691/1114/805 692/716/404 1076/715/403
f 676/708/396 1080/1136/836 688/956/644 82/709/397
f 1080/1136/836 1084/1137/837 687/963/651 688/956/644
f 1084/1137/837 1088/1138/838 686/967/655 687/963/651
f 1088/1138/838 1092/711/399 685/714/402 686/967/655
f 72/687/369 612/1139/839 1077/1140/840 673/1141/841
f 673/1141/841 1077/1140/840 1078/1142/842 674/1143/843
f 674/1143/843 1078/1142/842 1079/1144/844 675/1145/845
f 675/1145/845 1079/1144/844 1080/1136/836 676/708/396
f 612/1139/839 611/1146/846 1081/1147/847 1077/1140/840
f 1077/1140/840 1081/1147/847 1082/1148/848 1078/1142/842
f 1078/1142/842 1082/1148/848 1083/1149/849 1079/1144/844
f 1079/1144/844 1083/1149/849 1084/1137/837 1080/1136/836
f 611/1146/846 610/1150/850 1085/1151/851 1081/1147/847
f 1081/1147/847 1085/1151/851 1086/1152/852 1082/1148/848
f 1082/1148/848 1086/1152/852 1087/1153/853 1083/1149/849
f 1083/1149/849 1087/1153/853 1088/1138/838 1084/1137/837
f 610/1150/850 609/690/374 1089/1154/854 1085/1151/851
f 1085/1151/851 1089/1154/854 1090/1155/855 1086/1152/852
f 1086/1152/852 1090/1155/855 1091/1156/856 1087/1153/853
f 1087/1153/853 1091/1156/856 1092/711/399 1088/1138/838
f 609/690/374 73/179/373 681/1125/822 1089/1154/854
f 1089/1154/854 681/1125/822 682/1127/824 1090/1155/855
f 1090/1155/855 682/1127/824 683/1129/826 1091/1156/856
f 1091/1156/856 683/1129/826 684/712/400 1092/711/399
f 669/1157/857 1096/1158/858 680/983/670 81/982/669
f 1096/1158/858 1100/1159/859 679/990/677 680/983/670
f 1100/1159/859 1104/1160/860 678/994/681 679/990/677
f 1104/1160/860 1108/707/395 677/710/398 678/994/681
f 71/1161/861 604/1162/862 1093/1163/863 672/1164/864
f 672/1164/864 1093/1163/863 1094/1165/865 671/1166/866
f 671/1166/866 1094/1165/865 1095/1167/867 670/1168/868
f 670/1168/868 1095/1167/867 1096/1158/858 669/1157/857
f 604/1162/862 603/1169/869 1097/1170/870 1093/1163/863
f 1093/1163/863 1097/1170/870 1098/1171/871 1094/1165/865
f 1094/1165/865 1098/1171/871 1099/1172/872 1095/1167/867
f 1095/1167/867 1099/1172/872 1100/1159/859 1096/1158/858
f 603/1169/869 602/1173/873 1101/1174/874 1097/1170/870
f 1097/1170/870 1101/1174/874 1102/1175/875 1098/1171/871
f 1098/1171/871 1102/1175/875 1103/1176/876 1099/1172/872
f 1099/1172/872 1103/1176/876 1104/1160/860 1100/1159/859
f 602/1173/873 601/688/370 1105/1177/877 1101/1174/874
f 1101/1174/874 1105/1177/877 1106/1178/878 1102/1175/875
f 1102/1175/875 1106/1178/878 1107/1179/879 1103/1176/876
f 1103/1176/876 1107/1179/879 1108/707/395 1104/1160/860
f 601/688/370 72/687/369 673/1141/841 1105/1177/877
f 1105/1177/877 673/1141/841 674/1143/843 1106/1178/878
f 1106/1178/878 674/1143/843 675/1145/845 1107/1179/879
f 1107/1179/879 675/1145/845 676/708/396 1108/707/395
f 656/700/388 1112/1180/880 668/1004/691 79/701/389
f 1112/1180/880 1116/1181/881 667/1011/698 668/1004/691
f 1116/1181/881 1120/1182/882 666/1015/702 667/1011/698
f 1120/1182/882 1124/703/391 665/706/394 666/1015/702
f 69/679/361 592/1183/883 1109/1184/884 653/1185/885
f 653/1185/885 1109/1184/884 1110/1186/886 654/1187/887
f 654/1187/887 1110/1186/886 1111/1188/888 655/1189/889
f 655/1189/889 1111/1188/888 1112/1180/880 656/700/388
f 592/1183/883 591/1190/890 1113/1191/891 1109/1184/884
f 1109/1184/884 1113/1191/891 1114/1192/892 1110/1186/886
f 1110/1186/886 1114/1192/892 1115/1193/893 1111/1188/888
f 1111/1188/888 1115/1193/893 1116/1181/881 1112/1180/880
f 591/1190/890 590/1194/894 1117/1195/895 1113/1191/891
f 1113/1191/891 1117/1195/895 1118/1196/896 1114/1192/892
f 1114/1192/892 1118/1196/896 1119/1197/897 1115/1193/893
f 1115/1193/893 1119/1197/897 1120/1182/882 1116/1181/881
f 590/1194/894 589/684/366 1121/1198/898 1117/1195/895
f 1117/1195/895 1121/1198/898 1122/1199/899 1118/1196/896
f 1118/1196/896 1122/1199/899 1123/1200/900 1119/1197/897
f 1119/1197/897 1123/1200/900 1124/703/391 1120/1182/882
f 589/684/366 70/683/365 661/1201/901 1121/1198/898
f 1121/1198/898 661/1201/901 662/1202/902 1122/1199/899
f 1122/1199/899 662/1202/902 663/1203/903 1123/1200/900
f 1123/1200/900 663/1203/903 664/704/392 1124/703/391
f 648/696/384 1128/1204/904 660/1028/715 78/697/385
f 1128/1204/904 1132/1205/905 659/1035/722 660/1028/715
f 1132/1205/905 1136/1206/906 658/1039/726 659/1035/722
f 1136/1206/906 1140/699/387 657/702/390 658/1039/726
f 645/89/907 1125/88/908 1126/1207/909 646/108/910
f 646/108/910 1126/1207/909 1127/1208/911 647/1209/912
f 647/1209/912 1127/1208/911 1128/1204/904 648/696/384
f 584/87/913 583/1210/914 1129/1211/915 1125/88/908
f 1125/88/908 1129/1211/915 1130/1212/916 1126/1207/909
f 1126/1207/909 1130/1212/916 1131/1213/917 1127/1208/911
f 1127/1208/911 1131/1213/917 1132/1205/905 1128/1204/904
f 583/1210/914 582/1214/918 1133/1215/919 1129/1211/915
f 1129/1211/915 1133/1215/919 1134/1216/920 1130/1212/916
f 1130/1212/916 1134/1216/920 1135/1217/921 1131/1213/917
f 1131/1213/917 1135/1217/921 1136/1206/906 1132/1205/905
f 582/1214/918 581/680/362 1137/1218/922 1133/1215/919
f 1133/1215/919 1137/1218/922 1138/1219/923 1134/1216/920
f 1134/1216/920 1138/1219/923 1139/1220/924 1135/1217/921
f 1135/1217/921 1139/1220/924 1140/699/387 1136/1206/906
f 581/680/362 69/679/361 653/1185/885 1137/1218/922
f 1137/1218/922 653/1185/885 654/1187/887 1138/1219/923
f 1138/1219/923 654/1187/887 655/1189/889 1139/1220/924
f 1139/1220/924 655/1189/889 656/700/388 1140/699/387
f 640/132/380 1144/1221/925 652/1049/736 77/693/381
f 1144/1221/925 1148/1222/926 651/1056/743 652/1049/736
f 1148/1222/926 1152/1223/927 650/1060/747 651/1056/743
f 1152/1223/927 1156/695/383 649/698/386 650/1060/747
f 639/96/928 1143/95/929 1144/1221/925 640/132/380
f 1143/95/929 1147/100/930 1148/1222/926 1144/1221/925
f 1147/100/930 1151/104/931 1152/1223/927 1148/1222/926
f 1151/104/931 1155/107/932 1156/695/383 1152/1223/927
f 1154/106/933 646/108/910 647/1209/912 1155/107/932
f 1155/107/932 647/1209/912 648/696/384 1156/695/383
f 632/117/376 1160/116/934 644/1070/757 76/691/377
f 1160/116/934 1164/122/935 643/1077/764 644/1070/757
f 1164/122/935 1168/127/936 642/1081/768 643/1077/764
f 1168/127/936 1172/131/379 641/694/382 642/1081/768
f 1176/133/937 1180/146/938 635/1097/786 636/134/779
f 1180/146/938 1184/151/939 634/1101/790 635/1097/786
f 1184/151/939 1188/155/375 633/692/378 634/1101/790
f 63/675/357 544/188/940 1205/183/941 605/182/942
f 600/686/368 1224/1224/943 612/1139/839 72/687/369
f 1224/1224/943 1228/1225/944 611/1146/846 612/1139/839
f 1228/1225/944 1232/1226/945 610/1150/850 611/1146/846
f 1232/1226/945 1236/689/371 609/690/374 610/1150/850
f 62/671/353 536/1227/946 1221/1228/947 597/1229/948
f 597/1229/948 1221/1228/947 1222/1230/949 598/1231/950
f 598/1231/950 1222/1230/949 1223/1232/951 599/1233/952
f 599/1233/952 1223/1232/951 1224/1224/943 600/686/368
f 536/1227/946 535/1234/953 1225/1235/954 1221/1228/947
f 1221/1228/947 1225/1235/954 1226/1236/955 1222/1230/949
f 1222/1230/949 1226/1236/955 1227/1237/956 1223/1232/951
f 1223/1232/951 1227/1237/956 1228/1225/944 1224/1224/943
f 535/1234/953 534/1238/957 1229/1239/958 1225/1235/954
f 1225/1235/954 1229/1239/958 1230/1240/959 1226/1236/955
f 1226/1236/955 1230/1240/959 1231/1241/960 1227/1237/956
f 1227/1237/956 1231/1241/960 1232/1226/945 1228/1225/944
f 534/1238/957 533/676/358 1233/1242/961 1229/1239/958
f 1229/1239/958 1233/1242/961 1234/1243/962 1230/1240/959
f 1230/1240/959 1234/1243/962 1235/1244/963 1231/1241/960
f 1231/1241/960 1235/1244/963 1236/689/371 1232/1226/945
f 533/676/358 63/675/357 605/182/942 1233/1242/961
f 1233/1242/961 605/182/942 606/185/964 1234/1243/962
f 1234/1243/962 606/185/964 607/187/965 1235/1244/963
f 1235/1244/963 607/187/965 608/177/372 1236/689/371
f 593/1245/966 1240/1246/967 604/1162/862 71/1161/861
f 1240/1246/967 1244/1247/968 603/1169/869 604/1162/862
f 1244/1247/968 1248/1248/969 602/1173/873 603/1169/869
f 1248/1248/969 1252/685/367 601/688/370 602/1173/873
f 61/1249/970 528/1250/971 1237/1251/972 596/1252/973
f 596/1252/973 1237/1251/972 1238/1253/974 595/1254/975
f 595/1254/975 1238/1253/974 1239/1255/976 594/1256/977
f 594/1256/977 1239/1255/976 1240/1246/967 593/1245/966
f 528/1250/971 527/1257/978 1241/1258/979 1237/1251/972
f 1237/1251/972 1241/1258/979 1242/1259/980 1238/1253/974
f 1238/1253/974 1242/1259/980 1243/1260/981 1239/1255/976
f 1239/1255/976 1243/1260/981 1244/1247/968 1240/1246/967
f 527/1257/978 526/1261/982 1245/1262/983 1241/1258/979
f 1241/1258/979 1245/1262/983 1246/1263/984 1242/1259/980
f 1242/1259/980 1246/1263/984 1247/1264/985 1243/1260/981
f 1243/1260/981 1247/1264/985 1248/1248/969 1244/1247/968
f 526/1261/982 525/672/354 1249/1265/986 1245/1262/983
f 1245/1262/983 1249/1265/986 1250/1266/987 1246/1263/984
f 1246/1263/984 1250/1266/987 1251/1267/988 1247/1264/985
f 1247/1264/985 1251/1267/988 1252/685/367 1248/1248/969
f 525/672/354 62/671/353 597/1229/948 1249/1265/986
f 1249/1265/986 597/1229/948 598/1231/950 1250/1266/987
f 1250/1266/987 598/1231/950 599/1233/952 1251/1267/988
f 1251/1267/988 599/1233/952 600/686/368 1252/685/367
f 580/678/360 1256/1268/989 592/1183/883 69/679/361
f 1256/1268/989 1260/1269/990 591/1190/890 592/1183/883
f 1260/1269/990 1264/1270/991 590/1194/894 591/1190/890
f 1264/1270/991 1268/681/363 589/684/366 590/1194/894
f 59/663/345 516/1271/992 1253/1272/993 577/1273/994
f 577/1273/994 1253/1272/993 1254/1274/995 578/1275/996
f 578/1275/996 1254/1274/995 1255/1276/997 579/1277/998
f 579/1277/998 1255/1276/997 1256/1268/989 580/678/360
f 516/1271/992 515/1278/999 1257/1279/1000 1253/1272/993
f 1253/1272/993 1257/1279/1000 1258/1280/1001 1254/1274/995
f 1254/1274/995 1258/1280/1001 1259/1281/1002 1255/1276/997
f 1255/1276/997 1259/1281/1002 1260/1269/990 1256/1268/989
f 515/1278/999 514/1282/1003 1261/1283/1004 1257/1279/1000
f 1257/1279/1000 1261/1283/1004 1262/1284/1005 1258/1280/1001
f 1258/1280/1001 1262/1284/1005 1263/1285/1006 1259/1281/1002
f 1259/1281/1002 1263/1285/1006 1264/1270/991 1260/1269/990
f 514/1282/1003 513/668/350 1265/1286/1007 1261/1283/1004
f 1261/1283/1004 1265/1286/1007 1266/1287/1008 1262/1284/1005
f 1262/1284/1005 1266/1287/1008 1267/1288/1009 1263/1285/1006
f 1263/1285/1006 1267/1288/1009 1268/681/363 1264/1270/991
f 513/668/350 60/667/349 585/1289/1010 1265/1286/1007
f 1265/1286/1007 585/1289/1010 586/1290/1011 1266/1287/1008
f 1266/1287/1008 586/1290/1011 587/1291/1012 1267/1288/1009
f 1267/1288/1009 587/1291/1012 588/682/364 1268/681/363
f 1272/200/1013 1276/1292/1014 583/1210/914 584/87/913
f 1276/1292/1014 1280/1293/1015 582/1214/918 583/1210/914
f 1280/1293/1015 1284/677/359 581/680/362 582/1214/918
f 508/201/1016 507/1294/1017 1273/1295/1018 1269/202/1019
f 1269/202/1019 1273/1295/1018 1274/1296/1020 1270/204/1021
f 1270/204/1021 1274/1296/1020 1275/1297/1022 1271/206/1023
f 1271/206/1023 1275/1297/1022 1276/1292/1014 1272/200/1013
f 507/1294/1017 506/1298/1024 1277/1299/1025 1273/1295/1018
f 1273/1295/1018 1277/1299/1025 1278/1300/1026 1274/1296/1020
f 1274/1296/1020 1278/1300/1026 1279/1301/1027 1275/1297/1022
f 1275/1297/1022 1279/1301/1027 1280/1293/1015 1276/1292/1014
f 506/1298/1024 505/664/346 1281/1302/1028 1277/1299/1025
f 1277/1299/1025 1281/1302/1028 1282/1303/1029 1278/1300/1026
f 1278/1300/1026 1282/1303/1029 1283/1304/1030 1279/1301/1027
f 1279/1301/1027 1283/1304/1030 1284/677/359 1280/1293/1015
f 505/664/346 59/663/345 577/1273/994 1281/1302/1028
f 1281/1302/1028 577/1273/994 578/1275/996 1282/1303/1029
f 1282/1303/1029 578/1275/996 579/1277/998 1283/1304/1030
f 1283/1304/1030 579/1277/998 580/678/360 1284/677/359
f 532/674/356 1352/1305/1031 544/188/940 63/675/357
f 1352/1305/1031 1356/1306/1032 543/189/1033 544/188/940
f 1356/1306/1032 1360/293/1034 542/193/1035 543/189/1033
f 53/657/337 468/1307/1036 1349/1308/1037 529/1309/1038
f 529/1309/1038 1349/1308/1037 1350/1310/1039 530/1311/1040
f 530/1311/1040 1350/1310/1039 1351/1312/1041 531/1313/1042
f 531/1313/1042 1351/1312/1041 1352/1305/1031 532/674/356
f 468/1307/1036 467/1314/1043 1353/1315/1044 1349/1308/1037
f 1349/1308/1037 1353/1315/1044 1354/1316/1045 1350/1310/1039
f 1350/1310/1039 1354/1316/1045 1355/1317/1046 1351/1312/1041
f 1351/1312/1041 1355/1317/1046 1356/1306/1032 1352/1305/1031
f 467/1314/1043 466/1318/1047 1357/1319/1048 1353/1315/1044
f 1353/1315/1044 1357/1319/1048 1358/1320/1049 1354/1316/1045
f 1354/1316/1045 1358/1320/1049 1359/1321/1050 1355/1317/1046
f 1355/1317/1046 1359/1321/1050 1360/293/1034 1356/1306/1032
f 466/1318/1047 465/660/342 1361/1322/1051 1357/1319/1048
f 1357/1319/1048 1361/1322/1051 1362/1323/1052 1358/1320/1049
f 1358/1320/1049 1362/1323/1052 1363/294/1053 1359/1321/1050
f 1359/1321/1050 1363/294/1053 1364/45/1054 1360/293/1034
f 465/660/342 54/274/341 537/277/1055 1361/1322/1051
f 1361/1322/1051 537/277/1055 538/279/1056 1362/1323/1052
f 1362/1323/1052 538/279/1056 539/281/1057 1363/294/1053
f 524/670/352 1368/1324/1058 536/1227/946 62/671/353
f 1368/1324/1058 1372/1325/1059 535/1234/953 536/1227/946
f 1372/1325/1059 1376/1326/1060 534/1238/957 535/1234/953
f 1376/1326/1060 1380/673/355 533/676/358 534/1238/957
f 52/653/333 460/1327/1061 1365/1328/1062 521/1329/1063
f 521/1329/1063 1365/1328/1062 1366/1330/1064 522/1331/1065
f 522/1331/1065 1366/1330/1064 1367/1332/1066 523/1333/1067
f 523/1333/1067 1367/1332/1066 1368/1324/1058 524/670/352
f 460/1327/1061 459/1334/1068 1369/1335/1069 1365/1328/1062
f 1365/1328/1062 1369/1335/1069 1370/1336/1070 1366/1330/1064
f 1366/1330/1064 1370/1336/1070 1371/1337/1071 1367/1332/1066
f 1367/1332/1066 1371/1337/1071 1372/1325/1059 1368/1324/1058
f 459/1334/1068 458/1338/1072 1373/1339/1073 1369/1335/1069
f 1369/1335/1069 1373/1339/1073 1374/1340/1074 1370/1336/1070
f 1370/1336/1070 1374/1340/1074 1375/1341/1075 1371/1337/1071
f 1371/1337/1071 1375/1341/1075 1376/1326/1060 1372/1325/1059
f 458/1338/1072 457/658/338 1377/1342/1076 1373/1339/1073
f 1373/1339/1073 1377/1342/1076 1378/1343/1077 1374/1340/1074
f 1374/1340/1074 1378/1343/1077 1379/1344/1078 1375/1341/1075
f 1375/1341/1075 1379/1344/1078 1380/673/355 1376/1326/1060
f 457/658/338 53/657/337 529/1309/1038 1377/1342/1076
f 1377/1342/1076 529/1309/1038 530/1311/1040 1378/1343/1077
f 1378/1343/1077 530/1311/1040 531/1313/1042 1379/1344/1078
f 1379/1344/1078 531/1313/1042 532/674/356 1380/673/355
f 517/1345/1079 1384/1346/1080 528/1250/971 61/1249/970
f 1384/1346/1080 1388/1347/1081 527/1257/978 528/1250/971
f 1388/1347/1081 1392/1348/1082 526/1261/982 527/1257/978
f 1392/1348/1082 1396/669/351 525/672/354 526/1261/982
f 51/1349/1083 452/1350/1084 1381/1351/1085 520/1352/1086
f 520/1352/1086 1381/1351/1085 1382/1353/1087 519/1354/1088
f 519/1354/1088 1382/1353/1087 1383/1355/1089 518/1356/1090
f 518/1356/1090 1383/1355/1089 1384/1346/1080 517/1345/1079
f 452/1350/1084 451/1357/1091 1385/1358/1092 1381/1351/1085
f 1381/1351/1085 1385/1358/1092 1386/1359/1093 1382/1353/1087
f 1382/1353/1087 1386/1359/1093 1387/1360/1094 1383/1355/1089
f 1383/1355/1089 1387/1360/1094 1388/1347/1081 1384/1346/1080
f 451/1357/1091 450/1361/1095 1389/1362/1096 1385/1358/1092
f 1385/1358/1092 1389/1362/1096 1390/1363/1097 1386/1359/1093
f 1386/1359/1093 1390/1363/1097 1391/1364/1098 1387/1360/1094
f 1387/1360/1094 1391/1364/1098 1392/1348/1082 1388/1347/1081
f 450/1361/1095 449/654/334 1393/1365/1099 1389/1362/1096
f 1389/1362/1096 1393/1365/1099 1394/1366/1100 1390/1363/1097
f 1390/1363/1097 1394/1366/1100 1395/1367/1101 1391/1364/1098
f 1391/1364/1098 1395/1367/1101 1396/669/351 1392/1348/1082
f 449/654/334 52/653/333 521/1329/1063 1393/1365/1099
f 1393/1365/1099 521/1329/1063 522/1331/1065 1394/1366/1100
f 1394/1366/1100 522/1331/1065 523/1333/1067 1395/1367/1101
f 1395/1367/1101 523/1333/1067 524/670/352 1396/669/351
f 504/662/344 1400/1368/1102 516/1271/992 59/663/345
f 1400/1368/1102 1404/1369/1103 515/1278/999 516/1271/992
f 1404/1369/1103 1408/1370/1104 514/1282/1003 515/1278/999
f 1408/1370/1104 1412/665/347 513/668/350 514/1282/1003
f 49/645/325 440/1371/1105 1397/1372/1106 501/1373/1107
f 501/1373/1107 1397/1372/1106 1398/1374/1108 502/1375/1109
f 502/1375/1109 1398/1374/1108 1399/1376/1110 503/1377/1111
f 503/1377/1111 1399/1376/1110 1400/1368/1102 504/662/344
f 440/1371/1105 439/1378/1112 1401/1379/1113 1397/1372/1106
f 1397/1372/1106 1401/1379/1113 1402/1380/1114 1398/1374/1108
f 1398/1374/1108 1402/1380/1114 1403/1381/1115 1399/1376/1110
f 1399/1376/1110 1403/1381/1115 1404/1369/1103 1400/1368/1102
f 439/1378/1112 438/1382/1116 1405/1383/1117 1401/1379/1113
f 1401/1379/1113 1405/1383/1117 1406/1384/1118 1402/1380/1114
f 1402/1380/1114 1406/1384/1118 1407/1385/1119 1403/1381/1115
f 1403/1381/1115 1407/1385/1119 1408/1370/1104 1404/1369/1103
f 438/1382/1116 437/650/330 1409/1386/1120 1405/1383/1117
f 1405/1383/1117 1409/1386/1120 1410/1387/1121 1406/1384/1118
f 1406/1384/1118 1410/1387/1121 1411/1388/1122 1407/1385/1119
f 1407/1385/1119 1411/1388/1122 1412/665/347 1408/1370/1104
f 437/650/330 50/649/329 509/1389/1123 1409/1386/1120
f 1409/1386/1120 509/1389/1123 510/1390/1124 1410/1387/1121
f 1410/1387/1121 510/1390/1124 511/1391/1125 1411/1388/1122
f 1411/1388/1122 511/1391/1125 512/666/348 1412/665/347
f 1416/295/1126 1420/1392/1127 507/1294/1017 508/201/1016
f 1420/1392/1127 1424/1393/1128 506/1298/1024 507/1294/1017
f 1424/1393/1128 1428/661/343 505/664/346 506/1298/1024
f 48/641/321 432/1394/1129 1413/1395/1130 493/1396/1131
f 493/1396/1131 1413/1395/1130 1414/1397/1132 494/1398/1133
f 494/1398/1133 1414/1397/1132 1415/1399/1134 495/1400/1135
f 495/1400/1135 1415/1399/1134 1416/295/1126 496/42/1136
f 432/1394/1129 431/1401/1137 1417/1402/1138 1413/1395/1130
f 1413/1395/1130 1417/1402/1138 1418/1403/1139 1414/1397/1132
f 1414/1397/1132 1418/1403/1139 1419/1404/1140 1415/1399/1134
f 1415/1399/1134 1419/1404/1140 1420/1392/1127 1416/295/1126
f 431/1401/1137 430/1405/1141 1421/1406/1142 1417/1402/1138
f 1417/1402/1138 1421/1406/1142 1422/1407/1143 1418/1403/1139
f 1418/1403/1139 1422/1407/1143 1423/1408/1144 1419/1404/1140
f 1419/1404/1140 1423/1408/1144 1424/1393/1128 1420/1392/1127
f 430/1405/1141 429/646/326 1425/1409/1145 1421/1406/1142
f 1421/1406/1142 1425/1409/1145 1426/1410/1146 1422/1407/1143
f 1422/1407/1143 1426/1410/1146 1427/1411/1147 1423/1408/1144
f 1423/1408/1144 1427/1411/1147 1428/661/343 1424/1393/1128
f 429/646/326 49/645/325 501/1373/1107 1425/1409/1145
f 1425/1409/1145 501/1373/1107 502/1375/1109 1426/1410/1146
f 1426/1410/1146 502/1375/1109 503/1377/1111 1427/1411/1147
f 1427/1411/1147 503/1377/1111 504/662/344 1428/661/343
f 47/326/317 424/1412/1148 1429/1413/1149 485/327/1150
f 485/327/1150 1429/1413/1149 1430/300/1151 486/299/1152
f 424/1412/1148 423/1414/1153 1433/1415/1154 1429/1413/1149
f 1429/1413/1149 1433/1415/1154 1434/1416/1155 1430/300/1151
f 1430/300/1151 1434/1416/1155 1435/303/1156 1431/301/1157
f 423/1414/1153 422/1417/1158 1437/1418/1159 1433/1415/1154
f 1433/1415/1154 1437/1418/1159 1438/1419/1160 1434/1416/1155
f 1434/1416/1155 1438/1419/1160 1439/1420/1161 1435/303/1156
f 1435/303/1156 1439/1420/1161 1440/298/1162 1436/297/1163
f 422/1417/1158 421/642/322 1441/1421/1164 1437/1418/1159
f 1437/1418/1159 1441/1421/1164 1442/1422/1165 1438/1419/1160
f 1438/1419/1160 1442/1422/1165 1443/1423/1166 1439/1420/1161
f 1439/1420/1161 1443/1423/1166 1444/41/1167 1440/298/1162
f 421/642/322 48/641/321 493/1396/1131 1441/1421/1164
f 1441/1421/1164 493/1396/1131 494/1398/1133 1442/1422/1165
f 1442/1422/1165 494/1398/1133 495/1400/1135 1443/1423/1166
f 1443/1423/1166 495/1400/1135 496/42/1136 1444/41/1167
f 456/656/336 1496/1424/1168 468/1307/1036 53/657/337
f 1496/1424/1168 1500/1425/1169 467/1314/1043 468/1307/1036
f 1500/1425/1169 1504/1426/1170 466/1318/1047 467/1314/1043
f 1504/1426/1170 1508/659/339 465/660/342 466/1318/1047
f 43/636/313 392/1427/1171 1493/1428/1172 453/1429/1173
f 453/1429/1173 1493/1428/1172 1494/1430/1174 454/1431/1175
f 454/1431/1175 1494/1430/1174 1495/1432/1176 455/1433/1177
f 455/1433/1177 1495/1432/1176 1496/1424/1168 456/656/336
f 392/1427/1171 391/1434/1178 1497/1435/1179 1493/1428/1172
f 1493/1428/1172 1497/1435/1179 1498/1436/1180 1494/1430/1174
f 1494/1430/1174 1498/1436/1180 1499/1437/1181 1495/1432/1176
f 1495/1432/1176 1499/1437/1181 1500/1425/1169 1496/1424/1168
f 391/1434/1178 390/438/1182 1501/1438/1183 1497/1435/1179
f 1497/1435/1179 1501/1438/1183 1502/1439/1184 1498/1436/1180
f 1498/1436/1180 1502/1439/1184 1503/1440/1185 1499/1437/1181
f 1499/1437/1181 1503/1440/1185 1504/1426/1170 1500/1425/1169
f 390/438/1182 389/20/1186 1505/371/1187 1501/1438/1183
f 1501/1438/1183 1505/371/1187 1506/372/1188 1502/1439/1184
f 1502/1439/1184 1506/372/1188 1507/1441/1189 1503/1440/1185
f 1503/1440/1185 1507/1441/1189 1508/659/339 1504/1426/1170
f 1506/372/1188 462/357/1190 463/359/1191 1507/1441/1189
f 1507/1441/1189 463/359/1191 464/349/340 1508/659/339
f 448/652/332 1512/1442/1192 460/1327/1061 52/653/333
f 1512/1442/1192 1516/1443/1193 459/1334/1068 460/1327/1061
f 1516/1443/1193 1520/1444/1194 458/1338/1072 459/1334/1068
f 1520/1444/1194 1524/655/335 457/658/338 458/1338/1072
f 42/632/309 384/1445/1195 1509/1446/1196 445/1447/1197
f 445/1447/1197 1509/1446/1196 1510/1448/1198 446/1449/1199
f 446/1449/1199 1510/1448/1198 1511/1450/1200 447/1451/1201
f 447/1451/1201 1511/1450/1200 1512/1442/1192 448/652/332
f 384/1445/1195 383/1452/1202 1513/1453/1203 1509/1446/1196
f 1509/1446/1196 1513/1453/1203 1514/1454/1204 1510/1448/1198
f 1510/1448/1198 1514/1454/1204 1515/1455/1205 1511/1450/1200
f 1511/1450/1200 1515/1455/1205 1516/1443/1193 1512/1442/1192
f 383/1452/1202 382/1456/1206 1517/1457/1207 1513/1453/1203
f 1513/1453/1203 1517/1457/1207 1518/1458/1208 1514/1454/1204
f 1514/1454/1204 1518/1458/1208 1519/1459/1209 1515/1455/1205
f 1515/1455/1205 1519/1459/1209 1520/1444/1194 1516/1443/1193
f 382/1456/1206 381/637/314 1521/1460/1210 1517/1457/1207
f 1517/1457/1207 1521/1460/1210 1522/1461/1211 1518/1458/1208
f 1518/1458/1208 1522/1461/1211 1523/1462/1212 1519/1459/1209
f 1519/1459/1209 1523/1462/1212 1524/655/335 1520/1444/1194
f 381/637/314 43/636/313 453/1429/1173 1521/1460/1210
f 1521/1460/1210 453/1429/1173 454/1431/1175 1522/1461/1211
f 1522/1461/1211 454/1431/1175 455/1433/1177 1523/1462/1212
f 1523/1462/1212 455/1433/1177 456/656/336 1524/655/335
f 441/1463/1213 1528/1464/1214 452/1350/1084 51/1349/1083
f 1528/1464/1214 1532/1465/1215 451/1357/1091 452/1350/1084
f 1532/1465/1215 1536/1466/1216 450/1361/1095 451/1357/1091
f 1536/1466/1216 1540/651/331 449/654/334 450/1361/1095
f 41/1467/1217 376/1468/1218 1525/1469/1219 444/1470/1220
f 444/1470/1220 1525/1469/1219 1526/1471/1221 443/1472/1222
f 443/1472/1222 1526/1471/1221 1527/1473/1223 442/1474/1224
f 442/1474/1224 1527/1473/1223 1528/1464/1214 441/1463/1213
f 376/1468/1218 375/1475/1225 1529/1476/1226 1525/1469/1219
f 1525/1469/1219 1529/1476/1226 1530/1477/1227 1526/1471/1221
f 1526/1471/1221 1530/1477/1227 1531/1478/1228 1527/1473/1223
f 1527/1473/1223 1531/1478/1228 1532/1465/1215 1528/1464/1214
f 375/1475/1225 374/1479/1229 1533/1480/1230 1529/1476/1226
f 1529/1476/1226 1533/1480/1230 1534/1481/1231 1530/1477/1227
f 1530/1477/1227 1534/1481/1231 1535/1482/1232 1531/1478/1228
f 1531/1478/1228 1535/1482/1232 1536/1466/1216 1532/1465/1215
f 374/1479/1229 373/633/310 1537/1483/1233 1533/1480/1230
f 1533/1480/1230 1537/1483/1233 1538/1484/1234 1534/1481/1231
f 1534/1481/1231 1538/1484/1234 1539/1485/1235 1535/1482/1232
f 1535/1482/1232 1539/1485/1235 1540/651/331 1536/1466/1216
f 373/633/310 42/632/309 445/1447/1197 1537/1483/1233
f 1537/1483/1233 445/1447/1197 446/1449/1199 1538/1484/1234
f 1538/1484/1234 446/1449/1199 447/1451/1201 1539/1485/1235
f 1539/1485/1235 447/1451/1201 448/652/332 1540/651/331
f 428/644/324 1544/1486/1236 440/1371/1105 49/645/325
f 1544/1486/1236 1548/1487/1237 439/1378/1112 440/1371/1105
f 1548/1487/1237 1552/1488/1238 438/1382/1116 439/1378/1112
f 1552/1488/1238 1556/647/327 437/650/330 438/1382/1116
f 39/624/301 364/1489/1239 1541/1490/1240 425/1491/1241
f 425/1491/1241 1541/1490/1240 1542/1492/1242 426/1493/1243
f 426/1493/1243 1542/1492/1242 1543/1494/1244 427/1495/1245
f 427/1495/1245 1543/1494/1244 1544/1486/1236 428/644/324
f 364/1489/1239 363/1496/1246 1545/1497/1247 1541/1490/1240
f 1541/1490/1240 1545/1497/1247 1546/1498/1248 1542/1492/1242
f 1542/1492/1242 1546/1498/1248 1547/1499/1249 1543/1494/1244
f 1543/1494/1244 1547/1499/1249 1548/1487/1237 1544/1486/1236
f 363/1496/1246 362/1500/1250 1549/1501/1251 1545/1497/1247
f 1545/1497/1247 1549/1501/1251 1550/1502/1252 1546/1498/1248
f 1546/1498/1248 1550/1502/1252 1551/1503/1253 1547/1499/1249
f 1547/1499/1249 1551/1503/1253 1552/1488/1238 1548/1487/1237
f 362/1500/1250 361/629/306 1553/1504/1254 1549/1501/1251
f 1549/1501/1251 1553/1504/1254 1554/1505/1255 1550/1502/1252
f 1550/1502/1252 1554/1505/1255 1555/1506/1256 1551/1503/1253
f 1551/1503/1253 1555/1506/1256 1556/647/327 1552/1488/1238
f 361/629/306 40/628/305 433/1507/1257 1553/1504/1254
f 1553/1504/1254 433/1507/1257 434/1508/1258 1554/1505/1255
f 1554/1505/1255 434/1508/1258 435/1509/1259 1555/1506/1256
f 1555/1506/1256 435/1509/1259 436/648/328 1556/647/327
f 420/640/320 1560/1510/1260 432/1394/1129 48/641/321
f 1560/1510/1260 1564/1511/1261 431/1401/1137 432/1394/1129
f 1564/1511/1261 1568/1512/1262 430/1405/1141 431/1401/1137
f 1568/1512/1262 1572/643/323 429/646/326 430/1405/1141
f 38/620/297 356/1513/1263 1557/1514/1264 417/1515/1265
f 417/1515/1265 1557/1514/1264 1558/1516/1266 418/1517/1267
f 418/1517/1267 1558/1516/1266 1559/1518/1268 419/1519/1269
f 419/1519/1269 1559/1518/1268 1560/1510/1260 420/640/320
f 356/1513/1263 355/1520/1270 1561/1521/1271 1557/1514/1264
f 1557/1514/1264 1561/1521/1271 1562/1522/1272 1558/1516/1266
f 1558/1516/1266 1562/1522/1272 1563/1523/1273 1559/1518/1268
f 1559/1518/1268 1563/1523/1273 1564/1511/1261 1560/1510/1260
f 355/1520/1270 354/1524/1274 1565/1525/1275 1561/1521/1271
f 1561/1521/1271 1565/1525/1275 1566/1526/1276 1562/1522/1272
f 1562/1522/1272 1566/1526/1276 1567/1527/1277 1563/1523/1273
f 1563/1523/1273 1567/1527/1277 1568/1512/1262 1564/1511/1261
f 354/1524/1274 353/625/302 1569/1528/1278 1565/1525/1275
f 1565/1525/1275 1569/1528/1278 1570/1529/1279 1566/1526/1276
f 1566/1526/1276 1570/1529/1279 1571/1530/1280 1567/1527/1277
f 1567/1527/1277 1571/1530/1280 1572/643/323 1568/1512/1262
f 353/625/302 39/624/301 425/1491/1241 1569/1528/1278
f 1569/1528/1278 425/1491/1241 426/1493/1243 1570/1529/1279
f 1570/1529/1279 426/1493/1243 427/1495/1245 1571/1530/1280
f 1571/1530/1280 427/1495/1245 428/644/324 1572/643/323
f 412/638/316 1576/1531/1281 424/1412/1148 47/326/317
f 1576/1531/1281 1580/1532/1282 423/1414/1153 424/1412/1148
f 1580/1532/1282 1584/1533/1283 422/1417/1158 423/1414/1153
f 1584/1533/1283 1588/639/319 421/642/322 422/1417/1158
f 37/617/293 348/1534/1284 1573/1535/1285 409/1536/1286
f 409/1536/1286 1573/1535/1285 1574/1537/1287 410/1538/1288
f 410/1538/1288 1574/1537/1287 1575/1539/1289 411/1540/1290
f 411/1540/1290 1575/1539/1289 1576/1531/1281 412/638/316
f 348/1534/1284 347/1541/1291 1577/1542/1292 1573/1535/1285
f 1573/1535/1285 1577/1542/1292 1578/1543/1293 1574/1537/1287
f 1574/1537/1287 1578/1543/1293 1579/1544/1294 1575/1539/1289
f 1575/1539/1289 1579/1544/1294 1580/1532/1282 1576/1531/1281
f 347/1541/1291 346/1545/1295 1581/1546/1296 1577/1542/1292
f 1577/1542/1292 1581/1546/1296 1582/1547/1297 1578/1543/1293
f 1578/1543/1293 1582/1547/1297 1583/1548/1298 1579/1544/1294
f 1579/1544/1294 1583/1548/1298 1584/1533/1283 1580/1532/1282
f 346/1545/1295 345/621/298 1585/1549/1299 1581/1546/1296
f 1581/1546/1296 1585/1549/1299 1586/1550/1300 1582/1547/1297
f 1582/1547/1297 1586/1550/1300 1587/1551/1301 1583/1548/1298
f 1583/1548/1298 1587/1551/1301 1588/639/319 1584/1533/1283
f 345/621/298 38/620/297 417/1515/1265 1585/1549/1299
f 1585/1549/1299 417/1515/1265 418/1517/1267 1586/1550/1300
f 1586/1550/1300 418/1517/1267 419/1519/1269 1587/1551/1301
f 1587/1551/1301 419/1519/1269 420/640/320 1588/639/319
f 338/388/1302 337/463/294 1601/392/1303 1597/389/1304
f 337/463/294 37/617/293 409/1536/1286 1601/392/1303
f 1601/392/1303 409/1536/1286 410/1538/1288 1602/393/1305
f 1602/393/1305 410/1538/1288 411/1540/1290 1603/394/1306
f 1603/394/1306 411/1540/1290 412/638/316 1604/376/315
f 380/635/312 1640/1552/1307 392/1427/1171 43/636/313
f 1640/1552/1307 1644/454/1308 391/1434/1178 392/1427/1171
f 1644/454/1308 1648/437/1309 390/438/1182 391/1434/1178
f 379/445/1310 1639/444/1311 1640/1552/1307 380/635/312
f 1639/444/1311 1643/449/1312 1644/454/1308 1640/1552/1307
f 372/631/308 1656/1553/1313 384/1445/1195 42/632/309
f 1656/1553/1313 1660/1554/1314 383/1452/1202 384/1445/1195
f 1660/1554/1314 1664/1555/1315 382/1456/1206 383/1452/1202
f 1664/1555/1315 1668/634/311 381/637/314 382/1456/1206
f 32/614/289 308/1556/1316 1653/1557/1317 369/1558/1318
f 369/1558/1318 1653/1557/1317 1654/1559/1319 370/1560/1320
f 370/1560/1320 1654/1559/1319 1655/1561/1321 371/1562/1322
f 371/1562/1322 1655/1561/1321 1656/1553/1313 372/631/308
f 308/1556/1316 307/1563/1323 1657/1564/1324 1653/1557/1317
f 1653/1557/1317 1657/1564/1324 1658/1565/1325 1654/1559/1319
f 1654/1559/1319 1658/1565/1325 1659/1566/1326 1655/1561/1321
f 1655/1561/1321 1659/1566/1326 1660/1554/1314 1656/1553/1313
f 307/1563/1323 306/1567/1327 1661/1568/1328 1657/1564/1324
f 1657/1564/1324 1661/1568/1328 1662/1569/1329 1658/1565/1325
f 1658/1565/1325 1662/1569/1329 1663/1570/1330 1659/1566/1326
f 1659/1566/1326 1663/1570/1330 1664/1555/1315 1660/1554/1314
f 306/1567/1327 305/4/1331 1665/458/1332 1661/1568/1328
f 1661/1568/1328 1665/458/1332 1666/1571/1333 1662/1569/1329
f 1662/1569/1329 1666/1571/1333 1667/1572/1334 1663/1570/1330
f 1663/1570/1330 1667/1572/1334 1668/634/311 1664/1555/1315
f 1665/458/1332 377/441/1335 378/443/1336 1666/1571/1333
f 1666/1571/1333 378/443/1336 379/445/1310 1667/1572/1334
f 1667/1572/1334 379/445/1310 380/635/312 1668/634/311
f 365/1573/1337 1672/1574/1338 376/1468/1218 41/1467/1217
f 1672/1574/1338 1676/1575/1339 375/1475/1225 376/1468/1218
f 1676/1575/1339 1680/1576/1340 374/1479/1229 375/1475/1225
f 1680/1576/1340 1684/630/307 373/633/310 374/1479/1229
f 31/1577/1341 300/1578/1342 1669/1579/1343 368/1580/1344
f 368/1580/1344 1669/1579/1343 1670/1581/1345 367/1582/1346
f 367/1582/1346 1670/1581/1345 1671/1583/1347 366/1584/1348
f 366/1584/1348 1671/1583/1347 1672/1574/1338 365/1573/1337
f 300/1578/1342 299/1585/1349 1673/1586/1350 1669/1579/1343
f 1669/1579/1343 1673/1586/1350 1674/1587/1351 1670/1581/1345
f 1670/1581/1345 1674/1587/1351 1675/1588/1352 1671/1583/1347
f 1671/1583/1347 1675/1588/1352 1676/1575/1339 1672/1574/1338
f 299/1585/1349 298/1589/1353 1677/1590/1354 1673/1586/1350
f 1673/1586/1350 1677/1590/1354 1678/1591/1355 1674/1587/1351
f 1674/1587/1351 1678/1591/1355 1679/1592/1356 1675/1588/1352
f 1675/1588/1352 1679/1592/1356 1680/1576/1340 1676/1575/1339
f 298/1589/1353 297/615/290 1681/1593/1357 1677/1590/1354
f 1677/1590/1354 1681/1593/1357 1682/1594/1358 1678/1591/1355
f 1678/1591/1355 1682/1594/1358 1683/1595/1359 1679/1592/1356
f 1679/1592/1356 1683/1595/1359 1684/630/307 1680/1576/1340
f 297/615/290 32/614/289 369/1558/1318 1681/1593/1357
f 1681/1593/1357 369/1558/1318 370/1560/1320 1682/1594/1358
f 1682/1594/1358 370/1560/1320 371/1562/1322 1683/1595/1359
f 1683/1595/1359 371/1562/1322 372/631/308 1684/630/307
f 352/623/300 1688/1596/1360 364/1489/1239 39/624/301
f 1688/1596/1360 1692/1597/1361 363/1496/1246 364/1489/1239
f 1692/1597/1361 1696/1598/1362 362/1500/1250 363/1496/1246
f 1696/1598/1362 1700/626/303 361/629/306 362/1500/1250
f 29/606/281 288/1599/1363 1685/1600/1364 349/1601/1365
f 349/1601/1365 1685/1600/1364 1686/1602/1366 350/1603/1367
f 350/1603/1367 1686/1602/1366 1687/1604/1368 351/1605/1369
f 351/1605/1369 1687/1604/1368 1688/1596/1360 352/623/300
f 288/1599/1363 287/1606/1370 1689/1607/1371 1685/1600/1364
f 1685/1600/1364 1689/1607/1371 1690/1608/1372 1686/1602/1366
f 1686/1602/1366 1690/1608/1372 1691/1609/1373 1687/1604/1368
f 1687/1604/1368 1691/1609/1373 1692/1597/1361 1688/1596/1360
f 287/1606/1370 286/1610/1374 1693/1611/1375 1689/1607/1371
f 1689/1607/1371 1693/1611/1375 1694/1612/1376 1690/1608/1372
f 1690/1608/1372 1694/1612/1376 1695/1613/1377 1691/1609/1373
f 1691/1609/1373 1695/1613/1377 1696/1598/1362 1692/1597/1361
f 286/1610/1374 285/611/286 1697/1614/1378 1693/1611/1375
f 1693/1611/1375 1697/1614/1378 1698/1615/1379 1694/1612/1376
f 1694/1612/1376 1698/1615/1379 1699/1616/1380 1695/1613/1377
f 1695/1613/1377 1699/1616/1380 1700/626/303 1696/1598/1362
f 285/611/286 30/610/285 357/1617/1381 1697/1614/1378
f 1697/1614/1378 357/1617/1381 358/1618/1382 1698/1615/1379
f 1698/1615/1379 358/1618/1382 359/1619/1383 1699/1616/1380
f 1699/1616/1380 359/1619/1383 360/627/304 1700/626/303
f 344/619/296 1704/1620/1384 356/1513/1263 38/620/297
f 1704/1620/1384 1708/1621/1385 355/1520/1270 356/1513/1263
f 1708/1621/1385 1712/1622/1386 354/1524/1274 355/1520/1270
f 1712/1622/1386 1716/622/299 353/625/302 354/1524/1274
f 28/602/277 280/1623/1387 1701/1624/1388 341/1625/1389
f 341/1625/1389 1701/1624/1388 1702/1626/1390 342/1627/1391
f 342/1627/1391 1702/1626/1390 1703/1628/1392 343/1629/1393
f 343/1629/1393 1703/1628/1392 1704/1620/1384 344/619/296
f 280/1623/1387 279/1630/1394 1705/1631/1395 1701/1624/1388
f 1701/1624/1388 1705/1631/1395 1706/1632/1396 1702/1626/1390
f 1702/1626/1390 1706/1632/1396 1707/1633/1397 1703/1628/1392
f 1703/1628/1392 1707/1633/1397 1708/1621/1385 1704/1620/1384
f 279/1630/1394 278/1634/1398 1709/1635/1399 1705/1631/1395
f 1705/1631/1395 1709/1635/1399 1710/1636/1400 1706/1632/1396
f 1706/1632/1396 1710/1636/1400 1711/1637/1401 1707/1633/1397
f 1707/1633/1397 1711/1637/1401 1712/1622/1386 1708/1621/1385
f 278/1634/1398 277/607/282 1713/1638/1402 1709/1635/1399
f 1709/1635/1399 1713/1638/1402 1714/1639/1403 1710/1636/1400
f 1710/1636/1400 1714/1639/1403 1715/1640/1404 1711/1637/1401
f 1711/1637/1401 1715/1640/1404 1716/622/299 1712/1622/1386
f 277/607/282 29/606/281 349/1601/1365 1713/1638/1402
f 1713/1638/1402 349/1601/1365 350/1603/1367 1714/1639/1403
f 1714/1639/1403 350/1603/1367 351/1605/1369 1715/1640/1404
f 1715/1640/1404 351/1605/1369 352/623/300 1716/622/299
f 336/616/292 1720/1641/1405 348/1534/1284 37/617/293
f 1720/1641/1405 1724/1642/1406 347/1541/1291 348/1534/1284
f 1724/1642/1406 1728/1643/1407 346/1545/1295 347/1541/1291
f 1728/1643/1407 1732/618/295 345/621/298 346/1545/1295
f 27/598/273 272/1644/1408 1717/1645/1409 333/1646/1410
f 333/1646/1410 1717/1645/1409 1718/1647/1411 334/1648/1412
f 334/1648/1412 1718/1647/1411 1719/1649/1413 335/1650/1414
f 335/1650/1414 1719/1649/1413 1720/1641/1405 336/616/292
f 272/1644/1408 271/1651/1415 1721/1652/1416 1717/1645/1409
f 1717/1645/1409 1721/1652/1416 1722/1653/1417 1718/1647/1411
f 1718/1647/1411 1722/1653/1417 1723/1654/1418 1719/1649/1413
f 1719/1649/1413 1723/1654/1418 1724/1642/1406 1720/1641/1405
f 271/1651/1415 270/1655/1419 1725/1656/1420 1721/1652/1416
f 1721/1652/1416 1725/1656/1420 1726/1657/1421 1722/1653/1417
f 1722/1653/1417 1726/1657/1421 1727/1658/1422 1723/1654/1418
f 1723/1654/1418 1727/1658/1422 1728/1643/1407 1724/1642/1406
f 270/1655/1419 269/603/278 1729/1659/1423 1725/1656/1420
f 1725/1656/1420 1729/1659/1423 1730/1660/1424 1726/1657/1421
f 1726/1657/1421 1730/1660/1424 1731/1661/1425 1727/1658/1422
f 1727/1658/1422 1731/1661/1425 1732/618/295 1728/1643/1407
f 269/603/278 28/602/277 341/1625/1389 1729/1659/1423
f 1729/1659/1423 341/1625/1389 342/1627/1391 1730/1660/1424
f 1730/1660/1424 342/1627/1391 343/1629/1393 1731/1661/1425
f 1731/1661/1425 343/1629/1393 344/619/296 1732/618/295
f 264/465/1426 263/1662/1427 1737/472/1428 1733/466/1429
f 263/1662/1427 262/1663/1430 1741/475/1431 1737/472/1428
f 262/1663/1430 261/599/274 1745/1664/1432 1741/475/1431
f 1741/475/1431 1745/1664/1432 1746/478/1433 1742/476/1434
f 261/599/274 27/598/273 333/1646/1410 1745/1664/1432
f 1745/1664/1432 333/1646/1410 334/1648/1412 1746/478/1433
f 1746/478/1433 334/1648/1412 335/1650/1414 1747/479/1435
f 1747/479/1435 335/1650/1414 336/616/292 1748/462/291
f 256/484/1436 255/494/1437 1753/491/1438 1749/485/1439
f 23/588/257 240/1665/1440 1781/530/1441 301/529/1442
f 240/1665/1440 239/1666/1443 1785/535/1444 1781/530/1441
f 239/1666/1443 238/1667/1445 1789/538/1446 1785/535/1444
f 238/1667/1445 237/544/262 1793/541/1447 1789/538/1446
f 296/613/288 1800/1668/1448 308/1556/1316 32/614/289
f 1800/1668/1448 1804/1669/1449 307/1563/1323 308/1556/1316
f 1804/1669/1449 1808/1670/1450 306/1567/1327 307/1563/1323
f 1808/1670/1450 1812/1/1451 305/4/1331 306/1567/1327
f 22/584/253 232/1671/1452 1797/1672/1453 293/1673/1454
f 293/1673/1454 1797/1672/1453 1798/1674/1455 294/1675/1456
f 294/1675/1456 1798/1674/1455 1799/1676/1457 295/1677/1458
f 295/1677/1458 1799/1676/1457 1800/1668/1448 296/613/288
f 232/1671/1452 231/1678/1459 1801/1679/1460 1797/1672/1453
f 1797/1672/1453 1801/1679/1460 1802/1680/1461 1798/1674/1455
f 1798/1674/1455 1802/1680/1461 1803/1681/1462 1799/1676/1457
f 1799/1676/1457 1803/1681/1462 1804/1669/1449 1800/1668/1448
f 231/1678/1459 230/1682/1463 1805/1683/1464 1801/1679/1460
f 1801/1679/1460 1805/1683/1464 1806/1684/1465 1802/1680/1461
f 1802/1680/1461 1806/1684/1465 1807/1685/1466 1803/1681/1462
f 1803/1681/1462 1807/1685/1466 1808/1670/1450 1804/1669/1449
f 230/1682/1463 229/589/258 1809/1686/1467 1805/1683/1464
f 1805/1683/1464 1809/1686/1467 1810/1687/1468 1806/1684/1465
f 1806/1684/1465 1810/1687/1468 1811/545/1469 1807/1685/1466
f 1807/1685/1466 1811/545/1469 1812/1/1451 1808/1670/1450
f 229/589/258 23/588/257 301/529/1442 1809/1686/1467
f 1809/1686/1467 301/529/1442 302/532/1470 1810/1687/1468
f 1810/1687/1468 302/532/1470 303/534/1471 1811/545/1469
f 289/1688/1472 1816/1689/1473 300/1578/1342 31/1577/1341
f 1816/1689/1473 1820/1690/1474 299/1585/1349 300/1578/1342
f 1820/1690/1474 1824/1691/1475 298/1589/1353 299/1585/1349
f 1824/1691/1475 1828/612/287 297/615/290 298/1589/1353
f 21/1692/1476 224/1693/1477 1813/1694/1478 292/1695/1479
f 292/1695/1479 1813/1694/1478 1814/1696/1480 291/1697/1481
f 291/1697/1481 1814/1696/1480 1815/1698/1482 290/1699/1483
f 290/1699/1483 1815/1698/1482 1816/1689/1473 289/1688/1472
f 224/1693/1477 223/1700/1484 1817/1701/1485 1813/1694/1478
f 1813/1694/1478 1817/1701/1485 1818/1702/1486 1814/1696/1480
f 1814/1696/1480 1818/1702/1486 1819/1703/1487 1815/1698/1482
f 1815/1698/1482 1819/1703/1487 1820/1690/1474 1816/1689/1473
f 223/1700/1484 222/1704/1488 1821/1705/1489 1817/1701/1485
f 1817/1701/1485 1821/1705/1489 1822/1706/1490 1818/1702/1486
f 1818/1702/1486 1822/1706/1490 1823/1707/1491 1819/1703/1487
f 1819/1703/1487 1823/1707/1491 1824/1691/1475 1820/1690/1474
f 222/1704/1488 221/585/254 1825/1708/1492 1821/1705/1489
f 1821/1705/1489 1825/1708/1492 1826/1709/1493 1822/1706/1490
f 1822/1706/1490 1826/1709/1493 1827/1710/1494 1823/1707/1491
f 1823/1707/1491 1827/1710/1494 1828/612/287 1824/1691/1475
f 221/585/254 22/584/253 293/1673/1454 1825/1708/1492
f 1825/1708/1492 293/1673/1454 294/1675/1456 1826/1709/1493
f 1826/1709/1493 294/1675/1456 295/1677/1458 1827/1710/1494
f 1827/1710/1494 295/1677/1458 296/613/288 1828/612/287
f 276/605/280 1832/1711/1495 288/1599/1363 29/606/281
f 1832/1711/1495 1836/1712/1496 287/1606/1370 288/1599/1363
f 1836/1712/1496 1840/1713/1497 286/1610/1374 287/1606/1370
f 1840/1713/1497 1844/608/283 285/611/286 286/1610/1374
f 19/576/249 212/1714/1498 1829/1715/1499 273/1716/1500
f 273/1716/1500 1829/1715/1499 1830/1717/1501 274/1718/1502
f 274/1718/1502 1830/1717/1501 1831/1719/1503 275/1720/1504
f 275/1720/1504 1831/1719/1503 1832/1711/1495 276/605/280
f 212/1714/1498 211/1721/1505 1833/1722/1506 1829/1715/1499
f 1829/1715/1499 1833/1722/1506 1834/1723/1507 1830/1717/1501
f 1830/1717/1501 1834/1723/1507 1835/1724/1508 1831/1719/1503
f 1831/1719/1503 1835/1724/1508 1836/1712/1496 1832/1711/1495
f 211/1721/1505 210/1725/1509 1837/1726/1510 1833/1722/1506
f 1833/1722/1506 1837/1726/1510 1838/1727/1511 1834/1723/1507
f 1834/1723/1507 1838/1727/1511 1839/1728/1512 1835/1724/1508
f 1835/1724/1508 1839/1728/1512 1840/1713/1497 1836/1712/1496
f 210/1725/1509 209/581/43 1841/1729/43 1837/1726/1510
f 1837/1726/1510 1841/1729/43 1842/1730/1513 1838/1727/1511
f 1838/1727/1511 1842/1730/1513 1843/1731/1514 1839/1728/1512
f 1839/1728/1512 1843/1731/1514 1844/608/283 1840/1713/1497
f 209/581/43 20/580/43 281/1732/43 1841/1729/43
f 1841/1729/43 281/1732/43 282/1733/1515 1842/1730/1513
f 1842/1730/1513 282/1733/1515 283/1734/1516 1843/1731/1514
f 1843/1731/1514 283/1734/1516 284/609/284 1844/608/283
f 268/601/276 1848/1735/1517 280/1623/1387 28/602/277
f 1848/1735/1517 1852/1736/1518 279/1630/1394 280/1623/1387
f 1852/1736/1518 1856/1737/1519 278/1634/1398 279/1630/1394
f 1856/1737/1519 1860/604/279 277/607/282 278/1634/1398
f 18/572/245 200/1738/1520 1845/1739/1521 265/1740/1522
f 265/1740/1522 1845/1739/1521 1846/1741/1523 266/1742/1524
f 266/1742/1524 1846/1741/1523 1847/1743/1525 267/1744/1526
f 267/1744/1526 1847/1743/1525 1848/1735/1517 268/601/276
f 200/1738/1520 199/1745/1527 1849/1746/1528 1845/1739/1521
f 1845/1739/1521 1849/1746/1528 1850/1747/1529 1846/1741/1523
f 1846/1741/1523 1850/1747/1529 1851/1748/1530 1847/1743/1525
f 1847/1743/1525 1851/1748/1530 1852/1736/1518 1848/1735/1517
f 199/1745/1527 198/1749/1531 1853/1750/1532 1849/1746/1528
f 1849/1746/1528 1853/1750/1532 1854/1751/1533 1850/1747/1529
f 1850/1747/1529 1854/1751/1533 1855/1752/1534 1851/1748/1530
f 1851/1748/1530 1855/1752/1534 1856/1737/1519 1852/1736/1518
f 198/1749/1531 197/577/250 1857/1753/1535 1853/1750/1532
f 1853/1750/1532 1857/1753/1535 1858/1754/1536 1854/1751/1533
f 1854/1751/1533 1858/1754/1536 1859/1755/1537 1855/1752/1534
f 1855/1752/1534 1859/1755/1537 1860/604/279 1856/1737/1519
f 197/577/250 19/576/249 273/1716/1500 1857/1753/1535
f 1857/1753/1535 273/1716/1500 274/1718/1502 1858/1754/1536
f 1858/1754/1536 274/1718/1502 275/1720/1504 1859/1755/1537
f 1859/1755/1537 275/1720/1504 276/605/280 1860/604/279
f 260/597/272 1864/1756/1538 272/1644/1408 27/598/273
f 1864/1756/1538 1868/1757/1539 271/1651/1415 272/1644/1408
f 1868/1757/1539 1872/1758/1540 270/1655/1419 271/1651/1415
f 1872/1758/1540 1876/600/275 269/603/278 270/1655/1419
f 17/568/241 188/1759/1541 1861/1760/1542 257/1761/1543
f 257/1761/1543 1861/1760/1542 1862/1762/1544 258/1763/1545
f 258/1763/1545 1862/1762/1544 1863/1764/1546 259/1765/1547
f 259/1765/1547 1863/1764/1546 1864/1756/1538 260/597/272
f 188/1759/1541 187/1766/1548 1865/1767/1549 1861/1760/1542
f 1861/1760/1542 1865/1767/1549 1866/1768/1550 1862/1762/1544
f 1862/1762/1544 1866/1768/1550 1867/1769/1551 1863/1764/1546
f 1863/1764/1546 1867/1769/1551 1868/1757/1539 1864/1756/1538
f 187/1766/1548 186/1770/1552 1869/1771/1553 1865/1767/1549
f 1865/1767/1549 1869/1771/1553 1870/1772/1554 1866/1768/1550
f 1866/1768/1550 1870/1772/1554 1871/1773/1555 1867/1769/1551
f 1867/1769/1551 1871/1773/1555 1872/1758/1540 1868/1757/1539
f 186/1770/1552 185/573/246 1873/1774/1556 1869/1771/1553
f 1869/1771/1553 1873/1774/1556 1874/1775/1557 1870/1772/1554
f 1870/1772/1554 1874/1775/1557 1875/1776/1558 1871/1773/1555
f 1871/1773/1555 1875/1776/1558 1876/600/275 1872/1758/1540
f 185/573/246 18/572/245 265/1740/1522 1873/1774/1556
f 1873/1774/1556 265/1740/1522 266/1742/1524 1874/1775/1557
f 1874/1775/1557 266/1742/1524 267/1744/1526 1875/1776/1558
f 1875/1776/1558 267/1744/1526 268/601/276 1876/600/275
f 252/595/268 1880/1777/1559 264/465/1426 26/464/269
f 1880/1777/1559 1884/1778/1560 263/1662/1427 264/465/1426
f 1884/1778/1560 1888/1779/1561 262/1663/1430 263/1662/1427
f 1888/1779/1561 1892/596/271 261/599/274 262/1663/1430
f 16/564/237 176/1780/1562 1877/1781/1563 249/1782/1564
f 249/1782/1564 1877/1781/1563 1878/1783/1565 250/1784/1566
f 250/1784/1566 1878/1783/1565 1879/1785/1567 251/1786/1568
f 251/1786/1568 1879/1785/1567 1880/1777/1559 252/595/268
f 176/1780/1562 175/1787/1569 1881/1788/1570 1877/1781/1563
f 1877/1781/1563 1881/1788/1570 1882/1789/1571 1878/1783/1565
f 1878/1783/1565 1882/1789/1571 1883/1790/1572 1879/1785/1567
f 1879/1785/1567 1883/1790/1572 1884/1778/1560 1880/1777/1559
f 175/1787/1569 174/1791/1573 1885/1792/1574 1881/1788/1570
f 1881/1788/1570 1885/1792/1574 1886/1793/1575 1882/1789/1571
f 1882/1789/1571 1886/1793/1575 1887/1794/1576 1883/1790/1572
f 1883/1790/1572 1887/1794/1576 1888/1779/1561 1884/1778/1560
f 174/1791/1573 173/569/242 1889/1795/1577 1885/1792/1574
f 1885/1792/1574 1889/1795/1577 1890/1796/1578 1886/1793/1575
f 1886/1793/1575 1890/1796/1578 1891/1797/1579 1887/1794/1576
f 1887/1794/1576 1891/1797/1579 1892/596/271 1888/1779/1561
f 173/569/242 17/568/241 257/1761/1543 1889/1795/1577
f 1889/1795/1577 257/1761/1543 258/1763/1545 1890/1796/1578
f 1890/1796/1578 258/1763/1545 259/1765/1547 1891/1797/1579
f 1891/1797/1579 259/1765/1547 260/597/272 1892/596/271
f 244/593/264 1896/1798/1580 256/484/1436 25/483/265
f 1896/1798/1580 1900/1799/1581 255/494/1437 256/484/1436
f 1900/1799/1581 1904/1800/1582 254/495/1583 255/494/1437
f 1904/1800/1582 1908/594/267 253/499/270 254/495/1583
f 15/560/233 164/1801/1584 1893/1802/1585 241/1803/1586
f 241/1803/1586 1893/1802/1585 1894/1804/1587 242/1805/1588
f 242/1805/1588 1894/1804/1587 1895/1806/1589 243/1807/1590
f 243/1807/1590 1895/1806/1589 1896/1798/1580 244/593/264
f 164/1801/1584 163/1808/1591 1897/1809/1592 1893/1802/1585
f 1893/1802/1585 1897/1809/1592 1898/1810/1593 1894/1804/1587
f 1894/1804/1587 1898/1810/1593 1899/1811/1594 1895/1806/1589
f 1895/1806/1589 1899/1811/1594 1900/1799/1581 1896/1798/1580
f 163/1808/1591 162/1812/1595 1901/1813/1596 1897/1809/1592
f 1897/1809/1592 1901/1813/1596 1902/1814/1597 1898/1810/1593
f 1898/1810/1593 1902/1814/1597 1903/1815/1598 1899/1811/1594
f 1899/1811/1594 1903/1815/1598 1904/1800/1582 1900/1799/1581
f 162/1812/1595 161/565/238 1905/1816/1599 1901/1813/1596
f 1901/1813/1596 1905/1816/1599 1906/1817/1600 1902/1814/1597
f 1902/1814/1597 1906/1817/1600 1907/1818/1601 1903/1815/1598
f 1903/1815/1598 1907/1818/1601 1908/594/267 1904/1800/1582
f 161/565/238 16/564/237 249/1782/1564 1905/1816/1599
f 1905/1816/1599 249/1782/1564 250/1784/1566 1906/1817/1600
f 1906/1817/1600 250/1784/1566 251/1786/1568 1907/1818/1601
f 1907/1818/1601 251/1786/1568 252/595/268 1908/594/267
f 236/591/260 1912/1819/1602 248/507/1603 24/506/261
f 1912/1819/1602 1916/1820/1604 247/514/1605 248/507/1603
f 1916/1820/1604 1920/1821/1606 246/518/1607 247/514/1605
f 1920/1821/1606 1924/592/263 245/522/266 246/518/1607
f 14/556/229 152/1822/1608 1909/1823/1609 233/1824/1610
f 233/1824/1610 1909/1823/1609 1910/1825/1611 234/1826/1612
f 234/1826/1612 1910/1825/1611 1911/1827/1613 235/1828/1614
f 235/1828/1614 1911/1827/1613 1912/1819/1602 236/591/260
f 152/1822/1608 151/1829/1615 1913/1830/1616 1909/1823/1609
f 1909/1823/1609 1913/1830/1616 1914/1831/1617 1910/1825/1611
f 1910/1825/1611 1914/1831/1617 1915/1832/1618 1911/1827/1613
f 1911/1827/1613 1915/1832/1618 1916/1820/1604 1912/1819/1602
f 151/1829/1615 150/1833/1619 1917/1834/1620 1913/1830/1616
f 1913/1830/1616 1917/1834/1620 1918/1835/1621 1914/1831/1617
f 1914/1831/1617 1918/1835/1621 1919/1836/1622 1915/1832/1618
f 1915/1832/1618 1919/1836/1622 1920/1821/1606 1916/1820/1604
f 150/1833/1619 149/561/234 1921/1837/1623 1917/1834/1620
f 1917/1834/1620 1921/1837/1623 1922/1838/1624 1918/1835/1621
f 1918/1835/1621 1922/1838/1624 1923/1839/1625 1919/1836/1622
f 1919/1836/1622 1923/1839/1625 1924/592/263 1920/1821/1606
f 149/561/234 15/560/233 241/1803/1586 1921/1837/1623
f 1921/1837/1623 241/1803/1586 242/1805/1588 1922/1838/1624
f 1922/1838/1624 242/1805/1588 243/1807/1590 1923/1839/1625
f 1923/1839/1625 243/1807/1590 244/593/264 1924/592/263
f 228/587/256 1928/1840/1626 240/1665/1440 23/588/257
f 1928/1840/1626 1932/1841/1627 239/1666/1443 240/1665/1440
f 1932/1841/1627 1936/1842/1628 238/1667/1445 239/1666/1443
f 1936/1842/1628 1940/590/259 237/544/262 238/1667/1445
f 13/552/225 140/1843/1629 1925/1844/1630 225/1845/1631
f 225/1845/1631 1925/1844/1630 1926/1846/1632 226/1847/1633
f 226/1847/1633 1926/1846/1632 1927/1848/1634 227/1849/1635
f 227/1849/1635 1927/1848/1634 1928/1840/1626 228/587/256
f 140/1843/1629 139/1850/1636 1929/1851/1637 1925/1844/1630
f 1925/1844/1630 1929/1851/1637 1930/1852/1638 1926/1846/1632
f 1926/1846/1632 1930/1852/1638 1931/1853/1639 1927/1848/1634
f 1927/1848/1634 1931/1853/1639 1932/1841/1627 1928/1840/1626
f 139/1850/1636 138/1854/1640 1933/1855/1641 1929/1851/1637
f 1929/1851/1637 1933/1855/1641 1934/1856/1642 1930/1852/1638
f 1930/1852/1638 1934/1856/1642 1935/1857/1643 1931/1853/1639
f 1931/1853/1639 1935/1857/1643 1936/1842/1628 1932/1841/1627
f 138/1854/1640 137/557/230 1937/1858/1644 1933/1855/1641
f 1933/1855/1641 1937/1858/1644 1938/1859/1645 1934/1856/1642
f 1934/1856/1642 1938/1859/1645 1939/1860/1646 1935/1857/1643
f 1935/1857/1643 1939/1860/1646 1940/590/259 1936/1842/1628
f 137/557/230 14/556/229 233/1824/1610 1937/1858/1644
f 1937/1858/1644 233/1824/1610 234/1826/1612 1938/1859/1645
f 1938/1859/1645 234/1826/1612 235/1828/1614 1939/1860/1646
f 1939/1860/1646 235/1828/1614 236/591/260 1940/590/259
f 220/583/252 1944/1861/1647 232/1671/1452 22/584/253
f 1944/1861/1647 1948/1862/1648 231/1678/1459 232/1671/1452
f 1948/1862/1648 1952/1863/1649 230/1682/1463 231/1678/1459
f 1952/1863/1649 1956/586/255 229/589/258 230/1682/1463
f 12/548/221 128/1864/1650 1941/1865/1651 217/1866/1652
f 217/1866/1652 1941/1865/1651 1942/1867/1653 218/1868/1654
f 218/1868/1654 1942/1867/1653 1943/1869/1655 219/1870/1656
f 219/1870/1656 1943/1869/1655 1944/1861/1647 220/583/252
f 128/1864/1650 127/1871/1657 1945/1872/1658 1941/1865/1651
f 1941/1865/1651 1945/1872/1658 1946/1873/1659 1942/1867/1653
f 1942/1867/1653 1946/1873/1659 1947/1874/1660 1943/1869/1655
f 1943/1869/1655 1947/1874/1660 1948/1862/1648 1944/1861/1647
f 127/1871/1657 126/1875/1661 1949/1876/1662 1945/1872/1658
f 1945/1872/1658 1949/1876/1662 1950/1877/1663 1946/1873/1659
f 1946/1873/1659 1950/1877/1663 1951/1878/1664 1947/1874/1660
f 1947/1874/1660 1951/1878/1664 1952/1863/1649 1948/1862/1648
f 126/1875/1661 125/553/226 1953/1879/1665 1949/1876/1662
f 1949/1876/1662 1953/1879/1665 1954/1880/1666 1950/1877/1663
f 1950/1877/1663 1954/1880/1666 1955/1881/1667 1951/1878/1664
f 1951/1878/1664 1955/1881/1667 1956/586/255 1952/1863/1649
f 125/553/226 13/552/225 225/1845/1631 1953/1879/1665
f 1953/1879/1665 225/1845/1631 226/1847/1633 1954/1880/1666
f 1954/1880/1666 226/1847/1633 227/1849/1635 1955/1881/1667
f 1955/1881/1667 227/1849/1635 228/587/256 1956/586/255
f 213/1882/1668 1960/1883/1669 224/1693/1477 21/1692/1476
f 1960/1883/1669 1964/1884/1670 223/1700/1484 224/1693/1477
f 1964/1884/1670 1968/1885/1671 222/1704/1488 223/1700/1484
f 1968/1885/1671 1972/582/251 221/585/254 222/1704/1488
f 11/1886/1672 116/1887/1673 1957/1888/1674 216/1889/1675
f 216/1889/1675 1957/1888/1674 1958/1890/1676 215/1891/1677
f 215/1891/1677 1958/1890/1676 1959/1892/1678 214/1893/1679
f 214/1893/1679 1959/1892/1678 1960/1883/1669 213/1882/1668
f 116/1887/1673 115/1894/1680 1961/1895/1681 1957/1888/1674
f 1957/1888/1674 1961/1895/1681 1962/1896/1682 1958/1890/1676
f 1958/1890/1676 1962/1896/1682 1963/1897/1683 1959/1892/1678
f 1959/1892/1678 1963/1897/1683 1964/1884/1670 1960/1883/1669
f 115/1894/1680 114/1898/1684 1965/1899/1685 1961/1895/1681
f 1961/1895/1681 1965/1899/1685 1966/1900/1686 1962/1896/1682
f 1962/1896/1682 1966/1900/1686 1967/1901/1687 1963/1897/1683
f 1963/1897/1683 1967/1901/1687 1968/1885/1671 1964/1884/1670
f 114/1898/1684 113/549/222 1969/1902/1688 1965/1899/1685
f 1965/1899/1685 1969/1902/1688 1970/1903/1689 1966/1900/1686
f 1966/1900/1686 1970/1903/1689 1971/1904/1690 1967/1901/1687
f 1967/1901/1687 1971/1904/1690 1972/582/251 1968/1885/1671
f 113/549/222 12/548/221 217/1866/1652 1969/1902/1688
f 1969/1902/1688 217/1866/1652 218/1868/1654 1970/1903/1689
f 1970/1903/1689 218/1868/1654 219/1870/1656 1971/1904/1690
f 1971/1904/1690 219/1870/1656 220/583/252 1972/582/251
f 196/575/248 1976/1905/1691 212/1714/1498 19/576/249
f 1976/1905/1691 1980/1906/1692 211/1721/1505 212/1714/1498
f 1980/1906/1692 1984/1907/43 210/1725/1509 211/1721/1505
f 1984/1907/43 1988/578/43 209/581/43 210/1725/1509
f 9/1908/43 201/1909/43 1973/1910/43 193/1911/1693
f 193/1911/1693 1973/1910/43 1974/1912/1694 194/1913/1695
f 194/1913/1695 1974/1912/1694 1975/1914/1696 195/1915/1697
f 195/1915/1697 1975/1914/1696 1976/1905/1691 196/575/248
f 201/1909/43 202/1916/43 1977/1917/43 1973/1910/43
f 1973/1910/43 1977/1917/43 1978/1918/43 1974/1912/1694
f 1974/1912/1694 1978/1918/43 1979/1919/1698 1975/1914/1696
f 1975/1914/1696 1979/1919/1698 1980/1906/1692 1976/1905/1691
f 202/1916/43 203/1920/43 1981/1921/43 1977/1917/43
f 1977/1917/43 1981/1921/43 1982/1922/43 1978/1918/43
f 1978/1918/43 1982/1922/43 1983/1923/43 1979/1919/1698
f 1979/1919/1698 1983/1923/43 1984/1907/43 1980/1906/1692
f 203/1920/43 204/1924/43 1985/1925/43 1981/1921/43
f 1981/1921/43 1985/1925/43 1986/1926/43 1982/1922/43
f 1982/1922/43 1986/1926/43 1987/1927/43 1983/1923/43
f 1983/1923/43 1987/1927/43 1988/578/43 1984/1907/43
f 204/1924/43 10/1928/43 205/1929/43 1985/1925/43
f 1985/1925/43 205/1929/43 206/1930/43 1986/1926/43
f 1986/1926/43 206/1930/43 207/1931/43 1987/1927/43
f 1987/1927/43 207/1931/43 208/579/43 1988/578/43
f 184/571/244 1992/1932/1699 200/1738/1520 18/572/245
f 1992/1932/1699 1996/1933/1700 199/1745/1527 200/1738/1520
f 1996/1933/1700 2000/1934/1701 198/1749/1531 199/1745/1527
f 2000/1934/1701 2004/574/247 197/577/250 198/1749/1531
f 8/1935/1702 189/1936/1703 1989/1937/1704 181/1938/1705
f 181/1938/1705 1989/1937/1704 1990/1939/1706 182/1940/1707
f 182/1940/1707 1990/1939/1706 1991/1941/1708 183/1942/1709
f 183/1942/1709 1991/1941/1708 1992/1932/1699 184/571/244
f 189/1936/1703 190/1943/1710 1993/1944/1711 1989/1937/1704
f 1989/1937/1704 1993/1944/1711 1994/1945/1712 1990/1939/1706
f 1990/1939/1706 1994/1945/1712 1995/1946/1713 1991/1941/1708
f 1991/1941/1708 1995/1946/1713 1996/1933/1700 1992/1932/1699
f 190/1943/1710 191/1947/43 1997/1948/1714 1993/1944/1711
f 1993/1944/1711 1997/1948/1714 1998/1949/1715 1994/1945/1712
f 1994/1945/1712 1998/1949/1715 1999/1950/1716 1995/1946/1713
f 1995/1946/1713 1999/1950/1716 2000/1934/1701 1996/1933/1700
f 191/1947/43 192/1951/43 2001/1952/1717 1997/1948/1714
f 1997/1948/1714 2001/1952/1717 2002/1953/1718 1998/1949/1715
f 1998/1949/1715 2002/1953/1718 2003/1954/1719 1999/1950/1716
f 1999/1950/1716 2003/1954/1719 2004/574/247 2000/1934/1701
f 192/1951/43 9/1908/43 193/1911/1693 2001/1952/1717
f 2001/1952/1717 193/1911/1693 194/1913/1695 2002/1953/1718
f 2002/1953/1718 194/1913/1695 195/1915/1697 2003/1954/1719
f 2003/1954/1719 195/1915/1697 196/575/248 2004/574/247
f 172/567/240 2008/1955/1720 188/1759/1541 17/568/241
f 2008/1955/1720 2012/1956/1721 187/1766/1548 188/1759/1541
f 2012/1956/1721 2016/1957/1722 186/1770/1552 187/1766/1548
f 2016/1957/1722 2020/570/243 185/573/246 186/1770/1552
f 7/1958/1723 177/1959/1724 2005/1960/1725 169/1961/1726
f 169/1961/1726 2005/1960/1725 2006/1962/1727 170/1963/1728
f 170/1963/1728 2006/1962/1727 2007/1964/1729 171/1965/1730
f 171/1965/1730 2007/1964/1729 2008/1955/1720 172/567/240
f 177/1959/1724 178/1966/1731 2009/1967/1732 2005/1960/1725
f 2005/1960/1725 2009/1967/1732 2010/1968/1733 2006/1962/1727
f 2006/1962/1727 2010/1968/1733 2011/1969/1734 2007/1964/1729
f 2007/1964/1729 2011/1969/1734 2012/1956/1721 2008/1955/1720
f 178/1966/1731 179/1970/1735 2013/1971/1736 2009/1967/1732
f 2009/1967/1732 2013/1971/1736 2014/1972/1737 2010/1968/1733
f 2010/1968/1733 2014/1972/1737 2015/1973/1738 2011/1969/1734
f 2011/1969/1734 2015/1973/1738 2016/1957/1722 2012/1956/1721
f 179/1970/1735 180/1974/1739 2017/1975/1740 2013/1971/1736
f 2013/1971/1736 2017/1975/1740 2018/1976/1741 2014/1972/1737
f 2014/1972/1737 2018/1976/1741 2019/1977/1742 2015/1973/1738
f 2015/1973/1738 2019/1977/1742 2020/570/243 2016/1957/1722
f 180/1974/1739 8/1935/1702 181/1938/1705 2017/1975/1740
f 2017/1975/1740 181/1938/1705 182/1940/1707 2018/1976/1741
f 2018/1976/1741 182/1940/1707 183/1942/1709 2019/1977/1742
f 2019/1977/1742 183/1942/1709 184/571/244 2020/570/243
f 160/563/236 2024/1978/1743 176/1780/1562 16/564/237
f 2024/1978/1743 2028/1979/1744 175/1787/1569 176/1780/1562
f 2028/1979/1744 2032/1980/1745 174/1791/1573 175/1787/1569
f 2032/1980/1745 2036/566/239 173/569/242 174/1791/1573
f 6/1981/1746 165/1982/1747 2021/1983/1748 157/1984/1749
f 157/1984/1749 2021/1983/1748 2022/1985/1750 158/1986/1751
f 158/1986/1751 2022/1985/1750 2023/1987/1752 159/1988/1753
f 159/1988/1753 2023/1987/1752 2024/1978/1743 160/563/236
f 165/1982/1747 166/1989/1754 2025/1990/1755 2021/1983/1748
f 2021/1983/1748 2025/1990/1755 2026/1991/1756 2022/1985/1750
f 2022/1985/1750 2026/1991/1756 2027/1992/1757 2023/1987/1752
f 2023/1987/1752 2027/1992/1757 2028/1979/1744 2024/1978/1743
f 166/1989/1754 167/1993/1758 2029/1994/1759 2025/1990/1755
f 2025/1990/1755 2029/1994/1759 2030/1995/1760 2026/1991/1756
f 2026/1991/1756 2030/1995/1760 2031/1996/1761 2027/1992/1757
f 2027/1992/1757 2031/1996/1761 2032/1980/1745 2028/1979/1744
f 167/1993/1758 168/1997/1762 2033/1998/1763 2029/1994/1759
f 2029/1994/1759 2033/1998/1763 2034/1999/1764 2030/1995/1760
f 2030/1995/1760 2034/1999/1764 2035/2000/1765 2031/1996/1761
f 2031/1996/1761 2035/2000/1765 2036/566/239 2032/1980/1745
f 168/1997/1762 7/1958/1723 169/1961/1726 2033/1998/1763
f 2033/1998/1763 169/1961/1726 170/1963/1728 2034/1999/1764
f 2034/1999/1764 170/1963/1728 171/1965/1730 2035/2000/1765
f 2035/2000/1765 171/1965/1730 172/567/240 2036/566/239
f 148/559/232 2040/2001/1766 164/1801/1584 15/560/233
f 2040/2001/1766 2044/2002/1767 163/1808/1591 164/1801/1584
f 2044/2002/1767 2048/2003/1768 162/1812/1595 163/1808/1591
f 2048/2003/1768 2052/562/235 161/565/238 162/1812/1595
f 5/2004/1769 153/2005/1770 2037/2006/1771 145/2007/1772
f 145/2007/1772 2037/2006/1771 2038/2008/1773 146/2009/1774
f 146/2009/1774 2038/2008/1773 2039/2010/1775 147/2011/1776
f 147/2011/1776 2039/2010/1775 2040/2001/1766 148/559/232
f 153/2005/1770 154/2012/1777 2041/2013/1778 2037/2006/1771
f 2037/2006/1771 2041/2013/1778 2042/2014/1779 2038/2008/1773
f 2038/2008/1773 2042/2014/1779 2043/2015/1780 2039/2010/1775
f 2039/2010/1775 2043/2015/1780 2044/2002/1767 2040/2001/1766
f 154/2012/1777 155/2016/1781 2045/2017/1782 2041/2013/1778
f 2041/2013/1778 2045/2017/1782 2046/2018/1783 2042/2014/1779
f 2042/2014/1779 2046/2018/1783 2047/2019/1784 2043/2015/1780
f 2043/2015/1780 2047/2019/1784 2048/2003/1768 2044/2002/1767
f 155/2016/1781 156/2020/1785 2049/2021/1786 2045/2017/1782
f 2045/2017/1782 2049/2021/1786 2050/2022/1787 2046/2018/1783
f 2046/2018/1783 2050/2022/1787 2051/2023/1788 2047/2019/1784
f 2047/2019/1784 2051/2023/1788 2052/562/235 2048/2003/1768
f 156/2020/1785 6/1981/1746 157/1984/1749 2049/2021/1786
f 2049/2021/1786 157/1984/1749 158/1986/1751 2050/2022/1787
f 2050/2022/1787 158/1986/1751 159/1988/1753 2051/2023/1788
f 2051/2023/1788 159/1988/1753 160/563/236 2052/562/235
f 136/555/228 2056/2024/1789 152/1822/1608 14/556/229
f 2056/2024/1789 2060/2025/1790 151/1829/1615 152/1822/1608
f 2060/2025/1790 2064/2026/1791 150/1833/1619 151/1829/1615
f 2064/2026/1791 2068/558/231 149/561/234 150/1833/1619
f 4/2027/1792 141/2028/1793 2053/2029/1794 133/2030/1795
f 133/2030/1795 2053/2029/1794 2054/2031/1796 134/2032/1797
f 134/2032/1797 2054/2031/1796 2055/2033/1798 135/2034/1799
f 135/2034/1799 2055/2033/1798 2056/2024/1789 136/555/228
f 141/2028/1793 142/2035/1800 2057/2036/1801 2053/2029/1794
f 2053/2029/1794 2057/2036/1801 2058/2037/1802 2054/2031/1796
f 2054/2031/1796 2058/2037/1802 2059/2038/1803 2055/2033/1798
f 2055/2033/1798 2059/2038/1803 2060/2025/1790 2056/2024/1789
f 142/2035/1800 143/2039/1804 2061/2040/1805 2057/2036/1801
f 2057/2036/1801 2061/2040/1805 2062/2041/1806 2058/2037/1802
f 2058/2037/1802 2062/2041/1806 2063/2042/1807 2059/2038/1803
f 2059/2038/1803 2063/2042/1807 2064/2026/1791 2060/2025/1790
f 143/2039/1804 144/2043/1808 2065/2044/1809 2061/2040/1805
f 2061/2040/1805 2065/2044/1809 2066/2045/1810 2062/2041/1806
f 2062/2041/1806 2066/2045/1810 2067/2046/1811 2063/2042/1807
f 2063/2042/1807 2067/2046/1811 2068/558/231 2064/2026/1791
f 144/2043/1808 5/2004/1769 145/2007/1772 2065/2044/1809
f 2065/2044/1809 145/2007/1772 146/2009/1774 2066/2045/1810
f 2066/2045/1810 146/2009/1774 147/2011/1776 2067/2046/1811
f 2067/2046/1811 147/2011/1776 148/559/232 2068/558/231
f 124/551/224 2072/2047/1812 140/1843/1629 13/552/225
f 2072/2047/1812 2076/2048/1813 139/1850/1636 140/1843/1629
f 2076/2048/1813 2080/2049/1814 138/1854/1640 139/1850/1636
f 2080/2049/1814 2084/554/227 137/557/230 138/1854/1640
f 3/2050/1815 129/2051/1816 2069/2052/1817 121/2053/1818
f 121/2053/1818 2069/2052/1817 2070/2054/1819 122/2055/1820
f 122/2055/1820 2070/2054/1819 2071/2056/1821 123/2057/1822
f 123/2057/1822 2071/2056/1821 2072/2047/1812 124/551/224
f 129/2051/1816 130/2058/1823 2073/2059/1824 2069/2052/1817
f 2069/2052/1817 2073/2059/1824 2074/2060/1825 2070/2054/1819
f 2070/2054/1819 2074/2060/1825 2075/2061/1826 2071/2056/1821
f 2071/2056/1821 2075/2061/1826 2076/2048/1813 2072/2047/1812
f 130/2058/1823 131/2062/1827 2077/2063/1828 2073/2059/1824
f 2073/2059/1824 2077/2063/1828 2078/2064/1829 2074/2060/1825
f 2074/2060/1825 2078/2064/1829 2079/2065/1830 2075/2061/1826
f 2075/2061/1826 2079/2065/1830 2080/2049/1814 2076/2048/1813
f 131/2062/1827 132/2066/1831 2081/2067/1832 2077/2063/1828
f 2077/2063/1828 2081/2067/1832 2082/2068/1833 2078/2064/1829
f 2078/2064/1829 2082/2068/1833 2083/2069/1834 2079/2065/1830
f 2079/2065/1830 2083/2069/1834 2084/554/227 2080/2049/1814
f 132/2066/1831 4/2027/1792 133/2030/1795 2081/2067/1832
f 2081/2067/1832 133/2030/1795 134/2032/1797 2082/2068/1833
f 2082/2068/1833 134/2032/1797 135/2034/1799 2083/2069/1834
f 2083/2069/1834 135/2034/1799 136/555/228 2084/554/227
f 112/547/220 2088/2070/1835 128/1864/1650 12/548/221
f 2088/2070/1835 2092/2071/1836 127/1871/1657 128/1864/1650
f 2092/2071/1836 2096/2072/1837 126/1875/1661 127/1871/1657
f 2096/2072/1837 2100/550/223 125/553/226 126/1875/1661
f 2/2073/1838 117/2074/1839 2085/2075/1840 109/2076/1841
f 109/2076/1841 2085/2075/1840 2086/2077/1842 110/2078/1843
f 110/2078/1843 2086/2077/1842 2087/2079/1844 111/2080/1845
f 111/2080/1845 2087/2079/1844 2088/2070/1835 112/547/220
f 117/2074/1839 118/2081/1846 2089/2082/1847 2085/2075/1840
f 2085/2075/1840 2089/2082/1847 2090/2083/1848 2086/2077/1842
f 2086/2077/1842 2090/2083/1848 2091/2084/1849 2087/2079/1844
f 2087/2079/1844 2091/2084/1849 2092/2071/1836 2088/2070/1835
f 118/2081/1846 119/2085/1850 2093/2086/1851 2089/2082/1847
f 2089/2082/1847 2093/2086/1851 2094/2087/1852 2090/2083/1848
f 2090/2083/1848 2094/2087/1852 2095/2088/1853 2091/2084/1849
f 2091/2084/1849 2095/2088/1853 2096/2072/1837 2092/2071/1836
f 119/2085/1850 120/2089/1854 2097/2090/1855 2093/2086/1851
f 2093/2086/1851 2097/2090/1855 2098/2091/1856 2094/2087/1852
f 2094/2087/1852 2098/2091/1856 2099/2092/1857 2095/2088/1853
f 2095/2088/1853 2099/2092/1857 2100/550/223 2096/2072/1837
f 120/2089/1854 3/2050/1815 121/2053/1818 2097/2090/1855
f 2097/2090/1855 121/2053/1818 122/2055/1820 2098/2091/1856
f 2098/2091/1856 122/2055/1820 123/2057/1822 2099/2092/1857
f 2099/2092/1857 123/2057/1822 124/551/224 2100/550/223
f 101/2093/1858 2104/2094/1859 116/1887/1673 11/1886/1672
f 2104/2094/1859 2108/2095/1860 115/1894/1680 116/1887/1673
f 2108/2095/1860 2112/2096/1861 114/1898/1684 115/1894/1680
f 2112/2096/1861 2116/546/219 113/549/222 114/1898/1684
f 1/2097/43 105/2098/43 2101/2099/43 104/2100/43
f 104/2100/43 2101/2099/43 2102/2101/1862 103/2102/43
f 103/2102/43 2102/2101/1862 2103/2103/1863 102/2104/1864
f 102/2104/1864 2103/2103/1863 2104/2094/1859 101/2093/1858
f 105/2098/43 106/2105/43 2105/2106/2 2101/2099/43
f 2101/2099/43 2105/2106/2 2106/2107/1865 2102/2101/1862
f 2102/2101/1862 2106/2107/1865 2107/2108/1866 2103/2103/1863
f 2103/2103/1863 2107/2108/1866 2108/2095/1860 2104/2094/1859
f 106/2105/43 107/2109/43 2109/2110/1867 2105/2106/2
f 2105/2106/2 2109/2110/1867 2110/2111/1868 2106/2107/1865
f 2106/2107/1865 2110/2111/1868 2111/2112/1869 2107/2108/1866
f 2107/2108/1866 2111/2112/1869 2112/2096/1861 2108/2095/1860
f 107/2109/43 108/2113/2 2113/2114/1870 2109/2110/1867
f 2109/2110/1867 2113/2114/1870 2114/2115/1871 2110/2111/1868
f 2110/2111/1868 2114/2115/1871 2115/2116/1872 2111/2112/1869
f 2111/2112/1869 2115/2116/1872 2116/546/219 2112/2096/1861
f 108/2113/2 2/2073/1838 109/2076/1841 2113/2114/1870
f 2113/2114/1870 109/2076/1841 110/2078/1843 2114/2115/1871
f 2114/2115/1871 110/2078/1843 111/2080/1845 2115/2116/1872
f 2115/2116/1872 111/2080/1845 112/547/220 2116/546/219
